{"type": "FeatureCollection", "name": "NUTS_LB_2021_4326", "crs": {"type": "name", "properties": {"name": "urn:ogc:def:crs:EPSG::4326"}}, "features": [{"type": "Feature", "properties": {"NUTS_ID": "DEF0", "LAT": 54.08035379, "LON": 9.82116178, "LEVL_CODE": 2, "CNTR_CODE": "DE", "NAME_LATN": "Schleswig-Holstein", "NUTS_NAME": "Schleswig-Holstein", "MOUNT_TYPE": 0, "URBN_TYPE": 0, "COAST_TYPE": 0, "NAME_ENGL": "Germany", "NAME_FREN": "Allemagne", "ISO3_CODE": "DEU", "SVRG_UN": "UN Member State", "CAPT": "Berlin", "EU_STAT": "T", "EFTA_STAT": "F", "CC_STAT": "F", "NAME_GERM": "Deutschland"}, "geometry": {"type": "Point", "coordinates": [9.821161782000047, 54.08035378900007]}}, {"type": "Feature", "properties": {"NUTS_ID": "DEG0", "LAT": 50.90437943, "LON": 11.02176345, "LEVL_CODE": 2, "CNTR_CODE": "DE", "NAME_LATN": "Thüringen", "NUTS_NAME": "Thüringen", "MOUNT_TYPE": 0, "URBN_TYPE": 0, "COAST_TYPE": 0, "NAME_ENGL": "Germany", "NAME_FREN": "Allemagne", "ISO3_CODE": "DEU", "SVRG_UN": "UN Member State", "CAPT": "Berlin", "EU_STAT": "T", "EFTA_STAT": "F", "CC_STAT": "F", "NAME_GERM": "Deutschland"}, "geometry": {"type": "Point", "coordinates": [11.021763453000062, 50.90437942500006]}}, {"type": "Feature", "properties": {"NUTS_ID": "DK01", "LAT": 55.86176691, "LON": 12.32959354, "LEVL_CODE": 2, "CNTR_CODE": "DK", "NAME_LATN": "Hovedstaden", "NUTS_NAME": "Hovedstaden", "MOUNT_TYPE": 0, "URBN_TYPE": 0, "COAST_TYPE": 0, "NAME_ENGL": "Denmark", "NAME_FREN": "Danemark", "ISO3_CODE": "DNK", "SVRG_UN": "UN Member State", "CAPT": "Copenhagen", "EU_STAT": "T", "EFTA_STAT": "F", "CC_STAT": "F", "NAME_GERM": "Dänemark"}, "geometry": {"type": "Point", "coordinates": [12.329593541000065, 55.86176690800005]}}, {"type": "Feature", "properties": {"NUTS_ID": "DK02", "LAT": 55.43764502, "LON": 11.75094722, "LEVL_CODE": 2, "CNTR_CODE": "DK", "NAME_LATN": "Sjælland", "NUTS_NAME": "Sjælland", "MOUNT_TYPE": 0, "URBN_TYPE": 0, "COAST_TYPE": 0, "NAME_ENGL": "Denmark", "NAME_FREN": "Danemark", "ISO3_CODE": "DNK", "SVRG_UN": "UN Member State", "CAPT": "Copenhagen", "EU_STAT": "T", "EFTA_STAT": "F", "CC_STAT": "F", "NAME_GERM": "Dänemark"}, "geometry": {"type": "Point", "coordinates": [11.750947223000026, 55.437645014000054]}}, {"type": "Feature", "properties": {"NUTS_ID": "DK03", "LAT": 55.40383894, "LON": 9.05686234, "LEVL_CODE": 2, "CNTR_CODE": "DK", "NAME_LATN": "Syddanmark", "NUTS_NAME": "Syddanmark", "MOUNT_TYPE": 0, "URBN_TYPE": 0, "COAST_TYPE": 0, "NAME_ENGL": "Denmark", "NAME_FREN": "Danemark", "ISO3_CODE": "DNK", "SVRG_UN": "UN Member State", "CAPT": "Copenhagen", "EU_STAT": "T", "EFTA_STAT": "F", "CC_STAT": "F", "NAME_GERM": "Dänemark"}, "geometry": {"type": "Point", "coordinates": [9.05686233800003, 55.40383893600006]}}, {"type": "Feature", "properties": {"NUTS_ID": "DK04", "LAT": 56.24570765, "LON": 9.39964528, "LEVL_CODE": 2, "CNTR_CODE": "DK", "NAME_LATN": "Midtjylland", "NUTS_NAME": "Midtjylland", "MOUNT_TYPE": 0, "URBN_TYPE": 0, "COAST_TYPE": 0, "NAME_ENGL": "Denmark", "NAME_FREN": "Danemark", "ISO3_CODE": "DNK", "SVRG_UN": "UN Member State", "CAPT": "Copenhagen", "EU_STAT": "T", "EFTA_STAT": "F", "CC_STAT": "F", "NAME_GERM": "Dänemark"}, "geometry": {"type": "Point", "coordinates": [9.399645278000037, 56.245707647000074]}}, {"type": "Feature", "properties": {"NUTS_ID": "DK05", "LAT": 57.27194091, "LON": 9.95296031, "LEVL_CODE": 2, "CNTR_CODE": "DK", "NAME_LATN": "Nordjylland", "NUTS_NAME": "Nordjylland", "MOUNT_TYPE": 0, "URBN_TYPE": 0, "COAST_TYPE": 0, "NAME_ENGL": "Denmark", "NAME_FREN": "Danemark", "ISO3_CODE": "DNK", "SVRG_UN": "UN Member State", "CAPT": "Copenhagen", "EU_STAT": "T", "EFTA_STAT": "F", "CC_STAT": "F", "NAME_GERM": "Dänemark"}, "geometry": {"type": "Point", "coordinates": [9.952960314000052, 57.27194091100006]}}, {"type": "Feature", "properties": {"NUTS_ID": "EE00", "LAT": 58.67092933, "LON": 25.85475978, "LEVL_CODE": 2, "CNTR_CODE": "EE", "NAME_LATN": "Eesti", "NUTS_NAME": "Eesti", "MOUNT_TYPE": 0, "URBN_TYPE": 0, "COAST_TYPE": 0, "NAME_ENGL": "Estonia", "NAME_FREN": "Estonie", "ISO3_CODE": "EST", "SVRG_UN": "UN Member State", "CAPT": "Tallinn", "EU_STAT": "T", "EFTA_STAT": "F", "CC_STAT": "F", "NAME_GERM": "Estland"}, "geometry": {"type": "Point", "coordinates": [25.854759778000073, 58.67092932800006]}}, {"type": "Feature", "properties": {"NUTS_ID": "EL30", "LAT": 38.05480842, "LON": 23.81140982, "LEVL_CODE": 2, "CNTR_CODE": "EL", "NAME_LATN": "Attiki", "NUTS_NAME": "Aττική", "MOUNT_TYPE": 0, "URBN_TYPE": 0, "COAST_TYPE": 0, "NAME_ENGL": "Greece", "NAME_FREN": "Grèce", "ISO3_CODE": "GRC", "SVRG_UN": "UN Member State", "CAPT": "Athens", "EU_STAT": "T", "EFTA_STAT": "F", "CC_STAT": "F", "NAME_GERM": "Griechenland"}, "geometry": {"type": "Point", "coordinates": [23.811409824000066, 38.05480841700006]}}, {"type": "Feature", "properties": {"NUTS_ID": "EL41", "LAT": 39.1973961, "LON": 26.0188863, "LEVL_CODE": 2, "CNTR_CODE": "EL", "NAME_LATN": "Voreio Aigaio", "NUTS_NAME": "Βόρειο Αιγαίο", "MOUNT_TYPE": 0, "URBN_TYPE": 0, "COAST_TYPE": 0, "NAME_ENGL": "Greece", "NAME_FREN": "Grèce", "ISO3_CODE": "GRC", "SVRG_UN": "UN Member State", "CAPT": "Athens", "EU_STAT": "T", "EFTA_STAT": "F", "CC_STAT": "F", "NAME_GERM": "Griechenland"}, "geometry": {"type": "Point", "coordinates": [26.018886295000073, 39.19739609900006]}}, {"type": "Feature", "properties": {"NUTS_ID": "EL42", "LAT": 36.16007585, "LON": 27.91473981, "LEVL_CODE": 2, "CNTR_CODE": "EL", "NAME_LATN": "Notio Aigaio", "NUTS_NAME": "Νότιο Αιγαίο", "MOUNT_TYPE": 0, "URBN_TYPE": 0, "COAST_TYPE": 0, "NAME_ENGL": "Greece", "NAME_FREN": "Grèce", "ISO3_CODE": "GRC", "SVRG_UN": "UN Member State", "CAPT": "Athens", "EU_STAT": "T", "EFTA_STAT": "F", "CC_STAT": "F", "NAME_GERM": "Griechenland"}, "geometry": {"type": "Point", "coordinates": [27.91473981300004, 36.160075851000045]}}, {"type": "Feature", "properties": {"NUTS_ID": "EL43", "LAT": 35.22475729, "LON": 24.82241497, "LEVL_CODE": 2, "CNTR_CODE": "EL", "NAME_LATN": "Kriti", "NUTS_NAME": "Κρήτη", "MOUNT_TYPE": 0, "URBN_TYPE": 0, "COAST_TYPE": 0, "NAME_ENGL": "Greece", "NAME_FREN": "Grèce", "ISO3_CODE": "GRC", "SVRG_UN": "UN Member State", "CAPT": "Athens", "EU_STAT": "T", "EFTA_STAT": "F", "CC_STAT": "F", "NAME_GERM": "Griechenland"}, "geometry": {"type": "Point", "coordinates": [24.822414967000043, 35.224757287000045]}}, {"type": "Feature", "properties": {"NUTS_ID": "EL51", "LAT": 41.07572937, "LON": 25.85027773, "LEVL_CODE": 2, "CNTR_CODE": "EL", "NAME_LATN": "Anatoliki Makedonia, Thraki", "NUTS_NAME": "Aνατολική Μακεδονία, Θράκη", "MOUNT_TYPE": 0, "URBN_TYPE": 0, "COAST_TYPE": 0, "NAME_ENGL": "Greece", "NAME_FREN": "Grèce", "ISO3_CODE": "GRC", "SVRG_UN": "UN Member State", "CAPT": "Athens", "EU_STAT": "T", "EFTA_STAT": "F", "CC_STAT": "F", "NAME_GERM": "Griechenland"}, "geometry": {"type": "Point", "coordinates": [25.85027772600006, 41.075729368000054]}}, {"type": "Feature", "properties": {"NUTS_ID": "EL52", "LAT": 40.78908429, "LON": 22.9126413, "LEVL_CODE": 2, "CNTR_CODE": "EL", "NAME_LATN": "Kentriki Makedonia", "NUTS_NAME": "Κεντρική Μακεδονία", "MOUNT_TYPE": 0, "URBN_TYPE": 0, "COAST_TYPE": 0, "NAME_ENGL": "Greece", "NAME_FREN": "Grèce", "ISO3_CODE": "GRC", "SVRG_UN": "UN Member State", "CAPT": "Athens", "EU_STAT": "T", "EFTA_STAT": "F", "CC_STAT": "F", "NAME_GERM": "Griechenland"}, "geometry": {"type": "Point", "coordinates": [22.91264129700005, 40.78908428500006]}}, {"type": "Feature", "properties": {"NUTS_ID": "EL53", "LAT": 40.36462486, "LON": 21.48750138, "LEVL_CODE": 2, "CNTR_CODE": "EL", "NAME_LATN": "Dytiki Makedonia", "NUTS_NAME": "Δυτική Μακεδονία", "MOUNT_TYPE": 0, "URBN_TYPE": 0, "COAST_TYPE": 0, "NAME_ENGL": "Greece", "NAME_FREN": "Grèce", "ISO3_CODE": "GRC", "SVRG_UN": "UN Member State", "CAPT": "Athens", "EU_STAT": "T", "EFTA_STAT": "F", "CC_STAT": "F", "NAME_GERM": "Griechenland"}, "geometry": {"type": "Point", "coordinates": [21.48750138200006, 40.36462485700008]}}, {"type": "Feature", "properties": {"NUTS_ID": "EL54", "LAT": 39.60392318, "LON": 20.78510002, "LEVL_CODE": 2, "CNTR_CODE": "EL", "NAME_LATN": "Ipeiros", "NUTS_NAME": "Ήπειρος", "MOUNT_TYPE": 0, "URBN_TYPE": 0, "COAST_TYPE": 0, "NAME_ENGL": "Greece", "NAME_FREN": "Grèce", "ISO3_CODE": "GRC", "SVRG_UN": "UN Member State", "CAPT": "Athens", "EU_STAT": "T", "EFTA_STAT": "F", "CC_STAT": "F", "NAME_GERM": "Griechenland"}, "geometry": {"type": "Point", "coordinates": [20.785100017000048, 39.60392317600008]}}, {"type": "Feature", "properties": {"NUTS_ID": "EL61", "LAT": 39.55334735, "LON": 22.14934941, "LEVL_CODE": 2, "CNTR_CODE": "EL", "NAME_LATN": "Thessalia", "NUTS_NAME": "Θεσσαλία", "MOUNT_TYPE": 0, "URBN_TYPE": 0, "COAST_TYPE": 0, "NAME_ENGL": "Greece", "NAME_FREN": "Grèce", "ISO3_CODE": "GRC", "SVRG_UN": "UN Member State", "CAPT": "Athens", "EU_STAT": "T", "EFTA_STAT": "F", "CC_STAT": "F", "NAME_GERM": "Griechenland"}, "geometry": {"type": "Point", "coordinates": [22.149349414000028, 39.553347347000056]}}, {"type": "Feature", "properties": {"NUTS_ID": "EL62", "LAT": 38.24593517, "LON": 20.54588367, "LEVL_CODE": 2, "CNTR_CODE": "EL", "NAME_LATN": "Ionia Nisia", "NUTS_NAME": "Ιόνια Νησιά", "MOUNT_TYPE": 0, "URBN_TYPE": 0, "COAST_TYPE": 0, "NAME_ENGL": "Greece", "NAME_FREN": "Grèce", "ISO3_CODE": "GRC", "SVRG_UN": "UN Member State", "CAPT": "Athens", "EU_STAT": "T", "EFTA_STAT": "F", "CC_STAT": "F", "NAME_GERM": "Griechenland"}, "geometry": {"type": "Point", "coordinates": [20.545883667000055, 38.24593517000005]}}, {"type": "Feature", "properties": {"NUTS_ID": "EL63", "LAT": 37.8708369, "LON": 21.50045878, "LEVL_CODE": 2, "CNTR_CODE": "EL", "NAME_LATN": "Dytiki Elláda", "NUTS_NAME": "Δυτική Ελλάδα", "MOUNT_TYPE": 0, "URBN_TYPE": 0, "COAST_TYPE": 0, "NAME_ENGL": "Greece", "NAME_FREN": "Grèce", "ISO3_CODE": "GRC", "SVRG_UN": "UN Member State", "CAPT": "Athens", "EU_STAT": "T", "EFTA_STAT": "F", "CC_STAT": "F", "NAME_GERM": "Griechenland"}, "geometry": {"type": "Point", "coordinates": [21.500458776000073, 37.870836895000025]}}, {"type": "Feature", "properties": {"NUTS_ID": "EL64", "LAT": 38.55798135, "LON": 22.72473818, "LEVL_CODE": 2, "CNTR_CODE": "EL", "NAME_LATN": "Sterea Elláda", "NUTS_NAME": "Στερεά Ελλάδα", "MOUNT_TYPE": 0, "URBN_TYPE": 0, "COAST_TYPE": 0, "NAME_ENGL": "Greece", "NAME_FREN": "Grèce", "ISO3_CODE": "GRC", "SVRG_UN": "UN Member State", "CAPT": "Athens", "EU_STAT": "T", "EFTA_STAT": "F", "CC_STAT": "F", "NAME_GERM": "Griechenland"}, "geometry": {"type": "Point", "coordinates": [22.724738183000056, 38.557981346000076]}}, {"type": "Feature", "properties": {"NUTS_ID": "EL65", "LAT": 37.39700105, "LON": 22.46304894, "LEVL_CODE": 2, "CNTR_CODE": "EL", "NAME_LATN": "Peloponnisos", "NUTS_NAME": "Πελοπόννησος", "MOUNT_TYPE": 0, "URBN_TYPE": 0, "COAST_TYPE": 0, "NAME_ENGL": "Greece", "NAME_FREN": "Grèce", "ISO3_CODE": "GRC", "SVRG_UN": "UN Member State", "CAPT": "Athens", "EU_STAT": "T", "EFTA_STAT": "F", "CC_STAT": "F", "NAME_GERM": "Griechenland"}, "geometry": {"type": "Point", "coordinates": [22.463048939000032, 37.39700104700006]}}, {"type": "Feature", "properties": {"NUTS_ID": "ES11", "LAT": 42.74312645, "LON": -7.89567427, "LEVL_CODE": 2, "CNTR_CODE": "ES", "NAME_LATN": "Galicia", "NUTS_NAME": "Galicia", "MOUNT_TYPE": 0, "URBN_TYPE": 0, "COAST_TYPE": 0, "NAME_ENGL": "Spain", "NAME_FREN": "Espagne", "ISO3_CODE": "ESP", "SVRG_UN": "UN Member State", "CAPT": "Madrid", "EU_STAT": "T", "EFTA_STAT": "F", "CC_STAT": "F", "NAME_GERM": "Spanien"}, "geometry": {"type": "Point", "coordinates": [-7.895674269999972, 42.743126448000055]}}, {"type": "Feature", "properties": {"NUTS_ID": "ES12", "LAT": 43.30170549, "LON": -5.99724247, "LEVL_CODE": 2, "CNTR_CODE": "ES", "NAME_LATN": "Principado de Asturias", "NUTS_NAME": "Principado de Asturias", "MOUNT_TYPE": 0, "URBN_TYPE": 0, "COAST_TYPE": 0, "NAME_ENGL": "Spain", "NAME_FREN": "Espagne", "ISO3_CODE": "ESP", "SVRG_UN": "UN Member State", "CAPT": "Madrid", "EU_STAT": "T", "EFTA_STAT": "F", "CC_STAT": "F", "NAME_GERM": "Spanien"}, "geometry": {"type": "Point", "coordinates": [-5.997242473999961, 43.301705490000074]}}, {"type": "Feature", "properties": {"NUTS_ID": "ES13", "LAT": 43.18753087, "LON": -4.06060522, "LEVL_CODE": 2, "CNTR_CODE": "ES", "NAME_LATN": "Cantabria", "NUTS_NAME": "Cantabria", "MOUNT_TYPE": 0, "URBN_TYPE": 0, "COAST_TYPE": 0, "NAME_ENGL": "Spain", "NAME_FREN": "Espagne", "ISO3_CODE": "ESP", "SVRG_UN": "UN Member State", "CAPT": "Madrid", "EU_STAT": "T", "EFTA_STAT": "F", "CC_STAT": "F", "NAME_GERM": "Spanien"}, "geometry": {"type": "Point", "coordinates": [-4.060605221999936, 43.18753086700008]}}, {"type": "Feature", "properties": {"NUTS_ID": "ES21", "LAT": 43.06508446, "LON": -2.58634013, "LEVL_CODE": 2, "CNTR_CODE": "ES", "NAME_LATN": "País Vasco", "NUTS_NAME": "País Vasco", "MOUNT_TYPE": 0, "URBN_TYPE": 0, "COAST_TYPE": 0, "NAME_ENGL": "Spain", "NAME_FREN": "Espagne", "ISO3_CODE": "ESP", "SVRG_UN": "UN Member State", "CAPT": "Madrid", "EU_STAT": "T", "EFTA_STAT": "F", "CC_STAT": "F", "NAME_GERM": "Spanien"}, "geometry": {"type": "Point", "coordinates": [-2.586340130999929, 43.06508445700007]}}, {"type": "Feature", "properties": {"NUTS_ID": "ES22", "LAT": 42.71170006, "LON": -1.65081264, "LEVL_CODE": 2, "CNTR_CODE": "ES", "NAME_LATN": "Comunidad Foral de Navarra", "NUTS_NAME": "Comunidad Foral de Navarra", "MOUNT_TYPE": 0, "URBN_TYPE": 0, "COAST_TYPE": 0, "NAME_ENGL": "Spain", "NAME_FREN": "Espagne", "ISO3_CODE": "ESP", "SVRG_UN": "UN Member State", "CAPT": "Madrid", "EU_STAT": "T", "EFTA_STAT": "F", "CC_STAT": "F", "NAME_GERM": "Spanien"}, "geometry": {"type": "Point", "coordinates": [-1.650812641999948, 42.71170005600004]}}, {"type": "Feature", "properties": {"NUTS_ID": "ES23", "LAT": 42.31321683, "LON": -2.43323908, "LEVL_CODE": 2, "CNTR_CODE": "ES", "NAME_LATN": "La Rioja", "NUTS_NAME": "La Rioja", "MOUNT_TYPE": 0, "URBN_TYPE": 0, "COAST_TYPE": 0, "NAME_ENGL": "Spain", "NAME_FREN": "Espagne", "ISO3_CODE": "ESP", "SVRG_UN": "UN Member State", "CAPT": "Madrid", "EU_STAT": "T", "EFTA_STAT": "F", "CC_STAT": "F", "NAME_GERM": "Spanien"}, "geometry": {"type": "Point", "coordinates": [-2.433239081999943, 42.31321682500004]}}, {"type": "Feature", "properties": {"NUTS_ID": "ES24", "LAT": 41.50703675, "LON": -0.67506884, "LEVL_CODE": 2, "CNTR_CODE": "ES", "NAME_LATN": "Aragón", "NUTS_NAME": "Aragón", "MOUNT_TYPE": 0, "URBN_TYPE": 0, "COAST_TYPE": 0, "NAME_ENGL": "Spain", "NAME_FREN": "Espagne", "ISO3_CODE": "ESP", "SVRG_UN": "UN Member State", "CAPT": "Madrid", "EU_STAT": "T", "EFTA_STAT": "F", "CC_STAT": "F", "NAME_GERM": "Spanien"}, "geometry": {"type": "Point", "coordinates": [-0.675068838999948, 41.50703675300008]}}, {"type": "Feature", "properties": {"NUTS_ID": "ES30", "LAT": 40.50075956, "LON": -3.71193633, "LEVL_CODE": 2, "CNTR_CODE": "ES", "NAME_LATN": "Comunidad de Madrid", "NUTS_NAME": "Comunidad de Madrid", "MOUNT_TYPE": 0, "URBN_TYPE": 0, "COAST_TYPE": 0, "NAME_ENGL": "Spain", "NAME_FREN": "Espagne", "ISO3_CODE": "ESP", "SVRG_UN": "UN Member State", "CAPT": "Madrid", "EU_STAT": "T", "EFTA_STAT": "F", "CC_STAT": "F", "NAME_GERM": "Spanien"}, "geometry": {"type": "Point", "coordinates": [-3.711936334999962, 40.50075956200004]}}, {"type": "Feature", "properties": {"NUTS_ID": "ES41", "LAT": 41.74473159, "LON": -4.81721314, "LEVL_CODE": 2, "CNTR_CODE": "ES", "NAME_LATN": "Castilla y León", "NUTS_NAME": "Castilla y León", "MOUNT_TYPE": 0, "URBN_TYPE": 0, "COAST_TYPE": 0, "NAME_ENGL": "Spain", "NAME_FREN": "Espagne", "ISO3_CODE": "ESP", "SVRG_UN": "UN Member State", "CAPT": "Madrid", "EU_STAT": "T", "EFTA_STAT": "F", "CC_STAT": "F", "NAME_GERM": "Spanien"}, "geometry": {"type": "Point", "coordinates": [-4.817213139999978, 41.74473159000007]}}, {"type": "Feature", "properties": {"NUTS_ID": "ES42", "LAT": 39.27477217, "LON": -3.13575742, "LEVL_CODE": 2, "CNTR_CODE": "ES", "NAME_LATN": "Castilla-La Mancha", "NUTS_NAME": "Castilla-La Mancha", "MOUNT_TYPE": 0, "URBN_TYPE": 0, "COAST_TYPE": 0, "NAME_ENGL": "Spain", "NAME_FREN": "Espagne", "ISO3_CODE": "ESP", "SVRG_UN": "UN Member State", "CAPT": "Madrid", "EU_STAT": "T", "EFTA_STAT": "F", "CC_STAT": "F", "NAME_GERM": "Spanien"}, "geometry": {"type": "Point", "coordinates": [-3.135757423999962, 39.27477217200004]}}, {"type": "Feature", "properties": {"NUTS_ID": "ES43", "LAT": 39.18924872, "LON": -6.16014946, "LEVL_CODE": 2, "CNTR_CODE": "ES", "NAME_LATN": "Extremadura", "NUTS_NAME": "Extremadura", "MOUNT_TYPE": 0, "URBN_TYPE": 0, "COAST_TYPE": 0, "NAME_ENGL": "Spain", "NAME_FREN": "Espagne", "ISO3_CODE": "ESP", "SVRG_UN": "UN Member State", "CAPT": "Madrid", "EU_STAT": "T", "EFTA_STAT": "F", "CC_STAT": "F", "NAME_GERM": "Spanien"}, "geometry": {"type": "Point", "coordinates": [-6.160149455999942, 39.189248718000044]}}, {"type": "Feature", "properties": {"NUTS_ID": "ES51", "LAT": 41.80053465, "LON": 1.5077683, "LEVL_CODE": 2, "CNTR_CODE": "ES", "NAME_LATN": "Cataluña", "NUTS_NAME": "Cataluña", "MOUNT_TYPE": 0, "URBN_TYPE": 0, "COAST_TYPE": 0, "NAME_ENGL": "Spain", "NAME_FREN": "Espagne", "ISO3_CODE": "ESP", "SVRG_UN": "UN Member State", "CAPT": "Madrid", "EU_STAT": "T", "EFTA_STAT": "F", "CC_STAT": "F", "NAME_GERM": "Spanien"}, "geometry": {"type": "Point", "coordinates": [1.507768301000056, 41.80053464800005]}}, {"type": "Feature", "properties": {"NUTS_ID": "ES52", "LAT": 39.39450827, "LON": -0.53995233, "LEVL_CODE": 2, "CNTR_CODE": "ES", "NAME_LATN": "Comunitat Valenciana", "NUTS_NAME": "Comunitat Valenciana", "MOUNT_TYPE": 0, "URBN_TYPE": 0, "COAST_TYPE": 0, "NAME_ENGL": "Spain", "NAME_FREN": "Espagne", "ISO3_CODE": "ESP", "SVRG_UN": "UN Member State", "CAPT": "Madrid", "EU_STAT": "T", "EFTA_STAT": "F", "CC_STAT": "F", "NAME_GERM": "Spanien"}, "geometry": {"type": "Point", "coordinates": [-0.53995232699998, 39.39450827300004]}}, {"type": "Feature", "properties": {"NUTS_ID": "ES53", "LAT": 39.60745457, "LON": 2.96338422, "LEVL_CODE": 2, "CNTR_CODE": "ES", "NAME_LATN": "Illes Balears", "NUTS_NAME": "Illes Balears", "MOUNT_TYPE": 0, "URBN_TYPE": 0, "COAST_TYPE": 0, "NAME_ENGL": "Spain", "NAME_FREN": "Espagne", "ISO3_CODE": "ESP", "SVRG_UN": "UN Member State", "CAPT": "Madrid", "EU_STAT": "T", "EFTA_STAT": "F", "CC_STAT": "F", "NAME_GERM": "Spanien"}, "geometry": {"type": "Point", "coordinates": [2.963384221000069, 39.607454569000026]}}, {"type": "Feature", "properties": {"NUTS_ID": "ES61", "LAT": 37.46072717, "LON": -4.58036958, "LEVL_CODE": 2, "CNTR_CODE": "ES", "NAME_LATN": "Andalucía", "NUTS_NAME": "Andalucía", "MOUNT_TYPE": 0, "URBN_TYPE": 0, "COAST_TYPE": 0, "NAME_ENGL": "Spain", "NAME_FREN": "Espagne", "ISO3_CODE": "ESP", "SVRG_UN": "UN Member State", "CAPT": "Madrid", "EU_STAT": "T", "EFTA_STAT": "F", "CC_STAT": "F", "NAME_GERM": "Spanien"}, "geometry": {"type": "Point", "coordinates": [-4.580369581999946, 37.46072716500004]}}, {"type": "Feature", "properties": {"NUTS_ID": "ES62", "LAT": 37.99989479, "LON": -1.49074216, "LEVL_CODE": 2, "CNTR_CODE": "ES", "NAME_LATN": "Región de Murcia", "NUTS_NAME": "Región de Murcia", "MOUNT_TYPE": 0, "URBN_TYPE": 0, "COAST_TYPE": 0, "NAME_ENGL": "Spain", "NAME_FREN": "Espagne", "ISO3_CODE": "ESP", "SVRG_UN": "UN Member State", "CAPT": "Madrid", "EU_STAT": "T", "EFTA_STAT": "F", "CC_STAT": "F", "NAME_GERM": "Spanien"}, "geometry": {"type": "Point", "coordinates": [-1.490742157999932, 37.99989478600003]}}, {"type": "Feature", "properties": {"NUTS_ID": "ES63", "LAT": 35.89579899, "LON": -5.35427897, "LEVL_CODE": 2, "CNTR_CODE": "ES", "NAME_LATN": "Ciudad de Ceuta", "NUTS_NAME": "Ciudad de Ceuta", "MOUNT_TYPE": 0, "URBN_TYPE": 0, "COAST_TYPE": 0, "NAME_ENGL": "Spain", "NAME_FREN": "Espagne", "ISO3_CODE": "ESP", "SVRG_UN": "UN Member State", "CAPT": "Madrid", "EU_STAT": "T", "EFTA_STAT": "F", "CC_STAT": "F", "NAME_GERM": "Spanien"}, "geometry": {"type": "Point", "coordinates": [-5.35427896799996, 35.895798984000066]}}, {"type": "Feature", "properties": {"NUTS_ID": "ES64", "LAT": 35.29695438, "LON": -2.95093216, "LEVL_CODE": 2, "CNTR_CODE": "ES", "NAME_LATN": "Ciudad de Melilla", "NUTS_NAME": "Ciudad de Melilla", "MOUNT_TYPE": 0, "URBN_TYPE": 0, "COAST_TYPE": 0, "NAME_ENGL": "Spain", "NAME_FREN": "Espagne", "ISO3_CODE": "ESP", "SVRG_UN": "UN Member State", "CAPT": "Madrid", "EU_STAT": "T", "EFTA_STAT": "F", "CC_STAT": "F", "NAME_GERM": "Spanien"}, "geometry": {"type": "Point", "coordinates": [-2.950932161999958, 35.296954381000035]}}, {"type": "Feature", "properties": {"NUTS_ID": "ES70", "LAT": 28.24565523, "LON": -16.56457526, "LEVL_CODE": 2, "CNTR_CODE": "ES", "NAME_LATN": "Canarias", "NUTS_NAME": "Canarias", "MOUNT_TYPE": 0, "URBN_TYPE": 0, "COAST_TYPE": 0, "NAME_ENGL": "Spain", "NAME_FREN": "Espagne", "ISO3_CODE": "ESP", "SVRG_UN": "UN Member State", "CAPT": "Madrid", "EU_STAT": "T", "EFTA_STAT": "F", "CC_STAT": "F", "NAME_GERM": "Spanien"}, "geometry": {"type": "Point", "coordinates": [-16.564575257999934, 28.245655233000036]}}, {"type": "Feature", "properties": {"NUTS_ID": "FI19", "LAT": 62.32219659, "LON": 23.71421543, "LEVL_CODE": 2, "CNTR_CODE": "FI", "NAME_LATN": "Länsi-Suomi", "NUTS_NAME": "Länsi-Suomi", "MOUNT_TYPE": 0, "URBN_TYPE": 0, "COAST_TYPE": 0, "NAME_ENGL": "Finland", "NAME_FREN": "Finlande", "ISO3_CODE": "FIN", "SVRG_UN": "UN Member State", "CAPT": "Helsinki", "EU_STAT": "T", "EFTA_STAT": "F", "CC_STAT": "F", "NAME_GERM": "Finnland"}, "geometry": {"type": "Point", "coordinates": [23.714215427000056, 62.322196587000064]}}, {"type": "Feature", "properties": {"NUTS_ID": "FI1B", "LAT": 60.38174107, "LON": 24.75117377, "LEVL_CODE": 2, "CNTR_CODE": "FI", "NAME_LATN": "Helsinki-Uusimaa", "NUTS_NAME": "Helsinki-Uusimaa", "MOUNT_TYPE": 0, "URBN_TYPE": 0, "COAST_TYPE": 0, "NAME_ENGL": "Finland", "NAME_FREN": "Finlande", "ISO3_CODE": "FIN", "SVRG_UN": "UN Member State", "CAPT": "Helsinki", "EU_STAT": "T", "EFTA_STAT": "F", "CC_STAT": "F", "NAME_GERM": "Finnland"}, "geometry": {"type": "Point", "coordinates": [24.75117376600008, 60.38174106400004]}}, {"type": "Feature", "properties": {"NUTS_ID": "FI1C", "LAT": 61.22250608, "LON": 25.70124515, "LEVL_CODE": 2, "CNTR_CODE": "FI", "NAME_LATN": "Etelä-Suomi", "NUTS_NAME": "Etelä-Suomi", "MOUNT_TYPE": 0, "URBN_TYPE": 0, "COAST_TYPE": 0, "NAME_ENGL": "Finland", "NAME_FREN": "Finlande", "ISO3_CODE": "FIN", "SVRG_UN": "UN Member State", "CAPT": "Helsinki", "EU_STAT": "T", "EFTA_STAT": "F", "CC_STAT": "F", "NAME_GERM": "Finnland"}, "geometry": {"type": "Point", "coordinates": [25.701245148000055, 61.22250607600006]}}, {"type": "Feature", "properties": {"NUTS_ID": "FI1D", "LAT": 65.63660849, "LON": 27.08436049, "LEVL_CODE": 2, "CNTR_CODE": "FI", "NAME_LATN": "Pohjois- ja Itä-Suomi", "NUTS_NAME": "Pohjois- ja Itä-Suomi", "MOUNT_TYPE": 0, "URBN_TYPE": 0, "COAST_TYPE": 0, "NAME_ENGL": "Finland", "NAME_FREN": "Finlande", "ISO3_CODE": "FIN", "SVRG_UN": "UN Member State", "CAPT": "Helsinki", "EU_STAT": "T", "EFTA_STAT": "F", "CC_STAT": "F", "NAME_GERM": "Finnland"}, "geometry": {"type": "Point", "coordinates": [27.08436049000005, 65.63660848900008]}}, {"type": "Feature", "properties": {"NUTS_ID": "FI20", "LAT": 60.26531756, "LON": 20.09312761, "LEVL_CODE": 2, "CNTR_CODE": "FI", "NAME_LATN": "Åland", "NUTS_NAME": "Åland", "MOUNT_TYPE": 0, "URBN_TYPE": 0, "COAST_TYPE": 0, "NAME_ENGL": "Finland", "NAME_FREN": "Finlande", "ISO3_CODE": "FIN", "SVRG_UN": "UN Member State", "CAPT": "Helsinki", "EU_STAT": "T", "EFTA_STAT": "F", "CC_STAT": "F", "NAME_GERM": "Finnland"}, "geometry": {"type": "Point", "coordinates": [20.093127609000078, 60.265317561000074]}}, {"type": "Feature", "properties": {"NUTS_ID": "FR10", "LAT": 48.7196227, "LON": 2.52339948, "LEVL_CODE": 2, "CNTR_CODE": "FR", "NAME_LATN": "Ile-de-France", "NUTS_NAME": "Ile-de-France", "MOUNT_TYPE": 0, "URBN_TYPE": 0, "COAST_TYPE": 0, "NAME_ENGL": "France", "NAME_FREN": "France", "ISO3_CODE": "FRA", "SVRG_UN": "UN Member State", "CAPT": "Paris", "EU_STAT": "T", "EFTA_STAT": "F", "CC_STAT": "F", "NAME_GERM": "Frankreich"}, "geometry": {"type": "Point", "coordinates": [2.52339947400003, 48.71962269800008]}}, {"type": "Feature", "properties": {"NUTS_ID": "FRB0", "LAT": 47.48105231, "LON": 1.67758589, "LEVL_CODE": 2, "CNTR_CODE": "FR", "NAME_LATN": "Centre — Val de Loire", "NUTS_NAME": "Centre — Val de Loire", "MOUNT_TYPE": 0, "URBN_TYPE": 0, "COAST_TYPE": 0, "NAME_ENGL": "France", "NAME_FREN": "France", "ISO3_CODE": "FRA", "SVRG_UN": "UN Member State", "CAPT": "Paris", "EU_STAT": "T", "EFTA_STAT": "F", "CC_STAT": "F", "NAME_GERM": "Frankreich"}, "geometry": {"type": "Point", "coordinates": [1.677585891000035, 47.48105230700003]}}, {"type": "Feature", "properties": {"NUTS_ID": "FRC1", "LAT": 47.25365803, "LON": 4.15307104, "LEVL_CODE": 2, "CNTR_CODE": "FR", "NAME_LATN": "Bourgogne", "NUTS_NAME": "Bourgogne", "MOUNT_TYPE": 0, "URBN_TYPE": 0, "COAST_TYPE": 0, "NAME_ENGL": "France", "NAME_FREN": "France", "ISO3_CODE": "FRA", "SVRG_UN": "UN Member State", "CAPT": "Paris", "EU_STAT": "T", "EFTA_STAT": "F", "CC_STAT": "F", "NAME_GERM": "Frankreich"}, "geometry": {"type": "Point", "coordinates": [4.153071043000068, 47.253658028000075]}}, {"type": "Feature", "properties": {"NUTS_ID": "FRC2", "LAT": 47.19715929, "LON": 6.07954139, "LEVL_CODE": 2, "CNTR_CODE": "FR", "NAME_LATN": "Franche-Comté", "NUTS_NAME": "Franche-Comté", "MOUNT_TYPE": 0, "URBN_TYPE": 0, "COAST_TYPE": 0, "NAME_ENGL": "France", "NAME_FREN": "France", "ISO3_CODE": "FRA", "SVRG_UN": "UN Member State", "CAPT": "Paris", "EU_STAT": "T", "EFTA_STAT": "F", "CC_STAT": "F", "NAME_GERM": "Frankreich"}, "geometry": {"type": "Point", "coordinates": [6.079541395000035, 47.19715929200004]}}, {"type": "Feature", "properties": {"NUTS_ID": "FRD1", "LAT": 48.90923658, "LON": -0.47420568, "LEVL_CODE": 2, "CNTR_CODE": "FR", "NAME_LATN": "Basse-Normandie", "NUTS_NAME": "Basse-Normandie", "MOUNT_TYPE": 0, "URBN_TYPE": 0, "COAST_TYPE": 0, "NAME_ENGL": "France", "NAME_FREN": "France", "ISO3_CODE": "FRA", "SVRG_UN": "UN Member State", "CAPT": "Paris", "EU_STAT": "T", "EFTA_STAT": "F", "CC_STAT": "F", "NAME_GERM": "Frankreich"}, "geometry": {"type": "Point", "coordinates": [-0.474205680999944, 48.90923657800005]}}, {"type": "Feature", "properties": {"NUTS_ID": "FRD2", "LAT": 49.3909499, "LON": 1.02858087, "LEVL_CODE": 2, "CNTR_CODE": "FR", "NAME_LATN": "Haute-Normandie", "NUTS_NAME": "Haute-Normandie", "MOUNT_TYPE": 0, "URBN_TYPE": 0, "COAST_TYPE": 0, "NAME_ENGL": "France", "NAME_FREN": "France", "ISO3_CODE": "FRA", "SVRG_UN": "UN Member State", "CAPT": "Paris", "EU_STAT": "T", "EFTA_STAT": "F", "CC_STAT": "F", "NAME_GERM": "Frankreich"}, "geometry": {"type": "Point", "coordinates": [1.028580870000042, 49.390949902000045]}}, {"type": "Feature", "properties": {"NUTS_ID": "FRE1", "LAT": 50.47890315, "LON": 2.70978517, "LEVL_CODE": 2, "CNTR_CODE": "FR", "NAME_LATN": "Nord-Pas de Calais", "NUTS_NAME": "Nord-Pas de Calais", "MOUNT_TYPE": 0, "URBN_TYPE": 0, "COAST_TYPE": 0, "NAME_ENGL": "France", "NAME_FREN": "France", "ISO3_CODE": "FRA", "SVRG_UN": "UN Member State", "CAPT": "Paris", "EU_STAT": "T", "EFTA_STAT": "F", "CC_STAT": "F", "NAME_GERM": "Frankreich"}, "geometry": {"type": "Point", "coordinates": [2.709785174000046, 50.47890314600005]}}, {"type": "Feature", "properties": {"NUTS_ID": "FRE2", "LAT": 49.64057602, "LON": 2.79986618, "LEVL_CODE": 2, "CNTR_CODE": "FR", "NAME_LATN": "Picardie", "NUTS_NAME": "Picardie", "MOUNT_TYPE": 0, "URBN_TYPE": 0, "COAST_TYPE": 0, "NAME_ENGL": "France", "NAME_FREN": "France", "ISO3_CODE": "FRA", "SVRG_UN": "UN Member State", "CAPT": "Paris", "EU_STAT": "T", "EFTA_STAT": "F", "CC_STAT": "F", "NAME_GERM": "Frankreich"}, "geometry": {"type": "Point", "coordinates": [2.799866175000034, 49.64057602200006]}}, {"type": "Feature", "properties": {"NUTS_ID": "FRF1", "LAT": 48.31826143, "LON": 7.45148233, "LEVL_CODE": 2, "CNTR_CODE": "FR", "NAME_LATN": "Alsace", "NUTS_NAME": "Alsace", "MOUNT_TYPE": 0, "URBN_TYPE": 0, "COAST_TYPE": 0, "NAME_ENGL": "France", "NAME_FREN": "France", "ISO3_CODE": "FRA", "SVRG_UN": "UN Member State", "CAPT": "Paris", "EU_STAT": "T", "EFTA_STAT": "F", "CC_STAT": "F", "NAME_GERM": "Frankreich"}, "geometry": {"type": "Point", "coordinates": [7.451482332000069, 48.31826142800003]}}, {"type": "Feature", "properties": {"NUTS_ID": "FRF2", "LAT": 48.74349198, "LON": 4.53867037, "LEVL_CODE": 2, "CNTR_CODE": "FR", "NAME_LATN": "Champagne-Ardenne", "NUTS_NAME": "Champagne-Ardenne", "MOUNT_TYPE": 0, "URBN_TYPE": 0, "COAST_TYPE": 0, "NAME_ENGL": "France", "NAME_FREN": "France", "ISO3_CODE": "FRA", "SVRG_UN": "UN Member State", "CAPT": "Paris", "EU_STAT": "T", "EFTA_STAT": "F", "CC_STAT": "F", "NAME_GERM": "Frankreich"}, "geometry": {"type": "Point", "coordinates": [4.538670371000023, 48.74349197400005]}}, {"type": "Feature", "properties": {"NUTS_ID": "FRF3", "LAT": 48.75497335, "LON": 6.13590511, "LEVL_CODE": 2, "CNTR_CODE": "FR", "NAME_LATN": "Lorraine", "NUTS_NAME": "Lorraine", "MOUNT_TYPE": 0, "URBN_TYPE": 0, "COAST_TYPE": 0, "NAME_ENGL": "France", "NAME_FREN": "France", "ISO3_CODE": "FRA", "SVRG_UN": "UN Member State", "CAPT": "Paris", "EU_STAT": "T", "EFTA_STAT": "F", "CC_STAT": "F", "NAME_GERM": "Frankreich"}, "geometry": {"type": "Point", "coordinates": [6.135905113000035, 48.75497334900007]}}, {"type": "Feature", "properties": {"NUTS_ID": "FRG0", "LAT": 47.49357496, "LON": -0.79587028, "LEVL_CODE": 2, "CNTR_CODE": "FR", "NAME_LATN": "Pays de la Loire", "NUTS_NAME": "Pays de la Loire", "MOUNT_TYPE": 0, "URBN_TYPE": 0, "COAST_TYPE": 0, "NAME_ENGL": "France", "NAME_FREN": "France", "ISO3_CODE": "FRA", "SVRG_UN": "UN Member State", "CAPT": "Paris", "EU_STAT": "T", "EFTA_STAT": "F", "CC_STAT": "F", "NAME_GERM": "Frankreich"}, "geometry": {"type": "Point", "coordinates": [-0.795870281999953, 47.493574960000046]}}, {"type": "Feature", "properties": {"NUTS_ID": "FRH0", "LAT": 48.1657068, "LON": -2.78834184, "LEVL_CODE": 2, "CNTR_CODE": "FR", "NAME_LATN": "Bretagne", "NUTS_NAME": "Bretagne", "MOUNT_TYPE": 0, "URBN_TYPE": 0, "COAST_TYPE": 0, "NAME_ENGL": "France", "NAME_FREN": "France", "ISO3_CODE": "FRA", "SVRG_UN": "UN Member State", "CAPT": "Paris", "EU_STAT": "T", "EFTA_STAT": "F", "CC_STAT": "F", "NAME_GERM": "Frankreich"}, "geometry": {"type": "Point", "coordinates": [-2.788341840999976, 48.165706801000056]}}, {"type": "Feature", "properties": {"NUTS_ID": "FRI1", "LAT": 44.36937012, "LON": -0.21861736, "LEVL_CODE": 2, "CNTR_CODE": "FR", "NAME_LATN": "Aquitaine", "NUTS_NAME": "Aquitaine", "MOUNT_TYPE": 0, "URBN_TYPE": 0, "COAST_TYPE": 0, "NAME_ENGL": "France", "NAME_FREN": "France", "ISO3_CODE": "FRA", "SVRG_UN": "UN Member State", "CAPT": "Paris", "EU_STAT": "T", "EFTA_STAT": "F", "CC_STAT": "F", "NAME_GERM": "Frankreich"}, "geometry": {"type": "Point", "coordinates": [-0.218617363999954, 44.36937011400005]}}, {"type": "Feature", "properties": {"NUTS_ID": "FRI2", "LAT": 45.76916454, "LON": 1.72037105, "LEVL_CODE": 2, "CNTR_CODE": "FR", "NAME_LATN": "Limousin", "NUTS_NAME": "Limousin", "MOUNT_TYPE": 0, "URBN_TYPE": 0, "COAST_TYPE": 0, "NAME_ENGL": "France", "NAME_FREN": "France", "ISO3_CODE": "FRA", "SVRG_UN": "UN Member State", "CAPT": "Paris", "EU_STAT": "T", "EFTA_STAT": "F", "CC_STAT": "F", "NAME_GERM": "Frankreich"}, "geometry": {"type": "Point", "coordinates": [1.720371054000054, 45.76916453800004]}}, {"type": "Feature", "properties": {"NUTS_ID": "FRI3", "LAT": 46.16435183, "LON": -0.06688773, "LEVL_CODE": 2, "CNTR_CODE": "FR", "NAME_LATN": "Poitou-Charentes", "NUTS_NAME": "Poitou-Charentes", "MOUNT_TYPE": 0, "URBN_TYPE": 0, "COAST_TYPE": 0, "NAME_ENGL": "France", "NAME_FREN": "France", "ISO3_CODE": "FRA", "SVRG_UN": "UN Member State", "CAPT": "Paris", "EU_STAT": "T", "EFTA_STAT": "F", "CC_STAT": "F", "NAME_GERM": "Frankreich"}, "geometry": {"type": "Point", "coordinates": [-0.066887731999941, 46.16435182500004]}}, {"type": "Feature", "properties": {"NUTS_ID": "FRJ1", "LAT": 43.60726219, "LON": 3.24998127, "LEVL_CODE": 2, "CNTR_CODE": "FR", "NAME_LATN": "Languedoc-Roussillon", "NUTS_NAME": "Languedoc-Roussillon", "MOUNT_TYPE": 0, "URBN_TYPE": 0, "COAST_TYPE": 0, "NAME_ENGL": "France", "NAME_FREN": "France", "ISO3_CODE": "FRA", "SVRG_UN": "UN Member State", "CAPT": "Paris", "EU_STAT": "T", "EFTA_STAT": "F", "CC_STAT": "F", "NAME_GERM": "Frankreich"}, "geometry": {"type": "Point", "coordinates": [3.249981269000045, 43.607262185000025]}}, {"type": "Feature", "properties": {"NUTS_ID": "FRJ2", "LAT": 43.77102809, "LON": 1.49110103, "LEVL_CODE": 2, "CNTR_CODE": "FR", "NAME_LATN": "Midi-Pyrénées", "NUTS_NAME": "Midi-Pyrénées", "MOUNT_TYPE": 0, "URBN_TYPE": 0, "COAST_TYPE": 0, "NAME_ENGL": "France", "NAME_FREN": "France", "ISO3_CODE": "FRA", "SVRG_UN": "UN Member State", "CAPT": "Paris", "EU_STAT": "T", "EFTA_STAT": "F", "CC_STAT": "F", "NAME_GERM": "Frankreich"}, "geometry": {"type": "Point", "coordinates": [1.491101034000053, 43.77102808700005]}}, {"type": "Feature", "properties": {"NUTS_ID": "FRK1", "LAT": 45.66113733, "LON": 3.15837976, "LEVL_CODE": 2, "CNTR_CODE": "FR", "NAME_LATN": "Auvergne", "NUTS_NAME": "Auvergne", "MOUNT_TYPE": 0, "URBN_TYPE": 0, "COAST_TYPE": 0, "NAME_ENGL": "France", "NAME_FREN": "France", "ISO3_CODE": "FRA", "SVRG_UN": "UN Member State", "CAPT": "Paris", "EU_STAT": "T", "EFTA_STAT": "F", "CC_STAT": "F", "NAME_GERM": "Frankreich"}, "geometry": {"type": "Point", "coordinates": [3.158379762000038, 45.66113732600007]}}, {"type": "Feature", "properties": {"NUTS_ID": "FRK2", "LAT": 45.44202475, "LON": 5.34476323, "LEVL_CODE": 2, "CNTR_CODE": "FR", "NAME_LATN": "Rhône-Alpes", "NUTS_NAME": "Rhône-Alpes", "MOUNT_TYPE": 0, "URBN_TYPE": 0, "COAST_TYPE": 0, "NAME_ENGL": "France", "NAME_FREN": "France", "ISO3_CODE": "FRA", "SVRG_UN": "UN Member State", "CAPT": "Paris", "EU_STAT": "T", "EFTA_STAT": "F", "CC_STAT": "F", "NAME_GERM": "Frankreich"}, "geometry": {"type": "Point", "coordinates": [5.344763227000044, 45.442024751000076]}}, {"type": "Feature", "properties": {"NUTS_ID": "FRL0", "LAT": 43.96289586, "LON": 6.06408538, "LEVL_CODE": 2, "CNTR_CODE": "FR", "NAME_LATN": "Provence-Alpes-Côte d’Azur", "NUTS_NAME": "Provence-Alpes-Côte d’Azur", "MOUNT_TYPE": 0, "URBN_TYPE": 0, "COAST_TYPE": 0, "NAME_ENGL": "France", "NAME_FREN": "France", "ISO3_CODE": "FRA", "SVRG_UN": "UN Member State", "CAPT": "Paris", "EU_STAT": "T", "EFTA_STAT": "F", "CC_STAT": "F", "NAME_GERM": "Frankreich"}, "geometry": {"type": "Point", "coordinates": [6.064085376000037, 43.962895857000035]}}, {"type": "Feature", "properties": {"NUTS_ID": "FRM0", "LAT": 42.12671945, "LON": 9.09757778, "LEVL_CODE": 2, "CNTR_CODE": "FR", "NAME_LATN": "Corse", "NUTS_NAME": "Corse", "MOUNT_TYPE": 0, "URBN_TYPE": 0, "COAST_TYPE": 0, "NAME_ENGL": "France", "NAME_FREN": "France", "ISO3_CODE": "FRA", "SVRG_UN": "UN Member State", "CAPT": "Paris", "EU_STAT": "T", "EFTA_STAT": "F", "CC_STAT": "F", "NAME_GERM": "Frankreich"}, "geometry": {"type": "Point", "coordinates": [9.097577775000047, 42.12671945100004]}}, {"type": "Feature", "properties": {"NUTS_ID": "FRY1", "LAT": 16.17755842, "LON": -61.6877039, "LEVL_CODE": 2, "CNTR_CODE": "FR", "NAME_LATN": "Guadeloupe", "NUTS_NAME": "Guadeloupe", "MOUNT_TYPE": 0, "URBN_TYPE": 0, "COAST_TYPE": 0, "NAME_ENGL": "France", "NAME_FREN": "France", "ISO3_CODE": "FRA", "SVRG_UN": "UN Member State", "CAPT": "Paris", "EU_STAT": "T", "EFTA_STAT": "F", "CC_STAT": "F", "NAME_GERM": "Frankreich"}, "geometry": {"type": "Point", "coordinates": [-61.68770389499997, 16.177558417000057]}}, {"type": "Feature", "properties": {"NUTS_ID": "FRY2", "LAT": 14.56571942, "LON": -60.91486356, "LEVL_CODE": 2, "CNTR_CODE": "FR", "NAME_LATN": "Martinique", "NUTS_NAME": "Martinique", "MOUNT_TYPE": 0, "URBN_TYPE": 0, "COAST_TYPE": 0, "NAME_ENGL": "France", "NAME_FREN": "France", "ISO3_CODE": "FRA", "SVRG_UN": "UN Member State", "CAPT": "Paris", "EU_STAT": "T", "EFTA_STAT": "F", "CC_STAT": "F", "NAME_GERM": "Frankreich"}, "geometry": {"type": "Point", "coordinates": [-60.91486356299998, 14.565719418000072]}}, {"type": "Feature", "properties": {"NUTS_ID": "FRY3", "LAT": 3.92205904, "LON": -53.22628658, "LEVL_CODE": 2, "CNTR_CODE": "FR", "NAME_LATN": "Guyane", "NUTS_NAME": "Guyane", "MOUNT_TYPE": 0, "URBN_TYPE": 0, "COAST_TYPE": 0, "NAME_ENGL": "France", "NAME_FREN": "France", "ISO3_CODE": "FRA", "SVRG_UN": "UN Member State", "CAPT": "Paris", "EU_STAT": "T", "EFTA_STAT": "F", "CC_STAT": "F", "NAME_GERM": "Frankreich"}, "geometry": {"type": "Point", "coordinates": [-53.226286579999964, 3.922059035000075]}}, {"type": "Feature", "properties": {"NUTS_ID": "FRY4", "LAT": -21.12706856, "LON": 55.53284518, "LEVL_CODE": 2, "CNTR_CODE": "FR", "NAME_LATN": "La Réunion", "NUTS_NAME": "La Réunion", "MOUNT_TYPE": 0, "URBN_TYPE": 0, "COAST_TYPE": 0, "NAME_ENGL": "France", "NAME_FREN": "France", "ISO3_CODE": "FRA", "SVRG_UN": "UN Member State", "CAPT": "Paris", "EU_STAT": "T", "EFTA_STAT": "F", "CC_STAT": "F", "NAME_GERM": "Frankreich"}, "geometry": {"type": "Point", "coordinates": [55.53284517800006, -21.127068554999937]}}, {"type": "Feature", "properties": {"NUTS_ID": "FRY5", "LAT": -12.82940666, "LON": 45.15460635, "LEVL_CODE": 2, "CNTR_CODE": "FR", "NAME_LATN": "Mayotte", "NUTS_NAME": "Mayotte", "MOUNT_TYPE": 0, "URBN_TYPE": 0, "COAST_TYPE": 0, "NAME_ENGL": "France", "NAME_FREN": "France", "ISO3_CODE": "FRA", "SVRG_UN": "UN Member State", "CAPT": "Paris", "EU_STAT": "T", "EFTA_STAT": "F", "CC_STAT": "F", "NAME_GERM": "Frankreich"}, "geometry": {"type": "Point", "coordinates": [45.15460635000005, -12.829406658999972]}}, {"type": "Feature", "properties": {"NUTS_ID": "HR03", "LAT": 44.42886492, "LON": 15.54236954, "LEVL_CODE": 2, "CNTR_CODE": "HR", "NAME_LATN": "Jadranska Hrvatska", "NUTS_NAME": "Jadranska Hrvatska", "MOUNT_TYPE": 0, "URBN_TYPE": 0, "COAST_TYPE": 0, "NAME_ENGL": "Croatia", "NAME_FREN": "Croatie", "ISO3_CODE": "HRV", "SVRG_UN": "UN Member State", "CAPT": "Zagreb", "EU_STAT": "T", "EFTA_STAT": "F", "CC_STAT": "F", "NAME_GERM": "Kroatien"}, "geometry": {"type": "Point", "coordinates": [15.542369544000053, 44.428864917000055]}}, {"type": "Feature", "properties": {"NUTS_ID": "HR05", "LAT": 45.59143971, "LON": 17.00764442, "LEVL_CODE": 2, "CNTR_CODE": "HR", "NAME_LATN": "Grad Zagreb", "NUTS_NAME": "Grad Zagreb", "MOUNT_TYPE": 0, "URBN_TYPE": 0, "COAST_TYPE": 0, "NAME_ENGL": "Croatia", "NAME_FREN": "Croatie", "ISO3_CODE": "HRV", "SVRG_UN": "UN Member State", "CAPT": "Zagreb", "EU_STAT": "T", "EFTA_STAT": "F", "CC_STAT": "F", "NAME_GERM": "Kroatien"}, "geometry": {"type": "Point", "coordinates": [16.004758340000024, 45.83011774500005]}}, {"type": "Feature", "properties": {"NUTS_ID": "HU11", "LAT": 47.48193417, "LON": 19.10234739, "LEVL_CODE": 2, "CNTR_CODE": "HU", "NAME_LATN": "Budapest", "NUTS_NAME": "Budapest", "MOUNT_TYPE": 0, "URBN_TYPE": 0, "COAST_TYPE": 0, "NAME_ENGL": "Hungary", "NAME_FREN": "Hongrie", "ISO3_CODE": "HUN", "SVRG_UN": "UN Member State", "CAPT": "Budapest", "EU_STAT": "T", "EFTA_STAT": "F", "CC_STAT": "F", "NAME_GERM": "Ungarn"}, "geometry": {"type": "Point", "coordinates": [19.102347386000076, 47.48193416600003]}}, {"type": "Feature", "properties": {"NUTS_ID": "HU12", "LAT": 47.19952223, "LON": 19.03999688, "LEVL_CODE": 2, "CNTR_CODE": "HU", "NAME_LATN": "Pest", "NUTS_NAME": "Pest", "MOUNT_TYPE": 0, "URBN_TYPE": 0, "COAST_TYPE": 0, "NAME_ENGL": "Hungary", "NAME_FREN": "Hongrie", "ISO3_CODE": "HUN", "SVRG_UN": "UN Member State", "CAPT": "Budapest", "EU_STAT": "T", "EFTA_STAT": "F", "CC_STAT": "F", "NAME_GERM": "Ungarn"}, "geometry": {"type": "Point", "coordinates": [19.039996875000043, 47.199522228000035]}}, {"type": "Feature", "properties": {"NUTS_ID": "HU21", "LAT": 47.22976446, "LON": 18.11481086, "LEVL_CODE": 2, "CNTR_CODE": "HU", "NAME_LATN": "Közép-Dunántúl", "NUTS_NAME": "Közép-Dunántúl", "MOUNT_TYPE": 0, "URBN_TYPE": 0, "COAST_TYPE": 0, "NAME_ENGL": "Hungary", "NAME_FREN": "Hongrie", "ISO3_CODE": "HUN", "SVRG_UN": "UN Member State", "CAPT": "Budapest", "EU_STAT": "T", "EFTA_STAT": "F", "CC_STAT": "F", "NAME_GERM": "Ungarn"}, "geometry": {"type": "Point", "coordinates": [18.114810858000055, 47.229764457000044]}}, {"type": "Feature", "properties": {"NUTS_ID": "HU22", "LAT": 47.18951843, "LON": 16.99178705, "LEVL_CODE": 2, "CNTR_CODE": "HU", "NAME_LATN": "Nyugat-Dunántúl", "NUTS_NAME": "Nyugat-Dunántúl", "MOUNT_TYPE": 0, "URBN_TYPE": 0, "COAST_TYPE": 0, "NAME_ENGL": "Hungary", "NAME_FREN": "Hongrie", "ISO3_CODE": "HUN", "SVRG_UN": "UN Member State", "CAPT": "Budapest", "EU_STAT": "T", "EFTA_STAT": "F", "CC_STAT": "F", "NAME_GERM": "Ungarn"}, "geometry": {"type": "Point", "coordinates": [16.99178704800005, 47.189518433000046]}}, {"type": "Feature", "properties": {"NUTS_ID": "HU23", "LAT": 46.34233274, "LON": 18.0211455, "LEVL_CODE": 2, "CNTR_CODE": "HU", "NAME_LATN": "Dél-Dunántúl", "NUTS_NAME": "Dél-Dunántúl", "MOUNT_TYPE": 0, "URBN_TYPE": 0, "COAST_TYPE": 0, "NAME_ENGL": "Hungary", "NAME_FREN": "Hongrie", "ISO3_CODE": "HUN", "SVRG_UN": "UN Member State", "CAPT": "Budapest", "EU_STAT": "T", "EFTA_STAT": "F", "CC_STAT": "F", "NAME_GERM": "Ungarn"}, "geometry": {"type": "Point", "coordinates": [18.02114549600003, 46.34233274300004]}}, {"type": "Feature", "properties": {"NUTS_ID": "HU31", "LAT": 47.99546958, "LON": 20.52473475, "LEVL_CODE": 2, "CNTR_CODE": "HU", "NAME_LATN": "Észak-Magyarország", "NUTS_NAME": "Észak-Magyarország", "MOUNT_TYPE": 0, "URBN_TYPE": 0, "COAST_TYPE": 0, "NAME_ENGL": "Hungary", "NAME_FREN": "Hongrie", "ISO3_CODE": "HUN", "SVRG_UN": "UN Member State", "CAPT": "Budapest", "EU_STAT": "T", "EFTA_STAT": "F", "CC_STAT": "F", "NAME_GERM": "Ungarn"}, "geometry": {"type": "Point", "coordinates": [20.52473474900006, 47.99546957800004]}}, {"type": "Feature", "properties": {"NUTS_ID": "HU32", "LAT": 47.58169658, "LON": 21.34240616, "LEVL_CODE": 2, "CNTR_CODE": "HU", "NAME_LATN": "Észak-Alföld", "NUTS_NAME": "Észak-Alföld", "MOUNT_TYPE": 0, "URBN_TYPE": 0, "COAST_TYPE": 0, "NAME_ENGL": "Hungary", "NAME_FREN": "Hongrie", "ISO3_CODE": "HUN", "SVRG_UN": "UN Member State", "CAPT": "Budapest", "EU_STAT": "T", "EFTA_STAT": "F", "CC_STAT": "F", "NAME_GERM": "Ungarn"}, "geometry": {"type": "Point", "coordinates": [21.34240615500005, 47.581696581000074]}}, {"type": "Feature", "properties": {"NUTS_ID": "HU33", "LAT": 46.58498285, "LON": 19.516457, "LEVL_CODE": 2, "CNTR_CODE": "HU", "NAME_LATN": "Dél-Alföld", "NUTS_NAME": "Dél-Alföld", "MOUNT_TYPE": 0, "URBN_TYPE": 0, "COAST_TYPE": 0, "NAME_ENGL": "Hungary", "NAME_FREN": "Hongrie", "ISO3_CODE": "HUN", "SVRG_UN": "UN Member State", "CAPT": "Budapest", "EU_STAT": "T", "EFTA_STAT": "F", "CC_STAT": "F", "NAME_GERM": "Ungarn"}, "geometry": {"type": "Point", "coordinates": [19.51645699900007, 46.58498284900003]}}, {"type": "Feature", "properties": {"NUTS_ID": "IE04", "LAT": 53.75123946, "LON": -8.35798348, "LEVL_CODE": 2, "CNTR_CODE": "IE", "NAME_LATN": "Northern and Western", "NUTS_NAME": "Northern and Western", "MOUNT_TYPE": 0, "URBN_TYPE": 0, "COAST_TYPE": 0, "NAME_ENGL": "Ireland", "NAME_FREN": "Irlande", "ISO3_CODE": "IRL", "SVRG_UN": "UN Member State", "CAPT": "Dublin", "EU_STAT": "T", "EFTA_STAT": "F", "CC_STAT": "F", "NAME_GERM": "Irland"}, "geometry": {"type": "Point", "coordinates": [-8.357983477999937, 53.75123946100007]}}, {"type": "Feature", "properties": {"NUTS_ID": "IE05", "LAT": 52.3624948, "LON": -8.36669221, "LEVL_CODE": 2, "CNTR_CODE": "IE", "NAME_LATN": "Southern", "NUTS_NAME": "Southern", "MOUNT_TYPE": 0, "URBN_TYPE": 0, "COAST_TYPE": 0, "NAME_ENGL": "Ireland", "NAME_FREN": "Irlande", "ISO3_CODE": "IRL", "SVRG_UN": "UN Member State", "CAPT": "Dublin", "EU_STAT": "T", "EFTA_STAT": "F", "CC_STAT": "F", "NAME_GERM": "Irland"}, "geometry": {"type": "Point", "coordinates": [-8.366692213999954, 52.36249479500003]}}, {"type": "Feature", "properties": {"NUTS_ID": "IE06", "LAT": 53.36221776, "LON": -7.01564887, "LEVL_CODE": 2, "CNTR_CODE": "IE", "NAME_LATN": "Eastern and Midland", "NUTS_NAME": "Eastern and Midland", "MOUNT_TYPE": 0, "URBN_TYPE": 0, "COAST_TYPE": 0, "NAME_ENGL": "Ireland", "NAME_FREN": "Irlande", "ISO3_CODE": "IRL", "SVRG_UN": "UN Member State", "CAPT": "Dublin", "EU_STAT": "T", "EFTA_STAT": "F", "CC_STAT": "F", "NAME_GERM": "Irland"}, "geometry": {"type": "Point", "coordinates": [-7.015648866999925, 53.36221776000008]}}, {"type": "Feature", "properties": {"NUTS_ID": "IS00", "LAT": 64.75596914, "LON": -18.85686169, "LEVL_CODE": 2, "CNTR_CODE": "IS", "NAME_LATN": "Ísland", "NUTS_NAME": "Ísland", "MOUNT_TYPE": 0, "URBN_TYPE": 0, "COAST_TYPE": 0, "NAME_ENGL": "Iceland", "NAME_FREN": "Islande", "ISO3_CODE": "ISL", "SVRG_UN": "UN Member State", "CAPT": "Reykjavík", "EU_STAT": "F", "EFTA_STAT": "T", "CC_STAT": "F", "NAME_GERM": "Island"}, "geometry": {"type": "Point", "coordinates": [-18.85686169099995, 64.75596913900006]}}, {"type": "Feature", "properties": {"NUTS_ID": "ITC1", "LAT": 45.06335068, "LON": 7.91892149, "LEVL_CODE": 2, "CNTR_CODE": "IT", "NAME_LATN": "Piemonte", "NUTS_NAME": "Piemonte", "MOUNT_TYPE": 0, "URBN_TYPE": 0, "COAST_TYPE": 0, "NAME_ENGL": "Italy", "NAME_FREN": "Italie", "ISO3_CODE": "ITA", "SVRG_UN": "UN Member State", "CAPT": "Rome", "EU_STAT": "T", "EFTA_STAT": "F", "CC_STAT": "F", "NAME_GERM": "Italien"}, "geometry": {"type": "Point", "coordinates": [7.918921486000045, 45.06335068100003]}}, {"type": "Feature", "properties": {"NUTS_ID": "ITC2", "LAT": 45.72814856, "LON": 7.39245721, "LEVL_CODE": 2, "CNTR_CODE": "IT", "NAME_LATN": "Valle d’Aosta/Vallée d’Aoste", "NUTS_NAME": "Valle d’Aosta/Vallée d’Aoste", "MOUNT_TYPE": 0, "URBN_TYPE": 0, "COAST_TYPE": 0, "NAME_ENGL": "Italy", "NAME_FREN": "Italie", "ISO3_CODE": "ITA", "SVRG_UN": "UN Member State", "CAPT": "Rome", "EU_STAT": "T", "EFTA_STAT": "F", "CC_STAT": "F", "NAME_GERM": "Italien"}, "geometry": {"type": "Point", "coordinates": [7.392457209000042, 45.72814855900003]}}, {"type": "Feature", "properties": {"NUTS_ID": "ITC3", "LAT": 44.15732157, "LON": 8.15206263, "LEVL_CODE": 2, "CNTR_CODE": "IT", "NAME_LATN": "Liguria", "NUTS_NAME": "Liguria", "MOUNT_TYPE": 0, "URBN_TYPE": 0, "COAST_TYPE": 0, "NAME_ENGL": "Italy", "NAME_FREN": "Italie", "ISO3_CODE": "ITA", "SVRG_UN": "UN Member State", "CAPT": "Rome", "EU_STAT": "T", "EFTA_STAT": "F", "CC_STAT": "F", "NAME_GERM": "Italien"}, "geometry": {"type": "Point", "coordinates": [8.152062625000042, 44.15732157100007]}}, {"type": "Feature", "properties": {"NUTS_ID": "ITC4", "LAT": 45.61274936, "LON": 9.77297213, "LEVL_CODE": 2, "CNTR_CODE": "IT", "NAME_LATN": "Lombardia", "NUTS_NAME": "Lombardia", "MOUNT_TYPE": 0, "URBN_TYPE": 0, "COAST_TYPE": 0, "NAME_ENGL": "Italy", "NAME_FREN": "Italie", "ISO3_CODE": "ITA", "SVRG_UN": "UN Member State", "CAPT": "Rome", "EU_STAT": "T", "EFTA_STAT": "F", "CC_STAT": "F", "NAME_GERM": "Italien"}, "geometry": {"type": "Point", "coordinates": [9.772972130000028, 45.61274935800003]}}, {"type": "Feature", "properties": {"NUTS_ID": "ITF1", "LAT": 42.23413557, "LON": 13.871362, "LEVL_CODE": 2, "CNTR_CODE": "IT", "NAME_LATN": "Abruzzo", "NUTS_NAME": "Abruzzo", "MOUNT_TYPE": 0, "URBN_TYPE": 0, "COAST_TYPE": 0, "NAME_ENGL": "Italy", "NAME_FREN": "Italie", "ISO3_CODE": "ITA", "SVRG_UN": "UN Member State", "CAPT": "Rome", "EU_STAT": "T", "EFTA_STAT": "F", "CC_STAT": "F", "NAME_GERM": "Italien"}, "geometry": {"type": "Point", "coordinates": [13.871361998000054, 42.23413557200007]}}, {"type": "Feature", "properties": {"NUTS_ID": "ITF2", "LAT": 41.59489035, "LON": 14.5396085, "LEVL_CODE": 2, "CNTR_CODE": "IT", "NAME_LATN": "Molise", "NUTS_NAME": "Molise", "MOUNT_TYPE": 0, "URBN_TYPE": 0, "COAST_TYPE": 0, "NAME_ENGL": "Italy", "NAME_FREN": "Italie", "ISO3_CODE": "ITA", "SVRG_UN": "UN Member State", "CAPT": "Rome", "EU_STAT": "T", "EFTA_STAT": "F", "CC_STAT": "F", "NAME_GERM": "Italien"}, "geometry": {"type": "Point", "coordinates": [14.539608500000043, 41.59489034500007]}}, {"type": "Feature", "properties": {"NUTS_ID": "ITF3", "LAT": 41.03869055, "LON": 14.73727612, "LEVL_CODE": 2, "CNTR_CODE": "IT", "NAME_LATN": "Campania", "NUTS_NAME": "Campania", "MOUNT_TYPE": 0, "URBN_TYPE": 0, "COAST_TYPE": 0, "NAME_ENGL": "Italy", "NAME_FREN": "Italie", "ISO3_CODE": "ITA", "SVRG_UN": "UN Member State", "CAPT": "Rome", "EU_STAT": "T", "EFTA_STAT": "F", "CC_STAT": "F", "NAME_GERM": "Italien"}, "geometry": {"type": "Point", "coordinates": [14.737276115000043, 41.038690546000055]}}, {"type": "Feature", "properties": {"NUTS_ID": "ITF4", "LAT": 41.00429156, "LON": 16.58467254, "LEVL_CODE": 2, "CNTR_CODE": "IT", "NAME_LATN": "Puglia", "NUTS_NAME": "Puglia", "MOUNT_TYPE": 0, "URBN_TYPE": 0, "COAST_TYPE": 0, "NAME_ENGL": "Italy", "NAME_FREN": "Italie", "ISO3_CODE": "ITA", "SVRG_UN": "UN Member State", "CAPT": "Rome", "EU_STAT": "T", "EFTA_STAT": "F", "CC_STAT": "F", "NAME_GERM": "Italien"}, "geometry": {"type": "Point", "coordinates": [16.584672545000046, 41.004291555000066]}}, {"type": "Feature", "properties": {"NUTS_ID": "ITF5", "LAT": 40.51569338, "LON": 16.07942415, "LEVL_CODE": 2, "CNTR_CODE": "IT", "NAME_LATN": "Basilicata", "NUTS_NAME": "Basilicata", "MOUNT_TYPE": 0, "URBN_TYPE": 0, "COAST_TYPE": 0, "NAME_ENGL": "Italy", "NAME_FREN": "Italie", "ISO3_CODE": "ITA", "SVRG_UN": "UN Member State", "CAPT": "Rome", "EU_STAT": "T", "EFTA_STAT": "F", "CC_STAT": "F", "NAME_GERM": "Italien"}, "geometry": {"type": "Point", "coordinates": [16.07942415100007, 40.51569337600006]}}, {"type": "Feature", "properties": {"NUTS_ID": "ITF6", "LAT": 39.16040873, "LON": 16.38218811, "LEVL_CODE": 2, "CNTR_CODE": "IT", "NAME_LATN": "Calabria", "NUTS_NAME": "Calabria", "MOUNT_TYPE": 0, "URBN_TYPE": 0, "COAST_TYPE": 0, "NAME_ENGL": "Italy", "NAME_FREN": "Italie", "ISO3_CODE": "ITA", "SVRG_UN": "UN Member State", "CAPT": "Rome", "EU_STAT": "T", "EFTA_STAT": "F", "CC_STAT": "F", "NAME_GERM": "Italien"}, "geometry": {"type": "Point", "coordinates": [16.382188110000072, 39.16040872700006]}}, {"type": "Feature", "properties": {"NUTS_ID": "ITG1", "LAT": 37.57044767, "LON": 14.16584918, "LEVL_CODE": 2, "CNTR_CODE": "IT", "NAME_LATN": "Sicilia", "NUTS_NAME": "Sicilia", "MOUNT_TYPE": 0, "URBN_TYPE": 0, "COAST_TYPE": 0, "NAME_ENGL": "Italy", "NAME_FREN": "Italie", "ISO3_CODE": "ITA", "SVRG_UN": "UN Member State", "CAPT": "Rome", "EU_STAT": "T", "EFTA_STAT": "F", "CC_STAT": "F", "NAME_GERM": "Italien"}, "geometry": {"type": "Point", "coordinates": [14.165849184000024, 37.57044767100007]}}, {"type": "Feature", "properties": {"NUTS_ID": "ITG2", "LAT": 40.07751749, "LON": 9.0347725, "LEVL_CODE": 2, "CNTR_CODE": "IT", "NAME_LATN": "Sardegna", "NUTS_NAME": "Sardegna", "MOUNT_TYPE": 0, "URBN_TYPE": 0, "COAST_TYPE": 0, "NAME_ENGL": "Italy", "NAME_FREN": "Italie", "ISO3_CODE": "ITA", "SVRG_UN": "UN Member State", "CAPT": "Rome", "EU_STAT": "T", "EFTA_STAT": "F", "CC_STAT": "F", "NAME_GERM": "Italien"}, "geometry": {"type": "Point", "coordinates": [9.034772503000056, 40.07751749000005]}}, {"type": "Feature", "properties": {"NUTS_ID": "ITH1", "LAT": 46.70527827, "LON": 11.42414849, "LEVL_CODE": 2, "CNTR_CODE": "IT", "NAME_LATN": "Provincia Autonoma di Bolzano/Bozen", "NUTS_NAME": "Provincia Autonoma di Bolzano/Bozen", "MOUNT_TYPE": 0, "URBN_TYPE": 0, "COAST_TYPE": 0, "NAME_ENGL": "Italy", "NAME_FREN": "Italie", "ISO3_CODE": "ITA", "SVRG_UN": "UN Member State", "CAPT": "Rome", "EU_STAT": "T", "EFTA_STAT": "F", "CC_STAT": "F", "NAME_GERM": "Italien"}, "geometry": {"type": "Point", "coordinates": [11.424148487000025, 46.70527826700004]}}, {"type": "Feature", "properties": {"NUTS_ID": "ITH2", "LAT": 46.13132784, "LON": 10.85898796, "LEVL_CODE": 2, "CNTR_CODE": "IT", "NAME_LATN": "Provincia Autonoma di Trento", "NUTS_NAME": "Provincia Autonoma di Trento", "MOUNT_TYPE": 0, "URBN_TYPE": 0, "COAST_TYPE": 0, "NAME_ENGL": "Italy", "NAME_FREN": "Italie", "ISO3_CODE": "ITA", "SVRG_UN": "UN Member State", "CAPT": "Rome", "EU_STAT": "T", "EFTA_STAT": "F", "CC_STAT": "F", "NAME_GERM": "Italien"}, "geometry": {"type": "Point", "coordinates": [10.858987956000021, 46.13132783400005]}}, {"type": "Feature", "properties": {"NUTS_ID": "ITH3", "LAT": 45.66104138, "LON": 11.85456407, "LEVL_CODE": 2, "CNTR_CODE": "IT", "NAME_LATN": "Veneto", "NUTS_NAME": "Veneto", "MOUNT_TYPE": 0, "URBN_TYPE": 0, "COAST_TYPE": 0, "NAME_ENGL": "Italy", "NAME_FREN": "Italie", "ISO3_CODE": "ITA", "SVRG_UN": "UN Member State", "CAPT": "Rome", "EU_STAT": "T", "EFTA_STAT": "F", "CC_STAT": "F", "NAME_GERM": "Italien"}, "geometry": {"type": "Point", "coordinates": [11.85456406700007, 45.661041383000054]}}, {"type": "Feature", "properties": {"NUTS_ID": "ITH4", "LAT": 46.16647856, "LON": 13.04953265, "LEVL_CODE": 2, "CNTR_CODE": "IT", "NAME_LATN": "Friuli-Venezia Giulia", "NUTS_NAME": "Friuli-Venezia Giulia", "MOUNT_TYPE": 0, "URBN_TYPE": 0, "COAST_TYPE": 0, "NAME_ENGL": "Italy", "NAME_FREN": "Italie", "ISO3_CODE": "ITA", "SVRG_UN": "UN Member State", "CAPT": "Rome", "EU_STAT": "T", "EFTA_STAT": "F", "CC_STAT": "F", "NAME_GERM": "Italien"}, "geometry": {"type": "Point", "coordinates": [13.049532648000024, 46.16647855700006]}}, {"type": "Feature", "properties": {"NUTS_ID": "ITH5", "LAT": 44.52241619, "LON": 11.02962466, "LEVL_CODE": 2, "CNTR_CODE": "IT", "NAME_LATN": "Emilia-Romagna", "NUTS_NAME": "Emilia-Romagna", "MOUNT_TYPE": 0, "URBN_TYPE": 0, "COAST_TYPE": 0, "NAME_ENGL": "Italy", "NAME_FREN": "Italie", "ISO3_CODE": "ITA", "SVRG_UN": "UN Member State", "CAPT": "Rome", "EU_STAT": "T", "EFTA_STAT": "F", "CC_STAT": "F", "NAME_GERM": "Italien"}, "geometry": {"type": "Point", "coordinates": [11.02962466200006, 44.522416184000065]}}, {"type": "Feature", "properties": {"NUTS_ID": "ITI1", "LAT": 43.47942151, "LON": 11.13062149, "LEVL_CODE": 2, "CNTR_CODE": "IT", "NAME_LATN": "Toscana", "NUTS_NAME": "Toscana", "MOUNT_TYPE": 0, "URBN_TYPE": 0, "COAST_TYPE": 0, "NAME_ENGL": "Italy", "NAME_FREN": "Italie", "ISO3_CODE": "ITA", "SVRG_UN": "UN Member State", "CAPT": "Rome", "EU_STAT": "T", "EFTA_STAT": "F", "CC_STAT": "F", "NAME_GERM": "Italien"}, "geometry": {"type": "Point", "coordinates": [11.130621489000077, 43.479421511000055]}}, {"type": "Feature", "properties": {"NUTS_ID": "ITI2", "LAT": 42.97167386, "LON": 12.48932176, "LEVL_CODE": 2, "CNTR_CODE": "IT", "NAME_LATN": "Umbria", "NUTS_NAME": "Umbria", "MOUNT_TYPE": 0, "URBN_TYPE": 0, "COAST_TYPE": 0, "NAME_ENGL": "Italy", "NAME_FREN": "Italie", "ISO3_CODE": "ITA", "SVRG_UN": "UN Member State", "CAPT": "Rome", "EU_STAT": "T", "EFTA_STAT": "F", "CC_STAT": "F", "NAME_GERM": "Italien"}, "geometry": {"type": "Point", "coordinates": [12.489321762000031, 42.97167385500006]}}, {"type": "Feature", "properties": {"NUTS_ID": "ITI3", "LAT": 43.34767949, "LON": 13.15304346, "LEVL_CODE": 2, "CNTR_CODE": "IT", "NAME_LATN": "Marche", "NUTS_NAME": "Marche", "MOUNT_TYPE": 0, "URBN_TYPE": 0, "COAST_TYPE": 0, "NAME_ENGL": "Italy", "NAME_FREN": "Italie", "ISO3_CODE": "ITA", "SVRG_UN": "UN Member State", "CAPT": "Rome", "EU_STAT": "T", "EFTA_STAT": "F", "CC_STAT": "F", "NAME_GERM": "Italien"}, "geometry": {"type": "Point", "coordinates": [13.153043460000049, 43.34767948600006]}}, {"type": "Feature", "properties": {"NUTS_ID": "ITI4", "LAT": 41.98984034, "LON": 12.75006207, "LEVL_CODE": 2, "CNTR_CODE": "IT", "NAME_LATN": "Lazio", "NUTS_NAME": "Lazio", "MOUNT_TYPE": 0, "URBN_TYPE": 0, "COAST_TYPE": 0, "NAME_ENGL": "Italy", "NAME_FREN": "Italie", "ISO3_CODE": "ITA", "SVRG_UN": "UN Member State", "CAPT": "Rome", "EU_STAT": "T", "EFTA_STAT": "F", "CC_STAT": "F", "NAME_GERM": "Italien"}, "geometry": {"type": "Point", "coordinates": [12.750062075000073, 41.98984033800008]}}, {"type": "Feature", "properties": {"NUTS_ID": "LI00", "LAT": 47.13833352, "LON": 9.55335019, "LEVL_CODE": 2, "CNTR_CODE": "LI", "NAME_LATN": "Liechtenstein", "NUTS_NAME": "Liechtenstein", "MOUNT_TYPE": 0, "URBN_TYPE": 0, "COAST_TYPE": 0, "NAME_ENGL": "Liechtenstein", "NAME_FREN": "Liechtenstein", "ISO3_CODE": "LIE", "SVRG_UN": "UN Member State", "CAPT": "Vaduz", "EU_STAT": "F", "EFTA_STAT": "T", "CC_STAT": "F", "NAME_GERM": "Liechtenstein"}, "geometry": {"type": "Point", "coordinates": [9.553350187000035, 47.13833352000006]}}, {"type": "Feature", "properties": {"NUTS_ID": "LT01", "LAT": 54.81663707, "LON": 25.22893599, "LEVL_CODE": 2, "CNTR_CODE": "LT", "NAME_LATN": "Sostinės regionas", "NUTS_NAME": "Sostinės regionas", "MOUNT_TYPE": 0, "URBN_TYPE": 0, "COAST_TYPE": 0, "NAME_ENGL": "Lithuania", "NAME_FREN": "Lituanie", "ISO3_CODE": "LTU", "SVRG_UN": "UN Member State", "CAPT": "Vilnius", "EU_STAT": "T", "EFTA_STAT": "F", "CC_STAT": "F", "NAME_GERM": "Litauen"}, "geometry": {"type": "Point", "coordinates": [25.228935990000025, 54.81663706900008]}}, {"type": "Feature", "properties": {"NUTS_ID": "LT02", "LAT": 55.4314147, "LON": 23.66206462, "LEVL_CODE": 2, "CNTR_CODE": "LT", "NAME_LATN": "Vidurio ir vakarų Lietuvos regionas", "NUTS_NAME": "Vidurio ir vakarų Lietuvos regionas", "MOUNT_TYPE": 0, "URBN_TYPE": 0, "COAST_TYPE": 0, "NAME_ENGL": "Lithuania", "NAME_FREN": "Lituanie", "ISO3_CODE": "LTU", "SVRG_UN": "UN Member State", "CAPT": "Vilnius", "EU_STAT": "T", "EFTA_STAT": "F", "CC_STAT": "F", "NAME_GERM": "Litauen"}, "geometry": {"type": "Point", "coordinates": [23.662064617000055, 55.43141470100005]}}, {"type": "Feature", "properties": {"NUTS_ID": "LU00", "LAT": 49.77104424, "LON": 6.09428015, "LEVL_CODE": 2, "CNTR_CODE": "LU", "NAME_LATN": "Luxembourg", "NUTS_NAME": "Luxembourg", "MOUNT_TYPE": 0, "URBN_TYPE": 0, "COAST_TYPE": 0, "NAME_ENGL": "Luxembourg", "NAME_FREN": "Luxembourg", "ISO3_CODE": "LUX", "SVRG_UN": "UN Member State", "CAPT": "Luxembourg", "EU_STAT": "T", "EFTA_STAT": "F", "CC_STAT": "F", "NAME_GERM": "Luxemburg"}, "geometry": {"type": "Point", "coordinates": [6.094280149000042, 49.77104423600008]}}, {"type": "Feature", "properties": {"NUTS_ID": "LV00", "LAT": 56.68294994, "LON": 26.38197613, "LEVL_CODE": 2, "CNTR_CODE": "LV", "NAME_LATN": "Latvija", "NUTS_NAME": "Latvija", "MOUNT_TYPE": 0, "URBN_TYPE": 0, "COAST_TYPE": 0, "NAME_ENGL": "Latvia", "NAME_FREN": "Lettonie", "ISO3_CODE": "LVA", "SVRG_UN": "UN Member State", "CAPT": "Riga", "EU_STAT": "T", "EFTA_STAT": "F", "CC_STAT": "F", "NAME_GERM": "Lettland"}, "geometry": {"type": "Point", "coordinates": [26.38197612500005, 56.68294994000007]}}, {"type": "Feature", "properties": {"NUTS_ID": "ME00", "LAT": 42.77213981, "LON": 19.26896607, "LEVL_CODE": 2, "CNTR_CODE": "ME", "NAME_LATN": "Crna Gora", "NUTS_NAME": "Црна Гора", "MOUNT_TYPE": 0, "URBN_TYPE": 0, "COAST_TYPE": 0, "NAME_ENGL": "Montenegro", "NAME_FREN": "Monténégro", "ISO3_CODE": "MNE", "SVRG_UN": "UN Member State", "CAPT": "Podgorica", "EU_STAT": "F", "EFTA_STAT": "F", "CC_STAT": "T", "NAME_GERM": "Montenegro"}, "geometry": {"type": "Point", "coordinates": [19.268966068000054, 42.77213980600004]}}, {"type": "Feature", "properties": {"NUTS_ID": "MK00", "LAT": 41.59812201, "LON": 21.69660946, "LEVL_CODE": 2, "CNTR_CODE": "MK", "NAME_LATN": "Severna Makedonija", "NUTS_NAME": "Северна Македонија", "MOUNT_TYPE": 0, "URBN_TYPE": 0, "COAST_TYPE": 0, "NAME_ENGL": "North Macedonia", "NAME_FREN": "Macédoine du Nord", "ISO3_CODE": "MKD", "SVRG_UN": "UN Member State", "CAPT": "Skopje", "EU_STAT": "F", "EFTA_STAT": "F", "CC_STAT": "T", "NAME_GERM": "Nordmazedonien"}, "geometry": {"type": "Point", "coordinates": [21.696609463000073, 41.59812201200003]}}, {"type": "Feature", "properties": {"NUTS_ID": "MT00", "LAT": 35.8860383, "LON": 14.43119452, "LEVL_CODE": 2, "CNTR_CODE": "MT", "NAME_LATN": "Malta", "NUTS_NAME": "Malta", "MOUNT_TYPE": 0, "URBN_TYPE": 0, "COAST_TYPE": 0, "NAME_ENGL": "Malta", "NAME_FREN": "Malte", "ISO3_CODE": "MLT", "SVRG_UN": "UN Member State", "CAPT": "Valletta", "EU_STAT": "T", "EFTA_STAT": "F", "CC_STAT": "F", "NAME_GERM": "Malta"}, "geometry": {"type": "Point", "coordinates": [14.43119451900003, 35.88603830200003]}}, {"type": "Feature", "properties": {"NUTS_ID": "NL11", "LAT": 53.26753188, "LON": 6.692876, "LEVL_CODE": 2, "CNTR_CODE": "NL", "NAME_LATN": "Groningen", "NUTS_NAME": "Groningen", "MOUNT_TYPE": 0, "URBN_TYPE": 0, "COAST_TYPE": 0, "NAME_ENGL": "Netherlands", "NAME_FREN": "Pays-Bas", "ISO3_CODE": "NLD", "SVRG_UN": "UN Member State", "CAPT": "Amsterdam", "EU_STAT": "T", "EFTA_STAT": "F", "CC_STAT": "F", "NAME_GERM": "Niederlande"}, "geometry": {"type": "Point", "coordinates": [6.692876001000059, 53.26753188300006]}}, {"type": "Feature", "properties": {"NUTS_ID": "NL12", "LAT": 53.06491052, "LON": 5.80017392, "LEVL_CODE": 2, "CNTR_CODE": "NL", "NAME_LATN": "Friesland (NL)", "NUTS_NAME": "Friesland (NL)", "MOUNT_TYPE": 0, "URBN_TYPE": 0, "COAST_TYPE": 0, "NAME_ENGL": "Netherlands", "NAME_FREN": "Pays-Bas", "ISO3_CODE": "NLD", "SVRG_UN": "UN Member State", "CAPT": "Amsterdam", "EU_STAT": "T", "EFTA_STAT": "F", "CC_STAT": "F", "NAME_GERM": "Niederlande"}, "geometry": {"type": "Point", "coordinates": [5.800173921000066, 53.06491052200005]}}, {"type": "Feature", "properties": {"NUTS_ID": "NL13", "LAT": 52.86381307, "LON": 6.62919574, "LEVL_CODE": 2, "CNTR_CODE": "NL", "NAME_LATN": "Drenthe", "NUTS_NAME": "Drenthe", "MOUNT_TYPE": 0, "URBN_TYPE": 0, "COAST_TYPE": 0, "NAME_ENGL": "Netherlands", "NAME_FREN": "Pays-Bas", "ISO3_CODE": "NLD", "SVRG_UN": "UN Member State", "CAPT": "Amsterdam", "EU_STAT": "T", "EFTA_STAT": "F", "CC_STAT": "F", "NAME_GERM": "Niederlande"}, "geometry": {"type": "Point", "coordinates": [6.629195742000036, 52.863813064000055]}}, {"type": "Feature", "properties": {"NUTS_ID": "NL21", "LAT": 52.44520298, "LON": 6.43966024, "LEVL_CODE": 2, "CNTR_CODE": "NL", "NAME_LATN": "Overijssel", "NUTS_NAME": "Overijssel", "MOUNT_TYPE": 0, "URBN_TYPE": 0, "COAST_TYPE": 0, "NAME_ENGL": "Netherlands", "NAME_FREN": "Pays-Bas", "ISO3_CODE": "NLD", "SVRG_UN": "UN Member State", "CAPT": "Amsterdam", "EU_STAT": "T", "EFTA_STAT": "F", "CC_STAT": "F", "NAME_GERM": "Niederlande"}, "geometry": {"type": "Point", "coordinates": [6.439660238000045, 52.44520297400004]}}, {"type": "Feature", "properties": {"NUTS_ID": "NL22", "LAT": 52.06721782, "LON": 5.93782498, "LEVL_CODE": 2, "CNTR_CODE": "NL", "NAME_LATN": "Gelderland", "NUTS_NAME": "Gelderland", "MOUNT_TYPE": 0, "URBN_TYPE": 0, "COAST_TYPE": 0, "NAME_ENGL": "Netherlands", "NAME_FREN": "Pays-Bas", "ISO3_CODE": "NLD", "SVRG_UN": "UN Member State", "CAPT": "Amsterdam", "EU_STAT": "T", "EFTA_STAT": "F", "CC_STAT": "F", "NAME_GERM": "Niederlande"}, "geometry": {"type": "Point", "coordinates": [5.937824982000052, 52.06721781600004]}}, {"type": "Feature", "properties": {"NUTS_ID": "NL23", "LAT": 52.54375508, "LON": 5.48171274, "LEVL_CODE": 2, "CNTR_CODE": "NL", "NAME_LATN": "Flevoland", "NUTS_NAME": "Flevoland", "MOUNT_TYPE": 0, "URBN_TYPE": 0, "COAST_TYPE": 0, "NAME_ENGL": "Netherlands", "NAME_FREN": "Pays-Bas", "ISO3_CODE": "NLD", "SVRG_UN": "UN Member State", "CAPT": "Amsterdam", "EU_STAT": "T", "EFTA_STAT": "F", "CC_STAT": "F", "NAME_GERM": "Niederlande"}, "geometry": {"type": "Point", "coordinates": [5.481712739000045, 52.543755074000046]}}, {"type": "Feature", "properties": {"NUTS_ID": "NL31", "LAT": 52.07486162, "LON": 5.20026775, "LEVL_CODE": 2, "CNTR_CODE": "NL", "NAME_LATN": "Utrecht", "NUTS_NAME": "Utrecht", "MOUNT_TYPE": 0, "URBN_TYPE": 0, "COAST_TYPE": 0, "NAME_ENGL": "Netherlands", "NAME_FREN": "Pays-Bas", "ISO3_CODE": "NLD", "SVRG_UN": "UN Member State", "CAPT": "Amsterdam", "EU_STAT": "T", "EFTA_STAT": "F", "CC_STAT": "F", "NAME_GERM": "Niederlande"}, "geometry": {"type": "Point", "coordinates": [5.200267749000034, 52.074861620000036]}}, {"type": "Feature", "properties": {"NUTS_ID": "NL32", "LAT": 52.59453409, "LON": 4.91228326, "LEVL_CODE": 2, "CNTR_CODE": "NL", "NAME_LATN": "Noord-Holland", "NUTS_NAME": "Noord-Holland", "MOUNT_TYPE": 0, "URBN_TYPE": 0, "COAST_TYPE": 0, "NAME_ENGL": "Netherlands", "NAME_FREN": "Pays-Bas", "ISO3_CODE": "NLD", "SVRG_UN": "UN Member State", "CAPT": "Amsterdam", "EU_STAT": "T", "EFTA_STAT": "F", "CC_STAT": "F", "NAME_GERM": "Niederlande"}, "geometry": {"type": "Point", "coordinates": [4.91228325700007, 52.59453409200006]}}, {"type": "Feature", "properties": {"NUTS_ID": "NL33", "LAT": 51.9388363, "LON": 4.4866902, "LEVL_CODE": 2, "CNTR_CODE": "NL", "NAME_LATN": "Zuid-Holland", "NUTS_NAME": "Zuid-Holland", "MOUNT_TYPE": 0, "URBN_TYPE": 0, "COAST_TYPE": 0, "NAME_ENGL": "Netherlands", "NAME_FREN": "Pays-Bas", "ISO3_CODE": "NLD", "SVRG_UN": "UN Member State", "CAPT": "Amsterdam", "EU_STAT": "T", "EFTA_STAT": "F", "CC_STAT": "F", "NAME_GERM": "Niederlande"}, "geometry": {"type": "Point", "coordinates": [4.48669019600004, 51.938836294000055]}}, {"type": "Feature", "properties": {"NUTS_ID": "NL34", "LAT": 51.30726787, "LON": 3.78828981, "LEVL_CODE": 2, "CNTR_CODE": "NL", "NAME_LATN": "Zeeland", "NUTS_NAME": "Zeeland", "MOUNT_TYPE": 0, "URBN_TYPE": 0, "COAST_TYPE": 0, "NAME_ENGL": "Netherlands", "NAME_FREN": "Pays-Bas", "ISO3_CODE": "NLD", "SVRG_UN": "UN Member State", "CAPT": "Amsterdam", "EU_STAT": "T", "EFTA_STAT": "F", "CC_STAT": "F", "NAME_GERM": "Niederlande"}, "geometry": {"type": "Point", "coordinates": [3.788289805000034, 51.307267868000054]}}, {"type": "Feature", "properties": {"NUTS_ID": "NL41", "LAT": 51.5460725, "LON": 5.45950275, "LEVL_CODE": 2, "CNTR_CODE": "NL", "NAME_LATN": "Noord-Brabant", "NUTS_NAME": "Noord-Brabant", "MOUNT_TYPE": 0, "URBN_TYPE": 0, "COAST_TYPE": 0, "NAME_ENGL": "Netherlands", "NAME_FREN": "Pays-Bas", "ISO3_CODE": "NLD", "SVRG_UN": "UN Member State", "CAPT": "Amsterdam", "EU_STAT": "T", "EFTA_STAT": "F", "CC_STAT": "F", "NAME_GERM": "Niederlande"}, "geometry": {"type": "Point", "coordinates": [5.459502751000059, 51.54607249500003]}}, {"type": "Feature", "properties": {"NUTS_ID": "NL42", "LAT": 51.18539884, "LON": 5.9292058, "LEVL_CODE": 2, "CNTR_CODE": "NL", "NAME_LATN": "Limburg (NL)", "NUTS_NAME": "Limburg (NL)", "MOUNT_TYPE": 0, "URBN_TYPE": 0, "COAST_TYPE": 0, "NAME_ENGL": "Netherlands", "NAME_FREN": "Pays-Bas", "ISO3_CODE": "NLD", "SVRG_UN": "UN Member State", "CAPT": "Amsterdam", "EU_STAT": "T", "EFTA_STAT": "F", "CC_STAT": "F", "NAME_GERM": "Niederlande"}, "geometry": {"type": "Point", "coordinates": [5.929205803000059, 51.18539883900007]}}, {"type": "Feature", "properties": {"NUTS_ID": "PL21", "LAT": 49.85341197, "LON": 20.26903652, "LEVL_CODE": 2, "CNTR_CODE": "PL", "NAME_LATN": "Małopolskie", "NUTS_NAME": "Małopolskie", "MOUNT_TYPE": 0, "URBN_TYPE": 0, "COAST_TYPE": 0, "NAME_ENGL": "Poland", "NAME_FREN": "Pologne", "ISO3_CODE": "POL", "SVRG_UN": "UN Member State", "CAPT": "Warsaw", "EU_STAT": "T", "EFTA_STAT": "F", "CC_STAT": "F", "NAME_GERM": "Polen"}, "geometry": {"type": "Point", "coordinates": [20.269036518000064, 49.85341196500008]}}, {"type": "Feature", "properties": {"NUTS_ID": "PL22", "LAT": 50.33381627, "LON": 19.00979436, "LEVL_CODE": 2, "CNTR_CODE": "PL", "NAME_LATN": "Śląskie", "NUTS_NAME": "Śląskie", "MOUNT_TYPE": 0, "URBN_TYPE": 0, "COAST_TYPE": 0, "NAME_ENGL": "Poland", "NAME_FREN": "Pologne", "ISO3_CODE": "POL", "SVRG_UN": "UN Member State", "CAPT": "Warsaw", "EU_STAT": "T", "EFTA_STAT": "F", "CC_STAT": "F", "NAME_GERM": "Polen"}, "geometry": {"type": "Point", "coordinates": [19.009794355000054, 50.33381626600004]}}, {"type": "Feature", "properties": {"NUTS_ID": "PL41", "LAT": 52.49767403, "LON": 16.67238788, "LEVL_CODE": 2, "CNTR_CODE": "PL", "NAME_LATN": "Wielkopolskie", "NUTS_NAME": "Wielkopolskie", "MOUNT_TYPE": 0, "URBN_TYPE": 0, "COAST_TYPE": 0, "NAME_ENGL": "Poland", "NAME_FREN": "Pologne", "ISO3_CODE": "POL", "SVRG_UN": "UN Member State", "CAPT": "Warsaw", "EU_STAT": "T", "EFTA_STAT": "F", "CC_STAT": "F", "NAME_GERM": "Polen"}, "geometry": {"type": "Point", "coordinates": [16.672387875000027, 52.49767402900005]}}, {"type": "Feature", "properties": {"NUTS_ID": "PL42", "LAT": 53.56935522, "LON": 15.57151215, "LEVL_CODE": 2, "CNTR_CODE": "PL", "NAME_LATN": "Zachodniopomorskie", "NUTS_NAME": "Zachodniopomorskie", "MOUNT_TYPE": 0, "URBN_TYPE": 0, "COAST_TYPE": 0, "NAME_ENGL": "Poland", "NAME_FREN": "Pologne", "ISO3_CODE": "POL", "SVRG_UN": "UN Member State", "CAPT": "Warsaw", "EU_STAT": "T", "EFTA_STAT": "F", "CC_STAT": "F", "NAME_GERM": "Polen"}, "geometry": {"type": "Point", "coordinates": [15.571512154000061, 53.569355216000076]}}, {"type": "Feature", "properties": {"NUTS_ID": "PL43", "LAT": 52.17037793, "LON": 15.33391105, "LEVL_CODE": 2, "CNTR_CODE": "PL", "NAME_LATN": "Lubuskie", "NUTS_NAME": "Lubuskie", "MOUNT_TYPE": 0, "URBN_TYPE": 0, "COAST_TYPE": 0, "NAME_ENGL": "Poland", "NAME_FREN": "Pologne", "ISO3_CODE": "POL", "SVRG_UN": "UN Member State", "CAPT": "Warsaw", "EU_STAT": "T", "EFTA_STAT": "F", "CC_STAT": "F", "NAME_GERM": "Polen"}, "geometry": {"type": "Point", "coordinates": [15.33391104900005, 52.17037792700006]}}, {"type": "Feature", "properties": {"NUTS_ID": "PL51", "LAT": 51.0981692, "LON": 16.41173708, "LEVL_CODE": 2, "CNTR_CODE": "PL", "NAME_LATN": "Dolnośląskie", "NUTS_NAME": "Dolnośląskie", "MOUNT_TYPE": 0, "URBN_TYPE": 0, "COAST_TYPE": 0, "NAME_ENGL": "Poland", "NAME_FREN": "Pologne", "ISO3_CODE": "POL", "SVRG_UN": "UN Member State", "CAPT": "Warsaw", "EU_STAT": "T", "EFTA_STAT": "F", "CC_STAT": "F", "NAME_GERM": "Polen"}, "geometry": {"type": "Point", "coordinates": [16.411737075000076, 51.09816919900004]}}, {"type": "Feature", "properties": {"NUTS_ID": "PL52", "LAT": 50.6548009, "LON": 17.91452873, "LEVL_CODE": 2, "CNTR_CODE": "PL", "NAME_LATN": "Opolskie", "NUTS_NAME": "Opolskie", "MOUNT_TYPE": 0, "URBN_TYPE": 0, "COAST_TYPE": 0, "NAME_ENGL": "Poland", "NAME_FREN": "Pologne", "ISO3_CODE": "POL", "SVRG_UN": "UN Member State", "CAPT": "Warsaw", "EU_STAT": "T", "EFTA_STAT": "F", "CC_STAT": "F", "NAME_GERM": "Polen"}, "geometry": {"type": "Point", "coordinates": [17.91452872600007, 50.65480089500005]}}, {"type": "Feature", "properties": {"NUTS_ID": "PL61", "LAT": 53.08000002, "LON": 18.50766851, "LEVL_CODE": 2, "CNTR_CODE": "PL", "NAME_LATN": "Kujawsko-pomorskie", "NUTS_NAME": "Kujawsko-pomorskie", "MOUNT_TYPE": 0, "URBN_TYPE": 0, "COAST_TYPE": 0, "NAME_ENGL": "Poland", "NAME_FREN": "Pologne", "ISO3_CODE": "POL", "SVRG_UN": "UN Member State", "CAPT": "Warsaw", "EU_STAT": "T", "EFTA_STAT": "F", "CC_STAT": "F", "NAME_GERM": "Polen"}, "geometry": {"type": "Point", "coordinates": [18.507668513000056, 53.080000021000046]}}, {"type": "Feature", "properties": {"NUTS_ID": "PL62", "LAT": 53.86107182, "LON": 20.830097, "LEVL_CODE": 2, "CNTR_CODE": "PL", "NAME_LATN": "Warmińsko-mazurskie", "NUTS_NAME": "Warmińsko-mazurskie", "MOUNT_TYPE": 0, "URBN_TYPE": 0, "COAST_TYPE": 0, "NAME_ENGL": "Poland", "NAME_FREN": "Pologne", "ISO3_CODE": "POL", "SVRG_UN": "UN Member State", "CAPT": "Warsaw", "EU_STAT": "T", "EFTA_STAT": "F", "CC_STAT": "F", "NAME_GERM": "Polen"}, "geometry": {"type": "Point", "coordinates": [20.830097, 53.86107181500006]}}, {"type": "Feature", "properties": {"NUTS_ID": "PL63", "LAT": 54.28861445, "LON": 18.0655063, "LEVL_CODE": 2, "CNTR_CODE": "PL", "NAME_LATN": "Pomorskie", "NUTS_NAME": "Pomorskie", "MOUNT_TYPE": 0, "URBN_TYPE": 0, "COAST_TYPE": 0, "NAME_ENGL": "Poland", "NAME_FREN": "Pologne", "ISO3_CODE": "POL", "SVRG_UN": "UN Member State", "CAPT": "Warsaw", "EU_STAT": "T", "EFTA_STAT": "F", "CC_STAT": "F", "NAME_GERM": "Polen"}, "geometry": {"type": "Point", "coordinates": [18.065506301000028, 54.28861445300004]}}, {"type": "Feature", "properties": {"NUTS_ID": "PL71", "LAT": 51.60871221, "LON": 19.40789841, "LEVL_CODE": 2, "CNTR_CODE": "PL", "NAME_LATN": "Łódzkie", "NUTS_NAME": "Łódzkie", "MOUNT_TYPE": 0, "URBN_TYPE": 0, "COAST_TYPE": 0, "NAME_ENGL": "Poland", "NAME_FREN": "Pologne", "ISO3_CODE": "POL", "SVRG_UN": "UN Member State", "CAPT": "Warsaw", "EU_STAT": "T", "EFTA_STAT": "F", "CC_STAT": "F", "NAME_GERM": "Polen"}, "geometry": {"type": "Point", "coordinates": [19.407898413000055, 51.60871221200006]}}, {"type": "Feature", "properties": {"NUTS_ID": "PL72", "LAT": 50.76666328, "LON": 20.78654445, "LEVL_CODE": 2, "CNTR_CODE": "PL", "NAME_LATN": "Świętokrzyskie", "NUTS_NAME": "Świętokrzyskie", "MOUNT_TYPE": 0, "URBN_TYPE": 0, "COAST_TYPE": 0, "NAME_ENGL": "Poland", "NAME_FREN": "Pologne", "ISO3_CODE": "POL", "SVRG_UN": "UN Member State", "CAPT": "Warsaw", "EU_STAT": "T", "EFTA_STAT": "F", "CC_STAT": "F", "NAME_GERM": "Polen"}, "geometry": {"type": "Point", "coordinates": [20.786544451000054, 50.76666327500004]}}, {"type": "Feature", "properties": {"NUTS_ID": "PL81", "LAT": 51.22947975, "LON": 22.88797538, "LEVL_CODE": 2, "CNTR_CODE": "PL", "NAME_LATN": "Lubelskie", "NUTS_NAME": "Lubelskie", "MOUNT_TYPE": 0, "URBN_TYPE": 0, "COAST_TYPE": 0, "NAME_ENGL": "Poland", "NAME_FREN": "Pologne", "ISO3_CODE": "POL", "SVRG_UN": "UN Member State", "CAPT": "Warsaw", "EU_STAT": "T", "EFTA_STAT": "F", "CC_STAT": "F", "NAME_GERM": "Polen"}, "geometry": {"type": "Point", "coordinates": [22.887975382000036, 51.22947975000005]}}, {"type": "Feature", "properties": {"NUTS_ID": "PL82", "LAT": 49.96377589, "LON": 22.15541135, "LEVL_CODE": 2, "CNTR_CODE": "PL", "NAME_LATN": "Podkarpackie", "NUTS_NAME": "Podkarpackie", "MOUNT_TYPE": 0, "URBN_TYPE": 0, "COAST_TYPE": 0, "NAME_ENGL": "Poland", "NAME_FREN": "Pologne", "ISO3_CODE": "POL", "SVRG_UN": "UN Member State", "CAPT": "Warsaw", "EU_STAT": "T", "EFTA_STAT": "F", "CC_STAT": "F", "NAME_GERM": "Polen"}, "geometry": {"type": "Point", "coordinates": [22.155411352000044, 49.96377589000008]}}, {"type": "Feature", "properties": {"NUTS_ID": "PL84", "LAT": 53.26690172, "LON": 22.94462199, "LEVL_CODE": 2, "CNTR_CODE": "PL", "NAME_LATN": "Podlaskie", "NUTS_NAME": "Podlaskie", "MOUNT_TYPE": 0, "URBN_TYPE": 0, "COAST_TYPE": 0, "NAME_ENGL": "Poland", "NAME_FREN": "Pologne", "ISO3_CODE": "POL", "SVRG_UN": "UN Member State", "CAPT": "Warsaw", "EU_STAT": "T", "EFTA_STAT": "F", "CC_STAT": "F", "NAME_GERM": "Polen"}, "geometry": {"type": "Point", "coordinates": [22.944621992000066, 53.266901723000046]}}, {"type": "Feature", "properties": {"NUTS_ID": "PL91", "LAT": 52.23281746, "LON": 21.13865267, "LEVL_CODE": 2, "CNTR_CODE": "PL", "NAME_LATN": "Warszawski stołeczny", "NUTS_NAME": "Warszawski stołeczny", "MOUNT_TYPE": 0, "URBN_TYPE": 0, "COAST_TYPE": 0, "NAME_ENGL": "Poland", "NAME_FREN": "Pologne", "ISO3_CODE": "POL", "SVRG_UN": "UN Member State", "CAPT": "Warsaw", "EU_STAT": "T", "EFTA_STAT": "F", "CC_STAT": "F", "NAME_GERM": "Polen"}, "geometry": {"type": "Point", "coordinates": [21.13865266700003, 52.23281745400004]}}, {"type": "Feature", "properties": {"NUTS_ID": "PL92", "LAT": 51.52851765, "LON": 21.20879675, "LEVL_CODE": 2, "CNTR_CODE": "PL", "NAME_LATN": "Mazowiecki regionalny", "NUTS_NAME": "Mazowiecki regionalny", "MOUNT_TYPE": 0, "URBN_TYPE": 0, "COAST_TYPE": 0, "NAME_ENGL": "Poland", "NAME_FREN": "Pologne", "ISO3_CODE": "POL", "SVRG_UN": "UN Member State", "CAPT": "Warsaw", "EU_STAT": "T", "EFTA_STAT": "F", "CC_STAT": "F", "NAME_GERM": "Polen"}, "geometry": {"type": "Point", "coordinates": [21.208796750000033, 51.528517650000026]}}, {"type": "Feature", "properties": {"NUTS_ID": "PT11", "LAT": 41.45314517, "LON": -7.69327769, "LEVL_CODE": 2, "CNTR_CODE": "PT", "NAME_LATN": "Norte", "NUTS_NAME": "Norte", "MOUNT_TYPE": 0, "URBN_TYPE": 0, "COAST_TYPE": 0, "NAME_ENGL": "Portugal", "NAME_FREN": "Portugal", "ISO3_CODE": "PRT", "SVRG_UN": "UN Member State", "CAPT": "Lisbon", "EU_STAT": "T", "EFTA_STAT": "F", "CC_STAT": "F", "NAME_GERM": "Portugal"}, "geometry": {"type": "Point", "coordinates": [-7.693277694999949, 41.453145171000074]}}, {"type": "Feature", "properties": {"NUTS_ID": "PT15", "LAT": 37.20256001, "LON": -8.12992371, "LEVL_CODE": 2, "CNTR_CODE": "PT", "NAME_LATN": "Algarve", "NUTS_NAME": "Algarve", "MOUNT_TYPE": 0, "URBN_TYPE": 0, "COAST_TYPE": 0, "NAME_ENGL": "Portugal", "NAME_FREN": "Portugal", "ISO3_CODE": "PRT", "SVRG_UN": "UN Member State", "CAPT": "Lisbon", "EU_STAT": "T", "EFTA_STAT": "F", "CC_STAT": "F", "NAME_GERM": "Portugal"}, "geometry": {"type": "Point", "coordinates": [-8.129923711999936, 37.202560009000024]}}, {"type": "Feature", "properties": {"NUTS_ID": "PT16", "LAT": 40.14250407, "LON": -7.99461386, "LEVL_CODE": 2, "CNTR_CODE": "PT", "NAME_LATN": "Centro (PT)", "NUTS_NAME": "Centro (PT)", "MOUNT_TYPE": 0, "URBN_TYPE": 0, "COAST_TYPE": 0, "NAME_ENGL": "Portugal", "NAME_FREN": "Portugal", "ISO3_CODE": "PRT", "SVRG_UN": "UN Member State", "CAPT": "Lisbon", "EU_STAT": "T", "EFTA_STAT": "F", "CC_STAT": "F", "NAME_GERM": "Portugal"}, "geometry": {"type": "Point", "coordinates": [-7.994613862999927, 40.14250407000003]}}, {"type": "Feature", "properties": {"NUTS_ID": "PT17", "LAT": 38.62208515, "LON": -8.88781593, "LEVL_CODE": 2, "CNTR_CODE": "PT", "NAME_LATN": "Área Metropolitana de Lisboa", "NUTS_NAME": "Área Metropolitana de Lisboa", "MOUNT_TYPE": 0, "URBN_TYPE": 0, "COAST_TYPE": 0, "NAME_ENGL": "Portugal", "NAME_FREN": "Portugal", "ISO3_CODE": "PRT", "SVRG_UN": "UN Member State", "CAPT": "Lisbon", "EU_STAT": "T", "EFTA_STAT": "F", "CC_STAT": "F", "NAME_GERM": "Portugal"}, "geometry": {"type": "Point", "coordinates": [-8.887815933999946, 38.62208515200007]}}, {"type": "Feature", "properties": {"NUTS_ID": "PT18", "LAT": 38.47925576, "LON": -8.00167282, "LEVL_CODE": 2, "CNTR_CODE": "PT", "NAME_LATN": "Alentejo", "NUTS_NAME": "Alentejo", "MOUNT_TYPE": 0, "URBN_TYPE": 0, "COAST_TYPE": 0, "NAME_ENGL": "Portugal", "NAME_FREN": "Portugal", "ISO3_CODE": "PRT", "SVRG_UN": "UN Member State", "CAPT": "Lisbon", "EU_STAT": "T", "EFTA_STAT": "F", "CC_STAT": "F", "NAME_GERM": "Portugal"}, "geometry": {"type": "Point", "coordinates": [-8.001672823999968, 38.47925576100005]}}, {"type": "Feature", "properties": {"NUTS_ID": "PT20", "LAT": 37.78463074, "LON": -25.36593989, "LEVL_CODE": 2, "CNTR_CODE": "PT", "NAME_LATN": "Região Autónoma dos Açores", "NUTS_NAME": "Região Autónoma dos Açores", "MOUNT_TYPE": 0, "URBN_TYPE": 0, "COAST_TYPE": 0, "NAME_ENGL": "Portugal", "NAME_FREN": "Portugal", "ISO3_CODE": "PRT", "SVRG_UN": "UN Member State", "CAPT": "Lisbon", "EU_STAT": "T", "EFTA_STAT": "F", "CC_STAT": "F", "NAME_GERM": "Portugal"}, "geometry": {"type": "Point", "coordinates": [-25.365939888999947, 37.78463074200005]}}, {"type": "Feature", "properties": {"NUTS_ID": "PT30", "LAT": 32.73261324, "LON": -16.95025264, "LEVL_CODE": 2, "CNTR_CODE": "PT", "NAME_LATN": "Região Autónoma da Madeira", "NUTS_NAME": "Região Autónoma da Madeira", "MOUNT_TYPE": 0, "URBN_TYPE": 0, "COAST_TYPE": 0, "NAME_ENGL": "Portugal", "NAME_FREN": "Portugal", "ISO3_CODE": "PRT", "SVRG_UN": "UN Member State", "CAPT": "Lisbon", "EU_STAT": "T", "EFTA_STAT": "F", "CC_STAT": "F", "NAME_GERM": "Portugal"}, "geometry": {"type": "Point", "coordinates": [-16.950252641999953, 32.73261324200007]}}, {"type": "Feature", "properties": {"NUTS_ID": "RO11", "LAT": 47.22498825, "LON": 23.34581897, "LEVL_CODE": 2, "CNTR_CODE": "RO", "NAME_LATN": "Nord-Vest", "NUTS_NAME": "Nord-Vest", "MOUNT_TYPE": 0, "URBN_TYPE": 0, "COAST_TYPE": 0, "NAME_ENGL": "Romania", "NAME_FREN": "Roumanie", "ISO3_CODE": "ROU", "SVRG_UN": "UN Member State", "CAPT": "Bucharest", "EU_STAT": "T", "EFTA_STAT": "F", "CC_STAT": "F", "NAME_GERM": "Rumänien"}, "geometry": {"type": "Point", "coordinates": [23.345818972000075, 47.224988246000066]}}, {"type": "Feature", "properties": {"NUTS_ID": "RO12", "LAT": 46.18602212, "LON": 24.81141465, "LEVL_CODE": 2, "CNTR_CODE": "RO", "NAME_LATN": "Centru", "NUTS_NAME": "Centru", "MOUNT_TYPE": 0, "URBN_TYPE": 0, "COAST_TYPE": 0, "NAME_ENGL": "Romania", "NAME_FREN": "Roumanie", "ISO3_CODE": "ROU", "SVRG_UN": "UN Member State", "CAPT": "Bucharest", "EU_STAT": "T", "EFTA_STAT": "F", "CC_STAT": "F", "NAME_GERM": "Rumänien"}, "geometry": {"type": "Point", "coordinates": [24.811414650000074, 46.18602211600006]}}, {"type": "Feature", "properties": {"NUTS_ID": "RO21", "LAT": 47.08926339, "LON": 26.69469134, "LEVL_CODE": 2, "CNTR_CODE": "RO", "NAME_LATN": "Nord-Est", "NUTS_NAME": "Nord-Est", "MOUNT_TYPE": 0, "URBN_TYPE": 0, "COAST_TYPE": 0, "NAME_ENGL": "Romania", "NAME_FREN": "Roumanie", "ISO3_CODE": "ROU", "SVRG_UN": "UN Member State", "CAPT": "Bucharest", "EU_STAT": "T", "EFTA_STAT": "F", "CC_STAT": "F", "NAME_GERM": "Rumänien"}, "geometry": {"type": "Point", "coordinates": [26.694691343000045, 47.08926339300007]}}, {"type": "Feature", "properties": {"NUTS_ID": "RO22", "LAT": 45.45305771, "LON": 26.97444875, "LEVL_CODE": 2, "CNTR_CODE": "RO", "NAME_LATN": "Sud-Est", "NUTS_NAME": "Sud-Est", "MOUNT_TYPE": 0, "URBN_TYPE": 0, "COAST_TYPE": 0, "NAME_ENGL": "Romania", "NAME_FREN": "Roumanie", "ISO3_CODE": "ROU", "SVRG_UN": "UN Member State", "CAPT": "Bucharest", "EU_STAT": "T", "EFTA_STAT": "F", "CC_STAT": "F", "NAME_GERM": "Rumänien"}, "geometry": {"type": "Point", "coordinates": [26.974448749000032, 45.45305770900006]}}, {"type": "Feature", "properties": {"NUTS_ID": "RO31", "LAT": 44.51923544, "LON": 25.34920129, "LEVL_CODE": 2, "CNTR_CODE": "RO", "NAME_LATN": "Sud-Muntenia", "NUTS_NAME": "Sud-Muntenia", "MOUNT_TYPE": 0, "URBN_TYPE": 0, "COAST_TYPE": 0, "NAME_ENGL": "Romania", "NAME_FREN": "Roumanie", "ISO3_CODE": "ROU", "SVRG_UN": "UN Member State", "CAPT": "Bucharest", "EU_STAT": "T", "EFTA_STAT": "F", "CC_STAT": "F", "NAME_GERM": "Rumänien"}, "geometry": {"type": "Point", "coordinates": [25.349201292000032, 44.51923544200008]}}, {"type": "Feature", "properties": {"NUTS_ID": "RO32", "LAT": 44.51389945, "LON": 26.14397029, "LEVL_CODE": 2, "CNTR_CODE": "RO", "NAME_LATN": "Bucureşti-Ilfov", "NUTS_NAME": "Bucureşti-Ilfov", "MOUNT_TYPE": 0, "URBN_TYPE": 0, "COAST_TYPE": 0, "NAME_ENGL": "Romania", "NAME_FREN": "Roumanie", "ISO3_CODE": "ROU", "SVRG_UN": "UN Member State", "CAPT": "Bucharest", "EU_STAT": "T", "EFTA_STAT": "F", "CC_STAT": "F", "NAME_GERM": "Rumänien"}, "geometry": {"type": "Point", "coordinates": [26.14397028600007, 44.51389945000005]}}, {"type": "Feature", "properties": {"NUTS_ID": "RO41", "LAT": 44.59963929, "LON": 23.68593709, "LEVL_CODE": 2, "CNTR_CODE": "RO", "NAME_LATN": "Sud-Vest Oltenia", "NUTS_NAME": "Sud-Vest Oltenia", "MOUNT_TYPE": 0, "URBN_TYPE": 0, "COAST_TYPE": 0, "NAME_ENGL": "Romania", "NAME_FREN": "Roumanie", "ISO3_CODE": "ROU", "SVRG_UN": "UN Member State", "CAPT": "Bucharest", "EU_STAT": "T", "EFTA_STAT": "F", "CC_STAT": "F", "NAME_GERM": "Rumänien"}, "geometry": {"type": "Point", "coordinates": [23.685937094000053, 44.59963928500008]}}, {"type": "Feature", "properties": {"NUTS_ID": "RO42", "LAT": 45.71327866, "LON": 21.98757431, "LEVL_CODE": 2, "CNTR_CODE": "RO", "NAME_LATN": "Vest", "NUTS_NAME": "Vest", "MOUNT_TYPE": 0, "URBN_TYPE": 0, "COAST_TYPE": 0, "NAME_ENGL": "Romania", "NAME_FREN": "Roumanie", "ISO3_CODE": "ROU", "SVRG_UN": "UN Member State", "CAPT": "Bucharest", "EU_STAT": "T", "EFTA_STAT": "F", "CC_STAT": "F", "NAME_GERM": "Rumänien"}, "geometry": {"type": "Point", "coordinates": [21.98757431000007, 45.71327865600006]}}, {"type": "Feature", "properties": {"NUTS_ID": "RS11", "LAT": 44.65932294, "LON": 20.42702758, "LEVL_CODE": 2, "CNTR_CODE": "RS", "NAME_LATN": "City of Belgrade", "NUTS_NAME": "Београдски регион", "MOUNT_TYPE": 0, "URBN_TYPE": 0, "COAST_TYPE": 0, "NAME_ENGL": "Serbia", "NAME_FREN": "Serbie", "ISO3_CODE": "SRB", "SVRG_UN": "UN Member State", "CAPT": "Belgrade", "EU_STAT": "F", "EFTA_STAT": "F", "CC_STAT": "T", "NAME_GERM": "Serbien"}, "geometry": {"type": "Point", "coordinates": [20.42702758200005, 44.65932294000004]}}, {"type": "Feature", "properties": {"NUTS_ID": "RS12", "LAT": 45.40713725, "LON": 20.08215033, "LEVL_CODE": 2, "CNTR_CODE": "RS", "NAME_LATN": "Autonomous Province of Vojvodina", "NUTS_NAME": "Регион Војводине", "MOUNT_TYPE": 0, "URBN_TYPE": 0, "COAST_TYPE": 0, "NAME_ENGL": "Serbia", "NAME_FREN": "Serbie", "ISO3_CODE": "SRB", "SVRG_UN": "UN Member State", "CAPT": "Belgrade", "EU_STAT": "F", "EFTA_STAT": "F", "CC_STAT": "T", "NAME_GERM": "Serbien"}, "geometry": {"type": "Point", "coordinates": [20.082150327000022, 45.40713725200004]}}, {"type": "Feature", "properties": {"NUTS_ID": "RS21", "LAT": 43.85425912, "LON": 20.33869724, "LEVL_CODE": 2, "CNTR_CODE": "RS", "NAME_LATN": "Region Šumadije i Zapadne Srbije", "NUTS_NAME": "Регион Шумадије и Западне Србије", "MOUNT_TYPE": 0, "URBN_TYPE": 0, "COAST_TYPE": 0, "NAME_ENGL": "Serbia", "NAME_FREN": "Serbie", "ISO3_CODE": "SRB", "SVRG_UN": "UN Member State", "CAPT": "Belgrade", "EU_STAT": "F", "EFTA_STAT": "F", "CC_STAT": "T", "NAME_GERM": "Serbien"}, "geometry": {"type": "Point", "coordinates": [20.33869723500004, 43.85425911600004]}}, {"type": "Feature", "properties": {"NUTS_ID": "RS22", "LAT": 43.5783933, "LON": 21.92681451, "LEVL_CODE": 2, "CNTR_CODE": "RS", "NAME_LATN": "Region Južne i Istočne Srbije", "NUTS_NAME": "Регион Јужне и Источне Србије", "MOUNT_TYPE": 0, "URBN_TYPE": 0, "COAST_TYPE": 0, "NAME_ENGL": "Serbia", "NAME_FREN": "Serbie", "ISO3_CODE": "SRB", "SVRG_UN": "UN Member State", "CAPT": "Belgrade", "EU_STAT": "F", "EFTA_STAT": "F", "CC_STAT": "T", "NAME_GERM": "Serbien"}, "geometry": {"type": "Point", "coordinates": [21.926814514000057, 43.57839330100006]}}, {"type": "Feature", "properties": {"NUTS_ID": "SE11", "LAT": 59.35147587, "LON": 17.74353641, "LEVL_CODE": 2, "CNTR_CODE": "SE", "NAME_LATN": "Stockholm", "NUTS_NAME": "Stockholm", "MOUNT_TYPE": 0, "URBN_TYPE": 0, "COAST_TYPE": 0, "NAME_ENGL": "Sweden", "NAME_FREN": "Suède", "ISO3_CODE": "SWE", "SVRG_UN": "UN Member State", "CAPT": "Stockholm", "EU_STAT": "T", "EFTA_STAT": "F", "CC_STAT": "F", "NAME_GERM": "Schweden"}, "geometry": {"type": "Point", "coordinates": [17.743536409000058, 59.35147587300003]}}, {"type": "Feature", "properties": {"NUTS_ID": "SE12", "LAT": 59.22744039, "LON": 16.11491373, "LEVL_CODE": 2, "CNTR_CODE": "SE", "NAME_LATN": "Östra Mellansverige", "NUTS_NAME": "Östra Mellansverige", "MOUNT_TYPE": 0, "URBN_TYPE": 0, "COAST_TYPE": 0, "NAME_ENGL": "Sweden", "NAME_FREN": "Suède", "ISO3_CODE": "SWE", "SVRG_UN": "UN Member State", "CAPT": "Stockholm", "EU_STAT": "T", "EFTA_STAT": "F", "CC_STAT": "F", "NAME_GERM": "Schweden"}, "geometry": {"type": "Point", "coordinates": [16.114913727000044, 59.22744038600007]}}, {"type": "Feature", "properties": {"NUTS_ID": "SE21", "LAT": 57.2132967, "LON": 14.99129872, "LEVL_CODE": 2, "CNTR_CODE": "SE", "NAME_LATN": "Småland med öarna", "NUTS_NAME": "Småland med öarna", "MOUNT_TYPE": 0, "URBN_TYPE": 0, "COAST_TYPE": 0, "NAME_ENGL": "Sweden", "NAME_FREN": "Suède", "ISO3_CODE": "SWE", "SVRG_UN": "UN Member State", "CAPT": "Stockholm", "EU_STAT": "T", "EFTA_STAT": "F", "CC_STAT": "F", "NAME_GERM": "Schweden"}, "geometry": {"type": "Point", "coordinates": [14.991298718000053, 57.21329670300008]}}, {"type": "Feature", "properties": {"NUTS_ID": "SE22", "LAT": 55.91134546, "LON": 13.52469546, "LEVL_CODE": 2, "CNTR_CODE": "SE", "NAME_LATN": "Sydsverige", "NUTS_NAME": "Sydsverige", "MOUNT_TYPE": 0, "URBN_TYPE": 0, "COAST_TYPE": 0, "NAME_ENGL": "Sweden", "NAME_FREN": "Suède", "ISO3_CODE": "SWE", "SVRG_UN": "UN Member State", "CAPT": "Stockholm", "EU_STAT": "T", "EFTA_STAT": "F", "CC_STAT": "F", "NAME_GERM": "Schweden"}, "geometry": {"type": "Point", "coordinates": [13.524695455000028, 55.91134546300003]}}, {"type": "Feature", "properties": {"NUTS_ID": "SE23", "LAT": 58.11093745, "LON": 12.87198137, "LEVL_CODE": 2, "CNTR_CODE": "SE", "NAME_LATN": "Västsverige", "NUTS_NAME": "Västsverige", "MOUNT_TYPE": 0, "URBN_TYPE": 0, "COAST_TYPE": 0, "NAME_ENGL": "Sweden", "NAME_FREN": "Suède", "ISO3_CODE": "SWE", "SVRG_UN": "UN Member State", "CAPT": "Stockholm", "EU_STAT": "T", "EFTA_STAT": "F", "CC_STAT": "F", "NAME_GERM": "Schweden"}, "geometry": {"type": "Point", "coordinates": [12.871981366000057, 58.11093745000005]}}, {"type": "Feature", "properties": {"NUTS_ID": "SE31", "LAT": 60.74681661, "LON": 14.54809805, "LEVL_CODE": 2, "CNTR_CODE": "SE", "NAME_LATN": "Norra Mellansverige", "NUTS_NAME": "Norra Mellansverige", "MOUNT_TYPE": 0, "URBN_TYPE": 0, "COAST_TYPE": 0, "NAME_ENGL": "Sweden", "NAME_FREN": "Suède", "ISO3_CODE": "SWE", "SVRG_UN": "UN Member State", "CAPT": "Stockholm", "EU_STAT": "T", "EFTA_STAT": "F", "CC_STAT": "F", "NAME_GERM": "Schweden"}, "geometry": {"type": "Point", "coordinates": [14.548098053000047, 60.746816608000074]}}, {"type": "Feature", "properties": {"NUTS_ID": "SE32", "LAT": 63.2149965, "LON": 15.17670559, "LEVL_CODE": 2, "CNTR_CODE": "SE", "NAME_LATN": "Mellersta Norrland", "NUTS_NAME": "Mellersta Norrland", "MOUNT_TYPE": 0, "URBN_TYPE": 0, "COAST_TYPE": 0, "NAME_ENGL": "Sweden", "NAME_FREN": "Suède", "ISO3_CODE": "SWE", "SVRG_UN": "UN Member State", "CAPT": "Stockholm", "EU_STAT": "T", "EFTA_STAT": "F", "CC_STAT": "F", "NAME_GERM": "Schweden"}, "geometry": {"type": "Point", "coordinates": [15.17670558900005, 63.21499649400005]}}, {"type": "Feature", "properties": {"NUTS_ID": "SE33", "LAT": 66.24110718, "LON": 19.29063561, "LEVL_CODE": 2, "CNTR_CODE": "SE", "NAME_LATN": "Övre Norrland", "NUTS_NAME": "Övre Norrland", "MOUNT_TYPE": 0, "URBN_TYPE": 0, "COAST_TYPE": 0, "NAME_ENGL": "Sweden", "NAME_FREN": "Suède", "ISO3_CODE": "SWE", "SVRG_UN": "UN Member State", "CAPT": "Stockholm", "EU_STAT": "T", "EFTA_STAT": "F", "CC_STAT": "F", "NAME_GERM": "Schweden"}, "geometry": {"type": "Point", "coordinates": [19.290635612000074, 66.24110717600007]}}, {"type": "Feature", "properties": {"NUTS_ID": "SI03", "LAT": 46.17241271, "LON": 15.27538133, "LEVL_CODE": 2, "CNTR_CODE": "SI", "NAME_LATN": "Vzhodna Slovenija", "NUTS_NAME": "Vzhodna Slovenija", "MOUNT_TYPE": 0, "URBN_TYPE": 0, "COAST_TYPE": 0, "NAME_ENGL": "Slovenia", "NAME_FREN": "Slovénie", "ISO3_CODE": "SVN", "SVRG_UN": "UN Member State", "CAPT": "Ljubljana", "EU_STAT": "T", "EFTA_STAT": "F", "CC_STAT": "F", "NAME_GERM": "Slowenien"}, "geometry": {"type": "Point", "coordinates": [15.275381332000052, 46.172412706000046]}}, {"type": "Feature", "properties": {"NUTS_ID": "SI04", "LAT": 46.15317471, "LON": 14.222757, "LEVL_CODE": 2, "CNTR_CODE": "SI", "NAME_LATN": "Zahodna Slovenija", "NUTS_NAME": "Zahodna Slovenija", "MOUNT_TYPE": 0, "URBN_TYPE": 0, "COAST_TYPE": 0, "NAME_ENGL": "Slovenia", "NAME_FREN": "Slovénie", "ISO3_CODE": "SVN", "SVRG_UN": "UN Member State", "CAPT": "Ljubljana", "EU_STAT": "T", "EFTA_STAT": "F", "CC_STAT": "F", "NAME_GERM": "Slowenien"}, "geometry": {"type": "Point", "coordinates": [14.222757, 46.15317471000003]}}, {"type": "Feature", "properties": {"NUTS_ID": "SK01", "LAT": 48.29976135, "LON": 17.16073797, "LEVL_CODE": 2, "CNTR_CODE": "SK", "NAME_LATN": "Bratislavský kraj", "NUTS_NAME": "Bratislavský kraj", "MOUNT_TYPE": 0, "URBN_TYPE": 0, "COAST_TYPE": 0, "NAME_ENGL": "Slovakia", "NAME_FREN": "Slovaquie", "ISO3_CODE": "SVK", "SVRG_UN": "UN Member State", "CAPT": "Bratislava", "EU_STAT": "T", "EFTA_STAT": "F", "CC_STAT": "F", "NAME_GERM": "Slowakei"}, "geometry": {"type": "Point", "coordinates": [17.16073797100006, 48.29976134800006]}}, {"type": "Feature", "properties": {"NUTS_ID": "SK02", "LAT": 48.40569368, "LON": 18.07010201, "LEVL_CODE": 2, "CNTR_CODE": "SK", "NAME_LATN": "Západné Slovensko", "NUTS_NAME": "Západné Slovensko", "MOUNT_TYPE": 0, "URBN_TYPE": 0, "COAST_TYPE": 0, "NAME_ENGL": "Slovakia", "NAME_FREN": "Slovaquie", "ISO3_CODE": "SVK", "SVRG_UN": "UN Member State", "CAPT": "Bratislava", "EU_STAT": "T", "EFTA_STAT": "F", "CC_STAT": "F", "NAME_GERM": "Slowakei"}, "geometry": {"type": "Point", "coordinates": [18.070102012000063, 48.405693678000034]}}, {"type": "Feature", "properties": {"NUTS_ID": "SK03", "LAT": 48.79601908, "LON": 19.36470591, "LEVL_CODE": 2, "CNTR_CODE": "SK", "NAME_LATN": "Stredné Slovensko", "NUTS_NAME": "Stredné Slovensko", "MOUNT_TYPE": 0, "URBN_TYPE": 0, "COAST_TYPE": 0, "NAME_ENGL": "Slovakia", "NAME_FREN": "Slovaquie", "ISO3_CODE": "SVK", "SVRG_UN": "UN Member State", "CAPT": "Bratislava", "EU_STAT": "T", "EFTA_STAT": "F", "CC_STAT": "F", "NAME_GERM": "Slowakei"}, "geometry": {"type": "Point", "coordinates": [19.364705909000065, 48.79601907400007]}}, {"type": "Feature", "properties": {"NUTS_ID": "SK04", "LAT": 48.9446412, "LON": 21.25266399, "LEVL_CODE": 2, "CNTR_CODE": "SK", "NAME_LATN": "Východné Slovensko", "NUTS_NAME": "Východné Slovensko", "MOUNT_TYPE": 0, "URBN_TYPE": 0, "COAST_TYPE": 0, "NAME_ENGL": "Slovakia", "NAME_FREN": "Slovaquie", "ISO3_CODE": "SVK", "SVRG_UN": "UN Member State", "CAPT": "Bratislava", "EU_STAT": "T", "EFTA_STAT": "F", "CC_STAT": "F", "NAME_GERM": "Slowakei"}, "geometry": {"type": "Point", "coordinates": [21.252663992000066, 48.94464119500003]}}, {"type": "Feature", "properties": {"NUTS_ID": "TR10", "LAT": 41.21863599, "LON": 28.43720434, "LEVL_CODE": 2, "CNTR_CODE": "TR", "NAME_LATN": "İstanbul", "NUTS_NAME": "İstanbul", "MOUNT_TYPE": 0, "URBN_TYPE": 0, "COAST_TYPE": 0, "NAME_ENGL": "Türkiye", "NAME_FREN": "Turquie", "ISO3_CODE": "TUR", "SVRG_UN": "UN Member State", "CAPT": "Ankara", "EU_STAT": "F", "EFTA_STAT": "F", "CC_STAT": "T", "NAME_GERM": "Türkei"}, "geometry": {"type": "Point", "coordinates": [28.43720434000005, 41.21863598700003]}}, {"type": "Feature", "properties": {"NUTS_ID": "TR21", "LAT": 41.36382103, "LON": 27.17710526, "LEVL_CODE": 2, "CNTR_CODE": "TR", "NAME_LATN": "Tekirdağ, Edirne, Kırklareli", "NUTS_NAME": "Tekirdağ, Edirne, Kırklareli", "MOUNT_TYPE": 0, "URBN_TYPE": 0, "COAST_TYPE": 0, "NAME_ENGL": "Türkiye", "NAME_FREN": "Turquie", "ISO3_CODE": "TUR", "SVRG_UN": "UN Member State", "CAPT": "Ankara", "EU_STAT": "F", "EFTA_STAT": "F", "CC_STAT": "T", "NAME_GERM": "Türkei"}, "geometry": {"type": "Point", "coordinates": [27.177105261000065, 41.36382103300008]}}, {"type": "Feature", "properties": {"NUTS_ID": "TR22", "LAT": 39.82949938, "LON": 27.55523499, "LEVL_CODE": 2, "CNTR_CODE": "TR", "NAME_LATN": "Balıkesir, Çanakkale", "NUTS_NAME": "Balıkesir, Çanakkale", "MOUNT_TYPE": 0, "URBN_TYPE": 0, "COAST_TYPE": 0, "NAME_ENGL": "Türkiye", "NAME_FREN": "Turquie", "ISO3_CODE": "TUR", "SVRG_UN": "UN Member State", "CAPT": "Ankara", "EU_STAT": "F", "EFTA_STAT": "F", "CC_STAT": "T", "NAME_GERM": "Türkei"}, "geometry": {"type": "Point", "coordinates": [27.555234993000056, 39.82949937400008]}}, {"type": "Feature", "properties": {"NUTS_ID": "TR31", "LAT": 38.22263189, "LON": 27.45071744, "LEVL_CODE": 2, "CNTR_CODE": "TR", "NAME_LATN": "İzmir", "NUTS_NAME": "İzmir", "MOUNT_TYPE": 0, "URBN_TYPE": 0, "COAST_TYPE": 0, "NAME_ENGL": "Türkiye", "NAME_FREN": "Turquie", "ISO3_CODE": "TUR", "SVRG_UN": "UN Member State", "CAPT": "Ankara", "EU_STAT": "F", "EFTA_STAT": "F", "CC_STAT": "T", "NAME_GERM": "Türkei"}, "geometry": {"type": "Point", "coordinates": [27.450717439000073, 38.22263188800008]}}, {"type": "Feature", "properties": {"NUTS_ID": "TR32", "LAT": 37.48615924, "LON": 28.66860731, "LEVL_CODE": 2, "CNTR_CODE": "TR", "NAME_LATN": "Aydın, Denizli, Muğla", "NUTS_NAME": "Aydın, Denizli, Muğla", "MOUNT_TYPE": 0, "URBN_TYPE": 0, "COAST_TYPE": 0, "NAME_ENGL": "Türkiye", "NAME_FREN": "Turquie", "ISO3_CODE": "TUR", "SVRG_UN": "UN Member State", "CAPT": "Ankara", "EU_STAT": "F", "EFTA_STAT": "F", "CC_STAT": "T", "NAME_GERM": "Türkei"}, "geometry": {"type": "Point", "coordinates": [28.668607310000027, 37.48615924100005]}}, {"type": "Feature", "properties": {"NUTS_ID": "TR33", "LAT": 39.02714119, "LON": 29.3920999, "LEVL_CODE": 2, "CNTR_CODE": "TR", "NAME_LATN": "Manisa, Afyonkarahisar, Kütahya, Uşak", "NUTS_NAME": "Manisa, Afyonkarahisar, Kütahya, Uşak", "MOUNT_TYPE": 0, "URBN_TYPE": 0, "COAST_TYPE": 0, "NAME_ENGL": "Türkiye", "NAME_FREN": "Turquie", "ISO3_CODE": "TUR", "SVRG_UN": "UN Member State", "CAPT": "Ankara", "EU_STAT": "F", "EFTA_STAT": "F", "CC_STAT": "T", "NAME_GERM": "Türkei"}, "geometry": {"type": "Point", "coordinates": [29.392099899000073, 39.027141191000055]}}, {"type": "Feature", "properties": {"NUTS_ID": "TR41", "LAT": 40.03219981, "LON": 30.07050291, "LEVL_CODE": 2, "CNTR_CODE": "TR", "NAME_LATN": "Bursa, Eskişehir, Bilecik", "NUTS_NAME": "Bursa, Eskişehir, Bilecik", "MOUNT_TYPE": 0, "URBN_TYPE": 0, "COAST_TYPE": 0, "NAME_ENGL": "Türkiye", "NAME_FREN": "Turquie", "ISO3_CODE": "TUR", "SVRG_UN": "UN Member State", "CAPT": "Ankara", "EU_STAT": "F", "EFTA_STAT": "F", "CC_STAT": "T", "NAME_GERM": "Türkei"}, "geometry": {"type": "Point", "coordinates": [30.070502911000062, 40.032199812000044]}}, {"type": "Feature", "properties": {"NUTS_ID": "TR42", "LAT": 40.71221948, "LON": 30.92572991, "LEVL_CODE": 2, "CNTR_CODE": "TR", "NAME_LATN": "Kocaeli, Sakarya, Düzce, Bolu, Yalova", "NUTS_NAME": "Kocaeli, Sakarya, Düzce, Bolu, Yalova", "MOUNT_TYPE": 0, "URBN_TYPE": 0, "COAST_TYPE": 0, "NAME_ENGL": "Türkiye", "NAME_FREN": "Turquie", "ISO3_CODE": "TUR", "SVRG_UN": "UN Member State", "CAPT": "Ankara", "EU_STAT": "F", "EFTA_STAT": "F", "CC_STAT": "T", "NAME_GERM": "Türkei"}, "geometry": {"type": "Point", "coordinates": [30.925729911000076, 40.71221947400005]}}, {"type": "Feature", "properties": {"NUTS_ID": "TR51", "LAT": 39.79274444, "LON": 32.59520135, "LEVL_CODE": 2, "CNTR_CODE": "TR", "NAME_LATN": "Ankara", "NUTS_NAME": "Ankara", "MOUNT_TYPE": 0, "URBN_TYPE": 0, "COAST_TYPE": 0, "NAME_ENGL": "Türkiye", "NAME_FREN": "Turquie", "ISO3_CODE": "TUR", "SVRG_UN": "UN Member State", "CAPT": "Ankara", "EU_STAT": "F", "EFTA_STAT": "F", "CC_STAT": "T", "NAME_GERM": "Türkei"}, "geometry": {"type": "Point", "coordinates": [32.59520134700006, 39.79274444200007]}}, {"type": "Feature", "properties": {"NUTS_ID": "TR52", "LAT": 37.8530222, "LON": 32.70780838, "LEVL_CODE": 2, "CNTR_CODE": "TR", "NAME_LATN": "Konya, Karaman", "NUTS_NAME": "Konya, Karaman", "MOUNT_TYPE": 0, "URBN_TYPE": 0, "COAST_TYPE": 0, "NAME_ENGL": "Türkiye", "NAME_FREN": "Turquie", "ISO3_CODE": "TUR", "SVRG_UN": "UN Member State", "CAPT": "Ankara", "EU_STAT": "F", "EFTA_STAT": "F", "CC_STAT": "T", "NAME_GERM": "Türkei"}, "geometry": {"type": "Point", "coordinates": [32.70780837600006, 37.85302219700003]}}, {"type": "Feature", "properties": {"NUTS_ID": "TR61", "LAT": 37.60708722, "LON": 30.91845075, "LEVL_CODE": 2, "CNTR_CODE": "TR", "NAME_LATN": "Antalya, Isparta, Burdur", "NUTS_NAME": "Antalya, Isparta, Burdur", "MOUNT_TYPE": 0, "URBN_TYPE": 0, "COAST_TYPE": 0, "NAME_ENGL": "Türkiye", "NAME_FREN": "Turquie", "ISO3_CODE": "TUR", "SVRG_UN": "UN Member State", "CAPT": "Ankara", "EU_STAT": "F", "EFTA_STAT": "F", "CC_STAT": "T", "NAME_GERM": "Türkei"}, "geometry": {"type": "Point", "coordinates": [30.918450750000034, 37.60708721700007]}}, {"type": "Feature", "properties": {"NUTS_ID": "TR62", "LAT": 37.16322127, "LON": 35.47367875, "LEVL_CODE": 2, "CNTR_CODE": "TR", "NAME_LATN": "Adana, Mersin", "NUTS_NAME": "Adana, Mersin", "MOUNT_TYPE": 0, "URBN_TYPE": 0, "COAST_TYPE": 0, "NAME_ENGL": "Türkiye", "NAME_FREN": "Turquie", "ISO3_CODE": "TUR", "SVRG_UN": "UN Member State", "CAPT": "Ankara", "EU_STAT": "F", "EFTA_STAT": "F", "CC_STAT": "T", "NAME_GERM": "Türkei"}, "geometry": {"type": "Point", "coordinates": [35.47367875000003, 37.163221272000044]}}, {"type": "Feature", "properties": {"NUTS_ID": "TR63", "LAT": 37.89930668, "LON": 36.77070092, "LEVL_CODE": 2, "CNTR_CODE": "TR", "NAME_LATN": "Hatay, Kahramanmaraş, Osmaniye", "NUTS_NAME": "Hatay, Kahramanmaraş, Osmaniye", "MOUNT_TYPE": 0, "URBN_TYPE": 0, "COAST_TYPE": 0, "NAME_ENGL": "Türkiye", "NAME_FREN": "Turquie", "ISO3_CODE": "TUR", "SVRG_UN": "UN Member State", "CAPT": "Ankara", "EU_STAT": "F", "EFTA_STAT": "F", "CC_STAT": "T", "NAME_GERM": "Türkei"}, "geometry": {"type": "Point", "coordinates": [36.77070092400004, 37.89930668000005]}}, {"type": "Feature", "properties": {"NUTS_ID": "TR71", "LAT": 38.75720095, "LON": 34.21964156, "LEVL_CODE": 2, "CNTR_CODE": "TR", "NAME_LATN": "Kırıkkale, Aksaray, Niğde, Nevşehir, Kırşehir", "NUTS_NAME": "Kırıkkale, Aksaray, Niğde, Nevşehir, Kırşehir", "MOUNT_TYPE": 0, "URBN_TYPE": 0, "COAST_TYPE": 0, "NAME_ENGL": "Türkiye", "NAME_FREN": "Turquie", "ISO3_CODE": "TUR", "SVRG_UN": "UN Member State", "CAPT": "Ankara", "EU_STAT": "F", "EFTA_STAT": "F", "CC_STAT": "T", "NAME_GERM": "Türkei"}, "geometry": {"type": "Point", "coordinates": [34.21964156100006, 38.75720094700006]}}, {"type": "Feature", "properties": {"NUTS_ID": "TR72", "LAT": 39.30941975, "LON": 36.39869466, "LEVL_CODE": 2, "CNTR_CODE": "TR", "NAME_LATN": "Kayseri, Sivas, Yozgat", "NUTS_NAME": "Kayseri, Sivas, Yozgat", "MOUNT_TYPE": 0, "URBN_TYPE": 0, "COAST_TYPE": 0, "NAME_ENGL": "Türkiye", "NAME_FREN": "Turquie", "ISO3_CODE": "TUR", "SVRG_UN": "UN Member State", "CAPT": "Ankara", "EU_STAT": "F", "EFTA_STAT": "F", "CC_STAT": "T", "NAME_GERM": "Türkei"}, "geometry": {"type": "Point", "coordinates": [36.39869466000005, 39.30941974800004]}}, {"type": "Feature", "properties": {"NUTS_ID": "TR81", "LAT": 41.29555666, "LON": 32.34229547, "LEVL_CODE": 2, "CNTR_CODE": "TR", "NAME_LATN": "Zonguldak, Karabük, Bartın", "NUTS_NAME": "Zonguldak, Karabük, Bartın", "MOUNT_TYPE": 0, "URBN_TYPE": 0, "COAST_TYPE": 0, "NAME_ENGL": "Türkiye", "NAME_FREN": "Turquie", "ISO3_CODE": "TUR", "SVRG_UN": "UN Member State", "CAPT": "Ankara", "EU_STAT": "F", "EFTA_STAT": "F", "CC_STAT": "T", "NAME_GERM": "Türkei"}, "geometry": {"type": "Point", "coordinates": [32.34229546500006, 41.29555666300007]}}, {"type": "Feature", "properties": {"NUTS_ID": "TR82", "LAT": 41.30286354, "LON": 33.86295085, "LEVL_CODE": 2, "CNTR_CODE": "TR", "NAME_LATN": "Kastamonu, Çankırı, Sinop", "NUTS_NAME": "Kastamonu, Çankırı, Sinop", "MOUNT_TYPE": 0, "URBN_TYPE": 0, "COAST_TYPE": 0, "NAME_ENGL": "Türkiye", "NAME_FREN": "Turquie", "ISO3_CODE": "TUR", "SVRG_UN": "UN Member State", "CAPT": "Ankara", "EU_STAT": "F", "EFTA_STAT": "F", "CC_STAT": "T", "NAME_GERM": "Türkei"}, "geometry": {"type": "Point", "coordinates": [33.862950848000025, 41.30286354100008]}}, {"type": "Feature", "properties": {"NUTS_ID": "TR83", "LAT": 40.70511189, "LON": 35.62719256, "LEVL_CODE": 2, "CNTR_CODE": "TR", "NAME_LATN": "Samsun, Tokat, Çorum, Amasya", "NUTS_NAME": "Samsun, Tokat, Çorum, Amasya", "MOUNT_TYPE": 0, "URBN_TYPE": 0, "COAST_TYPE": 0, "NAME_ENGL": "Türkiye", "NAME_FREN": "Turquie", "ISO3_CODE": "TUR", "SVRG_UN": "UN Member State", "CAPT": "Ankara", "EU_STAT": "F", "EFTA_STAT": "F", "CC_STAT": "T", "NAME_GERM": "Türkei"}, "geometry": {"type": "Point", "coordinates": [35.62719255600007, 40.705111887000044]}}, {"type": "Feature", "properties": {"NUTS_ID": "TR90", "LAT": 40.76752358, "LON": 39.64990278, "LEVL_CODE": 2, "CNTR_CODE": "TR", "NAME_LATN": "Trabzon, Ordu, Giresun, Rize, Artvin, Gümüşhane", "NUTS_NAME": "Trabzon, Ordu, Giresun, Rize, Artvin, Gümüşhane", "MOUNT_TYPE": 0, "URBN_TYPE": 0, "COAST_TYPE": 0, "NAME_ENGL": "Türkiye", "NAME_FREN": "Turquie", "ISO3_CODE": "TUR", "SVRG_UN": "UN Member State", "CAPT": "Ankara", "EU_STAT": "F", "EFTA_STAT": "F", "CC_STAT": "T", "NAME_GERM": "Türkei"}, "geometry": {"type": "Point", "coordinates": [39.64990277700008, 40.76752358200008]}}, {"type": "Feature", "properties": {"NUTS_ID": "TRA1", "LAT": 39.95442089, "LON": 40.76944345, "LEVL_CODE": 2, "CNTR_CODE": "TR", "NAME_LATN": "Erzurum, Erzincan, Bayburt", "NUTS_NAME": "Erzurum, Erzincan, Bayburt", "MOUNT_TYPE": 0, "URBN_TYPE": 0, "COAST_TYPE": 0, "NAME_ENGL": "Türkiye", "NAME_FREN": "Turquie", "ISO3_CODE": "TUR", "SVRG_UN": "UN Member State", "CAPT": "Ankara", "EU_STAT": "F", "EFTA_STAT": "F", "CC_STAT": "T", "NAME_GERM": "Türkei"}, "geometry": {"type": "Point", "coordinates": [40.769443454000054, 39.95442089100004]}}, {"type": "Feature", "properties": {"NUTS_ID": "TRA2", "LAT": 40.1624416, "LON": 43.19785434, "LEVL_CODE": 2, "CNTR_CODE": "TR", "NAME_LATN": "Ağrı, Kars, Iğdır, Ardahan", "NUTS_NAME": "Ağrı, Kars, Iğdır, Ardahan", "MOUNT_TYPE": 0, "URBN_TYPE": 0, "COAST_TYPE": 0, "NAME_ENGL": "Türkiye", "NAME_FREN": "Turquie", "ISO3_CODE": "TUR", "SVRG_UN": "UN Member State", "CAPT": "Ankara", "EU_STAT": "F", "EFTA_STAT": "F", "CC_STAT": "T", "NAME_GERM": "Türkei"}, "geometry": {"type": "Point", "coordinates": [43.19785434100004, 40.16244159800004]}}, {"type": "Feature", "properties": {"NUTS_ID": "TRB1", "LAT": 38.81603817, "LON": 39.30876223, "LEVL_CODE": 2, "CNTR_CODE": "TR", "NAME_LATN": "Malatya, Elazığ, Bingöl, Tunceli", "NUTS_NAME": "Malatya, Elazığ, Bingöl, Tunceli", "MOUNT_TYPE": 0, "URBN_TYPE": 0, "COAST_TYPE": 0, "NAME_ENGL": "Türkiye", "NAME_FREN": "Turquie", "ISO3_CODE": "TUR", "SVRG_UN": "UN Member State", "CAPT": "Ankara", "EU_STAT": "F", "EFTA_STAT": "F", "CC_STAT": "T", "NAME_GERM": "Türkei"}, "geometry": {"type": "Point", "coordinates": [39.308762229000024, 38.816038167000045]}}, {"type": "Feature", "properties": {"NUTS_ID": "TRB2", "LAT": 38.41481868, "LON": 43.11793755, "LEVL_CODE": 2, "CNTR_CODE": "TR", "NAME_LATN": "Van, Muş, Bitlis, Hakkari", "NUTS_NAME": "Van, Muş, Bitlis, Hakkari", "MOUNT_TYPE": 0, "URBN_TYPE": 0, "COAST_TYPE": 0, "NAME_ENGL": "Türkiye", "NAME_FREN": "Turquie", "ISO3_CODE": "TUR", "SVRG_UN": "UN Member State", "CAPT": "Ankara", "EU_STAT": "F", "EFTA_STAT": "F", "CC_STAT": "T", "NAME_GERM": "Türkei"}, "geometry": {"type": "Point", "coordinates": [43.11793755400004, 38.414818678000074]}}, {"type": "Feature", "properties": {"NUTS_ID": "TRC1", "LAT": 36.94778415, "LON": 37.1299415, "LEVL_CODE": 2, "CNTR_CODE": "TR", "NAME_LATN": "Gaziantep, Adıyaman, Kilis", "NUTS_NAME": "Gaziantep, Adıyaman, Kilis", "MOUNT_TYPE": 0, "URBN_TYPE": 0, "COAST_TYPE": 0, "NAME_ENGL": "Türkiye", "NAME_FREN": "Turquie", "ISO3_CODE": "TUR", "SVRG_UN": "UN Member State", "CAPT": "Ankara", "EU_STAT": "F", "EFTA_STAT": "F", "CC_STAT": "T", "NAME_GERM": "Türkei"}, "geometry": {"type": "Point", "coordinates": [37.12994150000003, 36.94778414600006]}}, {"type": "Feature", "properties": {"NUTS_ID": "TRC2", "LAT": 38.07627988, "LON": 40.50434034, "LEVL_CODE": 2, "CNTR_CODE": "TR", "NAME_LATN": "Şanlıurfa, Diyarbakır", "NUTS_NAME": "Şanlıurfa, Diyarbakır", "MOUNT_TYPE": 0, "URBN_TYPE": 0, "COAST_TYPE": 0, "NAME_ENGL": "Türkiye", "NAME_FREN": "Turquie", "ISO3_CODE": "TUR", "SVRG_UN": "UN Member State", "CAPT": "Ankara", "EU_STAT": "F", "EFTA_STAT": "F", "CC_STAT": "T", "NAME_GERM": "Türkei"}, "geometry": {"type": "Point", "coordinates": [40.50434033600004, 38.07627987400008]}}, {"type": "Feature", "properties": {"NUTS_ID": "TRC3", "LAT": 37.58752869, "LON": 41.65962126, "LEVL_CODE": 2, "CNTR_CODE": "TR", "NAME_LATN": "Mardin, Batman, Şırnak, Siirt", "NUTS_NAME": "Mardin, Batman, Şırnak, Siirt", "MOUNT_TYPE": 0, "URBN_TYPE": 0, "COAST_TYPE": 0, "NAME_ENGL": "Türkiye", "NAME_FREN": "Turquie", "ISO3_CODE": "TUR", "SVRG_UN": "UN Member State", "CAPT": "Ankara", "EU_STAT": "F", "EFTA_STAT": "F", "CC_STAT": "T", "NAME_GERM": "Türkei"}, "geometry": {"type": "Point", "coordinates": [41.65962125800007, 37.58752868600004]}}, {"type": "Feature", "properties": {"NUTS_ID": "UKC1", "LAT": 54.66837394, "LON": -1.7005187, "LEVL_CODE": 2, "CNTR_CODE": "UK", "NAME_LATN": "Tees Valley and Durham", "NUTS_NAME": "Tees Valley and Durham", "MOUNT_TYPE": 0, "URBN_TYPE": 0, "COAST_TYPE": 0, "NAME_ENGL": "United Kingdom", "NAME_FREN": "Royaume-Uni", "ISO3_CODE": "GBR", "SVRG_UN": "UN Member State", "CAPT": "London", "EU_STAT": "F", "EFTA_STAT": "F", "CC_STAT": "F", "NAME_GERM": "Vereinigtes Königreich"}, "geometry": {"type": "Point", "coordinates": [-1.700518700999964, 54.66837394100003]}}, {"type": "Feature", "properties": {"NUTS_ID": "UKC2", "LAT": 55.2213448, "LON": -2.00119393, "LEVL_CODE": 2, "CNTR_CODE": "UK", "NAME_LATN": "Northumberland and Tyne and Wear", "NUTS_NAME": "Northumberland and Tyne and Wear", "MOUNT_TYPE": 0, "URBN_TYPE": 0, "COAST_TYPE": 0, "NAME_ENGL": "United Kingdom", "NAME_FREN": "Royaume-Uni", "ISO3_CODE": "GBR", "SVRG_UN": "UN Member State", "CAPT": "London", "EU_STAT": "F", "EFTA_STAT": "F", "CC_STAT": "F", "NAME_GERM": "Vereinigtes Königreich"}, "geometry": {"type": "Point", "coordinates": [-2.001193924999939, 55.221344798000075]}}, {"type": "Feature", "properties": {"NUTS_ID": "UKD1", "LAT": 54.59733691, "LON": -2.87236252, "LEVL_CODE": 2, "CNTR_CODE": "UK", "NAME_LATN": "Cumbria", "NUTS_NAME": "Cumbria", "MOUNT_TYPE": 0, "URBN_TYPE": 0, "COAST_TYPE": 0, "NAME_ENGL": "United Kingdom", "NAME_FREN": "Royaume-Uni", "ISO3_CODE": "GBR", "SVRG_UN": "UN Member State", "CAPT": "London", "EU_STAT": "F", "EFTA_STAT": "F", "CC_STAT": "F", "NAME_GERM": "Vereinigtes Königreich"}, "geometry": {"type": "Point", "coordinates": [-2.872362521999946, 54.59733691200006]}}, {"type": "Feature", "properties": {"NUTS_ID": "UKD3", "LAT": 53.51209197, "LON": -2.28039948, "LEVL_CODE": 2, "CNTR_CODE": "UK", "NAME_LATN": "Greater Manchester", "NUTS_NAME": "Greater Manchester", "MOUNT_TYPE": 0, "URBN_TYPE": 0, "COAST_TYPE": 0, "NAME_ENGL": "United Kingdom", "NAME_FREN": "Royaume-Uni", "ISO3_CODE": "GBR", "SVRG_UN": "UN Member State", "CAPT": "London", "EU_STAT": "F", "EFTA_STAT": "F", "CC_STAT": "F", "NAME_GERM": "Vereinigtes Königreich"}, "geometry": {"type": "Point", "coordinates": [-2.280399478999925, 53.512091972000064]}}, {"type": "Feature", "properties": {"NUTS_ID": "UKD4", "LAT": 53.84897331, "LON": -2.57222485, "LEVL_CODE": 2, "CNTR_CODE": "UK", "NAME_LATN": "Lancashire", "NUTS_NAME": "Lancashire", "MOUNT_TYPE": 0, "URBN_TYPE": 0, "COAST_TYPE": 0, "NAME_ENGL": "United Kingdom", "NAME_FREN": "Royaume-Uni", "ISO3_CODE": "GBR", "SVRG_UN": "UN Member State", "CAPT": "London", "EU_STAT": "F", "EFTA_STAT": "F", "CC_STAT": "F", "NAME_GERM": "Vereinigtes Königreich"}, "geometry": {"type": "Point", "coordinates": [-2.572224852999966, 53.848973311000066]}}, {"type": "Feature", "properties": {"NUTS_ID": "UKD6", "LAT": 53.205953, "LON": -2.51239177, "LEVL_CODE": 2, "CNTR_CODE": "UK", "NAME_LATN": "Cheshire", "NUTS_NAME": "Cheshire", "MOUNT_TYPE": 0, "URBN_TYPE": 0, "COAST_TYPE": 0, "NAME_ENGL": "United Kingdom", "NAME_FREN": "Royaume-Uni", "ISO3_CODE": "GBR", "SVRG_UN": "UN Member State", "CAPT": "London", "EU_STAT": "F", "EFTA_STAT": "F", "CC_STAT": "F", "NAME_GERM": "Vereinigtes Königreich"}, "geometry": {"type": "Point", "coordinates": [-2.512391770999955, 53.20595299800004]}}, {"type": "Feature", "properties": {"NUTS_ID": "UKD7", "LAT": 53.41250149, "LON": -2.82198291, "LEVL_CODE": 2, "CNTR_CODE": "UK", "NAME_LATN": "Merseyside", "NUTS_NAME": "Merseyside", "MOUNT_TYPE": 0, "URBN_TYPE": 0, "COAST_TYPE": 0, "NAME_ENGL": "United Kingdom", "NAME_FREN": "Royaume-Uni", "ISO3_CODE": "GBR", "SVRG_UN": "UN Member State", "CAPT": "London", "EU_STAT": "F", "EFTA_STAT": "F", "CC_STAT": "F", "NAME_GERM": "Vereinigtes Königreich"}, "geometry": {"type": "Point", "coordinates": [-2.821982914999978, 53.41250148700004]}}, {"type": "Feature", "properties": {"NUTS_ID": "UKE1", "LAT": 53.89552999, "LON": -0.52156531, "LEVL_CODE": 2, "CNTR_CODE": "UK", "NAME_LATN": "East Yorkshire and Northern Lincolnshire", "NUTS_NAME": "East Yorkshire and Northern Lincolnshire", "MOUNT_TYPE": 0, "URBN_TYPE": 0, "COAST_TYPE": 0, "NAME_ENGL": "United Kingdom", "NAME_FREN": "Royaume-Uni", "ISO3_CODE": "GBR", "SVRG_UN": "UN Member State", "CAPT": "London", "EU_STAT": "F", "EFTA_STAT": "F", "CC_STAT": "F", "NAME_GERM": "Vereinigtes Königreich"}, "geometry": {"type": "Point", "coordinates": [-0.521565310999961, 53.89552999300008]}}, {"type": "Feature", "properties": {"NUTS_ID": "UKE2", "LAT": 54.18199812, "LON": -1.41531115, "LEVL_CODE": 2, "CNTR_CODE": "UK", "NAME_LATN": "North Yorkshire", "NUTS_NAME": "North Yorkshire", "MOUNT_TYPE": 0, "URBN_TYPE": 0, "COAST_TYPE": 0, "NAME_ENGL": "United Kingdom", "NAME_FREN": "Royaume-Uni", "ISO3_CODE": "GBR", "SVRG_UN": "UN Member State", "CAPT": "London", "EU_STAT": "F", "EFTA_STAT": "F", "CC_STAT": "F", "NAME_GERM": "Vereinigtes Königreich"}, "geometry": {"type": "Point", "coordinates": [-1.415311147999944, 54.18199812300003]}}, {"type": "Feature", "properties": {"NUTS_ID": "UKE3", "LAT": 53.45456742, "LON": -1.3437295, "LEVL_CODE": 2, "CNTR_CODE": "UK", "NAME_LATN": "South Yorkshire", "NUTS_NAME": "South Yorkshire", "MOUNT_TYPE": 0, "URBN_TYPE": 0, "COAST_TYPE": 0, "NAME_ENGL": "United Kingdom", "NAME_FREN": "Royaume-Uni", "ISO3_CODE": "GBR", "SVRG_UN": "UN Member State", "CAPT": "London", "EU_STAT": "F", "EFTA_STAT": "F", "CC_STAT": "F", "NAME_GERM": "Vereinigtes Königreich"}, "geometry": {"type": "Point", "coordinates": [-1.343729499999938, 53.45456741900006]}}, {"type": "Feature", "properties": {"NUTS_ID": "UKE4", "LAT": 53.72831845, "LON": -1.70532414, "LEVL_CODE": 2, "CNTR_CODE": "UK", "NAME_LATN": "West Yorkshire", "NUTS_NAME": "West Yorkshire", "MOUNT_TYPE": 0, "URBN_TYPE": 0, "COAST_TYPE": 0, "NAME_ENGL": "United Kingdom", "NAME_FREN": "Royaume-Uni", "ISO3_CODE": "GBR", "SVRG_UN": "UN Member State", "CAPT": "London", "EU_STAT": "F", "EFTA_STAT": "F", "CC_STAT": "F", "NAME_GERM": "Vereinigtes Königreich"}, "geometry": {"type": "Point", "coordinates": [-1.705324141999938, 53.72831844500007]}}, {"type": "Feature", "properties": {"NUTS_ID": "UKF1", "LAT": 53.07045673, "LON": -1.404624, "LEVL_CODE": 2, "CNTR_CODE": "UK", "NAME_LATN": "Derbyshire and Nottinghamshire", "NUTS_NAME": "Derbyshire and Nottinghamshire", "MOUNT_TYPE": 0, "URBN_TYPE": 0, "COAST_TYPE": 0, "NAME_ENGL": "United Kingdom", "NAME_FREN": "Royaume-Uni", "ISO3_CODE": "GBR", "SVRG_UN": "UN Member State", "CAPT": "London", "EU_STAT": "F", "EFTA_STAT": "F", "CC_STAT": "F", "NAME_GERM": "Vereinigtes Königreich"}, "geometry": {"type": "Point", "coordinates": [-1.404623998999966, 53.07045672700008]}}, {"type": "Feature", "properties": {"NUTS_ID": "UKF2", "LAT": 52.50144433, "LON": -0.95388263, "LEVL_CODE": 2, "CNTR_CODE": "UK", "NAME_LATN": "Leicestershire, Rutland and Northamptonshire", "NUTS_NAME": "Leicestershire, Rutland and Northamptonshire", "MOUNT_TYPE": 0, "URBN_TYPE": 0, "COAST_TYPE": 0, "NAME_ENGL": "United Kingdom", "NAME_FREN": "Royaume-Uni", "ISO3_CODE": "GBR", "SVRG_UN": "UN Member State", "CAPT": "London", "EU_STAT": "F", "EFTA_STAT": "F", "CC_STAT": "F", "NAME_GERM": "Vereinigtes Königreich"}, "geometry": {"type": "Point", "coordinates": [-0.953882628999963, 52.50144433100007]}}, {"type": "Feature", "properties": {"NUTS_ID": "UKF3", "LAT": 53.09529625, "LON": -0.26667559, "LEVL_CODE": 2, "CNTR_CODE": "UK", "NAME_LATN": "Lincolnshire", "NUTS_NAME": "Lincolnshire", "MOUNT_TYPE": 0, "URBN_TYPE": 0, "COAST_TYPE": 0, "NAME_ENGL": "United Kingdom", "NAME_FREN": "Royaume-Uni", "ISO3_CODE": "GBR", "SVRG_UN": "UN Member State", "CAPT": "London", "EU_STAT": "F", "EFTA_STAT": "F", "CC_STAT": "F", "NAME_GERM": "Vereinigtes Königreich"}, "geometry": {"type": "Point", "coordinates": [-0.266675592999945, 53.09529624700008]}}, {"type": "Feature", "properties": {"NUTS_ID": "UKG1", "LAT": 52.21191376, "LON": -2.16823519, "LEVL_CODE": 2, "CNTR_CODE": "UK", "NAME_LATN": "Herefordshire, Worcestershire and Warwickshire", "NUTS_NAME": "Herefordshire, Worcestershire and Warwickshire", "MOUNT_TYPE": 0, "URBN_TYPE": 0, "COAST_TYPE": 0, "NAME_ENGL": "United Kingdom", "NAME_FREN": "Royaume-Uni", "ISO3_CODE": "GBR", "SVRG_UN": "UN Member State", "CAPT": "London", "EU_STAT": "F", "EFTA_STAT": "F", "CC_STAT": "F", "NAME_GERM": "Vereinigtes Königreich"}, "geometry": {"type": "Point", "coordinates": [-2.168235189999962, 52.21191376100006]}}, {"type": "Feature", "properties": {"NUTS_ID": "UKG2", "LAT": 52.73671677, "LON": -2.40719036, "LEVL_CODE": 2, "CNTR_CODE": "UK", "NAME_LATN": "Shropshire and Staffordshire", "NUTS_NAME": "Shropshire and Staffordshire", "MOUNT_TYPE": 0, "URBN_TYPE": 0, "COAST_TYPE": 0, "NAME_ENGL": "United Kingdom", "NAME_FREN": "Royaume-Uni", "ISO3_CODE": "GBR", "SVRG_UN": "UN Member State", "CAPT": "London", "EU_STAT": "F", "EFTA_STAT": "F", "CC_STAT": "F", "NAME_GERM": "Vereinigtes Königreich"}, "geometry": {"type": "Point", "coordinates": [-2.407190364999963, 52.73671677200008]}}, {"type": "Feature", "properties": {"NUTS_ID": "UKG3", "LAT": 52.49874654, "LON": -1.93446761, "LEVL_CODE": 2, "CNTR_CODE": "UK", "NAME_LATN": "West Midlands", "NUTS_NAME": "West Midlands", "MOUNT_TYPE": 0, "URBN_TYPE": 0, "COAST_TYPE": 0, "NAME_ENGL": "United Kingdom", "NAME_FREN": "Royaume-Uni", "ISO3_CODE": "GBR", "SVRG_UN": "UN Member State", "CAPT": "London", "EU_STAT": "F", "EFTA_STAT": "F", "CC_STAT": "F", "NAME_GERM": "Vereinigtes Königreich"}, "geometry": {"type": "Point", "coordinates": [-1.934467613999971, 52.49874654300004]}}, {"type": "Feature", "properties": {"NUTS_ID": "UKH1", "LAT": 52.45022058, "LON": 0.71837206, "LEVL_CODE": 2, "CNTR_CODE": "UK", "NAME_LATN": "East Anglia", "NUTS_NAME": "East Anglia", "MOUNT_TYPE": 0, "URBN_TYPE": 0, "COAST_TYPE": 0, "NAME_ENGL": "United Kingdom", "NAME_FREN": "Royaume-Uni", "ISO3_CODE": "GBR", "SVRG_UN": "UN Member State", "CAPT": "London", "EU_STAT": "F", "EFTA_STAT": "F", "CC_STAT": "F", "NAME_GERM": "Vereinigtes Königreich"}, "geometry": {"type": "Point", "coordinates": [0.71837206400005, 52.45022057600005]}}, {"type": "Feature", "properties": {"NUTS_ID": "UKH2", "LAT": 51.93861693, "LON": -0.32422191, "LEVL_CODE": 2, "CNTR_CODE": "UK", "NAME_LATN": "Bedfordshire and Hertfordshire", "NUTS_NAME": "Bedfordshire and Hertfordshire", "MOUNT_TYPE": 0, "URBN_TYPE": 0, "COAST_TYPE": 0, "NAME_ENGL": "United Kingdom", "NAME_FREN": "Royaume-Uni", "ISO3_CODE": "GBR", "SVRG_UN": "UN Member State", "CAPT": "London", "EU_STAT": "F", "EFTA_STAT": "F", "CC_STAT": "F", "NAME_GERM": "Vereinigtes Königreich"}, "geometry": {"type": "Point", "coordinates": [-0.324221904999945, 51.93861693100007]}}, {"type": "Feature", "properties": {"NUTS_ID": "UKH3", "LAT": 51.79902464, "LON": 0.48086766, "LEVL_CODE": 2, "CNTR_CODE": "UK", "NAME_LATN": "Essex", "NUTS_NAME": "Essex", "MOUNT_TYPE": 0, "URBN_TYPE": 0, "COAST_TYPE": 0, "NAME_ENGL": "United Kingdom", "NAME_FREN": "Royaume-Uni", "ISO3_CODE": "GBR", "SVRG_UN": "UN Member State", "CAPT": "London", "EU_STAT": "F", "EFTA_STAT": "F", "CC_STAT": "F", "NAME_GERM": "Vereinigtes Königreich"}, "geometry": {"type": "Point", "coordinates": [0.480867660000058, 51.79902463700006]}}, {"type": "Feature", "properties": {"NUTS_ID": "UKI3", "LAT": 51.52757902, "LON": -0.16573975, "LEVL_CODE": 2, "CNTR_CODE": "UK", "NAME_LATN": "Inner London — West", "NUTS_NAME": "Inner London — West", "MOUNT_TYPE": 0, "URBN_TYPE": 0, "COAST_TYPE": 0, "NAME_ENGL": "United Kingdom", "NAME_FREN": "Royaume-Uni", "ISO3_CODE": "GBR", "SVRG_UN": "UN Member State", "CAPT": "London", "EU_STAT": "F", "EFTA_STAT": "F", "CC_STAT": "F", "NAME_GERM": "Vereinigtes Königreich"}, "geometry": {"type": "Point", "coordinates": [-0.165739749999943, 51.52757901500007]}}, {"type": "Feature", "properties": {"NUTS_ID": "UKI4", "LAT": 51.57010547, "LON": -0.10416737, "LEVL_CODE": 2, "CNTR_CODE": "UK", "NAME_LATN": "Inner London — East", "NUTS_NAME": "Inner London — East", "MOUNT_TYPE": 0, "URBN_TYPE": 0, "COAST_TYPE": 0, "NAME_ENGL": "United Kingdom", "NAME_FREN": "Royaume-Uni", "ISO3_CODE": "GBR", "SVRG_UN": "UN Member State", "CAPT": "London", "EU_STAT": "F", "EFTA_STAT": "F", "CC_STAT": "F", "NAME_GERM": "Vereinigtes Königreich"}, "geometry": {"type": "Point", "coordinates": [-0.104167375999964, 51.570105470000044]}}, {"type": "Feature", "properties": {"NUTS_ID": "UKI5", "LAT": 51.56145307, "LON": 0.18929775, "LEVL_CODE": 2, "CNTR_CODE": "UK", "NAME_LATN": "Outer London — East and North East", "NUTS_NAME": "Outer London — East and North East", "MOUNT_TYPE": 0, "URBN_TYPE": 0, "COAST_TYPE": 0, "NAME_ENGL": "United Kingdom", "NAME_FREN": "Royaume-Uni", "ISO3_CODE": "GBR", "SVRG_UN": "UN Member State", "CAPT": "London", "EU_STAT": "F", "EFTA_STAT": "F", "CC_STAT": "F", "NAME_GERM": "Vereinigtes Königreich"}, "geometry": {"type": "Point", "coordinates": [0.189297751000026, 51.561453071000074]}}, {"type": "Feature", "properties": {"NUTS_ID": "UKI6", "LAT": 51.37727816, "LON": -0.0812778, "LEVL_CODE": 2, "CNTR_CODE": "UK", "NAME_LATN": "Outer London — South", "NUTS_NAME": "Outer London — South", "MOUNT_TYPE": 0, "URBN_TYPE": 0, "COAST_TYPE": 0, "NAME_ENGL": "United Kingdom", "NAME_FREN": "Royaume-Uni", "ISO3_CODE": "GBR", "SVRG_UN": "UN Member State", "CAPT": "London", "EU_STAT": "F", "EFTA_STAT": "F", "CC_STAT": "F", "NAME_GERM": "Vereinigtes Königreich"}, "geometry": {"type": "Point", "coordinates": [-0.081277798999963, 51.37727815900007]}}, {"type": "Feature", "properties": {"NUTS_ID": "UKI7", "LAT": 51.53941112, "LON": -0.33377092, "LEVL_CODE": 2, "CNTR_CODE": "UK", "NAME_LATN": "Outer London — West and North West", "NUTS_NAME": "Outer London — West and North West", "MOUNT_TYPE": 0, "URBN_TYPE": 0, "COAST_TYPE": 0, "NAME_ENGL": "United Kingdom", "NAME_FREN": "Royaume-Uni", "ISO3_CODE": "GBR", "SVRG_UN": "UN Member State", "CAPT": "London", "EU_STAT": "F", "EFTA_STAT": "F", "CC_STAT": "F", "NAME_GERM": "Vereinigtes Königreich"}, "geometry": {"type": "Point", "coordinates": [-0.333770915999935, 51.53941112100006]}}, {"type": "Feature", "properties": {"NUTS_ID": "UKJ1", "LAT": 51.71361732, "LON": -1.09679983, "LEVL_CODE": 2, "CNTR_CODE": "UK", "NAME_LATN": "Berkshire, Buckinghamshire and Oxfordshire", "NUTS_NAME": "Berkshire, Buckinghamshire and Oxfordshire", "MOUNT_TYPE": 0, "URBN_TYPE": 0, "COAST_TYPE": 0, "NAME_ENGL": "United Kingdom", "NAME_FREN": "Royaume-Uni", "ISO3_CODE": "GBR", "SVRG_UN": "UN Member State", "CAPT": "London", "EU_STAT": "F", "EFTA_STAT": "F", "CC_STAT": "F", "NAME_GERM": "Vereinigtes Königreich"}, "geometry": {"type": "Point", "coordinates": [-1.096799827999973, 51.71361731600007]}}, {"type": "Feature", "properties": {"NUTS_ID": "UKJ2", "LAT": 51.0593235, "LON": -0.22354414, "LEVL_CODE": 2, "CNTR_CODE": "UK", "NAME_LATN": "Surrey, East and West Sussex", "NUTS_NAME": "Surrey, East and West Sussex", "MOUNT_TYPE": 0, "URBN_TYPE": 0, "COAST_TYPE": 0, "NAME_ENGL": "United Kingdom", "NAME_FREN": "Royaume-Uni", "ISO3_CODE": "GBR", "SVRG_UN": "UN Member State", "CAPT": "London", "EU_STAT": "F", "EFTA_STAT": "F", "CC_STAT": "F", "NAME_GERM": "Vereinigtes Königreich"}, "geometry": {"type": "Point", "coordinates": [-0.223544143999959, 51.059323498000026]}}, {"type": "Feature", "properties": {"NUTS_ID": "UKJ3", "LAT": 51.07854439, "LON": -1.27286098, "LEVL_CODE": 2, "CNTR_CODE": "UK", "NAME_LATN": "Hampshire and Isle of Wight", "NUTS_NAME": "Hampshire and Isle of Wight", "MOUNT_TYPE": 0, "URBN_TYPE": 0, "COAST_TYPE": 0, "NAME_ENGL": "United Kingdom", "NAME_FREN": "Royaume-Uni", "ISO3_CODE": "GBR", "SVRG_UN": "UN Member State", "CAPT": "London", "EU_STAT": "F", "EFTA_STAT": "F", "CC_STAT": "F", "NAME_GERM": "Vereinigtes Königreich"}, "geometry": {"type": "Point", "coordinates": [-1.272860984999966, 51.07854438600003]}}, {"type": "Feature", "properties": {"NUTS_ID": "UKJ4", "LAT": 51.21810436, "LON": 0.66927248, "LEVL_CODE": 2, "CNTR_CODE": "UK", "NAME_LATN": "Kent", "NUTS_NAME": "Kent", "MOUNT_TYPE": 0, "URBN_TYPE": 0, "COAST_TYPE": 0, "NAME_ENGL": "United Kingdom", "NAME_FREN": "Royaume-Uni", "ISO3_CODE": "GBR", "SVRG_UN": "UN Member State", "CAPT": "London", "EU_STAT": "F", "EFTA_STAT": "F", "CC_STAT": "F", "NAME_GERM": "Vereinigtes Königreich"}, "geometry": {"type": "Point", "coordinates": [0.669272482000054, 51.218104356000026]}}, {"type": "Feature", "properties": {"NUTS_ID": "UKK1", "LAT": 51.54514943, "LON": -2.11419068, "LEVL_CODE": 2, "CNTR_CODE": "UK", "NAME_LATN": "Gloucestershire, Wiltshire and Bristol/Bath area", "NUTS_NAME": "Gloucestershire, Wiltshire and Bristol/Bath area", "MOUNT_TYPE": 0, "URBN_TYPE": 0, "COAST_TYPE": 0, "NAME_ENGL": "United Kingdom", "NAME_FREN": "Royaume-Uni", "ISO3_CODE": "GBR", "SVRG_UN": "UN Member State", "CAPT": "London", "EU_STAT": "F", "EFTA_STAT": "F", "CC_STAT": "F", "NAME_GERM": "Vereinigtes Königreich"}, "geometry": {"type": "Point", "coordinates": [-2.114190684999926, 51.545149425000034]}}, {"type": "Feature", "properties": {"NUTS_ID": "UKK2", "LAT": 50.99557374, "LON": -2.67412386, "LEVL_CODE": 2, "CNTR_CODE": "UK", "NAME_LATN": "Dorset and Somerset", "NUTS_NAME": "Dorset and Somerset", "MOUNT_TYPE": 0, "URBN_TYPE": 0, "COAST_TYPE": 0, "NAME_ENGL": "United Kingdom", "NAME_FREN": "Royaume-Uni", "ISO3_CODE": "GBR", "SVRG_UN": "UN Member State", "CAPT": "London", "EU_STAT": "F", "EFTA_STAT": "F", "CC_STAT": "F", "NAME_GERM": "Vereinigtes Königreich"}, "geometry": {"type": "Point", "coordinates": [-2.674123863999966, 50.995573740000054]}}, {"type": "Feature", "properties": {"NUTS_ID": "UKK3", "LAT": 50.44006534, "LON": -4.77621737, "LEVL_CODE": 2, "CNTR_CODE": "UK", "NAME_LATN": "Cornwall and Isles of Scilly", "NUTS_NAME": "Cornwall and Isles of Scilly", "MOUNT_TYPE": 0, "URBN_TYPE": 0, "COAST_TYPE": 0, "NAME_ENGL": "United Kingdom", "NAME_FREN": "Royaume-Uni", "ISO3_CODE": "GBR", "SVRG_UN": "UN Member State", "CAPT": "London", "EU_STAT": "F", "EFTA_STAT": "F", "CC_STAT": "F", "NAME_GERM": "Vereinigtes Königreich"}, "geometry": {"type": "Point", "coordinates": [-4.776217369999927, 50.44006533900006]}}, {"type": "Feature", "properties": {"NUTS_ID": "UKK4", "LAT": 50.74489408, "LON": -3.80058373, "LEVL_CODE": 2, "CNTR_CODE": "UK", "NAME_LATN": "Devon", "NUTS_NAME": "Devon", "MOUNT_TYPE": 0, "URBN_TYPE": 0, "COAST_TYPE": 0, "NAME_ENGL": "United Kingdom", "NAME_FREN": "Royaume-Uni", "ISO3_CODE": "GBR", "SVRG_UN": "UN Member State", "CAPT": "London", "EU_STAT": "F", "EFTA_STAT": "F", "CC_STAT": "F", "NAME_GERM": "Vereinigtes Königreich"}, "geometry": {"type": "Point", "coordinates": [-3.800583726999946, 50.74489407600004]}}, {"type": "Feature", "properties": {"NUTS_ID": "UKL1", "LAT": 52.05848199, "LON": -4.08886185, "LEVL_CODE": 2, "CNTR_CODE": "UK", "NAME_LATN": "West Wales and The Valleys", "NUTS_NAME": "West Wales and The Valleys", "MOUNT_TYPE": 0, "URBN_TYPE": 0, "COAST_TYPE": 0, "NAME_ENGL": "United Kingdom", "NAME_FREN": "Royaume-Uni", "ISO3_CODE": "GBR", "SVRG_UN": "UN Member State", "CAPT": "London", "EU_STAT": "F", "EFTA_STAT": "F", "CC_STAT": "F", "NAME_GERM": "Vereinigtes Königreich"}, "geometry": {"type": "Point", "coordinates": [-4.08886185199998, 52.05848198700005]}}, {"type": "Feature", "properties": {"NUTS_ID": "UKL2", "LAT": 52.28962905, "LON": -3.30492631, "LEVL_CODE": 2, "CNTR_CODE": "UK", "NAME_LATN": "East Wales", "NUTS_NAME": "East Wales", "MOUNT_TYPE": 0, "URBN_TYPE": 0, "COAST_TYPE": 0, "NAME_ENGL": "United Kingdom", "NAME_FREN": "Royaume-Uni", "ISO3_CODE": "GBR", "SVRG_UN": "UN Member State", "CAPT": "London", "EU_STAT": "F", "EFTA_STAT": "F", "CC_STAT": "F", "NAME_GERM": "Vereinigtes Königreich"}, "geometry": {"type": "Point", "coordinates": [-3.304926314999932, 52.28962904800005]}}, {"type": "Feature", "properties": {"NUTS_ID": "UKM5", "LAT": 57.20212962, "LON": -2.68761014, "LEVL_CODE": 2, "CNTR_CODE": "UK", "NAME_LATN": "North Eastern Scotland", "NUTS_NAME": "North Eastern Scotland", "MOUNT_TYPE": 0, "URBN_TYPE": 0, "COAST_TYPE": 0, "NAME_ENGL": "United Kingdom", "NAME_FREN": "Royaume-Uni", "ISO3_CODE": "GBR", "SVRG_UN": "UN Member State", "CAPT": "London", "EU_STAT": "F", "EFTA_STAT": "F", "CC_STAT": "F", "NAME_GERM": "Vereinigtes Königreich"}, "geometry": {"type": "Point", "coordinates": [-2.687610140999936, 57.20212961900006]}}, {"type": "Feature", "properties": {"NUTS_ID": "UKM6", "LAT": 57.22570845, "LON": -4.7090659, "LEVL_CODE": 2, "CNTR_CODE": "UK", "NAME_LATN": "Highlands and Islands", "NUTS_NAME": "Highlands and Islands", "MOUNT_TYPE": 0, "URBN_TYPE": 0, "COAST_TYPE": 0, "NAME_ENGL": "United Kingdom", "NAME_FREN": "Royaume-Uni", "ISO3_CODE": "GBR", "SVRG_UN": "UN Member State", "CAPT": "London", "EU_STAT": "F", "EFTA_STAT": "F", "CC_STAT": "F", "NAME_GERM": "Vereinigtes Königreich"}, "geometry": {"type": "Point", "coordinates": [-4.709065902999953, 57.22570845300004]}}, {"type": "Feature", "properties": {"NUTS_ID": "UKM7", "LAT": 56.44331893, "LON": -4.1810145, "LEVL_CODE": 2, "CNTR_CODE": "UK", "NAME_LATN": "Eastern Scotland", "NUTS_NAME": "Eastern Scotland", "MOUNT_TYPE": 0, "URBN_TYPE": 0, "COAST_TYPE": 0, "NAME_ENGL": "United Kingdom", "NAME_FREN": "Royaume-Uni", "ISO3_CODE": "GBR", "SVRG_UN": "UN Member State", "CAPT": "London", "EU_STAT": "F", "EFTA_STAT": "F", "CC_STAT": "F", "NAME_GERM": "Vereinigtes Königreich"}, "geometry": {"type": "Point", "coordinates": [-4.181014500999936, 56.44331893100008]}}, {"type": "Feature", "properties": {"NUTS_ID": "UKM8", "LAT": 55.85780944, "LON": -4.60156978, "LEVL_CODE": 2, "CNTR_CODE": "UK", "NAME_LATN": "West Central Scotland", "NUTS_NAME": "West Central Scotland", "MOUNT_TYPE": 0, "URBN_TYPE": 0, "COAST_TYPE": 0, "NAME_ENGL": "United Kingdom", "NAME_FREN": "Royaume-Uni", "ISO3_CODE": "GBR", "SVRG_UN": "UN Member State", "CAPT": "London", "EU_STAT": "F", "EFTA_STAT": "F", "CC_STAT": "F", "NAME_GERM": "Vereinigtes Königreich"}, "geometry": {"type": "Point", "coordinates": [-4.601569779999977, 55.85780944100003]}}, {"type": "Feature", "properties": {"NUTS_ID": "UKM9", "LAT": 55.36038064, "LON": -3.69615551, "LEVL_CODE": 2, "CNTR_CODE": "UK", "NAME_LATN": "Southern Scotland", "NUTS_NAME": "Southern Scotland", "MOUNT_TYPE": 0, "URBN_TYPE": 0, "COAST_TYPE": 0, "NAME_ENGL": "United Kingdom", "NAME_FREN": "Royaume-Uni", "ISO3_CODE": "GBR", "SVRG_UN": "UN Member State", "CAPT": "London", "EU_STAT": "F", "EFTA_STAT": "F", "CC_STAT": "F", "NAME_GERM": "Vereinigtes Königreich"}, "geometry": {"type": "Point", "coordinates": [-3.696155512999951, 55.36038063600006]}}, {"type": "Feature", "properties": {"NUTS_ID": "UKN0", "LAT": 54.63055021, "LON": -6.62529704, "LEVL_CODE": 2, "CNTR_CODE": "UK", "NAME_LATN": "Northern Ireland", "NUTS_NAME": "Northern Ireland", "MOUNT_TYPE": 0, "URBN_TYPE": 0, "COAST_TYPE": 0, "NAME_ENGL": "United Kingdom", "NAME_FREN": "Royaume-Uni", "ISO3_CODE": "GBR", "SVRG_UN": "UN Member State", "CAPT": "London", "EU_STAT": "F", "EFTA_STAT": "F", "CC_STAT": "F", "NAME_GERM": "Vereinigtes Königreich"}, "geometry": {"type": "Point", "coordinates": [-6.625297036999939, 54.630550207000056]}}, {"type": "Feature", "properties": {"NUTS_ID": "AL01", "LAT": 41.9425269, "LON": 19.97834447, "LEVL_CODE": 2, "CNTR_CODE": "AL", "NAME_LATN": "Veri", "NUTS_NAME": "Veri", "MOUNT_TYPE": 0, "URBN_TYPE": 0, "COAST_TYPE": 0, "NAME_ENGL": "Albania", "NAME_FREN": "Albanie", "ISO3_CODE": "ALB", "SVRG_UN": "UN Member State", "CAPT": "Tirana", "EU_STAT": "F", "EFTA_STAT": "F", "CC_STAT": "T", "NAME_GERM": "Albanien"}, "geometry": {"type": "Point", "coordinates": [19.97834447100007, 41.942526901000065]}}, {"type": "Feature", "properties": {"NUTS_ID": "AL02", "LAT": 41.1369307, "LON": 20.05725368, "LEVL_CODE": 2, "CNTR_CODE": "AL", "NAME_LATN": "Qender", "NUTS_NAME": "Qender", "MOUNT_TYPE": 0, "URBN_TYPE": 0, "COAST_TYPE": 0, "NAME_ENGL": "Albania", "NAME_FREN": "Albanie", "ISO3_CODE": "ALB", "SVRG_UN": "UN Member State", "CAPT": "Tirana", "EU_STAT": "F", "EFTA_STAT": "F", "CC_STAT": "T", "NAME_GERM": "Albanien"}, "geometry": {"type": "Point", "coordinates": [20.057253682000066, 41.13693069800007]}}, {"type": "Feature", "properties": {"NUTS_ID": "AL03", "LAT": 40.46983961, "LON": 20.1545702, "LEVL_CODE": 2, "CNTR_CODE": "AL", "NAME_LATN": "Jug", "NUTS_NAME": "Jug", "MOUNT_TYPE": 0, "URBN_TYPE": 0, "COAST_TYPE": 0, "NAME_ENGL": "Albania", "NAME_FREN": "Albanie", "ISO3_CODE": "ALB", "SVRG_UN": "UN Member State", "CAPT": "Tirana", "EU_STAT": "F", "EFTA_STAT": "F", "CC_STAT": "T", "NAME_GERM": "Albanien"}, "geometry": {"type": "Point", "coordinates": [20.154570200000023, 40.46983960800003]}}, {"type": "Feature", "properties": {"NUTS_ID": "AT11", "LAT": 47.23607559, "LON": 16.28737638, "LEVL_CODE": 2, "CNTR_CODE": "AT", "NAME_LATN": "Burgenland", "NUTS_NAME": "Burgenland", "MOUNT_TYPE": 0, "URBN_TYPE": 0, "COAST_TYPE": 0, "NAME_ENGL": "Austria", "NAME_FREN": "Autriche", "ISO3_CODE": "AUT", "SVRG_UN": "UN Member State", "CAPT": "Vienna", "EU_STAT": "T", "EFTA_STAT": "F", "CC_STAT": "F", "NAME_GERM": "Österreich"}, "geometry": {"type": "Point", "coordinates": [16.287376375000065, 47.23607559200008]}}, {"type": "Feature", "properties": {"NUTS_ID": "AT12", "LAT": 48.25887967, "LON": 15.76010331, "LEVL_CODE": 2, "CNTR_CODE": "AT", "NAME_LATN": "Niederösterreich", "NUTS_NAME": "Niederösterreich", "MOUNT_TYPE": 0, "URBN_TYPE": 0, "COAST_TYPE": 0, "NAME_ENGL": "Austria", "NAME_FREN": "Autriche", "ISO3_CODE": "AUT", "SVRG_UN": "UN Member State", "CAPT": "Vienna", "EU_STAT": "T", "EFTA_STAT": "F", "CC_STAT": "F", "NAME_GERM": "Österreich"}, "geometry": {"type": "Point", "coordinates": [15.760103308000055, 48.25887966800008]}}, {"type": "Feature", "properties": {"NUTS_ID": "AT13", "LAT": 48.20277454, "LON": 16.39321512, "LEVL_CODE": 2, "CNTR_CODE": "AT", "NAME_LATN": "Wien", "NUTS_NAME": "Wien", "MOUNT_TYPE": 0, "URBN_TYPE": 0, "COAST_TYPE": 0, "NAME_ENGL": "Austria", "NAME_FREN": "Autriche", "ISO3_CODE": "AUT", "SVRG_UN": "UN Member State", "CAPT": "Vienna", "EU_STAT": "T", "EFTA_STAT": "F", "CC_STAT": "F", "NAME_GERM": "Österreich"}, "geometry": {"type": "Point", "coordinates": [16.393215114000043, 48.20277454100005]}}, {"type": "Feature", "properties": {"NUTS_ID": "AT21", "LAT": 46.71609114, "LON": 14.46286113, "LEVL_CODE": 2, "CNTR_CODE": "AT", "NAME_LATN": "Kärnten", "NUTS_NAME": "Kärnten", "MOUNT_TYPE": 0, "URBN_TYPE": 0, "COAST_TYPE": 0, "NAME_ENGL": "Austria", "NAME_FREN": "Autriche", "ISO3_CODE": "AUT", "SVRG_UN": "UN Member State", "CAPT": "Vienna", "EU_STAT": "T", "EFTA_STAT": "F", "CC_STAT": "F", "NAME_GERM": "Österreich"}, "geometry": {"type": "Point", "coordinates": [14.462861124000028, 46.716091136000045]}}, {"type": "Feature", "properties": {"NUTS_ID": "AT22", "LAT": 47.18181399, "LON": 15.52470688, "LEVL_CODE": 2, "CNTR_CODE": "AT", "NAME_LATN": "Steiermark", "NUTS_NAME": "Steiermark", "MOUNT_TYPE": 0, "URBN_TYPE": 0, "COAST_TYPE": 0, "NAME_ENGL": "Austria", "NAME_FREN": "Autriche", "ISO3_CODE": "AUT", "SVRG_UN": "UN Member State", "CAPT": "Vienna", "EU_STAT": "T", "EFTA_STAT": "F", "CC_STAT": "F", "NAME_GERM": "Österreich"}, "geometry": {"type": "Point", "coordinates": [15.52470687500005, 47.18181399300005]}}, {"type": "Feature", "properties": {"NUTS_ID": "AT31", "LAT": 48.14301521, "LON": 13.95030126, "LEVL_CODE": 2, "CNTR_CODE": "AT", "NAME_LATN": "Oberösterreich", "NUTS_NAME": "Oberösterreich", "MOUNT_TYPE": 0, "URBN_TYPE": 0, "COAST_TYPE": 0, "NAME_ENGL": "Austria", "NAME_FREN": "Autriche", "ISO3_CODE": "AUT", "SVRG_UN": "UN Member State", "CAPT": "Vienna", "EU_STAT": "T", "EFTA_STAT": "F", "CC_STAT": "F", "NAME_GERM": "Österreich"}, "geometry": {"type": "Point", "coordinates": [13.950301256000046, 48.143015208000065]}}, {"type": "Feature", "properties": {"NUTS_ID": "AT32", "LAT": 47.2822742, "LON": 13.0001968, "LEVL_CODE": 2, "CNTR_CODE": "AT", "NAME_LATN": "Salzburg", "NUTS_NAME": "Salzburg", "MOUNT_TYPE": 0, "URBN_TYPE": 0, "COAST_TYPE": 0, "NAME_ENGL": "Austria", "NAME_FREN": "Autriche", "ISO3_CODE": "AUT", "SVRG_UN": "UN Member State", "CAPT": "Vienna", "EU_STAT": "T", "EFTA_STAT": "F", "CC_STAT": "F", "NAME_GERM": "Österreich"}, "geometry": {"type": "Point", "coordinates": [13.000196795000022, 47.282274201000064]}}, {"type": "Feature", "properties": {"NUTS_ID": "AT33", "LAT": 47.18093525, "LON": 10.76351123, "LEVL_CODE": 2, "CNTR_CODE": "AT", "NAME_LATN": "Tirol", "NUTS_NAME": "Tirol", "MOUNT_TYPE": 0, "URBN_TYPE": 0, "COAST_TYPE": 0, "NAME_ENGL": "Austria", "NAME_FREN": "Autriche", "ISO3_CODE": "AUT", "SVRG_UN": "UN Member State", "CAPT": "Vienna", "EU_STAT": "T", "EFTA_STAT": "F", "CC_STAT": "F", "NAME_GERM": "Österreich"}, "geometry": {"type": "Point", "coordinates": [10.763511226000048, 47.180935247000036]}}, {"type": "Feature", "properties": {"NUTS_ID": "AT34", "LAT": 47.23660122, "LON": 9.88511543, "LEVL_CODE": 2, "CNTR_CODE": "AT", "NAME_LATN": "Vorarlberg", "NUTS_NAME": "Vorarlberg", "MOUNT_TYPE": 0, "URBN_TYPE": 0, "COAST_TYPE": 0, "NAME_ENGL": "Austria", "NAME_FREN": "Autriche", "ISO3_CODE": "AUT", "SVRG_UN": "UN Member State", "CAPT": "Vienna", "EU_STAT": "T", "EFTA_STAT": "F", "CC_STAT": "F", "NAME_GERM": "Österreich"}, "geometry": {"type": "Point", "coordinates": [9.885115430000042, 47.236601214000075]}}, {"type": "Feature", "properties": {"NUTS_ID": "BE10", "LAT": 50.84005121, "LON": 4.35692902, "LEVL_CODE": 2, "CNTR_CODE": "BE", "NAME_LATN": "Région de Bruxelles-Capitale/ Brussels Hoofdstedelijk Gewest", "NUTS_NAME": "Région de Bruxelles-Capitale/ Brussels Hoofdstedelijk Gewest", "MOUNT_TYPE": 0, "URBN_TYPE": 0, "COAST_TYPE": 0, "NAME_ENGL": "Belgium", "NAME_FREN": "Belgique", "ISO3_CODE": "BEL", "SVRG_UN": "UN Member State", "CAPT": "Brussels", "EU_STAT": "T", "EFTA_STAT": "F", "CC_STAT": "F", "NAME_GERM": "Belgien"}, "geometry": {"type": "Point", "coordinates": [4.356929018000073, 50.840051206000055]}}, {"type": "Feature", "properties": {"NUTS_ID": "BE21", "LAT": 51.22122369, "LON": 4.72450592, "LEVL_CODE": 2, "CNTR_CODE": "BE", "NAME_LATN": "Prov. Antwerpen", "NUTS_NAME": "Prov. Antwerpen", "MOUNT_TYPE": 0, "URBN_TYPE": 0, "COAST_TYPE": 0, "NAME_ENGL": "Belgium", "NAME_FREN": "Belgique", "ISO3_CODE": "BEL", "SVRG_UN": "UN Member State", "CAPT": "Brussels", "EU_STAT": "T", "EFTA_STAT": "F", "CC_STAT": "F", "NAME_GERM": "Belgien"}, "geometry": {"type": "Point", "coordinates": [4.724505922000048, 51.22122368500004]}}, {"type": "Feature", "properties": {"NUTS_ID": "BE22", "LAT": 50.98167502, "LON": 5.41206909, "LEVL_CODE": 2, "CNTR_CODE": "BE", "NAME_LATN": "Prov. Limburg (BE)", "NUTS_NAME": "Prov. Limburg (BE)", "MOUNT_TYPE": 0, "URBN_TYPE": 0, "COAST_TYPE": 0, "NAME_ENGL": "Belgium", "NAME_FREN": "Belgique", "ISO3_CODE": "BEL", "SVRG_UN": "UN Member State", "CAPT": "Brussels", "EU_STAT": "T", "EFTA_STAT": "F", "CC_STAT": "F", "NAME_GERM": "Belgien"}, "geometry": {"type": "Point", "coordinates": [5.412069092000024, 50.98167502000007]}}, {"type": "Feature", "properties": {"NUTS_ID": "BE23", "LAT": 51.03164619, "LON": 3.80913997, "LEVL_CODE": 2, "CNTR_CODE": "BE", "NAME_LATN": "Prov. Oost-Vlaanderen", "NUTS_NAME": "Prov. Oost-Vlaanderen", "MOUNT_TYPE": 0, "URBN_TYPE": 0, "COAST_TYPE": 0, "NAME_ENGL": "Belgium", "NAME_FREN": "Belgique", "ISO3_CODE": "BEL", "SVRG_UN": "UN Member State", "CAPT": "Brussels", "EU_STAT": "T", "EFTA_STAT": "F", "CC_STAT": "F", "NAME_GERM": "Belgien"}, "geometry": {"type": "Point", "coordinates": [3.809139973000072, 51.03164618900007]}}, {"type": "Feature", "properties": {"NUTS_ID": "BE24", "LAT": 50.87369647, "LON": 4.57248617, "LEVL_CODE": 2, "CNTR_CODE": "BE", "NAME_LATN": "Prov. Vlaams-Brabant", "NUTS_NAME": "Prov. Vlaams-Brabant", "MOUNT_TYPE": 0, "URBN_TYPE": 0, "COAST_TYPE": 0, "NAME_ENGL": "Belgium", "NAME_FREN": "Belgique", "ISO3_CODE": "BEL", "SVRG_UN": "UN Member State", "CAPT": "Brussels", "EU_STAT": "T", "EFTA_STAT": "F", "CC_STAT": "F", "NAME_GERM": "Belgien"}, "geometry": {"type": "Point", "coordinates": [4.572486175000051, 50.87369647100007]}}, {"type": "Feature", "properties": {"NUTS_ID": "BE25", "LAT": 51.01778623, "LON": 3.05166794, "LEVL_CODE": 2, "CNTR_CODE": "BE", "NAME_LATN": "Prov. West-Vlaanderen", "NUTS_NAME": "Prov. West-Vlaanderen", "MOUNT_TYPE": 0, "URBN_TYPE": 0, "COAST_TYPE": 0, "NAME_ENGL": "Belgium", "NAME_FREN": "Belgique", "ISO3_CODE": "BEL", "SVRG_UN": "UN Member State", "CAPT": "Brussels", "EU_STAT": "T", "EFTA_STAT": "F", "CC_STAT": "F", "NAME_GERM": "Belgien"}, "geometry": {"type": "Point", "coordinates": [3.051667941000062, 51.01778623300004]}}, {"type": "Feature", "properties": {"NUTS_ID": "BE31", "LAT": 50.665915, "LON": 4.5922624, "LEVL_CODE": 2, "CNTR_CODE": "BE", "NAME_LATN": "Prov. Brabant Wallon", "NUTS_NAME": "Prov. Brabant Wallon", "MOUNT_TYPE": 0, "URBN_TYPE": 0, "COAST_TYPE": 0, "NAME_ENGL": "Belgium", "NAME_FREN": "Belgique", "ISO3_CODE": "BEL", "SVRG_UN": "UN Member State", "CAPT": "Brussels", "EU_STAT": "T", "EFTA_STAT": "F", "CC_STAT": "F", "NAME_GERM": "Belgien"}, "geometry": {"type": "Point", "coordinates": [4.59226239700007, 50.66591500100003]}}, {"type": "Feature", "properties": {"NUTS_ID": "BE32", "LAT": 50.5254712, "LON": 3.91697825, "LEVL_CODE": 2, "CNTR_CODE": "BE", "NAME_LATN": "Prov. Hainaut", "NUTS_NAME": "Prov. Hainaut", "MOUNT_TYPE": 0, "URBN_TYPE": 0, "COAST_TYPE": 0, "NAME_ENGL": "Belgium", "NAME_FREN": "Belgique", "ISO3_CODE": "BEL", "SVRG_UN": "UN Member State", "CAPT": "Brussels", "EU_STAT": "T", "EFTA_STAT": "F", "CC_STAT": "F", "NAME_GERM": "Belgien"}, "geometry": {"type": "Point", "coordinates": [3.916978250000057, 50.52547120200006]}}, {"type": "Feature", "properties": {"NUTS_ID": "BE33", "LAT": 50.52030487, "LON": 5.73103616, "LEVL_CODE": 2, "CNTR_CODE": "BE", "NAME_LATN": "Prov. Liège", "NUTS_NAME": "Prov. Liège", "MOUNT_TYPE": 0, "URBN_TYPE": 0, "COAST_TYPE": 0, "NAME_ENGL": "Belgium", "NAME_FREN": "Belgique", "ISO3_CODE": "BEL", "SVRG_UN": "UN Member State", "CAPT": "Brussels", "EU_STAT": "T", "EFTA_STAT": "F", "CC_STAT": "F", "NAME_GERM": "Belgien"}, "geometry": {"type": "Point", "coordinates": [5.731036154000037, 50.520304870000075]}}, {"type": "Feature", "properties": {"NUTS_ID": "BE34", "LAT": 49.95679067, "LON": 5.52106567, "LEVL_CODE": 2, "CNTR_CODE": "BE", "NAME_LATN": "Prov. Luxembourg (BE)", "NUTS_NAME": "Prov. Luxembourg (BE)", "MOUNT_TYPE": 0, "URBN_TYPE": 0, "COAST_TYPE": 0, "NAME_ENGL": "Belgium", "NAME_FREN": "Belgique", "ISO3_CODE": "BEL", "SVRG_UN": "UN Member State", "CAPT": "Brussels", "EU_STAT": "T", "EFTA_STAT": "F", "CC_STAT": "F", "NAME_GERM": "Belgien"}, "geometry": {"type": "Point", "coordinates": [5.521065669000052, 49.956790666000074]}}, {"type": "Feature", "properties": {"NUTS_ID": "BE35", "LAT": 50.27364335, "LON": 4.8670072, "LEVL_CODE": 2, "CNTR_CODE": "BE", "NAME_LATN": "Prov. Namur", "NUTS_NAME": "Prov. Namur", "MOUNT_TYPE": 0, "URBN_TYPE": 0, "COAST_TYPE": 0, "NAME_ENGL": "Belgium", "NAME_FREN": "Belgique", "ISO3_CODE": "BEL", "SVRG_UN": "UN Member State", "CAPT": "Brussels", "EU_STAT": "T", "EFTA_STAT": "F", "CC_STAT": "F", "NAME_GERM": "Belgien"}, "geometry": {"type": "Point", "coordinates": [4.867007200000046, 50.27364334600003]}}, {"type": "Feature", "properties": {"NUTS_ID": "BG31", "LAT": 43.42009425, "LON": 23.87627513, "LEVL_CODE": 2, "CNTR_CODE": "BG", "NAME_LATN": "Severozapaden", "NUTS_NAME": "Северозападен", "MOUNT_TYPE": 0, "URBN_TYPE": 0, "COAST_TYPE": 0, "NAME_ENGL": "Bulgaria", "NAME_FREN": "Bulgarie", "ISO3_CODE": "BGR", "SVRG_UN": "UN Member State", "CAPT": "Sofia", "EU_STAT": "T", "EFTA_STAT": "F", "CC_STAT": "F", "NAME_GERM": "Bulgarien"}, "geometry": {"type": "Point", "coordinates": [23.876275132000046, 43.42009425300006]}}, {"type": "Feature", "properties": {"NUTS_ID": "BG32", "LAT": 43.22229868, "LON": 25.59300507, "LEVL_CODE": 2, "CNTR_CODE": "BG", "NAME_LATN": "Severen tsentralen", "NUTS_NAME": "Северен централен", "MOUNT_TYPE": 0, "URBN_TYPE": 0, "COAST_TYPE": 0, "NAME_ENGL": "Bulgaria", "NAME_FREN": "Bulgarie", "ISO3_CODE": "BGR", "SVRG_UN": "UN Member State", "CAPT": "Sofia", "EU_STAT": "T", "EFTA_STAT": "F", "CC_STAT": "F", "NAME_GERM": "Bulgarien"}, "geometry": {"type": "Point", "coordinates": [25.593005066000046, 43.22229867900006]}}, {"type": "Feature", "properties": {"NUTS_ID": "BG33", "LAT": 43.36483348, "LON": 27.3511652, "LEVL_CODE": 2, "CNTR_CODE": "BG", "NAME_LATN": "Severoiztochen", "NUTS_NAME": "Североизточен", "MOUNT_TYPE": 0, "URBN_TYPE": 0, "COAST_TYPE": 0, "NAME_ENGL": "Bulgaria", "NAME_FREN": "Bulgarie", "ISO3_CODE": "BGR", "SVRG_UN": "UN Member State", "CAPT": "Sofia", "EU_STAT": "T", "EFTA_STAT": "F", "CC_STAT": "F", "NAME_GERM": "Bulgarien"}, "geometry": {"type": "Point", "coordinates": [27.35116520300005, 43.36483347600006]}}, {"type": "Feature", "properties": {"NUTS_ID": "BG34", "LAT": 42.47985229, "LON": 26.55341197, "LEVL_CODE": 2, "CNTR_CODE": "BG", "NAME_LATN": "Yugoiztochen", "NUTS_NAME": "Югоизточен", "MOUNT_TYPE": 0, "URBN_TYPE": 0, "COAST_TYPE": 0, "NAME_ENGL": "Bulgaria", "NAME_FREN": "Bulgarie", "ISO3_CODE": "BGR", "SVRG_UN": "UN Member State", "CAPT": "Sofia", "EU_STAT": "T", "EFTA_STAT": "F", "CC_STAT": "F", "NAME_GERM": "Bulgarien"}, "geometry": {"type": "Point", "coordinates": [26.553411965000066, 42.47985229200003]}}, {"type": "Feature", "properties": {"NUTS_ID": "BG41", "LAT": 42.32353712, "LON": 23.3356563, "LEVL_CODE": 2, "CNTR_CODE": "BG", "NAME_LATN": "Yugozapaden", "NUTS_NAME": "Югозападен", "MOUNT_TYPE": 0, "URBN_TYPE": 0, "COAST_TYPE": 0, "NAME_ENGL": "Bulgaria", "NAME_FREN": "Bulgarie", "ISO3_CODE": "BGR", "SVRG_UN": "UN Member State", "CAPT": "Sofia", "EU_STAT": "T", "EFTA_STAT": "F", "CC_STAT": "F", "NAME_GERM": "Bulgarien"}, "geometry": {"type": "Point", "coordinates": [23.33565629800006, 42.32353712200006]}}, {"type": "Feature", "properties": {"NUTS_ID": "BG42", "LAT": 41.74212188, "LON": 25.16690225, "LEVL_CODE": 2, "CNTR_CODE": "BG", "NAME_LATN": "Yuzhen tsentralen", "NUTS_NAME": "Южен централен", "MOUNT_TYPE": 0, "URBN_TYPE": 0, "COAST_TYPE": 0, "NAME_ENGL": "Bulgaria", "NAME_FREN": "Bulgarie", "ISO3_CODE": "BGR", "SVRG_UN": "UN Member State", "CAPT": "Sofia", "EU_STAT": "T", "EFTA_STAT": "F", "CC_STAT": "F", "NAME_GERM": "Bulgarien"}, "geometry": {"type": "Point", "coordinates": [25.166902251000067, 41.742121878000034]}}, {"type": "Feature", "properties": {"NUTS_ID": "CH01", "LAT": 46.1380742, "LON": 7.21687025, "LEVL_CODE": 2, "CNTR_CODE": "CH", "NAME_LATN": "Région lémanique", "NUTS_NAME": "Région lémanique", "MOUNT_TYPE": 0, "URBN_TYPE": 0, "COAST_TYPE": 0, "NAME_ENGL": "Switzerland", "NAME_FREN": "Suisse", "ISO3_CODE": "CHE", "SVRG_UN": "UN Member State", "CAPT": "Bern", "EU_STAT": "F", "EFTA_STAT": "T", "CC_STAT": "F", "NAME_GERM": "Schweiz"}, "geometry": {"type": "Point", "coordinates": [7.216870249000067, 46.13807419800003]}}, {"type": "Feature", "properties": {"NUTS_ID": "CH02", "LAT": 46.90746202, "LON": 7.43350122, "LEVL_CODE": 2, "CNTR_CODE": "CH", "NAME_LATN": "Espace Mittelland", "NUTS_NAME": "Espace Mittelland", "MOUNT_TYPE": 0, "URBN_TYPE": 0, "COAST_TYPE": 0, "NAME_ENGL": "Switzerland", "NAME_FREN": "Suisse", "ISO3_CODE": "CHE", "SVRG_UN": "UN Member State", "CAPT": "Bern", "EU_STAT": "F", "EFTA_STAT": "T", "CC_STAT": "F", "NAME_GERM": "Schweiz"}, "geometry": {"type": "Point", "coordinates": [7.433501215000035, 46.90746201600007]}}, {"type": "Feature", "properties": {"NUTS_ID": "CH03", "LAT": 47.42007439, "LON": 8.19755225, "LEVL_CODE": 2, "CNTR_CODE": "CH", "NAME_LATN": "Nordwestschweiz", "NUTS_NAME": "Nordwestschweiz", "MOUNT_TYPE": 0, "URBN_TYPE": 0, "COAST_TYPE": 0, "NAME_ENGL": "Switzerland", "NAME_FREN": "Suisse", "ISO3_CODE": "CHE", "SVRG_UN": "UN Member State", "CAPT": "Bern", "EU_STAT": "F", "EFTA_STAT": "T", "CC_STAT": "F", "NAME_GERM": "Schweiz"}, "geometry": {"type": "Point", "coordinates": [8.197552250000058, 47.42007438700006]}}, {"type": "Feature", "properties": {"NUTS_ID": "CH04", "LAT": 47.40740398, "LON": 8.64606455, "LEVL_CODE": 2, "CNTR_CODE": "CH", "NAME_LATN": "Zürich", "NUTS_NAME": "Zürich", "MOUNT_TYPE": 0, "URBN_TYPE": 0, "COAST_TYPE": 0, "NAME_ENGL": "Switzerland", "NAME_FREN": "Suisse", "ISO3_CODE": "CHE", "SVRG_UN": "UN Member State", "CAPT": "Bern", "EU_STAT": "F", "EFTA_STAT": "T", "CC_STAT": "F", "NAME_GERM": "Schweiz"}, "geometry": {"type": "Point", "coordinates": [8.646064545000058, 47.40740398300005]}}, {"type": "Feature", "properties": {"NUTS_ID": "CH05", "LAT": 46.74022306, "LON": 9.57005625, "LEVL_CODE": 2, "CNTR_CODE": "CH", "NAME_LATN": "Ostschweiz", "NUTS_NAME": "Ostschweiz", "MOUNT_TYPE": 0, "URBN_TYPE": 0, "COAST_TYPE": 0, "NAME_ENGL": "Switzerland", "NAME_FREN": "Suisse", "ISO3_CODE": "CHE", "SVRG_UN": "UN Member State", "CAPT": "Bern", "EU_STAT": "F", "EFTA_STAT": "T", "CC_STAT": "F", "NAME_GERM": "Schweiz"}, "geometry": {"type": "Point", "coordinates": [9.57005625000005, 46.74022306000006]}}, {"type": "Feature", "properties": {"NUTS_ID": "CH06", "LAT": 46.97064329, "LON": 8.43995654, "LEVL_CODE": 2, "CNTR_CODE": "CH", "NAME_LATN": "Zentralschweiz", "NUTS_NAME": "Zentralschweiz", "MOUNT_TYPE": 0, "URBN_TYPE": 0, "COAST_TYPE": 0, "NAME_ENGL": "Switzerland", "NAME_FREN": "Suisse", "ISO3_CODE": "CHE", "SVRG_UN": "UN Member State", "CAPT": "Bern", "EU_STAT": "F", "EFTA_STAT": "T", "CC_STAT": "F", "NAME_GERM": "Schweiz"}, "geometry": {"type": "Point", "coordinates": [8.43995654400004, 46.97064328600004]}}, {"type": "Feature", "properties": {"NUTS_ID": "CH07", "LAT": 46.30450777, "LON": 8.80815299, "LEVL_CODE": 2, "CNTR_CODE": "CH", "NAME_LATN": "Ticino", "NUTS_NAME": "Ticino", "MOUNT_TYPE": 0, "URBN_TYPE": 0, "COAST_TYPE": 0, "NAME_ENGL": "Switzerland", "NAME_FREN": "Suisse", "ISO3_CODE": "CHE", "SVRG_UN": "UN Member State", "CAPT": "Bern", "EU_STAT": "F", "EFTA_STAT": "T", "CC_STAT": "F", "NAME_GERM": "Schweiz"}, "geometry": {"type": "Point", "coordinates": [8.808152987000028, 46.30450776400005]}}, {"type": "Feature", "properties": {"NUTS_ID": "CY00", "LAT": 35.02835301, "LON": 33.17390344, "LEVL_CODE": 2, "CNTR_CODE": "CY", "NAME_LATN": "Kýpros", "NUTS_NAME": "Κύπρος", "MOUNT_TYPE": 0, "URBN_TYPE": 0, "COAST_TYPE": 0, "NAME_ENGL": "Cyprus", "NAME_FREN": "Chypre", "ISO3_CODE": "CYP", "SVRG_UN": "UN Member State", "CAPT": "Nicosia", "EU_STAT": "T", "EFTA_STAT": "F", "CC_STAT": "F", "NAME_GERM": "Zypern"}, "geometry": {"type": "Point", "coordinates": [33.173903437000035, 35.028353010000046]}}, {"type": "Feature", "properties": {"NUTS_ID": "CZ01", "LAT": 50.06626502, "LON": 14.46299819, "LEVL_CODE": 2, "CNTR_CODE": "CZ", "NAME_LATN": "Praha", "NUTS_NAME": "Praha", "MOUNT_TYPE": 0, "URBN_TYPE": 0, "COAST_TYPE": 0, "NAME_ENGL": "Czechia", "NAME_FREN": "Tchéquie", "ISO3_CODE": "CZE", "SVRG_UN": "UN Member State", "CAPT": "Prague", "EU_STAT": "T", "EFTA_STAT": "F", "CC_STAT": "F", "NAME_GERM": "Tschechien"}, "geometry": {"type": "Point", "coordinates": [14.462998193000033, 50.066265015000056]}}, {"type": "Feature", "properties": {"NUTS_ID": "CZ02", "LAT": 49.7422837, "LON": 14.45485381, "LEVL_CODE": 2, "CNTR_CODE": "CZ", "NAME_LATN": "Střední Čechy", "NUTS_NAME": "Střední Čechy", "MOUNT_TYPE": 0, "URBN_TYPE": 0, "COAST_TYPE": 0, "NAME_ENGL": "Czechia", "NAME_FREN": "Tchéquie", "ISO3_CODE": "CZE", "SVRG_UN": "UN Member State", "CAPT": "Prague", "EU_STAT": "T", "EFTA_STAT": "F", "CC_STAT": "F", "NAME_GERM": "Tschechien"}, "geometry": {"type": "Point", "coordinates": [14.454853810000031, 49.74228369700006]}}, {"type": "Feature", "properties": {"NUTS_ID": "CZ03", "LAT": 49.12762647, "LON": 13.99414025, "LEVL_CODE": 2, "CNTR_CODE": "CZ", "NAME_LATN": "Jihozápad", "NUTS_NAME": "Jihozápad", "MOUNT_TYPE": 0, "URBN_TYPE": 0, "COAST_TYPE": 0, "NAME_ENGL": "Czechia", "NAME_FREN": "Tchéquie", "ISO3_CODE": "CZE", "SVRG_UN": "UN Member State", "CAPT": "Prague", "EU_STAT": "T", "EFTA_STAT": "F", "CC_STAT": "F", "NAME_GERM": "Tschechien"}, "geometry": {"type": "Point", "coordinates": [13.994140250000044, 49.12762646400006]}}, {"type": "Feature", "properties": {"NUTS_ID": "CZ04", "LAT": 50.3978356, "LON": 13.43042446, "LEVL_CODE": 2, "CNTR_CODE": "CZ", "NAME_LATN": "Severozápad", "NUTS_NAME": "Severozápad", "MOUNT_TYPE": 0, "URBN_TYPE": 0, "COAST_TYPE": 0, "NAME_ENGL": "Czechia", "NAME_FREN": "Tchéquie", "ISO3_CODE": "CZE", "SVRG_UN": "UN Member State", "CAPT": "Prague", "EU_STAT": "T", "EFTA_STAT": "F", "CC_STAT": "F", "NAME_GERM": "Tschechien"}, "geometry": {"type": "Point", "coordinates": [13.430424456000026, 50.39783559700004]}}, {"type": "Feature", "properties": {"NUTS_ID": "CZ05", "LAT": 50.27819621, "LON": 15.78012603, "LEVL_CODE": 2, "CNTR_CODE": "CZ", "NAME_LATN": "Severovýchod", "NUTS_NAME": "Severovýchod", "MOUNT_TYPE": 0, "URBN_TYPE": 0, "COAST_TYPE": 0, "NAME_ENGL": "Czechia", "NAME_FREN": "Tchéquie", "ISO3_CODE": "CZE", "SVRG_UN": "UN Member State", "CAPT": "Prague", "EU_STAT": "T", "EFTA_STAT": "F", "CC_STAT": "F", "NAME_GERM": "Tschechien"}, "geometry": {"type": "Point", "coordinates": [15.78012602800004, 50.27819621200007]}}, {"type": "Feature", "properties": {"NUTS_ID": "CZ06", "LAT": 49.24069339, "LON": 16.17561528, "LEVL_CODE": 2, "CNTR_CODE": "CZ", "NAME_LATN": "Jihovýchod", "NUTS_NAME": "Jihovýchod", "MOUNT_TYPE": 0, "URBN_TYPE": 0, "COAST_TYPE": 0, "NAME_ENGL": "Czechia", "NAME_FREN": "Tchéquie", "ISO3_CODE": "CZE", "SVRG_UN": "UN Member State", "CAPT": "Prague", "EU_STAT": "T", "EFTA_STAT": "F", "CC_STAT": "F", "NAME_GERM": "Tschechien"}, "geometry": {"type": "Point", "coordinates": [16.17561528400006, 49.240693392000026]}}, {"type": "Feature", "properties": {"NUTS_ID": "CZ07", "LAT": 49.53900785, "LON": 17.4358349, "LEVL_CODE": 2, "CNTR_CODE": "CZ", "NAME_LATN": "Střední Morava", "NUTS_NAME": "Střední Morava", "MOUNT_TYPE": 0, "URBN_TYPE": 0, "COAST_TYPE": 0, "NAME_ENGL": "Czechia", "NAME_FREN": "Tchéquie", "ISO3_CODE": "CZE", "SVRG_UN": "UN Member State", "CAPT": "Prague", "EU_STAT": "T", "EFTA_STAT": "F", "CC_STAT": "F", "NAME_GERM": "Tschechien"}, "geometry": {"type": "Point", "coordinates": [17.435834897000063, 49.539007852000054]}}, {"type": "Feature", "properties": {"NUTS_ID": "CZ08", "LAT": 49.80287325, "LON": 18.00982293, "LEVL_CODE": 2, "CNTR_CODE": "CZ", "NAME_LATN": "Moravskoslezsko", "NUTS_NAME": "Moravskoslezsko", "MOUNT_TYPE": 0, "URBN_TYPE": 0, "COAST_TYPE": 0, "NAME_ENGL": "Czechia", "NAME_FREN": "Tchéquie", "ISO3_CODE": "CZE", "SVRG_UN": "UN Member State", "CAPT": "Prague", "EU_STAT": "T", "EFTA_STAT": "F", "CC_STAT": "F", "NAME_GERM": "Tschechien"}, "geometry": {"type": "Point", "coordinates": [18.00982293000004, 49.80287325200004]}}, {"type": "Feature", "properties": {"NUTS_ID": "DE11", "LAT": 49.01488213, "LON": 9.62399581, "LEVL_CODE": 2, "CNTR_CODE": "DE", "NAME_LATN": "Stuttgart", "NUTS_NAME": "Stuttgart", "MOUNT_TYPE": 0, "URBN_TYPE": 0, "COAST_TYPE": 0, "NAME_ENGL": "Germany", "NAME_FREN": "Allemagne", "ISO3_CODE": "DEU", "SVRG_UN": "UN Member State", "CAPT": "Berlin", "EU_STAT": "T", "EFTA_STAT": "F", "CC_STAT": "F", "NAME_GERM": "Deutschland"}, "geometry": {"type": "Point", "coordinates": [9.62399580500005, 49.014882130000046]}}, {"type": "Feature", "properties": {"NUTS_ID": "DE12", "LAT": 49.01441472, "LON": 8.67271713, "LEVL_CODE": 2, "CNTR_CODE": "DE", "NAME_LATN": "Karlsruhe", "NUTS_NAME": "Karlsruhe", "MOUNT_TYPE": 0, "URBN_TYPE": 0, "COAST_TYPE": 0, "NAME_ENGL": "Germany", "NAME_FREN": "Allemagne", "ISO3_CODE": "DEU", "SVRG_UN": "UN Member State", "CAPT": "Berlin", "EU_STAT": "T", "EFTA_STAT": "F", "CC_STAT": "F", "NAME_GERM": "Deutschland"}, "geometry": {"type": "Point", "coordinates": [8.672717129000034, 49.01441471500004]}}, {"type": "Feature", "properties": {"NUTS_ID": "DE13", "LAT": 48.02371179, "LON": 8.2188505, "LEVL_CODE": 2, "CNTR_CODE": "DE", "NAME_LATN": "Freiburg", "NUTS_NAME": "Freiburg", "MOUNT_TYPE": 0, "URBN_TYPE": 0, "COAST_TYPE": 0, "NAME_ENGL": "Germany", "NAME_FREN": "Allemagne", "ISO3_CODE": "DEU", "SVRG_UN": "UN Member State", "CAPT": "Berlin", "EU_STAT": "T", "EFTA_STAT": "F", "CC_STAT": "F", "NAME_GERM": "Deutschland"}, "geometry": {"type": "Point", "coordinates": [8.218850502000066, 48.02371178900006]}}, {"type": "Feature", "properties": {"NUTS_ID": "DE14", "LAT": 48.13160185, "LON": 9.50413681, "LEVL_CODE": 2, "CNTR_CODE": "DE", "NAME_LATN": "Tübingen", "NUTS_NAME": "Tübingen", "MOUNT_TYPE": 0, "URBN_TYPE": 0, "COAST_TYPE": 0, "NAME_ENGL": "Germany", "NAME_FREN": "Allemagne", "ISO3_CODE": "DEU", "SVRG_UN": "UN Member State", "CAPT": "Berlin", "EU_STAT": "T", "EFTA_STAT": "F", "CC_STAT": "F", "NAME_GERM": "Deutschland"}, "geometry": {"type": "Point", "coordinates": [9.504136807000066, 48.13160185100003]}}, {"type": "Feature", "properties": {"NUTS_ID": "DE21", "LAT": 48.10648801, "LON": 11.74359665, "LEVL_CODE": 2, "CNTR_CODE": "DE", "NAME_LATN": "Oberbayern", "NUTS_NAME": "Oberbayern", "MOUNT_TYPE": 0, "URBN_TYPE": 0, "COAST_TYPE": 0, "NAME_ENGL": "Germany", "NAME_FREN": "Allemagne", "ISO3_CODE": "DEU", "SVRG_UN": "UN Member State", "CAPT": "Berlin", "EU_STAT": "T", "EFTA_STAT": "F", "CC_STAT": "F", "NAME_GERM": "Deutschland"}, "geometry": {"type": "Point", "coordinates": [11.74359664700006, 48.10648800700005]}}, {"type": "Feature", "properties": {"NUTS_ID": "DE22", "LAT": 48.70094911, "LON": 12.80229012, "LEVL_CODE": 2, "CNTR_CODE": "DE", "NAME_LATN": "Niederbayern", "NUTS_NAME": "Niederbayern", "MOUNT_TYPE": 0, "URBN_TYPE": 0, "COAST_TYPE": 0, "NAME_ENGL": "Germany", "NAME_FREN": "Allemagne", "ISO3_CODE": "DEU", "SVRG_UN": "UN Member State", "CAPT": "Berlin", "EU_STAT": "T", "EFTA_STAT": "F", "CC_STAT": "F", "NAME_GERM": "Deutschland"}, "geometry": {"type": "Point", "coordinates": [12.802290123000034, 48.70094910700004]}}, {"type": "Feature", "properties": {"NUTS_ID": "DE23", "LAT": 49.39588592, "LON": 12.11423931, "LEVL_CODE": 2, "CNTR_CODE": "DE", "NAME_LATN": "Oberpfalz", "NUTS_NAME": "Oberpfalz", "MOUNT_TYPE": 0, "URBN_TYPE": 0, "COAST_TYPE": 0, "NAME_ENGL": "Germany", "NAME_FREN": "Allemagne", "ISO3_CODE": "DEU", "SVRG_UN": "UN Member State", "CAPT": "Berlin", "EU_STAT": "T", "EFTA_STAT": "F", "CC_STAT": "F", "NAME_GERM": "Deutschland"}, "geometry": {"type": "Point", "coordinates": [12.114239307000048, 49.395885915000065]}}, {"type": "Feature", "properties": {"NUTS_ID": "DE24", "LAT": 50.04922348, "LON": 11.38303408, "LEVL_CODE": 2, "CNTR_CODE": "DE", "NAME_LATN": "Oberfranken", "NUTS_NAME": "Oberfranken", "MOUNT_TYPE": 0, "URBN_TYPE": 0, "COAST_TYPE": 0, "NAME_ENGL": "Germany", "NAME_FREN": "Allemagne", "ISO3_CODE": "DEU", "SVRG_UN": "UN Member State", "CAPT": "Berlin", "EU_STAT": "T", "EFTA_STAT": "F", "CC_STAT": "F", "NAME_GERM": "Deutschland"}, "geometry": {"type": "Point", "coordinates": [11.383034085000077, 50.04922348100007]}}, {"type": "Feature", "properties": {"NUTS_ID": "DE25", "LAT": 49.35244056, "LON": 10.78114172, "LEVL_CODE": 2, "CNTR_CODE": "DE", "NAME_LATN": "Mittelfranken", "NUTS_NAME": "Mittelfranken", "MOUNT_TYPE": 0, "URBN_TYPE": 0, "COAST_TYPE": 0, "NAME_ENGL": "Germany", "NAME_FREN": "Allemagne", "ISO3_CODE": "DEU", "SVRG_UN": "UN Member State", "CAPT": "Berlin", "EU_STAT": "T", "EFTA_STAT": "F", "CC_STAT": "F", "NAME_GERM": "Deutschland"}, "geometry": {"type": "Point", "coordinates": [10.78114172000005, 49.35244056300007]}}, {"type": "Feature", "properties": {"NUTS_ID": "DE26", "LAT": 50.01194098, "LON": 9.93955728, "LEVL_CODE": 2, "CNTR_CODE": "DE", "NAME_LATN": "Unterfranken", "NUTS_NAME": "Unterfranken", "MOUNT_TYPE": 0, "URBN_TYPE": 0, "COAST_TYPE": 0, "NAME_ENGL": "Germany", "NAME_FREN": "Allemagne", "ISO3_CODE": "DEU", "SVRG_UN": "UN Member State", "CAPT": "Berlin", "EU_STAT": "T", "EFTA_STAT": "F", "CC_STAT": "F", "NAME_GERM": "Deutschland"}, "geometry": {"type": "Point", "coordinates": [9.939557276000073, 50.01194097500007]}}, {"type": "Feature", "properties": {"NUTS_ID": "DE27", "LAT": 48.16798011, "LON": 10.52771392, "LEVL_CODE": 2, "CNTR_CODE": "DE", "NAME_LATN": "Schwaben", "NUTS_NAME": "Schwaben", "MOUNT_TYPE": 0, "URBN_TYPE": 0, "COAST_TYPE": 0, "NAME_ENGL": "Germany", "NAME_FREN": "Allemagne", "ISO3_CODE": "DEU", "SVRG_UN": "UN Member State", "CAPT": "Berlin", "EU_STAT": "T", "EFTA_STAT": "F", "CC_STAT": "F", "NAME_GERM": "Deutschland"}, "geometry": {"type": "Point", "coordinates": [10.527713922000032, 48.16798010700006]}}, {"type": "Feature", "properties": {"NUTS_ID": "DE30", "LAT": 52.50046583, "LON": 13.4022293, "LEVL_CODE": 2, "CNTR_CODE": "DE", "NAME_LATN": "Berlin", "NUTS_NAME": "Berlin", "MOUNT_TYPE": 0, "URBN_TYPE": 0, "COAST_TYPE": 0, "NAME_ENGL": "Germany", "NAME_FREN": "Allemagne", "ISO3_CODE": "DEU", "SVRG_UN": "UN Member State", "CAPT": "Berlin", "EU_STAT": "T", "EFTA_STAT": "F", "CC_STAT": "F", "NAME_GERM": "Deutschland"}, "geometry": {"type": "Point", "coordinates": [13.402229297000076, 52.50046582500005]}}, {"type": "Feature", "properties": {"NUTS_ID": "DE40", "LAT": 53.08362134, "LON": 12.13810575, "LEVL_CODE": 2, "CNTR_CODE": "DE", "NAME_LATN": "Brandenburg", "NUTS_NAME": "Brandenburg", "MOUNT_TYPE": 0, "URBN_TYPE": 0, "COAST_TYPE": 0, "NAME_ENGL": "Germany", "NAME_FREN": "Allemagne", "ISO3_CODE": "DEU", "SVRG_UN": "UN Member State", "CAPT": "Berlin", "EU_STAT": "T", "EFTA_STAT": "F", "CC_STAT": "F", "NAME_GERM": "Deutschland"}, "geometry": {"type": "Point", "coordinates": [12.138105751000069, 53.083621340000036]}}, {"type": "Feature", "properties": {"NUTS_ID": "DE50", "LAT": 53.10645852, "LON": 8.78765008, "LEVL_CODE": 2, "CNTR_CODE": "DE", "NAME_LATN": "Bremen", "NUTS_NAME": "Bremen", "MOUNT_TYPE": 0, "URBN_TYPE": 0, "COAST_TYPE": 0, "NAME_ENGL": "Germany", "NAME_FREN": "Allemagne", "ISO3_CODE": "DEU", "SVRG_UN": "UN Member State", "CAPT": "Berlin", "EU_STAT": "T", "EFTA_STAT": "F", "CC_STAT": "F", "NAME_GERM": "Deutschland"}, "geometry": {"type": "Point", "coordinates": [8.787650074000055, 53.106458521000036]}}, {"type": "Feature", "properties": {"NUTS_ID": "DE60", "LAT": 53.53919231, "LON": 10.01004425, "LEVL_CODE": 2, "CNTR_CODE": "DE", "NAME_LATN": "Hamburg", "NUTS_NAME": "Hamburg", "MOUNT_TYPE": 0, "URBN_TYPE": 0, "COAST_TYPE": 0, "NAME_ENGL": "Germany", "NAME_FREN": "Allemagne", "ISO3_CODE": "DEU", "SVRG_UN": "UN Member State", "CAPT": "Berlin", "EU_STAT": "T", "EFTA_STAT": "F", "CC_STAT": "F", "NAME_GERM": "Deutschland"}, "geometry": {"type": "Point", "coordinates": [10.010044248000042, 53.53919231200007]}}, {"type": "Feature", "properties": {"NUTS_ID": "DE71", "LAT": 50.06129226, "LON": 8.76030601, "LEVL_CODE": 2, "CNTR_CODE": "DE", "NAME_LATN": "Darmstadt", "NUTS_NAME": "Darmstadt", "MOUNT_TYPE": 0, "URBN_TYPE": 0, "COAST_TYPE": 0, "NAME_ENGL": "Germany", "NAME_FREN": "Allemagne", "ISO3_CODE": "DEU", "SVRG_UN": "UN Member State", "CAPT": "Berlin", "EU_STAT": "T", "EFTA_STAT": "F", "CC_STAT": "F", "NAME_GERM": "Deutschland"}, "geometry": {"type": "Point", "coordinates": [8.760306007000054, 50.06129226200005]}}, {"type": "Feature", "properties": {"NUTS_ID": "DE72", "LAT": 50.71340995, "LON": 8.791512, "LEVL_CODE": 2, "CNTR_CODE": "DE", "NAME_LATN": "Gießen", "NUTS_NAME": "Gießen", "MOUNT_TYPE": 0, "URBN_TYPE": 0, "COAST_TYPE": 0, "NAME_ENGL": "Germany", "NAME_FREN": "Allemagne", "ISO3_CODE": "DEU", "SVRG_UN": "UN Member State", "CAPT": "Berlin", "EU_STAT": "T", "EFTA_STAT": "F", "CC_STAT": "F", "NAME_GERM": "Deutschland"}, "geometry": {"type": "Point", "coordinates": [8.791512, 50.71340995200006]}}, {"type": "Feature", "properties": {"NUTS_ID": "DE73", "LAT": 51.0515436, "LON": 9.4556208, "LEVL_CODE": 2, "CNTR_CODE": "DE", "NAME_LATN": "Kassel", "NUTS_NAME": "Kassel", "MOUNT_TYPE": 0, "URBN_TYPE": 0, "COAST_TYPE": 0, "NAME_ENGL": "Germany", "NAME_FREN": "Allemagne", "ISO3_CODE": "DEU", "SVRG_UN": "UN Member State", "CAPT": "Berlin", "EU_STAT": "T", "EFTA_STAT": "F", "CC_STAT": "F", "NAME_GERM": "Deutschland"}, "geometry": {"type": "Point", "coordinates": [9.455620803000045, 51.05154360000006]}}, {"type": "Feature", "properties": {"NUTS_ID": "DE80", "LAT": 53.71383833, "LON": 12.46749015, "LEVL_CODE": 2, "CNTR_CODE": "DE", "NAME_LATN": "Mecklenburg-Vorpommern", "NUTS_NAME": "Mecklenburg-Vorpommern", "MOUNT_TYPE": 0, "URBN_TYPE": 0, "COAST_TYPE": 0, "NAME_ENGL": "Germany", "NAME_FREN": "Allemagne", "ISO3_CODE": "DEU", "SVRG_UN": "UN Member State", "CAPT": "Berlin", "EU_STAT": "T", "EFTA_STAT": "F", "CC_STAT": "F", "NAME_GERM": "Deutschland"}, "geometry": {"type": "Point", "coordinates": [12.467490153000028, 53.71383832400005]}}, {"type": "Feature", "properties": {"NUTS_ID": "DE91", "LAT": 52.04976702, "LON": 10.35569052, "LEVL_CODE": 2, "CNTR_CODE": "DE", "NAME_LATN": "Braunschweig", "NUTS_NAME": "Braunschweig", "MOUNT_TYPE": 0, "URBN_TYPE": 0, "COAST_TYPE": 0, "NAME_ENGL": "Germany", "NAME_FREN": "Allemagne", "ISO3_CODE": "DEU", "SVRG_UN": "UN Member State", "CAPT": "Berlin", "EU_STAT": "T", "EFTA_STAT": "F", "CC_STAT": "F", "NAME_GERM": "Deutschland"}, "geometry": {"type": "Point", "coordinates": [10.355690521000042, 52.04976701800007]}}, {"type": "Feature", "properties": {"NUTS_ID": "DE92", "LAT": 52.39626214, "LON": 9.36910028, "LEVL_CODE": 2, "CNTR_CODE": "DE", "NAME_LATN": "Hannover", "NUTS_NAME": "Hannover", "MOUNT_TYPE": 0, "URBN_TYPE": 0, "COAST_TYPE": 0, "NAME_ENGL": "Germany", "NAME_FREN": "Allemagne", "ISO3_CODE": "DEU", "SVRG_UN": "UN Member State", "CAPT": "Berlin", "EU_STAT": "T", "EFTA_STAT": "F", "CC_STAT": "F", "NAME_GERM": "Deutschland"}, "geometry": {"type": "Point", "coordinates": [9.369100280000055, 52.39626214200007]}}, {"type": "Feature", "properties": {"NUTS_ID": "DE93", "LAT": 52.99518016, "LON": 10.0415575, "LEVL_CODE": 2, "CNTR_CODE": "DE", "NAME_LATN": "Lüneburg", "NUTS_NAME": "Lüneburg", "MOUNT_TYPE": 0, "URBN_TYPE": 0, "COAST_TYPE": 0, "NAME_ENGL": "Germany", "NAME_FREN": "Allemagne", "ISO3_CODE": "DEU", "SVRG_UN": "UN Member State", "CAPT": "Berlin", "EU_STAT": "T", "EFTA_STAT": "F", "CC_STAT": "F", "NAME_GERM": "Deutschland"}, "geometry": {"type": "Point", "coordinates": [10.041557500000067, 52.99518015800004]}}, {"type": "Feature", "properties": {"NUTS_ID": "DE94", "LAT": 52.91180163, "LON": 7.7849409, "LEVL_CODE": 2, "CNTR_CODE": "DE", "NAME_LATN": "Weser-Ems", "NUTS_NAME": "Weser-Ems", "MOUNT_TYPE": 0, "URBN_TYPE": 0, "COAST_TYPE": 0, "NAME_ENGL": "Germany", "NAME_FREN": "Allemagne", "ISO3_CODE": "DEU", "SVRG_UN": "UN Member State", "CAPT": "Berlin", "EU_STAT": "T", "EFTA_STAT": "F", "CC_STAT": "F", "NAME_GERM": "Deutschland"}, "geometry": {"type": "Point", "coordinates": [7.784940904000052, 52.911801626000056]}}, {"type": "Feature", "properties": {"NUTS_ID": "DEA1", "LAT": 51.43260977, "LON": 6.59884932, "LEVL_CODE": 2, "CNTR_CODE": "DE", "NAME_LATN": "Düsseldorf", "NUTS_NAME": "Düsseldorf", "MOUNT_TYPE": 0, "URBN_TYPE": 0, "COAST_TYPE": 0, "NAME_ENGL": "Germany", "NAME_FREN": "Allemagne", "ISO3_CODE": "DEU", "SVRG_UN": "UN Member State", "CAPT": "Berlin", "EU_STAT": "T", "EFTA_STAT": "F", "CC_STAT": "F", "NAME_GERM": "Deutschland"}, "geometry": {"type": "Point", "coordinates": [6.598849318000021, 51.43260976900007]}}, {"type": "Feature", "properties": {"NUTS_ID": "DEA2", "LAT": 50.82833403, "LON": 6.80869824, "LEVL_CODE": 2, "CNTR_CODE": "DE", "NAME_LATN": "Köln", "NUTS_NAME": "Köln", "MOUNT_TYPE": 0, "URBN_TYPE": 0, "COAST_TYPE": 0, "NAME_ENGL": "Germany", "NAME_FREN": "Allemagne", "ISO3_CODE": "DEU", "SVRG_UN": "UN Member State", "CAPT": "Berlin", "EU_STAT": "T", "EFTA_STAT": "F", "CC_STAT": "F", "NAME_GERM": "Deutschland"}, "geometry": {"type": "Point", "coordinates": [6.808698236000055, 50.82833403200004]}}, {"type": "Feature", "properties": {"NUTS_ID": "DEA3", "LAT": 51.94581071, "LON": 7.40216665, "LEVL_CODE": 2, "CNTR_CODE": "DE", "NAME_LATN": "Münster", "NUTS_NAME": "Münster", "MOUNT_TYPE": 0, "URBN_TYPE": 0, "COAST_TYPE": 0, "NAME_ENGL": "Germany", "NAME_FREN": "Allemagne", "ISO3_CODE": "DEU", "SVRG_UN": "UN Member State", "CAPT": "Berlin", "EU_STAT": "T", "EFTA_STAT": "F", "CC_STAT": "F", "NAME_GERM": "Deutschland"}, "geometry": {"type": "Point", "coordinates": [7.402166653000052, 51.94581070700008]}}, {"type": "Feature", "properties": {"NUTS_ID": "DEA4", "LAT": 51.93623068, "LON": 8.7808932, "LEVL_CODE": 2, "CNTR_CODE": "DE", "NAME_LATN": "Detmold", "NUTS_NAME": "Detmold", "MOUNT_TYPE": 0, "URBN_TYPE": 0, "COAST_TYPE": 0, "NAME_ENGL": "Germany", "NAME_FREN": "Allemagne", "ISO3_CODE": "DEU", "SVRG_UN": "UN Member State", "CAPT": "Berlin", "EU_STAT": "T", "EFTA_STAT": "F", "CC_STAT": "F", "NAME_GERM": "Deutschland"}, "geometry": {"type": "Point", "coordinates": [8.780893199000047, 51.93623067900006]}}, {"type": "Feature", "properties": {"NUTS_ID": "DEA5", "LAT": 51.31194736, "LON": 7.99282307, "LEVL_CODE": 2, "CNTR_CODE": "DE", "NAME_LATN": "Arnsberg", "NUTS_NAME": "Arnsberg", "MOUNT_TYPE": 0, "URBN_TYPE": 0, "COAST_TYPE": 0, "NAME_ENGL": "Germany", "NAME_FREN": "Allemagne", "ISO3_CODE": "DEU", "SVRG_UN": "UN Member State", "CAPT": "Berlin", "EU_STAT": "T", "EFTA_STAT": "F", "CC_STAT": "F", "NAME_GERM": "Deutschland"}, "geometry": {"type": "Point", "coordinates": [7.992823069000053, 51.311947356000076]}}, {"type": "Feature", "properties": {"NUTS_ID": "DEB1", "LAT": 50.2543169, "LON": 7.51244932, "LEVL_CODE": 2, "CNTR_CODE": "DE", "NAME_LATN": "Koblenz", "NUTS_NAME": "Koblenz", "MOUNT_TYPE": 0, "URBN_TYPE": 0, "COAST_TYPE": 0, "NAME_ENGL": "Germany", "NAME_FREN": "Allemagne", "ISO3_CODE": "DEU", "SVRG_UN": "UN Member State", "CAPT": "Berlin", "EU_STAT": "T", "EFTA_STAT": "F", "CC_STAT": "F", "NAME_GERM": "Deutschland"}, "geometry": {"type": "Point", "coordinates": [7.512449319000041, 50.25431689800007]}}, {"type": "Feature", "properties": {"NUTS_ID": "DEB2", "LAT": 49.9761653, "LON": 6.70297637, "LEVL_CODE": 2, "CNTR_CODE": "DE", "NAME_LATN": "Trier", "NUTS_NAME": "Trier", "MOUNT_TYPE": 0, "URBN_TYPE": 0, "COAST_TYPE": 0, "NAME_ENGL": "Germany", "NAME_FREN": "Allemagne", "ISO3_CODE": "DEU", "SVRG_UN": "UN Member State", "CAPT": "Berlin", "EU_STAT": "T", "EFTA_STAT": "F", "CC_STAT": "F", "NAME_GERM": "Deutschland"}, "geometry": {"type": "Point", "coordinates": [6.702976370000044, 49.97616529800007]}}, {"type": "Feature", "properties": {"NUTS_ID": "DEB3", "LAT": 49.45870426, "LON": 7.94915609, "LEVL_CODE": 2, "CNTR_CODE": "DE", "NAME_LATN": "Rheinhessen-Pfalz", "NUTS_NAME": "Rheinhessen-Pfalz", "MOUNT_TYPE": 0, "URBN_TYPE": 0, "COAST_TYPE": 0, "NAME_ENGL": "Germany", "NAME_FREN": "Allemagne", "ISO3_CODE": "DEU", "SVRG_UN": "UN Member State", "CAPT": "Berlin", "EU_STAT": "T", "EFTA_STAT": "F", "CC_STAT": "F", "NAME_GERM": "Deutschland"}, "geometry": {"type": "Point", "coordinates": [7.94915609100002, 49.45870425500004]}}, {"type": "Feature", "properties": {"NUTS_ID": "DEC0", "LAT": 49.39224835, "LON": 6.95696637, "LEVL_CODE": 2, "CNTR_CODE": "DE", "NAME_LATN": "Saarland", "NUTS_NAME": "Saarland", "MOUNT_TYPE": 0, "URBN_TYPE": 0, "COAST_TYPE": 0, "NAME_ENGL": "Germany", "NAME_FREN": "Allemagne", "ISO3_CODE": "DEU", "SVRG_UN": "UN Member State", "CAPT": "Berlin", "EU_STAT": "T", "EFTA_STAT": "F", "CC_STAT": "F", "NAME_GERM": "Deutschland"}, "geometry": {"type": "Point", "coordinates": [6.956966371000021, 49.392248349000056]}}, {"type": "Feature", "properties": {"NUTS_ID": "DED2", "LAT": 51.1808805, "LON": 14.12670522, "LEVL_CODE": 2, "CNTR_CODE": "DE", "NAME_LATN": "Dresden", "NUTS_NAME": "Dresden", "MOUNT_TYPE": 0, "URBN_TYPE": 0, "COAST_TYPE": 0, "NAME_ENGL": "Germany", "NAME_FREN": "Allemagne", "ISO3_CODE": "DEU", "SVRG_UN": "UN Member State", "CAPT": "Berlin", "EU_STAT": "T", "EFTA_STAT": "F", "CC_STAT": "F", "NAME_GERM": "Deutschland"}, "geometry": {"type": "Point", "coordinates": [14.12670521900003, 51.18088050100005]}}, {"type": "Feature", "properties": {"NUTS_ID": "DED4", "LAT": 50.73231998, "LON": 12.81426159, "LEVL_CODE": 2, "CNTR_CODE": "DE", "NAME_LATN": "Chemnitz", "NUTS_NAME": "Chemnitz", "MOUNT_TYPE": 0, "URBN_TYPE": 0, "COAST_TYPE": 0, "NAME_ENGL": "Germany", "NAME_FREN": "Allemagne", "ISO3_CODE": "DEU", "SVRG_UN": "UN Member State", "CAPT": "Berlin", "EU_STAT": "T", "EFTA_STAT": "F", "CC_STAT": "F", "NAME_GERM": "Deutschland"}, "geometry": {"type": "Point", "coordinates": [12.814261589000068, 50.73231998000006]}}, {"type": "Feature", "properties": {"NUTS_ID": "DED5", "LAT": 51.35827555, "LON": 12.67044025, "LEVL_CODE": 2, "CNTR_CODE": "DE", "NAME_LATN": "Leipzig", "NUTS_NAME": "Leipzig", "MOUNT_TYPE": 0, "URBN_TYPE": 0, "COAST_TYPE": 0, "NAME_ENGL": "Germany", "NAME_FREN": "Allemagne", "ISO3_CODE": "DEU", "SVRG_UN": "UN Member State", "CAPT": "Berlin", "EU_STAT": "T", "EFTA_STAT": "F", "CC_STAT": "F", "NAME_GERM": "Deutschland"}, "geometry": {"type": "Point", "coordinates": [12.670440246000055, 51.35827555100008]}}, {"type": "Feature", "properties": {"NUTS_ID": "DEE0", "LAT": 52.01098706, "LON": 11.69957128, "LEVL_CODE": 2, "CNTR_CODE": "DE", "NAME_LATN": "Sachsen-Anhalt", "NUTS_NAME": "Sachsen-Anhalt", "MOUNT_TYPE": 0, "URBN_TYPE": 0, "COAST_TYPE": 0, "NAME_ENGL": "Germany", "NAME_FREN": "Allemagne", "ISO3_CODE": "DEU", "SVRG_UN": "UN Member State", "CAPT": "Berlin", "EU_STAT": "T", "EFTA_STAT": "F", "CC_STAT": "F", "NAME_GERM": "Deutschland"}, "geometry": {"type": "Point", "coordinates": [11.699571281000033, 52.01098705900006]}}, {"type": "Feature", "properties": {"NUTS_ID": "NO0B", "LAT": 78.58082756, "LON": 17.88899055, "LEVL_CODE": 2, "CNTR_CODE": "NO", "NAME_LATN": "Jan Mayen and Svalbard", "NUTS_NAME": "Jan Mayen and Svalbard", "MOUNT_TYPE": null, "URBN_TYPE": 0, "COAST_TYPE": 0, "NAME_ENGL": "Norway", "NAME_FREN": "Norvège", "ISO3_CODE": "NOR", "SVRG_UN": "UN Member State", "CAPT": "Oslo", "EU_STAT": "F", "EFTA_STAT": "T", "CC_STAT": "F", "NAME_GERM": "Norwegen"}, "geometry": {"type": "Point", "coordinates": [17.88899054600006, 78.58082756000005]}}, {"type": "Feature", "properties": {"NUTS_ID": "HR02", "LAT": 45.52349667, "LON": 17.12512714, "LEVL_CODE": 2, "CNTR_CODE": "HR", "NAME_LATN": "Panonska Hrvatska", "NUTS_NAME": "Panonska Hrvatska", "MOUNT_TYPE": 0, "URBN_TYPE": 0, "COAST_TYPE": 0, "NAME_ENGL": "Croatia", "NAME_FREN": "Croatie", "ISO3_CODE": "HRV", "SVRG_UN": "UN Member State", "CAPT": "Zagreb", "EU_STAT": "T", "EFTA_STAT": "F", "CC_STAT": "F", "NAME_GERM": "Kroatien"}, "geometry": {"type": "Point", "coordinates": [17.125127140000075, 45.52349666600003]}}, {"type": "Feature", "properties": {"NUTS_ID": "HR06", "LAT": 46.14466983, "LON": 16.37345541, "LEVL_CODE": 2, "CNTR_CODE": "HR", "NAME_LATN": "Sjeverna Hrvatska", "NUTS_NAME": "Sjeverna Hrvatska", "MOUNT_TYPE": 0, "URBN_TYPE": 0, "COAST_TYPE": 0, "NAME_ENGL": "Croatia", "NAME_FREN": "Croatie", "ISO3_CODE": "HRV", "SVRG_UN": "UN Member State", "CAPT": "Zagreb", "EU_STAT": "T", "EFTA_STAT": "F", "CC_STAT": "F", "NAME_GERM": "Kroatien"}, "geometry": {"type": "Point", "coordinates": [16.37345540900003, 46.14466983300008]}}, {"type": "Feature", "properties": {"NUTS_ID": "NO06", "LAT": 63.14951923, "LON": 11.24119275, "LEVL_CODE": 2, "CNTR_CODE": "NO", "NAME_LATN": "Trøndelag", "NUTS_NAME": "Trøndelag", "MOUNT_TYPE": 0, "URBN_TYPE": 0, "COAST_TYPE": 0, "NAME_ENGL": "Norway", "NAME_FREN": "Norvège", "ISO3_CODE": "NOR", "SVRG_UN": "UN Member State", "CAPT": "Oslo", "EU_STAT": "F", "EFTA_STAT": "T", "CC_STAT": "F", "NAME_GERM": "Norwegen"}, "geometry": {"type": "Point", "coordinates": [11.241192750000039, 63.14951922400007]}}, {"type": "Feature", "properties": {"NUTS_ID": "NO07", "LAT": 69.61886286, "LON": 21.55156625, "LEVL_CODE": 2, "CNTR_CODE": "NO", "NAME_LATN": "Nord-Norge", "NUTS_NAME": "Nord-Norge", "MOUNT_TYPE": 0, "URBN_TYPE": 0, "COAST_TYPE": 0, "NAME_ENGL": "Norway", "NAME_FREN": "Norvège", "ISO3_CODE": "NOR", "SVRG_UN": "UN Member State", "CAPT": "Oslo", "EU_STAT": "F", "EFTA_STAT": "T", "CC_STAT": "F", "NAME_GERM": "Norwegen"}, "geometry": {"type": "Point", "coordinates": [21.551566250000064, 69.61886285600008]}}, {"type": "Feature", "properties": {"NUTS_ID": "NO08", "LAT": 60.08558893, "LON": 9.92021448, "LEVL_CODE": 2, "CNTR_CODE": "NO", "NAME_LATN": "Oslo og Viken", "NUTS_NAME": "Oslo og Viken", "MOUNT_TYPE": 0, "URBN_TYPE": 0, "COAST_TYPE": 0, "NAME_ENGL": "Norway", "NAME_FREN": "Norvège", "ISO3_CODE": "NOR", "SVRG_UN": "UN Member State", "CAPT": "Oslo", "EU_STAT": "F", "EFTA_STAT": "T", "CC_STAT": "F", "NAME_GERM": "Norwegen"}, "geometry": {"type": "Point", "coordinates": [9.920214482000063, 60.08558892600007]}}, {"type": "Feature", "properties": {"NUTS_ID": "NO09", "LAT": 59.11671914, "LON": 8.18534625, "LEVL_CODE": 2, "CNTR_CODE": "NO", "NAME_LATN": "Agder og Sør-Østlandet", "NUTS_NAME": "Agder og Sør-Østlandet", "MOUNT_TYPE": 0, "URBN_TYPE": 0, "COAST_TYPE": 0, "NAME_ENGL": "Norway", "NAME_FREN": "Norvège", "ISO3_CODE": "NOR", "SVRG_UN": "UN Member State", "CAPT": "Oslo", "EU_STAT": "F", "EFTA_STAT": "T", "CC_STAT": "F", "NAME_GERM": "Norwegen"}, "geometry": {"type": "Point", "coordinates": [8.185346245000062, 59.11671914300007]}}, {"type": "Feature", "properties": {"NUTS_ID": "NO0A", "LAT": 60.56334776, "LON": 7.2649375, "LEVL_CODE": 2, "CNTR_CODE": "NO", "NAME_LATN": "Vestlandet", "NUTS_NAME": "Vestlandet", "MOUNT_TYPE": 0, "URBN_TYPE": 0, "COAST_TYPE": 0, "NAME_ENGL": "Norway", "NAME_FREN": "Norvège", "ISO3_CODE": "NOR", "SVRG_UN": "UN Member State", "CAPT": "Oslo", "EU_STAT": "F", "EFTA_STAT": "T", "CC_STAT": "F", "NAME_GERM": "Norwegen"}, "geometry": {"type": "Point", "coordinates": [7.26493750000003, 60.56334775700003]}}, {"type": "Feature", "properties": {"NUTS_ID": "NO02", "LAT": 61.44503217, "LON": 10.426028, "LEVL_CODE": 2, "CNTR_CODE": "NO", "NAME_LATN": "Innlandet", "NUTS_NAME": "Innlandet", "MOUNT_TYPE": 0, "URBN_TYPE": 0, "COAST_TYPE": 0, "NAME_ENGL": "Norway", "NAME_FREN": "Norvège", "ISO3_CODE": "NOR", "SVRG_UN": "UN Member State", "CAPT": "Oslo", "EU_STAT": "F", "EFTA_STAT": "T", "CC_STAT": "F", "NAME_GERM": "Norwegen"}, "geometry": {"type": "Point", "coordinates": [10.426027999000041, 61.44503217300007]}}]}