---------------------------------------------------------------------------------------------------------------------------------------------------------------------------------------------------------------------------------------------------------------
      name:  <unnamed>
       log:  C:\Users\sunbi\managi-lab Dropbox\Sunbin Yoo\Research Box ^-^\2026\GACI\GACI_Inequality\01_main_run.log
  log type:  text
 opened on:  16 Sep 2026, 09:05:37

. import delimited "ineq_panel.csv", clear varnames(1) encoding("utf-8")
(80 vars, 4,643 obs)

. ds c reg, not
y             ln_gaci_cwm   ln_unesco     lnpc          deg_sum       close_mean    cap_sum       merch_inte~y  ln_sea_ma     share_max     gini_disp_se  gini_wb       emp_ind       tax_gdp       surv_inc_pc   ln_share_max
trade_share   ln_gaci_mean  unesco_cum    lnpop         deg_mean      betw_sum      cap_mean      tourism_int   ln_air_ma     hhi           gini_mkt      top10_wb      emp_agr       urban         ln_gaci_max   ln_hhi
ln_tradevol   lncap         unesco_cum~t  lnland        eig_sum       betw_mean     tour_shift    tourism_cum   gaci_max      n_air2        gini_mkt_se   bot20_wb      primacy       trade_gdp     ln_gaci_sum   ln_gdppc
lngdp         gaci_cwmean   lnz           abslat        eig_mean      regimp_sum    nat_endow     ln_remote     gaci_sum      gaci_2nd      abs_red       top20_wb      gdppc_kd      fdi_gdp       ln_gini_mkt
lng           gaci_mean     lnz_own       n_air         close_sum     regimp_mean   merch_share   feyrer_int    gaci_cwm2     gini_disp     rel_red       emp_srv       ter_enr       unemp         ln_gini_disp

. destring `r(varlist)', replace force
y already numeric; no replace
trade_share already numeric; no replace
ln_tradevol already numeric; no replace
lngdp already numeric; no replace
lng already numeric; no replace
ln_gaci_cwm already numeric; no replace
ln_gaci_mean already numeric; no replace
lncap already numeric; no replace
gaci_cwmean already numeric; no replace
gaci_mean already numeric; no replace
ln_unesco already numeric; no replace
unesco_cum already numeric; no replace
unesco_cum_nat already numeric; no replace
lnz already numeric; no replace
lnz_own already numeric; no replace
lnpc already numeric; no replace
lnpop already numeric; no replace
lnland already numeric; no replace
abslat already numeric; no replace
n_air already numeric; no replace
deg_sum already numeric; no replace
deg_mean already numeric; no replace
eig_sum already numeric; no replace
eig_mean already numeric; no replace
close_sum already numeric; no replace
close_mean already numeric; no replace
betw_sum already numeric; no replace
betw_mean already numeric; no replace
regimp_sum already numeric; no replace
regimp_mean already numeric; no replace
cap_sum already numeric; no replace
cap_mean already numeric; no replace
tour_shift already numeric; no replace
nat_endow already numeric; no replace
merch_share already numeric; no replace
merch_intensity already numeric; no replace
tourism_int already numeric; no replace
tourism_cum already numeric; no replace
ln_remote already numeric; no replace
feyrer_int already numeric; no replace
ln_sea_ma already numeric; no replace
ln_air_ma already numeric; no replace
gaci_max already numeric; no replace
gaci_sum already numeric; no replace
gaci_cwm2 already numeric; no replace
share_max already numeric; no replace
hhi already numeric; no replace
n_air2 already numeric; no replace
gaci_2nd already numeric; no replace
gini_disp already numeric; no replace
gini_disp_se already numeric; no replace
gini_mkt already numeric; no replace
gini_mkt_se already numeric; no replace
abs_red already numeric; no replace
rel_red already numeric; no replace
gini_wb already numeric; no replace
top10_wb already numeric; no replace
bot20_wb already numeric; no replace
top20_wb already numeric; no replace
emp_srv already numeric; no replace
emp_ind already numeric; no replace
emp_agr already numeric; no replace
primacy already numeric; no replace
gdppc_kd already numeric; no replace
ter_enr already numeric; no replace
tax_gdp already numeric; no replace
urban already numeric; no replace
trade_gdp already numeric; no replace
fdi_gdp already numeric; no replace
unemp already numeric; no replace
surv_inc_pc already numeric; no replace
ln_gaci_max already numeric; no replace
ln_gaci_sum already numeric; no replace
ln_gini_mkt already numeric; no replace
ln_gini_disp already numeric; no replace
ln_share_max already numeric; no replace
ln_hhi already numeric; no replace
ln_gdppc already numeric; no replace

. encode c, gen(isocode)

. xtset isocode y
       panel variable:  isocode (unbalanced)
        time variable:  y, 1996 to 2023, but with gaps
                delta:  1 unit

. keep if !missing(gini_mkt)
(906 observations deleted)

. 
. tempname fh

. file open `fh' using "_main_results.csv", write replace
(note: file _main_results.csv not found)

. file write `fh' "iv,treat,outcome,model,b,se,p,kpf,N" _n

. 
. foreach ivv in tourism_int feyrer_int {
  2. foreach tr in ln_gaci_cwm ln_gaci_max ln_gaci_sum {
  3.     * first stage
.     reghdfe `tr' `ivv' lnpop, absorb(isocode y) vce(robust)
  4.     local fb = _b[`ivv']
  5.     local fse = _se[`ivv']
  6.     local fp = 2*ttail(e(df_r), abs(_b[`ivv']/_se[`ivv']))
  7.     test `ivv'
  8.     local F = r(F)
  9.     file write `fh' "`ivv',`tr',firststage,FS,`fb',`fse',`fp',`F',`e(N)'" _n
 10.     foreach yv in ln_gini_mkt ln_gini_disp gini_mkt gini_disp abs_red {
 11.         reghdfe `yv' `tr' lnpop, absorb(isocode y) vce(robust)
 12.         local b = _b[`tr']
 13.         local se = _se[`tr']
 14.         local p = 2*ttail(e(df_r), abs(_b[`tr']/_se[`tr']))
 15.         file write `fh' "`ivv',`tr',`yv',OLS,`b',`se',`p',.,`e(N)'" _n
 16.         ivreghdfe `yv' lnpop (`tr' = `ivv'), absorb(isocode y) robust
 17.         local b = _b[`tr']
 18.         local se = _se[`tr']
 19.         local p = 2*normal(-abs(_b[`tr']/_se[`tr']))
 20.         local kp = e(widstat)
 21.         file write `fh' "`ivv',`tr',`yv',IV,`b',`se',`p',`kp',`e(N)'" _n
 22.         ivreghdfe `yv' lnpop (`tr' = `ivv'), absorb(isocode y) cluster(isocode)
 23.         local b = _b[`tr']
 24.         local se = _se[`tr']
 25.         local p = 2*normal(-abs(_b[`tr']/_se[`tr']))
 26.         local kp = e(widstat)
 27.         file write `fh' "`ivv',`tr',`yv',IVcl,`b',`se',`p',`kp',`e(N)'" _n
 28.     }
 29. }
 30. }
(dropped 2 singleton observations)
(MWFE estimator converged in 6 iterations)

HDFE Linear regression                            Number of obs   =      3,735
Absorbing 2 HDFE groups                           F(   2,   3542) =       3.72
                                                  Prob > F        =     0.0244
                                                  R-squared       =     0.9511
                                                  Adj R-squared   =     0.9484
                                                  Within R-sq.    =     0.0035
                                                  Root MSE        =     0.0742

------------------------------------------------------------------------------
             |               Robust
 ln_gaci_cwm |      Coef.   Std. Err.      t    P>|t|     [95% Conf. Interval]
-------------+----------------------------------------------------------------
 tourism_int |   .0242367   .0092017     2.63   0.008     .0061955    .0422779
       lnpop |    .016413   .0242899     0.68   0.499    -.0312106    .0640366
       _cons |  -.2156211   .3909795    -0.55   0.581    -.9821887    .5509465
------------------------------------------------------------------------------

Absorbed degrees of freedom:
-----------------------------------------------------+
 Absorbed FE | Categories  - Redundant  = Num. Coefs |
-------------+---------------------------------------|
     isocode |       164           0         164     |
           y |        28           1          27     |
-----------------------------------------------------+

 ( 1)  tourism_int = 0

       F(  1,  3542) =    6.94
            Prob > F =    0.0085
(dropped 2 singleton observations)
(MWFE estimator converged in 6 iterations)

HDFE Linear regression                            Number of obs   =      3,735
Absorbing 2 HDFE groups                           F(   2,   3542) =     115.77
                                                  Prob > F        =     0.0000
                                                  R-squared       =     0.9399
                                                  Adj R-squared   =     0.9366
                                                  Within R-sq.    =     0.0731
                                                  Root MSE        =     0.0352

------------------------------------------------------------------------------
             |               Robust
 ln_gini_mkt |      Coef.   Std. Err.      t    P>|t|     [95% Conf. Interval]
-------------+----------------------------------------------------------------
 ln_gaci_cwm |   .0785824    .008571     9.17   0.000     .0617779    .0953869
       lnpop |  -.0881104   .0068179   -12.92   0.000    -.1014778    -.074743
       _cons |   5.223655   .1096693    47.63   0.000     5.008633    5.438676
------------------------------------------------------------------------------

Absorbed degrees of freedom:
-----------------------------------------------------+
 Absorbed FE | Categories  - Redundant  = Num. Coefs |
-------------+---------------------------------------|
     isocode |       164           0         164     |
           y |        28           1          27     |
-----------------------------------------------------+
(dropped 2 singleton observations)
(MWFE estimator converged in 6 iterations)

IV (2SLS) estimation
--------------------

Estimates efficient for homoskedasticity only
Statistics robust to heteroskedasticity

                                                      Number of obs =     3735
                                                      F(  2,  3542) =    17.85
                                                      Prob > F      =   0.0000
Total (centered) SS     =  4.724771221                Centered R2   =  -1.6630
Total (uncentered) SS   =  4.724771221                Uncentered R2 =  -1.6630
Residual SS             =  12.58220243                Root MSE      =    .0596

------------------------------------------------------------------------------
             |               Robust
 ln_gini_mkt |      Coef.   Std. Err.      t    P>|t|     [95% Conf. Interval]
-------------+----------------------------------------------------------------
 ln_gaci_cwm |   .7263195   .3127574     2.32   0.020     .1131167    1.339522
       lnpop |   -.096379   .0162571    -5.93   0.000    -.1282531   -.0645048
------------------------------------------------------------------------------
Underidentification test (Kleibergen-Paap rk LM statistic):              7.118
                                                   Chi-sq(1) P-val =    0.0076
------------------------------------------------------------------------------
Weak identification test (Cragg-Donald Wald F statistic):               11.467
                         (Kleibergen-Paap rk Wald F statistic):          6.938
Stock-Yogo weak ID test critical values: 10% maximal IV size             16.38
                                         15% maximal IV size              8.96
                                         20% maximal IV size              6.66
                                         25% maximal IV size              5.53
Source: Stock-Yogo (2005).  Reproduced by permission.
NB: Critical values are for Cragg-Donald F statistic and i.i.d. errors.
------------------------------------------------------------------------------
Hansen J statistic (overidentification test of all instruments):         0.000
                                                 (equation exactly identified)
------------------------------------------------------------------------------
Instrumented:         ln_gaci_cwm
Included instruments: lnpop
Excluded instruments: tourism_int
Partialled-out:       _cons
                      nb: total SS, model F and R2s are after partialling-out;
                          any small-sample adjustments include partialled-out
                          variables in regressor count K
------------------------------------------------------------------------------

Absorbed degrees of freedom:
-----------------------------------------------------+
 Absorbed FE | Categories  - Redundant  = Num. Coefs |
-------------+---------------------------------------|
     isocode |       164           0         164     |
           y |        28           1          27     |
-----------------------------------------------------+
(dropped 2 singleton observations)
(MWFE estimator converged in 6 iterations)

IV (2SLS) estimation
--------------------

Estimates efficient for homoskedasticity only
Statistics robust to heteroskedasticity and clustering on isocode

Number of clusters (isocode) =     164                Number of obs =     3735
                                                      F(  2,   163) =     2.07
                                                      Prob > F      =   0.1299
Total (centered) SS     =  4.724771221                Centered R2   =  -1.6630
Total (uncentered) SS   =  4.724771221                Uncentered R2 =  -1.6630
Residual SS             =  12.58220243                Root MSE      =   .05827

------------------------------------------------------------------------------
             |               Robust
 ln_gini_mkt |      Coef.   Std. Err.      t    P>|t|     [95% Conf. Interval]
-------------+----------------------------------------------------------------
 ln_gaci_cwm |   .7263195   .5467226     1.33   0.186    -.3532524    1.805891
       lnpop |   -.096379   .0534713    -1.80   0.073    -.2019646    .0092067
------------------------------------------------------------------------------
Underidentification test (Kleibergen-Paap rk LM statistic):              2.010
                                                   Chi-sq(1) P-val =    0.1563
------------------------------------------------------------------------------
Weak identification test (Cragg-Donald Wald F statistic):               11.998
                         (Kleibergen-Paap rk Wald F statistic):          2.118
Stock-Yogo weak ID test critical values: 10% maximal IV size             16.38
                                         15% maximal IV size              8.96
                                         20% maximal IV size              6.66
                                         25% maximal IV size              5.53
Source: Stock-Yogo (2005).  Reproduced by permission.
NB: Critical values are for Cragg-Donald F statistic and i.i.d. errors.
------------------------------------------------------------------------------
Hansen J statistic (overidentification test of all instruments):         0.000
                                                 (equation exactly identified)
------------------------------------------------------------------------------
Instrumented:         ln_gaci_cwm
Included instruments: lnpop
Excluded instruments: tourism_int
Partialled-out:       _cons
                      nb: total SS, model F and R2s are after partialling-out;
                          any small-sample adjustments include partialled-out
                          variables in regressor count K
------------------------------------------------------------------------------

Absorbed degrees of freedom:
-----------------------------------------------------+
 Absorbed FE | Categories  - Redundant  = Num. Coefs |
-------------+---------------------------------------|
     isocode |       164         164           0    *|
           y |        28           1          27     |
-----------------------------------------------------+
* = FE nested within cluster; treated as redundant for DoF computation
(dropped 2 singleton observations)
(MWFE estimator converged in 6 iterations)

HDFE Linear regression                            Number of obs   =      3,735
Absorbing 2 HDFE groups                           F(   2,   3542) =      50.83
                                                  Prob > F        =     0.0000
                                                  R-squared       =     0.9675
                                                  Adj R-squared   =     0.9658
                                                  Within R-sq.    =     0.0350
                                                  Root MSE        =     0.0397

------------------------------------------------------------------------------
             |               Robust
ln_gini_disp |      Coef.   Std. Err.      t    P>|t|     [95% Conf. Interval]
-------------+----------------------------------------------------------------
 ln_gaci_cwm |   .0596422   .0098549     6.05   0.000     .0403203    .0789641
       lnpop |  -.0676022   .0078423    -8.62   0.000     -.082978   -.0522263
       _cons |   4.708883    .126156    37.33   0.000     4.461537    4.956229
------------------------------------------------------------------------------

Absorbed degrees of freedom:
-----------------------------------------------------+
 Absorbed FE | Categories  - Redundant  = Num. Coefs |
-------------+---------------------------------------|
     isocode |       164           0         164     |
           y |        28           1          27     |
-----------------------------------------------------+
(dropped 2 singleton observations)
(MWFE estimator converged in 6 iterations)

IV (2SLS) estimation
--------------------

Estimates efficient for homoskedasticity only
Statistics robust to heteroskedasticity

                                                      Number of obs =     3735
                                                      F(  2,  3542) =    13.25
                                                      Prob > F      =   0.0000
Total (centered) SS     =  5.776792264                Centered R2   =  -0.9794
Total (uncentered) SS   =  5.776792264                Uncentered R2 =  -0.9794
Residual SS             =  11.43445058                Root MSE      =   .05682

------------------------------------------------------------------------------
             |               Robust
ln_gini_disp |      Coef.   Std. Err.      t    P>|t|     [95% Conf. Interval]
-------------+----------------------------------------------------------------
 ln_gaci_cwm |   .6070943   .2828963     2.15   0.032     .0524381     1.16175
       lnpop |  -.0745906    .014669    -5.08   0.000    -.1033512     -.04583
------------------------------------------------------------------------------
Underidentification test (Kleibergen-Paap rk LM statistic):              7.118
                                                   Chi-sq(1) P-val =    0.0076
------------------------------------------------------------------------------
Weak identification test (Cragg-Donald Wald F statistic):               11.467
                         (Kleibergen-Paap rk Wald F statistic):          6.938
Stock-Yogo weak ID test critical values: 10% maximal IV size             16.38
                                         15% maximal IV size              8.96
                                         20% maximal IV size              6.66
                                         25% maximal IV size              5.53
Source: Stock-Yogo (2005).  Reproduced by permission.
NB: Critical values are for Cragg-Donald F statistic and i.i.d. errors.
------------------------------------------------------------------------------
Hansen J statistic (overidentification test of all instruments):         0.000
                                                 (equation exactly identified)
------------------------------------------------------------------------------
Instrumented:         ln_gaci_cwm
Included instruments: lnpop
Excluded instruments: tourism_int
Partialled-out:       _cons
                      nb: total SS, model F and R2s are after partialling-out;
                          any small-sample adjustments include partialled-out
                          variables in regressor count K
------------------------------------------------------------------------------

Absorbed degrees of freedom:
-----------------------------------------------------+
 Absorbed FE | Categories  - Redundant  = Num. Coefs |
-------------+---------------------------------------|
     isocode |       164           0         164     |
           y |        28           1          27     |
-----------------------------------------------------+
(dropped 2 singleton observations)
(MWFE estimator converged in 6 iterations)

IV (2SLS) estimation
--------------------

Estimates efficient for homoskedasticity only
Statistics robust to heteroskedasticity and clustering on isocode

Number of clusters (isocode) =     164                Number of obs =     3735
                                                      F(  2,   163) =     1.51
                                                      Prob > F      =   0.2229
Total (centered) SS     =  5.776792264                Centered R2   =  -0.9794
Total (uncentered) SS   =  5.776792264                Uncentered R2 =  -0.9794
Residual SS             =  11.43445058                Root MSE      =   .05555

------------------------------------------------------------------------------
             |               Robust
ln_gini_disp |      Coef.   Std. Err.      t    P>|t|     [95% Conf. Interval]
-------------+----------------------------------------------------------------
 ln_gaci_cwm |   .6070943   .5300779     1.15   0.254    -.4396105    1.653799
       lnpop |  -.0745906   .0477861    -1.56   0.120    -.1689502    .0197691
------------------------------------------------------------------------------
Underidentification test (Kleibergen-Paap rk LM statistic):              2.010
                                                   Chi-sq(1) P-val =    0.1563
------------------------------------------------------------------------------
Weak identification test (Cragg-Donald Wald F statistic):               11.998
                         (Kleibergen-Paap rk Wald F statistic):          2.118
Stock-Yogo weak ID test critical values: 10% maximal IV size             16.38
                                         15% maximal IV size              8.96
                                         20% maximal IV size              6.66
                                         25% maximal IV size              5.53
Source: Stock-Yogo (2005).  Reproduced by permission.
NB: Critical values are for Cragg-Donald F statistic and i.i.d. errors.
------------------------------------------------------------------------------
Hansen J statistic (overidentification test of all instruments):         0.000
                                                 (equation exactly identified)
------------------------------------------------------------------------------
Instrumented:         ln_gaci_cwm
Included instruments: lnpop
Excluded instruments: tourism_int
Partialled-out:       _cons
                      nb: total SS, model F and R2s are after partialling-out;
                          any small-sample adjustments include partialled-out
                          variables in regressor count K
------------------------------------------------------------------------------

Absorbed degrees of freedom:
-----------------------------------------------------+
 Absorbed FE | Categories  - Redundant  = Num. Coefs |
-------------+---------------------------------------|
     isocode |       164         164           0    *|
           y |        28           1          27     |
-----------------------------------------------------+
* = FE nested within cluster; treated as redundant for DoF computation
(dropped 2 singleton observations)
(MWFE estimator converged in 6 iterations)

HDFE Linear regression                            Number of obs   =      3,735
Absorbing 2 HDFE groups                           F(   2,   3542) =     109.96
                                                  Prob > F        =     0.0000
                                                  R-squared       =     0.9415
                                                  Adj R-squared   =     0.9383
                                                  Within R-sq.    =     0.0679
                                                  Root MSE        =     1.5930

------------------------------------------------------------------------------
             |               Robust
    gini_mkt |      Coef.   Std. Err.      t    P>|t|     [95% Conf. Interval]
-------------+----------------------------------------------------------------
 ln_gaci_cwm |   3.185787   .3812207     8.36   0.000     2.438353    3.933221
       lnpop |  -3.967204   .3069576   -12.92   0.000    -4.569036   -3.365373
       _cons |   109.2646   4.937915    22.13   0.000      99.5832    118.9461
------------------------------------------------------------------------------

Absorbed degrees of freedom:
-----------------------------------------------------+
 Absorbed FE | Categories  - Redundant  = Num. Coefs |
-------------+---------------------------------------|
     isocode |       164           0         164     |
           y |        28           1          27     |
-----------------------------------------------------+
(dropped 2 singleton observations)
(MWFE estimator converged in 6 iterations)

IV (2SLS) estimation
--------------------

Estimates efficient for homoskedasticity only
Statistics robust to heteroskedasticity

                                                      Number of obs =     3735
                                                      F(  2,  3542) =    19.00
                                                      Prob > F      =   0.0000
Total (centered) SS     =  9643.749001                Centered R2   =  -1.5580
Total (uncentered) SS   =  9643.749001                Uncentered R2 =  -1.5580
Residual SS             =  24668.99044                Root MSE      =    2.639

------------------------------------------------------------------------------
             |               Robust
    gini_mkt |      Coef.   Std. Err.      t    P>|t|     [95% Conf. Interval]
-------------+----------------------------------------------------------------
 ln_gaci_cwm |   31.50575   13.93669     2.26   0.024     4.180993    58.83051
       lnpop |  -4.328717   .7056836    -6.13   0.000    -5.712304    -2.94513
------------------------------------------------------------------------------
Underidentification test (Kleibergen-Paap rk LM statistic):              7.118
                                                   Chi-sq(1) P-val =    0.0076
------------------------------------------------------------------------------
Weak identification test (Cragg-Donald Wald F statistic):               11.467
                         (Kleibergen-Paap rk Wald F statistic):          6.938
Stock-Yogo weak ID test critical values: 10% maximal IV size             16.38
                                         15% maximal IV size              8.96
                                         20% maximal IV size              6.66
                                         25% maximal IV size              5.53
Source: Stock-Yogo (2005).  Reproduced by permission.
NB: Critical values are for Cragg-Donald F statistic and i.i.d. errors.
------------------------------------------------------------------------------
Hansen J statistic (overidentification test of all instruments):         0.000
                                                 (equation exactly identified)
------------------------------------------------------------------------------
Instrumented:         ln_gaci_cwm
Included instruments: lnpop
Excluded instruments: tourism_int
Partialled-out:       _cons
                      nb: total SS, model F and R2s are after partialling-out;
                          any small-sample adjustments include partialled-out
                          variables in regressor count K
------------------------------------------------------------------------------

Absorbed degrees of freedom:
-----------------------------------------------------+
 Absorbed FE | Categories  - Redundant  = Num. Coefs |
-------------+---------------------------------------|
     isocode |       164           0         164     |
           y |        28           1          27     |
-----------------------------------------------------+
(dropped 2 singleton observations)
(MWFE estimator converged in 6 iterations)

IV (2SLS) estimation
--------------------

Estimates efficient for homoskedasticity only
Statistics robust to heteroskedasticity and clustering on isocode

Number of clusters (isocode) =     164                Number of obs =     3735
                                                      F(  2,   163) =     2.12
                                                      Prob > F      =   0.1228
Total (centered) SS     =  9643.749001                Centered R2   =  -1.5580
Total (uncentered) SS   =  9643.749001                Uncentered R2 =  -1.5580
Residual SS             =  24668.99044                Root MSE      =     2.58

------------------------------------------------------------------------------
             |               Robust
    gini_mkt |      Coef.   Std. Err.      t    P>|t|     [95% Conf. Interval]
-------------+----------------------------------------------------------------
 ln_gaci_cwm |   31.50575   24.49833     1.29   0.200    -16.86926    79.88076
       lnpop |  -4.328717   2.319406    -1.87   0.064    -8.908674    .2512402
------------------------------------------------------------------------------
Underidentification test (Kleibergen-Paap rk LM statistic):              2.010
                                                   Chi-sq(1) P-val =    0.1563
------------------------------------------------------------------------------
Weak identification test (Cragg-Donald Wald F statistic):               11.998
                         (Kleibergen-Paap rk Wald F statistic):          2.118
Stock-Yogo weak ID test critical values: 10% maximal IV size             16.38
                                         15% maximal IV size              8.96
                                         20% maximal IV size              6.66
                                         25% maximal IV size              5.53
Source: Stock-Yogo (2005).  Reproduced by permission.
NB: Critical values are for Cragg-Donald F statistic and i.i.d. errors.
------------------------------------------------------------------------------
Hansen J statistic (overidentification test of all instruments):         0.000
                                                 (equation exactly identified)
------------------------------------------------------------------------------
Instrumented:         ln_gaci_cwm
Included instruments: lnpop
Excluded instruments: tourism_int
Partialled-out:       _cons
                      nb: total SS, model F and R2s are after partialling-out;
                          any small-sample adjustments include partialled-out
                          variables in regressor count K
------------------------------------------------------------------------------

Absorbed degrees of freedom:
-----------------------------------------------------+
 Absorbed FE | Categories  - Redundant  = Num. Coefs |
-------------+---------------------------------------|
     isocode |       164         164           0    *|
           y |        28           1          27     |
-----------------------------------------------------+
* = FE nested within cluster; treated as redundant for DoF computation
(dropped 2 singleton observations)
(MWFE estimator converged in 6 iterations)

HDFE Linear regression                            Number of obs   =      3,735
Absorbing 2 HDFE groups                           F(   2,   3542) =      63.52
                                                  Prob > F        =     0.0000
                                                  R-squared       =     0.9662
                                                  Adj R-squared   =     0.9643
                                                  Within R-sq.    =     0.0409
                                                  Root MSE        =     1.5473

------------------------------------------------------------------------------
             |               Robust
   gini_disp |      Coef.   Std. Err.      t    P>|t|     [95% Conf. Interval]
-------------+----------------------------------------------------------------
 ln_gaci_cwm |   2.860406   .3789213     7.55   0.000      2.11748    3.603332
       lnpop |  -2.647155   .2912458    -9.09   0.000    -3.218182   -2.076129
       _cons |   80.80153   4.685419    17.25   0.000     71.61514    89.98792
------------------------------------------------------------------------------

Absorbed degrees of freedom:
-----------------------------------------------------+
 Absorbed FE | Categories  - Redundant  = Num. Coefs |
-------------+---------------------------------------|
     isocode |       164           0         164     |
           y |        28           1          27     |
-----------------------------------------------------+
(dropped 2 singleton observations)
(MWFE estimator converged in 6 iterations)

IV (2SLS) estimation
--------------------

Estimates efficient for homoskedasticity only
Statistics robust to heteroskedasticity

                                                      Number of obs =     3735
                                                      F(  2,  3542) =    15.01
                                                      Prob > F      =   0.0000
Total (centered) SS     =  8841.573561                Centered R2   =  -0.8178
Total (uncentered) SS   =  8841.573561                Uncentered R2 =  -0.8178
Residual SS             =  16072.62361                Root MSE      =     2.13

------------------------------------------------------------------------------
             |               Robust
   gini_disp |      Coef.   Std. Err.      t    P>|t|     [95% Conf. Interval]
-------------+----------------------------------------------------------------
 ln_gaci_cwm |    22.5673   10.75585     2.10   0.036      1.47901     43.6556
       lnpop |   -2.89872   .5329332    -5.44   0.000    -3.943607   -1.853833
------------------------------------------------------------------------------
Underidentification test (Kleibergen-Paap rk LM statistic):              7.118
                                                   Chi-sq(1) P-val =    0.0076
------------------------------------------------------------------------------
Weak identification test (Cragg-Donald Wald F statistic):               11.467
                         (Kleibergen-Paap rk Wald F statistic):          6.938
Stock-Yogo weak ID test critical values: 10% maximal IV size             16.38
                                         15% maximal IV size              8.96
                                         20% maximal IV size              6.66
                                         25% maximal IV size              5.53
Source: Stock-Yogo (2005).  Reproduced by permission.
NB: Critical values are for Cragg-Donald F statistic and i.i.d. errors.
------------------------------------------------------------------------------
Hansen J statistic (overidentification test of all instruments):         0.000
                                                 (equation exactly identified)
------------------------------------------------------------------------------
Instrumented:         ln_gaci_cwm
Included instruments: lnpop
Excluded instruments: tourism_int
Partialled-out:       _cons
                      nb: total SS, model F and R2s are after partialling-out;
                          any small-sample adjustments include partialled-out
                          variables in regressor count K
------------------------------------------------------------------------------

Absorbed degrees of freedom:
-----------------------------------------------------+
 Absorbed FE | Categories  - Redundant  = Num. Coefs |
-------------+---------------------------------------|
     isocode |       164           0         164     |
           y |        28           1          27     |
-----------------------------------------------------+
(dropped 2 singleton observations)
(MWFE estimator converged in 6 iterations)

IV (2SLS) estimation
--------------------

Estimates efficient for homoskedasticity only
Statistics robust to heteroskedasticity and clustering on isocode

Number of clusters (isocode) =     164                Number of obs =     3735
                                                      F(  2,   163) =     1.66
                                                      Prob > F      =   0.1932
Total (centered) SS     =  8841.573561                Centered R2   =  -0.8178
Total (uncentered) SS   =  8841.573561                Uncentered R2 =  -0.8178
Residual SS             =  16072.62361                Root MSE      =    2.083

------------------------------------------------------------------------------
             |               Robust
   gini_disp |      Coef.   Std. Err.      t    P>|t|     [95% Conf. Interval]
-------------+----------------------------------------------------------------
 ln_gaci_cwm |    22.5673   20.87926     1.08   0.281     -18.6614      63.796
       lnpop |   -2.89872   1.726101    -1.68   0.095    -6.307122    .5096824
------------------------------------------------------------------------------
Underidentification test (Kleibergen-Paap rk LM statistic):              2.010
                                                   Chi-sq(1) P-val =    0.1563
------------------------------------------------------------------------------
Weak identification test (Cragg-Donald Wald F statistic):               11.998
                         (Kleibergen-Paap rk Wald F statistic):          2.118
Stock-Yogo weak ID test critical values: 10% maximal IV size             16.38
                                         15% maximal IV size              8.96
                                         20% maximal IV size              6.66
                                         25% maximal IV size              5.53
Source: Stock-Yogo (2005).  Reproduced by permission.
NB: Critical values are for Cragg-Donald F statistic and i.i.d. errors.
------------------------------------------------------------------------------
Hansen J statistic (overidentification test of all instruments):         0.000
                                                 (equation exactly identified)
------------------------------------------------------------------------------
Instrumented:         ln_gaci_cwm
Included instruments: lnpop
Excluded instruments: tourism_int
Partialled-out:       _cons
                      nb: total SS, model F and R2s are after partialling-out;
                          any small-sample adjustments include partialled-out
                          variables in regressor count K
------------------------------------------------------------------------------

Absorbed degrees of freedom:
-----------------------------------------------------+
 Absorbed FE | Categories  - Redundant  = Num. Coefs |
-------------+---------------------------------------|
     isocode |       164         164           0    *|
           y |        28           1          27     |
-----------------------------------------------------+
* = FE nested within cluster; treated as redundant for DoF computation
(MWFE estimator converged in 5 iterations)

HDFE Linear regression                            Number of obs   =      1,898
Absorbing 2 HDFE groups                           F(   2,   1799) =       1.90
                                                  Prob > F        =     0.1498
                                                  R-squared       =     0.9815
                                                  Adj R-squared   =     0.9805
                                                  Within R-sq.    =     0.0018
                                                  Root MSE        =     1.0818

------------------------------------------------------------------------------
             |               Robust
     abs_red |      Coef.   Std. Err.      t    P>|t|     [95% Conf. Interval]
-------------+----------------------------------------------------------------
 ln_gaci_cwm |    .122343   .3691699     0.33   0.740    -.6017039    .8463899
       lnpop |  -.5997556   .3646329    -1.64   0.100    -1.314904     .115393
       _cons |    20.7776   6.061826     3.43   0.001     8.888636    32.66655
------------------------------------------------------------------------------

Absorbed degrees of freedom:
-----------------------------------------------------+
 Absorbed FE | Categories  - Redundant  = Num. Coefs |
-------------+---------------------------------------|
     isocode |        70           0          70     |
           y |        28           1          27     |
-----------------------------------------------------+
(MWFE estimator converged in 5 iterations)

IV (2SLS) estimation
--------------------

Estimates efficient for homoskedasticity only
Statistics robust to heteroskedasticity

                                                      Number of obs =     1898
                                                      F(  2,  1799) =     0.02
                                                      Prob > F      =   0.9807
Total (centered) SS     =  2109.275123                Centered R2   = -1.3e+02
Total (uncentered) SS   =  2109.275123                Uncentered R2 = -1.3e+02
Residual SS             =  279793.8159                Root MSE      =    12.47

------------------------------------------------------------------------------
             |               Robust
     abs_red |      Coef.   Std. Err.      t    P>|t|     [95% Conf. Interval]
-------------+----------------------------------------------------------------
 ln_gaci_cwm |   164.6475   1240.821     0.13   0.894    -2268.955     2598.25
       lnpop |   26.39487   203.5624     0.13   0.897    -372.8488    425.6385
------------------------------------------------------------------------------
Underidentification test (Kleibergen-Paap rk LM statistic):              0.019
                                                   Chi-sq(1) P-val =    0.8910
------------------------------------------------------------------------------
Weak identification test (Cragg-Donald Wald F statistic):                0.028
                         (Kleibergen-Paap rk Wald F statistic):          0.018
Stock-Yogo weak ID test critical values: 10% maximal IV size             16.38
                                         15% maximal IV size              8.96
                                         20% maximal IV size              6.66
                                         25% maximal IV size              5.53
Source: Stock-Yogo (2005).  Reproduced by permission.
NB: Critical values are for Cragg-Donald F statistic and i.i.d. errors.
------------------------------------------------------------------------------
Hansen J statistic (overidentification test of all instruments):         0.000
                                                 (equation exactly identified)
------------------------------------------------------------------------------
Instrumented:         ln_gaci_cwm
Included instruments: lnpop
Excluded instruments: tourism_int
Partialled-out:       _cons
                      nb: total SS, model F and R2s are after partialling-out;
                          any small-sample adjustments include partialled-out
                          variables in regressor count K
------------------------------------------------------------------------------

Absorbed degrees of freedom:
-----------------------------------------------------+
 Absorbed FE | Categories  - Redundant  = Num. Coefs |
-------------+---------------------------------------|
     isocode |        70           0          70     |
           y |        28           1          27     |
-----------------------------------------------------+
(MWFE estimator converged in 5 iterations)

IV (2SLS) estimation
--------------------

Estimates efficient for homoskedasticity only
Statistics robust to heteroskedasticity and clustering on isocode

Number of clusters (isocode) =      70                Number of obs =     1898
                                                      F(  2,    69) =     0.00
                                                      Prob > F      =   0.9959
Total (centered) SS     =  2109.275123                Centered R2   = -1.3e+02
Total (uncentered) SS   =  2109.275123                Uncentered R2 = -1.3e+02
Residual SS             =  279793.8159                Root MSE      =    12.24

------------------------------------------------------------------------------
             |               Robust
     abs_red |      Coef.   Std. Err.      t    P>|t|     [95% Conf. Interval]
-------------+----------------------------------------------------------------
 ln_gaci_cwm |   164.6475   2162.857     0.08   0.940    -4150.133    4479.428
       lnpop |   26.39487   354.8111     0.07   0.941    -681.4339    734.2236
------------------------------------------------------------------------------
Underidentification test (Kleibergen-Paap rk LM statistic):              0.006
                                                   Chi-sq(1) P-val =    0.9393
------------------------------------------------------------------------------
Weak identification test (Cragg-Donald Wald F statistic):                0.029
                         (Kleibergen-Paap rk Wald F statistic):          0.006
Stock-Yogo weak ID test critical values: 10% maximal IV size             16.38
                                         15% maximal IV size              8.96
                                         20% maximal IV size              6.66
                                         25% maximal IV size              5.53
Source: Stock-Yogo (2005).  Reproduced by permission.
NB: Critical values are for Cragg-Donald F statistic and i.i.d. errors.
------------------------------------------------------------------------------
Hansen J statistic (overidentification test of all instruments):         0.000
                                                 (equation exactly identified)
------------------------------------------------------------------------------
Instrumented:         ln_gaci_cwm
Included instruments: lnpop
Excluded instruments: tourism_int
Partialled-out:       _cons
                      nb: total SS, model F and R2s are after partialling-out;
                          any small-sample adjustments include partialled-out
                          variables in regressor count K
------------------------------------------------------------------------------

Absorbed degrees of freedom:
-----------------------------------------------------+
 Absorbed FE | Categories  - Redundant  = Num. Coefs |
-------------+---------------------------------------|
     isocode |        70          70           0    *|
           y |        28           1          27     |
-----------------------------------------------------+
* = FE nested within cluster; treated as redundant for DoF computation
(dropped 2 singleton observations)
(MWFE estimator converged in 6 iterations)

HDFE Linear regression                            Number of obs   =      3,735
Absorbing 2 HDFE groups                           F(   2,   3542) =       6.90
                                                  Prob > F        =     0.0010
                                                  R-squared       =     0.9604
                                                  Adj R-squared   =     0.9583
                                                  Within R-sq.    =     0.0061
                                                  Root MSE        =     0.0839

------------------------------------------------------------------------------
             |               Robust
 ln_gaci_max |      Coef.   Std. Err.      t    P>|t|     [95% Conf. Interval]
-------------+----------------------------------------------------------------
 tourism_int |   .0376185   .0102114     3.68   0.000     .0175976    .0576394
       lnpop |   .0095767   .0250929     0.38   0.703    -.0396213    .0587747
       _cons |   .0144453   .4038132     0.04   0.971    -.7772846    .8061751
------------------------------------------------------------------------------

Absorbed degrees of freedom:
-----------------------------------------------------+
 Absorbed FE | Categories  - Redundant  = Num. Coefs |
-------------+---------------------------------------|
     isocode |       164           0         164     |
           y |        28           1          27     |
-----------------------------------------------------+

 ( 1)  tourism_int = 0

       F(  1,  3542) =   13.57
            Prob > F =    0.0002
(dropped 2 singleton observations)
(MWFE estimator converged in 6 iterations)

HDFE Linear regression                            Number of obs   =      3,735
Absorbing 2 HDFE groups                           F(   2,   3542) =     107.81
                                                  Prob > F        =     0.0000
                                                  R-squared       =     0.9395
                                                  Adj R-squared   =     0.9362
                                                  Within R-sq.    =     0.0673
                                                  Root MSE        =     0.0353

------------------------------------------------------------------------------
             |               Robust
 ln_gini_mkt |      Coef.   Std. Err.      t    P>|t|     [95% Conf. Interval]
-------------+----------------------------------------------------------------
 ln_gaci_max |       .061   .0075684     8.06   0.000     .0461612    .0758388
       lnpop |  -.0873461    .006927   -12.61   0.000    -.1009273   -.0737648
       _cons |   5.204699   .1114202    46.71   0.000     4.986244    5.423153
------------------------------------------------------------------------------

Absorbed degrees of freedom:
-----------------------------------------------------+
 Absorbed FE | Categories  - Redundant  = Num. Coefs |
-------------+---------------------------------------|
     isocode |       164           0         164     |
           y |        28           1          27     |
-----------------------------------------------------+
(dropped 2 singleton observations)
(MWFE estimator converged in 6 iterations)

IV (2SLS) estimation
--------------------

Estimates efficient for homoskedasticity only
Statistics robust to heteroskedasticity

                                                      Number of obs =     3735
                                                      F(  2,  3542) =    37.05
                                                      Prob > F      =   0.0000
Total (centered) SS     =  4.724771221                Centered R2   =  -0.8120
Total (uncentered) SS   =  4.724771221                Uncentered R2 =  -0.8120
Residual SS             =  8.561188534                Root MSE      =   .04916

------------------------------------------------------------------------------
             |               Robust
 ln_gini_mkt |      Coef.   Std. Err.      t    P>|t|     [95% Conf. Interval]
-------------+----------------------------------------------------------------
 ln_gaci_max |   .4679499   .1646936     2.84   0.005      .145046    .7908538
       lnpop |  -.0889393   .0107613    -8.26   0.000    -.1100383   -.0678402
------------------------------------------------------------------------------
Underidentification test (Kleibergen-Paap rk LM statistic):             13.575
                                                   Chi-sq(1) P-val =    0.0002
------------------------------------------------------------------------------
Weak identification test (Cragg-Donald Wald F statistic):               21.590
                         (Kleibergen-Paap rk Wald F statistic):         13.572
Stock-Yogo weak ID test critical values: 10% maximal IV size             16.38
                                         15% maximal IV size              8.96
                                         20% maximal IV size              6.66
                                         25% maximal IV size              5.53
Source: Stock-Yogo (2005).  Reproduced by permission.
NB: Critical values are for Cragg-Donald F statistic and i.i.d. errors.
------------------------------------------------------------------------------
Hansen J statistic (overidentification test of all instruments):         0.000
                                                 (equation exactly identified)
------------------------------------------------------------------------------
Instrumented:         ln_gaci_max
Included instruments: lnpop
Excluded instruments: tourism_int
Partialled-out:       _cons
                      nb: total SS, model F and R2s are after partialling-out;
                          any small-sample adjustments include partialled-out
                          variables in regressor count K
------------------------------------------------------------------------------

Absorbed degrees of freedom:
-----------------------------------------------------+
 Absorbed FE | Categories  - Redundant  = Num. Coefs |
-------------+---------------------------------------|
     isocode |       164           0         164     |
           y |        28           1          27     |
-----------------------------------------------------+
(dropped 2 singleton observations)
(MWFE estimator converged in 6 iterations)

IV (2SLS) estimation
--------------------

Estimates efficient for homoskedasticity only
Statistics robust to heteroskedasticity and clustering on isocode

Number of clusters (isocode) =     164                Number of obs =     3735
                                                      F(  2,   163) =     4.54
                                                      Prob > F      =   0.0121
Total (centered) SS     =  4.724771221                Centered R2   =  -0.8120
Total (uncentered) SS   =  4.724771221                Uncentered R2 =  -0.8120
Residual SS             =  8.561188534                Root MSE      =   .04806

------------------------------------------------------------------------------
             |               Robust
 ln_gini_mkt |      Coef.   Std. Err.      t    P>|t|     [95% Conf. Interval]
-------------+----------------------------------------------------------------
 ln_gaci_max |   .4679499   .2604817     1.80   0.074    -.0464037    .9823034
       lnpop |  -.0889393    .035063    -2.54   0.012    -.1581756   -.0197029
------------------------------------------------------------------------------
Underidentification test (Kleibergen-Paap rk LM statistic):              3.137
                                                   Chi-sq(1) P-val =    0.0765
------------------------------------------------------------------------------
Weak identification test (Cragg-Donald Wald F statistic):               22.590
                         (Kleibergen-Paap rk Wald F statistic):          3.477
Stock-Yogo weak ID test critical values: 10% maximal IV size             16.38
                                         15% maximal IV size              8.96
                                         20% maximal IV size              6.66
                                         25% maximal IV size              5.53
Source: Stock-Yogo (2005).  Reproduced by permission.
NB: Critical values are for Cragg-Donald F statistic and i.i.d. errors.
------------------------------------------------------------------------------
Hansen J statistic (overidentification test of all instruments):         0.000
                                                 (equation exactly identified)
------------------------------------------------------------------------------
Instrumented:         ln_gaci_max
Included instruments: lnpop
Excluded instruments: tourism_int
Partialled-out:       _cons
                      nb: total SS, model F and R2s are after partialling-out;
                          any small-sample adjustments include partialled-out
                          variables in regressor count K
------------------------------------------------------------------------------

Absorbed degrees of freedom:
-----------------------------------------------------+
 Absorbed FE | Categories  - Redundant  = Num. Coefs |
-------------+---------------------------------------|
     isocode |       164         164           0    *|
           y |        28           1          27     |
-----------------------------------------------------+
* = FE nested within cluster; treated as redundant for DoF computation
(dropped 2 singleton observations)
(MWFE estimator converged in 6 iterations)

HDFE Linear regression                            Number of obs   =      3,735
Absorbing 2 HDFE groups                           F(   2,   3542) =      50.12
                                                  Prob > F        =     0.0000
                                                  R-squared       =     0.9675
                                                  Adj R-squared   =     0.9657
                                                  Within R-sq.    =     0.0338
                                                  Root MSE        =     0.0397

------------------------------------------------------------------------------
             |               Robust
ln_gini_disp |      Coef.   Std. Err.      t    P>|t|     [95% Conf. Interval]
-------------+----------------------------------------------------------------
 ln_gaci_max |    .050027   .0088444     5.66   0.000     .0326864    .0673677
       lnpop |  -.0670367   .0078802    -8.51   0.000    -.0824869   -.0515865
       _cons |   4.694036   .1267606    37.03   0.000     4.445504    4.942567
------------------------------------------------------------------------------

Absorbed degrees of freedom:
-----------------------------------------------------+
 Absorbed FE | Categories  - Redundant  = Num. Coefs |
-------------+---------------------------------------|
     isocode |       164           0         164     |
           y |        28           1          27     |
-----------------------------------------------------+
(dropped 2 singleton observations)
(MWFE estimator converged in 6 iterations)

IV (2SLS) estimation
--------------------

Estimates efficient for homoskedasticity only
Statistics robust to heteroskedasticity

                                                      Number of obs =     3735
                                                      F(  2,  3542) =    24.16
                                                      Prob > F      =   0.0000
Total (centered) SS     =  5.776792264                Centered R2   =  -0.4715
Total (uncentered) SS   =  5.776792264                Uncentered R2 =  -0.4715
Residual SS             =  8.500618947                Root MSE      =   .04899

------------------------------------------------------------------------------
             |               Robust
ln_gini_disp |      Coef.   Std. Err.      t    P>|t|     [95% Conf. Interval]
-------------+----------------------------------------------------------------
 ln_gaci_max |    .391136   .1511499     2.59   0.010     .0947864    .6874856
       lnpop |  -.0683721   .0104294    -6.56   0.000    -.0888203   -.0479239
------------------------------------------------------------------------------
Underidentification test (Kleibergen-Paap rk LM statistic):             13.575
                                                   Chi-sq(1) P-val =    0.0002
------------------------------------------------------------------------------
Weak identification test (Cragg-Donald Wald F statistic):               21.590
                         (Kleibergen-Paap rk Wald F statistic):         13.572
Stock-Yogo weak ID test critical values: 10% maximal IV size             16.38
                                         15% maximal IV size              8.96
                                         20% maximal IV size              6.66
                                         25% maximal IV size              5.53
Source: Stock-Yogo (2005).  Reproduced by permission.
NB: Critical values are for Cragg-Donald F statistic and i.i.d. errors.
------------------------------------------------------------------------------
Hansen J statistic (overidentification test of all instruments):         0.000
                                                 (equation exactly identified)
------------------------------------------------------------------------------
Instrumented:         ln_gaci_max
Included instruments: lnpop
Excluded instruments: tourism_int
Partialled-out:       _cons
                      nb: total SS, model F and R2s are after partialling-out;
                          any small-sample adjustments include partialled-out
                          variables in regressor count K
------------------------------------------------------------------------------

Absorbed degrees of freedom:
-----------------------------------------------------+
 Absorbed FE | Categories  - Redundant  = Num. Coefs |
-------------+---------------------------------------|
     isocode |       164           0         164     |
           y |        28           1          27     |
-----------------------------------------------------+
(dropped 2 singleton observations)
(MWFE estimator converged in 6 iterations)

IV (2SLS) estimation
--------------------

Estimates efficient for homoskedasticity only
Statistics robust to heteroskedasticity and clustering on isocode

Number of clusters (isocode) =     164                Number of obs =     3735
                                                      F(  2,   163) =     2.77
                                                      Prob > F      =   0.0654
Total (centered) SS     =  5.776792264                Centered R2   =  -0.4715
Total (uncentered) SS   =  5.776792264                Uncentered R2 =  -0.4715
Residual SS             =  8.500618947                Root MSE      =   .04789

------------------------------------------------------------------------------
             |               Robust
ln_gini_disp |      Coef.   Std. Err.      t    P>|t|     [95% Conf. Interval]
-------------+----------------------------------------------------------------
 ln_gaci_max |    .391136   .2837739     1.38   0.170    -.1692109     .951483
       lnpop |  -.0683721   .0337866    -2.02   0.045    -.1350879   -.0016563
------------------------------------------------------------------------------
Underidentification test (Kleibergen-Paap rk LM statistic):              3.137
                                                   Chi-sq(1) P-val =    0.0765
------------------------------------------------------------------------------
Weak identification test (Cragg-Donald Wald F statistic):               22.590
                         (Kleibergen-Paap rk Wald F statistic):          3.477
Stock-Yogo weak ID test critical values: 10% maximal IV size             16.38
                                         15% maximal IV size              8.96
                                         20% maximal IV size              6.66
                                         25% maximal IV size              5.53
Source: Stock-Yogo (2005).  Reproduced by permission.
NB: Critical values are for Cragg-Donald F statistic and i.i.d. errors.
------------------------------------------------------------------------------
Hansen J statistic (overidentification test of all instruments):         0.000
                                                 (equation exactly identified)
------------------------------------------------------------------------------
Instrumented:         ln_gaci_max
Included instruments: lnpop
Excluded instruments: tourism_int
Partialled-out:       _cons
                      nb: total SS, model F and R2s are after partialling-out;
                          any small-sample adjustments include partialled-out
                          variables in regressor count K
------------------------------------------------------------------------------

Absorbed degrees of freedom:
-----------------------------------------------------+
 Absorbed FE | Categories  - Redundant  = Num. Coefs |
-------------+---------------------------------------|
     isocode |       164         164           0    *|
           y |        28           1          27     |
-----------------------------------------------------+
* = FE nested within cluster; treated as redundant for DoF computation
(dropped 2 singleton observations)
(MWFE estimator converged in 6 iterations)

HDFE Linear regression                            Number of obs   =      3,735
Absorbing 2 HDFE groups                           F(   2,   3542) =     102.69
                                                  Prob > F        =     0.0000
                                                  R-squared       =     0.9412
                                                  Adj R-squared   =     0.9380
                                                  Within R-sq.    =     0.0631
                                                  Root MSE        =     1.5971

------------------------------------------------------------------------------
             |               Robust
    gini_mkt |      Coef.   Std. Err.      t    P>|t|     [95% Conf. Interval]
-------------+----------------------------------------------------------------
 ln_gaci_max |   2.462695   .3388587     7.27   0.000     1.798317    3.127073
       lnpop |  -3.936178   .3118432   -12.62   0.000    -4.547588   -3.324767
       _cons |   108.4974   5.016506    21.63   0.000     98.66189     118.333
------------------------------------------------------------------------------

Absorbed degrees of freedom:
-----------------------------------------------------+
 Absorbed FE | Categories  - Redundant  = Num. Coefs |
-------------+---------------------------------------|
     isocode |       164           0         164     |
           y |        28           1          27     |
-----------------------------------------------------+
(dropped 2 singleton observations)
(MWFE estimator converged in 6 iterations)

IV (2SLS) estimation
--------------------

Estimates efficient for homoskedasticity only
Statistics robust to heteroskedasticity

                                                      Number of obs =     3735
                                                      F(  2,  3542) =    39.02
                                                      Prob > F      =   0.0000
Total (centered) SS     =  9643.749001                Centered R2   =  -0.7644
Total (uncentered) SS   =  9643.749001                Uncentered R2 =  -0.7644
Residual SS             =  17015.19783                Root MSE      =    2.192

------------------------------------------------------------------------------
             |               Robust
    gini_mkt |      Coef.   Std. Err.      t    P>|t|     [95% Conf. Interval]
-------------+----------------------------------------------------------------
 ln_gaci_max |   20.29838    7.41403     2.74   0.006     5.762186    34.83458
       lnpop |  -4.006003    .469511    -8.53   0.000    -4.926542   -3.085464
------------------------------------------------------------------------------
Underidentification test (Kleibergen-Paap rk LM statistic):             13.575
                                                   Chi-sq(1) P-val =    0.0002
------------------------------------------------------------------------------
Weak identification test (Cragg-Donald Wald F statistic):               21.590
                         (Kleibergen-Paap rk Wald F statistic):         13.572
Stock-Yogo weak ID test critical values: 10% maximal IV size             16.38
                                         15% maximal IV size              8.96
                                         20% maximal IV size              6.66
                                         25% maximal IV size              5.53
Source: Stock-Yogo (2005).  Reproduced by permission.
NB: Critical values are for Cragg-Donald F statistic and i.i.d. errors.
------------------------------------------------------------------------------
Hansen J statistic (overidentification test of all instruments):         0.000
                                                 (equation exactly identified)
------------------------------------------------------------------------------
Instrumented:         ln_gaci_max
Included instruments: lnpop
Excluded instruments: tourism_int
Partialled-out:       _cons
                      nb: total SS, model F and R2s are after partialling-out;
                          any small-sample adjustments include partialled-out
                          variables in regressor count K
------------------------------------------------------------------------------

Absorbed degrees of freedom:
-----------------------------------------------------+
 Absorbed FE | Categories  - Redundant  = Num. Coefs |
-------------+---------------------------------------|
     isocode |       164           0         164     |
           y |        28           1          27     |
-----------------------------------------------------+
(dropped 2 singleton observations)
(MWFE estimator converged in 6 iterations)

IV (2SLS) estimation
--------------------

Estimates efficient for homoskedasticity only
Statistics robust to heteroskedasticity and clustering on isocode

Number of clusters (isocode) =     164                Number of obs =     3735
                                                      F(  2,   163) =     4.55
                                                      Prob > F      =   0.0119
Total (centered) SS     =  9643.749001                Centered R2   =  -0.7644
Total (uncentered) SS   =  9643.749001                Uncentered R2 =  -0.7644
Residual SS             =  17015.19783                Root MSE      =    2.143

------------------------------------------------------------------------------
             |               Robust
    gini_mkt |      Coef.   Std. Err.      t    P>|t|     [95% Conf. Interval]
-------------+----------------------------------------------------------------
 ln_gaci_max |   20.29838   11.95787     1.70   0.092    -3.313928     43.9107
       lnpop |  -4.006003   1.532494    -2.61   0.010    -7.032104   -.9799025
------------------------------------------------------------------------------
Underidentification test (Kleibergen-Paap rk LM statistic):              3.137
                                                   Chi-sq(1) P-val =    0.0765
------------------------------------------------------------------------------
Weak identification test (Cragg-Donald Wald F statistic):               22.590
                         (Kleibergen-Paap rk Wald F statistic):          3.477
Stock-Yogo weak ID test critical values: 10% maximal IV size             16.38
                                         15% maximal IV size              8.96
                                         20% maximal IV size              6.66
                                         25% maximal IV size              5.53
Source: Stock-Yogo (2005).  Reproduced by permission.
NB: Critical values are for Cragg-Donald F statistic and i.i.d. errors.
------------------------------------------------------------------------------
Hansen J statistic (overidentification test of all instruments):         0.000
                                                 (equation exactly identified)
------------------------------------------------------------------------------
Instrumented:         ln_gaci_max
Included instruments: lnpop
Excluded instruments: tourism_int
Partialled-out:       _cons
                      nb: total SS, model F and R2s are after partialling-out;
                          any small-sample adjustments include partialled-out
                          variables in regressor count K
------------------------------------------------------------------------------

Absorbed degrees of freedom:
-----------------------------------------------------+
 Absorbed FE | Categories  - Redundant  = Num. Coefs |
-------------+---------------------------------------|
     isocode |       164         164           0    *|
           y |        28           1          27     |
-----------------------------------------------------+
* = FE nested within cluster; treated as redundant for DoF computation
(dropped 2 singleton observations)
(MWFE estimator converged in 6 iterations)

HDFE Linear regression                            Number of obs   =      3,735
Absorbing 2 HDFE groups                           F(   2,   3542) =      62.54
                                                  Prob > F        =     0.0000
                                                  R-squared       =     0.9661
                                                  Adj R-squared   =     0.9643
                                                  Within R-sq.    =     0.0400
                                                  Root MSE        =     1.5480

------------------------------------------------------------------------------
             |               Robust
   gini_disp |      Coef.   Std. Err.      t    P>|t|     [95% Conf. Interval]
-------------+----------------------------------------------------------------
 ln_gaci_max |   2.459802   .3427151     7.18   0.000     1.787863    3.131741
       lnpop |  -2.620271   .2928928    -8.95   0.000    -3.194527   -2.046016
       _cons |   80.08197   4.711246    17.00   0.000     70.84494      89.319
------------------------------------------------------------------------------

Absorbed degrees of freedom:
-----------------------------------------------------+
 Absorbed FE | Categories  - Redundant  = Num. Coefs |
-------------+---------------------------------------|
     isocode |       164           0         164     |
           y |        28           1          27     |
-----------------------------------------------------+
(dropped 2 singleton observations)
(MWFE estimator converged in 6 iterations)

IV (2SLS) estimation
--------------------

Estimates efficient for homoskedasticity only
Statistics robust to heteroskedasticity

                                                      Number of obs =     3735
                                                      F(  2,  3542) =    27.42
                                                      Prob > F      =   0.0000
Total (centered) SS     =  8841.573561                Centered R2   =  -0.3740
Total (uncentered) SS   =  8841.573561                Uncentered R2 =  -0.3740
Residual SS             =  12148.52874                Root MSE      =    1.852

------------------------------------------------------------------------------
             |               Robust
   gini_disp |      Coef.   Std. Err.      t    P>|t|     [95% Conf. Interval]
-------------+----------------------------------------------------------------
 ln_gaci_max |   14.53956   5.810568     2.50   0.012     3.147165    25.93196
       lnpop |  -2.667563   .3782964    -7.05   0.000    -3.409263   -1.925862
------------------------------------------------------------------------------
Underidentification test (Kleibergen-Paap rk LM statistic):             13.575
                                                   Chi-sq(1) P-val =    0.0002
------------------------------------------------------------------------------
Weak identification test (Cragg-Donald Wald F statistic):               21.590
                         (Kleibergen-Paap rk Wald F statistic):         13.572
Stock-Yogo weak ID test critical values: 10% maximal IV size             16.38
                                         15% maximal IV size              8.96
                                         20% maximal IV size              6.66
                                         25% maximal IV size              5.53
Source: Stock-Yogo (2005).  Reproduced by permission.
NB: Critical values are for Cragg-Donald F statistic and i.i.d. errors.
------------------------------------------------------------------------------
Hansen J statistic (overidentification test of all instruments):         0.000
                                                 (equation exactly identified)
------------------------------------------------------------------------------
Instrumented:         ln_gaci_max
Included instruments: lnpop
Excluded instruments: tourism_int
Partialled-out:       _cons
                      nb: total SS, model F and R2s are after partialling-out;
                          any small-sample adjustments include partialled-out
                          variables in regressor count K
------------------------------------------------------------------------------

Absorbed degrees of freedom:
-----------------------------------------------------+
 Absorbed FE | Categories  - Redundant  = Num. Coefs |
-------------+---------------------------------------|
     isocode |       164           0         164     |
           y |        28           1          27     |
-----------------------------------------------------+
(dropped 2 singleton observations)
(MWFE estimator converged in 6 iterations)

IV (2SLS) estimation
--------------------

Estimates efficient for homoskedasticity only
Statistics robust to heteroskedasticity and clustering on isocode

Number of clusters (isocode) =     164                Number of obs =     3735
                                                      F(  2,   163) =     3.04
                                                      Prob > F      =   0.0504
Total (centered) SS     =  8841.573561                Centered R2   =  -0.3740
Total (uncentered) SS   =  8841.573561                Uncentered R2 =  -0.3740
Residual SS             =  12148.52874                Root MSE      =    1.811

------------------------------------------------------------------------------
             |               Robust
   gini_disp |      Coef.   Std. Err.      t    P>|t|     [95% Conf. Interval]
-------------+----------------------------------------------------------------
 ln_gaci_max |   14.53956   11.45734     1.27   0.206    -8.084384    37.16351
       lnpop |  -2.667563   1.222463    -2.18   0.031    -5.081469   -.2536568
------------------------------------------------------------------------------
Underidentification test (Kleibergen-Paap rk LM statistic):              3.137
                                                   Chi-sq(1) P-val =    0.0765
------------------------------------------------------------------------------
Weak identification test (Cragg-Donald Wald F statistic):               22.590
                         (Kleibergen-Paap rk Wald F statistic):          3.477
Stock-Yogo weak ID test critical values: 10% maximal IV size             16.38
                                         15% maximal IV size              8.96
                                         20% maximal IV size              6.66
                                         25% maximal IV size              5.53
Source: Stock-Yogo (2005).  Reproduced by permission.
NB: Critical values are for Cragg-Donald F statistic and i.i.d. errors.
------------------------------------------------------------------------------
Hansen J statistic (overidentification test of all instruments):         0.000
                                                 (equation exactly identified)
------------------------------------------------------------------------------
Instrumented:         ln_gaci_max
Included instruments: lnpop
Excluded instruments: tourism_int
Partialled-out:       _cons
                      nb: total SS, model F and R2s are after partialling-out;
                          any small-sample adjustments include partialled-out
                          variables in regressor count K
------------------------------------------------------------------------------

Absorbed degrees of freedom:
-----------------------------------------------------+
 Absorbed FE | Categories  - Redundant  = Num. Coefs |
-------------+---------------------------------------|
     isocode |       164         164           0    *|
           y |        28           1          27     |
-----------------------------------------------------+
* = FE nested within cluster; treated as redundant for DoF computation
(MWFE estimator converged in 5 iterations)

HDFE Linear regression                            Number of obs   =      1,898
Absorbing 2 HDFE groups                           F(   2,   1799) =       1.62
                                                  Prob > F        =     0.1980
                                                  R-squared       =     0.9815
                                                  Adj R-squared   =     0.9805
                                                  Within R-sq.    =     0.0019
                                                  Root MSE        =     1.0818

------------------------------------------------------------------------------
             |               Robust
     abs_red |      Coef.   Std. Err.      t    P>|t|     [95% Conf. Interval]
-------------+----------------------------------------------------------------
 ln_gaci_max |  -.1193974   .3185152    -0.37   0.708    -.7440959    .5053011
       lnpop |  -.6406599   .3642436    -1.76   0.079    -1.355045     .073725
       _cons |   21.52822   6.076473     3.54   0.000     9.610535    33.44591
------------------------------------------------------------------------------

Absorbed degrees of freedom:
-----------------------------------------------------+
 Absorbed FE | Categories  - Redundant  = Num. Coefs |
-------------+---------------------------------------|
     isocode |        70           0          70     |
           y |        28           1          27     |
-----------------------------------------------------+
(MWFE estimator converged in 5 iterations)

IV (2SLS) estimation
--------------------

Estimates efficient for homoskedasticity only
Statistics robust to heteroskedasticity

                                                      Number of obs =     1898
                                                      F(  2,  1799) =     0.70
                                                      Prob > F      =   0.4965
Total (centered) SS     =  2109.275123                Centered R2   =  -2.8118
Total (uncentered) SS   =  2109.275123                Uncentered R2 =  -2.8118
Residual SS             =  8040.220657                Root MSE      =    2.114

------------------------------------------------------------------------------
             |               Robust
     abs_red |      Coef.   Std. Err.      t    P>|t|     [95% Conf. Interval]
-------------+----------------------------------------------------------------
 ln_gaci_max |   20.14985   25.48139     0.79   0.429    -29.82638    70.12607
       lnpop |   2.895627   4.485655     0.65   0.519    -5.902014    11.69327
------------------------------------------------------------------------------
Underidentification test (Kleibergen-Paap rk LM statistic):              0.993
                                                   Chi-sq(1) P-val =    0.3191
------------------------------------------------------------------------------
Weak identification test (Cragg-Donald Wald F statistic):                1.345
                         (Kleibergen-Paap rk Wald F statistic):          0.953
Stock-Yogo weak ID test critical values: 10% maximal IV size             16.38
                                         15% maximal IV size              8.96
                                         20% maximal IV size              6.66
                                         25% maximal IV size              5.53
Source: Stock-Yogo (2005).  Reproduced by permission.
NB: Critical values are for Cragg-Donald F statistic and i.i.d. errors.
------------------------------------------------------------------------------
Hansen J statistic (overidentification test of all instruments):         0.000
                                                 (equation exactly identified)
------------------------------------------------------------------------------
Instrumented:         ln_gaci_max
Included instruments: lnpop
Excluded instruments: tourism_int
Partialled-out:       _cons
                      nb: total SS, model F and R2s are after partialling-out;
                          any small-sample adjustments include partialled-out
                          variables in regressor count K
------------------------------------------------------------------------------

Absorbed degrees of freedom:
-----------------------------------------------------+
 Absorbed FE | Categories  - Redundant  = Num. Coefs |
-------------+---------------------------------------|
     isocode |        70           0          70     |
           y |        28           1          27     |
-----------------------------------------------------+
(MWFE estimator converged in 5 iterations)

IV (2SLS) estimation
--------------------

Estimates efficient for homoskedasticity only
Statistics robust to heteroskedasticity and clustering on isocode

Number of clusters (isocode) =      70                Number of obs =     1898
                                                      F(  2,    69) =     0.16
                                                      Prob > F      =   0.8494
Total (centered) SS     =  2109.275123                Centered R2   =  -2.8118
Total (uncentered) SS   =  2109.275123                Uncentered R2 =  -2.8118
Residual SS             =  8040.220657                Root MSE      =    2.074

------------------------------------------------------------------------------
             |               Robust
     abs_red |      Coef.   Std. Err.      t    P>|t|     [95% Conf. Interval]
-------------+----------------------------------------------------------------
 ln_gaci_max |   20.14985   41.66514     0.48   0.630    -62.96984    103.2695
       lnpop |   2.895627   7.682601     0.38   0.707    -12.43074      18.222
------------------------------------------------------------------------------
Underidentification test (Kleibergen-Paap rk LM statistic):              0.240
                                                   Chi-sq(1) P-val =    0.6239
------------------------------------------------------------------------------
Weak identification test (Cragg-Donald Wald F statistic):                1.397
                         (Kleibergen-Paap rk Wald F statistic):          0.239
Stock-Yogo weak ID test critical values: 10% maximal IV size             16.38
                                         15% maximal IV size              8.96
                                         20% maximal IV size              6.66
                                         25% maximal IV size              5.53
Source: Stock-Yogo (2005).  Reproduced by permission.
NB: Critical values are for Cragg-Donald F statistic and i.i.d. errors.
------------------------------------------------------------------------------
Hansen J statistic (overidentification test of all instruments):         0.000
                                                 (equation exactly identified)
------------------------------------------------------------------------------
Instrumented:         ln_gaci_max
Included instruments: lnpop
Excluded instruments: tourism_int
Partialled-out:       _cons
                      nb: total SS, model F and R2s are after partialling-out;
                          any small-sample adjustments include partialled-out
                          variables in regressor count K
------------------------------------------------------------------------------

Absorbed degrees of freedom:
-----------------------------------------------------+
 Absorbed FE | Categories  - Redundant  = Num. Coefs |
-------------+---------------------------------------|
     isocode |        70          70           0    *|
           y |        28           1          27     |
-----------------------------------------------------+
* = FE nested within cluster; treated as redundant for DoF computation
(dropped 2 singleton observations)
(MWFE estimator converged in 6 iterations)

HDFE Linear regression                            Number of obs   =      3,735
Absorbing 2 HDFE groups                           F(   2,   3542) =       6.57
                                                  Prob > F        =     0.0014
                                                  R-squared       =     0.9707
                                                  Adj R-squared   =     0.9691
                                                  Within R-sq.    =     0.0042
                                                  Root MSE        =     0.2417

------------------------------------------------------------------------------
             |               Robust
 ln_gaci_sum |      Coef.   Std. Err.      t    P>|t|     [95% Conf. Interval]
-------------+----------------------------------------------------------------
 tourism_int |   .0677387   .0225593     3.00   0.003     .0235081    .1119693
       lnpop |   .1226933   .0535025     2.29   0.022     .0177945    .2275922
       _cons |  -.3198643   .8622052    -0.37   0.711    -2.010333    1.370604
------------------------------------------------------------------------------

Absorbed degrees of freedom:
-----------------------------------------------------+
 Absorbed FE | Categories  - Redundant  = Num. Coefs |
-------------+---------------------------------------|
     isocode |       164           0         164     |
           y |        28           1          27     |
-----------------------------------------------------+

 ( 1)  tourism_int = 0

       F(  1,  3542) =    9.02
            Prob > F =    0.0027
(dropped 2 singleton observations)
(MWFE estimator converged in 6 iterations)

HDFE Linear regression                            Number of obs   =      3,735
Absorbing 2 HDFE groups                           F(   2,   3542) =      77.02
                                                  Prob > F        =     0.0000
                                                  R-squared       =     0.9384
                                                  Adj R-squared   =     0.9351
                                                  Within R-sq.    =     0.0505
                                                  Root MSE        =     0.0356

------------------------------------------------------------------------------
             |               Robust
 ln_gini_mkt |      Coef.   Std. Err.      t    P>|t|     [95% Conf. Interval]
-------------+----------------------------------------------------------------
 ln_gaci_sum |   .0081766   .0023364     3.50   0.000     .0035958    .0127574
       lnpop |  -.0880271   .0073339   -12.00   0.000    -.1024063    -.073648
       _cons |   5.213241   .1179761    44.19   0.000     4.981933    5.444549
------------------------------------------------------------------------------

Absorbed degrees of freedom:
-----------------------------------------------------+
 Absorbed FE | Categories  - Redundant  = Num. Coefs |
-------------+---------------------------------------|
     isocode |       164           0         164     |
           y |        28           1          27     |
-----------------------------------------------------+
(dropped 2 singleton observations)
(MWFE estimator converged in 6 iterations)

IV (2SLS) estimation
--------------------

Estimates efficient for homoskedasticity only
Statistics robust to heteroskedasticity

                                                      Number of obs =     3735
                                                      F(  2,  3542) =    25.33
                                                      Prob > F      =   0.0000
Total (centered) SS     =  4.724771221                Centered R2   =  -2.7307
Total (uncentered) SS   =  4.724771221                Uncentered R2 =  -2.7307
Residual SS             =  17.62689052                Root MSE      =   .07054

------------------------------------------------------------------------------
             |               Robust
 ln_gini_mkt |      Coef.   Std. Err.      t    P>|t|     [95% Conf. Interval]
-------------+----------------------------------------------------------------
 ln_gaci_sum |   .2598746   .0991894     2.62   0.009     .0654006    .4543486
       lnpop |  -.1163427   .0169332    -6.87   0.000    -.1495425    -.083143
------------------------------------------------------------------------------
Underidentification test (Kleibergen-Paap rk LM statistic):              9.768
                                                   Chi-sq(1) P-val =    0.0018
------------------------------------------------------------------------------
Weak identification test (Cragg-Donald Wald F statistic):                8.435
                         (Kleibergen-Paap rk Wald F statistic):          9.016
Stock-Yogo weak ID test critical values: 10% maximal IV size             16.38
                                         15% maximal IV size              8.96
                                         20% maximal IV size              6.66
                                         25% maximal IV size              5.53
Source: Stock-Yogo (2005).  Reproduced by permission.
NB: Critical values are for Cragg-Donald F statistic and i.i.d. errors.
------------------------------------------------------------------------------
Hansen J statistic (overidentification test of all instruments):         0.000
                                                 (equation exactly identified)
------------------------------------------------------------------------------
Instrumented:         ln_gaci_sum
Included instruments: lnpop
Excluded instruments: tourism_int
Partialled-out:       _cons
                      nb: total SS, model F and R2s are after partialling-out;
                          any small-sample adjustments include partialled-out
                          variables in regressor count K
------------------------------------------------------------------------------

Absorbed degrees of freedom:
-----------------------------------------------------+
 Absorbed FE | Categories  - Redundant  = Num. Coefs |
-------------+---------------------------------------|
     isocode |       164           0         164     |
           y |        28           1          27     |
-----------------------------------------------------+
(dropped 2 singleton observations)
(MWFE estimator converged in 6 iterations)

IV (2SLS) estimation
--------------------

Estimates efficient for homoskedasticity only
Statistics robust to heteroskedasticity and clustering on isocode

Number of clusters (isocode) =     164                Number of obs =     3735
                                                      F(  2,   163) =     3.73
                                                      Prob > F      =   0.0260
Total (centered) SS     =  4.724771221                Centered R2   =  -2.7307
Total (uncentered) SS   =  4.724771221                Uncentered R2 =  -2.7307
Residual SS             =  17.62689052                Root MSE      =   .06897

------------------------------------------------------------------------------
             |               Robust
 ln_gini_mkt |      Coef.   Std. Err.      t    P>|t|     [95% Conf. Interval]
-------------+----------------------------------------------------------------
 ln_gaci_sum |   .2598746   .1906924     1.36   0.175    -.1166713    .6364205
       lnpop |  -.1163427   .0427029    -2.72   0.007    -.2006649   -.0320206
------------------------------------------------------------------------------
Underidentification test (Kleibergen-Paap rk LM statistic):              2.422
                                                   Chi-sq(1) P-val =    0.1196
------------------------------------------------------------------------------
Weak identification test (Cragg-Donald Wald F statistic):                8.826
                         (Kleibergen-Paap rk Wald F statistic):          2.429
Stock-Yogo weak ID test critical values: 10% maximal IV size             16.38
                                         15% maximal IV size              8.96
                                         20% maximal IV size              6.66
                                         25% maximal IV size              5.53
Source: Stock-Yogo (2005).  Reproduced by permission.
NB: Critical values are for Cragg-Donald F statistic and i.i.d. errors.
------------------------------------------------------------------------------
Hansen J statistic (overidentification test of all instruments):         0.000
                                                 (equation exactly identified)
------------------------------------------------------------------------------
Instrumented:         ln_gaci_sum
Included instruments: lnpop
Excluded instruments: tourism_int
Partialled-out:       _cons
                      nb: total SS, model F and R2s are after partialling-out;
                          any small-sample adjustments include partialled-out
                          variables in regressor count K
------------------------------------------------------------------------------

Absorbed degrees of freedom:
-----------------------------------------------------+
 Absorbed FE | Categories  - Redundant  = Num. Coefs |
-------------+---------------------------------------|
     isocode |       164         164           0    *|
           y |        28           1          27     |
-----------------------------------------------------+
* = FE nested within cluster; treated as redundant for DoF computation
(dropped 2 singleton observations)
(MWFE estimator converged in 6 iterations)

HDFE Linear regression                            Number of obs   =      3,735
Absorbing 2 HDFE groups                           F(   2,   3542) =      38.87
                                                  Prob > F        =     0.0000
                                                  R-squared       =     0.9672
                                                  Adj R-squared   =     0.9654
                                                  Within R-sq.    =     0.0256
                                                  Root MSE        =     0.0399

------------------------------------------------------------------------------
             |               Robust
ln_gini_disp |      Coef.   Std. Err.      t    P>|t|     [95% Conf. Interval]
-------------+----------------------------------------------------------------
 ln_gaci_sum |   .0086656   .0029651     2.92   0.003     .0028521    .0144791
       lnpop |  -.0678157    .008111    -8.36   0.000    -.0837184    -.051913
       _cons |   4.701283   .1305599    36.01   0.000     4.445303    4.957263
------------------------------------------------------------------------------

Absorbed degrees of freedom:
-----------------------------------------------------+
 Absorbed FE | Categories  - Redundant  = Num. Coefs |
-------------+---------------------------------------|
     isocode |       164           0         164     |
           y |        28           1          27     |
-----------------------------------------------------+
(dropped 2 singleton observations)
(MWFE estimator converged in 6 iterations)

IV (2SLS) estimation
--------------------

Estimates efficient for homoskedasticity only
Statistics robust to heteroskedasticity

                                                      Number of obs =     3735
                                                      F(  2,  3542) =    17.92
                                                      Prob > F      =   0.0000
Total (centered) SS     =  5.776792264                Centered R2   =  -1.5361
Total (uncentered) SS   =  5.776792264                Uncentered R2 =  -1.5361
Residual SS             =  14.65048402                Root MSE      =   .06431

------------------------------------------------------------------------------
             |               Robust
ln_gini_disp |      Coef.   Std. Err.      t    P>|t|     [95% Conf. Interval]
-------------+----------------------------------------------------------------
 ln_gaci_sum |   .2172163   .0927339     2.34   0.019     .0353991    .3990334
       lnpop |  -.0912773   .0157418    -5.80   0.000    -.1221413   -.0604133
------------------------------------------------------------------------------
Underidentification test (Kleibergen-Paap rk LM statistic):              9.768
                                                   Chi-sq(1) P-val =    0.0018
------------------------------------------------------------------------------
Weak identification test (Cragg-Donald Wald F statistic):                8.435
                         (Kleibergen-Paap rk Wald F statistic):          9.016
Stock-Yogo weak ID test critical values: 10% maximal IV size             16.38
                                         15% maximal IV size              8.96
                                         20% maximal IV size              6.66
                                         25% maximal IV size              5.53
Source: Stock-Yogo (2005).  Reproduced by permission.
NB: Critical values are for Cragg-Donald F statistic and i.i.d. errors.
------------------------------------------------------------------------------
Hansen J statistic (overidentification test of all instruments):         0.000
                                                 (equation exactly identified)
------------------------------------------------------------------------------
Instrumented:         ln_gaci_sum
Included instruments: lnpop
Excluded instruments: tourism_int
Partialled-out:       _cons
                      nb: total SS, model F and R2s are after partialling-out;
                          any small-sample adjustments include partialled-out
                          variables in regressor count K
------------------------------------------------------------------------------

Absorbed degrees of freedom:
-----------------------------------------------------+
 Absorbed FE | Categories  - Redundant  = Num. Coefs |
-------------+---------------------------------------|
     isocode |       164           0         164     |
           y |        28           1          27     |
-----------------------------------------------------+
(dropped 2 singleton observations)
(MWFE estimator converged in 6 iterations)

IV (2SLS) estimation
--------------------

Estimates efficient for homoskedasticity only
Statistics robust to heteroskedasticity and clustering on isocode

Number of clusters (isocode) =     164                Number of obs =     3735
                                                      F(  2,   163) =     2.51
                                                      Prob > F      =   0.0840
Total (centered) SS     =  5.776792264                Centered R2   =  -1.5361
Total (uncentered) SS   =  5.776792264                Uncentered R2 =  -1.5361
Residual SS             =  14.65048402                Root MSE      =   .06287

------------------------------------------------------------------------------
             |               Robust
ln_gini_disp |      Coef.   Std. Err.      t    P>|t|     [95% Conf. Interval]
-------------+----------------------------------------------------------------
 ln_gaci_sum |   .2172163   .1872483     1.16   0.248    -.1525288    .5869614
       lnpop |  -.0912773   .0407943    -2.24   0.027    -.1718306    -.010724
------------------------------------------------------------------------------
Underidentification test (Kleibergen-Paap rk LM statistic):              2.422
                                                   Chi-sq(1) P-val =    0.1196
------------------------------------------------------------------------------
Weak identification test (Cragg-Donald Wald F statistic):                8.826
                         (Kleibergen-Paap rk Wald F statistic):          2.429
Stock-Yogo weak ID test critical values: 10% maximal IV size             16.38
                                         15% maximal IV size              8.96
                                         20% maximal IV size              6.66
                                         25% maximal IV size              5.53
Source: Stock-Yogo (2005).  Reproduced by permission.
NB: Critical values are for Cragg-Donald F statistic and i.i.d. errors.
------------------------------------------------------------------------------
Hansen J statistic (overidentification test of all instruments):         0.000
                                                 (equation exactly identified)
------------------------------------------------------------------------------
Instrumented:         ln_gaci_sum
Included instruments: lnpop
Excluded instruments: tourism_int
Partialled-out:       _cons
                      nb: total SS, model F and R2s are after partialling-out;
                          any small-sample adjustments include partialled-out
                          variables in regressor count K
------------------------------------------------------------------------------

Absorbed degrees of freedom:
-----------------------------------------------------+
 Absorbed FE | Categories  - Redundant  = Num. Coefs |
-------------+---------------------------------------|
     isocode |       164         164           0    *|
           y |        28           1          27     |
-----------------------------------------------------+
* = FE nested within cluster; treated as redundant for DoF computation
(dropped 2 singleton observations)
(MWFE estimator converged in 6 iterations)

HDFE Linear regression                            Number of obs   =      3,735
Absorbing 2 HDFE groups                           F(   2,   3542) =      76.80
                                                  Prob > F        =     0.0000
                                                  R-squared       =     0.9403
                                                  Adj R-squared   =     0.9371
                                                  Within R-sq.    =     0.0500
                                                  Root MSE        =     1.6083

------------------------------------------------------------------------------
             |               Robust
    gini_mkt |      Coef.   Std. Err.      t    P>|t|     [95% Conf. Interval]
-------------+----------------------------------------------------------------
 ln_gaci_sum |   .3505003   .1058014     3.31   0.001     .1430624    .5579381
       lnpop |  -3.965967   .3287153   -12.07   0.000    -4.610458   -3.321477
       _cons |   108.8448   5.286012    20.59   0.000     98.48088    119.2087
------------------------------------------------------------------------------

Absorbed degrees of freedom:
-----------------------------------------------------+
 Absorbed FE | Categories  - Redundant  = Num. Coefs |
-------------+---------------------------------------|
     isocode |       164           0         164     |
           y |        28           1          27     |
-----------------------------------------------------+
(dropped 2 singleton observations)
(MWFE estimator converged in 6 iterations)

IV (2SLS) estimation
--------------------

Estimates efficient for homoskedasticity only
Statistics robust to heteroskedasticity

                                                      Number of obs =     3735
                                                      F(  2,  3542) =    26.45
                                                      Prob > F      =   0.0000
Total (centered) SS     =  9643.749001                Centered R2   =  -2.5158
Total (uncentered) SS   =  9643.749001                Uncentered R2 =  -2.5158
Residual SS             =  33905.94559                Root MSE      =    3.094

------------------------------------------------------------------------------
             |               Robust
    gini_mkt |      Coef.   Std. Err.      t    P>|t|     [95% Conf. Interval]
-------------+----------------------------------------------------------------
 ln_gaci_sum |   11.27265   4.418832     2.55   0.011     2.608938    19.93636
       lnpop |  -5.194691   .7463987    -6.96   0.000    -6.658106   -3.731276
------------------------------------------------------------------------------
Underidentification test (Kleibergen-Paap rk LM statistic):              9.768
                                                   Chi-sq(1) P-val =    0.0018
------------------------------------------------------------------------------
Weak identification test (Cragg-Donald Wald F statistic):                8.435
                         (Kleibergen-Paap rk Wald F statistic):          9.016
Stock-Yogo weak ID test critical values: 10% maximal IV size             16.38
                                         15% maximal IV size              8.96
                                         20% maximal IV size              6.66
                                         25% maximal IV size              5.53
Source: Stock-Yogo (2005).  Reproduced by permission.
NB: Critical values are for Cragg-Donald F statistic and i.i.d. errors.
------------------------------------------------------------------------------
Hansen J statistic (overidentification test of all instruments):         0.000
                                                 (equation exactly identified)
------------------------------------------------------------------------------
Instrumented:         ln_gaci_sum
Included instruments: lnpop
Excluded instruments: tourism_int
Partialled-out:       _cons
                      nb: total SS, model F and R2s are after partialling-out;
                          any small-sample adjustments include partialled-out
                          variables in regressor count K
------------------------------------------------------------------------------

Absorbed degrees of freedom:
-----------------------------------------------------+
 Absorbed FE | Categories  - Redundant  = Num. Coefs |
-------------+---------------------------------------|
     isocode |       164           0         164     |
           y |        28           1          27     |
-----------------------------------------------------+
(dropped 2 singleton observations)
(MWFE estimator converged in 6 iterations)

IV (2SLS) estimation
--------------------

Estimates efficient for homoskedasticity only
Statistics robust to heteroskedasticity and clustering on isocode

Number of clusters (isocode) =     164                Number of obs =     3735
                                                      F(  2,   163) =     3.76
                                                      Prob > F      =   0.0254
Total (centered) SS     =  9643.749001                Centered R2   =  -2.5158
Total (uncentered) SS   =  9643.749001                Uncentered R2 =  -2.5158
Residual SS             =  33905.94559                Root MSE      =    3.025

------------------------------------------------------------------------------
             |               Robust
    gini_mkt |      Coef.   Std. Err.      t    P>|t|     [95% Conf. Interval]
-------------+----------------------------------------------------------------
 ln_gaci_sum |   11.27265   8.590926     1.31   0.191    -5.691205     28.2365
       lnpop |  -5.194691    1.89641    -2.74   0.007    -8.939389   -1.449992
------------------------------------------------------------------------------
Underidentification test (Kleibergen-Paap rk LM statistic):              2.422
                                                   Chi-sq(1) P-val =    0.1196
------------------------------------------------------------------------------
Weak identification test (Cragg-Donald Wald F statistic):                8.826
                         (Kleibergen-Paap rk Wald F statistic):          2.429
Stock-Yogo weak ID test critical values: 10% maximal IV size             16.38
                                         15% maximal IV size              8.96
                                         20% maximal IV size              6.66
                                         25% maximal IV size              5.53
Source: Stock-Yogo (2005).  Reproduced by permission.
NB: Critical values are for Cragg-Donald F statistic and i.i.d. errors.
------------------------------------------------------------------------------
Hansen J statistic (overidentification test of all instruments):         0.000
                                                 (equation exactly identified)
------------------------------------------------------------------------------
Instrumented:         ln_gaci_sum
Included instruments: lnpop
Excluded instruments: tourism_int
Partialled-out:       _cons
                      nb: total SS, model F and R2s are after partialling-out;
                          any small-sample adjustments include partialled-out
                          variables in regressor count K
------------------------------------------------------------------------------

Absorbed degrees of freedom:
-----------------------------------------------------+
 Absorbed FE | Categories  - Redundant  = Num. Coefs |
-------------+---------------------------------------|
     isocode |       164         164           0    *|
           y |        28           1          27     |
-----------------------------------------------------+
* = FE nested within cluster; treated as redundant for DoF computation
(dropped 2 singleton observations)
(MWFE estimator converged in 6 iterations)

HDFE Linear regression                            Number of obs   =      3,735
Absorbing 2 HDFE groups                           F(   2,   3542) =      47.33
                                                  Prob > F        =     0.0000
                                                  R-squared       =     0.9658
                                                  Adj R-squared   =     0.9639
                                                  Within R-sq.    =     0.0293
                                                  Root MSE        =     1.5566

------------------------------------------------------------------------------
             |               Robust
   gini_disp |      Coef.   Std. Err.      t    P>|t|     [95% Conf. Interval]
-------------+----------------------------------------------------------------
 ln_gaci_sum |    .526667   .1239643     4.25   0.000     .2836183    .7697156
       lnpop |  -2.669891   .3036461    -8.79   0.000     -3.26523   -2.074552
       _cons |   80.45076   4.889687    16.45   0.000     70.86387    90.03765
------------------------------------------------------------------------------

Absorbed degrees of freedom:
-----------------------------------------------------+
 Absorbed FE | Categories  - Redundant  = Num. Coefs |
-------------+---------------------------------------|
     isocode |       164           0         164     |
           y |        28           1          27     |
-----------------------------------------------------+
(dropped 2 singleton observations)
(MWFE estimator converged in 6 iterations)

IV (2SLS) estimation
--------------------

Estimates efficient for homoskedasticity only
Statistics robust to heteroskedasticity

                                                      Number of obs =     3735
                                                      F(  2,  3542) =    20.14
                                                      Prob > F      =   0.0000
Total (centered) SS     =  8841.573561                Centered R2   =  -1.3072
Total (uncentered) SS   =  8841.573561                Uncentered R2 =  -1.3072
Residual SS             =   20399.1059                Root MSE      =      2.4

------------------------------------------------------------------------------
             |               Robust
   gini_disp |      Coef.   Std. Err.      t    P>|t|     [95% Conf. Interval]
-------------+----------------------------------------------------------------
 ln_gaci_sum |   8.074504   3.491719     2.31   0.021     1.228521    14.92049
       lnpop |   -3.51901   .5791851    -6.08   0.000     -4.65458    -2.38344
------------------------------------------------------------------------------
Underidentification test (Kleibergen-Paap rk LM statistic):              9.768
                                                   Chi-sq(1) P-val =    0.0018
------------------------------------------------------------------------------
Weak identification test (Cragg-Donald Wald F statistic):                8.435
                         (Kleibergen-Paap rk Wald F statistic):          9.016
Stock-Yogo weak ID test critical values: 10% maximal IV size             16.38
                                         15% maximal IV size              8.96
                                         20% maximal IV size              6.66
                                         25% maximal IV size              5.53
Source: Stock-Yogo (2005).  Reproduced by permission.
NB: Critical values are for Cragg-Donald F statistic and i.i.d. errors.
------------------------------------------------------------------------------
Hansen J statistic (overidentification test of all instruments):         0.000
                                                 (equation exactly identified)
------------------------------------------------------------------------------
Instrumented:         ln_gaci_sum
Included instruments: lnpop
Excluded instruments: tourism_int
Partialled-out:       _cons
                      nb: total SS, model F and R2s are after partialling-out;
                          any small-sample adjustments include partialled-out
                          variables in regressor count K
------------------------------------------------------------------------------

Absorbed degrees of freedom:
-----------------------------------------------------+
 Absorbed FE | Categories  - Redundant  = Num. Coefs |
-------------+---------------------------------------|
     isocode |       164           0         164     |
           y |        28           1          27     |
-----------------------------------------------------+
(dropped 2 singleton observations)
(MWFE estimator converged in 6 iterations)

IV (2SLS) estimation
--------------------

Estimates efficient for homoskedasticity only
Statistics robust to heteroskedasticity and clustering on isocode

Number of clusters (isocode) =     164                Number of obs =     3735
                                                      F(  2,   163) =     2.81
                                                      Prob > F      =   0.0628
Total (centered) SS     =  8841.573561                Centered R2   =  -1.3072
Total (uncentered) SS   =  8841.573561                Uncentered R2 =  -1.3072
Residual SS             =   20399.1059                Root MSE      =    2.346

------------------------------------------------------------------------------
             |               Robust
   gini_disp |      Coef.   Std. Err.      t    P>|t|     [95% Conf. Interval]
-------------+----------------------------------------------------------------
 ln_gaci_sum |   8.074504    7.23794     1.12   0.266     -6.21771    22.36672
       lnpop |   -3.51901   1.483137    -2.37   0.019    -6.447649   -.5903709
------------------------------------------------------------------------------
Underidentification test (Kleibergen-Paap rk LM statistic):              2.422
                                                   Chi-sq(1) P-val =    0.1196
------------------------------------------------------------------------------
Weak identification test (Cragg-Donald Wald F statistic):                8.826
                         (Kleibergen-Paap rk Wald F statistic):          2.429
Stock-Yogo weak ID test critical values: 10% maximal IV size             16.38
                                         15% maximal IV size              8.96
                                         20% maximal IV size              6.66
                                         25% maximal IV size              5.53
Source: Stock-Yogo (2005).  Reproduced by permission.
NB: Critical values are for Cragg-Donald F statistic and i.i.d. errors.
------------------------------------------------------------------------------
Hansen J statistic (overidentification test of all instruments):         0.000
                                                 (equation exactly identified)
------------------------------------------------------------------------------
Instrumented:         ln_gaci_sum
Included instruments: lnpop
Excluded instruments: tourism_int
Partialled-out:       _cons
                      nb: total SS, model F and R2s are after partialling-out;
                          any small-sample adjustments include partialled-out
                          variables in regressor count K
------------------------------------------------------------------------------

Absorbed degrees of freedom:
-----------------------------------------------------+
 Absorbed FE | Categories  - Redundant  = Num. Coefs |
-------------+---------------------------------------|
     isocode |       164         164           0    *|
           y |        28           1          27     |
-----------------------------------------------------+
* = FE nested within cluster; treated as redundant for DoF computation
(MWFE estimator converged in 5 iterations)

HDFE Linear regression                            Number of obs   =      1,898
Absorbing 2 HDFE groups                           F(   2,   1799) =       1.67
                                                  Prob > F        =     0.1877
                                                  R-squared       =     0.9815
                                                  Adj R-squared   =     0.9805
                                                  Within R-sq.    =     0.0019
                                                  Root MSE        =     1.0818

------------------------------------------------------------------------------
             |               Robust
     abs_red |      Coef.   Std. Err.      t    P>|t|     [95% Conf. Interval]
-------------+----------------------------------------------------------------
 ln_gaci_sum |  -.0532876   .1024216    -0.52   0.603    -.2541655    .1475903
       lnpop |  -.6466365   .3538033    -1.83   0.068    -1.340545     .047272
       _cons |   21.69707   5.907157     3.67   0.000     10.11147    33.28268
------------------------------------------------------------------------------

Absorbed degrees of freedom:
-----------------------------------------------------+
 Absorbed FE | Categories  - Redundant  = Num. Coefs |
-------------+---------------------------------------|
     isocode |        70           0          70     |
           y |        28           1          27     |
-----------------------------------------------------+
(MWFE estimator converged in 5 iterations)

IV (2SLS) estimation
--------------------

Estimates efficient for homoskedasticity only
Statistics robust to heteroskedasticity

                                                      Number of obs =     1898
                                                      F(  2,  1799) =     1.31
                                                      Prob > F      =   0.2697
Total (centered) SS     =  2109.275123                Centered R2   =  -0.9097
Total (uncentered) SS   =  2109.275123                Uncentered R2 =  -0.9097
Residual SS             =  4028.181277                Root MSE      =    1.496

------------------------------------------------------------------------------
             |               Robust
     abs_red |      Coef.   Std. Err.      t    P>|t|     [95% Conf. Interval]
-------------+----------------------------------------------------------------
 ln_gaci_sum |   4.710332   3.771195     1.25   0.212    -2.686051    12.10671
       lnpop |   1.749797   1.973455     0.89   0.375    -2.120709    5.620302
------------------------------------------------------------------------------
Underidentification test (Kleibergen-Paap rk LM statistic):              4.802
                                                   Chi-sq(1) P-val =    0.0284
------------------------------------------------------------------------------
Weak identification test (Cragg-Donald Wald F statistic):                4.202
                         (Kleibergen-Paap rk Wald F statistic):          4.445
Stock-Yogo weak ID test critical values: 10% maximal IV size             16.38
                                         15% maximal IV size              8.96
                                         20% maximal IV size              6.66
                                         25% maximal IV size              5.53
Source: Stock-Yogo (2005).  Reproduced by permission.
NB: Critical values are for Cragg-Donald F statistic and i.i.d. errors.
------------------------------------------------------------------------------
Hansen J statistic (overidentification test of all instruments):         0.000
                                                 (equation exactly identified)
------------------------------------------------------------------------------
Instrumented:         ln_gaci_sum
Included instruments: lnpop
Excluded instruments: tourism_int
Partialled-out:       _cons
                      nb: total SS, model F and R2s are after partialling-out;
                          any small-sample adjustments include partialled-out
                          variables in regressor count K
------------------------------------------------------------------------------

Absorbed degrees of freedom:
-----------------------------------------------------+
 Absorbed FE | Categories  - Redundant  = Num. Coefs |
-------------+---------------------------------------|
     isocode |        70           0          70     |
           y |        28           1          27     |
-----------------------------------------------------+
(MWFE estimator converged in 5 iterations)

IV (2SLS) estimation
--------------------

Estimates efficient for homoskedasticity only
Statistics robust to heteroskedasticity and clustering on isocode

Number of clusters (isocode) =      70                Number of obs =     1898
                                                      F(  2,    69) =     0.24
                                                      Prob > F      =   0.7842
Total (centered) SS     =  2109.275123                Centered R2   =  -0.9097
Total (uncentered) SS   =  2109.275123                Uncentered R2 =  -0.9097
Residual SS             =  4028.181277                Root MSE      =    1.468

------------------------------------------------------------------------------
             |               Robust
     abs_red |      Coef.   Std. Err.      t    P>|t|     [95% Conf. Interval]
-------------+----------------------------------------------------------------
 ln_gaci_sum |   4.710332    7.78938     0.60   0.547    -10.82906    20.24972
       lnpop |   1.749797    4.22083     0.41   0.680    -6.670528    10.17012
------------------------------------------------------------------------------
Underidentification test (Kleibergen-Paap rk LM statistic):              1.085
                                                   Chi-sq(1) P-val =    0.2976
------------------------------------------------------------------------------
Weak identification test (Cragg-Donald Wald F statistic):                4.365
                         (Kleibergen-Paap rk Wald F statistic):          1.086
Stock-Yogo weak ID test critical values: 10% maximal IV size             16.38
                                         15% maximal IV size              8.96
                                         20% maximal IV size              6.66
                                         25% maximal IV size              5.53
Source: Stock-Yogo (2005).  Reproduced by permission.
NB: Critical values are for Cragg-Donald F statistic and i.i.d. errors.
------------------------------------------------------------------------------
Hansen J statistic (overidentification test of all instruments):         0.000
                                                 (equation exactly identified)
------------------------------------------------------------------------------
Instrumented:         ln_gaci_sum
Included instruments: lnpop
Excluded instruments: tourism_int
Partialled-out:       _cons
                      nb: total SS, model F and R2s are after partialling-out;
                          any small-sample adjustments include partialled-out
                          variables in regressor count K
------------------------------------------------------------------------------

Absorbed degrees of freedom:
-----------------------------------------------------+
 Absorbed FE | Categories  - Redundant  = Num. Coefs |
-------------+---------------------------------------|
     isocode |        70          70           0    *|
           y |        28           1          27     |
-----------------------------------------------------+
* = FE nested within cluster; treated as redundant for DoF computation
(dropped 2 singleton observations)
(MWFE estimator converged in 6 iterations)

HDFE Linear regression                            Number of obs   =      3,735
Absorbing 2 HDFE groups                           F(   2,   3542) =      44.10
                                                  Prob > F        =     0.0000
                                                  R-squared       =     0.9525
                                                  Adj R-squared   =     0.9499
                                                  Within R-sq.    =     0.0320
                                                  Root MSE        =     0.0731

------------------------------------------------------------------------------
             |               Robust
 ln_gaci_cwm |      Coef.   Std. Err.      t    P>|t|     [95% Conf. Interval]
-------------+----------------------------------------------------------------
  feyrer_int |   .1216242   .0133366     9.12   0.000      .095476    .1477724
       lnpop |   .0393924   .0234072     1.68   0.092    -.0065005    .0852854
       _cons |  -1.133802   .4058225    -2.79   0.005    -1.929471   -.3381325
------------------------------------------------------------------------------

Absorbed degrees of freedom:
-----------------------------------------------------+
 Absorbed FE | Categories  - Redundant  = Num. Coefs |
-------------+---------------------------------------|
     isocode |       164           0         164     |
           y |        28           1          27     |
-----------------------------------------------------+

 ( 1)  feyrer_int = 0

       F(  1,  3542) =   83.17
            Prob > F =    0.0000
(dropped 2 singleton observations)
(MWFE estimator converged in 6 iterations)

HDFE Linear regression                            Number of obs   =      3,735
Absorbing 2 HDFE groups                           F(   2,   3542) =     115.77
                                                  Prob > F        =     0.0000
                                                  R-squared       =     0.9399
                                                  Adj R-squared   =     0.9366
                                                  Within R-sq.    =     0.0731
                                                  Root MSE        =     0.0352

------------------------------------------------------------------------------
             |               Robust
 ln_gini_mkt |      Coef.   Std. Err.      t    P>|t|     [95% Conf. Interval]
-------------+----------------------------------------------------------------
 ln_gaci_cwm |   .0785824    .008571     9.17   0.000     .0617779    .0953869
       lnpop |  -.0881104   .0068179   -12.92   0.000    -.1014778    -.074743
       _cons |   5.223655   .1096693    47.63   0.000     5.008633    5.438676
------------------------------------------------------------------------------

Absorbed degrees of freedom:
-----------------------------------------------------+
 Absorbed FE | Categories  - Redundant  = Num. Coefs |
-------------+---------------------------------------|
     isocode |       164           0         164     |
           y |        28           1          27     |
-----------------------------------------------------+
(dropped 2 singleton observations)
(MWFE estimator converged in 6 iterations)

IV (2SLS) estimation
--------------------

Estimates efficient for homoskedasticity only
Statistics robust to heteroskedasticity

                                                      Number of obs =     3735
                                                      F(  2,  3542) =    62.59
                                                      Prob > F      =   0.0000
Total (centered) SS     =  4.724771221                Centered R2   =  -1.0321
Total (uncentered) SS   =  4.724771221                Uncentered R2 =  -1.0321
Residual SS             =   9.60129307                Root MSE      =   .05206

------------------------------------------------------------------------------
             |               Robust
 ln_gini_mkt |      Coef.   Std. Err.      t    P>|t|     [95% Conf. Interval]
-------------+----------------------------------------------------------------
 ln_gaci_cwm |   .5953966   .0758597     7.85   0.000     .4466635    .7441297
       lnpop |  -.0947077   .0127682    -7.42   0.000    -.1197414   -.0696739
------------------------------------------------------------------------------
Underidentification test (Kleibergen-Paap rk LM statistic):             80.148
                                                   Chi-sq(1) P-val =    0.0000
------------------------------------------------------------------------------
Weak identification test (Cragg-Donald Wald F statistic):              116.337
                         (Kleibergen-Paap rk Wald F statistic):         83.167
Stock-Yogo weak ID test critical values: 10% maximal IV size             16.38
                                         15% maximal IV size              8.96
                                         20% maximal IV size              6.66
                                         25% maximal IV size              5.53
Source: Stock-Yogo (2005).  Reproduced by permission.
NB: Critical values are for Cragg-Donald F statistic and i.i.d. errors.
------------------------------------------------------------------------------
Hansen J statistic (overidentification test of all instruments):         0.000
                                                 (equation exactly identified)
------------------------------------------------------------------------------
Instrumented:         ln_gaci_cwm
Included instruments: lnpop
Excluded instruments: feyrer_int
Partialled-out:       _cons
                      nb: total SS, model F and R2s are after partialling-out;
                          any small-sample adjustments include partialled-out
                          variables in regressor count K
------------------------------------------------------------------------------

Absorbed degrees of freedom:
-----------------------------------------------------+
 Absorbed FE | Categories  - Redundant  = Num. Coefs |
-------------+---------------------------------------|
     isocode |       164           0         164     |
           y |        28           1          27     |
-----------------------------------------------------+
(dropped 2 singleton observations)
(MWFE estimator converged in 6 iterations)

IV (2SLS) estimation
--------------------

Estimates efficient for homoskedasticity only
Statistics robust to heteroskedasticity and clustering on isocode

Number of clusters (isocode) =     164                Number of obs =     3735
                                                      F(  2,   163) =     6.05
                                                      Prob > F      =   0.0029
Total (centered) SS     =  4.724771221                Centered R2   =  -1.0321
Total (uncentered) SS   =  4.724771221                Uncentered R2 =  -1.0321
Residual SS             =   9.60129307                Root MSE      =    .0509

------------------------------------------------------------------------------
             |               Robust
 ln_gini_mkt |      Coef.   Std. Err.      t    P>|t|     [95% Conf. Interval]
-------------+----------------------------------------------------------------
 ln_gaci_cwm |   .5953966   .2399752     2.48   0.014     .1215357    1.069257
       lnpop |  -.0947077   .0423319    -2.24   0.027    -.1782973    -.011118
------------------------------------------------------------------------------
Underidentification test (Kleibergen-Paap rk LM statistic):              8.069
                                                   Chi-sq(1) P-val =    0.0045
------------------------------------------------------------------------------
Weak identification test (Cragg-Donald Wald F statistic):              121.723
                         (Kleibergen-Paap rk Wald F statistic):          8.776
Stock-Yogo weak ID test critical values: 10% maximal IV size             16.38
                                         15% maximal IV size              8.96
                                         20% maximal IV size              6.66
                                         25% maximal IV size              5.53
Source: Stock-Yogo (2005).  Reproduced by permission.
NB: Critical values are for Cragg-Donald F statistic and i.i.d. errors.
------------------------------------------------------------------------------
Hansen J statistic (overidentification test of all instruments):         0.000
                                                 (equation exactly identified)
------------------------------------------------------------------------------
Instrumented:         ln_gaci_cwm
Included instruments: lnpop
Excluded instruments: feyrer_int
Partialled-out:       _cons
                      nb: total SS, model F and R2s are after partialling-out;
                          any small-sample adjustments include partialled-out
                          variables in regressor count K
------------------------------------------------------------------------------

Absorbed degrees of freedom:
-----------------------------------------------------+
 Absorbed FE | Categories  - Redundant  = Num. Coefs |
-------------+---------------------------------------|
     isocode |       164         164           0    *|
           y |        28           1          27     |
-----------------------------------------------------+
* = FE nested within cluster; treated as redundant for DoF computation
(dropped 2 singleton observations)
(MWFE estimator converged in 6 iterations)

HDFE Linear regression                            Number of obs   =      3,735
Absorbing 2 HDFE groups                           F(   2,   3542) =      50.83
                                                  Prob > F        =     0.0000
                                                  R-squared       =     0.9675
                                                  Adj R-squared   =     0.9658
                                                  Within R-sq.    =     0.0350
                                                  Root MSE        =     0.0397

------------------------------------------------------------------------------
             |               Robust
ln_gini_disp |      Coef.   Std. Err.      t    P>|t|     [95% Conf. Interval]
-------------+----------------------------------------------------------------
 ln_gaci_cwm |   .0596422   .0098549     6.05   0.000     .0403203    .0789641
       lnpop |  -.0676022   .0078423    -8.62   0.000     -.082978   -.0522263
       _cons |   4.708883    .126156    37.33   0.000     4.461537    4.956229
------------------------------------------------------------------------------

Absorbed degrees of freedom:
-----------------------------------------------------+
 Absorbed FE | Categories  - Redundant  = Num. Coefs |
-------------+---------------------------------------|
     isocode |       164           0         164     |
           y |        28           1          27     |
-----------------------------------------------------+
(dropped 2 singleton observations)
(MWFE estimator converged in 6 iterations)

IV (2SLS) estimation
--------------------

Estimates efficient for homoskedasticity only
Statistics robust to heteroskedasticity

                                                      Number of obs =     3735
                                                      F(  2,  3542) =    48.88
                                                      Prob > F      =   0.0000
Total (centered) SS     =  5.776792264                Centered R2   =  -1.7358
Total (uncentered) SS   =  5.776792264                Uncentered R2 =  -1.7358
Residual SS             =   15.8042151                Root MSE      =    .0668

------------------------------------------------------------------------------
             |               Robust
ln_gini_disp |      Coef.   Std. Err.      t    P>|t|     [95% Conf. Interval]
-------------+----------------------------------------------------------------
 ln_gaci_cwm |   .7829726   .0960418     8.15   0.000     .5946697    .9712755
       lnpop |  -.0768357   .0176177    -4.36   0.000    -.1113777   -.0422938
------------------------------------------------------------------------------
Underidentification test (Kleibergen-Paap rk LM statistic):             80.148
                                                   Chi-sq(1) P-val =    0.0000
------------------------------------------------------------------------------
Weak identification test (Cragg-Donald Wald F statistic):              116.337
                         (Kleibergen-Paap rk Wald F statistic):         83.167
Stock-Yogo weak ID test critical values: 10% maximal IV size             16.38
                                         15% maximal IV size              8.96
                                         20% maximal IV size              6.66
                                         25% maximal IV size              5.53
Source: Stock-Yogo (2005).  Reproduced by permission.
NB: Critical values are for Cragg-Donald F statistic and i.i.d. errors.
------------------------------------------------------------------------------
Hansen J statistic (overidentification test of all instruments):         0.000
                                                 (equation exactly identified)
------------------------------------------------------------------------------
Instrumented:         ln_gaci_cwm
Included instruments: lnpop
Excluded instruments: feyrer_int
Partialled-out:       _cons
                      nb: total SS, model F and R2s are after partialling-out;
                          any small-sample adjustments include partialled-out
                          variables in regressor count K
------------------------------------------------------------------------------

Absorbed degrees of freedom:
-----------------------------------------------------+
 Absorbed FE | Categories  - Redundant  = Num. Coefs |
-------------+---------------------------------------|
     isocode |       164           0         164     |
           y |        28           1          27     |
-----------------------------------------------------+
(dropped 2 singleton observations)
(MWFE estimator converged in 6 iterations)

IV (2SLS) estimation
--------------------

Estimates efficient for homoskedasticity only
Statistics robust to heteroskedasticity and clustering on isocode

Number of clusters (isocode) =     164                Number of obs =     3735
                                                      F(  2,   163) =     5.02
                                                      Prob > F      =   0.0077
Total (centered) SS     =  5.776792264                Centered R2   =  -1.7358
Total (uncentered) SS   =  5.776792264                Uncentered R2 =  -1.7358
Residual SS             =   15.8042151                Root MSE      =    .0653

------------------------------------------------------------------------------
             |               Robust
ln_gini_disp |      Coef.   Std. Err.      t    P>|t|     [95% Conf. Interval]
-------------+----------------------------------------------------------------
 ln_gaci_cwm |   .7829726   .3015197     2.60   0.010     .1875844    1.378361
       lnpop |  -.0768357   .0585376    -1.31   0.191    -.1924255    .0387541
------------------------------------------------------------------------------
Underidentification test (Kleibergen-Paap rk LM statistic):              8.069
                                                   Chi-sq(1) P-val =    0.0045
------------------------------------------------------------------------------
Weak identification test (Cragg-Donald Wald F statistic):              121.723
                         (Kleibergen-Paap rk Wald F statistic):          8.776
Stock-Yogo weak ID test critical values: 10% maximal IV size             16.38
                                         15% maximal IV size              8.96
                                         20% maximal IV size              6.66
                                         25% maximal IV size              5.53
Source: Stock-Yogo (2005).  Reproduced by permission.
NB: Critical values are for Cragg-Donald F statistic and i.i.d. errors.
------------------------------------------------------------------------------
Hansen J statistic (overidentification test of all instruments):         0.000
                                                 (equation exactly identified)
------------------------------------------------------------------------------
Instrumented:         ln_gaci_cwm
Included instruments: lnpop
Excluded instruments: feyrer_int
Partialled-out:       _cons
                      nb: total SS, model F and R2s are after partialling-out;
                          any small-sample adjustments include partialled-out
                          variables in regressor count K
------------------------------------------------------------------------------

Absorbed degrees of freedom:
-----------------------------------------------------+
 Absorbed FE | Categories  - Redundant  = Num. Coefs |
-------------+---------------------------------------|
     isocode |       164         164           0    *|
           y |        28           1          27     |
-----------------------------------------------------+
* = FE nested within cluster; treated as redundant for DoF computation
(dropped 2 singleton observations)
(MWFE estimator converged in 6 iterations)

HDFE Linear regression                            Number of obs   =      3,735
Absorbing 2 HDFE groups                           F(   2,   3542) =     109.96
                                                  Prob > F        =     0.0000
                                                  R-squared       =     0.9415
                                                  Adj R-squared   =     0.9383
                                                  Within R-sq.    =     0.0679
                                                  Root MSE        =     1.5930

------------------------------------------------------------------------------
             |               Robust
    gini_mkt |      Coef.   Std. Err.      t    P>|t|     [95% Conf. Interval]
-------------+----------------------------------------------------------------
 ln_gaci_cwm |   3.185787   .3812207     8.36   0.000     2.438353    3.933221
       lnpop |  -3.967204   .3069576   -12.92   0.000    -4.569036   -3.365373
       _cons |   109.2646   4.937915    22.13   0.000      99.5832    118.9461
------------------------------------------------------------------------------

Absorbed degrees of freedom:
-----------------------------------------------------+
 Absorbed FE | Categories  - Redundant  = Num. Coefs |
-------------+---------------------------------------|
     isocode |       164           0         164     |
           y |        28           1          27     |
-----------------------------------------------------+
(dropped 2 singleton observations)
(MWFE estimator converged in 6 iterations)

IV (2SLS) estimation
--------------------

Estimates efficient for homoskedasticity only
Statistics robust to heteroskedasticity

                                                      Number of obs =     3735
                                                      F(  2,  3542) =    59.96
                                                      Prob > F      =   0.0000
Total (centered) SS     =  9643.749001                Centered R2   =  -1.2779
Total (uncentered) SS   =  9643.749001                Uncentered R2 =  -1.2779
Residual SS             =   21967.0513                Root MSE      =     2.49

------------------------------------------------------------------------------
             |               Robust
    gini_mkt |      Coef.   Std. Err.      t    P>|t|     [95% Conf. Interval]
-------------+----------------------------------------------------------------
 ln_gaci_cwm |   28.95054   3.677178     7.87   0.000     21.74094    36.16014
       lnpop |  -4.296099    .618553    -6.95   0.000    -5.508855   -3.083343
------------------------------------------------------------------------------
Underidentification test (Kleibergen-Paap rk LM statistic):             80.148
                                                   Chi-sq(1) P-val =    0.0000
------------------------------------------------------------------------------
Weak identification test (Cragg-Donald Wald F statistic):              116.337
                         (Kleibergen-Paap rk Wald F statistic):         83.167
Stock-Yogo weak ID test critical values: 10% maximal IV size             16.38
                                         15% maximal IV size              8.96
                                         20% maximal IV size              6.66
                                         25% maximal IV size              5.53
Source: Stock-Yogo (2005).  Reproduced by permission.
NB: Critical values are for Cragg-Donald F statistic and i.i.d. errors.
------------------------------------------------------------------------------
Hansen J statistic (overidentification test of all instruments):         0.000
                                                 (equation exactly identified)
------------------------------------------------------------------------------
Instrumented:         ln_gaci_cwm
Included instruments: lnpop
Excluded instruments: feyrer_int
Partialled-out:       _cons
                      nb: total SS, model F and R2s are after partialling-out;
                          any small-sample adjustments include partialled-out
                          variables in regressor count K
------------------------------------------------------------------------------

Absorbed degrees of freedom:
-----------------------------------------------------+
 Absorbed FE | Categories  - Redundant  = Num. Coefs |
-------------+---------------------------------------|
     isocode |       164           0         164     |
           y |        28           1          27     |
-----------------------------------------------------+
(dropped 2 singleton observations)
(MWFE estimator converged in 6 iterations)

IV (2SLS) estimation
--------------------

Estimates efficient for homoskedasticity only
Statistics robust to heteroskedasticity and clustering on isocode

Number of clusters (isocode) =     164                Number of obs =     3735
                                                      F(  2,   163) =     5.81
                                                      Prob > F      =   0.0037
Total (centered) SS     =  9643.749001                Centered R2   =  -1.2779
Total (uncentered) SS   =  9643.749001                Uncentered R2 =  -1.2779
Residual SS             =   21967.0513                Root MSE      =    2.435

------------------------------------------------------------------------------
             |               Robust
    gini_mkt |      Coef.   Std. Err.      t    P>|t|     [95% Conf. Interval]
-------------+----------------------------------------------------------------
 ln_gaci_cwm |   28.95054   11.65503     2.48   0.014     5.936228    51.96486
       lnpop |  -4.296099   2.058079    -2.09   0.038    -8.360032   -.2321657
------------------------------------------------------------------------------
Underidentification test (Kleibergen-Paap rk LM statistic):              8.069
                                                   Chi-sq(1) P-val =    0.0045
------------------------------------------------------------------------------
Weak identification test (Cragg-Donald Wald F statistic):              121.723
                         (Kleibergen-Paap rk Wald F statistic):          8.776
Stock-Yogo weak ID test critical values: 10% maximal IV size             16.38
                                         15% maximal IV size              8.96
                                         20% maximal IV size              6.66
                                         25% maximal IV size              5.53
Source: Stock-Yogo (2005).  Reproduced by permission.
NB: Critical values are for Cragg-Donald F statistic and i.i.d. errors.
------------------------------------------------------------------------------
Hansen J statistic (overidentification test of all instruments):         0.000
                                                 (equation exactly identified)
------------------------------------------------------------------------------
Instrumented:         ln_gaci_cwm
Included instruments: lnpop
Excluded instruments: feyrer_int
Partialled-out:       _cons
                      nb: total SS, model F and R2s are after partialling-out;
                          any small-sample adjustments include partialled-out
                          variables in regressor count K
------------------------------------------------------------------------------

Absorbed degrees of freedom:
-----------------------------------------------------+
 Absorbed FE | Categories  - Redundant  = Num. Coefs |
-------------+---------------------------------------|
     isocode |       164         164           0    *|
           y |        28           1          27     |
-----------------------------------------------------+
* = FE nested within cluster; treated as redundant for DoF computation
(dropped 2 singleton observations)
(MWFE estimator converged in 6 iterations)

HDFE Linear regression                            Number of obs   =      3,735
Absorbing 2 HDFE groups                           F(   2,   3542) =      63.52
                                                  Prob > F        =     0.0000
                                                  R-squared       =     0.9662
                                                  Adj R-squared   =     0.9643
                                                  Within R-sq.    =     0.0409
                                                  Root MSE        =     1.5473

------------------------------------------------------------------------------
             |               Robust
   gini_disp |      Coef.   Std. Err.      t    P>|t|     [95% Conf. Interval]
-------------+----------------------------------------------------------------
 ln_gaci_cwm |   2.860406   .3789213     7.55   0.000      2.11748    3.603332
       lnpop |  -2.647155   .2912458    -9.09   0.000    -3.218182   -2.076129
       _cons |   80.80153   4.685419    17.25   0.000     71.61514    89.98792
------------------------------------------------------------------------------

Absorbed degrees of freedom:
-----------------------------------------------------+
 Absorbed FE | Categories  - Redundant  = Num. Coefs |
-------------+---------------------------------------|
     isocode |       164           0         164     |
           y |        28           1          27     |
-----------------------------------------------------+
(dropped 2 singleton observations)
(MWFE estimator converged in 6 iterations)

IV (2SLS) estimation
--------------------

Estimates efficient for homoskedasticity only
Statistics robust to heteroskedasticity

                                                      Number of obs =     3735
                                                      F(  2,  3542) =    49.17
                                                      Prob > F      =   0.0000
Total (centered) SS     =  8841.573561                Centered R2   =  -2.4136
Total (uncentered) SS   =  8841.573561                Uncentered R2 =  -2.4136
Residual SS             =   30181.6279                Root MSE      =    2.919

------------------------------------------------------------------------------
             |               Robust
   gini_disp |      Coef.   Std. Err.      t    P>|t|     [95% Conf. Interval]
-------------+----------------------------------------------------------------
 ln_gaci_cwm |   36.17712   4.358268     8.30   0.000     27.63215    44.72209
       lnpop |  -3.072453   .7950489    -3.86   0.000    -4.631253   -1.513653
------------------------------------------------------------------------------
Underidentification test (Kleibergen-Paap rk LM statistic):             80.148
                                                   Chi-sq(1) P-val =    0.0000
------------------------------------------------------------------------------
Weak identification test (Cragg-Donald Wald F statistic):              116.337
                         (Kleibergen-Paap rk Wald F statistic):         83.167
Stock-Yogo weak ID test critical values: 10% maximal IV size             16.38
                                         15% maximal IV size              8.96
                                         20% maximal IV size              6.66
                                         25% maximal IV size              5.53
Source: Stock-Yogo (2005).  Reproduced by permission.
NB: Critical values are for Cragg-Donald F statistic and i.i.d. errors.
------------------------------------------------------------------------------
Hansen J statistic (overidentification test of all instruments):         0.000
                                                 (equation exactly identified)
------------------------------------------------------------------------------
Instrumented:         ln_gaci_cwm
Included instruments: lnpop
Excluded instruments: feyrer_int
Partialled-out:       _cons
                      nb: total SS, model F and R2s are after partialling-out;
                          any small-sample adjustments include partialled-out
                          variables in regressor count K
------------------------------------------------------------------------------

Absorbed degrees of freedom:
-----------------------------------------------------+
 Absorbed FE | Categories  - Redundant  = Num. Coefs |
-------------+---------------------------------------|
     isocode |       164           0         164     |
           y |        28           1          27     |
-----------------------------------------------------+
(dropped 2 singleton observations)
(MWFE estimator converged in 6 iterations)

IV (2SLS) estimation
--------------------

Estimates efficient for homoskedasticity only
Statistics robust to heteroskedasticity and clustering on isocode

Number of clusters (isocode) =     164                Number of obs =     3735
                                                      F(  2,   163) =     5.06
                                                      Prob > F      =   0.0074
Total (centered) SS     =  8841.573561                Centered R2   =  -2.4136
Total (uncentered) SS   =  8841.573561                Uncentered R2 =  -2.4136
Residual SS             =   30181.6279                Root MSE      =    2.854

------------------------------------------------------------------------------
             |               Robust
   gini_disp |      Coef.   Std. Err.      t    P>|t|     [95% Conf. Interval]
-------------+----------------------------------------------------------------
 ln_gaci_cwm |   36.17712   13.75672     2.63   0.009     9.012766    63.34148
       lnpop |  -3.072453   2.657105    -1.16   0.249    -8.319239    2.174333
------------------------------------------------------------------------------
Underidentification test (Kleibergen-Paap rk LM statistic):              8.069
                                                   Chi-sq(1) P-val =    0.0045
------------------------------------------------------------------------------
Weak identification test (Cragg-Donald Wald F statistic):              121.723
                         (Kleibergen-Paap rk Wald F statistic):          8.776
Stock-Yogo weak ID test critical values: 10% maximal IV size             16.38
                                         15% maximal IV size              8.96
                                         20% maximal IV size              6.66
                                         25% maximal IV size              5.53
Source: Stock-Yogo (2005).  Reproduced by permission.
NB: Critical values are for Cragg-Donald F statistic and i.i.d. errors.
------------------------------------------------------------------------------
Hansen J statistic (overidentification test of all instruments):         0.000
                                                 (equation exactly identified)
------------------------------------------------------------------------------
Instrumented:         ln_gaci_cwm
Included instruments: lnpop
Excluded instruments: feyrer_int
Partialled-out:       _cons
                      nb: total SS, model F and R2s are after partialling-out;
                          any small-sample adjustments include partialled-out
                          variables in regressor count K
------------------------------------------------------------------------------

Absorbed degrees of freedom:
-----------------------------------------------------+
 Absorbed FE | Categories  - Redundant  = Num. Coefs |
-------------+---------------------------------------|
     isocode |       164         164           0    *|
           y |        28           1          27     |
-----------------------------------------------------+
* = FE nested within cluster; treated as redundant for DoF computation
(MWFE estimator converged in 5 iterations)

HDFE Linear regression                            Number of obs   =      1,898
Absorbing 2 HDFE groups                           F(   2,   1799) =       1.90
                                                  Prob > F        =     0.1498
                                                  R-squared       =     0.9815
                                                  Adj R-squared   =     0.9805
                                                  Within R-sq.    =     0.0018
                                                  Root MSE        =     1.0818

------------------------------------------------------------------------------
             |               Robust
     abs_red |      Coef.   Std. Err.      t    P>|t|     [95% Conf. Interval]
-------------+----------------------------------------------------------------
 ln_gaci_cwm |    .122343   .3691699     0.33   0.740    -.6017039    .8463899
       lnpop |  -.5997556   .3646329    -1.64   0.100    -1.314904     .115393
       _cons |    20.7776   6.061826     3.43   0.001     8.888636    32.66655
------------------------------------------------------------------------------

Absorbed degrees of freedom:
-----------------------------------------------------+
 Absorbed FE | Categories  - Redundant  = Num. Coefs |
-------------+---------------------------------------|
     isocode |        70           0          70     |
           y |        28           1          27     |
-----------------------------------------------------+
(MWFE estimator converged in 5 iterations)

IV (2SLS) estimation
--------------------

Estimates efficient for homoskedasticity only
Statistics robust to heteroskedasticity

                                                      Number of obs =     1898
                                                      F(  2,  1799) =     6.97
                                                      Prob > F      =   0.0010
Total (centered) SS     =  2109.275123                Centered R2   =  -0.2275
Total (uncentered) SS   =  2109.275123                Uncentered R2 =  -0.2275
Residual SS             =  2589.194464                Root MSE      =      1.2

------------------------------------------------------------------------------
             |               Robust
     abs_red |      Coef.   Std. Err.      t    P>|t|     [95% Conf. Interval]
-------------+----------------------------------------------------------------
 ln_gaci_cwm |  -6.745058   1.936413    -3.48   0.001    -10.54291   -2.947203
       lnpop |  -1.726531   .5085091    -3.40   0.001    -2.723862   -.7292009
------------------------------------------------------------------------------
Underidentification test (Kleibergen-Paap rk LM statistic):             47.129
                                                   Chi-sq(1) P-val =    0.0000
------------------------------------------------------------------------------
Weak identification test (Cragg-Donald Wald F statistic):               57.718
                         (Kleibergen-Paap rk Wald F statistic):         51.286
Stock-Yogo weak ID test critical values: 10% maximal IV size             16.38
                                         15% maximal IV size              8.96
                                         20% maximal IV size              6.66
                                         25% maximal IV size              5.53
Source: Stock-Yogo (2005).  Reproduced by permission.
NB: Critical values are for Cragg-Donald F statistic and i.i.d. errors.
------------------------------------------------------------------------------
Hansen J statistic (overidentification test of all instruments):         0.000
                                                 (equation exactly identified)
------------------------------------------------------------------------------
Instrumented:         ln_gaci_cwm
Included instruments: lnpop
Excluded instruments: feyrer_int
Partialled-out:       _cons
                      nb: total SS, model F and R2s are after partialling-out;
                          any small-sample adjustments include partialled-out
                          variables in regressor count K
------------------------------------------------------------------------------

Absorbed degrees of freedom:
-----------------------------------------------------+
 Absorbed FE | Categories  - Redundant  = Num. Coefs |
-------------+---------------------------------------|
     isocode |        70           0          70     |
           y |        28           1          27     |
-----------------------------------------------------+
(MWFE estimator converged in 5 iterations)

IV (2SLS) estimation
--------------------

Estimates efficient for homoskedasticity only
Statistics robust to heteroskedasticity and clustering on isocode

Number of clusters (isocode) =      70                Number of obs =     1898
                                                      F(  2,    69) =     0.69
                                                      Prob > F      =   0.5044
Total (centered) SS     =  2109.275123                Centered R2   =  -0.2275
Total (uncentered) SS   =  2109.275123                Uncentered R2 =  -0.2275
Residual SS             =  2589.194464                Root MSE      =    1.177

------------------------------------------------------------------------------
             |               Robust
     abs_red |      Coef.   Std. Err.      t    P>|t|     [95% Conf. Interval]
-------------+----------------------------------------------------------------
 ln_gaci_cwm |  -6.745058   6.071276    -1.11   0.270    -18.85692    5.366805
       lnpop |  -1.726531   1.664264    -1.04   0.303    -5.046647    1.593585
------------------------------------------------------------------------------
Underidentification test (Kleibergen-Paap rk LM statistic):              5.252
                                                   Chi-sq(1) P-val =    0.0219
------------------------------------------------------------------------------
Weak identification test (Cragg-Donald Wald F statistic):               59.964
                         (Kleibergen-Paap rk Wald F statistic):          6.145
Stock-Yogo weak ID test critical values: 10% maximal IV size             16.38
                                         15% maximal IV size              8.96
                                         20% maximal IV size              6.66
                                         25% maximal IV size              5.53
Source: Stock-Yogo (2005).  Reproduced by permission.
NB: Critical values are for Cragg-Donald F statistic and i.i.d. errors.
------------------------------------------------------------------------------
Hansen J statistic (overidentification test of all instruments):         0.000
                                                 (equation exactly identified)
------------------------------------------------------------------------------
Instrumented:         ln_gaci_cwm
Included instruments: lnpop
Excluded instruments: feyrer_int
Partialled-out:       _cons
                      nb: total SS, model F and R2s are after partialling-out;
                          any small-sample adjustments include partialled-out
                          variables in regressor count K
------------------------------------------------------------------------------

Absorbed degrees of freedom:
-----------------------------------------------------+
 Absorbed FE | Categories  - Redundant  = Num. Coefs |
-------------+---------------------------------------|
     isocode |        70          70           0    *|
           y |        28           1          27     |
-----------------------------------------------------+
* = FE nested within cluster; treated as redundant for DoF computation
(dropped 2 singleton observations)
(MWFE estimator converged in 6 iterations)

HDFE Linear regression                            Number of obs   =      3,735
Absorbing 2 HDFE groups                           F(   2,   3542) =      51.97
                                                  Prob > F        =     0.0000
                                                  R-squared       =     0.9616
                                                  Adj R-squared   =     0.9595
                                                  Within R-sq.    =     0.0359
                                                  Root MSE        =     0.0826

------------------------------------------------------------------------------
             |               Robust
 ln_gaci_max |      Coef.   Std. Err.      t    P>|t|     [95% Conf. Interval]
-------------+----------------------------------------------------------------
  feyrer_int |   .1462497   .0147377     9.92   0.000     .1173544    .1751449
       lnpop |   .0359333   .0237796     1.51   0.131    -.0106898    .0825564
       _cons |  -1.065079   .4128173    -2.58   0.010    -1.874463   -.2556952
------------------------------------------------------------------------------

Absorbed degrees of freedom:
-----------------------------------------------------+
 Absorbed FE | Categories  - Redundant  = Num. Coefs |
-------------+---------------------------------------|
     isocode |       164           0         164     |
           y |        28           1          27     |
-----------------------------------------------------+

 ( 1)  feyrer_int = 0

       F(  1,  3542) =   98.48
            Prob > F =    0.0000
(dropped 2 singleton observations)
(MWFE estimator converged in 6 iterations)

HDFE Linear regression                            Number of obs   =      3,735
Absorbing 2 HDFE groups                           F(   2,   3542) =     107.81
                                                  Prob > F        =     0.0000
                                                  R-squared       =     0.9395
                                                  Adj R-squared   =     0.9362
                                                  Within R-sq.    =     0.0673
                                                  Root MSE        =     0.0353

------------------------------------------------------------------------------
             |               Robust
 ln_gini_mkt |      Coef.   Std. Err.      t    P>|t|     [95% Conf. Interval]
-------------+----------------------------------------------------------------
 ln_gaci_max |       .061   .0075684     8.06   0.000     .0461612    .0758388
       lnpop |  -.0873461    .006927   -12.61   0.000    -.1009273   -.0737648
       _cons |   5.204699   .1114202    46.71   0.000     4.986244    5.423153
------------------------------------------------------------------------------

Absorbed degrees of freedom:
-----------------------------------------------------+
 Absorbed FE | Categories  - Redundant  = Num. Coefs |
-------------+---------------------------------------|
     isocode |       164           0         164     |
           y |        28           1          27     |
-----------------------------------------------------+
(dropped 2 singleton observations)
(MWFE estimator converged in 6 iterations)

IV (2SLS) estimation
--------------------

Estimates efficient for homoskedasticity only
Statistics robust to heteroskedasticity

                                                      Number of obs =     3735
                                                      F(  2,  3542) =    66.27
                                                      Prob > F      =   0.0000
Total (centered) SS     =  4.724771221                Centered R2   =  -0.9334
Total (uncentered) SS   =  4.724771221                Uncentered R2 =  -0.9334
Residual SS             =  9.134995949                Root MSE      =   .05078

------------------------------------------------------------------------------
             |               Robust
 ln_gini_mkt |      Coef.   Std. Err.      t    P>|t|     [95% Conf. Interval]
-------------+----------------------------------------------------------------
 ln_gaci_max |    .495144   .0616821     8.03   0.000     .3742079    .6160801
       lnpop |  -.0890457   .0112685    -7.90   0.000    -.1111391   -.0669523
------------------------------------------------------------------------------
Underidentification test (Kleibergen-Paap rk LM statistic):             94.663
                                                   Chi-sq(1) P-val =    0.0000
------------------------------------------------------------------------------
Weak identification test (Cragg-Donald Wald F statistic):              131.646
                         (Kleibergen-Paap rk Wald F statistic):         98.476
Stock-Yogo weak ID test critical values: 10% maximal IV size             16.38
                                         15% maximal IV size              8.96
                                         20% maximal IV size              6.66
                                         25% maximal IV size              5.53
Source: Stock-Yogo (2005).  Reproduced by permission.
NB: Critical values are for Cragg-Donald F statistic and i.i.d. errors.
------------------------------------------------------------------------------
Hansen J statistic (overidentification test of all instruments):         0.000
                                                 (equation exactly identified)
------------------------------------------------------------------------------
Instrumented:         ln_gaci_max
Included instruments: lnpop
Excluded instruments: feyrer_int
Partialled-out:       _cons
                      nb: total SS, model F and R2s are after partialling-out;
                          any small-sample adjustments include partialled-out
                          variables in regressor count K
------------------------------------------------------------------------------

Absorbed degrees of freedom:
-----------------------------------------------------+
 Absorbed FE | Categories  - Redundant  = Num. Coefs |
-------------+---------------------------------------|
     isocode |       164           0         164     |
           y |        28           1          27     |
-----------------------------------------------------+
(dropped 2 singleton observations)
(MWFE estimator converged in 6 iterations)

IV (2SLS) estimation
--------------------

Estimates efficient for homoskedasticity only
Statistics robust to heteroskedasticity and clustering on isocode

Number of clusters (isocode) =     164                Number of obs =     3735
                                                      F(  2,   163) =     6.56
                                                      Prob > F      =   0.0018
Total (centered) SS     =  4.724771221                Centered R2   =  -0.9334
Total (uncentered) SS   =  4.724771221                Uncentered R2 =  -0.9334
Residual SS             =  9.134995949                Root MSE      =   .04965

------------------------------------------------------------------------------
             |               Robust
 ln_gini_mkt |      Coef.   Std. Err.      t    P>|t|     [95% Conf. Interval]
-------------+----------------------------------------------------------------
 ln_gaci_max |    .495144   .1936507     2.56   0.011     .1127566    .8775314
       lnpop |  -.0890457   .0367408    -2.42   0.016    -.1615951   -.0164964
------------------------------------------------------------------------------
Underidentification test (Kleibergen-Paap rk LM statistic):              9.739
                                                   Chi-sq(1) P-val =    0.0018
------------------------------------------------------------------------------
Weak identification test (Cragg-Donald Wald F statistic):              137.742
                         (Kleibergen-Paap rk Wald F statistic):         10.634
Stock-Yogo weak ID test critical values: 10% maximal IV size             16.38
                                         15% maximal IV size              8.96
                                         20% maximal IV size              6.66
                                         25% maximal IV size              5.53
Source: Stock-Yogo (2005).  Reproduced by permission.
NB: Critical values are for Cragg-Donald F statistic and i.i.d. errors.
------------------------------------------------------------------------------
Hansen J statistic (overidentification test of all instruments):         0.000
                                                 (equation exactly identified)
------------------------------------------------------------------------------
Instrumented:         ln_gaci_max
Included instruments: lnpop
Excluded instruments: feyrer_int
Partialled-out:       _cons
                      nb: total SS, model F and R2s are after partialling-out;
                          any small-sample adjustments include partialled-out
                          variables in regressor count K
------------------------------------------------------------------------------

Absorbed degrees of freedom:
-----------------------------------------------------+
 Absorbed FE | Categories  - Redundant  = Num. Coefs |
-------------+---------------------------------------|
     isocode |       164         164           0    *|
           y |        28           1          27     |
-----------------------------------------------------+
* = FE nested within cluster; treated as redundant for DoF computation
(dropped 2 singleton observations)
(MWFE estimator converged in 6 iterations)

HDFE Linear regression                            Number of obs   =      3,735
Absorbing 2 HDFE groups                           F(   2,   3542) =      50.12
                                                  Prob > F        =     0.0000
                                                  R-squared       =     0.9675
                                                  Adj R-squared   =     0.9657
                                                  Within R-sq.    =     0.0338
                                                  Root MSE        =     0.0397

------------------------------------------------------------------------------
             |               Robust
ln_gini_disp |      Coef.   Std. Err.      t    P>|t|     [95% Conf. Interval]
-------------+----------------------------------------------------------------
 ln_gaci_max |    .050027   .0088444     5.66   0.000     .0326864    .0673677
       lnpop |  -.0670367   .0078802    -8.51   0.000    -.0824869   -.0515865
       _cons |   4.694036   .1267606    37.03   0.000     4.445504    4.942567
------------------------------------------------------------------------------

Absorbed degrees of freedom:
-----------------------------------------------------+
 Absorbed FE | Categories  - Redundant  = Num. Coefs |
-------------+---------------------------------------|
     isocode |       164           0         164     |
           y |        28           1          27     |
-----------------------------------------------------+
(dropped 2 singleton observations)
(MWFE estimator converged in 6 iterations)

IV (2SLS) estimation
--------------------

Estimates efficient for homoskedasticity only
Statistics robust to heteroskedasticity

                                                      Number of obs =     3735
                                                      F(  2,  3542) =    50.78
                                                      Prob > F      =   0.0000
Total (centered) SS     =  5.776792264                Centered R2   =  -1.5354
Total (uncentered) SS   =  5.776792264                Uncentered R2 =  -1.5354
Residual SS             =  14.64631717                Root MSE      =    .0643

------------------------------------------------------------------------------
             |               Robust
ln_gini_disp |      Coef.   Std. Err.      t    P>|t|     [95% Conf. Interval]
-------------+----------------------------------------------------------------
 ln_gaci_max |    .651136     .07719     8.44   0.000     .4997947    .8024773
       lnpop |    -.06939   .0154643    -4.49   0.000    -.0997097   -.0390702
------------------------------------------------------------------------------
Underidentification test (Kleibergen-Paap rk LM statistic):             94.663
                                                   Chi-sq(1) P-val =    0.0000
------------------------------------------------------------------------------
Weak identification test (Cragg-Donald Wald F statistic):              131.646
                         (Kleibergen-Paap rk Wald F statistic):         98.476
Stock-Yogo weak ID test critical values: 10% maximal IV size             16.38
                                         15% maximal IV size              8.96
                                         20% maximal IV size              6.66
                                         25% maximal IV size              5.53
Source: Stock-Yogo (2005).  Reproduced by permission.
NB: Critical values are for Cragg-Donald F statistic and i.i.d. errors.
------------------------------------------------------------------------------
Hansen J statistic (overidentification test of all instruments):         0.000
                                                 (equation exactly identified)
------------------------------------------------------------------------------
Instrumented:         ln_gaci_max
Included instruments: lnpop
Excluded instruments: feyrer_int
Partialled-out:       _cons
                      nb: total SS, model F and R2s are after partialling-out;
                          any small-sample adjustments include partialled-out
                          variables in regressor count K
------------------------------------------------------------------------------

Absorbed degrees of freedom:
-----------------------------------------------------+
 Absorbed FE | Categories  - Redundant  = Num. Coefs |
-------------+---------------------------------------|
     isocode |       164           0         164     |
           y |        28           1          27     |
-----------------------------------------------------+
(dropped 2 singleton observations)
(MWFE estimator converged in 6 iterations)

IV (2SLS) estimation
--------------------

Estimates efficient for homoskedasticity only
Statistics robust to heteroskedasticity and clustering on isocode

Number of clusters (isocode) =     164                Number of obs =     3735
                                                      F(  2,   163) =     5.30
                                                      Prob > F      =   0.0059
Total (centered) SS     =  5.776792264                Centered R2   =  -1.5354
Total (uncentered) SS   =  5.776792264                Uncentered R2 =  -1.5354
Residual SS             =  14.64631717                Root MSE      =   .06287

------------------------------------------------------------------------------
             |               Robust
ln_gini_disp |      Coef.   Std. Err.      t    P>|t|     [95% Conf. Interval]
-------------+----------------------------------------------------------------
 ln_gaci_max |    .651136   .2414553     2.70   0.008     .1743525     1.12792
       lnpop |    -.06939   .0506113    -1.37   0.172    -.1693282    .0305482
------------------------------------------------------------------------------
Underidentification test (Kleibergen-Paap rk LM statistic):              9.739
                                                   Chi-sq(1) P-val =    0.0018
------------------------------------------------------------------------------
Weak identification test (Cragg-Donald Wald F statistic):              137.742
                         (Kleibergen-Paap rk Wald F statistic):         10.634
Stock-Yogo weak ID test critical values: 10% maximal IV size             16.38
                                         15% maximal IV size              8.96
                                         20% maximal IV size              6.66
                                         25% maximal IV size              5.53
Source: Stock-Yogo (2005).  Reproduced by permission.
NB: Critical values are for Cragg-Donald F statistic and i.i.d. errors.
------------------------------------------------------------------------------
Hansen J statistic (overidentification test of all instruments):         0.000
                                                 (equation exactly identified)
------------------------------------------------------------------------------
Instrumented:         ln_gaci_max
Included instruments: lnpop
Excluded instruments: feyrer_int
Partialled-out:       _cons
                      nb: total SS, model F and R2s are after partialling-out;
                          any small-sample adjustments include partialled-out
                          variables in regressor count K
------------------------------------------------------------------------------

Absorbed degrees of freedom:
-----------------------------------------------------+
 Absorbed FE | Categories  - Redundant  = Num. Coefs |
-------------+---------------------------------------|
     isocode |       164         164           0    *|
           y |        28           1          27     |
-----------------------------------------------------+
* = FE nested within cluster; treated as redundant for DoF computation
(dropped 2 singleton observations)
(MWFE estimator converged in 6 iterations)

HDFE Linear regression                            Number of obs   =      3,735
Absorbing 2 HDFE groups                           F(   2,   3542) =     102.69
                                                  Prob > F        =     0.0000
                                                  R-squared       =     0.9412
                                                  Adj R-squared   =     0.9380
                                                  Within R-sq.    =     0.0631
                                                  Root MSE        =     1.5971

------------------------------------------------------------------------------
             |               Robust
    gini_mkt |      Coef.   Std. Err.      t    P>|t|     [95% Conf. Interval]
-------------+----------------------------------------------------------------
 ln_gaci_max |   2.462695   .3388587     7.27   0.000     1.798317    3.127073
       lnpop |  -3.936178   .3118432   -12.62   0.000    -4.547588   -3.324767
       _cons |   108.4974   5.016506    21.63   0.000     98.66189     118.333
------------------------------------------------------------------------------

Absorbed degrees of freedom:
-----------------------------------------------------+
 Absorbed FE | Categories  - Redundant  = Num. Coefs |
-------------+---------------------------------------|
     isocode |       164           0         164     |
           y |        28           1          27     |
-----------------------------------------------------+
(dropped 2 singleton observations)
(MWFE estimator converged in 6 iterations)

IV (2SLS) estimation
--------------------

Estimates efficient for homoskedasticity only
Statistics robust to heteroskedasticity

                                                      Number of obs =     3735
                                                      F(  2,  3542) =    63.87
                                                      Prob > F      =   0.0000
Total (centered) SS     =  9643.749001                Centered R2   =  -1.1520
Total (uncentered) SS   =  9643.749001                Uncentered R2 =  -1.1520
Residual SS             =  20753.57345                Root MSE      =    2.421

------------------------------------------------------------------------------
             |               Robust
    gini_mkt |      Coef.   Std. Err.      t    P>|t|     [95% Conf. Interval]
-------------+----------------------------------------------------------------
 ln_gaci_max |   24.07586   2.970879     8.10   0.000     18.25106    29.90067
       lnpop |  -4.020792   .5433616    -7.40   0.000    -5.086125   -2.955459
------------------------------------------------------------------------------
Underidentification test (Kleibergen-Paap rk LM statistic):             94.663
                                                   Chi-sq(1) P-val =    0.0000
------------------------------------------------------------------------------
Weak identification test (Cragg-Donald Wald F statistic):              131.646
                         (Kleibergen-Paap rk Wald F statistic):         98.476
Stock-Yogo weak ID test critical values: 10% maximal IV size             16.38
                                         15% maximal IV size              8.96
                                         20% maximal IV size              6.66
                                         25% maximal IV size              5.53
Source: Stock-Yogo (2005).  Reproduced by permission.
NB: Critical values are for Cragg-Donald F statistic and i.i.d. errors.
------------------------------------------------------------------------------
Hansen J statistic (overidentification test of all instruments):         0.000
                                                 (equation exactly identified)
------------------------------------------------------------------------------
Instrumented:         ln_gaci_max
Included instruments: lnpop
Excluded instruments: feyrer_int
Partialled-out:       _cons
                      nb: total SS, model F and R2s are after partialling-out;
                          any small-sample adjustments include partialled-out
                          variables in regressor count K
------------------------------------------------------------------------------

Absorbed degrees of freedom:
-----------------------------------------------------+
 Absorbed FE | Categories  - Redundant  = Num. Coefs |
-------------+---------------------------------------|
     isocode |       164           0         164     |
           y |        28           1          27     |
-----------------------------------------------------+
(dropped 2 singleton observations)
(MWFE estimator converged in 6 iterations)

IV (2SLS) estimation
--------------------

Estimates efficient for homoskedasticity only
Statistics robust to heteroskedasticity and clustering on isocode

Number of clusters (isocode) =     164                Number of obs =     3735
                                                      F(  2,   163) =     6.33
                                                      Prob > F      =   0.0022
Total (centered) SS     =  9643.749001                Centered R2   =  -1.1520
Total (uncentered) SS   =  9643.749001                Uncentered R2 =  -1.1520
Residual SS             =  20753.57345                Root MSE      =    2.366

------------------------------------------------------------------------------
             |               Robust
    gini_mkt |      Coef.   Std. Err.      t    P>|t|     [95% Conf. Interval]
-------------+----------------------------------------------------------------
 ln_gaci_max |   24.07586   9.350549     2.57   0.011     5.612039    42.53969
       lnpop |  -4.020792   1.777937    -2.26   0.025    -7.531549    -.510034
------------------------------------------------------------------------------
Underidentification test (Kleibergen-Paap rk LM statistic):              9.739
                                                   Chi-sq(1) P-val =    0.0018
------------------------------------------------------------------------------
Weak identification test (Cragg-Donald Wald F statistic):              137.742
                         (Kleibergen-Paap rk Wald F statistic):         10.634
Stock-Yogo weak ID test critical values: 10% maximal IV size             16.38
                                         15% maximal IV size              8.96
                                         20% maximal IV size              6.66
                                         25% maximal IV size              5.53
Source: Stock-Yogo (2005).  Reproduced by permission.
NB: Critical values are for Cragg-Donald F statistic and i.i.d. errors.
------------------------------------------------------------------------------
Hansen J statistic (overidentification test of all instruments):         0.000
                                                 (equation exactly identified)
------------------------------------------------------------------------------
Instrumented:         ln_gaci_max
Included instruments: lnpop
Excluded instruments: feyrer_int
Partialled-out:       _cons
                      nb: total SS, model F and R2s are after partialling-out;
                          any small-sample adjustments include partialled-out
                          variables in regressor count K
------------------------------------------------------------------------------

Absorbed degrees of freedom:
-----------------------------------------------------+
 Absorbed FE | Categories  - Redundant  = Num. Coefs |
-------------+---------------------------------------|
     isocode |       164         164           0    *|
           y |        28           1          27     |
-----------------------------------------------------+
* = FE nested within cluster; treated as redundant for DoF computation
(dropped 2 singleton observations)
(MWFE estimator converged in 6 iterations)

HDFE Linear regression                            Number of obs   =      3,735
Absorbing 2 HDFE groups                           F(   2,   3542) =      62.54
                                                  Prob > F        =     0.0000
                                                  R-squared       =     0.9661
                                                  Adj R-squared   =     0.9643
                                                  Within R-sq.    =     0.0400
                                                  Root MSE        =     1.5480

------------------------------------------------------------------------------
             |               Robust
   gini_disp |      Coef.   Std. Err.      t    P>|t|     [95% Conf. Interval]
-------------+----------------------------------------------------------------
 ln_gaci_max |   2.459802   .3427151     7.18   0.000     1.787863    3.131741
       lnpop |  -2.620271   .2928928    -8.95   0.000    -3.194527   -2.046016
       _cons |   80.08197   4.711246    17.00   0.000     70.84494      89.319
------------------------------------------------------------------------------

Absorbed degrees of freedom:
-----------------------------------------------------+
 Absorbed FE | Categories  - Redundant  = Num. Coefs |
-------------+---------------------------------------|
     isocode |       164           0         164     |
           y |        28           1          27     |
-----------------------------------------------------+
(dropped 2 singleton observations)
(MWFE estimator converged in 6 iterations)

IV (2SLS) estimation
--------------------

Estimates efficient for homoskedasticity only
Statistics robust to heteroskedasticity

                                                      Number of obs =     3735
                                                      F(  2,  3542) =    51.47
                                                      Prob > F      =   0.0000
Total (centered) SS     =  8841.573561                Centered R2   =  -2.1254
Total (uncentered) SS   =  8841.573561                Uncentered R2 =  -2.1254
Residual SS             =  27633.80394                Root MSE      =    2.793

------------------------------------------------------------------------------
             |               Robust
   gini_disp |      Coef.   Std. Err.      t    P>|t|     [95% Conf. Interval]
-------------+----------------------------------------------------------------
 ln_gaci_max |   30.08563   3.486721     8.63   0.000     23.24945    36.92182
       lnpop |  -2.728424   .6915243    -3.95   0.000     -4.08425   -1.372598
------------------------------------------------------------------------------
Underidentification test (Kleibergen-Paap rk LM statistic):             94.663
                                                   Chi-sq(1) P-val =    0.0000
------------------------------------------------------------------------------
Weak identification test (Cragg-Donald Wald F statistic):              131.646
                         (Kleibergen-Paap rk Wald F statistic):         98.476
Stock-Yogo weak ID test critical values: 10% maximal IV size             16.38
                                         15% maximal IV size              8.96
                                         20% maximal IV size              6.66
                                         25% maximal IV size              5.53
Source: Stock-Yogo (2005).  Reproduced by permission.
NB: Critical values are for Cragg-Donald F statistic and i.i.d. errors.
------------------------------------------------------------------------------
Hansen J statistic (overidentification test of all instruments):         0.000
                                                 (equation exactly identified)
------------------------------------------------------------------------------
Instrumented:         ln_gaci_max
Included instruments: lnpop
Excluded instruments: feyrer_int
Partialled-out:       _cons
                      nb: total SS, model F and R2s are after partialling-out;
                          any small-sample adjustments include partialled-out
                          variables in regressor count K
------------------------------------------------------------------------------

Absorbed degrees of freedom:
-----------------------------------------------------+
 Absorbed FE | Categories  - Redundant  = Num. Coefs |
-------------+---------------------------------------|
     isocode |       164           0         164     |
           y |        28           1          27     |
-----------------------------------------------------+
(dropped 2 singleton observations)
(MWFE estimator converged in 6 iterations)

IV (2SLS) estimation
--------------------

Estimates efficient for homoskedasticity only
Statistics robust to heteroskedasticity and clustering on isocode

Number of clusters (isocode) =     164                Number of obs =     3735
                                                      F(  2,   163) =     5.40
                                                      Prob > F      =   0.0054
Total (centered) SS     =  8841.573561                Centered R2   =  -2.1254
Total (uncentered) SS   =  8841.573561                Uncentered R2 =  -2.1254
Residual SS             =  27633.80394                Root MSE      =    2.731

------------------------------------------------------------------------------
             |               Robust
   gini_disp |      Coef.   Std. Err.      t    P>|t|     [95% Conf. Interval]
-------------+----------------------------------------------------------------
 ln_gaci_max |   30.08563   10.97907     2.74   0.007     8.406094    51.76517
       lnpop |  -2.728424   2.274168    -1.20   0.232    -7.219052    1.762203
------------------------------------------------------------------------------
Underidentification test (Kleibergen-Paap rk LM statistic):              9.739
                                                   Chi-sq(1) P-val =    0.0018
------------------------------------------------------------------------------
Weak identification test (Cragg-Donald Wald F statistic):              137.742
                         (Kleibergen-Paap rk Wald F statistic):         10.634
Stock-Yogo weak ID test critical values: 10% maximal IV size             16.38
                                         15% maximal IV size              8.96
                                         20% maximal IV size              6.66
                                         25% maximal IV size              5.53
Source: Stock-Yogo (2005).  Reproduced by permission.
NB: Critical values are for Cragg-Donald F statistic and i.i.d. errors.
------------------------------------------------------------------------------
Hansen J statistic (overidentification test of all instruments):         0.000
                                                 (equation exactly identified)
------------------------------------------------------------------------------
Instrumented:         ln_gaci_max
Included instruments: lnpop
Excluded instruments: feyrer_int
Partialled-out:       _cons
                      nb: total SS, model F and R2s are after partialling-out;
                          any small-sample adjustments include partialled-out
                          variables in regressor count K
------------------------------------------------------------------------------

Absorbed degrees of freedom:
-----------------------------------------------------+
 Absorbed FE | Categories  - Redundant  = Num. Coefs |
-------------+---------------------------------------|
     isocode |       164         164           0    *|
           y |        28           1          27     |
-----------------------------------------------------+
* = FE nested within cluster; treated as redundant for DoF computation
(MWFE estimator converged in 5 iterations)

HDFE Linear regression                            Number of obs   =      1,898
Absorbing 2 HDFE groups                           F(   2,   1799) =       1.62
                                                  Prob > F        =     0.1980
                                                  R-squared       =     0.9815
                                                  Adj R-squared   =     0.9805
                                                  Within R-sq.    =     0.0019
                                                  Root MSE        =     1.0818

------------------------------------------------------------------------------
             |               Robust
     abs_red |      Coef.   Std. Err.      t    P>|t|     [95% Conf. Interval]
-------------+----------------------------------------------------------------
 ln_gaci_max |  -.1193974   .3185152    -0.37   0.708    -.7440959    .5053011
       lnpop |  -.6406599   .3642436    -1.76   0.079    -1.355045     .073725
       _cons |   21.52822   6.076473     3.54   0.000     9.610535    33.44591
------------------------------------------------------------------------------

Absorbed degrees of freedom:
-----------------------------------------------------+
 Absorbed FE | Categories  - Redundant  = Num. Coefs |
-------------+---------------------------------------|
     isocode |        70           0          70     |
           y |        28           1          27     |
-----------------------------------------------------+
(MWFE estimator converged in 5 iterations)

IV (2SLS) estimation
--------------------

Estimates efficient for homoskedasticity only
Statistics robust to heteroskedasticity

                                                      Number of obs =     1898
                                                      F(  2,  1799) =     6.81
                                                      Prob > F      =   0.0011
Total (centered) SS     =  2109.275123                Centered R2   =  -0.2068
Total (uncentered) SS   =  2109.275123                Uncentered R2 =  -0.2068
Residual SS             =  2545.487363                Root MSE      =     1.19

------------------------------------------------------------------------------
             |               Robust
     abs_red |      Coef.   Std. Err.      t    P>|t|     [95% Conf. Interval]
-------------+----------------------------------------------------------------
 ln_gaci_max |  -5.639356   1.642989    -3.43   0.001    -8.861723   -2.416989
       lnpop |  -1.603703    .484956    -3.31   0.001    -2.554839   -.6525669
------------------------------------------------------------------------------
Underidentification test (Kleibergen-Paap rk LM statistic):             48.674
                                                   Chi-sq(1) P-val =    0.0000
------------------------------------------------------------------------------
Weak identification test (Cragg-Donald Wald F statistic):               58.668
                         (Kleibergen-Paap rk Wald F statistic):         51.917
Stock-Yogo weak ID test critical values: 10% maximal IV size             16.38
                                         15% maximal IV size              8.96
                                         20% maximal IV size              6.66
                                         25% maximal IV size              5.53
Source: Stock-Yogo (2005).  Reproduced by permission.
NB: Critical values are for Cragg-Donald F statistic and i.i.d. errors.
------------------------------------------------------------------------------
Hansen J statistic (overidentification test of all instruments):         0.000
                                                 (equation exactly identified)
------------------------------------------------------------------------------
Instrumented:         ln_gaci_max
Included instruments: lnpop
Excluded instruments: feyrer_int
Partialled-out:       _cons
                      nb: total SS, model F and R2s are after partialling-out;
                          any small-sample adjustments include partialled-out
                          variables in regressor count K
------------------------------------------------------------------------------

Absorbed degrees of freedom:
-----------------------------------------------------+
 Absorbed FE | Categories  - Redundant  = Num. Coefs |
-------------+---------------------------------------|
     isocode |        70           0          70     |
           y |        28           1          27     |
-----------------------------------------------------+
(MWFE estimator converged in 5 iterations)

IV (2SLS) estimation
--------------------

Estimates efficient for homoskedasticity only
Statistics robust to heteroskedasticity and clustering on isocode

Number of clusters (isocode) =      70                Number of obs =     1898
                                                      F(  2,    69) =     0.66
                                                      Prob > F      =   0.5202
Total (centered) SS     =  2109.275123                Centered R2   =  -0.2068
Total (uncentered) SS   =  2109.275123                Uncentered R2 =  -0.2068
Residual SS             =  2545.487363                Root MSE      =    1.167

------------------------------------------------------------------------------
             |               Robust
     abs_red |      Coef.   Std. Err.      t    P>|t|     [95% Conf. Interval]
-------------+----------------------------------------------------------------
 ln_gaci_max |  -5.639356      5.191    -1.09   0.281    -15.99512    4.716406
       lnpop |  -1.603703   1.611778    -0.99   0.323    -4.819113    1.611707
------------------------------------------------------------------------------
Underidentification test (Kleibergen-Paap rk LM statistic):              5.756
                                                   Chi-sq(1) P-val =    0.0164
------------------------------------------------------------------------------
Weak identification test (Cragg-Donald Wald F statistic):               60.951
                         (Kleibergen-Paap rk Wald F statistic):          6.675
Stock-Yogo weak ID test critical values: 10% maximal IV size             16.38
                                         15% maximal IV size              8.96
                                         20% maximal IV size              6.66
                                         25% maximal IV size              5.53
Source: Stock-Yogo (2005).  Reproduced by permission.
NB: Critical values are for Cragg-Donald F statistic and i.i.d. errors.
------------------------------------------------------------------------------
Hansen J statistic (overidentification test of all instruments):         0.000
                                                 (equation exactly identified)
------------------------------------------------------------------------------
Instrumented:         ln_gaci_max
Included instruments: lnpop
Excluded instruments: feyrer_int
Partialled-out:       _cons
                      nb: total SS, model F and R2s are after partialling-out;
                          any small-sample adjustments include partialled-out
                          variables in regressor count K
------------------------------------------------------------------------------

Absorbed degrees of freedom:
-----------------------------------------------------+
 Absorbed FE | Categories  - Redundant  = Num. Coefs |
-------------+---------------------------------------|
     isocode |        70          70           0    *|
           y |        28           1          27     |
-----------------------------------------------------+
* = FE nested within cluster; treated as redundant for DoF computation
(dropped 2 singleton observations)
(MWFE estimator converged in 6 iterations)

HDFE Linear regression                            Number of obs   =      3,735
Absorbing 2 HDFE groups                           F(   2,   3542) =      58.99
                                                  Prob > F        =     0.0000
                                                  R-squared       =     0.9714
                                                  Adj R-squared   =     0.9699
                                                  Within R-sq.    =     0.0286
                                                  Root MSE        =     0.2387

------------------------------------------------------------------------------
             |               Robust
 ln_gaci_sum |      Coef.   Std. Err.      t    P>|t|     [95% Conf. Interval]
-------------+----------------------------------------------------------------
  feyrer_int |   .3641305   .0341892    10.65   0.000     .2970981    .4311629
       lnpop |   .1922173   .0504602     3.81   0.000     .0932832    .2911513
       _cons |  -3.082784   .8517016    -3.62   0.000     -4.75266   -1.412909
------------------------------------------------------------------------------

Absorbed degrees of freedom:
-----------------------------------------------------+
 Absorbed FE | Categories  - Redundant  = Num. Coefs |
-------------+---------------------------------------|
     isocode |       164           0         164     |
           y |        28           1          27     |
-----------------------------------------------------+

 ( 1)  feyrer_int = 0

       F(  1,  3542) =  113.43
            Prob > F =    0.0000
(dropped 2 singleton observations)
(MWFE estimator converged in 6 iterations)

HDFE Linear regression                            Number of obs   =      3,735
Absorbing 2 HDFE groups                           F(   2,   3542) =      77.02
                                                  Prob > F        =     0.0000
                                                  R-squared       =     0.9384
                                                  Adj R-squared   =     0.9351
                                                  Within R-sq.    =     0.0505
                                                  Root MSE        =     0.0356

------------------------------------------------------------------------------
             |               Robust
 ln_gini_mkt |      Coef.   Std. Err.      t    P>|t|     [95% Conf. Interval]
-------------+----------------------------------------------------------------
 ln_gaci_sum |   .0081766   .0023364     3.50   0.000     .0035958    .0127574
       lnpop |  -.0880271   .0073339   -12.00   0.000    -.1024063    -.073648
       _cons |   5.213241   .1179761    44.19   0.000     4.981933    5.444549
------------------------------------------------------------------------------

Absorbed degrees of freedom:
-----------------------------------------------------+
 Absorbed FE | Categories  - Redundant  = Num. Coefs |
-------------+---------------------------------------|
     isocode |       164           0         164     |
           y |        28           1          27     |
-----------------------------------------------------+
(dropped 2 singleton observations)
(MWFE estimator converged in 6 iterations)

IV (2SLS) estimation
--------------------

Estimates efficient for homoskedasticity only
Statistics robust to heteroskedasticity

                                                      Number of obs =     3735
                                                      F(  2,  3542) =    56.61
                                                      Prob > F      =   0.0000
Total (centered) SS     =  4.724771221                Centered R2   =  -1.5459
Total (uncentered) SS   =  4.724771221                Uncentered R2 =  -1.5459
Residual SS             =  12.02890215                Root MSE      =   .05828

------------------------------------------------------------------------------
             |               Robust
 ln_gini_mkt |      Coef.   Std. Err.      t    P>|t|     [95% Conf. Interval]
-------------+----------------------------------------------------------------
 ln_gaci_sum |     .19887   .0258542     7.69   0.000     .1481793    .2495607
       lnpop |  -.1094798   .0115828    -9.45   0.000    -.1321894   -.0867703
------------------------------------------------------------------------------
Underidentification test (Kleibergen-Paap rk LM statistic):            112.097
                                                   Chi-sq(1) P-val =    0.0000
------------------------------------------------------------------------------
Weak identification test (Cragg-Donald Wald F statistic):               97.790
                         (Kleibergen-Paap rk Wald F statistic):        113.432
Stock-Yogo weak ID test critical values: 10% maximal IV size             16.38
                                         15% maximal IV size              8.96
                                         20% maximal IV size              6.66
                                         25% maximal IV size              5.53
Source: Stock-Yogo (2005).  Reproduced by permission.
NB: Critical values are for Cragg-Donald F statistic and i.i.d. errors.
------------------------------------------------------------------------------
Hansen J statistic (overidentification test of all instruments):         0.000
                                                 (equation exactly identified)
------------------------------------------------------------------------------
Instrumented:         ln_gaci_sum
Included instruments: lnpop
Excluded instruments: feyrer_int
Partialled-out:       _cons
                      nb: total SS, model F and R2s are after partialling-out;
                          any small-sample adjustments include partialled-out
                          variables in regressor count K
------------------------------------------------------------------------------

Absorbed degrees of freedom:
-----------------------------------------------------+
 Absorbed FE | Categories  - Redundant  = Num. Coefs |
-------------+---------------------------------------|
     isocode |       164           0         164     |
           y |        28           1          27     |
-----------------------------------------------------+
(dropped 2 singleton observations)
(MWFE estimator converged in 6 iterations)

IV (2SLS) estimation
--------------------

Estimates efficient for homoskedasticity only
Statistics robust to heteroskedasticity and clustering on isocode

Number of clusters (isocode) =     164                Number of obs =     3735
                                                      F(  2,   163) =     6.10
                                                      Prob > F      =   0.0028
Total (centered) SS     =  4.724771221                Centered R2   =  -1.5459
Total (uncentered) SS   =  4.724771221                Uncentered R2 =  -1.5459
Residual SS             =  12.02890215                Root MSE      =   .05697

------------------------------------------------------------------------------
             |               Robust
 ln_gini_mkt |      Coef.   Std. Err.      t    P>|t|     [95% Conf. Interval]
-------------+----------------------------------------------------------------
 ln_gaci_sum |     .19887   .0769148     2.59   0.011     .0469923    .3507478
       lnpop |  -.1094798   .0345176    -3.17   0.002    -.1776391   -.0413205
------------------------------------------------------------------------------
Underidentification test (Kleibergen-Paap rk LM statistic):             15.220
                                                   Chi-sq(1) P-val =    0.0001
------------------------------------------------------------------------------
Weak identification test (Cragg-Donald Wald F statistic):              102.318
                         (Kleibergen-Paap rk Wald F statistic):         17.972
Stock-Yogo weak ID test critical values: 10% maximal IV size             16.38
                                         15% maximal IV size              8.96
                                         20% maximal IV size              6.66
                                         25% maximal IV size              5.53
Source: Stock-Yogo (2005).  Reproduced by permission.
NB: Critical values are for Cragg-Donald F statistic and i.i.d. errors.
------------------------------------------------------------------------------
Hansen J statistic (overidentification test of all instruments):         0.000
                                                 (equation exactly identified)
------------------------------------------------------------------------------
Instrumented:         ln_gaci_sum
Included instruments: lnpop
Excluded instruments: feyrer_int
Partialled-out:       _cons
                      nb: total SS, model F and R2s are after partialling-out;
                          any small-sample adjustments include partialled-out
                          variables in regressor count K
------------------------------------------------------------------------------

Absorbed degrees of freedom:
-----------------------------------------------------+
 Absorbed FE | Categories  - Redundant  = Num. Coefs |
-------------+---------------------------------------|
     isocode |       164         164           0    *|
           y |        28           1          27     |
-----------------------------------------------------+
* = FE nested within cluster; treated as redundant for DoF computation
(dropped 2 singleton observations)
(MWFE estimator converged in 6 iterations)

HDFE Linear regression                            Number of obs   =      3,735
Absorbing 2 HDFE groups                           F(   2,   3542) =      38.87
                                                  Prob > F        =     0.0000
                                                  R-squared       =     0.9672
                                                  Adj R-squared   =     0.9654
                                                  Within R-sq.    =     0.0256
                                                  Root MSE        =     0.0399

------------------------------------------------------------------------------
             |               Robust
ln_gini_disp |      Coef.   Std. Err.      t    P>|t|     [95% Conf. Interval]
-------------+----------------------------------------------------------------
 ln_gaci_sum |   .0086656   .0029651     2.92   0.003     .0028521    .0144791
       lnpop |  -.0678157    .008111    -8.36   0.000    -.0837184    -.051913
       _cons |   4.701283   .1305599    36.01   0.000     4.445303    4.957263
------------------------------------------------------------------------------

Absorbed degrees of freedom:
-----------------------------------------------------+
 Absorbed FE | Categories  - Redundant  = Num. Coefs |
-------------+---------------------------------------|
     isocode |       164           0         164     |
           y |        28           1          27     |
-----------------------------------------------------+
(dropped 2 singleton observations)
(MWFE estimator converged in 6 iterations)

IV (2SLS) estimation
--------------------

Estimates efficient for homoskedasticity only
Statistics robust to heteroskedasticity

                                                      Number of obs =     3735
                                                      F(  2,  3542) =    45.12
                                                      Prob > F      =   0.0000
Total (centered) SS     =  5.776792264                Centered R2   =  -2.2701
Total (uncentered) SS   =  5.776792264                Uncentered R2 =  -2.2701
Residual SS             =  18.89096396                Root MSE      =   .07303

------------------------------------------------------------------------------
             |               Robust
ln_gini_disp |      Coef.   Std. Err.      t    P>|t|     [95% Conf. Interval]
-------------+----------------------------------------------------------------
 ln_gaci_sum |   .2615228   .0307864     8.49   0.000     .2011619    .3218836
       lnpop |  -.0962617    .014979    -6.43   0.000      -.12563   -.0668934
------------------------------------------------------------------------------
Underidentification test (Kleibergen-Paap rk LM statistic):            112.097
                                                   Chi-sq(1) P-val =    0.0000
------------------------------------------------------------------------------
Weak identification test (Cragg-Donald Wald F statistic):               97.790
                         (Kleibergen-Paap rk Wald F statistic):        113.432
Stock-Yogo weak ID test critical values: 10% maximal IV size             16.38
                                         15% maximal IV size              8.96
                                         20% maximal IV size              6.66
                                         25% maximal IV size              5.53
Source: Stock-Yogo (2005).  Reproduced by permission.
NB: Critical values are for Cragg-Donald F statistic and i.i.d. errors.
------------------------------------------------------------------------------
Hansen J statistic (overidentification test of all instruments):         0.000
                                                 (equation exactly identified)
------------------------------------------------------------------------------
Instrumented:         ln_gaci_sum
Included instruments: lnpop
Excluded instruments: feyrer_int
Partialled-out:       _cons
                      nb: total SS, model F and R2s are after partialling-out;
                          any small-sample adjustments include partialled-out
                          variables in regressor count K
------------------------------------------------------------------------------

Absorbed degrees of freedom:
-----------------------------------------------------+
 Absorbed FE | Categories  - Redundant  = Num. Coefs |
-------------+---------------------------------------|
     isocode |       164           0         164     |
           y |        28           1          27     |
-----------------------------------------------------+
(dropped 2 singleton observations)
(MWFE estimator converged in 6 iterations)

IV (2SLS) estimation
--------------------

Estimates efficient for homoskedasticity only
Statistics robust to heteroskedasticity and clustering on isocode

Number of clusters (isocode) =     164                Number of obs =     3735
                                                      F(  2,   163) =     5.27
                                                      Prob > F      =   0.0061
Total (centered) SS     =  5.776792264                Centered R2   =  -2.2701
Total (uncentered) SS   =  5.776792264                Uncentered R2 =  -2.2701
Residual SS             =  18.89096396                Root MSE      =    .0714

------------------------------------------------------------------------------
             |               Robust
ln_gini_disp |      Coef.   Std. Err.      t    P>|t|     [95% Conf. Interval]
-------------+----------------------------------------------------------------
 ln_gaci_sum |   .2615228   .0895077     2.92   0.004     .0847786     .438267
       lnpop |  -.0962617   .0429523    -2.24   0.026    -.1810764    -.011447
------------------------------------------------------------------------------
Underidentification test (Kleibergen-Paap rk LM statistic):             15.220
                                                   Chi-sq(1) P-val =    0.0001
------------------------------------------------------------------------------
Weak identification test (Cragg-Donald Wald F statistic):              102.318
                         (Kleibergen-Paap rk Wald F statistic):         17.972
Stock-Yogo weak ID test critical values: 10% maximal IV size             16.38
                                         15% maximal IV size              8.96
                                         20% maximal IV size              6.66
                                         25% maximal IV size              5.53
Source: Stock-Yogo (2005).  Reproduced by permission.
NB: Critical values are for Cragg-Donald F statistic and i.i.d. errors.
------------------------------------------------------------------------------
Hansen J statistic (overidentification test of all instruments):         0.000
                                                 (equation exactly identified)
------------------------------------------------------------------------------
Instrumented:         ln_gaci_sum
Included instruments: lnpop
Excluded instruments: feyrer_int
Partialled-out:       _cons
                      nb: total SS, model F and R2s are after partialling-out;
                          any small-sample adjustments include partialled-out
                          variables in regressor count K
------------------------------------------------------------------------------

Absorbed degrees of freedom:
-----------------------------------------------------+
 Absorbed FE | Categories  - Redundant  = Num. Coefs |
-------------+---------------------------------------|
     isocode |       164         164           0    *|
           y |        28           1          27     |
-----------------------------------------------------+
* = FE nested within cluster; treated as redundant for DoF computation
(dropped 2 singleton observations)
(MWFE estimator converged in 6 iterations)

HDFE Linear regression                            Number of obs   =      3,735
Absorbing 2 HDFE groups                           F(   2,   3542) =      76.80
                                                  Prob > F        =     0.0000
                                                  R-squared       =     0.9403
                                                  Adj R-squared   =     0.9371
                                                  Within R-sq.    =     0.0500
                                                  Root MSE        =     1.6083

------------------------------------------------------------------------------
             |               Robust
    gini_mkt |      Coef.   Std. Err.      t    P>|t|     [95% Conf. Interval]
-------------+----------------------------------------------------------------
 ln_gaci_sum |   .3505003   .1058014     3.31   0.001     .1430624    .5579381
       lnpop |  -3.965967   .3287153   -12.07   0.000    -4.610458   -3.321477
       _cons |   108.8448   5.286012    20.59   0.000     98.48088    119.2087
------------------------------------------------------------------------------

Absorbed degrees of freedom:
-----------------------------------------------------+
 Absorbed FE | Categories  - Redundant  = Num. Coefs |
-------------+---------------------------------------|
     isocode |       164           0         164     |
           y |        28           1          27     |
-----------------------------------------------------+
(dropped 2 singleton observations)
(MWFE estimator converged in 6 iterations)

IV (2SLS) estimation
--------------------

Estimates efficient for homoskedasticity only
Statistics robust to heteroskedasticity

                                                      Number of obs =     3735
                                                      F(  2,  3542) =    55.38
                                                      Prob > F      =   0.0000
Total (centered) SS     =  9643.749001                Centered R2   =  -1.8180
Total (uncentered) SS   =  9643.749001                Uncentered R2 =  -1.8180
Residual SS             =   27176.4099                Root MSE      =     2.77

------------------------------------------------------------------------------
             |               Robust
    gini_mkt |      Coef.   Std. Err.      t    P>|t|     [95% Conf. Interval]
-------------+----------------------------------------------------------------
 ln_gaci_sum |   9.669848   1.215118     7.96   0.000     7.287447    12.05225
       lnpop |  -5.014378   .5524909    -9.08   0.000    -6.097611   -3.931146
------------------------------------------------------------------------------
Underidentification test (Kleibergen-Paap rk LM statistic):            112.097
                                                   Chi-sq(1) P-val =    0.0000
------------------------------------------------------------------------------
Weak identification test (Cragg-Donald Wald F statistic):               97.790
                         (Kleibergen-Paap rk Wald F statistic):        113.432
Stock-Yogo weak ID test critical values: 10% maximal IV size             16.38
                                         15% maximal IV size              8.96
                                         20% maximal IV size              6.66
                                         25% maximal IV size              5.53
Source: Stock-Yogo (2005).  Reproduced by permission.
NB: Critical values are for Cragg-Donald F statistic and i.i.d. errors.
------------------------------------------------------------------------------
Hansen J statistic (overidentification test of all instruments):         0.000
                                                 (equation exactly identified)
------------------------------------------------------------------------------
Instrumented:         ln_gaci_sum
Included instruments: lnpop
Excluded instruments: feyrer_int
Partialled-out:       _cons
                      nb: total SS, model F and R2s are after partialling-out;
                          any small-sample adjustments include partialled-out
                          variables in regressor count K
------------------------------------------------------------------------------

Absorbed degrees of freedom:
-----------------------------------------------------+
 Absorbed FE | Categories  - Redundant  = Num. Coefs |
-------------+---------------------------------------|
     isocode |       164           0         164     |
           y |        28           1          27     |
-----------------------------------------------------+
(dropped 2 singleton observations)
(MWFE estimator converged in 6 iterations)

IV (2SLS) estimation
--------------------

Estimates efficient for homoskedasticity only
Statistics robust to heteroskedasticity and clustering on isocode

Number of clusters (isocode) =     164                Number of obs =     3735
                                                      F(  2,   163) =     6.04
                                                      Prob > F      =   0.0029
Total (centered) SS     =  9643.749001                Centered R2   =  -1.8180
Total (uncentered) SS   =  9643.749001                Uncentered R2 =  -1.8180
Residual SS             =   27176.4099                Root MSE      =    2.708

------------------------------------------------------------------------------
             |               Robust
    gini_mkt |      Coef.   Std. Err.      t    P>|t|     [95% Conf. Interval]
-------------+----------------------------------------------------------------
 ln_gaci_sum |   9.669848   3.601496     2.68   0.008     2.558245    16.78145
       lnpop |  -5.014378   1.634371    -3.07   0.003    -8.241648   -1.787109
------------------------------------------------------------------------------
Underidentification test (Kleibergen-Paap rk LM statistic):             15.220
                                                   Chi-sq(1) P-val =    0.0001
------------------------------------------------------------------------------
Weak identification test (Cragg-Donald Wald F statistic):              102.318
                         (Kleibergen-Paap rk Wald F statistic):         17.972
Stock-Yogo weak ID test critical values: 10% maximal IV size             16.38
                                         15% maximal IV size              8.96
                                         20% maximal IV size              6.66
                                         25% maximal IV size              5.53
Source: Stock-Yogo (2005).  Reproduced by permission.
NB: Critical values are for Cragg-Donald F statistic and i.i.d. errors.
------------------------------------------------------------------------------
Hansen J statistic (overidentification test of all instruments):         0.000
                                                 (equation exactly identified)
------------------------------------------------------------------------------
Instrumented:         ln_gaci_sum
Included instruments: lnpop
Excluded instruments: feyrer_int
Partialled-out:       _cons
                      nb: total SS, model F and R2s are after partialling-out;
                          any small-sample adjustments include partialled-out
                          variables in regressor count K
------------------------------------------------------------------------------

Absorbed degrees of freedom:
-----------------------------------------------------+
 Absorbed FE | Categories  - Redundant  = Num. Coefs |
-------------+---------------------------------------|
     isocode |       164         164           0    *|
           y |        28           1          27     |
-----------------------------------------------------+
* = FE nested within cluster; treated as redundant for DoF computation
(dropped 2 singleton observations)
(MWFE estimator converged in 6 iterations)

HDFE Linear regression                            Number of obs   =      3,735
Absorbing 2 HDFE groups                           F(   2,   3542) =      47.33
                                                  Prob > F        =     0.0000
                                                  R-squared       =     0.9658
                                                  Adj R-squared   =     0.9639
                                                  Within R-sq.    =     0.0293
                                                  Root MSE        =     1.5566

------------------------------------------------------------------------------
             |               Robust
   gini_disp |      Coef.   Std. Err.      t    P>|t|     [95% Conf. Interval]
-------------+----------------------------------------------------------------
 ln_gaci_sum |    .526667   .1239643     4.25   0.000     .2836183    .7697156
       lnpop |  -2.669891   .3036461    -8.79   0.000     -3.26523   -2.074552
       _cons |   80.45076   4.889687    16.45   0.000     70.86387    90.03765
------------------------------------------------------------------------------

Absorbed degrees of freedom:
-----------------------------------------------------+
 Absorbed FE | Categories  - Redundant  = Num. Coefs |
-------------+---------------------------------------|
     isocode |       164           0         164     |
           y |        28           1          27     |
-----------------------------------------------------+
(dropped 2 singleton observations)
(MWFE estimator converged in 6 iterations)

IV (2SLS) estimation
--------------------

Estimates efficient for homoskedasticity only
Statistics robust to heteroskedasticity

                                                      Number of obs =     3735
                                                      F(  2,  3542) =    46.57
                                                      Prob > F      =   0.0000
Total (centered) SS     =  8841.573561                Centered R2   =  -3.1041
Total (uncentered) SS   =  8841.573561                Uncentered R2 =  -3.1041
Residual SS             =  36286.52054                Root MSE      =    3.201

------------------------------------------------------------------------------
             |               Robust
   gini_disp |      Coef.   Std. Err.      t    P>|t|     [95% Conf. Interval]
-------------+----------------------------------------------------------------
 ln_gaci_sum |   12.08362   1.368662     8.83   0.000     9.400172    14.76706
       lnpop |  -3.970028   .6549879    -6.06   0.000     -5.25422   -2.685837
------------------------------------------------------------------------------
Underidentification test (Kleibergen-Paap rk LM statistic):            112.097
                                                   Chi-sq(1) P-val =    0.0000
------------------------------------------------------------------------------
Weak identification test (Cragg-Donald Wald F statistic):               97.790
                         (Kleibergen-Paap rk Wald F statistic):        113.432
Stock-Yogo weak ID test critical values: 10% maximal IV size             16.38
                                         15% maximal IV size              8.96
                                         20% maximal IV size              6.66
                                         25% maximal IV size              5.53
Source: Stock-Yogo (2005).  Reproduced by permission.
NB: Critical values are for Cragg-Donald F statistic and i.i.d. errors.
------------------------------------------------------------------------------
Hansen J statistic (overidentification test of all instruments):         0.000
                                                 (equation exactly identified)
------------------------------------------------------------------------------
Instrumented:         ln_gaci_sum
Included instruments: lnpop
Excluded instruments: feyrer_int
Partialled-out:       _cons
                      nb: total SS, model F and R2s are after partialling-out;
                          any small-sample adjustments include partialled-out
                          variables in regressor count K
------------------------------------------------------------------------------

Absorbed degrees of freedom:
-----------------------------------------------------+
 Absorbed FE | Categories  - Redundant  = Num. Coefs |
-------------+---------------------------------------|
     isocode |       164           0         164     |
           y |        28           1          27     |
-----------------------------------------------------+
(dropped 2 singleton observations)
(MWFE estimator converged in 6 iterations)

IV (2SLS) estimation
--------------------

Estimates efficient for homoskedasticity only
Statistics robust to heteroskedasticity and clustering on isocode

Number of clusters (isocode) =     164                Number of obs =     3735
                                                      F(  2,   163) =     5.57
                                                      Prob > F      =   0.0046
Total (centered) SS     =  8841.573561                Centered R2   =  -3.1041
Total (uncentered) SS   =  8841.573561                Uncentered R2 =  -3.1041
Residual SS             =  36286.52054                Root MSE      =    3.129

------------------------------------------------------------------------------
             |               Robust
   gini_disp |      Coef.   Std. Err.      t    P>|t|     [95% Conf. Interval]
-------------+----------------------------------------------------------------
 ln_gaci_sum |   12.08362   3.984712     3.03   0.003     4.215307    19.95193
       lnpop |  -3.970028    1.82012    -2.18   0.031    -7.564082    -.375975
------------------------------------------------------------------------------
Underidentification test (Kleibergen-Paap rk LM statistic):             15.220
                                                   Chi-sq(1) P-val =    0.0001
------------------------------------------------------------------------------
Weak identification test (Cragg-Donald Wald F statistic):              102.318
                         (Kleibergen-Paap rk Wald F statistic):         17.972
Stock-Yogo weak ID test critical values: 10% maximal IV size             16.38
                                         15% maximal IV size              8.96
                                         20% maximal IV size              6.66
                                         25% maximal IV size              5.53
Source: Stock-Yogo (2005).  Reproduced by permission.
NB: Critical values are for Cragg-Donald F statistic and i.i.d. errors.
------------------------------------------------------------------------------
Hansen J statistic (overidentification test of all instruments):         0.000
                                                 (equation exactly identified)
------------------------------------------------------------------------------
Instrumented:         ln_gaci_sum
Included instruments: lnpop
Excluded instruments: feyrer_int
Partialled-out:       _cons
                      nb: total SS, model F and R2s are after partialling-out;
                          any small-sample adjustments include partialled-out
                          variables in regressor count K
------------------------------------------------------------------------------

Absorbed degrees of freedom:
-----------------------------------------------------+
 Absorbed FE | Categories  - Redundant  = Num. Coefs |
-------------+---------------------------------------|
     isocode |       164         164           0    *|
           y |        28           1          27     |
-----------------------------------------------------+
* = FE nested within cluster; treated as redundant for DoF computation
(MWFE estimator converged in 5 iterations)

HDFE Linear regression                            Number of obs   =      1,898
Absorbing 2 HDFE groups                           F(   2,   1799) =       1.67
                                                  Prob > F        =     0.1877
                                                  R-squared       =     0.9815
                                                  Adj R-squared   =     0.9805
                                                  Within R-sq.    =     0.0019
                                                  Root MSE        =     1.0818

------------------------------------------------------------------------------
             |               Robust
     abs_red |      Coef.   Std. Err.      t    P>|t|     [95% Conf. Interval]
-------------+----------------------------------------------------------------
 ln_gaci_sum |  -.0532876   .1024216    -0.52   0.603    -.2541655    .1475903
       lnpop |  -.6466365   .3538033    -1.83   0.068    -1.340545     .047272
       _cons |   21.69707   5.907157     3.67   0.000     10.11147    33.28268
------------------------------------------------------------------------------

Absorbed degrees of freedom:
-----------------------------------------------------+
 Absorbed FE | Categories  - Redundant  = Num. Coefs |
-------------+---------------------------------------|
     isocode |        70           0          70     |
           y |        28           1          27     |
-----------------------------------------------------+
(MWFE estimator converged in 5 iterations)

IV (2SLS) estimation
--------------------

Estimates efficient for homoskedasticity only
Statistics robust to heteroskedasticity

                                                      Number of obs =     1898
                                                      F(  2,  1799) =     6.00
                                                      Prob > F      =   0.0025
Total (centered) SS     =  2109.275123                Centered R2   =  -0.3943
Total (uncentered) SS   =  2109.275123                Uncentered R2 =  -0.3943
Residual SS             =  2941.041422                Root MSE      =    1.279

------------------------------------------------------------------------------
             |               Robust
     abs_red |      Coef.   Std. Err.      t    P>|t|     [95% Conf. Interval]
-------------+----------------------------------------------------------------
 ln_gaci_sum |  -3.193779   .9504541    -3.36   0.001    -5.057889   -1.329669
       lnpop |  -2.226523   .7128724    -3.12   0.002    -3.624668   -.8283784
------------------------------------------------------------------------------
Underidentification test (Kleibergen-Paap rk LM statistic):             42.947
                                                   Chi-sq(1) P-val =    0.0000
------------------------------------------------------------------------------
Weak identification test (Cragg-Donald Wald F statistic):               30.713
                         (Kleibergen-Paap rk Wald F statistic):         45.209
Stock-Yogo weak ID test critical values: 10% maximal IV size             16.38
                                         15% maximal IV size              8.96
                                         20% maximal IV size              6.66
                                         25% maximal IV size              5.53
Source: Stock-Yogo (2005).  Reproduced by permission.
NB: Critical values are for Cragg-Donald F statistic and i.i.d. errors.
------------------------------------------------------------------------------
Hansen J statistic (overidentification test of all instruments):         0.000
                                                 (equation exactly identified)
------------------------------------------------------------------------------
Instrumented:         ln_gaci_sum
Included instruments: lnpop
Excluded instruments: feyrer_int
Partialled-out:       _cons
                      nb: total SS, model F and R2s are after partialling-out;
                          any small-sample adjustments include partialled-out
                          variables in regressor count K
------------------------------------------------------------------------------

Absorbed degrees of freedom:
-----------------------------------------------------+
 Absorbed FE | Categories  - Redundant  = Num. Coefs |
-------------+---------------------------------------|
     isocode |        70           0          70     |
           y |        28           1          27     |
-----------------------------------------------------+
(MWFE estimator converged in 5 iterations)

IV (2SLS) estimation
--------------------

Estimates efficient for homoskedasticity only
Statistics robust to heteroskedasticity and clustering on isocode

Number of clusters (isocode) =      70                Number of obs =     1898
                                                      F(  2,    69) =     0.63
                                                      Prob > F      =   0.5344
Total (centered) SS     =  2109.275123                Centered R2   =  -0.3943
Total (uncentered) SS   =  2109.275123                Uncentered R2 =  -0.3943
Residual SS             =  2941.041422                Root MSE      =    1.254

------------------------------------------------------------------------------
             |               Robust
     abs_red |      Coef.   Std. Err.      t    P>|t|     [95% Conf. Interval]
-------------+----------------------------------------------------------------
 ln_gaci_sum |  -3.193779   2.918077    -1.09   0.278    -9.015184    2.627626
       lnpop |  -2.226523   2.161327    -1.03   0.307    -6.538252    2.085206
------------------------------------------------------------------------------
Underidentification test (Kleibergen-Paap rk LM statistic):              6.843
                                                   Chi-sq(1) P-val =    0.0089
------------------------------------------------------------------------------
Weak identification test (Cragg-Donald Wald F statistic):               31.908
                         (Kleibergen-Paap rk Wald F statistic):          8.087
Stock-Yogo weak ID test critical values: 10% maximal IV size             16.38
                                         15% maximal IV size              8.96
                                         20% maximal IV size              6.66
                                         25% maximal IV size              5.53
Source: Stock-Yogo (2005).  Reproduced by permission.
NB: Critical values are for Cragg-Donald F statistic and i.i.d. errors.
------------------------------------------------------------------------------
Hansen J statistic (overidentification test of all instruments):         0.000
                                                 (equation exactly identified)
------------------------------------------------------------------------------
Instrumented:         ln_gaci_sum
Included instruments: lnpop
Excluded instruments: feyrer_int
Partialled-out:       _cons
                      nb: total SS, model F and R2s are after partialling-out;
                          any small-sample adjustments include partialled-out
                          variables in regressor count K
------------------------------------------------------------------------------

Absorbed degrees of freedom:
-----------------------------------------------------+
 Absorbed FE | Categories  - Redundant  = Num. Coefs |
-------------+---------------------------------------|
     isocode |        70          70           0    *|
           y |        28           1          27     |
-----------------------------------------------------+
* = FE nested within cluster; treated as redundant for DoF computation

. file close `fh'

. log close
      name:  <unnamed>
       log:  C:\Users\sunbi\managi-lab Dropbox\Sunbin Yoo\Research Box ^-^\2026\GACI\GACI_Inequality\01_main_run.log
  log type:  text
 closed on:  16 Sep 2026, 09:06:03
---------------------------------------------------------------------------------------------------------------------------------------------------------------------------------------------------------------------------------------------------------------
