-------------------------------------------------------------------------------
      name:  <unnamed>
       log:  C:\Users\sunbi\managi-lab Dropbox\Sunbin Yoo\Research Box ^-^\2026
> \GACI\GACI_Inequality\09_gdp_run.log
  log type:  text
 opened on:  19 Sep 2026, 08:19:02

. do "_prep.doh"

. clear all

. set more off

. set linesize 255

. cd "C:/Users/sunbi/managi-lab Dropbox/Sunbin Yoo/Research Box ^-^/2026/GACI/GACI_Inequality"
C:\Users\sunbi\managi-lab Dropbox\Sunbin Yoo\Research Box ^-^\2026\GACI\GACI_Inequality

. import delimited "ineq_panel.csv", clear varnames(1) encoding("utf-8")
(107 vars, 4,643 obs)

. ds c reg, not
y             ln_gaci_mean  unesco_cum~t  abslat        close_sum     cap_sum       tourism_int   gaci_max      gaci_2nd      rel_red       emp_ind       urban         ln_gaci_sum   top10_wid     top1_post_~d  ln_top10_wid  ln_bot50_p~d  os_year
trade_share   lncap         lnz           n_air         close_mean    cap_mean      tourism_cum   gaci_sum      gini_disp     gini_wb       emp_agr       trade_gdp     ln_gini_mkt   top1_wid      gini_pre_wid  ln_top1_wid   ln_avg_bot~d  post_os
ln_tradevol   gaci_cwmean   lnz_own       deg_sum       betw_sum      tour_shift    ln_remote     gaci_cwm2     gini_disp_se  top10_wb      primacy       fdi_gdp       ln_gini_disp  bot50_wid     gini_post_~d  ln_bot50_wid  ln_avg_top~d  os_evt
lngdp         gaci_mean     lnpc          deg_mean      betw_mean     nat_endow     feyrer_int    share_max     gini_mkt      bot20_wb      gdppc_kd      unemp         ln_share_max  mid40_wid     avg_bot50_~d  ln_gini_pr~d  ln_avg_all~d
lng           ln_unesco     lnpop         eig_sum       regimp_sum    merch_share   ln_sea_ma     hhi           gini_mkt_se   top20_wb      ter_enr       surv_inc_pc   ln_hhi        top10_post~d  avg_top10_~d  ln_gini_po~d  ratio_t10~50
ln_gaci_cwm   unesco_cum    lnland        eig_mean      regimp_mean   merch_inte~y  ln_air_ma     n_air2        abs_red       emp_srv       tax_gdp       ln_gaci_max   ln_gdppc      bot50_post~d  avg_all_wid   ln_top10_p~d  a_t

. destring `r(varlist)', replace force
y already numeric; no replace
trade_share already numeric; no replace
ln_tradevol already numeric; no replace
lngdp already numeric; no replace
lng already numeric; no replace
ln_gaci_cwm already numeric; no replace
ln_gaci_mean already numeric; no replace
lncap already numeric; no replace
gaci_cwmean already numeric; no replace
gaci_mean already numeric; no replace
ln_unesco already numeric; no replace
unesco_cum already numeric; no replace
unesco_cum_nat already numeric; no replace
lnz already numeric; no replace
lnz_own already numeric; no replace
lnpc already numeric; no replace
lnpop already numeric; no replace
lnland already numeric; no replace
abslat already numeric; no replace
n_air already numeric; no replace
deg_sum already numeric; no replace
deg_mean already numeric; no replace
eig_sum already numeric; no replace
eig_mean already numeric; no replace
close_sum already numeric; no replace
close_mean already numeric; no replace
betw_sum already numeric; no replace
betw_mean already numeric; no replace
regimp_sum already numeric; no replace
regimp_mean already numeric; no replace
cap_sum already numeric; no replace
cap_mean already numeric; no replace
tour_shift already numeric; no replace
nat_endow already numeric; no replace
merch_share already numeric; no replace
merch_intensity already numeric; no replace
tourism_int already numeric; no replace
tourism_cum already numeric; no replace
ln_remote already numeric; no replace
feyrer_int already numeric; no replace
ln_sea_ma already numeric; no replace
ln_air_ma already numeric; no replace
gaci_max already numeric; no replace
gaci_sum already numeric; no replace
gaci_cwm2 already numeric; no replace
share_max already numeric; no replace
hhi already numeric; no replace
n_air2 already numeric; no replace
gaci_2nd already numeric; no replace
gini_disp already numeric; no replace
gini_disp_se already numeric; no replace
gini_mkt already numeric; no replace
gini_mkt_se already numeric; no replace
abs_red already numeric; no replace
rel_red already numeric; no replace
gini_wb already numeric; no replace
top10_wb already numeric; no replace
bot20_wb already numeric; no replace
top20_wb already numeric; no replace
emp_srv already numeric; no replace
emp_ind already numeric; no replace
emp_agr already numeric; no replace
primacy already numeric; no replace
gdppc_kd already numeric; no replace
ter_enr already numeric; no replace
tax_gdp already numeric; no replace
urban already numeric; no replace
trade_gdp already numeric; no replace
fdi_gdp already numeric; no replace
unemp already numeric; no replace
surv_inc_pc already numeric; no replace
ln_gaci_max already numeric; no replace
ln_gaci_sum already numeric; no replace
ln_gini_mkt already numeric; no replace
ln_gini_disp already numeric; no replace
ln_share_max already numeric; no replace
ln_hhi already numeric; no replace
ln_gdppc already numeric; no replace
top10_wid already numeric; no replace
top1_wid already numeric; no replace
bot50_wid already numeric; no replace
mid40_wid already numeric; no replace
top10_post_wid already numeric; no replace
bot50_post_wid already numeric; no replace
top1_post_wid already numeric; no replace
gini_pre_wid already numeric; no replace
gini_post_wid already numeric; no replace
avg_bot50_wid already numeric; no replace
avg_top10_wid already numeric; no replace
avg_all_wid already numeric; no replace
ln_top10_wid already numeric; no replace
ln_top1_wid already numeric; no replace
ln_bot50_wid already numeric; no replace
ln_gini_pre_wid already numeric; no replace
ln_gini_post_wid already numeric; no replace
ln_top10_post_wid already numeric; no replace
ln_bot50_post_wid already numeric; no replace
ln_avg_bot50_wid already numeric; no replace
ln_avg_top10_wid already numeric; no replace
ln_avg_all_wid already numeric; no replace
ratio_t10_b50 already numeric; no replace
a_t already numeric; no replace
os_year already numeric; no replace
post_os already numeric; no replace
os_evt already numeric; no replace

. encode c, gen(isocode)

. xtset isocode y
       panel variable:  isocode (unbalanced)
        time variable:  y, 1996 to 2023, but with gaps
                delta:  1 unit

. keep if !missing(gini_mkt)
(906 observations deleted)

. gen cont = substr(reg,1,2)

. encode cont, gen(contid)

. * baseline (first observed year) income and inequality terciles, fixed per country
. bysort isocode (y): gen basepc = lnpc[1]

. bysort isocode (y): gen basegini = gini_mkt[1]

. bysort isocode (y): gen baseshare = share_max[1]

. bysort isocode (y): gen firsty = y[1]

. preserve

. bysort isocode: keep if _n==1
(3,571 observations deleted)

. xtile inc3 = basepc, nq(3)

. xtile gini3 = basegini, nq(3)

. gen conc2 = (baseshare > 0.5)

. keep isocode inc3 gini3 conc2

. tempfile grp

. save `grp'
file C:\Users\sunbi\AppData\Local\Temp\ST_acf0_000002.tmp saved

. restore

. merge m:1 isocode using `grp', nogen
(label isocode already defined)

    Result                           # of obs.
    -----------------------------------------
    not matched                             0
    matched                             3,737  
    -----------------------------------------

. gen post2010 = (y>=2010)

. gen midinc = (inc3==2)

. gen highinc = (inc3==3)

. foreach v in ln_gaci_max ln_gaci_cwm ln_gaci_sum feyrer_int tourism_int {
  2.     gen `v'_mid = `v'*midinc
  3.     gen `v'_high = `v'*highinc
  4.     gen `v'_post = `v'*post2010
  5.     gen `v'_conc = `v'*conc2
  6.     gen `v'_g2 = `v'*(gini3==2)
  7.     gen `v'_g3 = `v'*(gini3==3)
  8. }

. gen tophub = inlist(c,"DEU","USA","FRA","NLD","GBR") | inlist(c,"CHN","CAN","SGP","ARE","THA")

. sort isocode y

. xtset isocode y
       panel variable:  isocode (unbalanced)
        time variable:  y, 1996 to 2023, but with gaps
                delta:  1 unit

. 
end of do-file

. set varabbrev off

. 
. * growth-incidence gap: log gap between top-decile and bottom-half average income
. gen ln_ratio_avg = ln_avg_top10_wid - ln_avg_bot50_wid
(21 missing values generated)

. label var ln_ratio_avg "ln(avg top10 / avg bot50)"

. 
. * exposure x trend controls, same construction as 07_diag.do
. gen at_basepc = a_t*basepc

. gen at_basegini = a_t*basegini

. gen at_lnland = a_t*lnland

. gen at_abslat = a_t*abslat

. gen at_seama = a_t*ln_sea_ma

. bysort isocode (y): gen basetrade = trade_share[1]

. gen at_basetrade = a_t*basetrade

. 
. tempname fh

. file open `fh' using "_gdp_results.csv", write replace
(note: file _gdp_results.csv not found)

. file write `fh' "block,outcome,treat,iv,spec,b,se,p,kpf,hansenp,N" _n

. 
. local GY "ln_gdppc lngdp ln_avg_all_wid ln_avg_bot50_wid ln_avg_top10_wid ln_ratio_avg"

. 
. * ---------------------------------------------------------------- A. main table twin
. foreach ivv in feyrer_int tourism_int {
  2. foreach tr in ln_gaci_max ln_gaci_cwm ln_gaci_sum {
  3.     foreach yv of local GY {
  4.         reghdfe `yv' `tr' lnpop, absorb(isocode y) vce(robust)
  5.         local bb = _b[`tr']
  6.         local ss = _se[`tr']
  7.         local pp = 2*ttail(e(df_r), abs(`bb'/`ss'))
  8.         local nn = e(N)
  9.         file write `fh' "main,`yv',`tr',`ivv',OLS,`bb',`ss',`pp',.,.,`nn'" _n
 10.         ivreghdfe `yv' lnpop (`tr' = `ivv'), absorb(isocode y) robust
 11.         local bb = _b[`tr']
 12.         local ss = _se[`tr']
 13.         local pp = 2*normal(-abs(`bb'/`ss'))
 14.         local kp = e(widstat)
 15.         local nn = e(N)
 16.         file write `fh' "main,`yv',`tr',`ivv',IV,`bb',`ss',`pp',`kp',.,`nn'" _n
 17.         ivreghdfe `yv' lnpop (`tr' = `ivv'), absorb(isocode y) cluster(isocode)
 18.         local bb = _b[`tr']
 19.         local ss = _se[`tr']
 20.         local pp = 2*normal(-abs(`bb'/`ss'))
 21.         local kp = e(widstat)
 22.         local nn = e(N)
 23.         file write `fh' "main,`yv',`tr',`ivv',IVcl,`bb',`ss',`pp',`kp',.,`nn'" _n
 24.     }
 25. }
 26. }
(dropped 2 singleton observations)
(MWFE estimator converged in 6 iterations)

HDFE Linear regression                            Number of obs   =      3,735
Absorbing 2 HDFE groups                           F(   2,   3542) =     241.31
                                                  Prob > F        =     0.0000
                                                  R-squared       =     0.9925
                                                  Adj R-squared   =     0.9921
                                                  Within R-sq.    =     0.2299
                                                  Root MSE        =     0.1289

------------------------------------------------------------------------------
             |               Robust
    ln_gdppc |      Coef.   Std. Err.      t    P>|t|     [95% Conf. Interval]
-------------+----------------------------------------------------------------
 ln_gaci_max |    .746946   .0423228    17.65   0.000     .6639665    .8299255
       lnpop |  -.3501096   .0277107   -12.63   0.000    -.4044401   -.2957792
       _cons |    14.0854   .4461843    31.57   0.000     13.21059     14.9602
------------------------------------------------------------------------------

Absorbed degrees of freedom:
-----------------------------------------------------+
 Absorbed FE | Categories  - Redundant  = Num. Coefs |
-------------+---------------------------------------|
     isocode |       164           0         164     |
           y |        28           1          27     |
-----------------------------------------------------+
(dropped 2 singleton observations)
(MWFE estimator converged in 6 iterations)

IV (2SLS) estimation
--------------------

Estimates efficient for homoskedasticity only
Statistics robust to heteroskedasticity

                                                      Number of obs =     3735
                                                      F(  2,  3542) =   104.01
                                                      Prob > F      =   0.0000
Total (centered) SS     =  76.40944276                Centered R2   =   0.1316
Total (uncentered) SS   =  76.40944276                Uncentered R2 =   0.1316
Residual SS             =    66.353042                Root MSE      =    .1369

------------------------------------------------------------------------------
             |               Robust
    ln_gdppc |      Coef.   Std. Err.      t    P>|t|     [95% Conf. Interval]
-------------+----------------------------------------------------------------
 ln_gaci_max |   1.294152   .1521293     8.51   0.000     .9958818    1.592422
       lnpop |  -.3522519   .0322301   -10.93   0.000    -.4154434   -.2890604
------------------------------------------------------------------------------
Underidentification test (Kleibergen-Paap rk LM statistic):             94.663
                                                   Chi-sq(1) P-val =    0.0000
------------------------------------------------------------------------------
Weak identification test (Cragg-Donald Wald F statistic):              131.646
                         (Kleibergen-Paap rk Wald F statistic):         98.476
Stock-Yogo weak ID test critical values: 10% maximal IV size             16.38
                                         15% maximal IV size              8.96
                                         20% maximal IV size              6.66
                                         25% maximal IV size              5.53
Source: Stock-Yogo (2005).  Reproduced by permission.
NB: Critical values are for Cragg-Donald F statistic and i.i.d. errors.
------------------------------------------------------------------------------
Hansen J statistic (overidentification test of all instruments):         0.000
                                                 (equation exactly identified)
------------------------------------------------------------------------------
Instrumented:         ln_gaci_max
Included instruments: lnpop
Excluded instruments: feyrer_int
Partialled-out:       _cons
                      nb: total SS, model F and R2s are after partialling-out;
                          any small-sample adjustments include partialled-out
                          variables in regressor count K
------------------------------------------------------------------------------

Absorbed degrees of freedom:
-----------------------------------------------------+
 Absorbed FE | Categories  - Redundant  = Num. Coefs |
-------------+---------------------------------------|
     isocode |       164           0         164     |
           y |        28           1          27     |
-----------------------------------------------------+
(dropped 2 singleton observations)
(MWFE estimator converged in 6 iterations)

IV (2SLS) estimation
--------------------

Estimates efficient for homoskedasticity only
Statistics robust to heteroskedasticity and clustering on isocode

Number of clusters (isocode) =     164                Number of obs =     3735
                                                      F(  2,   163) =    11.55
                                                      Prob > F      =   0.0000
Total (centered) SS     =  76.40944276                Centered R2   =   0.1316
Total (uncentered) SS   =  76.40944276                Uncentered R2 =   0.1316
Residual SS             =    66.353042                Root MSE      =    .1338

------------------------------------------------------------------------------
             |               Robust
    ln_gdppc |      Coef.   Std. Err.      t    P>|t|     [95% Conf. Interval]
-------------+----------------------------------------------------------------
 ln_gaci_max |   1.294152   .4284408     3.02   0.003     .4481419    2.140162
       lnpop |  -.3522519    .098602    -3.57   0.000    -.5469538     -.15755
------------------------------------------------------------------------------
Underidentification test (Kleibergen-Paap rk LM statistic):              9.739
                                                   Chi-sq(1) P-val =    0.0018
------------------------------------------------------------------------------
Weak identification test (Cragg-Donald Wald F statistic):              137.742
                         (Kleibergen-Paap rk Wald F statistic):         10.634
Stock-Yogo weak ID test critical values: 10% maximal IV size             16.38
                                         15% maximal IV size              8.96
                                         20% maximal IV size              6.66
                                         25% maximal IV size              5.53
Source: Stock-Yogo (2005).  Reproduced by permission.
NB: Critical values are for Cragg-Donald F statistic and i.i.d. errors.
------------------------------------------------------------------------------
Hansen J statistic (overidentification test of all instruments):         0.000
                                                 (equation exactly identified)
------------------------------------------------------------------------------
Instrumented:         ln_gaci_max
Included instruments: lnpop
Excluded instruments: feyrer_int
Partialled-out:       _cons
                      nb: total SS, model F and R2s are after partialling-out;
                          any small-sample adjustments include partialled-out
                          variables in regressor count K
------------------------------------------------------------------------------

Absorbed degrees of freedom:
-----------------------------------------------------+
 Absorbed FE | Categories  - Redundant  = Num. Coefs |
-------------+---------------------------------------|
     isocode |       164         164           0    *|
           y |        28           1          27     |
-----------------------------------------------------+
* = FE nested within cluster; treated as redundant for DoF computation
(dropped 2 singleton observations)
(MWFE estimator converged in 6 iterations)

HDFE Linear regression                            Number of obs   =      3,735
Absorbing 2 HDFE groups                           F(   2,   3542) =     196.77
                                                  Prob > F        =     0.0000
                                                  R-squared       =     0.9900
                                                  Adj R-squared   =     0.9895
                                                  Within R-sq.    =     0.1645
                                                  Root MSE        =     0.2321

------------------------------------------------------------------------------
             |               Robust
       lngdp |      Coef.   Std. Err.      t    P>|t|     [95% Conf. Interval]
-------------+----------------------------------------------------------------
 ln_gaci_max |   .9724036   .0697858    13.93   0.000     .8355791    1.109228
       lnpop |   .6802628   .0477786    14.24   0.000     .5865865    .7739391
       _cons |   13.38928   .7689881    17.41   0.000     11.88158    14.89699
------------------------------------------------------------------------------

Absorbed degrees of freedom:
-----------------------------------------------------+
 Absorbed FE | Categories  - Redundant  = Num. Coefs |
-------------+---------------------------------------|
     isocode |       164           0         164     |
           y |        28           1          27     |
-----------------------------------------------------+
(dropped 2 singleton observations)
(MWFE estimator converged in 6 iterations)

IV (2SLS) estimation
--------------------

Estimates efficient for homoskedasticity only
Statistics robust to heteroskedasticity

                                                      Number of obs =     3735
                                                      F(  2,  3542) =   117.73
                                                      Prob > F      =   0.0000
Total (centered) SS     =  228.4391679                Centered R2   =   0.1385
Total (uncentered) SS   =  228.4391679                Uncentered R2 =   0.1385
Residual SS             =  196.7900583                Root MSE      =    .2357

------------------------------------------------------------------------------
             |               Robust
       lngdp |      Coef.   Std. Err.      t    P>|t|     [95% Conf. Interval]
-------------+----------------------------------------------------------------
 ln_gaci_max |   1.458914   .2669888     5.46   0.000     .9354469    1.982382
       lnpop |   .6783582   .0484651    14.00   0.000     .5833358    .7733805
------------------------------------------------------------------------------
Underidentification test (Kleibergen-Paap rk LM statistic):             94.663
                                                   Chi-sq(1) P-val =    0.0000
------------------------------------------------------------------------------
Weak identification test (Cragg-Donald Wald F statistic):              131.646
                         (Kleibergen-Paap rk Wald F statistic):         98.476
Stock-Yogo weak ID test critical values: 10% maximal IV size             16.38
                                         15% maximal IV size              8.96
                                         20% maximal IV size              6.66
                                         25% maximal IV size              5.53
Source: Stock-Yogo (2005).  Reproduced by permission.
NB: Critical values are for Cragg-Donald F statistic and i.i.d. errors.
------------------------------------------------------------------------------
Hansen J statistic (overidentification test of all instruments):         0.000
                                                 (equation exactly identified)
------------------------------------------------------------------------------
Instrumented:         ln_gaci_max
Included instruments: lnpop
Excluded instruments: feyrer_int
Partialled-out:       _cons
                      nb: total SS, model F and R2s are after partialling-out;
                          any small-sample adjustments include partialled-out
                          variables in regressor count K
------------------------------------------------------------------------------

Absorbed degrees of freedom:
-----------------------------------------------------+
 Absorbed FE | Categories  - Redundant  = Num. Coefs |
-------------+---------------------------------------|
     isocode |       164           0         164     |
           y |        28           1          27     |
-----------------------------------------------------+
(dropped 2 singleton observations)
(MWFE estimator converged in 6 iterations)

IV (2SLS) estimation
--------------------

Estimates efficient for homoskedasticity only
Statistics robust to heteroskedasticity and clustering on isocode

Number of clusters (isocode) =     164                Number of obs =     3735
                                                      F(  2,   163) =    16.92
                                                      Prob > F      =   0.0000
Total (centered) SS     =  228.4391679                Centered R2   =   0.1385
Total (uncentered) SS   =  228.4391679                Uncentered R2 =   0.1385
Residual SS             =  196.7900583                Root MSE      =    .2304

------------------------------------------------------------------------------
             |               Robust
       lngdp |      Coef.   Std. Err.      t    P>|t|     [95% Conf. Interval]
-------------+----------------------------------------------------------------
 ln_gaci_max |   1.458914   .7387341     1.97   0.050     .0001917    2.917637
       lnpop |   .6783582   .1365063     4.97   0.000     .4088094    .9479069
------------------------------------------------------------------------------
Underidentification test (Kleibergen-Paap rk LM statistic):              9.739
                                                   Chi-sq(1) P-val =    0.0018
------------------------------------------------------------------------------
Weak identification test (Cragg-Donald Wald F statistic):              137.742
                         (Kleibergen-Paap rk Wald F statistic):         10.634
Stock-Yogo weak ID test critical values: 10% maximal IV size             16.38
                                         15% maximal IV size              8.96
                                         20% maximal IV size              6.66
                                         25% maximal IV size              5.53
Source: Stock-Yogo (2005).  Reproduced by permission.
NB: Critical values are for Cragg-Donald F statistic and i.i.d. errors.
------------------------------------------------------------------------------
Hansen J statistic (overidentification test of all instruments):         0.000
                                                 (equation exactly identified)
------------------------------------------------------------------------------
Instrumented:         ln_gaci_max
Included instruments: lnpop
Excluded instruments: feyrer_int
Partialled-out:       _cons
                      nb: total SS, model F and R2s are after partialling-out;
                          any small-sample adjustments include partialled-out
                          variables in regressor count K
------------------------------------------------------------------------------

Absorbed degrees of freedom:
-----------------------------------------------------+
 Absorbed FE | Categories  - Redundant  = Num. Coefs |
-------------+---------------------------------------|
     isocode |       164         164           0    *|
           y |        28           1          27     |
-----------------------------------------------------+
* = FE nested within cluster; treated as redundant for DoF computation
(dropped 2 singleton observations)
(MWFE estimator converged in 6 iterations)

HDFE Linear regression                            Number of obs   =      3,714
Absorbing 2 HDFE groups                           F(   2,   3522) =     207.91
                                                  Prob > F        =     0.0000
                                                  R-squared       =     0.9974
                                                  Adj R-squared   =     0.9973
                                                  Within R-sq.    =     0.1881
                                                  Root MSE        =     0.1375

------------------------------------------------------------------------------
             |               Robust
ln_avg_all~d |      Coef.   Std. Err.      t    P>|t|     [95% Conf. Interval]
-------------+----------------------------------------------------------------
 ln_gaci_max |   .6675849   .0434833    15.35   0.000     .5823298      .75284
       lnpop |   -.382071   .0307541   -12.42   0.000    -.4423687   -.3217733
       _cons |   18.62808   .4958344    37.57   0.000     17.65593    19.60023
------------------------------------------------------------------------------

Absorbed degrees of freedom:
-----------------------------------------------------+
 Absorbed FE | Categories  - Redundant  = Num. Coefs |
-------------+---------------------------------------|
     isocode |       163           0         163     |
           y |        28           1          27     |
-----------------------------------------------------+
(dropped 2 singleton observations)
(MWFE estimator converged in 6 iterations)

IV (2SLS) estimation
--------------------

Estimates efficient for homoskedasticity only
Statistics robust to heteroskedasticity

                                                      Number of obs =     3714
                                                      F(  2,  3522) =    94.30
                                                      Prob > F      =   0.0000
Total (centered) SS     =  81.98739539                Centered R2   =   0.0953
Total (uncentered) SS   =  81.98739539                Uncentered R2 =   0.0953
Residual SS             =  74.17469002                Root MSE      =    .1451

------------------------------------------------------------------------------
             |               Robust
ln_avg_all~d |      Coef.   Std. Err.      t    P>|t|     [95% Conf. Interval]
-------------+----------------------------------------------------------------
 ln_gaci_max |   1.218595   .1725395     7.06   0.000     .8803075    1.556882
       lnpop |   -.384593   .0362682   -10.60   0.000    -.4557019   -.3134842
------------------------------------------------------------------------------
Underidentification test (Kleibergen-Paap rk LM statistic):             93.629
                                                   Chi-sq(1) P-val =    0.0000
------------------------------------------------------------------------------
Weak identification test (Cragg-Donald Wald F statistic):              129.522
                         (Kleibergen-Paap rk Wald F statistic):         97.434
Stock-Yogo weak ID test critical values: 10% maximal IV size             16.38
                                         15% maximal IV size              8.96
                                         20% maximal IV size              6.66
                                         25% maximal IV size              5.53
Source: Stock-Yogo (2005).  Reproduced by permission.
NB: Critical values are for Cragg-Donald F statistic and i.i.d. errors.
------------------------------------------------------------------------------
Hansen J statistic (overidentification test of all instruments):         0.000
                                                 (equation exactly identified)
------------------------------------------------------------------------------
Instrumented:         ln_gaci_max
Included instruments: lnpop
Excluded instruments: feyrer_int
Partialled-out:       _cons
                      nb: total SS, model F and R2s are after partialling-out;
                          any small-sample adjustments include partialled-out
                          variables in regressor count K
------------------------------------------------------------------------------

Absorbed degrees of freedom:
-----------------------------------------------------+
 Absorbed FE | Categories  - Redundant  = Num. Coefs |
-------------+---------------------------------------|
     isocode |       163           0         163     |
           y |        28           1          27     |
-----------------------------------------------------+
(dropped 2 singleton observations)
(MWFE estimator converged in 6 iterations)

IV (2SLS) estimation
--------------------

Estimates efficient for homoskedasticity only
Statistics robust to heteroskedasticity and clustering on isocode

Number of clusters (isocode) =     163                Number of obs =     3714
                                                      F(  2,   162) =    10.48
                                                      Prob > F      =   0.0001
Total (centered) SS     =  81.98739539                Centered R2   =   0.0953
Total (uncentered) SS   =  81.98739539                Uncentered R2 =   0.0953
Residual SS             =  74.17469002                Root MSE      =    .1419

------------------------------------------------------------------------------
             |               Robust
ln_avg_all~d |      Coef.   Std. Err.      t    P>|t|     [95% Conf. Interval]
-------------+----------------------------------------------------------------
 ln_gaci_max |   1.218595   .4907802     2.48   0.014     .2494434    2.187746
       lnpop |   -.384593   .1191702    -3.23   0.002    -.6199204   -.1492657
------------------------------------------------------------------------------
Underidentification test (Kleibergen-Paap rk LM statistic):              9.639
                                                   Chi-sq(1) P-val =    0.0019
------------------------------------------------------------------------------
Weak identification test (Cragg-Donald Wald F statistic):              135.516
                         (Kleibergen-Paap rk Wald F statistic):         10.532
Stock-Yogo weak ID test critical values: 10% maximal IV size             16.38
                                         15% maximal IV size              8.96
                                         20% maximal IV size              6.66
                                         25% maximal IV size              5.53
Source: Stock-Yogo (2005).  Reproduced by permission.
NB: Critical values are for Cragg-Donald F statistic and i.i.d. errors.
------------------------------------------------------------------------------
Hansen J statistic (overidentification test of all instruments):         0.000
                                                 (equation exactly identified)
------------------------------------------------------------------------------
Instrumented:         ln_gaci_max
Included instruments: lnpop
Excluded instruments: feyrer_int
Partialled-out:       _cons
                      nb: total SS, model F and R2s are after partialling-out;
                          any small-sample adjustments include partialled-out
                          variables in regressor count K
------------------------------------------------------------------------------

Absorbed degrees of freedom:
-----------------------------------------------------+
 Absorbed FE | Categories  - Redundant  = Num. Coefs |
-------------+---------------------------------------|
     isocode |       163         163           0    *|
           y |        28           1          27     |
-----------------------------------------------------+
* = FE nested within cluster; treated as redundant for DoF computation
(dropped 2 singleton observations)
(MWFE estimator converged in 6 iterations)

HDFE Linear regression                            Number of obs   =      3,714
Absorbing 2 HDFE groups                           F(   2,   3522) =      99.38
                                                  Prob > F        =     0.0000
                                                  R-squared       =     0.9963
                                                  Adj R-squared   =     0.9961
                                                  Within R-sq.    =     0.1031
                                                  Root MSE        =     0.1613

------------------------------------------------------------------------------
             |               Robust
ln_avg_bot~d |      Coef.   Std. Err.      t    P>|t|     [95% Conf. Interval]
-------------+----------------------------------------------------------------
 ln_gaci_max |   .5856271   .0507158    11.55   0.000     .4861918    .6850624
       lnpop |   -.258609   .0360722    -7.17   0.000    -.3293335   -.1878845
       _cons |   15.39678   .5816011    26.47   0.000     14.25647    16.53709
------------------------------------------------------------------------------

Absorbed degrees of freedom:
-----------------------------------------------------+
 Absorbed FE | Categories  - Redundant  = Num. Coefs |
-------------+---------------------------------------|
     isocode |       163           0         163     |
           y |        28           1          27     |
-----------------------------------------------------+
(dropped 2 singleton observations)
(MWFE estimator converged in 6 iterations)

IV (2SLS) estimation
--------------------

Estimates efficient for homoskedasticity only
Statistics robust to heteroskedasticity

                                                      Number of obs =     3714
                                                      F(  2,  3522) =    29.94
                                                      Prob > F      =   0.0000
Total (centered) SS     =  102.1602929                Centered R2   =   0.0982
Total (uncentered) SS   =  102.1602929                Uncentered R2 =   0.0982
Residual SS             =  92.12625058                Root MSE      =    .1617

------------------------------------------------------------------------------
             |               Robust
ln_avg_bot~d |      Coef.   Std. Err.      t    P>|t|     [95% Conf. Interval]
-------------+----------------------------------------------------------------
 ln_gaci_max |   .4446492   .2004233     2.22   0.027     .0516917    .8376066
       lnpop |  -.2579637   .0351977    -7.33   0.000    -.3269736   -.1889539
------------------------------------------------------------------------------
Underidentification test (Kleibergen-Paap rk LM statistic):             93.629
                                                   Chi-sq(1) P-val =    0.0000
------------------------------------------------------------------------------
Weak identification test (Cragg-Donald Wald F statistic):              129.522
                         (Kleibergen-Paap rk Wald F statistic):         97.434
Stock-Yogo weak ID test critical values: 10% maximal IV size             16.38
                                         15% maximal IV size              8.96
                                         20% maximal IV size              6.66
                                         25% maximal IV size              5.53
Source: Stock-Yogo (2005).  Reproduced by permission.
NB: Critical values are for Cragg-Donald F statistic and i.i.d. errors.
------------------------------------------------------------------------------
Hansen J statistic (overidentification test of all instruments):         0.000
                                                 (equation exactly identified)
------------------------------------------------------------------------------
Instrumented:         ln_gaci_max
Included instruments: lnpop
Excluded instruments: feyrer_int
Partialled-out:       _cons
                      nb: total SS, model F and R2s are after partialling-out;
                          any small-sample adjustments include partialled-out
                          variables in regressor count K
------------------------------------------------------------------------------

Absorbed degrees of freedom:
-----------------------------------------------------+
 Absorbed FE | Categories  - Redundant  = Num. Coefs |
-------------+---------------------------------------|
     isocode |       163           0         163     |
           y |        28           1          27     |
-----------------------------------------------------+
(dropped 2 singleton observations)
(MWFE estimator converged in 6 iterations)

IV (2SLS) estimation
--------------------

Estimates efficient for homoskedasticity only
Statistics robust to heteroskedasticity and clustering on isocode

Number of clusters (isocode) =     163                Number of obs =     3714
                                                      F(  2,   162) =     3.04
                                                      Prob > F      =   0.0507
Total (centered) SS     =  102.1602929                Centered R2   =   0.0982
Total (uncentered) SS   =  102.1602929                Uncentered R2 =   0.0982
Residual SS             =  92.12625058                Root MSE      =    .1581

------------------------------------------------------------------------------
             |               Robust
ln_avg_bot~d |      Coef.   Std. Err.      t    P>|t|     [95% Conf. Interval]
-------------+----------------------------------------------------------------
 ln_gaci_max |   .4446492   .5930264     0.75   0.454    -.7264093    1.615708
       lnpop |  -.2579637   .1111984    -2.32   0.022     -.477549   -.0383785
------------------------------------------------------------------------------
Underidentification test (Kleibergen-Paap rk LM statistic):              9.639
                                                   Chi-sq(1) P-val =    0.0019
------------------------------------------------------------------------------
Weak identification test (Cragg-Donald Wald F statistic):              135.516
                         (Kleibergen-Paap rk Wald F statistic):         10.532
Stock-Yogo weak ID test critical values: 10% maximal IV size             16.38
                                         15% maximal IV size              8.96
                                         20% maximal IV size              6.66
                                         25% maximal IV size              5.53
Source: Stock-Yogo (2005).  Reproduced by permission.
NB: Critical values are for Cragg-Donald F statistic and i.i.d. errors.
------------------------------------------------------------------------------
Hansen J statistic (overidentification test of all instruments):         0.000
                                                 (equation exactly identified)
------------------------------------------------------------------------------
Instrumented:         ln_gaci_max
Included instruments: lnpop
Excluded instruments: feyrer_int
Partialled-out:       _cons
                      nb: total SS, model F and R2s are after partialling-out;
                          any small-sample adjustments include partialled-out
                          variables in regressor count K
------------------------------------------------------------------------------

Absorbed degrees of freedom:
-----------------------------------------------------+
 Absorbed FE | Categories  - Redundant  = Num. Coefs |
-------------+---------------------------------------|
     isocode |       163         163           0    *|
           y |        28           1          27     |
-----------------------------------------------------+
* = FE nested within cluster; treated as redundant for DoF computation
(dropped 2 singleton observations)
(MWFE estimator converged in 6 iterations)

HDFE Linear regression                            Number of obs   =      3,714
Absorbing 2 HDFE groups                           F(   2,   3522) =     296.99
                                                  Prob > F        =     0.0000
                                                  R-squared       =     0.9971
                                                  Adj R-squared   =     0.9970
                                                  Within R-sq.    =     0.2131
                                                  Root MSE        =     0.1480

------------------------------------------------------------------------------
             |               Robust
ln_avg_top~d |      Coef.   Std. Err.      t    P>|t|     [95% Conf. Interval]
-------------+----------------------------------------------------------------
 ln_gaci_max |   .7467752   .0421077    17.73   0.000     .6642173    .8293331
       lnpop |  -.4865183   .0306487   -15.87   0.000    -.5466094   -.4264272
       _cons |   21.78499   .4940455    44.10   0.000     20.81635    22.75364
------------------------------------------------------------------------------

Absorbed degrees of freedom:
-----------------------------------------------------+
 Absorbed FE | Categories  - Redundant  = Num. Coefs |
-------------+---------------------------------------|
     isocode |       163           0         163     |
           y |        28           1          27     |
-----------------------------------------------------+
(dropped 2 singleton observations)
(MWFE estimator converged in 6 iterations)

IV (2SLS) estimation
--------------------

Estimates efficient for homoskedasticity only
Statistics robust to heteroskedasticity

                                                      Number of obs =     3714
                                                      F(  2,  3522) =   137.76
                                                      Prob > F      =   0.0000
Total (centered) SS     =  97.98314594                Centered R2   =   0.0893
Total (uncentered) SS   =  97.98314594                Uncentered R2 =   0.0893
Residual SS             =  89.23252105                Root MSE      =    .1592

------------------------------------------------------------------------------
             |               Robust
ln_avg_top~d |      Coef.   Std. Err.      t    P>|t|     [95% Conf. Interval]
-------------+----------------------------------------------------------------
 ln_gaci_max |   1.442642   .1841843     7.83   0.000     1.081523    1.803761
       lnpop |  -.4897034   .0369932   -13.24   0.000    -.5622337   -.4171731
------------------------------------------------------------------------------
Underidentification test (Kleibergen-Paap rk LM statistic):             93.629
                                                   Chi-sq(1) P-val =    0.0000
------------------------------------------------------------------------------
Weak identification test (Cragg-Donald Wald F statistic):              129.522
                         (Kleibergen-Paap rk Wald F statistic):         97.434
Stock-Yogo weak ID test critical values: 10% maximal IV size             16.38
                                         15% maximal IV size              8.96
                                         20% maximal IV size              6.66
                                         25% maximal IV size              5.53
Source: Stock-Yogo (2005).  Reproduced by permission.
NB: Critical values are for Cragg-Donald F statistic and i.i.d. errors.
------------------------------------------------------------------------------
Hansen J statistic (overidentification test of all instruments):         0.000
                                                 (equation exactly identified)
------------------------------------------------------------------------------
Instrumented:         ln_gaci_max
Included instruments: lnpop
Excluded instruments: feyrer_int
Partialled-out:       _cons
                      nb: total SS, model F and R2s are after partialling-out;
                          any small-sample adjustments include partialled-out
                          variables in regressor count K
------------------------------------------------------------------------------

Absorbed degrees of freedom:
-----------------------------------------------------+
 Absorbed FE | Categories  - Redundant  = Num. Coefs |
-------------+---------------------------------------|
     isocode |       163           0         163     |
           y |        28           1          27     |
-----------------------------------------------------+
(dropped 2 singleton observations)
(MWFE estimator converged in 6 iterations)

IV (2SLS) estimation
--------------------

Estimates efficient for homoskedasticity only
Statistics robust to heteroskedasticity and clustering on isocode

Number of clusters (isocode) =     163                Number of obs =     3714
                                                      F(  2,   162) =    16.10
                                                      Prob > F      =   0.0000
Total (centered) SS     =  97.98314594                Centered R2   =   0.0893
Total (uncentered) SS   =  97.98314594                Uncentered R2 =   0.0893
Residual SS             =  89.23252105                Root MSE      =    .1556

------------------------------------------------------------------------------
             |               Robust
ln_avg_top~d |      Coef.   Std. Err.      t    P>|t|     [95% Conf. Interval]
-------------+----------------------------------------------------------------
 ln_gaci_max |   1.442642   .5130157     2.81   0.006     .4295819    2.455702
       lnpop |  -.4897034   .1189497    -4.12   0.000    -.7245953   -.2548116
------------------------------------------------------------------------------
Underidentification test (Kleibergen-Paap rk LM statistic):              9.639
                                                   Chi-sq(1) P-val =    0.0019
------------------------------------------------------------------------------
Weak identification test (Cragg-Donald Wald F statistic):              135.516
                         (Kleibergen-Paap rk Wald F statistic):         10.532
Stock-Yogo weak ID test critical values: 10% maximal IV size             16.38
                                         15% maximal IV size              8.96
                                         20% maximal IV size              6.66
                                         25% maximal IV size              5.53
Source: Stock-Yogo (2005).  Reproduced by permission.
NB: Critical values are for Cragg-Donald F statistic and i.i.d. errors.
------------------------------------------------------------------------------
Hansen J statistic (overidentification test of all instruments):         0.000
                                                 (equation exactly identified)
------------------------------------------------------------------------------
Instrumented:         ln_gaci_max
Included instruments: lnpop
Excluded instruments: feyrer_int
Partialled-out:       _cons
                      nb: total SS, model F and R2s are after partialling-out;
                          any small-sample adjustments include partialled-out
                          variables in regressor count K
------------------------------------------------------------------------------

Absorbed degrees of freedom:
-----------------------------------------------------+
 Absorbed FE | Categories  - Redundant  = Num. Coefs |
-------------+---------------------------------------|
     isocode |       163         163           0    *|
           y |        28           1          27     |
-----------------------------------------------------+
* = FE nested within cluster; treated as redundant for DoF computation
(dropped 2 singleton observations)
(MWFE estimator converged in 6 iterations)

HDFE Linear regression                            Number of obs   =      3,714
Absorbing 2 HDFE groups                           F(   2,   3522) =      48.83
                                                  Prob > F        =     0.0000
                                                  R-squared       =     0.9386
                                                  Adj R-squared   =     0.9353
                                                  Within R-sq.    =     0.0326
                                                  Root MSE        =     0.1356

------------------------------------------------------------------------------
             |               Robust
ln_ratio_avg |      Coef.   Std. Err.      t    P>|t|     [95% Conf. Interval]
-------------+----------------------------------------------------------------
 ln_gaci_max |   .1611481   .0341216     4.72   0.000      .094248    .2280482
       lnpop |  -.2279093   .0257256    -8.86   0.000     -.278348   -.1774706
       _cons |   6.388209   .4140147    15.43   0.000     5.576476    7.199942
------------------------------------------------------------------------------

Absorbed degrees of freedom:
-----------------------------------------------------+
 Absorbed FE | Categories  - Redundant  = Num. Coefs |
-------------+---------------------------------------|
     isocode |       163           0         163     |
           y |        28           1          27     |
-----------------------------------------------------+
(dropped 2 singleton observations)
(MWFE estimator converged in 6 iterations)

IV (2SLS) estimation
--------------------

Estimates efficient for homoskedasticity only
Statistics robust to heteroskedasticity

                                                      Number of obs =     3714
                                                      F(  2,  3522) =    50.07
                                                      Prob > F      =   0.0000
Total (centered) SS     =   66.9308618                Centered R2   =  -0.2296
Total (uncentered) SS   =   66.9308618                Uncentered R2 =  -0.2296
Residual SS             =  82.29778587                Root MSE      =    .1529

------------------------------------------------------------------------------
             |               Robust
ln_ratio_avg |      Coef.   Std. Err.      t    P>|t|     [95% Conf. Interval]
-------------+----------------------------------------------------------------
 ln_gaci_max |    .997993   .1890395     5.28   0.000      .627355    1.368631
       lnpop |  -.2317397   .0287323    -8.07   0.000    -.2880733   -.1754061
------------------------------------------------------------------------------
Underidentification test (Kleibergen-Paap rk LM statistic):             93.629
                                                   Chi-sq(1) P-val =    0.0000
------------------------------------------------------------------------------
Weak identification test (Cragg-Donald Wald F statistic):              129.522
                         (Kleibergen-Paap rk Wald F statistic):         97.434
Stock-Yogo weak ID test critical values: 10% maximal IV size             16.38
                                         15% maximal IV size              8.96
                                         20% maximal IV size              6.66
                                         25% maximal IV size              5.53
Source: Stock-Yogo (2005).  Reproduced by permission.
NB: Critical values are for Cragg-Donald F statistic and i.i.d. errors.
------------------------------------------------------------------------------
Hansen J statistic (overidentification test of all instruments):         0.000
                                                 (equation exactly identified)
------------------------------------------------------------------------------
Instrumented:         ln_gaci_max
Included instruments: lnpop
Excluded instruments: feyrer_int
Partialled-out:       _cons
                      nb: total SS, model F and R2s are after partialling-out;
                          any small-sample adjustments include partialled-out
                          variables in regressor count K
------------------------------------------------------------------------------

Absorbed degrees of freedom:
-----------------------------------------------------+
 Absorbed FE | Categories  - Redundant  = Num. Coefs |
-------------+---------------------------------------|
     isocode |       163           0         163     |
           y |        28           1          27     |
-----------------------------------------------------+
(dropped 2 singleton observations)
(MWFE estimator converged in 6 iterations)

IV (2SLS) estimation
--------------------

Estimates efficient for homoskedasticity only
Statistics robust to heteroskedasticity and clustering on isocode

Number of clusters (isocode) =     163                Number of obs =     3714
                                                      F(  2,   162) =     5.75
                                                      Prob > F      =   0.0039
Total (centered) SS     =   66.9308618                Centered R2   =  -0.2296
Total (uncentered) SS   =   66.9308618                Uncentered R2 =  -0.2296
Residual SS             =  82.29778587                Root MSE      =    .1494

------------------------------------------------------------------------------
             |               Robust
ln_ratio_avg |      Coef.   Std. Err.      t    P>|t|     [95% Conf. Interval]
-------------+----------------------------------------------------------------
 ln_gaci_max |    .997993   .5882065     1.70   0.092    -.1635476    2.159534
       lnpop |  -.2317397    .085518    -2.71   0.007    -.4006134    -.062866
------------------------------------------------------------------------------
Underidentification test (Kleibergen-Paap rk LM statistic):              9.639
                                                   Chi-sq(1) P-val =    0.0019
------------------------------------------------------------------------------
Weak identification test (Cragg-Donald Wald F statistic):              135.516
                         (Kleibergen-Paap rk Wald F statistic):         10.532
Stock-Yogo weak ID test critical values: 10% maximal IV size             16.38
                                         15% maximal IV size              8.96
                                         20% maximal IV size              6.66
                                         25% maximal IV size              5.53
Source: Stock-Yogo (2005).  Reproduced by permission.
NB: Critical values are for Cragg-Donald F statistic and i.i.d. errors.
------------------------------------------------------------------------------
Hansen J statistic (overidentification test of all instruments):         0.000
                                                 (equation exactly identified)
------------------------------------------------------------------------------
Instrumented:         ln_gaci_max
Included instruments: lnpop
Excluded instruments: feyrer_int
Partialled-out:       _cons
                      nb: total SS, model F and R2s are after partialling-out;
                          any small-sample adjustments include partialled-out
                          variables in regressor count K
------------------------------------------------------------------------------

Absorbed degrees of freedom:
-----------------------------------------------------+
 Absorbed FE | Categories  - Redundant  = Num. Coefs |
-------------+---------------------------------------|
     isocode |       163         163           0    *|
           y |        28           1          27     |
-----------------------------------------------------+
* = FE nested within cluster; treated as redundant for DoF computation
(dropped 2 singleton observations)
(MWFE estimator converged in 6 iterations)

HDFE Linear regression                            Number of obs   =      3,735
Absorbing 2 HDFE groups                           F(   2,   3542) =     250.62
                                                  Prob > F        =     0.0000
                                                  R-squared       =     0.9922
                                                  Adj R-squared   =     0.9918
                                                  Within R-sq.    =     0.2006
                                                  Root MSE        =     0.1313

------------------------------------------------------------------------------
             |               Robust
    ln_gdppc |      Coef.   Std. Err.      t    P>|t|     [95% Conf. Interval]
-------------+----------------------------------------------------------------
 ln_gaci_cwm |   .7753336   .0434504    17.84   0.000     .6901432     .860524
       lnpop |  -.3570827   .0279595   -12.77   0.000     -.411901   -.3022645
       _cons |   14.29034   .4500495    31.75   0.000     13.40796    15.17272
------------------------------------------------------------------------------

Absorbed degrees of freedom:
-----------------------------------------------------+
 Absorbed FE | Categories  - Redundant  = Num. Coefs |
-------------+---------------------------------------|
     isocode |       164           0         164     |
           y |        28           1          27     |
-----------------------------------------------------+
(dropped 2 singleton observations)
(MWFE estimator converged in 6 iterations)

IV (2SLS) estimation
--------------------

Estimates efficient for homoskedasticity only
Statistics robust to heteroskedasticity

                                                      Number of obs =     3735
                                                      F(  2,  3542) =    94.50
                                                      Prob > F      =   0.0000
Total (centered) SS     =  76.40944276                Centered R2   =   0.0445
Total (uncentered) SS   =  76.40944276                Uncentered R2 =   0.0445
Residual SS             =  73.00560525                Root MSE      =    .1436

------------------------------------------------------------------------------
             |               Robust
    ln_gdppc |      Coef.   Std. Err.      t    P>|t|     [95% Conf. Interval]
-------------+----------------------------------------------------------------
 ln_gaci_cwm |   1.556181   .1935329     8.04   0.000     1.176734    1.935628
       lnpop |  -.3670505   .0354915   -10.34   0.000    -.4366362   -.2974647
------------------------------------------------------------------------------
Underidentification test (Kleibergen-Paap rk LM statistic):             80.148
                                                   Chi-sq(1) P-val =    0.0000
------------------------------------------------------------------------------
Weak identification test (Cragg-Donald Wald F statistic):              116.337
                         (Kleibergen-Paap rk Wald F statistic):         83.167
Stock-Yogo weak ID test critical values: 10% maximal IV size             16.38
                                         15% maximal IV size              8.96
                                         20% maximal IV size              6.66
                                         25% maximal IV size              5.53
Source: Stock-Yogo (2005).  Reproduced by permission.
NB: Critical values are for Cragg-Donald F statistic and i.i.d. errors.
------------------------------------------------------------------------------
Hansen J statistic (overidentification test of all instruments):         0.000
                                                 (equation exactly identified)
------------------------------------------------------------------------------
Instrumented:         ln_gaci_cwm
Included instruments: lnpop
Excluded instruments: feyrer_int
Partialled-out:       _cons
                      nb: total SS, model F and R2s are after partialling-out;
                          any small-sample adjustments include partialled-out
                          variables in regressor count K
------------------------------------------------------------------------------

Absorbed degrees of freedom:
-----------------------------------------------------+
 Absorbed FE | Categories  - Redundant  = Num. Coefs |
-------------+---------------------------------------|
     isocode |       164           0         164     |
           y |        28           1          27     |
-----------------------------------------------------+
(dropped 2 singleton observations)
(MWFE estimator converged in 6 iterations)

IV (2SLS) estimation
--------------------

Estimates efficient for homoskedasticity only
Statistics robust to heteroskedasticity and clustering on isocode

Number of clusters (isocode) =     164                Number of obs =     3735
                                                      F(  2,   163) =    10.20
                                                      Prob > F      =   0.0001
Total (centered) SS     =  76.40944276                Centered R2   =   0.0445
Total (uncentered) SS   =  76.40944276                Uncentered R2 =   0.0445
Residual SS             =  73.00560525                Root MSE      =    .1404

------------------------------------------------------------------------------
             |               Robust
    ln_gdppc |      Coef.   Std. Err.      t    P>|t|     [95% Conf. Interval]
-------------+----------------------------------------------------------------
 ln_gaci_cwm |   1.556181   .5475321     2.84   0.005     .4750104    2.637351
       lnpop |  -.3670505   .1111994    -3.30   0.001    -.5866276   -.1474734
------------------------------------------------------------------------------
Underidentification test (Kleibergen-Paap rk LM statistic):              8.069
                                                   Chi-sq(1) P-val =    0.0045
------------------------------------------------------------------------------
Weak identification test (Cragg-Donald Wald F statistic):              121.723
                         (Kleibergen-Paap rk Wald F statistic):          8.776
Stock-Yogo weak ID test critical values: 10% maximal IV size             16.38
                                         15% maximal IV size              8.96
                                         20% maximal IV size              6.66
                                         25% maximal IV size              5.53
Source: Stock-Yogo (2005).  Reproduced by permission.
NB: Critical values are for Cragg-Donald F statistic and i.i.d. errors.
------------------------------------------------------------------------------
Hansen J statistic (overidentification test of all instruments):         0.000
                                                 (equation exactly identified)
------------------------------------------------------------------------------
Instrumented:         ln_gaci_cwm
Included instruments: lnpop
Excluded instruments: feyrer_int
Partialled-out:       _cons
                      nb: total SS, model F and R2s are after partialling-out;
                          any small-sample adjustments include partialled-out
                          variables in regressor count K
------------------------------------------------------------------------------

Absorbed degrees of freedom:
-----------------------------------------------------+
 Absorbed FE | Categories  - Redundant  = Num. Coefs |
-------------+---------------------------------------|
     isocode |       164         164           0    *|
           y |        28           1          27     |
-----------------------------------------------------+
* = FE nested within cluster; treated as redundant for DoF computation
(dropped 2 singleton observations)
(MWFE estimator converged in 6 iterations)

HDFE Linear regression                            Number of obs   =      3,735
Absorbing 2 HDFE groups                           F(   2,   3542) =     204.38
                                                  Prob > F        =     0.0000
                                                  R-squared       =     0.9898
                                                  Adj R-squared   =     0.9893
                                                  Within R-sq.    =     0.1458
                                                  Root MSE        =     0.2347

------------------------------------------------------------------------------
             |               Robust
       lngdp |      Coef.   Std. Err.      t    P>|t|     [95% Conf. Interval]
-------------+----------------------------------------------------------------
 ln_gaci_cwm |   .9970715   .0683451    14.59   0.000     .8630718    1.131071
       lnpop |   .6713418   .0478922    14.02   0.000     .5774427    .7652409
       _cons |    13.6543   .7706336    17.72   0.000     12.14337    15.16523
------------------------------------------------------------------------------

Absorbed degrees of freedom:
-----------------------------------------------------+
 Absorbed FE | Categories  - Redundant  = Num. Coefs |
-------------+---------------------------------------|
     isocode |       164           0         164     |
           y |        28           1          27     |
-----------------------------------------------------+
(dropped 2 singleton observations)
(MWFE estimator converged in 6 iterations)

IV (2SLS) estimation
--------------------

Estimates efficient for homoskedasticity only
Statistics robust to heteroskedasticity

                                                      Number of obs =     3735
                                                      F(  2,  3542) =   107.90
                                                      Prob > F      =   0.0000
Total (centered) SS     =  228.4391679                Centered R2   =   0.0967
Total (uncentered) SS   =  228.4391679                Uncentered R2 =   0.0967
Residual SS             =  206.3473126                Root MSE      =    .2414

------------------------------------------------------------------------------
             |               Robust
       lngdp |      Coef.   Std. Err.      t    P>|t|     [95% Conf. Interval]
-------------+----------------------------------------------------------------
 ln_gaci_cwm |   1.754303   .3311779     5.30   0.000     1.104984    2.403622
       lnpop |   .6616755   .0502506    13.17   0.000     .5631525    .7601985
------------------------------------------------------------------------------
Underidentification test (Kleibergen-Paap rk LM statistic):             80.148
                                                   Chi-sq(1) P-val =    0.0000
------------------------------------------------------------------------------
Weak identification test (Cragg-Donald Wald F statistic):              116.337
                         (Kleibergen-Paap rk Wald F statistic):         83.167
Stock-Yogo weak ID test critical values: 10% maximal IV size             16.38
                                         15% maximal IV size              8.96
                                         20% maximal IV size              6.66
                                         25% maximal IV size              5.53
Source: Stock-Yogo (2005).  Reproduced by permission.
NB: Critical values are for Cragg-Donald F statistic and i.i.d. errors.
------------------------------------------------------------------------------
Hansen J statistic (overidentification test of all instruments):         0.000
                                                 (equation exactly identified)
------------------------------------------------------------------------------
Instrumented:         ln_gaci_cwm
Included instruments: lnpop
Excluded instruments: feyrer_int
Partialled-out:       _cons
                      nb: total SS, model F and R2s are after partialling-out;
                          any small-sample adjustments include partialled-out
                          variables in regressor count K
------------------------------------------------------------------------------

Absorbed degrees of freedom:
-----------------------------------------------------+
 Absorbed FE | Categories  - Redundant  = Num. Coefs |
-------------+---------------------------------------|
     isocode |       164           0         164     |
           y |        28           1          27     |
-----------------------------------------------------+
(dropped 2 singleton observations)
(MWFE estimator converged in 6 iterations)

IV (2SLS) estimation
--------------------

Estimates efficient for homoskedasticity only
Statistics robust to heteroskedasticity and clustering on isocode

Number of clusters (isocode) =     164                Number of obs =     3735
                                                      F(  2,   163) =    15.21
                                                      Prob > F      =   0.0000
Total (centered) SS     =  228.4391679                Centered R2   =   0.0967
Total (uncentered) SS   =  228.4391679                Uncentered R2 =   0.0967
Residual SS             =  206.3473126                Root MSE      =     .236

------------------------------------------------------------------------------
             |               Robust
       lngdp |      Coef.   Std. Err.      t    P>|t|     [95% Conf. Interval]
-------------+----------------------------------------------------------------
 ln_gaci_cwm |   1.754303    .921358     1.90   0.059    -.0650333    3.573639
       lnpop |   .6616755   .1437216     4.60   0.000     .3778793    .9454717
------------------------------------------------------------------------------
Underidentification test (Kleibergen-Paap rk LM statistic):              8.069
                                                   Chi-sq(1) P-val =    0.0045
------------------------------------------------------------------------------
Weak identification test (Cragg-Donald Wald F statistic):              121.723
                         (Kleibergen-Paap rk Wald F statistic):          8.776
Stock-Yogo weak ID test critical values: 10% maximal IV size             16.38
                                         15% maximal IV size              8.96
                                         20% maximal IV size              6.66
                                         25% maximal IV size              5.53
Source: Stock-Yogo (2005).  Reproduced by permission.
NB: Critical values are for Cragg-Donald F statistic and i.i.d. errors.
------------------------------------------------------------------------------
Hansen J statistic (overidentification test of all instruments):         0.000
                                                 (equation exactly identified)
------------------------------------------------------------------------------
Instrumented:         ln_gaci_cwm
Included instruments: lnpop
Excluded instruments: feyrer_int
Partialled-out:       _cons
                      nb: total SS, model F and R2s are after partialling-out;
                          any small-sample adjustments include partialled-out
                          variables in regressor count K
------------------------------------------------------------------------------

Absorbed degrees of freedom:
-----------------------------------------------------+
 Absorbed FE | Categories  - Redundant  = Num. Coefs |
-------------+---------------------------------------|
     isocode |       164         164           0    *|
           y |        28           1          27     |
-----------------------------------------------------+
* = FE nested within cluster; treated as redundant for DoF computation
(dropped 2 singleton observations)
(MWFE estimator converged in 6 iterations)

HDFE Linear regression                            Number of obs   =      3,714
Absorbing 2 HDFE groups                           F(   2,   3522) =     224.89
                                                  Prob > F        =     0.0000
                                                  R-squared       =     0.9973
                                                  Adj R-squared   =     0.9972
                                                  Within R-sq.    =     0.1714
                                                  Root MSE        =     0.1389

------------------------------------------------------------------------------
             |               Robust
ln_avg_all~d |      Coef.   Std. Err.      t    P>|t|     [95% Conf. Interval]
-------------+----------------------------------------------------------------
 ln_gaci_cwm |   .7084848   .0441811    16.04   0.000     .6218616     .795108
       lnpop |  -.3883718   .0310561   -12.51   0.000    -.4492615   -.3274821
       _cons |   18.81166   .5003501    37.60   0.000     17.83065    19.79266
------------------------------------------------------------------------------

Absorbed degrees of freedom:
-----------------------------------------------------+
 Absorbed FE | Categories  - Redundant  = Num. Coefs |
-------------+---------------------------------------|
     isocode |       163           0         163     |
           y |        28           1          27     |
-----------------------------------------------------+
(dropped 2 singleton observations)
(MWFE estimator converged in 6 iterations)

IV (2SLS) estimation
--------------------

Estimates efficient for homoskedasticity only
Statistics robust to heteroskedasticity

                                                      Number of obs =     3714
                                                      F(  2,  3522) =    87.36
                                                      Prob > F      =   0.0000
Total (centered) SS     =  81.98739539                Centered R2   =   0.0362
Total (uncentered) SS   =  81.98739539                Uncentered R2 =   0.0362
Residual SS             =  79.01541618                Root MSE      =    .1498

------------------------------------------------------------------------------
             |               Robust
ln_avg_all~d |      Coef.   Std. Err.      t    P>|t|     [95% Conf. Interval]
-------------+----------------------------------------------------------------
 ln_gaci_cwm |   1.461861   .2144239     6.82   0.000     1.041454    1.882269
       lnpop |  -.3983212   .0392804   -10.14   0.000    -.4753358   -.3213066
------------------------------------------------------------------------------
Underidentification test (Kleibergen-Paap rk LM statistic):             79.646
                                                   Chi-sq(1) P-val =    0.0000
------------------------------------------------------------------------------
Weak identification test (Cragg-Donald Wald F statistic):              115.006
                         (Kleibergen-Paap rk Wald F statistic):         82.658
Stock-Yogo weak ID test critical values: 10% maximal IV size             16.38
                                         15% maximal IV size              8.96
                                         20% maximal IV size              6.66
                                         25% maximal IV size              5.53
Source: Stock-Yogo (2005).  Reproduced by permission.
NB: Critical values are for Cragg-Donald F statistic and i.i.d. errors.
------------------------------------------------------------------------------
Hansen J statistic (overidentification test of all instruments):         0.000
                                                 (equation exactly identified)
------------------------------------------------------------------------------
Instrumented:         ln_gaci_cwm
Included instruments: lnpop
Excluded instruments: feyrer_int
Partialled-out:       _cons
                      nb: total SS, model F and R2s are after partialling-out;
                          any small-sample adjustments include partialled-out
                          variables in regressor count K
------------------------------------------------------------------------------

Absorbed degrees of freedom:
-----------------------------------------------------+
 Absorbed FE | Categories  - Redundant  = Num. Coefs |
-------------+---------------------------------------|
     isocode |       163           0         163     |
           y |        28           1          27     |
-----------------------------------------------------+
(dropped 2 singleton observations)
(MWFE estimator converged in 6 iterations)

IV (2SLS) estimation
--------------------

Estimates efficient for homoskedasticity only
Statistics robust to heteroskedasticity and clustering on isocode

Number of clusters (isocode) =     163                Number of obs =     3714
                                                      F(  2,   162) =     9.51
                                                      Prob > F      =   0.0001
Total (centered) SS     =  81.98739539                Centered R2   =   0.0362
Total (uncentered) SS   =  81.98739539                Uncentered R2 =   0.0362
Residual SS             =  79.01541618                Root MSE      =    .1464

------------------------------------------------------------------------------
             |               Robust
ln_avg_all~d |      Coef.   Std. Err.      t    P>|t|     [95% Conf. Interval]
-------------+----------------------------------------------------------------
 ln_gaci_cwm |   1.461861   .6111206     2.39   0.018     .2550718    2.668651
       lnpop |  -.3983212   .1315402    -3.03   0.003    -.6580757   -.1385667
------------------------------------------------------------------------------
Underidentification test (Kleibergen-Paap rk LM statistic):              8.023
                                                   Chi-sq(1) P-val =    0.0046
------------------------------------------------------------------------------
Weak identification test (Cragg-Donald Wald F statistic):              120.328
                         (Kleibergen-Paap rk Wald F statistic):          8.728
Stock-Yogo weak ID test critical values: 10% maximal IV size             16.38
                                         15% maximal IV size              8.96
                                         20% maximal IV size              6.66
                                         25% maximal IV size              5.53
Source: Stock-Yogo (2005).  Reproduced by permission.
NB: Critical values are for Cragg-Donald F statistic and i.i.d. errors.
------------------------------------------------------------------------------
Hansen J statistic (overidentification test of all instruments):         0.000
                                                 (equation exactly identified)
------------------------------------------------------------------------------
Instrumented:         ln_gaci_cwm
Included instruments: lnpop
Excluded instruments: feyrer_int
Partialled-out:       _cons
                      nb: total SS, model F and R2s are after partialling-out;
                          any small-sample adjustments include partialled-out
                          variables in regressor count K
------------------------------------------------------------------------------

Absorbed degrees of freedom:
-----------------------------------------------------+
 Absorbed FE | Categories  - Redundant  = Num. Coefs |
-------------+---------------------------------------|
     isocode |       163         163           0    *|
           y |        28           1          27     |
-----------------------------------------------------+
* = FE nested within cluster; treated as redundant for DoF computation
(dropped 2 singleton observations)
(MWFE estimator converged in 6 iterations)

HDFE Linear regression                            Number of obs   =      3,714
Absorbing 2 HDFE groups                           F(   2,   3522) =     122.84
                                                  Prob > F        =     0.0000
                                                  R-squared       =     0.9963
                                                  Adj R-squared   =     0.9961
                                                  Within R-sq.    =     0.1013
                                                  Root MSE        =     0.1615

------------------------------------------------------------------------------
             |               Robust
ln_avg_bot~d |      Coef.   Std. Err.      t    P>|t|     [95% Conf. Interval]
-------------+----------------------------------------------------------------
 ln_gaci_cwm |   .6560142    .050116    13.09   0.000     .5577548    .7542735
       lnpop |  -.2645921   .0364801    -7.25   0.000    -.3361163   -.1930678
       _cons |   15.56302   .5876826    26.48   0.000     14.41079    16.71526
------------------------------------------------------------------------------

Absorbed degrees of freedom:
-----------------------------------------------------+
 Absorbed FE | Categories  - Redundant  = Num. Coefs |
-------------+---------------------------------------|
     isocode |       163           0         163     |
           y |        28           1          27     |
-----------------------------------------------------+
(dropped 2 singleton observations)
(MWFE estimator converged in 6 iterations)

IV (2SLS) estimation
--------------------

Estimates efficient for homoskedasticity only
Statistics robust to heteroskedasticity

                                                      Number of obs =     3714
                                                      F(  2,  3522) =    29.49
                                                      Prob > F      =   0.0000
Total (centered) SS     =  102.1602929                Centered R2   =   0.0984
Total (uncentered) SS   =  102.1602929                Uncentered R2 =   0.0984
Residual SS             =  92.11002471                Root MSE      =    .1617

------------------------------------------------------------------------------
             |               Robust
ln_avg_bot~d |      Coef.   Std. Err.      t    P>|t|     [95% Conf. Interval]
-------------+----------------------------------------------------------------
 ln_gaci_cwm |   .5334139   .2412095     2.21   0.027     .0604894    1.006338
       lnpop |   -.262973   .0356066    -7.39   0.000    -.3327846   -.1931613
------------------------------------------------------------------------------
Underidentification test (Kleibergen-Paap rk LM statistic):             79.646
                                                   Chi-sq(1) P-val =    0.0000
------------------------------------------------------------------------------
Weak identification test (Cragg-Donald Wald F statistic):              115.006
                         (Kleibergen-Paap rk Wald F statistic):         82.658
Stock-Yogo weak ID test critical values: 10% maximal IV size             16.38
                                         15% maximal IV size              8.96
                                         20% maximal IV size              6.66
                                         25% maximal IV size              5.53
Source: Stock-Yogo (2005).  Reproduced by permission.
NB: Critical values are for Cragg-Donald F statistic and i.i.d. errors.
------------------------------------------------------------------------------
Hansen J statistic (overidentification test of all instruments):         0.000
                                                 (equation exactly identified)
------------------------------------------------------------------------------
Instrumented:         ln_gaci_cwm
Included instruments: lnpop
Excluded instruments: feyrer_int
Partialled-out:       _cons
                      nb: total SS, model F and R2s are after partialling-out;
                          any small-sample adjustments include partialled-out
                          variables in regressor count K
------------------------------------------------------------------------------

Absorbed degrees of freedom:
-----------------------------------------------------+
 Absorbed FE | Categories  - Redundant  = Num. Coefs |
-------------+---------------------------------------|
     isocode |       163           0         163     |
           y |        28           1          27     |
-----------------------------------------------------+
(dropped 2 singleton observations)
(MWFE estimator converged in 6 iterations)

IV (2SLS) estimation
--------------------

Estimates efficient for homoskedasticity only
Statistics robust to heteroskedasticity and clustering on isocode

Number of clusters (isocode) =     163                Number of obs =     3714
                                                      F(  2,   162) =     2.95
                                                      Prob > F      =   0.0549
Total (centered) SS     =  102.1602929                Centered R2   =   0.0984
Total (uncentered) SS   =  102.1602929                Uncentered R2 =   0.0984
Residual SS             =  92.11002471                Root MSE      =    .1581

------------------------------------------------------------------------------
             |               Robust
ln_avg_bot~d |      Coef.   Std. Err.      t    P>|t|     [95% Conf. Interval]
-------------+----------------------------------------------------------------
 ln_gaci_cwm |   .5334139   .7148995     0.75   0.457    -.8783094    1.945137
       lnpop |   -.262973    .113397    -2.32   0.022    -.4868999    -.039046
------------------------------------------------------------------------------
Underidentification test (Kleibergen-Paap rk LM statistic):              8.023
                                                   Chi-sq(1) P-val =    0.0046
------------------------------------------------------------------------------
Weak identification test (Cragg-Donald Wald F statistic):              120.328
                         (Kleibergen-Paap rk Wald F statistic):          8.728
Stock-Yogo weak ID test critical values: 10% maximal IV size             16.38
                                         15% maximal IV size              8.96
                                         20% maximal IV size              6.66
                                         25% maximal IV size              5.53
Source: Stock-Yogo (2005).  Reproduced by permission.
NB: Critical values are for Cragg-Donald F statistic and i.i.d. errors.
------------------------------------------------------------------------------
Hansen J statistic (overidentification test of all instruments):         0.000
                                                 (equation exactly identified)
------------------------------------------------------------------------------
Instrumented:         ln_gaci_cwm
Included instruments: lnpop
Excluded instruments: feyrer_int
Partialled-out:       _cons
                      nb: total SS, model F and R2s are after partialling-out;
                          any small-sample adjustments include partialled-out
                          variables in regressor count K
------------------------------------------------------------------------------

Absorbed degrees of freedom:
-----------------------------------------------------+
 Absorbed FE | Categories  - Redundant  = Num. Coefs |
-------------+---------------------------------------|
     isocode |       163         163           0    *|
           y |        28           1          27     |
-----------------------------------------------------+
* = FE nested within cluster; treated as redundant for DoF computation
(dropped 2 singleton observations)
(MWFE estimator converged in 6 iterations)

HDFE Linear regression                            Number of obs   =      3,714
Absorbing 2 HDFE groups                           F(   2,   3522) =     278.91
                                                  Prob > F        =     0.0000
                                                  R-squared       =     0.9970
                                                  Adj R-squared   =     0.9969
                                                  Within R-sq.    =     0.1899
                                                  Root MSE        =     0.1501

------------------------------------------------------------------------------
             |               Robust
ln_avg_top~d |      Coef.   Std. Err.      t    P>|t|     [95% Conf. Interval]
-------------+----------------------------------------------------------------
 ln_gaci_cwm |   .7737781    .045622    16.96   0.000       .68433    .8632263
       lnpop |   -.493319   .0309667   -15.93   0.000    -.5540335   -.4326045
       _cons |   21.98752   .4988224    44.08   0.000     21.00951    22.96553
------------------------------------------------------------------------------

Absorbed degrees of freedom:
-----------------------------------------------------+
 Absorbed FE | Categories  - Redundant  = Num. Coefs |
-------------+---------------------------------------|
     isocode |       163           0         163     |
           y |        28           1          27     |
-----------------------------------------------------+
(dropped 2 singleton observations)
(MWFE estimator converged in 6 iterations)

IV (2SLS) estimation
--------------------

Estimates efficient for homoskedasticity only
Statistics robust to heteroskedasticity

                                                      Number of obs =     3714
                                                      F(  2,  3522) =   123.71
                                                      Prob > F      =   0.0000
Total (centered) SS     =  97.98314594                Centered R2   =   0.0074
Total (uncentered) SS   =  97.98314594                Uncentered R2 =   0.0074
Residual SS             =  97.26014233                Root MSE      =    .1662

------------------------------------------------------------------------------
             |               Robust
ln_avg_top~d |      Coef.   Std. Err.      t    P>|t|     [95% Conf. Interval]
-------------+----------------------------------------------------------------
 ln_gaci_cwm |   1.730635   .2294007     7.54   0.000     1.280863    2.180407
       lnpop |  -.5059556   .0407727   -12.41   0.000    -.5858962    -.426015
------------------------------------------------------------------------------
Underidentification test (Kleibergen-Paap rk LM statistic):             79.646
                                                   Chi-sq(1) P-val =    0.0000
------------------------------------------------------------------------------
Weak identification test (Cragg-Donald Wald F statistic):              115.006
                         (Kleibergen-Paap rk Wald F statistic):         82.658
Stock-Yogo weak ID test critical values: 10% maximal IV size             16.38
                                         15% maximal IV size              8.96
                                         20% maximal IV size              6.66
                                         25% maximal IV size              5.53
Source: Stock-Yogo (2005).  Reproduced by permission.
NB: Critical values are for Cragg-Donald F statistic and i.i.d. errors.
------------------------------------------------------------------------------
Hansen J statistic (overidentification test of all instruments):         0.000
                                                 (equation exactly identified)
------------------------------------------------------------------------------
Instrumented:         ln_gaci_cwm
Included instruments: lnpop
Excluded instruments: feyrer_int
Partialled-out:       _cons
                      nb: total SS, model F and R2s are after partialling-out;
                          any small-sample adjustments include partialled-out
                          variables in regressor count K
------------------------------------------------------------------------------

Absorbed degrees of freedom:
-----------------------------------------------------+
 Absorbed FE | Categories  - Redundant  = Num. Coefs |
-------------+---------------------------------------|
     isocode |       163           0         163     |
           y |        28           1          27     |
-----------------------------------------------------+
(dropped 2 singleton observations)
(MWFE estimator converged in 6 iterations)

IV (2SLS) estimation
--------------------

Estimates efficient for homoskedasticity only
Statistics robust to heteroskedasticity and clustering on isocode

Number of clusters (isocode) =     163                Number of obs =     3714
                                                      F(  2,   162) =    14.24
                                                      Prob > F      =   0.0000
Total (centered) SS     =  97.98314594                Centered R2   =   0.0074
Total (uncentered) SS   =  97.98314594                Uncentered R2 =   0.0074
Residual SS             =  97.26014233                Root MSE      =    .1625

------------------------------------------------------------------------------
             |               Robust
ln_avg_top~d |      Coef.   Std. Err.      t    P>|t|     [95% Conf. Interval]
-------------+----------------------------------------------------------------
 ln_gaci_cwm |   1.730635   .6332456     2.73   0.007     .4801549    2.981115
       lnpop |  -.5059556   .1341221    -3.77   0.000    -.7708087   -.2411025
------------------------------------------------------------------------------
Underidentification test (Kleibergen-Paap rk LM statistic):              8.023
                                                   Chi-sq(1) P-val =    0.0046
------------------------------------------------------------------------------
Weak identification test (Cragg-Donald Wald F statistic):              120.328
                         (Kleibergen-Paap rk Wald F statistic):          8.728
Stock-Yogo weak ID test critical values: 10% maximal IV size             16.38
                                         15% maximal IV size              8.96
                                         20% maximal IV size              6.66
                                         25% maximal IV size              5.53
Source: Stock-Yogo (2005).  Reproduced by permission.
NB: Critical values are for Cragg-Donald F statistic and i.i.d. errors.
------------------------------------------------------------------------------
Hansen J statistic (overidentification test of all instruments):         0.000
                                                 (equation exactly identified)
------------------------------------------------------------------------------
Instrumented:         ln_gaci_cwm
Included instruments: lnpop
Excluded instruments: feyrer_int
Partialled-out:       _cons
                      nb: total SS, model F and R2s are after partialling-out;
                          any small-sample adjustments include partialled-out
                          variables in regressor count K
------------------------------------------------------------------------------

Absorbed degrees of freedom:
-----------------------------------------------------+
 Absorbed FE | Categories  - Redundant  = Num. Coefs |
-------------+---------------------------------------|
     isocode |       163         163           0    *|
           y |        28           1          27     |
-----------------------------------------------------+
* = FE nested within cluster; treated as redundant for DoF computation
(dropped 2 singleton observations)
(MWFE estimator converged in 6 iterations)

HDFE Linear regression                            Number of obs   =      3,714
Absorbing 2 HDFE groups                           F(   2,   3522) =      41.68
                                                  Prob > F        =     0.0000
                                                  R-squared       =     0.9382
                                                  Adj R-squared   =     0.9349
                                                  Within R-sq.    =     0.0269
                                                  Root MSE        =     0.1360

------------------------------------------------------------------------------
             |               Robust
ln_ratio_avg |      Coef.   Std. Err.      t    P>|t|     [95% Conf. Interval]
-------------+----------------------------------------------------------------
 ln_gaci_cwm |   .1177639   .0368763     3.19   0.001     .0454629    .1900649
       lnpop |  -.2287269   .0260987    -8.76   0.000     -.279897   -.1775569
       _cons |   6.424496   .4200535    15.29   0.000     5.600924    7.248069
------------------------------------------------------------------------------

Absorbed degrees of freedom:
-----------------------------------------------------+
 Absorbed FE | Categories  - Redundant  = Num. Coefs |
-------------+---------------------------------------|
     isocode |       163           0         163     |
           y |        28           1          27     |
-----------------------------------------------------+
(dropped 2 singleton observations)
(MWFE estimator converged in 6 iterations)

IV (2SLS) estimation
--------------------

Estimates efficient for homoskedasticity only
Statistics robust to heteroskedasticity

                                                      Number of obs =     3714
                                                      F(  2,  3522) =    45.23
                                                      Prob > F      =   0.0000
Total (centered) SS     =   66.9308618                Centered R2   =  -0.3131
Total (uncentered) SS   =   66.9308618                Uncentered R2 =  -0.3131
Residual SS             =    87.887563                Root MSE      =     .158

------------------------------------------------------------------------------
             |               Robust
ln_ratio_avg |      Coef.   Std. Err.      t    P>|t|     [95% Conf. Interval]
-------------+----------------------------------------------------------------
 ln_gaci_cwm |   1.197221   .2306966     5.19   0.000     .7449086    1.649533
       lnpop |  -.2429826    .031163    -7.80   0.000    -.3040819   -.1818833
------------------------------------------------------------------------------
Underidentification test (Kleibergen-Paap rk LM statistic):             79.646
                                                   Chi-sq(1) P-val =    0.0000
------------------------------------------------------------------------------
Weak identification test (Cragg-Donald Wald F statistic):              115.006
                         (Kleibergen-Paap rk Wald F statistic):         82.658
Stock-Yogo weak ID test critical values: 10% maximal IV size             16.38
                                         15% maximal IV size              8.96
                                         20% maximal IV size              6.66
                                         25% maximal IV size              5.53
Source: Stock-Yogo (2005).  Reproduced by permission.
NB: Critical values are for Cragg-Donald F statistic and i.i.d. errors.
------------------------------------------------------------------------------
Hansen J statistic (overidentification test of all instruments):         0.000
                                                 (equation exactly identified)
------------------------------------------------------------------------------
Instrumented:         ln_gaci_cwm
Included instruments: lnpop
Excluded instruments: feyrer_int
Partialled-out:       _cons
                      nb: total SS, model F and R2s are after partialling-out;
                          any small-sample adjustments include partialled-out
                          variables in regressor count K
------------------------------------------------------------------------------

Absorbed degrees of freedom:
-----------------------------------------------------+
 Absorbed FE | Categories  - Redundant  = Num. Coefs |
-------------+---------------------------------------|
     isocode |       163           0         163     |
           y |        28           1          27     |
-----------------------------------------------------+
(dropped 2 singleton observations)
(MWFE estimator converged in 6 iterations)

IV (2SLS) estimation
--------------------

Estimates efficient for homoskedasticity only
Statistics robust to heteroskedasticity and clustering on isocode

Number of clusters (isocode) =     163                Number of obs =     3714
                                                      F(  2,   162) =     5.04
                                                      Prob > F      =   0.0075
Total (centered) SS     =   66.9308618                Centered R2   =  -0.3131
Total (uncentered) SS   =   66.9308618                Uncentered R2 =  -0.3131
Residual SS             =    87.887563                Root MSE      =    .1544

------------------------------------------------------------------------------
             |               Robust
ln_ratio_avg |      Coef.   Std. Err.      t    P>|t|     [95% Conf. Interval]
-------------+----------------------------------------------------------------
 ln_gaci_cwm |   1.197221   .7086164     1.69   0.093     -.202095    2.596537
       lnpop |  -.2429826   .0946183    -2.57   0.011    -.4298269   -.0561383
------------------------------------------------------------------------------
Underidentification test (Kleibergen-Paap rk LM statistic):              8.023
                                                   Chi-sq(1) P-val =    0.0046
------------------------------------------------------------------------------
Weak identification test (Cragg-Donald Wald F statistic):              120.328
                         (Kleibergen-Paap rk Wald F statistic):          8.728
Stock-Yogo weak ID test critical values: 10% maximal IV size             16.38
                                         15% maximal IV size              8.96
                                         20% maximal IV size              6.66
                                         25% maximal IV size              5.53
Source: Stock-Yogo (2005).  Reproduced by permission.
NB: Critical values are for Cragg-Donald F statistic and i.i.d. errors.
------------------------------------------------------------------------------
Hansen J statistic (overidentification test of all instruments):         0.000
                                                 (equation exactly identified)
------------------------------------------------------------------------------
Instrumented:         ln_gaci_cwm
Included instruments: lnpop
Excluded instruments: feyrer_int
Partialled-out:       _cons
                      nb: total SS, model F and R2s are after partialling-out;
                          any small-sample adjustments include partialled-out
                          variables in regressor count K
------------------------------------------------------------------------------

Absorbed degrees of freedom:
-----------------------------------------------------+
 Absorbed FE | Categories  - Redundant  = Num. Coefs |
-------------+---------------------------------------|
     isocode |       163         163           0    *|
           y |        28           1          27     |
-----------------------------------------------------+
* = FE nested within cluster; treated as redundant for DoF computation
(dropped 2 singleton observations)
(MWFE estimator converged in 6 iterations)

HDFE Linear regression                            Number of obs   =      3,735
Absorbing 2 HDFE groups                           F(   2,   3542) =     212.28
                                                  Prob > F        =     0.0000
                                                  R-squared       =     0.9916
                                                  Adj R-squared   =     0.9911
                                                  Within R-sq.    =     0.1394
                                                  Root MSE        =     0.1363

------------------------------------------------------------------------------
             |               Robust
    ln_gdppc |      Coef.   Std. Err.      t    P>|t|     [95% Conf. Interval]
-------------+----------------------------------------------------------------
 ln_gaci_sum |   .1847675    .011711    15.78   0.000     .1618066    .2077284
       lnpop |  -.3679714   .0293968   -12.52   0.000    -.4256078   -.3103351
       _cons |   14.20045   .4744327    29.93   0.000     13.27026    15.13064
------------------------------------------------------------------------------

Absorbed degrees of freedom:
-----------------------------------------------------+
 Absorbed FE | Categories  - Redundant  = Num. Coefs |
-------------+---------------------------------------|
     isocode |       164           0         164     |
           y |        28           1          27     |
-----------------------------------------------------+
(dropped 2 singleton observations)
(MWFE estimator converged in 6 iterations)

IV (2SLS) estimation
--------------------

Estimates efficient for homoskedasticity only
Statistics robust to heteroskedasticity

                                                      Number of obs =     3735
                                                      F(  2,  3542) =    82.46
                                                      Prob > F      =   0.0000
Total (centered) SS     =  76.40944276                Centered R2   =  -0.1653
Total (uncentered) SS   =  76.40944276                Uncentered R2 =  -0.1653
Residual SS             =  89.03720403                Root MSE      =    .1585

------------------------------------------------------------------------------
             |               Robust
    ln_gdppc |      Coef.   Std. Err.      t    P>|t|     [95% Conf. Interval]
-------------+----------------------------------------------------------------
 ln_gaci_sum |   .5197841   .0670819     7.75   0.000     .3882611    .6513071
       lnpop |  -.4056602   .0346334   -11.71   0.000    -.4735636   -.3377568
------------------------------------------------------------------------------
Underidentification test (Kleibergen-Paap rk LM statistic):            112.097
                                                   Chi-sq(1) P-val =    0.0000
------------------------------------------------------------------------------
Weak identification test (Cragg-Donald Wald F statistic):               97.790
                         (Kleibergen-Paap rk Wald F statistic):        113.432
Stock-Yogo weak ID test critical values: 10% maximal IV size             16.38
                                         15% maximal IV size              8.96
                                         20% maximal IV size              6.66
                                         25% maximal IV size              5.53
Source: Stock-Yogo (2005).  Reproduced by permission.
NB: Critical values are for Cragg-Donald F statistic and i.i.d. errors.
------------------------------------------------------------------------------
Hansen J statistic (overidentification test of all instruments):         0.000
                                                 (equation exactly identified)
------------------------------------------------------------------------------
Instrumented:         ln_gaci_sum
Included instruments: lnpop
Excluded instruments: feyrer_int
Partialled-out:       _cons
                      nb: total SS, model F and R2s are after partialling-out;
                          any small-sample adjustments include partialled-out
                          variables in regressor count K
------------------------------------------------------------------------------

Absorbed degrees of freedom:
-----------------------------------------------------+
 Absorbed FE | Categories  - Redundant  = Num. Coefs |
-------------+---------------------------------------|
     isocode |       164           0         164     |
           y |        28           1          27     |
-----------------------------------------------------+
(dropped 2 singleton observations)
(MWFE estimator converged in 6 iterations)

IV (2SLS) estimation
--------------------

Estimates efficient for homoskedasticity only
Statistics robust to heteroskedasticity and clustering on isocode

Number of clusters (isocode) =     164                Number of obs =     3735
                                                      F(  2,   163) =     9.66
                                                      Prob > F      =   0.0001
Total (centered) SS     =  76.40944276                Centered R2   =  -0.1653
Total (uncentered) SS   =  76.40944276                Uncentered R2 =  -0.1653
Residual SS             =  89.03720403                Root MSE      =     .155

------------------------------------------------------------------------------
             |               Robust
    ln_gdppc |      Coef.   Std. Err.      t    P>|t|     [95% Conf. Interval]
-------------+----------------------------------------------------------------
 ln_gaci_sum |   .5197841   .1732908     3.00   0.003     .1775997    .8619685
       lnpop |  -.4056602   .1025299    -3.96   0.000    -.6081182   -.2032022
------------------------------------------------------------------------------
Underidentification test (Kleibergen-Paap rk LM statistic):             15.220
                                                   Chi-sq(1) P-val =    0.0001
------------------------------------------------------------------------------
Weak identification test (Cragg-Donald Wald F statistic):              102.318
                         (Kleibergen-Paap rk Wald F statistic):         17.972
Stock-Yogo weak ID test critical values: 10% maximal IV size             16.38
                                         15% maximal IV size              8.96
                                         20% maximal IV size              6.66
                                         25% maximal IV size              5.53
Source: Stock-Yogo (2005).  Reproduced by permission.
NB: Critical values are for Cragg-Donald F statistic and i.i.d. errors.
------------------------------------------------------------------------------
Hansen J statistic (overidentification test of all instruments):         0.000
                                                 (equation exactly identified)
------------------------------------------------------------------------------
Instrumented:         ln_gaci_sum
Included instruments: lnpop
Excluded instruments: feyrer_int
Partialled-out:       _cons
                      nb: total SS, model F and R2s are after partialling-out;
                          any small-sample adjustments include partialled-out
                          variables in regressor count K
------------------------------------------------------------------------------

Absorbed degrees of freedom:
-----------------------------------------------------+
 Absorbed FE | Categories  - Redundant  = Num. Coefs |
-------------+---------------------------------------|
     isocode |       164         164           0    *|
           y |        28           1          27     |
-----------------------------------------------------+
* = FE nested within cluster; treated as redundant for DoF computation
(dropped 2 singleton observations)
(MWFE estimator converged in 6 iterations)

HDFE Linear regression                            Number of obs   =      3,735
Absorbing 2 HDFE groups                           F(   2,   3542) =     184.38
                                                  Prob > F        =     0.0000
                                                  R-squared       =     0.9897
                                                  Adj R-squared   =     0.9891
                                                  Within R-sq.    =     0.1336
                                                  Root MSE        =     0.2364

------------------------------------------------------------------------------
             |               Robust
       lngdp |      Coef.   Std. Err.      t    P>|t|     [95% Conf. Interval]
-------------+----------------------------------------------------------------
 ln_gaci_sum |   .2832871   .0195324    14.50   0.000     .2449912     .321583
       lnpop |   .6522004   .0515259    12.66   0.000     .5511769    .7532238
       _cons |   13.54435   .8301138    16.32   0.000      11.9168     15.1719
------------------------------------------------------------------------------

Absorbed degrees of freedom:
-----------------------------------------------------+
 Absorbed FE | Categories  - Redundant  = Num. Coefs |
-------------+---------------------------------------|
     isocode |       164           0         164     |
           y |        28           1          27     |
-----------------------------------------------------+
(dropped 2 singleton observations)
(MWFE estimator converged in 6 iterations)

IV (2SLS) estimation
--------------------

Estimates efficient for homoskedasticity only
Statistics robust to heteroskedasticity

                                                      Number of obs =     3735
                                                      F(  2,  3542) =   101.54
                                                      Prob > F      =   0.0000
Total (centered) SS     =  228.4391679                Centered R2   =   0.0504
Total (uncentered) SS   =  228.4391679                Uncentered R2 =   0.0504
Residual SS             =  216.9296794                Root MSE      =    .2475

------------------------------------------------------------------------------
             |               Robust
       lngdp |      Coef.   Std. Err.      t    P>|t|     [95% Conf. Interval]
-------------+----------------------------------------------------------------
 ln_gaci_sum |   .5859594   .1083379     5.41   0.000     .3735484    .7983705
       lnpop |   .6181502   .0542475    11.40   0.000     .5117908    .7245096
------------------------------------------------------------------------------
Underidentification test (Kleibergen-Paap rk LM statistic):            112.097
                                                   Chi-sq(1) P-val =    0.0000
------------------------------------------------------------------------------
Weak identification test (Cragg-Donald Wald F statistic):               97.790
                         (Kleibergen-Paap rk Wald F statistic):        113.432
Stock-Yogo weak ID test critical values: 10% maximal IV size             16.38
                                         15% maximal IV size              8.96
                                         20% maximal IV size              6.66
                                         25% maximal IV size              5.53
Source: Stock-Yogo (2005).  Reproduced by permission.
NB: Critical values are for Cragg-Donald F statistic and i.i.d. errors.
------------------------------------------------------------------------------
Hansen J statistic (overidentification test of all instruments):         0.000
                                                 (equation exactly identified)
------------------------------------------------------------------------------
Instrumented:         ln_gaci_sum
Included instruments: lnpop
Excluded instruments: feyrer_int
Partialled-out:       _cons
                      nb: total SS, model F and R2s are after partialling-out;
                          any small-sample adjustments include partialled-out
                          variables in regressor count K
------------------------------------------------------------------------------

Absorbed degrees of freedom:
-----------------------------------------------------+
 Absorbed FE | Categories  - Redundant  = Num. Coefs |
-------------+---------------------------------------|
     isocode |       164           0         164     |
           y |        28           1          27     |
-----------------------------------------------------+
(dropped 2 singleton observations)
(MWFE estimator converged in 6 iterations)

IV (2SLS) estimation
--------------------

Estimates efficient for homoskedasticity only
Statistics robust to heteroskedasticity and clustering on isocode

Number of clusters (isocode) =     164                Number of obs =     3735
                                                      F(  2,   163) =    14.50
                                                      Prob > F      =   0.0000
Total (centered) SS     =  228.4391679                Centered R2   =   0.0504
Total (uncentered) SS   =  228.4391679                Uncentered R2 =   0.0504
Residual SS             =  216.9296794                Root MSE      =    .2419

------------------------------------------------------------------------------
             |               Robust
       lngdp |      Coef.   Std. Err.      t    P>|t|     [95% Conf. Interval]
-------------+----------------------------------------------------------------
 ln_gaci_sum |   .5859594   .2797207     2.09   0.038     .0336159    1.138303
       lnpop |   .6181502   .1590523     3.89   0.000     .3040817    .9322188
------------------------------------------------------------------------------
Underidentification test (Kleibergen-Paap rk LM statistic):             15.220
                                                   Chi-sq(1) P-val =    0.0001
------------------------------------------------------------------------------
Weak identification test (Cragg-Donald Wald F statistic):              102.318
                         (Kleibergen-Paap rk Wald F statistic):         17.972
Stock-Yogo weak ID test critical values: 10% maximal IV size             16.38
                                         15% maximal IV size              8.96
                                         20% maximal IV size              6.66
                                         25% maximal IV size              5.53
Source: Stock-Yogo (2005).  Reproduced by permission.
NB: Critical values are for Cragg-Donald F statistic and i.i.d. errors.
------------------------------------------------------------------------------
Hansen J statistic (overidentification test of all instruments):         0.000
                                                 (equation exactly identified)
------------------------------------------------------------------------------
Instrumented:         ln_gaci_sum
Included instruments: lnpop
Excluded instruments: feyrer_int
Partialled-out:       _cons
                      nb: total SS, model F and R2s are after partialling-out;
                          any small-sample adjustments include partialled-out
                          variables in regressor count K
------------------------------------------------------------------------------

Absorbed degrees of freedom:
-----------------------------------------------------+
 Absorbed FE | Categories  - Redundant  = Num. Coefs |
-------------+---------------------------------------|
     isocode |       164         164           0    *|
           y |        28           1          27     |
-----------------------------------------------------+
* = FE nested within cluster; treated as redundant for DoF computation
(dropped 2 singleton observations)
(MWFE estimator converged in 6 iterations)

HDFE Linear regression                            Number of obs   =      3,714
Absorbing 2 HDFE groups                           F(   2,   3522) =     205.82
                                                  Prob > F        =     0.0000
                                                  R-squared       =     0.9972
                                                  Adj R-squared   =     0.9970
                                                  Within R-sq.    =     0.1264
                                                  Root MSE        =     0.1426

------------------------------------------------------------------------------
             |               Robust
ln_avg_all~d |      Coef.   Std. Err.      t    P>|t|     [95% Conf. Interval]
-------------+----------------------------------------------------------------
 ln_gaci_sum |   .1724151   .0117173    14.71   0.000     .1494417    .1953885
       lnpop |  -.3992708   .0300462   -13.29   0.000    -.4581806    -.340361
       _cons |   18.73988   .4851612    38.63   0.000     17.78865    19.69111
------------------------------------------------------------------------------

Absorbed degrees of freedom:
-----------------------------------------------------+
 Absorbed FE | Categories  - Redundant  = Num. Coefs |
-------------+---------------------------------------|
     isocode |       163           0         163     |
           y |        28           1          27     |
-----------------------------------------------------+
(dropped 2 singleton observations)
(MWFE estimator converged in 6 iterations)

IV (2SLS) estimation
--------------------

Estimates efficient for homoskedasticity only
Statistics robust to heteroskedasticity

                                                      Number of obs =     3714
                                                      F(  2,  3522) =    84.03
                                                      Prob > F      =   0.0000
Total (centered) SS     =  81.98739539                Centered R2   =  -0.1381
Total (uncentered) SS   =  81.98739539                Uncentered R2 =  -0.1381
Residual SS             =  93.30631321                Root MSE      =    .1628

------------------------------------------------------------------------------
             |               Robust
ln_avg_all~d |      Coef.   Std. Err.      t    P>|t|     [95% Conf. Interval]
-------------+----------------------------------------------------------------
 ln_gaci_sum |    .497163   .0759935     6.54   0.000     .3481674    .6461587
       lnpop |  -.4374224   .0354971   -12.32   0.000    -.5070193   -.3678255
------------------------------------------------------------------------------
Underidentification test (Kleibergen-Paap rk LM statistic):            107.696
                                                   Chi-sq(1) P-val =    0.0000
------------------------------------------------------------------------------
Weak identification test (Cragg-Donald Wald F statistic):               93.890
                         (Kleibergen-Paap rk Wald F statistic):        109.220
Stock-Yogo weak ID test critical values: 10% maximal IV size             16.38
                                         15% maximal IV size              8.96
                                         20% maximal IV size              6.66
                                         25% maximal IV size              5.53
Source: Stock-Yogo (2005).  Reproduced by permission.
NB: Critical values are for Cragg-Donald F statistic and i.i.d. errors.
------------------------------------------------------------------------------
Hansen J statistic (overidentification test of all instruments):         0.000
                                                 (equation exactly identified)
------------------------------------------------------------------------------
Instrumented:         ln_gaci_sum
Included instruments: lnpop
Excluded instruments: feyrer_int
Partialled-out:       _cons
                      nb: total SS, model F and R2s are after partialling-out;
                          any small-sample adjustments include partialled-out
                          variables in regressor count K
------------------------------------------------------------------------------

Absorbed degrees of freedom:
-----------------------------------------------------+
 Absorbed FE | Categories  - Redundant  = Num. Coefs |
-------------+---------------------------------------|
     isocode |       163           0         163     |
           y |        28           1          27     |
-----------------------------------------------------+
(dropped 2 singleton observations)
(MWFE estimator converged in 6 iterations)

IV (2SLS) estimation
--------------------

Estimates efficient for homoskedasticity only
Statistics robust to heteroskedasticity and clustering on isocode

Number of clusters (isocode) =     163                Number of obs =     3714
                                                      F(  2,   162) =     9.90
                                                      Prob > F      =   0.0001
Total (centered) SS     =  81.98739539                Centered R2   =  -0.1381
Total (uncentered) SS   =  81.98739539                Uncentered R2 =  -0.1381
Residual SS             =  93.30631321                Root MSE      =    .1591

------------------------------------------------------------------------------
             |               Robust
ln_avg_all~d |      Coef.   Std. Err.      t    P>|t|     [95% Conf. Interval]
-------------+----------------------------------------------------------------
 ln_gaci_sum |    .497163   .1999577     2.49   0.014     .1023035    .8920226
       lnpop |  -.4374224   .1068982    -4.09   0.000    -.6485159   -.2263289
------------------------------------------------------------------------------
Underidentification test (Kleibergen-Paap rk LM statistic):             14.640
                                                   Chi-sq(1) P-val =    0.0001
------------------------------------------------------------------------------
Weak identification test (Cragg-Donald Wald F statistic):               98.235
                         (Kleibergen-Paap rk Wald F statistic):         17.376
Stock-Yogo weak ID test critical values: 10% maximal IV size             16.38
                                         15% maximal IV size              8.96
                                         20% maximal IV size              6.66
                                         25% maximal IV size              5.53
Source: Stock-Yogo (2005).  Reproduced by permission.
NB: Critical values are for Cragg-Donald F statistic and i.i.d. errors.
------------------------------------------------------------------------------
Hansen J statistic (overidentification test of all instruments):         0.000
                                                 (equation exactly identified)
------------------------------------------------------------------------------
Instrumented:         ln_gaci_sum
Included instruments: lnpop
Excluded instruments: feyrer_int
Partialled-out:       _cons
                      nb: total SS, model F and R2s are after partialling-out;
                          any small-sample adjustments include partialled-out
                          variables in regressor count K
------------------------------------------------------------------------------

Absorbed degrees of freedom:
-----------------------------------------------------+
 Absorbed FE | Categories  - Redundant  = Num. Coefs |
-------------+---------------------------------------|
     isocode |       163         163           0    *|
           y |        28           1          27     |
-----------------------------------------------------+
* = FE nested within cluster; treated as redundant for DoF computation
(dropped 2 singleton observations)
(MWFE estimator converged in 6 iterations)

HDFE Linear regression                            Number of obs   =      3,714
Absorbing 2 HDFE groups                           F(   2,   3522) =     120.34
                                                  Prob > F        =     0.0000
                                                  R-squared       =     0.9962
                                                  Adj R-squared   =     0.9960
                                                  Within R-sq.    =     0.0744
                                                  Root MSE        =     0.1639

------------------------------------------------------------------------------
             |               Robust
ln_avg_bot~d |      Coef.   Std. Err.      t    P>|t|     [95% Conf. Interval]
-------------+----------------------------------------------------------------
 ln_gaci_sum |   .1659708   .0127257    13.04   0.000     .1410204    .1909212
       lnpop |  -.2754269   .0343559    -8.02   0.000    -.3427864   -.2080674
       _cons |   15.49785   .5542079    27.96   0.000     14.41125    16.58445
------------------------------------------------------------------------------

Absorbed degrees of freedom:
-----------------------------------------------------+
 Absorbed FE | Categories  - Redundant  = Num. Coefs |
-------------+---------------------------------------|
     isocode |       163           0         163     |
           y |        28           1          27     |
-----------------------------------------------------+
(dropped 2 singleton observations)
(MWFE estimator converged in 6 iterations)

IV (2SLS) estimation
--------------------

Estimates efficient for homoskedasticity only
Statistics robust to heteroskedasticity

                                                      Number of obs =     3714
                                                      F(  2,  3522) =    30.73
                                                      Prob > F      =   0.0000
Total (centered) SS     =  102.1602929                Centered R2   =   0.0739
Total (uncentered) SS   =  102.1602929                Uncentered R2 =   0.0739
Residual SS             =  94.60576829                Root MSE      =    .1639

------------------------------------------------------------------------------
             |               Robust
ln_avg_bot~d |      Coef.   Std. Err.      t    P>|t|     [95% Conf. Interval]
-------------+----------------------------------------------------------------
 ln_gaci_sum |   .1814082   .0844067     2.15   0.032     .0159173    .3468992
       lnpop |  -.2772405   .0354025    -7.83   0.000    -.3466519   -.2078291
------------------------------------------------------------------------------
Underidentification test (Kleibergen-Paap rk LM statistic):            107.696
                                                   Chi-sq(1) P-val =    0.0000
------------------------------------------------------------------------------
Weak identification test (Cragg-Donald Wald F statistic):               93.890
                         (Kleibergen-Paap rk Wald F statistic):        109.220
Stock-Yogo weak ID test critical values: 10% maximal IV size             16.38
                                         15% maximal IV size              8.96
                                         20% maximal IV size              6.66
                                         25% maximal IV size              5.53
Source: Stock-Yogo (2005).  Reproduced by permission.
NB: Critical values are for Cragg-Donald F statistic and i.i.d. errors.
------------------------------------------------------------------------------
Hansen J statistic (overidentification test of all instruments):         0.000
                                                 (equation exactly identified)
------------------------------------------------------------------------------
Instrumented:         ln_gaci_sum
Included instruments: lnpop
Excluded instruments: feyrer_int
Partialled-out:       _cons
                      nb: total SS, model F and R2s are after partialling-out;
                          any small-sample adjustments include partialled-out
                          variables in regressor count K
------------------------------------------------------------------------------

Absorbed degrees of freedom:
-----------------------------------------------------+
 Absorbed FE | Categories  - Redundant  = Num. Coefs |
-------------+---------------------------------------|
     isocode |       163           0         163     |
           y |        28           1          27     |
-----------------------------------------------------+
(dropped 2 singleton observations)
(MWFE estimator converged in 6 iterations)

IV (2SLS) estimation
--------------------

Estimates efficient for homoskedasticity only
Statistics robust to heteroskedasticity and clustering on isocode

Number of clusters (isocode) =     163                Number of obs =     3714
                                                      F(  2,   162) =     3.19
                                                      Prob > F      =   0.0436
Total (centered) SS     =  102.1602929                Centered R2   =   0.0739
Total (uncentered) SS   =  102.1602929                Uncentered R2 =   0.0739
Residual SS             =  94.60576829                Root MSE      =    .1602

------------------------------------------------------------------------------
             |               Robust
ln_avg_bot~d |      Coef.   Std. Err.      t    P>|t|     [95% Conf. Interval]
-------------+----------------------------------------------------------------
 ln_gaci_sum |   .1814082    .245873     0.74   0.462    -.3041212    .6669376
       lnpop |  -.2772405   .1099122    -2.52   0.013    -.4942859   -.0601951
------------------------------------------------------------------------------
Underidentification test (Kleibergen-Paap rk LM statistic):             14.640
                                                   Chi-sq(1) P-val =    0.0001
------------------------------------------------------------------------------
Weak identification test (Cragg-Donald Wald F statistic):               98.235
                         (Kleibergen-Paap rk Wald F statistic):         17.376
Stock-Yogo weak ID test critical values: 10% maximal IV size             16.38
                                         15% maximal IV size              8.96
                                         20% maximal IV size              6.66
                                         25% maximal IV size              5.53
Source: Stock-Yogo (2005).  Reproduced by permission.
NB: Critical values are for Cragg-Donald F statistic and i.i.d. errors.
------------------------------------------------------------------------------
Hansen J statistic (overidentification test of all instruments):         0.000
                                                 (equation exactly identified)
------------------------------------------------------------------------------
Instrumented:         ln_gaci_sum
Included instruments: lnpop
Excluded instruments: feyrer_int
Partialled-out:       _cons
                      nb: total SS, model F and R2s are after partialling-out;
                          any small-sample adjustments include partialled-out
                          variables in regressor count K
------------------------------------------------------------------------------

Absorbed degrees of freedom:
-----------------------------------------------------+
 Absorbed FE | Categories  - Redundant  = Num. Coefs |
-------------+---------------------------------------|
     isocode |       163         163           0    *|
           y |        28           1          27     |
-----------------------------------------------------+
* = FE nested within cluster; treated as redundant for DoF computation
(dropped 2 singleton observations)
(MWFE estimator converged in 6 iterations)

HDFE Linear regression                            Number of obs   =      3,714
Absorbing 2 HDFE groups                           F(   2,   3522) =     232.29
                                                  Prob > F        =     0.0000
                                                  R-squared       =     0.9968
                                                  Adj R-squared   =     0.9967
                                                  Within R-sq.    =     0.1374
                                                  Root MSE        =     0.1549

------------------------------------------------------------------------------
             |               Robust
ln_avg_top~d |      Coef.   Std. Err.      t    P>|t|     [95% Conf. Interval]
-------------+----------------------------------------------------------------
 ln_gaci_sum |   .1784755   .0128516    13.89   0.000     .1532782    .2036728
       lnpop |  -.5040676   .0314494   -16.03   0.000    -.5657285   -.4424068
       _cons |   21.90713   .5076574    43.15   0.000      20.9118    22.90246
------------------------------------------------------------------------------

Absorbed degrees of freedom:
-----------------------------------------------------+
 Absorbed FE | Categories  - Redundant  = Num. Coefs |
-------------+---------------------------------------|
     isocode |       163           0         163     |
           y |        28           1          27     |
-----------------------------------------------------+
(dropped 2 singleton observations)
(MWFE estimator converged in 6 iterations)

IV (2SLS) estimation
--------------------

Estimates efficient for homoskedasticity only
Statistics robust to heteroskedasticity

                                                      Number of obs =     3714
                                                      F(  2,  3522) =   113.76
                                                      Prob > F      =   0.0000
Total (centered) SS     =  97.98314594                Centered R2   =  -0.2156
Total (uncentered) SS   =  97.98314594                Uncentered R2 =  -0.2156
Residual SS             =  119.1035264                Root MSE      =    .1839

------------------------------------------------------------------------------
             |               Robust
ln_avg_top~d |      Coef.   Std. Err.      t    P>|t|     [95% Conf. Interval]
-------------+----------------------------------------------------------------
 ln_gaci_sum |     .58857   .0815853     7.21   0.000     .4286107    .7485292
       lnpop |  -.5522458   .0378567   -14.59   0.000    -.6264691   -.4780226
------------------------------------------------------------------------------
Underidentification test (Kleibergen-Paap rk LM statistic):            107.696
                                                   Chi-sq(1) P-val =    0.0000
------------------------------------------------------------------------------
Weak identification test (Cragg-Donald Wald F statistic):               93.890
                         (Kleibergen-Paap rk Wald F statistic):        109.220
Stock-Yogo weak ID test critical values: 10% maximal IV size             16.38
                                         15% maximal IV size              8.96
                                         20% maximal IV size              6.66
                                         25% maximal IV size              5.53
Source: Stock-Yogo (2005).  Reproduced by permission.
NB: Critical values are for Cragg-Donald F statistic and i.i.d. errors.
------------------------------------------------------------------------------
Hansen J statistic (overidentification test of all instruments):         0.000
                                                 (equation exactly identified)
------------------------------------------------------------------------------
Instrumented:         ln_gaci_sum
Included instruments: lnpop
Excluded instruments: feyrer_int
Partialled-out:       _cons
                      nb: total SS, model F and R2s are after partialling-out;
                          any small-sample adjustments include partialled-out
                          variables in regressor count K
------------------------------------------------------------------------------

Absorbed degrees of freedom:
-----------------------------------------------------+
 Absorbed FE | Categories  - Redundant  = Num. Coefs |
-------------+---------------------------------------|
     isocode |       163           0         163     |
           y |        28           1          27     |
-----------------------------------------------------+
(dropped 2 singleton observations)
(MWFE estimator converged in 6 iterations)

IV (2SLS) estimation
--------------------

Estimates efficient for homoskedasticity only
Statistics robust to heteroskedasticity and clustering on isocode

Number of clusters (isocode) =     163                Number of obs =     3714
                                                      F(  2,   162) =    13.89
                                                      Prob > F      =   0.0000
Total (centered) SS     =  97.98314594                Centered R2   =  -0.2156
Total (uncentered) SS   =  97.98314594                Uncentered R2 =  -0.2156
Residual SS             =  119.1035264                Root MSE      =    .1798

------------------------------------------------------------------------------
             |               Robust
ln_avg_top~d |      Coef.   Std. Err.      t    P>|t|     [95% Conf. Interval]
-------------+----------------------------------------------------------------
 ln_gaci_sum |     .58857   .2132219     2.76   0.006     .1675174    1.009623
       lnpop |  -.5522458   .1112011    -4.97   0.000    -.7718365   -.3326552
------------------------------------------------------------------------------
Underidentification test (Kleibergen-Paap rk LM statistic):             14.640
                                                   Chi-sq(1) P-val =    0.0001
------------------------------------------------------------------------------
Weak identification test (Cragg-Donald Wald F statistic):               98.235
                         (Kleibergen-Paap rk Wald F statistic):         17.376
Stock-Yogo weak ID test critical values: 10% maximal IV size             16.38
                                         15% maximal IV size              8.96
                                         20% maximal IV size              6.66
                                         25% maximal IV size              5.53
Source: Stock-Yogo (2005).  Reproduced by permission.
NB: Critical values are for Cragg-Donald F statistic and i.i.d. errors.
------------------------------------------------------------------------------
Hansen J statistic (overidentification test of all instruments):         0.000
                                                 (equation exactly identified)
------------------------------------------------------------------------------
Instrumented:         ln_gaci_sum
Included instruments: lnpop
Excluded instruments: feyrer_int
Partialled-out:       _cons
                      nb: total SS, model F and R2s are after partialling-out;
                          any small-sample adjustments include partialled-out
                          variables in regressor count K
------------------------------------------------------------------------------

Absorbed degrees of freedom:
-----------------------------------------------------+
 Absorbed FE | Categories  - Redundant  = Num. Coefs |
-------------+---------------------------------------|
     isocode |       163         163           0    *|
           y |        28           1          27     |
-----------------------------------------------------+
* = FE nested within cluster; treated as redundant for DoF computation
(dropped 2 singleton observations)
(MWFE estimator converged in 6 iterations)

HDFE Linear regression                            Number of obs   =      3,714
Absorbing 2 HDFE groups                           F(   2,   3522) =      36.64
                                                  Prob > F        =     0.0000
                                                  R-squared       =     0.9380
                                                  Adj R-squared   =     0.9347
                                                  Within R-sq.    =     0.0233
                                                  Root MSE        =     0.1362

------------------------------------------------------------------------------
             |               Robust
ln_ratio_avg |      Coef.   Std. Err.      t    P>|t|     [95% Conf. Interval]
-------------+----------------------------------------------------------------
 ln_gaci_sum |   .0125047   .0099245     1.26   0.208    -.0069538    .0319631
       lnpop |  -.2286408   .0268616    -8.51   0.000    -.2813066   -.1759749
       _cons |   6.409286   .4321279    14.83   0.000      5.56204    7.256532
------------------------------------------------------------------------------

Absorbed degrees of freedom:
-----------------------------------------------------+
 Absorbed FE | Categories  - Redundant  = Num. Coefs |
-------------+---------------------------------------|
     isocode |       163           0         163     |
           y |        28           1          27     |
-----------------------------------------------------+
(dropped 2 singleton observations)
(MWFE estimator converged in 6 iterations)

IV (2SLS) estimation
--------------------

Estimates efficient for homoskedasticity only
Statistics robust to heteroskedasticity

                                                      Number of obs =     3714
                                                      F(  2,  3522) =    42.19
                                                      Prob > F      =   0.0000
Total (centered) SS     =   66.9308618                Centered R2   =  -0.4552
Total (uncentered) SS   =   66.9308618                Uncentered R2 =  -0.4552
Residual SS             =   97.3968369                Root MSE      =    .1663

------------------------------------------------------------------------------
             |               Robust
ln_ratio_avg |      Coef.   Std. Err.      t    P>|t|     [95% Conf. Interval]
-------------+----------------------------------------------------------------
 ln_gaci_sum |   .4071618   .0752512     5.41   0.000     .2596215     .554702
       lnpop |  -.2750054   .0317513    -8.66   0.000    -.3372582   -.2127525
------------------------------------------------------------------------------
Underidentification test (Kleibergen-Paap rk LM statistic):            107.696
                                                   Chi-sq(1) P-val =    0.0000
------------------------------------------------------------------------------
Weak identification test (Cragg-Donald Wald F statistic):               93.890
                         (Kleibergen-Paap rk Wald F statistic):        109.220
Stock-Yogo weak ID test critical values: 10% maximal IV size             16.38
                                         15% maximal IV size              8.96
                                         20% maximal IV size              6.66
                                         25% maximal IV size              5.53
Source: Stock-Yogo (2005).  Reproduced by permission.
NB: Critical values are for Cragg-Donald F statistic and i.i.d. errors.
------------------------------------------------------------------------------
Hansen J statistic (overidentification test of all instruments):         0.000
                                                 (equation exactly identified)
------------------------------------------------------------------------------
Instrumented:         ln_gaci_sum
Included instruments: lnpop
Excluded instruments: feyrer_int
Partialled-out:       _cons
                      nb: total SS, model F and R2s are after partialling-out;
                          any small-sample adjustments include partialled-out
                          variables in regressor count K
------------------------------------------------------------------------------

Absorbed degrees of freedom:
-----------------------------------------------------+
 Absorbed FE | Categories  - Redundant  = Num. Coefs |
-------------+---------------------------------------|
     isocode |       163           0         163     |
           y |        28           1          27     |
-----------------------------------------------------+
(dropped 2 singleton observations)
(MWFE estimator converged in 6 iterations)

IV (2SLS) estimation
--------------------

Estimates efficient for homoskedasticity only
Statistics robust to heteroskedasticity and clustering on isocode

Number of clusters (isocode) =     163                Number of obs =     3714
                                                      F(  2,   162) =     4.99
                                                      Prob > F      =   0.0079
Total (centered) SS     =   66.9308618                Centered R2   =  -0.4552
Total (uncentered) SS   =   66.9308618                Uncentered R2 =  -0.4552
Residual SS             =   97.3968369                Root MSE      =    .1626

------------------------------------------------------------------------------
             |               Robust
ln_ratio_avg |      Coef.   Std. Err.      t    P>|t|     [95% Conf. Interval]
-------------+----------------------------------------------------------------
 ln_gaci_sum |   .4071618   .2333075     1.75   0.083    -.0535543    .8678779
       lnpop |  -.2750054   .0916277    -3.00   0.003     -.455944   -.0940667
------------------------------------------------------------------------------
Underidentification test (Kleibergen-Paap rk LM statistic):             14.640
                                                   Chi-sq(1) P-val =    0.0001
------------------------------------------------------------------------------
Weak identification test (Cragg-Donald Wald F statistic):               98.235
                         (Kleibergen-Paap rk Wald F statistic):         17.376
Stock-Yogo weak ID test critical values: 10% maximal IV size             16.38
                                         15% maximal IV size              8.96
                                         20% maximal IV size              6.66
                                         25% maximal IV size              5.53
Source: Stock-Yogo (2005).  Reproduced by permission.
NB: Critical values are for Cragg-Donald F statistic and i.i.d. errors.
------------------------------------------------------------------------------
Hansen J statistic (overidentification test of all instruments):         0.000
                                                 (equation exactly identified)
------------------------------------------------------------------------------
Instrumented:         ln_gaci_sum
Included instruments: lnpop
Excluded instruments: feyrer_int
Partialled-out:       _cons
                      nb: total SS, model F and R2s are after partialling-out;
                          any small-sample adjustments include partialled-out
                          variables in regressor count K
------------------------------------------------------------------------------

Absorbed degrees of freedom:
-----------------------------------------------------+
 Absorbed FE | Categories  - Redundant  = Num. Coefs |
-------------+---------------------------------------|
     isocode |       163         163           0    *|
           y |        28           1          27     |
-----------------------------------------------------+
* = FE nested within cluster; treated as redundant for DoF computation
(dropped 2 singleton observations)
(MWFE estimator converged in 6 iterations)

HDFE Linear regression                            Number of obs   =      3,735
Absorbing 2 HDFE groups                           F(   2,   3542) =     241.31
                                                  Prob > F        =     0.0000
                                                  R-squared       =     0.9925
                                                  Adj R-squared   =     0.9921
                                                  Within R-sq.    =     0.2299
                                                  Root MSE        =     0.1289

------------------------------------------------------------------------------
             |               Robust
    ln_gdppc |      Coef.   Std. Err.      t    P>|t|     [95% Conf. Interval]
-------------+----------------------------------------------------------------
 ln_gaci_max |    .746946   .0423228    17.65   0.000     .6639665    .8299255
       lnpop |  -.3501096   .0277107   -12.63   0.000    -.4044401   -.2957792
       _cons |    14.0854   .4461843    31.57   0.000     13.21059     14.9602
------------------------------------------------------------------------------

Absorbed degrees of freedom:
-----------------------------------------------------+
 Absorbed FE | Categories  - Redundant  = Num. Coefs |
-------------+---------------------------------------|
     isocode |       164           0         164     |
           y |        28           1          27     |
-----------------------------------------------------+
(dropped 2 singleton observations)
(MWFE estimator converged in 6 iterations)

IV (2SLS) estimation
--------------------

Estimates efficient for homoskedasticity only
Statistics robust to heteroskedasticity

                                                      Number of obs =     3735
                                                      F(  2,  3542) =    54.74
                                                      Prob > F      =   0.0000
Total (centered) SS     =  76.40944276                Centered R2   =  -0.0243
Total (uncentered) SS   =  76.40944276                Uncentered R2 =  -0.0243
Residual SS             =  78.26699835                Root MSE      =    .1487

------------------------------------------------------------------------------
             |               Robust
    ln_gdppc |      Coef.   Std. Err.      t    P>|t|     [95% Conf. Interval]
-------------+----------------------------------------------------------------
 ln_gaci_max |  -.1330211   .5594077    -0.24   0.812    -1.229815    .9637725
       lnpop |  -.3466646   .0332018   -10.44   0.000    -.4117613   -.2815679
------------------------------------------------------------------------------
Underidentification test (Kleibergen-Paap rk LM statistic):             13.575
                                                   Chi-sq(1) P-val =    0.0002
------------------------------------------------------------------------------
Weak identification test (Cragg-Donald Wald F statistic):               21.590
                         (Kleibergen-Paap rk Wald F statistic):         13.572
Stock-Yogo weak ID test critical values: 10% maximal IV size             16.38
                                         15% maximal IV size              8.96
                                         20% maximal IV size              6.66
                                         25% maximal IV size              5.53
Source: Stock-Yogo (2005).  Reproduced by permission.
NB: Critical values are for Cragg-Donald F statistic and i.i.d. errors.
------------------------------------------------------------------------------
Hansen J statistic (overidentification test of all instruments):         0.000
                                                 (equation exactly identified)
------------------------------------------------------------------------------
Instrumented:         ln_gaci_max
Included instruments: lnpop
Excluded instruments: tourism_int
Partialled-out:       _cons
                      nb: total SS, model F and R2s are after partialling-out;
                          any small-sample adjustments include partialled-out
                          variables in regressor count K
------------------------------------------------------------------------------

Absorbed degrees of freedom:
-----------------------------------------------------+
 Absorbed FE | Categories  - Redundant  = Num. Coefs |
-------------+---------------------------------------|
     isocode |       164           0         164     |
           y |        28           1          27     |
-----------------------------------------------------+
(dropped 2 singleton observations)
(MWFE estimator converged in 6 iterations)

IV (2SLS) estimation
--------------------

Estimates efficient for homoskedasticity only
Statistics robust to heteroskedasticity and clustering on isocode

Number of clusters (isocode) =     164                Number of obs =     3735
                                                      F(  2,   163) =     4.60
                                                      Prob > F      =   0.0113
Total (centered) SS     =  76.40944276                Centered R2   =  -0.0243
Total (uncentered) SS   =  76.40944276                Uncentered R2 =  -0.0243
Residual SS             =  78.26699835                Root MSE      =    .1453

------------------------------------------------------------------------------
             |               Robust
    ln_gdppc |      Coef.   Std. Err.      t    P>|t|     [95% Conf. Interval]
-------------+----------------------------------------------------------------
 ln_gaci_max |  -.1330211   1.127285    -0.12   0.906    -2.358985    2.092943
       lnpop |  -.3466646    .114711    -3.02   0.003    -.5731757   -.1201535
------------------------------------------------------------------------------
Underidentification test (Kleibergen-Paap rk LM statistic):              3.137
                                                   Chi-sq(1) P-val =    0.0765
------------------------------------------------------------------------------
Weak identification test (Cragg-Donald Wald F statistic):               22.590
                         (Kleibergen-Paap rk Wald F statistic):          3.477
Stock-Yogo weak ID test critical values: 10% maximal IV size             16.38
                                         15% maximal IV size              8.96
                                         20% maximal IV size              6.66
                                         25% maximal IV size              5.53
Source: Stock-Yogo (2005).  Reproduced by permission.
NB: Critical values are for Cragg-Donald F statistic and i.i.d. errors.
------------------------------------------------------------------------------
Hansen J statistic (overidentification test of all instruments):         0.000
                                                 (equation exactly identified)
------------------------------------------------------------------------------
Instrumented:         ln_gaci_max
Included instruments: lnpop
Excluded instruments: tourism_int
Partialled-out:       _cons
                      nb: total SS, model F and R2s are after partialling-out;
                          any small-sample adjustments include partialled-out
                          variables in regressor count K
------------------------------------------------------------------------------

Absorbed degrees of freedom:
-----------------------------------------------------+
 Absorbed FE | Categories  - Redundant  = Num. Coefs |
-------------+---------------------------------------|
     isocode |       164         164           0    *|
           y |        28           1          27     |
-----------------------------------------------------+
* = FE nested within cluster; treated as redundant for DoF computation
(dropped 2 singleton observations)
(MWFE estimator converged in 6 iterations)

HDFE Linear regression                            Number of obs   =      3,735
Absorbing 2 HDFE groups                           F(   2,   3542) =     196.77
                                                  Prob > F        =     0.0000
                                                  R-squared       =     0.9900
                                                  Adj R-squared   =     0.9895
                                                  Within R-sq.    =     0.1645
                                                  Root MSE        =     0.2321

------------------------------------------------------------------------------
             |               Robust
       lngdp |      Coef.   Std. Err.      t    P>|t|     [95% Conf. Interval]
-------------+----------------------------------------------------------------
 ln_gaci_max |   .9724036   .0697858    13.93   0.000     .8355791    1.109228
       lnpop |   .6802628   .0477786    14.24   0.000     .5865865    .7739391
       _cons |   13.38928   .7689881    17.41   0.000     11.88158    14.89699
------------------------------------------------------------------------------

Absorbed degrees of freedom:
-----------------------------------------------------+
 Absorbed FE | Categories  - Redundant  = Num. Coefs |
-------------+---------------------------------------|
     isocode |       164           0         164     |
           y |        28           1          27     |
-----------------------------------------------------+
(dropped 2 singleton observations)
(MWFE estimator converged in 6 iterations)

IV (2SLS) estimation
--------------------

Estimates efficient for homoskedasticity only
Statistics robust to heteroskedasticity

                                                      Number of obs =     3735
                                                      F(  2,  3542) =    90.31
                                                      Prob > F      =   0.0000
Total (centered) SS     =  228.4391679                Centered R2   =   0.1252
Total (uncentered) SS   =  228.4391679                Uncentered R2 =   0.1252
Residual SS             =   199.838557                Root MSE      =    .2375

------------------------------------------------------------------------------
             |               Robust
       lngdp |      Coef.   Std. Err.      t    P>|t|     [95% Conf. Interval]
-------------+----------------------------------------------------------------
 ln_gaci_max |   .3738969   .7434516     0.50   0.615    -1.083739    1.831533
       lnpop |   .6826059   .0512797    13.31   0.000     .5820652    .7831467
------------------------------------------------------------------------------
Underidentification test (Kleibergen-Paap rk LM statistic):             13.575
                                                   Chi-sq(1) P-val =    0.0002
------------------------------------------------------------------------------
Weak identification test (Cragg-Donald Wald F statistic):               21.590
                         (Kleibergen-Paap rk Wald F statistic):         13.572
Stock-Yogo weak ID test critical values: 10% maximal IV size             16.38
                                         15% maximal IV size              8.96
                                         20% maximal IV size              6.66
                                         25% maximal IV size              5.53
Source: Stock-Yogo (2005).  Reproduced by permission.
NB: Critical values are for Cragg-Donald F statistic and i.i.d. errors.
------------------------------------------------------------------------------
Hansen J statistic (overidentification test of all instruments):         0.000
                                                 (equation exactly identified)
------------------------------------------------------------------------------
Instrumented:         ln_gaci_max
Included instruments: lnpop
Excluded instruments: tourism_int
Partialled-out:       _cons
                      nb: total SS, model F and R2s are after partialling-out;
                          any small-sample adjustments include partialled-out
                          variables in regressor count K
------------------------------------------------------------------------------

Absorbed degrees of freedom:
-----------------------------------------------------+
 Absorbed FE | Categories  - Redundant  = Num. Coefs |
-------------+---------------------------------------|
     isocode |       164           0         164     |
           y |        28           1          27     |
-----------------------------------------------------+
(dropped 2 singleton observations)
(MWFE estimator converged in 6 iterations)

IV (2SLS) estimation
--------------------

Estimates efficient for homoskedasticity only
Statistics robust to heteroskedasticity and clustering on isocode

Number of clusters (isocode) =     164                Number of obs =     3735
                                                      F(  2,   163) =     9.36
                                                      Prob > F      =   0.0001
Total (centered) SS     =  228.4391679                Centered R2   =   0.1252
Total (uncentered) SS   =  228.4391679                Uncentered R2 =   0.1252
Residual SS             =   199.838557                Root MSE      =    .2322

------------------------------------------------------------------------------
             |               Robust
       lngdp |      Coef.   Std. Err.      t    P>|t|     [95% Conf. Interval]
-------------+----------------------------------------------------------------
 ln_gaci_max |   .3738969   1.556505     0.24   0.810    -2.699617    3.447411
       lnpop |   .6826059   .1608291     4.24   0.000     .3650287    1.000183
------------------------------------------------------------------------------
Underidentification test (Kleibergen-Paap rk LM statistic):              3.137
                                                   Chi-sq(1) P-val =    0.0765
------------------------------------------------------------------------------
Weak identification test (Cragg-Donald Wald F statistic):               22.590
                         (Kleibergen-Paap rk Wald F statistic):          3.477
Stock-Yogo weak ID test critical values: 10% maximal IV size             16.38
                                         15% maximal IV size              8.96
                                         20% maximal IV size              6.66
                                         25% maximal IV size              5.53
Source: Stock-Yogo (2005).  Reproduced by permission.
NB: Critical values are for Cragg-Donald F statistic and i.i.d. errors.
------------------------------------------------------------------------------
Hansen J statistic (overidentification test of all instruments):         0.000
                                                 (equation exactly identified)
------------------------------------------------------------------------------
Instrumented:         ln_gaci_max
Included instruments: lnpop
Excluded instruments: tourism_int
Partialled-out:       _cons
                      nb: total SS, model F and R2s are after partialling-out;
                          any small-sample adjustments include partialled-out
                          variables in regressor count K
------------------------------------------------------------------------------

Absorbed degrees of freedom:
-----------------------------------------------------+
 Absorbed FE | Categories  - Redundant  = Num. Coefs |
-------------+---------------------------------------|
     isocode |       164         164           0    *|
           y |        28           1          27     |
-----------------------------------------------------+
* = FE nested within cluster; treated as redundant for DoF computation
(dropped 2 singleton observations)
(MWFE estimator converged in 6 iterations)

HDFE Linear regression                            Number of obs   =      3,714
Absorbing 2 HDFE groups                           F(   2,   3522) =     207.91
                                                  Prob > F        =     0.0000
                                                  R-squared       =     0.9974
                                                  Adj R-squared   =     0.9973
                                                  Within R-sq.    =     0.1881
                                                  Root MSE        =     0.1375

------------------------------------------------------------------------------
             |               Robust
ln_avg_all~d |      Coef.   Std. Err.      t    P>|t|     [95% Conf. Interval]
-------------+----------------------------------------------------------------
 ln_gaci_max |   .6675849   .0434833    15.35   0.000     .5823298      .75284
       lnpop |   -.382071   .0307541   -12.42   0.000    -.4423687   -.3217733
       _cons |   18.62808   .4958344    37.57   0.000     17.65593    19.60023
------------------------------------------------------------------------------

Absorbed degrees of freedom:
-----------------------------------------------------+
 Absorbed FE | Categories  - Redundant  = Num. Coefs |
-------------+---------------------------------------|
     isocode |       163           0         163     |
           y |        28           1          27     |
-----------------------------------------------------+
(dropped 2 singleton observations)
(MWFE estimator converged in 6 iterations)

IV (2SLS) estimation
--------------------

Estimates efficient for homoskedasticity only
Statistics robust to heteroskedasticity

                                                      Number of obs =     3714
                                                      F(  2,  3522) =    56.54
                                                      Prob > F      =   0.0000
Total (centered) SS     =  81.98739539                Centered R2   =  -0.1563
Total (uncentered) SS   =  81.98739539                Uncentered R2 =  -0.1563
Residual SS             =  94.80547628                Root MSE      =    .1641

------------------------------------------------------------------------------
             |               Robust
ln_avg_all~d |      Coef.   Std. Err.      t    P>|t|     [95% Conf. Interval]
-------------+----------------------------------------------------------------
 ln_gaci_max |  -.3940462   .5733016    -0.69   0.492    -1.518083    .7299906
       lnpop |  -.3772117   .0356774   -10.57   0.000    -.4471621   -.3072613
------------------------------------------------------------------------------
Underidentification test (Kleibergen-Paap rk LM statistic):             13.413
                                                   Chi-sq(1) P-val =    0.0002
------------------------------------------------------------------------------
Weak identification test (Cragg-Donald Wald F statistic):               21.245
                         (Kleibergen-Paap rk Wald F statistic):         13.406
Stock-Yogo weak ID test critical values: 10% maximal IV size             16.38
                                         15% maximal IV size              8.96
                                         20% maximal IV size              6.66
                                         25% maximal IV size              5.53
Source: Stock-Yogo (2005).  Reproduced by permission.
NB: Critical values are for Cragg-Donald F statistic and i.i.d. errors.
------------------------------------------------------------------------------
Hansen J statistic (overidentification test of all instruments):         0.000
                                                 (equation exactly identified)
------------------------------------------------------------------------------
Instrumented:         ln_gaci_max
Included instruments: lnpop
Excluded instruments: tourism_int
Partialled-out:       _cons
                      nb: total SS, model F and R2s are after partialling-out;
                          any small-sample adjustments include partialled-out
                          variables in regressor count K
------------------------------------------------------------------------------

Absorbed degrees of freedom:
-----------------------------------------------------+
 Absorbed FE | Categories  - Redundant  = Num. Coefs |
-------------+---------------------------------------|
     isocode |       163           0         163     |
           y |        28           1          27     |
-----------------------------------------------------+
(dropped 2 singleton observations)
(MWFE estimator converged in 6 iterations)

IV (2SLS) estimation
--------------------

Estimates efficient for homoskedasticity only
Statistics robust to heteroskedasticity and clustering on isocode

Number of clusters (isocode) =     163                Number of obs =     3714
                                                      F(  2,   162) =     5.29
                                                      Prob > F      =   0.0059
Total (centered) SS     =  81.98739539                Centered R2   =  -0.1563
Total (uncentered) SS   =  81.98739539                Uncentered R2 =  -0.1563
Residual SS             =  94.80547628                Root MSE      =    .1604

------------------------------------------------------------------------------
             |               Robust
ln_avg_all~d |      Coef.   Std. Err.      t    P>|t|     [95% Conf. Interval]
-------------+----------------------------------------------------------------
 ln_gaci_max |  -.3940462   1.142348    -0.34   0.731    -2.649858    1.861766
       lnpop |  -.3772117   .1169726    -3.22   0.002    -.6081993   -.1462241
------------------------------------------------------------------------------
Underidentification test (Kleibergen-Paap rk LM statistic):              3.102
                                                   Chi-sq(1) P-val =    0.0782
------------------------------------------------------------------------------
Weak identification test (Cragg-Donald Wald F statistic):               22.228
                         (Kleibergen-Paap rk Wald F statistic):          3.435
Stock-Yogo weak ID test critical values: 10% maximal IV size             16.38
                                         15% maximal IV size              8.96
                                         20% maximal IV size              6.66
                                         25% maximal IV size              5.53
Source: Stock-Yogo (2005).  Reproduced by permission.
NB: Critical values are for Cragg-Donald F statistic and i.i.d. errors.
------------------------------------------------------------------------------
Hansen J statistic (overidentification test of all instruments):         0.000
                                                 (equation exactly identified)
------------------------------------------------------------------------------
Instrumented:         ln_gaci_max
Included instruments: lnpop
Excluded instruments: tourism_int
Partialled-out:       _cons
                      nb: total SS, model F and R2s are after partialling-out;
                          any small-sample adjustments include partialled-out
                          variables in regressor count K
------------------------------------------------------------------------------

Absorbed degrees of freedom:
-----------------------------------------------------+
 Absorbed FE | Categories  - Redundant  = Num. Coefs |
-------------+---------------------------------------|
     isocode |       163         163           0    *|
           y |        28           1          27     |
-----------------------------------------------------+
* = FE nested within cluster; treated as redundant for DoF computation
(dropped 2 singleton observations)
(MWFE estimator converged in 6 iterations)

HDFE Linear regression                            Number of obs   =      3,714
Absorbing 2 HDFE groups                           F(   2,   3522) =      99.38
                                                  Prob > F        =     0.0000
                                                  R-squared       =     0.9963
                                                  Adj R-squared   =     0.9961
                                                  Within R-sq.    =     0.1031
                                                  Root MSE        =     0.1613

------------------------------------------------------------------------------
             |               Robust
ln_avg_bot~d |      Coef.   Std. Err.      t    P>|t|     [95% Conf. Interval]
-------------+----------------------------------------------------------------
 ln_gaci_max |   .5856271   .0507158    11.55   0.000     .4861918    .6850624
       lnpop |   -.258609   .0360722    -7.17   0.000    -.3293335   -.1878845
       _cons |   15.39678   .5816011    26.47   0.000     14.25647    16.53709
------------------------------------------------------------------------------

Absorbed degrees of freedom:
-----------------------------------------------------+
 Absorbed FE | Categories  - Redundant  = Num. Coefs |
-------------+---------------------------------------|
     isocode |       163           0         163     |
           y |        28           1          27     |
-----------------------------------------------------+
(dropped 2 singleton observations)
(MWFE estimator converged in 6 iterations)

IV (2SLS) estimation
--------------------

Estimates efficient for homoskedasticity only
Statistics robust to heteroskedasticity

                                                      Number of obs =     3714
                                                      F(  2,  3522) =    22.38
                                                      Prob > F      =   0.0000
Total (centered) SS     =  102.1602929                Centered R2   =  -0.1891
Total (uncentered) SS   =  102.1602929                Uncentered R2 =  -0.1891
Residual SS             =   121.482767                Root MSE      =    .1857

------------------------------------------------------------------------------
             |               Robust
ln_avg_bot~d |      Coef.   Std. Err.      t    P>|t|     [95% Conf. Interval]
-------------+----------------------------------------------------------------
 ln_gaci_max |  -.5059766   .6224582    -0.81   0.416    -1.726392    .7144385
       lnpop |  -.2536126   .0383498    -6.61   0.000    -.3288026   -.1784225
------------------------------------------------------------------------------
Underidentification test (Kleibergen-Paap rk LM statistic):             13.413
                                                   Chi-sq(1) P-val =    0.0002
------------------------------------------------------------------------------
Weak identification test (Cragg-Donald Wald F statistic):               21.245
                         (Kleibergen-Paap rk Wald F statistic):         13.406
Stock-Yogo weak ID test critical values: 10% maximal IV size             16.38
                                         15% maximal IV size              8.96
                                         20% maximal IV size              6.66
                                         25% maximal IV size              5.53
Source: Stock-Yogo (2005).  Reproduced by permission.
NB: Critical values are for Cragg-Donald F statistic and i.i.d. errors.
------------------------------------------------------------------------------
Hansen J statistic (overidentification test of all instruments):         0.000
                                                 (equation exactly identified)
------------------------------------------------------------------------------
Instrumented:         ln_gaci_max
Included instruments: lnpop
Excluded instruments: tourism_int
Partialled-out:       _cons
                      nb: total SS, model F and R2s are after partialling-out;
                          any small-sample adjustments include partialled-out
                          variables in regressor count K
------------------------------------------------------------------------------

Absorbed degrees of freedom:
-----------------------------------------------------+
 Absorbed FE | Categories  - Redundant  = Num. Coefs |
-------------+---------------------------------------|
     isocode |       163           0         163     |
           y |        28           1          27     |
-----------------------------------------------------+
(dropped 2 singleton observations)
(MWFE estimator converged in 6 iterations)

IV (2SLS) estimation
--------------------

Estimates efficient for homoskedasticity only
Statistics robust to heteroskedasticity and clustering on isocode

Number of clusters (isocode) =     163                Number of obs =     3714
                                                      F(  2,   162) =     2.31
                                                      Prob > F      =   0.1025
Total (centered) SS     =  102.1602929                Centered R2   =  -0.1891
Total (uncentered) SS   =  102.1602929                Uncentered R2 =  -0.1891
Residual SS             =   121.482767                Root MSE      =    .1816

------------------------------------------------------------------------------
             |               Robust
ln_avg_bot~d |      Coef.   Std. Err.      t    P>|t|     [95% Conf. Interval]
-------------+----------------------------------------------------------------
 ln_gaci_max |  -.5059766   1.268307    -0.40   0.690    -3.010522    1.998569
       lnpop |  -.2536126   .1197682    -2.12   0.036    -.4901208   -.0171043
------------------------------------------------------------------------------
Underidentification test (Kleibergen-Paap rk LM statistic):              3.102
                                                   Chi-sq(1) P-val =    0.0782
------------------------------------------------------------------------------
Weak identification test (Cragg-Donald Wald F statistic):               22.228
                         (Kleibergen-Paap rk Wald F statistic):          3.435
Stock-Yogo weak ID test critical values: 10% maximal IV size             16.38
                                         15% maximal IV size              8.96
                                         20% maximal IV size              6.66
                                         25% maximal IV size              5.53
Source: Stock-Yogo (2005).  Reproduced by permission.
NB: Critical values are for Cragg-Donald F statistic and i.i.d. errors.
------------------------------------------------------------------------------
Hansen J statistic (overidentification test of all instruments):         0.000
                                                 (equation exactly identified)
------------------------------------------------------------------------------
Instrumented:         ln_gaci_max
Included instruments: lnpop
Excluded instruments: tourism_int
Partialled-out:       _cons
                      nb: total SS, model F and R2s are after partialling-out;
                          any small-sample adjustments include partialled-out
                          variables in regressor count K
------------------------------------------------------------------------------

Absorbed degrees of freedom:
-----------------------------------------------------+
 Absorbed FE | Categories  - Redundant  = Num. Coefs |
-------------+---------------------------------------|
     isocode |       163         163           0    *|
           y |        28           1          27     |
-----------------------------------------------------+
* = FE nested within cluster; treated as redundant for DoF computation
(dropped 2 singleton observations)
(MWFE estimator converged in 6 iterations)

HDFE Linear regression                            Number of obs   =      3,714
Absorbing 2 HDFE groups                           F(   2,   3522) =     296.99
                                                  Prob > F        =     0.0000
                                                  R-squared       =     0.9971
                                                  Adj R-squared   =     0.9970
                                                  Within R-sq.    =     0.2131
                                                  Root MSE        =     0.1480

------------------------------------------------------------------------------
             |               Robust
ln_avg_top~d |      Coef.   Std. Err.      t    P>|t|     [95% Conf. Interval]
-------------+----------------------------------------------------------------
 ln_gaci_max |   .7467752   .0421077    17.73   0.000     .6642173    .8293331
       lnpop |  -.4865183   .0306487   -15.87   0.000    -.5466094   -.4264272
       _cons |   21.78499   .4940455    44.10   0.000     20.81635    22.75364
------------------------------------------------------------------------------

Absorbed degrees of freedom:
-----------------------------------------------------+
 Absorbed FE | Categories  - Redundant  = Num. Coefs |
-------------+---------------------------------------|
     isocode |       163           0         163     |
           y |        28           1          27     |
-----------------------------------------------------+
(dropped 2 singleton observations)
(MWFE estimator converged in 6 iterations)

IV (2SLS) estimation
--------------------

Estimates efficient for homoskedasticity only
Statistics robust to heteroskedasticity

                                                      Number of obs =     3714
                                                      F(  2,  3522) =   102.32
                                                      Prob > F      =   0.0000
Total (centered) SS     =  97.98314594                Centered R2   =   0.0657
Total (uncentered) SS   =  97.98314594                Uncentered R2 =   0.0657
Residual SS             =  91.54579686                Root MSE      =    .1612

------------------------------------------------------------------------------
             |               Robust
ln_avg_top~d |      Coef.   Std. Err.      t    P>|t|     [95% Conf. Interval]
-------------+----------------------------------------------------------------
 ln_gaci_max |  -.0125416   .5571271    -0.02   0.982    -1.104866    1.079783
       lnpop |  -.4830428   .0338327   -14.28   0.000    -.5493764   -.4167092
------------------------------------------------------------------------------
Underidentification test (Kleibergen-Paap rk LM statistic):             13.413
                                                   Chi-sq(1) P-val =    0.0002
------------------------------------------------------------------------------
Weak identification test (Cragg-Donald Wald F statistic):               21.245
                         (Kleibergen-Paap rk Wald F statistic):         13.406
Stock-Yogo weak ID test critical values: 10% maximal IV size             16.38
                                         15% maximal IV size              8.96
                                         20% maximal IV size              6.66
                                         25% maximal IV size              5.53
Source: Stock-Yogo (2005).  Reproduced by permission.
NB: Critical values are for Cragg-Donald F statistic and i.i.d. errors.
------------------------------------------------------------------------------
Hansen J statistic (overidentification test of all instruments):         0.000
                                                 (equation exactly identified)
------------------------------------------------------------------------------
Instrumented:         ln_gaci_max
Included instruments: lnpop
Excluded instruments: tourism_int
Partialled-out:       _cons
                      nb: total SS, model F and R2s are after partialling-out;
                          any small-sample adjustments include partialled-out
                          variables in regressor count K
------------------------------------------------------------------------------

Absorbed degrees of freedom:
-----------------------------------------------------+
 Absorbed FE | Categories  - Redundant  = Num. Coefs |
-------------+---------------------------------------|
     isocode |       163           0         163     |
           y |        28           1          27     |
-----------------------------------------------------+
(dropped 2 singleton observations)
(MWFE estimator converged in 6 iterations)

IV (2SLS) estimation
--------------------

Estimates efficient for homoskedasticity only
Statistics robust to heteroskedasticity and clustering on isocode

Number of clusters (isocode) =     163                Number of obs =     3714
                                                      F(  2,   162) =     9.62
                                                      Prob > F      =   0.0001
Total (centered) SS     =  97.98314594                Centered R2   =   0.0657
Total (uncentered) SS   =  97.98314594                Uncentered R2 =   0.0657
Residual SS             =  91.54579686                Root MSE      =    .1576

------------------------------------------------------------------------------
             |               Robust
ln_avg_top~d |      Coef.   Std. Err.      t    P>|t|     [95% Conf. Interval]
-------------+----------------------------------------------------------------
 ln_gaci_max |  -.0125416   1.120088    -0.01   0.991    -2.224398    2.199315
       lnpop |  -.4830428   .1102632    -4.38   0.000    -.7007814   -.2653042
------------------------------------------------------------------------------
Underidentification test (Kleibergen-Paap rk LM statistic):              3.102
                                                   Chi-sq(1) P-val =    0.0782
------------------------------------------------------------------------------
Weak identification test (Cragg-Donald Wald F statistic):               22.228
                         (Kleibergen-Paap rk Wald F statistic):          3.435
Stock-Yogo weak ID test critical values: 10% maximal IV size             16.38
                                         15% maximal IV size              8.96
                                         20% maximal IV size              6.66
                                         25% maximal IV size              5.53
Source: Stock-Yogo (2005).  Reproduced by permission.
NB: Critical values are for Cragg-Donald F statistic and i.i.d. errors.
------------------------------------------------------------------------------
Hansen J statistic (overidentification test of all instruments):         0.000
                                                 (equation exactly identified)
------------------------------------------------------------------------------
Instrumented:         ln_gaci_max
Included instruments: lnpop
Excluded instruments: tourism_int
Partialled-out:       _cons
                      nb: total SS, model F and R2s are after partialling-out;
                          any small-sample adjustments include partialled-out
                          variables in regressor count K
------------------------------------------------------------------------------

Absorbed degrees of freedom:
-----------------------------------------------------+
 Absorbed FE | Categories  - Redundant  = Num. Coefs |
-------------+---------------------------------------|
     isocode |       163         163           0    *|
           y |        28           1          27     |
-----------------------------------------------------+
* = FE nested within cluster; treated as redundant for DoF computation
(dropped 2 singleton observations)
(MWFE estimator converged in 6 iterations)

HDFE Linear regression                            Number of obs   =      3,714
Absorbing 2 HDFE groups                           F(   2,   3522) =      48.83
                                                  Prob > F        =     0.0000
                                                  R-squared       =     0.9386
                                                  Adj R-squared   =     0.9353
                                                  Within R-sq.    =     0.0326
                                                  Root MSE        =     0.1356

------------------------------------------------------------------------------
             |               Robust
ln_ratio_avg |      Coef.   Std. Err.      t    P>|t|     [95% Conf. Interval]
-------------+----------------------------------------------------------------
 ln_gaci_max |   .1611481   .0341216     4.72   0.000      .094248    .2280482
       lnpop |  -.2279093   .0257256    -8.86   0.000     -.278348   -.1774706
       _cons |   6.388209   .4140147    15.43   0.000     5.576476    7.199942
------------------------------------------------------------------------------

Absorbed degrees of freedom:
-----------------------------------------------------+
 Absorbed FE | Categories  - Redundant  = Num. Coefs |
-------------+---------------------------------------|
     isocode |       163           0         163     |
           y |        28           1          27     |
-----------------------------------------------------+
(dropped 2 singleton observations)
(MWFE estimator converged in 6 iterations)

IV (2SLS) estimation
--------------------

Estimates efficient for homoskedasticity only
Statistics robust to heteroskedasticity

                                                      Number of obs =     3714
                                                      F(  2,  3522) =    42.41
                                                      Prob > F      =   0.0000
Total (centered) SS     =   66.9308618                Centered R2   =  -0.0088
Total (uncentered) SS   =   66.9308618                Uncentered R2 =  -0.0088
Residual SS             =  67.51849024                Root MSE      =    .1385

------------------------------------------------------------------------------
             |               Robust
ln_ratio_avg |      Coef.   Std. Err.      t    P>|t|     [95% Conf. Interval]
-------------+----------------------------------------------------------------
 ln_gaci_max |   .4934351   .4140266     1.19   0.233    -.3183212    1.305191
       lnpop |  -.2294302   .0250112    -9.17   0.000    -.2784681   -.1803924
------------------------------------------------------------------------------
Underidentification test (Kleibergen-Paap rk LM statistic):             13.413
                                                   Chi-sq(1) P-val =    0.0002
------------------------------------------------------------------------------
Weak identification test (Cragg-Donald Wald F statistic):               21.245
                         (Kleibergen-Paap rk Wald F statistic):         13.406
Stock-Yogo weak ID test critical values: 10% maximal IV size             16.38
                                         15% maximal IV size              8.96
                                         20% maximal IV size              6.66
                                         25% maximal IV size              5.53
Source: Stock-Yogo (2005).  Reproduced by permission.
NB: Critical values are for Cragg-Donald F statistic and i.i.d. errors.
------------------------------------------------------------------------------
Hansen J statistic (overidentification test of all instruments):         0.000
                                                 (equation exactly identified)
------------------------------------------------------------------------------
Instrumented:         ln_gaci_max
Included instruments: lnpop
Excluded instruments: tourism_int
Partialled-out:       _cons
                      nb: total SS, model F and R2s are after partialling-out;
                          any small-sample adjustments include partialled-out
                          variables in regressor count K
------------------------------------------------------------------------------

Absorbed degrees of freedom:
-----------------------------------------------------+
 Absorbed FE | Categories  - Redundant  = Num. Coefs |
-------------+---------------------------------------|
     isocode |       163           0         163     |
           y |        28           1          27     |
-----------------------------------------------------+
(dropped 2 singleton observations)
(MWFE estimator converged in 6 iterations)

IV (2SLS) estimation
--------------------

Estimates efficient for homoskedasticity only
Statistics robust to heteroskedasticity and clustering on isocode

Number of clusters (isocode) =     163                Number of obs =     3714
                                                      F(  2,   162) =     4.96
                                                      Prob > F      =   0.0081
Total (centered) SS     =   66.9308618                Centered R2   =  -0.0088
Total (uncentered) SS   =   66.9308618                Uncentered R2 =  -0.0088
Residual SS             =  67.51849024                Root MSE      =    .1354

------------------------------------------------------------------------------
             |               Robust
ln_ratio_avg |      Coef.   Std. Err.      t    P>|t|     [95% Conf. Interval]
-------------+----------------------------------------------------------------
 ln_gaci_max |   .4934351   .9747695     0.51   0.613    -1.431458    2.418328
       lnpop |  -.2294302   .0742993    -3.09   0.002    -.3761503   -.0827102
------------------------------------------------------------------------------
Underidentification test (Kleibergen-Paap rk LM statistic):              3.102
                                                   Chi-sq(1) P-val =    0.0782
------------------------------------------------------------------------------
Weak identification test (Cragg-Donald Wald F statistic):               22.228
                         (Kleibergen-Paap rk Wald F statistic):          3.435
Stock-Yogo weak ID test critical values: 10% maximal IV size             16.38
                                         15% maximal IV size              8.96
                                         20% maximal IV size              6.66
                                         25% maximal IV size              5.53
Source: Stock-Yogo (2005).  Reproduced by permission.
NB: Critical values are for Cragg-Donald F statistic and i.i.d. errors.
------------------------------------------------------------------------------
Hansen J statistic (overidentification test of all instruments):         0.000
                                                 (equation exactly identified)
------------------------------------------------------------------------------
Instrumented:         ln_gaci_max
Included instruments: lnpop
Excluded instruments: tourism_int
Partialled-out:       _cons
                      nb: total SS, model F and R2s are after partialling-out;
                          any small-sample adjustments include partialled-out
                          variables in regressor count K
------------------------------------------------------------------------------

Absorbed degrees of freedom:
-----------------------------------------------------+
 Absorbed FE | Categories  - Redundant  = Num. Coefs |
-------------+---------------------------------------|
     isocode |       163         163           0    *|
           y |        28           1          27     |
-----------------------------------------------------+
* = FE nested within cluster; treated as redundant for DoF computation
(dropped 2 singleton observations)
(MWFE estimator converged in 6 iterations)

HDFE Linear regression                            Number of obs   =      3,735
Absorbing 2 HDFE groups                           F(   2,   3542) =     250.62
                                                  Prob > F        =     0.0000
                                                  R-squared       =     0.9922
                                                  Adj R-squared   =     0.9918
                                                  Within R-sq.    =     0.2006
                                                  Root MSE        =     0.1313

------------------------------------------------------------------------------
             |               Robust
    ln_gdppc |      Coef.   Std. Err.      t    P>|t|     [95% Conf. Interval]
-------------+----------------------------------------------------------------
 ln_gaci_cwm |   .7753336   .0434504    17.84   0.000     .6901432     .860524
       lnpop |  -.3570827   .0279595   -12.77   0.000     -.411901   -.3022645
       _cons |   14.29034   .4500495    31.75   0.000     13.40796    15.17272
------------------------------------------------------------------------------

Absorbed degrees of freedom:
-----------------------------------------------------+
 Absorbed FE | Categories  - Redundant  = Num. Coefs |
-------------+---------------------------------------|
     isocode |       164           0         164     |
           y |        28           1          27     |
-----------------------------------------------------+
(dropped 2 singleton observations)
(MWFE estimator converged in 6 iterations)

IV (2SLS) estimation
--------------------

Estimates efficient for homoskedasticity only
Statistics robust to heteroskedasticity

                                                      Number of obs =     3735
                                                      F(  2,  3542) =    51.86
                                                      Prob > F      =   0.0000
Total (centered) SS     =  76.40944276                Centered R2   =  -0.0461
Total (uncentered) SS   =  76.40944276                Uncentered R2 =  -0.0461
Residual SS             =  79.93082618                Root MSE      =    .1502

------------------------------------------------------------------------------
             |               Robust
    ln_gdppc |      Coef.   Std. Err.      t    P>|t|     [95% Conf. Interval]
-------------+----------------------------------------------------------------
 ln_gaci_cwm |  -.2064662   .8815222    -0.23   0.815    -1.934808    1.521876
       lnpop |  -.3445498   .0356582    -9.66   0.000    -.4144625    -.274637
------------------------------------------------------------------------------
Underidentification test (Kleibergen-Paap rk LM statistic):              7.118
                                                   Chi-sq(1) P-val =    0.0076
------------------------------------------------------------------------------
Weak identification test (Cragg-Donald Wald F statistic):               11.467
                         (Kleibergen-Paap rk Wald F statistic):          6.938
Stock-Yogo weak ID test critical values: 10% maximal IV size             16.38
                                         15% maximal IV size              8.96
                                         20% maximal IV size              6.66
                                         25% maximal IV size              5.53
Source: Stock-Yogo (2005).  Reproduced by permission.
NB: Critical values are for Cragg-Donald F statistic and i.i.d. errors.
------------------------------------------------------------------------------
Hansen J statistic (overidentification test of all instruments):         0.000
                                                 (equation exactly identified)
------------------------------------------------------------------------------
Instrumented:         ln_gaci_cwm
Included instruments: lnpop
Excluded instruments: tourism_int
Partialled-out:       _cons
                      nb: total SS, model F and R2s are after partialling-out;
                          any small-sample adjustments include partialled-out
                          variables in regressor count K
------------------------------------------------------------------------------

Absorbed degrees of freedom:
-----------------------------------------------------+
 Absorbed FE | Categories  - Redundant  = Num. Coefs |
-------------+---------------------------------------|
     isocode |       164           0         164     |
           y |        28           1          27     |
-----------------------------------------------------+
(dropped 2 singleton observations)
(MWFE estimator converged in 6 iterations)

IV (2SLS) estimation
--------------------

Estimates efficient for homoskedasticity only
Statistics robust to heteroskedasticity and clustering on isocode

Number of clusters (isocode) =     164                Number of obs =     3735
                                                      F(  2,   163) =     4.32
                                                      Prob > F      =   0.0149
Total (centered) SS     =  76.40944276                Centered R2   =  -0.0461
Total (uncentered) SS   =  76.40944276                Uncentered R2 =  -0.0461
Residual SS             =  79.93082618                Root MSE      =    .1469

------------------------------------------------------------------------------
             |               Robust
    ln_gdppc |      Coef.   Std. Err.      t    P>|t|     [95% Conf. Interval]
-------------+----------------------------------------------------------------
 ln_gaci_cwm |  -.2064662   1.748307    -0.12   0.906    -3.658715    3.245783
       lnpop |  -.3445498   .1207388    -2.85   0.005    -.5829635    -.106136
------------------------------------------------------------------------------
Underidentification test (Kleibergen-Paap rk LM statistic):              2.010
                                                   Chi-sq(1) P-val =    0.1563
------------------------------------------------------------------------------
Weak identification test (Cragg-Donald Wald F statistic):               11.998
                         (Kleibergen-Paap rk Wald F statistic):          2.118
Stock-Yogo weak ID test critical values: 10% maximal IV size             16.38
                                         15% maximal IV size              8.96
                                         20% maximal IV size              6.66
                                         25% maximal IV size              5.53
Source: Stock-Yogo (2005).  Reproduced by permission.
NB: Critical values are for Cragg-Donald F statistic and i.i.d. errors.
------------------------------------------------------------------------------
Hansen J statistic (overidentification test of all instruments):         0.000
                                                 (equation exactly identified)
------------------------------------------------------------------------------
Instrumented:         ln_gaci_cwm
Included instruments: lnpop
Excluded instruments: tourism_int
Partialled-out:       _cons
                      nb: total SS, model F and R2s are after partialling-out;
                          any small-sample adjustments include partialled-out
                          variables in regressor count K
------------------------------------------------------------------------------

Absorbed degrees of freedom:
-----------------------------------------------------+
 Absorbed FE | Categories  - Redundant  = Num. Coefs |
-------------+---------------------------------------|
     isocode |       164         164           0    *|
           y |        28           1          27     |
-----------------------------------------------------+
* = FE nested within cluster; treated as redundant for DoF computation
(dropped 2 singleton observations)
(MWFE estimator converged in 6 iterations)

HDFE Linear regression                            Number of obs   =      3,735
Absorbing 2 HDFE groups                           F(   2,   3542) =     204.38
                                                  Prob > F        =     0.0000
                                                  R-squared       =     0.9898
                                                  Adj R-squared   =     0.9893
                                                  Within R-sq.    =     0.1458
                                                  Root MSE        =     0.2347

------------------------------------------------------------------------------
             |               Robust
       lngdp |      Coef.   Std. Err.      t    P>|t|     [95% Conf. Interval]
-------------+----------------------------------------------------------------
 ln_gaci_cwm |   .9970715   .0683451    14.59   0.000     .8630718    1.131071
       lnpop |   .6713418   .0478922    14.02   0.000     .5774427    .7652409
       _cons |    13.6543   .7706336    17.72   0.000     12.14337    15.16523
------------------------------------------------------------------------------

Absorbed degrees of freedom:
-----------------------------------------------------+
 Absorbed FE | Categories  - Redundant  = Num. Coefs |
-------------+---------------------------------------|
     isocode |       164           0         164     |
           y |        28           1          27     |
-----------------------------------------------------+
(dropped 2 singleton observations)
(MWFE estimator converged in 6 iterations)

IV (2SLS) estimation
--------------------

Estimates efficient for homoskedasticity only
Statistics robust to heteroskedasticity

                                                      Number of obs =     3735
                                                      F(  2,  3542) =    95.62
                                                      Prob > F      =   0.0000
Total (centered) SS     =  228.4391679                Centered R2   =   0.1309
Total (uncentered) SS   =  228.4391679                Uncentered R2 =   0.1309
Residual SS             =   198.532054                Root MSE      =    .2368

------------------------------------------------------------------------------
             |               Robust
       lngdp |      Coef.   Std. Err.      t    P>|t|     [95% Conf. Interval]
-------------+----------------------------------------------------------------
 ln_gaci_cwm |   .5803369   1.129909     0.51   0.608    -1.635001    2.795675
       lnpop |   .6766615   .0522978    12.94   0.000     .5741247    .7791983
------------------------------------------------------------------------------
Underidentification test (Kleibergen-Paap rk LM statistic):              7.118
                                                   Chi-sq(1) P-val =    0.0076
------------------------------------------------------------------------------
Weak identification test (Cragg-Donald Wald F statistic):               11.467
                         (Kleibergen-Paap rk Wald F statistic):          6.938
Stock-Yogo weak ID test critical values: 10% maximal IV size             16.38
                                         15% maximal IV size              8.96
                                         20% maximal IV size              6.66
                                         25% maximal IV size              5.53
Source: Stock-Yogo (2005).  Reproduced by permission.
NB: Critical values are for Cragg-Donald F statistic and i.i.d. errors.
------------------------------------------------------------------------------
Hansen J statistic (overidentification test of all instruments):         0.000
                                                 (equation exactly identified)
------------------------------------------------------------------------------
Instrumented:         ln_gaci_cwm
Included instruments: lnpop
Excluded instruments: tourism_int
Partialled-out:       _cons
                      nb: total SS, model F and R2s are after partialling-out;
                          any small-sample adjustments include partialled-out
                          variables in regressor count K
------------------------------------------------------------------------------

Absorbed degrees of freedom:
-----------------------------------------------------+
 Absorbed FE | Categories  - Redundant  = Num. Coefs |
-------------+---------------------------------------|
     isocode |       164           0         164     |
           y |        28           1          27     |
-----------------------------------------------------+
(dropped 2 singleton observations)
(MWFE estimator converged in 6 iterations)

IV (2SLS) estimation
--------------------

Estimates efficient for homoskedasticity only
Statistics robust to heteroskedasticity and clustering on isocode

Number of clusters (isocode) =     164                Number of obs =     3735
                                                      F(  2,   163) =    10.28
                                                      Prob > F      =   0.0001
Total (centered) SS     =  228.4391679                Centered R2   =   0.1309
Total (uncentered) SS   =  228.4391679                Uncentered R2 =   0.1309
Residual SS             =   198.532054                Root MSE      =    .2315

------------------------------------------------------------------------------
             |               Robust
       lngdp |      Coef.   Std. Err.      t    P>|t|     [95% Conf. Interval]
-------------+----------------------------------------------------------------
 ln_gaci_cwm |   .5803369   2.436434     0.24   0.812    -4.230705    5.391379
       lnpop |   .6766615   .1585719     4.27   0.000     .3635415    .9897815
------------------------------------------------------------------------------
Underidentification test (Kleibergen-Paap rk LM statistic):              2.010
                                                   Chi-sq(1) P-val =    0.1563
------------------------------------------------------------------------------
Weak identification test (Cragg-Donald Wald F statistic):               11.998
                         (Kleibergen-Paap rk Wald F statistic):          2.118
Stock-Yogo weak ID test critical values: 10% maximal IV size             16.38
                                         15% maximal IV size              8.96
                                         20% maximal IV size              6.66
                                         25% maximal IV size              5.53
Source: Stock-Yogo (2005).  Reproduced by permission.
NB: Critical values are for Cragg-Donald F statistic and i.i.d. errors.
------------------------------------------------------------------------------
Hansen J statistic (overidentification test of all instruments):         0.000
                                                 (equation exactly identified)
------------------------------------------------------------------------------
Instrumented:         ln_gaci_cwm
Included instruments: lnpop
Excluded instruments: tourism_int
Partialled-out:       _cons
                      nb: total SS, model F and R2s are after partialling-out;
                          any small-sample adjustments include partialled-out
                          variables in regressor count K
------------------------------------------------------------------------------

Absorbed degrees of freedom:
-----------------------------------------------------+
 Absorbed FE | Categories  - Redundant  = Num. Coefs |
-------------+---------------------------------------|
     isocode |       164         164           0    *|
           y |        28           1          27     |
-----------------------------------------------------+
* = FE nested within cluster; treated as redundant for DoF computation
(dropped 2 singleton observations)
(MWFE estimator converged in 6 iterations)

HDFE Linear regression                            Number of obs   =      3,714
Absorbing 2 HDFE groups                           F(   2,   3522) =     224.89
                                                  Prob > F        =     0.0000
                                                  R-squared       =     0.9973
                                                  Adj R-squared   =     0.9972
                                                  Within R-sq.    =     0.1714
                                                  Root MSE        =     0.1389

------------------------------------------------------------------------------
             |               Robust
ln_avg_all~d |      Coef.   Std. Err.      t    P>|t|     [95% Conf. Interval]
-------------+----------------------------------------------------------------
 ln_gaci_cwm |   .7084848   .0441811    16.04   0.000     .6218616     .795108
       lnpop |  -.3883718   .0310561   -12.51   0.000    -.4492615   -.3274821
       _cons |   18.81166   .5003501    37.60   0.000     17.83065    19.79266
------------------------------------------------------------------------------

Absorbed degrees of freedom:
-----------------------------------------------------+
 Absorbed FE | Categories  - Redundant  = Num. Coefs |
-------------+---------------------------------------|
     isocode |       163           0         163     |
           y |        28           1          27     |
-----------------------------------------------------+
(dropped 2 singleton observations)
(MWFE estimator converged in 6 iterations)

IV (2SLS) estimation
--------------------

Estimates efficient for homoskedasticity only
Statistics robust to heteroskedasticity

                                                      Number of obs =     3714
                                                      F(  2,  3522) =    48.69
                                                      Prob > F      =   0.0000
Total (centered) SS     =  81.98739539                Centered R2   =  -0.2437
Total (uncentered) SS   =  81.98739539                Uncentered R2 =  -0.2437
Residual SS             =  101.9666144                Root MSE      =    .1702

------------------------------------------------------------------------------
             |               Robust
ln_avg_all~d |      Coef.   Std. Err.      t    P>|t|     [95% Conf. Interval]
-------------+----------------------------------------------------------------
 ln_gaci_cwm |  -.6116737   .9323197    -0.66   0.512    -2.439615    1.216267
       lnpop |  -.3709373     .04003    -9.27   0.000    -.4494217    -.292453
------------------------------------------------------------------------------
Underidentification test (Kleibergen-Paap rk LM statistic):              7.030
                                                   Chi-sq(1) P-val =    0.0080
------------------------------------------------------------------------------
Weak identification test (Cragg-Donald Wald F statistic):               11.279
                         (Kleibergen-Paap rk Wald F statistic):          6.851
Stock-Yogo weak ID test critical values: 10% maximal IV size             16.38
                                         15% maximal IV size              8.96
                                         20% maximal IV size              6.66
                                         25% maximal IV size              5.53
Source: Stock-Yogo (2005).  Reproduced by permission.
NB: Critical values are for Cragg-Donald F statistic and i.i.d. errors.
------------------------------------------------------------------------------
Hansen J statistic (overidentification test of all instruments):         0.000
                                                 (equation exactly identified)
------------------------------------------------------------------------------
Instrumented:         ln_gaci_cwm
Included instruments: lnpop
Excluded instruments: tourism_int
Partialled-out:       _cons
                      nb: total SS, model F and R2s are after partialling-out;
                          any small-sample adjustments include partialled-out
                          variables in regressor count K
------------------------------------------------------------------------------

Absorbed degrees of freedom:
-----------------------------------------------------+
 Absorbed FE | Categories  - Redundant  = Num. Coefs |
-------------+---------------------------------------|
     isocode |       163           0         163     |
           y |        28           1          27     |
-----------------------------------------------------+
(dropped 2 singleton observations)
(MWFE estimator converged in 6 iterations)

IV (2SLS) estimation
--------------------

Estimates efficient for homoskedasticity only
Statistics robust to heteroskedasticity and clustering on isocode

Number of clusters (isocode) =     163                Number of obs =     3714
                                                      F(  2,   162) =     4.49
                                                      Prob > F      =   0.0127
Total (centered) SS     =  81.98739539                Centered R2   =  -0.2437
Total (uncentered) SS   =  81.98739539                Uncentered R2 =  -0.2437
Residual SS             =  101.9666144                Root MSE      =    .1663

------------------------------------------------------------------------------
             |               Robust
ln_avg_all~d |      Coef.   Std. Err.      t    P>|t|     [95% Conf. Interval]
-------------+----------------------------------------------------------------
 ln_gaci_cwm |  -.6116737   1.791152    -0.34   0.733     -4.14869    2.925343
       lnpop |  -.3709373   .1289277    -2.88   0.005    -.6255329   -.1163417
------------------------------------------------------------------------------
Underidentification test (Kleibergen-Paap rk LM statistic):              1.985
                                                   Chi-sq(1) P-val =    0.1589
------------------------------------------------------------------------------
Weak identification test (Cragg-Donald Wald F statistic):               11.801
                         (Kleibergen-Paap rk Wald F statistic):          2.091
Stock-Yogo weak ID test critical values: 10% maximal IV size             16.38
                                         15% maximal IV size              8.96
                                         20% maximal IV size              6.66
                                         25% maximal IV size              5.53
Source: Stock-Yogo (2005).  Reproduced by permission.
NB: Critical values are for Cragg-Donald F statistic and i.i.d. errors.
------------------------------------------------------------------------------
Hansen J statistic (overidentification test of all instruments):         0.000
                                                 (equation exactly identified)
------------------------------------------------------------------------------
Instrumented:         ln_gaci_cwm
Included instruments: lnpop
Excluded instruments: tourism_int
Partialled-out:       _cons
                      nb: total SS, model F and R2s are after partialling-out;
                          any small-sample adjustments include partialled-out
                          variables in regressor count K
------------------------------------------------------------------------------

Absorbed degrees of freedom:
-----------------------------------------------------+
 Absorbed FE | Categories  - Redundant  = Num. Coefs |
-------------+---------------------------------------|
     isocode |       163         163           0    *|
           y |        28           1          27     |
-----------------------------------------------------+
* = FE nested within cluster; treated as redundant for DoF computation
(dropped 2 singleton observations)
(MWFE estimator converged in 6 iterations)

HDFE Linear regression                            Number of obs   =      3,714
Absorbing 2 HDFE groups                           F(   2,   3522) =     122.84
                                                  Prob > F        =     0.0000
                                                  R-squared       =     0.9963
                                                  Adj R-squared   =     0.9961
                                                  Within R-sq.    =     0.1013
                                                  Root MSE        =     0.1615

------------------------------------------------------------------------------
             |               Robust
ln_avg_bot~d |      Coef.   Std. Err.      t    P>|t|     [95% Conf. Interval]
-------------+----------------------------------------------------------------
 ln_gaci_cwm |   .6560142    .050116    13.09   0.000     .5577548    .7542735
       lnpop |  -.2645921   .0364801    -7.25   0.000    -.3361163   -.1930678
       _cons |   15.56302   .5876826    26.48   0.000     14.41079    16.71526
------------------------------------------------------------------------------

Absorbed degrees of freedom:
-----------------------------------------------------+
 Absorbed FE | Categories  - Redundant  = Num. Coefs |
-------------+---------------------------------------|
     isocode |       163           0         163     |
           y |        28           1          27     |
-----------------------------------------------------+
(dropped 2 singleton observations)
(MWFE estimator converged in 6 iterations)

IV (2SLS) estimation
--------------------

Estimates efficient for homoskedasticity only
Statistics robust to heteroskedasticity

                                                      Number of obs =     3714
                                                      F(  2,  3522) =    19.17
                                                      Prob > F      =   0.0000
Total (centered) SS     =  102.1602929                Centered R2   =  -0.2959
Total (uncentered) SS   =  102.1602929                Uncentered R2 =  -0.2959
Residual SS             =  132.3924534                Root MSE      =    .1939

------------------------------------------------------------------------------
             |               Robust
ln_avg_bot~d |      Coef.   Std. Err.      t    P>|t|     [95% Conf. Interval]
-------------+----------------------------------------------------------------
 ln_gaci_cwm |   -.785422   1.025417    -0.77   0.444    -2.795893    1.225049
       lnpop |  -.2455559   .0431063    -5.70   0.000    -.3300718   -.1610401
------------------------------------------------------------------------------
Underidentification test (Kleibergen-Paap rk LM statistic):              7.030
                                                   Chi-sq(1) P-val =    0.0080
------------------------------------------------------------------------------
Weak identification test (Cragg-Donald Wald F statistic):               11.279
                         (Kleibergen-Paap rk Wald F statistic):          6.851
Stock-Yogo weak ID test critical values: 10% maximal IV size             16.38
                                         15% maximal IV size              8.96
                                         20% maximal IV size              6.66
                                         25% maximal IV size              5.53
Source: Stock-Yogo (2005).  Reproduced by permission.
NB: Critical values are for Cragg-Donald F statistic and i.i.d. errors.
------------------------------------------------------------------------------
Hansen J statistic (overidentification test of all instruments):         0.000
                                                 (equation exactly identified)
------------------------------------------------------------------------------
Instrumented:         ln_gaci_cwm
Included instruments: lnpop
Excluded instruments: tourism_int
Partialled-out:       _cons
                      nb: total SS, model F and R2s are after partialling-out;
                          any small-sample adjustments include partialled-out
                          variables in regressor count K
------------------------------------------------------------------------------

Absorbed degrees of freedom:
-----------------------------------------------------+
 Absorbed FE | Categories  - Redundant  = Num. Coefs |
-------------+---------------------------------------|
     isocode |       163           0         163     |
           y |        28           1          27     |
-----------------------------------------------------+
(dropped 2 singleton observations)
(MWFE estimator converged in 6 iterations)

IV (2SLS) estimation
--------------------

Estimates efficient for homoskedasticity only
Statistics robust to heteroskedasticity and clustering on isocode

Number of clusters (isocode) =     163                Number of obs =     3714
                                                      F(  2,   162) =     1.95
                                                      Prob > F      =   0.1461
Total (centered) SS     =  102.1602929                Centered R2   =  -0.2959
Total (uncentered) SS   =  102.1602929                Uncentered R2 =  -0.2959
Residual SS             =  132.3924534                Root MSE      =    .1895

------------------------------------------------------------------------------
             |               Robust
ln_avg_bot~d |      Coef.   Std. Err.      t    P>|t|     [95% Conf. Interval]
-------------+----------------------------------------------------------------
 ln_gaci_cwm |   -.785422   2.026807    -0.39   0.699     -4.78779    3.216946
       lnpop |  -.2455559   .1323537    -1.86   0.065     -.506917    .0158051
------------------------------------------------------------------------------
Underidentification test (Kleibergen-Paap rk LM statistic):              1.985
                                                   Chi-sq(1) P-val =    0.1589
------------------------------------------------------------------------------
Weak identification test (Cragg-Donald Wald F statistic):               11.801
                         (Kleibergen-Paap rk Wald F statistic):          2.091
Stock-Yogo weak ID test critical values: 10% maximal IV size             16.38
                                         15% maximal IV size              8.96
                                         20% maximal IV size              6.66
                                         25% maximal IV size              5.53
Source: Stock-Yogo (2005).  Reproduced by permission.
NB: Critical values are for Cragg-Donald F statistic and i.i.d. errors.
------------------------------------------------------------------------------
Hansen J statistic (overidentification test of all instruments):         0.000
                                                 (equation exactly identified)
------------------------------------------------------------------------------
Instrumented:         ln_gaci_cwm
Included instruments: lnpop
Excluded instruments: tourism_int
Partialled-out:       _cons
                      nb: total SS, model F and R2s are after partialling-out;
                          any small-sample adjustments include partialled-out
                          variables in regressor count K
------------------------------------------------------------------------------

Absorbed degrees of freedom:
-----------------------------------------------------+
 Absorbed FE | Categories  - Redundant  = Num. Coefs |
-------------+---------------------------------------|
     isocode |       163         163           0    *|
           y |        28           1          27     |
-----------------------------------------------------+
* = FE nested within cluster; treated as redundant for DoF computation
(dropped 2 singleton observations)
(MWFE estimator converged in 6 iterations)

HDFE Linear regression                            Number of obs   =      3,714
Absorbing 2 HDFE groups                           F(   2,   3522) =     278.91
                                                  Prob > F        =     0.0000
                                                  R-squared       =     0.9970
                                                  Adj R-squared   =     0.9969
                                                  Within R-sq.    =     0.1899
                                                  Root MSE        =     0.1501

------------------------------------------------------------------------------
             |               Robust
ln_avg_top~d |      Coef.   Std. Err.      t    P>|t|     [95% Conf. Interval]
-------------+----------------------------------------------------------------
 ln_gaci_cwm |   .7737781    .045622    16.96   0.000       .68433    .8632263
       lnpop |   -.493319   .0309667   -15.93   0.000    -.5540335   -.4326045
       _cons |   21.98752   .4988224    44.08   0.000     21.00951    22.96553
------------------------------------------------------------------------------

Absorbed degrees of freedom:
-----------------------------------------------------+
 Absorbed FE | Categories  - Redundant  = Num. Coefs |
-------------+---------------------------------------|
     isocode |       163           0         163     |
           y |        28           1          27     |
-----------------------------------------------------+
(dropped 2 singleton observations)
(MWFE estimator converged in 6 iterations)

IV (2SLS) estimation
--------------------

Estimates efficient for homoskedasticity only
Statistics robust to heteroskedasticity

                                                      Number of obs =     3714
                                                      F(  2,  3522) =   101.94
                                                      Prob > F      =   0.0000
Total (centered) SS     =  97.98314594                Centered R2   =   0.0644
Total (uncentered) SS   =  97.98314594                Uncentered R2 =   0.0644
Residual SS             =  91.66832495                Root MSE      =    .1613

------------------------------------------------------------------------------
             |               Robust
ln_avg_top~d |      Coef.   Std. Err.      t    P>|t|     [95% Conf. Interval]
-------------+----------------------------------------------------------------
 ln_gaci_cwm |  -.0194681   .8657465    -0.02   0.982    -1.716883    1.677947
       lnpop |  -.4828431   .0355574   -13.58   0.000    -.5525584   -.4131279
------------------------------------------------------------------------------
Underidentification test (Kleibergen-Paap rk LM statistic):              7.030
                                                   Chi-sq(1) P-val =    0.0080
------------------------------------------------------------------------------
Weak identification test (Cragg-Donald Wald F statistic):               11.279
                         (Kleibergen-Paap rk Wald F statistic):          6.851
Stock-Yogo weak ID test critical values: 10% maximal IV size             16.38
                                         15% maximal IV size              8.96
                                         20% maximal IV size              6.66
                                         25% maximal IV size              5.53
Source: Stock-Yogo (2005).  Reproduced by permission.
NB: Critical values are for Cragg-Donald F statistic and i.i.d. errors.
------------------------------------------------------------------------------
Hansen J statistic (overidentification test of all instruments):         0.000
                                                 (equation exactly identified)
------------------------------------------------------------------------------
Instrumented:         ln_gaci_cwm
Included instruments: lnpop
Excluded instruments: tourism_int
Partialled-out:       _cons
                      nb: total SS, model F and R2s are after partialling-out;
                          any small-sample adjustments include partialled-out
                          variables in regressor count K
------------------------------------------------------------------------------

Absorbed degrees of freedom:
-----------------------------------------------------+
 Absorbed FE | Categories  - Redundant  = Num. Coefs |
-------------+---------------------------------------|
     isocode |       163           0         163     |
           y |        28           1          27     |
-----------------------------------------------------+
(dropped 2 singleton observations)
(MWFE estimator converged in 6 iterations)

IV (2SLS) estimation
--------------------

Estimates efficient for homoskedasticity only
Statistics robust to heteroskedasticity and clustering on isocode

Number of clusters (isocode) =     163                Number of obs =     3714
                                                      F(  2,   162) =     9.58
                                                      Prob > F      =   0.0001
Total (centered) SS     =  97.98314594                Centered R2   =   0.0644
Total (uncentered) SS   =  97.98314594                Uncentered R2 =   0.0644
Residual SS             =  91.66832495                Root MSE      =    .1577

------------------------------------------------------------------------------
             |               Robust
ln_avg_top~d |      Coef.   Std. Err.      t    P>|t|     [95% Conf. Interval]
-------------+----------------------------------------------------------------
 ln_gaci_cwm |  -.0194681   1.738295    -0.01   0.991    -3.452107    3.413171
       lnpop |  -.4828431   .1127539    -4.28   0.000    -.7055001   -.2601862
------------------------------------------------------------------------------
Underidentification test (Kleibergen-Paap rk LM statistic):              1.985
                                                   Chi-sq(1) P-val =    0.1589
------------------------------------------------------------------------------
Weak identification test (Cragg-Donald Wald F statistic):               11.801
                         (Kleibergen-Paap rk Wald F statistic):          2.091
Stock-Yogo weak ID test critical values: 10% maximal IV size             16.38
                                         15% maximal IV size              8.96
                                         20% maximal IV size              6.66
                                         25% maximal IV size              5.53
Source: Stock-Yogo (2005).  Reproduced by permission.
NB: Critical values are for Cragg-Donald F statistic and i.i.d. errors.
------------------------------------------------------------------------------
Hansen J statistic (overidentification test of all instruments):         0.000
                                                 (equation exactly identified)
------------------------------------------------------------------------------
Instrumented:         ln_gaci_cwm
Included instruments: lnpop
Excluded instruments: tourism_int
Partialled-out:       _cons
                      nb: total SS, model F and R2s are after partialling-out;
                          any small-sample adjustments include partialled-out
                          variables in regressor count K
------------------------------------------------------------------------------

Absorbed degrees of freedom:
-----------------------------------------------------+
 Absorbed FE | Categories  - Redundant  = Num. Coefs |
-------------+---------------------------------------|
     isocode |       163         163           0    *|
           y |        28           1          27     |
-----------------------------------------------------+
* = FE nested within cluster; treated as redundant for DoF computation
(dropped 2 singleton observations)
(MWFE estimator converged in 6 iterations)

HDFE Linear regression                            Number of obs   =      3,714
Absorbing 2 HDFE groups                           F(   2,   3522) =      41.68
                                                  Prob > F        =     0.0000
                                                  R-squared       =     0.9382
                                                  Adj R-squared   =     0.9349
                                                  Within R-sq.    =     0.0269
                                                  Root MSE        =     0.1360

------------------------------------------------------------------------------
             |               Robust
ln_ratio_avg |      Coef.   Std. Err.      t    P>|t|     [95% Conf. Interval]
-------------+----------------------------------------------------------------
 ln_gaci_cwm |   .1177639   .0368763     3.19   0.001     .0454629    .1900649
       lnpop |  -.2287269   .0260987    -8.76   0.000     -.279897   -.1775569
       _cons |   6.424496   .4200535    15.29   0.000     5.600924    7.248069
------------------------------------------------------------------------------

Absorbed degrees of freedom:
-----------------------------------------------------+
 Absorbed FE | Categories  - Redundant  = Num. Coefs |
-------------+---------------------------------------|
     isocode |       163           0         163     |
           y |        28           1          27     |
-----------------------------------------------------+
(dropped 2 singleton observations)
(MWFE estimator converged in 6 iterations)

IV (2SLS) estimation
--------------------

Estimates efficient for homoskedasticity only
Statistics robust to heteroskedasticity

                                                      Number of obs =     3714
                                                      F(  2,  3522) =    37.85
                                                      Prob > F      =   0.0000
Total (centered) SS     =   66.9308618                Centered R2   =  -0.0957
Total (uncentered) SS   =   66.9308618                Uncentered R2 =  -0.0957
Residual SS             =  73.33701323                Root MSE      =    .1443

------------------------------------------------------------------------------
             |               Robust
ln_ratio_avg |      Coef.   Std. Err.      t    P>|t|     [95% Conf. Interval]
-------------+----------------------------------------------------------------
 ln_gaci_cwm |   .7659539    .681965     1.12   0.261    -.5711324     2.10304
       lnpop |  -.2372872   .0276388    -8.59   0.000    -.2914769   -.1830974
------------------------------------------------------------------------------
Underidentification test (Kleibergen-Paap rk LM statistic):              7.030
                                                   Chi-sq(1) P-val =    0.0080
------------------------------------------------------------------------------
Weak identification test (Cragg-Donald Wald F statistic):               11.279
                         (Kleibergen-Paap rk Wald F statistic):          6.851
Stock-Yogo weak ID test critical values: 10% maximal IV size             16.38
                                         15% maximal IV size              8.96
                                         20% maximal IV size              6.66
                                         25% maximal IV size              5.53
Source: Stock-Yogo (2005).  Reproduced by permission.
NB: Critical values are for Cragg-Donald F statistic and i.i.d. errors.
------------------------------------------------------------------------------
Hansen J statistic (overidentification test of all instruments):         0.000
                                                 (equation exactly identified)
------------------------------------------------------------------------------
Instrumented:         ln_gaci_cwm
Included instruments: lnpop
Excluded instruments: tourism_int
Partialled-out:       _cons
                      nb: total SS, model F and R2s are after partialling-out;
                          any small-sample adjustments include partialled-out
                          variables in regressor count K
------------------------------------------------------------------------------

Absorbed degrees of freedom:
-----------------------------------------------------+
 Absorbed FE | Categories  - Redundant  = Num. Coefs |
-------------+---------------------------------------|
     isocode |       163           0         163     |
           y |        28           1          27     |
-----------------------------------------------------+
(dropped 2 singleton observations)
(MWFE estimator converged in 6 iterations)

IV (2SLS) estimation
--------------------

Estimates efficient for homoskedasticity only
Statistics robust to heteroskedasticity and clustering on isocode

Number of clusters (isocode) =     163                Number of obs =     3714
                                                      F(  2,   162) =     4.46
                                                      Prob > F      =   0.0130
Total (centered) SS     =   66.9308618                Centered R2   =  -0.0957
Total (uncentered) SS   =   66.9308618                Uncentered R2 =  -0.0957
Residual SS             =  73.33701323                Root MSE      =    .1411

------------------------------------------------------------------------------
             |               Robust
ln_ratio_avg |      Coef.   Std. Err.      t    P>|t|     [95% Conf. Interval]
-------------+----------------------------------------------------------------
 ln_gaci_cwm |   .7659539   1.603493     0.48   0.634     -2.40049    3.932398
       lnpop |  -.2372872   .0794514    -2.99   0.003    -.3941811   -.0803933
------------------------------------------------------------------------------
Underidentification test (Kleibergen-Paap rk LM statistic):              1.985
                                                   Chi-sq(1) P-val =    0.1589
------------------------------------------------------------------------------
Weak identification test (Cragg-Donald Wald F statistic):               11.801
                         (Kleibergen-Paap rk Wald F statistic):          2.091
Stock-Yogo weak ID test critical values: 10% maximal IV size             16.38
                                         15% maximal IV size              8.96
                                         20% maximal IV size              6.66
                                         25% maximal IV size              5.53
Source: Stock-Yogo (2005).  Reproduced by permission.
NB: Critical values are for Cragg-Donald F statistic and i.i.d. errors.
------------------------------------------------------------------------------
Hansen J statistic (overidentification test of all instruments):         0.000
                                                 (equation exactly identified)
------------------------------------------------------------------------------
Instrumented:         ln_gaci_cwm
Included instruments: lnpop
Excluded instruments: tourism_int
Partialled-out:       _cons
                      nb: total SS, model F and R2s are after partialling-out;
                          any small-sample adjustments include partialled-out
                          variables in regressor count K
------------------------------------------------------------------------------

Absorbed degrees of freedom:
-----------------------------------------------------+
 Absorbed FE | Categories  - Redundant  = Num. Coefs |
-------------+---------------------------------------|
     isocode |       163         163           0    *|
           y |        28           1          27     |
-----------------------------------------------------+
* = FE nested within cluster; treated as redundant for DoF computation
(dropped 2 singleton observations)
(MWFE estimator converged in 6 iterations)

HDFE Linear regression                            Number of obs   =      3,735
Absorbing 2 HDFE groups                           F(   2,   3542) =     212.28
                                                  Prob > F        =     0.0000
                                                  R-squared       =     0.9916
                                                  Adj R-squared   =     0.9911
                                                  Within R-sq.    =     0.1394
                                                  Root MSE        =     0.1363

------------------------------------------------------------------------------
             |               Robust
    ln_gdppc |      Coef.   Std. Err.      t    P>|t|     [95% Conf. Interval]
-------------+----------------------------------------------------------------
 ln_gaci_sum |   .1847675    .011711    15.78   0.000     .1618066    .2077284
       lnpop |  -.3679714   .0293968   -12.52   0.000    -.4256078   -.3103351
       _cons |   14.20045   .4744327    29.93   0.000     13.27026    15.13064
------------------------------------------------------------------------------

Absorbed degrees of freedom:
-----------------------------------------------------+
 Absorbed FE | Categories  - Redundant  = Num. Coefs |
-------------+---------------------------------------|
     isocode |       164           0         164     |
           y |        28           1          27     |
-----------------------------------------------------+
(dropped 2 singleton observations)
(MWFE estimator converged in 6 iterations)

IV (2SLS) estimation
--------------------

Estimates efficient for homoskedasticity only
Statistics robust to heteroskedasticity

                                                      Number of obs =     3735
                                                      F(  2,  3542) =    55.25
                                                      Prob > F      =   0.0000
Total (centered) SS     =  76.40944276                Centered R2   =  -0.0422
Total (uncentered) SS   =  76.40944276                Uncentered R2 =  -0.0422
Residual SS             =  79.63225383                Root MSE      =    .1499

------------------------------------------------------------------------------
             |               Robust
    ln_gdppc |      Coef.   Std. Err.      t    P>|t|     [95% Conf. Interval]
-------------+----------------------------------------------------------------
 ln_gaci_sum |  -.0738729   .3116321    -0.24   0.813    -.6848694    .5371236
       lnpop |  -.3388748   .0475592    -7.13   0.000     -.432121   -.2456286
------------------------------------------------------------------------------
Underidentification test (Kleibergen-Paap rk LM statistic):              9.768
                                                   Chi-sq(1) P-val =    0.0018
------------------------------------------------------------------------------
Weak identification test (Cragg-Donald Wald F statistic):                8.435
                         (Kleibergen-Paap rk Wald F statistic):          9.016
Stock-Yogo weak ID test critical values: 10% maximal IV size             16.38
                                         15% maximal IV size              8.96
                                         20% maximal IV size              6.66
                                         25% maximal IV size              5.53
Source: Stock-Yogo (2005).  Reproduced by permission.
NB: Critical values are for Cragg-Donald F statistic and i.i.d. errors.
------------------------------------------------------------------------------
Hansen J statistic (overidentification test of all instruments):         0.000
                                                 (equation exactly identified)
------------------------------------------------------------------------------
Instrumented:         ln_gaci_sum
Included instruments: lnpop
Excluded instruments: tourism_int
Partialled-out:       _cons
                      nb: total SS, model F and R2s are after partialling-out;
                          any small-sample adjustments include partialled-out
                          variables in regressor count K
------------------------------------------------------------------------------

Absorbed degrees of freedom:
-----------------------------------------------------+
 Absorbed FE | Categories  - Redundant  = Num. Coefs |
-------------+---------------------------------------|
     isocode |       164           0         164     |
           y |        28           1          27     |
-----------------------------------------------------+
(dropped 2 singleton observations)
(MWFE estimator converged in 6 iterations)

IV (2SLS) estimation
--------------------

Estimates efficient for homoskedasticity only
Statistics robust to heteroskedasticity and clustering on isocode

Number of clusters (isocode) =     164                Number of obs =     3735
                                                      F(  2,   163) =     4.72
                                                      Prob > F      =   0.0102
Total (centered) SS     =  76.40944276                Centered R2   =  -0.0422
Total (uncentered) SS   =  76.40944276                Uncentered R2 =  -0.0422
Residual SS             =  79.63225383                Root MSE      =    .1466

------------------------------------------------------------------------------
             |               Robust
    ln_gdppc |      Coef.   Std. Err.      t    P>|t|     [95% Conf. Interval]
-------------+----------------------------------------------------------------
 ln_gaci_sum |  -.0738729    .627702    -0.12   0.906    -1.313349    1.165603
       lnpop |  -.3388748   .1340864    -2.53   0.012    -.6036451   -.0741045
------------------------------------------------------------------------------
Underidentification test (Kleibergen-Paap rk LM statistic):              2.422
                                                   Chi-sq(1) P-val =    0.1196
------------------------------------------------------------------------------
Weak identification test (Cragg-Donald Wald F statistic):                8.826
                         (Kleibergen-Paap rk Wald F statistic):          2.429
Stock-Yogo weak ID test critical values: 10% maximal IV size             16.38
                                         15% maximal IV size              8.96
                                         20% maximal IV size              6.66
                                         25% maximal IV size              5.53
Source: Stock-Yogo (2005).  Reproduced by permission.
NB: Critical values are for Cragg-Donald F statistic and i.i.d. errors.
------------------------------------------------------------------------------
Hansen J statistic (overidentification test of all instruments):         0.000
                                                 (equation exactly identified)
------------------------------------------------------------------------------
Instrumented:         ln_gaci_sum
Included instruments: lnpop
Excluded instruments: tourism_int
Partialled-out:       _cons
                      nb: total SS, model F and R2s are after partialling-out;
                          any small-sample adjustments include partialled-out
                          variables in regressor count K
------------------------------------------------------------------------------

Absorbed degrees of freedom:
-----------------------------------------------------+
 Absorbed FE | Categories  - Redundant  = Num. Coefs |
-------------+---------------------------------------|
     isocode |       164         164           0    *|
           y |        28           1          27     |
-----------------------------------------------------+
* = FE nested within cluster; treated as redundant for DoF computation
(dropped 2 singleton observations)
(MWFE estimator converged in 6 iterations)

HDFE Linear regression                            Number of obs   =      3,735
Absorbing 2 HDFE groups                           F(   2,   3542) =     184.38
                                                  Prob > F        =     0.0000
                                                  R-squared       =     0.9897
                                                  Adj R-squared   =     0.9891
                                                  Within R-sq.    =     0.1336
                                                  Root MSE        =     0.2364

------------------------------------------------------------------------------
             |               Robust
       lngdp |      Coef.   Std. Err.      t    P>|t|     [95% Conf. Interval]
-------------+----------------------------------------------------------------
 ln_gaci_sum |   .2832871   .0195324    14.50   0.000     .2449912     .321583
       lnpop |   .6522004   .0515259    12.66   0.000     .5511769    .7532238
       _cons |   13.54435   .8301138    16.32   0.000      11.9168     15.1719
------------------------------------------------------------------------------

Absorbed degrees of freedom:
-----------------------------------------------------+
 Absorbed FE | Categories  - Redundant  = Num. Coefs |
-------------+---------------------------------------|
     isocode |       164           0         164     |
           y |        28           1          27     |
-----------------------------------------------------+
(dropped 2 singleton observations)
(MWFE estimator converged in 6 iterations)

IV (2SLS) estimation
--------------------

Estimates efficient for homoskedasticity only
Statistics robust to heteroskedasticity

                                                      Number of obs =     3735
                                                      F(  2,  3542) =    86.65
                                                      Prob > F      =   0.0000
Total (centered) SS     =  228.4391679                Centered R2   =   0.1284
Total (uncentered) SS   =  228.4391679                Uncentered R2 =   0.1284
Residual SS             =  199.1142088                Root MSE      =    .2371

------------------------------------------------------------------------------
             |               Robust
       lngdp |      Coef.   Std. Err.      t    P>|t|     [95% Conf. Interval]
-------------+----------------------------------------------------------------
 ln_gaci_sum |   .2076426   .4091221     0.51   0.612    -.5944961    1.009781
       lnpop |   .6607102   .0708883     9.32   0.000     .5217243    .7996962
------------------------------------------------------------------------------
Underidentification test (Kleibergen-Paap rk LM statistic):              9.768
                                                   Chi-sq(1) P-val =    0.0018
------------------------------------------------------------------------------
Weak identification test (Cragg-Donald Wald F statistic):                8.435
                         (Kleibergen-Paap rk Wald F statistic):          9.016
Stock-Yogo weak ID test critical values: 10% maximal IV size             16.38
                                         15% maximal IV size              8.96
                                         20% maximal IV size              6.66
                                         25% maximal IV size              5.53
Source: Stock-Yogo (2005).  Reproduced by permission.
NB: Critical values are for Cragg-Donald F statistic and i.i.d. errors.
------------------------------------------------------------------------------
Hansen J statistic (overidentification test of all instruments):         0.000
                                                 (equation exactly identified)
------------------------------------------------------------------------------
Instrumented:         ln_gaci_sum
Included instruments: lnpop
Excluded instruments: tourism_int
Partialled-out:       _cons
                      nb: total SS, model F and R2s are after partialling-out;
                          any small-sample adjustments include partialled-out
                          variables in regressor count K
------------------------------------------------------------------------------

Absorbed degrees of freedom:
-----------------------------------------------------+
 Absorbed FE | Categories  - Redundant  = Num. Coefs |
-------------+---------------------------------------|
     isocode |       164           0         164     |
           y |        28           1          27     |
-----------------------------------------------------+
(dropped 2 singleton observations)
(MWFE estimator converged in 6 iterations)

IV (2SLS) estimation
--------------------

Estimates efficient for homoskedasticity only
Statistics robust to heteroskedasticity and clustering on isocode

Number of clusters (isocode) =     164                Number of obs =     3735
                                                      F(  2,   163) =     8.87
                                                      Prob > F      =   0.0002
Total (centered) SS     =  228.4391679                Centered R2   =   0.1284
Total (uncentered) SS   =  228.4391679                Uncentered R2 =   0.1284
Residual SS             =  199.1142088                Root MSE      =    .2318

------------------------------------------------------------------------------
             |               Robust
       lngdp |      Coef.   Std. Err.      t    P>|t|     [95% Conf. Interval]
-------------+----------------------------------------------------------------
 ln_gaci_sum |   .2076426   .8394366     0.25   0.805     -1.44993    1.865215
       lnpop |   .6607102   .1970092     3.35   0.001      .271691    1.049729
------------------------------------------------------------------------------
Underidentification test (Kleibergen-Paap rk LM statistic):              2.422
                                                   Chi-sq(1) P-val =    0.1196
------------------------------------------------------------------------------
Weak identification test (Cragg-Donald Wald F statistic):                8.826
                         (Kleibergen-Paap rk Wald F statistic):          2.429
Stock-Yogo weak ID test critical values: 10% maximal IV size             16.38
                                         15% maximal IV size              8.96
                                         20% maximal IV size              6.66
                                         25% maximal IV size              5.53
Source: Stock-Yogo (2005).  Reproduced by permission.
NB: Critical values are for Cragg-Donald F statistic and i.i.d. errors.
------------------------------------------------------------------------------
Hansen J statistic (overidentification test of all instruments):         0.000
                                                 (equation exactly identified)
------------------------------------------------------------------------------
Instrumented:         ln_gaci_sum
Included instruments: lnpop
Excluded instruments: tourism_int
Partialled-out:       _cons
                      nb: total SS, model F and R2s are after partialling-out;
                          any small-sample adjustments include partialled-out
                          variables in regressor count K
------------------------------------------------------------------------------

Absorbed degrees of freedom:
-----------------------------------------------------+
 Absorbed FE | Categories  - Redundant  = Num. Coefs |
-------------+---------------------------------------|
     isocode |       164         164           0    *|
           y |        28           1          27     |
-----------------------------------------------------+
* = FE nested within cluster; treated as redundant for DoF computation
(dropped 2 singleton observations)
(MWFE estimator converged in 6 iterations)

HDFE Linear regression                            Number of obs   =      3,714
Absorbing 2 HDFE groups                           F(   2,   3522) =     205.82
                                                  Prob > F        =     0.0000
                                                  R-squared       =     0.9972
                                                  Adj R-squared   =     0.9970
                                                  Within R-sq.    =     0.1264
                                                  Root MSE        =     0.1426

------------------------------------------------------------------------------
             |               Robust
ln_avg_all~d |      Coef.   Std. Err.      t    P>|t|     [95% Conf. Interval]
-------------+----------------------------------------------------------------
 ln_gaci_sum |   .1724151   .0117173    14.71   0.000     .1494417    .1953885
       lnpop |  -.3992708   .0300462   -13.29   0.000    -.4581806    -.340361
       _cons |   18.73988   .4851612    38.63   0.000     17.78865    19.69111
------------------------------------------------------------------------------

Absorbed degrees of freedom:
-----------------------------------------------------+
 Absorbed FE | Categories  - Redundant  = Num. Coefs |
-------------+---------------------------------------|
     isocode |       163           0         163     |
           y |        28           1          27     |
-----------------------------------------------------+
(dropped 2 singleton observations)
(MWFE estimator converged in 6 iterations)

IV (2SLS) estimation
--------------------

Estimates efficient for homoskedasticity only
Statistics robust to heteroskedasticity

                                                      Number of obs =     3714
                                                      F(  2,  3522) =    53.66
                                                      Prob > F      =   0.0000
Total (centered) SS     =  81.98739539                Centered R2   =  -0.2654
Total (uncentered) SS   =  81.98739539                Uncentered R2 =  -0.2654
Residual SS             =  103.7446537                Root MSE      =    .1716

------------------------------------------------------------------------------
             |               Robust
ln_avg_all~d |      Coef.   Std. Err.      t    P>|t|     [95% Conf. Interval]
-------------+----------------------------------------------------------------
 ln_gaci_sum |  -.2228397   .3305679    -0.67   0.500    -.8709635    .4252842
       lnpop |   -.352836   .0522174    -6.76   0.000    -.4552154   -.2504565
------------------------------------------------------------------------------
Underidentification test (Kleibergen-Paap rk LM statistic):              9.305
                                                   Chi-sq(1) P-val =    0.0023
------------------------------------------------------------------------------
Weak identification test (Cragg-Donald Wald F statistic):                8.064
                         (Kleibergen-Paap rk Wald F statistic):          8.597
Stock-Yogo weak ID test critical values: 10% maximal IV size             16.38
                                         15% maximal IV size              8.96
                                         20% maximal IV size              6.66
                                         25% maximal IV size              5.53
Source: Stock-Yogo (2005).  Reproduced by permission.
NB: Critical values are for Cragg-Donald F statistic and i.i.d. errors.
------------------------------------------------------------------------------
Hansen J statistic (overidentification test of all instruments):         0.000
                                                 (equation exactly identified)
------------------------------------------------------------------------------
Instrumented:         ln_gaci_sum
Included instruments: lnpop
Excluded instruments: tourism_int
Partialled-out:       _cons
                      nb: total SS, model F and R2s are after partialling-out;
                          any small-sample adjustments include partialled-out
                          variables in regressor count K
------------------------------------------------------------------------------

Absorbed degrees of freedom:
-----------------------------------------------------+
 Absorbed FE | Categories  - Redundant  = Num. Coefs |
-------------+---------------------------------------|
     isocode |       163           0         163     |
           y |        28           1          27     |
-----------------------------------------------------+
(dropped 2 singleton observations)
(MWFE estimator converged in 6 iterations)

IV (2SLS) estimation
--------------------

Estimates efficient for homoskedasticity only
Statistics robust to heteroskedasticity and clustering on isocode

Number of clusters (isocode) =     163                Number of obs =     3714
                                                      F(  2,   162) =     5.31
                                                      Prob > F      =   0.0059
Total (centered) SS     =  81.98739539                Centered R2   =  -0.2654
Total (uncentered) SS   =  81.98739539                Uncentered R2 =  -0.2654
Residual SS             =  103.7446537                Root MSE      =    .1678

------------------------------------------------------------------------------
             |               Robust
ln_avg_all~d |      Coef.   Std. Err.      t    P>|t|     [95% Conf. Interval]
-------------+----------------------------------------------------------------
 ln_gaci_sum |  -.2228397   .6573385    -0.34   0.735    -1.520896    1.075217
       lnpop |   -.352836   .1373292    -2.57   0.011    -.6240221   -.0816498
------------------------------------------------------------------------------
Underidentification test (Kleibergen-Paap rk LM statistic):              2.311
                                                   Chi-sq(1) P-val =    0.1285
------------------------------------------------------------------------------
Weak identification test (Cragg-Donald Wald F statistic):                8.437
                         (Kleibergen-Paap rk Wald F statistic):          2.315
Stock-Yogo weak ID test critical values: 10% maximal IV size             16.38
                                         15% maximal IV size              8.96
                                         20% maximal IV size              6.66
                                         25% maximal IV size              5.53
Source: Stock-Yogo (2005).  Reproduced by permission.
NB: Critical values are for Cragg-Donald F statistic and i.i.d. errors.
------------------------------------------------------------------------------
Hansen J statistic (overidentification test of all instruments):         0.000
                                                 (equation exactly identified)
------------------------------------------------------------------------------
Instrumented:         ln_gaci_sum
Included instruments: lnpop
Excluded instruments: tourism_int
Partialled-out:       _cons
                      nb: total SS, model F and R2s are after partialling-out;
                          any small-sample adjustments include partialled-out
                          variables in regressor count K
------------------------------------------------------------------------------

Absorbed degrees of freedom:
-----------------------------------------------------+
 Absorbed FE | Categories  - Redundant  = Num. Coefs |
-------------+---------------------------------------|
     isocode |       163         163           0    *|
           y |        28           1          27     |
-----------------------------------------------------+
* = FE nested within cluster; treated as redundant for DoF computation
(dropped 2 singleton observations)
(MWFE estimator converged in 6 iterations)

HDFE Linear regression                            Number of obs   =      3,714
Absorbing 2 HDFE groups                           F(   2,   3522) =     120.34
                                                  Prob > F        =     0.0000
                                                  R-squared       =     0.9962
                                                  Adj R-squared   =     0.9960
                                                  Within R-sq.    =     0.0744
                                                  Root MSE        =     0.1639

------------------------------------------------------------------------------
             |               Robust
ln_avg_bot~d |      Coef.   Std. Err.      t    P>|t|     [95% Conf. Interval]
-------------+----------------------------------------------------------------
 ln_gaci_sum |   .1659708   .0127257    13.04   0.000     .1410204    .1909212
       lnpop |  -.2754269   .0343559    -8.02   0.000    -.3427864   -.2080674
       _cons |   15.49785   .5542079    27.96   0.000     14.41125    16.58445
------------------------------------------------------------------------------

Absorbed degrees of freedom:
-----------------------------------------------------+
 Absorbed FE | Categories  - Redundant  = Num. Coefs |
-------------+---------------------------------------|
     isocode |       163           0         163     |
           y |        28           1          27     |
-----------------------------------------------------+
(dropped 2 singleton observations)
(MWFE estimator converged in 6 iterations)

IV (2SLS) estimation
--------------------

Estimates efficient for homoskedasticity only
Statistics robust to heteroskedasticity

                                                      Number of obs =     3714
                                                      F(  2,  3522) =    20.39
                                                      Prob > F      =   0.0000
Total (centered) SS     =  102.1602929                Centered R2   =  -0.3370
Total (uncentered) SS   =  102.1602929                Uncentered R2 =  -0.3370
Residual SS             =  136.5860629                Root MSE      =    .1969

------------------------------------------------------------------------------
             |               Robust
ln_avg_bot~d |      Coef.   Std. Err.      t    P>|t|     [95% Conf. Interval]
-------------+----------------------------------------------------------------
 ln_gaci_sum |  -.2861382   .3598115    -0.80   0.427    -.9915982    .4193219
       lnpop |  -.2223128   .0569698    -3.90   0.000      -.33401   -.1106156
------------------------------------------------------------------------------
Underidentification test (Kleibergen-Paap rk LM statistic):              9.305
                                                   Chi-sq(1) P-val =    0.0023
------------------------------------------------------------------------------
Weak identification test (Cragg-Donald Wald F statistic):                8.064
                         (Kleibergen-Paap rk Wald F statistic):          8.597
Stock-Yogo weak ID test critical values: 10% maximal IV size             16.38
                                         15% maximal IV size              8.96
                                         20% maximal IV size              6.66
                                         25% maximal IV size              5.53
Source: Stock-Yogo (2005).  Reproduced by permission.
NB: Critical values are for Cragg-Donald F statistic and i.i.d. errors.
------------------------------------------------------------------------------
Hansen J statistic (overidentification test of all instruments):         0.000
                                                 (equation exactly identified)
------------------------------------------------------------------------------
Instrumented:         ln_gaci_sum
Included instruments: lnpop
Excluded instruments: tourism_int
Partialled-out:       _cons
                      nb: total SS, model F and R2s are after partialling-out;
                          any small-sample adjustments include partialled-out
                          variables in regressor count K
------------------------------------------------------------------------------

Absorbed degrees of freedom:
-----------------------------------------------------+
 Absorbed FE | Categories  - Redundant  = Num. Coefs |
-------------+---------------------------------------|
     isocode |       163           0         163     |
           y |        28           1          27     |
-----------------------------------------------------+
(dropped 2 singleton observations)
(MWFE estimator converged in 6 iterations)

IV (2SLS) estimation
--------------------

Estimates efficient for homoskedasticity only
Statistics robust to heteroskedasticity and clustering on isocode

Number of clusters (isocode) =     163                Number of obs =     3714
                                                      F(  2,   162) =     2.20
                                                      Prob > F      =   0.1142
Total (centered) SS     =  102.1602929                Centered R2   =  -0.3370
Total (uncentered) SS   =  102.1602929                Uncentered R2 =  -0.3370
Residual SS             =  136.5860629                Root MSE      =    .1925

------------------------------------------------------------------------------
             |               Robust
ln_avg_bot~d |      Coef.   Std. Err.      t    P>|t|     [95% Conf. Interval]
-------------+----------------------------------------------------------------
 ln_gaci_sum |  -.2861382   .7486272    -0.38   0.703    -1.764464    1.192188
       lnpop |  -.2223128    .145528    -1.53   0.129    -.5096891    .0650636
------------------------------------------------------------------------------
Underidentification test (Kleibergen-Paap rk LM statistic):              2.311
                                                   Chi-sq(1) P-val =    0.1285
------------------------------------------------------------------------------
Weak identification test (Cragg-Donald Wald F statistic):                8.437
                         (Kleibergen-Paap rk Wald F statistic):          2.315
Stock-Yogo weak ID test critical values: 10% maximal IV size             16.38
                                         15% maximal IV size              8.96
                                         20% maximal IV size              6.66
                                         25% maximal IV size              5.53
Source: Stock-Yogo (2005).  Reproduced by permission.
NB: Critical values are for Cragg-Donald F statistic and i.i.d. errors.
------------------------------------------------------------------------------
Hansen J statistic (overidentification test of all instruments):         0.000
                                                 (equation exactly identified)
------------------------------------------------------------------------------
Instrumented:         ln_gaci_sum
Included instruments: lnpop
Excluded instruments: tourism_int
Partialled-out:       _cons
                      nb: total SS, model F and R2s are after partialling-out;
                          any small-sample adjustments include partialled-out
                          variables in regressor count K
------------------------------------------------------------------------------

Absorbed degrees of freedom:
-----------------------------------------------------+
 Absorbed FE | Categories  - Redundant  = Num. Coefs |
-------------+---------------------------------------|
     isocode |       163         163           0    *|
           y |        28           1          27     |
-----------------------------------------------------+
* = FE nested within cluster; treated as redundant for DoF computation
(dropped 2 singleton observations)
(MWFE estimator converged in 6 iterations)

HDFE Linear regression                            Number of obs   =      3,714
Absorbing 2 HDFE groups                           F(   2,   3522) =     232.29
                                                  Prob > F        =     0.0000
                                                  R-squared       =     0.9968
                                                  Adj R-squared   =     0.9967
                                                  Within R-sq.    =     0.1374
                                                  Root MSE        =     0.1549

------------------------------------------------------------------------------
             |               Robust
ln_avg_top~d |      Coef.   Std. Err.      t    P>|t|     [95% Conf. Interval]
-------------+----------------------------------------------------------------
 ln_gaci_sum |   .1784755   .0128516    13.89   0.000     .1532782    .2036728
       lnpop |  -.5040676   .0314494   -16.03   0.000    -.5657285   -.4424068
       _cons |   21.90713   .5076574    43.15   0.000      20.9118    22.90246
------------------------------------------------------------------------------

Absorbed degrees of freedom:
-----------------------------------------------------+
 Absorbed FE | Categories  - Redundant  = Num. Coefs |
-------------+---------------------------------------|
     isocode |       163           0         163     |
           y |        28           1          27     |
-----------------------------------------------------+
(dropped 2 singleton observations)
(MWFE estimator converged in 6 iterations)

IV (2SLS) estimation
--------------------

Estimates efficient for homoskedasticity only
Statistics robust to heteroskedasticity

                                                      Number of obs =     3714
                                                      F(  2,  3522) =   102.32
                                                      Prob > F      =   0.0000
Total (centered) SS     =  97.98314594                Centered R2   =   0.0651
Total (uncentered) SS   =  97.98314594                Uncentered R2 =   0.0651
Residual SS             =  91.60345995                Root MSE      =    .1613

------------------------------------------------------------------------------
             |               Robust
ln_avg_top~d |      Coef.   Std. Err.      t    P>|t|     [95% Conf. Interval]
-------------+----------------------------------------------------------------
 ln_gaci_sum |  -.0070925   .3152124    -0.02   0.982    -.6251098    .6109249
       lnpop |   -.482267    .049746    -9.69   0.000    -.5798009   -.3847331
------------------------------------------------------------------------------
Underidentification test (Kleibergen-Paap rk LM statistic):              9.305
                                                   Chi-sq(1) P-val =    0.0023
------------------------------------------------------------------------------
Weak identification test (Cragg-Donald Wald F statistic):                8.064
                         (Kleibergen-Paap rk Wald F statistic):          8.597
Stock-Yogo weak ID test critical values: 10% maximal IV size             16.38
                                         15% maximal IV size              8.96
                                         20% maximal IV size              6.66
                                         25% maximal IV size              5.53
Source: Stock-Yogo (2005).  Reproduced by permission.
NB: Critical values are for Cragg-Donald F statistic and i.i.d. errors.
------------------------------------------------------------------------------
Hansen J statistic (overidentification test of all instruments):         0.000
                                                 (equation exactly identified)
------------------------------------------------------------------------------
Instrumented:         ln_gaci_sum
Included instruments: lnpop
Excluded instruments: tourism_int
Partialled-out:       _cons
                      nb: total SS, model F and R2s are after partialling-out;
                          any small-sample adjustments include partialled-out
                          variables in regressor count K
------------------------------------------------------------------------------

Absorbed degrees of freedom:
-----------------------------------------------------+
 Absorbed FE | Categories  - Redundant  = Num. Coefs |
-------------+---------------------------------------|
     isocode |       163           0         163     |
           y |        28           1          27     |
-----------------------------------------------------+
(dropped 2 singleton observations)
(MWFE estimator converged in 6 iterations)

IV (2SLS) estimation
--------------------

Estimates efficient for homoskedasticity only
Statistics robust to heteroskedasticity and clustering on isocode

Number of clusters (isocode) =     163                Number of obs =     3714
                                                      F(  2,   162) =     9.63
                                                      Prob > F      =   0.0001
Total (centered) SS     =  97.98314594                Centered R2   =   0.0651
Total (uncentered) SS   =  97.98314594                Uncentered R2 =   0.0651
Residual SS             =  91.60345995                Root MSE      =    .1577

------------------------------------------------------------------------------
             |               Robust
ln_avg_top~d |      Coef.   Std. Err.      t    P>|t|     [95% Conf. Interval]
-------------+----------------------------------------------------------------
 ln_gaci_sum |  -.0070925   .6332843    -0.01   0.991    -1.257649    1.243464
       lnpop |   -.482267   .1328418    -3.63   0.000    -.7445918   -.2199421
------------------------------------------------------------------------------
Underidentification test (Kleibergen-Paap rk LM statistic):              2.311
                                                   Chi-sq(1) P-val =    0.1285
------------------------------------------------------------------------------
Weak identification test (Cragg-Donald Wald F statistic):                8.437
                         (Kleibergen-Paap rk Wald F statistic):          2.315
Stock-Yogo weak ID test critical values: 10% maximal IV size             16.38
                                         15% maximal IV size              8.96
                                         20% maximal IV size              6.66
                                         25% maximal IV size              5.53
Source: Stock-Yogo (2005).  Reproduced by permission.
NB: Critical values are for Cragg-Donald F statistic and i.i.d. errors.
------------------------------------------------------------------------------
Hansen J statistic (overidentification test of all instruments):         0.000
                                                 (equation exactly identified)
------------------------------------------------------------------------------
Instrumented:         ln_gaci_sum
Included instruments: lnpop
Excluded instruments: tourism_int
Partialled-out:       _cons
                      nb: total SS, model F and R2s are after partialling-out;
                          any small-sample adjustments include partialled-out
                          variables in regressor count K
------------------------------------------------------------------------------

Absorbed degrees of freedom:
-----------------------------------------------------+
 Absorbed FE | Categories  - Redundant  = Num. Coefs |
-------------+---------------------------------------|
     isocode |       163         163           0    *|
           y |        28           1          27     |
-----------------------------------------------------+
* = FE nested within cluster; treated as redundant for DoF computation
(dropped 2 singleton observations)
(MWFE estimator converged in 6 iterations)

HDFE Linear regression                            Number of obs   =      3,714
Absorbing 2 HDFE groups                           F(   2,   3522) =      36.64
                                                  Prob > F        =     0.0000
                                                  R-squared       =     0.9380
                                                  Adj R-squared   =     0.9347
                                                  Within R-sq.    =     0.0233
                                                  Root MSE        =     0.1362

------------------------------------------------------------------------------
             |               Robust
ln_ratio_avg |      Coef.   Std. Err.      t    P>|t|     [95% Conf. Interval]
-------------+----------------------------------------------------------------
 ln_gaci_sum |   .0125047   .0099245     1.26   0.208    -.0069538    .0319631
       lnpop |  -.2286408   .0268616    -8.51   0.000    -.2813066   -.1759749
       _cons |   6.409286   .4321279    14.83   0.000      5.56204    7.256532
------------------------------------------------------------------------------

Absorbed degrees of freedom:
-----------------------------------------------------+
 Absorbed FE | Categories  - Redundant  = Num. Coefs |
-------------+---------------------------------------|
     isocode |       163           0         163     |
           y |        28           1          27     |
-----------------------------------------------------+
(dropped 2 singleton observations)
(MWFE estimator converged in 6 iterations)

IV (2SLS) estimation
--------------------

Estimates efficient for homoskedasticity only
Statistics robust to heteroskedasticity

                                                      Number of obs =     3714
                                                      F(  2,  3522) =    34.72
                                                      Prob > F      =   0.0000
Total (centered) SS     =   66.9308618                Centered R2   =  -0.1949
Total (uncentered) SS   =   66.9308618                Uncentered R2 =  -0.1949
Residual SS             =  79.97872604                Root MSE      =    .1507

------------------------------------------------------------------------------
             |               Robust
ln_ratio_avg |      Coef.   Std. Err.      t    P>|t|     [95% Conf. Interval]
-------------+----------------------------------------------------------------
 ln_gaci_sum |   .2790457   .2378472     1.17   0.241    -.1872865    .7453779
       lnpop |  -.2599542   .0388231    -6.70   0.000    -.3360723   -.1838361
------------------------------------------------------------------------------
Underidentification test (Kleibergen-Paap rk LM statistic):              9.305
                                                   Chi-sq(1) P-val =    0.0023
------------------------------------------------------------------------------
Weak identification test (Cragg-Donald Wald F statistic):                8.064
                         (Kleibergen-Paap rk Wald F statistic):          8.597
Stock-Yogo weak ID test critical values: 10% maximal IV size             16.38
                                         15% maximal IV size              8.96
                                         20% maximal IV size              6.66
                                         25% maximal IV size              5.53
Source: Stock-Yogo (2005).  Reproduced by permission.
NB: Critical values are for Cragg-Donald F statistic and i.i.d. errors.
------------------------------------------------------------------------------
Hansen J statistic (overidentification test of all instruments):         0.000
                                                 (equation exactly identified)
------------------------------------------------------------------------------
Instrumented:         ln_gaci_sum
Included instruments: lnpop
Excluded instruments: tourism_int
Partialled-out:       _cons
                      nb: total SS, model F and R2s are after partialling-out;
                          any small-sample adjustments include partialled-out
                          variables in regressor count K
------------------------------------------------------------------------------

Absorbed degrees of freedom:
-----------------------------------------------------+
 Absorbed FE | Categories  - Redundant  = Num. Coefs |
-------------+---------------------------------------|
     isocode |       163           0         163     |
           y |        28           1          27     |
-----------------------------------------------------+
(dropped 2 singleton observations)
(MWFE estimator converged in 6 iterations)

IV (2SLS) estimation
--------------------

Estimates efficient for homoskedasticity only
Statistics robust to heteroskedasticity and clustering on isocode

Number of clusters (isocode) =     163                Number of obs =     3714
                                                      F(  2,   162) =     4.01
                                                      Prob > F      =   0.0199
Total (centered) SS     =   66.9308618                Centered R2   =  -0.1949
Total (uncentered) SS   =   66.9308618                Uncentered R2 =  -0.1949
Residual SS             =  79.97872604                Root MSE      =    .1473

------------------------------------------------------------------------------
             |               Robust
ln_ratio_avg |      Coef.   Std. Err.      t    P>|t|     [95% Conf. Interval]
-------------+----------------------------------------------------------------
 ln_gaci_sum |   .2790457   .5965922     0.47   0.641    -.8990543    1.457146
       lnpop |  -.2599542   .1034202    -2.51   0.013    -.4641797   -.0557287
------------------------------------------------------------------------------
Underidentification test (Kleibergen-Paap rk LM statistic):              2.311
                                                   Chi-sq(1) P-val =    0.1285
------------------------------------------------------------------------------
Weak identification test (Cragg-Donald Wald F statistic):                8.437
                         (Kleibergen-Paap rk Wald F statistic):          2.315
Stock-Yogo weak ID test critical values: 10% maximal IV size             16.38
                                         15% maximal IV size              8.96
                                         20% maximal IV size              6.66
                                         25% maximal IV size              5.53
Source: Stock-Yogo (2005).  Reproduced by permission.
NB: Critical values are for Cragg-Donald F statistic and i.i.d. errors.
------------------------------------------------------------------------------
Hansen J statistic (overidentification test of all instruments):         0.000
                                                 (equation exactly identified)
------------------------------------------------------------------------------
Instrumented:         ln_gaci_sum
Included instruments: lnpop
Excluded instruments: tourism_int
Partialled-out:       _cons
                      nb: total SS, model F and R2s are after partialling-out;
                          any small-sample adjustments include partialled-out
                          variables in regressor count K
------------------------------------------------------------------------------

Absorbed degrees of freedom:
-----------------------------------------------------+
 Absorbed FE | Categories  - Redundant  = Num. Coefs |
-------------+---------------------------------------|
     isocode |       163         163           0    *|
           y |        28           1          27     |
-----------------------------------------------------+
* = FE nested within cluster; treated as redundant for DoF computation

. 
. * ---------------------------------------------------------------- B. over-identified and controls
. foreach yv of local GY {
  2.     ivreghdfe `yv' lnpop (ln_gaci_max = feyrer_int tourism_int), absorb(isocode y) robust
  3.     local bb = _b[ln_gaci_max]
  4.     local ss = _se[ln_gaci_max]
  5.     local pp = 2*normal(-abs(`bb'/`ss'))
  6.     local kp = e(widstat)
  7.     local jp = e(jp)
  8.     local nn = e(N)
  9.     file write `fh' "overid,`yv',ln_gaci_max,both,feyrer_tourism,`bb',`ss',`pp',`kp',`jp',`nn'" _n
 10. }
(dropped 2 singleton observations)
(MWFE estimator converged in 6 iterations)

IV (2SLS) estimation
--------------------

Estimates efficient for homoskedasticity only
Statistics robust to heteroskedasticity

                                                      Number of obs =     3735
                                                      F(  2,  3542) =   105.50
                                                      Prob > F      =   0.0000
Total (centered) SS     =  76.40944276                Centered R2   =   0.2007
Total (uncentered) SS   =  76.40944276                Uncentered R2 =   0.2007
Residual SS             =  61.07048536                Root MSE      =    .1313

------------------------------------------------------------------------------
             |               Robust
    ln_gdppc |      Coef.   Std. Err.      t    P>|t|     [95% Conf. Interval]
-------------+----------------------------------------------------------------
 ln_gaci_max |   1.045046   .1330847     7.85   0.000     .7841156    1.305976
       lnpop |  -.3512766   .0294999   -11.91   0.000    -.4091151   -.2934382
------------------------------------------------------------------------------
Underidentification test (Kleibergen-Paap rk LM statistic):            120.561
                                                   Chi-sq(2) P-val =    0.0000
------------------------------------------------------------------------------
Weak identification test (Cragg-Donald Wald F statistic):               86.424
                         (Kleibergen-Paap rk Wald F statistic):         67.492
Stock-Yogo weak ID test critical values: 10% maximal IV size             19.93
                                         15% maximal IV size             11.59
                                         20% maximal IV size              8.75
                                         25% maximal IV size              7.25
Source: Stock-Yogo (2005).  Reproduced by permission.
NB: Critical values are for Cragg-Donald F statistic and i.i.d. errors.
------------------------------------------------------------------------------
Hansen J statistic (overidentification test of all instruments):         9.999
                                                   Chi-sq(1) P-val =    0.0016
------------------------------------------------------------------------------
Instrumented:         ln_gaci_max
Included instruments: lnpop
Excluded instruments: feyrer_int tourism_int
Partialled-out:       _cons
                      nb: total SS, model F and R2s are after partialling-out;
                          any small-sample adjustments include partialled-out
                          variables in regressor count K
------------------------------------------------------------------------------

Absorbed degrees of freedom:
-----------------------------------------------------+
 Absorbed FE | Categories  - Redundant  = Num. Coefs |
-------------+---------------------------------------|
     isocode |       164           0         164     |
           y |        28           1          27     |
-----------------------------------------------------+
(dropped 2 singleton observations)
(MWFE estimator converged in 6 iterations)

IV (2SLS) estimation
--------------------

Estimates efficient for homoskedasticity only
Statistics robust to heteroskedasticity

                                                      Number of obs =     3735
                                                      F(  2,  3542) =   122.34
                                                      Prob > F      =   0.0000
Total (centered) SS     =  228.4391679                Centered R2   =   0.1548
Total (uncentered) SS   =  228.4391679                Uncentered R2 =   0.1548
Residual SS             =  193.0669529                Root MSE      =    .2335

------------------------------------------------------------------------------
             |               Robust
       lngdp |      Coef.   Std. Err.      t    P>|t|     [95% Conf. Interval]
-------------+----------------------------------------------------------------
 ln_gaci_max |    1.26953   .2394077     5.30   0.000     .8001391    1.738921
       lnpop |   .6790996   .0478835    14.18   0.000     .5852176    .7729815
------------------------------------------------------------------------------
Underidentification test (Kleibergen-Paap rk LM statistic):            120.561
                                                   Chi-sq(2) P-val =    0.0000
------------------------------------------------------------------------------
Weak identification test (Cragg-Donald Wald F statistic):               86.424
                         (Kleibergen-Paap rk Wald F statistic):         67.492
Stock-Yogo weak ID test critical values: 10% maximal IV size             19.93
                                         15% maximal IV size             11.59
                                         20% maximal IV size              8.75
                                         25% maximal IV size              7.25
Source: Stock-Yogo (2005).  Reproduced by permission.
NB: Critical values are for Cragg-Donald F statistic and i.i.d. errors.
------------------------------------------------------------------------------
Hansen J statistic (overidentification test of all instruments):         2.320
                                                   Chi-sq(1) P-val =    0.1277
------------------------------------------------------------------------------
Instrumented:         ln_gaci_max
Included instruments: lnpop
Excluded instruments: feyrer_int tourism_int
Partialled-out:       _cons
                      nb: total SS, model F and R2s are after partialling-out;
                          any small-sample adjustments include partialled-out
                          variables in regressor count K
------------------------------------------------------------------------------

Absorbed degrees of freedom:
-----------------------------------------------------+
 Absorbed FE | Categories  - Redundant  = Num. Coefs |
-------------+---------------------------------------|
     isocode |       164           0         164     |
           y |        28           1          27     |
-----------------------------------------------------+
(dropped 2 singleton observations)
(MWFE estimator converged in 6 iterations)

IV (2SLS) estimation
--------------------

Estimates efficient for homoskedasticity only
Statistics robust to heteroskedasticity

                                                      Number of obs =     3714
                                                      F(  2,  3522) =    94.75
                                                      Prob > F      =   0.0000
Total (centered) SS     =  81.98739539                Centered R2   =   0.1659
Total (uncentered) SS   =  81.98739539                Uncentered R2 =   0.1659
Residual SS             =  68.38485797                Root MSE      =    .1393

------------------------------------------------------------------------------
             |               Robust
ln_avg_all~d |      Coef.   Std. Err.      t    P>|t|     [95% Conf. Interval]
-------------+----------------------------------------------------------------
 ln_gaci_max |   .9368784   .1496492     6.26   0.000     .6434705    1.230286
       lnpop |  -.3833036   .0328664   -11.66   0.000    -.4477427   -.3188645
------------------------------------------------------------------------------
Underidentification test (Kleibergen-Paap rk LM statistic):            119.255
                                                   Chi-sq(2) P-val =    0.0000
------------------------------------------------------------------------------
Weak identification test (Cragg-Donald Wald F statistic):               85.082
                         (Kleibergen-Paap rk Wald F statistic):         66.796
Stock-Yogo weak ID test critical values: 10% maximal IV size             19.93
                                         15% maximal IV size             11.59
                                         20% maximal IV size              8.75
                                         25% maximal IV size              7.25
Source: Stock-Yogo (2005).  Reproduced by permission.
NB: Critical values are for Cragg-Donald F statistic and i.i.d. errors.
------------------------------------------------------------------------------
Hansen J statistic (overidentification test of all instruments):        12.822
                                                   Chi-sq(1) P-val =    0.0003
------------------------------------------------------------------------------
Instrumented:         ln_gaci_max
Included instruments: lnpop
Excluded instruments: feyrer_int tourism_int
Partialled-out:       _cons
                      nb: total SS, model F and R2s are after partialling-out;
                          any small-sample adjustments include partialled-out
                          variables in regressor count K
------------------------------------------------------------------------------

Absorbed degrees of freedom:
-----------------------------------------------------+
 Absorbed FE | Categories  - Redundant  = Num. Coefs |
-------------+---------------------------------------|
     isocode |       163           0         163     |
           y |        28           1          27     |
-----------------------------------------------------+
(dropped 2 singleton observations)
(MWFE estimator converged in 6 iterations)

IV (2SLS) estimation
--------------------

Estimates efficient for homoskedasticity only
Statistics robust to heteroskedasticity

                                                      Number of obs =     3714
                                                      F(  2,  3522) =    29.27
                                                      Prob > F      =   0.0000
Total (centered) SS     =  102.1602929                Centered R2   =   0.0800
Total (uncentered) SS   =  102.1602929                Uncentered R2 =   0.0800
Residual SS             =  93.99032734                Root MSE      =    .1634

------------------------------------------------------------------------------
             |               Robust
ln_avg_bot~d |      Coef.   Std. Err.      t    P>|t|     [95% Conf. Interval]
-------------+----------------------------------------------------------------
 ln_gaci_max |   .2785819   .1752224     1.59   0.112    -.0649657    .6221295
       lnpop |  -.2572036   .0346351    -7.43   0.000    -.3251106   -.1892967
------------------------------------------------------------------------------
Underidentification test (Kleibergen-Paap rk LM statistic):            119.255
                                                   Chi-sq(2) P-val =    0.0000
------------------------------------------------------------------------------
Weak identification test (Cragg-Donald Wald F statistic):               85.082
                         (Kleibergen-Paap rk Wald F statistic):         66.796
Stock-Yogo weak ID test critical values: 10% maximal IV size             19.93
                                         15% maximal IV size             11.59
                                         20% maximal IV size              8.75
                                         25% maximal IV size              7.25
Source: Stock-Yogo (2005).  Reproduced by permission.
NB: Critical values are for Cragg-Donald F statistic and i.i.d. errors.
------------------------------------------------------------------------------
Hansen J statistic (overidentification test of all instruments):         2.878
                                                   Chi-sq(1) P-val =    0.0898
------------------------------------------------------------------------------
Instrumented:         ln_gaci_max
Included instruments: lnpop
Excluded instruments: feyrer_int tourism_int
Partialled-out:       _cons
                      nb: total SS, model F and R2s are after partialling-out;
                          any small-sample adjustments include partialled-out
                          variables in regressor count K
------------------------------------------------------------------------------

Absorbed degrees of freedom:
-----------------------------------------------------+
 Absorbed FE | Categories  - Redundant  = Num. Coefs |
-------------+---------------------------------------|
     isocode |       163           0         163     |
           y |        28           1          27     |
-----------------------------------------------------+
(dropped 2 singleton observations)
(MWFE estimator converged in 6 iterations)

IV (2SLS) estimation
--------------------

Estimates efficient for homoskedasticity only
Statistics robust to heteroskedasticity

                                                      Number of obs =     3714
                                                      F(  2,  3522) =   143.06
                                                      Prob > F      =   0.0000
Total (centered) SS     =  97.98314594                Centered R2   =   0.1632
Total (uncentered) SS   =  97.98314594                Uncentered R2 =   0.1632
Residual SS             =  81.98762596                Root MSE      =    .1526

------------------------------------------------------------------------------
             |               Robust
ln_avg_top~d |      Coef.   Std. Err.      t    P>|t|     [95% Conf. Interval]
-------------+----------------------------------------------------------------
 ln_gaci_max |   1.188432   .1627167     7.30   0.000     .8694037    1.507461
       lnpop |  -.4885399    .033821   -14.44   0.000    -.5548505   -.4222292
------------------------------------------------------------------------------
Underidentification test (Kleibergen-Paap rk LM statistic):            119.255
                                                   Chi-sq(2) P-val =    0.0000
------------------------------------------------------------------------------
Weak identification test (Cragg-Donald Wald F statistic):               85.082
                         (Kleibergen-Paap rk Wald F statistic):         66.796
Stock-Yogo weak ID test critical values: 10% maximal IV size             19.93
                                         15% maximal IV size             11.59
                                         20% maximal IV size              8.75
                                         25% maximal IV size              7.25
Source: Stock-Yogo (2005).  Reproduced by permission.
NB: Critical values are for Cragg-Donald F statistic and i.i.d. errors.
------------------------------------------------------------------------------
Hansen J statistic (overidentification test of all instruments):         8.503
                                                   Chi-sq(1) P-val =    0.0035
------------------------------------------------------------------------------
Instrumented:         ln_gaci_max
Included instruments: lnpop
Excluded instruments: feyrer_int tourism_int
Partialled-out:       _cons
                      nb: total SS, model F and R2s are after partialling-out;
                          any small-sample adjustments include partialled-out
                          variables in regressor count K
------------------------------------------------------------------------------

Absorbed degrees of freedom:
-----------------------------------------------------+
 Absorbed FE | Categories  - Redundant  = Num. Coefs |
-------------+---------------------------------------|
     isocode |       163           0         163     |
           y |        28           1          27     |
-----------------------------------------------------+
(dropped 2 singleton observations)
(MWFE estimator converged in 6 iterations)

IV (2SLS) estimation
--------------------

Estimates efficient for homoskedasticity only
Statistics robust to heteroskedasticity

                                                      Number of obs =     3714
                                                      F(  2,  3522) =    56.64
                                                      Prob > F      =   0.0000
Total (centered) SS     =   66.9308618                Centered R2   =  -0.1773
Total (uncentered) SS   =   66.9308618                Uncentered R2 =  -0.1773
Residual SS             =  78.79636833                Root MSE      =    .1496

------------------------------------------------------------------------------
             |               Robust
ln_ratio_avg |      Coef.   Std. Err.      t    P>|t|     [95% Conf. Interval]
-------------+----------------------------------------------------------------
 ln_gaci_max |   .9098504   .1573167     5.78   0.000     .6014095    1.218291
       lnpop |  -.2313362   .0277042    -8.35   0.000    -.2856541   -.1770184
------------------------------------------------------------------------------
Underidentification test (Kleibergen-Paap rk LM statistic):            119.255
                                                   Chi-sq(2) P-val =    0.0000
------------------------------------------------------------------------------
Weak identification test (Cragg-Donald Wald F statistic):               85.082
                         (Kleibergen-Paap rk Wald F statistic):         66.796
Stock-Yogo weak ID test critical values: 10% maximal IV size             19.93
                                         15% maximal IV size             11.59
                                         20% maximal IV size              8.75
                                         25% maximal IV size              7.25
Source: Stock-Yogo (2005).  Reproduced by permission.
NB: Critical values are for Cragg-Donald F statistic and i.i.d. errors.
------------------------------------------------------------------------------
Hansen J statistic (overidentification test of all instruments):         0.959
                                                   Chi-sq(1) P-val =    0.3275
------------------------------------------------------------------------------
Instrumented:         ln_gaci_max
Included instruments: lnpop
Excluded instruments: feyrer_int tourism_int
Partialled-out:       _cons
                      nb: total SS, model F and R2s are after partialling-out;
                          any small-sample adjustments include partialled-out
                          variables in regressor count K
------------------------------------------------------------------------------

Absorbed degrees of freedom:
-----------------------------------------------------+
 Absorbed FE | Categories  - Redundant  = Num. Coefs |
-------------+---------------------------------------|
     isocode |       163           0         163     |
           y |        28           1          27     |
-----------------------------------------------------+

. local ci = 0

. foreach ctrl in "none" "urban" "ter_enr" "trade_gdp" "tax_gdp" "ln_sea_ma" "urban ter_enr trade_gdp" {
  2.     local ci = `ci' + 1
  3.     local cv = "`ctrl'"
  4.     if "`ctrl'"=="none" local cv = ""
  5.     foreach yv in ln_gdppc ln_avg_bot50_wid {
  6.         ivreghdfe `yv' lnpop `cv' (ln_gaci_max = feyrer_int), absorb(isocode y) robust
  7.         local bb = _b[ln_gaci_max]
  8.         local ss = _se[ln_gaci_max]
  9.         local pp = 2*normal(-abs(`bb'/`ss'))
 10.         local kp = e(widstat)
 11.         local nn = e(N)
 12.         file write `fh' "controls,`yv',ln_gaci_max,feyrer_int,ctrl`ci',`bb',`ss',`pp',`kp',.,`nn'" _n
 13.     }
 14. }
(dropped 2 singleton observations)
(MWFE estimator converged in 6 iterations)

IV (2SLS) estimation
--------------------

Estimates efficient for homoskedasticity only
Statistics robust to heteroskedasticity

                                                      Number of obs =     3735
                                                      F(  2,  3542) =   104.01
                                                      Prob > F      =   0.0000
Total (centered) SS     =  76.40944276                Centered R2   =   0.1316
Total (uncentered) SS   =  76.40944276                Uncentered R2 =   0.1316
Residual SS             =    66.353042                Root MSE      =    .1369

------------------------------------------------------------------------------
             |               Robust
    ln_gdppc |      Coef.   Std. Err.      t    P>|t|     [95% Conf. Interval]
-------------+----------------------------------------------------------------
 ln_gaci_max |   1.294152   .1521293     8.51   0.000     .9958818    1.592422
       lnpop |  -.3522519   .0322301   -10.93   0.000    -.4154434   -.2890604
------------------------------------------------------------------------------
Underidentification test (Kleibergen-Paap rk LM statistic):             94.663
                                                   Chi-sq(1) P-val =    0.0000
------------------------------------------------------------------------------
Weak identification test (Cragg-Donald Wald F statistic):              131.646
                         (Kleibergen-Paap rk Wald F statistic):         98.476
Stock-Yogo weak ID test critical values: 10% maximal IV size             16.38
                                         15% maximal IV size              8.96
                                         20% maximal IV size              6.66
                                         25% maximal IV size              5.53
Source: Stock-Yogo (2005).  Reproduced by permission.
NB: Critical values are for Cragg-Donald F statistic and i.i.d. errors.
------------------------------------------------------------------------------
Hansen J statistic (overidentification test of all instruments):         0.000
                                                 (equation exactly identified)
------------------------------------------------------------------------------
Instrumented:         ln_gaci_max
Included instruments: lnpop
Excluded instruments: feyrer_int
Partialled-out:       _cons
                      nb: total SS, model F and R2s are after partialling-out;
                          any small-sample adjustments include partialled-out
                          variables in regressor count K
------------------------------------------------------------------------------

Absorbed degrees of freedom:
-----------------------------------------------------+
 Absorbed FE | Categories  - Redundant  = Num. Coefs |
-------------+---------------------------------------|
     isocode |       164           0         164     |
           y |        28           1          27     |
-----------------------------------------------------+
(dropped 2 singleton observations)
(MWFE estimator converged in 6 iterations)

IV (2SLS) estimation
--------------------

Estimates efficient for homoskedasticity only
Statistics robust to heteroskedasticity

                                                      Number of obs =     3714
                                                      F(  2,  3522) =    29.94
                                                      Prob > F      =   0.0000
Total (centered) SS     =  102.1602929                Centered R2   =   0.0982
Total (uncentered) SS   =  102.1602929                Uncentered R2 =   0.0982
Residual SS             =  92.12625058                Root MSE      =    .1617

------------------------------------------------------------------------------
             |               Robust
ln_avg_bot~d |      Coef.   Std. Err.      t    P>|t|     [95% Conf. Interval]
-------------+----------------------------------------------------------------
 ln_gaci_max |   .4446492   .2004233     2.22   0.027     .0516917    .8376066
       lnpop |  -.2579637   .0351977    -7.33   0.000    -.3269736   -.1889539
------------------------------------------------------------------------------
Underidentification test (Kleibergen-Paap rk LM statistic):             93.629
                                                   Chi-sq(1) P-val =    0.0000
------------------------------------------------------------------------------
Weak identification test (Cragg-Donald Wald F statistic):              129.522
                         (Kleibergen-Paap rk Wald F statistic):         97.434
Stock-Yogo weak ID test critical values: 10% maximal IV size             16.38
                                         15% maximal IV size              8.96
                                         20% maximal IV size              6.66
                                         25% maximal IV size              5.53
Source: Stock-Yogo (2005).  Reproduced by permission.
NB: Critical values are for Cragg-Donald F statistic and i.i.d. errors.
------------------------------------------------------------------------------
Hansen J statistic (overidentification test of all instruments):         0.000
                                                 (equation exactly identified)
------------------------------------------------------------------------------
Instrumented:         ln_gaci_max
Included instruments: lnpop
Excluded instruments: feyrer_int
Partialled-out:       _cons
                      nb: total SS, model F and R2s are after partialling-out;
                          any small-sample adjustments include partialled-out
                          variables in regressor count K
------------------------------------------------------------------------------

Absorbed degrees of freedom:
-----------------------------------------------------+
 Absorbed FE | Categories  - Redundant  = Num. Coefs |
-------------+---------------------------------------|
     isocode |       163           0         163     |
           y |        28           1          27     |
-----------------------------------------------------+
(dropped 2 singleton observations)
(MWFE estimator converged in 6 iterations)

IV (2SLS) estimation
--------------------

Estimates efficient for homoskedasticity only
Statistics robust to heteroskedasticity

                                                      Number of obs =     3735
                                                      F(  3,  3541) =    76.04
                                                      Prob > F      =   0.0000
Total (centered) SS     =  76.40944276                Centered R2   =   0.1489
Total (uncentered) SS   =  76.40944276                Uncentered R2 =   0.1489
Residual SS             =  65.03237646                Root MSE      =    .1355

------------------------------------------------------------------------------
             |               Robust
    ln_gdppc |      Coef.   Std. Err.      t    P>|t|     [95% Conf. Interval]
-------------+----------------------------------------------------------------
 ln_gaci_max |   1.255255   .1498976     8.37   0.000     .9613607    1.549149
       lnpop |  -.3685143    .031803   -11.59   0.000    -.4308684   -.3061603
       urban |   .0032064   .0011065     2.90   0.004      .001037    .0053758
------------------------------------------------------------------------------
Underidentification test (Kleibergen-Paap rk LM statistic):             93.599
                                                   Chi-sq(1) P-val =    0.0000
------------------------------------------------------------------------------
Weak identification test (Cragg-Donald Wald F statistic):              132.086
                         (Kleibergen-Paap rk Wald F statistic):         98.078
Stock-Yogo weak ID test critical values: 10% maximal IV size             16.38
                                         15% maximal IV size              8.96
                                         20% maximal IV size              6.66
                                         25% maximal IV size              5.53
Source: Stock-Yogo (2005).  Reproduced by permission.
NB: Critical values are for Cragg-Donald F statistic and i.i.d. errors.
------------------------------------------------------------------------------
Hansen J statistic (overidentification test of all instruments):         0.000
                                                 (equation exactly identified)
------------------------------------------------------------------------------
Instrumented:         ln_gaci_max
Included instruments: lnpop urban
Excluded instruments: feyrer_int
Partialled-out:       _cons
                      nb: total SS, model F and R2s are after partialling-out;
                          any small-sample adjustments include partialled-out
                          variables in regressor count K
------------------------------------------------------------------------------

Absorbed degrees of freedom:
-----------------------------------------------------+
 Absorbed FE | Categories  - Redundant  = Num. Coefs |
-------------+---------------------------------------|
     isocode |       164           0         164     |
           y |        28           1          27     |
-----------------------------------------------------+
(dropped 2 singleton observations)
(MWFE estimator converged in 6 iterations)

IV (2SLS) estimation
--------------------

Estimates efficient for homoskedasticity only
Statistics robust to heteroskedasticity

                                                      Number of obs =     3714
                                                      F(  3,  3521) =    19.96
                                                      Prob > F      =   0.0000
Total (centered) SS     =  102.1602929                Centered R2   =   0.0985
Total (uncentered) SS   =  102.1602929                Uncentered R2 =   0.0985
Residual SS             =  92.09281873                Root MSE      =    .1617

------------------------------------------------------------------------------
             |               Robust
ln_avg_bot~d |      Coef.   Std. Err.      t    P>|t|     [95% Conf. Interval]
-------------+----------------------------------------------------------------
 ln_gaci_max |   .4489972   .1992773     2.25   0.024     .0582865    .8397079
       lnpop |  -.2562784   .0350514    -7.31   0.000    -.3250016   -.1875552
       urban |  -.0003371   .0011548    -0.29   0.770    -.0026012    .0019269
------------------------------------------------------------------------------
Underidentification test (Kleibergen-Paap rk LM statistic):             92.294
                                                   Chi-sq(1) P-val =    0.0000
------------------------------------------------------------------------------
Weak identification test (Cragg-Donald Wald F statistic):              129.737
                         (Kleibergen-Paap rk Wald F statistic):         96.717
Stock-Yogo weak ID test critical values: 10% maximal IV size             16.38
                                         15% maximal IV size              8.96
                                         20% maximal IV size              6.66
                                         25% maximal IV size              5.53
Source: Stock-Yogo (2005).  Reproduced by permission.
NB: Critical values are for Cragg-Donald F statistic and i.i.d. errors.
------------------------------------------------------------------------------
Hansen J statistic (overidentification test of all instruments):         0.000
                                                 (equation exactly identified)
------------------------------------------------------------------------------
Instrumented:         ln_gaci_max
Included instruments: lnpop urban
Excluded instruments: feyrer_int
Partialled-out:       _cons
                      nb: total SS, model F and R2s are after partialling-out;
                          any small-sample adjustments include partialled-out
                          variables in regressor count K
------------------------------------------------------------------------------

Absorbed degrees of freedom:
-----------------------------------------------------+
 Absorbed FE | Categories  - Redundant  = Num. Coefs |
-------------+---------------------------------------|
     isocode |       163           0         163     |
           y |        28           1          27     |
-----------------------------------------------------+
(dropped 7 singleton observations)
(MWFE estimator converged in 7 iterations)

IV (2SLS) estimation
--------------------

Estimates efficient for homoskedasticity only
Statistics robust to heteroskedasticity

                                                      Number of obs =     2508
                                                      F(  3,  2333) =    37.04
                                                      Prob > F      =   0.0000
Total (centered) SS     =  39.71283132                Centered R2   =   0.0027
Total (uncentered) SS   =  39.71283132                Uncentered R2 =   0.0027
Residual SS             =  39.60667587                Root MSE      =    .1303

------------------------------------------------------------------------------
             |               Robust
    ln_gdppc |      Coef.   Std. Err.      t    P>|t|     [95% Conf. Interval]
-------------+----------------------------------------------------------------
 ln_gaci_max |   1.372577   .3030884     4.53   0.000     .7782261    1.966928
       lnpop |  -.4639328   .0474937    -9.77   0.000     -.557067   -.3707986
     ter_enr |  -.0007024   .0005922    -1.19   0.236    -.0018637    .0004588
------------------------------------------------------------------------------
Underidentification test (Kleibergen-Paap rk LM statistic):             26.542
                                                   Chi-sq(1) P-val =    0.0000
------------------------------------------------------------------------------
Weak identification test (Cragg-Donald Wald F statistic):               34.097
                         (Kleibergen-Paap rk Wald F statistic):         26.012
Stock-Yogo weak ID test critical values: 10% maximal IV size             16.38
                                         15% maximal IV size              8.96
                                         20% maximal IV size              6.66
                                         25% maximal IV size              5.53
Source: Stock-Yogo (2005).  Reproduced by permission.
NB: Critical values are for Cragg-Donald F statistic and i.i.d. errors.
------------------------------------------------------------------------------
Hansen J statistic (overidentification test of all instruments):         0.000
                                                 (equation exactly identified)
------------------------------------------------------------------------------
Instrumented:         ln_gaci_max
Included instruments: lnpop ter_enr
Excluded instruments: feyrer_int
Partialled-out:       _cons
                      nb: total SS, model F and R2s are after partialling-out;
                          any small-sample adjustments include partialled-out
                          variables in regressor count K
------------------------------------------------------------------------------

Absorbed degrees of freedom:
-----------------------------------------------------+
 Absorbed FE | Categories  - Redundant  = Num. Coefs |
-------------+---------------------------------------|
     isocode |       145           0         145     |
           y |        28           1          27     |
-----------------------------------------------------+
(dropped 7 singleton observations)
(MWFE estimator converged in 7 iterations)

IV (2SLS) estimation
--------------------

Estimates efficient for homoskedasticity only
Statistics robust to heteroskedasticity

                                                      Number of obs =     2495
                                                      F(  3,  2321) =    30.62
                                                      Prob > F      =   0.0000
Total (centered) SS     =  48.53063551                Centered R2   =  -0.0035
Total (uncentered) SS   =  48.53063551                Uncentered R2 =  -0.0035
Residual SS             =  48.69826404                Root MSE      =    .1449

------------------------------------------------------------------------------
             |               Robust
ln_avg_bot~d |      Coef.   Std. Err.      t    P>|t|     [95% Conf. Interval]
-------------+----------------------------------------------------------------
 ln_gaci_max |  -.1744011   .3866381    -0.45   0.652    -.9325932     .583791
       lnpop |  -.3519241   .0518424    -6.79   0.000    -.4535863   -.2502618
     ter_enr |   .0002031   .0006066     0.33   0.738    -.0009864    .0013927
------------------------------------------------------------------------------
Underidentification test (Kleibergen-Paap rk LM statistic):             25.399
                                                   Chi-sq(1) P-val =    0.0000
------------------------------------------------------------------------------
Weak identification test (Cragg-Donald Wald F statistic):               32.504
                         (Kleibergen-Paap rk Wald F statistic):         24.892
Stock-Yogo weak ID test critical values: 10% maximal IV size             16.38
                                         15% maximal IV size              8.96
                                         20% maximal IV size              6.66
                                         25% maximal IV size              5.53
Source: Stock-Yogo (2005).  Reproduced by permission.
NB: Critical values are for Cragg-Donald F statistic and i.i.d. errors.
------------------------------------------------------------------------------
Hansen J statistic (overidentification test of all instruments):         0.000
                                                 (equation exactly identified)
------------------------------------------------------------------------------
Instrumented:         ln_gaci_max
Included instruments: lnpop ter_enr
Excluded instruments: feyrer_int
Partialled-out:       _cons
                      nb: total SS, model F and R2s are after partialling-out;
                          any small-sample adjustments include partialled-out
                          variables in regressor count K
------------------------------------------------------------------------------

Absorbed degrees of freedom:
-----------------------------------------------------+
 Absorbed FE | Categories  - Redundant  = Num. Coefs |
-------------+---------------------------------------|
     isocode |       144           0         144     |
           y |        28           1          27     |
-----------------------------------------------------+
(dropped 2 singleton observations)
(MWFE estimator converged in 6 iterations)

IV (2SLS) estimation
--------------------

Estimates efficient for homoskedasticity only
Statistics robust to heteroskedasticity

                                                      Number of obs =     3725
                                                      F(  3,  3531) =    68.22
                                                      Prob > F      =   0.0000
Total (centered) SS     =  76.23827201                Centered R2   =   0.0970
Total (uncentered) SS   =  76.23827201                Uncentered R2 =   0.0970
Residual SS             =  68.84414199                Root MSE      =    .1396

------------------------------------------------------------------------------
             |               Robust
    ln_gdppc |      Coef.   Std. Err.      t    P>|t|     [95% Conf. Interval]
-------------+----------------------------------------------------------------
 ln_gaci_max |   1.403314   .1593447     8.81   0.000     1.090897    1.715731
       lnpop |  -.3914504   .0347529   -11.26   0.000    -.4595881   -.3233127
   trade_gdp |  -.0009666   .0001738    -5.56   0.000    -.0013074   -.0006258
------------------------------------------------------------------------------
Underidentification test (Kleibergen-Paap rk LM statistic):             88.857
                                                   Chi-sq(1) P-val =    0.0000
------------------------------------------------------------------------------
Weak identification test (Cragg-Donald Wald F statistic):              126.429
                         (Kleibergen-Paap rk Wald F statistic):         92.546
Stock-Yogo weak ID test critical values: 10% maximal IV size             16.38
                                         15% maximal IV size              8.96
                                         20% maximal IV size              6.66
                                         25% maximal IV size              5.53
Source: Stock-Yogo (2005).  Reproduced by permission.
NB: Critical values are for Cragg-Donald F statistic and i.i.d. errors.
------------------------------------------------------------------------------
Hansen J statistic (overidentification test of all instruments):         0.000
                                                 (equation exactly identified)
------------------------------------------------------------------------------
Instrumented:         ln_gaci_max
Included instruments: lnpop trade_gdp
Excluded instruments: feyrer_int
Partialled-out:       _cons
                      nb: total SS, model F and R2s are after partialling-out;
                          any small-sample adjustments include partialled-out
                          variables in regressor count K
------------------------------------------------------------------------------

Absorbed degrees of freedom:
-----------------------------------------------------+
 Absorbed FE | Categories  - Redundant  = Num. Coefs |
-------------+---------------------------------------|
     isocode |       164           0         164     |
           y |        28           1          27     |
-----------------------------------------------------+
(dropped 2 singleton observations)
(MWFE estimator converged in 6 iterations)

IV (2SLS) estimation
--------------------

Estimates efficient for homoskedasticity only
Statistics robust to heteroskedasticity

                                                      Number of obs =     3704
                                                      F(  3,  3511) =    27.53
                                                      Prob > F      =   0.0000
Total (centered) SS     =  101.9671904                Centered R2   =   0.1151
Total (uncentered) SS   =  101.9671904                Uncentered R2 =   0.1151
Residual SS             =  90.22639938                Root MSE      =    .1603

------------------------------------------------------------------------------
             |               Robust
ln_avg_bot~d |      Coef.   Std. Err.      t    P>|t|     [95% Conf. Interval]
-------------+----------------------------------------------------------------
 ln_gaci_max |    .601729   .2019674     2.98   0.003     .2057436    .9977144
       lnpop |  -.3065252   .0376918    -8.13   0.000    -.3804252   -.2326251
   trade_gdp |  -.0012719   .0002057    -6.18   0.000    -.0016752   -.0008686
------------------------------------------------------------------------------
Underidentification test (Kleibergen-Paap rk LM statistic):             87.817
                                                   Chi-sq(1) P-val =    0.0000
------------------------------------------------------------------------------
Weak identification test (Cragg-Donald Wald F statistic):              124.307
                         (Kleibergen-Paap rk Wald F statistic):         91.494
Stock-Yogo weak ID test critical values: 10% maximal IV size             16.38
                                         15% maximal IV size              8.96
                                         20% maximal IV size              6.66
                                         25% maximal IV size              5.53
Source: Stock-Yogo (2005).  Reproduced by permission.
NB: Critical values are for Cragg-Donald F statistic and i.i.d. errors.
------------------------------------------------------------------------------
Hansen J statistic (overidentification test of all instruments):         0.000
                                                 (equation exactly identified)
------------------------------------------------------------------------------
Instrumented:         ln_gaci_max
Included instruments: lnpop trade_gdp
Excluded instruments: feyrer_int
Partialled-out:       _cons
                      nb: total SS, model F and R2s are after partialling-out;
                          any small-sample adjustments include partialled-out
                          variables in regressor count K
------------------------------------------------------------------------------

Absorbed degrees of freedom:
-----------------------------------------------------+
 Absorbed FE | Categories  - Redundant  = Num. Coefs |
-------------+---------------------------------------|
     isocode |       163           0         163     |
           y |        28           1          27     |
-----------------------------------------------------+
(dropped 2 singleton observations)
(MWFE estimator converged in 7 iterations)

IV (2SLS) estimation
--------------------

Estimates efficient for homoskedasticity only
Statistics robust to heteroskedasticity

                                                      Number of obs =     2595
                                                      F(  3,  2427) =    46.17
                                                      Prob > F      =   0.0000
Total (centered) SS     =  37.52407435                Centered R2   =  -0.0902
Total (uncentered) SS   =  37.52407435                Uncentered R2 =  -0.0902
Residual SS             =  40.90879124                Root MSE      =    .1298

------------------------------------------------------------------------------
             |               Robust
    ln_gdppc |      Coef.   Std. Err.      t    P>|t|     [95% Conf. Interval]
-------------+----------------------------------------------------------------
 ln_gaci_max |   1.362754    .304211     4.48   0.000     .7662138    1.959294
       lnpop |   -.261193   .0566418    -4.61   0.000    -.3722644   -.1501217
     tax_gdp |   .0043158   .0016401     2.63   0.009     .0010997    .0075319
------------------------------------------------------------------------------
Underidentification test (Kleibergen-Paap rk LM statistic):             29.368
                                                   Chi-sq(1) P-val =    0.0000
------------------------------------------------------------------------------
Weak identification test (Cragg-Donald Wald F statistic):               32.152
                         (Kleibergen-Paap rk Wald F statistic):         28.467
Stock-Yogo weak ID test critical values: 10% maximal IV size             16.38
                                         15% maximal IV size              8.96
                                         20% maximal IV size              6.66
                                         25% maximal IV size              5.53
Source: Stock-Yogo (2005).  Reproduced by permission.
NB: Critical values are for Cragg-Donald F statistic and i.i.d. errors.
------------------------------------------------------------------------------
Hansen J statistic (overidentification test of all instruments):         0.000
                                                 (equation exactly identified)
------------------------------------------------------------------------------
Instrumented:         ln_gaci_max
Included instruments: lnpop tax_gdp
Excluded instruments: feyrer_int
Partialled-out:       _cons
                      nb: total SS, model F and R2s are after partialling-out;
                          any small-sample adjustments include partialled-out
                          variables in regressor count K
------------------------------------------------------------------------------

Absorbed degrees of freedom:
-----------------------------------------------------+
 Absorbed FE | Categories  - Redundant  = Num. Coefs |
-------------+---------------------------------------|
     isocode |       138           0         138     |
           y |        28           1          27     |
-----------------------------------------------------+
(dropped 2 singleton observations)
(MWFE estimator converged in 7 iterations)

IV (2SLS) estimation
--------------------

Estimates efficient for homoskedasticity only
Statistics robust to heteroskedasticity

                                                      Number of obs =     2574
                                                      F(  3,  2407) =    35.03
                                                      Prob > F      =   0.0000
Total (centered) SS     =  52.65555306                Centered R2   =   0.0952
Total (uncentered) SS   =  52.65555306                Uncentered R2 =   0.0952
Residual SS             =  47.64436579                Root MSE      =    .1407

------------------------------------------------------------------------------
             |               Robust
ln_avg_bot~d |      Coef.   Std. Err.      t    P>|t|     [95% Conf. Interval]
-------------+----------------------------------------------------------------
 ln_gaci_max |    .221025   .3980702     0.56   0.579    -.5595708    1.001621
       lnpop |  -.4029214   .0680651    -5.92   0.000    -.5363937   -.2694491
     tax_gdp |    .004558   .0016047     2.84   0.005     .0014113    .0077047
------------------------------------------------------------------------------
Underidentification test (Kleibergen-Paap rk LM statistic):             28.570
                                                   Chi-sq(1) P-val =    0.0000
------------------------------------------------------------------------------
Weak identification test (Cragg-Donald Wald F statistic):               31.078
                         (Kleibergen-Paap rk Wald F statistic):         27.711
Stock-Yogo weak ID test critical values: 10% maximal IV size             16.38
                                         15% maximal IV size              8.96
                                         20% maximal IV size              6.66
                                         25% maximal IV size              5.53
Source: Stock-Yogo (2005).  Reproduced by permission.
NB: Critical values are for Cragg-Donald F statistic and i.i.d. errors.
------------------------------------------------------------------------------
Hansen J statistic (overidentification test of all instruments):         0.000
                                                 (equation exactly identified)
------------------------------------------------------------------------------
Instrumented:         ln_gaci_max
Included instruments: lnpop tax_gdp
Excluded instruments: feyrer_int
Partialled-out:       _cons
                      nb: total SS, model F and R2s are after partialling-out;
                          any small-sample adjustments include partialled-out
                          variables in regressor count K
------------------------------------------------------------------------------

Absorbed degrees of freedom:
-----------------------------------------------------+
 Absorbed FE | Categories  - Redundant  = Num. Coefs |
-------------+---------------------------------------|
     isocode |       137           0         137     |
           y |        28           1          27     |
-----------------------------------------------------+
(dropped 2 singleton observations)
(MWFE estimator converged in 6 iterations)

IV (2SLS) estimation
--------------------

Estimates efficient for homoskedasticity only
Statistics robust to heteroskedasticity

                                                      Number of obs =     3735
                                                      F(  3,  3541) =    69.15
                                                      Prob > F      =   0.0000
Total (centered) SS     =  76.40944276                Centered R2   =   0.0982
Total (uncentered) SS   =  76.40944276                Uncentered R2 =   0.0982
Residual SS             =  68.90482676                Root MSE      =    .1395

------------------------------------------------------------------------------
             |               Robust
    ln_gdppc |      Coef.   Std. Err.      t    P>|t|     [95% Conf. Interval]
-------------+----------------------------------------------------------------
 ln_gaci_max |   1.414223   .1712776     8.26   0.000      1.07841    1.750036
       lnpop |  -.5350428   .0533477   -10.03   0.000    -.6396381   -.4304475
   ln_sea_ma |   1.152906   .2724038     4.23   0.000     .6188218     1.68699
------------------------------------------------------------------------------
Underidentification test (Kleibergen-Paap rk LM statistic):             86.137
                                                   Chi-sq(1) P-val =    0.0000
------------------------------------------------------------------------------
Weak identification test (Cragg-Donald Wald F statistic):              107.105
                         (Kleibergen-Paap rk Wald F statistic):         88.556
Stock-Yogo weak ID test critical values: 10% maximal IV size             16.38
                                         15% maximal IV size              8.96
                                         20% maximal IV size              6.66
                                         25% maximal IV size              5.53
Source: Stock-Yogo (2005).  Reproduced by permission.
NB: Critical values are for Cragg-Donald F statistic and i.i.d. errors.
------------------------------------------------------------------------------
Hansen J statistic (overidentification test of all instruments):         0.000
                                                 (equation exactly identified)
------------------------------------------------------------------------------
Instrumented:         ln_gaci_max
Included instruments: lnpop ln_sea_ma
Excluded instruments: feyrer_int
Partialled-out:       _cons
                      nb: total SS, model F and R2s are after partialling-out;
                          any small-sample adjustments include partialled-out
                          variables in regressor count K
------------------------------------------------------------------------------

Absorbed degrees of freedom:
-----------------------------------------------------+
 Absorbed FE | Categories  - Redundant  = Num. Coefs |
-------------+---------------------------------------|
     isocode |       164           0         164     |
           y |        28           1          27     |
-----------------------------------------------------+
(dropped 2 singleton observations)
(MWFE estimator converged in 6 iterations)

IV (2SLS) estimation
--------------------

Estimates efficient for homoskedasticity only
Statistics robust to heteroskedasticity

                                                      Number of obs =     3714
                                                      F(  3,  3521) =    22.50
                                                      Prob > F      =   0.0000
Total (centered) SS     =  102.1602929                Centered R2   =   0.1082
Total (uncentered) SS   =  102.1602929                Uncentered R2 =   0.1082
Residual SS             =  91.11154128                Root MSE      =    .1609

------------------------------------------------------------------------------
             |               Robust
ln_avg_bot~d |      Coef.   Std. Err.      t    P>|t|     [95% Conf. Interval]
-------------+----------------------------------------------------------------
 ln_gaci_max |   .5309088    .221412     2.40   0.017     .0968001    .9650176
       lnpop |  -.3917597   .0583588    -6.71   0.000    -.5061801   -.2773393
   ln_sea_ma |   .8448804   .3163609     2.67   0.008     .2246112     1.46515
------------------------------------------------------------------------------
Underidentification test (Kleibergen-Paap rk LM statistic):             85.563
                                                   Chi-sq(1) P-val =    0.0000
------------------------------------------------------------------------------
Weak identification test (Cragg-Donald Wald F statistic):              106.005
                         (Kleibergen-Paap rk Wald F statistic):         88.013
Stock-Yogo weak ID test critical values: 10% maximal IV size             16.38
                                         15% maximal IV size              8.96
                                         20% maximal IV size              6.66
                                         25% maximal IV size              5.53
Source: Stock-Yogo (2005).  Reproduced by permission.
NB: Critical values are for Cragg-Donald F statistic and i.i.d. errors.
------------------------------------------------------------------------------
Hansen J statistic (overidentification test of all instruments):         0.000
                                                 (equation exactly identified)
------------------------------------------------------------------------------
Instrumented:         ln_gaci_max
Included instruments: lnpop ln_sea_ma
Excluded instruments: feyrer_int
Partialled-out:       _cons
                      nb: total SS, model F and R2s are after partialling-out;
                          any small-sample adjustments include partialled-out
                          variables in regressor count K
------------------------------------------------------------------------------

Absorbed degrees of freedom:
-----------------------------------------------------+
 Absorbed FE | Categories  - Redundant  = Num. Coefs |
-------------+---------------------------------------|
     isocode |       163           0         163     |
           y |        28           1          27     |
-----------------------------------------------------+
(dropped 7 singleton observations)
(MWFE estimator converged in 7 iterations)

IV (2SLS) estimation
--------------------

Estimates efficient for homoskedasticity only
Statistics robust to heteroskedasticity

                                                      Number of obs =     2500
                                                      F(  5,  2323) =    27.16
                                                      Prob > F      =   0.0000
Total (centered) SS     =  39.49195351                Centered R2   =  -0.0191
Total (uncentered) SS   =  39.49195351                Uncentered R2 =  -0.0191
Residual SS             =  40.24523205                Root MSE      =    .1316

------------------------------------------------------------------------------
             |               Robust
    ln_gdppc |      Coef.   Std. Err.      t    P>|t|     [95% Conf. Interval]
-------------+----------------------------------------------------------------
 ln_gaci_max |   1.468382   .3135843     4.68   0.000     .8534482    2.083317
       lnpop |  -.5317014   .0514016   -10.34   0.000    -.6324992   -.4309037
       urban |   .0055442   .0014027     3.95   0.000     .0027934    .0082949
     ter_enr |  -.0010446   .0005802    -1.80   0.072    -.0021825    .0000932
   trade_gdp |  -.0013263    .000241    -5.50   0.000    -.0017988   -.0008537
------------------------------------------------------------------------------
Underidentification test (Kleibergen-Paap rk LM statistic):             25.445
                                                   Chi-sq(1) P-val =    0.0000
------------------------------------------------------------------------------
Weak identification test (Cragg-Donald Wald F statistic):               33.554
                         (Kleibergen-Paap rk Wald F statistic):         24.876
Stock-Yogo weak ID test critical values: 10% maximal IV size             16.38
                                         15% maximal IV size              8.96
                                         20% maximal IV size              6.66
                                         25% maximal IV size              5.53
Source: Stock-Yogo (2005).  Reproduced by permission.
NB: Critical values are for Cragg-Donald F statistic and i.i.d. errors.
------------------------------------------------------------------------------
Hansen J statistic (overidentification test of all instruments):         0.000
                                                 (equation exactly identified)
------------------------------------------------------------------------------
Instrumented:         ln_gaci_max
Included instruments: lnpop urban ter_enr trade_gdp
Excluded instruments: feyrer_int
Partialled-out:       _cons
                      nb: total SS, model F and R2s are after partialling-out;
                          any small-sample adjustments include partialled-out
                          variables in regressor count K
------------------------------------------------------------------------------

Absorbed degrees of freedom:
-----------------------------------------------------+
 Absorbed FE | Categories  - Redundant  = Num. Coefs |
-------------+---------------------------------------|
     isocode |       145           0         145     |
           y |        28           1          27     |
-----------------------------------------------------+
(dropped 7 singleton observations)
(MWFE estimator converged in 7 iterations)

IV (2SLS) estimation
--------------------

Estimates efficient for homoskedasticity only
Statistics robust to heteroskedasticity

                                                      Number of obs =     2487
                                                      F(  5,  2311) =    28.98
                                                      Prob > F      =   0.0000
Total (centered) SS     =  48.30940275                Centered R2   =   0.0982
Total (uncentered) SS   =  48.30940275                Uncentered R2 =   0.0982
Residual SS             =  43.56708727                Root MSE      =    .1373

------------------------------------------------------------------------------
             |               Robust
ln_avg_bot~d |      Coef.   Std. Err.      t    P>|t|     [95% Conf. Interval]
-------------+----------------------------------------------------------------
 ln_gaci_max |    .092966   .3622786     0.26   0.797    -.6174592    .8033912
       lnpop |  -.4266464   .0536219    -7.96   0.000    -.5317986   -.3214943
       urban |   .0017217   .0014428     1.19   0.233    -.0011076    .0045511
     ter_enr |  -.0000894    .000559    -0.16   0.873    -.0011856    .0010069
   trade_gdp |  -.0017094    .000242    -7.06   0.000     -.002184   -.0012348
------------------------------------------------------------------------------
Underidentification test (Kleibergen-Paap rk LM statistic):             24.145
                                                   Chi-sq(1) P-val =    0.0000
------------------------------------------------------------------------------
Weak identification test (Cragg-Donald Wald F statistic):               31.804
                         (Kleibergen-Paap rk Wald F statistic):         23.586
Stock-Yogo weak ID test critical values: 10% maximal IV size             16.38
                                         15% maximal IV size              8.96
                                         20% maximal IV size              6.66
                                         25% maximal IV size              5.53
Source: Stock-Yogo (2005).  Reproduced by permission.
NB: Critical values are for Cragg-Donald F statistic and i.i.d. errors.
------------------------------------------------------------------------------
Hansen J statistic (overidentification test of all instruments):         0.000
                                                 (equation exactly identified)
------------------------------------------------------------------------------
Instrumented:         ln_gaci_max
Included instruments: lnpop urban ter_enr trade_gdp
Excluded instruments: feyrer_int
Partialled-out:       _cons
                      nb: total SS, model F and R2s are after partialling-out;
                          any small-sample adjustments include partialled-out
                          variables in regressor count K
------------------------------------------------------------------------------

Absorbed degrees of freedom:
-----------------------------------------------------+
 Absorbed FE | Categories  - Redundant  = Num. Coefs |
-------------+---------------------------------------|
     isocode |       144           0         144     |
           y |        28           1          27     |
-----------------------------------------------------+

. 
. * ---------------------------------------------------------------- C. identification diagnostics
. foreach yv in ln_gdppc ln_avg_bot50_wid ln_avg_top10_wid ln_ratio_avg {
  2.     foreach ivv in feyrer_int tourism_int {
  3.         ivreghdfe `yv' lnpop (ln_gaci_max = `ivv'), absorb(isocode contid#y) robust
  4.         local bb = _b[ln_gaci_max]
  5.         local ss = _se[ln_gaci_max]
  6.         local pp = 2*normal(-abs(`bb'/`ss'))
  7.         local kp = e(widstat)
  8.         local nn = e(N)
  9.         file write `fh' "diag,`yv',ln_gaci_max,`ivv',cont_x_year,`bb',`ss',`pp',`kp',.,`nn'" _n
 10.         ivreghdfe `yv' lnpop (ln_gaci_max = `ivv') if cont!="LA", absorb(isocode contid#y) robust
 11.         local bb = _b[ln_gaci_max]
 12.         local ss = _se[ln_gaci_max]
 13.         local pp = 2*normal(-abs(`bb'/`ss'))
 14.         local kp = e(widstat)
 15.         local nn = e(N)
 16.         file write `fh' "diag,`yv',ln_gaci_max,`ivv',cont_x_year_dropLA,`bb',`ss',`pp',`kp',.,`nn'" _n
 17.         ivreghdfe `yv' lnpop at_basepc at_basegini at_lnland at_abslat (ln_gaci_max = `ivv'), absorb(isocode y) robust
 18.         local bb = _b[ln_gaci_max]
 19.         local ss = _se[ln_gaci_max]
 20.         local pp = 2*normal(-abs(`bb'/`ss'))
 21.         local kp = e(widstat)
 22.         local nn = e(N)
 23.         file write `fh' "diag,`yv',ln_gaci_max,`ivv',exposure_trend,`bb',`ss',`pp',`kp',.,`nn'" _n
 24.         ivreghdfe `yv' lnpop at_basepc at_basegini at_lnland at_abslat at_seama at_basetrade (ln_gaci_max = `ivv'), absorb(isocode contid#y) robust
 25.         local bb = _b[ln_gaci_max]
 26.         local ss = _se[ln_gaci_max]
 27.         local pp = 2*normal(-abs(`bb'/`ss'))
 28.         local kp = e(widstat)
 29.         local nn = e(N)
 30.         file write `fh' "diag,`yv',ln_gaci_max,`ivv',kitchen_sink,`bb',`ss',`pp',`kp',.,`nn'" _n
 31.     }
 32. }
(dropped 3 singleton observations)
(MWFE estimator converged in 9 iterations)

IV (2SLS) estimation
--------------------

Estimates efficient for homoskedasticity only
Statistics robust to heteroskedasticity

                                                      Number of obs =     3734
                                                      F(  2,  3380) =    10.65
                                                      Prob > F      =   0.0000
Total (centered) SS     =   58.5709385                Centered R2   =  -0.9237
Total (uncentered) SS   =   58.5709385                Uncentered R2 =  -0.9237
Residual SS             =  112.6714339                Root MSE      =    .1826

------------------------------------------------------------------------------
             |               Robust
    ln_gdppc |      Coef.   Std. Err.      t    P>|t|     [95% Conf. Interval]
-------------+----------------------------------------------------------------
 ln_gaci_max |  -1.064984   .5856219    -1.82   0.069    -2.213193     .083225
       lnpop |  -.0906519   .1611359    -0.56   0.574    -.4065855    .2252817
------------------------------------------------------------------------------
Underidentification test (Kleibergen-Paap rk LM statistic):             16.621
                                                   Chi-sq(1) P-val =    0.0000
------------------------------------------------------------------------------
Weak identification test (Cragg-Donald Wald F statistic):               16.691
                         (Kleibergen-Paap rk Wald F statistic):         16.733
Stock-Yogo weak ID test critical values: 10% maximal IV size             16.38
                                         15% maximal IV size              8.96
                                         20% maximal IV size              6.66
                                         25% maximal IV size              5.53
Source: Stock-Yogo (2005).  Reproduced by permission.
NB: Critical values are for Cragg-Donald F statistic and i.i.d. errors.
------------------------------------------------------------------------------
Hansen J statistic (overidentification test of all instruments):         0.000
                                                 (equation exactly identified)
------------------------------------------------------------------------------
Instrumented:         ln_gaci_max
Included instruments: lnpop
Excluded instruments: feyrer_int
Partialled-out:       _cons
                      nb: total SS, model F and R2s are after partialling-out;
                          any small-sample adjustments include partialled-out
                          variables in regressor count K
------------------------------------------------------------------------------

Absorbed degrees of freedom:
-----------------------------------------------------+
 Absorbed FE | Categories  - Redundant  = Num. Coefs |
-------------+---------------------------------------|
     isocode |       164           0         164     |
    contid#y |       195           7         188     |
-----------------------------------------------------+
(dropped 3 singleton observations)
(MWFE estimator converged in 9 iterations)

IV (2SLS) estimation
--------------------

Estimates efficient for homoskedasticity only
Statistics robust to heteroskedasticity

                                                      Number of obs =     3178
                                                      F(  2,  2874) =    11.34
                                                      Prob > F      =   0.0000
Total (centered) SS     =  49.42154266                Centered R2   =  -1.0700
Total (uncentered) SS   =  49.42154266                Uncentered R2 =  -1.0700
Residual SS             =  102.3013204                Root MSE      =    .1887

------------------------------------------------------------------------------
             |               Robust
    ln_gdppc |      Coef.   Std. Err.      t    P>|t|     [95% Conf. Interval]
-------------+----------------------------------------------------------------
 ln_gaci_max |  -1.167931   .7046934    -1.66   0.098    -2.549686    .2138251
       lnpop |  -.1060555   .1978578    -0.54   0.592    -.4940129     .281902
------------------------------------------------------------------------------
Underidentification test (Kleibergen-Paap rk LM statistic):             12.233
                                                   Chi-sq(1) P-val =    0.0005
------------------------------------------------------------------------------
Weak identification test (Cragg-Donald Wald F statistic):               12.230
                         (Kleibergen-Paap rk Wald F statistic):         12.275
Stock-Yogo weak ID test critical values: 10% maximal IV size             16.38
                                         15% maximal IV size              8.96
                                         20% maximal IV size              6.66
                                         25% maximal IV size              5.53
Source: Stock-Yogo (2005).  Reproduced by permission.
NB: Critical values are for Cragg-Donald F statistic and i.i.d. errors.
------------------------------------------------------------------------------
Hansen J statistic (overidentification test of all instruments):         0.000
                                                 (equation exactly identified)
------------------------------------------------------------------------------
Instrumented:         ln_gaci_max
Included instruments: lnpop
Excluded instruments: feyrer_int
Partialled-out:       _cons
                      nb: total SS, model F and R2s are after partialling-out;
                          any small-sample adjustments include partialled-out
                          variables in regressor count K
------------------------------------------------------------------------------

Absorbed degrees of freedom:
-----------------------------------------------------+
 Absorbed FE | Categories  - Redundant  = Num. Coefs |
-------------+---------------------------------------|
     isocode |       141           0         141     |
    contid#y |       167           6         161     |
-----------------------------------------------------+
(dropped 2 singleton observations)
(MWFE estimator converged in 6 iterations)

IV (2SLS) estimation
--------------------

Estimates efficient for homoskedasticity only
Statistics robust to heteroskedasticity

                                                      Number of obs =     3735
                                                      F(  6,  3538) =   105.25
                                                      Prob > F      =   0.0000
Total (centered) SS     =  76.40944276                Centered R2   =   0.3112
Total (uncentered) SS   =  76.40944276                Uncentered R2 =   0.3112
Residual SS             =  52.63171215                Root MSE      =     .122

------------------------------------------------------------------------------
             |               Robust
    ln_gdppc |      Coef.   Std. Err.      t    P>|t|     [95% Conf. Interval]
-------------+----------------------------------------------------------------
 ln_gaci_max |   1.163712    .158894     7.32   0.000     .8521791    1.475245
       lnpop |  -.4769003   .0314749   -15.15   0.000     -.538611   -.4151896
   at_basepc |  -.1323228   .0075898   -17.43   0.000    -.1472037   -.1174419
 at_basegini |  -.0002131   .0015285    -0.14   0.889      -.00321    .0027837
   at_lnland |  -.0069874    .003885    -1.80   0.072    -.0146045    .0006298
   at_abslat |   .0009429   .0006682     1.41   0.158    -.0003671     .002253
------------------------------------------------------------------------------
Underidentification test (Kleibergen-Paap rk LM statistic):             65.885
                                                   Chi-sq(1) P-val =    0.0000
------------------------------------------------------------------------------
Weak identification test (Cragg-Donald Wald F statistic):               82.112
                         (Kleibergen-Paap rk Wald F statistic):         79.443
Stock-Yogo weak ID test critical values: 10% maximal IV size             16.38
                                         15% maximal IV size              8.96
                                         20% maximal IV size              6.66
                                         25% maximal IV size              5.53
Source: Stock-Yogo (2005).  Reproduced by permission.
NB: Critical values are for Cragg-Donald F statistic and i.i.d. errors.
------------------------------------------------------------------------------
Hansen J statistic (overidentification test of all instruments):         0.000
                                                 (equation exactly identified)
------------------------------------------------------------------------------
Instrumented:         ln_gaci_max
Included instruments: lnpop at_basepc at_basegini at_lnland at_abslat
Excluded instruments: feyrer_int
Partialled-out:       _cons
                      nb: total SS, model F and R2s are after partialling-out;
                          any small-sample adjustments include partialled-out
                          variables in regressor count K
------------------------------------------------------------------------------

Absorbed degrees of freedom:
-----------------------------------------------------+
 Absorbed FE | Categories  - Redundant  = Num. Coefs |
-------------+---------------------------------------|
     isocode |       164           0         164     |
           y |        28           1          27     |
-----------------------------------------------------+
(dropped 3 singleton observations)
(MWFE estimator converged in 9 iterations)

IV (2SLS) estimation
--------------------

Estimates efficient for homoskedasticity only
Statistics robust to heteroskedasticity

                                                      Number of obs =     3734
                                                      F(  8,  3374) =    40.91
                                                      Prob > F      =   0.0000
Total (centered) SS     =   58.5709385                Centered R2   =   0.3121
Total (uncentered) SS   =   58.5709385                Uncentered R2 =   0.3121
Residual SS             =  40.29076303                Root MSE      =    .1093

------------------------------------------------------------------------------
             |               Robust
    ln_gdppc |      Coef.   Std. Err.      t    P>|t|     [95% Conf. Interval]
-------------+----------------------------------------------------------------
 ln_gaci_max |   .6390787    .322906     1.98   0.048     .0059674     1.27219
       lnpop |  -.3552736   .0811352    -4.38   0.000    -.5143527   -.1961946
   at_basepc |  -.1430017   .0094147   -15.19   0.000    -.1614607   -.1245426
 at_basegini |   .0018084   .0014612     1.24   0.216    -.0010565    .0046733
   at_lnland |   -.006243   .0051888    -1.20   0.229    -.0164165    .0039305
   at_abslat |   .0027447   .0007293     3.76   0.000     .0013148    .0041746
    at_seama |  -.0555734    .034372    -1.62   0.106    -.1229654    .0118187
at_basetrade |   .0009113    .000178     5.12   0.000     .0005622    .0012603
------------------------------------------------------------------------------
Underidentification test (Kleibergen-Paap rk LM statistic):             24.378
                                                   Chi-sq(1) P-val =    0.0000
------------------------------------------------------------------------------
Weak identification test (Cragg-Donald Wald F statistic):               18.632
                         (Kleibergen-Paap rk Wald F statistic):         22.494
Stock-Yogo weak ID test critical values: 10% maximal IV size             16.38
                                         15% maximal IV size              8.96
                                         20% maximal IV size              6.66
                                         25% maximal IV size              5.53
Source: Stock-Yogo (2005).  Reproduced by permission.
NB: Critical values are for Cragg-Donald F statistic and i.i.d. errors.
------------------------------------------------------------------------------
Hansen J statistic (overidentification test of all instruments):         0.000
                                                 (equation exactly identified)
------------------------------------------------------------------------------
Instrumented:         ln_gaci_max
Included instruments: lnpop at_basepc at_basegini at_lnland at_abslat at_seama
                      at_basetrade
Excluded instruments: feyrer_int
Partialled-out:       _cons
                      nb: total SS, model F and R2s are after partialling-out;
                          any small-sample adjustments include partialled-out
                          variables in regressor count K
------------------------------------------------------------------------------

Absorbed degrees of freedom:
-----------------------------------------------------+
 Absorbed FE | Categories  - Redundant  = Num. Coefs |
-------------+---------------------------------------|
     isocode |       164           0         164     |
    contid#y |       195           7         188     |
-----------------------------------------------------+
(dropped 3 singleton observations)
(MWFE estimator converged in 8 iterations)

IV (2SLS) estimation
--------------------

Estimates efficient for homoskedasticity only
Statistics robust to heteroskedasticity

                                                      Number of obs =     3734
                                                      F(  2,  3380) =    10.72
                                                      Prob > F      =   0.0000
Total (centered) SS     =   58.5709385                Centered R2   =  -0.4949
Total (uncentered) SS   =   58.5709385                Uncentered R2 =  -0.4949
Residual SS             =  87.55541979                Root MSE      =    .1609

------------------------------------------------------------------------------
             |               Robust
    ln_gdppc |      Coef.   Std. Err.      t    P>|t|     [95% Conf. Interval]
-------------+----------------------------------------------------------------
 ln_gaci_max |  -.6872683   .7474726    -0.92   0.358    -2.152812    .7782758
       lnpop |  -.1715785   .1783281    -0.96   0.336    -.5212203    .1780633
------------------------------------------------------------------------------
Underidentification test (Kleibergen-Paap rk LM statistic):              9.106
                                                   Chi-sq(1) P-val =    0.0025
------------------------------------------------------------------------------
Weak identification test (Cragg-Donald Wald F statistic):               13.307
                         (Kleibergen-Paap rk Wald F statistic):          8.587
Stock-Yogo weak ID test critical values: 10% maximal IV size             16.38
                                         15% maximal IV size              8.96
                                         20% maximal IV size              6.66
                                         25% maximal IV size              5.53
Source: Stock-Yogo (2005).  Reproduced by permission.
NB: Critical values are for Cragg-Donald F statistic and i.i.d. errors.
------------------------------------------------------------------------------
Hansen J statistic (overidentification test of all instruments):         0.000
                                                 (equation exactly identified)
------------------------------------------------------------------------------
Instrumented:         ln_gaci_max
Included instruments: lnpop
Excluded instruments: tourism_int
Partialled-out:       _cons
                      nb: total SS, model F and R2s are after partialling-out;
                          any small-sample adjustments include partialled-out
                          variables in regressor count K
------------------------------------------------------------------------------

Absorbed degrees of freedom:
-----------------------------------------------------+
 Absorbed FE | Categories  - Redundant  = Num. Coefs |
-------------+---------------------------------------|
     isocode |       164           0         164     |
    contid#y |       195           7         188     |
-----------------------------------------------------+
(dropped 3 singleton observations)
(MWFE estimator converged in 8 iterations)

IV (2SLS) estimation
--------------------

Estimates efficient for homoskedasticity only
Statistics robust to heteroskedasticity

                                                      Number of obs =     3178
                                                      F(  2,  2874) =     8.11
                                                      Prob > F      =   0.0003
Total (centered) SS     =  49.42154266                Centered R2   =  -1.1843
Total (uncentered) SS   =  49.42154266                Uncentered R2 =  -1.1843
Residual SS             =   107.952826                Root MSE      =    .1938

------------------------------------------------------------------------------
             |               Robust
    ln_gdppc |      Coef.   Std. Err.      t    P>|t|     [95% Conf. Interval]
-------------+----------------------------------------------------------------
 ln_gaci_max |  -1.248776   1.487541    -0.84   0.401    -4.165532    1.667979
       lnpop |  -.0880017   .3487981    -0.25   0.801    -.7719215    .5959181
------------------------------------------------------------------------------
Underidentification test (Kleibergen-Paap rk LM statistic):              3.311
                                                   Chi-sq(1) P-val =    0.0688
------------------------------------------------------------------------------
Weak identification test (Cragg-Donald Wald F statistic):                5.295
                         (Kleibergen-Paap rk Wald F statistic):          3.089
Stock-Yogo weak ID test critical values: 10% maximal IV size             16.38
                                         15% maximal IV size              8.96
                                         20% maximal IV size              6.66
                                         25% maximal IV size              5.53
Source: Stock-Yogo (2005).  Reproduced by permission.
NB: Critical values are for Cragg-Donald F statistic and i.i.d. errors.
------------------------------------------------------------------------------
Hansen J statistic (overidentification test of all instruments):         0.000
                                                 (equation exactly identified)
------------------------------------------------------------------------------
Instrumented:         ln_gaci_max
Included instruments: lnpop
Excluded instruments: tourism_int
Partialled-out:       _cons
                      nb: total SS, model F and R2s are after partialling-out;
                          any small-sample adjustments include partialled-out
                          variables in regressor count K
------------------------------------------------------------------------------

Absorbed degrees of freedom:
-----------------------------------------------------+
 Absorbed FE | Categories  - Redundant  = Num. Coefs |
-------------+---------------------------------------|
     isocode |       141           0         141     |
    contid#y |       167           6         161     |
-----------------------------------------------------+
(dropped 2 singleton observations)
(MWFE estimator converged in 6 iterations)

IV (2SLS) estimation
--------------------

Estimates efficient for homoskedasticity only
Statistics robust to heteroskedasticity

                                                      Number of obs =     3735
                                                      F(  6,  3538) =   105.00
                                                      Prob > F      =   0.0000
Total (centered) SS     =  76.40944276                Centered R2   =   0.3371
Total (uncentered) SS   =  76.40944276                Uncentered R2 =   0.3371
Residual SS             =  50.65138583                Root MSE      =    .1197

------------------------------------------------------------------------------
             |               Robust
    ln_gdppc |      Coef.   Std. Err.      t    P>|t|     [95% Conf. Interval]
-------------+----------------------------------------------------------------
 ln_gaci_max |   1.023519   .3467845     2.95   0.003     .3436015    1.703437
       lnpop |  -.4685522   .0331704   -14.13   0.000    -.5335873   -.4035172
   at_basepc |  -.1302143     .00898   -14.50   0.000    -.1478209   -.1126077
 at_basegini |  -.0007929   .0019635    -0.40   0.686    -.0046426    .0030569
   at_lnland |   -.007014    .003863    -1.82   0.069    -.0145879    .0005598
   at_abslat |   .0011412   .0007385     1.55   0.122    -.0003067     .002589
------------------------------------------------------------------------------
Underidentification test (Kleibergen-Paap rk LM statistic):             19.829
                                                   Chi-sq(1) P-val =    0.0000
------------------------------------------------------------------------------
Weak identification test (Cragg-Donald Wald F statistic):               34.249
                         (Kleibergen-Paap rk Wald F statistic):         19.704
Stock-Yogo weak ID test critical values: 10% maximal IV size             16.38
                                         15% maximal IV size              8.96
                                         20% maximal IV size              6.66
                                         25% maximal IV size              5.53
Source: Stock-Yogo (2005).  Reproduced by permission.
NB: Critical values are for Cragg-Donald F statistic and i.i.d. errors.
------------------------------------------------------------------------------
Hansen J statistic (overidentification test of all instruments):         0.000
                                                 (equation exactly identified)
------------------------------------------------------------------------------
Instrumented:         ln_gaci_max
Included instruments: lnpop at_basepc at_basegini at_lnland at_abslat
Excluded instruments: tourism_int
Partialled-out:       _cons
                      nb: total SS, model F and R2s are after partialling-out;
                          any small-sample adjustments include partialled-out
                          variables in regressor count K
------------------------------------------------------------------------------

Absorbed degrees of freedom:
-----------------------------------------------------+
 Absorbed FE | Categories  - Redundant  = Num. Coefs |
-------------+---------------------------------------|
     isocode |       164           0         164     |
           y |        28           1          27     |
-----------------------------------------------------+
(dropped 3 singleton observations)
(MWFE estimator converged in 9 iterations)

IV (2SLS) estimation
--------------------

Estimates efficient for homoskedasticity only
Statistics robust to heteroskedasticity

                                                      Number of obs =     3734
                                                      F(  8,  3374) =    41.84
                                                      Prob > F      =   0.0000
Total (centered) SS     =   58.5709385                Centered R2   =   0.0503
Total (uncentered) SS   =   58.5709385                Uncentered R2 =   0.0503
Residual SS             =  55.62649109                Root MSE      =    .1284

------------------------------------------------------------------------------
             |               Robust
    ln_gdppc |      Coef.   Std. Err.      t    P>|t|     [95% Conf. Interval]
-------------+----------------------------------------------------------------
 ln_gaci_max |   1.600402   .5398262     2.96   0.003     .5419829    2.658822
       lnpop |  -.5467254   .1134615    -4.82   0.000    -.7691857   -.3242652
   at_basepc |  -.1555082   .0124792   -12.46   0.000    -.1799757   -.1310408
 at_basegini |   .0013788   .0016646     0.83   0.408    -.0018848    .0046425
   at_lnland |  -.0113071   .0063436    -1.78   0.075    -.0237447    .0011306
   at_abslat |   .0026825   .0009013     2.98   0.003     .0009154    .0044496
    at_seama |  -.0995867   .0479948    -2.07   0.038    -.1936885   -.0054849
at_basetrade |   .0007946   .0002261     3.51   0.000     .0003512    .0012379
------------------------------------------------------------------------------
Underidentification test (Kleibergen-Paap rk LM statistic):              7.244
                                                   Chi-sq(1) P-val =    0.0071
------------------------------------------------------------------------------
Weak identification test (Cragg-Donald Wald F statistic):               12.278
                         (Kleibergen-Paap rk Wald F statistic):          6.794
Stock-Yogo weak ID test critical values: 10% maximal IV size             16.38
                                         15% maximal IV size              8.96
                                         20% maximal IV size              6.66
                                         25% maximal IV size              5.53
Source: Stock-Yogo (2005).  Reproduced by permission.
NB: Critical values are for Cragg-Donald F statistic and i.i.d. errors.
------------------------------------------------------------------------------
Hansen J statistic (overidentification test of all instruments):         0.000
                                                 (equation exactly identified)
------------------------------------------------------------------------------
Instrumented:         ln_gaci_max
Included instruments: lnpop at_basepc at_basegini at_lnland at_abslat at_seama
                      at_basetrade
Excluded instruments: tourism_int
Partialled-out:       _cons
                      nb: total SS, model F and R2s are after partialling-out;
                          any small-sample adjustments include partialled-out
                          variables in regressor count K
------------------------------------------------------------------------------

Absorbed degrees of freedom:
-----------------------------------------------------+
 Absorbed FE | Categories  - Redundant  = Num. Coefs |
-------------+---------------------------------------|
     isocode |       164           0         164     |
    contid#y |       195           7         188     |
-----------------------------------------------------+
(dropped 3 singleton observations)
(MWFE estimator converged in 9 iterations)

IV (2SLS) estimation
--------------------

Estimates efficient for homoskedasticity only
Statistics robust to heteroskedasticity

                                                      Number of obs =     3713
                                                      F(  2,  3360) =    10.91
                                                      Prob > F      =   0.0000
Total (centered) SS     =  84.02409731                Centered R2   =  -1.1792
Total (uncentered) SS   =  84.02409731                Uncentered R2 =  -1.1792
Residual SS             =  183.1085011                Root MSE      =    .2334

------------------------------------------------------------------------------
             |               Robust
ln_avg_bot~d |      Coef.   Std. Err.      t    P>|t|     [95% Conf. Interval]
-------------+----------------------------------------------------------------
 ln_gaci_max |  -1.682829    .699437    -2.41   0.016    -3.054194   -.3114633
       lnpop |   .0119862   .1899081     0.06   0.950     -.360361    .3843334
------------------------------------------------------------------------------
Underidentification test (Kleibergen-Paap rk LM statistic):             16.687
                                                   Chi-sq(1) P-val =    0.0000
------------------------------------------------------------------------------
Weak identification test (Cragg-Donald Wald F statistic):               16.732
                         (Kleibergen-Paap rk Wald F statistic):         16.805
Stock-Yogo weak ID test critical values: 10% maximal IV size             16.38
                                         15% maximal IV size              8.96
                                         20% maximal IV size              6.66
                                         25% maximal IV size              5.53
Source: Stock-Yogo (2005).  Reproduced by permission.
NB: Critical values are for Cragg-Donald F statistic and i.i.d. errors.
------------------------------------------------------------------------------
Hansen J statistic (overidentification test of all instruments):         0.000
                                                 (equation exactly identified)
------------------------------------------------------------------------------
Instrumented:         ln_gaci_max
Included instruments: lnpop
Excluded instruments: feyrer_int
Partialled-out:       _cons
                      nb: total SS, model F and R2s are after partialling-out;
                          any small-sample adjustments include partialled-out
                          variables in regressor count K
------------------------------------------------------------------------------

Absorbed degrees of freedom:
-----------------------------------------------------+
 Absorbed FE | Categories  - Redundant  = Num. Coefs |
-------------+---------------------------------------|
     isocode |       163           0         163     |
    contid#y |       195           7         188     |
-----------------------------------------------------+
(dropped 3 singleton observations)
(MWFE estimator converged in 9 iterations)

IV (2SLS) estimation
--------------------

Estimates efficient for homoskedasticity only
Statistics robust to heteroskedasticity

                                                      Number of obs =     3157
                                                      F(  2,  2854) =     9.11
                                                      Prob > F      =   0.0001
Total (centered) SS     =  69.13426585                Centered R2   =  -1.9330
Total (uncentered) SS   =  69.13426585                Uncentered R2 =  -1.9330
Residual SS             =  202.7692799                Root MSE      =    .2665

------------------------------------------------------------------------------
             |               Robust
ln_avg_bot~d |      Coef.   Std. Err.      t    P>|t|     [95% Conf. Interval]
-------------+----------------------------------------------------------------
 ln_gaci_max |  -2.233176    .929271    -2.40   0.016    -4.055287   -.4110656
       lnpop |   .1313863   .2572904     0.51   0.610    -.3731076    .6358802
------------------------------------------------------------------------------
Underidentification test (Kleibergen-Paap rk LM statistic):             12.281
                                                   Chi-sq(1) P-val =    0.0005
------------------------------------------------------------------------------
Weak identification test (Cragg-Donald Wald F statistic):               12.259
                         (Kleibergen-Paap rk Wald F statistic):         12.327
Stock-Yogo weak ID test critical values: 10% maximal IV size             16.38
                                         15% maximal IV size              8.96
                                         20% maximal IV size              6.66
                                         25% maximal IV size              5.53
Source: Stock-Yogo (2005).  Reproduced by permission.
NB: Critical values are for Cragg-Donald F statistic and i.i.d. errors.
------------------------------------------------------------------------------
Hansen J statistic (overidentification test of all instruments):         0.000
                                                 (equation exactly identified)
------------------------------------------------------------------------------
Instrumented:         ln_gaci_max
Included instruments: lnpop
Excluded instruments: feyrer_int
Partialled-out:       _cons
                      nb: total SS, model F and R2s are after partialling-out;
                          any small-sample adjustments include partialled-out
                          variables in regressor count K
------------------------------------------------------------------------------

Absorbed degrees of freedom:
-----------------------------------------------------+
 Absorbed FE | Categories  - Redundant  = Num. Coefs |
-------------+---------------------------------------|
     isocode |       140           0         140     |
    contid#y |       167           6         161     |
-----------------------------------------------------+
(dropped 2 singleton observations)
(MWFE estimator converged in 6 iterations)

IV (2SLS) estimation
--------------------

Estimates efficient for homoskedasticity only
Statistics robust to heteroskedasticity

                                                      Number of obs =     3714
                                                      F(  6,  3518) =    71.36
                                                      Prob > F      =   0.0000
Total (centered) SS     =  102.1602929                Centered R2   =   0.1508
Total (uncentered) SS   =  102.1602929                Uncentered R2 =   0.1508
Residual SS             =  86.75332775                Root MSE      =     .157

------------------------------------------------------------------------------
             |               Robust
ln_avg_bot~d |      Coef.   Std. Err.      t    P>|t|     [95% Conf. Interval]
-------------+----------------------------------------------------------------
 ln_gaci_max |   .1249113   .2430957     0.51   0.607    -.3517115    .6015341
       lnpop |   -.375748   .0398172    -9.44   0.000    -.4538152   -.2976808
   at_basepc |  -.1274845   .0095808   -13.31   0.000     -.146269   -.1086999
 at_basegini |  -.0037891   .0024212    -1.56   0.118    -.0085361     .000958
   at_lnland |  -.0050546   .0048781    -1.04   0.300    -.0146188    .0045097
   at_abslat |   .0010192   .0008355     1.22   0.223    -.0006189    .0026573
------------------------------------------------------------------------------
Underidentification test (Kleibergen-Paap rk LM statistic):             66.305
                                                   Chi-sq(1) P-val =    0.0000
------------------------------------------------------------------------------
Weak identification test (Cragg-Donald Wald F statistic):               82.473
                         (Kleibergen-Paap rk Wald F statistic):         79.871
Stock-Yogo weak ID test critical values: 10% maximal IV size             16.38
                                         15% maximal IV size              8.96
                                         20% maximal IV size              6.66
                                         25% maximal IV size              5.53
Source: Stock-Yogo (2005).  Reproduced by permission.
NB: Critical values are for Cragg-Donald F statistic and i.i.d. errors.
------------------------------------------------------------------------------
Hansen J statistic (overidentification test of all instruments):         0.000
                                                 (equation exactly identified)
------------------------------------------------------------------------------
Instrumented:         ln_gaci_max
Included instruments: lnpop at_basepc at_basegini at_lnland at_abslat
Excluded instruments: feyrer_int
Partialled-out:       _cons
                      nb: total SS, model F and R2s are after partialling-out;
                          any small-sample adjustments include partialled-out
                          variables in regressor count K
------------------------------------------------------------------------------

Absorbed degrees of freedom:
-----------------------------------------------------+
 Absorbed FE | Categories  - Redundant  = Num. Coefs |
-------------+---------------------------------------|
     isocode |       163           0         163     |
           y |        28           1          27     |
-----------------------------------------------------+
(dropped 3 singleton observations)
(MWFE estimator converged in 9 iterations)

IV (2SLS) estimation
--------------------

Estimates efficient for homoskedasticity only
Statistics robust to heteroskedasticity

                                                      Number of obs =     3713
                                                      F(  8,  3354) =    28.52
                                                      Prob > F      =   0.0000
Total (centered) SS     =  84.02409731                Centered R2   =   0.1284
Total (uncentered) SS   =  84.02409731                Uncentered R2 =   0.1284
Residual SS             =  73.23833481                Root MSE      =    .1478

------------------------------------------------------------------------------
             |               Robust
ln_avg_bot~d |      Coef.   Std. Err.      t    P>|t|     [95% Conf. Interval]
-------------+----------------------------------------------------------------
 ln_gaci_max |   .1179745   .3670854     0.32   0.748    -.6017595    .8377084
       lnpop |  -.2885169   .0990678    -2.91   0.004    -.4827562   -.0942775
   at_basepc |   -.138694   .0119479   -11.61   0.000    -.1621199   -.1152681
 at_basegini |  -.0038876   .0025661    -1.51   0.130    -.0089189    .0011437
   at_lnland |  -.0011822   .0069662    -0.17   0.865    -.0148407    .0124764
   at_abslat |   .0029887   .0010015     2.98   0.003     .0010251    .0049523
    at_seama |  -.0677694   .0378795    -1.79   0.074    -.1420386    .0064998
at_basetrade |   .0011736   .0002433     4.82   0.000     .0006966    .0016505
------------------------------------------------------------------------------
Underidentification test (Kleibergen-Paap rk LM statistic):             24.316
                                                   Chi-sq(1) P-val =    0.0000
------------------------------------------------------------------------------
Weak identification test (Cragg-Donald Wald F statistic):               18.478
                         (Kleibergen-Paap rk Wald F statistic):         22.433
Stock-Yogo weak ID test critical values: 10% maximal IV size             16.38
                                         15% maximal IV size              8.96
                                         20% maximal IV size              6.66
                                         25% maximal IV size              5.53
Source: Stock-Yogo (2005).  Reproduced by permission.
NB: Critical values are for Cragg-Donald F statistic and i.i.d. errors.
------------------------------------------------------------------------------
Hansen J statistic (overidentification test of all instruments):         0.000
                                                 (equation exactly identified)
------------------------------------------------------------------------------
Instrumented:         ln_gaci_max
Included instruments: lnpop at_basepc at_basegini at_lnland at_abslat at_seama
                      at_basetrade
Excluded instruments: feyrer_int
Partialled-out:       _cons
                      nb: total SS, model F and R2s are after partialling-out;
                          any small-sample adjustments include partialled-out
                          variables in regressor count K
------------------------------------------------------------------------------

Absorbed degrees of freedom:
-----------------------------------------------------+
 Absorbed FE | Categories  - Redundant  = Num. Coefs |
-------------+---------------------------------------|
     isocode |       163           0         163     |
    contid#y |       195           7         188     |
-----------------------------------------------------+
(dropped 3 singleton observations)
(MWFE estimator converged in 8 iterations)

IV (2SLS) estimation
--------------------

Estimates efficient for homoskedasticity only
Statistics robust to heteroskedasticity

                                                      Number of obs =     3713
                                                      F(  2,  3360) =    10.79
                                                      Prob > F      =   0.0000
Total (centered) SS     =  84.02409731                Centered R2   =  -0.5380
Total (uncentered) SS   =  84.02409731                Uncentered R2 =  -0.5380
Residual SS             =  129.2332196                Root MSE      =    .1961

------------------------------------------------------------------------------
             |               Robust
ln_avg_bot~d |      Coef.   Std. Err.      t    P>|t|     [95% Conf. Interval]
-------------+----------------------------------------------------------------
 ln_gaci_max |  -1.019644   .8526124    -1.20   0.232    -2.691336    .6520478
       lnpop |  -.1299223   .1977511    -0.66   0.511    -.5176469    .2578024
------------------------------------------------------------------------------
Underidentification test (Kleibergen-Paap rk LM statistic):              9.102
                                                   Chi-sq(1) P-val =    0.0026
------------------------------------------------------------------------------
Weak identification test (Cragg-Donald Wald F statistic):               13.224
                         (Kleibergen-Paap rk Wald F statistic):          8.579
Stock-Yogo weak ID test critical values: 10% maximal IV size             16.38
                                         15% maximal IV size              8.96
                                         20% maximal IV size              6.66
                                         25% maximal IV size              5.53
Source: Stock-Yogo (2005).  Reproduced by permission.
NB: Critical values are for Cragg-Donald F statistic and i.i.d. errors.
------------------------------------------------------------------------------
Hansen J statistic (overidentification test of all instruments):         0.000
                                                 (equation exactly identified)
------------------------------------------------------------------------------
Instrumented:         ln_gaci_max
Included instruments: lnpop
Excluded instruments: tourism_int
Partialled-out:       _cons
                      nb: total SS, model F and R2s are after partialling-out;
                          any small-sample adjustments include partialled-out
                          variables in regressor count K
------------------------------------------------------------------------------

Absorbed degrees of freedom:
-----------------------------------------------------+
 Absorbed FE | Categories  - Redundant  = Num. Coefs |
-------------+---------------------------------------|
     isocode |       163           0         163     |
    contid#y |       195           7         188     |
-----------------------------------------------------+
(dropped 3 singleton observations)
(MWFE estimator converged in 8 iterations)

IV (2SLS) estimation
--------------------

Estimates efficient for homoskedasticity only
Statistics robust to heteroskedasticity

                                                      Number of obs =     3157
                                                      F(  2,  2854) =     5.55
                                                      Prob > F      =   0.0039
Total (centered) SS     =  69.13426585                Centered R2   =  -1.7746
Total (uncentered) SS   =  69.13426585                Uncentered R2 =  -1.7746
Residual SS             =  191.8189628                Root MSE      =    .2593

------------------------------------------------------------------------------
             |               Robust
ln_avg_bot~d |      Coef.   Std. Err.      t    P>|t|     [95% Conf. Interval]
-------------+----------------------------------------------------------------
 ln_gaci_max |  -2.123734   1.864748    -1.14   0.255    -5.780125    1.532656
       lnpop |   .1069769   .4304596     0.25   0.804    -.7370664    .9510202
------------------------------------------------------------------------------
Underidentification test (Kleibergen-Paap rk LM statistic):              3.308
                                                   Chi-sq(1) P-val =    0.0689
------------------------------------------------------------------------------
Weak identification test (Cragg-Donald Wald F statistic):                5.254
                         (Kleibergen-Paap rk Wald F statistic):          3.085
Stock-Yogo weak ID test critical values: 10% maximal IV size             16.38
                                         15% maximal IV size              8.96
                                         20% maximal IV size              6.66
                                         25% maximal IV size              5.53
Source: Stock-Yogo (2005).  Reproduced by permission.
NB: Critical values are for Cragg-Donald F statistic and i.i.d. errors.
------------------------------------------------------------------------------
Hansen J statistic (overidentification test of all instruments):         0.000
                                                 (equation exactly identified)
------------------------------------------------------------------------------
Instrumented:         ln_gaci_max
Included instruments: lnpop
Excluded instruments: tourism_int
Partialled-out:       _cons
                      nb: total SS, model F and R2s are after partialling-out;
                          any small-sample adjustments include partialled-out
                          variables in regressor count K
------------------------------------------------------------------------------

Absorbed degrees of freedom:
-----------------------------------------------------+
 Absorbed FE | Categories  - Redundant  = Num. Coefs |
-------------+---------------------------------------|
     isocode |       140           0         140     |
    contid#y |       167           6         161     |
-----------------------------------------------------+
(dropped 2 singleton observations)
(MWFE estimator converged in 6 iterations)

IV (2SLS) estimation
--------------------

Estimates efficient for homoskedasticity only
Statistics robust to heteroskedasticity

                                                      Number of obs =     3714
                                                      F(  6,  3518) =    82.07
                                                      Prob > F      =   0.0000
Total (centered) SS     =  102.1602929                Centered R2   =   0.2177
Total (uncentered) SS   =  102.1602929                Uncentered R2 =   0.2177
Residual SS             =  79.91531394                Root MSE      =    .1507

------------------------------------------------------------------------------
             |               Robust
ln_avg_bot~d |      Coef.   Std. Err.      t    P>|t|     [95% Conf. Interval]
-------------+----------------------------------------------------------------
 ln_gaci_max |   .6050726   .4021281     1.50   0.132    -.1833553    1.393501
       lnpop |  -.4045201   .0410177    -9.86   0.000     -.484941   -.3240993
   at_basepc |  -.1346689   .0105307   -12.79   0.000    -.1553159    -.114022
 at_basegini |  -.0018413   .0028726    -0.64   0.522    -.0074734    .0037908
   at_lnland |  -.0049601   .0046238    -1.07   0.283    -.0140256    .0041055
   at_abslat |   .0003366   .0008878     0.38   0.705    -.0014041    .0020772
------------------------------------------------------------------------------
Underidentification test (Kleibergen-Paap rk LM statistic):             19.731
                                                   Chi-sq(1) P-val =    0.0000
------------------------------------------------------------------------------
Weak identification test (Cragg-Donald Wald F statistic):               33.884
                         (Kleibergen-Paap rk Wald F statistic):         19.599
Stock-Yogo weak ID test critical values: 10% maximal IV size             16.38
                                         15% maximal IV size              8.96
                                         20% maximal IV size              6.66
                                         25% maximal IV size              5.53
Source: Stock-Yogo (2005).  Reproduced by permission.
NB: Critical values are for Cragg-Donald F statistic and i.i.d. errors.
------------------------------------------------------------------------------
Hansen J statistic (overidentification test of all instruments):         0.000
                                                 (equation exactly identified)
------------------------------------------------------------------------------
Instrumented:         ln_gaci_max
Included instruments: lnpop at_basepc at_basegini at_lnland at_abslat
Excluded instruments: tourism_int
Partialled-out:       _cons
                      nb: total SS, model F and R2s are after partialling-out;
                          any small-sample adjustments include partialled-out
                          variables in regressor count K
------------------------------------------------------------------------------

Absorbed degrees of freedom:
-----------------------------------------------------+
 Absorbed FE | Categories  - Redundant  = Num. Coefs |
-------------+---------------------------------------|
     isocode |       163           0         163     |
           y |        28           1          27     |
-----------------------------------------------------+
(dropped 3 singleton observations)
(MWFE estimator converged in 9 iterations)

IV (2SLS) estimation
--------------------

Estimates efficient for homoskedasticity only
Statistics robust to heteroskedasticity

                                                      Number of obs =     3713
                                                      F(  8,  3354) =    34.90
                                                      Prob > F      =   0.0000
Total (centered) SS     =  84.02409731                Centered R2   =   0.0131
Total (uncentered) SS   =  84.02409731                Uncentered R2 =   0.0131
Residual SS             =  82.92255755                Root MSE      =    .1572

------------------------------------------------------------------------------
             |               Robust
ln_avg_bot~d |      Coef.   Std. Err.      t    P>|t|     [95% Conf. Interval]
-------------+----------------------------------------------------------------
 ln_gaci_max |   1.460369   .6734407     2.17   0.030     .1399732    2.780765
       lnpop |  -.5551309   .1459244    -3.80   0.000    -.8412407   -.2690211
   at_basepc |  -.1561737    .014577   -10.71   0.000    -.1847544   -.1275931
 at_basegini |  -.0046155   .0024705    -1.87   0.062    -.0094594    .0002284
   at_lnland |  -.0083336    .008045    -1.04   0.300    -.0241072      .00744
   at_abslat |    .002887   .0010985     2.63   0.009     .0007333    .0050408
    at_seama |   -.128635   .0545652    -2.36   0.018    -.2356193   -.0216506
at_basetrade |   .0010045   .0002848     3.53   0.000     .0004461    .0015629
------------------------------------------------------------------------------
Underidentification test (Kleibergen-Paap rk LM statistic):              7.217
                                                   Chi-sq(1) P-val =    0.0072
------------------------------------------------------------------------------
Weak identification test (Cragg-Donald Wald F statistic):               12.121
                         (Kleibergen-Paap rk Wald F statistic):          6.762
Stock-Yogo weak ID test critical values: 10% maximal IV size             16.38
                                         15% maximal IV size              8.96
                                         20% maximal IV size              6.66
                                         25% maximal IV size              5.53
Source: Stock-Yogo (2005).  Reproduced by permission.
NB: Critical values are for Cragg-Donald F statistic and i.i.d. errors.
------------------------------------------------------------------------------
Hansen J statistic (overidentification test of all instruments):         0.000
                                                 (equation exactly identified)
------------------------------------------------------------------------------
Instrumented:         ln_gaci_max
Included instruments: lnpop at_basepc at_basegini at_lnland at_abslat at_seama
                      at_basetrade
Excluded instruments: tourism_int
Partialled-out:       _cons
                      nb: total SS, model F and R2s are after partialling-out;
                          any small-sample adjustments include partialled-out
                          variables in regressor count K
------------------------------------------------------------------------------

Absorbed degrees of freedom:
-----------------------------------------------------+
 Absorbed FE | Categories  - Redundant  = Num. Coefs |
-------------+---------------------------------------|
     isocode |       163           0         163     |
    contid#y |       195           7         188     |
-----------------------------------------------------+
(dropped 3 singleton observations)
(MWFE estimator converged in 9 iterations)

IV (2SLS) estimation
--------------------

Estimates efficient for homoskedasticity only
Statistics robust to heteroskedasticity

                                                      Number of obs =     3713
                                                      F(  2,  3360) =    26.96
                                                      Prob > F      =   0.0000
Total (centered) SS     =  75.78560269                Centered R2   =  -0.2115
Total (uncentered) SS   =  75.78560269                Uncentered R2 =  -0.2115
Residual SS             =  91.81735755                Root MSE      =    .1653

------------------------------------------------------------------------------
             |               Robust
ln_avg_top~d |      Coef.   Std. Err.      t    P>|t|     [95% Conf. Interval]
-------------+----------------------------------------------------------------
 ln_gaci_max |  -.4752924   .5098896    -0.93   0.351    -1.475018    .5244331
       lnpop |  -.3813979   .1364967    -2.79   0.005    -.6490229    -.113773
------------------------------------------------------------------------------
Underidentification test (Kleibergen-Paap rk LM statistic):             16.687
                                                   Chi-sq(1) P-val =    0.0000
------------------------------------------------------------------------------
Weak identification test (Cragg-Donald Wald F statistic):               16.732
                         (Kleibergen-Paap rk Wald F statistic):         16.805
Stock-Yogo weak ID test critical values: 10% maximal IV size             16.38
                                         15% maximal IV size              8.96
                                         20% maximal IV size              6.66
                                         25% maximal IV size              5.53
Source: Stock-Yogo (2005).  Reproduced by permission.
NB: Critical values are for Cragg-Donald F statistic and i.i.d. errors.
------------------------------------------------------------------------------
Hansen J statistic (overidentification test of all instruments):         0.000
                                                 (equation exactly identified)
------------------------------------------------------------------------------
Instrumented:         ln_gaci_max
Included instruments: lnpop
Excluded instruments: feyrer_int
Partialled-out:       _cons
                      nb: total SS, model F and R2s are after partialling-out;
                          any small-sample adjustments include partialled-out
                          variables in regressor count K
------------------------------------------------------------------------------

Absorbed degrees of freedom:
-----------------------------------------------------+
 Absorbed FE | Categories  - Redundant  = Num. Coefs |
-------------+---------------------------------------|
     isocode |       163           0         163     |
    contid#y |       195           7         188     |
-----------------------------------------------------+
(dropped 3 singleton observations)
(MWFE estimator converged in 9 iterations)

IV (2SLS) estimation
--------------------

Estimates efficient for homoskedasticity only
Statistics robust to heteroskedasticity

                                                      Number of obs =     3157
                                                      F(  2,  2854) =    24.62
                                                      Prob > F      =   0.0000
Total (centered) SS     =  64.96672406                Centered R2   =  -0.3671
Total (uncentered) SS   =  64.96672406                Uncentered R2 =  -0.3671
Residual SS             =  88.81392804                Root MSE      =    .1764

------------------------------------------------------------------------------
             |               Robust
ln_avg_top~d |      Coef.   Std. Err.      t    P>|t|     [95% Conf. Interval]
-------------+----------------------------------------------------------------
 ln_gaci_max |  -.7102403   .6264465    -1.13   0.257    -1.938574    .5180933
       lnpop |  -.3625431   .1725785    -2.10   0.036    -.7009343   -.0241519
------------------------------------------------------------------------------
Underidentification test (Kleibergen-Paap rk LM statistic):             12.281
                                                   Chi-sq(1) P-val =    0.0005
------------------------------------------------------------------------------
Weak identification test (Cragg-Donald Wald F statistic):               12.259
                         (Kleibergen-Paap rk Wald F statistic):         12.327
Stock-Yogo weak ID test critical values: 10% maximal IV size             16.38
                                         15% maximal IV size              8.96
                                         20% maximal IV size              6.66
                                         25% maximal IV size              5.53
Source: Stock-Yogo (2005).  Reproduced by permission.
NB: Critical values are for Cragg-Donald F statistic and i.i.d. errors.
------------------------------------------------------------------------------
Hansen J statistic (overidentification test of all instruments):         0.000
                                                 (equation exactly identified)
------------------------------------------------------------------------------
Instrumented:         ln_gaci_max
Included instruments: lnpop
Excluded instruments: feyrer_int
Partialled-out:       _cons
                      nb: total SS, model F and R2s are after partialling-out;
                          any small-sample adjustments include partialled-out
                          variables in regressor count K
------------------------------------------------------------------------------

Absorbed degrees of freedom:
-----------------------------------------------------+
 Absorbed FE | Categories  - Redundant  = Num. Coefs |
-------------+---------------------------------------|
     isocode |       140           0         140     |
    contid#y |       167           6         161     |
-----------------------------------------------------+
(dropped 2 singleton observations)
(MWFE estimator converged in 6 iterations)

IV (2SLS) estimation
--------------------

Estimates efficient for homoskedasticity only
Statistics robust to heteroskedasticity

                                                      Number of obs =     3714
                                                      F(  6,  3518) =   120.97
                                                      Prob > F      =   0.0000
Total (centered) SS     =  97.98314594                Centered R2   =   0.3037
Total (uncentered) SS   =  97.98314594                Uncentered R2 =   0.3037
Residual SS             =  68.22968798                Root MSE      =    .1393

------------------------------------------------------------------------------
             |               Robust
ln_avg_top~d |      Coef.   Std. Err.      t    P>|t|     [95% Conf. Interval]
-------------+----------------------------------------------------------------
 ln_gaci_max |   .9010559   .1924851     4.68   0.000     .5236623     1.27845
       lnpop |  -.5783531   .0342932   -16.86   0.000    -.6455898   -.5111164
   at_basepc |  -.1243955   .0086376   -14.40   0.000    -.1413308   -.1074602
 at_basegini |  -.0057818   .0017939    -3.22   0.001     -.009299   -.0022647
   at_lnland |  -.0067144   .0047349    -1.42   0.156    -.0159978    .0025689
   at_abslat |   .0019056   .0007734     2.46   0.014     .0003892     .003422
------------------------------------------------------------------------------
Underidentification test (Kleibergen-Paap rk LM statistic):             66.305
                                                   Chi-sq(1) P-val =    0.0000
------------------------------------------------------------------------------
Weak identification test (Cragg-Donald Wald F statistic):               82.473
                         (Kleibergen-Paap rk Wald F statistic):         79.871
Stock-Yogo weak ID test critical values: 10% maximal IV size             16.38
                                         15% maximal IV size              8.96
                                         20% maximal IV size              6.66
                                         25% maximal IV size              5.53
Source: Stock-Yogo (2005).  Reproduced by permission.
NB: Critical values are for Cragg-Donald F statistic and i.i.d. errors.
------------------------------------------------------------------------------
Hansen J statistic (overidentification test of all instruments):         0.000
                                                 (equation exactly identified)
------------------------------------------------------------------------------
Instrumented:         ln_gaci_max
Included instruments: lnpop at_basepc at_basegini at_lnland at_abslat
Excluded instruments: feyrer_int
Partialled-out:       _cons
                      nb: total SS, model F and R2s are after partialling-out;
                          any small-sample adjustments include partialled-out
                          variables in regressor count K
------------------------------------------------------------------------------

Absorbed degrees of freedom:
-----------------------------------------------------+
 Absorbed FE | Categories  - Redundant  = Num. Coefs |
-------------+---------------------------------------|
     isocode |       163           0         163     |
           y |        28           1          27     |
-----------------------------------------------------+
(dropped 3 singleton observations)
(MWFE estimator converged in 9 iterations)

IV (2SLS) estimation
--------------------

Estimates efficient for homoskedasticity only
Statistics robust to heteroskedasticity

                                                      Number of obs =     3713
                                                      F(  8,  3354) =    46.44
                                                      Prob > F      =   0.0000
Total (centered) SS     =  75.78560269                Centered R2   =   0.2400
Total (uncentered) SS   =  75.78560269                Uncentered R2 =   0.2400
Residual SS             =  57.60035914                Root MSE      =     .131

------------------------------------------------------------------------------
             |               Robust
ln_avg_top~d |      Coef.   Std. Err.      t    P>|t|     [95% Conf. Interval]
-------------+----------------------------------------------------------------
 ln_gaci_max |   .9733788   .4009702     2.43   0.015     .1872078     1.75955
       lnpop |  -.6000148   .0957681    -6.27   0.000    -.7877845   -.4122451
   at_basepc |  -.1285512   .0095862   -13.41   0.000    -.1473466   -.1097557
 at_basegini |  -.0007174   .0018393    -0.39   0.697    -.0043238    .0028889
   at_lnland |  -.0041428   .0064251    -0.64   0.519    -.0167403    .0084548
   at_abslat |   .0046607   .0008679     5.37   0.000      .002959    .0063624
    at_seama |  -.0774979    .038602    -2.01   0.045    -.1531837   -.0018121
at_basetrade |   .0012026   .0002328     5.17   0.000     .0007461    .0016591
------------------------------------------------------------------------------
Underidentification test (Kleibergen-Paap rk LM statistic):             24.316
                                                   Chi-sq(1) P-val =    0.0000
------------------------------------------------------------------------------
Weak identification test (Cragg-Donald Wald F statistic):               18.478
                         (Kleibergen-Paap rk Wald F statistic):         22.433
Stock-Yogo weak ID test critical values: 10% maximal IV size             16.38
                                         15% maximal IV size              8.96
                                         20% maximal IV size              6.66
                                         25% maximal IV size              5.53
Source: Stock-Yogo (2005).  Reproduced by permission.
NB: Critical values are for Cragg-Donald F statistic and i.i.d. errors.
------------------------------------------------------------------------------
Hansen J statistic (overidentification test of all instruments):         0.000
                                                 (equation exactly identified)
------------------------------------------------------------------------------
Instrumented:         ln_gaci_max
Included instruments: lnpop at_basepc at_basegini at_lnland at_abslat at_seama
                      at_basetrade
Excluded instruments: feyrer_int
Partialled-out:       _cons
                      nb: total SS, model F and R2s are after partialling-out;
                          any small-sample adjustments include partialled-out
                          variables in regressor count K
------------------------------------------------------------------------------

Absorbed degrees of freedom:
-----------------------------------------------------+
 Absorbed FE | Categories  - Redundant  = Num. Coefs |
-------------+---------------------------------------|
     isocode |       163           0         163     |
    contid#y |       195           7         188     |
-----------------------------------------------------+
(dropped 3 singleton observations)
(MWFE estimator converged in 8 iterations)

IV (2SLS) estimation
--------------------

Estimates efficient for homoskedasticity only
Statistics robust to heteroskedasticity

                                                      Number of obs =     3713
                                                      F(  2,  3360) =    21.37
                                                      Prob > F      =   0.0000
Total (centered) SS     =  75.78560269                Centered R2   =  -0.3998
Total (uncentered) SS   =  75.78560269                Uncentered R2 =  -0.3998
Residual SS             =  106.0848414                Root MSE      =    .1777

------------------------------------------------------------------------------
             |               Robust
ln_avg_top~d |      Coef.   Std. Err.      t    P>|t|     [95% Conf. Interval]
-------------+----------------------------------------------------------------
 ln_gaci_max |  -.7319997   .7584303    -0.97   0.335    -2.219031    .7550321
       lnpop |  -.3264677   .1807874    -1.81   0.071    -.6809321    .0279967
------------------------------------------------------------------------------
Underidentification test (Kleibergen-Paap rk LM statistic):              9.102
                                                   Chi-sq(1) P-val =    0.0026
------------------------------------------------------------------------------
Weak identification test (Cragg-Donald Wald F statistic):               13.224
                         (Kleibergen-Paap rk Wald F statistic):          8.579
Stock-Yogo weak ID test critical values: 10% maximal IV size             16.38
                                         15% maximal IV size              8.96
                                         20% maximal IV size              6.66
                                         25% maximal IV size              5.53
Source: Stock-Yogo (2005).  Reproduced by permission.
NB: Critical values are for Cragg-Donald F statistic and i.i.d. errors.
------------------------------------------------------------------------------
Hansen J statistic (overidentification test of all instruments):         0.000
                                                 (equation exactly identified)
------------------------------------------------------------------------------
Instrumented:         ln_gaci_max
Included instruments: lnpop
Excluded instruments: tourism_int
Partialled-out:       _cons
                      nb: total SS, model F and R2s are after partialling-out;
                          any small-sample adjustments include partialled-out
                          variables in regressor count K
------------------------------------------------------------------------------

Absorbed degrees of freedom:
-----------------------------------------------------+
 Absorbed FE | Categories  - Redundant  = Num. Coefs |
-------------+---------------------------------------|
     isocode |       163           0         163     |
    contid#y |       195           7         188     |
-----------------------------------------------------+
(dropped 3 singleton observations)
(MWFE estimator converged in 8 iterations)

IV (2SLS) estimation
--------------------

Estimates efficient for homoskedasticity only
Statistics robust to heteroskedasticity

                                                      Number of obs =     3157
                                                      F(  2,  2854) =    16.32
                                                      Prob > F      =   0.0000
Total (centered) SS     =  64.96672406                Centered R2   =  -0.7670
Total (uncentered) SS   =  64.96672406                Uncentered R2 =  -0.7670
Residual SS             =  114.7944518                Root MSE      =    .2006

------------------------------------------------------------------------------
             |               Robust
ln_avg_top~d |      Coef.   Std. Err.      t    P>|t|     [95% Conf. Interval]
-------------+----------------------------------------------------------------
 ln_gaci_max |  -1.146582   1.422398    -0.81   0.420    -3.935614    1.642449
       lnpop |  -.2652237   .3323816    -0.80   0.425    -.9169561    .3865087
------------------------------------------------------------------------------
Underidentification test (Kleibergen-Paap rk LM statistic):              3.308
                                                   Chi-sq(1) P-val =    0.0689
------------------------------------------------------------------------------
Weak identification test (Cragg-Donald Wald F statistic):                5.254
                         (Kleibergen-Paap rk Wald F statistic):          3.085
Stock-Yogo weak ID test critical values: 10% maximal IV size             16.38
                                         15% maximal IV size              8.96
                                         20% maximal IV size              6.66
                                         25% maximal IV size              5.53
Source: Stock-Yogo (2005).  Reproduced by permission.
NB: Critical values are for Cragg-Donald F statistic and i.i.d. errors.
------------------------------------------------------------------------------
Hansen J statistic (overidentification test of all instruments):         0.000
                                                 (equation exactly identified)
------------------------------------------------------------------------------
Instrumented:         ln_gaci_max
Included instruments: lnpop
Excluded instruments: tourism_int
Partialled-out:       _cons
                      nb: total SS, model F and R2s are after partialling-out;
                          any small-sample adjustments include partialled-out
                          variables in regressor count K
------------------------------------------------------------------------------

Absorbed degrees of freedom:
-----------------------------------------------------+
 Absorbed FE | Categories  - Redundant  = Num. Coefs |
-------------+---------------------------------------|
     isocode |       140           0         140     |
    contid#y |       167           6         161     |
-----------------------------------------------------+
(dropped 2 singleton observations)
(MWFE estimator converged in 6 iterations)

IV (2SLS) estimation
--------------------

Estimates efficient for homoskedasticity only
Statistics robust to heteroskedasticity

                                                      Number of obs =     3714
                                                      F(  6,  3518) =   112.02
                                                      Prob > F      =   0.0000
Total (centered) SS     =  97.98314594                Centered R2   =   0.2635
Total (uncentered) SS   =  97.98314594                Uncentered R2 =   0.2635
Residual SS             =  72.16565231                Root MSE      =    .1432

------------------------------------------------------------------------------
             |               Robust
ln_avg_top~d |      Coef.   Std. Err.      t    P>|t|     [95% Conf. Interval]
-------------+----------------------------------------------------------------
 ln_gaci_max |   1.205352   .3827972     3.15   0.002     .4548249    1.955879
       lnpop |  -.5965871   .0378344   -15.77   0.000    -.6707667   -.5224075
   at_basepc |  -.1289486   .0107352   -12.01   0.000    -.1499964   -.1079007
 at_basegini |  -.0045475   .0022938    -1.98   0.047    -.0090448   -.0000502
   at_lnland |  -.0066546   .0047978    -1.39   0.166    -.0160613    .0027522
   at_abslat |    .001473   .0008225     1.79   0.073    -.0001396    .0030856
------------------------------------------------------------------------------
Underidentification test (Kleibergen-Paap rk LM statistic):             19.731
                                                   Chi-sq(1) P-val =    0.0000
------------------------------------------------------------------------------
Weak identification test (Cragg-Donald Wald F statistic):               33.884
                         (Kleibergen-Paap rk Wald F statistic):         19.599
Stock-Yogo weak ID test critical values: 10% maximal IV size             16.38
                                         15% maximal IV size              8.96
                                         20% maximal IV size              6.66
                                         25% maximal IV size              5.53
Source: Stock-Yogo (2005).  Reproduced by permission.
NB: Critical values are for Cragg-Donald F statistic and i.i.d. errors.
------------------------------------------------------------------------------
Hansen J statistic (overidentification test of all instruments):         0.000
                                                 (equation exactly identified)
------------------------------------------------------------------------------
Instrumented:         ln_gaci_max
Included instruments: lnpop at_basepc at_basegini at_lnland at_abslat
Excluded instruments: tourism_int
Partialled-out:       _cons
                      nb: total SS, model F and R2s are after partialling-out;
                          any small-sample adjustments include partialled-out
                          variables in regressor count K
------------------------------------------------------------------------------

Absorbed degrees of freedom:
-----------------------------------------------------+
 Absorbed FE | Categories  - Redundant  = Num. Coefs |
-------------+---------------------------------------|
     isocode |       163           0         163     |
           y |        28           1          27     |
-----------------------------------------------------+
(dropped 3 singleton observations)
(MWFE estimator converged in 9 iterations)

IV (2SLS) estimation
--------------------

Estimates efficient for homoskedasticity only
Statistics robust to heteroskedasticity

                                                      Number of obs =     3713
                                                      F(  8,  3354) =    40.71
                                                      Prob > F      =   0.0000
Total (centered) SS     =  75.78560269                Centered R2   =   0.0070
Total (uncentered) SS   =  75.78560269                Uncentered R2 =   0.0070
Residual SS             =  75.25537358                Root MSE      =    .1498

------------------------------------------------------------------------------
             |               Robust
ln_avg_top~d |      Coef.   Std. Err.      t    P>|t|     [95% Conf. Interval]
-------------+----------------------------------------------------------------
 ln_gaci_max |   1.692684    .601285     2.82   0.005     .5137615    2.871606
       lnpop |  -.7428766   .1296869    -5.73   0.000      -.99715   -.4886031
   at_basepc |  -.1379174   .0130898   -10.54   0.000    -.1635822   -.1122527
 at_basegini |  -.0011074   .0020303    -0.55   0.585    -.0050883    .0028734
   at_lnland |  -.0079747   .0072348    -1.10   0.270    -.0221598    .0062103
   at_abslat |   .0046062   .0009805     4.70   0.000     .0026838    .0065287
    at_seama |  -.1101119   .0522098    -2.11   0.035    -.2124782   -.0077457
at_basetrade |    .001112   .0002717     4.09   0.000     .0005793    .0016447
------------------------------------------------------------------------------
Underidentification test (Kleibergen-Paap rk LM statistic):              7.217
                                                   Chi-sq(1) P-val =    0.0072
------------------------------------------------------------------------------
Weak identification test (Cragg-Donald Wald F statistic):               12.121
                         (Kleibergen-Paap rk Wald F statistic):          6.762
Stock-Yogo weak ID test critical values: 10% maximal IV size             16.38
                                         15% maximal IV size              8.96
                                         20% maximal IV size              6.66
                                         25% maximal IV size              5.53
Source: Stock-Yogo (2005).  Reproduced by permission.
NB: Critical values are for Cragg-Donald F statistic and i.i.d. errors.
------------------------------------------------------------------------------
Hansen J statistic (overidentification test of all instruments):         0.000
                                                 (equation exactly identified)
------------------------------------------------------------------------------
Instrumented:         ln_gaci_max
Included instruments: lnpop at_basepc at_basegini at_lnland at_abslat at_seama
                      at_basetrade
Excluded instruments: tourism_int
Partialled-out:       _cons
                      nb: total SS, model F and R2s are after partialling-out;
                          any small-sample adjustments include partialled-out
                          variables in regressor count K
------------------------------------------------------------------------------

Absorbed degrees of freedom:
-----------------------------------------------------+
 Absorbed FE | Categories  - Redundant  = Num. Coefs |
-------------+---------------------------------------|
     isocode |       163           0         163     |
    contid#y |       195           7         188     |
-----------------------------------------------------+
(dropped 3 singleton observations)
(MWFE estimator converged in 9 iterations)

IV (2SLS) estimation
--------------------

Estimates efficient for homoskedasticity only
Statistics robust to heteroskedasticity

                                                      Number of obs =     3713
                                                      F(  2,  3360) =     5.54
                                                      Prob > F      =   0.0040
Total (centered) SS     =  58.56010643                Centered R2   =  -0.4005
Total (uncentered) SS   =  58.56010643                Uncentered R2 =  -0.4005
Residual SS             =  82.01070685                Root MSE      =    .1562

------------------------------------------------------------------------------
             |               Robust
ln_ratio_avg |      Coef.   Std. Err.      t    P>|t|     [95% Conf. Interval]
-------------+----------------------------------------------------------------
 ln_gaci_max |   1.207536   .5101398     2.37   0.018     .2073203    2.207752
       lnpop |  -.3933841   .1261306    -3.12   0.002    -.6406845   -.1460837
------------------------------------------------------------------------------
Underidentification test (Kleibergen-Paap rk LM statistic):             16.687
                                                   Chi-sq(1) P-val =    0.0000
------------------------------------------------------------------------------
Weak identification test (Cragg-Donald Wald F statistic):               16.732
                         (Kleibergen-Paap rk Wald F statistic):         16.805
Stock-Yogo weak ID test critical values: 10% maximal IV size             16.38
                                         15% maximal IV size              8.96
                                         20% maximal IV size              6.66
                                         25% maximal IV size              5.53
Source: Stock-Yogo (2005).  Reproduced by permission.
NB: Critical values are for Cragg-Donald F statistic and i.i.d. errors.
------------------------------------------------------------------------------
Hansen J statistic (overidentification test of all instruments):         0.000
                                                 (equation exactly identified)
------------------------------------------------------------------------------
Instrumented:         ln_gaci_max
Included instruments: lnpop
Excluded instruments: feyrer_int
Partialled-out:       _cons
                      nb: total SS, model F and R2s are after partialling-out;
                          any small-sample adjustments include partialled-out
                          variables in regressor count K
------------------------------------------------------------------------------

Absorbed degrees of freedom:
-----------------------------------------------------+
 Absorbed FE | Categories  - Redundant  = Num. Coefs |
-------------+---------------------------------------|
     isocode |       163           0         163     |
    contid#y |       195           7         188     |
-----------------------------------------------------+
(dropped 3 singleton observations)
(MWFE estimator converged in 9 iterations)

IV (2SLS) estimation
--------------------

Estimates efficient for homoskedasticity only
Statistics robust to heteroskedasticity

                                                      Number of obs =     3157
                                                      F(  2,  2854) =     5.15
                                                      Prob > F      =   0.0059
Total (centered) SS     =  50.90054045                Centered R2   =  -0.6630
Total (uncentered) SS   =  50.90054045                Uncentered R2 =  -0.6630
Residual SS             =  84.64546296                Root MSE      =    .1722

------------------------------------------------------------------------------
             |               Robust
ln_ratio_avg |      Coef.   Std. Err.      t    P>|t|     [95% Conf. Interval]
-------------+----------------------------------------------------------------
 ln_gaci_max |   1.522936   .6417262     2.37   0.018     .2646419     2.78123
       lnpop |  -.4939294   .1637168    -3.02   0.003    -.8149445   -.1729143
------------------------------------------------------------------------------
Underidentification test (Kleibergen-Paap rk LM statistic):             12.281
                                                   Chi-sq(1) P-val =    0.0005
------------------------------------------------------------------------------
Weak identification test (Cragg-Donald Wald F statistic):               12.259
                         (Kleibergen-Paap rk Wald F statistic):         12.327
Stock-Yogo weak ID test critical values: 10% maximal IV size             16.38
                                         15% maximal IV size              8.96
                                         20% maximal IV size              6.66
                                         25% maximal IV size              5.53
Source: Stock-Yogo (2005).  Reproduced by permission.
NB: Critical values are for Cragg-Donald F statistic and i.i.d. errors.
------------------------------------------------------------------------------
Hansen J statistic (overidentification test of all instruments):         0.000
                                                 (equation exactly identified)
------------------------------------------------------------------------------
Instrumented:         ln_gaci_max
Included instruments: lnpop
Excluded instruments: feyrer_int
Partialled-out:       _cons
                      nb: total SS, model F and R2s are after partialling-out;
                          any small-sample adjustments include partialled-out
                          variables in regressor count K
------------------------------------------------------------------------------

Absorbed degrees of freedom:
-----------------------------------------------------+
 Absorbed FE | Categories  - Redundant  = Num. Coefs |
-------------+---------------------------------------|
     isocode |       140           0         140     |
    contid#y |       167           6         161     |
-----------------------------------------------------+
(dropped 2 singleton observations)
(MWFE estimator converged in 6 iterations)

IV (2SLS) estimation
--------------------

Estimates efficient for homoskedasticity only
Statistics robust to heteroskedasticity

                                                      Number of obs =     3714
                                                      F(  6,  3518) =    22.05
                                                      Prob > F      =   0.0000
Total (centered) SS     =   66.9308618                Centered R2   =  -0.1067
Total (uncentered) SS   =   66.9308618                Uncentered R2 =  -0.1067
Residual SS             =  74.07005712                Root MSE      =    .1451

------------------------------------------------------------------------------
             |               Robust
ln_ratio_avg |      Coef.   Std. Err.      t    P>|t|     [95% Conf. Interval]
-------------+----------------------------------------------------------------
 ln_gaci_max |   .7761446   .2616252     2.97   0.003     .2631921    1.289097
       lnpop |  -.2026051    .033719    -6.01   0.000     -.268716   -.1364943
   at_basepc |    .003089    .008826     0.35   0.726    -.0142156    .0203936
 at_basegini |  -.0019928   .0026186    -0.76   0.447    -.0071268    .0031413
   at_lnland |  -.0016599   .0047559    -0.35   0.727    -.0109845    .0076647
   at_abslat |   .0008864    .000785     1.13   0.259    -.0006527    .0024255
------------------------------------------------------------------------------
Underidentification test (Kleibergen-Paap rk LM statistic):             66.305
                                                   Chi-sq(1) P-val =    0.0000
------------------------------------------------------------------------------
Weak identification test (Cragg-Donald Wald F statistic):               82.473
                         (Kleibergen-Paap rk Wald F statistic):         79.871
Stock-Yogo weak ID test critical values: 10% maximal IV size             16.38
                                         15% maximal IV size              8.96
                                         20% maximal IV size              6.66
                                         25% maximal IV size              5.53
Source: Stock-Yogo (2005).  Reproduced by permission.
NB: Critical values are for Cragg-Donald F statistic and i.i.d. errors.
------------------------------------------------------------------------------
Hansen J statistic (overidentification test of all instruments):         0.000
                                                 (equation exactly identified)
------------------------------------------------------------------------------
Instrumented:         ln_gaci_max
Included instruments: lnpop at_basepc at_basegini at_lnland at_abslat
Excluded instruments: feyrer_int
Partialled-out:       _cons
                      nb: total SS, model F and R2s are after partialling-out;
                          any small-sample adjustments include partialled-out
                          variables in regressor count K
------------------------------------------------------------------------------

Absorbed degrees of freedom:
-----------------------------------------------------+
 Absorbed FE | Categories  - Redundant  = Num. Coefs |
-------------+---------------------------------------|
     isocode |       163           0         163     |
           y |        28           1          27     |
-----------------------------------------------------+
(dropped 3 singleton observations)
(MWFE estimator converged in 9 iterations)

IV (2SLS) estimation
--------------------

Estimates efficient for homoskedasticity only
Statistics robust to heteroskedasticity

                                                      Number of obs =     3713
                                                      F(  8,  3354) =     2.91
                                                      Prob > F      =   0.0031
Total (centered) SS     =  58.56010643                Centered R2   =  -0.1707
Total (uncentered) SS   =  58.56010643                Uncentered R2 =  -0.1707
Residual SS             =  68.55863138                Root MSE      =     .143

------------------------------------------------------------------------------
             |               Robust
ln_ratio_avg |      Coef.   Std. Err.      t    P>|t|     [95% Conf. Interval]
-------------+----------------------------------------------------------------
 ln_gaci_max |   .8554043    .406593     2.10   0.035     .0582091      1.6526
       lnpop |  -.3114979   .0945534    -3.29   0.001     -.496886   -.1261098
   at_basepc |   .0101429   .0101704     1.00   0.319     -.009798    .0300837
 at_basegini |   .0031702   .0025492     1.24   0.214    -.0018279    .0081682
   at_lnland |  -.0029606   .0070794    -0.42   0.676    -.0168409    .0109197
   at_abslat |    .001672   .0010395     1.61   0.108    -.0003662    .0037102
    at_seama |  -.0097285   .0409213    -0.24   0.812    -.0899616    .0705047
at_basetrade |    .000029   .0002533     0.11   0.909    -.0004677    .0005257
------------------------------------------------------------------------------
Underidentification test (Kleibergen-Paap rk LM statistic):             24.316
                                                   Chi-sq(1) P-val =    0.0000
------------------------------------------------------------------------------
Weak identification test (Cragg-Donald Wald F statistic):               18.478
                         (Kleibergen-Paap rk Wald F statistic):         22.433
Stock-Yogo weak ID test critical values: 10% maximal IV size             16.38
                                         15% maximal IV size              8.96
                                         20% maximal IV size              6.66
                                         25% maximal IV size              5.53
Source: Stock-Yogo (2005).  Reproduced by permission.
NB: Critical values are for Cragg-Donald F statistic and i.i.d. errors.
------------------------------------------------------------------------------
Hansen J statistic (overidentification test of all instruments):         0.000
                                                 (equation exactly identified)
------------------------------------------------------------------------------
Instrumented:         ln_gaci_max
Included instruments: lnpop at_basepc at_basegini at_lnland at_abslat at_seama
                      at_basetrade
Excluded instruments: feyrer_int
Partialled-out:       _cons
                      nb: total SS, model F and R2s are after partialling-out;
                          any small-sample adjustments include partialled-out
                          variables in regressor count K
------------------------------------------------------------------------------

Absorbed degrees of freedom:
-----------------------------------------------------+
 Absorbed FE | Categories  - Redundant  = Num. Coefs |
-------------+---------------------------------------|
     isocode |       163           0         163     |
    contid#y |       195           7         188     |
-----------------------------------------------------+
(dropped 3 singleton observations)
(MWFE estimator converged in 8 iterations)

IV (2SLS) estimation
--------------------

Estimates efficient for homoskedasticity only
Statistics robust to heteroskedasticity

                                                      Number of obs =     3713
                                                      F(  2,  3360) =     5.74
                                                      Prob > F      =   0.0032
Total (centered) SS     =  58.56010643                Centered R2   =   0.0026
Total (uncentered) SS   =  58.56010643                Uncentered R2 =   0.0026
Residual SS             =  58.40774292                Root MSE      =    .1318

------------------------------------------------------------------------------
             |               Robust
ln_ratio_avg |      Coef.   Std. Err.      t    P>|t|     [95% Conf. Interval]
-------------+----------------------------------------------------------------
 ln_gaci_max |   .2876442   .5347705     0.54   0.591    -.7608644    1.336153
       lnpop |  -.1965454   .1249144    -1.57   0.116    -.4414614    .0483705
------------------------------------------------------------------------------
Underidentification test (Kleibergen-Paap rk LM statistic):              9.102
                                                   Chi-sq(1) P-val =    0.0026
------------------------------------------------------------------------------
Weak identification test (Cragg-Donald Wald F statistic):               13.224
                         (Kleibergen-Paap rk Wald F statistic):          8.579
Stock-Yogo weak ID test critical values: 10% maximal IV size             16.38
                                         15% maximal IV size              8.96
                                         20% maximal IV size              6.66
                                         25% maximal IV size              5.53
Source: Stock-Yogo (2005).  Reproduced by permission.
NB: Critical values are for Cragg-Donald F statistic and i.i.d. errors.
------------------------------------------------------------------------------
Hansen J statistic (overidentification test of all instruments):         0.000
                                                 (equation exactly identified)
------------------------------------------------------------------------------
Instrumented:         ln_gaci_max
Included instruments: lnpop
Excluded instruments: tourism_int
Partialled-out:       _cons
                      nb: total SS, model F and R2s are after partialling-out;
                          any small-sample adjustments include partialled-out
                          variables in regressor count K
------------------------------------------------------------------------------

Absorbed degrees of freedom:
-----------------------------------------------------+
 Absorbed FE | Categories  - Redundant  = Num. Coefs |
-------------+---------------------------------------|
     isocode |       163           0         163     |
    contid#y |       195           7         188     |
-----------------------------------------------------+
(dropped 3 singleton observations)
(MWFE estimator converged in 8 iterations)

IV (2SLS) estimation
--------------------

Estimates efficient for homoskedasticity only
Statistics robust to heteroskedasticity

                                                      Number of obs =     3157
                                                      F(  2,  2854) =     5.24
                                                      Prob > F      =   0.0054
Total (centered) SS     =  50.90054045                Centered R2   =  -0.2285
Total (uncentered) SS   =  50.90054045                Uncentered R2 =  -0.2285
Residual SS             =  62.53344612                Root MSE      =     .148

------------------------------------------------------------------------------
             |               Robust
ln_ratio_avg |      Coef.   Std. Err.      t    P>|t|     [95% Conf. Interval]
-------------+----------------------------------------------------------------
 ln_gaci_max |   .9771516   .9353658     1.04   0.296    -.8569095    2.811213
       lnpop |  -.3722006   .2158181    -1.72   0.085    -.7953758    .0509746
------------------------------------------------------------------------------
Underidentification test (Kleibergen-Paap rk LM statistic):              3.308
                                                   Chi-sq(1) P-val =    0.0689
------------------------------------------------------------------------------
Weak identification test (Cragg-Donald Wald F statistic):                5.254
                         (Kleibergen-Paap rk Wald F statistic):          3.085
Stock-Yogo weak ID test critical values: 10% maximal IV size             16.38
                                         15% maximal IV size              8.96
                                         20% maximal IV size              6.66
                                         25% maximal IV size              5.53
Source: Stock-Yogo (2005).  Reproduced by permission.
NB: Critical values are for Cragg-Donald F statistic and i.i.d. errors.
------------------------------------------------------------------------------
Hansen J statistic (overidentification test of all instruments):         0.000
                                                 (equation exactly identified)
------------------------------------------------------------------------------
Instrumented:         ln_gaci_max
Included instruments: lnpop
Excluded instruments: tourism_int
Partialled-out:       _cons
                      nb: total SS, model F and R2s are after partialling-out;
                          any small-sample adjustments include partialled-out
                          variables in regressor count K
------------------------------------------------------------------------------

Absorbed degrees of freedom:
-----------------------------------------------------+
 Absorbed FE | Categories  - Redundant  = Num. Coefs |
-------------+---------------------------------------|
     isocode |       140           0         140     |
    contid#y |       167           6         161     |
-----------------------------------------------------+
(dropped 2 singleton observations)
(MWFE estimator converged in 6 iterations)

IV (2SLS) estimation
--------------------

Estimates efficient for homoskedasticity only
Statistics robust to heteroskedasticity

                                                      Number of obs =     3714
                                                      F(  6,  3518) =    20.03
                                                      Prob > F      =   0.0000
Total (centered) SS     =   66.9308618                Centered R2   =  -0.0353
Total (uncentered) SS   =   66.9308618                Uncentered R2 =  -0.0353
Residual SS             =   69.2907838                Root MSE      =    .1403

------------------------------------------------------------------------------
             |               Robust
ln_ratio_avg |      Coef.   Std. Err.      t    P>|t|     [95% Conf. Interval]
-------------+----------------------------------------------------------------
 ln_gaci_max |   .6002792   .3239924     1.85   0.064    -.0349529    1.235511
       lnpop |  -.1920669   .0353501    -5.43   0.000    -.2613758   -.1227581
   at_basepc |   .0057204   .0086613     0.66   0.509    -.0112613    .0227021
 at_basegini |  -.0027062   .0026683    -1.01   0.311    -.0079377    .0025253
   at_lnland |  -.0016945   .0046181    -0.37   0.714    -.0107489    .0073599
   at_abslat |   .0011364   .0008467     1.34   0.180    -.0005236    .0027965
------------------------------------------------------------------------------
Underidentification test (Kleibergen-Paap rk LM statistic):             19.731
                                                   Chi-sq(1) P-val =    0.0000
------------------------------------------------------------------------------
Weak identification test (Cragg-Donald Wald F statistic):               33.884
                         (Kleibergen-Paap rk Wald F statistic):         19.599
Stock-Yogo weak ID test critical values: 10% maximal IV size             16.38
                                         15% maximal IV size              8.96
                                         20% maximal IV size              6.66
                                         25% maximal IV size              5.53
Source: Stock-Yogo (2005).  Reproduced by permission.
NB: Critical values are for Cragg-Donald F statistic and i.i.d. errors.
------------------------------------------------------------------------------
Hansen J statistic (overidentification test of all instruments):         0.000
                                                 (equation exactly identified)
------------------------------------------------------------------------------
Instrumented:         ln_gaci_max
Included instruments: lnpop at_basepc at_basegini at_lnland at_abslat
Excluded instruments: tourism_int
Partialled-out:       _cons
                      nb: total SS, model F and R2s are after partialling-out;
                          any small-sample adjustments include partialled-out
                          variables in regressor count K
------------------------------------------------------------------------------

Absorbed degrees of freedom:
-----------------------------------------------------+
 Absorbed FE | Categories  - Redundant  = Num. Coefs |
-------------+---------------------------------------|
     isocode |       163           0         163     |
           y |        28           1          27     |
-----------------------------------------------------+
(dropped 3 singleton observations)
(MWFE estimator converged in 9 iterations)

IV (2SLS) estimation
--------------------

Estimates efficient for homoskedasticity only
Statistics robust to heteroskedasticity

                                                      Number of obs =     3713
                                                      F(  8,  3354) =     2.75
                                                      Prob > F      =   0.0050
Total (centered) SS     =  58.56010643                Centered R2   =   0.0137
Total (uncentered) SS   =  58.56010643                Uncentered R2 =   0.0137
Residual SS             =    57.760239                Root MSE      =    .1312

------------------------------------------------------------------------------
             |               Robust
ln_ratio_avg |      Coef.   Std. Err.      t    P>|t|     [95% Conf. Interval]
-------------+----------------------------------------------------------------
 ln_gaci_max |   .2323147   .5601699     0.41   0.678    -.8659943    1.330624
       lnpop |  -.1877456    .119252    -1.57   0.115    -.4215596    .0460683
   at_basepc |   .0182563   .0099882     1.83   0.068    -.0013273    .0378398
 at_basegini |    .003508   .0023485     1.49   0.135    -.0010967    .0081127
   at_lnland |   .0003588   .0072741     0.05   0.961    -.0139033     .014621
   at_abslat |   .0017192   .0009945     1.73   0.084    -.0002307    .0036691
    at_seama |   .0185231   .0395835     0.47   0.640    -.0590872    .0961333
at_basetrade |   .0001075   .0002515     0.43   0.669    -.0003855    .0006005
------------------------------------------------------------------------------
Underidentification test (Kleibergen-Paap rk LM statistic):              7.217
                                                   Chi-sq(1) P-val =    0.0072
------------------------------------------------------------------------------
Weak identification test (Cragg-Donald Wald F statistic):               12.121
                         (Kleibergen-Paap rk Wald F statistic):          6.762
Stock-Yogo weak ID test critical values: 10% maximal IV size             16.38
                                         15% maximal IV size              8.96
                                         20% maximal IV size              6.66
                                         25% maximal IV size              5.53
Source: Stock-Yogo (2005).  Reproduced by permission.
NB: Critical values are for Cragg-Donald F statistic and i.i.d. errors.
------------------------------------------------------------------------------
Hansen J statistic (overidentification test of all instruments):         0.000
                                                 (equation exactly identified)
------------------------------------------------------------------------------
Instrumented:         ln_gaci_max
Included instruments: lnpop at_basepc at_basegini at_lnland at_abslat at_seama
                      at_basetrade
Excluded instruments: tourism_int
Partialled-out:       _cons
                      nb: total SS, model F and R2s are after partialling-out;
                          any small-sample adjustments include partialled-out
                          variables in regressor count K
------------------------------------------------------------------------------

Absorbed degrees of freedom:
-----------------------------------------------------+
 Absorbed FE | Categories  - Redundant  = Num. Coefs |
-------------+---------------------------------------|
     isocode |       163           0         163     |
    contid#y |       195           7         188     |
-----------------------------------------------------+

. 
. * ---------------------------------------------------------------- D. horizon and leads
. foreach yv in ln_gdppc ln_avg_bot50_wid ln_avg_top10_wid ln_ratio_avg {
  2.     forvalues k = 0/10 {
  3.         capture ivreghdfe `yv' lnpop (L`k'.ln_gaci_max = L`k'.feyrer_int), absorb(isocode y) robust
  4.         if _rc==0 {
  5.             local bb = _b[L`k'.ln_gaci_max]
  6.             local ss = _se[L`k'.ln_gaci_max]
  7.             local pp = 2*normal(-abs(`bb'/`ss'))
  8.             local kp = e(widstat)
  9.             local nn = e(N)
 10.             file write `fh' "lag,`yv',ln_gaci_max,feyrer_int,k`k',`bb',`ss',`pp',`kp',.,`nn'" _n
 11.         }
 12.     }
 13.     forvalues k = 1/5 {
 14.         capture ivreghdfe `yv' lnpop (F`k'.ln_gaci_max = F`k'.feyrer_int), absorb(isocode y) robust
 15.         if _rc==0 {
 16.             local bb = _b[F`k'.ln_gaci_max]
 17.             local ss = _se[F`k'.ln_gaci_max]
 18.             local pp = 2*normal(-abs(`bb'/`ss'))
 19.             local kp = e(widstat)
 20.             local nn = e(N)
 21.             file write `fh' "lead,`yv',ln_gaci_max,feyrer_int,f`k',`bb',`ss',`pp',`kp',.,`nn'" _n
 22.         }
 23.     }
 24. }

. 
. * ---------------------------------------------------------------- E. long differences
. foreach yv in ln_gdppc ln_avg_bot50_wid ln_avg_top10_wid ln_ratio_avg {
  2.     foreach pair in "1996 2019" "1996 2023" "2000 2019" "2005 2019" "2010 2019" {
  3.         local y0 : word 1 of `pair'
  4.         local y1 : word 2 of `pair'
  5.         preserve
  6.         keep if inlist(y, `y0', `y1')
  7.         bysort isocode: keep if _N==2
  8.         bysort isocode (y): gen dY = `yv'[2]-`yv'[1]
  9.         bysort isocode (y): gen dX = ln_gaci_max[2]-ln_gaci_max[1]
 10.         bysort isocode (y): gen dZ = feyrer_int[2]-feyrer_int[1]
 11.         bysort isocode (y): gen dP = lnpop[2]-lnpop[1]
 12.         bysort isocode (y): gen dT = tourism_int[2]-tourism_int[1]
 13.         bysort isocode (y): keep if _n==1
 14.         capture reg dY dX dP i.contid, robust
 15.         if _rc==0 {
 16.             local bb = _b[dX]
 17.             local ss = _se[dX]
 18.             local pp = 2*ttail(e(df_r), abs(`bb'/`ss'))
 19.             local nn = e(N)
 20.             file write `fh' "LD_OLS,`yv',ln_gaci_max,none,`y0'_`y1',`bb',`ss',`pp',.,.,`nn'" _n
 21.         }
 22.         capture ivreg2 dY dP i.contid (dX = dZ), robust
 23.         if _rc==0 {
 24.             local bb = _b[dX]
 25.             local ss = _se[dX]
 26.             local pp = 2*normal(-abs(`bb'/`ss'))
 27.             local kp = e(widstat)
 28.             local nn = e(N)
 29.             file write `fh' "LD_IV,`yv',ln_gaci_max,feyrer_int,`y0'_`y1',`bb',`ss',`pp',`kp',.,`nn'" _n
 30.         }
 31.         capture ivreg2 dY dP i.contid (dX = dT), robust
 32.         if _rc==0 {
 33.             local bb = _b[dX]
 34.             local ss = _se[dX]
 35.             local pp = 2*normal(-abs(`bb'/`ss'))
 36.             local kp = e(widstat)
 37.             local nn = e(N)
 38.             file write `fh' "LD_IVtour,`yv',ln_gaci_max,tourism_int,`y0'_`y1',`bb',`ss',`pp',`kp',.,`nn'" _n
 39.         }
 40.         restore
 41.     }
 42.     preserve
 43.     gen dY = `yv' - L5.`yv'
 44.     gen dX = ln_gaci_max - L5.ln_gaci_max
 45.     gen dZ = feyrer_int - L5.feyrer_int
 46.     gen dP = lnpop - L5.lnpop
 47.     keep if !missing(dY, dX, dZ)
 48.     capture reghdfe dY dX dP, absorb(y contid) cluster(isocode)
 49.     if _rc==0 {
 50.         local bb = _b[dX]
 51.         local ss = _se[dX]
 52.         local pp = 2*ttail(e(df_r), abs(`bb'/`ss'))
 53.         local nn = e(N)
 54.         file write `fh' "D5_OLS,`yv',ln_gaci_max,none,stacked5,`bb',`ss',`pp',.,.,`nn'" _n
 55.     }
 56.     capture ivreghdfe dY dP (dX = dZ), absorb(y contid) cluster(isocode)
 57.     if _rc==0 {
 58.         local bb = _b[dX]
 59.         local ss = _se[dX]
 60.         local pp = 2*normal(-abs(`bb'/`ss'))
 61.         local kp = e(widstat)
 62.         local nn = e(N)
 63.         file write `fh' "D5_IV,`yv',ln_gaci_max,feyrer_int,stacked5,`bb',`ss',`pp',`kp',.,`nn'" _n
 64.     }
 65.     restore
 66. }
(3,492 observations deleted)
(41 observations deleted)
(102 observations deleted)
(3,543 observations deleted)
(64 observations deleted)
(65 observations deleted)
(3,484 observations deleted)
(41 observations deleted)
(106 observations deleted)
(3,468 observations deleted)
(41 observations deleted)
(114 observations deleted)
(3,461 observations deleted)
(36 observations deleted)
(120 observations deleted)
(823 missing values generated)
(823 missing values generated)
(823 missing values generated)
(823 missing values generated)
(823 observations deleted)
(3,492 observations deleted)
(41 observations deleted)
(102 observations deleted)
(3,543 observations deleted)
(64 observations deleted)
(65 observations deleted)
(3,484 observations deleted)
(41 observations deleted)
(106 observations deleted)
(3,468 observations deleted)
(41 observations deleted)
(114 observations deleted)
(3,461 observations deleted)
(36 observations deleted)
(120 observations deleted)
(839 missing values generated)
(823 missing values generated)
(823 missing values generated)
(823 missing values generated)
(839 observations deleted)
(3,492 observations deleted)
(41 observations deleted)
(102 observations deleted)
(3,543 observations deleted)
(64 observations deleted)
(65 observations deleted)
(3,484 observations deleted)
(41 observations deleted)
(106 observations deleted)
(3,468 observations deleted)
(41 observations deleted)
(114 observations deleted)
(3,461 observations deleted)
(36 observations deleted)
(120 observations deleted)
(839 missing values generated)
(823 missing values generated)
(823 missing values generated)
(823 missing values generated)
(839 observations deleted)
(3,492 observations deleted)
(41 observations deleted)
(102 observations deleted)
(3,543 observations deleted)
(64 observations deleted)
(65 observations deleted)
(3,484 observations deleted)
(41 observations deleted)
(106 observations deleted)
(3,468 observations deleted)
(41 observations deleted)
(114 observations deleted)
(3,461 observations deleted)
(36 observations deleted)
(120 observations deleted)
(839 missing values generated)
(823 missing values generated)
(823 missing values generated)
(823 missing values generated)
(839 observations deleted)

. 
. * ---------------------------------------------------------------- F. heterogeneity
. foreach yv in ln_gdppc ln_avg_bot50_wid ln_avg_top10_wid {
  2.     ivreghdfe `yv' lnpop (ln_gaci_max ln_gaci_max_mid ln_gaci_max_high = feyrer_int feyrer_int_mid feyrer_int_high), absorb(isocode y) robust
  3.     local kp = e(widstat)
  4.     local nn = e(N)
  5.     foreach t in ln_gaci_max ln_gaci_max_mid ln_gaci_max_high {
  6.         local bb = _b[`t']
  7.         local ss = _se[`t']
  8.         local pp = 2*normal(-abs(`bb'/`ss'))
  9.         file write `fh' "inc3,`yv',`t',feyrer_int,interaction,`bb',`ss',`pp',`kp',.,`nn'" _n
 10.     }
 11.     lincom ln_gaci_max + ln_gaci_max_mid
 12.     file write `fh' "inc3,`yv',mid_total,feyrer_int,interaction,`r(estimate)',`r(se)',`r(p)',.,.,`nn'" _n
 13.     lincom ln_gaci_max + ln_gaci_max_high
 14.     file write `fh' "inc3,`yv',high_total,feyrer_int,interaction,`r(estimate)',`r(se)',`r(p)',.,.,`nn'" _n
 15.     ivreghdfe `yv' lnpop (ln_gaci_max ln_gaci_max_post = feyrer_int feyrer_int_post), absorb(isocode y) robust
 16.     local kp = e(widstat)
 17.     local nn = e(N)
 18.     foreach t in ln_gaci_max ln_gaci_max_post {
 19.         local bb = _b[`t']
 20.         local ss = _se[`t']
 21.         local pp = 2*normal(-abs(`bb'/`ss'))
 22.         file write `fh' "post2010,`yv',`t',feyrer_int,interaction,`bb',`ss',`pp',`kp',.,`nn'" _n
 23.     }
 24.     lincom ln_gaci_max + ln_gaci_max_post
 25.     file write `fh' "post2010,`yv',post_total,feyrer_int,interaction,`r(estimate)',`r(se)',`r(p)',.,.,`nn'" _n
 26.     levelsof cont, local(cl)
 27.     foreach cc of local cl {
 28.         capture ivreghdfe `yv' lnpop (ln_gaci_max = feyrer_int) if cont=="`cc'", absorb(isocode y) robust
 29.         if _rc==0 {
 30.             local bb = _b[ln_gaci_max]
 31.             local ss = _se[ln_gaci_max]
 32.             local pp = 2*normal(-abs(`bb'/`ss'))
 33.             local kp = e(widstat)
 34.             local nn = e(N)
 35.             file write `fh' "continent,`yv',ln_gaci_max,feyrer_int,`cc',`bb',`ss',`pp',`kp',.,`nn'" _n
 36.         }
 37.     }
 38. }
(dropped 2 singleton observations)
(MWFE estimator converged in 6 iterations)

IV (2SLS) estimation
--------------------

Estimates efficient for homoskedasticity only
Statistics robust to heteroskedasticity

                                                      Number of obs =     3735
                                                      F(  4,  3540) =   134.33
                                                      Prob > F      =   0.0000
Total (centered) SS     =  76.40944276                Centered R2   =   0.1463
Total (uncentered) SS   =  76.40944276                Uncentered R2 =   0.1463
Residual SS             =  65.23232005                Root MSE      =    .1357

----------------------------------------------------------------------------------
                 |               Robust
        ln_gdppc |      Coef.   Std. Err.      t    P>|t|     [95% Conf. Interval]
-----------------+----------------------------------------------------------------
     ln_gaci_max |   2.692384   .1966493    13.69   0.000     2.306826    3.077941
 ln_gaci_max_mid |  -1.107975   .1353751    -8.18   0.000    -1.373396   -.8425538
ln_gaci_max_high |  -2.311171   .1312301   -17.61   0.000    -2.568465   -2.053877
           lnpop |   -.378639   .0296282   -12.78   0.000    -.4367291   -.3205488
----------------------------------------------------------------------------------
Underidentification test (Kleibergen-Paap rk LM statistic):            105.222
                                                   Chi-sq(1) P-val =    0.0000
------------------------------------------------------------------------------
Weak identification test (Cragg-Donald Wald F statistic):               42.598
                         (Kleibergen-Paap rk Wald F statistic):         37.185
Stock-Yogo weak ID test critical values:                       <not available>
------------------------------------------------------------------------------
Hansen J statistic (overidentification test of all instruments):         0.000
                                                 (equation exactly identified)
------------------------------------------------------------------------------
Instrumented:         ln_gaci_max ln_gaci_max_mid ln_gaci_max_high
Included instruments: lnpop
Excluded instruments: feyrer_int feyrer_int_mid feyrer_int_high
Partialled-out:       _cons
                      nb: total SS, model F and R2s are after partialling-out;
                          any small-sample adjustments include partialled-out
                          variables in regressor count K
------------------------------------------------------------------------------

Absorbed degrees of freedom:
-----------------------------------------------------+
 Absorbed FE | Categories  - Redundant  = Num. Coefs |
-------------+---------------------------------------|
     isocode |       164           0         164     |
           y |        28           1          27     |
-----------------------------------------------------+

 ( 1)  ln_gaci_max + ln_gaci_max_mid = 0

------------------------------------------------------------------------------
    ln_gdppc |      Coef.   Std. Err.      t    P>|t|     [95% Conf. Interval]
-------------+----------------------------------------------------------------
         (1) |   1.584409   .1462249    10.84   0.000     1.297715    1.871102
------------------------------------------------------------------------------

 ( 1)  ln_gaci_max + ln_gaci_max_high = 0

------------------------------------------------------------------------------
    ln_gdppc |      Coef.   Std. Err.      t    P>|t|     [95% Conf. Interval]
-------------+----------------------------------------------------------------
         (1) |   .3812125   .1138163     3.35   0.001     .1580603    .6043646
------------------------------------------------------------------------------
(dropped 2 singleton observations)
(MWFE estimator converged in 6 iterations)

IV (2SLS) estimation
--------------------

Estimates efficient for homoskedasticity only
Statistics robust to heteroskedasticity

                                                      Number of obs =     3735
                                                      F(  3,  3541) =    74.96
                                                      Prob > F      =   0.0000
Total (centered) SS     =  76.40944276                Centered R2   =   0.0495
Total (uncentered) SS   =  76.40944276                Uncentered R2 =   0.0495
Residual SS             =   72.6241091                Root MSE      =    .1432

----------------------------------------------------------------------------------
                 |               Robust
        ln_gdppc |      Coef.   Std. Err.      t    P>|t|     [95% Conf. Interval]
-----------------+----------------------------------------------------------------
     ln_gaci_max |   1.613329   .1967237     8.20   0.000     1.227626    1.999032
ln_gaci_max_post |  -.2633206   .1134955    -2.32   0.020    -.4858438   -.0407975
           lnpop |  -.4566685   .0569325    -8.02   0.000    -.5682923   -.3450447
----------------------------------------------------------------------------------
Underidentification test (Kleibergen-Paap rk LM statistic):             28.697
                                                   Chi-sq(1) P-val =    0.0000
------------------------------------------------------------------------------
Weak identification test (Cragg-Donald Wald F statistic):               16.249
                         (Kleibergen-Paap rk Wald F statistic):         12.591
Stock-Yogo weak ID test critical values: 10% maximal IV size              7.03
                                         15% maximal IV size              4.58
                                         20% maximal IV size              3.95
                                         25% maximal IV size              3.63
Source: Stock-Yogo (2005).  Reproduced by permission.
NB: Critical values are for Cragg-Donald F statistic and i.i.d. errors.
------------------------------------------------------------------------------
Hansen J statistic (overidentification test of all instruments):         0.000
                                                 (equation exactly identified)
------------------------------------------------------------------------------
Instrumented:         ln_gaci_max ln_gaci_max_post
Included instruments: lnpop
Excluded instruments: feyrer_int feyrer_int_post
Partialled-out:       _cons
                      nb: total SS, model F and R2s are after partialling-out;
                          any small-sample adjustments include partialled-out
                          variables in regressor count K
------------------------------------------------------------------------------

Absorbed degrees of freedom:
-----------------------------------------------------+
 Absorbed FE | Categories  - Redundant  = Num. Coefs |
-------------+---------------------------------------|
     isocode |       164           0         164     |
           y |        28           1          27     |
-----------------------------------------------------+

 ( 1)  ln_gaci_max + ln_gaci_max_post = 0

------------------------------------------------------------------------------
    ln_gdppc |      Coef.   Std. Err.      t    P>|t|     [95% Conf. Interval]
-------------+----------------------------------------------------------------
         (1) |   1.350009   .1490146     9.06   0.000     1.057845    1.642172
------------------------------------------------------------------------------
`"AF"' `"AS"' `"EU"' `"LA"' `"ME"' `"NA"' `"SW"'
(dropped 2 singleton observations)
(MWFE estimator converged in 6 iterations)

IV (2SLS) estimation
--------------------

Estimates efficient for homoskedasticity only
Statistics robust to heteroskedasticity

                                                      Number of obs =     3714
                                                      F(  4,  3520) =    95.56
                                                      Prob > F      =   0.0000
Total (centered) SS     =  102.1602929                Centered R2   =   0.1890
Total (uncentered) SS   =  102.1602929                Uncentered R2 =   0.1890
Residual SS             =  82.85155316                Root MSE      =    .1534

----------------------------------------------------------------------------------
                 |               Robust
ln_avg_bot50_wid |      Coef.   Std. Err.      t    P>|t|     [95% Conf. Interval]
-----------------+----------------------------------------------------------------
     ln_gaci_max |   1.785594   .2488244     7.18   0.000      1.29774    2.273449
 ln_gaci_max_mid |  -1.033879   .1596512    -6.48   0.000    -1.346897   -.7208607
ln_gaci_max_high |  -2.215766   .1420751   -15.60   0.000    -2.494324   -1.937208
           lnpop |  -.2812188   .0350285    -8.03   0.000     -.349897   -.2125405
----------------------------------------------------------------------------------
Underidentification test (Kleibergen-Paap rk LM statistic):            104.366
                                                   Chi-sq(1) P-val =    0.0000
------------------------------------------------------------------------------
Weak identification test (Cragg-Donald Wald F statistic):               42.028
                         (Kleibergen-Paap rk Wald F statistic):         36.910
Stock-Yogo weak ID test critical values:                       <not available>
------------------------------------------------------------------------------
Hansen J statistic (overidentification test of all instruments):         0.000
                                                 (equation exactly identified)
------------------------------------------------------------------------------
Instrumented:         ln_gaci_max ln_gaci_max_mid ln_gaci_max_high
Included instruments: lnpop
Excluded instruments: feyrer_int feyrer_int_mid feyrer_int_high
Partialled-out:       _cons
                      nb: total SS, model F and R2s are after partialling-out;
                          any small-sample adjustments include partialled-out
                          variables in regressor count K
------------------------------------------------------------------------------

Absorbed degrees of freedom:
-----------------------------------------------------+
 Absorbed FE | Categories  - Redundant  = Num. Coefs |
-------------+---------------------------------------|
     isocode |       163           0         163     |
           y |        28           1          27     |
-----------------------------------------------------+

 ( 1)  ln_gaci_max + ln_gaci_max_mid = 0

------------------------------------------------------------------------------
ln_avg_bot~d |      Coef.   Std. Err.      t    P>|t|     [95% Conf. Interval]
-------------+----------------------------------------------------------------
         (1) |   .7517153   .1825816     4.12   0.000     .3937389    1.109692
------------------------------------------------------------------------------

 ( 1)  ln_gaci_max + ln_gaci_max_high = 0

------------------------------------------------------------------------------
ln_avg_bot~d |      Coef.   Std. Err.      t    P>|t|     [95% Conf. Interval]
-------------+----------------------------------------------------------------
         (1) |   -.430172   .1591981    -2.70   0.007    -.7423018   -.1180422
------------------------------------------------------------------------------
(dropped 2 singleton observations)
(MWFE estimator converged in 6 iterations)

IV (2SLS) estimation
--------------------

Estimates efficient for homoskedasticity only
Statistics robust to heteroskedasticity

                                                      Number of obs =     3714
                                                      F(  3,  3521) =    21.95
                                                      Prob > F      =   0.0000
Total (centered) SS     =  102.1602929                Centered R2   =   0.1421
Total (uncentered) SS   =  102.1602929                Uncentered R2 =   0.1421
Residual SS             =  87.63876882                Root MSE      =    .1578

----------------------------------------------------------------------------------
                 |               Robust
ln_avg_bot50_wid |      Coef.   Std. Err.      t    P>|t|     [95% Conf. Interval]
-----------------+----------------------------------------------------------------
     ln_gaci_max |   .6128351   .2358471     2.60   0.009     .1504242    1.075246
ln_gaci_max_post |  -.1423914   .1215845    -1.17   0.242    -.3807746    .0959919
           lnpop |  -.3140982   .0615749    -5.10   0.000    -.4348244    -.193372
----------------------------------------------------------------------------------
Underidentification test (Kleibergen-Paap rk LM statistic):             27.535
                                                   Chi-sq(1) P-val =    0.0000
------------------------------------------------------------------------------
Weak identification test (Cragg-Donald Wald F statistic):               15.558
                         (Kleibergen-Paap rk Wald F statistic):         12.095
Stock-Yogo weak ID test critical values: 10% maximal IV size              7.03
                                         15% maximal IV size              4.58
                                         20% maximal IV size              3.95
                                         25% maximal IV size              3.63
Source: Stock-Yogo (2005).  Reproduced by permission.
NB: Critical values are for Cragg-Donald F statistic and i.i.d. errors.
------------------------------------------------------------------------------
Hansen J statistic (overidentification test of all instruments):         0.000
                                                 (equation exactly identified)
------------------------------------------------------------------------------
Instrumented:         ln_gaci_max ln_gaci_max_post
Included instruments: lnpop
Excluded instruments: feyrer_int feyrer_int_post
Partialled-out:       _cons
                      nb: total SS, model F and R2s are after partialling-out;
                          any small-sample adjustments include partialled-out
                          variables in regressor count K
------------------------------------------------------------------------------

Absorbed degrees of freedom:
-----------------------------------------------------+
 Absorbed FE | Categories  - Redundant  = Num. Coefs |
-------------+---------------------------------------|
     isocode |       163           0         163     |
           y |        28           1          27     |
-----------------------------------------------------+

 ( 1)  ln_gaci_max + ln_gaci_max_post = 0

------------------------------------------------------------------------------
ln_avg_bot~d |      Coef.   Std. Err.      t    P>|t|     [95% Conf. Interval]
-------------+----------------------------------------------------------------
         (1) |   .4704437   .1947049     2.42   0.016     .0886978    .8521896
------------------------------------------------------------------------------
`"AF"' `"AS"' `"EU"' `"LA"' `"ME"' `"NA"' `"SW"'
(dropped 2 singleton observations)
(MWFE estimator converged in 6 iterations)

IV (2SLS) estimation
--------------------

Estimates efficient for homoskedasticity only
Statistics robust to heteroskedasticity

                                                      Number of obs =     3714
                                                      F(  4,  3520) =   138.14
                                                      Prob > F      =   0.0000
Total (centered) SS     =  97.98314594                Centered R2   =   0.1170
Total (uncentered) SS   =  97.98314594                Uncentered R2 =   0.1170
Residual SS             =  86.52183673                Root MSE      =    .1568

----------------------------------------------------------------------------------
                 |               Robust
ln_avg_top10_wid |      Coef.   Std. Err.      t    P>|t|     [95% Conf. Interval]
-----------------+----------------------------------------------------------------
     ln_gaci_max |     2.7929   .2326735    12.00   0.000     2.336712    3.249089
 ln_gaci_max_mid |  -1.268332   .1701831    -7.45   0.000    -1.601999   -.9346642
ln_gaci_max_high |  -2.229147   .1439279   -15.49   0.000    -2.511337   -1.946956
           lnpop |  -.5299599   .0318696   -16.63   0.000    -.5924446   -.4674751
----------------------------------------------------------------------------------
Underidentification test (Kleibergen-Paap rk LM statistic):            104.366
                                                   Chi-sq(1) P-val =    0.0000
------------------------------------------------------------------------------
Weak identification test (Cragg-Donald Wald F statistic):               42.028
                         (Kleibergen-Paap rk Wald F statistic):         36.910
Stock-Yogo weak ID test critical values:                       <not available>
------------------------------------------------------------------------------
Hansen J statistic (overidentification test of all instruments):         0.000
                                                 (equation exactly identified)
------------------------------------------------------------------------------
Instrumented:         ln_gaci_max ln_gaci_max_mid ln_gaci_max_high
Included instruments: lnpop
Excluded instruments: feyrer_int feyrer_int_mid feyrer_int_high
Partialled-out:       _cons
                      nb: total SS, model F and R2s are after partialling-out;
                          any small-sample adjustments include partialled-out
                          variables in regressor count K
------------------------------------------------------------------------------

Absorbed degrees of freedom:
-----------------------------------------------------+
 Absorbed FE | Categories  - Redundant  = Num. Coefs |
-------------+---------------------------------------|
     isocode |       163           0         163     |
           y |        28           1          27     |
-----------------------------------------------------+

 ( 1)  ln_gaci_max + ln_gaci_max_mid = 0

------------------------------------------------------------------------------
ln_avg_top~d |      Coef.   Std. Err.      t    P>|t|     [95% Conf. Interval]
-------------+----------------------------------------------------------------
         (1) |   1.524569   .1662349     9.17   0.000     1.198642    1.850495
------------------------------------------------------------------------------

 ( 1)  ln_gaci_max + ln_gaci_max_high = 0

------------------------------------------------------------------------------
ln_avg_top~d |      Coef.   Std. Err.      t    P>|t|     [95% Conf. Interval]
-------------+----------------------------------------------------------------
         (1) |   .5637539   .1453011     3.88   0.000      .278871    .8486368
------------------------------------------------------------------------------
(dropped 2 singleton observations)
(MWFE estimator converged in 6 iterations)

IV (2SLS) estimation
--------------------

Estimates efficient for homoskedasticity only
Statistics robust to heteroskedasticity

                                                      Number of obs =     3714
                                                      F(  3,  3521) =    94.27
                                                      Prob > F      =   0.0000
Total (centered) SS     =  97.98314594                Centered R2   =  -0.0972
Total (uncentered) SS   =  97.98314594                Uncentered R2 =  -0.0972
Residual SS             =  107.5056065                Root MSE      =    .1747

----------------------------------------------------------------------------------
                 |               Robust
ln_avg_top10_wid |      Coef.   Std. Err.      t    P>|t|     [95% Conf. Interval]
-----------------+----------------------------------------------------------------
     ln_gaci_max |   1.902067   .2405629     7.91   0.000      1.43041    2.373723
ln_gaci_max_post |  -.3889628   .1431753    -2.72   0.007    -.6696778   -.1082478
           lnpop |  -.6430429   .0677021    -9.50   0.000    -.7757822   -.5103036
----------------------------------------------------------------------------------
Underidentification test (Kleibergen-Paap rk LM statistic):             27.535
                                                   Chi-sq(1) P-val =    0.0000
------------------------------------------------------------------------------
Weak identification test (Cragg-Donald Wald F statistic):               15.558
                         (Kleibergen-Paap rk Wald F statistic):         12.095
Stock-Yogo weak ID test critical values: 10% maximal IV size              7.03
                                         15% maximal IV size              4.58
                                         20% maximal IV size              3.95
                                         25% maximal IV size              3.63
Source: Stock-Yogo (2005).  Reproduced by permission.
NB: Critical values are for Cragg-Donald F statistic and i.i.d. errors.
------------------------------------------------------------------------------
Hansen J statistic (overidentification test of all instruments):         0.000
                                                 (equation exactly identified)
------------------------------------------------------------------------------
Instrumented:         ln_gaci_max ln_gaci_max_post
Included instruments: lnpop
Excluded instruments: feyrer_int feyrer_int_post
Partialled-out:       _cons
                      nb: total SS, model F and R2s are after partialling-out;
                          any small-sample adjustments include partialled-out
                          variables in regressor count K
------------------------------------------------------------------------------

Absorbed degrees of freedom:
-----------------------------------------------------+
 Absorbed FE | Categories  - Redundant  = Num. Coefs |
-------------+---------------------------------------|
     isocode |       163           0         163     |
           y |        28           1          27     |
-----------------------------------------------------+

 ( 1)  ln_gaci_max + ln_gaci_max_post = 0

------------------------------------------------------------------------------
ln_avg_top~d |      Coef.   Std. Err.      t    P>|t|     [95% Conf. Interval]
-------------+----------------------------------------------------------------
         (1) |   1.513104   .1851801     8.17   0.000     1.150033    1.876175
------------------------------------------------------------------------------
`"AF"' `"AS"' `"EU"' `"LA"' `"ME"' `"NA"' `"SW"'

. 
. * ---------------------------------------------------------------- G. growth-conditional inequality
. * inequality response holding measured income per head fixed
. foreach yv in ln_gini_mkt ln_gini_disp {
  2.     ivreghdfe `yv' lnpop ln_gdppc (ln_gaci_max = feyrer_int), absorb(isocode y) robust
  3.     local kp = e(widstat)
  4.     local nn = e(N)
  5.     local bb = _b[ln_gaci_max]
  6.     local ss = _se[ln_gaci_max]
  7.     local pp = 2*normal(-abs(`bb'/`ss'))
  8.     file write `fh' "joint,`yv',ln_gaci_max,feyrer_int,cond_gdp,`bb',`ss',`pp',`kp',.,`nn'" _n
  9.     local bb = _b[ln_gdppc]
 10.     local ss = _se[ln_gdppc]
 11.     local pp = 2*normal(-abs(`bb'/`ss'))
 12.     file write `fh' "joint,`yv',ln_gdppc,feyrer_int,cond_gdp,`bb',`ss',`pp',.,.,`nn'" _n
 13. }
(dropped 2 singleton observations)
(MWFE estimator converged in 6 iterations)

IV (2SLS) estimation
--------------------

Estimates efficient for homoskedasticity only
Statistics robust to heteroskedasticity

                                                      Number of obs =     3735
                                                      F(  3,  3541) =    31.21
                                                      Prob > F      =   0.0000
Total (centered) SS     =  4.724771221                Centered R2   =  -1.8628
Total (uncentered) SS   =  4.724771221                Uncentered R2 =  -1.8628
Residual SS             =  13.52590688                Root MSE      =    .0618

------------------------------------------------------------------------------
             |               Robust
 ln_gini_mkt |      Coef.   Std. Err.      t    P>|t|     [95% Conf. Interval]
-------------+----------------------------------------------------------------
 ln_gaci_max |   .7528153   .1093713     6.88   0.000     .5383783    .9672523
       lnpop |  -.1591806   .0175213    -9.08   0.000    -.1935335   -.1248277
    ln_gdppc |  -.1991044   .0296793    -6.71   0.000    -.2572946   -.1409142
------------------------------------------------------------------------------
Underidentification test (Kleibergen-Paap rk LM statistic):             58.040
                                                   Chi-sq(1) P-val =    0.0000
------------------------------------------------------------------------------
Weak identification test (Cragg-Donald Wald F statistic):               72.838
                         (Kleibergen-Paap rk Wald F statistic):         55.900
Stock-Yogo weak ID test critical values: 10% maximal IV size             16.38
                                         15% maximal IV size              8.96
                                         20% maximal IV size              6.66
                                         25% maximal IV size              5.53
Source: Stock-Yogo (2005).  Reproduced by permission.
NB: Critical values are for Cragg-Donald F statistic and i.i.d. errors.
------------------------------------------------------------------------------
Hansen J statistic (overidentification test of all instruments):         0.000
                                                 (equation exactly identified)
------------------------------------------------------------------------------
Instrumented:         ln_gaci_max
Included instruments: lnpop ln_gdppc
Excluded instruments: feyrer_int
Partialled-out:       _cons
                      nb: total SS, model F and R2s are after partialling-out;
                          any small-sample adjustments include partialled-out
                          variables in regressor count K
------------------------------------------------------------------------------

Absorbed degrees of freedom:
-----------------------------------------------------+
 Absorbed FE | Categories  - Redundant  = Num. Coefs |
-------------+---------------------------------------|
     isocode |       164           0         164     |
           y |        28           1          27     |
-----------------------------------------------------+
(dropped 2 singleton observations)
(MWFE estimator converged in 6 iterations)

IV (2SLS) estimation
--------------------

Estimates efficient for homoskedasticity only
Statistics robust to heteroskedasticity

                                                      Number of obs =     3735
                                                      F(  3,  3541) =    23.18
                                                      Prob > F      =   0.0000
Total (centered) SS     =  5.776792264                Centered R2   =  -2.8691
Total (uncentered) SS   =  5.776792264                Uncentered R2 =  -2.8691
Residual SS             =  22.35109891                Root MSE      =   .07945

------------------------------------------------------------------------------
             |               Robust
ln_gini_disp |      Coef.   Std. Err.      t    P>|t|     [95% Conf. Interval]
-------------+----------------------------------------------------------------
 ln_gaci_max |   .9677782   .1396816     6.93   0.000     .6939137    1.241643
       lnpop |   -.155576   .0227387    -6.84   0.000    -.2001584   -.1109937
    ln_gdppc |  -.2446716   .0372707    -6.56   0.000    -.3177458   -.1715974
------------------------------------------------------------------------------
Underidentification test (Kleibergen-Paap rk LM statistic):             58.040
                                                   Chi-sq(1) P-val =    0.0000
------------------------------------------------------------------------------
Weak identification test (Cragg-Donald Wald F statistic):               72.838
                         (Kleibergen-Paap rk Wald F statistic):         55.900
Stock-Yogo weak ID test critical values: 10% maximal IV size             16.38
                                         15% maximal IV size              8.96
                                         20% maximal IV size              6.66
                                         25% maximal IV size              5.53
Source: Stock-Yogo (2005).  Reproduced by permission.
NB: Critical values are for Cragg-Donald F statistic and i.i.d. errors.
------------------------------------------------------------------------------
Hansen J statistic (overidentification test of all instruments):         0.000
                                                 (equation exactly identified)
------------------------------------------------------------------------------
Instrumented:         ln_gaci_max
Included instruments: lnpop ln_gdppc
Excluded instruments: feyrer_int
Partialled-out:       _cons
                      nb: total SS, model F and R2s are after partialling-out;
                          any small-sample adjustments include partialled-out
                          variables in regressor count K
------------------------------------------------------------------------------

Absorbed degrees of freedom:
-----------------------------------------------------+
 Absorbed FE | Categories  - Redundant  = Num. Coefs |
-------------+---------------------------------------|
     isocode |       164           0         164     |
           y |        28           1          27     |
-----------------------------------------------------+

. file close `fh'

. log close
      name:  <unnamed>
       log:  C:\Users\sunbi\managi-lab Dropbox\Sunbin Yoo\Research Box ^-^\2026\GACI\GACI_Inequality\09_gdp_run.log
  log type:  text
 closed on:  19 Sep 2026, 08:20:47
---------------------------------------------------------------------------------------------------------------------------------------------------------------------------------------------------------------------------------------------------------------
