c,y,prem_adv_bas,prem_adv_int,prem_ser_agr,prem_ser_ind,prem_mkt_man,prem_mgr_elem,prem_prof_elem,prem_prof_craft,gini_earn_total,ln_earn_total
ABW,2010,,,,,,1.3417992800643306,1.1801200549618538,0.7331724335481464,,
AFG,2014,0.9480596476690043,0.7006798755693886,0.7568076689778601,0.6219863074184359,0.8472711943914363,1.0306721335298137,0.531558310375875,0.6342557467980515,0.4,9.088011030012689
AFG,2020,0.4466991073503748,0.40455062291122695,0.25803372662894214,0.11123989038524422,0.248313003322555,0.7583711708861846,0.36991040907345646,0.36555002492522726,0.344,9.488142169870796
AGO,2019,1.2385421094045006,0.6721885701888708,1.0410332195428493,0.1535819003112339,0.0519292234537746,1.4160121069725884,1.1836254980601102,0.7475506766694423,0.536,11.317332122353564
AGO,2020,1.342130869062686,0.7551492029059631,0.9139989897322345,0.12201380509029759,-0.00046485730005641206,1.497693182187321,1.4408163073722644,1.0025502852891621,0.493,11.38834214721843
AGO,2021,1.2402870230550336,0.733826521610625,0.9016846606316706,0.12820863074361372,0.051125614928557134,1.4494689197854043,1.3514288546509425,0.9413871121945485,0.487,11.393597017029194
AGO,2022,1.2905425203322076,0.738979607517478,0.7347889278116086,0.03543329052581099,0.0777824732919889,1.5234660235448616,1.3561807393585228,0.8986655246272258,0.487,11.4772083869131
AGO,2023,0.6813438331131726,0.5538167736120982,1.1661225480767834,-0.19629714506595541,-0.16324562613149957,1.6092875091156484,1.5391644874829418,1.0528652295658683,0.537,11.739097314357775
AGO,2024,1.1206267774013716,0.7820055925016945,0.8792400180089294,-0.052467929948710475,0.13385798256356612,1.553342058574056,1.5575456499373788,0.9187125788395615,0.515,11.625067357030925
ALB,2009,,,,,,,,,,
ALB,2010,,,,,,,,,,
ALB,2015,,,,,,1.3166274080435456,0.9694141116397245,0.7305767449390802,,
ALB,2016,,,,,,1.259586721084516,0.8642884308958102,0.7203434230117283,,
ALB,2017,,,,,,1.1909277267833926,0.8272034794564814,0.6795040709685093,,
ALB,2018,,,,,,1.1774588994110964,0.800067033225977,0.6657450214809532,,
ALB,2019,,,,,,1.11860331675613,0.7979077172461556,0.6721314783973075,,
ALB,2020,,,,,,1.0975912212514685,0.8078534351242278,0.6682640134604724,,
ALB,2021,,,,,,1.031478918700062,0.7836043676823787,0.655405407305557,,
ALB,2022,,,,,,0.9750297205834193,0.7375278196125354,0.6129436828144262,,
AND,1998,,,,,,,,,,
AND,1999,,,,,,,,,,
AND,2000,,,,,,,,,,
AND,2001,,,,,,,,,,
AND,2002,,,,,,,,,,
AND,2003,,,,,,,,,,
AND,2004,,,,,,,,,,
AND,2005,,,,,,,,,,
AND,2006,,,,,,,,,,
AND,2007,,,,,,,,,,
AND,2008,,,,,,,,,,
ARE,2009,,,,,,2.506627440043733,2.0304009901741216,1.7442159274287,,
ARG,1997,1.1661550007681492,0.7599063157177172,0.2751479439192042,-0.1200629872971388,-0.04217339773926939,,,,0.439,6.433366047023848
ARG,2004,0.9006079815071645,0.515230105591102,0.3315493434011636,-0.1515814256974176,-0.09080374424129446,1.9787309165458653,1.122042977439634,0.5107636740356922,0.445,6.52954437782706
ARG,2005,0.871019120891682,0.4785503364660408,0.36411421672820504,-0.09830494536944122,-0.05451648800005481,1.9216169976471398,1.0690021350234602,0.46132364347165283,0.433,6.704789284669181
ARG,2006,0.8066823218732594,0.42911772764335643,0.08682703819609318,-0.09057350691313101,-0.058614828199115086,1.8098423163616002,1.0774198686047614,0.4267686900319462,0.422,6.9339608927502185
ARG,2007,,,,,,,,,,
ARG,2008,0.7257031380647383,0.4074908757391897,0.19558141930692166,-0.06034018038909709,-0.053589270252919964,1.6829608285036173,1.0351207432759757,0.4280725251415359,0.397,7.400128703213787
ARG,2009,0.735588183390389,0.4187913564393396,0.05745090871896854,-0.03388629502164248,-0.039281349718261534,1.634840420954916,1.0530090341410854,0.4177559560897678,0.389,7.584908231080183
ARG,2010,0.6934254877992261,0.38342454282968097,-0.01145151214325548,-0.07102602241316788,-0.08802286253894934,1.5466043520261876,0.9846921841726304,0.4117502796680139,0.382,7.790913956145316
ARG,2011,0.6815714133153368,0.3798334356321851,0.0109884188936554,-0.06163252098294502,-0.04584270898605904,1.5291966043155851,0.9928119192949929,0.36938712541569174,0.382,8.055358029219132
ARG,2012,0.6379049798557723,0.33818979414146827,-0.023338982676885084,-0.03710531359858118,-0.018236867946294314,1.520481154632093,0.9408637189515627,0.3274432430749326,0.375,8.275291297350888
ARG,2013,0.630130271550859,0.34143318349198065,0.005784587836027238,-0.048978872482334325,-0.049190819117844724,1.4275071645620023,0.9093321038361222,0.33914025481085913,0.365,8.5134172715951
ARG,2014,0.6145452451598763,0.343072760237684,0.041726236379526535,-0.04098632296689659,-0.05001393737643076,1.438169742958039,0.8875481226035709,0.3280399566155703,0.365,8.773398992957851
ARG,2017,0.6523563042874627,0.39538924085322547,0.029698373643986514,-0.04576203568904813,-0.08258695099343666,1.411704288179077,0.8708675765091958,0.3470188687646232,0.376,9.58121907325925
ARG,2018,0.6753391849315401,0.40584800642626934,0.12398948325671975,-0.07398103119112784,-0.06631234580240661,1.5625289463355365,0.921452189120027,0.3413729933120781,0.378,9.823200281626107
ARG,2019,0.7224551245110451,0.40669462279752144,-0.04631395588433156,-0.04896806053905888,-0.0346968053983157,1.5338841102344845,0.9645750137719429,0.39966368799997465,0.389,10.14889055382187
ARG,2020,0.7191679790959936,0.39970851032732607,0.12385257991524024,-0.028910586669370145,-0.04684109659755035,1.4856586926602235,0.95849242249776,0.41354098585268306,0.392,10.499077746109798
ARG,2021,0.6997042045590858,0.409878444267138,0.13603250545440818,-0.05208426193869182,-0.008878363898597775,1.6443143049087416,1.0166108233422362,0.4127511579413732,0.394,10.854232830489703
ARG,2022,0.7224236714789578,0.433635486643623,0.08695318691635494,-0.024653200335827814,-0.010577601699552934,1.5100324540904997,0.9520980081051197,0.4006617201124639,0.403,11.32732648729505
ARG,2023,0.7633947393004328,0.45522835065310574,0.010681909380342915,-0.013002617154581937,-0.020960701891807175,1.5687171010815117,0.9661360108175746,0.4237563090084315,0.425,12.158739939752087
ARG,2024,0.8263948432558722,0.4960605858502746,-0.03109619811857907,-0.08685705861106996,-0.048333015443597506,1.7563911337527849,1.029342755367859,0.44178366783950923,0.441,13.292127161053433
ARM,1996,,,,,,,,,,
ARM,1997,,,,,,,,,,
ARM,1998,,,,,,,,,,
ARM,1999,,,,,,,,,,
ARM,2000,,,,,,,,,,
ARM,2001,,,,,,,,,,
ARM,2002,,,,,,,,,,
ARM,2003,,,,,,,,,,
ARM,2004,,,,,,,,,,
ARM,2005,,,,,,,,,,
ARM,2006,,,,,,,,,,
ARM,2007,0.23042291807434326,0.17092300873530858,0.29400303437881703,-0.10912739022152103,0.1144230528010379,,,,0.331,10.967386235764199
ARM,2008,,,,,,,,,,
ARM,2009,,,,,,,,,,
ARM,2010,0.36363491029499617,0.16313243721346204,0.2508817549684539,-0.12662490533506945,0.05499293852985184,,,,0.31,11.27823311981632
ARM,2011,0.30504634423613325,0.11886899754791919,0.2667746939421663,-0.1315327479336915,0.03488049027622068,,,,0.302,11.32275098654179
ARM,2012,0.28907919075853805,0.14608441774317824,0.2934972751339165,-0.11180140553197856,0.04082055445275884,,,,0.308,11.393695759641703
ARM,2013,0.1555991045504068,0.13659622645169725,0.201579625252466,-0.13391020673190251,0.03560316873181774,,,,0.306,11.443649156890348
ARM,2014,0.04472332220898487,0.21875782127696583,0.03770080702314678,-0.1401207964608048,0.031465197867523366,0.6118271285919343,0.3725001682878016,0.03223927873315652,0.296,11.468869381835233
ARM,2015,0.33809586648051115,0.27644880332135785,0.12307890010346269,-0.13251099065290486,0.03789382501702528,0.7155654036641564,0.39968961280790527,0.1341830408461655,0.288,11.516232371123905
ARM,2016,0.3232244348903786,0.28727815767928366,0.240880677637854,-0.11230660644035097,0.009540390072818736,0.7902240498765819,0.3733753211884437,0.0750099434534369,0.287,11.512236017355832
ARM,2017,0.2915283969982005,0.28812049394455425,0.04806922865740533,-0.170421313479525,0.04003008282651428,0.7453380291492492,0.4185408879738008,0.10595482324470308,0.298,11.547378899996941
ARM,2019,0.06514715490343084,0.07653314576466894,-0.08219234637009429,-0.19732609766922415,0.06250770601229765,,,,0.291,11.693612586802763
ARM,2020,0.07327241549977044,0.07465668752980473,-0.0788003520531011,-0.17305159377166549,0.04069644803795067,,,,0.295,11.741922602570915
ARM,2021,0.05643266260689095,0.039402319495017116,0.08582235142791886,-0.1692497964146225,0.07402622325585337,,,,0.29,11.779581338066752
ARM,2022,0.2095469577184926,0.063258219370261,-0.007644278008538552,-0.16280658008248886,0.1040909381837129,,,,0.307,11.869332049903903
ARM,2023,0.1823777470931187,0.12464932315767759,-0.03135074593470815,-0.13759355294756018,0.12619413751999195,,,,0.308,11.977081304172234
ATG,2018,0.49071828668536144,0.4350897878729779,0.7109240811335718,-0.14223379307150066,0.10780391746535635,,,,0.333,7.89088563243034
ATG,2023,0.5914638158366563,0.43077409317367776,,,,,,,,7.951632919996822
AUS,2001,0.5796422238058303,0.3622902801278547,0.16918516234522596,-0.1985947425418553,-0.08703401268373438,,,,0.399,8.029085549012148
AUS,2002,0.5871280778044873,0.35421700130698613,0.23799965248615623,-0.23258527055718548,-0.19313834717762865,,,,0.371,7.979874710591761
AUS,2003,0.6085047580169264,0.34964747040900307,0.2711236422049904,-0.2895759290024411,-0.23814428139169658,,,,0.379,8.023250577531234
AUS,2004,0.604693133814797,0.36382593120171425,0.23787761457498116,-0.2411514872379654,-0.19914740589473665,,,,0.368,8.042297616090075
AUS,2005,0.6186017052148206,0.3119359676600169,0.1644665992496459,-0.26263968058106485,-0.22293739056814427,,,,0.373,8.10993898382361
AUS,2006,0.6247667777982395,0.3138557169838439,0.31922637345771837,-0.29740937869362527,-0.28812752395856706,,,,0.371,8.166155471289478
AUS,2007,0.6078638333495542,0.3156370148981102,0.16188698529209503,-0.29602367697421283,-0.26531975300661775,,,,0.369,8.221103070182638
AUS,2008,0.6774292021940092,0.34784934168589987,0.29387805790518673,-0.30193816518211225,-0.20395007063022413,,,,0.378,8.293229804128337
AUS,2009,0.6882315861749155,0.39430529537176084,0.2642659408595357,-0.2486483808627388,-0.15571734974163956,,,,0.374,8.313408296308607
AUS,2010,0.7067777271146802,0.37867246308828145,0.15651684637059468,-0.25781700069326,-0.16255082865662188,,,,0.379,8.369386909931082
AUS,2011,0.6722137436655662,0.35200451756796225,0.20964969206220116,-0.3147532000573536,-0.20252906312549465,,,,0.384,8.395136737701954
AUS,2012,0.6502730296077929,0.35240086870502707,0.2522181143228347,-0.35774500310775936,-0.19958084555051742,,,,0.385,8.440971109182714
AUS,2013,0.6477760534519984,0.3344652089629175,0.3616742390480741,-0.2984629513608223,-0.1596676769728773,,,,0.388,8.452362147498048
AUS,2014,0.6737592224730634,0.3607916326257863,0.15394714067691362,-0.3719383750980892,-0.21864587972272378,,,,0.388,8.476465359129246
AUS,2015,0.6407681124591275,0.3701922113103194,0.2587263312384913,-0.3381077859501334,-0.22772350731438226,,,,0.388,8.483980092357832
AUS,2016,0.6761969288303721,0.3944839409231685,0.26498125274893947,-0.3274891799086621,-0.25991358374901835,,,,0.38,8.53140847382588
AUS,2017,0.6606752894728589,0.3806135873212121,0.2067558358608662,-0.335841501471808,-0.2414862295861081,,,,0.379,8.552343709475256
AUS,2018,0.7508963911974386,0.4014439081456623,0.27708365284499575,-0.2727467816709682,-0.1726301778632602,,,,0.372,8.579958015482756
AUS,2019,0.7171698375352525,0.36158776657854647,0.24841781766743493,-0.2869428310948425,-0.16939997813296143,,,,0.375,8.615831644550813
AUS,2020,0.7055179072116552,0.3193962286299509,0.41717136070284444,-0.2587944753689572,-0.11439314071429485,,,,0.36,8.635808414042305
AUS,2021,0.7202838675568137,0.3549183993054591,0.10985272398595859,-0.23306102210224358,-0.09046637949821223,,,,0.364,8.683645664378139
AUT,2000,,,,,,,,,,
AUT,2001,,,,,,,,,,
AUT,2002,,,,,,,,,,
AUT,2003,,,,,,,,,,
AUT,2004,0.7686632526681892,0.4140055712211968,0.21931877527585458,-0.087388675447889,-0.1264864521391622,,,,0.319,7.679642935063882
AUT,2005,0.8242408415193441,0.3993084951058449,0.23863996483653743,-0.026917465778367507,-0.05846027375417426,,,,0.312,7.717418915647348
AUT,2006,0.8438607197117962,0.38298026117908224,0.25267506997443967,-0.05520174005901874,-0.10188071456089555,,,,0.325,7.719049873249165
AUT,2007,0.9004997363955202,0.3798532890048128,0.2771674675860586,-0.08492726510783778,-0.1007781111985862,,,,0.335,7.941932863345744
AUT,2008,0.8722329617117124,0.4013618899608489,0.5043642106307051,-0.06912016919158329,-0.14916411361093734,,,,0.359,8.05046291888802
AUT,2009,0.9727310435592446,0.4609063000288122,0.5761655471706683,-0.05404404244878341,-0.1086086412699879,,,,0.368,8.10058593952794
AUT,2010,0.8102091298625591,0.3868046302481656,0.7757815169438191,-0.08297251766380022,-0.1510888576241182,,,,0.366,8.12399029416151
AUT,2011,0.896453875442723,0.3830416805382112,0.4282858826771401,-0.08557925010409387,-0.1546311273483322,1.108189898036085,0.7562952846990366,0.4931217479430467,0.351,8.112267537776344
AUT,2012,0.8993863432925915,0.41163275145299216,0.3462462318670473,-0.059576920213796944,-0.09725179688645601,1.3554381280633905,0.8298964719388818,0.4510241524858972,0.347,8.148759671305172
AUT,2013,0.9035297965702367,0.3977952665435157,0.32178706473163704,-0.07634868439227273,-0.12569861282006325,1.20076767860711,0.8387860624308959,0.4306217083173282,0.342,8.183563231696404
AUT,2014,0.8342956321938532,0.3919374103493446,-0.03514576603506442,-0.16165423380774435,-0.20943402576158618,1.1194085303247752,0.6829964969769508,0.3394844860505388,0.359,8.20581688116541
AUT,2015,0.8262213143225415,0.4021840770424686,0.3777979485711769,-0.13577911172871465,-0.1879089105456312,1.1529923829724644,0.7989903877491934,0.4009457345358265,0.348,8.207215338342746
AUT,2016,0.8224984328763211,0.39787239088357623,0.4247002464823684,-0.14992183938614712,-0.23881386579643762,1.2401690466649455,0.876333732640669,0.38738616205686827,0.337,8.230227395710342
AUT,2017,0.9106635061311312,0.4191099391563363,0.35175957458747986,-0.16798112403667595,-0.24495680678671106,1.2441449016829944,0.8734080642851604,0.4259220508157376,0.35,8.241781660336658
AUT,2018,0.8470914903568325,0.3906438986750541,0.4795701720872109,-0.14492346289936356,-0.19536433244623744,1.1849778432166875,0.865047588455271,0.3822347741906419,0.349,8.259936083196205
AUT,2019,0.8487707495711938,0.4050440326420882,0.23034953469664335,-0.20886316738044022,-0.29157162997163655,1.195831514965197,0.8125673400711924,0.36608415448801407,0.338,8.288336601731775
AUT,2020,0.842107676489487,0.37281936281635786,0.22624913249937692,-0.12131850189591638,-0.16819702078861215,1.0569957799123288,0.8054989157927552,0.3161695532140977,0.322,8.333664025756121
AUT,2021,0.6848118243889605,0.33402360750412075,-0.0024676694617242717,-0.1575789540071719,-0.2049881370044273,1.1000023510718169,0.8370642759846383,0.2571754996315367,0.317,8.360738893630709
AUT,2022,0.8008487302487446,0.35485040998739775,0.017417970664482366,-0.1497588290291303,-0.219484916176615,1.1507042010608801,0.83610674281484,0.2845318423680501,0.318,8.356181830847504
AUT,2023,0.7516958999552422,0.2991547430607595,0.3773606703744803,-0.11294928518345856,-0.16488431171615628,1.062118930000801,0.7626231552886383,0.3069145997411665,0.316,8.409697954416831
AUT,2024,0.6842510727055939,0.3053616834928792,0.1978724155228532,-0.14845147551750287,-0.21744469843840974,0.9644069507133872,0.721791858470775,0.2944074661763972,0.313,8.501584811952378
AZE,1996,,,,,,,,,,
AZE,1997,,,,,,,,,,
AZE,1998,,,,,,,,,,
AZE,1999,,,,,,,,,,
AZE,2000,,,,,,,,,,
AZE,2001,,,,,,,,,,
AZE,2002,,,,,,,,,,
AZE,2003,,,,,,,,,,
AZE,2004,,,,,,,,,,
AZE,2005,,,,,,,,,,
AZE,2006,,,,,,,,,,
AZE,2007,,,,,,,,,,
AZE,2008,,,,,,,,,,
AZE,2009,,,,,,,,,,
AZE,2010,,,,,,,,,,
AZE,2011,,,,,,,,,,
AZE,2012,,,,,,,,,,
AZE,2013,,,,,,,,,,
AZE,2014,,,,,,,,,,
AZE,2015,,,,,,,,,,
AZE,2016,,,,,,,,,,
AZE,2017,,,,,,,,,,
AZE,2018,,,,,,,,,,
AZE,2019,,,,,,,,,,
AZE,2020,,,,,,,,,,
AZE,2021,,,,,,,,,,
AZE,2022,,,,,,,,,,
BDI,2014,0.7601262014830465,0.5124423930622048,0.9762194051929084,0.17099589078469088,0.6902775350471058,,,,0.571,11.06707806253451
BDI,2020,1.6695045456645372,0.7399768890225256,1.3410663618097391,0.17378425283703924,0.40856475962168803,1.9953659711615364,1.6608351131990604,0.6049367107487139,0.566,11.480854557332444
BEL,2004,0.412208207322196,0.31428915704122906,0.148736463230029,-0.11184405761647144,-0.09275181306786806,,,,0.276,7.8278384106091545
BEL,2005,0.4053511014171722,0.29627830120557774,0.21570873302313898,-0.09498254693668581,-0.064853143984148,,,,0.258,7.86465114986509
BEL,2006,0.4057485794680681,0.3043107428465318,0.0755534395041788,-0.09534556141343604,-0.06439722502512694,,,,0.26,7.8956832761831865
BEL,2007,0.33420382789697045,0.24391779443342712,0.1649755101080838,-0.13035304015132484,-0.07815282325869291,,,,0.263,8.222241022405553
BEL,2008,0.32043026297910376,0.23232828194000416,0.2343886352623417,-0.1511921773901981,-0.10540711560440831,,,,0.261,8.21790509554183
BEL,2009,0.3227218699608535,0.2474156276837504,0.16747547737823773,-0.1806163702769065,-0.13899951614714406,,,,0.256,8.274377659271227
BEL,2010,0.3540904971584472,0.2622684281668983,0.14430613564420822,-0.17210468694476927,-0.14915362285223405,,,,0.255,8.298226405261538
BEL,2011,0.36889099617723087,0.27422471243681357,0.06135892199212898,-0.15317791138057568,-0.1618895932728931,0.9675703512926866,0.5796395283424852,0.1329098094008818,0.258,8.323245998027788
BEL,2012,0.35376373960512897,0.2806055478738869,0.06117200686751508,-0.1782360284203282,-0.19787071225458502,0.955189878700138,0.5664962895970904,0.1566566224609515,0.26,8.35528795592271
BEL,2013,0.35790163399800795,0.28661268219887365,0.22938880533345277,-0.18474490382102574,-0.2104410254364321,0.9624681683771351,0.5907935696415767,0.17494945913411694,0.256,8.394376533312105
BEL,2014,0.3478912453464103,0.27107282380879383,-0.00901601938199739,-0.1447207288635285,-0.1607535328607691,0.8420886940250724,0.4946115497113071,0.15979059342913493,0.254,8.41786444799013
BEL,2015,0.3975907631334156,0.27239789794713976,-0.0038859359905375917,-0.17730877073098159,-0.18381414389851936,0.9255267579060364,0.5479741253562476,0.1634277884736144,0.25,8.41579282401005
BEL,2016,0.40799188081185694,0.27345103610780885,0.005122501429955394,-0.16417877648907384,-0.1857983916698493,0.9033518895168483,0.5910072814497519,0.16689379606559882,0.248,8.426533202694356
BEL,2017,0.4087767980380807,0.2811982894114632,0.25928486396655864,-0.20243572358750048,-0.22967419978702344,0.9367955829114202,0.6016893794452571,0.1799398818966834,0.254,8.44579407008793
BEL,2018,0.3825328200250401,0.2642332487941328,0.06382022301250134,-0.21858684053233046,-0.24670361640530614,0.9448714015744929,0.6031751992783451,0.1292756784390039,0.252,8.455654539501534
BEL,2019,0.44873066714631127,0.29554741265297413,-0.10333968790774668,-0.24251548766126516,-0.28850772223429905,1.0907852517914338,0.6698404535583117,0.170498972038048,0.277,8.505401340004433
BEL,2020,0.3979207839650763,0.2957130534366343,-0.15546924857583716,-0.2368299124791064,-0.27538215415684486,0.9711070474098559,0.5928333652724224,0.11283026587334756,0.277,8.525225049513452
BEL,2021,0.44564488264543217,0.2877043355373767,0.11251935319143762,-0.22246268102371825,-0.2575391181826021,0.9215972523338447,0.5432479838357901,0.1545093373275597,0.286,8.552748734493694
BEL,2022,0.48178950445689805,0.31337159658534225,0.18228985299353415,-0.18318013558852625,-0.20519401021048894,0.9844092336858624,0.6475613007023592,0.21481126328567113,0.276,8.593609269272033
BEL,2023,0.524307299224083,0.29097958028798265,0.3224503434492493,-0.22145969916620628,-0.2650231066652904,0.97801431319965,0.6809424975815243,0.21270555295796975,0.272,8.670033412968003
BEL,2024,0.4700656089358705,0.30298749407162995,0.1214433607505704,-0.17995555615059947,-0.23403268475383346,1.0033652648441365,0.6560728470682632,0.2194281875349664,0.269,8.736978630578063
BEN,2011,0.8776236238991066,0.6071781212617399,0.3986319328240789,0.27624699824963045,0.26609468954533244,,,,0.476,11.274816018738559
BEN,2019,0.9889541772501028,0.6764285502665666,0.9429760292840536,0.38181604348608644,0.5032168765251698,,,,0.447,11.214192313664423
BEN,2022,1.0509284569762198,0.6539029707230105,0.9530007934119904,0.2861984151019885,0.4138697320156182,2.095401559824013,1.2460039686082642,0.8576534254810224,0.481,11.344801763925906
BFA,2018,0.8279545052934995,0.34307931582311196,0.5124221828129081,0.2733405448778993,0.1428891382725625,1.259352768122725,1.360333384484067,0.9265406738253729,0.521,11.580814647616663
BFA,2019,1.239980574240957,0.42430749098357123,1.1490535046556316,0.16620791388221848,-0.1734687595723897,,,,0.533,11.620931330602465
BFA,2022,1.1514124936941743,0.38208474701379,1.2176932410286088,0.36883949507707936,0.40855170363377696,0.9153836684144082,1.1690372593214464,1.032685284272207,0.495,11.338675572469695
BFA,2023,0.9859640257909225,0.709173737289421,0.6650716071411783,0.3648322721564192,0.3051670687656408,2.448363401850897,1.172276813822191,1.167650612985489,0.564,11.5489359250013
BFA,2024,0.8057357239214421,0.3039114474136649,,,,1.003592386557391,1.2448191786443812,1.2097821889742346,,11.541813051705775
BGD,2013,0.4650659435857277,0.31968770373416466,0.36015276785907974,0.1323841577618699,0.11473311756645846,0.9235164449715891,0.7217847085320154,0.3544860720082698,0.209,9.326289727468211
BGD,2016,,,,,,1.0678372676113692,0.8326658321452675,0.5968208463657899,,
BGD,2017,0.9299794556965281,0.518865061653379,0.6593202655425161,0.32164781405478077,0.177203829584727,1.3272485448755102,1.003637271755535,0.7098071198292938,0.311,9.37684567531719
BGD,2022,0.8816475147214462,0.5803511500524021,0.5010985357898086,0.12883074759800478,0.021828621399194087,1.3145327851712438,0.8058425905890245,0.5396634570690823,0.324,9.50326398352963
BGD,2023,0.8744339508916557,0.6159582968556261,0.5617960486768393,0.13005840089266327,0.04626090980355819,1.2927915787638564,0.8296373939292108,0.5305293023989095,0.336,9.532605593763176
BGD,2024,0.7813715203008138,0.5711880166829777,0.4510071029464304,0.0989304730639097,0.01724397791578293,1.2640966222233938,0.7724812158102291,0.45505030765890403,0.302,9.649660864027648
BGR,1996,,,,,,,,,,
BGR,1997,,,,,,,,,,
BGR,1998,,,,,,,,,,
BGR,1999,,,,,,,,,,
BGR,2000,,,,,,,,,,
BGR,2001,,,,,,,,,,
BGR,2002,,,,,,,,,,
BGR,2003,,,,,,,,,,
BGR,2004,,,,,,,,,,
BGR,2005,,,,,,,,,,
BGR,2006,,,,,,,,,,
BGR,2007,0.46492193511242635,0.287790346926608,,-0.021915797822756666,0.015562139950905395,,,,0.296,5.510792209037401
BGR,2008,0.48146781720318,0.3755682429202299,0.2963505778731567,-0.11262515291323803,-0.08721101661225533,,,,0.326,5.683902844395369
BGR,2009,0.6524814375391315,0.4111919758240837,0.3712816056320108,-0.009460350145183507,-0.04282906929712389,,,,0.32,5.935108458377969
BGR,2010,0.6247956002903243,0.41475295957233865,0.49421182744117986,0.05456104738419881,0.017330885345229065,,,,0.318,5.927938846228104
BGR,2011,0.620482217439366,0.3660641088800345,0.4004993123722026,0.05280966683352568,0.08763782169861846,0.9347287569429354,0.6801185632801399,0.350280409300733,0.299,5.859645972487134
BGR,2012,0.5491198120052396,0.3525605153374561,0.3655315031385789,0.07740513725696707,0.0971472225005682,0.8897781524423387,0.6201769336864286,0.32254475043354486,0.289,6.103144552660531
BGR,2013,0.6658246892825169,0.3580942013568104,0.3722691781181332,0.013716893863045393,-0.010508435470235226,1.022898217974308,0.721072000887782,0.31315157044495107,0.305,6.004634935531369
BGR,2014,0.6442133144222822,0.3723801462512631,0.2465888455662451,0.05158558787590184,0.06994359078040077,0.9274125331388628,0.6501378959389644,0.3360301537442355,0.305,6.072735730665163
BGR,2015,0.5879504832212711,0.42133373798939006,0.35260780328372515,0.12510971978715302,0.16178900979001432,0.8627824655835739,0.6474043331666108,0.4322378084051244,0.309,6.192380894213479
BGR,2016,0.7304321863396146,0.45996052170378043,0.34316062255659713,0.06719347960028992,0.05652734108569354,0.962402618086566,0.804219277337502,0.4814392079558678,0.392,6.306501538723415
BGR,2017,0.8101992593868088,0.507536542415031,0.33714880988607465,0.11089774509141898,0.10379932873863953,1.0481892314214523,0.838566193806838,0.5696245489422749,0.38,6.33779870897739
BGR,2018,0.9553647811500882,0.6008587649671977,0.5404684650365654,0.1207436527139245,0.05464468779036615,1.1914703207242776,1.020770982114746,0.6563062031791685,0.399,6.33030362341018
BGR,2019,0.9869308949565859,0.5206682398252366,0.49192830073079324,0.13465580659804482,0.10905405367680723,1.1807179981889933,1.0057311433841454,0.6550847206891083,0.402,6.550340061108255
BGR,2020,0.9479505307657631,0.531364132489524,0.20948472069388044,0.14589900376380405,0.3407371020269712,1.1036668437206958,0.9837241241609302,0.5164345314965796,0.391,6.618646856443211
BGR,2021,0.886789683757442,0.5562906715088745,0.4973565936302203,0.15515358950190344,0.10574485686813591,1.1255219184383771,0.9456480121168014,0.621078402989167,0.396,6.698535589224827
BGR,2022,0.8842844376990857,0.5724754339960503,0.42095553070588226,0.17872649313055997,0.09183660553980104,1.0869832265176038,0.9525877467251628,0.6166983578689185,0.4,6.822177782585117
BGR,2023,0.9476140159016944,0.5430790776698406,0.3729183643120731,0.18185488038018285,0.11686175084911325,1.0384939017745234,0.9546340158295261,0.6024942103456815,0.388,6.918060992224057
BGR,2024,0.9278483504136792,0.5379057807054165,0.5038363370503492,0.1896751818975634,0.14118624403384367,0.9041129067897059,0.9139727959095685,0.5936080640747889,0.39,7.089895152606037
BHR,1998,,,,,,,,,,
BHR,1999,,,,,,,,,,
BHR,2000,,,,,,,,,,
BHR,2001,,,,,,,,,,
BHR,2002,,,,,,,,,,
BHR,2003,,,,,,,,,,
BHR,2004,,,,,,,,,,
BHR,2005,,,,,,,,,,
BHR,2006,,,,,,,,,,
BHR,2007,,,,,,,,,,
BHR,2008,,,,,,,,,,
BHR,2015,,,,,,,,,,
BHR,2016,,,,,,,,,,
BHR,2017,,,,,,,,,,
BHR,2018,,,,,,,,,,
BHR,2019,,,,,,,,,,
BHR,2020,,,,,,,,,,
BHS,2019,0.4370885261683718,0.29491557578239236,0.6103708976983362,-0.11775305552750086,-0.2328071140443928,0.33002479740406226,0.3465101804984945,0.1971021304453658,0.569,8.430614520795702
BHS,2023,0.8729584593176204,0.5176444987686664,0.46968116958993467,-0.10297275224822892,-0.16254324002683548,1.064724818448683,0.902602141577798,0.3697642624923267,0.381,7.619781621359554
BHS,2024,0.47722145659712084,0.3112583779740696,0.5580340863680391,0.021076456297243303,0.5649901920220122,0.5583521460315747,0.25906986834822127,0.12040818364415706,0.562,7.987430725453961
BIH,1999,,,,,,,,,,
BIH,2000,,,,,,,,,,
BIH,2001,0.8164860967941053,0.33425252110728826,0.4768184205336573,0.20622684168866798,0.37946789405026915,,,,0.447,6.118837012416921
BIH,2002,,,,,,,,,,
BIH,2003,,,,,,,,,,
BIH,2004,,,,,,,,,,
BIH,2005,,,,,,,,,,
BIH,2006,0.8829792772679781,0.6357030480574493,0.14602874785439024,0.10763151712648017,0.1818019765127616,,,,0.291,6.183311426960336
BIH,2007,0.8163759722148467,0.6123136053288462,0.22957391552351394,0.09554108010082696,0.11021404289202781,,,,0.283,6.268850041269869
BIH,2008,0.7578665779255064,0.6069682759482452,0.2481386447749966,0.1476201361115952,0.1687114639742566,,,,0.274,6.41529170289193
BIH,2009,0.6737757294316167,0.5732850283259708,0.211253023089125,0.10821922649096184,0.12407997587596424,,,,0.275,6.50828914101709
BIH,2010,0.5723665133936954,0.5423797424031589,0.30918963609838357,0.08938780593126908,0.07953294823279262,,,,0.284,6.544738841638749
BIH,2011,0.5710909044921482,0.47289653887372346,0.16656360058727698,0.11212758666642345,0.13895363384576825,0.8040691069661771,0.5999802768445701,0.453126581714939,0.269,6.558054530137881
BIH,2012,0.5895485043122634,0.4657367398930303,0.09843425086123891,0.08343546256460917,0.08665010425807927,0.7886585885235874,0.5928994137038464,0.40650777222949935,0.282,6.548651673946413
BIH,2013,0.6017175542898557,0.46982319890015617,0.19397318066848146,0.10946313125180687,0.1475192487722702,0.890538297031999,0.6429017825397197,0.42263484220438713,0.273,6.587625769531093
BIH,2014,0.6091266881101475,0.4744065815562882,0.12602756185977065,0.05270938825200008,0.11285568558058423,0.8026666710519725,0.6026279076967379,0.37430132283040307,0.27,6.616699522051217
BIH,2015,0.6016218045145604,0.4607143660741332,0.18161120364298,0.07382621791971239,0.1291735815739815,0.8784744527691319,0.6755484235171655,0.4404450543506355,0.27,6.6032213414501415
BIH,2016,0.5362660853821496,0.3803139060591727,0.08371524852558981,0.029194315357012186,0.057126299845603405,0.8411975632601072,0.5386591267764451,0.3060940888908214,0.268,6.610278730197908
BIH,2020,0.5176571795083749,0.34982503564880457,0.016262968266060246,0.020959112091076895,0.08015924864442349,0.6088378713195978,0.4571737019774668,0.2642219652628706,0.271,7.119141179223453
BIH,2021,0.5142842704265922,0.36507476954826634,0.011056548037760535,0.06561449704316287,0.0857926846913898,0.5426106076286991,0.5117174280446752,0.31484586686243987,0.249,7.156713934608319
BIH,2022,0.4858429655333086,0.3406411962820852,0.06592735105579595,0.04174805099535019,0.035986652668131475,0.5216350710838719,0.4658454986336325,0.309528226503979,0.235,7.213261552346396
BIH,2023,0.4302848567704896,0.28494901561771463,0.08387620564354659,0.027913107384644423,0.031923046017117485,0.47643891180645154,0.3843066244837573,0.2673575902272641,0.215,7.311828752549315
BIH,2024,0.38649253555309443,0.2200971486623767,0.08238493880766914,0.014397125717277928,0.005514596431342275,0.4305146640857273,0.33702203982524986,0.19859636256540245,0.182,7.4214156809649685
BLR,1996,,,,,,,,,,
BLR,1997,,,,,,,,,,
BLR,1998,,,,,,,,,,
BLR,1999,,,,,,,,,,
BLR,2000,,,,,,,,,,
BLR,2001,,,,,,,,,,
BLR,2002,,,,,,,,,,
BLR,2003,,,,,,,,,,
BLR,2004,,,,,,,,,,
BLR,2005,,,,,,,,,,
BLR,2006,,,,,,,,,,
BLR,2007,,,,,,,,,,
BLR,2008,,,,,,,,,,
BLR,2009,,,,,,,,,,
BLR,2010,,,,,,,,,,
BLR,2011,,,,,,,,,,
BLR,2012,,,,,,,,,,
BLR,2013,,,,,,,,,,
BLR,2014,,,,,,,,,,
BLR,2015,,,,,,,,,,
BLR,2016,,,,,,,,,,
BLR,2017,,,,,,,,,,
BLR,2018,,,,,,,,,,
BLR,2019,,,,,,,,,,
BLR,2020,,,,,,,,,,
BLR,2021,,,,,,1.0262794356766682,0.8873892477982587,0.27135207544767365,,
BLR,2022,,,,,,,,,,
BLZ,2014,0.6038907129763527,0.29070785554273004,0.33059720102988105,0.05169995673720071,0.09411531569774864,0.9217024990763403,0.6621323758488509,0.3596300313928832,0.32,7.2381986642602225
BLZ,2015,0.6691821988623302,0.44919255160173427,0.2897908652596561,0.11251623237406487,0.0946147998223228,1.3219422899913678,0.9706511309136573,0.5334024319294073,0.317,7.088905316481928
BLZ,2016,0.6762736835145943,0.4602617146126719,0.3237725119513207,0.07620061614279379,-0.002939286513437264,1.21000700054583,0.980043518757874,0.5921084056345444,0.313,7.054856311189672
BLZ,2017,0.7122932212084336,0.47326127450788336,0.44129425088531776,0.13774260742935113,0.1915168542528438,1.1558813358924718,1.0472639989140302,0.6700850096115474,0.319,7.086917684240913
BLZ,2018,0.6862104437797258,0.44190839910390883,0.46727540056196126,0.0994057555058,0.16305638774126155,0.9897818266439473,0.9631243026352443,0.6238230109813746,0.318,7.139374807497378
BLZ,2019,0.6528428849026665,0.4053317585594659,0.39326294992701655,0.11381624572972378,0.13980080353529167,1.1746515408307538,1.0076853957505998,0.6363344421667818,0.32,7.1463327128225815
BLZ,2020,,,,,,1.6451559950361796,1.3156767939059373,0.8803587226480917,,
BMU,2009,,,,,,,,,,
BMU,2010,,,,,,,,,,
BMU,2012,,,,,,,,,,
BMU,2013,,,,,,,,,,
BOL,1999,1.1166576195539393,0.5829996894134798,-1.1800594786176863,-0.9641411962335031,-0.8321811600970273,,,,0.498,7.49311065736769
BOL,2000,1.4262991199222916,1.2718350242151013,0.4981273373424898,-0.10793502796215126,0.4020960366320657,,,,0.501,7.184296269417892
BOL,2001,1.0966032139118764,0.7719790521732134,0.35806559702041113,0.11876434295708996,0.2926704035491001,,,,0.464,7.072951022614106
BOL,2002,1.2237058176924653,0.9361625263119959,0.3739663721297644,0.22166991682901174,0.2493128356850582,,,,0.477,7.1172630846370755
BOL,2004,1.100137398216808,0.9569488405915754,,,,,,,,7.020975922738576
BOL,2005,1.1219509252021902,0.8413561850720053,0.6165261633239737,0.14362073048526616,0.12248261940374182,1.8994212622483087,1.0016294478088583,0.8304603612177072,0.44,7.0859767753372
BOL,2006,1.0415291932673971,0.7607026069021273,0.49016805910764105,0.11794924121498485,0.21902450300391818,1.5841240663757028,1.2603061270774625,0.9309810883305639,0.446,7.183644589346215
BOL,2007,1.0254605754399213,0.7936654202245494,0.5391023331010129,0.08290451218669252,0.20655566171175732,1.066253470292583,1.2858485647196154,0.9001977039287159,0.433,7.257736570329664
BOL,2008,0.8065749593043177,0.7002867376856462,0.4454488402638388,0.012066768490315708,0.02298270200399175,1.3193462130057794,0.8661000657249145,0.5925093431045517,0.398,7.380739461961245
BOL,2009,0.5452088122900897,0.5824685210936095,0.16568566362437614,-0.10013121319606381,0.04224312115813845,1.0083390504433787,0.5850586377541922,0.34855000279403103,0.368,7.437442499178322
BOL,2011,0.5472026417481682,0.5272253646871804,0.18682222056309739,-0.1707724120440284,-0.029410170716079403,0.9080518403400105,0.7102904072040944,0.29471170109794176,0.36,7.6217398454085545
BOL,2012,0.5835448409130457,0.6019863903730569,0.1355717557292214,-0.28705714203032123,-0.0869356308018898,1.0284588547890194,0.6961487665007319,0.30849630258005145,0.372,7.7481627407162925
BOL,2013,0.6575178727081122,0.5642834176445235,0.16919482044664144,-0.1299205666979305,0.013238969462267311,1.3047850050535599,0.8826565781112466,0.38262529114942484,0.36,7.865633152576755
BOL,2014,0.5629242348178142,0.5448352869783727,0.20377674479836277,-0.09941522230710101,0.022306443050788004,1.0417871403955843,0.7174629804601654,0.29943831362388007,0.345,7.904683249453597
BOL,2015,0.5215136788935143,0.4452774661999328,0.20734311809363648,-0.07511956453119713,-0.029467797114213174,0.976179686504044,0.7324223874715678,0.33679596531268274,0.31,7.951016578257739
BOL,2016,0.5225055328539484,0.38536565774809445,0.2178658606053659,-0.07635623647948717,-0.004577187724385099,1.1207590161698657,0.7910297245050559,0.3819612542732272,0.334,8.002247759549654
BOL,2017,0.479040715298022,0.38132553499171873,0.2843002633443998,-0.04785063054340008,-0.06788544435476451,1.1209834648038954,0.8006931525898084,0.3945743823122003,0.319,8.025050287037844
BOL,2018,0.48165227024209645,0.40017618447882486,0.23999627506353335,-0.05587460136055996,-0.09781811975887211,1.0898171671971255,0.8179555365124405,0.4383529267245778,0.313,8.038868961784909
BOL,2019,0.4763318752881057,0.39106449311073466,0.21693027950380428,-0.04989720715911485,-0.11617702174318335,1.1596744848530274,0.8114760192470558,0.4438361376066119,0.309,8.04513593492081
BOL,2020,0.6849148291454338,0.543672551729844,0.42139104246438785,0.09694369452734367,0.00879100209848431,1.0584546827614687,0.8510516227231776,0.5872836222218225,0.315,8.113431731275407
BOL,2021,0.5669484163862399,0.5078012129198319,0.23022776063243885,0.02795614106579478,-0.10040900375526493,1.2363694767210698,0.878030067321363,0.5759281070732789,0.308,8.026220193696467
BOL,2022,0.526356803115043,0.5095107896445714,0.1649012671509405,-0.017098551612943824,-0.12164695892695049,1.2096056187732966,0.8476965087541357,0.5286622001680281,0.307,8.034792393850589
BOL,2023,0.5289239222119848,0.5094359192132842,0.23969188969983615,0.0018784302961605672,-0.12527235389122587,1.2614140440891528,0.8414659356712539,0.5325005135999029,0.311,8.05439807827661
BOL,2024,0.5372762977171668,0.49880439893548156,0.2399630980717377,-0.009094221306682915,-0.1449321549151509,1.3885912572160986,0.8660656088128074,0.567086784278757,0.316,8.079992184911573
BRA,1996,1.5696194286077831,0.8779838168735222,0.9546505690847764,-0.07308553085481999,-0.023971241422398433,,,,0.526,6.0476014671785485
BRA,1997,1.6104595177903942,0.9032622739794862,1.0028181045186662,-0.06405549573465426,-0.020804419675658166,,,,0.524,6.097570784646118
BRA,1998,1.6720217344836004,0.9862059138483179,1.0144298887407106,-0.02761507217094277,-0.02648107533817428,,,,0.525,6.141107941511354
BRA,1999,1.6274034901157663,0.971319186406511,0.9529619161734572,0.0033927969769726642,0.004975053125706003,,,,0.516,6.132781801097869
BRA,2000,,,,,,,,,,
BRA,2001,1.676713304932613,1.0435178873051112,0.9653389249265677,0.008524238084158616,-0.0004663474512697073,,,,0.509,6.253971109143001
BRA,2002,1.6252815068963449,1.0055469069939358,0.9104353073211436,-0.02867648627170203,-0.05995163088176459,,,,0.498,6.308191333369812
BRA,2003,1.539218569637534,0.9655590270097965,0.8587563241519557,-0.038374566154450646,-0.08297951969485175,,,,0.481,6.3859361137412805
BRA,2004,1.548392954253349,0.9899987934804476,0.7940375864280617,-0.03397417111683977,-0.07910579196376896,,,,0.479,6.4558131543146065
BRA,2005,1.467202661637545,0.9340813342910697,0.7617493250567309,-0.0433225882183498,-0.07780592231890097,,,,0.465,6.535712857912283
BRA,2006,1.4423474020321856,0.9219815530243125,0.7491912649591473,-0.04662037088906349,-0.09786569312843679,,,,0.456,6.619370292877761
BRA,2007,1.3812228231164723,0.8960755133842895,0.70028429298258,-0.04370587795404652,-0.08333170976918546,,,,0.445,6.699803249944901
BRA,2008,1.3707851690135486,0.9099037071456227,0.6410255209834878,-0.03714887631625728,-0.08518554321715557,,,,0.445,6.800683299605433
BRA,2009,1.2418171843051768,0.8032159475176255,0.6656047965405867,-0.030984790834904123,-0.07845174564491272,,,,0.42,6.835746793670429
BRA,2011,1.3336261872787085,0.9448254956588658,0.6296528605741524,0.005083753980750359,-0.07791720125656157,,,,0.438,7.092137211743011
BRA,2012,1.68843522852291,0.6481930936793805,0.5744095922493414,-0.007627622681554987,-0.06412693204564478,1.4789362223519427,1.371264287945758,0.8225005133427724,0.426,7.188156661416456
BRA,2013,1.6002317206035261,0.6142495783076108,0.555518419631765,-0.012395022152250518,-0.08344029422382987,1.419449087134141,1.32877030245952,0.7776225926492728,0.41,7.253739277880707
BRA,2014,1.7552360559686995,0.7040132152281212,0.5794172249952304,0.002374612510610023,-0.07197691111954597,1.4909456701262407,1.3881544941478892,0.8545072074647267,0.423,7.363125485045559
BRA,2015,1.294450699201193,0.5162729372410834,0.558946057579635,-0.009981993842190808,-0.10514274148272641,1.4778588687957894,1.3603602629344647,0.8457220465003424,0.417,7.4446018035047565
BRA,2016,1.1903706427256635,0.8828452281040429,0.5877814842394603,-0.006086005950327963,-0.1123260039712664,1.4769338834918881,1.3898305110042477,0.8789549931684094,0.428,7.5625440944598
BRA,2017,1.1795165798005318,0.8821058948087157,0.5634546418203314,-0.014924662506516912,-0.12358244031401056,1.4961559526825656,1.3885664184872348,0.8822158943436659,0.431,7.6151061084377805
BRA,2018,1.1939519196703015,0.8936615619085676,0.5782269761296721,-0.02211825732093744,-0.13413073548378124,1.5373317944842262,1.4044102457912204,0.9059739707191956,0.44,7.666514154622447
BRA,2019,1.2313163560960179,0.9277125430050633,0.6184075280451088,-0.01398074631912293,-0.13227923594668436,1.5973489053709897,1.455753033795377,0.958792004097818,0.454,7.728022216489652
BRA,2020,1.234198176390976,0.9360845543808952,0.6411268420385113,-0.00711799939860358,-0.15431692107451647,1.6875905544982879,1.470030681460274,0.9680005388088602,0.461,7.8075747005568665
BRA,2021,1.1798274285514638,0.8757338108664007,0.6131520462563242,0.03519340638306065,-0.1030627334921382,1.5517894336240674,1.4224599857848488,0.9200963496275154,0.439,7.789150171937387
BRA,2022,1.160520413710756,0.8724371623851535,0.5403999891251562,0.020611960091422465,-0.07128835930093426,1.5135891051502541,1.3981800891561875,0.8961131177759932,0.438,7.868778429691646
BRA,2023,1.1779476249271414,0.899590669627058,0.519880466290716,0.014357782960258702,-0.08348802060371441,1.5686764498319326,1.4026876723977302,0.902975899955524,0.439,7.959071187230127
BRA,2024,1.210050555482406,0.9264526701461773,0.5475843169250135,0.024875108291543328,-0.07420507014333141,1.6514337562368466,1.4267865688274772,0.9312857750222301,0.448,8.056692743562298
BRB,2016,0.8424096842429928,0.698559319926935,0.4477971959217043,0.309953907589251,0.2926122012980923,1.228404419161887,1.0982089851329142,0.7275187154142329,0.364,7.89366124863316
BRN,2014,1.2589092237502744,0.9476494093497277,1.5065327794057994,-0.22082609427683111,0.3656778686968081,2.1919989163383753,1.770056150238899,1.385601920508873,0.495,7.495210222204036
BTN,2018,0.6087549218643139,0.4835412579849014,0.4187985510065353,0.006943145687165502,0.2153036006893988,0.8370598196220778,0.7717315994299548,0.48337779227627437,0.334,9.66420979204461
BTN,2019,0.6541083302149412,0.6091304195840821,0.30812028650478357,0.22026184995445605,0.25037583396609553,0.7997457117590221,0.8494260722225402,0.5248963463442448,0.337,9.872370190370805
BTN,2020,0.6353545139925109,0.5022745256053344,0.5047094939827221,0.10978266318146013,0.14124308811870503,0.8515589658918155,0.8292167490474079,0.5783437683696924,0.329,9.898215730871314
BTN,2021,0.6102929548304334,0.597970934754163,0.1756760131382099,0.12374859076918612,0.2671982522821282,1.0034110638418356,0.8918428646220491,0.5774271471446799,0.315,9.943459954254605
BTN,2022,0.5689901200088779,0.5480944131686475,0.40552962121469904,0.10820577967103935,0.24802868627876853,0.7362112574804132,0.7819387685009802,0.5044185303681079,0.308,10.006489889875816
BTN,2023,0.6720680577482133,0.7379960862431986,0.6358413938649589,0.2158612269691593,0.19236797239909248,0.8205213697975124,0.966797605416382,0.7500998155998644,0.344,10.167195452382716
BTN,2024,0.6657506851595102,0.5956528709567033,0.4217655109359153,0.23615928500660352,0.21986856124786092,0.840747160116599,0.9243949086713461,0.7030415670145218,0.327,10.247908719675868
BWA,1996,,,,,,,,,,
BWA,1997,,,,,,,,,,
BWA,1998,,,,,,,,,,
BWA,1999,,,,,,,,,,
BWA,2000,,,,,,,,,,
BWA,2001,,,,,,,,,,
BWA,2002,,,,,,,,,,
BWA,2003,,,,,,,,,,
BWA,2004,,,,,,,,,,
BWA,2005,,,,,,,,,,
BWA,2006,,,,,,,,,,
BWA,2007,,,,,,,,,,
BWA,2008,,,,,,,,,,
BWA,2009,,,,,,,,,,
BWA,2010,,,,,,,,,,
BWA,2011,,,,,,,,,,
BWA,2019,1.6850762217545012,1.4645828666957952,1.3739393956523627,-0.08528761134404494,0.14764012971617171,2.688993911056558,2.390494194206374,1.1024870442263484,0.617,8.541353174379752
BWA,2020,1.7361800938757517,1.4260989427593627,1.3284114467845982,-0.0499319014373193,0.11797671280030439,2.634090954289708,2.4587098340029736,1.2867656106215004,0.605,8.559918908705855
BWA,2021,1.667496388534657,1.433334736356494,1.3411451286880876,-0.11541744442247602,0.17195106302079266,2.530487192347536,2.3931752523342733,1.2352235564993164,0.589,8.614627477345396
BWA,2022,1.8047536461787126,1.3535918326427505,1.3037430440381563,-0.3604616283678628,-0.07449226716583433,2.6580702872875626,2.4243577555192837,1.2579824885409605,0.613,8.714153740060333
BWA,2023,1.891312865979307,1.4773869510064932,1.5464372816029024,-0.07591606925361558,0.06136066884898876,2.7890533842189855,2.5990659247666517,1.3437810265657206,0.628,8.778023510760468
BWA,2024,1.8482241696091046,1.4471038326277157,1.4061576634804394,-0.011368239479027957,0.268356580084988,2.5678875339284852,2.6684467502943696,1.4797655098684819,0.621,8.78655063878825
CAN,1996,,,,,,,,,,
CAN,1997,0.49251885268261403,0.30806244645356295,0.34913981809067063,-0.22490133448253624,-0.2277862600374526,,,,0.333,7.817792498342014
CAN,1998,0.4988958516317169,0.305222032192713,0.3152526923445392,-0.22557371716178046,-0.2171317194132216,,,,0.331,7.832070131321145
CAN,1999,0.5332221411973117,0.31103709184920697,0.3289937681385404,-0.21386657524453545,-0.20313241896269219,,,,0.332,7.858273509405519
CAN,2000,0.5682487767539511,0.3129831334978727,0.35339269072960217,-0.22161914680844108,-0.20281249704978624,,,,0.334,7.889376718131551
CAN,2001,0.5809059290959878,0.3132278629216323,0.3540896114356903,-0.22169105710399026,-0.19543377337047937,,,,0.334,7.920793339285822
CAN,2002,0.6004520774526694,0.3292057259433373,0.3515244722018253,-0.22411753854371008,-0.19641324727049012,,,,0.338,7.943273336357125
CAN,2003,0.5795224052280712,0.3340975652034921,0.316556386600635,-0.22619956001740762,-0.21165167319315728,,,,0.339,7.962279133007221
CAN,2004,0.5798221005000187,0.344081230997001,0.3337178607901996,-0.22318820487259977,-0.2085680553849755,,,,0.339,7.987959507493127
CAN,2005,0.5676479522277189,0.3218849807881544,0.3220474869745261,-0.21838514460495415,-0.20105403286215937,,,,0.339,8.021596680459467
CAN,2006,0.6275813310119839,0.36028280907999055,0.35319434155768636,-0.2327051689177426,-0.20201901410171333,,,,0.347,8.077953385655045
CAN,2007,0.6478727158353089,0.37701271166163713,0.39780998735413037,-0.23255561756637452,-0.18186106563819607,,,,0.349,8.116581287438041
CAN,2008,0.6478355902598073,0.37283634643376384,0.34462768013320283,-0.24616845842737695,-0.17882446584136755,,,,0.349,8.154371394224219
CAN,2009,0.6564748848332714,0.38019882380512887,0.38687137577290487,-0.24619778840998002,-0.1779775873440929,,,,0.349,8.182150572404618
CAN,2010,0.643086765038162,0.38266842870143125,0.34001023767488964,-0.25545522906856577,-0.19580928412081558,,,,0.348,8.201409542453572
CAN,2011,0.650995362987864,0.387515125126234,0.3622067316619905,-0.24420401128548247,-0.16901122257225001,,,,0.35,8.226251679424719
CAN,2012,0.5994947061172722,0.3882509713930753,0.3082896447477552,-0.24792296435466682,-0.14339463519964143,,,,0.35,8.255670752514154
CAN,2013,0.6236749227977654,0.3971565442060378,0.3819904135816961,-0.2529759694779548,-0.14430933840254476,,,,0.351,8.27710234246946
CAN,2014,0.6227866967011466,0.39736247728309443,0.3123345894271464,-0.2709331223346646,-0.14910983546989928,,,,0.35,8.294700428293448
CAN,2015,0.6333509357816369,0.39811531182731,0.3000440022378711,-0.25217507413715096,-0.12819284035611772,,,,0.349,8.320479036293165
CAN,2016,0.6574320007826202,0.4147193471185917,0.32261419938318864,-0.238263109641783,-0.107018663620876,,,,0.351,8.338433922135232
CAN,2017,0.6697364541399151,0.41373670193290507,0.30393861222694785,-0.23745254407255692,-0.10290606076440735,,,,0.349,8.353672348405997
CAN,2018,0.6568758723696164,0.3986736254548052,0.2424389526733947,-0.22672147090407602,-0.09978369975036756,,,,0.342,8.381279534881573
CAN,2019,0.6366761737672954,0.4030288479664995,0.23948226893767816,-0.22937984791373986,-0.10791020738443327,,,,0.337,8.406973556000946
CAN,2020,0.6087732234687601,0.4028767341898473,0.31022545836400905,-0.1894048187583058,-0.08498604376176164,,,,0.329,8.47029108374586
CAN,2021,0.6443136530415844,0.3978953602979181,0.30958819089549217,-0.18283375152545814,-0.05925408408014582,,,,0.33,8.49083381554737
CAN,2022,0.6869370262834019,0.39811892651269254,0.294251657729485,-0.1906613420169938,-0.06328895448985453,,,,0.331,8.53595684779646
CAN,2023,0.6844650843314734,0.4099013353440932,0.263860412973182,-0.20448185515231232,-0.06732277624684578,,,,0.333,8.58377537285679
CAN,2024,0.6838784049362764,0.41396057198963826,0.22947399351326447,-0.19512753237103467,-0.04662134102907873,,,,0.334,8.628873733566879
CHE,1996,1.0906385871074555,0.47394696965909344,0.13845440119721492,-0.05745731286158938,-0.005936400023589725,1.33204856008272,0.9425832933342123,0.38919515192187104,0.359,8.484276327190496
CHE,1997,1.0453329406460594,0.48429704408172425,-0.014178310541313929,-0.09579015685496295,-0.05464918386993001,1.2645483098455266,0.9358595204724753,0.3650542853687228,0.351,8.463504187501648
CHE,1998,1.061884411706217,0.48231509245781223,0.13691346089425577,-0.10729557268593777,-0.06927525656034164,1.2856267171366222,0.975619163464837,0.39054890064949943,0.354,8.472699046129087
CHE,1999,0.9913126572617276,0.4595952902930014,0.26186398550079754,-0.10983185583455465,-0.07002258504688828,1.3615601635788521,0.99696030352615,0.35495080838654425,0.352,8.484869360002383
CHE,2000,1.0023397137795065,0.46766231227422145,0.21816146379534287,-0.11115769062694034,-0.0683959860051984,1.2223635933452754,0.8566240764065848,0.3312728707476065,0.353,8.49895426889624
CHE,2001,1.0344587408171482,0.48427414388014384,0.18005947616523996,-0.09576171924261484,-0.076506723310407,1.2554058093865852,0.9108303426069709,0.3780319649108687,0.351,8.528500027542542
CHE,2002,1.0599900663725472,0.49243868758460874,0.19425779880761618,-0.1155220695463921,-0.08689635603082575,1.1641191400644022,0.864187658271862,0.36501478127670367,0.358,8.542510389400341
CHE,2003,1.0466497708431497,0.48272053579423874,0.24909912491539044,-0.1004615481143532,-0.06722886873265797,1.189592784915696,0.8677049371516419,0.35405406900902925,0.358,8.559965666511925
CHE,2004,1.0560374156408263,0.49056838577969347,0.15860897582367353,-0.08380771346717493,-0.03999766002976872,1.2667082638435132,0.922782599964305,0.3772619542765897,0.354,8.57005201971583
CHE,2005,1.0633562468653306,0.49017012302666374,0.24110376642254414,-0.10704249826229778,-0.07335241150364159,1.2327342279321865,0.9007120016457963,0.39530738720229336,0.355,8.578565768738319
CHE,2006,1.0618651364662206,0.5048942351209259,0.30219734327861164,-0.09083169541017078,-0.0640515167356887,1.2799243453563496,0.9272617608117905,0.39895154421505785,0.361,8.587168966361949
CHE,2007,1.0873299805787873,0.5051510041586241,0.17783440454116192,-0.10498778239365554,-0.06629181653914354,1.3032274906761103,0.9332981060142254,0.39780524579061216,0.372,8.617502672047355
CHE,2008,1.09321158765358,0.49245095288541924,0.1679710066025356,-0.08232941724020067,-0.028158738482875954,1.3045065523971378,0.9390287896421061,0.4080662740378441,0.378,8.63077630863841
CHE,2009,1.095978651251287,0.4895202172164413,0.21983999383590797,-0.09346071760908749,-0.07399320161714282,1.281729204387787,0.9374899155661458,0.4204873996921183,0.368,8.63440913297182
CHE,2010,0.9928577357428777,0.4934695955528617,0.18757782765351744,-0.07024857818578524,-0.04592780308556856,1.2283243618060804,0.8999102412984517,0.41249369055451013,0.358,8.625986787304601
CHE,2011,0.9605326218621314,0.4899179800926773,0.18575993562670803,-0.07266142980997572,-0.04791132510710182,1.2193963326266821,0.8800514904968773,0.40803261889753406,0.359,8.636505013438562
CHE,2012,0.9676677250099815,0.5001658849943877,0.25110898955872296,-0.09879250592999272,-0.07823295112227009,1.204141152349263,0.8635133001539941,0.3990287092709883,0.356,8.642525967040632
CHE,2013,0.954099840832879,0.49450051688836527,0.2199515717547684,-0.0827440854078018,-0.05059544771291822,1.2140914065808308,0.8870207602498406,0.39308171728993097,0.357,8.652704198310815
CHE,2014,0.9701811484048461,0.4443722227651247,0.15825522943799109,-0.07978358833662243,-0.045341319550322695,1.1740051122018962,0.8401079790624052,0.3897403747402807,0.353,8.654453747060915
CHE,2015,0.9853865121877301,0.463524192301694,0.19563106423313004,-0.09384698568412805,-0.05172022952258178,1.2121649219841697,0.8657460712684018,0.37802958208528564,0.352,8.66454417706089
CHE,2016,1.0026812888281562,0.4703832020568564,0.2953788267621373,-0.09897781114900811,-0.06124667732164368,1.243666094797776,0.8988417125648555,0.3871367197392684,0.35,8.662637739767458
CHE,2017,0.9873652962783052,0.45626567488736647,0.2650303235282956,-0.08800813903836335,-0.03991502977915475,1.2048484081196522,0.8697191248621331,0.3782509982034086,0.347,8.667466822335811
CHE,2018,0.9800900231064593,0.4521716830947401,0.2275600413997003,-0.08872674736163322,-0.035817921265993986,1.2280174333086145,0.8930646020847883,0.3722360100356664,0.35,8.678786052244758
CHE,2019,0.9824373023281473,0.46017353764322516,0.46039720757670277,-0.07975243087674447,-0.01902190668716516,1.2376034935207259,0.9058570312174917,0.37868881058881515,0.351,8.688487841390357
CHE,2020,0.9571225558948191,0.46148939815584805,0.5533660273624963,-0.09025532115060302,-0.03984077882462636,1.231499478639952,0.8940118118757259,0.36256858397150554,0.345,8.701052065931535
CHE,2021,0.9260346281525088,0.45707759461199726,0.3904799657578091,-0.08251336924802553,-0.027072004972175493,1.189348406991867,0.8151184936149359,0.36131047208305234,0.348,8.715019755258641
CHE,2022,0.9103602370498056,0.4687913288891476,0.35576539296106685,-0.08529807132195301,-0.036044483977721566,1.1612332755342,0.7909419533791304,0.4033397297862754,0.349,8.722188902318916
CHE,2023,0.9140797862397494,0.48309379513231493,0.41202259292792687,-0.07944228023731824,-0.033594658692414354,1.176022078190247,0.8115249150323721,0.4036688058408211,0.348,8.746373365603947
CHE,2024,0.8963620464776741,0.48214326180525086,0.479483817781805,-0.07670450298372014,-0.02005201119859974,1.1223803938274521,0.7815813196901398,0.4067364191440183,0.342,8.76010689891121
CHL,1996,,,0.6527593632258327,-0.04751810952542355,0.09510520575955336,,,,0.443,
CHL,1997,,,,,,,,,,
CHL,1998,1.3788111796040008,0.9209846613296239,0.6838329421991859,-0.01779306039149141,0.09306958560033482,,,,0.439,12.171287061833997
CHL,1999,,,,,,,,,,
CHL,2000,1.3880445158169703,0.9107951923478658,0.5763709653055814,-0.04706270110766069,0.028344698400677097,,,,0.43,12.262854713005156
CHL,2001,,,,,,,,,,
CHL,2002,,,,,,,,,,
CHL,2003,1.3800695103741745,0.9701688097077162,0.5800535162684934,-0.016239054370472343,0.04115824145184888,,,,0.428,12.325536849453155
CHL,2004,,,,,,,,,,
CHL,2005,,,,,,,,,,
CHL,2006,1.1470458720742553,0.8601183718821392,0.5251134129676589,-0.0053533066077712365,0.05097474817303269,,,,0.438,12.555326364170394
CHL,2009,1.1083942184659776,0.8052919330707391,0.5371389263458017,0.009686731464172555,0.07050409665409624,,,,0.41,12.804296049372505
CHL,2010,1.3998107230112609,0.9785843940102376,0.5240374987414337,-0.10694123609140495,0.010977630217083525,,,,0.456,12.831987749921401
CHL,2011,1.293001204613148,0.9032895209558855,0.5502049622717489,-0.07056022677249382,0.0371991686493982,1.8384452666291515,1.4339814340650243,0.9834237465239808,0.433,12.935038325580079
CHL,2012,1.3859684999869515,0.9954932055171365,0.5519064946660693,-0.0753585069117334,0.09347084857724096,,,,0.447,13.018054164489621
CHL,2013,1.2572954210873284,0.9056437098659263,0.6051373986421447,0.010139615098343354,0.1079307016890812,1.7552084969741526,1.4737357023497732,1.0140163189528362,0.432,13.030629287760675
CHL,2014,1.294856837398252,0.964261052807099,0.5010195363537211,-0.06219236428229873,0.07745337599565277,,,,0.428,13.131369510167493
CHL,2015,1.3036897570422639,0.9451528785478954,0.48503434676562185,-0.03600071102308104,0.07697399601322188,1.7572399845357984,1.3038928708353046,0.8949646000449052,0.41,13.144795943378094
CHL,2016,1.2245951842796827,0.8631423593900678,0.46191536248449516,-0.06298933852048254,0.03748970650484451,,,,0.418,13.221506355371861
CHL,2017,1.2896768154639897,0.9538087635804576,0.5030024732136457,0.01948860755308682,0.06871236341259751,1.850523779130373,1.3619099180647933,0.9721408906352244,0.416,13.270200750756707
CHL,2018,1.2428073156184696,0.8980538340345021,0.4861945730512122,-0.12540865178284694,-0.056363041338681696,1.7206370450342365,1.234634163513755,0.7117803942731907,0.42,13.320780027140307
CHL,2019,,,,,,,,,,
CHL,2020,1.3222516087496246,0.9283734813623985,0.5237582183104615,0.00757463678577882,0.08626851237413413,1.8793579085206937,1.438421596189272,1.0437256340501504,0.44,13.508548608038813
CHL,2021,1.0894443261886633,0.81470892397768,0.4511774783559208,0.013075877877387315,0.07579603887574268,1.6867111502392973,1.2414249825244597,0.8068812636397337,0.399,13.515663562632948
CHL,2022,1.3189271245175973,0.7315091204477832,0.43343809616702855,-0.011914937450583217,0.05571915055945709,1.5288524071627811,1.2046230945803003,0.826767230586343,0.378,13.542081680407687
CHL,2023,1.040650882785523,0.8046573639961992,0.33709439094408306,-0.06004551363109949,0.03859530847344836,1.623596886394104,1.18149573437981,0.7243342618180526,0.392,13.717015038648375
CHL,2024,0.9944349242370841,0.7645719065262923,0.4336214849318976,-0.029965878203984674,0.08195576473580998,1.5524453774351166,1.1100880590784894,0.70624630503031,0.382,13.781309929155691
CHN,1996,,,,,,,,,,
CHN,1997,,,,,,,,,,
CHN,1998,,,,,,,,,,
CHN,1999,,,,,,,,,,
CHN,2000,,,,,,,,,,
CHN,2001,,,,,,,,,,
CHN,2002,,,,,,,,,,
CHN,2003,,,,,,,,,,
CHN,2004,,,,,,,,,,
CHN,2005,,,,,,,,,,
CHN,2006,,,,,,,,,,
CHN,2007,,,,,,,,,,
CHN,2008,,,,,,,,,,
CHN,2009,,,,,,,,,,
CHN,2010,,,,,,,,,,
CHN,2011,,,,,,,,,,
CHN,2012,,,,,,,,,,
CHN,2013,,,,,,,,,,
CHN,2014,,,,,,,,,,
CHN,2015,,,,,,,,,,
CHN,2016,,,,,,,,,,
CHN,2017,,,,,,,,,,
CHN,2018,,,,,,,,,,
CHN,2019,,,,,,,,,,
CHN,2020,,,,,,,,,,
CHN,2021,,,,,,,,,,
CHN,2022,,,,,,,,,,
CIV,2012,1.2437815435907724,0.6716705919706453,0.42878228245486366,0.29666767598512483,0.22502589387956065,,,,0.555,11.250737712923504
CIV,2013,0.7518607034410429,0.448279447969059,0.3822874889271596,0.12169871433054825,0.15182462356953613,,,,0.623,11.64665823356725
CIV,2017,1.413422972463362,0.8175293347850828,0.8012830042011069,0.06536327151561591,0.006010277280200284,2.1329304927565134,1.8132669011889788,1.3398450499637755,0.568,11.611535430850836
CIV,2019,0.8685287957141997,0.3932658298504859,0.5985627925637762,0.13654518753928066,0.09973329043169432,0.04081548642311592,0.8813716544765626,0.7429447912759077,0.417,11.813996086960039
CIV,2022,1.0030271118682523,0.5671714827768309,0.6411712549436404,0.10014191568719788,0.03443516922681615,1.6112956526916455,1.3939684358425495,0.9726984242671967,0.448,11.767199080534418
CMR,2014,0.9416908884034478,0.7514404225778105,0.055900542375482455,0.342674487891588,0.5381640324988949,1.4222167883436698,1.2816340688224939,0.9893562555173288,0.61,11.800056245488532
COD,2005,1.0314309721568085,1.1603735666622856,0.22431552651884473,-0.8552129158361652,0.33971011688225855,,,,0.689,9.524314046246097
COD,2012,1.0101981551944461,0.7287245028426519,0.8453071424137486,-0.5167758383196046,-0.5576371586766055,0.6650675749656906,0.40895722256581085,0.07591882392678082,0.507,11.38296687086465
COD,2016,1.5735517207944336,0.918472481736815,1.5076488456597217,-0.441209795807817,-0.17928158267765631,1.0936431761881555,1.1366146813016373,0.43876589167376845,0.601,11.89211426827592
COG,2009,0.4774036559896637,0.26381752456445573,0.3409067645622597,-0.2754212463643525,-0.2965254386097081,1.2528260187673297,0.7242977378884004,0.3259865225917093,0.364,11.523817550253256
COK,2019,0.45002981487408533,0.20520062275236517,0.04633552345909656,-0.20259898865655515,-0.09926704426092868,0.637473945957872,0.3739646669654456,0.11962034596991439,0.273,7.333590173782618
COK,2023,-0.5464432120893407,-0.4110167899666967,1.9314908082293654,-0.4435837675463794,-0.7208503340181848,0.35302328272127204,0.04024689853642991,-0.512270560235829,0.643,9.222775336341753
COL,1996,,,,,,,,,,
COL,1997,,,,,,,,,,
COL,1998,,,,,,,,,,
COL,1999,,,,,,,,,,
COL,2002,1.2811681206613579,0.9257230912087173,0.7066049330358761,0.1116691184085798,-0.01758976896531222,1.137946509084922,0.9235947427987655,0.6361442430988458,0.445,13.003998427218523
COL,2003,1.2121755774186727,0.9001019278588239,0.6602164708119111,0.09544158345480185,-0.05809022338933478,1.0707406851083774,0.8983386126722264,0.612157622889357,0.438,13.056317542706893
COL,2004,1.182859567914239,0.8961978291613245,0.6727759479263861,0.0772269564760322,-0.05862652965359731,1.1257408787145742,0.9143995498983376,0.6141536036330975,0.432,13.148072941991979
COL,2005,1.1728687511270346,0.8687848304358322,0.6970231450549452,0.10057124824198688,-0.02102438365619206,1.081101369514084,0.8395035256464016,0.5640754756218878,0.429,13.240309318901947
COL,2007,1.1919218836194097,0.8377187289050081,0.8545265240082183,0.10703245210024363,-0.015405554862344252,0.9218121612769966,0.7762926563364769,0.44321019236576764,,13.545622259812625
COL,2008,1.0499549601716176,0.7819676879279408,0.7005845584989462,0.06613824036977028,-0.05801860422612874,0.9999425705104276,0.7924423696858726,0.5273156184493123,,13.555178631697729
COL,2009,0.9845585809295722,0.7405794059299704,0.6095708409653423,0.09514156351650734,-0.024652156028774835,0.9558565739020368,0.7293588086499165,0.46344250991627545,,13.534040570496384
COL,2010,0.9517460395309807,0.7429159685445094,0.5786680794465312,0.08030620087635641,-0.010915711609618357,0.9423990081692871,0.7532537758495224,0.506251776228583,0.402,13.59562175296215
COL,2011,0.9050956581003828,0.714931360502446,0.534822663299035,0.05326158209516771,-0.03436215087679964,0.9238323907755274,0.7409182516411373,0.5080615177496064,0.393,13.636427090894522
COL,2012,0.8748288458329743,0.6762583127839444,0.5446923048388527,0.07448742978455986,-0.007530623217334231,0.8573063284081708,0.7261336104940139,0.5043561282936891,0.392,13.68696687856364
COL,2013,0.8557994122218197,0.6737542598251818,0.5359169122181576,0.057139698743507286,-0.02341904877811933,0.8780003510498554,0.7011427854159421,0.48989678506191586,0.389,13.737699297093759
COL,2014,0.8127930264243078,0.6508904585289207,0.5149200365955777,0.03885634613175648,-0.03410502240822704,0.8280297659864183,0.684095751980446,0.45749369892059505,0.376,13.774252081741405
COL,2015,0.7644361847380435,0.6029658259181785,0.487353490261679,0.05072885237817877,0.0011811098770302666,0.8210542797480626,0.6242189719781468,0.39636840783958105,0.358,13.792579323436396
COL,2016,0.7435828487294018,0.5884354567429281,0.4352505657656551,0.06853778186014926,-0.017702648952003394,0.7990473985453592,0.5957346241795551,0.4076287437803973,0.348,13.851268209520335
COL,2017,0.7404499475477959,0.59262760694843,0.42563936444531564,0.07197566482969306,-0.013623094421023796,0.8034309156133378,0.6001347585198458,0.42650536137624867,0.338,13.900943326356744
COL,2018,0.7362482811571676,0.6040029581951333,0.4270750635974229,0.06527539002028925,-0.0014066949070759144,0.7669324645047904,0.5945757313674642,0.4144737699416711,0.339,13.95278439191107
COL,2019,0.8060714760991008,0.6593242630048856,0.48244493098528635,0.07444573624475867,0.003697726411191628,0.8479359049045649,0.6673751970233585,0.47659228017011773,0.358,14.02794631856101
COL,2021,0.7957700299093193,0.6561641083869972,0.4770942475194338,0.1259464807070984,0.0006483763566263929,0.8292020210935562,0.6455382164101887,0.4946831032842467,0.345,14.04973561951289
COL,2022,0.9848998251079183,0.8016109058167519,0.5901520415947973,0.133628684178965,0.04384083102395685,1.2047671894420524,1.24131529539113,0.989725668818989,0.382,14.269389868148407
COL,2023,0.9268014939245345,0.7364393653948497,0.5199784412766827,0.11024504230501543,0.050954618819983845,1.1207545124970337,1.172145210954996,0.9194235626311132,0.358,14.360304123782056
COL,2024,0.9529965708927155,0.7666682530434199,0.5697882640633195,0.11941625251041761,0.03987204357354768,1.180150961381893,1.222425606546608,0.9771765758342786,0.368,14.471239643118878
COM,2004,0.5623034848771074,0.7649330678712076,0.04655173218078054,0.3717161904737206,0.47564899455940124,0.23732155731125382,0.027901224177183305,0.2617139983567417,0.548,11.626609462146492
COM,2014,0.3299379257996504,0.1599118636911936,0.1299713736153935,0.1273531398513116,0.09437381686819103,0.5060359972318637,0.44364855727840957,0.1406530914012649,0.38,11.343040804367789
COM,2021,0.43997222195819913,0.16980500384465197,-0.055946458250461156,0.038746036165447556,0.5677935448114879,0.7787633980973443,0.3642564280720965,0.3331084552391579,0.413,11.565092672884091
CPV,2015,1.07088244226572,0.9002982378413084,0.9365692275886344,0.5987458666295931,0.8648152234122923,1.665530789508328,1.1498562895609048,0.7839981465078764,0.444,10.379504409783193
CRI,1996,,,,,,,,,,
CRI,1997,,,,,,,,,,
CRI,1998,,,,,,,,,,
CRI,1999,,,,,,,,,,
CRI,2000,,,,,,,,,,
CRI,2001,0.6434500880947599,0.23525292831563172,,,,,,,0.678,12.798535266645032
CRI,2002,1.0919675505868232,0.6672958748110653,0.6336876813907961,0.04737652010713508,-0.017803910619983213,,,,0.419,11.850311012967035
CRI,2003,1.0762536519404602,0.6598162705894771,0.653309118212674,0.02896546005008896,-0.05935938595601998,,,,0.415,11.935012382226091
CRI,2004,1.0686025917273796,0.6775525214408867,,,,,,,0.402,12.025603535896025
CRI,2005,1.0850035661462265,0.6197776755887461,,,,,,,0.41,12.112205510535679
CRI,2006,1.0372248541907547,0.6363318583493349,0.5938046735716432,0.09651632976137854,-0.0037235150636395838,,,,0.404,12.244969508172616
CRI,2007,1.0475987826208364,0.6685113358204594,0.5971418004150276,0.07173139914498473,0.014031637794480212,,,,0.404,12.369938955403194
CRI,2008,,,,,,,,,,
CRI,2010,1.0878425799173377,0.631720886965985,0.5625725440755792,0.10254569877667513,0.0551181287913263,,,,0.43,12.833734560931825
CRI,2011,,,,,,2.064693798241211,1.623792607695072,1.1443901023333163,,
CRI,2012,1.1586240950558737,0.7119083181923263,0.6441881501849852,0.11378573863709575,-0.017192868138575502,1.9249690405413233,1.5181381909202072,1.0799712516347437,0.431,12.983390525715208
CRI,2013,1.177506383049253,0.7662226844200708,0.6328349083484902,0.08969415731877796,-0.003907506465503014,1.9697057754125236,1.6125732375411261,1.1435151045454885,0.446,13.06767443590608
CRI,2014,1.1624808850128512,0.7682884840361628,0.6530377855570815,0.1051198525331272,0.027722110977001706,2.0848890401155074,1.5190863820413256,1.062130183082275,0.434,13.095977571621058
CRI,2015,1.2263485507753158,0.811605331635341,0.6710676444441989,0.08599731966098915,-0.05618581089438911,2.177679546679711,1.6081921956132779,1.1232384889138889,0.446,13.119634447259235
CRI,2016,1.2616710842382683,0.8603317772542168,0.7027079973391284,0.13725942177248845,-0.006695444562053142,2.2334098746896265,1.6658725934068588,1.1226629339392897,0.463,13.12943352689058
CRI,2017,0.9063132759475827,0.5178612441406327,0.5668191231676721,0.06822286119187151,0.05544508254491624,1.508069702480577,1.1766054812866789,0.8539905041005023,0.476,13.312401739586154
CRI,2018,1.0125628058871174,0.6062063506778006,0.5681758233425275,0.1321107513469132,0.08241436624353793,1.897997330661803,1.3846315676112064,0.8737123502724367,0.469,13.28925261278829
CRI,2019,1.0823102340457729,0.6997288224144583,0.6218792024850192,0.12835922521366702,0.11909966788230152,1.9659832346835808,1.4115792947197452,0.9653931240974861,0.508,13.40739554646132
CRI,2020,0.9750888213703306,0.6005037877910769,0.6194549143374036,0.13761453061936668,0.024393913170367622,1.7515190850737317,1.3412172439905714,0.851472624547986,0.52,13.455103215856724
CRI,2021,1.0552695990214047,0.7525716044482004,0.5597727089216701,0.14851870224795094,0.0741447245557343,2.0208574967044926,1.3713848166836669,1.0577794982817657,0.472,13.35189180593896
CRI,2022,1.0304946595105278,0.7041373513137639,0.5529006457395991,0.1110063957971383,0.059994501833941206,1.901314587365247,1.3686409324125361,0.933196071325196,0.44,13.329860803984824
CRI,2023,0.9859724696406785,0.734873714125238,0.43385337352471237,0.12233028182337104,0.03482892617420417,1.6065545513079404,1.297713673692807,0.9564097332641337,0.384,13.269064210765737
CRI,2024,0.9956023051778425,0.7601923937141302,0.4399327640696871,0.14145149961062867,0.03491373969752505,1.6940229838739274,1.266556256444223,1.0016473277780935,0.378,13.312513947340246
CUB,1996,,,,,,,,,,
CUB,1997,,,,,,,,,,
CUB,1998,,,,,,,,,,
CUB,1999,,,,,,,,,,
CUB,2000,,,,,,,,,,
CUB,2001,,,,,,,,,,
CUB,2002,,,,,,,,,,
CUB,2003,,,,,,,,,,
CUB,2004,,,,,,,,,,
CUB,2005,,,,,,,,,,
CUB,2006,,,,,,,,,,
CUB,2007,,,,,,,,,,
CUB,2008,,,,,,,,,,
CUB,2009,,,,,,,,,,
CUB,2010,,,,,,,,,,
CUW,2018,,,,,,1.2874695256075954,1.105835300292559,0.6026101226454145,,
CYP,1996,,,,,,,,,,
CYP,1997,,,,,,,,,,
CYP,1998,,,,,,,,,,
CYP,1999,,,,,,,,,,
CYP,2000,,,,,,,,,,
CYP,2001,,,,,,,,,,
CYP,2002,,,,,,,,,,
CYP,2003,,,,,,,,,,
CYP,2004,,,,,,,,,,
CYP,2005,0.5665018052992616,0.3616272794199654,0.3933682487438393,0.08289459665698913,0.006438159299369505,,,,0.326,7.339194129902299
CYP,2006,0.5674021522320281,0.394718795878277,0.3125157600508472,0.04292544748216291,-0.03843390273694069,,,,0.331,7.41141972259532
CYP,2007,0.5367707685823443,0.35980831148750136,0.2397108078651517,0.026247823385900735,-0.03582636546292696,,,,0.331,7.621622313116422
CYP,2008,0.5147733647044463,0.3735722464064664,0.02547831955505914,0.04842377387363769,0.03677483167747197,,,,0.333,7.600113148117763
CYP,2009,0.5191018918022116,0.401162808580844,0.05530346472897022,0.04105520469748089,0.04547668107939332,,,,0.335,7.63398078913009
CYP,2010,0.5496514889230936,0.3977727957060535,0.18998619673176992,0.046731167183685876,0.052767038650956756,,,,0.343,7.663641550175225
CYP,2011,0.5523304056093957,0.3908222308891729,0.21611410304800815,0.021765299125222216,-0.00966827618938827,1.7484302517964798,1.150569181833095,0.515493533784578,0.347,7.7086252827529815
CYP,2012,0.6131154866174952,0.3976937037185031,0.21230988131844566,-0.017552720086833028,-0.05176500210035684,1.8026123363098212,1.1766213802209673,0.5635662958666937,0.365,7.75233043617466
CYP,2013,0.6294249198701101,0.3981032511831604,0.4107378669500864,-0.03082917743166713,-0.055539359506640115,1.7266516743587605,1.1893379482705664,0.528980200659926,0.363,7.7324007868892455
CYP,2014,0.665956920267765,0.42175015544668604,0.4737750941215112,0.0619251485470015,0.013382448890149914,1.6505109923358465,1.1564202351417892,0.5769313056958589,0.369,7.661527551946642
CYP,2015,0.6763896360465734,0.4911846274035682,0.503667138764396,-0.006208706294742678,-0.10380814907241284,1.6522506268832795,1.1187483871511161,0.6350273087323822,0.387,7.642795080737011
CYP,2016,0.6749596611968676,0.4802440198202097,0.29048048838170903,0.01875564978080475,-0.040550651689757154,1.6616709982129827,1.0474867975125248,0.5772219327502356,0.38,7.635951502597634
CYP,2017,0.6366141533315207,0.4564267319649264,0.3876712803672535,0.12549648562547075,0.08663766328601749,1.5591594925860572,1.006275911770473,0.5974618274846124,0.369,7.619707039935495
CYP,2018,0.5779404025204259,0.4238454634419534,0.45000251381245654,0.0651646353008562,0.013571755095781974,1.5109985501344239,0.9249434358956766,0.5904594573258427,0.36,7.6094646987287495
CYP,2019,0.6518242668532965,0.4878941803838156,0.6832591336318979,0.08576007606524239,0.08436083747755516,1.596832949320751,1.0861882131553777,0.6597291931516954,0.378,7.648887537812054
CYP,2020,0.6430745125070316,0.45997074027124907,0.6918288129313603,0.11480295734323138,0.04644459662620926,1.5286845936711708,1.07613391785522,0.6161399578967955,0.364,7.7153760249379815
CYP,2021,0.6680782280715473,0.48108983792211435,0.5234459676754544,0.11209163703235092,0.061888669257782844,1.5936048765552817,1.12681425699378,0.5996050744741378,0.372,7.736000499333822
CYP,2022,0.667698399107179,0.4531256558935968,0.173618315089673,0.09471932929380002,0.08078893575107918,1.6795885043708074,1.122676651613106,0.6009953951496646,0.366,7.803586127614737
CYP,2023,0.6807251574151068,0.447869787236839,0.0452183346246689,0.031371755595464845,0.008979835528554489,1.7368087421651386,1.0549503636809516,0.5118580786065466,0.361,7.834366966089066
CYP,2024,0.7323767025538561,0.472045135597216,0.027617488737486255,0.06280464728612209,0.045124781758571354,1.6961951026412783,1.0992932421001518,0.5385656712280439,0.367,7.900154837108599
CZE,1996,,,,,,,,,,
CZE,1997,,,,,,,,,,
CZE,1998,,,,,,,,,,
CZE,1999,,,,,,,,,,
CZE,2000,,,,,,,,,,
CZE,2001,,,,,,,,,,
CZE,2002,,,,,,,,,,
CZE,2003,,,,,,,,,,
CZE,2004,,,,,,,,,,
CZE,2005,0.9024106656330496,0.5013742761000817,0.26341458867525813,0.06627846370291791,0.08222351272216477,,,,0.27,6.248640374886349
CZE,2006,0.9232970181021981,0.5254889487961713,0.2512535174113425,0.056965562734672875,0.08777972751651054,,,,0.278,6.384241162349942
CZE,2007,0.8474821500396946,0.520134522935865,0.26324249629338253,0.04389187525541112,0.06532031617829026,,,,0.272,6.809960515153627
CZE,2008,0.8077501236180247,0.4792406543213684,0.22199902301626465,0.036755741385270865,0.054112271339753513,,,,0.264,6.906902915823848
CZE,2009,0.8070971571029323,0.4572747764371971,0.19010891221635115,0.046218622822705537,0.0665425429388489,,,,0.263,7.078182207668089
CZE,2010,0.8120664863451668,0.46096990141892535,0.181218249771595,0.05404654835521572,0.0745260471316425,,,,0.261,7.015519403656011
CZE,2011,0.8604483867559005,0.500885674613878,0.22308416244984663,0.050162301391983403,0.07710055312342388,1.1850759976133836,0.8263383284157254,0.42198264524033946,0.277,7.095371958503224
CZE,2012,0.8489384475655252,0.4909647580148659,0.24076467966812304,0.03641667787314595,0.0753486225451152,1.1635768100683073,0.8105410824753263,0.4420485863023597,0.277,7.152295480580217
CZE,2013,0.7893047173417236,0.4656214856743814,0.24723990311810823,0.049795801894888095,0.07547932197295815,1.1909780545501385,0.9152315292316424,0.46136151547860904,0.275,7.1291893700013205
CZE,2014,0.6919172863356198,0.45069777548865675,0.23928049001551183,0.0429057734005849,0.09422243500977558,1.204557300717604,0.8985339441416296,0.4484127732707867,0.279,7.115107602568
CZE,2015,0.7528100935124422,0.45383814868285194,0.22351683025806734,0.033959314999361175,0.08599251695482933,1.175722056955998,0.9100276658976391,0.4289314150200847,0.281,7.098680550778027
CZE,2016,0.8023750248177727,0.4285703358367909,0.12541098622027425,0.016993214212394712,0.07195128853172769,1.1862809294577963,0.8601298737170773,0.4166689450639561,0.279,7.147468000305275
CZE,2017,0.7238609422515221,0.41305211031432787,0.07782160987649801,0.026366481712609496,0.08840038898059929,1.1180144620781225,0.7871143119332161,0.38842532473210883,0.274,7.199827699735211
CZE,2018,0.767837002509529,0.41049472541065035,0.15516776097280705,0.015246757298656452,0.06019401226138124,1.0780341642017652,0.742828953885222,0.3445066511265997,0.265,7.298097950595183
CZE,2019,0.7188925748940609,0.40604338567945547,0.1916736951042008,0.014980812785660642,0.06064369755207443,1.0009309043329229,0.6862267055379038,0.34329699115835804,0.261,7.417362961358534
CZE,2020,0.7222928042191299,0.3952088444750182,0.2898762737367121,0.0431882934246204,0.08026187928481811,1.0292060325988213,0.7209631388330391,0.3387557368107909,0.258,7.5042390144872435
CZE,2021,0.7113203653619492,0.42448212870724217,0.22699094220453353,0.09800033257562925,0.12136782305213528,1.08289654419732,0.7700416967738742,0.40644590584549245,0.262,7.516651451045606
CZE,2022,0.6758065846282761,0.4114330109948478,0.12055570917522354,0.05011417092431926,0.07671411087785979,1.0499317139366033,0.745894210875112,0.370477534714151,0.256,7.586132924958276
CZE,2023,0.5978338106322424,0.38130773999140744,0.17382974575516674,0.03790096338360414,0.07226854262284094,0.9449841173119131,0.674636759037049,0.3543284158318334,0.249,7.693111472057693
CZE,2024,0.5707611799358643,0.35945353209876935,0.17513837697365858,0.02346760731032614,0.06675441213714575,0.9409228846131281,0.6696778257892398,0.33613473614281975,0.248,7.774121883994119
DEU,1998,,,,,,,,,,
DEU,1999,,,,,,,,,,
DEU,2000,,,,,,,,,,
DEU,2001,,,,,,,,,,
DEU,2002,,,,,,,,,,
DEU,2003,,,,,,,,,,
DEU,2004,,,,,,,,,,
DEU,2005,0.9430804551080616,0.43258785414210066,0.25854985598977354,-0.16266881249655513,-0.2203228026856331,,,,0.343,7.848997321688705
DEU,2006,1.098041994624247,0.462503846944539,0.22595100436752583,-0.20494518228318073,-0.2662239691521534,,,,0.4,7.64236776709213
DEU,2007,1.0181534578068634,0.43700148688209434,0.3748459066642543,-0.17557739961442698,-0.226995151526678,,,,0.366,7.767845961168093
DEU,2008,0.9722165637363698,0.4497235098870449,0.32628068552106165,-0.20188019339547042,-0.2315937746180796,,,,0.37,7.785685151922394
DEU,2009,1.0013009516229423,0.49824386876811283,0.31937013212716825,-0.20997556762307562,-0.2565512890697988,,,,0.365,7.810649882054463
DEU,2010,0.9674815228052825,0.4986006640555165,0.38373060819164734,-0.18645726543510283,-0.22538582167687585,,,,0.365,7.803915137693332
DEU,2011,0.9921656515292533,0.46083034697021874,0.5003413746899571,-0.18654093214655568,-0.23160715674800267,1.2643358322334162,0.9875561905753555,0.44438507948396105,0.362,7.818606443196826
DEU,2012,0.9665514436086358,0.461117301672376,0.45601295220076726,-0.19358750416642295,-0.19727678211849492,1.3138732579479606,0.9660568776560537,0.4422006827311329,0.367,7.846770248442648
DEU,2013,0.9171910656347405,0.4664626751138568,0.36481838187490523,-0.18349188670456645,-0.18558795624365815,1.253724677727953,0.9300754522024397,0.37994623036962943,0.369,7.876195098947927
DEU,2014,1.05518357368932,0.48406093788318777,0.3664188565744696,-0.17217240450543675,-0.20928630413966914,1.40082439153942,1.0310514645409903,0.3899121983418812,0.366,7.8919584588959735
DEU,2015,1.0237017899965066,0.520911904390115,0.22061314193299209,-0.2225252965760972,-0.2522267765318633,1.3675187492244527,0.9338046644957378,0.41632112466134075,0.369,7.929549876239055
DEU,2016,0.9927489138343945,0.5034399884947127,0.29935986340913395,-0.18748309347166142,-0.22849042602203345,1.2931562687456462,0.9489330351504333,0.44197588360738904,0.364,7.94088495655552
DEU,2017,0.9647062071300411,0.49990744322234903,0.26575007086754143,-0.2170781511023479,-0.2844609132728533,1.2629940202770924,0.947192896543797,0.443916841857979,0.36,7.95519356439284
DEU,2018,0.9550848703134498,0.5080337109359652,0.2734685443926607,-0.23718536285910854,-0.29384112296607334,1.2802337263020163,0.9951592271608816,0.4514895403149789,0.358,7.986743604392697
DEU,2019,0.942499064452712,0.4586651565282648,0.34210719165428927,-0.22393380200078272,-0.254592819157294,1.1712536647604805,0.8846394639798585,0.44048975223232056,0.347,8.030948954543074
DEU,2020,0.8404144146903197,0.5125489553873792,0.2714158613772902,-0.22482750228532264,-0.23519701827066097,1.335698133684796,0.9417338867467434,0.38838966757047433,0.371,8.417657456515473
DEU,2021,0.8100883005878592,0.5091449989890288,0.18754359831202927,-0.19171767726369743,-0.22053667145012237,1.326564862709616,0.9570882635079867,0.4581660510532171,0.363,8.373060199909556
DEU,2022,0.8543549084176854,0.4917720820295258,0.22103762442634114,-0.18426336363082457,-0.21189246136029985,1.3184733668397226,0.9375075080285099,0.4242124001926808,0.357,8.392235227411591
DJI,2017,0.6157138439552242,0.36496612637607634,0.2695624668516749,0.2614624893979884,,1.534210731650486,1.3571076816679433,0.5234405052078891,0.366,11.46692649927952
DNK,2002,,,,,,,,,,
DNK,2004,0.4393810921396922,0.25443938813819095,0.2949122259020268,-0.019815434100303876,0.032973060883997804,,,,0.256,8.033166902631242
DNK,2005,0.41952742922592084,0.24689595297722908,0.3633292967360274,-0.0015988788084734522,0.032212116805892504,,,,0.259,8.05230668732502
DNK,2006,0.3967027218206159,0.22619047402155198,0.19618905564271863,-0.015873334500155243,0.028404645752383335,,,,0.257,8.084458834038651
DNK,2007,0.45109755452379474,0.23891992738106865,0.22191736764950773,-0.018920747185966095,0.01044600078887837,,,,0.247,8.25260192902866
DNK,2008,0.4636849197646507,0.22761580583194416,0.2940347529293643,-0.02662464031329453,0.00636253223422664,,,,0.259,8.293848869949048
DNK,2009,0.45944930911229054,0.25403387876556366,0.21680021866022703,-0.026435242758507182,-0.02187447520272445,,,,0.253,8.327622221006092
DNK,2010,0.41978645424912964,0.22845480873912669,0.1176706362287322,0.01851559400560112,-0.010130926123266522,,,,0.237,8.263314621389023
DNK,2011,0.480376214907708,0.27818154811803014,0.15079215348914782,-0.026862053749843257,-0.05215688250274505,0.8281827466846856,0.4988340137790392,0.2892979187634518,0.245,8.301191079214782
DNK,2012,0.44988912608603365,0.2509331164695772,0.19476324015790825,-0.031750030670403544,-0.016589019215595822,0.8569231897159072,0.4717549971389423,0.2521064320507189,0.247,8.3302540298762
DNK,2013,0.4378805161935747,0.23547096783629565,0.16471213362312231,-0.0290576976361539,-0.03894160921393684,0.833893419612615,0.4826124022683877,0.26884775827986973,0.242,8.349568071015922
DNK,2014,0.41228662242415415,0.23879022000682584,0.2628863655220668,-0.008835554364137896,0.05153011757031928,0.9037795215260337,0.5210145596051424,0.30428900216452587,0.249,8.377831119082396
DNK,2015,0.37870688830485066,0.212434060944919,0.3512596655974395,-0.03141128404568921,0.006988881828429104,0.928432011076282,0.4741554623931972,0.2538950931468127,0.244,8.399446730091006
DNK,2016,0.45228918697499854,0.2250418621663103,0.2843532026840028,-0.07100840745220725,-0.0638110911570756,0.9098717239736952,0.4922445002547208,0.24426322858559224,0.25,8.396494760120897
DNK,2017,0.48967411624982327,0.22902913680659895,0.29864938566562543,-0.1085864586194104,-0.11703843514851234,0.8715806105936552,0.5119314066238518,0.2431806616114714,0.259,8.412227264564674
DNK,2018,0.44077462211965956,0.22909182442567683,0.19870921558657614,-0.06683876228169588,-0.0904088035825471,0.8025969434386355,0.43478013208196803,0.22011433364292612,0.25,8.428978618148914
DNK,2019,0.40668418904591963,0.22750370178389387,0.3226626790469548,-0.13050931675691677,-0.12530188124120462,0.884978247727653,0.4755541287836707,0.17275188334970015,0.259,8.45609068042896
DNK,2020,0.4540100344952352,0.22835428745309222,0.24807646462970848,-0.09967318038738382,-0.11457916427643326,0.9835698122415629,0.4953623117271969,0.18941400518040818,0.286,8.545732056222658
DNK,2021,0.46319663674206885,0.24978152064218198,0.407457506432594,-0.06616485147057447,-0.09118135446066794,1.0136582753632792,0.5556996898479236,0.2620987057660752,0.28,8.613170421420374
DNK,2022,0.4473195729717206,0.24346585033826285,0.4320065361964016,-0.0794974715341892,-0.09470008864856627,1.0779125290038218,0.5555450312025995,0.23830532695907453,0.292,8.62902379086705
DNK,2023,0.4428237126849316,0.25339638095169725,0.3099486239192334,-0.14337202846509692,-0.15053924515592837,0.9622024379858357,0.5213173599855089,0.21836547695202949,0.284,8.638197167603265
DNK,2024,0.5120125964749033,0.261133459793432,0.2591754577725482,-0.12835730528639766,-0.10812103965851665,0.9534932957393375,0.5573339726021053,0.23437828819171108,0.285,8.674781555629798
DOM,1996,,,,,,,,,,
DOM,1997,,,,,,,,,,
DOM,2000,1.1975581452565631,0.8554844320555348,0.5466613305981288,0.05625277575322925,0.27831134221012277,,,,0.464,8.45628965570694
DOM,2001,1.096531382790267,0.7331980523413397,0.6409518571417674,0.0030115607032025773,0.17484451827280453,,,,0.449,8.531210685680398
DOM,2002,1.077030012201257,0.7595011152495033,0.5286525779184187,-0.07880961878009475,0.11756422229355376,,,,0.44,8.548229154545428
DOM,2003,1.0953006457592962,0.7683569643341491,0.5564270867004297,0.0011379656106073476,0.15531079302340234,,,,0.439,8.63032149950621
DOM,2004,1.0285910796642939,0.7219934715935101,0.5423294905751583,-0.07725845172883973,0.09883626986124197,,,,0.442,8.820861500353082
DOM,2005,1.0587039229875028,0.7382446133847415,0.5165751655573838,-0.05261455749418877,0.09150710331424039,,,,0.431,8.95585087993934
DOM,2006,1.1179870405338501,0.8078791351034157,0.38737462969751385,-0.03795433907431199,0.16930008389053666,,,,0.44,9.058122672737628
DOM,2007,1.1111160741240553,0.7851888424705485,0.4967627364916804,-0.1033257525407001,0.09451349899598405,,,,0.436,9.128909793321778
DOM,2008,1.1133014657810265,0.7596999920034081,0.4035553968667577,-0.1225853585772326,0.0771558774270849,,,,0.442,9.239775088849553
DOM,2009,1.1161431780040347,0.8194117661985637,0.38044185988832124,-0.06420032932592344,0.10630203299626889,,,,0.436,9.309152413100644
DOM,2010,1.0357900039858057,0.7421036210783507,0.4946512894525728,-0.1275464828479026,0.036251512316992904,,,,0.416,9.334922905232524
DOM,2011,1.1282196791903798,0.8366409446054928,0.42469338060914025,-0.0486505644198746,0.15145385868803452,,,,0.428,9.403339387940699
DOM,2012,1.1915729903433956,0.9685983935738376,0.5193895586156826,-0.0010508905009924082,0.23228874465827826,,,,0.445,9.49243214779655
DOM,2013,1.1293022574973008,0.8725383247960692,0.43291414062359723,-0.032884094583217394,0.17148683194683764,,,,0.431,9.50091241443892
DOM,2014,1.037000441083246,0.7552520314069538,0.19157225857436616,-0.1026652774295571,0.024619830734996448,,,,0.411,9.539341771258002
DOM,2015,1.1336174401352892,0.859674489422945,0.4708153177847754,0.0331862767710852,0.1199137288025513,1.7002928341492665,1.3704561925227159,0.8840682896940244,0.411,9.47752760260658
DOM,2016,1.060522278723457,0.8014745527560361,0.388160914063453,-0.05807400496549065,0.06876148157053516,1.5914443636344875,1.2807650726098059,0.7397002704928912,0.392,9.515657724723527
DOM,2017,1.0860641070112704,0.8281721401645571,0.38238922409650794,-0.043320963131314935,0.08609712997883975,1.7001337119482434,1.3726822356799024,0.866493047115406,0.4,9.584963381436756
DOM,2018,1.0943888777142396,0.8870756233537298,0.35207455295038503,0.010747540423721556,0.09403023419572895,1.755274517245588,1.4035475562777704,0.8645853741526993,0.403,9.678531421992258
DOM,2019,1.1650345034467524,0.9236085719784373,0.4890691761470338,0.022926775402790978,0.13329751643954948,1.8324214965171224,1.406026277530423,0.8730304243254832,0.401,9.734153156301241
DOM,2020,1.0694530778485654,0.8275430500732012,0.44388156227116693,0.08167754007529386,0.04598132827780458,1.531232396674378,1.3816148715596572,0.9929686661733361,0.408,9.863004198587348
DOM,2021,0.9976421432730326,0.7561191651866138,0.4282315674372596,0.03514917611875459,-0.008807181069580432,1.6633206943700545,1.2702399344722646,0.8606769258753493,0.383,9.926888062428544
DOM,2022,0.9049254054236437,0.6874326323560306,0.3562609328993506,-0.06468919012673562,-0.02661783830677259,1.458193155242194,1.090475097813274,0.6931459350855264,0.364,10.025820798045988
DOM,2023,0.9399382371054316,0.680600795090837,0.41506345506612613,-0.00798138072651146,0.038447104739890624,1.4237357651411189,1.1411473746258274,0.7202060700744879,0.371,10.148343514192543
DOM,2024,0.9070442638126034,0.6929179540871147,0.4105953993275753,-0.0639184756237522,0.024936836731295778,1.450228360262099,1.1393853258529176,0.6856188789350232,0.367,10.226340900223349
ECU,2001,1.0466374026944818,0.7184063773921353,0.5210265319143786,0.036842455442318546,0.12281735336483411,,,,0.48,5.075211314530719
ECU,2003,0.943516256450684,0.44202748674041553,0.6861428846183835,0.08419015275466057,0.08778041080699182,,,,0.443,5.336075472150639
ECU,2004,0.9203297662852238,0.48742021015386466,0.7832393274221099,0.11279935695740609,0.11680071802459722,,,,0.438,5.4378966835525455
ECU,2005,0.9635663575700035,0.6145572186988261,0.7695777886605232,0.119616960916878,0.015281714351713497,,,,0.434,5.490700634130798
ECU,2006,0.9245124180812331,0.6302304706059663,0.7403764621215773,0.11011111841642421,0.01063070126759747,,,,0.412,5.55422622425568
ECU,2007,1.0458404405149362,0.670391721427502,0.755253388099789,0.13382465546681213,0.10907665789619232,,,,0.427,5.6380806104307215
ECU,2008,0.9674433356336657,0.582168157559018,0.693820765226527,0.14231775215384038,0.05174066919126675,,,,0.403,5.699456464285179
ECU,2009,0.9821776235635737,0.6412892145523535,0.7231701252352096,0.17016014644067082,0.04705577266925592,,,,0.396,5.75890177387728
ECU,2010,0.9657207872313294,0.6134597226400679,0.7246312309139296,0.21892101236411377,0.11857567837614828,,,,0.393,5.870725271075778
ECU,2011,0.8658369627809555,0.5366171580976735,0.7209535438607108,0.22259763150138287,0.0508904189805639,,,,0.369,5.957274160620094
ECU,2012,0.7897600510707421,0.4987017819151442,0.6479194117784485,0.18755093825558183,0.01684094885378252,,,,0.346,6.012785628811666
ECU,2013,0.8696308668853053,0.5596370510320599,0.6675100699383777,0.16396338866923119,0.042352953828061764,1.5209391755080621,1.0711571520005927,0.7139619259153118,0.361,6.111063710383563
ECU,2014,0.8624956456144712,0.5761144386251452,0.6779455555705836,0.15895948084129238,0.025600127834292476,1.5791221599657548,1.0966406850319643,0.7740553043155879,0.353,6.1829811991414205
ECU,2015,0.8599382508349205,0.585361136454452,0.6244318360638073,0.15930196200718935,0.021440955804381163,1.510526693938174,1.045700992121728,0.7493794897149503,0.351,6.211523345460267
ECU,2016,0.8735369506132359,0.5965942498191968,0.6207115326218963,0.13799706899503483,-0.0014946795894834304,1.4561614304019812,1.040667119633071,0.7742175262474602,0.359,6.210646260697127
ECU,2017,0.8899425796027614,0.5952506765699468,0.6397471441263579,0.1683264394874355,0.009917774450000819,1.4668313556867438,1.0249362380608116,0.7817198418891774,0.358,6.214790081862201
ECU,2018,0.9154693833605922,0.6400496744510028,0.6823419063454589,0.16230764960375255,-0.03150684705192719,1.5641155190410754,1.0320148558089624,0.7837984553657199,0.361,6.243389899847644
ECU,2019,0.8811393897111076,0.5930238205805853,0.674010101944779,0.15570418342507863,-0.009923774330622517,1.5402105015655871,1.0181408786368542,0.7502414000362523,0.361,6.2384496172276585
ECU,2020,,,0.8018805936955115,0.23985165041935827,0.013325153231218679,1.5028475448189682,1.0880547393715356,0.8301588900816675,0.384,
ECU,2021,0.9629681070005978,0.6717230369580574,0.7018702108985034,0.2188546948793516,-0.019949416707406905,1.5186263370205397,1.0714712989901274,0.8336626810546989,0.385,6.178728039066223
ECU,2022,0.8809602588101689,0.62380155067226,0.6641001298594653,0.15684260163454608,-0.07087386130605675,1.4328121964103162,0.9868519901683108,0.7365023743062465,0.372,6.213373336417251
ECU,2023,0.8786099073533059,0.6176525435227278,0.6433349507940608,0.18235438910731722,-0.028433018456192616,1.3502863322497705,0.9781690913425012,0.7633544313619715,0.358,6.232616961021234
ECU,2024,0.8723850335764054,0.5901453963480938,0.6366829949718318,0.14453866662700796,-0.10767555748927604,1.3583871629326647,0.9749717712007221,0.7455482281214486,0.358,6.26357729418356
EGY,1996,,,,,,,,,,
EGY,1997,,,,,,,,,,
EGY,1998,,,,,,,,,,
EGY,1999,,,,,,,,,,
EGY,2000,,,,,,,,,,
EGY,2001,,,,,,,,,,
EGY,2002,,,,,,,,,,
EGY,2003,,,,,,,,,,
EGY,2004,,,,,,,,,,
EGY,2005,,,,,,,,,,
EGY,2006,,,,,,,,,,
EGY,2007,,,,,,,,,,
EGY,2008,-0.3939858891045271,-0.14179282265616694,-0.4561238511550848,-0.4868582859762388,-0.021761613263109426,,,,0.402,4.265984270669195
EGY,2009,-1.2027707756483812,-0.8439177857876606,-1.5556996240280883,-1.2063181289738225,0.23414028253024266,-0.4415897167642785,-0.5878413560339657,-2.0056703457709295,0.659,5.481771614937925
EGY,2010,0.13743048186012258,0.19850192066221442,-0.1357381939804132,-0.2072399119241093,0.027763122748403465,0.7061341578662159,0.3389929415460334,-0.15230906365457691,0.348,6.633790690170588
EGY,2011,0.3466933572279796,0.2972102921195161,0.19584791978657215,-0.05734853535579154,-0.059728484511108924,0.6656176443909884,0.545613391877885,0.2014729178934422,0.333,6.859963216543412
EGY,2012,0.3793200097172333,0.2626883159968619,0.17881172795772884,0.02607322220106651,0.0520572532823414,0.7037985224867452,0.4982205854205253,0.2705810748228233,0.283,7.167482993882344
EGY,2013,0.3058556112202571,0.17869596851191974,0.2139452100438044,-0.05824149471308675,0.016390720585612552,0.8043951586649131,0.4328802580011926,0.17294355200322328,0.299,7.24347651939056
EGY,2015,0.3229348037285619,0.17393281184115647,0.17909139239967867,-0.022227872745279043,-0.016204972328120258,0.7634203747905461,0.4232507741205322,0.23044844384251673,0.29,7.504744470449006
EGY,2016,0.19841327993268798,0.07967240965799517,0.10441271998083441,-0.03916861982017032,0.011347800617201123,0.6598441951545669,0.33970977047346634,0.16557490878700984,0.301,7.581240932290823
EGY,2017,0.1580288386543124,0.08253090717052274,0.09814219912120269,-0.03154715122305495,0.04030061913296317,0.5770345610200205,0.2866793937835582,0.0595683379222186,0.269,7.674809304328194
EGY,2018,0.14409520707027923,0.07692207103813833,-0.02356294385229738,-0.08925913058806631,0.008306154557129491,0.5646448002566,0.27047774481662673,-0.004263804240624504,0.237,7.716597539156775
EGY,2019,,,-0.04350680133737627,-0.107346497832861,0.05172992184719336,0.4054434440094044,0.17746991628266756,-0.08150828458996007,0.217,7.860403012113388
EGY,2020,0.17727455205018633,0.11610755294662384,0.05899343037551307,-0.05537745051287836,0.06398623497572295,0.4545192175750871,0.21248384636481138,0.08328215902881833,0.237,7.903025014535734
EGY,2021,0.1458023151211172,0.10079485941418094,0.03377787517997952,-0.04241776197480099,0.06462751261410442,0.44465212760468276,0.23073785879000697,0.08199744140466052,0.219,7.9768834859503865
EGY,2022,0.16762314275673412,0.0999275010683909,-0.00477446870155748,-0.057111270692440964,0.027328367462788897,0.40991063494934754,0.19429510757121687,0.06673705627290087,0.217,8.083739326899279
EGY,2023,0.11639235977680325,0.07279091612913305,0.027648839455603997,-0.08904492098215934,0.057380500665045325,0.38451011583645733,0.19705158744249646,-0.011479405153354884,0.212,8.265952588981564
EGY,2024,0.12405615025468303,0.07064611824537695,0.00843907729706511,-0.07316275629735873,0.03618618564994887,0.3790465076660337,0.1911691454948278,0.00829363394769233,0.229,8.507861990862345
ESP,2006,0.4825478770283077,0.3179248353069847,0.3447755850195846,0.016445868861309165,-0.08529735562182976,,,,0.314,7.359046798601095
ESP,2007,0.39718646857470047,0.2581387349945859,0.47033624469475777,-0.05288140274818053,-0.09641771026718622,,,,0.304,7.588754976717334
ESP,2008,0.5508175653565741,0.35467317253246883,0.5627862596477856,0.016083153576917406,-0.12513245284362656,,,,0.349,7.692417720469098
ESP,2009,0.5809006968336199,0.40966331624741464,,,,1.2205891344144006,1.0171638894388075,0.5723911218189343,0.345,7.792192016675716
ESP,2010,0.6058761991607434,0.44504149813995747,,,,1.2631818095081366,0.9879320141953487,0.5500476914840536,0.348,7.812679253344338
ESP,2011,0.5647576766525079,0.39008157168190083,,,,1.3489311332417415,0.9837747316159291,0.5125472398870181,0.347,7.812186362415813
ESP,2012,0.520928568702609,0.37903727878054155,,,,1.3154396776027775,0.9837009274928096,0.4961563651143868,0.341,7.812883137170099
ESP,2013,0.5327907202079672,0.3578450407297386,,,,1.3603428007047964,1.017595845879567,0.4412656824024589,0.341,7.7858052653778005
ESP,2014,0.5180820138701248,0.33005916069908553,,,,1.3585997856391543,1.0313308571213746,0.48306959298061275,0.352,7.783716395097717
ESP,2015,0.5367586126697691,0.341241388653796,,,,1.3816030969778592,1.023236277303108,0.5162121690711283,0.363,7.7778554647498765
ESP,2016,0.5495097628490105,0.35098923924694786,,,,1.3139129902317357,0.963749243556789,0.4980664280132972,0.359,7.812119572788744
ESP,2017,0.582808574134424,0.41248921836927066,,,,1.3444453574409163,0.969140435897524,0.4847943950831635,0.37,7.770353208371443
ESP,2018,0.5651891260605919,0.3939979333227921,,,,1.3130452134398813,0.9933440718471318,0.4990170286772603,0.364,7.789442143649266
ESP,2019,0.5678659926667723,0.3810117371586863,0.5148152928620137,-0.10540395543470091,-0.21917160984143902,1.3458773964938113,0.9551051434149896,0.5175877046022826,0.372,7.79797550941293
ESP,2020,0.5267518287689653,0.34688623449090134,0.48931081100209073,-0.08074008508518239,-0.19771059121338128,1.2244784247058422,0.8995577946196079,0.5092649148398408,0.345,7.873484726575457
ESP,2021,0.6077844446962472,0.4456764873858737,0.4438473113476457,-0.037100524745104925,-0.18140927580282537,1.3384989952775674,1.0034362963160004,0.5635520965634419,0.375,7.860770148618632
ESP,2022,0.5883182508706171,0.4305918169503435,0.5428325362537747,-0.0831696867509342,-0.21602702688150793,1.2950830480908895,0.9851666154005552,0.5162424005896515,0.354,7.90423369263596
ESP,2023,0.5682156886721956,0.41124699076126886,0.49123562553258765,-0.07573365013116191,-0.18465175141922507,1.2347420950544385,0.8596644975762427,0.5062439892839656,0.338,7.987611432590007
ESP,2024,0.5398463525338459,0.39704234848939557,0.4834996273265207,-0.08924543004718687,-0.20995670932051141,1.2070801046311823,0.8307434643195657,0.48481079674001015,0.332,8.019575293697125
EST,1996,,,,,,,,,,
EST,1997,,,,,,,,,,
EST,1998,,,,,,,,,,
EST,1999,,,,,,,,,,
EST,2000,,,,,,,,,,
EST,2001,,,,,,,,,,
EST,2002,,,,,,,,,,
EST,2003,,,,,,,,,,
EST,2004,0.6773392635927217,0.40465069929259456,0.275438575455256,0.04445838534983953,0.14019478665909252,,,,0.378,6.026259616144773
EST,2005,0.6343214381578475,0.3936553218531099,0.3512448416060546,-0.011217889205545848,0.0756958103999575,,,,0.351,6.099147862975448
EST,2006,0.5645356896642009,0.31919816880234425,0.21866428222443027,-0.011598863699522913,0.12036963915471029,,,,0.349,6.238853781886325
EST,2007,0.4614356446291076,0.291804879603264,0.22895077871844116,-0.07238642295109582,0.08942978808214466,,,,0.349,6.6907379241478635
EST,2008,0.3983029465948038,0.29117643221042644,0.1338785210422115,-0.052844613072088036,0.12471909930402421,,,,0.322,6.854663526232152
EST,2009,0.509817126802966,0.3003398423623499,0.27413047166358506,-0.03422611593687924,0.08360966397277497,,,,0.349,6.92555492125029
EST,2010,0.4796097189131319,0.3356408031562515,0.24156550989885617,-0.022277211425471316,0.10302317981441271,,,,0.337,6.9476603732778255
EST,2011,0.405600451873666,0.3459183749090022,0.1456171530956211,-0.025851344439612036,0.08984495161849448,1.2178197476202655,0.9040574936441486,0.19148847369472488,0.344,6.949736601222239
EST,2012,0.3693709910713667,0.2818073905541059,0.17415033523453002,-0.029558862633698377,0.10171810449080464,1.07376824469911,0.8075765288761314,0.16170602834895892,0.341,7.029169934539237
EST,2013,0.3765361098739534,0.30858214299786574,0.2033518511796047,-0.07282175484707579,0.06495467469305793,1.1616342900259862,0.8175472648475415,0.1661437604606058,0.343,7.105398031211232
EST,2014,0.4309826168752179,0.4247639001723078,0.062166255076063125,-0.0695136859112273,-0.013094873064919056,1.3218966859031513,0.999434080937015,0.30849196294088216,0.395,7.244596733148448
EST,2015,0.5859897004530413,0.4105615725877147,0.17699730803745053,-0.016406036419925198,-0.0022673467053895054,1.1098379426576104,0.8602366401240832,0.40106310913149507,0.379,7.2654066460646
EST,2016,0.5127939316202442,0.36543078599022255,0.18667702841019337,-0.03816910370147573,-0.005490621277602817,1.05387241047262,0.8751109072410754,0.37912433581108035,0.367,7.29413270416048
EST,2017,0.5413560832367286,0.38046560536151575,0.2057252648873594,0.005913479432056182,0.04103541012240482,0.978027246928555,0.775325163362922,0.3288404656577618,0.354,7.301708377451352
EST,2018,0.5230695182590781,0.4140989320597978,0.21733293306172083,0.003859567185979539,0.01864775343886393,0.9853734270088873,0.7992900471331535,0.3087381153013087,0.344,7.400932074360989
EST,2019,0.5725325325732978,0.3741147435890869,0.18614638182767143,0.044174078000154784,0.011253476489431488,1.1009330534748016,0.9069827072773747,0.3659591835118493,0.349,7.434636518757372
EST,2020,0.5805335700059641,0.41679680134700214,0.24649542269656144,0.02268715580657657,0.03267752032530723,1.129467106026467,0.8875767131756382,0.38438796072354564,0.36,7.560280445024493
EST,2021,0.5924660415382701,0.4044836691683485,0.27985753544743425,0.0660094913034347,0.08646918026601472,1.25377184616263,0.9520657021037681,0.4011456037186727,0.353,7.622817070715683
EST,2022,0.6570409076330858,0.40249402257220723,0.19244566213432793,0.10033531886162837,0.12284477289774996,1.2717762704522624,1.0006463696527392,0.40094726111398316,0.358,7.665135152669034
EST,2023,0.5858817700807551,0.4179246696408354,0.18397497478160435,0.08063003898595603,0.12813549403122507,1.2842838870861533,0.9560159179713523,0.4610446852093969,0.365,7.790943312426166
EST,2024,0.6819724709253692,0.4456672991265682,0.17359330163267034,0.13439324474643077,0.1170988187373125,1.449335348663205,1.1569610474948984,0.5359805407106045,0.36,7.873316059862575
ETH,2005,1.4635892613418788,0.7100588337106564,1.0375281332985216,0.2546972691592489,0.2815121340717858,,,,0.547,5.814103665792536
ETH,2013,1.1764623512634393,0.464108419079101,0.6822628678372701,0.16742540011665538,0.3706328050793697,1.4394162904278978,1.1313317557379543,0.4929355629889796,0.478,7.20452022694855
ETH,2021,1.0072269860765597,0.49051616973100765,0.8779256719043227,0.13524704010888522,0.33413519518761564,1.3377708053659947,1.3225569573412985,0.9339907786590194,0.448,8.341878628203991
FIN,2004,0.41051922048117795,0.37712607993835895,0.37289273543088597,-0.13546026761938004,-0.16625019603118116,,,,0.284,7.708672869071654
FIN,2005,0.46084952023195536,0.4058761699106202,0.224545165334306,-0.15926168148324965,-0.17433584864476506,,,,0.295,7.725610351826402
FIN,2006,0.46451807570556863,0.4309196127503873,0.18248106044057322,-0.1671491092921868,-0.22430129483400785,,,,0.303,7.756269827475521
FIN,2007,0.49244558452879994,0.44414022189476693,0.23523827098801434,-0.14066398362033988,-0.21219719716159732,,,,0.303,8.023574017334354
FIN,2008,0.5199085958515294,0.4626725880278657,0.22289646585168124,-0.15131754025735153,-0.20409405038944925,,,,0.307,8.057207692705418
FIN,2009,0.49809364593746247,0.4117253932872909,0.2333447789437462,-0.13527580336273334,-0.1591453371551618,,,,0.29,8.130487225186192
FIN,2010,0.48531832946757053,0.3935586463358202,0.3666619166044018,-0.1249376119757525,-0.16274174908053876,,,,0.282,8.146909205983498
FIN,2011,0.4729683453648463,0.3997171334805558,0.308615741593103,-0.09866822701963056,-0.15896240458331287,1.0553736844883024,0.7192054193817544,0.4035667323160286,0.286,8.17224578176135
FIN,2012,0.4706008997035862,0.4073118441618643,0.2863543669857102,-0.10742146485214586,-0.17211134793231375,1.1874948583696612,0.8000794201076552,0.41793948276283777,0.288,8.213816330931847
FIN,2013,0.47508925216737696,0.403634393645217,0.21946557288747046,-0.13025789692619896,-0.17791634177854074,1.2501624847029182,0.7957116507636194,0.4110904543602582,0.288,8.245249025877994
FIN,2014,0.4602073091923277,0.39434221034350847,0.28375370712928216,-0.1391358795408046,-0.17964371794127343,1.3516014938615155,0.8118801892777355,0.3828524155234426,0.286,8.273522645515197
FIN,2015,0.49504253858451364,0.37420016880800483,0.23431938424837553,-0.11347761174790054,-0.15564979653368358,1.351778840939592,0.77943209097672,0.38300456277144646,0.281,8.29657569693233
FIN,2016,0.3980826900649131,0.37437367022469764,0.21775850706955271,-0.10560392803311484,-0.1257309993503806,1.3876909061874896,0.8161612969237355,0.3787120253016513,0.282,8.31414168629683
FIN,2017,0.3606783844779284,0.35641010296520037,0.2420913017911876,-0.10121431608056614,-0.10323703168133358,1.4191871564285725,0.8613572432142682,0.37528960465449707,0.282,8.315819693490726
FIN,2018,0.38928853464292196,0.3581812882718483,0.29601096857528547,-0.11126705907937488,-0.09577479463952206,1.3811037576563752,0.8211545149041258,0.3797651914504783,0.284,8.318162328471288
FIN,2019,0.4370391903632324,0.362898962769263,0.24803406462754768,-0.14997912958561943,-0.16005952213093322,1.4042772222265258,0.8374622412622251,0.39399767493830845,0.285,8.326136312546916
FIN,2020,0.46842095031714714,0.3860733234564985,0.3079207863659282,-0.14170480843479324,-0.12745657397510565,1.4019239283589304,0.8364790786982604,0.39672663900369864,0.286,8.35003930177272
FIN,2021,0.4333607228311133,0.35979271888692144,0.14913213078591336,-0.10453153863122734,-0.08568685663840378,1.3879915292817213,0.782153652089404,0.35189969461945053,0.28,8.36836366245452
FIN,2022,0.3735633055018133,0.34004272091114585,0.23235098388608874,-0.10584178446445969,-0.101720883933095,1.2437610911667583,0.6959428340542911,0.3627343434741334,0.259,8.438215999212755
FIN,2023,0.3457872081716013,0.3114436138834957,0.3396959697882511,-0.12391294393353454,-0.11283605828986339,1.2259776847432788,0.6721367260634564,0.3578694067741678,0.26,8.467927104013308
FIN,2024,0.3788702367705863,0.3053958154667419,0.19984104246469472,-0.09237755770405663,-0.07447982386665668,1.1704229779445348,0.6371213788524367,0.3467521680019024,0.256,8.502826076918765
FJI,2005,0.9474451493703764,0.4710671751859723,0.8478569145143816,0.2736348494736099,0.26753298920357554,,,,0.331,6.380293708689717
FJI,2011,0.9837109863078021,0.6343032439987055,0.9763749069173858,0.30172838870383173,0.219522910685228,1.6677686856833696,1.386347589460801,1.0058935146150445,0.438,6.826738263491516
FJI,2016,0.7976008009560598,0.5552147066370798,0.5740257534700779,0.2517573147223676,0.28371221440795297,1.1390630632937482,1.0161455449991408,0.7202689606923494,0.351,6.966918127045358
FJI,2024,0.6629769563985368,0.5462549135630307,0.5396628712921351,0.12811683406415372,0.11712251382013691,0.8381114678644471,0.662390742387897,0.419414746528722,0.344,7.238575860760719
FLK,2012,,,,,,,,,,
FLK,2016,,,0.19495868549994413,,,,,,,
FRA,1999,,,,,,,,,,
FRA,2000,,,,,,,,,,
FRA,2001,,,,,,,,,,
FRA,2002,,,,,,,,,,
FRA,2004,0.47716723530328625,0.364402319120358,0.23331630362290595,-0.10660825370612077,-0.09221485881973872,,,,0.296,7.597258829577246
FRA,2005,0.6048362697231509,0.4741133794468257,0.2901675559574918,-0.0938133100200324,-0.07070850957386567,,,,0.29,7.350782032443692
FRA,2006,0.5951688988212622,0.45484389366793376,0.2918056053689313,-0.0723238171270708,-0.05628030605173743,,,,0.287,7.373172155140423
FRA,2007,0.6019369202690339,0.44965714587886557,0.2955691217734105,-0.08243263305425987,-0.06639228488963964,,,,0.284,7.398757511236373
FRA,2008,0.5866192960886923,0.44456329568629777,0.24693661251292717,-0.09740103010986091,-0.07432090221866772,,,,0.281,7.424757587694044
FRA,2009,0.5932391650408697,0.4510199646529202,0.26617857799353734,-0.10790485376739357,-0.07842400505323396,,,,0.288,7.448473047483142
FRA,2010,0.60366925233583,0.462353300086693,0.2912993056359197,-0.1033381674853084,-0.06456530540622858,,,,0.287,7.461037336844017
FRA,2011,0.6076836414615265,0.4553966833467044,0.23066536027598228,-0.10385665890200922,-0.06592743346357663,1.1410405942743957,0.8895136581752824,0.5138719750629241,0.292,7.4868599195014065
FRA,2012,0.624983071303324,0.47069228094580556,0.2750471631397824,-0.11004074203528301,-0.070778989539324,1.1281654549276605,0.8908443510700375,0.5052987549206381,0.293,7.5061152929425035
FRA,2013,0.6294164124379228,0.4771771784543985,0.2966076671514943,-0.12077833625717041,-0.08779915212412008,1.1693095539941238,0.8621421251951862,0.48954601781972246,0.292,7.510069790707817
FRA,2014,0.5383571243605281,0.38522174970717715,0.23368492676487107,-0.12078003988173269,-0.08710706930446166,1.1717240203608634,0.8270449573140027,0.4558481905949459,0.292,7.519440745555132
FRA,2015,0.5541865158207757,0.39082150465285403,0.2655778701968512,-0.11539919779694392,-0.07134845336257654,1.1832568424877903,0.8286935270109498,0.46023642232828277,0.292,7.5235526228347505
FRA,2016,0.55958534914557,0.39720764246272994,0.2712481934933107,-0.13451845308754137,-0.09865900861456126,1.186608321801655,0.8410115896371347,0.45963612092826167,0.293,7.532063504780773
FRA,2017,0.5777136881346557,0.4141735249482367,0.2901480587088754,-0.1168739066708136,-0.07698311250169759,1.203119529478721,0.8498886125834454,0.4619668415162698,0.298,7.5439156192178505
FRA,2018,0.5592502678683772,0.4024024646075639,0.30801572787936005,-0.10633033054420009,-0.059876731815102474,1.1789892442013281,0.8501273559576052,0.45789560129818346,0.295,7.566130874324545
FRA,2019,0.5617329556987496,0.40973697672519205,0.2716716091023569,-0.11523228373240783,-0.062252266925893,1.182686389177789,0.8228898822622138,0.4504998885404429,0.296,7.594020835388498
FRA,2020,0.5439725201058939,0.4103821886720529,0.31808720608778424,-0.10124106534882021,-0.057699842196175403,1.1481799819209737,0.8314297240935562,0.469860013146787,0.288,7.608647389989528
FRA,2021,0.5706442823968633,0.408963779851739,0.261730559396458,-0.10338262734121643,-0.08349980986932999,1.10394431240393,0.8673116994324651,0.40744589742028736,0.285,7.593767566621401
FRA,2022,0.5728870466895268,0.3947101799087861,0.282460013520266,-0.09947191477795346,-0.07907205273799947,1.066200401827285,0.8372639936801171,0.4050091666322266,0.278,7.614708713097657
FRA,2023,0.551402343833977,0.39496154582458576,0.2855668781408462,-0.08757388679996202,-0.0417149042189591,1.0145526715830044,0.8225763228639752,0.42237604270778967,0.282,7.656741058364787
FRA,2024,0.5510314937654176,0.3874099584749556,0.24392320906281503,-0.07642473164417538,-0.046461075585122844,1.0409963260093318,0.8039463585863812,0.38056943446847097,0.279,7.694827134523176
GBR,1999,0.692612977380064,0.37940656177065246,0.26141535665446425,-0.20352892887153512,-0.17327094674173246,,,,0.392,7.177570179934217
GBR,2000,0.6977994317597632,0.39665785133751724,0.23967971739445948,-0.1929265478753118,-0.1563692282634742,,,,0.391,7.2342305693779885
GBR,2001,0.6689403126554242,0.420365617235412,0.25318536357655125,-0.19016429129484796,-0.14412227557313576,1.050039364859491,1.1404778156009256,1.1872762926531608,0.386,7.297401255130899
GBR,2002,0.660377423172187,0.4261075382695353,0.20594109118967352,-0.20788511624527614,-0.1767792524298441,1.0452719592499486,1.1528250910491442,1.1934458615659034,0.383,7.323696652223048
GBR,2003,0.6861179143992142,0.44264306380144725,0.21518860324521538,-0.19771761001582527,-0.16655698537924024,1.0498410755364427,1.1542575897486682,1.2118045925356975,0.385,7.353576353036107
GBR,2004,,,,,,,,,,
GBR,2005,0.654739888490727,0.40309857995520626,0.24133689118551815,-0.20361555083517519,-0.18536087121830078,0.9993670504005756,1.0922236482906744,1.159772585468506,0.379,7.426681206524349
GBR,2006,0.6063465764657018,0.42291075544899237,0.17909137365243238,-0.20643240495061516,-0.18630690503721856,1.0180999867343297,1.114292361946231,1.1875640585331477,0.383,7.467628176719145
GBR,2007,0.5724480664815055,0.4057499673133742,0.18594631485748714,-0.19117979285754388,-0.15391570412875621,1.0247813448939838,1.1021276902967077,1.154396151326192,0.382,7.506458804196974
GBR,2008,0.6042408648629406,0.41754443366276944,0.26487509079928706,-0.2143305045808369,-0.16489231654859896,1.032406162567646,1.1058014418396571,1.131781996009058,0.383,7.5445871019949955
GBR,2009,0.605832723385161,0.43541897252379197,0.20358855384185315,-0.20336269561933898,-0.1475831510684912,1.0480795628411927,1.1350897319172721,1.1779702480769638,0.386,7.556410196151101
GBR,2010,0.6077664294265218,0.4452137858393351,0.2866593280033288,-0.18491246831874944,-0.12988401559767873,1.0567151584832428,1.1340566729114,1.1648353904007782,0.388,7.5729535008068565
GBR,2011,0.5962131514370673,0.4637847731152455,0.19798358922008774,-0.2030246881923124,-0.15777727324670426,1.2146062887195117,1.08372538681495,0.3935817625201807,0.39,7.587700191869307
GBR,2012,0.5722039628306119,0.4499668719657389,0.2429942168516266,-0.21158935370276594,-0.16924538447859772,1.2492516169830608,1.1145631284749908,0.3835235908525928,0.387,7.608265287278649
GBR,2013,0.5718523176787478,0.44793504389425637,0.20691533698859144,-0.21018513086675514,-0.1685655803043696,1.248097884756715,1.1057052285899185,0.3895262907622358,0.386,7.6292765797423625
GBR,2014,0.5649650297114673,0.43690748047387373,0.18878233315775855,-0.1987759310380804,-0.14344892007453597,1.2244020341700672,1.0857605350297699,0.34711465583762047,0.385,7.643244737845095
GBR,2015,0.5673762325047147,0.4329041516640308,0.22329657223500243,-0.20772950945563978,-0.13634209519851995,1.2146095402403054,1.0681513164954046,0.3637090972285498,0.387,7.664646915493325
GBR,2016,0.5282572284446964,0.4167848393070146,0.11766030683871627,-0.22078970289004776,-0.15477113973842554,1.2278104659032936,1.0520639836851329,0.31973965169176777,0.383,7.683877785959566
GBR,2017,0.5275693667109497,0.4073846854796741,0.13604547022071853,-0.20132287811396113,-0.12921690858347798,1.140330112520734,0.9949244479018948,0.3286770724162975,0.379,7.7156796488319035
GBR,2018,0.49193496071632964,0.38141698313736433,0.21322167528446542,-0.20648964344352794,-0.1371731750208313,1.1641832359662445,1.0048096116789627,0.3313144647968671,0.373,7.7475562506498585
GBR,2019,,,,,,1.1910390555413677,0.9451536503909622,0.2756482328880573,,
GBR,2020,0.4891578466552875,0.3835336620651957,0.12645718534865477,-0.1874334870963991,-0.11197270983565365,1.142154159765156,1.009565583057598,0.34447370477855005,0.363,7.841234636389539
GBR,2021,0.49552448297865814,0.40018878767862964,0.17739571343602967,-0.16607423064329793,-0.07746543608095151,1.1211551462362106,0.8899519748394038,0.2154772867931673,0.359,7.845412904246154
GBR,2022,0.5692997864062864,0.42273728069471117,0.20368159694136628,-0.14306667595948197,-0.047109891043294494,1.2082786875870304,1.0181366443869524,0.2759164627860689,0.357,7.917407748224361
GBR,2023,0.5513753709776258,0.39764418981933597,0.3158858695796951,-0.15588385722384066,-0.06381308945095338,1.1753962592674667,1.0166780293653301,0.2782399626674752,0.349,7.977011531516932
GBR,2024,0.5188766367224038,0.3871556389232382,0.2119604849967991,-0.1945141248709338,-0.10133745922639277,1.1398185438017066,0.9587958354552586,0.2438443703521586,0.342,8.018489795652094
GEO,1997,,,,,,,,,,
GEO,1998,,,,,,,,,,
GEO,1999,,,,,,,,,,
GEO,2000,,,,,,,,,,
GEO,2001,,,,,,,,,,
GEO,2002,,,,,,,,,,
GEO,2003,,,,,,,,,,
GEO,2004,,,,,,,,,,
GEO,2005,,,,,,,,,,
GEO,2006,,,,,,,,,,
GEO,2007,,,,,,,,,,
GEO,2008,,,,,,,,,,
GEO,2009,,,,,,,,,,
GEO,2010,,,,,,,,,,
GEO,2011,,,,,,,,,,
GEO,2012,,,,,,,,,,
GEO,2013,,,,,,,,,,
GEO,2014,,,,,,,,,,
GEO,2015,,,,,,,,,,
GEO,2016,,,,,,,,,,
GEO,2017,0.6943245812304596,0.4439509950239834,0.8303320711616587,-0.02390172934276821,0.14749654056440709,,,,0.377,6.303472091591555
GEO,2018,0.5487572450549693,0.4427743971622857,0.694629760520168,0.021956542033332076,0.16243347233312663,,,,0.359,6.321800135819643
GEO,2019,0.6767730751170784,0.4717363560313312,0.6688446636244442,0.02109288108620857,0.0939955491286287,,,,0.363,6.395839060734117
GEO,2020,0.6982975550259105,0.5191624801493672,0.7004557862917699,0.01828189216296361,0.0414800544041217,,,,0.361,6.419341620325513
GEO,2021,0.5656217434031576,0.4122069962190776,0.7352732917013782,-0.009864525138484138,0.16442964445220282,1.2759671526743677,0.6823532597225481,0.12365785880473863,0.334,6.497914612063314
GEO,2022,0.4244177934478812,0.355756684384583,0.542723692992503,-0.010847387505958669,0.18283729825674133,,,,0.311,6.614191945771217
GEO,2023,0.6007568803400279,0.35997746410485365,0.5313092293192633,0.03221786812236924,0.14995091534275443,,,,0.332,6.765004374105752
GGY,2005,,,,,,,,,,
GGY,2006,,,,,,,,,,
GGY,2007,,,,,,,,,,
GGY,2008,,,,,,,,,,
GGY,2009,,,,,,,,,,
GGY,2010,,,,,,,,,,
GGY,2011,,,,,,,,,,
GGY,2012,,,,,,,,,,
GGY,2013,,,,,,,,,,
GGY,2014,,,,,,,,,,
GGY,2015,,,,,,,,,,
GGY,2016,,,,,,,,,,
GHA,2006,1.0202077686467574,0.6083934468127371,0.43697378731249875,0.10986202015853677,0.08977033452864736,,,,0.527,13.963810301541073
GHA,2013,0.8120257113314507,0.7046859436502183,0.759942210567888,0.13499064041640943,0.38459925239680226,1.084852350360729,0.8878070134515164,0.8278064707228276,0.585,6.438955724547295
GHA,2015,0.559362385303391,0.6697916771270046,0.0577384643698287,-0.24823673968477233,-0.2510335167098873,1.0051276765640633,0.7012284014363455,-0.046930499569942837,0.516,6.797502817243883
GHA,2017,0.7336603938769435,0.6440418910199887,0.23874097562137475,-0.17973193230999548,0.19642511536187077,1.355805305714515,0.8202706868994578,0.3417593490610407,0.498,6.744518444793622
GHA,2022,0.5731524655990695,0.6869329474487526,0.25540140211351636,-0.36500807906528226,0.23129371235392662,0.9938340197658531,0.3223918185330184,-0.09318879926158927,0.533,7.493987402877926
GHA,2023,0.6768773260672859,0.8481458743324043,0.2414193812839756,-0.016743310796407822,0.41894804831390703,0.9403079166686188,0.7424583861083459,0.375497636620646,0.671,8.037851053715833
GHA,2024,0.3102885332606618,0.46165939095307484,0.06415016916904694,-0.24204023063296745,-0.02617008690543161,0.4560102159681561,0.17606143857894987,0.008475446589998901,0.498,7.855113965017139
GIB,1996,,,,,,,,,,
GIB,1997,,,,,,,,,,
GIB,1998,,,,,,,,,,
GIB,1999,,,,,,,,,,
GIB,2000,,,,,,,,,,
GIB,2001,,,,,,,,,,
GIB,2002,,,,,,,,,,
GIB,2003,,,,,,,,,,
GIB,2004,,,,,,,,,,
GIB,2005,,,,,,,,,,
GIB,2012,,,,,,,,,,
GIB,2013,,,,,,,,,,
GIB,2014,,,,,,,,,,
GIB,2015,,,,,,,,,,
GIB,2016,,,,,,,,,,
GIB,2017,,,,,,,,,,
GIN,2019,0.2587329686994962,0.1721137277418615,,,,0.840256798319095,0.5751273448418411,0.508146070364188,,14.38422093645413
GMB,1998,,,,,,,,,,
GMB,2012,1.080758763081564,0.8207609360883381,0.2410057836511273,-0.034013202016806354,0.27609602291428165,1.675384033501734,0.974036820290626,0.08754138891070697,0.51,8.189580116281949
GMB,2018,0.4984756279704183,0.32553630771195025,0.11338958648552583,-0.013955282892537146,0.1570228497429253,0.962429482388596,0.45381904643776516,0.33672841462719266,0.268,8.291104306863406
GNB,2019,0.764119309532726,0.6438931172438008,0.14694561002908244,-0.0034987034805534284,0.17338493851528097,,,,0.471,11.41407120432407
GNB,2022,0.7440846651149139,0.6045685977977666,0.2622863328984744,0.1967204964369712,0.30802729778544663,1.3223625253303781,0.8604848406055541,0.4802328899949504,0.419,11.384414852821026
GNQ,2023,1.0237020206662675,0.5911161037547894,0.44557509674249224,-0.17233138826179312,-0.04310304152843406,1.8943946526621842,0.8474926377445375,0.1428297008875577,0.446,12.369621250480185
GRC,2002,,,,,,,,,,
GRC,2006,,,,,,,,,,
GRC,2007,0.5902514607331896,0.45389822462978496,,,,,,,0.363,7.62905590580131
GRC,2008,0.6193356099643754,0.4410762462238914,,,,,,,0.36,7.658200613617909
GRC,2009,0.6176354643938419,0.40408663778588144,,,,,,,0.353,7.683325409114047
GRC,2010,0.4772657526160067,0.37302764130333854,,,,,,,0.312,7.715884242016455
GRC,2011,0.49075480857661324,0.32873441811010434,,,,0.7725425086840888,0.5784499531493553,0.2948212183901982,0.285,7.694174199502526
GRC,2012,0.43528563703706535,0.3128188244530822,,,,0.8809249169416753,0.552817267572535,0.2716156799580159,0.288,7.612900197975699
GRC,2013,0.4632595015012135,0.2887264794005597,,,,0.9660927895836152,0.6338643740005442,0.31840983022012226,0.291,7.554448489345189
GRC,2014,0.39117412123284634,0.2742313176681588,,,,0.827169659787663,0.5816821359790328,0.3275997088393354,0.264,7.565278390702389
GRC,2015,0.3647530884299489,0.2477330980260881,0.41835691452037976,0.02449428989434167,-0.04677068367665438,0.8406408365268325,0.5407550233457932,0.3081769122116394,0.231,6.762727194790478
GRC,2016,0.3761545145489978,0.2743024332652164,0.39428326054771456,0.015898327883301856,-0.02925547540218186,0.9639518454550926,0.562035927562686,0.33258539046183383,0.24,6.772329521752904
GRC,2017,0.3807529318316253,0.2851340572784741,0.36248073966280986,0.016651266673037873,-0.04102577847077306,0.9546834124141845,0.5717090365033892,0.33617493469826537,0.243,6.776534358018265
GRC,2018,0.37246739135056844,0.2786535549692603,0.36671985044359323,0.014071322219415875,-0.06266905424014017,0.8780520478384954,0.5457292136074974,0.335837980423881,0.237,6.786776768229064
GRC,2019,0.3865045803259489,0.280056507467002,0.3262983191130864,0.02113269027100419,-0.0680727888740733,0.8519726154108501,0.5324086024754718,0.31804080966651377,0.234,6.786179560187051
GRC,2020,0.3958799876193919,0.2939884080875072,0.3226236519919503,0.03994641627198571,-0.03383290853947823,0.8298148479256526,0.5547872087607216,0.3206282733230885,0.229,6.808555745437784
GRC,2021,0.37531570674472653,0.2938503271149507,0.39964469529606744,0.007205192163506738,-0.043632952205723954,1.0300383503305617,0.5599260788018698,0.2781054916591495,0.249,7.567093834583063
GRC,2022,0.402549206289378,0.3212030446693124,0.4524860049100358,-0.0018344969398797293,-0.023777494673666813,0.9491900415489425,0.5270524893538361,0.30571631760138784,0.248,7.530432247324507
GRC,2023,0.41444711487856917,0.32276390554070383,0.47721419015035343,-0.026427378753730104,-0.05075908727605297,0.9329491152836898,0.5325696699145709,0.2661246496279128,0.243,7.5460401722905965
GRC,2024,0.30398399901777734,0.26734918492991777,0.4917220207266278,-0.035490000688627454,-0.043316210176538084,1.0154077360447202,0.436670006958248,0.19222214159095694,0.227,7.5897788206321435
GTM,1996,,,,,,,,,,
GTM,1997,,,,,,,,,,
GTM,1998,,,,,,,,,,
GTM,1999,,,,,,,,,,
GTM,2000,,,,,,,,,,
GTM,2001,,,,,,,,,,
GTM,2002,1.5073365758472086,0.9878039275950358,1.005454417892155,0.3381375425450336,0.30389047866469415,,,,0.488,7.425858953367556
GTM,2003,1.3304138167009059,0.9550497547303386,0.8712894454717222,0.30269783616358864,0.2484695484275441,,,,0.448,7.4656255443790975
GTM,2004,0.8316059957176829,0.3081572120690618,0.9185105097872382,0.1921083303727175,0.1869749052748344,,,,0.428,7.429162915236555
GTM,2005,,,,,,,,,,
GTM,2006,1.2690997780824589,0.8701924196216875,0.8355159452907989,0.16987798625261824,0.22215010242110225,1.7691341231102156,1.077585251319405,0.5932281134174567,0.44,7.664776384884784
GTM,2007,,,,,,,,,,
GTM,2008,,,,,,,,,,
GTM,2010,1.1219189674431196,0.6781251137789936,0.8572959657249323,0.22279132746002436,0.2559810179440961,1.8575865860794663,1.144292683099737,0.6978311329784771,0.434,7.681062544941969
GTM,2011,1.0931101414104363,0.46965434916209614,0.6869900910059483,0.15723873995925644,0.17236410746656763,1.8325225025826806,1.0154886998087755,0.6006740723898558,0.453,7.684270248385636
GTM,2012,1.2205338802496362,0.7014821989429308,0.9372207087574317,0.14762302276301487,0.10764695680130926,1.8717229020465094,1.2467161970827725,0.7115137172570027,0.437,7.725174175881653
GTM,2013,1.0584126704306909,0.6960328270971046,0.8002314792410891,0.12273170988070665,0.047205084444372866,1.7706164111208735,1.0736450413866356,0.6236506663049208,0.4,7.806931591090368
GTM,2014,1.082838615788942,0.6240206201914124,0.9105087209958109,0.15256681612740747,0.06158149356114445,1.8907466764590204,1.1870633535311452,0.6610783076752698,0.417,7.854383538938363
GTM,2015,1.0236857063895883,0.5990571848596951,0.858621854516429,0.15861861880357597,0.06735661584427065,1.7358148892724012,1.2674091462733472,0.7463090168915535,0.4,7.838394970374403
GTM,2016,1.0164502939992812,0.5870651793797931,0.8397789727214927,0.18032580671524376,0.0463470506806622,1.509401980112336,1.2485992805161688,0.7858128311410617,0.404,7.8571735830871425
GTM,2017,1.0481099454049063,0.5488497193366401,0.8878796190978064,0.24951176589317234,0.12300669688764944,1.5665071794404066,1.2592227761865176,0.8058381876669437,0.414,7.864048725858717
GTM,2018,1.0493342625824231,0.5579498907718705,0.8378174067146729,0.2125330751448799,0.05375518758796633,1.609330679014308,1.2098964759364732,0.8141228301254386,0.412,7.886892726697991
GTM,2019,1.060282996732356,0.5877729998741379,0.7939694280292957,0.23635500331177334,0.06558980700011777,1.5539465441259523,1.2246907208316553,0.8458000599231198,0.411,7.919614702698046
GTM,2021,1.0235394217182114,0.5496558602305208,0.870646913350187,0.3576374282637187,0.19393217007964236,1.7522287569696569,1.3917650547714713,0.989823321618306,0.418,7.930508319317447
GTM,2022,1.237708458062779,0.7151758625285459,0.7338221800435127,0.15257529688006255,0.05647985355009381,1.7105299272718892,1.3876967427789222,0.9535808284662131,0.429,8.00039074195894
GTM,2023,1.2114266417421753,0.6530917524587829,0.7317515947079127,0.31499774634732086,0.20425166057681965,1.771139707805153,1.4001868945227083,1.0014325680023526,0.429,7.934736934612825
GTM,2024,1.0765642674007534,0.6426999198369592,0.6692297778781137,0.17595242281259096,0.08691460158454457,1.6013088089611538,1.2986842158371827,0.8855217686228856,0.424,8.19003349814656
GUM,2000,,,,,,,,,,
GUM,2001,,,,,,,,,,
GUM,2002,,,,,,,,,,
GUM,2003,,,,,,,,,,
GUM,2004,,,,,,,,,,
GUM,2005,,,,,,,,,,
GUM,2006,,,,,,,,,,
GUM,2007,,,,,,,,,,
GUM,2008,,,,,,,,,,
GUM,2009,,,,,,,,,,
GUM,2010,,,,,,,,,,
GUM,2011,,,,,,,,,,
GUM,2012,,,,,,,,,,
GUM,2013,,,,,,,,,,
GUM,2014,,,,,,,,,,
GUM,2015,,,,,,,,,,
GUM,2016,,,,,,,,,,
GUY,2003,,,,,,,,,,
GUY,2004,,,,,,,,,,
GUY,2006,,,,,,,,,,
GUY,2007,,,,,,,,,,
GUY,2018,0.5728079904969934,0.46387957091744453,0.14905915078700352,-0.14592790939580919,0.035974150017591355,0.8160458441020256,0.5026811836036018,0.15013591654416802,0.317,11.248958591009881
GUY,2019,0.605260232999588,0.47343521305870706,0.09586766283887165,-0.17216967900394378,0.011851797327755284,0.6802047278816451,0.43006131249284446,0.15535195763179716,0.29,11.313507937298551
GUY,2020,0.5761187929052232,0.31068618604780257,0.12975266722574041,-0.16925769109076816,0.004800141459842707,0.7405672896765418,0.47131643061278755,0.12516576696894524,0.306,11.333336646842355
GUY,2021,0.5568096435280843,0.4618102681468076,0.16451353761966403,-0.1992880622347297,0.02044063816287947,0.728503913528084,0.3926784891062695,0.21895228447988552,0.301,11.389600144186014
GUY,2024,0.5107680002137887,0.4351097515130646,0.10114117379875617,-0.23038832348425312,-0.04848582396349985,0.8444361522001954,0.42207416516214963,0.046607708369955814,0.304,11.824537151686103
HKG,2003,,,,,,,,,,
HKG,2004,,,,,,,,,,
HKG,2007,,,,,,,,,,
HKG,2009,,,,,,,,,,
HKG,2010,,,,,,,,,,
HKG,2011,,,,,,1.6433394641097818,1.707877985247353,1.067840630001356,,
HKG,2012,,,,,,1.7635885922613586,1.7635885922613586,1.0704414117014134,,
HKG,2013,,,,,,1.7809485531238394,1.747796345806939,1.007396280396448,,
HKG,2014,,,,,,1.7657839828247943,1.7227665977411035,0.9555114450274363,,
HKG,2015,,,,,,1.7790528179589402,1.750516510694006,0.9295359586241757,,
HKG,2016,,,,,,1.742969305058623,1.742969305058623,0.9808292530117262,,
HND,2005,1.6344617673536672,0.9892650310650134,0.9839372419567849,0.23587426876714382,0.09200547346012684,,,,0.487,8.35316441679339
HND,2006,1.4772682078970223,0.8468045454516778,0.9980535433208153,0.19762956908375906,0.1209737208025347,,,,0.464,8.42539473827559
HND,2007,1.4731664971234502,0.8391029654356041,1.003464115187952,0.19727753574136586,0.08018892249649652,,,,0.461,8.52425003323391
HND,2008,1.5029216483508958,0.8757780011905,0.9209013713997747,0.22807692552508277,0.15197709544451493,,,,0.445,8.647611267696947
HND,2009,1.3321670475716512,0.7531907435298224,0.8725392346901074,0.19905663714413688,0.11883441839391555,,,,0.412,8.676040027022253
HND,2010,1.4095589776548565,0.821976796496944,0.8520031205378628,0.26738701747730903,0.23386651797569882,,,,0.426,8.741151610635397
HND,2011,1.3906195475684069,0.7294755191282377,1.0542396771429408,0.3144106208179802,0.17620305629561614,,,,0.487,8.90721770471644
HND,2012,1.3380621933108157,0.8934902731589015,0.8285551323932595,0.15521253899114207,0.10753622954172813,,,,0.412,8.845817139202282
HND,2013,1.2429868229535432,0.6747240923204977,0.9462786264243972,0.26580459004228124,0.1410582272577471,,,,0.434,8.707043171714306
HND,2014,1.2780511391176377,0.8018381801060923,1.1542908117310193,0.2604490689376548,0.17229753423439315,,,,0.429,8.806591939536814
HND,2015,1.280423579671167,0.7760984678441866,1.0737369336654172,0.19303092810451428,0.034987879819017846,1.4998798810643332,1.4849247269478998,0.9118537909079801,0.435,8.803933620661178
HND,2016,1.2539201992472344,0.7446132397687828,1.1528739005008257,0.24280532337493263,0.07159057313309665,1.6200626203016606,1.4852918197154006,0.9019608466468041,0.43,8.857147501434298
HND,2017,1.2500956409390138,0.7575325644871691,1.0537595360995078,0.19582476438403917,0.09275434459116975,1.6213135427268894,1.4666355762309087,0.822601239497971,0.432,8.83576880601577
HND,2018,1.235765699278912,0.6572975543899219,0.9884128767907459,0.14727578529492424,-0.052079101893886974,1.5363353748276976,1.5349608280512468,0.8496033171110763,0.441,8.802397847605008
HND,2019,1.194615218584635,0.6934898983787039,1.0111080482554078,0.1856689313747613,0.012978815651306784,1.6361996129328693,1.4995185706641299,0.8452451653102581,0.429,8.900904457846961
HND,2020,,,0.9116557685424781,0.1450413069359218,0.0022279129774486523,1.3965673577519562,1.9490997152466105,1.4400642551555252,0.447,
HND,2021,0.9711231647730948,0.5759696173064629,0.7547886873711388,0.016649418356681395,-0.1246298983914167,1.1849115670499757,1.1910698073789066,0.7039147401729192,0.43,9.037564073905747
HND,2022,0.8742715502980534,0.47347012211190526,0.6583434548573593,0.04195995376384169,-0.04267758434112871,1.210430952172497,1.1711207537518322,0.6677575181086136,0.389,9.128856092403659
HND,2023,1.0849688611526624,0.5426161158694408,1.034650837679564,0.1680478722725436,-0.05922462240778796,1.482239412302287,1.4614115638762373,0.8965129372537113,0.444,9.163527027610337
HND,2024,1.0407769148731287,0.5449935244194847,0.9779668041917255,0.16103077147336028,-0.061040391584292704,1.290578188328545,1.3493568048053306,0.8695966531309416,0.426,9.275620867782457
HRV,1996,,,,,,,,,,
HRV,1997,,,,,,,,,,
HRV,1998,,,,,,,,,,
HRV,1999,,,,,,,,,,
HRV,2000,,,,,,,,,,
HRV,2001,,,,,,,,,,
HRV,2002,,,,,,,,,,
HRV,2003,,,,,,,,,,
HRV,2004,,,,,,,,,,
HRV,2005,,,,,,,,,,
HRV,2006,,,,,,,,,,
HRV,2007,,,,,,,,,,
HRV,2008,,,,,,,,,,
HRV,2009,,,,,,,,,,
HRV,2010,0.7591352869547114,0.5038937584867307,0.22103213735627875,0.1551213606092972,0.12805384354487867,,,,0.288,7.140567933489911
HRV,2011,0.7665713662266526,0.4944112835129986,0.25499121286566406,0.11740214152032767,0.08164455663540146,1.2105536850523795,0.7944161104808783,0.5308104096136396,0.282,7.129879110558853
HRV,2012,0.7311005598463978,0.5374072961936714,0.17910462685314246,0.12073533745439075,0.08811613660468214,1.1302834767729448,0.7935948822862673,0.5261421003249125,0.277,7.122335872595822
HRV,2013,0.7163215224384132,0.5039123551776685,0.24880193040548954,0.13276114940795314,0.11014298332173279,1.0650580978995108,0.7227886732126618,0.5268727553063645,0.285,7.08182118480812
HRV,2014,0.6381354912115982,0.4520549287239047,0.14128305855788414,0.10889829395461824,0.09238005398333095,0.9923692236672333,0.6489023236138093,0.45071424475296673,0.284,7.067890018556537
HRV,2015,0.7196603927660459,0.5139071279287221,0.11297890159824328,0.07590457171846972,0.06882723794609345,1.1150844277418788,0.7240693625057025,0.4404181635741595,0.299,7.163349756990854
HRV,2016,0.65615329252161,0.48029816254330626,0.1674637879213228,0.0871253864730089,0.0812336539474063,1.0731438125114625,0.6904284356733954,0.4073042726365572,0.294,7.146050659377099
HRV,2017,0.7045767632764132,0.4996698392796026,0.22298806346548328,0.09178854931042735,0.08902992634430873,0.9985758201250793,0.6884873865515568,0.4400297017277354,0.299,7.199965832368892
HRV,2018,0.6393239714363166,0.4541508701255881,0.17303749304751265,0.031067730143553744,0.026113545050244148,1.0649821540252395,0.6364027288053007,0.3498204842351406,0.288,7.205531236339145
HRV,2019,0.6944266631599347,0.4482312425583571,0.1964275060022289,0.045664559025336976,0.05007807204537271,1.0828251276684422,0.6182948086586112,0.3537534476184946,0.285,7.268123295127118
HRV,2020,0.6464387736723591,0.4112973609717841,0.15649859422908785,0.03991033155211342,0.08963886860120152,0.9415733231772415,0.5620264672415554,0.3290026060631217,0.283,7.324687718531195
HRV,2021,0.7042642152601215,0.4535056879636706,0.29759006759082623,0.060476746660558564,0.0688171287249995,0.9666107026028208,0.6625310266032169,0.37836846338919444,0.283,7.3900122781188875
HRV,2022,0.6555824005906293,0.37185837074031197,0.2207418830103144,0.039849978141135355,0.060491288598728016,0.7901922341386054,0.5633941644218273,0.30079468695109957,0.272,7.427787590830905
HRV,2023,0.7639555816253619,0.49181770375831,0.2752510445932763,0.10292432865380668,0.0812714676907037,1.0205966419306933,0.701717445080153,0.4516567341951283,0.331,7.266040026491529
HRV,2024,0.72912706381607,0.4697111947039294,0.19498226659777265,0.08615802369565244,0.04163116234521482,0.9759502924835185,0.6832426447768003,0.39955810644886475,0.332,7.733395438201396
HUN,1996,,,,,,,,,,
HUN,1997,,,,,,,,,,
HUN,1998,,,,,,,,,,
HUN,1999,,,,,,,,,,
HUN,2000,,,,,,,,,,
HUN,2001,,,,,,,,,,
HUN,2002,,,,,,,,,,
HUN,2003,,,,,,,,,,
HUN,2004,,,,,,,,,,
HUN,2005,1.0075347824941274,0.6873246069224347,0.4490516917734774,0.11868351409636925,0.03456276864729498,,,,0.354,6.12930943571793
HUN,2006,1.0515795941953237,0.6936717855871544,0.4107231497480796,0.11012450209474403,0.0063971884139317455,,,,0.379,6.227753320171879
HUN,2007,0.9681501551210907,0.6607865672867269,0.36050518864237824,0.17466924517615934,0.06434022023860356,,,,0.346,6.450967928699018
HUN,2008,0.970323937129774,0.6563796728954944,0.35359719265750345,0.1428211624753766,0.026857648351108005,,,,0.328,6.611546288810545
HUN,2009,0.9569916938540007,0.6395156707255336,0.34344174292233565,0.1257561424811233,0.031299179949309114,,,,0.332,6.683066784858138
HUN,2010,0.8939028032480869,0.5829346799579225,0.36300120621243853,0.12668141383908002,0.08029126579518153,,,,0.314,6.579789955750516
HUN,2011,0.8311578052491778,0.5768861188651011,0.3520970890742814,0.11687156461760712,0.08555237517625165,1.0800383777004787,0.8924584609102441,0.543106269194191,0.306,6.6335802411109785
HUN,2012,0.8625999373058733,0.5482493365362433,0.36227531395010826,0.10456755734882313,0.09446614735483858,1.0593745125455583,0.8955997732751758,0.5402851018392936,0.301,6.652027841971764
HUN,2013,0.8584516915829212,0.5165568479974271,0.2883385927260682,0.05221289396343488,0.032059777777119124,1.1207283435071176,0.8942034383839778,0.48531836338467477,0.294,6.633897213123426
HUN,2014,0.8330224106571423,0.5104039268655745,0.25891989569674134,0.03865653866830188,0.04542902141401487,1.0940169579402514,0.899250241879042,0.4806984213897434,0.302,6.662038866815536
HUN,2015,0.8578871545388235,0.5047033709964279,0.4253473289055042,0.05893957535619611,0.04186672623474346,1.0329248617428413,0.9212058516006898,0.5367209657898557,0.297,6.6246493864952445
HUN,2016,0.825580267638668,0.5040391639214525,0.35712508633641576,0.06544339317373782,0.0947956900682317,1.0806565219053341,0.9204058931917081,0.5377134419509284,0.301,6.659131085914118
HUN,2017,0.7431381715365416,0.49451069420466504,0.29856679569447214,0.05693183951574327,0.08391785272889443,0.9426857806112907,0.8474198696356561,0.5301349019972073,0.275,6.730311406918918
HUN,2018,0.8103784293238723,0.4019914755504623,0.21967408953251932,-0.0006709592138766739,0.052980007331831405,0.9304638864873415,0.7905936087682175,0.40280181369969,0.327,6.742723783868642
HUN,2019,0.609538743439858,0.30350142731381136,0.09516021780067796,-0.05179114209156446,-0.030792275660452246,0.8259982044570173,0.7560582872241506,0.3286831882255593,0.318,7.028089723691197
HUN,2020,0.712204362846596,0.37399402749773913,0.2705483163910943,0.049355550716481414,0.0758001835082275,1.0869540192546843,0.8121395068983709,0.381333691932671,0.28,6.886192463463189
HUN,2021,0.5942535765400326,0.3340187954312479,,0.020113896380220923,0.10096093837149853,0.7593465517460857,0.6953663476317098,0.3174567964322704,0.256,6.785103912208873
HUN,2022,0.45592910019700594,0.29042288290455903,0.15041459144564115,0.020648684306360892,0.0713469214728189,0.6112990757549818,0.5435624419730517,0.29060312543282896,0.245,6.866966617239672
HUN,2023,0.34681312159659267,0.21465792595266786,0.09554933194049918,0.016997402949825043,0.07251576989683979,0.5214247947891086,0.3805838952896516,0.1757194780278168,0.266,6.853631667233059
HUN,2024,0.43616021464874444,0.2715939365626237,0.16331445189282107,0.0372977135454396,0.06907374273831184,0.5888377102114949,0.46175423552375233,0.27885870878087166,0.257,7.007893783643103
IDN,1996,1.0170683273414431,0.5292998332284502,,,,,,,,12.911076455138394
IDN,1997,0.99089757407513,0.49486131292416924,,,,,,,,13.048575178117813
IDN,1998,0.9922805077444273,0.5074460509633973,,,,,,,,13.223238258227884
IDN,1999,0.9512689491136661,0.4298774318972295,,,,,,,,13.42644792524058
IDN,2000,0.9840284436011346,0.4688229069224129,0.8211272887846194,0.23557336728536243,0.20049948666548773,,,,0.387,12.971997894671118
IDN,2001,0.6532638287787398,0.15544686856675663,0.6592906299826884,0.24223433999615673,0.1877784583609905,,,,0.384,13.289345137144418
IDN,2002,0.8896043706667575,0.4318810627852253,0.6054400393543238,0.1927823624665511,0.1497015182659448,,,,0.365,13.4470043454891
IDN,2003,0.6128932800386299,0.15046039641683023,0.6114232331949412,0.20222657610652012,0.1607447220325125,,,,0.356,13.575805184940926
IDN,2004,0.614874952322046,0.1582185673672249,0.5630665274198372,0.1628041302853382,0.1639797294901895,,,,0.368,13.641182265742712
IDN,2005,0.8885870796786445,0.43519696787197615,0.4970940675717477,0.13894713218346896,0.11277768032447566,,,,0.368,13.653920666189045
IDN,2006,0.9559030394060841,0.4686431174833238,0.5297284737064561,0.15925671262479574,0.21425325174613435,,,,0.395,13.810948111817396
IDN,2007,0.978175431943068,0.5159332307750715,0.6206231356217472,0.23070024901071376,0.22693047638153574,,,,0.422,13.888157610923601
IDN,2008,0.9033918706593407,0.5600716288811171,0.4310974996516876,0.16343048542458788,0.22081875826029496,,,,0.432,13.945728271789473
IDN,2009,1.0493849035717844,0.5407973947213762,0.5807086332745373,0.17878540611453805,0.22655599328645534,,,,0.437,14.081716766550006
IDN,2010,0.9436435199935063,0.5189145639342735,0.590252046499612,0.16949027920140897,0.19881056400681293,,,,0.43,14.132690187578275
IDN,2011,1.1128646034584981,0.5838695304413072,0.8522905795369793,0.25966517566695785,0.2702159986576902,,,,0.47,14.102025553146241
IDN,2012,1.1314619071515426,0.6396406376562093,0.7837936471684996,0.2050508308597468,0.17795595921589766,,,,0.455,14.163947937339879
IDN,2013,1.1196240606515522,0.6161341862227132,0.7996650403310545,0.19675144386032384,0.16260514190310385,,,,0.458,14.26995989014119
IDN,2014,1.111506178969433,0.6112055058146193,0.7859663357178667,0.1977828711227074,0.15566986078864367,,,,0.468,14.348393366776516
IDN,2015,1.1748196064088452,0.7048176362963277,0.7959017634749239,0.19576990060385135,0.2061533383033078,,,,0.489,14.413265875883942
IDN,2016,0.9435326578965714,0.5362827857904844,0.7284397030158992,0.1301124324517563,0.11858535055611649,,,,0.418,14.569561691206507
IDN,2017,0.9740717031436937,0.5278056115578057,0.7795953511144963,0.13808948056690404,0.09476735486719762,1.6097341250656134,0.8269760320737038,0.561883747361839,0.439,14.70492360002467
IDN,2018,0.9296463724370868,0.509236341142481,0.7163258564053583,0.10846104382052868,0.0899495191306388,,,,0.426,14.718046693595126
IDN,2019,0.8541802066533521,0.45953305332854605,0.6418261528309028,0.06604689456534514,0.06612855199923323,1.4690308324282246,0.6760609332491775,0.4297801749761705,0.416,14.76690304286424
IDN,2020,0.8703764332332652,0.46238802675084767,0.68588920945275,0.05938365672169585,0.05176997004823841,1.4179534455459357,0.6920551982923081,0.42485388786465705,0.419,14.756107459769453
IDN,2021,0.8777817063091246,0.44817861750157467,0.6816516215304391,0.0607939795826678,0.01329210481271804,1.3883731339998904,0.707932742156979,0.45019123975092035,0.414,14.736393973303787
IDN,2022,0.8451527607672887,0.4632757769656805,0.6531781396282398,0.04776565941714296,0.07390830180991866,1.322955097450915,0.6487544405460085,0.4024556142121252,0.409,14.805064645918682
IDN,2023,0.8151751755011395,0.457629782617261,0.6228111135512057,0.005105926390501092,0.02923072253995853,1.3335275004848934,0.5930641502219662,0.3124955245091074,0.401,14.83728816767222
IMN,1996,,,,,,,,,,
IMN,1997,,,,,,,,,,
IMN,1998,,,,,,,,,,
IMN,1999,,,,,,,,,,
IMN,2000,,,,,,,,,,
IMN,2001,,,,,,,,,,
IMN,2002,,,,,,,,,,
IMN,2003,,,,,,,,,,
IMN,2004,,,,,,,,,,
IMN,2005,,,,,,,,,,
IMN,2006,,,,,,,,,,
IMN,2007,,,,,,,,,,
IMN,2008,,,,,,,,,,
IMN,2013,,,,,,,,,,
IMN,2014,,,,,,,,,,
IMN,2016,,,,,,,,,,
IND,2005,0.9837292879542591,0.43368307845289317,1.0233649613498,0.20027857846203334,0.2514014096498964,,,,0.49,8.54124227991622
IND,2010,1.0159416904340535,0.4764498024638748,1.0275573171151426,0.21691742151026228,0.2028124299989595,,,,0.494,9.16799878596138
IND,2012,1.044513870111157,0.5599152484295487,0.7928275141333365,0.19741562497622503,0.26900690751865103,,,,0.491,9.385187145385938
IND,2018,0.9094829049786481,0.4884270637844361,0.8452296683802794,0.2667949693334967,0.22507950648046035,,,,0.444,9.660076687225596
IND,2019,0.8641387749050551,0.4859173978852619,0.7007257475961981,0.2469771073723299,0.18389841897878512,,,,0.445,9.667723319403104
IND,2020,0.9218630450751445,0.5441088451814332,0.8714288914885417,0.2794571059919436,0.19003092777699457,,,,0.45,9.74314572202583
IND,2021,0.8773340818686831,0.5274495225080171,0.7875672024489162,0.27854174788526265,0.25896412372877015,,,,0.435,9.77469212749202
IND,2022,0.9554603380416506,0.5963174626075265,0.7599493232888492,0.3075589292346498,0.29973588256753186,1.5297764685271245,1.2541371584886556,0.8695300762538342,0.441,9.841580446187859
IND,2023,0.948881702745378,0.5734467265437097,0.9042158133421438,0.32174675794634616,0.31023683210801606,1.542847504369061,1.2965609250830745,0.8534202836067803,0.437,9.892603131556582
IND,2024,0.9074818739278304,0.5791300278044952,0.8599685457954171,0.27054613494511726,0.25713101860234067,1.4732465654316997,1.2613830353106592,0.8235943173209044,0.429,9.94326580254454
IRL,2002,,,,,,,,,,
IRL,2004,0.6623628440732863,0.5257444181723682,0.13704285181149373,-0.08516980656259283,-0.1600145939188427,,,,0.373,7.756608357961156
IRL,2005,0.6208242205918093,0.5438437956663433,0.3587384165504802,-0.055292924943432256,-0.14443134694500454,,,,0.38,7.77161269847404
IRL,2006,0.6479568444116691,0.5671935740312161,0.3861327907933856,-0.05901266825924587,-0.20216649699789352,,,,0.397,7.832727021611961
IRL,2007,0.5914240076730557,0.49880373227208097,0.22950997114109525,-0.10498039252701676,-0.1641850828459517,,,,0.384,8.078611016946756
IRL,2008,0.6731130277387616,0.5472437275786785,0.35207488014567817,-0.0765140201627843,-0.17980658682256057,,,,0.39,8.120069695123805
IRL,2009,0.6148044196134118,0.5417974082346965,0.5756874573771097,-0.03919991058655208,-0.17257255760300486,,,,0.396,8.079310051362288
IRL,2010,0.6487890518505294,0.5722276957770163,0.5870189792143937,-0.03751721835297327,-0.1265072065165743,,,,0.402,8.117011103549032
IRL,2011,0.7206764891739253,0.6424766421323819,0.351056388856456,-0.07331758487345444,-0.15436143480034287,1.1255149217778266,0.9754060989431447,0.4222728046514486,0.409,8.138359692876984
IRL,2012,0.6318772405668207,0.5650172320716327,0.09885616459453102,-0.09488436357707564,-0.1920291944492738,1.1959526500321682,0.9816074024386369,1.0845234298236388,0.39,8.13672045584399
IRL,2013,0.6852570363435856,0.6722526136398298,0.21594236089244295,-0.17939066079600968,-0.25967827941372684,1.1593970806136205,0.9770482705021121,1.118379459666895,0.403,8.196075665544656
IRL,2014,0.6422613360618705,0.6457925178911545,0.4036737567043316,-0.26439709134325673,-0.32258821619065,1.1685635996610777,0.9212696763184435,0.443329932046774,0.408,8.187504812312246
IRL,2015,0.6061493025645388,0.6203641299978591,0.406602697363605,-0.22004647490003815,-0.33138365883285836,1.133398236203381,0.995547276663987,0.4621186783017926,0.402,8.177675361681036
IRL,2016,0.6628753793609101,0.6355419974295702,0.5472621187614389,-0.07865568009766484,-0.16012113121104488,1.056794314240082,0.898821255800278,0.43636446901466447,0.403,8.210326668557565
IRL,2017,0.6376576289643076,0.6340857839252331,0.40358904571707227,-0.14591310739665933,-0.24982906245121428,1.1630352296654152,0.9133561352126913,0.3937398609748785,0.393,8.22194093730755
IRL,2018,0.5950899824842195,0.6145856765159657,0.4187676455823532,-0.15584398089928023,-0.1876279178732551,1.0875756882793466,0.9321661016592253,0.3586303339968276,0.401,8.265643221111773
IRL,2019,0.5727319584246873,0.6087180941551611,0.42298100786014664,-0.20126843401549646,-0.2946914783210426,0.8838965011464274,0.8449572495083136,0.46609720884136635,0.402,8.173649651960543
IRL,2020,0.6819737918599905,0.5743664489943785,0.3926368461434285,-0.1437771173515258,-0.213730265820794,1.1536115006539904,1.000512638287397,0.5496531447965046,0.396,8.287652974992499
IRL,2021,0.7488518293269482,0.5241464006384722,0.6887763057135926,-0.13203068979879584,-0.20413854559721462,1.2429748434590149,0.9883081030250414,0.458323378127222,0.396,8.353025138155175
IRL,2022,,,0.6841160376781237,-0.15930815280101357,-0.22879592394660986,1.20443344115222,1.045253451380624,0.46294929784922606,0.41,
IRL,2023,,,0.6780507122631444,-0.06407539978518814,-0.11778247705105191,1.1318335432387032,0.9450975989614494,0.5511426249207491,0.399,
IRL,2024,,,0.6392639766661016,-0.11500138203615004,-0.1777653337004656,1.1132813567854862,0.9588266637606784,0.49090638679211623,0.4,
ISL,2004,0.7083142446925417,0.3358829893259184,-0.21354808401664865,-0.009048824436420497,0.02871057964128383,,,,0.36,7.891036024628785
ISL,2005,0.6666122598303084,0.3427720593229458,-0.25684416934665816,-0.02278210664792381,0.014403878123425898,,,,0.356,7.954827576168803
ISL,2006,0.6257890064409777,0.36200658364747623,-0.08720375730054496,0.04941703864614614,0.1500725720204143,,,,0.336,8.2264638139766
ISL,2007,0.5846464885036167,0.34935081167200416,-0.2376209561172475,-0.034814311766646004,0.04863137602768682,,,,0.342,8.347532111492043
ISL,2008,0.5913805658112058,0.32718192406872054,-0.053140085462948385,-0.028352994292443177,0.03231428178804855,,,,0.337,8.436254248910885
ISL,2009,0.61340731189468,0.33260727840164206,-0.25177812147933715,-0.05015464021845484,0.040953728056052505,,,,0.324,8.040535150603136
ISL,2010,0.4936527804691586,0.25132320445913753,-0.387785588221276,-0.0568068242942021,-0.05403803833519816,,,,0.318,7.840602591123971
ISL,2011,0.48431664554816456,0.2751166567543751,-0.43028664482526174,-0.11366077234515352,-0.09993427000220041,0.9840779936528933,0.6383335176358733,0.13121751319911235,0.329,7.9123795467418425
ISL,2012,0.4765456365387231,0.20545713843944297,-0.5551790967181175,-0.15747130218943428,-0.13424572901100706,0.9200312471084832,0.5798221029669562,0.11506299431850366,0.336,7.979737445967429
ISL,2013,0.42767395835242944,0.17975906915819517,-0.6133945652948078,-0.14345114111958496,-0.08042452587719384,0.9750001142412433,0.5867591840052385,0.12935561555306496,0.334,7.918152193419466
ISL,2014,0.4203235004444152,0.1600483481634708,,,,0.8942780693113962,0.4279942211681926,0.09696170784279784,0.311,8.119937295332774
ISL,2015,0.41077054593220325,0.21753656556223455,,,,0.9078833960381817,0.42389880979700234,0.11778303565638346,0.309,8.1153185299334
ISL,2016,0.4551932697864127,0.23855922967049067,-0.43943148858295566,-0.09446173206495197,-0.04787152229253046,0.8646635662465102,0.39910241432033566,0.05241374268404014,0.308,8.32593171233441
ISL,2017,0.46874197445085897,0.19812369527121454,-0.5852481992296216,-0.07405552957366765,-0.08213838672447875,0.8169533599392438,0.5074185304232655,0.19844822725766506,0.304,8.552718430863868
ISL,2018,0.5196101927947802,0.26232273356955177,-0.44865448293167615,-0.04843186397947595,-0.0762671605200879,0.7932960430622749,0.4936861025102187,0.20168137210149253,0.301,8.705311249324
ISL,2019,0.519053827864249,0.3000646822523691,,-0.13025752556531567,-0.13711583148533882,0.9189757469113052,0.6518115348292591,0.17617204352525528,0.311,8.651090492088244
ISL,2020,0.4490889485605072,0.25710840162549925,,-0.11735888218543943,-0.08794034504865261,0.7948379240065443,0.5399809255253741,0.18710325116672064,0.312,8.62303427158444
ISR,1996,,,,,,,,,,
ISR,1997,,,,,,,,,,
ISR,1998,,,,,,,,,,
ISR,1999,,,,,,,,,,
ISR,2000,,,,,,,,,,
ISR,2001,,,,,,,,,,
ISR,2002,,,,,,,,,,
ISR,2003,,,,,,,,,,
ISR,2004,,,,,,,,,,
ISR,2005,,,,,,,,,,
ISR,2006,,,,,,,,,,
ISR,2007,,,,,,,,,,
ISR,2008,,,,,,,,,,
ISR,2009,,,,,,,,,,
ISR,2010,,,,,,,,,,
ISR,2011,,,,,,,,,,
ISR,2012,,,,,,1.323363832402927,1.1327547257695363,0.5932443986550884,,
ISR,2013,,,,,,1.4221657256932776,1.1945242334137927,0.5565554435869514,,
ISR,2014,,,,,,1.4410779939356162,1.2564285686220875,0.5109705408012417,,
ISR,2015,,,,,,1.5759594854485381,1.304532593999204,0.5258982319529514,,
ISR,2016,,,,,,1.433545405703745,1.1971794467071282,0.45080901713890315,,
ISR,2018,,,,,,1.403517270010132,1.1856119672200656,0.5386840323216198,,
ISR,2021,,,,,,1.383951525218118,1.106124304306832,0.49091758351446113,,
ITA,2002,,,,,,,,,,
ITA,2006,,,,,,,,,,
ITA,2007,0.5380250051294593,0.3437424669092225,0.5459887811107683,0.004771649262745526,-0.04141044807273938,,,,0.289,7.910237284986816
ITA,2008,0.35307618273873626,0.22849353198352074,0.28531590676070256,-0.009855616626922147,-0.04959751692881603,,,,0.217,7.09852521418066
ITA,2009,0.35193422501653226,0.22669264189439037,0.2940316335973898,-0.012870038583915437,-0.05831157672720672,,,,0.218,7.111780432861517
ITA,2010,0.3578628307165527,0.22772947992237436,0.29348503091625316,-0.026452632922978773,-0.07252105152239108,,,,0.222,7.128611416158212
ITA,2011,0.3698918775675488,0.24256220271873055,0.3263654119469017,-0.04255951445981417,-0.07805890155837501,,,,0.221,7.1379435578310515
ITA,2012,0.36285853550653163,0.2326011961213272,0.34570214222172696,-0.05568617426976092,-0.09459954739808335,,,,0.224,7.137680582144458
ITA,2013,0.37603693850113007,0.2393808310353003,0.3300723799468171,-0.06203812887489701,-0.09984282861572251,,,,0.227,7.142482677719701
ITA,2014,0.3434479489684385,0.22094605659893926,0.31980304009030464,-0.07507776787525998,-0.10722246399600822,0.9845833065339064,0.6305491947618684,0.3116525905813122,0.222,7.1595026135455955
ITA,2015,0.3368145351027927,0.22013439561907064,0.32281288111109363,-0.08767745131910001,-0.11933085114995844,0.9647407762980152,0.615986748762058,0.2924013360402775,0.219,7.175940262456152
ITA,2016,0.33228621459461116,0.21661277602766824,0.28917642673863264,-0.09898949047864208,-0.13407097154467526,0.9647198826875378,0.6007153359744084,0.28849510630510966,0.22,7.184809576167091
ITA,2017,0.3173723073840714,0.19625751505155356,0.3095955755559084,-0.10125691251121784,-0.13108762425577072,0.9035674657671999,0.5755173354019749,0.27508514722127764,0.218,7.189818847157733
ITA,2018,0.29927593217868476,0.1878108011810342,0.2891219119609972,-0.10170216728419999,-0.12514587614703004,0.8818758741618835,0.5711964172977597,0.2512072757759384,0.214,7.199256299958307
ITA,2019,0.30663123399473935,0.2011896060053939,0.2519117826034672,-0.10690555278976627,-0.12548350529760036,0.8802560610699403,0.5625372176648733,0.2536301967729176,0.213,7.211536068893651
ITA,2020,0.3197844065143794,0.206215309440396,0.280806212092625,-0.08952110903890088,-0.11392780238148109,0.8853424307278012,0.5675108244362909,0.2650049365840906,0.216,7.219265688206495
ITA,2021,0.52428246091802,0.32448487971019085,0.5653366924789567,-0.08567920657923919,-0.11855571494723895,1.3400203791738412,0.7074223041081886,0.3533477202755259,0.337,8.031980082204289
ITA,2022,0.5164135617853789,0.3228695917466725,0.4165614303194926,-0.1188069822298871,-0.17424641745815572,1.2945381181981022,0.6033583712884156,0.32664553593351303,0.332,8.04436894797572
ITA,2023,0.505640364529816,0.2884626399709656,0.37464049402348915,-0.11770459102057393,-0.18591865486980436,1.413879521084441,0.6576302517740459,0.36999388394335725,0.32,8.072061046567235
ITA,2024,0.4879551203757733,0.2786238684414666,0.41873672992980826,-0.11656295306397958,-0.14560395723276473,1.5448263921412173,0.6605899647678494,0.34787961092649783,0.324,8.110690945666715
JAM,1996,,,,,,,,,,
JAM,1997,,,,,,,,,,
JAM,1998,,,,,,,,,,
JAM,2001,,,,,,,,,,
JAM,2002,,,,,,,,,,
JAM,2003,,,,,,,,,,
JAM,2004,,,,,,,,,,
JAM,2005,,,,,,,,,,
JAM,2006,,,,,,,,,,
JAM,2007,,,,,,,,,,
JAM,2008,1.2399802348163125,1.0276038415252426,0.6970296230718878,-0.006710469876618285,0.06848995462177032,1.780641499144802,1.4455354244705914,0.8195201109584896,0.462,10.328042452234111
JAM,2009,1.1809711718096714,0.958133786759199,0.6629911509817312,0.015942307956336502,0.03404486330487537,1.4652626190204634,1.4449568437434601,0.7906624038566396,0.456,10.258854055839636
JAM,2010,1.1583268518897856,0.881477204525725,0.6184571149495051,0.08269304523715112,0.07991616150658895,1.5637417827317832,1.3947959176358844,0.7875625248432743,0.444,10.282889823057607
JAM,2011,1.2133824773232442,0.9868184177095657,0.6090743907885253,0.029376696513897533,-0.1536696903863355,1.3707111136655725,1.5142111911331557,0.873556812096002,0.466,10.358044652275106
JAM,2012,1.3360452236197868,1.0807868016862965,0.5944381998887467,0.14568874457516018,0.05389041124594901,1.58692325726043,1.595911853934195,1.1100679074054272,0.48,10.330046545411866
JAM,2013,1.353776339155771,1.1090874315150694,0.8243778637217022,0.20872663109018236,-0.14516615113477777,1.7554297566649524,1.6885558927190651,1.2022999896256272,0.511,10.487364668434445
JAM,2014,1.3855392887554365,1.1282793083662788,0.5374248184116804,0.14168636641163093,-0.03095938023927765,1.7593182096632527,1.5651934039119615,1.1960590548107386,0.516,10.522439791776028
JEY,1997,,,,,,,,,,
JEY,1998,,,,,,,,,,
JEY,1999,,,,,,,,,,
JEY,2000,,,,,,,,,,
JEY,2001,,,,,,,,,,
JEY,2002,,,,,,,,,,
JEY,2003,,,,,,,,,,
JEY,2004,,,,,,,,,,
JEY,2005,,,,,,,,,,
JEY,2006,,,,,,,,,,
JEY,2007,,,,,,,,,,
JEY,2008,,,,,,,,,,
JEY,2012,,,,,,,,,,
JEY,2013,,,,,,,,,,
JEY,2015,,,,,,,,,,
JEY,2016,,,,,,,,,,
JOR,2016,,,,,,1.3789790395435177,0.5952096455732395,0.5440621344062985,,
JOR,2017,0.3696448456515447,0.310641359442571,0.3298791022390925,0.0498698705274356,0.04728684303765738,0.8317778445507481,0.6398198062185272,0.42005712450925575,0.247,5.86671165332361
JOR,2018,0.3033295990739729,0.30329196488456184,0.2978702785205831,0.07858742116051527,0.0290438133221322,0.753679294243699,0.5598084913193317,0.4010794729698354,0.215,5.803844980612727
JOR,2019,0.31190064739802376,0.38031979112407593,0.27480968343512413,0.05812106562950052,-0.03674940035712404,0.709256400519903,0.540793495897566,0.4374204153572634,0.21,5.768417866101692
JOR,2020,0.37372884153859,0.4078324391654045,0.299270816652632,0.01056255768001273,-0.051534213929734264,0.7068830885121111,0.6126267047332771,0.4557973023934781,0.217,5.773715792673542
JOR,2021,0.3885581993489774,0.4133834502585189,0.27428612355282445,0.033953253723255514,-0.015867244548407627,0.8054657557098205,0.6674929504645221,0.4919440145053277,0.227,5.820257989212641
JOR,2022,0.38506418740535386,0.42545540689916933,0.2583676288782078,0.02379606510832693,-0.0004712227405043151,1.1036021370770805,0.6509541431377822,0.44144753005433,0.228,5.830547275447699
JOR,2023,0.3919262159150298,0.4501447651129043,0.19937244006495147,-0.0030014768149529076,0.0485289174988412,1.0318241907603476,0.6883830890725688,0.4462387712204439,0.219,5.83304602297551
JOR,2024,0.3904314039562619,0.43285825721609217,0.2607070202336436,0.026369187852653433,0.06939504240692683,0.924584010147095,0.6975024996130609,0.4617724134788263,0.22,5.861708874615434
JPN,1996,,,,,,,,,,
JPN,1997,,,,,,,,,,
JPN,1998,,,,,,,,,,
JPN,1999,,,,,,,,,,
JPN,2000,,,,,,,,,,
JPN,2001,,,,,,,,,,
JPN,2002,,,,,,,,,,
JPN,2003,,,,,,,,,,
JPN,2004,,,,,,,,,,
JPN,2005,,,,,,,,,,
JPN,2006,,,,,,,,,,
JPN,2007,,,,,,,,,,
JPN,2008,,,,,,,,,,
JPN,2009,,,,,,,,,,
JPN,2010,,,,,,,,,,
JPN,2011,,,,,,,,,,
JPN,2012,,,,,,,,,,
JPN,2013,,,,,,,,,,
JPN,2014,,,,,,,,,,
JPN,2015,,,,,,,,,,
JPN,2016,,,,,,,,,,
JPN,2017,,,,,,,,,,
JPN,2018,,,,,,,,,,
JPN,2019,,,,,,,,,,
JPN,2020,,,,,,,,,,
JPN,2021,,,,,,,,,,
KAZ,1996,,,,,,,,,,
KAZ,1997,,,,,,,,,,
KAZ,1998,,,,,,,,,,
KAZ,1999,,,,,,,,,,
KAZ,2000,,,,,,,,,,
KAZ,2001,,,,,,,,,,
KAZ,2002,,,,,,,,,,
KAZ,2003,,,,,,,,,,
KAZ,2004,,,,,,,,,,
KAZ,2005,,,,,,,,,,
KAZ,2006,,,,,,,,,,
KAZ,2007,,,,,,,,,,
KAZ,2008,,,,,,,,,,
KAZ,2009,,,,,,1.112268353974967,0.5585050454051852,0.1180469310155413,,
KAZ,2010,,,,,,1.4063625053139386,0.8211256259349108,0.05378272441676481,,
KAZ,2011,,,,,,,,,,
KAZ,2012,,,,,,,,,,
KAZ,2013,,,,,,,,,,
KAZ,2014,,,,,,,,,,
KAZ,2015,,,,,,1.7026814291625287,0.9788319223181088,0.09235403848320936,,
KAZ,2016,,,,,,1.7290741365802575,1.0326724415443405,0.14615069566160435,,
KAZ,2017,,,,,,1.5802371275259202,0.9742029556441194,0.02416236547714975,,
KAZ,2018,,,,,,,,,,
KAZ,2019,,,,,,,,,,
KAZ,2020,,,,,,,,,,
KAZ,2022,,,,,,,,,,
KEN,1997,,,,,,,,,,
KEN,2005,2.4355676428753523,1.4215880827112262,,,,2.3736629030676344,2.037865684122186,1.5420876554972205,,8.974157932622656
KEN,2016,2.0603007435178977,1.295009410990843,,,,,,,,9.581441476666754
KEN,2019,1.7421114964235986,1.5489345848554672,1.6434445313061037,0.6029490524552047,0.27249295230155196,2.49986758721581,1.8768072699252778,1.3163570709249601,0.682,9.542006003930585
KGZ,1996,,,,,,,,,,
KGZ,1997,,,,,,,,,,
KGZ,1998,,,,,,,,,,
KGZ,1999,,,,,,,,,,
KGZ,2000,,,,,,,,,,
KGZ,2001,,,,,,,,,,
KGZ,2002,,,,,,,,,,
KGZ,2003,,,,,,,,,,
KGZ,2004,,,,,,,,,,
KGZ,2005,,,,,,,,,,
KGZ,2006,,,,,,,,,,
KGZ,2007,,,,,,,,,,
KGZ,2008,,,,,,,,,,
KGZ,2009,,,,,,,,,,
KGZ,2013,,,,,,,,,,
KGZ,2014,,,,,,,,,,
KGZ,2015,,,,,,,,,,
KGZ,2016,,,,,,,,,,
KGZ,2017,,,,,,,,,,
KGZ,2018,,,,,,,,,,
KGZ,2019,,,,,,,,,,
KGZ,2020,,,,,,,,,,
KGZ,2022,,,,,,,,,,
KHM,1996,0.40774000141630756,0.48670265938909907,-0.2463532087018366,-0.34255285952299735,0.20847787976233836,,,,0.431,11.356673726130174
KHM,1997,0.4172233917973107,0.13183478758927886,-0.16444855598169367,-0.2599941593810452,0.09960167316825463,,,,0.462,11.521855116691787
KHM,1999,0.5692863725598621,0.4404358323861946,0.23604846748011446,-0.20487524862725356,0.14469532688001352,,,,0.465,11.909181802201648
KHM,2000,0.009751717730376096,-0.0018541768842262056,0.015021998349116519,-0.38186068134626655,-0.15717487639467084,,,,0.388,11.954820350318968
KHM,2001,0.5390791526659973,0.3663992313065028,0.4327939983614482,-0.18607792505910958,0.06597602181066513,,,,0.409,11.960806892786549
KHM,2003,0.7482196477379213,0.43088462940188194,0.7600992381975303,-0.05110147146372823,0.009514912559729168,,,,0.455,12.153335309015477
KHM,2007,0.7992953410864204,0.44944973257450505,0.8127108698869591,0.29262622234096,0.5417819762948133,0.30008931432548513,0.8751376760151088,0.47857381064301346,0.44,12.594984345507687
KHM,2008,1.147731670463084,0.9398250028708928,0.7981850103046009,0.3032079397130869,0.5537457088316491,0.24283311488119236,1.0001215594352502,0.6072912008785701,0.427,12.712143435971475
KHM,2009,0.9136881714742336,0.5006723026161568,0.789590791439078,0.3052308569761825,0.3853723601178955,0.2938830949388582,0.7402502580376834,0.40667510481522906,0.413,12.711996411799145
KHM,2010,1.0305014171129725,0.7083356750934585,0.8082337762931258,0.27097520730128916,0.31880771833173616,0.3520559547795768,0.7677849246087854,0.41369098714820307,0.398,12.83086447277384
KHM,2011,0.9118518974377091,0.7289426101444303,0.5925133259022255,0.2410729675639768,0.3416549157125057,0.505056238010553,0.7088302675121164,0.4565199418890307,0.343,12.909494245510023
KHM,2012,0.5400966157600297,0.3664264454145247,0.12449614790079212,0.14051809994760664,0.2933544866550061,0.2484380322169144,0.1422681157943707,0.025934106143007125,0.329,13.070386767504637
KHM,2013,0.7570051573451074,0.5792917553383153,0.5854498753922286,0.19280142227230812,0.299296544323673,-0.044627330330546354,0.6115066462606132,0.36964170881923364,0.33,13.116535852315842
KHM,2014,0.5929325196746805,0.4338865109504814,0.5198434260826018,0.14856783303372373,0.2231895705846265,0.18455931731438882,0.49652881731957316,0.28309630553263054,0.309,13.321413273717253
KHM,2015,0.5990570917119641,0.43321602663539116,0.5944340799652018,0.13056635191475682,0.1689893055973105,0.33012619400907733,0.6306814844360786,0.320446642363295,0.291,13.39367326558627
KHM,2016,0.5522278632969927,0.3442958799544009,0.6624668094565955,0.14529649091978486,0.1340781171404764,0.7638738709955386,0.6821443490328352,0.3095917374687199,0.288,13.509000030756123
KHM,2019,0.46170011988692816,0.26412057773254616,0.5888651895349631,0.22410014549108423,0.07221328112655505,0.5460141417311336,0.6516458184409841,0.3901752944435063,0.283,13.882239909354718
KHM,2020,0.5068517444173831,0.31990426416787043,0.5935108664805231,0.18731572309878602,0.17074598211723904,0.7413073114790162,0.6510479433725627,0.39385032012514676,0.274,13.888837805789198
KHM,2021,0.5059689688673609,0.2613030966839735,0.6845096722174567,0.1494077340184237,0.11561589074067648,0.8580027275952108,0.7152105984963463,0.3859905177350491,0.263,13.893689789212846
KHM,2023,0.4898905309749236,0.26690876448299433,0.6073068058668276,0.13543850069636282,0.11439375031249385,0.8440778644602202,0.7436261426815547,0.4232879753892104,0.269,13.951928285114764
KIR,2019,0.797919796558766,0.2821746751065388,-0.7137497785777079,-0.04403525812710772,-0.07678848698116651,0.3425281904277048,0.0455305963079203,0.1931939465351274,0.44,6.2126982758715386
KIR,2023,1.037155239820735,0.6733028556210986,-0.2144394942571845,0.05169849312553298,-0.2154056312548967,0.9001257709347156,0.3713763526659323,0.3492168657137619,0.363,6.28870949912575
KOR,1996,,,,,,,,,,
KOR,1997,,,,,,,,,,
KOR,1998,,,,,,,,,,
KOR,1999,,,,,,,,,,
KOR,2000,,,,,,,,,,
KOR,2001,,,,,,,,,,
KOR,2007,,,,,,,,,,
KOR,2008,,,,,,,,,,
KOR,2009,,,,,,1.2235793339648542,,,,
KOR,2010,,,,,,1.254178263348774,,,,
KOR,2011,,,,,,1.2837111964218724,,,,
KOR,2012,,,,,,1.302691856078088,,,,
KOR,2013,,,,,,1.3056469049428183,,,,
KOR,2014,,,,,,1.4136012457969354,0.7313080565230008,0.14947002326193218,,
KOR,2015,,,,,,1.517524256756134,0.7755743111409144,0.23619474202583754,,
KOR,2016,,,,,,1.5020508120688396,0.731522454395308,0.2326652736721125,,
KOR,2017,,,,,,1.4204039124635224,0.6823552575246168,0.2166669669121916,,
KOR,2018,,,,,,1.4209825754007377,0.6482065399544418,0.21644233829926174,,
KOR,2019,,,,,,1.4982444061820193,0.6529792733978885,0.2281310928252489,,
KOR,2020,,,,,,1.5523597457554514,0.6814832404340309,0.22245365822027208,,
KOR,2021,,,,,,1.571540167189099,0.6706541045099303,0.21037285167390496,,
KOR,2022,,,,,,1.605831584878988,0.663623957425934,0.2237365272621528,,
KOS,2000,0.04252794068728642,-0.05914541454278771,0.07203665318132034,-0.15419641024644515,-0.05437620831109074,,,,0.468,6.12046663540227
KOS,2009,,,,,,,,,,
KOS,2010,,,,,,,,,,
KOS,2012,,,,,,,,,,
KOS,2013,,,,,,,,,,
KOS,2014,,,,,,,,,,
KOS,2015,,,,,,,,,,
KOS,2016,,,,,,,,,,
KOS,2017,,,,,,,,,,
KOS,2018,,,,,,,,,,
KOS,2019,,,,,,,,,,
LAO,2010,-0.07805592140385931,0.028164580510762233,-0.2390269626307332,-0.4683971353047003,0.1630834853072121,-0.3724802787745494,-0.2466962621558795,-0.5664712809635777,0.406,13.921578676711974
LAO,2017,0.17661780786577894,0.08107179746006202,0.049266233338841316,-0.13402118754714532,0.09257565249376097,0.22715994664225383,0.19014770298544603,0.030774529564541964,0.27,14.497117666291578
LAO,2022,-0.007324813785128509,0.04532392813150888,-0.06306540372083594,-0.29212449103927157,0.2468518761431204,0.03576155914306878,-0.13299988840283974,-0.0394845055488761,0.345,14.733398275577617
LBN,2007,,,,,,,,,,
LBN,2008,,,,,,,,,,
LBN,2009,,,,,,,,,,
LBN,2010,,,,,,,,,,
LBN,2011,,,,,,,,,,
LBN,2012,,,,,,,,,,
LBN,2013,,,,,,,,,,
LBN,2019,0.6220240479796901,0.28488697615849407,0.7824731420648489,0.3188337377386061,0.12485322763774734,1.3833126103145739,0.9502410510996718,0.6504113417778671,0.346,13.97759535754129
LBR,2010,0.7332715781020529,0.4920894754354672,0.30548550337517677,0.13848022372486934,0.2954143033366559,0.2821021986096129,-0.17610470226233255,-0.043781610082795526,0.706,5.619255282250677
LBR,2014,1.0203863449082982,0.4596021403845614,,,,,,,,5.513706933273812
LBR,2016,-0.12906245959257168,0.02849752102293237,,,,,,,,6.5606982202607504
LBR,2017,0.2649202465675841,-0.03760509386172929,-0.24165508680176512,0.5260583581744197,1.9691844946673485,0.4813380528322312,0.08451933261878045,-0.05661915952022614,0.849,7.176723076667205
LCA,2016,1.1896066317539196,0.7657026518459544,0.4690354299668781,0.014002961932182988,0.24599752258824292,,,,0.391,7.659856038885594
LIE,2005,,,,,,,,,,
LIE,2006,,,,,,,,,,
LIE,2012,,,,,,,,,,
LIE,2014,,,,,,,,,,
LIE,2016,,,,,,,,,,
LIE,2018,,,,,,,,,,
LKA,1996,,,,,,,,,,
LKA,1997,,,,,,,,,,
LKA,1998,,,,,,,,,,
LKA,1999,,,,,,,,,,
LKA,2000,,,,,,,,,,
LKA,2001,,,,,,,,,,
LKA,2002,,,,,,,,,,
LKA,2003,,,,,,,,,,
LKA,2004,,,,,,,,,,
LKA,2005,,,,,,,,,,
LKA,2006,,,,,,,,,,
LKA,2007,,,,,,,,,,
LKA,2008,,,,,,,,,,
LKA,2009,,,,,,,,,,
LKA,2010,1.0197457729419677,0.5396078601535091,0.7770687295131737,0.3236426234234012,0.2792449826589839,,,,0.362,9.528789957631579
LKA,2011,0.994211916475976,0.507982824594621,0.7410745218465389,0.2585743564012772,0.23162904791249353,,,,0.357,9.630886192352355
LKA,2012,,,,,,0.9217609396479544,,,,
LKA,2013,0.8790596163020225,0.45143860380118433,0.7333840429756574,0.26291795990360417,0.27520666113768494,1.1642913371652062,0.8513351647132729,0.5793747673359613,0.357,9.863149243104711
LKA,2014,0.8444132783143934,0.4561322025686288,0.655744322152086,0.25764488171393174,0.25945155652438395,1.1791835551558107,0.7759106950460264,0.5212329988182808,0.328,9.938365677209136
LKA,2015,0.9891784225683634,0.5166020413998056,0.8069651999208336,0.3267022624535619,0.28586958731883305,1.3239228479088494,0.945995763333265,0.6916630755945891,0.359,10.082667680204457
LKA,2016,0.9695755303473227,0.5256441675420943,0.8116586891527684,0.3028755119599884,0.2759759512650652,1.2977502830907854,0.9606108573415402,0.6663325368445769,0.359,10.203884694782195
LKA,2017,0.9503569332494516,0.5149357434986156,0.8151729073914104,0.26359945336902085,0.2518067612383736,1.2794460525714582,0.9014200181210419,0.5979726969392263,0.368,10.294264719014796
LKA,2018,0.8619047544043482,0.43070113498164614,0.7079292048034975,0.25417395384283714,0.2663872288794594,1.175632307166639,0.8204246593813911,0.5234656935350303,0.344,10.34441828740547
LKA,2019,1.0363876623768513,0.5202193508404764,1.078864087679721,0.27443178813504027,0.31857663645242185,1.3839200086808061,1.029464647718525,0.6358952809340463,0.389,10.504217260377445
LKA,2020,0.9671892482924404,0.42939507434620533,1.0981396444947717,0.25545710874768396,0.2751339357343577,1.2803962354502105,0.9871787691670274,0.7697987325163582,0.366,10.51954167924665
LKA,2021,1.0452913261482317,0.4730829506699341,1.2343000557487085,0.23492485053441792,0.2667801583038833,1.4919312294189706,1.1673205151131674,0.7973766449478014,0.38,10.591556309705402
LKA,2022,1.0969989996212266,0.5311359246853977,1.2830131925006365,0.24036434018311936,0.2833401236532997,1.4731201065093344,1.16831282871808,0.802933859711719,0.38,10.698614666017718
LKA,2023,1.0459649758450775,0.5238300629114321,1.3194680440675046,0.2254448584165895,0.2931864576675282,1.4834402579708923,1.1468265930132708,0.7744634707910868,0.383,10.759679556787253
LKA,2024,0.9356831775902225,0.5477541268334749,0.6752641031130769,0.20867780133852612,0.21538525199442932,1.2650849038763874,0.9665817538354552,0.7000884897435631,0.338,10.796365225342033
LSO,2019,1.5335846085256601,0.9415355422224702,1.3079785311433738,0.6842386148813671,0.5393581282132057,1.542209239135587,1.6736699224247655,1.221724054266209,0.529,8.116922469097002
LSO,2024,1.5620824371214008,0.9785051302958755,0.963496458689747,-0.040559732265616065,0.18020879304990517,1.5829988132846633,1.6476202613953799,1.1241402818958566,0.643,7.821740154411506
LTU,1996,,,,,,,,,,
LTU,1997,,,,,,,,,,
LTU,1998,,,,,,,,,,
LTU,1999,,,,,,,,,,
LTU,2000,,,,,,,,,,
LTU,2001,,,,,,,,,,
LTU,2002,,,,,,,,,,
LTU,2003,,,,,,,,,,
LTU,2004,,,,,,,,,,
LTU,2005,0.7744855597772208,0.6004553781889908,0.5801445002761499,0.12022762052655116,0.10656537145813577,,,,0.378,5.834655754293162
LTU,2006,0.8693229507313203,0.5653105646604661,0.6745837939844532,0.08173691030645244,0.10911304893942039,,,,0.37,5.968385257412085
LTU,2007,0.659315145159604,0.5249084085042214,0.23765794991203554,0.05988681022596871,0.1227000884894837,,,,0.36,6.196879878055434
LTU,2008,0.6605602295533294,0.497044607753245,0.3033356387682944,-0.041201525708386214,0.02563981430727509,,,,0.355,6.341749870832543
LTU,2009,0.6303061970509494,0.571833140674366,0.23492143884256927,0.007787504236551166,0.10784487709035727,,,,0.356,6.478296101745297
LTU,2010,0.608632775342601,0.6081616328132734,0.19068017573006324,0.11179120490934913,0.053061571523100454,,,,0.41,6.5803436706153935
LTU,2011,0.7797266937477372,0.5846487874591642,0.27793165073096343,0.08300682040676356,-0.06773429751513112,1.072808193156603,0.8455353188928807,0.5328711349068064,0.39,6.491142263211871
LTU,2012,0.7781800698207059,0.5395553360770867,0.4878114415190108,0.07554386247861056,-0.03545627283787573,1.159102881807766,0.9165279865240419,0.5366952643533602,0.374,6.576223020551792
LTU,2013,0.7866687197928846,0.48894282182062226,0.542358336681461,0.0549281953086639,0.025206361947108402,1.2575938957650334,0.9732140383056014,0.4282900246029295,0.375,6.600818349180822
LTU,2014,0.6111697399758489,0.4978192937199985,0.40541567183241806,-0.015768572630826417,-0.00815354050932298,0.9644074877621078,0.7376448632566205,0.4201405966055504,0.346,6.709292145061987
LTU,2015,0.8032914358342254,0.5780289429657853,0.5117552240467421,-0.05029091641598927,-0.03745692075645756,1.2890024672349596,0.8618536063197959,0.41390202970286166,0.373,6.753429750536417
LTU,2016,0.8258287781812693,0.5311886330308752,0.5368107541295905,0.012874118077549278,0.0039762850914633555,1.088758372350402,0.7727316830804758,0.4065308691888375,0.36,6.859927551521878
LTU,2017,0.7374674217384135,0.5718574958749667,0.3845133144044328,0.0737103683738985,0.10046256926206192,1.1434877760794186,0.7878621684701137,0.4166942209442933,0.36,6.924135389476987
LTU,2018,0.7829614570237453,0.521687050682579,0.36598412232943595,0.06296482331587937,0.10023217909311367,1.2060675149227273,0.8019549855963856,0.3847050786776321,0.364,6.9995720913502515
LTU,2019,0.5814522494169468,0.5119323162786011,0.22745660176942564,-0.003238323485347068,0.022256204385655527,0.9765169002737555,0.7585886662585207,0.37757238918051955,0.348,7.077257518313832
LTU,2020,0.6783037960056355,0.5728148877581946,0.11683001322447514,0.08633552731569823,0.09135158172726851,0.9789896731807114,0.6958527797206667,0.4865278144883369,0.356,7.1767253691681665
LTU,2021,0.5684542049126948,0.5599226951809834,0.3230410157137712,0.08866594105212977,0.09858132515436038,1.016408607545051,0.8189003734357445,0.5383809663644258,0.356,7.297833277033951
LTU,2022,0.7701692449720982,0.576368372749047,0.341624881972562,0.1852829318794685,0.2116812772040568,1.0550223212418557,0.8171099928033017,0.554064052017957,0.366,7.363348703154041
LTU,2023,0.5570553677802076,0.525442395687076,0.2969584754239469,0.0662776441828919,0.08024210410608762,0.9773638345363388,0.7583111498190233,0.4696003160519901,0.34,7.49622337832173
LTU,2024,0.594922015262253,0.5356649781120809,0.1742935111417863,0.009749250957559314,0.0027485116431990174,1.0194999310322712,0.7933866806209311,0.44656907488493836,0.34,7.6527550724818445
LUX,2002,,,,,,,,,,
LUX,2004,0.8242778119579293,0.47906606623244913,0.48811036546148895,0.13821632379028448,-0.05126384097071781,,,,0.354,8.170291759304485
LUX,2005,0.8159152423722874,0.45881577214679165,0.369138621892958,0.14714101892919934,-0.04308047913787662,,,,0.353,8.18571888431181
LUX,2006,0.8338177519428828,0.46934425042546,0.3342641634887909,0.23702971698750716,0.014093192914084687,,,,0.363,8.218318312558116
LUX,2007,0.8295899704042604,0.46855140193333916,0.5506254180187208,0.22377219608134236,0.007325064742001764,,,,0.358,8.397150078708687
LUX,2008,0.8217004909458023,0.47669788513335565,0.06186079843366994,0.1810813194622263,-0.021145571882426915,,,,0.357,8.417577255132631
LUX,2009,0.881376128590965,0.5050116902871051,0.34659185235717,0.15701841791097612,-0.053328917713821984,,,,0.355,8.445972769351078
LUX,2010,0.8662329903710269,0.4793904677521823,0.6084614355836243,0.1048930461804618,-0.13157167756328753,,,,0.345,8.413680744804134
LUX,2011,0.85464231475867,0.4858687362852119,0.4851639804914628,0.12636867673493096,-0.07010775132115481,1.4610205860271062,1.1378107911887971,0.7146351173191083,0.344,8.422321255569
LUX,2012,0.8743331037711399,0.5003696099236825,0.34310594745929546,0.12678011359365995,-0.07947205995517402,1.4926436344004486,1.1448766202725555,0.7755545680676971,0.342,8.428137908892232
LUX,2013,0.8840267191043367,0.49024374235172236,0.4891589391288887,0.13909423965797157,-0.011989112629438367,1.5308392521824468,1.1901383261583525,0.7886230032431042,0.34,8.470420191402543
LUX,2014,0.8384420277724312,0.46817562002793894,,,,1.2825947335037051,1.1360331635796037,0.7878750907874648,0.331,8.480861931768622
LUX,2015,0.8291157671463912,0.47897584128320114,0.4726284666593749,0.1599379208297949,-0.07553341039356393,1.267546274795095,1.1119839250502348,0.731642282461635,0.345,8.462975836654271
LUX,2016,0.8127157045668367,0.4292923986477143,0.5723152825084461,0.1725515627237258,-0.13913794482472086,1.259946197978566,1.1356898687217862,0.8127705954709556,0.353,8.555486166661451
LUX,2017,0.846149829285096,0.4332501335789904,0.4417973728500614,0.20090211053328105,-0.048520458958646755,1.3075683370105575,1.0692958045842427,0.7846734634685917,0.357,8.617252078242766
LUX,2018,0.8018965184485127,0.4815476419759402,,,,1.4481626666870218,1.0314029102853806,0.5695381682548374,0.366,8.615611989003174
LUX,2019,0.8178400662449818,0.4752627103658705,-1.0907046887309821,0.24802579171470032,0.0037456921851762156,1.3027504142971449,1.0326013873693942,0.7549097243826486,0.366,8.730797629715633
LUX,2020,0.8141910625993493,0.4821044072491749,-0.4425679410805532,0.27781052126438277,-0.0660725402807766,1.328269185645869,1.1184735048505328,0.8103383514523105,0.353,8.749170569336535
LUX,2021,0.751675523381527,0.43231861329463284,0.641278694139183,0.2481341422406104,-0.0945963429193681,0.998797156118586,0.8730214470189066,0.7244967005331,0.33,8.801750286207511
LUX,2022,0.7601707791689101,0.4384009403563827,0.6516130774979215,0.3521764958044986,0.05652815007339619,1.0848230200700126,0.8567402725245994,0.8178582949178124,0.35,8.859931327651294
LUX,2023,0.8077141045235687,0.46917199896764816,0.5941732901133532,0.2537270954238653,-0.09905597562334285,1.242545622471262,0.8724802893575854,0.812286114126446,0.348,8.925631475253818
LUX,2024,0.844649496734431,0.44731746469400296,0.7899473117455275,0.27640990203774213,-0.08639645592996839,1.2741983336446465,0.9712686194409335,0.7211799508021456,0.344,8.970143612745996
LVA,1996,,,,,,,,,,
LVA,1997,,,,,,,,,,
LVA,1998,,,,,,,,,,
LVA,1999,,,,,,,,,,
LVA,2000,,,,,,,,,,
LVA,2001,,,,,,,,,,
LVA,2002,,,,,,,,,,
LVA,2003,,,,,,,,,,
LVA,2004,,,,,,,,,,
LVA,2005,,,,,,,,,,
LVA,2006,,,,,,,,,,
LVA,2007,0.7672272638296725,0.5256075685789323,0.43438973601695846,0.024910243939225443,0.045540647405351714,,,,0.363,6.321196260214041
LVA,2008,0.8016761270685564,0.6077054963936028,0.41674615856646824,0.10371625895563298,0.07981085514501866,,,,0.381,6.6843066811459675
LVA,2009,0.863515170455455,0.6086434781094292,0.4834420738227556,0.10768020503166957,0.04918209572942759,,,,0.383,6.854188876725525
LVA,2010,0.7993308504413936,0.6096269979249153,0.3112285100404509,0.13962438700890709,0.14060421727588984,,,,0.38,6.725787259686435
LVA,2011,0.7414966638462585,0.5691705831225282,0.2786436003722275,0.08764432878008667,0.09088906853770512,1.0911573784606476,0.9310288689189533,0.517625349541221,0.384,6.65226414037772
LVA,2012,0.7625417384079574,0.5764006994497732,0.31915352141497133,0.06497961501066861,0.07375556911877042,1.108356162475806,0.935637430662704,0.5903161350329232,0.383,6.721282317017706
LVA,2013,0.744146234067309,0.5458120456951828,0.25817153922428077,0.036417693113426755,0.0456839693140483,1.1941886907991401,0.9489050184890991,0.5275877013364211,0.381,6.748547332713113
LVA,2014,0.7523874857250766,0.5170593663409606,0.2771965806180868,0.07554318849763828,0.11615425625267692,1.146243740178826,0.9056606651297925,0.5135055659016877,0.367,6.8274211955294675
LVA,2015,0.7292199570735014,0.5327171098460923,0.39207806525503847,0.08914404772627776,0.13539967510259104,1.121537922456169,0.8619854975466564,0.4966511833182241,0.363,6.920470101935035
LVA,2016,0.7219722721172724,0.5108063139567348,0.3655291350489452,0.055040866745415994,0.09736648520680274,1.1149382262065162,0.8227621948001618,0.4944002868654127,0.359,6.9663203696548255
LVA,2017,0.7072595001022882,0.4935951544780366,0.29167906229399454,0.06979383418441994,0.09562873568702925,1.0875815639876076,0.8421127085173975,0.4797283851044488,0.355,7.013089594296737
LVA,2018,0.7709215384324837,0.5648876069942024,0.2545376798794259,0.07954498465849513,0.08615843588268779,1.1680542317850302,0.8942437249974423,0.5653124376851202,0.364,7.128917669091856
LVA,2019,0.7273922421679014,0.5875399923643676,0.1947480406195663,0.042340474023288825,0.039947564211171266,1.1009930517789783,0.801665749408064,0.5263887110044535,0.361,7.228862214511641
LVA,2020,0.694023941203936,0.5951457949031833,0.2043556306583597,0.05265322377627154,0.06345625340246286,1.136624798912978,0.8913372594799224,0.51990718196955,0.361,7.288321636588304
LVA,2021,0.7485286317282057,0.5934371878523456,0.24433051604209224,0.08287452883547966,0.09227711533403735,1.259574882594673,0.9800038175092676,0.5576420413542827,0.374,7.360882931608609
LVA,2022,0.7041392157420571,0.5300892473524551,0.2138310789399227,0.09718525870451285,0.13841597089955882,1.1996227873676288,0.942033707401112,0.51987122554791,0.359,7.389644246933353
LVA,2023,0.7275326564109873,0.571359341075785,0.2728080156686869,0.04658803437903687,0.07546904658982814,1.2237849478421816,0.9145502229652633,0.47568760923295234,0.366,7.504142629502407
LVA,2024,0.6927600596568143,0.49294972531337305,0.12710001640518911,0.0432725296853565,0.06536965614382458,1.1290528285703085,0.8230057705062803,0.4359472473602569,0.349,7.667683620332426
MAC,1996,,,,,,,,,,
MAC,1997,,,,,,,,,,
MAC,2009,,,,,,,,,,
MAC,2010,,,,,,,,,,
MAC,2011,,,,,,,,,,
MAC,2012,,,,,,,,,,
MAC,2013,,,,,,,,,,
MAC,2014,,,,,,,,,,
MAC,2015,,,,,,,,,,
MAC,2016,,,,,,,,,,
MAC,2017,,,,,,,,,,
MAC,2018,,,,,,,,,,
MDA,1996,,,,,,,,,,
MDA,1997,,,,,,,,,,
MDA,1998,,,,,,,,,,
MDA,1999,,,,,,,,,,
MDA,2000,,,,,,,,,,
MDA,2001,,,,,,,,,,
MDA,2002,,,,,,,,,,
MDA,2003,,,,,,,,,,
MDA,2004,,,,,,,,,,
MDA,2005,,,,,,,,,,
MDA,2006,,,,,,,,,,
MDA,2007,0.6833599828385282,0.3891603602400397,0.47357185761564924,-0.23496410461001058,0.014637393708651499,0.8912937301544034,0.6617367951337121,0.039079937722954323,0.328,7.214530903866513
MDA,2008,0.6052395587849208,0.34579701953727565,0.42835320614211586,-0.24175551986960886,0.012099430229194838,0.8598025793990635,0.6284826827230106,-0.011058356244932451,0.319,7.414904753985617
MDA,2009,0.6267422925004337,0.3906784929338044,0.41577171209112646,-0.15617829531046507,0.030601532079455304,0.872016392762626,0.6801581205193055,0.08334742903487004,0.306,7.478481121071226
MDA,2010,0.6176586230052066,0.4108085733175525,0.41786360161763736,-0.1441224540096808,0.015077721488998651,0.8719930436764385,0.679543543095945,0.10522259642576537,0.3,7.5372153092188405
MDA,2011,0.6729567309454227,0.4105055723052326,0.39289967584896396,-0.13095016252687675,0.011850146438648764,0.8801097951619035,0.7180740619245171,0.17038568903907195,0.293,7.604814298314221
MDA,2012,0.7369530098773848,0.395327444469796,0.4306164916481292,-0.15491602102357332,-0.019229723572146643,0.8756078002304855,0.7475741532740878,0.1777560903803347,0.295,7.697016407147597
MDA,2013,0.6401129259009702,0.39605686529979034,0.4128037034257363,-0.13101410543949182,-0.01436291537033075,0.8180658339075737,0.6853201715282584,0.14756475105401176,0.288,7.755861812305225
MDA,2014,0.6301772369593129,0.39433482653300805,0.3773580042696874,-0.139073302340089,-0.0030133042999099433,0.8384639938314902,0.6364481566939401,0.12020678477313627,0.282,7.778901353744015
MDA,2015,0.5660382458730296,0.3729997650914547,0.28530669963397115,-0.17551155432115734,-0.06896512706732101,0.8173918345269184,0.6374845081259376,0.06847980782400255,0.274,7.877293275000953
MDA,2016,0.6180276784018522,0.39360200164609244,0.32874498304142513,-0.1488042166095446,-0.01885426520395864,0.8650999014552304,0.6804106044789103,0.08377454927123569,0.28,7.9427889412218615
MDA,2017,0.5552474680758238,0.37738341979354106,0.3125410774996573,-0.14509099886074922,-0.011473505103202093,0.8152064942475347,0.6526293302907092,0.05304425640434918,0.275,7.996016176383102
MDA,2018,0.5287798835016584,0.3734749652262797,0.32946250227833823,-0.1396588052394311,-0.013924724871932382,0.7932391995527743,0.6463756446600255,0.08275412909619394,0.271,8.130642669353493
MDA,2019,0.5877383621934256,0.4043585336456941,0.40921071514081775,-0.03125134899299996,0.10317363494781363,0.8071989326530637,0.6907208408519023,0.22966038178222464,0.27,8.32722035811717
MDA,2020,0.5994440555585336,0.4299125963659902,0.4007934713086126,-0.03526086409168215,0.09067221463550251,0.8894710991237533,0.7402637391446776,0.2441123204901292,0.273,8.397403293357934
MDA,2021,0.5737965984537432,0.44406740109468035,0.44490558382736595,-0.008788264672175049,0.0808532891137235,0.8544435475994111,0.7595283291750369,0.27896775967508997,0.268,8.504507669335664
MDA,2022,0.5480246740271953,0.42158787779145834,0.3225975547629523,-0.027608402591850253,0.05075772796639326,0.7961230107575271,0.6297889132709736,0.21432283039344344,0.26,8.605215790281974
MDA,2023,0.5980831387174047,0.44612682831851824,0.34639592061456337,-0.049706562228284935,0.0652874049601471,0.7871062935472861,0.6977746384169997,0.2597783276829132,0.266,8.745781413572796
MDA,2024,0.6222575566394543,0.49115514706216823,0.38023598452680774,0.02996534664692909,0.16023517996055084,0.8255275749557239,0.6892664938388164,0.3256144247963029,0.268,8.884796641104392
MDG,2005,,,,,,,,,,
MDG,2012,1.200410130466034,0.5603380574075288,0.9324567220152848,0.3094206146565759,0.29755142357624853,,,,0.497,11.908166680077178
MDG,2015,1.1423375228319221,0.555716409820915,0.740510310034827,0.435074215724361,0.36565880519913874,1.4912019979659814,1.03641672233203,0.5109878903541106,0.453,12.252140326149734
MDV,2016,0.4669226120146757,0.39224308933688457,0.18130648195633478,0.016926936488345538,0.16896400482296112,1.0534808237314974,0.6747637319942251,0.264785329686811,0.33,9.284131022360105
MDV,2019,0.573622192626217,0.3848525017971019,0.10716724246676343,0.09463085461809422,0.12634713114691837,1.0623630536629372,0.7489628785141125,0.3336298660598828,0.338,9.354540797521699
MEX,1996,,,,,,,,,,
MEX,1997,,,,,,,,,,
MEX,1998,,,,,,,,,,
MEX,1999,,,,,,,,,,
MEX,2000,,,,,,,,,,
MEX,2001,,,,,,,,,,
MEX,2002,1.0003947418804742,0.7042753600445574,0.7688373043891348,0.09701708476471622,0.03894997875807995,,,,0.398,8.197561867207046
MEX,2003,0.9805131882836459,0.7022079323926737,0.7545788295849676,0.10166365114239459,0.04007451176044487,,,,0.395,8.258303025274726
MEX,2004,0.9339657729512025,0.6732783470180582,0.7156407463894648,0.12675650567677635,0.052858765380882855,,,,0.391,8.297437644328639
MEX,2005,0.9493176631309946,0.6162261472001377,0.6395409777591692,0.08467556291271765,0.03535866689724896,,,,0.39,8.350674745091421
MEX,2006,0.9331970798139975,0.610019557838634,0.6558946247625319,0.07189941313121076,0.027606894727312085,,,,0.384,8.41455851284218
MEX,2007,0.9311251870560092,0.6172508768941924,0.6477453361695272,0.0718231983453169,0.038776876477485844,,,,0.383,8.460980659500667
MEX,2008,0.9087957855056822,0.6069407044914767,0.6301091865792258,0.06342032593154287,0.035110736627168404,,,,0.377,8.486551905500587
MEX,2009,0.9012892275087845,0.5812900762935282,0.6082490333748493,0.0653084654484132,0.012653945257317584,,,,0.374,8.488682805394292
MEX,2010,0.9027076401254496,0.6066140565939334,0.6167448164007222,0.07857319829610811,0.02283079961871881,,,,0.371,8.500695245640083
MEX,2011,0.8771203207915848,0.582656165617053,0.6232425698443638,0.08270605508573597,0.02683581003218136,,,,0.366,8.51786016893727
MEX,2012,0.8746180572543714,0.5831861177478987,0.6153212038990945,0.05921055010325175,-0.006814614925167333,,,,0.367,8.547720650571748
MEX,2013,0.8628224090216554,0.5840954160138762,0.6141984803320225,0.06304990603226951,0.0015823992149412963,1.3498516861392578,1.0720160058764927,0.607178273425501,0.366,8.578325919418976
MEX,2014,0.8585491974663421,0.5913136901097318,0.5900020358432772,0.04139038117725506,-0.012076652221193905,1.3336477334105248,1.0543035661143954,0.5922084238548834,0.358,8.585431484947504
MEX,2015,0.8710920999016701,0.6085416421602847,0.5728085570137339,0.036022882472072276,-0.009453294698424953,1.3663725233774193,1.0703656252760487,0.601675137711091,0.362,8.621219817839242
MEX,2016,0.8415058488218801,0.5927556728867092,0.5516145422747017,0.04579754765493443,0.0028152987221907295,1.351927228910739,1.0416353561202458,0.5697859521340293,0.356,8.665062872720341
MEX,2017,0.7951723412810221,0.5706545046194796,0.5152333346755902,0.03457840697600318,-0.011438746009411662,1.3099362702607695,1.006863731083472,0.5415449262897047,0.345,8.702194487831951
MEX,2018,0.7715243827511734,0.5582350971292199,0.4968846862275809,0.02980602867130887,-0.012360503205062717,1.265646237825314,0.9967996757041618,0.5324402492956685,0.341,8.751570210407387
MEX,2019,0.7394424585068068,0.5442391957143004,0.4610063456328415,0.00198889492153296,-0.03755015212659729,1.2219059480855043,0.9758542571006105,0.5032297160734517,0.338,8.798027823567027
MEX,2020,0.7832443317782054,0.5762183123947189,0.48702108877266925,0.04861356371088078,-0.0214774796012638,1.2986890321219278,1.027830987153502,0.5772415798231633,0.351,8.860588266938267
MEX,2021,0.7386426208262125,0.5518208551697273,0.4805589642519749,0.036101278795387305,-0.02048186279336371,1.271083208603362,0.9801091937340949,0.510584601831828,0.344,8.922538825721025
MEX,2022,0.673544137026191,0.49789842042642185,0.4318744838199977,0.013970621487427958,-0.016866405622992443,1.1646746027939496,0.9121952642912935,0.4535734731260328,0.33,8.994709901654966
MEX,2023,0.6807545981916173,0.5149575636755918,0.40222145565143286,-0.0004609567956214059,-0.013614707863666553,1.1646682982354706,0.9129667038458478,0.46408114652134763,0.335,9.096195609768989
MEX,2024,0.6802070676477876,0.5053460590462273,0.436337896314034,-0.014825814248314643,-0.027388221123406123,1.1926666293421448,0.9159739867874078,0.45745602126354534,0.337,9.198112819220277
MHL,2019,0.7251324901229894,0.653688378306105,0.3680713837940902,0.011746957300940943,0.10363530437220894,0.9038780384942626,0.44519979037518276,0.3487178980265025,0.43,6.68254334002829
MKD,2001,,,,,,,,,,
MKD,2002,,,,,,,,,,
MKD,2003,,,,,,,,,,
MKD,2004,,,,,,,,,,
MKD,2005,,,,,,,,,,
MKD,2006,,,,,,,,,,
MKD,2007,,,,,,,,,,
MKD,2008,,,,,,,,,,
MKD,2009,,,,,,,,,,
MKD,2010,,,,0.0925788443865649,,1.1180729878212166,0.758166311666894,0.7370062309823604,,
MKD,2014,,,,,,1.1234467406258424,0.7559865632671678,0.6300696717244039,,
MLI,2013,0.792044797749663,0.7729840068441691,-0.11583628581678954,0.2808782204268015,0.3674745563575775,-0.05360167281724266,0.19900086422048313,0.40370943548537747,0.655,11.25261698692504
MLI,2014,1.0140380233014845,0.5594839456761665,0.6665661427221728,0.34040837507086097,0.49800497293723794,2.4628325452409756,1.8839937773482767,0.910937829762513,0.481,11.195502923243113
MLI,2015,0.939345717888337,0.2514178782541883,0.5422388441943943,0.26323289721343096,0.4963840546116994,1.7857356244561424,1.6473233767675948,0.8295928209348008,0.457,11.076446851452744
MLI,2016,1.0645191212773588,0.3554341056995077,0.4611282172714518,0.12560636507983075,0.34913908946245115,2.183317631322382,1.5766954016709938,1.1310109082741437,0.464,11.157342296256543
MLI,2017,0.9777638639966935,0.2913861026193408,0.8679917696250964,0.3942044802323927,0.506280020671693,1.5045044984369689,1.3734811913482705,0.963217205821532,0.471,11.150458695027522
MLI,2018,1.0307414317832813,0.3797644564541326,0.9836032775961675,0.20539945835171813,0.4505528036871058,2.288680151468009,1.7399995069150418,1.0599959476230225,0.52,11.201308504782077
MLI,2019,1.2917424005486118,0.5570142902346935,0.7862733376493871,0.11606811407777476,0.713626542285991,,,,0.54,11.481445685332488
MLI,2020,0.9923988708865001,0.4060400465418442,0.4396800366803372,0.1260621043625119,0.47346056331587116,2.214701511636006,1.4677030919213467,0.7658063557418262,0.453,11.302342782108678
MLI,2022,0.9609738718635359,0.30407068436233675,0.5408283512814277,0.22996456889934622,0.42885017232873257,1.7510905208981928,1.4651479557154514,1.0654556541586642,0.482,11.428192856886145
MLI,2023,0.9575771977920368,0.51863041362149,0.601411524525591,0.1860744006320564,0.6451492017332661,1.7017969292152624,1.5116653592202414,1.217413539914967,0.493,11.503481712784419
MLI,2024,0.7208904735671888,0.36483759034467134,-0.3702115944397272,0.1337286960674669,0.3374683941091388,1.80785230676443,1.4986432963895042,1.0634344135172642,0.5,11.577869029066823
MLT,1997,,,,,,,,,,
MLT,1998,,,,,,,,,,
MLT,2000,,,,,,,,,,
MLT,2001,,,,,,,,,,
MLT,2002,,,,,,,,,,
MLT,2003,,,,,,,,,,
MLT,2004,,,,,,,,,,
MLT,2005,,,,,,,,,,
MLT,2006,,,,,,,,,,
MLT,2007,0.4871254166133198,0.3124121953784549,,,,,,,0.237,7.223846220911483
MLT,2008,0.4735531370080063,0.23065913696996462,,,,,,,0.257,7.309185591572626
MLT,2009,0.48297402862131844,0.2741325572520951,0.12924425123991898,0.0008009939395588735,-0.025828115096371878,,,,0.266,7.358466500747423
MLT,2010,0.4885500898097847,0.3053364049792647,0.16166791311964424,0.02569677991588209,0.03662114261162286,,,,0.275,7.375210664210187
MLT,2011,0.5172337091190825,0.34168257264912066,-0.14460680874283002,0.164189227309966,0.06163641599202198,0.8665079071240807,0.5853655027141057,0.38558836440072425,0.275,7.415648808357582
MLT,2012,0.5304644949391722,0.3435297450538888,0.3549485762040854,0.051445119598255803,-0.0306473570785649,0.861132281511015,0.6091149447247103,0.41415249580795455,0.27,7.417198948288788
MLT,2013,0.556067945900603,0.3681361579841989,0.29930273244420375,0.05922367603892229,0.00024232668103818915,0.8679293860700149,0.6176960652194752,0.441818880894566,0.284,7.464929803743746
MLT,2014,0.590331454714135,0.38650546449931483,,0.11274134086047864,0.08131803030469535,0.9265649870754278,0.650773752356285,0.4029092065620194,0.292,7.532216148203624
MLT,2015,0.5953169741309606,0.3967158749513947,0.4767226751726964,0.12854495275945743,0.07326282822015312,0.862033791223272,0.5858036381699976,0.42960613837469086,0.299,7.576513963203675
MLT,2016,0.6254710814610033,0.4089500987425851,0.34581160619541257,0.1017408935612517,0.048252867428345635,0.9910767150112845,0.7092086291335533,0.43969530842753507,0.299,7.578557152373526
MLT,2017,0.6630491694153777,0.3801450064195883,0.28174759907089403,0.15086309310470492,0.11892048224119627,1.0413813611975593,0.7491755668000509,0.4591859034579951,0.301,7.62185001938807
MLT,2018,0.662669473428991,0.36661045437993045,0.13837410036152434,0.1254905609609219,0.06435273811887708,1.06184214566228,0.7559898748765355,0.4978339294854949,0.302,7.609661487015673
MLT,2019,0.6351670402168712,0.3567333800439885,0.1118969644411571,0.07845926609614048,0.0026661499776459456,0.9878899380888886,0.7417026764952838,0.5018697993951112,0.288,7.64155868032263
MLT,2020,0.6950098700570262,0.3991381917331328,-0.0016435058808809044,0.04203909692799176,-0.012498331727432211,0.9839061986885209,0.764091970645549,0.5086271578686743,0.329,7.719781338986718
MLT,2021,,,,,,,,,0.306,8.112908386476159
MMR,2015,0.4609780335968444,0.14979945887315557,0.35447034540618805,-0.01009560873390902,0.0873525475078363,1.0068638005164066,0.3400783916487928,0.05865100636322035,0.3,11.668882409661336
MMR,2017,0.3380935514881404,0.19004148157415898,0.3660132678155931,0.0216191220009626,0.11319771640039272,1.0702473254728786,0.3343608622624936,0.0965094132346001,0.263,12.063931570010846
MMR,2018,0.293188958689522,0.20292538747883732,0.31887656197731534,0.0055940094139973065,0.10011120486925053,0.9288664427994897,0.3336842964877614,0.09349931827394577,0.247,12.16659266677047
MMR,2019,0.19334434048197766,0.13164045298284974,0.23329417853746326,-0.038563170508048604,0.03889915079806276,0.8385416151165787,0.2610697654703571,0.02357082088843031,0.205,12.249395625178247
MMR,2020,0.104261696234127,0.0690514822012707,0.4849512760108098,0.0013316642273482027,0.02199543557735648,1.1094351202774368,0.44544875448279586,0.14083071625087787,0.271,12.1435189160565
MNE,2007,,,,,,,,,,
MNE,2008,,,,,,,,,,
MNE,2009,,,,,,,,,,
MNE,2010,,,,,,,,,,
MNE,2011,,,,,,,,,,
MNE,2012,,,,,,,,,,
MNE,2014,,,,,,1.2576102877296929,0.803596765725243,0.4469218217865105,,
MNE,2015,,,,,,,,,,
MNE,2017,,,,,,,,,,
MNE,2018,,,,,,,,,,
MNE,2019,,,,,,,,,,
MNE,2022,,,,,,,,,,
MNG,2000,,,,,,,,,,
MNG,2001,,,,,,,,,,
MNG,2002,,,,,,,,,,
MNG,2003,,,,,,,,,,
MNG,2004,,,,,,,,,,
MNG,2005,,,,,,,,,,
MNG,2006,,,,,,,,,,
MNG,2007,,,,,,,,,,
MNG,2008,,,,,,,,,,
MNG,2009,0.7108759328035508,0.37583556082103475,0.514161499560926,-0.09151152485381694,0.10685311435256334,,,,0.32,12.382963625062242
MNG,2010,0.6921685954140431,0.4162804988077913,0.48152399371253163,-0.0981180512113249,0.12247298372286312,,,,0.328,12.474511212473052
MNG,2011,0.721046859214962,0.3702584568883738,0.3623911167041722,-0.06946240435767902,0.1129052203590814,,,,0.336,12.697074342273147
MNG,2012,0.7117113109638405,0.407678318245504,0.6150607055400196,-0.14688080490923539,0.031342444378046765,0.8832370789173012,0.5910851568238912,0.31044365937034557,0.356,12.900943003067521
MNG,2013,,,0.7068701009829255,-0.10749369054906871,0.08983840339730902,0.9742929511276966,0.6613743998093278,0.373579644837293,0.338,
MNG,2014,0.7017786071996844,0.383335435304799,0.6294484679971154,-0.1197910664786808,0.12045274368426664,0.9927734171154933,0.695634391492778,0.30807807237060597,0.32,13.201421196542029
MNG,2015,,,0.7524885855292079,-0.08441850812000842,0.05772365421698557,1.0254500328238358,0.7169682956008178,0.34970454157295683,0.329,
MNG,2016,0.7589066954189169,0.38102914217729694,0.6790914295966224,-0.12113635213725481,0.03877747584087693,1.0041435928796831,0.6970086283380819,0.3140341787043537,0.314,13.19980751664459
MNG,2017,,,0.7081289429937793,-0.08175462368285669,0.08836033402488014,1.0463171226471824,0.7348932880746779,0.32861269406942506,0.344,
MNG,2018,0.754326734075041,0.3720750943761899,0.7207703926708509,-0.13920016062514468,0.1371151751588479,0.9766427563075335,0.6508055754377488,0.2817208586925075,0.349,13.280097222022338
MNG,2019,0.5921312919116479,0.2407348724269301,0.30833442135594985,-0.25692353438353965,0.07612838696777514,0.5981965661585836,0.4727722780511045,0.12811416944284587,0.285,13.580365528657131
MNG,2020,0.4427319070356032,0.1932025936362263,0.336178050272758,-0.23796986860102257,0.13509937051079,0.692536448217157,0.4769468630508839,0.03564016633232611,0.27,13.658676545718544
MNG,2021,0.3745230026861806,0.19390917189498375,0.49773133339384373,-0.20978550433819393,0.15295914376388056,0.671375242488502,0.44884623709314375,0.08237979610169947,0.263,13.715871151064917
MNG,2022,0.30342850368654134,0.16377150546223257,0.26422155673926506,-0.3516034155784654,0.006670600427690586,0.5450449483465921,0.4185378064681894,0.042583346670547854,0.292,13.885089061402022
MNG,2023,0.2970716742177674,0.1538659591673341,0.17145185240343153,-0.29241896672752105,-0.021800029770631873,0.4239950459832962,0.37823688175624043,0.10207041975503184,0.28,14.053728424331403
MNG,2024,0.41170639466593417,0.18407328802805034,0.299944647708021,-0.22881038008530102,0.027011660814600148,0.5808493515331419,0.4024936520789198,0.041181614692697516,0.259,14.316269276042515
MOZ,2022,1.563933312327622,0.9171991295143557,0.8079885662062274,0.0695081930853754,-0.007891450172975645,2.3495526288821584,1.6314534242825323,0.7786341824637577,0.548,9.515718442573592
MRT,2019,0.5768476676021932,0.23650898217515418,0.49659191717045736,-0.0861756464910896,0.0017070585347113351,,,,0.396,11.010770541798529
MUS,1996,,,,,,,,,,
MUS,1997,,,,,,,,,,
MUS,1998,,,,,,,,,,
MUS,1999,,,,,,,,,,
MUS,2000,,,,,,,,,,
MUS,2001,1.3442710186516347,0.8368810671068873,0.3705891912442692,0.33311079793623277,0.37150200050342413,,,,0.393,8.853709712771153
MUS,2002,1.2809333993080285,0.7873469895207084,0.3535236304926212,0.36268652928391787,0.44439649545616555,,,,0.382,8.90595110841852
MUS,2003,1.313336309955027,0.8076453740052216,0.3345352030668652,0.30283009584689824,0.34544109685936625,,,,0.387,8.97801113614227
MUS,2004,1.1155087712347764,0.4557793082314517,0.4289890926766366,0.3441184495290067,0.3631017937040284,,,,0.389,9.025606147037706
MUS,2005,1.0988057071158779,0.42192232930532114,0.4352590601295226,0.3475985246517987,0.37297618768591173,,,,0.409,9.156375512133463
MUS,2006,1.2856048316211053,0.7322679201504022,0.3801185754460261,0.291941309835656,0.2716044886254339,,,,0.406,9.18078333473308
MUS,2007,1.2627356500046631,0.7286346895437027,,0.3248197511316765,0.3106968142915988,,,,0.4,9.233837245565288
MUS,2008,1.3913881712357798,0.8203456674419323,0.45339863001265746,0.36818664841575466,0.3897331112289523,,,,0.418,9.360970433120528
MUS,2009,1.4634984104183266,0.8421229830662748,0.5850426574441394,0.39847399706755454,0.3931454314711013,,,,0.44,9.492009553175498
MUS,2010,1.4367679402525961,0.8137630395029908,0.5593132997055482,0.35904266045034466,0.3557281092047214,,,,0.44,9.560210878147048
MUS,2011,,,0.4767931847605777,0.34437831103956906,0.35216865423724136,1.9704891550161945,1.2303045266272628,0.9228160678725242,0.438,
MUS,2012,1.2591866237358438,0.7738813208546403,0.476006152583148,0.32295643435751387,0.32569780968805545,1.9577592863335316,1.2691525101937362,0.9875860984168146,0.433,9.649165204998416
MUS,2013,1.3029245776020244,0.7690933671100413,0.6379554166985039,0.41110726025021155,0.41227925896679507,1.9460602271430456,1.3027133841164824,1.0266170922044118,0.447,9.725963728195836
MUS,2014,1.3099264994833022,0.7555877948261385,0.6058688052395469,0.3704933170626701,0.37685024514617704,1.8687448921140752,1.3276770695551845,1.0350890832878488,0.455,9.848366467813454
MUS,2015,1.2528066293022952,0.7343753644288927,0.43157986933945847,0.35089196671464995,0.3906793880850413,1.8348693434416592,1.2266609994237598,1.0058640726461314,0.45,9.911031028841249
MUS,2016,1.2040724693080387,0.7144280759294969,0.43320886575595613,0.3265094961408917,0.32250561901560637,1.6955640584131146,1.2201571438110685,1.014562099653334,0.439,9.91331787618872
MUS,2017,1.2088622431925575,0.7204261987913114,0.3897155981348286,0.34699482895292005,0.33798502999627117,1.9289286796173764,1.2477276154557926,0.9774843889222503,0.441,9.96208998993869
MUS,2018,1.1385438602326883,0.680212517560068,0.3390858897897808,0.28562023245692036,0.24779161066856006,1.8065998601368658,1.1563279443779164,0.8567837685130072,0.418,9.997782444382745
MUS,2019,0.9787353841997789,0.5818643825397216,0.36895642888867386,0.24819914371560178,0.20744823074707733,1.6226488047303043,1.131574572147976,0.8322560396575537,0.394,9.929425340792925
MUS,2020,0.9878321367025187,0.6427867138295823,0.3430199555729824,0.22983090678343632,0.1130539726870608,,,,0.441,9.890684846526026
MUS,2021,1.0738924975054627,0.6632376030876131,0.2831311109434541,0.18345303981853908,0.153595961493422,1.7805800012420145,1.1039679146924726,0.8673609428729386,0.396,10.028538203869072
MUS,2022,0.9039585773093654,0.5727932470507552,0.2786465574544865,0.11209870078594139,0.16770739374127064,1.7241780714622377,1.028979954054155,0.6927725974453002,0.333,10.053231422338028
MUS,2023,0.9275094891584108,0.7003943110277338,0.6581262080863515,0.25149839075451974,0.3577268221661103,0.89310984211186,0.911173848810004,0.7881427593334024,0.391,9.823570207837658
MUS,2024,0.9225210934484441,0.6048073316567707,0.3635866793566008,0.1510488932593597,0.196659024002169,1.586162497083832,0.9724033294936071,0.7092783699635964,0.344,10.387274966197483
MWI,2013,1.1757952882002236,0.7026761317999096,1.0774666590458604,-0.012850781403512609,-0.20479388925070227,1.6749825533858285,1.2445616430288018,0.5248220769018542,0.598,9.955225890377148
MYS,2011,,,,,,1.6856732641334469,1.3329372008389373,0.9907298481337784,,
MYS,2012,,,,,,1.6831200120934826,1.367097922099688,1.0735236845288991,,
MYS,2013,,,,,,1.6650853501302714,1.3708649325550288,1.0614120049820193,,
MYS,2014,,,,,,1.7694922689037134,1.3819864528592383,1.0487515126878166,,
MYS,2015,,,,,,1.7142441183193622,1.379765960550948,1.0783250719277393,,
MYS,2016,,,,,,1.6354017701866914,1.2657438942135024,0.9718453564189419,,
MYS,2017,,,,,,1.6342101764697894,1.200177236651661,0.9742941363016447,,
MYS,2018,,,,,,1.657187313283221,1.1912711191508145,0.9666723165489798,,
MYS,2019,,,,,,1.620795217931082,1.1606133269838463,0.9337075868850879,,
MYS,2020,,,,,,1.3221803783032786,1.1215096828411275,1.0307896923293485,,
NAM,2012,1.6442459856224418,0.28326392102646336,1.4445449512379966,0.2121825160941841,0.29914736151965265,,,,0.668,8.634860131444896
NAM,2013,1.3210377626974692,0.6862505431561758,1.1134133342880526,0.07352916903649603,0.019185717837627715,,,,0.693,8.831046831046187
NAM,2014,1.523478842878293,0.7040768165417981,1.2732144056775045,-0.10783415562377788,-0.046972378172930256,,,,0.669,8.800568251994148
NAM,2016,1.8169019528785593,0.8348530477483541,1.1776893993323938,0.2141323213212519,0.2944631566115011,,,,0.633,8.843213712940779
NAM,2018,2.2407408219613747,1.3262223904942194,0.9430113411638184,-0.03613687678829642,0.164732657634417,,,,0.641,8.886451057303262
NCL,1999,,,,,,,,,,
NCL,2017,,,0.09468248840038025,0.009447159616446115,-0.06215517233015692,,,,0.361,
NER,2009,,,,,,,,,,
NER,2010,,,,,,,,,,
NER,2011,1.1728913568206136,0.6905099421121244,2.0372180122814343,0.04992601293997517,0.45964903461189405,,,,0.652,10.936465306329648
NER,2012,,,1.4610556161062347,-0.04827548562446629,0.27900654431306665,,,,0.434,
NER,2014,1.202957907909634,0.7752496446779631,,,,,,,,11.678497062831122
NER,2019,1.4475442150886184,0.9628414615794344,1.517487515867968,0.3986850516078313,0.1786531439625767,,1.2868299855812062,0.8066604522849934,0.526,11.341289109540012
NER,2022,1.3251838760026933,0.6886169040138861,1.2541863894137244,0.33884076456068885,0.4758852032777974,2.2003733244525954,1.443200495310938,0.9301512153794731,0.504,11.226295092621301
NGA,2011,,,0.20872401098107932,-0.07742321366161393,0.6493233187992492,,,,0.601,
NGA,2013,,,0.44635680900172064,-0.05140354568374325,0.09192529689579358,,,,0.511,
NGA,2019,1.0198115419076095,0.7970381496362398,0.5143687474250996,0.18089333144111736,0.3614446928913321,,,,0.478,10.718988816687471
NGA,2024,0.6686780940725413,0.3757701166491212,0.2628624305430176,0.03387030420382174,0.42511089228281546,0.6315320274984704,0.292063012345503,0.03839756108660127,0.447,11.244899433908039
NIC,1996,,,,,,,,,,
NIC,1997,,,,,,,,,,
NIC,1998,,,,,,,,,,
NIC,1999,,,,,,,,,,
NIC,2000,,,,,,,,,,
NIC,2001,,,,,,,,,,
NIC,2002,,,,,,,,,,
NIC,2003,,,,,,,,,,
NIC,2004,,,,,,,,,,
NIC,2005,1.2164249811330787,0.9072194728622169,,,,,,,,7.893856361449464
NIC,2006,,,,,,,,,,
NIC,2009,,,,,,,,,,
NIC,2010,,,,,,,,,,
NIC,2012,1.0272138827962503,0.7264836543460953,0.6823388122860952,0.11589606121533363,0.1815079350750876,,,,0.428,8.400641622193714
NIC,2013,,,,,,,,,,
NIC,2014,1.1322389414709617,0.7800671866293846,1.0063486445747254,0.19399548919052673,0.24420118898633209,,,,0.471,9.200042126607778
NLD,1996,,,,,,,,,,
NLD,1997,,,,,,,,,,
NLD,1998,,,,,,,,,,
NLD,1999,,,,,,,,,,
NLD,2000,,,,,,,,,,
NLD,2001,,,,,,,,,,
NLD,2002,,,,,,,,,,
NLD,2003,,,,,,,,,,
NLD,2004,,,,,,,,,,
NLD,2005,0.5619802380100732,0.39470349661077564,0.42425731319598886,-0.05488170550934815,-0.06164472340218769,,,,0.314,7.889064166950625
NLD,2006,0.6505497508805146,0.46763385092842774,0.34808611961960156,-0.09052319621876358,-0.08170897403944978,,,,0.344,7.886509129835926
NLD,2007,0.5832815874030922,0.4224815166090812,0.32716322434316153,-0.15795256535149915,-0.1481700490914322,,,,0.352,8.126115190758844
NLD,2008,0.6123948746554048,0.43222043915630926,0.18075844780895026,-0.1323528140018986,-0.10215035566185658,,,,0.345,8.142858659374452
NLD,2009,0.6014597142807542,0.4270425016155603,0.21565308338118097,-0.11838531443052645,-0.10893825760700959,,,,0.339,8.173866194515526
NLD,2010,0.5761002980212043,0.42148925874938487,0.15109750868688532,-0.08626718212870813,-0.07255972843872135,,,,0.331,8.210909849748592
NLD,2011,0.608203743195764,0.43288987457344086,0.22999212432558172,-0.0681062712427789,-0.05613725898807016,1.081526295188759,0.8176208757425264,0.3692660665194719,0.34,8.209192758700889
NLD,2012,0.5836909826795719,0.4291717711831422,0.20333499941776023,-0.1281947766640573,-0.10712167700195768,1.1578905731608913,0.8943187062742188,0.34327393559784763,0.335,8.233140258995514
NLD,2013,0.5957641407479284,0.43519053384685774,0.2214360942427711,-0.10867679479611342,-0.059381837150773886,1.2794501886570688,0.9720368278684964,0.3660333381717577,0.342,8.254188381843527
NLD,2014,0.5903577171002551,0.4359964698018465,0.25713635559945647,-0.12974082280906302,-0.08740561793978364,1.250092384143731,0.8871155101373019,0.3790762297850426,0.352,8.291004257628567
NLD,2015,0.6121527276617222,0.41128798569802244,0.11755415717206412,-0.12342141798727783,-0.10580267887439788,1.3211776699512536,0.9283628240135395,0.3958199162237644,0.351,8.292031855743698
NLD,2016,0.5851741757880555,0.41607115873148126,0.18560810636087025,-0.1661405168146613,-0.15758706523880672,1.2983814520993542,0.8890475816130096,0.3517389985109528,0.343,8.29193966567075
NLD,2017,0.549287901048073,0.38321470114322004,0.17731023945708385,-0.17126083316571644,-0.1770615266592797,1.3076550147882218,0.914143784030006,0.34151264278876275,0.34,8.317343469973785
NLD,2018,0.5839607045638625,0.4055703151261071,0.19981477078058257,-0.1789555456508947,-0.1808994408213516,1.3870612197075012,0.949408809175035,0.3537046644018802,0.345,8.335745172976535
NLD,2019,0.594596889600601,0.42497778628499533,0.16179002312530663,-0.1880608859658418,-0.2008379109763964,1.3356923966242997,0.8765854302552862,0.34522062636902767,0.336,8.358312341954957
NLD,2020,0.5915984888289327,0.40789488861351464,0.32675861243196175,-0.1902463707461483,-0.1698947626261744,1.2958712523425988,0.8561187422230032,0.3388806279342025,0.336,8.402327645744107
NLD,2021,0.6165415919322691,0.4118848788548422,0.32890160018504033,-0.16880508864337646,-0.146301100288696,1.3317221043192513,0.8941929763670349,0.33431775300561295,0.328,8.453411716979819
NLD,2022,0.5895186432364005,0.4143578219164166,0.20857182599209886,-0.16778803155302824,-0.11940936143354479,1.3819620281614164,0.883125355359459,0.35249531534825296,0.336,8.487049604221298
NLD,2023,0.6290113394845301,0.385930798680488,0.21982435223124983,-0.1423954180557213,-0.12785651475321708,1.293820542434874,0.8429596717000747,0.37553016019157087,0.324,8.51071545611777
NLD,2024,0.5967243746824513,0.36667776884391545,0.20740665921329035,-0.07664451711902964,-0.0545016974129458,1.4029624191517949,0.955749224008895,0.3412008587164904,0.324,8.588014124313625
NOR,2002,,,,,,,,,,
NOR,2004,0.4597366456035891,0.32660495100588266,0.35130351898985773,-0.13429832238358402,-0.11858477457518495,,,,0.285,8.065122835469591
NOR,2005,0.3823190942088203,0.2981805734117068,0.41193297497528536,-0.22167731074004532,-0.22849538269135414,,,,0.298,8.024936100431614
NOR,2006,0.4917352558562675,0.20687206197336636,0.484663400616406,-0.19230628976506267,-0.18002831744595904,,,,0.303,8.103797015370619
NOR,2007,0.471753787434577,0.22604860447625064,0.43164535683571853,-0.14835481682795593,-0.10570492176361854,,,,0.311,8.287809712182417
NOR,2008,0.50203807971909,0.218104328194493,0.3043623475363372,-0.12300266173518237,-0.04568518929046432,,,,0.313,8.35458766993419
NOR,2009,0.47817229805940087,0.20687156908693632,0.380092806853019,-0.20925327242087025,-0.1604036052644647,,,,0.309,8.403969172631502
NOR,2010,0.512624471054395,0.23799003288813936,0.4883226662623004,-0.221798213474511,-0.17396474087564323,,,,0.313,8.38967567910849
NOR,2011,0.5223173609350779,0.24377051817868878,0.4133197280849416,-0.22555735998608215,-0.19344597280482764,0.9111655957575933,0.6076871870023668,0.20183971295996372,0.31,8.50396143657547
NOR,2012,0.5427454877436648,0.2308006954398848,0.5911881477176921,-0.23946399297413212,-0.22001327439393065,0.8539425648563844,0.534103084427382,0.22164761685634454,0.311,8.582605018611043
NOR,2013,0.5327073344682952,0.18609897661547717,0.2858558454576291,-0.22134831909659916,-0.20110050460366571,0.90123690674959,0.5376756568029307,0.12679177950481152,0.303,8.640187867296985
NOR,2014,0.4969125174578087,0.21833135284923727,0.04412451208165912,-0.2245891174585259,-0.20583379445409616,0.8755848567122495,0.5483349649276169,0.11639262216729787,0.286,8.706700038738143
NOR,2015,0.5218942996977585,0.22748450294817768,0.2232695235348019,-0.25186226743717016,-0.2422185727400412,0.9432252620924535,0.6302553229693226,0.13087335309903747,0.298,8.644148433483295
NOR,2016,0.49013471929756214,0.2286859353680966,0.3586759331260988,-0.19888661285641435,-0.18668286750845825,1.0023288953844631,0.7075975399195864,0.1576902201651634,0.293,8.605753734494863
NOR,2017,0.49225021536921665,0.21436817015252826,0.3722393761084197,-0.1619270214814733,-0.13653006363249734,0.8348883894718023,0.5580654109522861,0.1565985048335377,0.287,8.579913685944474
NOR,2018,0.4962863235292649,0.23301482210308042,0.4129965147249119,-0.15559874767160056,-0.19269466629659604,0.8406355692603189,0.5875263522428344,0.23614506829929344,0.29,8.600043891448092
NOR,2019,0.5026356975603513,0.22386199984109176,0.18128162748522816,-0.23812944430366562,-0.2731788762453774,0.8701000200563668,0.5823057610485455,0.2471205923641292,0.295,8.6041474667756
NOR,2020,0.47523985973363075,0.21800009024071734,0.393259149967681,-0.20093590859419838,-0.17836203465306738,0.8367224355140951,0.5517677665140149,0.19917090511529514,0.286,8.635425903730694
NOR,2021,0.5166685169653386,0.2280889834812522,0.22470677003261005,-0.1808845489374353,-0.16652980238622989,0.8984110456275392,0.5806870041933481,0.22840790237271588,0.301,8.527876718761688
NOR,2022,0.47841991164399905,0.1923928613360616,-0.28953676322418165,-0.23329922172240936,-0.2207520750945355,0.918584968167196,0.5503636679880475,0.18446019893860924,0.305,8.618853710521158
NOR,2023,0.5365582307237702,0.22993463697541103,0.03441132724398538,-0.1686395318551106,-0.1784307817782908,0.9234502036509411,0.6087334881869889,0.21324913618280988,0.305,8.676163552184862
NOR,2024,0.5281439896841728,0.24183138560933548,0.010698123322983902,-0.189521648416366,-0.2140393171371631,0.9772123013437087,0.6219345677619793,0.23397439189267363,0.3,8.618880990901229
NPL,1999,,,,,,,,,,
NPL,2008,0.5222914599061654,0.39667378940009024,0.3922036397773093,0.16390212902666473,,,,,0.367,8.746160551388046
NPL,2017,0.3730487745472798,0.4106451725235025,0.4301656803294632,-0.052494668585694626,-0.01809388044044,0.8923255558812532,0.4360512547805,-0.018334732991541435,0.288,9.78703092431234
NRU,2006,-0.22043061925486893,0.1229499292451731,,,,,,,,9.144133366358858
NZL,2009,,,,,,,,,,
NZL,2010,,,,,,,,,,
NZL,2014,,,,,,,,,,
NZL,2015,,,,,,,,,,
NZL,2016,,,,,,,,,,
NZL,2017,,,,,,,,,,
NZL,2018,,,,,,,,,,
NZL,2019,,,,,,,,,,
NZL,2020,,,,,,,,,,
NZL,2021,,,,,,,,,,
NZL,2022,,,,,,,,,,
PAK,1996,,,,,,,,,,
PAK,1997,,,,,,,,,,
PAK,1998,,,,,,,,,,
PAK,1999,,,,,,,,,,
PAK,2000,,,,,,,,,,
PAK,2001,,,,,,,,,,
PAK,2002,,,,,,,,,,
PAK,2005,0.9814180511023043,0.6322673122694328,0.7715663570759841,0.1563623700708096,0.004493556792000835,1.45241647864327,0.8504287719450404,0.7777966855752049,0.431,8.34835977923379
PAK,2006,1.0081191131123837,0.6715830952086574,0.9017898840622832,0.2512622290832906,0.23259688611121931,,,,0.454,8.555653038261072
PAK,2007,0.8876134877553967,0.6249417709231042,0.8384044009799898,0.2189637258719544,0.025987330088813813,,,,0.431,8.701814435235148
PAK,2008,0.8440418104285647,0.5926222244346575,0.8665868117645218,0.23727180312324206,0.1918657120055973,,,,0.422,8.836174347058366
PAK,2009,0.8946513742588179,0.605398266635746,0.6368347558221579,0.21690154590017807,0.1501461553305945,,,,0.404,8.977436972915745
PAK,2010,0.9083968774464609,0.6298531075414564,0.648044173682493,0.21625215551546237,0.17906534509624325,,,,0.393,9.098243327887651
PAK,2011,0.9301180720298539,0.653421130301794,0.6586795228263228,0.25970743888852355,0.14249360286670773,,,,0.404,9.21960046466979
PAK,2012,1.1416739835735186,0.6963232818167829,0.9879625368665529,0.2365388380544537,0.1711787421074754,1.8676529068335963,1.1652953399035226,1.0134605002266792,0.447,9.148623785433214
PAK,2013,0.9668144984947126,0.6216015887193563,0.8229303058487857,0.2748190540844232,0.12665175628559777,1.4964639645759124,0.9149112394699158,0.6398664525145649,0.408,9.438968057896577
PAK,2014,1.0156962722727199,0.7053908769256723,0.8964966237359383,0.2884436422058312,0.15447136868183314,1.7370693288275336,1.0464920623781566,0.7502788334028411,0.406,9.520449785910925
PAK,2015,0.9591348164401478,0.6694568843696912,0.7996372425810725,0.2837847555343628,0.11540840810809251,1.5828321044946065,0.9697685210185314,0.6277421846915442,0.397,9.648261182579228
PAK,2016,1.1112432574925588,0.7645863209546836,1.0427753713918662,0.33774535810123946,0.2620359100487642,1.690932051128218,1.0429345731420563,0.7033825309523114,0.438,9.51096593980639
PAK,2017,,,,,,1.4984562163138029,0.9047682852241018,0.6859821448697141,,
PAK,2018,0.8730327835361881,0.6118507914055542,0.8035482188527607,0.24880260926498785,0.11980250894890278,1.422063282397426,0.8627389469094017,0.6408449239734025,0.387,9.862286944684223
PAK,2019,0.9263872683441455,0.6649814578298103,0.7852953106855457,0.25759906570946206,0.08834749489229073,1.466751157432405,0.8828812453413313,0.6728324686830123,0.375,9.97788721428716
PAK,2020,0.961737706003811,0.642049898577137,0.8420314875789432,0.35996609811553404,0.12684975391146278,1.451300733874627,0.9718152510225276,0.7237768097491477,0.393,10.02077086335085
PAK,2021,0.9453730132908619,0.6607972280461922,0.7433400268732443,0.2969573704305447,0.10035764499005019,1.3753193877392211,0.8827542285091952,0.6677844049485229,0.362,10.08864599821958
PAN,1997,1.1607646821781803,0.6542733645683713,1.198243035563539,0.034153426017596925,0.09356814480157129,,,,0.566,6.091701208214569
PAN,1998,,,,,,,,,,
PAN,1999,,,,,,,,,,
PAN,2003,1.0976943318859582,0.7552513844534321,0.8454870065927528,0.15753372439377417,0.20344275350649493,,,,0.455,5.959715848793402
PAN,2006,1.2435894143073536,0.7384860286829579,0.9825966559152501,0.1231832237478302,0.18128041900179184,,,,0.441,6.031247602117439
PAN,2007,1.2261503101056614,0.7611815873705653,0.9943085020291967,0.1009094440056218,0.10347175344095304,,,,0.43,6.047459645670134
PAN,2008,0.9941894416756194,0.7615161330558929,0.9852618894952645,0.05592265451050208,0.11917041305506555,,,,0.464,6.186430821435016
PAN,2009,1.1460029140218775,0.6881312283385393,,,,,,,0.413,6.1859719703858564
PAN,2010,1.128831507274478,0.6737111097335761,,,,,,,,6.247919075743164
PAN,2011,1.1128503769736717,0.7443780159709297,0.9771476623751323,0.11348086030944114,0.23249745480030523,1.4081033773906417,1.3064376801328492,0.6381281696160968,0.401,6.373603025912327
PAN,2012,1.166388151416048,0.7770505855228211,1.0651255244169167,0.12568298678001957,0.24213296630683329,1.5200649276822622,1.2905764390795669,0.7036723249979768,0.412,6.459353441878152
PAN,2013,1.1577634155885153,0.7317529288758998,1.1132293108345483,0.06694462650688089,0.17262952734195047,1.5564134997718224,1.276802425577521,0.6210879481893169,0.419,6.5348711009126434
PAN,2014,1.0287522775464646,0.6237717936437496,0.9836012257887787,0.03465005939190863,0.0726061734148186,1.3216967958619092,1.1742355487367506,0.576561300269364,0.376,6.549951126298549
PAN,2015,1.109514989418827,0.6887396684312167,0.9503167048514256,0.11294151570234041,0.18104281627379565,1.3958426643997275,1.2342617045688562,0.6787197285412885,0.389,6.618111283216815
PAN,2016,1.0638037562853864,0.6279733760099928,0.885047766167199,0.13987095396902552,0.2256635714993425,1.2926803863719623,1.2146255684012777,0.6317384889008716,0.378,6.68377012361857
PAN,2017,1.125537612336919,0.7176279561026392,1.0099515053356503,0.20906853610688858,0.23850690462058866,1.3271985602639145,1.294565414650422,0.7697896405947465,0.389,6.744154588120874
PAN,2018,1.0922981408084307,0.7240006796084384,0.9967806083146338,0.13753333528486789,0.17802268702045737,1.4240077404358455,1.2082864636975295,0.6472004800716894,0.388,6.756477634699586
PAN,2019,1.1012487040748196,0.6709361062787021,1.0054040876516985,0.15247387980334556,0.19593438921488965,1.3840124678711634,1.2925307596845552,0.7562877983502654,0.393,6.791621382747512
PAN,2020,1.257435339176868,0.7235801826592619,1.133164816367059,0.3627823304320683,0.1303582524725246,1.6017707831237797,1.490006895105612,0.9540288872600029,0.418,6.829281173741624
PAN,2021,1.2566662751054118,0.776770148513854,1.1054028710046024,0.2898932687081721,0.220764833930618,1.4673235601954029,1.4835400994033459,0.9535320698572006,0.429,6.834623138242339
PAN,2022,1.1497965606642668,0.7463735573212932,0.13646927577993173,0.0488092776171811,0.0306271418938019,0.032421938665831936,0.04015723265501245,-0.015039267286975555,0.409,6.718265290263525
PAN,2023,1.0469770471723865,0.7418759124019682,1.0964509067659454,0.18986920266670926,0.0838017389315806,1.3479284119979282,1.3427005494488673,0.8477564265650794,0.396,6.8064797417605805
PAN,2024,1.0945844063851264,0.7339244956424442,1.0185144072189454,0.1816787292364079,0.04583261897325202,1.3557006776174807,1.3292928792306131,0.81825105058321,0.397,6.783116798368772
PER,1996,,,,,,,,,,
PER,1997,0.8550753171405194,0.5392899866174288,0.8334968984861858,0.0006988130528176448,0.05368010945948326,,,,0.418,6.481543438050389
PER,1998,,,0.8838107245011535,-0.013249747670911522,0.15178346148582383,,,,0.455,6.607528179028061
PER,1999,1.3369634375151869,1.0187680223127906,0.9673461188720556,-0.11040067634245139,-0.10708677388689158,,,,0.507,6.65533995922824
PER,2000,1.1887890230997087,0.8142993662024369,0.9225467476067881,0.05526626938648386,0.1753725225471094,,,,0.434,6.560251012682469
PER,2001,1.2277210882229619,0.7859165157488285,0.9483442849347489,0.01342488846112329,0.07435326633812231,,,,0.451,6.565656442695714
PER,2002,1.1986787056595107,0.8221079360888683,0.8707970260530653,-0.10264548686645128,0.057953543523779155,,,,0.502,6.712343619405817
PER,2003,1.259448756031181,0.912680307189894,0.934978111826929,-0.27984823953966415,-0.10513839793799261,,,,0.499,6.736525579469891
PER,2004,1.099995948402187,0.7758196414436964,0.8163171154073392,-0.2581473188080973,-0.2676097587608863,,,,0.469,6.620527769867453
PER,2005,1.1135724275421852,0.7611336054677001,0.9625169029207838,-0.008703012949154374,0.2067084441907528,,,,0.486,6.642833546980683
PER,2006,1.0832055834299432,0.7503148689643886,0.8899255527978304,-0.16611155401693717,-0.030851954454590342,,,,0.469,6.698857276297568
PER,2007,1.0447858687860136,0.713051178173418,0.9012345703919034,-0.06148372210124055,-0.05922422093931414,,,,0.464,6.77409702116771
PER,2008,0.9461000026116889,0.6381242899295798,0.7770289246092352,-0.13171798180662833,-0.06587804896173127,,,,0.444,6.843346882711291
PER,2009,0.9568408514805182,0.6724480572055155,0.7897768273567416,-0.06074924389137809,-0.004320536779095246,,,,0.446,6.930973634657913
PER,2010,0.8965801665297416,0.6098359680535781,0.7750992826156715,-0.05930592989066423,0.0048858194760254105,,,,0.441,6.945142581695933
PER,2011,0.8048886229482078,0.5281974467762037,0.6348145501665097,-0.09326206786019783,0.006522596463899375,,,,0.414,7.002287883826121
PER,2012,0.8291310183895519,0.5592640077466311,0.7001247171038519,-0.08049993906613781,0.0442619419000632,,,,0.408,7.080502817441818
PER,2013,0.80068208512018,0.514549380265229,0.626600921194847,-0.13696800142456297,-0.00558244408469449,,,,0.403,7.141600561945533
PER,2014,0.8181523080754443,0.5545948393419065,0.6503242651660985,-0.0838965198257146,0.01176068835806609,,,,0.397,7.189701935334383
PER,2015,0.7905931010431183,0.5550859363259524,0.6687149826708707,-0.12918147359451318,-0.03383215197721509,,,,0.39,7.222876189692315
PER,2016,0.8434959270725315,0.5915913608077804,0.6683069928393646,-0.055513916605074265,-0.01881576804281323,,,,0.403,7.289851448057421
PER,2017,0.8524234417683838,0.5518065105800912,0.6517824093719049,-0.07718556244143039,-0.08323779991718387,,,,0.391,7.298216387939767
PER,2018,0.837239497073302,0.5543699555970115,0.65441082603104,-0.029363894644311633,-0.030757725225402984,,,,0.393,7.331987838253625
PER,2019,0.8341035178938006,0.6047839369205111,0.6859850263467461,-0.01033215409957247,-0.09057680754551597,,,,0.399,7.368390789106558
PER,2020,0.8968123220956106,0.6429949390813783,0.7486393441248532,0.07619012400007928,-0.05442723752235733,,,,0.41,7.310217884086045
PER,2021,0.9011860905091454,0.6914226118418848,0.6563647174361869,0.03524624882265603,-0.10515887014034646,,,,0.406,7.401397306793272
PER,2022,1.0121372054782594,0.7306736745915595,0.5212316184755008,0.03628250037294869,-0.0208519083704332,1.6606592277386238,1.0378510661581597,0.7578363056212979,0.385,7.393115391548562
PER,2023,1.037635909125153,0.7426216187815061,0.5232895271675191,0.007538809035437616,-0.0446523312127502,1.6211067459593256,1.0491383369246934,0.7707250786313841,0.384,7.4789557051269915
PER,2024,1.0777814683518128,0.772156458290534,0.5411882640144903,-0.01344509152772754,-0.06295472955574101,1.672213212479893,1.0863787199271067,0.7972732801980623,0.387,7.5385019179632415
PHL,1996,,,,,,,,,,
PHL,1997,,,,,,,,,,
PHL,1998,,,,,,,,,,
PHL,1999,,,,,,,,,,
PHL,2001,,,,,,,,,,
PHL,2003,0.8573441124194434,0.6034558466286646,0.8409247221086152,0.09713470552375557,0.029713477483120306,,,,0.378,8.849173353762247
PHL,2005,,,,,,,,,,
PHL,2006,,,,,,,,,,
PHL,2007,,,,,,,,,,
PHL,2008,,,,,,,,,,
PHL,2009,,,,,,,,,,
PHL,2010,,,,,,,,,,
PHL,2011,,,,,,,,,,
PHL,2012,,,0.8362220675958081,0.15963057908674952,0.10155495959557041,,,,0.4,
PHL,2013,,,0.8624821150945858,0.17921312611191134,0.10345272096351095,,,,0.4,
PHL,2014,,,0.8322710536988052,0.2032178178352432,0.14067392879795346,,,,0.386,
PHL,2015,,,0.7981197715641332,0.19731390968574852,0.13341337394707833,,,,0.38,
PHL,2016,,,0.7769487804951059,0.19060926327860178,0.13359708378127935,,,,0.375,
PHL,2017,0.8597612275065866,0.6012033971034774,0.7489273285328953,0.18409678123437512,0.11664178563622885,1.2820795155214906,1.228381721152071,0.84087493046527,0.351,9.44390337181343
PHL,2018,,,0.7417300769881582,0.19308249305553113,0.13715917139527567,1.191027144960848,1.1833596324471718,0.812558007159463,0.35,
PHL,2019,,,0.7304522792714727,0.2070027917542502,0.13683209490325868,1.2159484101504225,1.1488756292903928,0.801415147637088,0.343,
PHL,2020,,,0.7332596499468721,0.22956348911699345,0.13340794666395403,1.2075646399435376,1.1174982046559576,0.7936615596185352,0.329,
PHL,2021,0.6895212287689041,0.5515249367942524,0.6957268027446815,0.21377668508627873,0.14179431744469803,1.0474390566572291,1.0819741090676254,0.7849738844406244,0.325,9.650403795630362
PHL,2022,0.6928832310768424,0.5510423329860143,0.688522612997541,0.20040481987923556,0.15004092934162744,1.1547553361722074,1.0970123845045985,0.7847765170180215,0.323,9.710372474704053
PHL,2023,0.676045108273149,0.5276691196623391,0.682006491016158,0.19877583314136582,0.15975456335750746,1.1518837516046176,1.0662530490619737,0.7725471840006544,0.316,9.775935902702601
PHL,2024,0.6317193440011825,0.5000760115768672,0.652653219762552,0.19709221773674734,0.15697810437589324,1.1063920720691238,1.0338354393006777,0.7525470940317335,0.301,9.826888649819965
PLW,2000,0.8526969982626248,0.5919482094476003,,,,1.1395675739460231,0.9059418481191552,0.6885098318621308,,6.661494061697773
PLW,2023,0.7191996754857879,0.49427710108244066,0.5188456458567384,0.07764532089614459,0.02690142193062658,0.8260869601533881,0.7301060470580231,0.47843242952924153,0.296,6.949248408241083
POL,1996,,,,,,,,,,
POL,1997,,,,,,,,,,
POL,1998,,,,,,,,,,
POL,1999,,,,,,,,,,
POL,2000,,,,,,,,,,
POL,2001,,,,,,,,,,
POL,2002,,,,,,,,,,
POL,2003,,,,,,,,,,
POL,2004,,,,,,,,,,
POL,2005,0.8264768329084614,0.5040718029423124,0.24025590629553653,0.07134909044086639,-0.01330913235565317,,,,0.356,6.105926518574997
POL,2006,0.881300672236374,0.5645557185207133,0.1844731450325879,0.07937143457331766,-0.009753684157881885,,,,0.353,6.286379772126244
POL,2007,0.8816826480049491,0.5682584637363585,0.21881174782854157,0.06627863719173945,-0.0354125994875387,,,,0.354,6.464349957530763
POL,2008,0.832754455570559,0.5386324529785046,0.23449672979014816,0.061418043044605415,0.01293396372597199,,,,0.349,6.606789365701488
POL,2009,0.8219542445652396,0.5394234039394683,0.2940378273943081,0.06934541189336611,0.011479330906801696,,,,0.344,6.758771394914007
POL,2010,0.8039830966956273,0.4935311027147366,0.2968604334292417,0.06451580186822199,-0.0005185595373484607,,,,0.336,6.588998001798156
POL,2011,0.7650794304709241,0.48081151886932333,0.3041179740598655,0.042448297823626545,-0.038269603918415274,1.095830798710743,0.8257097327251375,0.511217403873949,0.326,6.696357475497978
POL,2012,0.6968281543166923,0.4776598149373114,0.253174599995375,0.04876038046808372,-0.04929649516042212,1.111696179098707,0.8027080879569312,0.478205164619288,0.322,6.717434614460428
POL,2013,0.7632771247043997,0.4649472180594658,0.10841327986865451,0.05608615319145289,-0.01887988184539995,1.1416372813988782,0.8566659469195335,0.4812062948939047,0.322,6.734665379015443
POL,2014,0.741689395739138,0.4716614390909337,0.1444805555954918,0.03234839231528708,-0.03723903606754098,1.1491370804474932,0.8424716432487064,0.48195103415826185,0.325,6.774810000273576
POL,2015,0.7427334941295972,0.4718775895010974,0.04929975352087118,0.020729778960936,-0.06999425636999825,1.1519106017500762,0.8298942676492641,0.4725375095151511,0.33,6.7762709325852395
POL,2016,0.6792775709846908,0.45474512964755487,0.03620880751920141,0.01828193236621175,-0.03724677112108169,1.1101347369112808,0.7775402420885088,0.45957424811698383,0.321,6.816935203554676
POL,2017,0.6268071924031068,0.4286665434829739,0.031573838271733455,-0.00322790451300721,-0.038192741764962124,1.0143656172565272,0.727365206664143,0.4054341725198193,0.314,6.8143727400837175
POL,2018,0.576585072035525,0.38719061502099394,0.0773127643247406,0.0004023079393080497,-0.017727837384688812,0.9062732606016874,0.6333942572955229,0.3443333909152498,0.304,6.881716185292818
POL,2019,0.6333267391773086,0.4083390112416435,0.08083244756681295,-0.02279089505495907,-0.03142789013545218,0.9536088895624601,0.7001520368342685,0.35687838236290037,0.308,6.972579071925837
POL,2020,0.5592284422875176,0.3852855396851342,0.07897606556575652,-0.01903613290164394,-0.017246095082088846,0.9423541184232395,0.6863903293813112,0.34093998019075406,0.289,7.0559287019773995
POL,2021,0.582858999780607,0.3691738072581682,0.10034896047311173,0.003814833290067088,0.01562797015877934,0.8187713007652097,0.632165609367347,0.34321502310285684,0.275,7.0603682056442425
POL,2022,0.5606447713191074,0.3703339282585813,0.08640769548918882,0.01596380631342152,0.02954259028356946,0.8377138947554486,0.6715272357006987,0.3811926556951882,0.269,7.154169163634245
POL,2023,0.49517027212223325,0.360353661704313,0.1002721006615379,0.002339292394075158,0.052800686895424345,0.8547296776623455,0.705166517669961,0.35561712943181617,0.292,7.245528098050649
POL,2024,0.4655282409836166,0.3582531353596294,0.07083744814817337,0.034241279549196674,0.05181020501750416,0.8532163042068721,0.6684357796785542,0.36901793239632996,0.279,7.428195929868529
PRI,2001,,,,,,,,,,
PRI,2002,,,,,,,,,,
PRI,2003,,,,,,,,,,
PRI,2004,,,,,,,,,,
PRI,2005,,,,,,,,,,
PRI,2006,,,,,,,,,,
PRI,2007,,,,,,,,,,
PRI,2008,,,,,,,,,,
PRI,2009,,,,,,,,,,
PRI,2010,,,,,,,,,,
PRI,2011,,,,,,,,,,
PRI,2012,,,,,,,,,,
PRI,2013,,,,,,,,,,
PRI,2014,,,,,,,,,,
PRI,2015,0.8462057177261424,0.6583067680130965,,,,1.298002341767498,0.9658594836696186,0.7041190692198318,0.437,7.630260756246842
PRI,2016,,,,,,,,,,
PRI,2017,,,,,,,,,,
PRI,2018,,,,,,,,,,
PRI,2019,,,,,,,,,,
PRI,2020,0.7848202941691259,0.6089980350728162,,,,1.3250975566804248,0.9683154466977739,0.7399906048966823,0.456,7.711004964177332
PRI,2021,,,,,,,,,,
PRI,2022,,,,,,,,,,
PRI,2023,,,,,,,,,,
PRI,2024,,,,,,,,,,
PRT,1996,,,,,,,,,,
PRT,1997,,,,,,,,,,
PRT,1998,0.9433294227051383,0.5153438289014367,0.5188101273826923,0.24962744535334813,0.2363280767180591,,,,0.302,11.519616152319582
PRT,1999,0.8968280098013279,0.4652226235184639,0.4805942158669676,0.2257033584811392,0.19141747516974456,,,,0.295,11.55902251071142
PRT,2000,0.8715064687398577,0.48062606157832816,0.45020545665950734,0.20254373381592194,0.15084951287586265,,,,0.29,11.606355915553664
PRT,2001,0.8857782749658268,0.510842744704923,0.4133585113269739,0.1987312559209483,0.1638218622012818,,,,0.284,11.661572435709166
PRT,2002,0.8389941216737188,0.5154628949293415,0.3926864593522294,0.24359835860240453,0.2111643799108581,,,,0.293,6.414166903235705
PRT,2003,0.8646851541293876,0.5499479073849283,0.40923915716253756,0.2514991050468084,0.22052571404081397,,,,0.296,6.459724469480129
PRT,2004,0.8667439278694492,0.5813356820349317,0.401903209239169,0.24144739819018574,0.2180362879144275,,,,0.299,6.504858370225049
PRT,2005,0.8512423475766007,0.5554603737507038,0.41750329702777395,0.22396141478735893,0.1943753558531738,,,,0.296,6.530199555321147
PRT,2006,0.8512362206111089,0.5657993320663788,0.42362912351860843,0.23293017943429695,0.21879274997707762,,,,0.298,6.566050576858453
PRT,2007,0.8294110919127992,0.5598588633493532,0.4773480015194819,0.2018483398537774,0.19285643083890766,,,,0.296,6.5802618122926795
PRT,2008,0.7692371022177901,0.5148143730073683,0.4450647274733043,0.18287804537541227,0.18481013914060365,,,,0.292,6.623403654426808
PRT,2009,0.7691548823103901,0.5323890679609872,0.447344976259113,0.16687270121913617,0.17084611790356,,,,0.288,6.638264078129526
PRT,2010,0.7232512799429746,0.49465313958349405,0.3993388969602889,0.1575721237017873,0.1619664020076508,,,,0.279,6.65134316526743
PRT,2011,0.7200119349891495,0.5044636628206411,0.36719328991549743,0.14704789682411137,0.1418590897184878,1.1354052508338144,1.0473964268817861,0.7246194730924788,0.286,6.682362951064098
PRT,2012,0.7337439118208903,0.5196108276370518,0.4070862159442659,0.15477758251460616,0.12745791307705778,1.188185846095742,1.063276741524988,0.7461168471556618,0.292,6.693417839796019
PRT,2013,0.7071401170821797,0.5093848050745763,0.32805244631810804,0.13127043479224407,0.12803288598730625,1.1833290698303829,1.0294608667757759,0.6962812157659356,0.29,6.686546105552096
PRT,2014,0.6757883434319288,0.47231009842540855,0.37431060441820396,0.11414422177565405,0.1355039578005609,1.1515128675069612,0.988563048501494,0.6531239531814653,0.286,6.699415361181608
PRT,2015,0.6554714336176821,0.4577048881566564,0.3792537042838599,0.13568605228146802,0.13356983173133688,1.1499503387120569,0.9782450719011215,0.633989283356021,0.283,6.7159444410352656
PRT,2016,0.6219716170939886,0.4330230958314258,0.3798484921566575,0.12153551283458328,0.11278694536550926,1.0455501758109174,0.9283131460921699,0.6023265939167329,0.27,6.722526299728653
PRT,2017,0.6065813864617523,0.4573594553362265,0.3402363512315144,0.12170169102134737,0.10778763444382294,1.084976833253654,0.9139400223148114,0.5962452092496409,0.267,6.747764914673127
PRT,2018,0.576951871449104,0.434007167570626,0.284131487847188,0.11024656049087773,0.10036950333325384,1.047919151899014,0.8836715666236924,0.5567871146764313,0.256,6.77453355269176
PRT,2019,0.5634286927224725,0.4199875625380085,0.29296834279264117,0.0987082715692489,0.09852150935076989,1.0077308585799305,0.8595049313250767,0.5528849310348043,0.248,6.797446987689265
PRT,2020,0.5677381886399896,0.40728323130871563,0.34647674603349643,0.09051529885984591,0.08053913503981024,1.0209827704167591,0.8592733348599283,0.5432388796055657,0.248,6.849600604333269
PRT,2021,0.5368709869908704,0.4120313073954852,0.2739018685764376,0.09860305937863015,0.10585955898545077,0.9661796412763437,0.8359876009997672,0.5136761306178683,0.251,6.913653848167484
PRT,2022,0.5111721777327559,0.3883431920317312,0.26978469986360165,0.0820960384453185,0.08773710258766926,0.9623121010011927,0.7809715601819794,0.4859659736710281,0.24,6.944987477889269
PRT,2023,0.4841461557521965,0.37985768344612886,0.2170174561171533,0.08009106602104818,0.09272047527703471,0.8904944595425822,0.750939094120047,0.4689104220885678,0.226,6.964916026152697
PRT,2024,0.5171808092595286,0.39418380924298646,0.24628854580521303,0.06422349201988137,0.06909608482019186,0.9196443151750198,0.7843929789780479,0.4713918802927166,0.236,7.065966845095276
PRY,1996,,,,,,,,,,
PRY,1997,,,,,,,,,,
PRY,1998,1.2292002233499604,0.7116086510944395,0.7534739382312218,0.09755619831301804,0.26610599605562235,1.149675618551616,,,0.393,13.465219152960048
PRY,1999,1.0784495573677038,0.7062138497582607,0.7793083558053591,0.08067287344477642,0.16687732360259494,0.9845293555236869,,,0.39,13.56339781611587
PRY,2000,,,,,,,,,,
PRY,2001,1.186334483177995,0.7661320167693438,0.6533826408134388,-0.04572982455787167,0.10429364841501355,,,,0.416,13.635224126497231
PRY,2002,0.9771812118873597,0.5566334296453073,0.47939839621398034,-0.046721939960995516,0.014797772535774531,1.7281435935987894,1.1556732229729343,0.6269465641844663,0.425,13.511092791086043
PRY,2003,1.0555164258309995,0.5899093802109121,0.5235564743531702,-0.005269362685589214,0.23434649280042627,1.8323721242997457,1.2851010290853007,0.8084220884530176,0.445,13.63305258026541
PRY,2004,0.9675212876611824,0.5191050200561896,0.4768709536016095,-0.06550740731506947,0.06023312738129773,1.736243698388437,1.1130964418405547,0.560251903238764,0.425,13.598070840070253
PRY,2005,0.9787813987783083,0.49458616907661923,0.5361637044735978,-0.09259820480568098,0.1901366056365951,1.7686529871035237,1.2320058165289283,0.6408035784146535,0.429,13.731016698094725
PRY,2006,0.9307280975509651,0.5332073635335015,0.5428934853821957,0.02230644876819377,0.2272506786472334,1.5844048312329808,1.1876326795782224,0.6443197711822238,0.402,13.861682430731744
PRY,2007,0.832660388785283,0.46045468744399465,0.4971866474296344,0.05413937789180625,0.1956866369748972,1.4574004770796403,1.0858635514085992,0.6235650779504943,0.39,13.875028086237567
PRY,2008,0.8205317127552,0.4717616452129572,0.5333598919261072,0.04704394196831023,0.20077680884553367,1.4164220695033962,1.1071654388445689,0.6009341298670123,0.391,14.011129012048304
PRY,2009,0.8711479042249275,0.5074245840714595,0.5533004317433525,-0.01343321863217085,0.04754792457348695,1.4607869650422423,1.1348653699188906,0.5621043620087445,0.379,14.048979150117116
PRY,2010,0.7563514948971901,0.4591409236974475,0.3650492066644548,0.01711338436845584,0.1306902624528568,1.4498999950817675,0.9970774468940599,0.5000371009438112,0.366,14.147264376050469
PRY,2011,0.7605666879416215,0.46878533507874026,0.49345984637682166,0.03804190952782649,0.14941700511653233,1.2617914615714874,1.0513559378503878,0.5926317924540259,0.363,14.306341879021527
PRY,2012,0.7690041002685839,0.5332817123433679,0.3182522874693117,-0.0506097588459985,0.05154716338828061,1.2941486864607725,1.0320782820016916,0.5552208789586313,0.355,14.334527075979238
PRY,2013,0.8631637287325208,0.5417059049285482,0.4316912664137625,0.04720662162079307,0.17295416533319316,1.5861961971322152,1.093537497772263,0.5709566687712757,0.386,14.459288225639725
PRY,2014,0.7956056289616007,0.552808175608801,0.231772230742474,-0.03571160742571717,0.0029603055862851575,1.390854040875743,1.0337251768355564,0.5862748280883535,0.372,14.526233242032074
PRY,2015,0.8083043288896431,0.5257953813403172,0.323613199088692,0.002027261926640297,0.06993148957395591,1.4286707786595103,1.0288802026251427,0.5164434460641124,0.36,14.554232869532564
PRY,2016,0.8514572701709292,0.6482256182015834,0.31600641965136717,0.02759567117572269,0.026047652323915742,1.4709695975219972,1.0696507809382527,0.6502762939300223,0.37,14.545926874068899
PRY,2017,0.7850481074253152,0.5391431398695882,0.1174363692572238,0.006258554941312523,0.04937586672745734,1.1575566099385728,0.9056723703426715,0.5678781518991519,0.333,14.57922240715725
PRY,2018,,,0.18422730818599592,0.02675106466746512,0.04398117360861413,1.1251924898191579,0.8454507736035838,0.5204027958034523,0.332,
PRY,2019,,,0.21314078319084384,0.05917099978140794,0.05216027945815333,1.0607107083587015,0.8628174686449075,0.5238164062179433,0.325,
PRY,2020,,,,,,,,,,
PRY,2021,,,0.12495266049605393,0.10408704456780572,0.09693668638383554,1.2245467624232813,0.8963413137401478,0.6194377451362126,0.332,
PRY,2022,,,0.0990989798905816,0.0849009028949773,0.07701896710188261,1.1467537548192848,0.8877869772640093,0.5718102154224879,0.326,
PRY,2023,,,0.16009177052781717,0.05632696391999191,0.060831125282754674,1.0952582608788004,0.9053334337305108,0.6112262466207309,0.324,
PRY,2024,,,0.08637685348377115,0.018323855548379016,0.01772341582580629,1.1096521657458553,0.8964965421462527,0.6155560953581676,0.32,
PSE,2015,0.153387514500812,0.22122570281737608,0.20404379208473228,-0.34010061703867633,-0.09314593430685301,0.6739316285654054,0.20255428299999453,-0.24636923286357326,0.357,7.721341963659675
PSE,2016,0.08280555005644427,0.16335566541216617,0.19483732196490175,-0.3936909153330599,-0.12261235834470974,0.597974488042853,0.1459619378412946,-0.3305491821746433,0.365,7.758629451022208
PSE,2017,0.08420764631940157,0.15628060419663853,0.17192631846446743,-0.42876194248375576,-0.16993198825133662,0.5835114171429797,0.1383362788488954,-0.36900341599157754,0.372,7.798026828761547
PSE,2018,0.029139076239850566,0.10234042472731593,0.22856860307413318,-0.48582689888873337,-0.1595099010801732,0.4939736884754789,0.043981458935416225,-0.4228013677000164,0.37,7.871679315645689
PSE,2019,-0.010610032038437125,0.04694871337941336,0.1758987971909519,-0.4887358730160407,-0.14055140324471901,0.37533164603259506,-0.02094683575253213,-0.42811630372325143,0.38,7.928676259934375
PSE,2020,0.025942373438413557,0.06318403245454375,0.24139597741739682,-0.43955939996765864,-0.20093056956574862,0.4114932731324392,0.019531140699210633,-0.3977629612611396,0.374,7.9702587541773475
PSE,2021,-0.037581475729110074,0.035866118109259396,0.15366197562350317,-0.488937815221755,-0.18899105017868914,0.28719358115419674,-0.05389742110435596,-0.43594065117557534,0.38,7.982156838935189
PSE,2022,-0.08184046691318564,0.0023583004317848815,0.17810643981410607,-0.5091510156579298,-0.1643396392459163,0.3168963247094771,-0.057949300291623464,-0.48394372102059036,0.391,8.028607744582812
PSE,2024,0.07394526585797215,-0.029456447352728763,0.3730756387145696,-0.09699158212113647,0.09774553935179046,0.49694843413007106,0.11626339565311149,-0.16613056598037962,0.296,8.035358894992505
QAT,2001,,,,,,,,,,
QAT,2009,,,,,,2.200610153660196,1.60621645078747,1.7234253158994326,,
QAT,2011,,,,,,2.3115055157703255,1.813913076679345,1.4854363698627164,,
QAT,2012,,,,,,2.1784441900811866,1.8666318454250685,1.6204931064858976,,
QAT,2013,,,,,,,,,,
QAT,2014,,,,,,2.019663315148565,1.6906230641185096,1.4263903419815385,,
QAT,2015,,,,,,,,,,
QAT,2016,,,,,,,,,,
QAT,2017,,,,,,,,,,
QAT,2018,,,,,,,,,,
QAT,2019,,,,,,,,,,
QAT,2020,,,,,,,,,,
QAT,2022,,,,,,2.5770872879784976,2.1187704368784117,1.860731171429522,,
REU,2012,,,,,,,,,,
ROU,1996,,,,,,,,,,
ROU,1997,,,,,,,,,,
ROU,1998,,,,,,,,,,
ROU,1999,,,,,,,,,,
ROU,2000,,,,,,,,,,
ROU,2001,,,,,,,,,,
ROU,2002,,,,,,,,,,
ROU,2003,,,,,,,,,,
ROU,2004,,,,,,,,,,
ROU,2005,,,,,,,,,,
ROU,2006,,,,,,,,,,
ROU,2007,0.9535529959571247,0.6520211196626828,0.14782709070934993,0.1260116475974501,0.10705829738445397,,,,0.323,5.675873277734009
ROU,2008,0.9469405176062275,0.6101938207134191,0.3361135666420926,0.11412192636364667,0.13355035457325104,,,,0.305,5.823918295896181
ROU,2009,0.881479268496645,0.589293392972277,0.2880038728106958,0.095122540692019,0.10688895139243061,,,,0.298,5.872269890583512
ROU,2010,0.821947526770186,0.5593021381349143,0.335327201488555,0.06997359769620064,0.07264900000637983,,,,0.284,5.786424877116117
ROU,2011,0.7612302953318589,0.4912536158975302,0.2229473607177232,0.07220477955915022,0.08583112898445175,1.1346296708804193,0.829258237358528,0.49861444781293607,0.273,5.793940008411392
ROU,2012,0.7238457231128241,0.4625056643556856,0.17244631980778985,0.042588003691737444,0.03702244029166821,0.9795414035689183,0.8134547068813086,0.49620203915916755,0.27,5.802329833380781
ROU,2013,0.7160369045125683,0.48045709917094925,0.11742963696495365,0.09189125541129893,0.08390470367345462,0.8640124713386984,0.7898583845229024,0.5198997064172914,0.265,5.795619964981554
ROU,2014,0.7125961275048653,0.4644165443767154,0.20031648245325373,0.08311361955030667,0.07827223119577506,0.8534593545308738,0.7659091386490624,0.5221077444809673,0.252,5.855435752856165
ROU,2015,0.5162558642785275,0.46090419725265364,0.128342045666566,0.06940491048161561,0.03918259395454231,0.8705511876688619,0.7312383235643183,0.49909229710824576,0.252,5.905192896453352
ROU,2016,0.5459881950268375,0.49197146203774406,0.09107309147911849,0.10182179796350785,0.05645110115536369,0.9868049754041572,0.7591733796273369,0.4922213866434422,0.252,5.994950962492754
ROU,2017,0.6316762293739433,0.43079398431600774,0.15919295262835836,0.07863225802658705,0.03766474373316817,0.8786733155527646,0.6523819887671102,0.4248964465754781,0.234,6.084155390352609
ROU,2018,0.706752101106488,0.47687307479294316,0.1470128265157163,0.1325758702984338,0.09355854032278668,0.8893753123610907,0.7187268811594105,0.5133948119465446,0.24,6.3297351656705745
ROU,2019,0.7199951331190786,0.4901449282749699,0.17603591648954503,0.1564445420657015,0.10184608547780676,0.8616844155611375,0.7518069923907365,0.5474044830103999,0.248,6.682757509667744
ROU,2020,0.6994071781927581,0.47362094705683444,0.15640285096951162,0.13812291658913584,0.10463561529987778,0.8634021527378491,0.7426991219395463,0.5262980051316329,0.249,6.7258112509152435
ROU,2021,0.6567113200055735,0.44558296347928905,0.24795122837701858,0.16950967975904085,0.14582928349019333,0.8263714267314483,0.6865911783615907,0.4758799651945377,0.244,6.861358398622928
ROU,2022,0.6718170424014714,0.4620298656037988,0.25600950280252194,0.11114069071789912,0.1037739778503726,0.9108039247489473,0.6905443298923972,0.4349647193240031,0.247,6.923317556138501
ROU,2023,0.591523820696854,0.43691796693052015,0.2317096616017046,0.09335773927206693,0.0914489406126564,0.8584203371014305,0.6898637215941985,0.4024288669704166,0.234,7.116028817629618
ROU,2024,0.550771471166464,0.4153604221221172,0.22496493144694846,0.06969783139982909,0.0703283031447537,0.6948824270679705,0.570432258746366,0.3833115278018163,0.224,7.253565919522012
RUS,1996,,,,,,,,,,
RUS,1997,,,,,,,,,,
RUS,1998,,,,,,,,,,
RUS,1999,,,,,,,,,,
RUS,2000,,,,,,,,,,
RUS,2001,,,,,,,,,,
RUS,2002,,,,,,,,,,
RUS,2004,,,,,,,,,,
RUS,2005,,,,,,,,,,
RUS,2006,,,,,,,,,,
RUS,2007,,,,,,,,,,
RUS,2008,,,,,,,,,,
RUS,2009,,,,,,1.388505363245617,0.8784454781813755,0.10874058863479016,,
RUS,2010,,,,,,,,,,
RUS,2011,,,,,,,,,,
RUS,2012,,,,,,,,,,
RUS,2013,,,,,,,,,,
RUS,2014,,,,,,,,,,
RUS,2015,,,,,,1.3635474203264981,0.868830097552104,0.1438678128716743,,
RUS,2016,,,,,,,,,,
RUS,2017,,,,,,1.375021788560781,0.8332597298115129,0.1777702269140975,,
RUS,2019,,,,,,1.2758384495896704,0.728866007586564,0.12881649464330552,,
RUS,2021,,,,,,1.365255797329409,0.7965468719038858,0.206092976145257,,
RWA,2014,1.7421937893318018,0.8891787094828949,1.433059627139798,0.40580199206481443,0.36397546415563853,2.015266784977823,1.7209697411627927,0.6996980229056308,0.571,11.008542211169491
RWA,2017,2.2923876344653165,1.3359559731367872,1.577066524722388,0.4872211479403762,0.5364152012955273,2.9496468837689305,2.1429503512091737,0.7968026548247503,0.613,10.728706967917452
RWA,2021,2.044250397953544,1.1181719091620195,1.5613300776348833,0.39330258221204106,0.18605951072404772,2.4413436993978452,1.9618867205437749,0.6011152539965641,0.534,10.614181754699826
RWA,2022,1.8844896581698838,0.9853054681549656,1.4817209538298919,0.32297068366393383,0.39699859582807157,2.2647987928654816,1.8048217065489875,0.4609145332523548,0.515,10.640277098628264
RWA,2023,2.133806646970202,1.1342576952354209,1.5218128252429497,0.4049601021902628,0.3116007160033068,2.857580132685062,1.9305922944536875,0.6690101171659876,0.55,10.907229408030522
RWA,2024,1.7847523439231645,0.9232061378725123,1.3314494265129615,0.24642180210591574,0.2173893861189547,2.286181315569563,1.6777460498161458,0.39852884689038576,0.528,11.154116760468423
SAU,2009,,,,,,,,,,
SAU,2011,,,,,,,,,,
SAU,2012,,,,,,,,,,
SAU,2013,,,,,,,,,,
SAU,2014,,,,,,,,,,
SAU,2015,,,,,,,,,,
SAU,2016,,,,,,,,,,
SAU,2017,,,,,,,,,,
SAU,2018,,,,,,,,,,
SAU,2019,,,,,,,,,,
SAU,2020,,,,,,2.0631793576796946,1.784300452681664,1.3997484593903233,,
SAU,2022,,,,,,1.921738071911288,1.6302584995360643,1.4232194895309342,,
SDN,2011,0.37533163824703486,0.2540773166269107,0.4170590816068708,0.01636693645120315,-0.03290562712545743,,,,0.345,6.11526941508286
SDN,2022,0.18754382839812403,0.17358634203164705,-0.057771768157830194,-0.5817581536035512,-1.2526576421567723,-0.9674920181917143,-0.5088355277004213,-0.02463527498975181,0.592,11.953624104386325
SEN,2011,1.361476237083762,0.7475194378684824,0.6859006128392051,0.18820043902783756,0.5705198789469179,,,,0.597,11.56296536218362
SEN,2019,1.1356909127122308,0.44596392592593037,-0.07176200696380995,-0.04362672130392986,0.11671603532286508,1.6733239774508566,1.2788820876472033,0.9577574989336506,0.48,11.361707311082549
SEN,2022,0.9124196825995726,0.14953070142212346,0.35302039794271184,-0.06248558861723676,0.29510986361889385,1.8712089067505275,0.8614957974271902,0.8229132605299438,0.473,11.488351933789385
SEN,2023,1.0956023267115007,0.30792604715472344,0.3515740273444587,0.24001158205963677,0.5065557791008038,1.6535817163423736,1.2986173086605861,1.1278462280361092,0.443,11.446738759656363
SEN,2024,0.9379070537204086,0.2084693156361121,0.3166448494157501,0.14669145026706115,0.7213947982913106,1.693890445049122,1.463641513236237,0.9600052460710763,0.598,12.039283759789573
SGP,1996,,,,,,,,,,
SGP,1997,,,,,,,,,,
SGP,1998,,,,,,,,,,
SGP,1999,,,,,,,,,,
SGP,2000,,,,,,,,,,
SGP,2001,,,,,,,,,,
SGP,2002,,,,,,,,,,
SGP,2003,,,,,,,,,,
SGP,2004,,,,,,,,,,
SGP,2005,,,,,,,,,,
SGP,2006,,,,,,,,,,
SGP,2007,,,,,,,,,,
SGP,2008,,,,,,,,,,
SGP,2009,,,,,,,,,,
SGP,2010,,,,,,,,,,
SGP,2011,,,,,,2.0006915070813043,1.6505383253889592,0.8743859002150679,,
SGP,2012,,,,,,2.0553552609447925,1.6614795404285727,0.8987235351746439,,
SGP,2013,,,,,,2.0752989433648317,1.667756082855187,0.8855688331158534,,
SGP,2014,,,,,,2.067512970814562,1.610386079382506,0.9311694723585076,,
SGP,2015,,,,,,2.028989841673919,1.6249420989700656,0.990398704027877,,
SGP,2016,,,,,,1.8715307107110382,1.5562485304815576,0.9465903562387363,,
SGP,2017,,,,,,1.8850145458750662,1.5932167257957184,0.9596802140921035,,
SGP,2018,,,,,,1.88321707971689,1.529395204760564,0.9444616088408515,,
SGP,2019,,,,,,1.8399875988175665,1.497029157843355,0.8432038333517158,,
SGP,2020,,,,,,1.8740547119548852,1.497031277478024,0.9367642358562811,,
SGP,2021,,,,,,1.7703682792467375,1.448282701073384,0.9053764743722862,,
SHN,1996,,,,,,,,,,
SHN,1997,,,,,,,,,,
SHN,1998,,,,,,,,,,
SHN,1999,,,,,,,,,,
SHN,2000,,,,,,,,,,
SHN,2001,,,,,,,,,,
SHN,2002,,,,,,,,,,
SLB,1996,,,,,,,,,,
SLB,2005,,,-0.16545421540434674,0.05182519486836071,0.2943939278162942,,,,0.559,9.561469104076666
SLE,2018,0.6261886333286811,0.6068088015923108,0.5172421924083255,-0.16433326977149929,0.3352156532000472,1.0097727034982162,-0.0856535019310994,-0.3592221290448156,0.67,14.53704437880956
SLV,1998,,,,,,,,,,
SLV,1999,,,,,,,,,,
SLV,2000,,,,,,,,,,
SLV,2001,,,,,,,,,,
SLV,2002,,,,,,,,,,
SLV,2003,,,,,,,,,,
SLV,2004,,,,,,,,,,
SLV,2005,,,,,,,,,,
SLV,2006,,,,,,,,,,
SLV,2010,0.6122742640269124,0.12158576259447398,0.8529410193177619,0.27116554514632096,0.1438125996099203,,,,0.361,5.684219018756263
SLV,2011,0.6245012991090274,0.14952774604895,0.8276951246665639,0.25089103323716483,0.14194240629012467,,,,0.354,5.691844837083158
SLV,2012,0.5840894519418866,0.13043428615791905,0.8147438279690717,0.21628990238131812,0.10733061699496528,,,,0.351,5.727788672856319
SLV,2013,0.5685639350157491,0.15307489115574857,0.8063582540088748,0.28153386354352394,0.16753140663161514,1.5144082615936114,1.1281102268552936,0.8383081929075601,0.351,5.786249932553147
SLV,2014,0.5842904171452451,0.17940593058055798,0.8474007423015256,0.2621767501728996,0.15378219288655723,1.3565554816766334,1.1973095998248582,0.9060418680706669,0.35,5.800833562442887
SLV,2015,0.5511024825802435,0.17639277516106677,0.8052203335727315,0.22241767865720435,0.1559408228685426,1.3940674087023217,1.13681828961712,0.8322479596928463,0.341,5.803778627814877
SLV,2016,0.5544045059891163,0.2583132239132735,0.7791926137478135,0.22659900550957193,0.10814872392986731,1.1848632855684154,1.069808487393513,0.7816370561107983,0.318,5.782969431664175
SLV,2017,0.5468631480687703,0.2978908928470658,0.6992202700050706,0.21550648773178632,0.07198070351313059,1.227074317834163,1.0906299911469322,0.8152248278531691,0.311,5.843477748142372
SLV,2018,0.5128976572302468,0.26963847830050913,0.743105965115938,0.18908647247155608,0.08376177418020676,1.1576460119597793,0.9938040555439746,0.6950812661446918,0.31,5.881049612702884
SLV,2019,0.5509528357188154,0.2830794867690285,0.7214623323553586,0.20448787802175883,0.11803242498709686,1.166637605664047,1.0163624887956038,0.6987789061279959,0.312,5.940923601214262
SLV,2021,0.5314358654088708,0.28503500763375206,0.8233305373144492,0.22422743441711815,0.10421540116150982,1.1404486992500005,1.048240974625885,0.7377832174829532,0.319,5.967817138101989
SLV,2022,0.46067914226276635,0.2431585851706009,0.7082585937294883,0.1839234401592786,0.05876006061014061,1.074562876290886,0.9515152539996928,0.6197509444139895,0.297,6.027637350870125
SLV,2023,0.48720668165237613,0.2835820067052009,0.7085597923161463,0.15601494274031982,0.0933460960442101,1.0250333473058542,0.977447009804763,0.6115432770494518,0.32,6.109567531575285
SLV,2024,0.5279759345455967,0.27479500518865607,0.7318957330695358,0.16555194910770177,0.12326015583333635,1.0672204507255743,0.97157674957087,0.6222360848726647,0.323,6.182929591192547
SMR,1996,,,,,,,,,,
SMR,1997,,,,,,,,,,
SMR,1998,,,,,,,,,,
SMR,1999,,,,,,,,,,
SMR,2001,,,,,,,,,,
SMR,2002,,,,,,,,,,
SMR,2003,,,,,,,,,,
SMR,2004,,,,,,,,,,
SMR,2005,,,,,,,,,,
SMR,2006,,,,,,,,,,
SMR,2016,,,,,,,,,,
SMR,2017,,,,,,,,,,
SMR,2018,,,,,,,,,,
SMR,2019,,,,,,,,,,
SMR,2020,,,,,,,,,,
SMR,2021,,,,,,,,,,
SMR,2022,,,,,,,,,,
SOM,2022,0.5012197344903261,0.33040373078483215,0.4574501267466748,0.05441925814748374,0.13566099318769112,,,,0.439,5.509740501331356
SRB,2004,,,,,,,,,,
SRB,2005,,,,,,,,,,
SRB,2006,,,,,,,,,,
SRB,2007,,,,,,,,,,
SRB,2008,,,,,,,,,,
SRB,2013,0.6625500737154617,0.48965861366152463,0.2083433588195948,0.06914904873559308,0.005700050361232234,0.9722255710534387,0.8349578901835574,0.5699005664378698,0.288,6.28648773253094
SRB,2014,0.769889580758194,0.48250744902718484,0.27192595063433805,0.07781849603925356,0.02944078222344762,1.1517717891676453,0.8279885366233771,0.5450180973621218,0.301,6.620014538142733
SRB,2015,0.6072962451023389,0.44164168503363205,0.20724388661894375,0.062065651747921655,0.03350240544228864,1.0653568522686188,0.7276951352747754,0.5010240337231121,0.293,6.5949564039841455
SRB,2016,0.5793755109143084,0.45258955617337,0.1552203576003887,0.02240598155660199,0.0174199131276828,0.8065940194828238,0.6256947740484903,0.4800286326281306,0.29,6.598214707377114
SRB,2017,0.49491826486817597,0.4057440495372904,0.2654406231495602,0.00486820606233764,0.001142444162968956,0.7845266117396177,0.6716874704772261,0.37362134793849205,0.285,6.638072902332324
SRB,2018,0.5599088626128977,0.3900941022471887,0.1672042452440507,0.02185771358364643,0.008227009697842545,0.8913331360529431,0.7116080216429373,0.39844772723227295,0.258,6.644807444270649
SRB,2019,0.48413577019323883,0.35211481479735796,0.24571926775613595,0.02972721658105526,0.03713168843710675,0.7134367268067241,0.5742185459495189,0.3245402596782082,0.26,6.7630832015999784
SRB,2020,0.455685405334405,0.353261646894293,0.11483959897812218,0.0404025586245017,0.048511972615050865,0.7591501001003055,0.598076204716582,0.37195643915907733,0.265,6.537287072434877
SRB,2021,0.5996347646279626,0.4128559943168475,0.33845365392493404,0.09343806907441911,0.09582828640325704,0.9049270657339831,0.7637799908069787,0.5230811426463297,0.28,6.625276976735255
SRB,2022,0.5137570433393132,0.3940219662543515,0.3210052622751444,0.0658276128128946,0.09824980100485466,0.7221749422570298,0.684819810358741,0.4560191290790496,0.259,6.663044569502414
SRB,2023,0.42130060299124916,0.37045913717690615,0.21249314303381783,0.048742545417686405,0.07834439618197613,0.7778785797973077,0.658695614166217,0.4333237700299315,0.261,6.791769627063401
SRB,2024,0.4773249868288176,0.37075145175615115,0.2115857514649258,0.07480341018091684,0.10002802489699034,0.8375563779280613,0.6501481964608802,0.43044354830795073,0.259,6.9784895666567195
STP,2017,0.38263262791266434,0.19660456133009613,-0.04756046786731063,-0.09682104224022005,,1.3478871010813847,0.8098633537871663,0.17888984468502375,0.502,14.876877315255966
SUR,2016,0.8529398288520481,0.5022155432539892,0.4155364607287764,-0.06616672406155506,0.12569491053638213,1.1884836161015415,0.9347987036522467,0.5321046364250235,0.379,7.745017089128085
SVK,1996,,,,,,,,,,
SVK,1997,,,,,,,,,,
SVK,1998,,,,,,,,,,
SVK,1999,,,,,,,,,,
SVK,2000,,,,,,,,,,
SVK,2001,,,,,,,,,,
SVK,2002,,,,,,,,,,
SVK,2003,,,,,,,,,,
SVK,2004,,,,,,,,,,
SVK,2005,0.6215936013153004,0.36798500817735713,0.0940720167526971,-0.06384698571585067,-0.03832498230920901,,,,0.264,5.87033309927129
SVK,2006,0.6859876407457027,0.3634736370574669,0.0649624155776892,-0.02346857598845835,-0.004578091886681527,,,,0.271,5.968316179058015
SVK,2007,0.6945484404228898,0.3481627420039119,0.1391947782643721,-0.024394944128990105,0.0005864409199260627,,,,0.249,6.4138244641320385
SVK,2008,0.643903114029671,0.33531558448137727,0.14977574332166987,-0.027824543196782302,-0.0036370524119401656,,,,0.243,6.5888191815436725
SVK,2009,0.650233943368721,0.34139820543495664,0.1824606298154946,-0.03448685226117365,-0.010362924421141315,,,,0.24,6.783609418420895
SVK,2010,0.5444528018211126,0.3236050830733778,0.17609154845488795,-0.030933829409658345,0.004678448953091263,,,,0.237,6.828384095785561
SVK,2011,0.6070803274023445,0.32933830422403243,0.10944045420666561,-0.03240931337688699,0.004542106642586656,0.9086062097793024,0.5996397252563322,0.18766542230757766,0.243,6.800535257737142
SVK,2012,0.5953744313390463,0.31075767686441724,0.0913809920336687,-0.028673529523801915,-0.004924671388785755,0.9019752863964888,0.5707186259395286,0.1849535941547813,0.236,6.877518727120196
SVK,2013,0.5290425718952692,0.2879874881800021,0.08432489163724215,-0.03988487976136423,-0.011257786261845756,0.8004912895441008,0.48507412225631946,0.18253264990946438,0.234,6.8408309808071275
SVK,2014,0.47633159593235647,0.31172585882756293,0.07545789485234108,-0.05059962113783187,-0.027310783547677447,0.8115796634974405,0.5110456033475966,0.21353639437101557,0.247,6.969357305336038
SVK,2015,0.3810264695583372,0.2696183057383099,0.05684188295114313,0.009341043926414935,0.024649445491715646,0.6751861512898718,0.38793676154866585,0.17281284602140415,0.206,6.990568606479872
SVK,2016,0.5141141735788676,0.28368568845496306,0.077436542159592,0.007856258976653943,0.04508305287864168,0.7325848551264867,0.489805860600998,0.20763204341089536,0.223,6.988350449404638
SVK,2017,0.49372402746584776,0.27978952001860474,0.10999301679201791,0.036977026866271606,0.0793351708763155,0.7328701211951744,0.5142525909916339,0.2337330435626187,0.214,6.983978084726599
SVK,2018,0.4658267828573172,0.243509841492105,0.068663387753537,-0.0010631515597814552,0.021197844463406508,1.318594789195296,0.7873346842176835,0.2807892075455638,0.191,7.0382790281782395
SVK,2019,0.46831195550887944,0.2448087777937209,0.06446266015998026,0.0012836405058187928,0.03121344665762843,0.5236268852430476,0.35456025428702304,0.16024954322387486,0.199,7.160797768859731
SVK,2020,0.4757605678258446,0.24659868777227495,0.047035437425806244,-0.01576169545251327,-0.022526964098732182,0.48483597406015255,0.3480377015912308,0.17783351910173173,0.2,7.208609960415753
SVK,2021,0.5581265875973808,0.26658749797491904,0.10706162453522496,6.586639005173207e-05,0.0031203149192145898,0.6356659472657181,0.517872095920661,0.2744463285299497,0.219,7.194876694295073
SVK,2022,0.5616544941399659,0.2323765670002126,0.14778984027864797,0.005118899097225508,0.026221654381049717,0.6074650780127465,0.42673139700945323,0.2535500003357945,0.233,7.15603154115122
SVK,2023,0.36527345205629214,0.17412737161977235,0.08607955452912473,-0.030454151344234542,-0.006595121772223686,0.501381546074458,0.3192893203929082,0.15443923802397827,0.205,7.165076077297912
SVK,2024,0.4529099684542681,0.24798760445858564,0.1971383783774443,0.012040997971521064,0.05417222016752542,0.7151165648008628,0.4495805995824707,0.2402905422763023,0.257,7.1977459346039865
SVN,1996,,,,,,,,,,
SVN,1997,,,,,,,,,,
SVN,1998,,,,,,,,,,
SVN,1999,,,,,,,,,,
SVN,2000,,,,,,,,,,
SVN,2001,,,,,,,,,,
SVN,2002,,,,,,,,,,
SVN,2003,,,,,,,,,,
SVN,2004,,,,,,,,,,
SVN,2005,0.9970200807636698,0.6523958836122127,0.12142266245564642,0.1713531207603968,0.09533864133922418,,,,0.307,7.1044456087431875
SVN,2006,0.9829687092531622,0.6514120551653614,0.13101209001049802,0.19042144843675252,0.09562329282752864,,,,0.309,7.128875184104881
SVN,2007,0.882435487400493,0.6079165113639207,0.26073490086701945,0.16279573649108509,0.0670792546440326,,,,0.306,7.371889843914753
SVN,2008,0.8849468456798478,0.6014570441730024,0.21149125323882179,0.17891708940963041,0.11479414729046658,,,,0.299,7.437866926039199
SVN,2009,0.8223991873092273,0.560556424596312,0.34388858275569595,0.1586578894760785,0.11053182963708316,,,,0.301,7.49631331296928
SVN,2010,0.8414678423280005,0.5762652218451741,0.3077975425578475,0.1904574822366246,0.10341477777630258,,,,0.312,7.529991141870615
SVN,2011,0.7979443093435051,0.5514320728821686,0.2255103563697255,0.14758577401252831,0.03861529102829312,1.0160407673827092,0.8283829306843257,0.6277016695202245,0.31,7.541237907960696
SVN,2012,0.7796473882054652,0.5451334462946708,0.15093319090025434,0.12133460371029788,0.026036931823153302,1.1108518348690493,0.8240417871078323,0.5821621092120745,0.299,7.582230213124643
SVN,2013,0.7365383854008143,0.5296971827024082,0.1676841610446354,0.0880192114128652,0.020496779299436243,1.0958267515546651,0.8057586002392778,0.5471813151015363,0.306,7.588928051626307
SVN,2014,0.7156340704327123,0.5092484256303262,0.18952572886277624,0.04521320741353566,-0.02384846235785791,1.1203781044191317,0.775426444407801,0.5380514999253402,0.298,7.595529551286817
SVN,2015,0.7128558132583219,0.5052344261028111,0.34423158821358496,0.048687529054840625,-0.019901612399002535,1.0691082578622102,0.7823852882181742,0.5255760920312947,0.298,7.620823217115508
SVN,2016,0.6901653249382638,0.4876173114243963,0.22894756960743715,0.03880454807564093,-0.024109580522334216,0.9881605914593549,0.7856238654722514,0.49051735207294306,0.292,7.6123615526309765
SVN,2017,0.6481751171589221,0.4714056424405709,0.1558481508144195,0.03383401267499115,-0.03465730250203679,0.9307850067904979,0.7739915350571505,0.49119223391914807,0.293,7.626699827519095
SVN,2018,0.6620226872208322,0.4637141182644479,0.2912171273969644,0.06856043801321202,-0.007316967285359455,1.0159337572882619,0.7559405438150978,0.4769722995484918,0.292,7.646637962982285
SVN,2019,0.651556280637236,0.43369613998576084,0.2239786463068039,0.024999707815980952,-0.02922400372538406,1.0092740846312078,0.7071947620050343,0.43013611883539205,0.293,7.690728995251374
SVN,2020,0.6195692409606062,0.42855647615843206,0.2534234541787211,0.04057613481171682,-0.011263333685771178,0.9610647570070927,0.6696120719044951,0.42983537631087365,0.284,7.7386571713859045
SVN,2021,0.48440265971562724,0.3707146958764075,0.14493305459046893,0.04806771049233285,0.006092136849612827,0.8769110989634957,0.637845667256978,0.41339176850831677,0.274,7.801015226663886
SVN,2022,0.5571134439845856,0.38071784471326015,0.10104729643411853,0.05895066428280467,-0.007591866716245017,0.9205062002633412,0.6637857565442071,0.4355971204832717,0.274,7.8760770130705
SVN,2023,0.5470260579615162,0.37924524506646434,0.15789130856748132,0.034877426684029385,-0.015225558859654086,0.9169069778912872,0.6488152304082814,0.4051782842019359,0.276,7.924005366474728
SVN,2024,0.5891152411988421,0.3812994112522539,0.05683714577994596,0.022991718233510074,-0.013695550544700105,0.8955810333227644,0.6562786379601544,0.3907676501118934,0.278,8.023898990261596
SWE,1996,,,,,,,,,,
SWE,1997,,,,,,,,,,
SWE,1998,,,,,,,,,,
SWE,1999,,,,,,,,,,
SWE,2000,,,,,,,,,,
SWE,2001,,,,,,,,,,
SWE,2002,,,,,,,,,,
SWE,2003,,,,,,,,,,
SWE,2004,0.3685011930768754,0.2551920446635511,0.18913773758816046,-0.08621257014070235,-0.013671114001881663,,,,0.303,7.701041868914741
SWE,2005,0.31774273903212263,0.27563435146871007,0.24505843084492682,-0.17050006042111632,-0.12858000821937135,,,,0.308,7.734549220511422
SWE,2006,0.2834713467143052,0.23664577312352963,0.1116811789493996,-0.1369217727649363,-0.09271680352079119,,,,0.306,7.71155793214055
SWE,2007,0.2702090054452305,0.24850552298317855,-0.009711576523707367,-0.141518186240162,-0.0846449767829099,,,,0.31,7.956492915636395
SWE,2008,0.3061682790430944,0.24538704201417225,-0.03163810225184156,-0.13347749074063867,-0.08028362646557105,,,,0.305,7.998462739994923
SWE,2009,0.31226473607600874,0.23327555310006054,0.06314043559417387,-0.098895354640251,-0.022156507524330273,,,,0.304,8.024904688648657
SWE,2010,0.2904633167822665,0.21958892716844594,0.1984165812649876,-0.07958193724734842,-0.0526062992062979,,,,0.303,7.938853958657698
SWE,2011,0.35490579925971,0.22761638285666874,0.01761023337071387,-0.09913524487043332,-0.03818941206537111,1.1130497709738436,0.6622932898407251,0.253952441645342,0.309,8.0485476795115
SWE,2012,0.3344493733521403,0.23768274319941513,-0.057533690749378835,-0.13157923275780023,-0.06797056466942925,1.0829426338677093,0.6520030014951116,0.23748845338034819,0.3,8.15962041597597
SWE,2013,0.3721123922595509,0.23604441294583128,-0.03289348277554581,-0.2054428417127154,-0.14095531272801307,1.1197339908408572,0.6713782861567067,0.2100327682281778,0.302,8.221377866889926
SWE,2014,0.42298006573744096,0.2252178012782379,0.505403034245036,-0.10098990183077707,-0.06308720328046294,1.1712144341763238,0.6754445669993319,0.22575620103798388,0.309,8.224005591321761
SWE,2015,0.3621051552674257,0.20395763009446458,0.4265876126169683,-0.1288657354868624,-0.06849971293376482,1.106125989357911,0.5991914321161254,0.22861426039734492,0.314,8.206256957973011
SWE,2016,0.3804538990589361,0.20974632613503771,0.35400618456634275,-0.09496695533001305,-0.06306114823135416,1.0529897119695202,0.5724635923417926,0.2044543416853294,0.299,8.231816991728603
SWE,2017,0.38732509748665117,0.20504018264261242,0.3458402424877288,-0.07805041347223017,-0.029500658742903727,1.072397384588035,0.6310467420432085,0.2002366187499802,0.288,8.241257591564418
SWE,2018,0.41779189383992904,0.18516881665866777,0.41582010298727456,-0.07358083333204547,0.006424367541719442,0.999622715419681,0.5951503346428028,0.1600779929577151,0.274,8.264141826963264
SWE,2019,0.4376203766398056,0.20556564400407576,0.24510331153631318,-0.07306921082746802,-0.011076106336342704,1.011662079010954,0.5837944220454889,0.21621403486829677,0.275,8.224919527055027
SWE,2020,0.4723090763961814,0.19372681297012515,0.2339538818747805,-0.08440188372574788,-0.014974167746241903,1.0842981183762965,0.6777984308505053,0.20736021776350363,0.274,8.217444205730319
SWE,2021,0.4781588058865694,0.22929569250126952,0.2287735709503105,-0.05071731729014098,0.003103476833252272,1.0131555011808702,0.6181613509882736,0.24368368721366002,0.276,8.280744264876457
SWE,2022,0.4172152648047232,0.22139783791648512,0.1459549178190094,-0.07111595030701752,-0.02335002520089486,1.1973213034088457,0.750677562827805,0.24135569053273456,0.27,8.345422418830614
SWE,2023,0.40166987991947045,0.23505016058546724,0.413953630428281,-0.06392440902463076,-0.00562034930570332,1.051896676740631,0.6638775143076705,0.2892907235041717,0.265,8.332384624574985
SWE,2024,0.3733583894889186,0.24079220230659343,0.41034141358297566,-0.04786938001895876,0.028946755769195004,1.0287585718975663,0.6482614660027926,0.27674566939459727,0.262,8.290844509153079
SWZ,2016,1.09560882052267,1.2404137625044007,0.5481655982775109,0.3403699428597955,0.3694835560710864,1.6075879923141951,1.2937502350177539,0.9774957053360624,0.544,8.428012845731894
SWZ,2021,1.2291835553289505,-0.3632634942890695,0.6417508756824547,0.3619563241295822,0.3492807144455739,1.7552362790512739,1.5536599370343604,0.7332641005164311,0.558,8.628194706676643
SWZ,2023,1.3281625229500071,0.5373442251827075,0.8807151423271502,0.4974448216907629,0.40370514696825993,2.1786505646385885,1.2762620338883328,0.8690799339704822,0.602,8.867123602037408
SYC,1996,,,,,,,,,,
SYC,1997,,,,,,,,,,
SYC,1998,,,,,,,,,,
SYC,1999,,,,,,,,,,
SYC,2000,,,,,,,,,,
SYC,2001,,,,,,,,,,
SYC,2002,,,,,,,,,,
SYC,2003,,,,,,,,,,
SYC,2004,,,,,,,,,,
SYC,2005,,,,,,,,,,
SYC,2006,,,,,,,,,,
SYC,2007,,,,,,,,,,
SYC,2008,,,,,,,,,,
SYC,2009,,,,,,,,,,
SYC,2010,,,,,,,,,,
SYC,2011,,,,,,,,,,
SYC,2012,,,,,,,,,,
SYC,2018,,,,,,,,,,
SYC,2019,,,,,,,,,,
SYC,2022,,,,,,,,,,
SYR,2005,,,,,,,,,,
SYR,2006,,,,,,,,,,
SYR,2007,,,,,,,,,,
SYR,2008,,,,,,,,,,
TCD,2018,0.9426575378847357,0.6691051060333751,1.2127687348967189,0.41226798382179247,0.6529812368471256,1.4819417311323781,1.2031572114148426,0.774003082475676,0.5,11.709594905167481
TCD,2022,0.9703408695913632,0.8152564933500381,1.2595248715517255,0.47454595100624763,0.5262811396688901,1.5275463822106274,1.2516506253807085,0.9364073443635966,0.501,11.763406720703706
TGO,2011,1.2823702763639961,1.0882776060139334,0.4777912595571563,0.8652281028946288,0.3889271555961954,1.4700845067913897,1.1025058168236916,0.9796090536106494,0.796,11.643186266287028
TGO,2015,1.2729834264115993,0.6544388574161378,1.5779135129418405,0.6060995302945283,0.5666901025988952,0.6143276806214778,1.0673418632118887,1.3898329313340216,0.789,11.934777517356247
TGO,2017,1.058141440462044,0.623404446304214,0.9181239543870627,0.1694698824463411,0.6113527391024611,2.1855734081919693,1.5057360590262612,1.1508775922716346,0.579,11.399525138697072
TGO,2019,1.3169723384101761,0.9032003587393321,0.7652922809336807,0.4940439140977677,0.41694165163418984,,,,0.544,11.250140940205748
TGO,2022,0.7967112835129299,0.5701846684419247,0.9784561755985992,0.36532223900626093,0.5495611247992529,0.9909624087058183,0.9735155309512616,0.7635878155220777,0.487,11.36056927242048
THA,2000,1.2276660270404434,0.561070253831099,1.5712321143708627,0.44559285137841287,0.337806109001344,,,,0.507,8.833515489006961
THA,2007,1.2128804179321588,0.7151827714942651,1.110745975085717,0.4228228787338518,0.2626548364601993,,,,0.476,9.161792358485908
THA,2011,,,,,,1.7375430992871994,1.5046228731543085,1.1728477917230773,,
THA,2012,,,,,,1.535117697640573,1.3923003851801026,1.0247367978820534,,
THA,2013,1.1676911810209312,0.7345298466597976,1.109902818654348,0.29906459079882164,0.12780523847789652,1.6552301841147559,1.5242057684758896,1.1109995816426377,0.442,9.520638023427923
THA,2014,1.027370473189435,0.6704153282142419,1.0515691181198523,0.27184045856197886,0.13643748541068595,1.4345288191269652,1.3240206331829727,0.9787046271833995,0.379,9.562324883012742
THA,2015,1.0414738715618126,0.6727624035057593,1.138098533522805,0.2671501673331323,0.11991488010787804,1.4627149393529633,1.3379406033636143,0.9802715640022366,0.51,9.315299307011303
THA,2016,1.041029116075501,0.6980696957503795,1.1062082446922574,0.2768218266574462,0.13939619081890592,1.4524923924477149,1.3163837847467488,0.9831680869390041,0.377,9.597871014686564
THA,2017,1.0176680168620458,0.6677422775661458,1.0764948121166698,0.26252371288024345,0.12149429669448285,1.4012544775714577,1.3350362214097653,0.9669411864641696,0.372,9.598509360870581
THA,2018,1.0048141931779733,0.6590911674327697,1.099803277071799,0.25450057575062024,0.1203948482261571,1.4050463347197009,1.307849492453325,0.9352396142845659,0.369,9.6106451886529
THA,2019,0.9953539619331915,0.661409425196955,1.0491626608982618,0.2401068126787185,0.11584924308565936,1.3900646107844437,1.2817818546264148,0.9085023227591003,0.363,9.624320325675823
THA,2020,1.0418425777991651,0.7073189287620112,1.0917034598768605,0.24624353061315984,0.1271577570857959,1.4217187486988194,1.3242712077160985,0.9515252975384717,0.375,9.63838138247878
THA,2021,0.9635590126986537,0.6557557603682557,1.0225508155154954,0.21818978103204512,0.07912945322658584,1.3221599274193387,1.2732590465084008,0.9040742343676424,0.354,9.65080762810384
THA,2022,0.9247536192588609,0.6070299761587595,0.9869070476080757,0.17202018648868242,0.027607325027278532,1.289356506516341,1.2154354149152404,0.8350229631921674,0.346,9.704106303158715
THA,2023,0.8730599913422553,0.5737649978363918,0.933411779045664,0.15911896266579176,0.03584474043628881,1.2287080326634767,1.130514870626113,0.7875851160273011,0.334,9.714528616997843
THA,2024,0.8520632106543173,0.5810670205575762,0.8134248186204955,0.16107990191471966,0.04258748679686965,1.1756867631152543,1.1185590391663773,0.7925753073645737,0.325,9.71226863132522
TJK,1996,,,,,,,,,,
TJK,1997,,,,,,,,,,
TJK,2000,,,,,,,,,,
TJK,2001,,,,,,,,,,
TJK,2002,,,,,,,,,,
TJK,2003,0.5818104063162353,0.4164166710210616,0.7280670300124727,-0.3019884054152544,0.2513419233936515,,,,0.559,3.7623390018002305
TJK,2004,,,,,,,,,,
TJK,2005,,,,,,,,,,
TJK,2006,,,,,,,,,,
TJK,2007,0.5183793822794959,0.06111561682658525,0.9539476667228595,-0.4853036193679691,0.27265602149409573,,,,0.57,5.5551393779881915
TJK,2008,,,,,,,,,,
TJK,2009,0.5142936722767473,0.23612694457155212,0.7780351989017698,-0.7067005062859556,-0.19304197175294224,,,,0.52,5.915161089716264
TJK,2010,,,,,,,,,,
TJK,2011,,,,,,,,,,
TJK,2012,,,,,,,,,,
TJK,2013,,,,,,,,,,
TJK,2014,,,,,,,,,,
TJK,2015,,,,,,,,,,
TJK,2016,,,,,,,,,,
TJK,2017,,,,,,,,,,
TJK,2018,,,,,,,,,,
TJK,2019,,,,,,,,,,
TKL,2016,0.6673211893986324,0.4916161825873118,,,,0.9466621629983367,0.5750518714713627,0.49147833013990744,,6.631713198211255
TKM,2000,,,,,,,,,,
TKM,2001,,,,,,,,,,
TKM,2002,,,,,,,,,,
TKM,2003,,,,,,,,,,
TLS,2001,0.44574364420617063,0.46986753823416566,0.10927142219673062,-0.2538085979759782,-0.14470629523659467,,,,0.35,14.219967413957058
TLS,2007,0.43208548970180716,0.22002108972235435,0.05297884096639073,-0.14131507374669539,-0.7441904436922865,,,,0.336,5.087867903292712
TLS,2010,0.49500504100955633,0.3579599857528858,0.16253674195046103,-0.16115179243835911,-0.6403846416828921,-0.017418765927157673,0.25839253229089443,-0.07285231423874369,0.357,5.157755604402304
TLS,2013,0.38865662954213204,0.33413389075893196,0.2808361562981722,-0.08987665972248249,-0.17339365673647203,-0.1611930826824804,0.07351053285915078,0.4533344082297024,0.532,6.022895382409467
TLS,2016,0.37623372802287325,0.3298808314493983,-0.07992335063740036,-0.008912778267450608,-0.08385323799459389,0.5306320288168619,0.592328955814391,0.4210500994601407,0.423,5.830045013053508
TLS,2021,0.5766465228892091,0.3475359778870918,-0.21231826235469875,-0.03716670809470464,0.14289183538408637,0.054301521001676976,0.47422765368293324,0.015526825596263751,0.392,5.551384702033472
TON,2018,0.4671287279061914,0.39811797367153895,-0.35057574152932036,-0.2384246208522168,-0.28576098202704653,0.3870982273362898,-0.1255458200851842,-0.09922469905249308,0.392,7.196243026790348
TON,2021,-0.031249483040223642,0.06235724489274422,-0.9368487933337691,-0.2530114363465491,-0.19858334973015085,-0.163017210146328,-0.5816294329877044,-0.13959032252498196,0.391,7.160284413652871
TON,2023,0.10698010556660309,0.1935921199808091,-0.5036946804594956,-0.2068971057399583,-0.33897603133753756,0.4316384965207663,-0.11738473837198612,-0.14319577145560758,0.358,7.356680179560569
TTO,2010,0.8823846795395934,0.5523124503252054,,,,,,,,8.41834762950684
TTO,2011,0.8162174493164743,0.5057970769770873,0.4275337609245457,-0.013793364478059327,-0.06937103680355317,,,,0.289,8.484107238084269
TTO,2012,0.7790070845868747,0.45997117459307385,0.3337181136805179,-0.028620441721107854,-0.060710444241466044,,,,0.284,8.513334154903836
TTO,2013,0.7314115206449584,0.43032042624430294,0.3955435616569676,-0.026286610962580517,-0.05711251455861382,,,,0.273,8.544525244446262
TTO,2014,0.6669278980265646,0.39789831409472354,0.35787421679440035,-0.03053286951143638,-0.058875497849444985,,,,0.262,8.600477347606924
TTO,2015,0.631328596580094,0.39399460588974167,0.4262240273402632,-0.03517080803477271,-0.08136511456826881,,,,0.254,8.623475322256295
TTO,2016,0.6485315142519104,0.3810168130523695,0.33986610129714423,-0.04043210773564738,-0.037552620807377014,,,,0.253,8.658413721708579
TUN,2019,0.6352224848583329,0.42387504902133794,0.5880900193661509,0.3039412121384645,0.2160839971274295,0.9802333598655796,0.8442071709343648,0.6550613822961314,0.308,6.606214956364315
TUR,2005,0.7728315524476862,0.47957223395098425,0.8093834918893686,0.19056726532934334,0.05828324973035387,,,,0.332,6.392173361965168
TUR,2006,0.7905152966176135,0.5126050876802885,0.7766305468893029,0.19562874513336356,0.0789732829486741,,,,0.332,6.5163040166343915
TUR,2007,0.7858984438653717,0.5385077109339317,0.801443808326957,0.2057363075811164,0.08344593504685494,,,,0.328,6.6346556966397685
TUR,2008,0.7896033514993869,0.5544645987062794,0.7925656721695558,0.1983990944637257,0.06911574047804428,,,,0.328,6.765965882710622
TUR,2009,0.8304386972287225,0.5721332342972919,0.8132913506858613,0.2427559159456545,0.07113436589099778,,,,0.333,6.865602190616079
TUR,2010,0.8481568393789801,0.5901537947663236,0.7700195462521136,0.25885711848075493,0.07352269454685234,,,,0.334,6.941705396145163
TUR,2011,0.8610517364481217,0.5866889725744474,0.7036389662914537,0.26333583429939206,0.06039227831480366,,,,0.339,7.0424583599117465
TUR,2012,0.8730472059269789,0.5928203555698125,0.6746579894551709,0.28900308538612124,0.0834974601359934,1.1978266085514266,1.0520312042762425,0.863477904242612,0.34,7.1595026135455955
TUR,2013,0.854114499426822,0.5906461840190896,0.6872708251711435,0.26994801512156985,0.0815108813638368,1.1926486068977735,1.0543845243214907,0.8535569866760266,0.337,7.25160877836249
TUR,2014,0.825306905765968,0.5744972896391887,0.6668744723651855,0.25354866576683505,0.08354939229512995,1.1903203099904707,1.0041804240634085,0.8134605962961964,0.33,7.340834905614634
TUR,2015,0.7947571023736734,0.5514624290478156,0.6276852417537158,0.23844336000526037,0.07718789310495751,1.1608397453953012,0.9736593076692116,0.7932862710662582,0.322,7.428917693569487
TUR,2016,0.7392884223369814,0.5113446851830119,0.5742273180022809,0.2101744707693037,0.06336462356749535,1.0680748416976522,0.8771867772090725,0.7344620982914055,0.299,7.587410348985429
TUR,2017,0.7109933361532822,0.4966266304347316,0.5538742808235406,0.19344426432329842,0.04864471483451406,1.035615612668966,0.8611022013458862,0.7126138945796828,0.29,7.669464438208054
TUR,2018,0.7017770844207748,0.4828198140830548,0.5514793187982856,0.17975688314423025,0.03452677165929631,1.0284172242267946,0.858499920558857,0.7144938651936061,0.293,7.798957099750036
TUR,2019,0.6953404615482828,0.47808265537183686,0.574992489854401,0.18769740847584812,0.045004302220679276,0.9967014744229705,0.8453834623024171,0.7166273526421565,0.292,7.990084379854907
TUR,2020,0.6707545016596416,0.45045614066526485,0.5800856804874424,0.18688440586173613,0.015722484197559356,0.9565114181050445,0.8091477259021621,0.6842720049477455,0.29,8.139331090734045
TUR,2021,0.6138536043467864,0.42329821548808655,0.5980648226238645,0.16716216932480385,0.015548767376520048,0.883266685458614,0.7437891470099746,0.6285173792936296,0.275,8.300389003807988
TUR,2022,0.6302580641186061,0.4456184068574213,0.5273078716737363,0.1490861417124019,0.01841898730533649,0.8731018363112879,0.7399170522429,0.6424149001327264,0.295,8.825277123353429
TUR,2023,0.654557455470567,0.4531710936447795,0.5075090647354633,0.15554518551805893,0.043517565211902205,0.8992001344727882,0.7515943090093409,0.6484419334958975,0.318,9.578168408308857
TUR,2024,0.715221612309425,0.4918504248110912,0.4978092131913619,0.17568462546707503,0.03324633617339478,0.9280512419358385,0.8129890485296202,0.6948068247554525,0.327,10.246130106393059
TWN,1996,,,,,,,,,,
TWN,1997,,,,,,,,,,
TWN,1998,,,,,,,,,,
TWN,1999,,,,,,,,,,
TWN,2000,,,,,,,,,,
TWN,2001,,,,,,,,,,
TWN,2002,,,,,,,,,,
TWN,2003,,,,,,,,,,
TZA,2001,1.512958094911435,1.1525078154571378,1.165604118534085,0.04570503156597266,0.019672432872314783,,,,0.497,10.927000146687185
TZA,2006,1.114402805688684,0.19742795237181848,1.1581311215362562,0.2948278131550755,0.1855136008597165,,,,0.587,11.61848047771227
TZA,2010,1.881077115470554,0.7220017862963845,1.3075573073964837,0.2122837203740313,0.4367164176139802,,,,0.736,12.925878833326962
TZA,2011,,,,,,,,,,
TZA,2012,1.4958255196837182,0.6545159659593345,1.277988993797408,0.25326208226667013,0.5713536765780977,,,,0.676,12.905819939841702
TZA,2014,1.486442514802146,0.8188306143590621,,,,1.8083478381102844,1.948077378798946,1.2681923933431436,0.726,13.26304113507522
TZA,2020,1.182762122693393,0.7955230896029618,0.5911049286203823,0.3319571844390038,0.2344664416773384,1.184679171099225,1.4183613882227317,1.2331610637076955,0.448,12.962094256364955
TZA,2024,1.624361051252387,1.055123531342497,1.0035741695682991,0.4403011104601174,0.4211715070376764,1.6768576427019029,1.751288447935418,1.5372698960979367,0.568,13.217279172176372
UGA,2002,,,,,,,,,,
UGA,2005,,,,,,,,,,
UGA,2009,,,,,,,,,,
UGA,2010,1.2232923977072228,0.8538851439747398,1.7198157010783193,0.9126642978692995,0.6702643320970754,,,,0.711,13.43163787157309
UGA,2011,1.239662960793782,0.09834402839081917,1.739548828781563,-0.016381485709241406,0.18255678284215535,,,,0.695,13.442466559067428
UGA,2012,0.6934293593444124,0.6670171280007328,0.8217919604216806,0.1869816975988816,0.4797054391785193,2.0374283966118694,1.0424335299646246,0.38197126530659326,0.577,12.489588453642975
UGA,2014,1.0284573212927361,0.13796274238030629,1.2348212821989322,0.29875230045913076,0.3701103708480086,2.3033402628234443,1.697756253870396,1.1833806799729383,0.631,13.662723590691554
UGA,2017,1.4017226771536817,0.9916106042065844,0.9629975383644332,0.2707428682581505,0.36234354080731235,1.8588064710359726,1.5864773216576873,0.7618641593261701,0.575,12.857285760322787
UGA,2019,0.920021342147009,0.6526250421127819,1.0660247077775822,0.31963963941268797,0.6965649701349407,2.2388235778237737,1.4090732789214424,0.5246745069495979,0.554,12.91825384435655
UGA,2021,1.9509610753075788,1.1305625158231043,1.4834172477205545,0.45445560758481884,0.8718490270257293,2.962395816592051,2.0889548894810246,1.2310707979368163,0.66,13.266771791668479
UKR,1996,,,,,,,,,,
UKR,1997,,,,,,,,,,
UKR,1998,,,,,,,,,,
UKR,1999,,,,,,,,,,
UKR,2000,,,,,,,,,,
UKR,2002,,,,,,,,,,
UKR,2003,,,,,,,,,,
UKR,2004,,,,,,,,,,
UKR,2005,,,,,,,,,,
UKR,2006,,,,,,,,,,
UKR,2007,,,,,,,,,,
UKR,2008,,,,,,,,,,
UKR,2009,,,,,,,,,,
UKR,2010,,,,,,,,,,
UKR,2011,,,,,,,,,,
UKR,2012,,,,,,1.0101345067466747,0.7574438929670431,0.08547359109783312,,
UKR,2013,,,,,,,,,,
UKR,2014,,,,,,,,,,
UKR,2015,,,,,,,,,,
UKR,2016,,,,,,1.0930961202286107,0.7773221878383441,0.14554892743045814,,
UKR,2017,,,,,,,,,,
UKR,2018,,,,,,,,,,
UKR,2019,,,,,,,,,,
UKR,2020,,,,,,,,,,
UKR,2021,,,,,,,,,,
UKR,2022,,,,,,,,,,
URY,1996,,,,,,,,,,
URY,1998,0.5960823434115949,0.44025411798374775,,-0.11651162600580602,-0.09573254103410554,,,,0.422,8.692425680038056
URY,1999,0.6528087009959296,0.4613544867193584,,-0.09015977023626404,-0.0759862435434678,,,,0.425,8.771590573618338
URY,2000,0.6463983932414525,0.47884079775818367,0.4423805003542834,-0.07833839509010974,0.03135843137928427,,,,0.422,8.797700939840011
URY,2001,0.8840318693415268,0.5002115211252014,0.41857638581583184,-0.02604803081963618,0.08911532316313905,,,,0.432,8.796274482962529
URY,2002,0.821415723326148,0.43806588258366874,0.5112146155799839,-0.025433466230873995,0.0973431735385775,,,,0.429,8.80576831497914
URY,2003,0.860051397040352,0.43628034946394045,0.31054189815476474,0.016101258639998037,0.1349018989684047,,,,0.432,8.833744022258815
URY,2004,0.9314852677029302,0.5602011841936017,0.3346931216192063,0.019627741828792906,0.09681558689885386,,,,0.436,8.915426076599989
URY,2005,0.9021486528222559,0.5317585603337083,0.26300936283147897,-0.006687143927197131,0.05079721460918681,,,,0.434,8.972616416292219
URY,2006,0.9292289114333211,0.5424755217972996,0.32002725021476225,-0.04904614313405452,0.05212055559395195,,,,0.44,9.11198691610123
URY,2007,0.8838423683538689,0.5079050380606901,0.3214923979160849,-0.025626318926785293,0.049704764721939666,,,,0.433,9.230704116326542
URY,2008,0.9136793487763586,0.5593787735009504,0.28868808493316583,-0.05452645765709474,0.014887512017588048,,,,0.427,9.345565866299738
URY,2009,0.9411945994456477,0.534904396715133,0.29403708217537006,-0.05013557897480615,0.016458370283319257,,,,0.427,9.488821671835801
URY,2010,0.914572105825895,0.5685828089370835,0.31238689992652013,-0.04732514362392562,0.013435495507220391,,,,0.414,9.547659963776287
URY,2011,0.7300061559462894,0.5119683766228558,0.2559593388299889,-0.030498875301448368,0.05174268369288584,1.8477973624767254,1.0329044346130107,0.4648551343115484,0.398,9.693202105352277
URY,2012,0.6431919267493262,0.47245033519896135,0.19645357162083704,-0.06295032467346624,0.02471386238379631,1.617873334512627,0.975888398529663,0.4107317557073161,0.379,9.796995730525854
URY,2013,0.6756660838574069,0.5132306529996323,0.2159109522140298,-0.10534181010118582,-0.04097196082859753,1.6504322751335052,0.9589697271670804,0.40037094520624816,0.375,9.913831815688768
URY,2014,0.6495023037849793,0.4824237205258816,0.18053602698934546,-0.11552118245613695,-0.030460444362917272,1.6442382932476745,0.9628947206898089,0.3718607963484659,0.371,10.040329060678527
URY,2015,0.6624146506533005,0.49744677161957673,0.15864357223665101,-0.11695187176199875,-0.059472467632479015,1.6757663514687053,0.9713711421805092,0.39141227754999125,0.375,10.13586351369354
URY,2016,0.5199968882592411,0.36438352488405573,0.17173471128947662,-0.09581020733655968,-0.042081231307333426,1.2791186928437295,0.8588996465054557,0.30403335449687446,0.34,10.16392800612713
URY,2017,0.6569843832510057,0.49778617277025133,0.17603495652611367,-0.10204963176131406,-0.05375421929732725,1.6072568182778133,0.9829968496792373,0.4124523977883615,0.368,10.316897185834048
URY,2018,0.6430716900552983,0.4794029561555841,0.21557419257819793,-0.10550990757155665,-0.043685197497131824,1.5766243325088192,0.9615997645152767,0.42633683186044813,0.361,10.376130664031747
URY,2019,0.6522793205164091,0.4875036753640465,0.2245627846221879,-0.08425977792328966,-0.043199270935205064,1.6019064040644997,0.9580107464852392,0.40292174927970476,0.364,10.453976272358883
URY,2020,,,0.2410767503935739,-0.07072518403713363,-0.056841365191725654,1.4810202618207926,0.9802123587782056,0.4322442071132583,0.369,
URY,2022,0.7977693930239453,0.5153582299068274,0.2856847359720529,-0.16649056985677055,-0.10243697264641415,1.7163992528466445,1.031948424683828,0.38225428064021255,0.372,10.61996280536852
URY,2023,0.8139528752415522,0.5082528234474142,0.318959433557558,-0.1255732851120196,-0.10441459107263276,1.6725427455919613,1.0590913094045622,0.45061886069778717,0.376,10.705563485020132
URY,2024,0.7777161008619802,0.49619978992181263,0.30013879833465534,-0.13451649162142712,-0.07264268683455734,1.6325650269542982,1.048728303437637,0.4449665982065944,0.368,10.777681811420589
USA,1996,0.8978030692771419,0.5290818121945258,,,,,,,,7.689263092542964
USA,1997,0.9052101761804394,0.5311463588326654,,,,,,,,7.7256059380430395
USA,1998,0.9334329197019843,0.5641595243264371,,,,,,,,7.7867905652989595
USA,1999,0.9445174903563391,0.5737188621648133,,,,,,,,7.827717263553617
USA,2000,0.9426814449707156,0.5632127973198156,,,,,,,,7.874524273195439
USA,2001,0.9399307763136332,0.5589234316742097,,,,,,,,7.916308277762303
USA,2002,0.9252116650359764,0.5575401214594298,,,,,,,,7.939673480504217
USA,2003,0.9220440240898812,0.5577593999533482,0.24621090926887373,-0.15768925317252222,-0.16120410861414103,1.0346300310942298,0.8276857100296322,0.39421221882984525,0.385,7.961767960817656
USA,2004,0.9140191560511076,0.559090497597441,0.2867963203276661,-0.15266931274236115,-0.17136204500484778,1.0370776417784484,0.8260260535261178,0.39784682623121803,0.386,7.9883705891885874
USA,2005,0.908108637974019,0.5616974947532967,0.3110515912347784,-0.14478684852917925,-0.1613829295796456,1.040166806256836,0.8347663174019895,0.41553998102683976,0.387,8.016122829973837
USA,2006,0.9136865641894328,0.5541861671647564,0.30290485641710935,-0.13817129439241832,-0.15763935584946923,1.0109820448094244,0.8170391643109437,0.40646128222911815,0.385,8.04892597373498
USA,2007,0.8878418133487749,0.5612791845605845,0.33027249185391533,-0.13737783084740027,-0.15688034602373627,1.0178069811091364,0.8279237604676464,0.39446620331018334,0.385,8.078288769611541
USA,2008,0.8828153446456569,0.5614800735994039,0.2969897134745821,-0.16401797681022323,-0.17526069434649966,1.0072619523066966,0.8248980508127155,0.3914522023263376,0.385,8.113691654240256
USA,2009,0.9166055587074181,0.5676509289411091,0.3103242416092628,-0.17644262830557206,-0.19048698439238568,1.0421643033214598,0.8503256233820888,0.4013744841626425,0.392,8.118117626629742
USA,2010,0.9249961910070074,0.5720567012077246,0.28949518691229253,-0.16813495013010998,-0.19028863897241752,1.047592230521668,0.87336244749737,0.42356990050016374,0.393,8.128295777964897
USA,2011,0.9030497456080082,0.569505796039251,0.2798617071334273,-0.1740365072627765,-0.1927512270749787,1.029657571272476,0.8666165100534013,0.4261258858544143,0.393,8.141365426154543
USA,2012,0.896653396296694,0.5700367404533773,0.2967919330394711,-0.17436655569517975,-0.18683415016106322,1.0081821037621677,0.8662774482417075,0.4331379618912278,0.396,8.164034629182911
USA,2013,0.8897985522825201,0.5718571431779651,0.2841305650756309,-0.16721742176478624,-0.18608861108206629,1.0313054769436454,0.8674444265529895,0.41480530449035746,0.395,8.182778077466562
USA,2014,0.895122307788677,0.5572679217731837,0.28836410454246414,-0.16404301510306038,-0.17518664332191664,0.9855339725029448,0.8245587290173219,0.42532670919337145,0.392,8.19519679245379
USA,2015,0.8632542625539973,0.562275330417846,0.24094007880894208,-0.1603421994349462,-0.16991507196547714,0.983702701756524,0.8312582495024434,0.42064675335971863,0.392,8.223726956234975
USA,2016,0.8484037639176839,0.5703773693804366,0.22607703629970008,-0.15956445139675174,-0.16165734385623856,0.9720779345348554,0.8200085132960355,0.4162747074145085,0.391,8.251820666667651
USA,2017,0.8228887405733034,0.5538030686093494,0.19949363962765548,-0.15952927045597654,-0.1617882914859233,0.9726252511748246,0.8181056474239964,0.3923336463423628,0.386,8.282781644009189
USA,2018,0.8001025376355894,0.5426721831525356,0.21575395826547777,-0.1546066848512152,-0.1546360806561201,0.9308922055051655,0.7822898779869514,0.3822086692375269,0.382,8.315926095920714
USA,2019,0.784388491226651,0.5439780714663681,0.259348424695774,-0.1449799232491925,-0.1415443104450352,0.9267788814819502,0.7875896197683241,0.3942127821191377,0.378,8.350686320640602
USA,2020,0.7893340539227334,0.5390518106042542,0.2926557188449258,-0.13218398827368272,-0.13685758930590852,0.9001553223476179,0.7591298975098595,0.35632471366934027,0.37,8.412319001927111
USA,2021,0.7904526259155132,0.5260730245796071,0.2243903287173368,-0.12557508051058,-0.13960345232715557,0.8614776208980269,0.7454349559257574,0.36063584454162956,0.364,8.433839190791726
USA,2022,0.7630664093761087,0.5264152892549979,0.22120706820018615,-0.1239049708423116,-0.13712805624002006,0.8670205398565504,0.7336982992094186,0.36451641394041584,0.357,8.485623677047256
USA,2023,0.8282999089429932,0.5819101151928999,0.21626255965996824,-0.09821922940135171,-0.09873850055519869,0.9387669049476438,0.789245608659929,0.4234800029355471,0.388,8.581930567780798
USA,2024,0.9451760491530515,0.6767296882544406,0.28203609016956704,-0.08717947515432596,-0.09416203516710163,1.0628650019725174,0.865495550170768,0.4750256314121864,0.43,8.69706040544021
UZB,1996,,,,,,,,,,
UZB,1997,,,,,,,,,,
UZB,1998,,,,,,,,,,
UZB,1999,,,,,,,,,,
UZB,2010,,,,,,,,,,
UZB,2011,,,,,,,,,,
UZB,2012,,,,,,,,,,
UZB,2013,,,,,,,,,,
UZB,2014,,,,,,,,,,
UZB,2015,,,,,,,,,,
UZB,2016,,,,,,,,,,
UZB,2017,,,,,,,,,,
UZB,2018,,,,,,,,,,
UZB,2019,,,,,,,,,,
UZB,2020,,,,,,,,,,
UZB,2021,,,,,,1.1616918646514054,1.041663236222284,0.773607773313151,,
UZB,2022,,,,,,1.2402153164936247,0.813103112839239,0.24882515588137907,,
VEN,1997,,,,,,,,,,
VEN,2005,0.5595604610174081,,0.5703567718970345,-0.09492473416559337,-0.022890685900017634,,,,0.37,13.117726127963858
VEN,2006,0.49944977922084793,,0.5227976154967049,-0.08796938826765224,-0.02635932506338217,,,,0.314,13.381849493203493
VEN,2007,0.4535267133580991,,0.4964907827706773,-0.07956138400238424,-0.009902444187498792,,,,0.3,13.63758204600322
VEN,2008,0.3975866340904325,,0.4441517006640695,-0.10714608798654487,-0.012517318755983468,,,,0.29,7.0110751138665925
VEN,2009,0.3572708850321518,,0.4141788388192801,-0.09006118527190973,-0.029192680656852252,,,,0.271,7.24909777944872
VEN,2010,0.3214167023830023,,0.4038567801611404,-0.07040702753723421,-0.014635522414917711,,,,0.252,7.481791730390631
VEN,2011,0.3330294882601585,,0.41606057440000077,-0.09081341587307644,-0.030242007965048435,,,,0.261,7.69134079114264
VEN,2012,0.36341405264484994,0.16174682972159957,0.4228512920304643,-0.09910685152847067,-0.026401680439911045,,,,0.268,7.936250135510496
VEN,2016,0.16983361072100692,0.14906044909139746,0.11333644537268107,-0.16928611266036067,0.0062996510710576275,,,,0.314,10.021210097474096
VEN,2017,0.22941755671863326,0.15857564320714182,0.19361758822071026,-0.061373732526280846,-0.002388483641408496,,,,0.363,12.512354515550765
VEN,2020,,,,,,,,,,
VNM,2007,,,0.4527524077198088,0.20777258899028483,0.3078128405103086,,,,0.317,
VNM,2009,,,0.5294927290776996,0.17093829583383174,0.2500267024358376,0.925122626955217,0.8873402137306382,0.5613840311617826,0.323,
VNM,2010,0.5777103813342587,0.3557095768863006,0.4324909484079814,0.15892542718779895,0.2661697891196948,0.8324853767325335,0.7659637206074976,0.4757170902715933,0.29,14.73435227211462
VNM,2011,0.5710265019455515,0.32895061915428103,0.42646055677583666,0.12350751941394013,0.20280640840333403,0.8153542459430438,0.7758113416403734,0.47391192973586416,0.306,14.950993231336628
VNM,2012,0.6067199820875454,0.3807199480645557,0.5111121505162183,0.1459964636848747,0.1996299464199878,0.8824624819251096,0.8437662464604117,0.5467583109718014,0.297,15.134345373238107
VNM,2013,0.6250844041550171,0.3769836940237577,0.5877749312216421,0.19158951799846732,0.19915991040539988,0.9430675816733723,0.8471941100825952,0.5679036212851142,0.293,15.224697335219608
VNM,2014,0.5804041499893831,0.3503854590035688,0.5931738316321928,0.1655546848923084,0.1526059105959574,0.9207964727112298,0.8141385728742626,0.5114681887181767,0.284,15.311031271855423
VNM,2015,0.5447449448981311,0.35238620404640536,0.6224330401992679,0.12219834148374532,0.08659626018641364,0.9849826672187031,0.848569973077421,0.5107291675804954,0.309,15.445052961148805
VNM,2016,0.5281089880863925,0.34556756875331845,0.6293885179679174,0.12834733278217114,0.10025340557444617,0.9461890139946643,0.8427911936840222,0.5142074283234909,0.303,15.512404100193113
VNM,2017,0.4652095516773143,0.3099381693407465,0.5363841231520764,0.11523042908118421,0.13151259482833597,0.8849601821622076,0.7393124882620795,0.42557206727164626,0.27,15.49457445100278
VNM,2018,0.42445356218052155,0.28903523885027205,0.5308114107085113,0.1065657215344666,0.12644247408104137,0.8296249477777266,0.6847986505029915,0.40360163504743574,0.259,15.566663503553778
VNM,2019,0.48520558471715125,0.3165191490244402,0.5021689314865934,0.0976058098098719,0.1354302334051475,0.8198527469655221,0.642827281565396,0.3924905213375531,0.248,15.709434135077446
VNM,2020,0.4063689853288016,0.26168607586970544,0.4730401267112521,0.022296176087622178,0.02181708424867191,0.8164716423171972,0.6439875072224732,0.3646312470832426,0.252,15.743250857846851
VNM,2021,0.44145139321846044,0.28480184076381193,0.4706962179822007,0.10111197681771454,0.12739323129341212,0.7719655151580778,0.6452418808300451,0.3906529337022311,0.251,15.72457922927398
VNM,2022,0.3882246164857646,0.24045971017007173,0.4549391998800723,0.07074361400207087,0.09698116972221557,0.767742908838303,0.5851170242375788,0.33169914166900905,0.225,15.825188815706754
VNM,2023,0.4002228564127309,0.24348080233745395,0.46764155439787214,0.08697211927980887,0.11669876297503855,0.745202301363777,0.5792870353898384,0.3342988685660814,0.225,15.876474239254128
VNM,2024,0.4433087776799087,0.27037980601808476,0.5168213778852878,0.11696132186925111,0.11790409814683199,0.7881674466814543,0.6310858722145188,0.3820697162784603,0.227,15.964893463869574
VUT,2010,0.8536463841138427,0.42844533524284645,0.1559310241196052,0.1151863103145099,-0.07654982241650958,1.1312616686056507,0.6681976647206367,0.4163756419137516,0.407,10.610220822798349
WLF,2019,0.5965505906962865,0.34272610491995925,,0.7682158946100597,0.5059039345309282,0.8073972812369383,1.1153960609498252,1.0908031201247457,0.44,12.363821330481214
WSM,2012,0.8827171980429194,0.7766927125250844,0.3266296103056749,0.15070899012564248,0.0168036993706012,1.4346002077433635,0.7636343587371973,0.3792373334678869,0.478,7.194626773003968
WSM,2017,0.7289851802837014,0.4739997992025484,0.5844634855278907,0.3335666865705151,0.40317648619059165,1.0384622050374814,0.6310504491635783,0.5686571726579953,0.374,7.153176822719316
WSM,2018,,,0.3394017594790873,0.2554338707955987,0.07777251904377835,1.4729430650179447,0.9411056041351933,0.7107902630336462,0.451,5.773725117190027
WSM,2022,0.6963687615218102,0.6392253106268023,-0.03900923118323651,0.17209557324318836,0.0002317524307707603,1.2306996382424826,0.8402164906861769,0.6956686115497461,0.397,7.407583451856076
YEM,2010,,,,,,-0.23018374883032638,0.5609262323635518,1.074772411318615,,
YEM,2014,0.30173982816179457,0.19745141574578745,0.2201091985189424,-0.0010731156989150091,0.02383186768114673,,,,0.445,11.025589828491583
ZAF,1996,,,,,,,,,,
ZAF,1997,,,,,,,,,,
ZAF,1998,,,,,,,,,,
ZAF,1999,,,,,,,,,,
ZAF,2000,1.9507755046421262,1.082583464041486,1.4107427274630666,0.17281728373298463,0.1334358755209252,,,,0.557,7.797336054796215
ZAF,2001,1.7372885578950201,0.9100615724712796,1.5275833770976743,0.19249704563636363,-0.013318892822385036,,,,0.512,7.7766315000417485
ZAF,2002,1.8139807205860017,0.9593175662454562,1.5730020315627213,0.2717229742199713,0.05645914856441352,,,,0.518,7.794206405193157
ZAF,2003,1.8979629806886558,1.0535648971923721,1.464811084665137,0.2568545498155704,0.040279772545669404,,,,0.519,7.846246936405324
ZAF,2004,1.85091378428885,1.0711467314213965,1.345153637403352,0.20273031675796643,-0.08684132696191588,,,,0.515,7.881926541684776
ZAF,2005,1.8763955399620638,1.1579303899823017,1.258077874849498,0.19813773441583585,-0.010034015584654566,,,,0.514,7.975041661666822
ZAF,2006,1.8619413284375623,1.1801376130362076,1.2693375013433497,0.22012496382188101,0.021663998027874578,,,,0.516,8.087874126447653
ZAF,2007,1.9748913394947607,1.2771259135181658,1.2774326467321733,0.21388554546529842,0.010261092527369349,,,,0.526,8.221530021231713
ZAF,2008,,,,,,,,,,
ZAF,2010,1.580332586788954,0.887026452009217,1.1340426514464204,0.06359351324057552,0.032360099305891316,,,,0.566,8.6428355724585
ZAF,2011,1.6060672642607106,0.8500720961848551,1.135739624041034,0.06642558383030786,0.046104131923718206,,,,0.562,8.709357152447414
ZAF,2012,,,1.2274348802302588,0.10387840542105918,0.02816945930239566,,,,0.591,
ZAF,2013,1.6813992938628046,0.9283029738583344,1.216809081023893,0.024103492588042997,-0.09067015487297747,,,,0.66,9.018569389655038
ZAF,2014,1.4267847109672134,0.7675439410176236,0.948379719615779,-0.0034065097880240174,-0.025151675973749326,,,,0.644,8.969227332139761
ZAF,2015,1.6810974558056715,1.0022351822907707,1.0074562628706958,0.013125509403136242,-0.03794187759061517,,,,0.677,9.084913647620985
ZAF,2016,,,,,,,,,,
ZAF,2017,1.04842521345939,-0.08149297593008802,,,,,,,0.618,9.13542747595815
ZAF,2018,,,,,,2.0149030205422647,2.120263536200091,1.5847452998437288,,
ZAF,2019,,,,,,1.9560625205193314,2.0614230361771577,1.6247823106005435,,
ZAF,2020,1.3785427405768973,0.9236949022309938,,,,1.4470997193193456,1.6686793964500122,0.9667153314419973,,8.984725268892618
ZMB,2017,1.4924112197205839,1.2134077292881706,0.5592089266325033,0.003417437133953096,-0.0007463998621692476,2.025320416743063,1.2259526866820787,0.6479440684100974,0.669,8.275963314117774
ZMB,2018,1.5761391226812576,0.8634582458079406,0.8875543135919107,-0.033800089442229835,-0.03385022191484947,1.5107006488914887,1.5897873516877787,0.9535212836100747,0.546,7.949579555791249
ZMB,2019,1.7709625544911385,0.9659105070856054,0.6958005760274107,-0.1456375770516704,-0.3851119275980808,1.6018105006287424,1.5820698340711363,1.028122143938981,0.595,7.988641722348697
ZMB,2020,1.4823859416427982,0.8518832943193992,0.7998860576001618,0.005243574668076947,0.08557641921351662,1.4226542937897837,1.5900235244219916,0.6461986890075266,0.52,8.00457396009747
ZMB,2021,1.3215496559462123,0.8611378935454972,0.5380019282312271,-0.014100772855888339,0.06867811138728758,1.5626457059907888,1.3570183505008282,0.7460310824902734,0.553,8.072627730911146
ZMB,2022,1.454924914730679,0.8879868586689331,0.8114681623091144,0.08560583215638404,0.16187384780588465,1.3990854796274739,1.4083182384602255,0.8516438577238201,0.539,8.14478396750779
ZMB,2023,1.4021298030736256,0.8662080854406476,0.7685046170250208,-0.13440414497669348,-0.07434374564022257,1.2795346372139382,1.413253052320304,0.7781738879220685,0.527,8.083321201351533
ZMB,2024,1.5852494190892938,0.6743413304346106,1.1161618051306448,-0.05653600465491797,-0.022152615368646992,2.0130135572445558,1.521639159641067,0.6663803351617626,0.529,8.402490057988013
ZWE,1996,,,,,,,,,,
ZWE,1997,,,,,,,,,,
ZWE,1998,,,,,,,,,,
ZWE,1999,,,,,,,,,,
ZWE,2000,,,,,,,,,,
ZWE,2001,,,,,,,,,,
ZWE,2009,,,,,,,,,,
ZWE,2011,0.98501074117105,0.5299714724026813,0.7054463464704367,-0.13408386026883448,-0.08908263789362353,1.818894302162177,0.9542661223896962,0.3230523890615882,0.476,5.440654251780116
ZWE,2014,1.6094178465440534,0.5727857520732791,1.4025412527053471,0.00023940781433326713,0.1253593154975413,2.1428504683921554,1.6533681629550387,0.743270470351985,0.534,5.7586809293036385
ZWE,2015,,,,,,,,,,
ZWE,2021,-0.5845162225557018,-0.33421746485967047,1.5000329189068358,0.2610997104266826,-0.1839159493917828,2.0204692721926767,1.937090512502375,0.9948610357707464,0.673,9.542162312712657
ZWE,2022,-0.5278190171798381,-0.3573412485024313,1.3720561533161633,0.000370353725879732,-0.23235523165564173,1.791494121439061,1.5916186598337796,0.6024927414901899,0.684,10.319572767147665
ZWE,2023,-0.15397098603214113,-0.005853428124686375,0.6985320782358471,-0.06328097947335486,0.11173022805554012,0.9082255037532321,0.5163582775791019,-0.1949857319383104,0.576,12.916516195245455
