c,y,ddf_co2,ddf_co2so2,eff_tfp,gml_co2,gm_tfp,ln_gtfp_co2,ln_gtfp_co2so2,ln_tfp_dea,ln_geff_co2,ln_geff_co2so2,ln_eff_tfp
AGO,1995,0.8502360931511643,0.6613324949939815,5.928491533396826,,,0.0,0.0,0.0,-0.6153132488673078,-0.507619988198525,-1.779769801796022
AGO,1996,0.8510922973731516,0.6325373124049228,5.618286306605413,0.9995374600049916,1.0552134956929315,-0.0004626469996291564,0.017484550300505823,0.053743112040593774,-0.615775895866937,-0.4901354378980193,-1.7260266897554284
AGO,1997,0.844054491287698,0.6095640709352101,5.524225214160065,1.0038164848808449,1.0170270198623046,0.003346573579657859,0.03165660925945887,0.07062679695694428,-0.6119666752876499,-0.4759633789390662,-1.7091430048390779
AGO,1998,0.849757699031752,0.5977429986281643,5.628507719617864,0.9969167811832657,0.9814724416039571,0.0002585918512019907,0.039027980679484514,0.051925453461124135,-0.6150546570161058,-0.4685920075190406,-1.727844348334898
AGO,1999,0.8568503123798259,0.6564220045479269,5.791682565461603,0.9961802988098789,0.9718260032383639,-0.0035684230275204033,0.0029601310358330947,0.023346953901371308,-0.6188816718948281,-0.504659857162692,-1.7564228478946506
AGO,2000,0.84011040088775,0.6430877310587786,5.804360857615906,1.009097232146506,0.9978157298511743,0.005487678563897686,0.011042753698123348,0.021160294755059476,-0.6098255703034101,-0.49657723450040187,-1.7586095070409626
AGO,2001,0.8294851846543269,0.6414893368446086,5.8000810784356,1.005807762928362,1.0007378826472302,0.011278641452856657,0.012016026242685463,0.021897905300733673,-0.604034607414451,-0.49560396195583967,-1.7578718964952884
AGO,2002,0.7807996238563855,0.5532909543577192,5.213447993498865,1.0273391571661,1.112523053009882,0.0382507585498928,0.06724411170358413,0.12852836195093362,-0.5770624903174147,-0.4403758764949412,-1.6512414398450885
AGO,2003,0.7836114132510853,0.5956305476360259,5.188212369401267,0.9984235414878991,1.004864030671996,0.036673056119576254,0.04035100241162333,0.13338060144538216,-0.5786401927477313,-0.4672689857869019,-1.6463892003506397
AGO,2004,0.7311802149672186,0.4993765284520758,4.814304454485998,1.0302863894992353,1.0776660301503906,0.06650986777043338,0.10257061419442534,0.2081782208773912,-0.5488033810968744,-0.4050493740040999,-1.571591580918631
AGO,2005,0.634450136785724,0.39204989084452524,4.324892929108213,1.0591820307052755,1.1131615356495546,0.12400680885854909,0.1768425858046344,0.3153824179941788,-0.4913064400087586,-0.3307774023938907,-1.4643873838018433
AGO,2006,0.5693948400953391,0.3887437305408682,4.014317913548107,1.0414524726527286,1.07736682102629,0.16462315598144694,0.17922044069903403,0.38990235337523715,-0.4506900928858609,-0.3283995474994914,-1.389867448420785
AGO,2007,0.47759472223881244,0.3251310918520598,3.6578301450424098,1.0621280764440153,1.097458808739071,0.22489767081783446,0.2261085964074686,0.4828996867374686,-0.39041557804947324,-0.2815113917910565,-1.2968701150585535
AGO,2008,0.4268753106515273,0.3264858296711358,3.4375695432609756,1.035545791008274,1.0640745151507505,0.2598262928508034,0.22508677615435835,0.5450051082411423,-0.35548695601650443,-0.2825332120441669,-1.2347646935548797
AGO,2009,0.474104286726579,0.40899094394570445,3.561918325506982,0.9679608990352173,0.9650893785644826,0.22726270677074176,0.1647461825945431,0.5094705465830737,-0.3880505420965659,-0.34287380560398206,-1.2702992552129484
AGO,2010,0.4795333145713797,0.4083762783439303,3.5314561703336045,0.9963305808721359,1.0086259474007573,0.22358653880992027,0.16518252302376638,0.518059503068467,-0.39172671005738763,-0.3424374651747589,-1.2617102987275552
AGO,2011,0.481060790447839,0.4108775075109735,3.5508891619107703,0.9989686609176942,0.9945272886054521,0.22255466753151523,0.16340813163279236,0.5125717615267277,-0.3927585813357925,-0.3442118565657329,-1.2671980402692946
AGO,2012,0.4582484415477594,0.3846537313524623,3.405038445692541,1.0156436641727984,1.042833794256489,0.23807723093030325,0.18216989328172578,0.5545135713060008,-0.3772360179370045,-0.32545009491679944,-1.2252562304900214
AGO,2013,0.44031545787970794,0.39108729599218767,3.3683238661989665,1.0124507333236918,1.0108999552750861,0.2504510912992634,0.17753431950376622,0.5653545502412058,-0.3648621575680443,-0.3300856686947591,-1.214415251554816
AGO,2014,0.4280049879999093,0.39436753091162535,3.331213531022915,1.0086207471145048,1.0111401850498176,0.2590348919588803,0.1751790585933304,0.5764331404592643,-0.3562783569084275,-0.33244092960519483,-1.2033366613367578
AGO,2015,0.4552570969574935,0.41528168712478974,3.4133706425313095,0.9812733371893116,0.9759307968244937,0.24013066491341278,0.16029140474256365,0.5520695404834122,-0.375182583953895,-0.3473285834559615,-1.22770026131261
AGO,2016,0.48521890775355464,0.4657189082559775,3.619387749148981,0.9798266702371979,0.9430795701106873,0.21975107484816236,0.125274143735307,0.4934649203317876,-0.3955621740191454,-0.38234584446321834,-1.2863048814642344
AGO,2017,0.4852120557604299,0.451354762716701,3.7191041311491384,1.0000046134779867,0.9731880639842837,0.219755688315507,0.1351225488554986,0.4662869874738632,-0.3955575605518008,-0.37249743934302654,-1.313482814322159
AGO,2018,0.5071892659436694,0.4813187886351305,3.862431440709247,0.9854184138118318,0.9628919472720038,0.20506674590536766,0.11468722379060683,0.4284729097078794,-0.4102465029619401,-0.39293276440791836,-1.3512968920881425
AGO,2019,0.518390679358363,0.5036682860817219,3.9941472027308342,0.9926228383992538,0.9670228072887418,0.19766223847523848,0.09971234146353064,0.39493971151490437,-0.41765101039206937,-0.4079076467349946,-1.3848300902811175
AGO,2020,0.5160770292865287,,4.327170021564633,1.0015260768596455,0.9230391185984916,0.19918715206293777,,0.314856048151061,-0.41612609680437,,-1.4649137536449612
AGO,2021,0.5515520429809567,,4.495431711019078,0.977135788738178,0.9625705159657956,0.17605750086844124,,0.276708095988322,-0.4392557479988665,,-1.5030617058077
AGO,2022,0.5514248873833453,,4.5197312607762985,1.0000819605245768,0.9946236737639469,0.1761394580344377,,0.2713172652999002,-0.43917379083287,,-1.5084525364961219
AGO,2023,0.5568019594020563,,4.622707394846143,0.9965460783330615,0.9777238476775209,0.17267955780977556,,0.24878925214235165,-0.4426336910575322,,-1.5309805496536704
ALB,1995,0.785280683633257,0.7822976399836956,7.017537623188676,,,0.0,0.0,0.0,-0.579575648602705,-0.5779033409059039,-1.9484123905774233
ALB,1996,0.7646160644132738,0.7623047764990557,6.643233270522111,1.0117105469210688,1.0563437015417565,0.011642509124531799,0.011280856443443529,0.05481360727343518,-0.5679331394781734,-0.5666224844624604,-1.893598783303988
ALB,1997,0.7310073172676406,0.7285714082051363,7.555270505418867,1.0194157163926283,0.8792846352433555,0.030872145226555996,0.030608049140674266,-0.07383300932680097,-0.5487035033761489,-0.5472952917652295,-2.0222453999042243
ALB,1998,0.7411165696045371,0.7383811095548426,6.9863730829461055,0.9941938107342275,1.0814295795140763,0.025049034512678002,0.024949057574787686,0.004450841246271494,-0.554526614090027,-0.5529542833311164,-1.9439615493311517
ALB,1999,0.8204066217627275,0.8184963527806367,6.271007798789074,0.9564437685458358,1.1140750110843696,-0.01948424608274044,-0.02010663891732522,0.11247531538964989,-0.5990598946854454,-0.598009979823229,-1.8359370751877733
ALB,2000,0.811350926932476,0.8091957880676288,6.069359149902451,1.0049994149093944,1.0332240429189075,-0.014497286751577979,-0.014979089649499613,0.14515936770195123,-0.594072935354283,-0.5928824305554036,-1.803253022875472
ALB,2001,0.8072410678332035,0.8047066690147713,5.804282179995936,1.0022741067433798,1.0456692079547896,-0.01222576187538476,-0.012494727431596386,0.18981643854365923,-0.5918014104780898,-0.5903980683375003,-1.758595952033764
ALB,2002,0.8262196375766467,0.8240082332951878,5.7140512533543735,0.989607728800558,1.015791060079938,-0.022672409784925653,-0.023133064604024,0.2054841170235656,-0.6022480583876307,-0.601036405509928,-1.7429282735538576
ALB,2003,0.8391355916555889,0.837941310504247,5.602490164990782,0.9929771604999958,1.019912768265212,-0.029720025489934618,-0.03074275134490095,0.225201219353974,-0.6092956740926395,-0.6086460922508048,-1.7232111712234492
ALB,2004,0.8263588680195625,0.8251411429613765,5.504222464894675,1.0069957355368395,1.017853148328006,-0.022748646581900695,-0.023753981747048108,0.24289687199599583,-0.6023242951846057,-0.6016573226529522,-1.7055155185814272
ALB,2005,0.8209107499959866,0.8201020656527247,5.401152435108453,1.0029919742214646,1.0190829699817854,-0.019761139407332255,-0.02098923863934359,0.2618000458677305,-0.5993367880100372,-0.5988925795452475,-1.6866123447096928
ALB,2006,0.7961740304041964,0.7949952644073381,5.288897822683144,1.013771894690084,1.0212245757412572,-0.006083215471659517,-0.00709904281767597,0.28280251751491553,-0.5856588640743646,-0.58500238372358,-1.6656098730625077
ALB,2007,0.7871340809053406,0.7865108867224905,5.178482797773014,1.0050583498996764,1.0213218869738476,-0.0010376160443458246,-0.002361151440141948,0.3039002733913118,-0.5806132646470509,-0.5802644923460458,-1.6445121171861112
ALB,2008,0.7937259557415559,0.7935737758934441,4.898691770735465,0.9963250379384234,1.0571154586024387,-0.004719347368610688,-0.006306811389339193,0.35944420667202365,-0.5842949959713157,-0.5842101522952431,-1.5889681839053995
ALB,2009,0.7879729244304051,0.7666848783978234,4.917512590121335,1.0032176277574134,0.9961726952313903,-0.0015068850979468593,0.008798500542000133,0.355609559030923,-0.581082533700652,-0.5691048403639039,-1.5928028315465002
ALB,2010,0.7964778121423959,0.7741831073940421,4.8533174173205635,0.9952657986341349,1.013227070739629,-0.006252328289843552,0.004563245099253676,0.3687499158806058,-0.5858279768925485,-0.5733400958066504,-1.5796624746968175
ALB,2011,0.8106636925886186,0.7727753802365228,4.985482048801626,0.9921653698009807,0.9734900998163596,-0.014117810452172327,0.005357010933469918,0.34188229197884673,-0.5936934590548774,-0.5725463299724339,-1.6065300985985764
ALB,2012,0.7917653941626661,0.737127533709322,5.0907173356430535,1.0105473062977555,0.9793280043060701,-0.0036257389434550197,0.025670434517590972,0.3209936395630058,-0.58320138754616,-0.5522329063883129,-1.6274187510144174
ALB,2013,0.8055752965816486,0.7355825176686293,5.055335019608434,0.992351522284821,1.0069990051890485,-0.011303616268426462,0.026560238802874673,0.3279682654032614,-0.5908792648711315,-0.5513431021030293,-1.6204441251741617
ALB,2014,0.8238720403793154,0.751351822110154,5.076751927253955,0.989968186696989,0.9957813759757403,-0.021386087287762815,0.017515381394470966,0.3237407178792364,-0.6009617358904679,-0.5603879595114329,-1.624671672698187
ALB,2015,0.7766833716103974,0.6736619285543552,5.164512836506731,1.0265599765962496,0.9830069336584054,0.004827296729910836,0.0628893435027347,0.3066016125884694,-0.5747483518727943,-0.5150139974031692,-1.641810777988954
ALB,2016,0.7666254838911916,0.6603784031848325,5.210941038044585,1.005693276708005,0.9910902462340513,0.010504427989430078,0.07085781078915224,0.29765192961656933,-0.5690712206132749,-0.5070455301167518,-1.650760460960854
ALB,2017,0.7857134517787656,0.6990311275235463,5.196290116029093,0.9893107329910293,1.0028194965424078,-0.0002423796462368441,0.04784517729886063,0.3004674588340905,-0.5798180282489418,-0.5300581636070433,-1.6479449317433328
ALB,2018,0.7621574316138471,0.6795458586478188,5.176459249200993,1.0133677160407542,1.0038309713016984,0.013036776831539771,0.05937990626781848,0.3042911106530947,-0.5665388717711651,-0.5185234346380856,-1.6441212799243285
ALB,2019,0.7547996083328173,0.6786663613002853,5.217731718391652,1.004192970665192,0.9920899595038243,0.017220981490427542,0.05990369530200546,0.2963496198278897,-0.5623546671122774,-0.5179996456038982,-1.6520627707495334
ALB,2020,0.7567834163671108,,5.385083101388335,0.9988707725631907,0.9689231568304789,0.016091115995929432,,0.26477964807545373,-0.5634845326067756,,-1.6836327425019695
ALB,2021,0.75691867456918,,5.086685845333976,0.9999230139652863,1.0586624110722465,0.01601412699763883,,0.3217858830161248,-0.563561521605066,,-1.6266265075612985
ALB,2022,0.7482791006796002,,5.040476426614106,1.0049417589481118,1.009167668848897,0.020943715534025485,,0.33091178387163855,-0.5586319330686795,,-1.6175006067057847
ALB,2023,0.7394730108697847,,4.986356841036777,1.005062504422194,1.0108535324090595,0.025993448566051198,,0.3417068394375332,-0.5535822000366537,,-1.60670555113989
ARE,1995,0.18771829130654974,0.16399126602649639,1.2893428724795468,,,0.0,0.0,0.0,-0.1720340642911977,-0.15185484586743242,-0.2541326874060762
ARE,1996,0.20601744875921119,0.17694439995489245,1.3167513895118408,0.9848267888068385,0.9791847441737235,-0.015289502200351088,-0.011066742514031004,-0.021034947233388928,-0.18732356649154888,-0.16292158838146328,-0.2751676346394651
ARE,1997,0.20632517277544912,0.1590804377736707,1.3318074624206753,0.99974490790445,0.9886950078493563,-0.015544626837423806,0.004227881179792862,-0.03240432653186515,-0.1875786911286216,-0.14762696468763964,-0.28653701393794134
ARE,1998,0.287307750181087,0.2301605511791669,1.4326356262667754,0.9370915172426749,0.9296205106187101,-0.0805189578674788,-0.055289844412627916,-0.10538315574118212,-0.25255302215867664,-0.20714469028006025,-0.3595158431472583
ARE,1999,0.3240441925134625,0.23803507927195922,1.4909334384907935,0.9722543684417074,0.9608984474296651,-0.10865677069790068,-0.06167066343130095,-0.145269705187406,-0.28069083498909847,-0.2135255092987334,-0.39940239259348226
ARE,2000,0.29977470523798666,0.2653724607111673,1.4280045098701155,1.0186720723042784,1.044067738011837,-0.090156881494391,-0.08351166831926797,-0.10214533467867912,-0.2621909457855888,-0.23536651418670027,-0.35627802208475545
ARE,2001,0.36003376778919816,0.2708625351841022,1.5249614286981183,0.9556929658818946,0.9364200844668074,-0.1354754644052853,-0.0878409856395091,-0.1678364296764626,-0.30750952869648307,-0.23969583150694154,-0.4219691170825387
ARE,2002,0.4057750382609568,0.23854877012489076,1.6067218878195506,0.9674618845641592,0.9491134964045411,-0.168554715058839,-0.06208550168555463,-0.22006332140985604,-0.3405887793500369,-0.21394034755298708,-0.4741960088159323
ARE,2003,0.40231952576822516,0.28394839020131496,1.589047458880676,1.0024641406107773,1.0111226564317495,-0.16609360546432414,-0.09808516404525196,-0.20900206683947808,-0.33812766975552194,-0.24994000991268447,-0.46313475424555417
ARE,2004,0.3748471058544631,0.2629502991465483,1.5558462880146575,1.0199821636869855,1.021339621479179,-0.14630846490242325,-0.08159564529872285,-0.18788694684743315,-0.3183425291936211,-0.23345049116615524,-0.4420196342535093
ARE,2005,0.39612096711860556,0.2709343155568217,1.5868982648135088,0.9847621647656731,0.9804322825934274,-0.16166358895861524,-0.08789746566285753,-0.2076486467358547,-0.3336976532498131,-0.2397523115302901,-0.46178133414193095
ARE,2006,0.4628188981654154,0.3042755331394835,1.6797329266875676,0.9544045191578682,0.9447324866952935,-0.20833126209085892,-0.1137928937365111,-0.264502121161889,-0.3803653263820569,-0.26564773960394356,-0.5186348085679653
ARE,2007,0.6860313154017196,0.4511664731673804,1.9843259103278685,0.8676107524235864,0.8465005259191655,-0.3503433689010996,-0.2205128514104839,-0.4311465772843598,-0.5223774331922975,-0.37236769727791647,-0.6852792646904361
ARE,2008,0.7538374447501959,0.5917945682007126,2.3036349384903048,0.9613384184768994,0.8613890496157796,-0.3897721484827237,-0.3130071931534427,-0.5803555960377373,-0.5618062127739215,-0.46486203902087525,-0.8344882834438135
ARE,2009,0.8411168569298574,0.7678751556912592,2.7941296748757405,0.9525943115174104,0.8244552710649519,-0.43833831064919687,-0.4179235025579839,-0.7733879842614084,-0.6103723749403948,-0.5697783484254164,-1.0275206716674845
ARE,2010,0.8650461546108903,0.8081987589012894,2.9223914689385206,0.987169594906875,0.956110673253037,-0.45125173627899784,-0.4404763430809853,-0.8182695898915416,-0.6232858005701958,-0.5923311889484177,-1.0724022772976178
ARE,2011,0.8545781958255578,0.7891406099393465,2.8339071615287206,1.0056443879308483,1.0312234319497142,-0.4456232182165818,-0.4298805525182218,-0.7875236945145114,-0.6176572825077797,-0.5817353983856542,-1.0416563819205877
ARE,2012,0.8619537631055638,0.8021149634085458,2.8672154231516225,0.9960388021302397,0.9883830627604919,-0.44959228241087434,-0.4371061089577274,-0.7992086355463256,-0.6216263467020722,-0.5889609548251599,-1.0533413229524018
ARE,2013,0.8522856703554388,0.7843296310095302,2.8073444128333165,1.0052195473435097,1.0213265640099647,-0.4443863096895003,-0.42718794196762594,-0.7781063002856355,-0.616420373980698,-0.5790427878350582,-1.0322389876917117
ARE,2014,0.8408605548047297,0.7644419650503239,2.7685082413660114,1.0062063992413164,1.0140278330716266,-0.4381990908241515,-0.41597962741617134,-0.7641759467047688,-0.6102331551153493,-0.5678344732836038,-1.018308634110845
ARE,2015,0.8279217045118767,0.7341417644704017,2.6626139918820897,1.0070784488530968,1.0397707853285445,-0.43114557659365044,-0.3986577848990418,-0.7251756565654086,-0.6031796408848482,-0.5505126307664743,-0.9793083439714847
ARE,2016,0.8115752889278971,0.7048488669679043,2.588996906002535,1.0090233156103898,1.0284345978586822,-0.4221627278475406,-0.38162161986465265,-0.6971378183075834,-0.5941967921387384,-0.533476465732085,-0.9512705057136595
ARE,2017,0.8293578989240833,0.7557157459320435,2.7840940216800454,0.9902793160339785,0.9299243796515967,-0.4319309660862569,-0.41102176034926236,-0.7697898266510192,-0.6039650303774547,-0.5628766062166948,-1.0239225140570956
ARE,2018,0.8368472032786693,0.7719592239862535,2.8602604689736824,0.9959227396044603,0.9733708002750648,-0.43601656117080906,-0.4202309947562533,-0.796780006346506,-0.6080506254620069,-0.572085840623686,-1.0509126937525823
ARE,2019,0.8460498071838423,0.7918077228346575,2.896314459106437,0.9950149752897449,0.9875517694498276,-0.44101405256515447,-0.4313701654032121,-0.8093063651681768,-0.6130481168563522,-0.5832250112706447,-1.063439052574253
ARE,2020,0.8644522029729422,,2.9991142670836712,0.9901298645469396,0.9657232773337455,-0.45093322071147574,,-0.8441843133634099,-0.6229672850026736,,-1.0983170007694862
ARE,2021,0.8461494571127833,,2.903340717562761,1.0099140109104616,1.0329873614011478,-0.4410680311951427,,-0.8117293581495953,-0.6131020954863405,,-1.0658620455556715
ARE,2022,0.8273818335600881,,2.794958710833345,1.010270225525955,1.038777677219103,-0.43085018610140197,,-0.7736846465814404,-0.6028842503925999,,-1.0278173339875167
ARE,2023,0.8160110111456649,,2.7345815200024783,1.0062614281216553,1.0220791336404598,-0.4246082792757244,,-0.751845727620914,-0.5966423435669223,,-1.0059784150269901
ARG,1995,0.6441509427482945,0.4480963088107443,3.015143005360666,,,0.0,0.0,0.0,-0.49722410674309125,-0.37024980336135566,-1.1036472603513903
ARG,1996,0.6236577074767847,0.41859695261336305,2.9331382648062156,1.0126216475166783,1.0279580207787675,0.01254265847712584,0.020581481742650114,0.027574330380849107,-0.4846814482659655,-0.3496683216187056,-1.0760729299705412
ARG,1997,0.5883937941047288,0.37499234976818385,2.8243801366283496,1.0222009891394293,1.0385069016622166,0.03450079348613402,0.0518016360632563,0.06535834049175256,-0.4627233132569573,-0.3184481672980994,-1.0382889198596377
ARG,1998,0.583638834998365,0.3559663692704757,2.82852274349727,1.003002552729372,0.9985354168077863,0.037498847556783434,0.06573541557366525,0.06389268374924495,-0.45972525918630786,-0.3045143877876904,-1.0397545766021454
ARG,1999,0.6386730523948769,0.4045765168991466,2.9832442468052194,0.9664153765657639,0.9481364948667405,0.0033373068100764117,0.030513957468892534,0.010635878584668359,-0.49388679993301476,-0.33973584589246325,-1.093011381766722
ARG,2000,0.6512962535620005,0.42923647122041414,3.055639814565827,0.9923555805689657,0.9763075584316229,-0.004336480960180615,0.013109437893738297,-0.013341742280802824,-0.5015605877032717,-0.3571403654676175,-1.1169890026321931
ARG,2001,0.6868587050815211,0.43507846846400816,3.218648129340282,0.9789179429122359,0.9493550372007064,-0.02564393817468367,0.0090302737883179,-0.06531417544067461,-0.5228680449177749,-0.3612195295730379,-1.168961435792065
ARG,2002,0.7747984402205875,0.5084557351099085,3.5984613535648244,0.9504508607027305,0.8944512148648535,-0.07646275493115001,-0.04083663217902331,-0.17685909196094804,-0.5736868616742413,-0.4110864355403789,-1.2805063523123383
ARG,2003,0.7157327096122525,0.44784055433092507,3.3856738916922953,1.0344259512437013,1.0628493672691464,-0.04261611856104182,0.00017662987321278206,-0.11590570793941564,-0.5398402253041331,-0.37007317348814306,-1.219552968290806
ARG,2004,0.6822436659054557,0.4260498167120186,3.230558338558872,1.0199073679904578,1.04801509116304,-0.022904311084486664,0.015341547398791539,-0.06900772217951096,-0.5201284178275779,-0.35490825596256415,-1.1726549825309012
ARG,2005,0.635721719050564,0.37877955975600375,3.084189614709428,1.028441235641167,1.0474577578341384,0.005139981410756963,0.049051072472691006,-0.022641676828483722,-0.4920841253323343,-0.32119873088866463,-1.126288937179874
ARG,2006,0.6062781334825754,0.34597350719981856,2.9524337556569242,1.018330315873847,1.0446261863793072,0.0233043222264773,0.0731322549478157,0.02101742820908506,-0.47391978451661415,-0.29711754841354004,-1.0826298321423053
ARG,2007,0.5597457092281112,0.3076986097656088,2.823200411711558,1.0298333401266364,1.0457754764448401,0.05270130567377196,0.10198099754576423,0.06577612114095371,-0.44452280106931924,-0.26826880581559126,-1.0378711392104365
ARG,2008,0.5672080887264008,0.3317602510357128,2.8116522764622944,0.9952384245895808,1.0041072416194345,0.047928357848389516,0.0837482391585414,0.06987495106823002,-0.44929574889470164,-0.28650156420281436,-1.0337723092831603
ARG,2009,0.621377786989704,0.36114894018217886,3.043327164082559,0.9665903291028332,0.9238744718758801,0.01394783316080103,0.06192065130614462,-0.009304118449252118,-0.4832762735822904,-0.30832915205521116,-1.1129513788006424
ARG,2010,0.5695933940818305,0.3048648513727483,2.8550886934093986,1.0329922342328446,1.0659308662136082,0.04640750558644778,0.10415033011610683,0.05454435173317063,-0.45081660115664346,-0.2660994732452489,-1.0491029086182198
ARG,2011,0.5495334618399232,0.29562843346516393,2.794849891309264,1.012945788352378,1.0215535017774837,0.059270213480568275,0.11125394911148864,0.07586886133708644,-0.43795389326252293,-0.25899585424986704,-1.027778399014304
ARG,2012,0.5794091532551643,0.32787399582194776,2.9062728750458344,0.9810842609379167,0.9616612105858046,0.040173283278285246,0.08667063947295417,0.036775799045324006,-0.45705082346480624,-0.28357916388840143,-1.0668714613060664
ARG,2013,0.5766080128044613,0.30423054903764774,2.9205645123009676,1.00177668794523,0.995106549711558,0.04194839478044319,0.1046365540751825,0.03187033662581985,-0.45527571196264804,-0.2656132492861731,-1.0717769237255705
ARG,2014,0.6137110086961366,0.33658614806144044,3.066513261929225,0.9770076576959995,0.9524056355991634,0.01868760577966544,0.08013109088341487,-0.01689391050034003,-0.4785365009634257,-0.29011871247794074,-1.1205411708517303
ARG,2015,0.6106252117934191,0.33898783168887525,3.0688651602485644,1.0019159000369067,0.9992336260485458,0.020601672820947218,0.07833582430460966,-0.017660578266435096,-0.4766224339221441,-0.29191397905674604,-1.1213078386178252
ARG,2016,0.6399693416735248,0.30466264745223837,3.1750114376873038,0.9821069033826197,0.9665682220294436,0.0025465591832302785,0.10430530370500787,-0.05166397440797399,-0.49467754755986093,-0.2659444996563477,-1.1553112347593644
ARG,2017,0.630508608718937,0.2496332416083697,3.1661458614402367,1.0058023201496746,1.0028001161775388,0.008332110706703394,0.14739970181262133,-0.048867771252829324,-0.4888919960363879,-0.22285010154873441,-1.1525150316042194
ARG,2018,0.6641215515816712,0.28547408805671914,3.31053885188429,0.9798013896095591,0.956383840545515,-0.01207328081358665,0.11912221293388406,-0.09346371091909735,-0.5092973875566779,-0.2511275904274718,-1.1971109712704875
ARG,2019,0.6916414668534817,0.3077326615611576,3.445781769224191,0.9837318274521853,0.960751165802833,-0.02847523296440551,0.1019549584019155,-0.1335035470270583,-0.5256993397074966,-0.26829484495944034,-1.2371508073784487
ARG,2020,0.7753781252933475,,3.7124482124107767,0.9528344653756339,0.9281696530351277,-0.07678932183125456,,-0.20804429416114964,-0.5740134285743458,,-1.3116915545125398
ARG,2021,0.7244969045430366,,3.5536332103684782,1.0295049649647203,1.0446908818779954,-0.04771125166196507,,-0.1643232593191565,-0.5449353584050562,,-1.2679705196705469
ARG,2022,0.7077419793929415,,3.4995464103598097,1.0098111572780164,1.0154553744018233,-0.03794791128248892,,-0.14898610270550144,-0.5351720180255802,,-1.2526333630568915
ARG,2023,0.7358979783908892,,3.6543483638439977,0.9837801533566809,0.9576389719667142,-0.054300739560135335,,-0.19227053072948075,-0.5515248463032265,,-1.295917791080871
ARM,1995,0.8865980829094992,0.8857929150921577,14.640227540604384,,,0.0,0.0,0.0,-0.6347752510714856,-0.634348377065056,-2.6837730508033935
ARM,1996,0.8422488724793249,0.8403181093766668,13.548174207172513,1.0240734089148815,1.080605203087345,0.02378821244126495,0.024409934856345766,0.0775212574147047,-0.6109870386302205,-0.6099384422087103,-2.606251793388689
ARM,1997,0.8726702005808221,0.8719304099529772,12.685403941539823,0.9837551064292785,1.0680128334587322,0.00740992395671336,0.0073781738710503334,0.14332101422763954,-0.6273653271147722,-0.6269702031940055,-2.540452036575754
ARM,1998,0.8701358365874039,0.8694924314628677,11.592260941488906,1.0013551764229291,1.094299378315281,0.008764182956826821,0.008681410066747058,0.23343533555796014,-0.6260110681146587,-0.6256669669983089,-2.4503377152454338
ARM,1999,0.8507540783234837,0.8499427199555524,10.97386790051854,1.0104723574519836,1.0563514201716557,0.01918208512701611,0.019193700640348733,0.2882562497350937,-0.6155931659444694,-0.6151546764247071,-2.3955168010683
ARM,2000,0.8615686164363916,0.8612221001840111,10.247225055238715,0.9941906314828135,1.070911182428685,0.013355776589471242,0.01311506198858346,0.3567661081901356,-0.6214194744820142,-0.6212333150764725,-2.327006942613258
ARM,2001,0.8509933693908652,0.8507364396170568,9.25211152924716,1.005713281970862,1.1075552886328566,0.019052799663275024,0.018764741717161817,0.4589212518973501,-0.6157224514082104,-0.6155836353478941,-2.2248517989060437
ARM,2002,0.8077592156071008,0.8058119700828973,7.429703542559446,1.023915880727094,1.245286770360142,0.04268717517883444,0.043338041508832185,0.6782870929290484,-0.592088075892651,-0.5910103355562237,-2.0054859578743454
ARM,2003,0.8050965958306315,0.8031442073893654,6.610717460239957,1.0014750566715485,1.1238876244893639,0.04416114502291433,0.04481645412913286,0.7950808611900834,-0.5906141060485712,-0.5895319229359232,-1.8886921896133104
ARM,2004,0.799075091732987,0.7973534814202486,6.003786422924693,1.0033469998697186,1.101091377101253,0.0475025561554321,0.048033082196980256,0.8913827101291348,-0.5872726949160533,-0.5863152948680755,-1.7923903406742587
ARM,2005,0.790124786977192,0.7880296820003035,5.453412138500277,1.0049998217000888,1.1009229213649296,0.05248992025360842,0.05323409978021231,0.9875315575760802,-0.5822853308178771,-0.5811142772848434,-1.6962414932273133
ARM,2006,0.7608428024599239,0.7590932274566157,4.985751369521919,1.0166295279035473,1.0937994565547704,0.06898269160664774,0.06954991245451063,1.077188932664995,-0.5657925594648376,-0.5647984646105452,-1.6065841181383986
ARM,2007,0.7508949665139701,0.7501751692381031,4.600102890052043,1.0056815720738292,1.0838347508060875,0.07464818442474694,0.07463249743148684,1.1576943801558728,-0.5601270666467386,-0.5597158796335691,-1.526078670647521
ARM,2008,0.7657665321520893,0.7656381482749031,4.66919176894537,0.9915778414828184,0.9852032466619096,0.06619035912848908,0.0658361949295501,1.1427870628490266,-0.5685848919429967,-0.5685121821355059,-1.5409859879543673
ARM,2009,0.7743319398786547,0.773102717561284,5.520303734018585,0.9951726012849932,0.8458215333644992,0.06135127088913592,0.06161741732438809,0.9753401677494408,-0.5734239801823495,-0.5727309597406679,-1.708432883053953
ARM,2010,0.7646574146952216,0.7630173366202793,5.609325252555671,1.0054823815109202,0.9841297278141382,0.06681867884875753,0.06732164010704289,0.959342614339286,-0.567956572222728,-0.567026736958013,-1.7244304364641077
ARM,2011,0.7865816416223923,0.7851194914884914,5.45344939932955,0.9877283934770196,1.0285829833215807,0.05447115443344358,0.054863022063610475,0.987524725027754,-0.580304096638042,-0.5794853550014453,-1.6962483257756396
ARM,2012,0.8007209835704112,0.799467125871147,5.195145938547966,0.9921479551374007,1.0497201548978583,0.046588119938666496,0.046857797174474296,1.03604833452975,-0.5881871311328192,-0.5874905798905816,-1.6477247162736437
ARM,2013,0.7878390975048978,0.786159020741066,5.106029564913724,1.0072052826697273,1.0174531644404505,0.05376756857931358,0.05428086120532194,1.0533509417709934,-0.5810076824921718,-0.5800675158597339,-1.6304221090324003
ARM,2014,0.7833630543896244,0.781961135137508,4.95255095441264,1.0025098888890045,1.030989809476738,0.05627431295768303,0.056633857941417794,1.083870262641292,-0.5785009381138025,-0.5777145191236381,-1.5999027881621017
ARM,2015,0.7722598589768048,0.7700520913012429,4.764368243140334,1.0062649928883622,1.03949793585818,0.06251976236215072,0.06333940079867899,1.1226081052488344,-0.5722554887093348,-0.571008976266377,-1.5611649455545593
ARM,2016,0.761642067964252,0.7589050991151618,4.693309826405518,1.0060272124545837,1.0151403634882628,0.06852888382751109,0.06965686437669462,1.1376349973325197,-0.5662463672439744,-0.5646915126883614,-1.546138053470874
ARM,2017,0.7595697979995758,0.7568791373670124,4.3709967103325775,1.0011777139884035,1.0737390433882108,0.06970590485481537,0.0708093594310691,1.2087819875345842,-0.5650693462166703,-0.5635390176339866,-1.4749910632688095
ARM,2018,0.7593439040754507,0.7565204890398421,4.27396295313407,1.0001283966844694,1.0227034623983704,0.069834293297136,0.07101351971259294,1.2312315619051488,-0.5649409577743495,-0.563334857352463,-1.4525414888982449
ARM,2019,0.7521055530142894,0.7490574044788606,4.069945646607166,1.0041312300213359,1.050127771779208,0.0739570132177982,0.07527136025281272,1.280143406080038,-0.5608182378536876,-0.5590770168122432,-1.4036296447233556
ARM,2020,0.7903295118116112,,4.3947769967864065,0.9786497633284031,0.9260869549429318,0.052375563349395575,,1.2033562611614523,-0.5823996877220898,,-1.4804167896419413
ARM,2021,0.7961214329737902,,4.278228244439283,0.9967753176061213,1.0272422941666588,0.049145670462774765,,1.2302340884950431,-0.5856295806087108,,-1.4535389623083506
ARM,2022,0.7515894925819777,,3.956866210166971,1.0254237311769716,1.0812163002748458,0.07425159389866641,,1.3083206998974173,-0.5605236571728192,,-1.3754523509059764
ARM,2023,0.7262367434624644,,3.7960516073769135,1.0146867161850934,1.0423636502932532,0.08883150474413194,,1.3498115749487283,-0.5459437463273535,,-1.3339614758546652
AUS,1995,0.9174466485021029,0.9170034735337905,3.4219270842482836,,,0.0,0.0,0.0,-0.6509944304052336,-0.6507632760252412,-1.230203867308526
AUS,1996,0.9116681585115902,0.911129146083459,3.379911054463135,1.0030227474181563,1.012431105170554,0.0030181881026415144,0.003069032682445301,0.012354473407444238,-0.6479762423025921,-0.6476942433427961,-1.217849393901082
AUS,1997,0.9007113730118517,0.8983250070680505,3.283044696794649,1.00576457091556,1.0295050377361783,0.008766207457249925,0.009791353896159581,0.041432614262605034,-0.6422282229479837,-0.6409719221290817,-1.1887712530459214
AUS,1998,0.8889802953153044,0.8835427915093833,3.198822058253625,1.0062102700200954,1.026329266526005,0.01495727321856043,0.017608808988477557,0.06742123206652516,-0.6360371571866733,-0.6331544670367638,-1.162782635242001
AUS,1999,0.8837043556968134,0.8803691715042962,3.1557238491436523,1.0028008320958304,1.0136571547987852,0.017754190292684914,0.01929515063958639,0.08098596842461007,-0.6332402401125489,-0.631468125385655,-1.1492178988839161
AUS,2000,0.8847112693286974,0.8846082730141038,3.1700720556438844,0.9994657464789061,0.9954738547741567,0.017219794007328166,0.01704328944593685,0.07644954919064088,-0.6337746363979055,-0.6337199865793045,-1.1537543181178853
AUS,2001,0.875524826377144,0.8692179463088748,3.1092032649105357,1.0048980652361175,1.0195769737605431,0.022105902748484108,0.02524314316317256,0.09583735885457129,-0.6288885276567495,-0.6255201328620688,-1.134366508453955
AUS,2002,0.8729759966819141,0.8642027399135933,3.0672730259701146,1.0013608448264926,1.0136702010500545,0.023465822464848293,0.027929799628374618,0.1094149656070027,-0.6275286079403851,-0.6228334763968668,-1.1207889017015236
AUS,2003,0.8652555425851965,0.8540398656404771,3.0157603662553383,1.0041390865328927,1.017081151503672,0.02759636654293806,0.03339630660979923,0.12635187447883622,-0.6233980638622956,-0.6173669694154421,-1.1038519928296902
AUS,2004,0.8596484115652583,0.8529722885054489,2.988416314156472,1.0030151565129555,1.0091500143301098,0.03060698658798111,0.03397228376884276,0.13546028104300528,-0.6203874438172525,-0.6167909922563987,-1.0947435862655208
AUS,2005,0.8624541652253959,0.8543536974487413,2.9906164332206155,0.9984935180083758,0.9992643258962588,0.029099368711424618,0.03322705175392997,0.1347243361982777,-0.6218950616938091,-0.6175362242713113,-1.0954795311102485
AUS,2006,0.8512299430236843,0.8489391424833831,2.9590197914316403,1.0060631161698792,1.0106780772066712,0.035144178152407696,0.036151237908065036,0.14534580535870203,-0.615850252252826,-0.6146120381171764,-1.084858061949824
AUS,2007,0.8460104531847076,0.8443662738570821,2.94320394935402,1.0028274432736675,1.005373681997502,0.03796763172700479,0.038627540540840985,0.1507051006438299,-0.613026798678229,-0.6121357354844003,-1.0794987666646962
AUS,2008,0.8593850104790596,0.8551592623937903,2.969442649612446,0.9928069995084524,0.9911637625795364,0.030748636880811416,0.032792727913343624,0.14182959216742036,-0.6202457935244222,-0.6179705481118979,-1.0883742751411059
AUS,2009,0.859306217772037,0.857235484973329,2.9543848744214207,1.0000423774772917,1.0050967547665821,0.030791013460203336,0.031674192338710085,0.14691340244405723,-0.6202034169450301,-0.6190890836865311,-1.083290464864469
AUS,2010,0.8558116788280514,0.8546066477002415,2.9330115795092095,1.0018830245459998,1.007287149857004,0.032672267337942,0.03309065220885367,0.15417412931241056,-0.6183221630672917,-0.6176726238163877,-1.0760297379961157
AUS,2011,0.8457979426141398,0.845542966397549,2.9103654147777918,1.0054251529827416,1.0077812100901242,0.03808275718749414,0.03798975109739473,0.16192522192005165,-0.6129116732177395,-0.6127735249278464,-1.0682786453884747
AUS,2012,0.8462527242576838,0.8459916738503295,2.899214421048459,0.9997536731360941,1.0038462121491862,0.03783639998014327,0.037746650328355474,0.16576405630686472,-0.6131580304250904,-0.613016625696886,-1.0644398110016613
AUS,2013,0.8433267268214607,0.8414803809421317,2.8806048372003126,1.0015873460703673,1.0064603043110325,0.03942248754834662,0.04019347302526032,0.17220358229352187,-0.611571942856887,-0.6105698029999809,-1.0580002850150043
AUS,2014,0.8392136612347034,0.8346284284097725,2.8543704035861346,1.002236317440137,1.00919097030337,0.041656308152422855,0.04392130635266912,0.18135257265753213,-0.6093381222528108,-0.606841969672572,-1.048851294650994
AUS,2015,0.8287023042122023,0.81684633170004,2.8277333337166968,1.0057479869732158,1.0094199370046066,0.04738783848012485,0.05366106272479304,0.19072841872849375,-0.6036065919251088,-0.5971022133004483,-1.0394754485800324
AUS,2016,0.8289850468090608,0.8102481216882014,2.8320630377756397,0.9998454101101856,0.9984711837267777,0.04723323664006179,0.05729935633699718,0.18919843262321526,-0.6037611937651719,-0.5934639196882442,-1.0410054346853108
AUS,2017,0.8182795619093611,0.7939346051407945,2.80885023619737,1.0058877001776656,1.0082641649167081,0.05310367204443048,0.06635196503697624,0.19742863630822555,-0.5978907583608031,-0.5844113109882652,-1.0327752310003007
AUS,2018,0.8237138659006542,0.8064140374657256,2.8370781892464674,0.9970201992248332,0.9900503436401256,0.05011942282374834,0.05941959068019175,0.1874291513235398,-0.6008750075814852,-0.5913436853450494,-1.0427747159849865
AUS,2019,0.8538575326907272,0.8251390076824643,2.9097575325411085,0.9837400305802779,0.9750221994506978,0.03372580942304586,0.049107123298335546,0.1621341117474301,-0.6172686209821877,-0.601656152726906,-1.068069755561096
AUS,2020,0.842941210302845,,2.8742669928521263,1.0059233155821006,1.0123476836971799,0.03963165113959757,,0.174406184574742,-0.611362779265636,,-1.0557976827337843
AUS,2021,0.813372863523926,,2.8189852638152213,1.0163057181309416,1.0196105065700436,0.0558058587056439,,0.19382688264135917,-0.5951885716995899,,-1.036376984667167
AUS,2022,0.8017527542537132,,2.8155740230229673,1.0064493362048588,1.0012115613954244,0.06223448692922893,,0.19503771068854722,-0.5887599434760046,,-1.035166156619979
AUS,2023,0.7988856907146529,,2.7822325012490023,1.0015937997360587,1.0119837295261978,0.06382701791439915,,0.20695020388129315,-0.5871674124908345,,-1.0232536634272331
AUT,1995,0.8260350628279125,0.5581831425649857,2.92948677186105,,,0.0,0.0,0.0,-0.6021469839752296,-0.4435204903250935,-1.074827244498758
AUT,1996,0.8253177616256904,0.5499091638815035,2.9070070351291446,1.0003929733317138,1.0077329488577955,0.0003928961379168629,0.005324165058633961,0.00770320285988247,-0.6017540878373129,-0.4381963252664597,-1.0671240416388756
AUT,1997,0.8173107170319774,0.5328518709172473,2.892751753704749,1.0044059854589917,1.0049279311320576,0.004789203659796613,0.016390522033487606,0.012619031483253227,-0.5973577803154331,-0.427129968291606,-1.062208213015505
AUT,1998,0.8007853414515094,0.5007102617208856,2.847356367565298,1.0091767603834159,1.0159429942302118,0.01392411341823793,0.03758198647245441,0.028436271024298215,-0.5882228705569917,-0.40593850385263897,-1.0463909734744599
AUT,1999,0.7833689952281878,0.47563790382723514,2.804786820641988,1.0097659801588585,1.0151774625472487,0.023642714611150664,0.054430116853600996,0.043499708183354746,-0.5785042693640792,-0.38909037347149256,-1.0313275363154035
AUT,2000,0.7696001355849708,0.45668582680459807,2.7678660736664953,1.0077807745186826,1.0133390655446652,0.031393375010360526,0.06735661655944222,0.056750591704874384,-0.570753608964869,-0.37616387376565125,-1.0180766527938838
AUT,2001,0.7749650970548541,0.47002132731734575,2.775080646225789,0.9969774270610811,0.9974002295864426,0.02836622487225021,0.05824358126054751,0.054147436019656416,-0.5737807591029792,-0.3852769090645462,-1.0206798084791018
AUT,2002,0.7699495932909012,0.4675559224001216,2.7586621616795792,1.0028336986448454,1.0059516111738067,0.031195916161730626,0.05992211107371921,0.060081406315506736,-0.5709510678134989,-0.38359837925137447,-1.0147458381832515
AUT,2003,0.7786822365815042,0.4784774667303137,2.768804183993822,0.9950903859548369,0.9963370387935437,0.026274210368084288,0.0525076707596419,0.05641172003918105,-0.5758727736071455,-0.3910128195654516,-1.0184155244595772
AUT,2004,0.7676610251113766,0.45028316203619007,2.738024036172228,1.0062349123013747,1.01124173762354,0.0324897660200979,0.07176166879519086,0.06759073893756863,-0.5696572179551318,-0.3717588215299027,-1.0072365055611896
AUT,2005,0.7635663492366731,0.43825015300296066,2.724444821882525,1.0023218156076044,1.0049842133636313,0.03480889037876192,0.08009328718249448,0.07256257222934505,-0.5673380935964678,-0.363427203142599,-1.002264672269413
AUT,2006,0.7490029925500256,0.4230934421566263,2.6956647682792947,1.0083266619603743,1.0106764216166244,0.043101076933924336,0.09068750776776979,0.08318240329012115,-0.5590459070413052,-0.3528329825573237,-0.9916448412086369
AUT,2007,0.7298865167658315,0.38351274186643164,2.657286839206798,1.0110507108986169,1.0144425240460502,0.05409117486231966,0.11889476024450267,0.09752162750471,-0.5480558091129101,-0.3246257300805909,-0.977305616994048
AUT,2008,0.7324081193045486,0.3653813124932273,2.6806168633492105,0.9985444523662647,0.9912967703585721,0.05263456689008693,0.13208675088717606,0.08878030357021222,-0.5495124170851425,-0.31143373943791747,-0.9860469409285458
AUT,2009,0.7488293846611673,0.3415923422498403,2.79233950857627,0.990610138701552,0.959989591206972,0.04320034291941413,0.14966326673801567,0.04794746649843935,-0.5589466410558155,-0.29385722358707766,-1.0268797780003187
AUT,2010,0.7521782850392222,0.3501780581477195,2.7782350447702684,0.9980887216748152,1.0050767712517887,0.04128723577117974,0.14328401164788943,0.05301139439722645,-0.5608597482040498,-0.300236478677204,-1.0218158501015318
AUT,2011,0.7374412578564465,0.32381943783301836,2.7478944611202585,1.0084820290275354,1.0110413933574585,0.049733494517881734,0.1629994183694142,0.06399227658204726,-0.5524134894573479,-0.2805210719556793,-1.010834967916711
AUT,2012,0.7361859638097324,0.32416064529374616,2.769434518320078,1.0007230181978661,0.9922222182697118,0.05045625146400951,0.16274170686713324,0.056184090150742376,-0.5516907325112201,-0.2807787834579602,-1.018643154348016
AUT,2013,0.7444747322306564,0.3365093681623165,2.8032352061567307,0.9952485591979168,0.9879422576591443,0.04569348668269477,0.15345922427858702,0.04405306354374193,-0.5564534972925349,-0.29006126604650645,-1.0307741809550162
AUT,2014,0.7400844675725666,0.3432789509047398,2.8193145890218454,1.0025230181292373,0.9942967049765478,0.04821332734510726,0.1484068870515425,0.038333442629386816,-0.5539336566301224,-0.295113603273551,-1.0364938018693712
AUT,2015,0.7411152635549139,0.33186437634744254,2.8151126388012955,0.9994079679824052,1.0014926401745472,0.047621120007357305,0.1569407429498363,0.03982496992387062,-0.5545258639678722,-0.28657974737525715,-1.0350022745748875
AUT,2016,0.7354002088023278,0.31580431353748184,2.797377283687854,1.0032932200443438,1.0063399939710886,0.05090892927856086,0.16907236639844658,0.04614495067775949,-0.5512380546966688,-0.2744481239266471,-1.0286822938209987
AUT,2017,0.7355921944356453,0.2926105461650537,2.788248776660002,0.9998893832122933,1.0032739212886113,0.05079830637236604,0.1868566376342211,0.049413524354663174,-0.5513486776028635,-0.25666385269087244,-1.025413720144095
AUT,2018,0.7234718915295082,0.28197335142681673,2.775450526325414,1.0070324923578422,1.004611233460368,0.05780618608063472,0.1951199187612137,0.05401415864901402,-0.544340797894595,-0.2484005715638798,-1.020813085849744
AUT,2019,0.7218454091856916,0.2782872189950613,2.770553843859049,1.0009446157797557,1.0017674020222416,0.05875035599166562,0.19799941862252485,0.055780000654149314,-0.543396627983564,-0.24552107170256873,-1.0190472438446088
AUT,2020,0.7508279436585421,,2.941598037367551,0.9834463834222976,0.9418533085296825,0.04205819725934529,,-0.004125739306988544,-0.5600887867158844,,-1.0789529838057468
AUT,2021,0.7433778514830344,,2.8749289075539366,1.0042733663096444,1.0231898359776619,0.04632245866901375,,0.018799298362507925,-0.555824525306216,,-1.05602794613625
AUT,2022,0.7120756042822822,,2.8044535183750456,1.018283215485612,1.025129811821494,0.06444054585092668,,0.04361854861349865,-0.5377064381243031,,-1.0312086958852595
AUT,2023,0.7166418901163617,,2.8681420790866317,0.997339989277688,0.9777944889215991,0.061776991013775734,,0.02116278355793609,-0.5403699929614539,,-1.0536644609408221
BDI,1995,0.14275314033450023,0.13248267811988912,12.311191101270508,,,0.0,0.0,0.0,-0.13344038627625823,-0.12441228299970232,-2.5105086943514747
BDI,1996,0.20639614576726245,0.19558444526232974,13.292223657179235,0.9472453508277038,0.9261950008357807,-0.054197137168626654,-0.05422285835864364,-0.076670482449749,-0.18763752344488485,-0.17863514135834616,-2.587179176801224
BDI,1997,0.21388403777349096,0.2056889130099484,13.100307967657068,0.9938314601945315,1.0146497082355608,-0.06038478101898671,-0.06263883261929995,-0.06212704456075489,-0.19382516729524482,-0.1870511156190023,-2.5726357389122296
BDI,1998,0.18597138763711382,0.1768145157606742,12.835639466295493,1.0235356859594982,1.020619814233374,-0.03712178891307836,-0.038398942172102685,-0.0417169408026576,-0.17056217518933664,-0.16281122517180502,-2.5522256351541324
BDI,1999,0.20779120291404046,0.20138120367893236,13.408742736519756,0.9819341164066421,0.95725898531386,-0.05535285302706579,-0.059059614963848255,-0.08539824288083599,-0.188793239303324,-0.18347189796355054,-2.5959069372323107
BDI,2000,0.23886837904149424,0.23437731320460636,13.856118358637367,0.9749148685581126,0.967712774202832,-0.08075797912284267,-0.08615436009443309,-0.11821819948158489,-0.21419836539910084,-0.21056664309413559,-2.62872689383306
BDI,2001,0.12384297741668059,0.11615343153213752,13.993447130238245,1.1023500648544484,0.9901862085644267,0.016686344370909562,0.014523945038830597,-0.12808046356267397,-0.11675404190534869,-0.1098883379608717,-2.638589157914149
BDI,2002,0.11058380055203484,0.10381151200168942,13.84127651010826,1.0119389251473458,1.0109939729922204,0.0285545627700948,0.025643081603673488,-0.11714648497413636,-0.10488582350616339,-0.09876920139602889,-2.627655179325611
BDI,2003,0.05277815529739803,0.04389379277558864,14.534674543804515,1.0549077172277643,0.952293528719443,0.0820078540502174,0.08145452977207569,-0.1660284482015579,-0.051432532226040904,-0.042957753227626655,-2.6765371425530327
BDI,2004,0.09662921642436888,0.08845958305713723,14.601393320723496,0.960012864448432,0.9954306568247643,0.041199259907293465,0.039648812858214845,-0.17060826273565077,-0.09224112636896464,-0.08476347014148732,-2.6811169570871254
BDI,2005,0.032765331952912084,0.022315394495006132,15.049289683853038,1.0618377500634084,0.9702380396325212,0.10120039333726495,0.10234223364595031,-0.20082209864341552,-0.03223999293899347,-0.022070049353752053,-2.7113307929948904
BDI,2006,0.04959468440335874,0.039621761593051356,14.78188718546445,0.9839658558674833,1.0180898754694552,0.08503631148368258,0.08555532677386292,-0.18289389809632065,-0.04840407479257563,-0.038856956225839276,-2.6934025924477956
BDI,2007,0.03582136673352454,0.02554948620607728,15.098528482556368,1.0132970009233044,0.979028333956005,0.09824568323891836,0.09918372994759012,-0.2040885932343661,-0.03519470303733978,-0.02522855305211227,-2.714597287585841
BDI,2008,0.031937525384980764,0.022317454733740496,15.287132823204699,1.0037636400004883,0.9876625432100621,0.10200225846700499,0.10234021838073017,-0.21650278826738797,-0.03143812780925327,-0.022072064618972057,-2.7270114826188627
BDI,2009,0.04597668661708775,0.03766640779221666,15.704525028457592,0.9865779405872683,0.9734221694386458,0.0884893090108905,0.08743792968583752,-0.24344019484894625,-0.044951077265367914,-0.03697435331386483,-2.753948889200421
BDI,2010,0.18644920990745809,0.18421745609370682,15.812521338697099,0.8816025817899721,0.9931702030355392,-0.03752460304923936,-0.04466989883957341,-0.250293421618174,-0.1709649893254976,-0.16908218183927573,-2.760802115969649
BDI,2011,0.25897131662238354,0.25573719567782804,15.85810842398256,0.942395743447523,0.9971253138100302,-0.09685458585953147,-0.10331052404273833,-0.2531722476542315,-0.23029497213578967,-0.2277228070424408,-2.7636809420057062
BDI,2012,0.2238252148496522,0.22363778214888985,15.830825412679165,1.0287182363512988,1.0017234105355963,-0.06854098929177699,-0.0774159276777023,-0.2514503204865156,-0.2019813755680352,-0.20182821067740467,-2.7619590148379904
BDI,2013,0.24825028595890747,0.2415971059282467,15.72842512085634,0.9804325531634132,1.0065105241647518,-0.0883024132101461,-0.09198625652320523,-0.24496089824401684,-0.22174279948640432,-0.2163985395229076,-2.7554695925954915
BDI,2014,0.1482604898192783,0.1462624941495704,15.690425029367823,1.0870793665950886,1.0024218650175118,-0.004807793389583697,-0.012094361550865858,-0.24254196121507732,-0.13824817966584182,-0.1365066445505682,-2.753050655566552
BDI,2015,0.16823079793202803,0.16681142594718756,16.160859683610642,0.9829055113526364,0.970890493237813,-0.02205007957847916,-0.029862468513649584,-0.2720835555697309,-0.15549046585473736,-0.15427475151335196,-2.7825922499212057
BDI,2016,0.2265790928191872,0.22382999725027466,15.955093306583137,0.9524300591549701,1.0128965950291626,-0.07078868296447255,-0.07757300030876853,-0.2592694134708851,-0.20422906924073078,-0.20198528330847088,-2.76977810782236
BDI,2017,0.27783701473064326,0.2660517119514353,15.851074504420124,0.9598869642054775,1.0065622555829896,-0.11172843003658159,-0.11149088661117,-0.2527285957510151,-0.2451688163128398,-0.2359031696108724,-2.76323729010249
BDI,2018,0.33907083141904665,0.2825009056152882,15.73144924342317,0.9542714132429333,1.007604211102608,-0.15853557777830823,-0.1243997211956143,-0.24515315092380366,-0.29197596405456655,-0.24881200419531654,-2.7556618452752786
BDI,2019,0.3448028721581527,0.276909679795559,15.804363829235117,0.9957376349665975,0.9953864270273842,-0.16280705258488445,-0.12003056311985046,-0.249777399271275,-0.2962474388611427,-0.24444284611955283,-2.76028609362275
BDI,2020,0.3726727137823229,,16.281195816193957,0.9796966594117135,0.9707127171528418,-0.18331933902961464,,-0.27950211660854074,-0.31675972530587293,,-2.7900108109600157
BDI,2021,0.37680803695090515,,16.54054633956579,0.9969964417278241,0.9843203169927071,-0.18632741703539546,,-0.2953060261112291,-0.3197678033116538,,-2.805814720462704
BDI,2022,0.3380303438271274,,17.063917312845675,1.0289811761763659,0.9693287910574968,-0.1577582536682363,,-0.3264574410982437,-0.2911986399444944,,-2.8369661354497184
BDI,2023,0.3296833476241275,,17.109003859791724,1.0062774315538465,0.9973647473975964,-0.15150044311765473,,-0.3290961720910887,-0.2849408293939129,,-2.8396048664425635
BEL,1995,0.8388471240579585,0.7728575363524813,2.722124254572507,,,0.0,0.0,0.0,-0.6091388122362803,-0.5725926721166468,-1.0014125514506522
BEL,1996,0.8429267099960198,0.7723401482270468,2.7215584836177005,0.9977863547606459,1.0002078849152836,-0.0022160989737774004,0.00029188111645106544,0.00020786331020875568,-0.6113549112100578,-0.5723007910001956,-1.0012046881404433
BEL,1997,0.8210181790281852,0.7405431258720213,2.666399520357041,1.0120309238096272,1.0206866836119421,0.009743028548774678,0.018395466290412006,0.020683483323373657,-0.5993957836875057,-0.5541972058262348,-0.9807290681272788
BEL,1998,0.8285131651399658,0.7477973791120079,2.679367080713424,0.9959010488660021,0.9951602150934353,0.005635653687733577,0.014236317441875663,0.015831948731876662,-0.6035031585485467,-0.5583563546747712,-0.9855806027187756
BEL,1999,0.8122540421470856,0.725237385823524,2.644579881836427,1.008971768093626,1.013154149404192,0.014567414582152192,0.027228016131236026,0.028900333600430362,-0.5945713976541281,-0.5453646559854105,-0.9725122178502218
BEL,2000,0.7997659819641448,0.7107528220891722,2.6182916991468,1.0069387133150012,1.0100402039613054,0.021482165806116085,0.03565915164651013,0.038890469563647244,-0.5876566464301642,-0.5369335204701366,-0.962522081887005
BEL,2001,0.8066590725194056,0.7236594192113436,2.647246691047872,0.9961846201864482,0.9890622237817926,0.017659488864212473,0.028143072052876524,0.02789243608131375,-0.5914793233720678,-0.5444496000637703,-0.9735201153693386
BEL,2002,0.8016304937397724,0.716039642669751,2.634762898749216,1.0027911265917768,1.0047381084288767,0.020446727495010877,0.0325735695288191,0.03261935500525331,-0.5886920847412692,-0.5400191025878275,-0.968793196445399
BEL,2003,0.7995762937154088,0.713515713648519,2.632321762713884,1.0011414909340257,1.0009273699248737,0.021587567423624516,0.034045439328054455,0.03354629518830425,-0.5875512448126557,-0.5385472327885921,-0.9678662562623479
BEL,2004,0.7870984304560258,0.6900677658869488,2.5882270551789204,1.0069821913817019,1.0170366457790991,0.02854549617914496,0.047824045827616415,0.05043944481999992,-0.5805933160571354,-0.5247686262890303,-0.9509731066306524
BEL,2005,0.7790838376010527,0.6848100748314769,2.585596253874995,1.0045048989179624,1.0010174834141186,0.03304027841169471,0.05093982989870581,0.05145641094872604,-0.5760985338245855,-0.5216528422179408,-0.9499561405019262
BEL,2006,0.7676538008151643,0.6696847924802306,2.5625364415795606,1.0064662191095437,1.0089988231664797,0.039485681213468855,0.05995781052076914,0.060414985983025846,-0.5696531310228115,-0.5126348615958777,-0.9409975654676264
BEL,2007,0.7493835936461529,0.6452886406437607,2.5237224367251607,1.0104437970239173,1.0153796646927489,0.04987531855138879,0.07467683785463425,0.07567758242054433,-0.5592634936848915,-0.4979158342620125,-0.9257349690301079
BEL,2008,0.7550870556256712,0.6268308715897477,2.5669330071685956,0.9967503253122194,0.9831664596143482,0.046620352203594305,0.08595880036493467,0.05870074761603117,-0.5625184600326861,-0.48663387175171197,-0.942711803834621
BEL,2009,0.7512791799049613,0.5941079836023216,2.6358523848405353,1.0021743396280862,0.9738530966042284,0.048792331376273326,0.10627835025246438,0.0322059360595643,-0.5603464808600069,-0.46631432186418237,-0.9692066153910878
BEL,2010,0.7486252379250987,0.5594860632415778,2.600529674540319,1.001517730570452,1.0135828906880138,0.05030891135772523,0.1282363517746813,0.045697406194470644,-0.5588299008785551,-0.44435632034196537,-0.9557151452561817
BEL,2011,0.7273478731263261,0.5269595945584811,2.586654772251896,1.012317938459184,1.0053640332823939,0.06255160132035824,0.14931410689921223,0.0510471042904327,-0.5465872109159221,-0.42327856521743457,-0.9503654471602194
BEL,2012,0.7239317553437338,0.5156597530994795,2.605365198826121,1.001981585275637,0.9928185013822036,0.06453122584572825,0.15674184735575236,0.043839694583276065,-0.5446075863905521,-0.41585082476089424,-0.9575728568673761
BEL,2013,0.7222116544745106,0.509224534696543,2.6071398612224064,1.0009987743752367,0.999319306791829,0.06552950177769926,0.16099670638451105,0.043158769598298015,-0.5436093104585811,-0.4115959657321357,-0.9582537818523541
BEL,2014,0.7032064225100167,0.49057377729006263,2.576378876873617,1.01115850181946,1.0119396198381032,0.07662620679725736,0.17343154085607135,0.05502767449199543,-0.532512605439023,-0.39916113126057534,-0.9463848769586569
BEL,2015,0.7057886462732416,0.49648116807225634,2.5653894865290243,0.9984861994662314,1.0042837122403043,0.07511125930980854,0.16947620786632747,0.05930223775543806,-0.5340275529264717,-0.4031164642503192,-0.9421103136952143
BEL,2016,0.7024795157047143,0.49211476026672035,2.572061102257554,1.001943712413572,0.9974061208255611,0.07705308515863774,0.1723982562241963,0.05670498864768541,-0.5320857270776426,-0.4001944158924505,-0.9447075628029667
BEL,2017,0.7001718058253062,0.4843711466865935,2.577675292610382,1.0013573392238957,0.9978219947373036,0.07840950403037504,0.1776014597955475,0.054524608081951836,-0.5307293082059054,-0.3949912123210994,-0.9468879433687003
BEL,2018,0.6975334461107778,0.4783168898438534,2.5725246915255267,1.0015542313587829,1.0020021580752259,0.07996252882162785,0.1816884680768308,0.05652476450999591,-0.5291762834146524,-0.39090420403981574,-0.9448877869406563
BEL,2019,0.6889195466638598,0.46428745286200324,2.555987401957164,1.0051002426160165,1.006470019983549,0.08504980925510902,0.1912239282678554,0.06297394375926163,-0.5240890029811713,-0.3813687438487915,-0.9384386076913905
BEL,2020,0.7109516455592944,,2.6871258728010345,0.9871228979774982,0.9511974961161112,0.07208907864942046,,0.012940377808044454,-0.53704973358686,,-0.9884721736426078
BEL,2021,0.6820790235284739,,2.5732506500224197,1.0171648428087847,1.0442534514768793,0.08910826990538438,,0.0562426074185863,-0.520030542330896,,-0.945169944032066
BEL,2022,0.6497456462829789,,2.5154391583727884,1.0195990074702392,1.0229826634674117,0.10851768997459593,,0.07896514748730456,-0.5006211222616844,,-0.9224474039633478
BEL,2023,0.6319991124681621,,2.501803559911253,1.0108741075158905,1.0054503074022403,0.11933309952529587,,0.08440065571317629,-0.4898057127109844,,-0.917011895737476
BEN,1995,0.6200416132456792,0.43913706401729924,8.708829371531348,,,0.0,0.0,0.0,-0.4824518361030734,-0.36404367286011247,-2.1643373813188047
BEN,1996,0.6173974457030073,0.47296139712555524,7.971668299124833,1.0016348285634409,1.0924726223853851,0.0016334936858908942,-0.023231257301789134,0.08844358807213296,-0.4808183424171823,-0.3872749301619013,-2.0758937932466717
BEN,1997,0.5571433765391768,0.435944869527039,7.251430987290799,1.0386952608678517,1.0993234732698076,0.039598862366074884,0.0022205946653222845,0.18313855437125695,-0.44285297373699856,-0.3618230781947899,-1.9811988269475478
BEN,1998,0.464254355177202,0.33306188404431764,6.716491202602439,1.0634377634142211,1.0796457210397428,0.10110569577983954,0.07656520810173281,0.25977150561747064,-0.3813461403232336,-0.28747846475837946,-1.904565875701334
BEN,1999,0.4645546856751757,0.25778011884894036,6.149125859014265,0.9997949339134202,1.0922676420350788,0.10090060866433492,0.1346953161473677,0.34802744634841065,-0.3815512274387384,-0.22934835671274462,-1.816309934970394
BEN,2000,0.4401813630029152,0.21481156672593452,6.0525804334618325,1.0169237870301555,1.0159511181410625,0.11768278391596018,0.16945469720961806,0.36385268228139483,-0.3647690521871132,-0.1945889756504943,-1.80048469903741
BEN,2001,0.46039773459593564,0.22181823575479903,5.990630837686628,0.9861569412810587,1.0103410805061603,0.10374301652655901,0.16370356641892753,0.3741406595970259,-0.3787088195765144,-0.20034010644118475,-1.7901967217217787
BEN,2002,0.5084257542087137,0.22741624191169435,5.957966086711356,0.9681601699793487,1.0054825338882218,0.07138527598789893,0.1591323291968239,0.37960821910310233,-0.4110665601151745,-0.20491134366328853,-1.7847291622157024
BEN,2003,0.5358726022481859,0.21000276128181017,5.996427195049555,0.9821294761041404,0.9935859959460609,0.05335314606207879,0.17342103120298363,0.3731735569436695,-0.42909869004099455,-0.19062264165712864,-1.7911638243751353
BEN,2004,0.5432914573998195,0.2139518133172193,5.973326757493285,0.9951928359895589,1.0038672650089484,0.04853439047540078,0.17016267350050812,0.3770333633068153,-0.43391744562767254,-0.19388099935960412,-1.7873040180119892
BEN,2005,0.5296318175383647,0.2417467757290246,6.1098996039420275,1.008930018129093,0.9776472846852301,0.05742477178948077,0.14752459441219748,0.3544270397036816,-0.4250270643135926,-0.21651907844791482,-1.809910341615123
BEN,2006,0.5983246350961968,0.2860598486157566,6.113005468703608,0.9570219866168189,0.9994919250804728,0.013495858517619655,0.11246050954611149,0.3539188356703577,-0.4689559775854536,-0.2515831633140007,-1.810418545648447
BEN,2007,0.6137330305134028,0.3435404271409594,6.0035059097735575,0.990451707236665,1.018239268949796,0.0039016885406678,0.06873543332691423,0.3719937644426204,-0.47855014756240555,-0.29530823953319807,-1.7923436168761844
BEN,2008,0.5981843439280932,0.3147604172905708,5.964175252472549,1.0097289694048017,1.0065944838365881,0.013583636258345171,0.09038921600386578,0.37856659979228563,-0.4688681998447281,-0.2736544568562466,-1.785770781526519
BEN,2009,0.6197839278331058,0.3551858325826904,6.079817788622267,0.9866651449407157,0.9809792759963742,0.00015907363519997682,0.06010508211459221,0.3593626547664086,-0.4822927624678733,-0.30393859074552004,-1.804974726552396
BEN,2010,0.6483927304259002,0.38054501074601343,6.214781182692334,0.9826444256488547,0.9782834841480937,-0.01734887429080252,0.041565316334228414,0.33740686490959915,-0.4998007103938759,-0.32247835652588386,-1.8269305164092056
BEN,2011,0.6338387548416209,0.3224670537580382,6.30582798310414,1.0089078408387306,0.9855614836535729,-0.008480474217945205,0.08454470051232708,0.3228630988578553,-0.4909323103210185,-0.2794989723477854,-1.8414742824609494
BEN,2012,0.6163306988671782,0.30128515475736783,6.2875165542589855,1.0108319763936386,1.0029123468204233,0.0022932565520524502,0.1006913161340095,0.32577121301228035,-0.4801585795510209,-0.2633523567261028,-1.8385661683065244
BEN,2013,0.6077302033297282,0.3268120466133247,6.166733133332521,1.0053494644310579,1.0195862895823404,0.007628463422533732,0.08126456536127494,0.345168159582475,-0.47482337268053953,-0.2827791074988374,-1.8191692217363298
BEN,2014,0.60714635962156,0.42319408188813445,6.072703392052491,1.000363279737824,1.0154840003223422,0.007991677190250356,0.011139973812834636,0.36053350602875334,-0.47446015891282295,-0.35290369904727764,-1.8038038752900512
BEN,2015,0.6428146602216034,0.46419363692219545,6.215667141447878,0.9782882990615436,0.9769994521678834,-0.013959190880922404,-0.017260999589914026,0.33726431836036097,-0.4964110269839957,-0.3813046724500263,-1.8270730629584437
BEN,2016,0.6423053782575145,0.5077565068122168,6.250249642571858,1.0003101018670653,0.9944670208229074,-0.013649137085503369,-0.04657911605719467,0.33171597555669,-0.4961009731885767,-0.410622788917307,-1.8326214057621146
BEN,2017,0.6454905586050372,0.474064056976453,6.174100088413903,0.9980642974030656,1.0123337090535436,-0.015586715575881772,-0.023979577884374253,0.34397424409490573,-0.49803855167895505,-0.3880232507444866,-1.8203631372238989
BEN,2018,0.6387148896741842,0.47208022946170874,6.059750819149148,1.0041347454481238,1.018870292306972,-0.0114604946978455,-0.022632849671698794,0.3626687010352749,-0.49391233080091873,-0.38667652253181123,-1.80166868028353
BEN,2019,0.6102924587892932,0.4605363929213249,6.028715494463304,1.0176504775450919,1.0051479166191115,0.0060360221814023274,-0.014760087799932242,0.3678034124318289,-0.47641581392167104,-0.3788037606600446,-1.7965339688869757
BEN,2020,0.6258343655571436,,6.10300388789028,0.9904406579802338,0.987827569047698,-0.003569303632812896,,0.3555562907108887,-0.4860211397358863,,-1.808781090607916
BEN,2021,0.6246464667367364,,5.948962038507759,1.0007311737320876,1.0258939035726575,-0.002838397078011019,,0.3811206242885884,-0.48529023318108433,,-1.7832167570302162
BEN,2022,0.6235419117435299,,6.037791072929266,1.0006803366055517,0.9852878257381616,-0.0021582917964949543,,0.3662991526650732,-0.4846101278995682,,-1.7980382286537315
BEN,2023,0.6143680670438129,,6.051157945023935,1.0056826227469402,0.9977910224429588,0.00350824575841885,,0.36408773171818287,-0.4789435903446545,,-1.8002496496006217
BFA,1995,0.3053337418588798,0.3050324173238074,11.457815888278088,,,0.0,0.0,0.0,-0.2664587489665607,-0.26622788132728276,-2.4386721074577493
BFA,1996,0.2860655425719104,0.2854206911666527,10.499387581085939,1.0149822840665153,1.091284210606598,0.014871158219765849,0.015141830437333637,0.08735517760613933,-0.2515875907467949,-0.2510860508899492,-2.35131692985161
BFA,1997,0.2783977546768056,0.2774950722545618,10.048271183193744,1.0059979672735293,1.0448949266662617,0.020851209292418293,0.021326695573980647,0.13127150932283424,-0.24560753967414242,-0.24490118575330194,-2.3074005981349153
BFA,1998,0.2871618861099144,0.28514326303404386,9.533542271253529,0.9931911195260792,1.0539913599053603,0.014019042629731382,0.015357680452060872,0.18385576197516115,-0.2524397063368293,-0.25087020087522177,-2.2548163454825882
BFA,1999,0.33263460443454185,0.332018674523107,9.082328337931104,0.9658775795155624,1.0496804251656473,-0.02069913945067742,-0.02046771060487913,0.23234152283350817,-0.28715788841723805,-0.2866955919321618,-2.2063305846242414
BFA,2000,0.2883045092727905,0.2860784866600938,9.042884030258458,1.0344096406111118,1.004361916789009,0.013131728984410633,0.01463022575671723,0.23669395403703336,-0.2533270199821501,-0.2515976555705655,-2.201978153420716
BFA,2001,0.29942711685731793,0.297566254232165,8.616892820486823,0.9914403759624258,1.049436753902617,0.0045352609672706665,0.005737483581011745,0.2849475494245294,-0.26192348799929,-0.26049039774627114,-2.15372455803322
BFA,2002,0.2816081604210161,0.27999133682464994,8.36791237834589,1.0139035915864083,1.029754188486155,0.018343084285167805,0.019374571524403084,0.3142676712289749,-0.24811566468139282,-0.24685330980287984,-2.124404436228774
BFA,2003,0.2728547624969874,0.2712621301721152,7.831407281187521,1.0068769809266038,1.068506856800457,0.025196526633058148,0.0262176710672063,0.38052988420628014,-0.24126222233350247,-0.2400102102600765,-2.0581422232514694
BFA,2004,0.23075988966007738,0.2277792683492204,7.620886502737873,1.0342023437638486,1.0276241849782195,0.05882697386830503,0.061020816660388166,0.4077794055840661,-0.2076317750982558,-0.2052070646668945,-2.0308927018736833
BFA,2005,0.188876739971037,0.18516420699681838,7.150655132843076,1.0352291774924125,1.0657605997155446,0.09344980360308137,0.09634654503497261,0.471468127978268,-0.17300894536347947,-0.16988133629231,-1.9672039794794813
BFA,2006,0.19054386559734077,0.1857598904584549,6.844496239822603,0.9985996940772379,1.0447306685975195,0.09204851633575192,0.09584405448724916,0.5152272467765789,-0.17441023263080874,-0.17038382684003348,-1.9234448606811705
BFA,2007,0.28018686086247957,0.276602619149749,6.890938319093432,0.9299766323138599,0.9932604128610254,0.019452696641002926,0.022025535829102865,0.5084648460596949,-0.24700605232555767,-0.24420234549817973,-1.9302072613980543
BFA,2008,0.30022715243808723,0.29852962623085066,6.864731438093416,0.9845870842352203,1.0038176119832731,0.0039197671183576165,0.004995313732697952,0.5122751894555649,-0.262538981848203,-0.26123256759458496,-1.9263969180021845
BFA,2009,0.3019171118771004,0.30080461949049847,6.877215349885401,0.9987019454436875,0.9981847432199149,0.002620869359468578,0.0032448702533458902,0.5104582831003204,-0.263837879607092,-0.26298301107393673,-1.9282138243574292
BFA,2010,0.29420643686051806,0.2932531345587848,6.5294192600748175,1.0059578401072453,1.0532660066626809,0.008561031716730682,0.00906702764463458,0.5623541022629036,-0.2578977172498301,-0.2571608536826481,-1.8763180051948456
BFA,2011,0.2976580311155008,0.2967162338176121,6.171489241885827,0.9973401357120135,1.0579973494500685,0.0058976237044503,0.006392786501095492,0.6187319304501913,-0.26056112526211034,-0.25983509482618705,-1.819940177007558
BFA,2012,0.34459429797472346,0.3376149052820635,5.893238372864335,0.9650926179518092,1.047215274763483,-0.029633581392079056,-0.024660225261909263,0.6648664522479338,-0.2960923303586398,-0.29088810658919206,-1.7738056552098156
BFA,2013,0.3541973261412508,0.3168338708807233,5.769235629911675,0.9929086935994099,1.021493790669555,-0.03675015060765528,-0.009002391397343193,0.6861325088653069,-0.303208899574216,-0.27523027272462597,-1.7525395985924423
BFA,2014,0.35263690730474495,0.3296552472975359,5.9323924146868166,1.0011536124942908,0.972497304060464,-0.03559720301294936,-0.01869181474675423,0.6582445331975986,-0.30205595197951,-0.28491969607403683,-1.7804275742601507
BFA,2015,0.4354995280882885,0.3505193805401577,5.963042735847004,0.9422761072628879,0.9948599527929034,-0.09505414286857616,-0.03426136346090118,0.653091230505802,-0.3615128918351369,-0.300489244788184,-1.7855808769519472
BFA,2016,0.43946652687718274,0.34095694771651514,5.90968285914673,0.997244118765651,1.0090292284665812,-0.0978138285349302,-0.027155617845794826,0.6620799392144868,-0.36427257750149084,-0.2933834991730776,-1.7765921682432626
BFA,2017,0.4698942137508849,0.3349093294440995,5.8583038145890605,0.9792994035971769,1.0087702936180467,-0.11873168579981985,-0.022635490198995852,0.6708119972032941,-0.38519043476638054,-0.2888633715262786,-1.7678601102544553
BFA,2018,0.4891124454731782,0.3184419783206433,5.784521222352427,0.9870941702349506,1.0127551770320289,-0.13172151932738282,-0.010222838691323937,0.683486512146758,-0.39818026829394354,-0.27645072001860665,-1.7551855953109912
BFA,2019,0.5003740378118912,0.30994923863296997,5.9198617438784735,0.992494143423638,0.9771378914945105,-0.13925568659819096,-0.003760505999872753,0.6603590129091279,-0.4057144355647515,-0.26998838732715563,-1.7783130945486214
BFA,2020,0.4918430007939431,,5.9210964937648995,1.0057184549670495,0.9997914660084113,-0.1335535199283185,,0.6601504571713032,-0.400012268894879,,-1.7785216502864463
BFA,2021,0.5113413860146737,,5.638111741684885,0.9870986228517525,1.050191405393368,-0.14653884263321254,,0.7091228955786036,-0.41299759159977323,,-1.7295492118791458
BFA,2022,0.5239621255133803,,5.693126799331977,0.9917184690567983,0.9903365831139495,-0.15485485596373613,,0.6994124848873806,-0.4213136049302968,,-1.7392596225703687
BFA,2023,0.512975254513366,,5.882429563001305,1.0072617651658475,0.9678189493572544,-0.14761933046028242,,0.666702239900486,-0.41407807942684316,,-1.7719698675572633
BGD,1995,0.4905795580504325,0.4451642721545541,8.27470405759315,,,0.0,0.0,0.0,-0.3991650094645586,-0.36822299825489624,-2.113203157190748
BGD,1996,0.4852174745168747,0.40667235760972253,8.109534310517004,1.0036103019426847,1.020367352890035,0.0036038004461708692,0.026996113189153716,0.02016271234996569,-0.3955612090183876,-0.3412268850657425,-2.093040444840782
BGD,1997,0.4910483201941707,0.4167016977898845,7.892245440870693,0.9960894321140871,1.0275319452840455,-0.0003144337031596981,0.019891576440725388,0.04732246955569909,-0.39947944316771833,-0.34833142181417065,-2.0658806876350484
BGD,1998,0.480021715687343,0.3780584812837019,7.701617369478654,1.0074502991340952,1.024751693345283,0.007108249034460532,0.047547387315979316,0.07177280240385812,-0.392056760430098,-0.3206756109389169,-2.0414303547868897
BGD,1999,0.49358473148245563,0.39454316297075437,7.543963218826824,0.9909191520847628,1.0208980539908235,-0.0020140811003223785,0.035656118356817305,0.09245548742465516,-0.401179090564881,-0.33256687989807904,-2.020747669766093
BGD,2000,0.49470181257328627,0.3781220170350742,7.317087941290973,0.9992526395021176,1.0310062253393968,-0.002761721011285209,0.04750128311386181,0.12299073059779238,-0.4019267304758439,-0.3207217151410345,-1.9902124265929555
BGD,2001,0.527306250708918,0.3810763687429398,7.133162772448603,0.9786523245613,1.0257845186924333,-0.024340553774323575,0.04535982576008196,0.1484484345213114,-0.4235055632388823,-0.3228631724948142,-1.9647547226694364
BGD,2002,0.5307470657083107,0.37778441867587725,7.010503789173995,0.9977521988599727,1.0174964577387469,-0.026590885011481363,0.04774628298505571,0.16579359151202358,-0.42575589447604,-0.32047671526984073,-1.9474095656787243
BGD,2003,0.534115715343471,0.366040393304645,6.838920655215263,0.9978041750035743,1.025089212554014,-0.028789124366601387,0.056306667042292195,0.1905732369529892,-0.42795413383115993,-0.3119163312126039,-1.9226299202377586
BGD,2004,0.5390160501077121,0.359552357470275,6.587733214110981,0.9968159300457601,1.0381295709677856,-0.0319782742576937,0.06106750160724591,0.22799384142833062,-0.4311432837222523,-0.3071554966476503,-1.8852093157624172
BGD,2005,0.5449235408159311,0.38188093612364815,6.631620696427673,0.9961761921854728,0.9933820879803434,-0.03580941151554314,0.04477742993222563,0.22135393393246508,-0.4349744209801017,-0.3234455683226706,-1.8918492232582829
BGD,2006,0.5591949373051978,0.3785829846013248,6.504997230525337,0.9908469453383858,1.0194655679956546,-0.045004612759083844,0.04716684938208893,0.24063247097189827,-0.4441696222236425,-0.3210561488728073,-1.8725706862188494
BGD,2007,0.5401072264613713,0.36618456442145286,6.303662449107418,1.0123937544840194,1.0319393341638128,-0.0326870321094113,0.05620113318679193,0.2720723515783919,-0.43185204157396995,-0.31202186506810436,-1.8411308056123559
BGD,2008,0.5380794554257263,0.40207754458032785,6.110461940207414,1.0013183785977322,1.0316179874435885,-0.03136952180966266,0.030267901200334825,0.3032007829031457,-0.43053453127422125,-0.33795509705456145,-1.8100023742876021
BGD,2009,0.5505669069158425,0.3654739542874956,6.14624165824961,0.9919465252131852,0.9941786021390532,-0.03945560099500502,0.056721410626391154,0.2973623746574007,-0.43862061045956363,-0.311501587628505,-1.815840782533347
BGD,2010,0.562709839945291,0.3679831498466209,6.098500679807444,0.9922295664114629,1.0078283140313884,-0.04725638171173643,0.054885496493978114,0.30516020641834396,-0.4464213911762951,-0.3133375017609182,-1.8080429507724038
BGD,2011,0.5533242609113688,0.42309977133271576,5.9589208785912415,1.006042253552658,1.0234236708390732,-0.041232309372831295,0.015385568229944822,0.32831375314599914,-0.4403973188373897,-0.35283743002495127,-1.7848894040447487
BGD,2012,0.5556191912387308,0.45976209972793813,5.804635367747361,0.998524747997269,1.0265797076076728,-0.04270865063121433,-0.010050478796483043,0.3545463574939558,-0.4418736600957729,-0.3782734770513792,-1.7586567996967921
BGD,2013,0.5631321057224769,0.46631040821077113,5.706398418606887,0.9951936791162805,1.0172152278782622,-0.047526559018903285,-0.01452632100272207,0.37161508233532387,-0.4466915684834617,-0.38274931925761824,-1.741588074855424
BGD,2014,0.5525747040729441,0.465073062166824,4.967110968730359,1.0067999315085046,1.1488365076863778,-0.0407496427687807,-0.013682114756806212,0.5103647801171167,-0.43991465223333914,-0.38190511301170244,-1.602838377073631
BGD,2015,0.5761497891161671,0.4849783680362625,5.291061820983382,0.9850426113012757,0.9387739430735257,-0.05582002131018376,-0.02717720691471944,0.44718420915946916,-0.4549850307747423,-0.39540020516961566,-1.6660189480312786
BGD,2016,0.5721437909498075,0.42996842573077965,5.0529861461554475,1.0025481118135762,1.0471158376337673,-0.05327515042917664,0.01057063413539069,0.493223772591553,-0.45244015989373515,-0.35765236411950546,-1.6199793845991948
BGD,2017,0.5858047274589674,0.4640096017233601,5.13609067819883,0.9913854863258924,0.9838194967242038,-0.0619269835064476,-0.012955975816924092,0.47691093554639785,-0.4610919929710062,-0.38117897407182033,-1.6362922216443498
BGD,2018,0.5823883634650214,0.4904635945293145,5.090868710292451,1.002158992111434,1.0088829570118263,-0.05977031866937295,-0.030864210577305838,0.4857546711922668,-0.4589353281339315,-0.399087208832202,-1.627448485998481
BGD,2019,0.5939386580794122,0.5082732684489218,5.024812972651771,0.9927536141018701,1.01314590970852,-0.06704308715131355,-0.04274246741315135,0.4988149233110482,-0.4662080966158721,-0.4109654656680477,-1.6143882338796995
BGD,2020,0.6104422570772696,,5.160018049308157,0.9897521324187002,0.9737975574185224,-0.07734382564718223,,0.47226307977545684,-0.4765088351117408,,-1.640940077415291
BGD,2021,0.6302960582166064,,5.005252284326316,0.9878219658084342,1.030920672164015,-0.08959661966896827,,0.5027153392351223,-0.48876162913352683,,-1.6104878179556255
BGD,2022,0.6362325839145898,,4.999058293564345,0.9963718326133193,1.0012390315131843,-0.09323138481830108,,0.503953603782226,-0.4923963942828598,,-1.6092495534085218
BGD,2023,0.6310479811875802,,4.99882483382299,1.0031786941811696,1.0000467029250104,-0.09005773200499416,,0.5040003056166888,-0.48922274146955275,,-1.609202851574059
BGR,1995,0.6191633311447783,-0.0,2.522824628690431,,,0.0,0.0,0.0,-0.4819095535754149,0.0,-0.9253791582024017
BGR,1996,0.5999349735784926,0.04159424493608007,2.388620137049238,1.0120182119172496,1.0561849452575498,0.011946566669010025,-0.040752467241926695,0.05466330750377659,-0.4699629869064047,-0.0407524672419268,-0.8707158506986251
BGR,1997,0.6523709287453056,0.31695638199836046,2.8035349744909595,0.9682662323243432,0.8520029743816349,-0.020301629458383732,-0.27532330300111946,-0.10550195359688157,-0.5022111830337986,-0.2753233030011194,-1.0308811117992833
BGR,1998,0.6313225720004481,0.5320162750201164,2.7561286848344366,1.01290263318005,1.0172003179377564,-0.007481526106514198,-0.42658469464324894,-0.08844788646940765,-0.489391079681929,-0.4265846946432489,-1.0138270446718094
BGR,1999,0.6402669508885798,0.5945827530323832,3.032771600450893,0.9945469980460885,0.9087821464777212,-0.012949449946351376,-0.466612105169484,-0.18409776283858467,-0.4948590035217661,-0.466612105169484,-1.1094769210409863
BGR,2000,0.6259441846717285,0.5758972946170374,2.9435323381789114,1.008808891690057,1.0303170653552907,-0.00417913019087234,-0.4548248209219309,-0.15423117752508,-0.4860886837662871,-0.4548248209219309,-1.0796103357274816
BGR,2001,0.6398795302257818,0.5994824720061686,2.836521025674535,0.9915022138533952,1.037726253934229,-0.012713228383180241,-0.46968012192674047,-0.11719915209631133,-0.494622781958595,-0.4696801219267406,-1.042578310298713
BGR,2002,0.6124824317705966,0.5724549179748155,2.801030259895489,1.0169906337677748,1.0126706113415462,0.004134678972962022,-0.4526380401670688,-0.10460814126444432,-0.47777487460245266,-0.45263804016706877,-1.029987299466846
BGR,2003,0.6295168936993736,0.5910750312604015,2.8076918642008324,0.9895463115512079,0.9976273734342853,-0.006374033079255631,-0.4644099080553525,-0.10698358696862711,-0.4882835866546705,-0.46440990805535254,-1.0323627451710287
BGR,2004,0.6130448056884045,0.5754067577555584,2.7980523186168837,1.0102117981799887,1.0034450912585917,0.0037859769580014116,-0.4545134978269273,-0.10354441644251317,-0.47812357661741334,-0.4545134978269273,-1.0289235746449148
BGR,2005,0.6070482574890524,0.571689577235037,2.7430814890413697,1.0037314051842607,1.0200398091690395,0.007510437719546556,-0.45215120455499014,-0.08370276131083183,-0.47439911585586814,-0.45215120455499014,-1.0090819195132334
BGR,2006,0.606571813414198,0.5740505245040824,2.7720779324493683,1.000296559463372,0.9895398166593471,0.0078069532178527325,-0.4536522489108379,-0.09421803688928339,-0.47410260035756197,-0.45365224891083783,-1.019597195091685
BGR,2007,0.620148452327787,0.588357042169876,2.8126121589618127,0.9916201266037797,0.98558840528962,-0.0006082287098174322,-0.4627001751912111,-0.10873448727497888,-0.48251778228523207,-0.46270017519121115,-1.0341136454773805
BGR,2008,0.6139101632727493,0.5970287623739178,2.8656990473530812,1.003865326086297,0.9814750650664792,0.0032496461982532724,-0.4681448793236154,-0.12743315778793715,-0.47865990737716163,-0.46814487932361554,-1.0528123159903389
BGR,2009,0.6121112862962661,0.5990513829386478,3.021271740673893,1.001115851611346,0.9485075469291911,0.004364875709927743,-0.4694105677561854,-0.18029869072745972,-0.47754467786548704,-0.4694105677561855,-1.1056778489298615
BGR,2010,0.6254387771561243,0.6172923550409137,2.9577153003997143,0.9918006811162854,1.0214883563220534,-0.0038682424697957726,-0.4807533651435616,-0.15903795412476185,-0.48577779604521054,-0.4807533651435616,-1.0844171123271635
BGR,2011,0.6490331078240931,0.6364764098105952,2.904675170861072,0.9856920212480745,1.0182602619634464,-0.018279567316623183,-0.49254539982959444,-0.1409424085899295,-0.500189120892038,-0.4925453998295943,-1.0663215667923311
BGR,2012,0.6353134200630602,0.6311066934946041,2.932503990895329,1.0083896380918242,0.9905102192117529,-0.009924926630982631,-0.48925873749848775,-0.15047750426128903,-0.49183448020639725,-0.4892587374984878,-1.0758566624636907
BGR,2013,0.6242764106084325,0.6033902500358787,3.0139095475848374,1.006795031549152,0.972990046514587,-0.003152877257707173,-0.4721202938023627,-0.17785893079670564,-0.48506243083312184,-0.47212029380236264,-1.1032380889991071
BGR,2014,0.646854334346052,0.6154315561304369,3.0770123261024747,0.986290272754096,0.9794921918309094,-0.016957450688769075,-0.4796021383966316,-0.1985799440126367,-0.4988670042641839,-0.4796021383966317,-1.1239591022150384
BGR,2015,0.655009936704468,0.5833246052705056,3.067725817652401,0.9950721731770047,1.0030271637695378,-0.021897459286625207,-0.459526816902513,-0.19555735287759116,-0.5038070128620401,-0.4595268169025131,-1.1209365110799927
BGR,2016,0.6339730385777524,0.534883410347394,3.021679928766724,1.0128746910934505,1.0152385063842517,-0.009104942467852277,-0.4284544239834176,-0.18043378632834517,-0.49101449604326697,-0.4284544239834175,-1.1058129445307467
BGR,2017,0.6411725801477771,0.5368511240202305,3.0599651327601958,0.9956131721568391,0.9874883528627214,-0.013501420673603796,-0.4297355984599048,-0.1930243631741578,-0.4954109742490186,-0.42973559845990483,-1.1184035213765595
BGR,2018,0.6181434828861944,0.5071846283422204,3.040005945439019,1.0142318017562364,1.0065655093047174,0.0006300597075946171,-0.4102434259704244,-0.18648031295033568,-0.48127949386781993,-0.41024342597042435,-1.1118594711527372
BGR,2019,0.6013969420894686,0.48070482564383366,3.0232567595076554,1.01045745770869,1.005540113613801,0.011033216444090792,-0.3925182079559509,-0.18095548931979388,-0.470876337131324,-0.3925182079559509,-1.1063346475221956
BGR,2020,0.6048652318363026,,3.1250209172764736,0.9978388903454121,0.9674356874841311,0.008869768222158868,,-0.21406181849203315,-0.47303978535325597,,-1.139440976694435
BGR,2021,0.5914980113849865,,2.9224093678062846,1.0083991436719943,1.0693303107025967,0.01723383535865647,,-0.14702924380956112,-0.46467571821675824,,-1.0724084020119629
BGR,2022,0.5996386982110581,,2.889930417531078,0.9949109215504881,1.0112386616917075,0.012131763447502024,,-0.13585326665321823,-0.46977779012791293,,-1.06123242485562
BGR,2023,0.5341242749721433,,2.7978022242559186,1.042704769299152,1.032928772618894,0.05394984024023991,,-0.10345503085923362,-0.4279597133351748,,-1.028834189061635
BHR,1995,0.5140527385502739,0.26252459068046924,1.739402126591541,,,0.0,0.0,0.0,-0.4147899883255279,-0.23311335974439693,-0.5535414487734133
BHR,1996,0.5172080551149053,0.22425278911049995,1.7262887607579944,0.9979203138593985,1.0075962759716914,-0.0020818516907872664,0.030782669926976133,0.007567569550317209,-0.41687184001631516,-0.2023306898174209,-0.5459738792230964
BHR,1997,0.5340689103524067,0.14870360528673723,1.7296011498371255,0.9890090626804839,0.9980848827029033,-0.013133635613446399,0.09447935300019547,0.005650616071379402,-0.42792362393897415,-0.13863400674420145,-0.547890832702034
BHR,1998,0.5195130336581584,-0.0,1.685502873105485,1.0095793036136096,1.0261632759191865,-0.0035999226090774657,0.23311335974439687,0.0314774884815914,-0.41838991093460537,0.0,-0.5220639602918219
BHR,1999,0.5050009356209716,0.17937061977238786,1.7541305930052125,1.0096425840633771,0.9608765047634492,0.005996468449817822,0.06813243663508867,-0.008431896797924764,-0.40879351987571,-0.1649809231093082,-0.5619733455713382
BHR,2000,0.4789944392759438,0.05247703084475542,1.7111073185055616,1.0175839040732024,1.0251435278397538,0.023427564390313273,0.18196689683354234,0.016400733150294337,-0.39136242393521464,-0.05114646291085449,-0.537140715623119
BHR,2001,0.4931238158083307,0.1733968746871292,1.7691030456985137,0.9905370362572794,0.9672174397449794,0.01391954232404232,0.07321050570591207,-0.016931215526553616,-0.4008704460014856,-0.15990285403848484,-0.5704726642999671
BHR,2002,0.512658095077348,0.22537338943016844,1.8451565223262354,0.9870861238685807,0.9587821002134609,0.0009215571941217699,0.0298677544940388,-0.059022661069890535,-0.4138684311314061,-0.2032456052503581,-0.612564109843304
BHR,2003,0.5086386411700091,0.22961660153738664,1.8597679510450271,1.0026642920296818,0.9921434129937655,0.003582306289340046,0.026410945017669874,-0.06691027366615827,-0.411207682036188,-0.2067024147267271,-0.6204517224395717
BHR,2004,0.4930986950222286,0.23488958248741457,1.871088801522548,1.0104078492597899,0.993949592094021,0.013936366781035497,0.022131800554272562,-0.07297905945668065,-0.40085362154449244,-0.21098155919012432,-0.6265205082300941
BHR,2005,0.5201791727618775,0.3327798700666774,1.9358691244541657,0.9821859960819954,0.9665368272507145,-0.00403821640275575,-0.05415352908059678,-0.10701493679084123,-0.41882820472828364,-0.28726688882499385,-0.6605563855642547
BHR,2006,0.5184853451912964,0.41166862035109025,1.9684398119447526,1.001115471792958,0.983453551745426,-0.0029233662861927923,-0.11165906364646143,-0.12369980656758199,-0.4177133546117206,-0.34477242339085845,-0.6772412553409953
BHR,2007,0.5384674374288252,0.401658765117563,2.001188003092095,0.9870116898470572,0.983635624890444,-0.015996762088311706,-0.10454300774388485,-0.14019955698349204,-0.4307867504138396,-0.33765636748828187,-0.6937410057569054
BHR,2008,0.5853386394532032,0.41054318872313045,2.091050998856197,0.97043458043731,0.9570249621777485,-0.046008048835101796,-0.11086151068888592,-0.18412536107254932,-0.4607980371606297,-0.3439748704332827,-0.7376668098459627
BHR,2009,0.6314007966496978,0.481187512337368,2.2697456272858645,0.9717652723407456,0.9212710771279915,-0.07464904188142361,-0.15973077950326078,-0.2661263179765022,-0.48943903020695134,-0.3928441392476577,-0.8196677667499156
BHR,2010,0.6207079930309297,0.45088590182648336,2.1938715302996834,1.0065976126882494,1.034584567026045,-0.06807309818291588,-0.13906097690075578,-0.23212635635139542,-0.4828630865084437,-0.3721743366451527,-0.7856678051248088
BHR,2011,0.614026786724224,0.4431721548396813,2.145181096948958,1.0041394643271477,1.0226975864275407,-0.06394217786791921,-0.13373021635445204,-0.20968252752479935,-0.47873216619344705,-0.366843576098849,-0.7632239762982128
BHR,2012,0.6173966932861128,0.4626428427453798,2.1707962782412853,0.9979164625624144,0.9882000989456828,-0.06602788888931865,-0.1471316058633001,-0.22155259996810817,-0.4808178772148466,-0.38024496560769705,-0.7750940487415217
BHR,2013,0.6476615352313537,0.4836196388897086,2.2304370544661056,0.9816316389634043,0.9732604979345196,-0.08456704296138684,-0.1613714441224732,-0.2486561060451903,-0.4993570312869147,-0.3944848038668701,-0.8021975548186038
BHR,2014,0.6587881922244083,0.5054734225936447,2.263183067468961,0.9932922979285654,0.9855309924002407,-0.09129734277566748,-0.17599405549817668,-0.26323081052697245,-0.5060873311011952,-0.4091074152425736,-0.8167722593003859
BHR,2015,0.7064226331316515,0.5708063856549754,2.3935949943388204,0.9720852032888105,0.945516293617633,-0.11960916343453998,-0.21847574919376825,-0.3192549687535458,-0.534399151760068,-0.4515891089381651,-0.8727964175269591
BHR,2016,0.7483013685910207,0.6412742805048012,2.53895038812827,0.9760460431984218,0.9427498093428259,-0.14385468170809004,-0.2623595806910515,-0.37820931383237244,-0.558644670033618,-0.49547294043544843,-0.9317507626057857
BHR,2017,0.7541674416458557,0.6419465475360674,2.5329504840209274,0.9966559218261791,1.0023687411756341,-0.14720436380812654,-0.2627690974892638,-0.3758433737016886,-0.5619943521336545,-0.4958824572336606,-0.929384822475102
BHR,2018,0.787383178998821,0.6844299615983304,2.5937472495318845,0.9814165548029993,0.9765602583204939,-0.16596265071855165,-0.2883138451009322,-0.3995621958014535,-0.5807526390440795,-0.5214272048453291,-0.953103644574867
BHR,2019,0.7904828781408424,0.657142542210946,2.51879516841971,0.9982687915199502,1.0297571164388086,-0.16769535947177594,-0.27198139926747184,-0.37023923064999964,-0.5824853477973038,-0.5050947590118688,-0.9237806794234129
BHR,2020,0.8580718373776314,,2.5983190705702075,0.9636241409631503,0.9693940967253704,-0.20474931513873118,,-0.40132327585630984,-0.619539303464259,,-0.9548647246297232
BHR,2021,0.8310979434318123,,2.4291934335868084,1.014730994615867,1.0696221365680534,-0.1901257677067268,,-0.3340178331466502,-0.6049157560322546,,-0.8875592819200637
BHR,2022,0.8295643323472184,,2.493165711937476,1.0008382384032524,0.9743409441079816,-0.18928788042908054,,-0.3600118244524076,-0.6040778687546084,,-0.913553273225821
BHR,2023,0.841216655512162,,2.597405714506862,0.9936714003047609,0.9598676471730266,-0.19563659060371896,,-0.4009716960053612,-0.6104265789292469,,-0.9545131447787746
BLZ,1995,0.5247103807199366,0.4166450854930627,3.498445589174305,,,0.0,0.0,0.0,-0.4218044777413653,-0.3482914603825779,-1.2523187524672659
BLZ,1996,0.4928888293156608,0.39574297668091296,3.6385202755956394,1.0213154193262084,0.9615022932919061,0.02109142323220217,0.014864587118904116,-0.039258328837159955,-0.40071305450916306,-0.333426873263674,-1.291577081304426
BLZ,1997,0.550147018601623,0.44532441681314644,3.796253882160325,0.9630627362444537,0.958450195518819,-0.016545299402470067,-0.02004234588853183,-0.08169600754034538,-0.4383497771438355,-0.36833380627110984,-1.3340147600076113
BLZ,1998,0.5312690471141409,0.4290355552058524,3.8239256783251543,1.012328317824395,0.992763510985143,-0.004292356423855924,-0.008708319435363786,-0.0889588069485893,-0.42609683416522104,-0.3569997798179417,-1.3412775594158552
BLZ,1999,0.48863615202640354,0.43548971582445084,3.7683168622244025,1.0286388954276728,1.0147569374163314,0.023944111168632445,-0.013214595994112958,-0.07430969365826534,-0.39786036657273277,-0.361506056376691,-1.3266284461255313
BLZ,2000,0.4717450078897412,0.4055652587599929,3.5974353928371223,1.011476950182343,1.0475009140476916,0.03535570077621572,0.00785191910348922,-0.027902448245261974,-0.38644877696514973,-0.34043954127908865,-1.2802212007125278
BLZ,2001,0.5006242836357035,0.42553650264853105,3.6517233944348604,0.9807551589955655,0.9851335942693602,0.015923267125389075,-0.006256775568985937,-0.0428804665521926,-0.40588121061597626,-0.35454823595156404,-1.2951992190194586
BLZ,2002,0.4756429356435176,0.3002546554725605,3.536239271317609,1.016929127899963,1.0326573272498671,0.03271069434953229,0.08573132627375109,-0.010745057246638148,-0.38909378339183304,-0.26256013410882695,-1.263063809713904
BLZ,2003,0.42761952553376287,0.2662277285710999,3.4081457334933765,1.0336388016910876,1.0375845247946414,0.06579608802691636,0.11224927244921608,0.02615038223918591,-0.3560083897144489,-0.23604218793336193,-1.2261683702280801
BLZ,2004,0.3877727634140603,0.2591465069834621,3.4214983677240016,1.028712742583069,0.9960974307757722,0.0941043441790886,0.11785734435151934,0.022240178121409288,-0.3277001335622766,-0.2304341160310585,-1.2300785743458567
BLZ,2005,0.4114385791423915,0.245242745696589,3.523339474362063,0.9832328405372689,0.9710952897445396,0.07719502457653946,0.1289609730082235,-0.0070905017051561435,-0.34460945316482583,-0.2193304873743544,-1.259409254172422
BLZ,2006,0.4087508057270629,0.23402156059098944,3.5150851866757513,1.0019079126020032,1.002348246841243,0.0791011194250036,0.13801306293614277,-0.0047450076868305385,-0.34270335831636184,-0.21027839744643517,-1.2570637601540964
BLZ,2007,0.43531828618707236,0.26599480700906386,3.70065912300675,0.9814901818532625,0.9498538151819231,0.06041785090330055,0.11243323855758139,-0.05619219267080193,-0.36138662683806483,-0.23585822182499652,-1.3085109451380676
BLZ,2008,0.45068065678950436,0.31020915854575326,3.867614759863613,0.9894102326859239,0.9568324025987661,0.04977161297574748,0.07810467290227442,-0.100319223437642,-0.3720328647656179,-0.27018678748030345,-1.352637975904908
BLZ,2009,0.5130039479689017,0.34996770655658144,4.0266091172500635,0.9588082428581486,0.960514082008776,0.007707433573777813,0.048210789287552236,-0.1406058591955009,-0.4140970441675876,-0.3000806710950258,-1.392924611662767
BLZ,2010,0.505820040342496,0.4190567889065438,4.000159208267213,1.004770761069677,1.0066122140659266,0.01246685062827927,-0.001700957365600779,-0.13401540992734678,-0.40933762711308597,-0.34999241774817874,-1.3863341623946126
BLZ,2011,0.5212062213927772,0.2956518166563461,4.030680775797394,0.9898855389664434,0.99242768920986,0.002300890884980759,0.08927755853544199,-0.14161653622163914,-0.4195035868563845,-0.2590139018471362,-1.393935288688905
BLZ,2012,0.4528724036199801,0.3342072363334279,3.9030180822286398,1.04703359882295,1.032708711791532,0.048261912824821736,0.05995417537935838,-0.10943136862558892,-0.37354256491654364,-0.2883372850032196,-1.3617501210928549
BLZ,2013,0.42386615831361857,0.31804222049564246,3.7797729776301727,1.0203714690014933,1.0326064833332236,0.06842865911721481,0.07214399105536094,-0.07734519653263006,-0.35337581862415046,-0.27614746932721707,-1.329663948999896
BLZ,2014,0.4268869343891587,0.28837371170021064,3.720521945137942,0.9978829604485565,1.0159254624393925,0.066309375469754,0.0949107259498818,-0.0615452138083461,-0.35549510227161146,-0.25338073443269615,-1.313863966275612
BLZ,2015,0.493039906719517,0.28447267179394015,3.6913134999590484,0.9556924285595898,1.0079127511600459,0.02099023032551183,0.09794319840588055,-0.05366360429423306,-0.4008142474158536,-0.25034826197669746,-1.305982356761499
BLZ,2016,0.5197088112732493,0.31271111836165766,3.871705961504495,0.9824513062266259,0.9534074996037798,0.003285732766106891,0.07619690574917325,-0.10137647436941298,-0.4185187449752584,-0.2720945546334047,-1.353695226836679
BLZ,2017,0.5529801938560479,0.2491580612273807,4.0625421840878815,0.9785757843439163,0.9530254175991447,-0.018371312870611743,0.12582168702385896,-0.14949017891015748,-0.4401757906119771,-0.222469773358719,-1.4018089313774234
BLZ,2018,0.5696248925944924,0.2714235784511241,4.225697719064582,0.989395747470001,0.9613896814623982,-0.02903219115812772,0.10815425976842165,-0.1888656353146639,-0.4508366688994931,-0.24013720061415628,-1.44118438778193
BLZ,2019,0.5928221026809226,0.2491149387145254,4.250280150803095,0.9854364087192246,0.9942162796647962,-0.04370287255057308,0.12585620888184712,-0.19466614613259686,-0.46550735029193835,-0.222435251500731,-1.4469848985998628
BLZ,2020,0.6980632698841063,,4.894959922970808,0.9380228233719663,0.868297231782758,-0.10768387086944685,,-0.33588733614171346,-0.5294883486108122,,-1.5882060886089793
BLZ,2021,0.5930068551109182,,4.297983936662084,1.0659485013740717,1.1388967467319921,-0.0438188564484222,,-0.20582730834776344,-0.4656233341897875,,-1.4581460608150294
BLZ,2022,0.5655534641381241,,4.211658260309539,1.0175359012653764,1.0204968378289554,-0.026434934937372125,,-0.18553770373354717,-0.4482394126787374,,-1.4378564562008131
BLZ,2023,0.6090315164807866,,4.378582791994479,0.9729787441095276,0.9618770411307206,-0.05382797769717417,,-0.22440635609155424,-0.4756324554385396,,-1.47672510855882
BOL,1995,0.716762515243172,0.4312831079076286,5.913865799444244,,,0.0,0.0,0.0,-0.5404402585711047,-0.3585713202154036,-1.777299729161361
BOL,1996,0.72746566734579,0.3522350666916198,5.860320098831282,0.9938041303483254,1.0091369924696845,-0.006215143706307375,0.056812491811386104,0.00909550269035763,-0.5466554022774122,-0.30175882840401763,-1.7682042264710034
BOL,1997,0.7395251089757671,0.2564758993656589,5.75177533001924,0.9930673943320784,1.018871524457072,-0.013171891528292227,0.13026042316532924,0.027791168959690735,-0.5536121500993968,-0.22831089705007457,-1.7495085602016702
BOL,1998,0.7273375173798988,0.25051372094184987,5.668499795274748,1.0070557094217203,1.014690930184722,-0.0061409571555271734,0.1350168765755289,0.04237523280214632,-0.5465812157266318,-0.2235544436398748,-1.7349244963592148
BOL,1999,0.7349929664819514,0.28132937334050045,5.827458784722158,0.9955876195178038,0.9727224172114004,-0.010563100918608244,0.11067320830534678,0.014718709807346545,-0.5510033594897129,-0.24789811191005698,-1.7625810193540143
BOL,2000,0.6767283570999065,0.3702614593104326,5.882443891568574,1.0347489855081955,0.990652676360377,0.023595770305480566,0.04356975237219726,0.005327425782356974,-0.5168444882656242,-0.3150015678432065,-1.771972303379004
BOL,2001,0.6797309297420951,0.356248005013483,5.9016479504260415,0.9982124680869872,0.9967459836610414,0.021806638850859077,0.053849252867653526,0.002068103618945032,-0.5186336197202457,-0.30472206734775026,-1.7752316255424159
BOL,2002,0.7113627659181186,0.3572901281814826,5.896378454083254,0.9815165803498982,1.0008936835353808,0.0031502663105103116,0.05308116104945795,0.002961388056955147,-0.5372899922605945,-0.30549015916594574,-1.7743383411044058
BOL,2003,0.7130222208782169,0.37826747405902955,5.757736989305202,0.9990312706164154,1.0240791590577296,0.002181067405365701,0.03774406336877208,0.026755215453802942,-0.5382591911657392,-0.3208272568466319,-1.7505445137075581
BOL,2004,0.7007901825388139,0.44674552224325875,5.839857067655571,1.007191973745488,0.9859379985847261,0.009347302243028252,-0.010745246206349852,0.012593407337247889,-0.5310929563280766,-0.3693165664217536,-1.7647063218241132
BOL,2005,0.7081200106639512,0.4114897665127929,5.747457893028102,0.9957088330565905,1.0160765291972913,0.005046901818343348,0.013925601609773774,0.02854207766990901,-0.5353933567527615,-0.3446457186056301,-1.748757651491452
BOL,2006,0.6899535794334098,0.4450592562808118,5.690085220924313,1.010749662861528,1.010082919653437,0.01573919780425125,-0.00957900831498482,0.03857450381993532,-0.5247010607668536,-0.36815032853038854,-1.7387252253414258
BOL,2007,0.6759969599907122,0.3644256310735842,5.569084770024665,1.0083273536741824,1.0217271698845254,0.024032070360882035,0.0478377632288052,0.060069002901917745,-0.5164081882102225,-0.3107335569865985,-1.7172307262594433
BOL,2008,0.6576540802375698,0.4028956259093332,5.458409277108347,1.0110655654710021,1.020276144073782,0.03503686039433498,0.020032915369660422,0.08014232304158372,-0.5054033981767697,-0.3385384048457432,-1.6971574061197772
BOL,2009,0.6566513312122069,0.37749999891803643,5.367367700545391,1.000605286704855,1.0169620532153414,0.03564196398707891,0.038301058955925726,0.09696212693925503,-0.5047982945840259,-0.320270261259478,-1.680337602222106
BOL,2010,0.662152093230452,0.40121850767344436,5.3152130765245005,0.9966905784129813,1.0098123298671204,0.03232705415247783,0.021229099516218444,0.10672662851448024,-0.5081132044186268,-0.33734222069918546,-1.6705731006468807
BOL,2011,0.6684122573159967,0.42271863054252345,5.283319725908573,0.996247831398928,1.0060366118786126,0.02856782850845969,0.006001750425118123,0.11274509304730737,-0.511872430062645,-0.3525695697902856,-1.6645546361140537
BOL,2012,0.67563767689096,0.5671402570376015,5.2513042035307755,0.9956879582772513,1.006096680203038,0.024246463121462097,-0.09068114587769,0.11882326368875024,-0.5161937954496425,-0.4492524660930937,-1.6584764654726107
BOL,2013,0.6561049370097181,0.4305991794043611,5.105268806873915,1.0117943853947506,1.0286048398588206,0.035971836856196676,0.0004779571258536378,0.14702662332395458,-0.5044684217149079,-0.3580933630895501,-1.6302731058374063
BOL,2014,0.6685204184148433,0.4545082617689921,5.076408113836421,0.9925589874309599,1.005685258629784,0.028503001849132136,-0.016096558865270245,0.15269578186418703,-0.5119372567219727,-0.3746678790806739,-1.6246039472971738
BOL,2015,0.660350978501853,0.24645327857472785,5.003329498862163,1.0049203090302998,1.014605996864863,0.03341124571898237,0.13826917902646943,0.1671961385677056,-0.5070290128521222,-0.2203021411889345,-1.6101035905936554
BOL,2016,0.6681341423409103,0.39632369149949437,4.993134084922406,0.9953342098566875,1.002041886672049,0.028734536800458305,0.024728472051435964,0.16923594342257206,-0.5117057217706463,-0.3338428481639678,-1.608063785738789
BOL,2017,0.6744049607418158,0.5972844328018487,4.989462161395576,0.9962548973826932,1.0007359357397758,0.024982403727670525,-0.10973363760575107,0.16997160849442935,-0.5154578548434341,-0.4683049578211549,-1.6073281206669316
BOL,2018,0.6741114607504799,0.5935530698948089,4.983827889015626,1.0001753168759768,1.001130511025946,0.025157705237439827,-0.10739483808696619,0.17110148097399602,-0.5152825533336648,-0.4659661583023699,-1.606198248187365
BOL,2019,0.6881468462683114,0.6016405761013152,5.1389904839389215,0.9916859214298465,0.9698067946597234,0.01680887194633655,-0.11245714377108994,0.14044307288699318,-0.5236313866247679,-0.4710284639864937,-1.6368566562743678
BOL,2020,0.7153783464682474,,5.88056942948335,0.9841250763972847,0.8738933440992326,0.0008065920984833108,,0.005646130190815855,-0.5396336664726216,,-1.771653598970545
BOL,2021,0.728373439151605,,5.794134363825835,0.9924813166014999,1.014917684028377,-0.006740499082364684,,0.02045363991639435,-0.5471807576534694,,-1.7568460892449667
BOL,2022,0.725626031577833,,5.848166073435803,1.0015921222347695,0.9907609139461007,-0.0051496429305394826,,0.011171608786772822,-0.5455899015016442,,-1.7661281203745882
BOL,2023,0.7284159424404685,,5.875069814233069,0.9983858567870555,0.9954206942814383,-0.0067650902762001934,,0.006581785928029873,-0.547205348847305,,-1.770717943233331
BRA,1995,0.6605742928108724,0.6579466005510991,3.447329585167901,,,0.0,0.0,0.0,-0.5071635020628763,-0.5055798490479396,-1.237599898040168
BRA,1996,0.6746333955714997,0.6721466922366747,3.4437227209085526,0.9916046683424526,1.0010473735987655,-0.008430770943465811,-0.008528396357428905,0.001046825485723838,-0.515594273006342,-0.5141082454053684,-1.236553072554444
BRA,1997,0.680804082693394,0.6785190807179056,3.4532028320815287,0.9963287290973223,0.9972546903167975,-0.012108797500791376,-0.012332056045332825,-0.0017022594712204696,-0.5192722995636676,-0.5179119050932723,-1.2393021575113883
BRA,1998,0.70832755118624,0.7074198285008846,3.5343648070559843,0.983888646838404,0.9770363334276009,-0.028351349616288563,-0.029403509750855036,-0.024933698332765302,-0.5355148516791649,-0.5349833587987947,-1.2625335963729332
BRA,1999,0.7322964168666249,0.7309641232182982,3.6675973779579105,0.9861635309944586,0.9636730651781333,-0.04228443481231133,-0.04309870088761219,-0.06193688423277692,-0.5494479368751874,-0.5486785499355518,-1.299536782272945
BRA,2000,0.7197490073228835,0.7186904129936192,3.6433901314270343,1.0072960702348503,1.0066441543885378,-0.03501485213918661,-0.03598276398011558,-0.055314704954362505,-0.542178354202063,-0.5415626130280551,-1.2929146029945304
BRA,2001,0.7297581355667964,0.7290817548998493,3.683787012852096,0.9942135677594989,0.9890338715880901,-0.040818090642283665,-0.04201064103496076,-0.06634140458064199,-0.5479815927051599,-0.5475904900829004,-1.3039413026208098
BRA,2002,0.7240950927269373,0.7238040296118557,3.7115633092450615,1.0032846464581613,0.992516281125051,-0.0375388268517471,-0.038953644813542423,-0.07385326697975761,-0.5447023289146232,-0.544533493861482,-1.3114531650199253
BRA,2003,0.7298412311457304,0.7290292139659434,3.7630885923524335,0.9966782278539011,0.9863077145693342,-0.040866128331126995,-0.04198025396272229,-0.08764015630554238,-0.5480296303940031,-0.5475601030106618,-1.3252400543457101
BRA,2004,0.7054824954999422,0.7050620798295129,3.7160873908816514,1.0142826066582686,1.0126480344854407,-0.026684557201909133,-0.028021671481888256,-0.07507144009497158,-0.5338480592647852,-0.5336015205298278,-1.3126713381351394
BRA,2005,0.6979403690917654,0.6977647343623727,3.725124049334428,1.0044419265514084,0.9975741322079217,-0.022252466889101694,-0.0237326746847402,-0.07750025507160711,-0.5294159689519778,-0.5293125237326797,-1.315100153111775
BRA,2006,0.6855741928064525,0.677704474648645,3.7133244047336653,1.0073364769928779,1.003177649813122,-0.014942770937663769,-0.011846625875489555,-0.07432764331768203,-0.52210627300054,-0.5174264749234291,-1.31192754135785
BRA,2007,0.6607958013989266,0.6454612556566811,3.6006145051427114,1.0149195893839897,1.0313029621554797,-0.0001333838639474325,0.007559105559447808,-0.043504628727988985,-0.5072968859268238,-0.4980207434884918,-1.281104526768157
BRA,2008,0.6507315026497678,0.6296758517619451,3.5527559953236025,1.0060968720430932,1.0134708124853222,0.005944977455032409,0.01719871795505269,-0.030123740964561264,-0.5012185246078438,-0.4883811310928869,-1.267723639004729
BRA,2009,0.6698956684376663,0.6508877729923717,3.6570856258530235,0.988523734655933,0.9714719202110325,-0.005597648424785288,0.004266661591551374,-0.05906665508677221,-0.5127611504876615,-0.5013131874563882,-1.29666655312694
BRA,2010,0.6519690984954482,0.62640510147128,3.5684350532097975,1.010851637575149,1.0248429833586252,0.005195532650270087,0.01920772905627474,-0.03452724119791739,-0.5019679694126061,-0.4863721199916649,-1.272127139238085
BRA,2011,0.6588843917698248,0.6315414441817099,3.611036314005614,0.9958313591298555,0.988202483417133,0.0010181787740809421,0.016054609817525017,-0.04639490070018736,-0.5061453232887954,-0.48952523923041436,-1.283994798740355
BRA,2012,0.6830776677412359,0.6655329182486569,3.676328300345959,0.9856255736528904,0.9822398923583073,-0.0134605604715031,-0.00456529419288017,-0.06431461159111929,-0.5206240625343792,-0.5101451432408198,-1.301914509631287
BRA,2013,0.6974772450430976,0.6814833712081306,3.719540935467871,0.9915170719702366,0.9883822665561076,-0.0219796733160154,-0.014096513840647222,-0.07600035818581186,-0.5291431753788917,-0.5196763628885868,-1.3136002562259796
BRA,2014,0.7276373322545096,0.7093547776492304,3.8415676464231243,0.9825425819132687,0.9682351783994035,-0.03959126912416366,-0.030536127250243246,-0.10828062650770057,-0.5467547711870399,-0.5361159762981829,-1.3458805245478682
BRA,2015,0.7583338188071754,0.7252430641863341,4.062638177753912,0.9825422873493442,0.9455844892756339,-0.05720316472997374,-0.039788098283642825,-0.1642326620228379,-0.56436666679285,-0.5453679473315824,-1.4018325600630057
BRA,2016,0.7708327609698284,0.7266275777712239,4.23352861955381,0.9929417715562211,0.9596340412084167,-0.06428642030245896,-0.04059027994265686,-0.20543593629554668,-0.5714499223653352,-0.5461701289905965,-1.4430358343357146
BRA,2017,0.7695548044248652,0.7244943759109325,4.2428111469765,1.0007221909950275,0.9978121752062178,-0.06356448996186087,-0.03935404305471207,-0.20762615787446173,-0.5707279920247371,-0.5449338921026516,-1.4452260559146295
BRA,2018,0.7584230223163679,0.7154473612786786,4.276636321328114,1.006330548433012,0.9920907059169555,-0.05725389528271969,-0.03409404961151959,-0.21556689633558593,-0.5644173973455958,-0.5396738986594591,-1.4531667943757538
BRA,2019,0.7559031123460508,0.7137442535266273,4.349954820058271,1.0014351076392538,0.983144997646395,-0.0558198164262756,-0.03310074968349666,-0.23256556081298727,-0.5629833184891518,-0.5386805987314361,-1.470165458853155
BRA,2020,0.7639913343964395,,4.420162799372692,0.9954148175829014,0.9841164268147806,-0.060415543035983364,,-0.24857662980840206,-0.5675790450988596,,-1.48617652784857
BRA,2021,0.7686841711076133,,4.400803279646255,0.9973467073501115,1.0043990877338178,-0.06307236190559114,,-0.24418718977731674,-0.5702358639684673,,-1.4817870878174846
BRA,2022,0.7560321692324877,,4.505264664107881,1.0072048804667715,0.976813485499789,-0.05589331259072504,,-0.2676467402640432,-0.5630568146536011,,-1.5052466383042111
BRA,2023,0.747320758504374,,4.476183488080951,1.0049855818891378,1.00649686861684,-0.0509201175615636,,-0.26117088533178984,-0.5580836196244398,,-1.4987707833719577
BRB,1995,0.9307909045941424,0.8694310851448537,6.585141097711831,,,0.0,0.0,0.0,-0.6579297141002022,-0.6256341520355277,-1.8848157621049166
BRB,1996,0.9296747940237042,0.8606335672545167,6.540810956871283,1.00057839309188,1.0067774685941622,0.0005782258870658354,0.004717094754621397,0.006754604801511522,-0.6573514882131363,-0.6209170572809063,-1.878061157303405
BRB,1997,0.9332511871930067,0.854647838306112,6.432858629792887,0.9981500628614665,1.0167813927354832,-0.001273424498434836,0.007939318577807707,0.023396745699758748,-0.659203138598637,-0.61769483345772,-1.861419016405158
BRB,1998,0.9347763198462454,0.8736014593861324,6.466325240673959,0.9992117266282441,0.9948244776383092,-0.0020620087210127306,-0.0022283407463496554,0.01820778393152222,-0.6599917228212149,-0.6278624927818773,-1.8666079781733942
BRB,1999,0.9380004615420978,0.8799698015851174,6.662764755886113,0.9983363565902934,0.9705168166055073,-0.003727037522161414,-0.005621561690679336,-0.011718764816808187,-0.6616567516223634,-0.631255713726207,-1.8965345269217249
BRB,2000,0.9358564981197407,0.8654471718383545,6.5775823759972045,1.0011075012142894,1.0129504086789936,-0.002620149134912516,0.0021333572573724756,0.001148504344194856,-0.6605498632351147,-0.6235007947781552,-1.8836672577607219
BRB,2001,0.9372808530885266,0.8789034318548484,6.889350834722992,0.9992647658874474,0.9547463228096258,-0.0033556536646199924,-0.005054173703561267,-0.04516110000909638,-0.6612853677648223,-0.6306883257390888,-1.929976862114013
BRB,2002,0.937404660050624,0.8842413088108508,6.935815276616338,0.9999360964879198,0.9933007959352671,-0.003419559218616595,-0.007891099149622532,-0.051882844466240245,-0.6613492733188187,-0.63352525118515,-1.9366986065711569
BRB,2003,0.938002937320837,0.8853711979481711,6.894036162316801,0.9996912918661309,1.006060182064014,-0.0037283150126505788,-0.008490571466276452,-0.04584095145276207,-0.6616580291128527,-0.634124723501804,-1.9306567135576786
BRB,2004,0.9382150246736648,0.8871897761215672,6.956874478072403,0.9998905759422314,0.9909674501166199,-0.0038377450576681724,-0.009454679575733352,-0.054914542137151565,-0.6617674591578702,-0.6350888316112611,-1.9397303042420682
BRB,2005,0.9378448790305594,0.8775264169060772,6.8171223976656945,1.0001910089125867,1.020500157141753,-0.0036467543849611496,-0.00432102277787288,-0.034621684884341836,-0.6615764684851632,-0.6299551748134005,-1.9194374469892586
BRB,2006,0.9360811238858989,0.8716571730726766,6.5174458109299644,1.0009109923767658,1.0459806794608344,-0.002736176709909536,-0.0011900752064125933,0.010333209709057151,-0.6606658908101115,-0.6268242272419404,-1.8744825523958595
BRB,2007,0.932803767282124,0.8714817451833284,6.297873397999311,1.0016956489113138,1.034864532685018,-0.0010419637881506974,-0.0010963421693507567,0.04460374156536256,-0.6589716778883529,-0.6267304942048784,-1.840212020539554
BRB,2008,0.940286235590727,0.8851694391548756,6.107208529204963,0.9961436265581067,1.0312196428012208,-0.004905792210403131,-0.00838355297057153,0.07534596251516626,-0.6628355063106052,-0.6340177050060993,-1.8094697995897504
BRB,2009,0.940196048399328,0.8940624383030348,6.173659910689395,1.0000464835455538,0.989236306753896,-0.004859309745175869,-0.013089808554058583,0.06452392165463951,-0.662789023845378,-0.6387239605895862,-1.8202918404502773
BRB,2010,0.9344293049034794,0.8979044659434402,6.17474408281152,1.0029811084236735,0.9998244182904448,-0.001882636013872733,-0.015116212819780074,0.06434832452881137,-0.6598123501140749,-0.6407503648553077,-1.8204674375761052
BRB,2011,0.9373368428130089,0.8742299692741493,6.374456460237017,0.9984992088906399,0.9686698970067057,-0.003384554438260535,-0.0025637399796783174,0.03251693583465589,-0.6613142685384626,-0.6281978920152059,-1.8522988262702609
BRB,2012,0.9346048818013631,0.8875334358973521,6.434642554615049,1.0014121545114174,0.9906465520241111,-0.0019733960793213534,-0.009636764331320316,0.023119469667990656,-0.6599031101795235,-0.635270916366848,-1.861696292436926
BRB,2013,0.9345087872106252,0.8885139202401039,6.63178388822885,1.0000496738972566,0.9702732572507801,-0.0019237234157719687,-0.010156082164129686,-0.007058068983149748,-0.6598534375159741,-0.6357902341996574,-1.8918738310880665
BRB,2014,0.9275545909074654,0.8796569405133395,6.7008117427496945,1.0036077817645028,0.9896985832208264,0.0016775659149378128,-0.005455129704760757,-0.01741291258753545,-0.6562521481852642,-0.6310892817402884,-1.902228674692452
BRB,2015,0.9274368513073753,0.8778398386029911,6.941310915889869,1.0000610860999208,0.9653524851351017,0.0017386501491788054,-0.0044879421547415485,-0.05267488735532182,-0.6561910639510232,-0.6301220941902692,-1.9374906494602384
BRB,2016,0.9282063148665782,0.877922469796997,7.023116557171235,0.9996009433465339,0.9883519459465848,0.0013395138514172577,-0.004531944510180465,-0.06439131142737416,-0.6565902002487848,-0.6301660965457081,-1.9492070735322908
BRB,2017,0.9271193918419379,0.859060020940907,7.029235124678196,1.0005640143673722,0.9991295542973829,0.001903369222467469,0.0055631571359250525,-0.06526213618783398,-0.6560263448777347,-0.6200709948996025,-1.9500778982927505
BRB,2018,0.9320943692086615,0.8669842252801571,7.1448576409992155,0.9974250857276907,0.9838173799772378,-0.0006748658433272426,0.0013097367456181702,-0.08157712479559805,-0.6586045799435293,-0.6243244152899093,-1.9663928869005145
BRB,2019,0.9294980906047672,0.8623278813155424,7.109411280656726,1.0013455719995457,1.0049858362307624,0.0006698016854781631,0.0038068977507556816,-0.0766036766865944,-0.6572599124147239,-0.621827254284772,-1.961419438791511
BRB,2020,0.9307705733937811,,8.378223746632873,0.999340945627332,0.8485582977554079,1.0530041009279869e-05,,-0.24082016651269172,-0.6579191840591929,,-2.1256359286176085
BRB,2021,0.9274887179532442,,8.552145762678087,1.0017026587029891,0.9796633475537546,0.0017117408639330779,,-0.26136645575205236,-0.6562179732362688,,-2.146182217856969
BRB,2022,0.9127626695936587,,7.478675516855674,1.0076988371812559,1.1435374811225587,0.0093810932340305,,-0.12723994426365567,-0.6485486208661717,,-2.0120557063685722
BRB,2023,0.9129171976790991,,7.341185089839372,0.9999192186229346,1.0187286419472787,0.009300308593973974,,-0.10868452387021456,-0.6486294055062282,,-1.9935002859751312
BRN,1995,0.00844090005273533,-0.0,1.0992886261601305,,,0.0,0.0,0.0,-0.008405474863279725,0.0,-0.09466326711063217
BRN,1996,0.012210248957861842,-0.0,1.106384559108772,0.9962761205895638,0.9935863774578005,-0.00373083031094376,0.0,-0.006434278184952526,-0.012136305174223348,0.0,-0.10109754529558479
BRN,1997,0.05855552513247884,0.03953361038140195,1.1619258388634568,0.9562183795991082,0.9521989460110356,-0.04849979178496331,-0.038772161012465146,-0.05541556730600717,-0.05690526664824299,-0.03877216101246519,-0.1500788344166394
BRN,1998,0.08751508014463169,0.049954492463913265,1.2082515085584091,0.9733708933872426,0.9616589183900756,-0.07548987582094048,-0.04874682271964611,-0.09451101317988321,-0.08389535068422026,-0.04874682271964614,-0.18917428029051542
BRN,1999,0.0928494007579189,0.056333797279631705,1.2116179813916181,0.9951188877355035,0.9972215063783203,-0.08038293962095805,-0.054804231245025294,-0.0972933739799137,-0.08878841448423788,-0.05480423124502536,-0.19195664109054594
BRN,2000,0.08624833732626032,0.035720667230653154,1.2166527755326046,1.0060769376622536,0.9958617657870524,-0.07432439207824763,-0.035097481256367205,-0.10144019438001768,-0.08272986694152719,-0.03509748125636727,-0.19610346149064983
BRN,2001,0.0862604847013348,0.03015942669578748,1.2213145667689318,0.9999888172540146,0.996182972541906,-0.07433557488676042,-0.029713573463654504,-0.10526452527829772,-0.08274104975004003,-0.02971357346365455,-0.19992779238892988
BRN,2002,0.06690458370642044,-0.0,1.2077985933154927,1.0181421106353037,1.0111905855233172,-0.05635606862772657,0.0,-0.09413609111359775,-0.06476154349100635,0.0,-0.18879935822423
BRN,2003,0.07381891868373307,0.020129165067592946,1.2044267291403241,0.9935609860685001,1.0027995594033148,-0.06281590243051385,-0.01992925169818052,-0.09134044317815211,-0.07122137729379356,-0.019929251698180505,-0.1860037102887843
BRN,2004,0.09246184181340225,0.031809908646745017,1.228355932364209,0.9829349434313208,0.9805193245757127,-0.08002824511243241,-0.031314453045283505,-0.11101336781885797,-0.08843371997571212,-0.03131445304528363,-0.20567663492949012
BRN,2005,0.10870977006640437,0.03662656704517109,1.252854056247886,0.9853451925006226,0.9804461471298219,-0.09479149507626143,-0.03597175546798307,-0.13076092655892008,-0.10319696993954114,-0.03597175546798311,-0.22542419366955227
BRN,2006,0.1065646148010858,0.06273113801801344,1.2292026740434576,1.0019385720785081,1.0192412388159124,-0.09285479960370582,-0.060842139821690684,-0.11170245959518176,-0.10126027446698552,-0.060842139821690816,-0.20636572670581393
BRN,2007,0.13827815491806109,0.10193940247538598,1.2583530694130711,0.9721390242095453,0.9768344862199845,-0.12111125533091317,-0.09707172053946674,-0.135140511101027,-0.1295167301941927,-0.09707172053946682,-0.22980377821165934
BRN,2008,0.1950603243620389,0.1631234105081292,1.3177048571475853,0.9524859387543557,0.9549582082720768,-0.16979118988377914,-0.15110898184332439,-0.1812282115316204,-0.17819666474705895,-0.1511089818433244,-0.2758914786422526
BRN,2009,0.22779449083139608,0.16475508899370986,1.3778461626522895,0.97333905086413,0.9563512189278556,-0.1968139881134753,-0.15251084087775907,-0.22585826111551757,-0.20521946297675506,-0.15251084087775904,-0.3205215282261499
BRN,2010,0.22985180289616303,0.16708787737630765,1.379709974988099,0.9983271870156044,0.9986491274473639,-0.19848820181181753,-0.15451165241993287,-0.22721004691903005,-0.20689367667509723,-0.15451165241993292,-0.32187331402966224
BRN,2011,0.23483262396256374,0.1925448785704252,1.3717355235388995,0.9959663998425816,1.0058134030302186,-0.20252995887620714,-0.17608957709353806,-0.22141347651116836,-0.21093543373948684,-0.17608957709353815,-0.31607674362180055
BRN,2012,0.24412159344618345,0.19694162568169896,1.3859129531754293,0.9925337125144741,0.9897703318205908,-0.2100242586048818,-0.1797696582034695,-0.23169582733807148,-0.21842973346816144,-0.17976965820346946,-0.3263590944487038
BRN,2013,0.27131678765017353,0.19059648160826137,1.441569671722211,0.9786086406880097,0.9613915861032994,-0.23164772912862058,-0.17445442659106059,-0.27106930261145984,-0.24005320399190022,-0.17445442659106053,-0.36573256972209217
BRN,2014,0.33047446847240486,0.2435345099611305,1.5047608539800394,0.9555364028216538,0.9580058305672361,-0.27713014696498717,-0.21795773615699934,-0.31397071745416316,-0.2855356218282668,-0.21795773615699926,-0.40863398456479544
BRN,2015,0.3174042632983191,0.2082164954376451,1.5076434850427554,1.0099211802619816,0.9980879889102997,-0.26725785850161976,-0.1891453015325028,-0.31588455877038135,-0.2756633333648994,-0.18914530153250284,-0.4105478258810135
BRN,2016,0.3503942381987573,0.2445530044164348,1.5416447015277157,0.9755701157726782,0.9779448426402879,-0.2919911032504711,-0.2187764328517957,-0.33818656742644976,-0.30039657811375087,-0.21877643285179574,-0.4328498345370821
BRN,2017,0.3436653308713859,0.26961431478778947,1.515900405631178,1.005007874485388,1.0169828412215631,-0.2869957264612842,-0.23871316520414085,-0.3213463224575584,-0.2954012013245637,-0.23871316520414088,-0.4160095895681905
BRN,2018,0.4373688039206058,0.3334094258093543,1.6424570636411593,0.9348090254960094,0.9229467480084881,-0.354408747823178,-0.28773914018040286,-0.40153006306657635,-0.36281422268645774,-0.28773914018040286,-0.4961933301772087
BRN,2019,0.5189422800449852,0.3972346522481275,1.7451747652912266,0.9462958683841736,0.941141882353011,-0.40960874937465963,-0.33449503485121684,-0.4621914355582348,-0.4180142242379394,-0.3344950348512168,-0.556854702668867
BRN,2020,0.4842870171638379,,1.695280080363588,1.0233480873176175,1.0294315290467742,-0.3865290589733768,,-0.43318469922385555,-0.39493453383665644,,-0.5278479663344877
BRN,2021,0.4877793564581252,,1.6941732487338428,0.9976526497164194,1.000653316672644,-0.3888791686025805,,-0.43253159586964446,-0.3972846434658602,,-0.5271948629802766
BRN,2022,0.5027230240158099,,1.716227793431528,0.9900556075079292,0.9871494070996322,-0.39887333683358384,,-0.4454654719000372,-0.40727881169686353,,-0.5401287390106694
BRN,2023,0.505800993444632,,1.718490348329686,0.9979559254893429,0.99868340552488,-0.4009195033157935,,-0.44678293384715273,-0.40932497817907304,,-0.541446200957785
BWA,1995,0.41143203119198635,0.3498511237153217,2.6695175246741627,,,0.0,0.0,0.0,-0.34460481395084186,-0.29999430763980056,-0.9818977537142904
BWA,1996,0.3664870031990588,0.3003871878145735,2.6813618254785156,1.0328909297254256,0.9955827293833277,0.032361598624313315,0.03733225073643752,-0.004427055582382549,-0.31224321532652866,-0.2626620569033631,-0.986324809296673
BWA,1997,0.3392416728424517,0.27704236656668335,2.570407968622667,1.0203438489923784,1.0431658546854343,0.052501275968016584,0.055447554501764,0.03783312475070971,-0.29210353798282546,-0.24454675313803637,-0.9440646289635807
BWA,1998,0.4209008071015713,0.3633789381343492,2.7896240504651875,0.942530024720239,0.9214173387249207,-0.006686227732264114,-0.009971824141619935,-0.04400908410232138,-0.35129104168310593,-0.30996613178142035,-1.0259068378166118
BWA,1999,0.3735361222985436,0.31401920264294225,2.7590542128463356,1.0344837562216895,1.011079824918451,0.02721628829058551,0.02690377380064582,-0.032990190782807106,-0.3173885256602564,-0.2730905338391547,-1.0148879444970975
BWA,2000,0.4409040524191632,0.39556607296887375,2.8880343515913642,0.9532460679755087,0.9553398183529368,-0.020665916824165128,-0.03330581239868093,-0.07867836184089694,-0.36527073077500705,-0.3333001200384815,-1.0605761155551874
BWA,2001,0.4723910889206662,0.43618306803585305,3.003727693395205,0.9786150318767656,0.9614834120755238,-0.042282856475785974,-0.06199463956538073,-0.11795632807455982,-0.38688767042662797,-0.3619889472051811,-1.0998540817888502
BWA,2002,0.4634519503203844,0.42376160867267404,2.934564231683682,1.0061082556200938,1.0235685629112439,-0.03619318062744324,-0.053308081695449545,-0.09466121552166722,-0.38079799457828506,-0.35330238933525,-1.0765589692359576
BWA,2003,0.44390591900185267,0.3962764842847045,2.892301683891177,1.0135369147402926,1.0146120814532897,-0.022747071351432162,-0.03381473173535205,-0.08015486183981334,-0.3673518853022742,-0.3338090393751525,-1.0620526155541037
BWA,2004,0.45776922736036607,0.41971098882871255,2.9517899576543045,0.9904900528160988,0.9798467117862272,-0.03230252683388255,-0.05045901426466789,-0.10051399793634247,-0.37690734078472454,-0.35045332190446854,-1.0824117516506329
BWA,2005,0.4565589126726985,0.4088951281745078,2.870293028424041,1.000830941115486,1.0283932436246797,-0.03147193075883955,-0.04281149253828316,-0.07251637134151993,-0.37607674470968144,-0.3428058001780838,-1.0544141250558103
BWA,2006,0.4214814509431743,0.3809852830835884,2.7417708331528337,1.0246766932528382,1.0468756154661607,-0.007094789140946208,-0.022802910020642733,-0.026706247402424176,-0.351699603091788,-0.3227972176604432,-1.0086040011167146
BWA,2007,0.4216107089028912,0.3894039885466721,2.7688469766678305,0.9999090764026275,0.9902211484624617,-0.0071857168721195745,-0.028880562329909834,-0.03653322591671858,-0.3517905308229615,-0.3288748699697104,-1.0184309796310091
BWA,2008,0.45373514900239814,0.42179569764623176,2.87439431407495,0.9779021370422585,0.9632801467459459,-0.029531395200181602,-0.051926340878032565,-0.07394422497503797,-0.3741362091510235,-0.35192064851783306,-1.0558419786893283
BWA,2009,0.593200885062736,0.5613449907024542,3.5710289962678408,0.9124619265731541,0.8049204632835639,-0.12114031389954787,-0.1455533156907562,-0.2909560347944414,-0.4657451278503899,-0.44554762333055664,-1.2728537885087319
BWA,2010,0.5826920878084726,0.5629011174751605,3.399926328315365,1.006639824217997,1.0503254045617088,-0.11452243622049714,-0.1465494772270171,-0.24185600953052788,-0.45912725017133893,-0.4465437848668177,-1.2237537632448183
BWA,2011,0.5717294556545716,0.5549257936804007,3.556963942075085,1.006974884967932,0.9558506590685014,-0.1075717632440154,-0.14143351574685725,-0.2870096020274905,-0.4521765771948574,-0.44142782338665765,-1.268907355741781
BWA,2012,0.6691403432556288,0.6544441396263118,3.781489797623201,0.9416400855717986,0.9406250267581738,-0.16770391542349453,-0.20347077747789313,-0.34822030462515935,-0.5123087293743365,-0.5034650851176937,-1.3301180583394498
BWA,2013,0.6416059392852301,0.6246480757037419,3.576420416918476,1.0167728462181291,1.057339282522444,-0.15107018002256878,-0.1852969158897946,-0.29246466293897716,-0.4956749939734106,-0.4852912235295951,-1.2743624166532677
BWA,2014,0.6676585559592225,0.6561601815104817,3.5323646160151805,0.984377727334594,1.012472042298112,-0.16681576636892675,-0.20450747161068614,-0.28006975586672794,-0.5114205803197688,-0.5045017792504867,-1.2619675095810186
BWA,2015,0.7212760236494643,0.7076602394747509,3.9270206726799493,0.9688501629293821,0.8995024244689191,-0.19846107603667726,-0.23512984491461802,-0.3859832861101373,-0.5430658899875191,-0.5351241525544186,-1.3678810398244279
BWA,2016,0.7275266458549654,0.71676454372759,3.880471374473113,0.9963817506256712,1.0119957844588292,-0.20208588710795897,-0.24044713250604227,-0.3740588808080561,-0.5466907010588009,-0.5404414401458428,-1.3559566345223466
BWA,2017,0.7477218225136955,0.7374587983200831,3.9344844410927453,0.9884448563847054,0.9862718820144498,-0.2137083101799294,-0.2524292773387728,-0.3878821007893444,-0.5583131241307712,-0.5524235849785734,-1.3697798545036346
BWA,2018,0.765174088735101,0.7567482411996638,3.9906758166446865,0.9901130056617182,0.9859193334328055,-0.2236445054146704,-0.2634702022827494,-0.4020628404498992,-0.5682493193655122,-0.5634645099225499,-1.3839605941641897
BWA,2019,0.7680821896686088,0.7616603103384096,4.0659226035986915,0.9983552229921774,0.981493305630706,-0.22529063655322823,-0.2662624148744285,-0.42074292628823956,-0.56989545050407,-0.5662567225142289,-1.40264068000253
BWA,2020,0.7990636727294024,,4.694218734607585,0.9827791069707998,0.8661553356308574,-0.24266153379278,,-0.5644339413948485,-0.5872663477436222,,-1.5463316951091388
BWA,2021,0.7761533607175227,,4.219482771940957,1.0128988366199547,1.1125104635628718,-0.22984517864640025,,-0.45781480093104887,-0.574449992597242,,-1.4397125546453393
BWA,2022,0.7774105381002291,,4.089235860860425,0.9992926916118943,1.0318511613201802,-0.23055273729509854,,-0.4264603677998479,-0.5751575512459406,,-1.4083581215141383
BWA,2023,0.7833006136910847,,4.258952693434659,0.9966970932743277,0.9601505710932505,-0.23386111065770368,,-0.467125529730174,-0.5784659246085456,,-1.4490232834444645
CAF,1995,0.4056305582713062,0.40080287775004814,11.388435974034977,,,0.0,0.0,0.0,-0.3404859980295785,-0.33704555634922245,-2.432598452317956
CAF,1996,0.4455146840956404,0.44105077650909746,12.54467400692847,0.972408356509165,0.9078303643239434,-0.027979442881943154,-0.028326997041870198,-0.09669774126629539,-0.36846544091152195,-0.36537255339109265,-2.5292961935842513
CAF,1997,0.42712874210996815,0.4228476639682915,12.096418771465279,1.012883169852279,1.037056854919788,-0.01517855511322392,-0.015614704300106122,-0.06031098717679192,-0.35566455314280265,-0.35266026064932854,-2.4929094394947477
CAF,1998,0.41637090525054393,0.4112281111605723,11.857707321152283,1.007595352897708,1.0201313326301429,-0.007611901678248002,-0.007414769762853945,-0.04037961068861292,-0.3480978997078266,-0.3444603261120765,-2.4729780630065687
CAF,1999,0.41268783001173154,0.4078588241163229,11.552914124366655,1.0026071402050527,1.0263823649604369,-0.005008154167678938,-0.0050244293967213515,-0.014339257966227589,-0.34549415219725743,-0.3420699857459439,-2.4469377102841836
CAF,2000,0.41014031856751826,0.40558875265762984,11.684681568106354,1.0018065659216109,0.988723060789319,-0.003203218123590479,-0.003410699700769653,-0.025680263962760738,-0.3436892161531691,-0.340456256049992,-2.4582787162807165
CAF,2001,0.4264961858675401,0.42252733037933055,11.865934629460233,0.9885342369211629,0.9847249233192411,-0.014735219868576573,-0.015389543405004086,-0.04107320644047142,-0.35522121789815514,-0.35243509975422643,-2.4736716587584273
CAF,2002,0.4239559297701951,0.4202257880200871,12.193417056497111,1.0017839429186233,0.9731426862937994,-0.012952866286212426,-0.013770308271837386,-0.06829776825956911,-0.353438864315791,-0.35081586462105985,-2.500896220577525
CAF,2003,0.4222462422015605,0.4180989364232054,13.36476938301519,1.001202103769308,0.912355215945087,-0.01175148446512731,-0.012271641134393949,-0.16002364183151122,-0.35223748249470593,-0.34931719748361656,-2.5926220941494673
CAF,2004,0.40344806090294055,0.399183301404928,13.237837557170494,1.0133942835665226,1.009588561975966,0.0015538887324961649,0.0011568460857412557,-0.15048075835398447,-0.3389321092970826,-0.3358887102634813,-2.5830792106719405
CAF,2005,0.38576648311257383,0.3810252754525213,13.219838928095673,1.0127594208734592,1.00136148626112,0.01423259405941592,0.014219379806770347,-0.1491201980749048,-0.3262534039701628,-0.3228261765424519,-2.581718650392861
CAF,2006,0.3871391972308212,0.382862989292507,12.890025428974948,0.9990103991574979,1.025586722147138,0.013242503238718178,0.012889576330818863,-0.12385533739883932,-0.32724349479086057,-0.3241559800184035,-2.5564537897167954
CAF,2007,0.3777255504954296,0.37343781486728295,12.622507860949476,1.0068327445419056,1.021193693913481,0.020052010371770176,0.019728605762884675,-0.1028831062055686,-0.32043398765780867,-0.3173169505863377,-2.5354815585235246
CAF,2008,0.21296089332550272,0.20424924679083667,12.565026360446508,1.135836743028212,1.0045747218393362,0.14742160822010023,0.15118921528036006,-0.09831881660190166,-0.19306438980947843,-0.1858563410688625,-2.5309172689198576
CAF,2009,0.18787534125785776,0.17903754705233185,12.218836259103606,1.0211180005143314,1.0283324937008607,0.1683197141959609,0.17234708877662394,-0.07038026441134616,-0.17216628383361773,-0.16469846757259857,-2.5029787167293023
CAF,2010,0.18943111257106174,0.18004809323706839,11.671802925555491,0.9986920038522946,1.0468679378016554,0.16701086187463163,0.17149036172162566,-0.024577474383314417,-0.17347513615494706,-0.16555519462759666,-2.4571759267012703
CAF,2011,0.21823955546468918,0.21025368666255953,11.382687241926714,0.9763523990298946,1.0253995983096027,0.14307916871726786,0.14621556031701374,0.0005049142438757079,-0.19740682931231074,-0.19082999603220863,-2.4320935380740805
CAF,2012,0.20480060712869622,0.19722432926354633,10.910382506494113,1.0111544999699336,1.0432894754287005,0.15417191604133276,0.15703973775546984,0.04288359291395768,-0.18631408198824576,-0.18000581859375264,-2.3897148594039983
CAF,2013,0.18668840970087364,0.17157150869537008,17.107412799824218,1.0152628080629762,0.6377575986595834,0.16931941921997437,0.17869953896011773,-0.40691341432369416,-0.17116657880960437,-0.1583460173891049,-2.8395118666416503
CAF,2014,0.21801254570048662,0.20321516414586788,16.980058187155603,0.9742825834510609,1.0075002459511564,0.14326552854821553,0.15204827903545942,-0.3994411553647685,-0.19722046948136304,-0.18499727731376284,-2.8320396076827246
CAF,2015,0.36501664837370995,0.35685846292019174,16.29187658869171,0.892306000188082,1.042240781454333,0.029319372856257173,0.03187348239522544,-0.358068162475839,-0.3111666251733215,-0.305172073953997,-2.790666614793795
CAF,2016,0.3860177100807553,0.3789694972866018,15.889031828510646,0.9848479124369761,1.025353637938985,0.014051319507460174,0.015709077226784985,-0.33303059676523694,-0.32643467852211844,-0.3213364791224376,-2.765629049083193
CAF,2017,0.4040491364074869,0.39779870474435125,15.54170592297763,0.987157553208666,1.022347991092761,0.0011256955971254113,0.002146910927512916,-0.31092866284996007,-0.3393603024324532,-0.3348986454217094,-2.7435271151679164
CAF,2018,0.39613509408538067,0.3899626964553733,15.332898565248065,1.0056685362008542,1.01361825729434,0.0067782261040668585,0.007768646649208256,-0.29740230066069095,-0.3337077719255116,-0.32927690970001416,-2.730000752978647
CAF,2019,0.39646939822536903,0.39047926163970337,15.155235655264253,0.9997606076148801,1.011722873469282,0.006538805060015942,0.007397076087363286,-0.2857476077419319,-0.3339471929695626,-0.32964848026185917,-2.718346060059888
CAF,2020,0.41251095744802196,,15.250440352115996,0.9886432320131272,0.9937572493217526,-0.0048829434641164205,,-0.29200992586716396,-0.3453689414936951,,-2.72460837818512
CAF,2021,0.4153639683892249,,15.418854195396808,0.9979842563432996,0.9890774086617222,-0.006900721466334094,,-0.30299260666187033,-0.34738671949591277,,-2.7355910589798262
CAF,2022,0.4590938015107553,,15.594190849247417,0.9700294572725535,0.9887562839556328,-0.037329561089930664,,-0.3143000111278437,-0.3778155591195093,,-2.7468984634458
CAF,2023,0.46990466130686037,,15.796569072922239,0.9926451966030957,0.9871884696771445,-0.04471154440397212,,-0.32719431685167766,-0.3851975424335507,,-2.759792769169634
CAN,1995,0.840923321303329,0.8405376774181464,3.2107730030277253,,,0.0,0.0,0.0,-0.6102672508149979,-0.6100577449222411,-1.1665117190636949
CAN,1996,0.8457082147978323,0.8455111869559754,3.226308804917241,0.9974075569171004,0.9951846513062117,-0.0025958092825145375,-0.0026985602953252786,-0.004826979839011488,-0.6128630600975122,-0.6127563052175663,-1.1713386989027061
CAN,1997,0.8384225134741112,0.8369013391003802,3.1843316651438123,1.0039630178973131,1.0131824018939097,0.0013593765449741127,0.0019776477524728873,0.008269290318095566,-0.6089078742700238,-0.6080800971697683,-1.1582424287455992
CAN,1998,0.83156910521636,0.8279668707808256,3.157117035278017,1.0037418234661375,1.008620089012126,0.005094216804216292,0.006853395259747748,0.016852438499964605,-0.6051730340107814,-0.6032043496624934,-1.1496592805637302
CAN,1999,0.8191175895919263,0.8095019314753512,3.093255740432923,1.0068448107454269,1.0206453330095997,0.011915708183196438,0.017006113492832816,0.03728754516007241,-0.5983515426318013,-0.5930516314294083,-1.1292241739036224
CAN,2000,0.8082840508634691,0.7946133359183539,3.0297200011768566,1.0059910602669333,1.020970828733806,0.017888893406680265,0.025268157931090753,0.05804151266490061,-0.5923783574083176,-0.5847895869911504,-1.1084702063987941
CAN,2001,0.8085810934845868,0.7960166522686795,3.050435118916722,0.9998357593020363,0.9932091269172046,0.017724639219736098,0.02448650322069602,0.05122747667971247,-0.5925426115952617,-0.5855712417015453,-1.1152842423839824
CAN,2002,0.8052862829685997,0.7904625577553752,3.0453229290208914,1.0018250903178465,1.0016787020670659,0.019548066083909823,0.027583746298406236,0.052904771301364284,-0.590719184731088,-0.5824739986238348,-1.1136069477623305
CAN,2003,0.812231232853023,0.7945425327763429,3.080098036929745,0.9961677352434272,0.9887097399199936,0.015708439386130573,0.025307611855417654,0.041550292412785614,-0.5945588114288674,-0.5847501330668236,-1.1249614266509091
CAN,2004,0.8086179235387114,0.7912508170723381,3.0748036748029315,1.0019978289871425,1.0017218537138484,0.01770427536695791,0.027143588615645337,0.04327066543597277,-0.5925629754480397,-0.5829141563065958,-1.123241053627722
CAN,2005,0.8046094941943672,0.7842154528868901,3.049352846024303,1.002221217031851,1.0083463049583818,0.0199230291432,0.031078948501047362,0.051582332589457644,-0.5903442216717978,-0.5789787964211937,-1.1149293864742371
CAN,2006,0.8051757504914473,0.7789565944513336,3.049165756434984,0.9996863151430404,1.0000613576316486,0.019609295076854532,0.034030735383117225,0.05164368833880379,-0.5906579557381433,-0.5760270095391238,-1.1148680307248908
CAN,2007,0.8153398386366153,0.786576835774681,3.078858548822594,0.9944009997859125,0.9903559088809181,0.013994561706956786,0.029756338255966037,0.0419527917993709,-0.596272689108041,-0.5803014066662752,-1.124558927264324
CAN,2008,0.823024566342342,0.7927535293545696,3.1211962765778636,0.9957846274550511,0.9864354164225487,0.009770279431791413,0.026305022461679727,0.028295368749642783,-0.6004969713832063,-0.5837527224605614,-1.1382163503140519
CAN,2009,0.8485023643422539,0.8211448131547477,3.2141094048335277,0.98621705955514,0.971092107780794,-0.004108527638649455,0.010592423365680434,-0.0010385877573805364,-0.6143757784536471,-0.5994653215565606,-1.1675503068210753
CAN,2010,0.8467368124620441,0.8144288617060305,3.1871327858417313,1.0009560387101701,1.0084642281337117,-0.00315294564241933,0.014287003472532077,0.007390019657501554,-0.6134201964574171,-0.5957707414497091,-1.1591216994061933
CAN,2011,0.8446340403216939,0.7997068164301195,3.1594822020044164,1.0011399400067362,1.0087516187999959,-0.002013654873944224,0.022433973047515817,0.016103565016595725,-0.612280905688942,-0.5876237718747255,-1.150408154047099
CAN,2012,0.8510909711726284,0.8025488061200723,3.169113828410086,0.9965118241342594,0.9969607824372463,-0.00550792860954461,0.02085607820750711,0.013059719653171115,-0.6157751794245424,-0.5892016667147341,-1.1534519994105237
CAN,2013,0.8539958902159405,0.8006733281562173,3.164568290373701,0.998433157776324,1.0014363848775871,-0.0070759996142025425,0.02189707876941111,0.014495073916787522,-0.6173432504292002,-0.5881606661528299,-1.1520166451469072
CAN,2014,0.8516864185850995,0.7919558537205476,3.1259056648002184,1.0012472261003058,1.0123684556475423,-0.005829550654256727,0.026750065873541295,0.026787665126858904,-0.6160968014692545,-0.5833076790486998,-1.1397240539368358
CAN,2015,0.8627777820955044,0.7929529355275964,3.158853146808897,0.9940457935363993,0.9895697962274813,-0.011801554084871435,0.026193799652347523,0.016302685564293783,-0.6220688048998693,-0.5838639452698936,-1.150209033499401
CAN,2016,0.8680586685771062,0.7931484792668448,3.1696561241362504,0.9971730617616928,0.9965917509962386,-0.014632495659650191,0.026084743205346147,0.012888615249147195,-0.6248997464746481,-0.5839730017168951,-1.1536231038145475
CAN,2017,0.862713024389711,0.7720892885305728,3.143878900729541,1.0028698162934393,1.0081991782192143,-0.011766789427453841,0.03789850544754146,0.021054362818218136,-0.6220340402424517,-0.5721592394746996,-1.1454573562454766
CAN,2018,0.8591478634669192,0.7394277407654605,3.1139834407981093,1.0019176317241079,1.0096003914278266,-0.00985099401185968,0.05650157040776156,0.03060896332880509,-0.6201182448268574,-0.5535561745144795,-1.1359027557348897
CAN,2019,0.8605563177808,0.7268737427412617,3.1241653765672694,0.9992429929153874,0.9967409101177773,-0.010608287771020894,0.06374505628124431,0.027344551045884482,-0.6208755385860187,-0.5463126886409969,-1.1391671680178102
CAN,2020,0.8823078215397099,,3.208655681813133,0.9884442366386612,0.9736680050387583,-0.02223133783420316,,0.0006596603515112795,-0.6324985886492009,,-1.1658520587121834
CAN,2021,0.8792508587300464,,3.176301102907268,1.0016266922510437,1.0101862442689236,-0.020605967213935573,,0.01079437447130098,-0.6308732180289334,,-1.1557173445923936
CAN,2022,0.8715637602994111,,3.154123789739291,1.0041073131429974,1.0070312120406062,-0.016507066055661986,,0.017800982802469348,-0.6267743168706598,,-1.1487107362612254
CAN,2023,0.8738750787808693,,3.204334195879216,0.9987665567957913,0.9843304714581596,-0.017741270577031714,,0.0020073894670892605,-0.6280085213920295,,-1.1645043295966055
CHE,1995,0.6888828106788271,0.26764551721919677,2.7091662958889247,,,0.0,0.0,0.0,-0.524067251569367,-0.23716125637801447,-0.9966409476673643
CHE,1996,0.6935005244411856,0.2657635184177084,2.7093021886172686,0.9972732729067905,0.9999498421664019,-0.0027304513851557142,0.0014857444030661267,-5.015909154427428e-05,-0.5267977029545228,-0.23567551197494802,-0.9966911067589087
CHE,1997,0.681174414172415,0.23052269026512487,2.663411645284977,1.007331845027417,1.0172299852384934,0.004574646325062862,0.02972222582491679,0.01703307325303508,-0.5194926052443042,-0.20743903055309754,-0.9796078744143293
CHE,1998,0.6795078245718918,0.23124891991636126,2.6308861672569845,1.000992308327559,1.0123629362732574,0.005566462640171756,0.02913222009952807,0.02932021250606461,-0.5185007889291953,-0.20802903627848648,-0.9673207351612997
CHE,1999,0.6708649130730143,0.2083202147725897,2.622833976855295,1.0051727170947542,1.0030700343493888,0.010725847191075456,0.047930113538346635,0.03238554392298449,-0.5133414043782917,-0.1892311428396678,-0.9642554037443799
CHE,2000,0.640444963202676,0.16679058125366217,2.561919130194828,1.018543718657253,1.0237770372774546,0.02909972750758878,0.08290436968776585,0.05588430979841549,-0.4949675240617783,-0.15425688669024876,-0.9407566378689488
CHE,2001,0.6469267966422758,0.1791474580444204,2.575421143631106,0.9960642856423159,0.9947573570754952,0.025156247844773612,0.07236957220711625,0.050627875999958,-0.49891100372459357,-0.16479168417089818,-0.9460130716674064
CHE,2002,0.6508791165729539,0.16701764882690193,2.6107151843196807,0.9976059301429152,0.9864810834592161,0.022759307620293334,0.08270977994296173,0.03701674688783776,-0.5013079439490739,-0.1544514764350526,-0.9596242007795266
CHE,2003,0.6546794878183362,0.18369811478347192,2.623657244406003,0.997703258381239,0.9950671681242218,0.020459924445077094,0.06851772304880338,0.0320717084383737,-0.5036073271242899,-0.16864353332921098,-0.9645692392289906
CHE,2004,0.6355700901113516,0.1738122710594123,2.5801887063140194,1.0116836311831086,1.0168470383525092,0.03207582902734704,0.07690445315918265,0.04877840942640445,-0.4919914225420199,-0.1602568032188317,-0.9478625382409598
CHE,2005,0.619921517188617,0.15864238669305525,2.546513903156403,1.009660080909286,1.0132238834886693,0.041689549678494676,0.08991229296059323,0.06191562062782681,-0.4823777018908726,-0.1472489634174212,-0.9347253270395376
CHE,2006,0.5998044031046332,0.13368747205881334,2.50753391566746,1.0125747335392647,1.0155451486599603,0.05418587785613875,0.11168568688824981,0.07734118121496787,-0.46988137371322825,-0.1254755694897646,-0.9192997664523965
CHE,2007,0.5784559186841107,0.09649315280767792,2.4804772333018454,1.0135249164501976,1.010907853538167,0.06762014902251691,0.14504421211114693,0.08818997322028428,-0.4564471025468501,-0.09211704426686729,-0.90845097444708
CHE,2008,0.5787385030495233,0.09282909972790396,2.4773504589462734,0.9998210062243579,1.0012621445400594,0.06744113922557705,0.14839141830381214,0.08945132192549224,-0.4566261123437901,-0.08876983807420226,-0.9071896257418721
CHE,2009,0.6054262351923995,0.10719763149374094,2.563545078446429,0.9833765441489265,0.9663767880561744,0.05067796314601969,0.1353290896846008,0.05524985085383771,-0.4733892884233475,-0.10183216669341366,-0.9413910968135267
CHE,2010,0.5866113045966082,0.09703571834724772,2.51165503922188,1.0118585633048762,1.020659699845017,0.062466764663851426,0.144549515590149,0.07569903364189927,-0.4616004869055156,-0.09261174078786549,-0.920941914025465
CHE,2011,0.5800874330320145,0.06326931497964014,2.534265759969185,1.0041288041586884,0.9910779993541089,0.0665870686995125,0.1758128354100864,0.06673699361608132,-0.4574801828698546,-0.061348420967927975,-0.9299039540512829
CHE,2012,0.5868820148864152,0.07206131652237573,2.5540784708647717,0.9957182816424526,0.9922427164546443,0.062296157535862956,0.16757799711667667,0.05894946583646096,-0.46177109403350397,-0.06958325926133763,-0.9376914818309035
CHE,2013,0.5868694590483642,0.06681414748027055,2.5472186044069476,1.0000079123320318,1.0026930811693804,0.06230406983659244,0.1724844815351734,0.061638927160317776,-0.4617631817327746,-0.06467677484284086,-0.9350020205070466
CHE,2014,0.5478556847539269,0.040802235541828394,2.540031277393986,1.02520504636105,1.0028296214605419,0.08719670765087756,0.19716946025694845,0.06446455277809482,-0.4368705439184895,-0.03999179612106578,-0.9321763948892695
CHE,2015,0.5375582037398041,0.018770882133244054,2.5426134376746456,1.0066972950936595,0.9989844463800911,0.09387167549642532,0.2185643732156527,0.06344848313421216,-0.4301955760729417,-0.018596883162361758,-0.9331924645331522
CHE,2016,0.5344065272796431,0.008038200236520498,2.5344098153061405,1.002054003553901,1.0032368965425247,0.09592357246915008,0.22915519038687282,0.06668015220461007,-0.42814367910021695,-0.008006065991141613,-0.9299607954627542
CHE,2017,0.5201193632095371,0.015115498852869811,2.5354155923853634,1.0093987119800518,0.9996033087899894,0.10527839136705067,0.22215885838480834,0.06628338229182688,-0.41878886020231654,-0.015002397993205921,-0.9303575653755373
CHE,2018,0.49675768267881326,-0.0,2.501136421041985,1.0156081914935704,1.0137054384778812,0.12076602785204162,0.23716125637801444,0.07989575066133921,-0.40330122371732546,0.0,-0.9167451970060252
CHE,2019,0.49104718237422273,-0.0,2.5028599145565296,1.003829858888501,0.9993113903400982,0.12458857150259371,0.23716125637801444,0.07920690380090685,-0.39947868006677334,0.0,-0.9174340438664574
CHE,2020,0.47236634205461564,,2.5643565131493284,1.0126876306432944,0.9760187016596715,0.1371963885481919,,0.05493337258483104,-0.38687086302117524,,-0.9417075750825333
CHE,2021,0.46856617714668614,,2.459106469080505,1.0025876701827034,1.0428001167872079,0.13978071647693377,,0.09684288765590453,-0.3842865350924332,,-0.8997980600114599
CHE,2022,0.4219381216608949,,2.4319990839842145,1.0327919019649938,1.0111461329384555,0.17204643614152634,,0.10792736021474228,-0.35202081542784075,,-0.8887135874526221
CHE,2023,0.418103727603672,,2.4609188723988304,1.0027038882858748,0.9882483779782526,0.17474667549752246,,0.09610614210094726,-0.3493205760718447,,-0.9005348055664171
CHL,1995,0.5352680625805945,9.971585309344385e-14,3.016878294010945,,,0.0,0.0,0.0,-0.428704999395481,-9.971585309343888e-14,-1.1042226192939493
CHL,1996,0.5494307259739724,0.30942906563688244,2.9619212719246204,0.9908594407249313,1.0185545181795512,-0.00918259050904091,-0.2695912144543344,0.01838448316531364,-0.4378875899045219,-0.26959121445443424,-1.0858381361286356
CHL,1997,0.5647438347240249,0.3779574378127878,2.8993218853487273,0.990213664108954,1.0215910440617957,-0.019017127316554774,-0.3206022851860453,0.039745742283004704,-0.44772212671203565,-0.3206022851861451,-1.0644768770109445
CHL,1998,0.5680733968489231,0.4116220679497146,2.9125661538837213,0.997876654159436,0.9954527149478362,-0.02114273065209253,-0.34473944598494455,0.035188086880265826,-0.44984773004757345,-0.3447394459850442,-1.0690345324136834
CHL,1999,0.6029538064182681,0.47395542643840133,2.9866904706374715,0.9782399159416304,0.97518178817575,-0.043143056859930064,-0.3879495534444119,0.010056710927470307,-0.471848056255411,-0.38794955344451154,-1.094165908366479
CHL,2000,0.5796206009518582,0.4601017081738089,2.969678221428596,1.0147713985575713,1.0057286506955934,-0.02847969282869868,-0.3785060964265279,0.015769015302197438,-0.4571846922241797,-0.3785060964266275,-1.0884536039917518
CHL,2001,0.5541512822203819,0.43561711919190044,2.978087713973788,1.0163879276250951,0.9971762105912014,-0.01222459801791688,-0.361594804984605,0.012941231478723562,-0.4409295974133978,-0.36159480498470475,-1.0912813878152257
CHL,2002,0.5609603526934454,0.47647117166570857,2.9932367618800515,0.9956378965927518,0.9949389075735032,-0.016596243156355134,-0.38965489723341795,0.007867288346542612,-0.44530124255183606,-0.3896548972335176,-1.0963553309474068
CHL,2003,0.5514556570431621,0.477570932011732,2.9788849511511817,1.0061263082880485,1.0048178465983801,-0.010488624401872997,-0.390399477275431,0.01267356626453823,-0.43919362379735405,-0.3903994772755307,-1.091549053029411
CHL,2004,0.5454036611992215,0.4888601682154248,2.9056904527972476,1.0039161262496583,1.025190053635435,-0.006580146213935352,-0.3980108394299267,0.037551579847995696,-0.4352851456094162,-0.3980108394300263,-1.0666710394459535
CHL,2005,0.5424242010967572,0.49675904840532575,2.899053410080894,1.0019316735955945,1.0022893826975643,-0.0046503359006644885,-0.4033021361734671,0.03983834590189682,-0.4333553352961455,-0.4033021361735668,-1.0643842733920525
CHL,2006,0.5404297962293172,0.5029341100915934,2.8818955512167697,1.001294706758024,1.0059536713108423,-0.0033564665527126766,-0.40741927088203506,0.04577436414409293,-0.43206146594819356,-0.40741927088213464,-1.0584482551498562
CHL,2007,0.555946588410713,0.5319497427720169,2.8804829601070723,0.9900274262002495,1.0004904007866948,-0.013379099557366313,-0.4265412658011034,0.04626464472362022,-0.44208409895284717,-0.4265412658012032,-1.0579579745703291
CHL,2008,0.5633123805945912,0.5463919806105764,2.9151515760149134,0.9952883427040495,0.9881074396977896,-0.01810189170004269,-0.4359244630542684,0.03430080221047226,-0.4468068910955235,-0.4359244630543681,-1.069921817083477
CHL,2009,0.5843434341889341,0.5710246399851882,3.0507030595647326,0.9867256977619192,0.95556713291881,-0.03146508500909941,-0.4517280434184894,-0.011149456094415089,-0.46017008440458035,-0.4517280434185892,-1.1153720753883642
CHL,2010,0.5868801616815428,0.5747233431274511,3.0113482901890807,0.9984014372642226,1.01306882020385,-0.033064926809578794,-0.4540796016911488,0.0018347038870729273,-0.4617699262050598,-0.4540796016912485,-1.1023879154068763
CHL,2011,0.5930088807955148,0.583405784959598,2.9880718627980842,0.9961527401461115,1.007789781658464,-0.03691960640421983,-0.45957808725328436,0.00959430184468665,-0.46562460579970066,-0.459578087253384,-1.0946283174492626
CHL,2012,0.5872035153046816,0.5797967711102681,2.977351022191306,1.0036576062457365,1.0036007983361288,-0.03326867293423334,-0.45729621288618066,0.013188632826928545,-0.46197367232971426,-0.45729621288628036,-1.0910339864670209
CHL,2013,0.6003811189757617,0.5947562250377317,3.0210146098453583,0.9917659590488584,0.9855467141695528,-0.041536800845142524,-0.46672088758900954,-0.0013701191946740362,-0.4702418002406234,-0.4667208875891091,-1.1055927384886233
CHL,2014,0.6047645801866101,0.6016082330184244,3.079250208901209,0.9972684708617269,0.9810877339920254,-0.04427206741662226,-0.4710082700615262,-0.0204635093870928,-0.47297706681210305,-0.471008270061626,-1.124686128681042
CHL,2015,0.6255673974630801,0.6223623662801755,3.129139487902519,0.9872027346827111,0.9840565499894827,-0.057151923110963086,-0.4838833378192663,-0.0365354234667782,-0.4858569225064441,-0.4838833378193662,-1.1407580427607276
CHL,2016,0.6416107520955335,0.6383954708920814,3.1735310227542732,0.9902270653308198,0.9860119423653129,-0.06697292634318046,-0.4937173915110362,-0.05062223598726268,-0.49567792573866143,-0.4937173915111359,-1.154844855281212
CHL,2017,0.6522347029466834,0.6488665434177643,3.219920747763707,0.993569950545039,0.9855928985079362,-0.0734237376136587,-0.5000881084755006,-0.065134127463732,-0.5021287370091396,-0.5000881084756004,-1.1693567467576813
CHL,2018,0.6436724495082599,0.6403924644235928,3.1861886180022463,1.0052092212417292,1.0105869845780224,-0.06822803742911063,-0.49493552078187847,-0.05460279257657309,-0.49693303682459145,-0.4949355207819781,-1.1588254118705223
CHL,2019,0.6781907854009264,0.6764222406370732,3.277211368673323,0.9794312206973418,0.972225547750396,-0.08901130027991502,-0.5166619038842023,-0.082770249005855,-0.517716299675396,-0.5166619038843021,-1.1869928682998043
CHL,2020,0.7204053138730474,,3.388486855205192,0.9754624517073328,0.9671607147122516,-0.113854911269955,,-0.11616084705548806,-0.5425599106654359,,-1.2203834663494373
CHL,2021,0.6608987352269404,,3.186378358392553,1.0358279390452882,1.063428907078881,-0.07865386322842417,,-0.05466234170051811,-0.5073588626239052,,-1.1588849609944674
CHL,2022,0.670990655796785,,3.2847099165283975,0.9939605164548136,0.9700638532367659,-0.08471165821936683,,-0.08505572327265945,-0.5134166576148477,,-1.1892783425666087
CHL,2023,0.6850323531503549,,3.3861844876999396,0.9916668084578215,0.9700327694665957,-0.09307976490721648,,-0.11548114837274594,-0.5217847643026975,,-1.2197037676666953
CHN,1995,0.942307144474748,0.9421250386295784,12.457126925061655,,,0.0,0.0,0.0,-0.6638765162071874,-0.6637827543203947,-2.52229290290733
CHN,1996,0.9393940201858043,0.939224535264998,11.740549137179373,1.0015020796489127,1.0610344354007308,0.0015009526556914214,0.00149458524633486,0.05924431471378009,-0.6623755635514961,-0.6622881690740599,-2.46304858819355
CHN,1997,0.9341918950405941,0.9339560576300969,11.150334602184602,1.0026895599958559,1.052932450554366,0.004186902257194257,0.004215078524616608,0.11082339628693008,-0.659689613949993,-0.6595676757957781,-2.4114695066204
CHN,1998,0.9276120992526717,0.9272729387998464,10.742259294245393,1.0034134439135722,1.0379878475059536,0.007594533594603823,0.007676735686167209,0.14810747335703822,-0.6562819826125835,-0.6561060186342275,-2.374185429550292
CHN,1999,0.9272341088490317,0.9270773087088583,10.361006422684685,1.0001961310262748,1.036796895591724,0.0077906453897034,0.007778247006412624,0.18424352574748337,-0.6560858708174842,-0.6560045073139822,-2.3380493771598467
CHN,2000,0.9232587434271717,0.923015864007467,9.914644330013374,1.0020669945920933,1.0450204846300026,0.00985550668764063,0.009888038133912503,0.22828001348887983,-0.6540210095195469,-0.6538947161864822,-2.2940128894184504
CHN,2001,0.9192627298268825,0.9189240850075552,9.445104381635403,1.0020820565825552,1.049712520836818,0.011935398794243005,0.012018097739891893,0.27679635049185414,-0.6519411174129445,-0.6517646565805029,-2.245496552415476
CHN,2002,0.9197288143971708,0.9194136499307808,8.93610593678753,0.9997572133278446,1.0569597594800733,0.01169258264463233,0.01176300558298028,0.332192986153905,-0.6521839335625552,-0.6520197487374144,-2.190099916753425
CHN,2003,0.924732641940497,0.924398383081289,8.404188994760604,0.9974002479958559,1.0632918824598707,0.009089445416812496,0.00916936369724495,0.39356263151006926,-0.6547870707903749,-0.6546133906231499,-2.1287302713972607
CHN,2004,0.9235676956155934,0.9229934258827533,7.916971806526627,1.0006056175343132,1.0615408517474223,0.00969487963883455,0.009899706397311006,0.45328411785527906,-0.6541816365683528,-0.6538830479230836,-2.069008785052051
CHN,2005,0.9235972041112496,0.9229578573308087,7.383990165069656,0.9999846597325089,1.0721807084709116,0.009679539253680338,0.009918203018472786,0.5229787376321439,-0.654196976953507,-0.6538645513019221,-1.9993141652751862
CHN,2006,0.920193979443743,0.9196094691437051,6.801082442740739,1.0017723337870752,1.0857080806234152,0.011450304310498045,0.011660990457246431,0.6052111206375086,-0.6524262118966893,-0.6521217638631486,-1.9170817822698216
CHN,2007,0.9123154358269765,0.9117758600900945,6.192836445843227,1.0041198975175136,1.0982176749243524,0.015561738288215344,0.01575017454927512,0.698899690820049,-0.6483147779189721,-0.6480325797711198,-1.8233932120872811
CHN,2008,0.9119199469485744,0.9116344312254492,5.8860006381677135,1.0002068543084315,1.0521297611974147,0.015768571205244178,0.015824155029492293,0.7497161446747649,-0.6481079450019434,-0.6479585992909025,-1.7725767582325653
CHN,2009,0.9123085218282151,0.9122316523529358,5.654578706913368,0.9997968032484271,1.0409264674256644,0.01556535380641431,0.015511789941756901,0.7898272953340145,-0.6483111624007731,-0.6482709643786378,-1.7324656075733154
CHN,2010,0.9122987094768009,0.9055204673745131,5.3865307173856545,1.0000051311813187,1.0497626401094415,0.01557048497456862,0.01902757183690258,0.8383913769100758,-0.6483060312326188,-0.6447551824834922,-1.6839015259972543
CHN,2011,0.9150341250322658,0.9050980035552965,5.203197474471648,0.9985716100200466,1.0352347270718611,0.014141073873158896,0.019249301629150242,0.8730195673559821,-0.6497354423340285,-0.6445334526912444,-1.649273335551348
CHN,2012,0.9175624775731935,0.9011600796269035,5.1025020693787315,0.9986814757951836,1.0197345152875512,0.012821679650459342,0.021318486244255357,0.8925618816438187,-0.651054836556728,-0.6424642680761395,-1.6297310212635114
CHN,2013,0.9177917086923002,0.890343478589195,5.016034849410233,0.9998804713160103,1.0172381617282156,0.012702143822347182,0.027024207057316545,0.9096531519512775,-0.6511743723848403,-0.6367585472630781,-1.6126397509560528
CHN,2014,0.9171897953829086,0.8690097775048042,4.932349868347265,1.000313956036508,1.0169665541368031,0.013016050584971671,0.03837399445091278,0.926477381689114,-0.650860465622216,-0.6254087598694821,-1.5958155212182161
CHN,2015,0.9158713944590235,0.8483964866852555,4.860892009297798,1.0006881468806819,1.0147005650223835,0.013703960801155855,0.04946425504115509,0.9410709408287404,-0.6501725554060315,-0.6143184992792396,-1.5812219620785897
CHN,2016,0.9151151226062467,0.8191741953602515,4.795018885219099,1.0003948962878784,1.0137378236990384,0.014098779138016094,0.06540009501534386,0.9547152560564106,-0.6497777370691712,-0.5983826593050511,-1.5675776468509195
CHN,2017,0.9163685085241156,0.7870881105982752,4.724203834394486,0.9993459577778002,1.0149898381414122,0.013444522936896209,0.08319521292422463,0.9695938568167064,-0.6504319932702912,-0.5805875413961701,-1.5526990460906238
CHN,2018,0.9175852640819491,0.7801674079058569,4.665434275096116,0.9993654751209115,1.012596803605632,0.01280979666169818,0.08707534505345428,0.9821119807444519,-0.6510667195454892,-0.5767074092669405,-1.5401809221628782
CHN,2019,0.9193817189563203,0.7772282273357572,4.635246810479911,0.9990640450220877,1.006512590558922,0.011873403404431042,0.08872777932856155,0.9886034560127258,-0.6520031128027564,-0.5750549749918331,-1.5336894468946043
CHN,2020,0.9218070757447494,,4.763129600569294,0.9987379811329451,0.9731515199430856,0.010610587520928664,,0.9613879715975047,-0.6532659286862587,,-1.5609049313098253
CHN,2021,0.9193218618769876,,4.593772762728664,1.0012948395561605,1.0368666119523149,0.011904589495295787,,0.9975912637887792,-0.6519719267118915,,-1.524701639118551
CHN,2022,0.9163581198393004,,4.639644536657118,1.0015465491585338,0.9901130844041975,0.013449943978270835,,0.987655148082815,-0.6504265722289164,,-1.5346377548245151
CHN,2023,0.9160626453962355,,4.628387301214092,1.0001542091767068,1.0024322155235525,0.013604141265964721,,0.9900844105575226,-0.6502723749412227,,-1.5322084923498076
CIV,1995,0.5453202849051428,0.43871447994942825,4.760394536214109,,,0.0,0.0,0.0,-0.4352311930108971,-0.3637499926167419,-1.5603305505677605
CIV,1996,0.5481064087127139,0.42466459162470815,4.69921079172008,0.998200302129175,1.0130200042530195,-0.001801319272685824,0.009813580899456123,0.012935972606630021,-0.43703251228358303,-0.3539364117172858,-1.5473945779611307
CIV,1997,0.5153741877807158,0.43482950047827873,4.69202718424901,1.0216000913806873,1.0015310242649882,0.019568795912100152,0.0027039654619335795,0.014465826048854557,-0.41566239709879704,-0.36104602715480827,-1.545864724518906
CIV,1998,0.48321285022793736,0.37404010331559817,4.709872581910889,1.0216835618352658,0.9962110657238545,0.04102061336518701,0.04599461196770782,0.01066969557821167,-0.39421057964571,-0.3177553806490341,-1.549660854989549
CIV,1999,0.4703012770260659,0.4574192646833975,4.8273538843576205,1.0087815833418763,0.9756634161776675,0.04976386286183955,-0.012917252078412475,-0.013967916942582193,-0.3854673301490575,-0.37666724469515445,-1.5742984675103426
CIV,2000,0.5176804862673534,0.4732602040432792,5.070502110858672,0.9687818288038915,0.9520465190261256,0.018048019547028782,-0.023727778308141857,-0.06310929780394468,-0.41718317346386835,-0.3874777709248839,-1.6234398483717052
CIV,2001,0.5501652723416535,0.4723161529261111,5.1793537492729635,0.9790443079496749,0.9789835482024043,-0.0031303595531656197,-0.023086782431556752,-0.08434973909298807,-0.43836155256406273,-0.3868367750482988,-1.6446802896607486
CIV,2002,0.5732976828653704,0.44526929984518704,5.406506723412648,0.9852968635397804,0.957985260028253,-0.017942658465994604,-0.004545678258412115,-0.1272726264144359,-0.4531738514768917,-0.368295670875154,-1.6876031769821966
CIV,2003,0.4901693662492876,0.3069982638610795,5.603665078448842,1.0557844755762993,0.9648161779342512,0.036341410889634884,0.0960168863144226,-0.1630903113902611,-0.39888978212126225,-0.26773310630231933,-1.7234208619580218
CIV,2004,0.5784128522568712,0.4193360905042467,5.6594129260087485,0.944093533018684,0.9901495352453065,-0.021188625267668775,0.013560772233783268,-0.17298961294768628,-0.4564198182785659,-0.3501892203829587,-1.733320163515447
CIV,2005,0.577611966824476,0.40204700455622505,5.687101637509645,1.0005076567934552,0.9951313141094097,-0.020681097288329717,0.025816677778746848,-0.1778701894997238,-0.45591229029922664,-0.3379333148379952,-1.7382007400674846
CIV,2006,0.5472951144589967,0.3345282974576046,5.739899590570626,1.0195934518775236,0.9908015894306381,-0.0012771260355751966,0.0751720984398816,-0.1871111666787645,-0.43650831904647236,-0.2885778941768603,-1.747441717246525
CIV,2007,0.5339547497286067,0.26680858288925247,5.774426853744971,1.0086967133370461,0.9940206597037501,0.0073819887221610045,0.12724918170533112,-0.19310845481010902,-0.4278492042887361,-0.23650081091141065,-1.7534390053778697
CIV,2008,0.5291271168968753,0.29416507368311684,5.811191540939072,1.0031571167487559,0.9936734683523851,0.010534132242460126,0.10588423614011315,-0.19945508376808804,-0.4246970607684372,-0.2578657564766287,-1.7597856343358484
CIV,2009,0.4688741359913946,0.26492838307205124,5.837937658920128,1.041019839228644,0.9954185673873739,0.05073497955021972,0.12873448621219263,-0.2040470433076826,-0.3844962134606774,-0.2350155064045493,-1.7643775938754434
CIV,2010,0.4632961860222162,0.2606312495089743,5.6436950429365424,1.0038119076797032,1.034417631446386,0.05453964032037205,0.13213740543399533,-0.17020844988232395,-0.38069155269052507,-0.2316125871827465,-1.7305390004500845
CIV,2011,0.4764806887994619,0.22257655971621876,5.7706647532592905,0.9910703181712684,0.9779973857862675,0.04556984993321884,0.16278942667600943,-0.19245673185339257,-0.38966134307767836,-0.2009605659407324,-1.752787282421153
CIV,2012,0.4643753481421308,0.34268383246486095,5.169112029590052,1.008266555888618,1.1163744798382607,0.05380242498989729,0.06907952165559827,-0.0823703687697712,-0.3814287680209999,-0.2946704709611437,-1.6427009193375317
CIV,2013,0.41439811202179744,0.19209030408441483,4.792673442322233,1.0353346315266878,1.0785445934921492,0.08852711493676389,0.18804166838303157,-0.0067578350796229985,-0.34670407807413317,-0.17570832423371036,-1.5670883856473836
CIV,2014,0.351049543348973,0.20595259592456466,4.419362191684317,1.0468884127785547,1.0844717482853874,0.13434946309236315,0.1764802019461698,0.07433516541438631,-0.300881729918534,-0.1872697906705721,-1.4859953851533743
CIV,2015,0.28121235115232196,0.12669941621069264,4.093013722640208,1.0545086785448483,1.079733050304458,0.18742441400452828,0.24445750456975326,0.15104900035355995,-0.24780677900636894,-0.11929248804698858,-1.4092815502142004
CIV,2016,0.3284571088218657,-0.0,4.063362143070267,0.9644363695630018,1.007297301723527,0.15121299273259317,0.3637499926167419,0.15831980559466674,-0.28401820027830393,0.0,-1.4020107449730939
CIV,2017,0.3108292648903452,0.022229608729111824,3.922785660570071,1.0134478565620024,1.0358358816065845,0.16457122944082933,0.3417638599934208,0.1935285214452475,-0.27065996357006783,-0.021986132623321202,-1.366802029122513
CIV,2018,0.2895500229451611,0.031140166043719605,3.9300558379980095,1.0165012923628858,0.9981501083629281,0.1809378549113181,0.3330848452766931,0.19167691664553826,-0.25429333809957905,-0.030665147340048785,-1.3686536339222224
CIV,2019,0.2832508019169707,0.02898846820731148,3.8665691105339715,1.0049087996039279,1.0164193955026115,0.18583464564187144,0.33517374262324173,0.20796297147615175,-0.24939654736902567,-0.028576249993500287,-1.352367579091609
CIV,2020,0.3377587325200539,,4.047890393063712,0.959254289074681,0.9552059801716852,0.1442355670561131,,0.1621346957615038,-0.290995625954784,,-1.3981958548062567
CIV,2021,0.37251042514692656,,4.0290231410959905,0.9746801976945619,1.0046828353441994,0.11858970290273015,,0.16680660074238415,-0.31664149010816683,,-1.3935239498253764
CIV,2022,0.37732446562022914,,4.041352446958925,0.9965047883825001,0.9969492129120754,0.11508836876260017,,0.16375115051695677,-0.32014282424829676,,-1.3965794000508038
CIV,2023,0.37128817988002044,,4.007002614903687,1.0044019089705396,1.0085724506211893,0.11948061766995197,,0.17228706633006605,-0.3157505753409451,,-1.3880434842376945
CMR,1995,0.5048992092368566,0.3969997946644095,5.333336475328337,,,0.0,0.0,0.0,-0.40872592535146807,-0.3343269332915709,-1.6739770226955613
CMR,1996,0.5131901298882543,0.38441553179213533,5.335105209206866,0.9945208995963979,0.9996684725400584,-0.005494165729038692,0.009048881424820557,-0.00033158242731906297,-0.4142200910805069,-0.32527805186675024,-1.6743086051228802
CMR,1997,0.48230581458393246,0.37313499189046273,5.33929279299007,1.0208353195409887,0.9992157044115089,0.015127067144609388,0.01723049240903726,-0.001116185736501731,-0.39359885820685875,-0.31709644088253364,-1.6750932084320629
CMR,1998,0.4666150288297559,0.3484348440328527,5.331793292189014,1.01069863968781,1.0014065625559871,0.025768881331240452,0.03538238822657477,0.00028938853698571074,-0.3829570440202276,-0.29894454506499624,-1.6736876341585754
CMR,1999,0.44061692081877263,0.3362125625078897,5.3257670228679235,1.0180465102382716,1.0011315307814281,0.04365448627276147,0.04448776715919379,0.001420279619972771,-0.36507143907870665,-0.28983916613237704,-1.6725567430755883
CMR,2000,0.45063944358561525,0.3551366083374919,5.386875815344326,0.9930909621883234,0.9886559864063812,0.03672147055266953,0.030424666080447284,-0.009988568081527066,-0.3720044547987987,-0.30390226721112373,-1.6839655907770883
CMR,2001,0.4349729191308065,0.3269395663468334,5.3846061451594345,1.0109176446788264,1.0004215109004644,0.047579948003805224,0.05145172054084483,-0.009567145991826754,-0.3611459773476628,-0.2828752127507262,-1.683544168687388
CMR,2002,0.407226386501367,0.33300243964120424,5.376562543676316,1.0197171776308307,1.0014960490867122,0.06710526001913777,0.04689306190822372,-0.008072214871666457,-0.3416206653323303,-0.28743387138334714,-1.6820492375672276
CMR,2003,0.4040886240326475,0.3165209667016071,5.313380671874267,1.0022347324912495,1.0118910869941042,0.06933749920961603,0.05933430737103148,0.003748728654665224,-0.339388426141852,-0.2749926259205393,-1.670228294040896
CMR,2004,0.37190181118257476,0.29950569220627665,5.18775231776032,1.0234614551768306,1.0242163361739258,0.09252796480221548,0.07234297789681104,0.02767649875335537,-0.31619796054925264,-0.2619839553947599,-1.6463005239422057
CMR,2005,0.3532204318113522,0.3066832358289864,5.294012986126447,1.0138051265943542,0.9799281436134376,0.10623866865591283,0.06683488775633885,0.007400465904153864,-0.3024872566955551,-0.267492045535232,-1.6665765567914073
CMR,2006,0.34364316242070353,0.289428272750712,5.288065522945798,1.0071278369573917,1.0011246954401076,0.11334122265423967,0.08012801257793323,0.008524529348169385,-0.29538470269722844,-0.2541989207136377,-1.6654524933473915
CMR,2007,0.42702935108577783,0.3206471564015916,5.301303235266883,0.9415665917441511,0.9975029324425321,0.05313101868302676,0.056205046835156,0.006024338917741774,-0.3555949066684413,-0.27812188645641495,-1.6679526837778194
CMR,2008,0.41698977302427276,0.33232355074357767,5.286029958280333,1.0070851450395988,1.002889366331083,0.060191182012461326,0.04740248470660373,0.008909539053108125,-0.3485347433390069,-0.28692444858496724,-1.665067483642453
CMR,2009,0.44923777394313236,0.38343587981122457,5.25047214062758,0.9777483022464158,1.0067723086039462,0.037688180276218106,0.009756760480547452,0.015659018587517375,-0.37103774507525,-0.3245701728110235,-1.6583180041080436
CMR,2010,0.4403510550165834,0.395384109839777,5.20677991341864,1.0061698284564706,1.0083914104178553,0.043839053269114005,0.001157208364027152,0.0240154168521795,-0.36488687208235404,-0.3331697249275437,-1.6499616058433817
CMR,2011,0.42861383582883905,0.38095818591832337,5.25105073860036,1.0082158095444562,0.9915691492264043,0.05202129677314191,0.011549337441327764,0.01554882543172121,-0.35670462857832647,-0.32277759585024324,-1.65842819726384
CMR,2012,0.3926412543437063,0.35504998926104697,5.2399262883190305,1.025830472401225,1.0021230165596275,0.07752379829172527,0.030488587196839053,0.017669591576241914,-0.3312021270597429,-0.30383834609473187,-1.656307431119319
CMR,2013,0.3869670411889713,0.35976708559479365,5.2210170461961924,1.0040910944429298,1.0036217545270447,0.08160654696226992,0.02701350880244345,0.021284803343115038,-0.3271193783891982,-0.30731342448912735,-1.6526922193524463
CMR,2014,0.4047838607494142,0.37161515134935513,5.186469056492589,0.9873170385436104,1.0066611772532132,0.06884247016523555,0.018337945267859614,0.02792389298719378,-0.33988345518623253,-0.31598898802371134,-1.6460531297083674
CMR,2015,0.40524770423644,0.30249595971392984,4.927412617393211,0.9996699204804765,1.0525745374326756,0.0685123361574769,0.07004454059807594,0.07916299646748544,-0.34021358919399125,-0.26428239269349507,-1.5948140262280757
CMR,2016,0.38912780455938,0.29765908650339695,4.7507803873151175,1.0116043315986847,1.0371796243307125,0.08004985389029867,0.07376499472777273,0.11566812607713425,-0.32867607146116934,-0.26056193856379817,-1.5583088966184269
CMR,2017,0.37268268627583323,0.29658772076724876,4.6356076882397925,1.011980276613063,1.0248452213433656,0.09195893505286591,0.07459094990987257,0.14020972369787102,-0.3167669902986022,-0.2597359833816984,-1.53376729899769
CMR,2018,0.36663628197967285,0.3056785000107121,4.509077590237787,1.0044242966295331,1.0280611933305261,0.09637347325426604,0.06760410425038837,0.16788441554532238,-0.31235245209720197,-0.26672282904118266,-1.5060926071502387
CMR,2019,0.36022521917292094,0.30982870126299417,4.467390627087976,1.0047132362467521,1.0093313897596154,0.10107563698103016,0.06443056702331905,0.17717253684912326,-0.30765028837043806,-0.2698963662682519,-1.4968044858464378
CMR,2020,0.3876015980510235,,4.557037272134084,0.9802707211374255,0.980327866617574,0.08114913757319125,,0.15730433135266583,-0.3275767877782769,,-1.5166726913428952
CMR,2021,0.3831096525690149,,4.531524006586436,1.0032477146505812,1.005630173317093,0.08439158978939176,,0.16291871448389975,-0.3243343355620764,,-1.5110583082116613
CMR,2022,0.3917088425208047,,4.613759485416111,0.9938211286089021,0.9821760368979751,0.07819355017300333,,0.14493399143398075,-0.3305323751784649,,-1.5290430312615804
CMR,2023,0.38594441148152286,,4.669003181097364,1.0041592079678865,0.9881679892819715,0.08234413254425851,,0.13303142538393395,-0.3263817928072096,,-1.540945597311627
COD,1995,0.48314118596856315,0.4815789915299664,15.47203409988876,,,0.0,0.0,0.0,-0.3941622615700429,-0.3931084052263406,-2.739034142682706
COD,1996,0.5236970367794161,0.5228528998453003,15.90435461498854,0.9733832580677753,0.9728174751151264,-0.026977381167950884,-0.02747707823425508,-0.027558804203037572,-0.42113964273799365,-0.42058548346059577,-2.7665929468857433
COD,1997,0.5178708203733752,0.5155150226941005,17.054237184886027,1.0038384138675305,0.9325749631935136,-0.023146315214042798,-0.022646924938435484,-0.09736454541460465,-0.41730857678408556,-0.4157553301647761,-2.83639868809731
COD,1998,0.48783850920359534,0.4835575676399691,17.915196471889942,1.0201851954926582,0.9519425149283284,-0.0031621401901606376,-0.0013345600542718108,-0.14661517490717874,-0.39732440176020334,-0.3944429652806125,-2.8856493175898845
COD,1999,0.4447160232519137,0.43674322237083707,19.501624967425034,1.0298484167529458,0.9186514714448147,0.02624948302005806,0.030729504165432235,-0.23146365107792755,-0.3679127785499847,-0.3623789010609085,-2.970497793760633
COD,2000,0.4101442163346456,0.3969445284791653,21.770343627345927,1.0245165044233064,0.8957885691307538,0.05047028132191877,0.058821033342485514,-0.34151451688317963,-0.34369198024812414,-0.33428737188385527,-3.0805486595658853
COD,2001,0.41231465129029526,0.3980249461577165,22.99621113439876,0.9984632072225075,0.9466926312387556,0.04893230646717867,0.05804791739816467,-0.3962953263894153,-0.34522995510286414,-0.335060487828176,-3.135329469072121
COD,2002,0.4092857984643753,0.39519647952433706,23.08215739692878,1.0021492112027386,0.9962765065218098,0.0510792114193421,0.06007315433365391,-0.40002576932565115,-0.3430830501507007,-0.3330352508926867,-3.1390599120083564
COD,2003,0.43406060018503384,0.42296771194842736,22.570393576349307,0.9827240203674366,1.0226741203625147,0.033652260742264316,0.04036377650364873,-0.377604886025239,-0.36051000082777857,-0.352744628722692,-3.1166390287079446
COD,2004,0.3821800246045033,0.36928017724642104,21.837512051265126,1.0375353243839387,1.0335606695196637,0.07050028088435135,0.07882322153505494,-0.3445950846383417,-0.32366198068569146,-0.3142851836912857,-3.0836292273210475
COD,2005,0.38575814464907143,0.3742567767295576,20.73041008784076,0.9974179332386502,1.0534047304772676,0.06791487483921389,0.07519534625952258,-0.2925675659060614,-0.3262473867308289,-0.31791305896681815,-3.031601708588767
COD,2006,0.36531710349624574,0.3535127603806943,19.855832125050295,1.0149716436573462,1.0440464019479239,0.08277554965930856,0.0904051475068783,-0.24946363112305045,-0.31138671191073436,-0.30270325771946244,-2.988497773805756
COD,2007,0.3686313704561053,0.35839863357109336,18.896711809436063,0.9975784078668639,1.0507559370797672,0.08035102072983626,0.08680187456246216,-0.19995378591018842,-0.3138112408402065,-0.3063065306638785,-2.938987928592894
COD,2008,0.3430708263717574,0.3316628838709222,18.004795926553378,1.019031419328345,1.0495376835439323,0.09920360798707872,0.1066799553278649,-0.15160402008860552,-0.2949586535829639,-0.28642844989847577,-2.890638162771311
COD,2009,0.2999567287023993,0.2857670097683802,18.036706095591846,1.0331657944587083,0.9982308205905586,0.13183128327006918,0.14175297018859415,-0.15337476634423244,-0.26233097829997376,-0.2513554350377466,-2.892408909026938
COD,2010,0.3061490957755039,0.2939834762586762,17.40639189549794,0.9952590656816034,1.036211651666704,0.12707907507598418,0.13538297873559543,-0.11780334639714359,-0.2670831864940586,-0.25772542649074537,-2.856837489079849
COD,2011,0.3198247903157941,0.30819636067035255,16.923720638264,0.9896382499854258,1.0285203985311973,0.11666326839102815,0.12445904062197821,-0.08968208320030367,-0.2774989931790147,-0.2686493646043625,-2.828716225883009
COD,2012,0.2613346773391237,0.24970937763220566,16.23679184528981,1.0463716046403002,1.0423069285804427,0.16199183350538568,0.1701973788381917,-0.04824562606364953,-0.23217042806465718,-0.2229110263881489,-2.7872797687463553
COD,2013,0.34783543946716705,0.34073513750326695,15.619858566345265,0.9358224605206708,1.03949672631952,0.09566233407860981,0.09989033161794768,-0.009508947036449058,-0.2984999274914331,-0.29321807360839286,-2.748543089719155
COD,2014,0.39942548623903895,0.39491487074123927,15.085654312491661,0.9631348383467557,1.0354114076053869,0.05810047614451326,0.06027501637333729,0.025289895971472073,-0.3360617854255295,-0.3328333888530034,-2.713744246711234
COD,2015,0.20489640912830057,0.1939864011000859,14.820886848219665,1.1614487981182327,1.0178644818615425,0.20776866585122544,0.21581077968420181,0.042996683294815805,-0.18639359571881728,-0.1772976255421389,-2.69603745938789
COD,2016,0.12169259409491226,0.10656970518829385,15.263055912655082,1.07417702093373,0.9710301091101423,0.2793234723165643,0.2918435305982514,0.013598880475615392,-0.1148387892534784,-0.10126487462808925,-2.7254352622070903
COD,2017,0.14749187186971294,0.13313486066943575,15.47235384825134,0.9775168100034004,0.9864727799241798,0.2565836819805074,0.2681204005468801,-2.066600012441601e-05,-0.13757857958953543,-0.12498800467946056,-2.73905480868283
COD,2018,0.2226363487322599,0.2135101155190543,15.286332312626996,0.9385389801796227,1.012169141153021,0.19315279271713726,0.19959132325534137,0.01207502642626389,-0.20100946885290535,-0.1935170819709994,-2.7269591162564417
COD,2019,0.23884173093583935,0.23100295881722238,15.145500733790252,0.9869189245091563,1.0092985752872827,0.17998540644008004,0.18527915443859236,0.021330636102967444,-0.21417685512996273,-0.20782925078774822,-2.7177035065797384
COD,2020,0.25655413916266273,,14.761099147634251,0.9859039832230179,1.0260415286362743,0.1657890972204697,,0.0470388582860824,-0.22837316434957325,,-2.6919952843966235
COD,2021,0.2501735989646121,,15.01485244215188,1.005103723357568,0.9830998476012155,0.17087984072696266,,0.029994268658213065,-0.22328242084308006,,-2.7090398740244925
COD,2022,0.26877523066207865,,14.546510466551322,0.985338906964822,1.0321961735549894,0.15611021172369,,0.06168300830670443,-0.23805204984635295,,-2.6773511343760013
COD,2023,0.2948258433712193,,14.143408626583907,0.97988099106725,1.0285010389369467,0.13578605934553817,,0.08978544856480514,-0.25837620222450447,,-2.6492486941179005
COG,1995,0.7034955902005504,0.31362980635642285,3.897804097850209,,,0.0,0.0,0.0,-0.5326823694454722,-0.27279415004661905,-1.3604133427291114
COG,1996,0.7236205143661658,0.2490614841877894,3.8885723191832575,0.9883240400088786,1.0023740792016156,-0.011744659289059359,0.050401693383157316,0.0023712655279639607,-0.5444270287345315,-0.22239245666346164,-1.3580420772011474
COG,1997,0.7597852111664869,0.21044549111160388,3.982774234060114,0.9794493688372635,0.9763476638792992,-0.03250939304725933,0.08180568372515953,-0.021565277478780526,-0.5651917624927317,-0.1909884663214596,-1.3819786202078919
COG,1998,0.6963617872232842,0.17844686240914778,3.8211325438110304,1.0373879112468207,1.0423020369997085,0.0041965368865398665,0.10859679684251777,0.01986648661393584,-0.5284858325589323,-0.16419735320410114,-1.3405468561151757
COG,1999,0.7413507414694073,0.2096272220083201,4.042810215312779,0.9741643350907241,0.9451674306495739,-0.02197873082593454,0.0824819188895247,-0.03652670527759222,-0.5546611002714068,-0.19031223115709436,-1.3969400480067036
COG,2000,0.664673907470451,0.14533323365129228,3.734797553128144,1.0460611736958563,1.0824710463694756,0.02305311656354759,0.1370985216259376,0.04271972825641431,-0.5096292528819247,-0.1356956284206815,-1.3176936144726972
COG,2001,0.7262836028348886,0.2794344340173708,4.057750298121215,0.9643107915389669,0.9204108874953192,-0.013288521905068358,0.026376018182800883,-0.040215363543515494,-0.5459708913505407,-0.2464181318638183,-1.4006287062726268
COG,2002,0.6638210771397193,0.2317132705660307,4.139396861577578,1.0375416122282504,0.9802757343191186,0.023565558585144298,0.06438804695243751,-0.060136748885651764,-0.5091168108603279,-0.20840610309418148,-1.420550091614763
COG,2003,0.71344569404589,0.37795926874401353,4.277215602750938,0.9710381151392117,0.9677783974497988,-0.0058239993856317,-0.04780946386707525,-0.09288889505362466,-0.5385063688311039,-0.32060361391369435,-1.453302237782736
COG,2004,0.7459907322768238,0.40775778246913685,4.477124321516387,0.9813601311683401,0.9553488568980055,-0.024639779983523163,-0.0692040633941089,-0.1385676050779146,-0.5573221494289954,-0.34199821344072795,-1.4989809478070262
COG,2005,0.7434956789059651,0.35056555815361984,4.287401808789539,1.001431063696369,1.0442511621695683,-0.023209739282940452,-0.027729286641867777,-0.09526756776064899,-0.5558921087284128,-0.30052343668848686,-1.4556809104897603
COG,2006,0.728986781862063,0.3745545851623685,4.15640785321783,1.0083915604191471,1.0315161457195052,-0.01485319226524545,-0.04533559052891541,-0.06423786169328773,-0.5475355617107177,-0.3181297405755344,-1.4246512044223991
COG,2007,0.7882417010312748,0.49737717925525476,4.824559581932557,0.9668641441841784,0.8615103166687212,-0.048550477717611194,-0.13092088040543798,-0.21330610953976842,-0.5812328471630835,-0.40371503045205703,-1.5737194522688798
COG,2008,0.783984689849426,0.6005456921166914,4.832350043840457,1.0023862375086907,0.9983878523208743,-0.04616708275255307,-0.1975504786251351,-0.2149195581273228,-0.5788494521980253,-0.47034462867175425,-1.5753329008564343
COG,2009,0.7822978019711833,0.5825281636365776,4.603185309457157,1.000946468023681,1.0497839471968435,-0.04522106234731653,-0.18622952175795907,-0.16633517970476003,-0.5779034317927887,-0.45902367180457804,-1.5267485224338715
COG,2010,0.7776827719173697,0.56731659292489,4.43946784815407,1.0025960931425555,1.0368777220385006,-0.042628333233599804,-0.17657083052404784,-0.1301211725126015,-0.575310702679072,-0.44936498057066687,-1.4905345152417129
COG,2011,0.7684294361527583,0.6113347934515206,4.560335530825332,1.005232516251676,0.9734958794469697,-0.03740945902762796,-0.2042687497214193,-0.15698285941155546,-0.5700918284731004,-0.4770628997680383,-1.5173962021406668
COG,2012,0.7480984192088781,0.5638918809939443,4.423126212019828,1.0116303617236158,1.03102089161115,-0.02584621009810572,-0.17438335988765727,-0.1264333911376589,-0.558528579543578,-0.4471775099342763,-1.4868467338667704
COG,2013,0.7854012336505604,0.6308871284409135,4.774253517045876,0.979106761136593,0.92645398829945,-0.04696080128333758,-0.21632996729866938,-0.20282428747382106,-0.5796431707288098,-0.48912411734528843,-1.5632376302029325
COG,2014,0.7574664484331592,0.6208967135047311,4.82808577719821,1.015894918074997,0.9888501856353566,-0.031190884567536187,-0.21018537291296502,-0.214036726959412,-0.5638732540130084,-0.48297952295958413,-1.5744500696885233
COG,2015,0.7629004799096984,0.6347357039471092,5.2213568884956745,0.9969175619733127,0.9246802852791071,-0.0342780830914598,-0.21868699227398322,-0.292343965711645,-0.5669604525369322,-0.49148114232060236,-1.6527573084407565
COG,2016,0.784374952584069,0.6356819259530403,6.075230993152975,0.9879652689344959,0.8594499360403497,-0.04638581784391452,-0.21926564744247512,-0.443806669338899,-0.5790681872893866,-0.49205979748909406,-1.8042200120680105
COG,2017,0.7927354020629079,0.6588216907904393,6.5602518059885995,0.9953364844197208,0.9260667384149998,-0.051060241539634274,-0.2333133754518763,-0.5206156445494365,-0.5837426109851066,-0.5061075254984952,-1.881028987278548
COG,2018,0.8222800840706057,0.6933962719029357,6.810668051538956,0.9837869698154736,0.9632317646880807,-0.06740614099771214,-0.2539419906315477,-0.5580768712316685,-0.6000885104431843,-0.5267361406781669,-1.91849021396078
COG,2019,0.8391593567034467,0.7135477141222146,6.934254273831983,0.990822289231589,0.9821774314277154,-0.07662622642108259,-0.2657717578989236,-0.5760601744457353,-0.6093085958665547,-0.5385659079455426,-1.9364735171748466
COG,2020,0.855489906821199,,7.34712588185089,0.9911987933441635,0.9438050178180837,-0.0854663924577089,,-0.6338958575380594,-0.618148761903181,,-1.9943092002671707
COG,2021,0.8476045572833354,,7.24692580809501,1.0042678772937528,1.013826562656948,-0.08120759672210526,,-0.6201640097431736,-0.6138899661675774,,-1.980577352472285
COG,2022,0.8574222166607495,,7.304431793110775,0.9947143631160695,0.9921272473144316,-0.08650725200393036,,-0.628067916164329,-0.6191896214494026,,-1.9884812588934404
COG,2023,0.8471719018175149,,7.291726467142687,1.0055491937881629,1.0017424304141604,-0.08097339826783473,,-0.6263270020209672,-0.6136557677133071,,-1.9867403447500787
COL,1995,0.6170583751957137,0.5775988607921829,3.523737520916151,,,0.0,0.0,0.0,-0.48060868086834013,-0.4559039827514847,-1.2595222220184603
COL,1996,0.6283410506253961,0.5841546209721334,3.573642934820414,0.9930710612341629,0.9860351426221123,-0.00695305532806602,-0.004146920126872879,-0.014063283410072125,-0.48756173619640625,-0.4600509028783575,-1.2735855054285323
COL,1997,0.638445786724754,0.594333977146877,3.576246577199267,0.993832730883603,0.9992719622870935,-0.013139420603224882,-0.010552097092122022,-0.014791586271134019,-0.49374810147156484,-0.4664560798436067,-1.274313808289594
COL,1998,0.6543199495509842,0.6090142669857112,3.6347181647197315,0.9904044179419232,0.9839130340041171,-0.022781336899709622,-0.019717752208704694,-0.031009352183883492,-0.5033900177680497,-0.47562173496018956,-1.2905315742023438
COL,1999,0.6697789294678236,0.6017877750027878,3.79581117204796,0.9907419002336038,0.9575603210943409,-0.0320825592334631,-0.01521638208962026,-0.07437591356359496,-0.5126912401018031,-0.4711203648411049,-1.333898135582055
COL,2000,0.6564782350855554,0.59899742167799,3.8264277391651476,1.0080295014450227,0.9919986553505733,-0.024085122705995294,-0.013472838639989349,-0.08240944075515164,-0.5046938035743354,-0.469376821391474,-1.3419316627736118
COL,2001,0.6486189115030973,0.5870149843575984,3.8088619618199764,1.0047672166852026,1.0046118177873735,-0.01932923321306636,-0.005950900687467963,-0.07780822481606499,-0.4999379140814064,-0.4618548834389526,-1.3373304468345253
COL,2002,0.6360632829579801,0.564884007787287,3.8048349720673746,1.0076742927219886,1.0010583874943761,-0.011684238078762572,0.00809227793597511,-0.07675039701885003,-0.4922929189471026,-0.44781170481550964,-1.3362726190373102
COL,2003,0.6231477569104237,0.5377663791401979,3.7879040635333032,1.0079570858491285,1.004469730027502,-0.0037586428982380993,0.025573022334483553,-0.07229062656788991,-0.48436732376657815,-0.4303309604170012,-1.33181284858635
COL,2004,0.5884995878349522,0.4867816152625877,3.7292290960668284,1.0218118842087303,1.0157338060910117,0.01781876560902169,0.05929018869327938,-0.05667931361901371,-0.4627899152593184,-0.3966137940582053,-1.3162015356374739
COL,2005,0.5873981870307748,0.47731256341381867,3.7099553751726115,1.0006938402810184,1.0051951355057256,0.018512365294155942,0.06567938113448461,-0.05149762627318294,-0.46209631557418424,-0.3902246016170001,-1.3110198482916429
COL,2006,0.5638926480431689,0.44921287730757625,3.627905901056373,1.0150301486595115,1.022616207904496,0.03343068045959704,0.08488341694788884,-0.02913337303377847,-0.44717800040874306,-0.37102056580359605,-1.2886555950522385
COL,2007,0.5369526774647597,0.4367796205888847,3.5948505569422826,1.0175281717995686,1.009195192843345,0.05080700568322777,0.09349974817486131,-0.019980198594339985,-0.4298016751851123,-0.36240423457662335,-1.2795024206128
COL,2008,0.5526918311760632,0.41576631345931053,3.5942640923646505,0.9898633113182659,1.0001631668020383,0.040618590921783604,0.10823303396709738,-0.019817045102556573,-0.4399900899465565,-0.3476709487843873,-1.2793392671210166
COL,2009,0.5826905922466541,0.4518621166010403,3.65668217736243,0.9810457197271849,0.9829304046755298,0.021482375645507992,0.08305703187653053,-0.03703400534975792,-0.45912630522283215,-0.37284695087495406,-1.296556227368218
COL,2010,0.5801846703997503,0.4497631826885012,3.632111756293619,1.001585841132271,1.0067647756229516,0.023066960659557705,0.08450376194133052,-0.03029200815183361,-0.4575417202087824,-0.3714002208101542,-1.2898142301702937
COL,2011,0.5504853609659837,0.40105806040374625,3.5453704142695814,1.019154846721844,1.0244660872880635,0.04204066284697697,0.11867627413986494,-0.006120421722691615,-0.4385680180213631,-0.33722770861161977,-1.2656426437411519
COL,2012,0.5538031456605091,0.3907355267649545,3.5424950661500505,0.9978647329272105,1.00081167314727,0.039903112841091166,0.12607121961651196,-0.005309077803932005,-0.4407055680272487,-0.32983276313497256,-1.264831299822392
COL,2013,0.5535383436858704,0.4661811826472595,3.487825936710132,1.0001704508779685,1.01567427114539,0.0400735491939592,0.07324279712330178,0.01024362068307827,-0.44053513167438074,-0.382661185628183,-1.249278601335382
COL,2014,0.554390639738958,0.4242606132181646,3.437470271200963,0.9994516847751794,1.0146490475658938,0.039525083589372914,0.102251171606488,0.024786407441069615,-0.4410835972789671,-0.3536528111449967,-1.2347358145773906
COL,2015,0.5685421050440305,0.40599623399545726,3.491948982742045,0.990977949996009,0.9843987664738724,0.030462088433385492,0.11515786789045569,0.009062193900964957,-0.4501465924349545,-0.34074611486102907,-1.2504600281174951
COL,2016,0.5691547707398086,0.4817838383534291,3.5139495558093397,0.9996095568727813,0.9937390754426388,0.03007156906340266,0.06265732457702526,0.002781587561674138,-0.45053711180493744,-0.3932466581744597,-1.256740634456786
COL,2017,0.5694629288845381,0.4091493841333265,3.5590350874343555,0.9998036537601123,0.9873320912782805,0.029875203545068462,0.11291773406849041,-0.009967243251207465,-0.45073347732327157,-0.3429862486829944,-1.2694894652696675
COL,2018,0.5715262795772641,0.3955413444302734,3.556737842459445,0.998687040287178,1.0006458853805549,0.02856138114544477,0.12262158223067349,-0.009321566364844167,-0.45204729972289537,-0.33328240052081126,-1.2688437883833044
COL,2019,0.5799873996897226,0.4622882980844994,3.525296353586956,0.9946448179813837,1.008918821488723,0.02319180874118646,0.07590144655189768,-0.0004422826514864922,-0.4574168721271535,-0.38000253619958707,-1.2599645046699466
COL,2020,0.6496786666141939,,3.7091996442768984,0.9577546413523637,0.9504196839407942,-0.019971840571841957,,-0.051293902022551685,-0.5005805214401821,,-1.3108161240410119
COL,2021,0.5796621120303896,,3.484096204514005,1.044323753827209,1.0646088473306934,0.023397709844631954,,0.011313550173504956,-0.45721097102370795,,-1.2482086718449552
COL,2022,0.5465852318000781,,3.407608390163133,1.021387040009307,1.0224461867659653,0.04455925653784095,,0.03351152864362557,-0.4360494243304989,,-1.2260106933748345
COL,2023,0.5708744753110426,,3.4908806227261935,0.9845377565854493,0.976145780517115,0.028976225925860098,,0.00936819020462695,-0.4516324549424801,,-1.250154031813833
CRI,1995,0.3365759846304445,0.3132110766475213,2.898357209930203,,,0.0,0.0,0.0,-0.2901111084266401,-0.2724753414616321,-1.0641440971479774
CRI,1996,0.3465736777287143,0.31411508888086326,2.9698358929408037,0.9925754577980962,0.9759317734759342,-0.007452241302616732,-0.0006881614326221752,-0.024362599237936076,-0.2975633497292569,-0.27316350289425423,-1.0885066963859136
CRI,1997,0.34800562123429657,0.3108950087199339,2.9663207997832783,0.998937731799463,1.0011850010146515,-0.008515074109896563,0.0017652247688545774,-0.02317829978280917,-0.2986261825365368,-0.2707101166927774,-1.0873223969307866
CRI,1998,0.34928564465397194,0.3065924543028089,2.9352848718497806,0.9990513325145443,1.0105733955266631,-0.009464191865144703,0.005052773116699635,-0.012660411677502263,-0.29957530029178486,-0.2674225683449326,-1.0768045088254798
CRI,1999,0.36184016949986303,0.3159721202294719,2.9591877672812097,0.9907812053667785,0.9919224809943742,-0.018725742561389827,-0.002100305981119381,-0.02077073058707737,-0.3088368509880302,-0.2745756474427516,-1.0849148277350549
CRI,2000,0.3619438439598616,0.31616804571853807,2.9945442564818507,0.99992387758096,0.9881930316694736,-0.018801867877888193,-0.0022491776042668087,-0.032647954721109866,-0.30891297630452835,-0.27472451906589895,-1.0967920518690872
CRI,2001,0.37569793878798485,0.33124391252287083,3.0158671386675673,0.990002096797324,0.9929297673918297,-0.02885008575653763,-0.013638436250737948,-0.039743299861481084,-0.3189611941831778,-0.28611377771237007,-1.1038873970094585
CRI,2002,0.40127549723720185,0.3367217149357011,3.048774585004454,0.9817469451941131,0.9892063367036896,-0.04727178287784579,-0.017744793584396217,-0.050595637329602434,-0.33738289130448595,-0.2902201350460283,-1.11473973447758
CRI,2003,0.40990870243494554,0.3485329017343596,3.056108427073738,0.9938767629543432,0.9976002677116053,-0.05341384382092401,-0.026541920603190397,-0.05299825359028998,-0.34352495224756424,-0.29901726206482243,-1.1171423507382674
CRI,2004,0.4131912572556467,0.3471011485139669,3.06377520952846,0.9976772041265839,0.9974976028166564,-0.05573934156942197,-0.02547964484294975,-0.05550378700261807,-0.34585044999606224,-0.297954986304582,-1.1196478841505955
CRI,2005,0.40853390920839733,0.35275869047101327,3.0806664322785746,1.003306521778994,0.994517023143716,-0.05243827431320694,-0.029670640357839787,-0.061001850548422915,-0.3425493827398472,-0.30214598181947183,-1.1251459476964005
CRI,2006,0.3885757631682339,0.3392397181665079,2.998575456599252,1.014373105573027,1.0273766583057489,-0.03816748260873562,-0.019626736980760884,-0.03399323094396368,-0.3282785910353759,-0.292102078442393,-1.0981373280919413
CRI,2007,0.38880424005100483,0.33128740980801336,2.9280738323319317,0.9998354866177809,1.0240778164433006,-0.038332009524765544,-0.013671109883368426,-0.010200714593529834,-0.32844311795140574,-0.28614645134500044,-1.0743448117415073
CRI,2008,0.39218487677648717,0.3301145353223148,2.9316916179919974,0.9975717041738666,0.9987659733247989,-0.040763258442831095,-0.012789713847888162,-0.011435503306629723,-0.3308743668694712,-0.28526505530952034,-1.0755796004546072
CRI,2009,0.424436112956984,0.36411069262698875,3.0262185485779765,0.9773585941221705,0.9687640105733945,-0.06366491677440464,-0.038027367619253384,-0.043169739198416435,-0.35377602520104473,-0.31050270908088545,-1.107313836346394
CRI,2010,0.4040537002600717,0.35225842736417534,2.9897849237032146,1.014516832720242,1.0121860353853263,-0.049252444494025396,-0.02930076239348747,-0.031057355795561785,-0.33936355292066556,-0.30177610385511966,-1.0952014529435392
CRI,2011,0.3943292612501605,0.35894858953384706,2.982609032562783,1.0069742773677377,1.002405910751992,-0.04230237490933322,-0.03423596336256444,-0.02865433461307359,-0.3324134833359734,-0.30671130482419656,-1.092798431761051
CRI,2012,0.38332289187584034,0.35513362921937863,2.932217777783813,1.0079564716516727,1.0171853725056728,-0.03437738907780923,-0.03142472735755876,-0.011614960306291661,-0.3244884975044494,-0.30390006881919074,-1.0757590574542693
CRI,2013,0.40881838836160583,0.3841029311171374,2.9948050172508607,0.9819029218411781,0.97910139755125,-0.05264022218775615,-0.0525768851628345,-0.032735029545855145,-0.3427513306143964,-0.3250522266244667,-1.0968791266938327
CRI,2014,0.4161565415938819,0.35151374765325644,3.009196008125226,0.9948182612467285,0.9952176625133397,-0.05783543270754917,-0.02874991736547107,-0.03752883899825506,-0.3479465411341894,-0.3012252588271032,-1.1016729361462325
CRI,2015,0.41151782784862473,0.19520813660719863,3.0185271510293523,1.0032863302565065,0.9969087099644128,-0.054554490632651234,0.09415499835144218,-0.04062491694063602,-0.3446655990592915,-0.1783203431101899,-1.1047690140886135
CRI,2016,0.4201754391725205,0.21970373121250186,3.0149246101817107,0.9939038437892291,1.001194902464717,-0.060669304268058055,0.07386735547610912,-0.03943072780368758,-0.3507804126946983,-0.19860798598552298,-1.1035748249516653
CRI,2017,0.4199306290377422,0.1759369566614206,3.008353391899724,1.000172409926071,1.0021843239227413,-0.06049690920287035,0.11041010170327714,-0.037248786048126814,-0.35060801762951055,-0.162065239758355,-1.1013928831961044
CRI,2018,0.4270972750160856,0.18619821442490544,3.01693832642033,0.9949781657467865,0.9971544216050341,-0.06553139524026592,0.10172192633035726,-0.040098420798238874,-0.3556425036669062,-0.17075341513127482,-1.1042425179462163
CRI,2019,0.4251945737464918,0.18067219070675522,3.0440834272600066,1.0013350466698678,0.9910826685640117,-0.06419723895282355,0.10639141203349933,-0.049055749591533186,-0.3543083473794639,-0.16608392942813274,-1.1131998467395108
CRI,2020,0.46592192981567687,,3.1002152972910495,0.9722172407405718,0.9818942026122862,-0.09237323974234424,,-0.06732746267058025,-0.38248434816898436,,-1.1314715598185578
CRI,2021,0.4315546072220278,,2.981810279257924,1.024006993809576,1.0397091051891445,-0.06864988325618769,,-0.028386495191371194,-0.358760991682828,,-1.0925305923393487
CRI,2022,0.4185300924315755,,2.964785022411446,1.0091816979138781,1.005742492868043,-0.059510080877764084,,-0.02266042758420181,-0.3496211893044043,,-1.0868045247321794
CRI,2023,0.3984021855768626,,2.843023317501084,1.0143935035730867,1.0428282470146555,-0.045219180403788584,,0.019276062788835934,-0.33533028883042876,,-1.0448680343591417
CYP,1995,0.9171777283889984,0.916575194728718,4.085406210924713,,,0.0,0.0,0.0,-0.6508541714973907,-0.6505398405129351,-1.4074211630070257
CYP,1996,0.9207239695492412,0.9201538508500241,4.103791477892112,0.9981536955770509,0.9955199314910508,-0.0018480109437883346,-0.0018654729675201822,-0.004490134090117722,-0.652702182441179,-0.6524053134804553,-1.4119112970971435
CYP,1997,0.9197810135038952,0.9191529620625124,4.073148579150338,1.00049117896193,1.0075231477925035,-0.0013569525707591127,-0.0013440825921430468,0.0030048559610813463,-0.6522111240681495,-0.6518839231050784,-1.4044163070459443
CYP,1998,0.9187214751164039,0.9180414461760219,3.92629996251123,1.0005522106263116,1.037401272964683,-0.0008048943566288905,-0.0007647447742871797,0.03972366596767464,-0.6516590658540194,-0.6513045852872225,-1.367697497039351
CYP,1999,0.9180008875132402,0.9173053380995317,3.840943790401829,1.0003756972209215,1.0222227079507644,-0.0004292676922369281,-0.00038089000081720253,0.06170304785556297,-0.6512834391896275,-0.6509207305137524,-1.3457181151514628
CYP,2000,0.916197796885194,0.9156061028602694,3.7166756107577714,1.0009409731244745,1.0334353041961393,0.0005112629945532093,0.000505765157674554,0.09459154728999175,-0.6503429085028373,-0.6500340753552607,-1.312829615717034
CYP,2001,0.9115281243357004,0.9109560688222089,3.6733427052390897,1.0024429002587218,1.011796586650322,0.002951184223100767,0.0029361640997790915,0.10631909661811632,-0.64790298727429,-0.6476036764131561,-1.3011020663889095
CYP,2002,0.9107182049172613,0.9101739082117442,3.639717202950262,1.0004238821906626,1.0092384931064347,0.0033749766010865686,0.0033455511795642827,0.11551517587369793,-0.647479194896304,-0.647194289333371,-1.2919059871333278
CYP,2003,0.9130005453104424,0.9124834384382363,3.6811327300604733,0.9988069316557301,0.9887492437390241,0.002181195984196605,0.002137213472014163,0.10420065110741682,-0.648672975513194,-0.6484026270409211,-1.303220511899609
CYP,2004,0.9114006469586248,0.9111074553711009,3.65363999946423,1.0008370293032827,1.007524750823911,0.003017875173808542,0.00285694691879148,0.11169723221896591,-0.6478362963235821,-0.6476828935941438,-1.2957239307880597
CYP,2005,0.909201758531814,0.9090125494288928,3.625535558014598,1.0011517318256096,1.0077518041127758,0.004168944265131705,0.003953721967520565,0.11941914547092951,-0.646685227232259,-0.6465861185454147,-1.2880020175360962
CYP,2006,0.9076450057263111,0.9057860701004686,3.5690098478976813,1.0008160600116005,1.0158379249500287,0.004984671480802953,0.00564528182142935,0.13513295921514284,-0.6458695000165877,-0.6448945586915059,-1.2722882037918828
CYP,2007,0.9066170415934547,0.8981679765380812,3.566279598235389,1.0005391560604102,1.0007655736425274,0.005523682248805674,0.009650642377147824,0.13589823995565167,-0.645330489248585,-0.6408891981357875,-1.271522923051374
CYP,2008,0.9056252861258286,0.8773320931284547,3.59333812758836,1.0005204357198902,0.9924698070729207,0.006043982588995675,0.020688170946018266,0.12833955198691102,-0.6448101889083951,-0.629851669566917,-1.2790816110201149
CYP,2009,0.9048793813891305,0.8623225360577202,3.7218873255760783,1.0003915758362367,0.9654612870453241,0.006435481779422427,0.028715456434611077,0.093190277793261,-0.644418689717968,-0.6218243840783241,-1.3142308852137647
CYP,2010,0.8986107787580456,0.8718506503528961,3.7053746271582826,1.0033016786279836,1.0044564180627693,0.009731721834184142,0.0236122464345849,0.09763679542778933,-0.6411224496632062,-0.6269275940783503,-1.3097843675792364
CYP,2011,0.894335441183176,0.8659729574516793,3.7406248382848672,1.002256906291211,0.9905763842538277,0.011986085137862347,0.026757230448059815,0.08816849647494139,-0.6388680863595282,-0.6237826100648753,-1.3192526665320843
CYP,2012,0.8908082825412225,0.84718288183775,3.8086025773373877,1.0018654237314917,0.9821515273194916,0.013849771127252927,0.03687812858426267,0.07015881874950779,-0.6370044003701375,-0.6136617119286725,-1.337262344257518
CYP,2013,0.8876541153597352,0.837129462380449,3.9257072108311744,1.0016709455168837,0.9701697994260268,0.015519322167856335,0.042335561869092084,0.03987464689983545,-0.6353348493295343,-0.6082042786438431,-1.3675465161071902
CYP,2014,0.8950800048674628,0.8593713865343972,3.944856078142967,0.9960814902333124,0.9951458641500539,0.011593114926773854,0.030301374139424568,0.035008691467713675,-0.6392610565706168,-0.6202384663735105,-1.3724124715393122
CYP,2015,0.8919957279610828,0.8350078272533514,3.9117208440644564,1.0016301711789295,1.0084707563242372,0.013221958818941018,0.043491093482337415,0.04344377225984969,-0.6376322126784496,-0.6070487470305977,-1.363977390747176
CYP,2016,0.8912148145866281,0.846797076935517,3.826457767423491,1.0004129162739375,1.0222825082160456,0.013634789866413987,0.03708701163611547,0.06548165266838302,-0.6372193816309766,-0.6134528288768196,-1.3419395103386427
CYP,2017,0.8871921571208107,0.8407524167930784,3.8008994459428984,1.0021315569008906,1.0067242824610563,0.015764078223009268,0.04036543030777436,0.0721834279820727,-0.6350900932743813,-0.6101744102051609,-1.335237735024953
CYP,2018,0.877752000397925,0.8286361775573463,3.766316795247315,1.0050273714105407,1.0091820875873274,0.020778854597544843,0.04696940966790833,0.08132361648855926,-0.6300753168998459,-0.6035704308450268,-1.3260975465184663
CYP,2019,0.8713773455881045,0.8196591629700652,3.7018767265926775,1.0034063973387561,1.0174074053281483,0.024179463306743035,0.05189063005539733,0.09858124854772882,-0.6266747081906474,-0.5986492104575378,-1.3088399144592968
CYP,2020,0.869792570344627,,3.86769675701673,1.0008475674086061,0.9571269308734653,0.02502667173292,,0.05476198636496804,-0.6258274997644707,,-1.3526591766420577
CYP,2021,0.8589245940793258,,3.5883276122888623,1.0058463782231488,1.077854971706351,0.030856026206199157,,0.1297349152059613,-0.6199981452911915,,-1.2776862478010642
CYP,2022,0.8498588337143835,,3.4753917587435152,1.0049007849678664,1.0324958627358254,0.03574484141894914,,0.1617139540154636,-0.6151093300784416,,-1.2457072089915622
CYP,2023,0.8457638276312194,,3.4589125888473133,1.0022185969959219,1.0047642631818265,0.03796098096261536,,0.16646690401388292,-0.6128931905347752,,-1.2409542589931428
CZE,1995,0.9357370878655644,0.9350106931046837,5.774582944496094,,,0.0,0.0,0.0,-0.660488177910164,-0.6601128526187673,-1.7534660363967813
CZE,1996,0.934774886913702,0.9342848385278392,5.644738031740391,1.0004973193307243,1.0230028235191047,0.0004971957084507207,0.000375186945233243,0.022742247003905997,-0.6599909822017131,-0.659737665673534,-1.730723789392875
CZE,1997,0.933199229433146,0.9329529502712883,5.722828757618397,1.0008150517838859,0.9863545234034743,0.0013119155180032842,0.0010639929519742606,0.009002815203538283,-0.6591762623921607,-0.6590488596667927,-1.744463221193243
CZE,1998,0.9307825112873127,0.9238605491229979,5.744387369161095,1.0012516780795897,0.9962470129263158,0.002562810901639602,0.0057789826678319115,0.005242768003956655,-0.6579253670085243,-0.6543338699509353,-1.7482232683928247
CZE,1999,0.9246299240488698,0.8902440887381422,5.646268027405437,1.0031967637838135,1.0173777336250092,0.00575447589962771,0.023406884405535493,0.022471235604851703,-0.6547337020105364,-0.6367059682132317,-1.7309948007919296
CZE,2000,0.9279902915416586,0.8910145743698618,5.46009533826756,0.9982570620259181,1.0340969667384872,0.0040100172419267775,0.02299935574324101,0.05599978557124822,-0.6564781606682372,-0.6371134968755262,-1.6974662508255332
CZE,2001,0.9259163478635452,0.8842927522263535,5.3420019206790395,1.0010768607267988,1.0221065846366277,0.005086298570130124,0.026560299880985395,0.07786556216601422,-0.655401879340034,-0.6335525527377818,-1.6756004742307669
CZE,2002,0.9229851955217165,0.8792241866660025,5.322399661895671,1.0015242719229738,1.0036829738517583,0.006609409969808748,0.029253827614250445,0.08154177047603012,-0.6538787679403552,-0.6308590250045167,-1.6719242659207512
CZE,2003,0.9227019870909645,0.877107286759691,5.155580196420803,1.0001472971020229,1.0323570692568569,0.006756696224678592,0.030380938011931185,0.11338637503403984,-0.6537314816854853,-0.629731914606836,-1.6400796613627415
CZE,2004,0.9196241194093332,0.8703034028235365,4.945604311421531,1.0016033699777531,1.0424570733478105,0.00835878217711737,0.03401218741375635,0.15496687223229186,-0.6521293957330466,-0.6261006652050106,-1.5984991641644895
CZE,2005,0.9130305783917985,0.8594951092149613,4.732296433862635,1.0034466469548424,1.045074918813737,0.011799503057165478,0.039807848400592864,0.19905544772399575,-0.6486886748529985,-0.6203050042181742,-1.5544105886727855
CZE,2006,0.908126545066172,0.8502294287127101,4.49915180168292,1.0025700776179163,1.0518196856777553,0.01436628367342585,0.044803205697438904,0.24957714590160646,-0.646121894236738,-0.6153096469213284,-1.5038888904951748
CZE,2007,0.9046392650737188,0.843929345159403,4.347835973953402,1.0018309398826333,1.0348025612364418,0.01619554942880504,0.04821404429252117,0.28378779233114254,-0.6442926284813587,-0.6118988083262461,-1.4696782440656386
CZE,2008,0.8981722260448566,0.8213705749793321,4.307129256813312,1.0034069822222285,1.0094510089465503,0.019596741035723803,0.0605235717644042,0.2931944199060021,-0.6408914368744403,-0.5995892808543628,-1.4602716164907792
CZE,2009,0.8964481047095509,0.8226793970650135,4.484463701000926,1.0009091318296683,0.9604558190206705,0.020505459855351713,0.05980523795888457,0.2528471241783101,-0.6399827180548123,-0.6003076146598824,-1.500618912218471
CZE,2010,0.8959229996334864,0.8194101594455132,4.358864309021902,1.0002769654021635,1.0288147056376726,0.02078238690967867,0.06160049227474968,0.28125449254866947,-0.6397057910004853,-0.5985123603440174,-1.4722115438481118
CZE,2011,0.8921881583282703,0.8141081788255133,4.3115214066433944,1.0019738213077687,1.0109805560296092,0.022754262791697805,0.06451886718823044,0.2921751999882201,-0.6377339151184661,-0.5955939854305367,-1.461290836408561
CZE,2012,0.8894294492001464,0.8079011762627943,4.378527363831742,1.0014600752249796,0.9846966910057839,0.024213273143250322,0.06794625128933258,0.27675358684572765,-0.6362749047669137,-0.5921666013294347,-1.4767124495510535
CZE,2013,0.8850171826074396,0.7996948203712009,4.415322273344275,1.002340703646321,0.991666540461912,0.026551241610122858,0.07249574632911898,0.26838520990990417,-0.6339369363000412,-0.5876171062896481,-1.4850808264868771
CZE,2014,0.8799657658280703,0.7867417813444445,4.349867722663135,1.0026869727476897,1.0150474807176588,0.029234610900024386,0.07971912529063407,0.28332060034172624,-0.6312535670101398,-0.5803937273281331,-1.470145436055055
CZE,2015,0.8752342625348823,0.7725918368831192,4.201020627545882,1.002523153180228,1.035431174543936,0.03175458627353998,0.08767006247300133,0.31813853407022663,-0.628733591636624,-0.5724427901457659,-1.4353275023265546
CZE,2016,0.8740690427642424,0.7479755567730392,4.14481630962839,1.0006217592543558,1.0135601468723545,0.03237615231569401,0.1016545590226454,0.33160756492459015,-0.6281120255944701,-0.5584582935961219,-1.4218584714721911
CZE,2017,0.8692413459045107,0.7203949228264438,3.9937313185410432,1.0025827038709094,1.0378305346646455,0.034955526738381364,0.11755898185445247,0.36874007493761796,-0.6255326511717826,-0.5425538707643147,-1.3847259614591634
CZE,2018,0.8641301086497565,0.6911104610164649,3.9331303827384607,1.0027418886863302,1.0154078125832149,0.03769366330495904,0.13472746194016838,0.3840303925333402,-0.6227945146052049,-0.5253853906785989,-1.369435643863441
CZE,2019,0.852767255929227,0.6433778940194227,3.817403471196889,1.0061329088606064,1.0303156091345218,0.04380784241955938,0.1633590375637514,0.4138955644743531,-0.6166803354906046,-0.4967538150550158,-1.3395704719224282
CZE,2020,0.8468696402960325,,3.9985453009155534,1.0031933036877736,0.9546980674003648,0.04699605834142222,,0.36753541619370933,-0.6134921195687418,,-1.385930620203072
CZE,2021,0.8487406196477041,,3.884635407229433,0.9989879708749906,1.0293231878271332,0.04598351676916766,,0.3964369032539976,-0.6145046611409964,,-1.3570291331427835
CZE,2022,0.8424572442279674,,3.8002171226819517,1.0034103235987815,1.0222140687813923,0.0493880384017378,,0.41840783374884666,-0.6111001395084262,,-1.3350582026479345
CZE,2023,0.8266560792931971,,3.856697982099417,1.0086503229118446,0.9853551251148995,0.05800116164252031,,0.4036546640739263,-0.6024870162676437,,-1.3498113723228549
DEU,1995,0.7402606029864314,0.6680729743203087,3.0078243700703213,,,0.0,0.0,0.0,-0.5540348738430391,-0.5116690525720807,-1.10121701677337
DEU,1996,0.7480834760963909,0.6401309998134411,3.028847825301236,0.9955248858438792,0.9930589265478124,-0.004485157453946291,0.01689293599102102,-0.006965274756225636,-0.5585200312969852,-0.49477611658105974,-1.1081822915295956
DEU,1997,0.7421197995638277,0.5979007035711364,3.023132220562484,1.0034232298686097,1.0018906234731897,-0.0010677734992308404,0.04297834509910475,-0.005076436262133084,-0.5551026473422698,-0.4686907074729758,-1.106293453035503
DEU,1998,0.7383758883199311,0.5448856100158064,3.019087609121688,1.0021536833713884,1.0013396800505479,0.0010835940206033092,0.07671918378810183,-0.0037376527822482668,-0.5529512798224359,-0.4349498687839789,-1.1049546695556183
DEU,1999,0.7316893907536557,0.49525248552430584,3.019316162165119,1.0038612568754983,0.9999243030437505,0.0049374153779232245,0.10937397335084201,-0.0038133526036569347,-0.5490974584651157,-0.4022950792212386,-1.105030369377027
DEU,2000,0.7246359452830828,0.4290059721540194,3.005498610605853,1.0040898170363806,1.0045974240382296,0.009018891845807425,0.15468997437904614,0.0007735355602589091,-0.5450159819972317,-0.3569790781930347,-1.100443481213111
DEU,2001,0.7258316615980763,0.4178265750960798,2.9895347743239333,0.999307165153126,1.005339906536304,0.008325816877955024,0.16254393441273166,0.006099235348351354,-0.545709056965084,-0.34912511815934893,-1.0951177814250186
DEU,2002,0.7333224337964643,0.4015154266601547,3.007071750578526,0.9956783734795489,0.994168088522923,0.003994825137885503,0.17411495376046815,0.0002502518682374672,-0.5500400487051537,-0.33755409881161264,-1.1009667649051325
DEU,2003,0.7440904032821232,0.40195634861404494,3.0200690526511056,0.9938260256088816,0.9956963559951815,-0.002198287044607998,0.17380039952709608,-0.004062679468265671,-0.556233160887647,-0.3378686530449847,-1.1052796962416356
DEU,2004,0.7395616947608745,0.38097181874451225,3.0100162241788238,1.002603361832402,1.0033397921218927,0.00040169191134097027,0.18888158476551276,-0.0007284520655203447,-0.5536331819316981,-0.3227874678065679,-1.1019454688388903
DEU,2005,0.7383502220312095,0.37168306748928753,2.9992340805741473,1.0006969094687086,1.0035949656862435,0.0010983586514124806,0.19563055032532214,0.002860067176790794,-0.5529365151916267,-0.31603850224675856,-1.0983569495965793
DEU,2006,0.7198107250186682,0.34875838151155575,2.9161993278077993,1.0107799635988084,1.0284736204327871,0.011820632666715663,0.21248460072013975,0.0309358483761265,-0.5422142411763236,-0.29918445185194104,-1.0702811683972435
DEU,2007,0.699304092353608,0.3255918652084455,2.8797761337483836,1.0120676650855687,1.0126479255219074,0.023816064029551894,0.2298100021471414,0.04350445698411924,-0.530218809813487,-0.2818590504249393,-1.0577125597892507
DEU,2008,0.7033670156931294,0.32477597529828994,2.8998148834945128,0.9976147692763278,0.9930896451838398,0.021427984111518094,0.23042568267529973,0.03657011509612623,-0.5326068897315209,-0.2812433698967811,-1.0646469016772437
DEU,2009,0.7464600521341076,0.35737270819205247,3.0885969875397934,0.9753254954853847,0.938877715413543,-0.003556038061982534,0.20611805343036435,-0.02649992168479695,-0.5575909119050215,-0.30555099914171646,-1.127716938458167
DEU,2010,0.7249537362048488,0.33434042143371523,2.992680113082972,1.0124677639045414,1.0320504934815808,0.008834643310759595,0.223231949152645,0.005047671969878053,-0.5452002305322794,-0.2884371034194358,-1.0961693448034922
DEU,2011,0.6988353037920461,0.3031436813954642,2.921500934308045,1.0153743169537992,1.0243639075856688,0.02409197299612788,0.24688949082676664,0.02911951395684072,-0.529942900846911,-0.2647795617453141,-1.0720975028165292
DEU,2012,0.7054781626264324,0.29666851911196224,2.9420661090720026,0.9961049874575023,0.993009954908714,0.02018935513731867,0.25187075498980543,0.0221049240539296,-0.5338455187057204,-0.25979829758227535,-1.0791120927194402
DEU,2013,0.7131961490348419,0.2957340475715472,2.955403756523725,0.9954949779610716,0.9954870303516801,0.01567415490644822,0.2525916859076329,0.017581740215614844,-0.538360718936591,-0.2590773666644479,-1.083635276557755
DEU,2014,0.696491590728233,0.27453029416044983,2.9232095736159796,1.009846531746991,1.0110132996273413,0.025472525448877514,0.26909133857334183,0.0285348350906103,-0.5285623483941615,-0.2425777139987391,-1.0726821816827596
DEU,2015,0.6926692165877119,0.26860889666142895,2.9061520175052364,1.0022581932152268,1.0058694645042645,0.027728172777820644,0.2737481094029522,0.03438714139498443,-0.5263067010652186,-0.23792094316912832,-1.0668298753783856
DEU,2016,0.6820943888479304,0.24363515015249906,2.8798116182511917,1.0062867029400315,1.0091465702433828,0.03399519683472111,0.29363038893109245,0.043492135094311685,-0.5200396770083178,-0.21803866364098834,-1.0577248816790583
DEU,2017,0.6660097290013175,0.22700973881808947,2.8448063786300697,1.0096546013907464,1.0123049638400976,0.04360349037875403,0.3070889497777476,0.05572200823157742,-0.510431383464285,-0.20458010279433322,-1.0454950085417927
DEU,2018,0.6623152505720638,0.22054007068254095,2.853925019136677,1.0022224896438763,0.9968048773371886,0.045823513945732676,0.3123756108938637,0.052521770265430305,-0.5082113598973064,-0.19929344167821708,-1.0486952465079395
DEU,2019,0.6543086751766022,0.20275572102632264,2.858795342377476,1.004839831595882,0.9982963721926493,0.05065167120939138,0.3270536943646224,0.05081668963394449,-0.5033832026336477,-0.1846153582074583,-1.0504003271394253
DEU,2020,0.6916332068535676,,2.9807138427431683,0.9779358010201342,0.9590975495140152,0.02834041697877009,,0.009054200397583012,-0.5256944568642689,,-1.092162816375787
DEU,2021,0.6724992657377289,,2.8966835262337134,1.0114403285596656,1.0290091464077582,0.03971579984367889,,0.03765054584726911,-0.5143190739993602,,-1.063566470926101
DEU,2022,0.6680748049040084,,2.895316850547738,1.0026524355027202,1.0004720297489087,0.042364723847330345,,0.03812246422518144,-0.5116701499957087,,-1.0630945525481885
DEU,2023,0.6645614274748153,,2.9273619272499243,1.002110692565142,0.9890532576775396,0.04447319203036131,,0.027115365443741678,-0.5095616818126778,,-1.0741016513296284
DNK,1995,0.8597443956009223,0.7989059207461923,3.114324248545303,,,0.0,0.0,0.0,-0.620439056561946,-0.5871786582958862,-1.1360121940492867
DNK,1996,0.8674089246668332,0.8195469853196514,3.0798063540713145,0.995895634338752,1.0112078132536997,-0.004112811688299413,-0.011408902644763503,0.011145471095102333,-0.6245518682502454,-0.5985875609406497,-1.1248667229541847
DNK,1997,0.8487820191757841,0.7267832437225163,3.0502986393824867,1.0100752307723941,1.009673713356408,0.005912002304192383,0.040918377302273184,0.020772693671648405,-0.6145270542577536,-0.5462602809936128,-1.1152395003776383
DNK,1998,0.8430494265647955,0.6772162820630686,3.0487373019039636,1.0031103846312321,1.000512125947207,0.00901755969627095,0.07004321414452264,0.021284688527117575,-0.611421496865675,-0.5171354441513635,-1.1147275055221693
DNK,1999,0.8315179906925277,0.6067907073381402,3.013752351521112,1.006296108436209,1.0116084356981734,0.01529393044551549,0.11293981814411024,0.032826263272187524,-0.6051451261164305,-0.47423884015177575,-1.1031859307770993
DNK,2000,0.8115576361562091,0.469175184870092,2.9583227785666013,1.0110183381074593,1.018736823904445,0.026252008902393594,0.2024775137078695,0.05138971517075455,-0.5941870476595525,-0.3847011445880165,-1.0846224788785324
DNK,2001,0.8236638567218822,0.46240734743899614,2.981847898303378,0.9933615942866606,0.9921105567624149,0.019591470971040564,0.20709471235730992,0.043468985612792985,-0.6008475855909055,-0.3800839459385763,-1.0925432084364939
DNK,2002,0.8340429244505323,0.46858950139096117,2.998752307022053,0.9943408806902599,0.9943628526173732,0.01391627817575333,0.20287624100528,0.03781588954991112,-0.6065227783861927,-0.38430241729060605,-1.0981963044993757
DNK,2003,0.8502001572340284,0.5136233433605845,2.9985480268485416,0.9912673054748571,1.0000681263637208,0.005145230224688932,0.17267231668879943,0.037884013593136596,-0.615293826337257,-0.41450634160708677,-1.0981281804561502
DNK,2004,0.8326441835167706,0.4638835747450661,2.937835067772103,1.0095795866296144,1.020665884120745,0.01467922355965123,0.20608577136644174,0.058339255459452524,-0.6057598330022949,-0.38109288692944454,-1.0776729385898343
DNK,2005,0.8182803071491694,0.44098536757576356,2.9250589353470415,1.007899704083647,1.0043678205148865,0.022547888341366073,0.22185149568414186,0.06269756473185654,-0.59789116822058,-0.36532716261174425,-1.07331462931743
DNK,2006,0.8262607089121812,0.45048021471762706,2.894093067679,0.9956301957743122,1.0106996792929246,0.018168508615637288,0.2152839741283624,0.07334040751844731,-0.6022705479463086,-0.3718946841675237,-1.0626717865308395
DNK,2007,0.8203256108703427,0.4499130940899919,2.9444639327765425,1.003260459560859,0.9828930269660174,0.021423664403586812,0.21567503876993402,0.05608541973640716,-0.5990153921583593,-0.3715036195259521,-1.0799267743128795
DNK,2008,0.8100957953890229,0.4213512560697507,3.0101772894513736,1.0056515326467135,0.9781696058550731,0.02705928705542901,0.23557065037478364,0.03401321687308997,-0.593379769506517,-0.35160800792110253,-1.1019989771761967
DNK,2009,0.8105999457289316,0.4155379733845974,3.1107956317957726,0.999721556194068,0.9676551100573861,0.026780804476822923,0.2396690062511457,0.0011336704176866848,-0.5936582520851229,-0.3475096520447404,-1.1348785236316001
DNK,2010,0.8090877528221029,0.40775214674597704,3.0236915629614622,1.0008358869847358,1.0288071937962477,0.0276163423025912,0.24518444819615257,0.029533737309161978,-0.5928227142593548,-0.3419942100997336,-1.1064784567401247
DNK,2011,0.7874959570341096,0.37422866384367337,2.999483984075709,1.0120793536360326,1.0080705811447142,0.03962332277757783,0.269286056330928,0.03757192548388358,-0.5808157337843682,-0.317892601964958,-1.098440268565403
DNK,2012,0.7669025309804183,0.3496658636247442,3.0029340766303507,1.0116551002064977,0.9988510928090326,0.05121102548126947,0.2873216049069291,0.03642235779309902,-0.5692280310806765,-0.2998570533889571,-1.0995898362561878
DNK,2013,0.773570715467859,0.35242332474016613,2.9819537926327206,0.996240248877992,1.0070357508722854,0.04744418872929933,0.2852806196689088,0.04343347325512525,-0.5729948678326466,-0.3018980386269772,-1.0925787207941615
DNK,2014,0.7486761551723452,0.3107153271696285,2.978318159221341,1.014236232490435,1.0012207001458602,0.06158003766265029,0.3166056188400473,0.04465342895233323,-0.5588590188992957,-0.2705730394558387,-1.0913587650969534
DNK,2015,0.7285432820778257,0.28443884753934395,2.9702204728143955,1.0116473063204516,1.0027262913581876,0.07316003624260754,0.3368567298494357,0.04737601071899124,-0.5472790203193383,-0.25032192844645046,-1.0886361833302955
DNK,2016,0.7331663246753589,0.2794132558262226,2.9393588782328375,0.9973326030331227,1.0104994306105664,0.07048907543357553,0.3407770793447189,0.057820705107403635,-0.5499499811283705,-0.24640157895116727,-1.078191488941883
DNK,2017,0.7108881220184234,0.2569892508754827,2.908301733741318,1.0130214257555616,1.0106787903508094,0.08342645127167073,0.35845928013604755,0.06844287987716374,-0.5370126052902752,-0.22871937815983856,-1.067569314172123
DNK,2018,0.7059382889686434,0.2507502105620668,2.9128127090871185,1.0029015311291083,0.9984513335403518,0.08632378108420424,0.3634351185610785,0.0668930129940835,-0.5341152754777417,-0.22374353973480746,-1.0691191810552032
DNK,2019,0.6721515000345919,0.22546319712923657,2.916977725168033,1.0202055788206708,0.9985721467651338,0.10632793593574463,0.3838597656630883,0.06546413940539447,-0.5141111206262015,-0.2033188926327979,-1.0705480546438926
DNK,2020,0.6520781860464427,,2.9718333529083063,1.0121503414049586,0.9815414859360836,0.11840505446781949,,0.04683314113859819,-0.5020340020941265,,-1.0891790529106886
DNK,2021,0.6443951116549269,,2.8411751042268185,1.0046722799995333,1.0459873974283063,0.12306645324739618,,0.09179445836104781,-0.4973726033145497,,-1.0442177356882392
DNK,2022,0.6279866845430567,,2.9056030068650136,1.0100789688685172,0.977826322974621,0.1330949680426521,,0.06937124977331488,-0.48734408851929367,,-1.0666409442759721
DNK,2023,0.6074096444730434,,2.8871067504912107,1.0128013665593996,1.00640650241653,0.1458150897380231,,0.07575731778219086,-0.4746239668239227,,-1.0602548762670958
DOM,1995,0.8294746148090407,0.8288250235641715,4.206581539677972,,,0.0,0.0,0.0,-0.6040288299006955,-0.603673697016072,-1.4366503320305288
DOM,1996,0.8212359271865681,0.820687345467701,4.086918862663283,1.004523679496703,1.0292794354465629,0.004513478411332917,0.004459604878950732,0.02885898018685664,-0.5995153514893626,-0.5992140921371213,-1.4077913518436722
DOM,1997,0.8115498052438554,0.8105560505180694,4.040959920828677,1.0053468703508315,1.011373273364508,0.009846105001359509,0.010039688686760743,0.040168064115354986,-0.5941827248993361,-0.5936340083293113,-1.3964822679151738
DOM,1998,0.8241375326428797,0.8230331831390829,4.154097426346125,0.9930993539830374,0.9727648406125706,0.0029215394228734913,0.0031719989953120954,0.012555153229559097,-0.6011072904778222,-0.60050169802076,-1.4240951788009697
DOM,1999,0.8167064265587624,0.8156916010862028,4.126482867067608,1.0040904275866924,1.0066920329413946,0.0070036239540163196,0.007207254448978356,0.01922489391690975,-0.5970252059466793,-0.5964664425670938,-1.417425438113619
DOM,2000,0.8247784996027122,0.8236592394471186,4.155524845162277,0.995576409385738,0.9930112370454292,0.0025702203128907734,0.0028286432956051047,0.012211595175160751,-0.601458609587805,-0.6008450537204669,-1.4244387368553681
DOM,2001,0.8385036124022419,0.8372665039764354,4.2268728984065875,0.992534628321129,0.9831203693701774,-0.004923156720442814,-0.004605174348481866,-0.004812120118505704,-0.6089519866211385,-0.6082788713645539,-1.4414624521490345
DOM,2002,0.8442189529138824,0.84299145058047,4.227387708687722,0.9969009425358034,0.9998782202351403,-0.008027026207618219,-0.007716342800556072,-0.004933907299123011,-0.6120558561083138,-0.6113900398166282,-1.4415842393296519
DOM,2003,0.8549264833613519,0.8543413568555889,4.346485069272476,0.9942275176167272,0.9725991557116545,-0.013816233762218716,-0.01385587230357992,-0.03271715638551251,-0.6178450636629144,-0.6175295693196521,-1.4693674884160415
DOM,2004,0.825058270978587,0.8244470762609913,4.43964319567643,1.0163656212284935,0.9790167537574469,0.0024169140726348773,0.002396727798664555,-0.053923679850322086,-0.6016119158280608,-0.6012769692174074,-1.490574011880851
DOM,2005,0.8127443895571025,0.8115796333184145,4.217660746200534,1.0067929496802874,1.052631651247879,0.009186895625796138,0.009474506751605794,-0.002630316777288819,-0.5948419342748996,-0.5941991902644662,-1.4392806488078176
DOM,2006,0.7947379100605183,0.7937223722833066,4.042235411285384,1.0100329298198067,1.043398099582569,0.019169829729459298,0.019380698820290188,0.039852473457233493,-0.5848590001712363,-0.5842929981957818,-1.3967978585732952
DOM,2007,0.7808102919601775,0.7798910085008345,3.9460855605203307,1.007820944298907,1.02436588089397,0.026960348975637528,0.027121565766090053,0.06392624181663668,-0.577068480925058,-0.5765521312499822,-1.372724090213892
DOM,2008,0.7905497836866368,0.7899448607123796,4.075984778252794,0.9945606138320228,0.9681305930224439,0.021506115482017137,0.021488881709159923,0.03153795115867386,-0.5825227144186782,-0.5821848153069121,-1.405112380871855
DOM,2009,0.793595860174675,0.7929257586902844,4.188191662567607,0.9983016929534276,0.9732087513287242,0.019806364677171066,0.01982490944649692,0.00438127536845375,-0.5842224652235246,-0.5838487875695753,-1.4322690566620753
DOM,2010,0.7798966717107805,0.7794249169601516,4.081853782925211,1.007696620080045,1.0260513691321373,0.02747351688233022,0.02738346527324688,0.030099088243952826,-0.5765553130183654,-0.5762902317428252,-1.406551243786576
DOM,2011,0.7855579147783558,0.7852566212763836,4.169449546407723,0.9968294262422296,0.9789910484567484,0.024297906206151153,0.024111526696784093,0.008866308192554717,-0.5797309236945444,-0.5795621703192878,-1.4277840238379742
DOM,2012,0.7815722489589846,0.7813245813762366,4.228281537556922,1.0022371620470065,0.9860860752467321,0.026532569532147377,0.02631646261147444,-0.005145322586665299,-0.5774962603685482,-0.5773572344045976,-1.4417956546171942
DOM,2013,0.7722506079900309,0.7718250282759443,4.193908710703101,1.0052597758617932,1.0081958929544887,0.03177856108666678,0.03166359221647736,0.0030171664297810948,-0.572250268814029,-0.5720101047995948,-1.4336331656007477
DOM,2014,0.7625621248677352,0.7620413801154844,4.1203178975342345,1.0054968179479193,1.0178604697498963,0.03726032666570409,0.03720068503580107,0.020720012050054273,-0.5667685032349916,-0.5664730119802711,-1.4159303199804745
DOM,2015,0.7609654294298008,0.7605346255167615,4.063910942152886,1.000906715947542,1.0138799683812623,0.03816663179465311,0.03805616959494587,0.03450453583479275,-0.5658621981060425,-0.5656175274211261,-1.402145796195736
DOM,2016,0.7572851896047137,0.756726649920739,4.027513450800644,1.0020942757879356,1.009037211618749,0.04025871764407455,0.04022147764893756,0.043501156227661125,-0.563770112256621,-0.5634522193671345,-1.3931491758028678
DOM,2017,0.7460954710109475,0.7457639741939164,4.047498116613442,1.0064084231243597,0.9950624644565569,0.04664669413226993,0.04648142961046512,0.03855139078193722,-0.5573821357684257,-0.557192267405607,-1.3980989412485916
DOM,2018,0.7462890674299039,0.7460097018975129,4.004703373212517,0.9998891383891894,1.010686120646832,0.04653582637585672,0.046340682971766994,0.04918081836981315,-0.557493003524839,-0.5573330140443051,-1.3874695136607156
DOM,2019,0.7569662024909943,0.7567655412841992,4.024561560781719,0.9939229707173918,0.9950657513199164,0.04044025679936251,0.04019933935384809,0.04423435609152683,-0.563588573101333,-0.563474357662224,-1.3924159759390018
DOM,2020,0.7612988164264475,,4.370476109049545,0.997540102851915,0.920851975931965,0.03797732913342625,,-0.03822162058166605,-0.5660515007672693,,-1.474871952612195
DOM,2021,0.7647464025073643,,4.1231930305940665,0.9980464127446197,1.059973684622728,0.03602183113752594,,0.020022461406528642,-0.5680069987631696,,-1.416627870624
DOM,2022,0.7518663716765988,,4.145262345318934,1.0073521765352678,0.9946760149572222,0.043347112169430685,,0.01468425345120648,-0.560681717731265,,-1.4219660785793222
DOM,2023,0.7577961782148448,,4.262203334503925,0.9966265676238597,0.9725632542590553,0.03996797694122296,,-0.013135909213626921,-0.5640608529594728,,-1.4497862412441558
DZA,1995,0.8156929813263706,0.598857091383869,3.100940420380634,,,0.0,0.0,0.0,-0.5964672027400452,-0.4692890561140745,-1.1317054268994386
DZA,1996,0.8048006055279714,0.5758360914675179,3.06632580581159,1.0060352239272508,1.0112886290502592,0.0060170849087627706,0.014503072963001667,0.011225387969033093,-0.5904501178312823,-0.4547859831510728,-1.1204800389304055
DZA,1997,0.7909708206449586,0.5784794619524454,3.117529330777086,1.0077219487462294,0.9835756076262053,0.013709372008060198,0.012827038299411495,-0.00533538005725378,-0.5827578307319851,-0.456462017814663,-1.1370408069566924
DZA,1998,0.7949467318285809,0.5471305576401502,3.0488549402808887,0.9977849419633908,1.0225246500215162,0.011491857101655043,0.03288709400516606,0.016939336187487188,-0.5849753456383903,-0.4364019621089085,-1.1147660907119514
DZA,1999,0.7625680396147451,0.5579017289745447,3.021115527248879,1.0183701800362344,1.009181844514655,0.029695343744140387,0.025949185767452365,0.026079283832879777,-0.5667718589959048,-0.44333987034662226,-1.1056261430665588
DZA,2000,0.7381768528163323,0.5467833897706421,2.9922500886323697,1.0140326266334132,1.009646733314896,0.043630424562564274,0.03311151386742864,0.03567978450745317,-0.552836778177481,-0.4361775422466459,-1.0960256423919856
DZA,2001,0.7338617094728711,0.5199595403022926,3.009252797203879,1.0024887471243442,0.9943498570185569,0.04611607988453101,0.05060533983233654,0.030013619086937508,-0.5503511228555142,-0.41868371628173795,-1.101691807812501
DZA,2002,0.7176283795269488,0.5530607583040795,2.9484316725014583,1.0094510140490303,1.0206282971620704,0.0555227125140986,0.029061389529249314,0.05043203435665266,-0.5409444902259467,-0.4402276665848252,-1.0812733925427858
DZA,2003,0.6878057594198739,0.4896510884060489,2.7758491091458297,1.0176694622237368,1.062172890733508,0.0730378846212293,0.07074713243351481,0.11074874122721223,-0.523429318118816,-0.39854192368055974,-1.0209566856722265
DZA,2004,0.6738253511815487,0.49232811829245793,2.8659327381936386,1.0083523697549786,0.9685674308237299,0.081355566353563,0.06895166008443741,0.07881156664755959,-0.5151116363864823,-0.40033739602963714,-1.0528938602518791
DZA,2005,0.6857784938505429,0.45969933511828076,2.7992224616044883,0.9929094227310427,1.0238317166656743,0.07423973147677304,0.0910585764518151,0.10236374056603337,-0.5222274712632724,-0.3782304796622595,-1.0293416863334053
DZA,2006,0.6853835024678626,0.47712434426369205,2.920896045147392,1.0002343629103416,0.9583437473767528,0.07447406692841788,0.07919186906456244,0.05981499291610983,-0.5219931358116274,-0.3900971870495121,-1.0718904339833288
DZA,2007,0.6847268037160399,0.4800055620831269,2.866394980664917,1.0003897953961285,1.019013801255622,0.07486378637405704,0.07724321018083789,0.07865029098610019,-0.5216034163659883,-0.3920458459332367,-1.0530551359133384
DZA,2008,0.6938845195815225,0.37791699735582496,2.951678492132921,0.9945936598631028,0.9711067747739771,0.0694427790927219,0.14871611947621563,0.04933143797163378,-0.5270244236473235,-0.3205729366378588,-1.0823739889278048
DZA,2009,0.7188974423789191,0.405546090815363,3.0407377981835846,0.9854482750507911,0.9707112839180463,0.054784139329768604,0.12886315210668853,0.019605244156489277,-0.5416830634102767,-0.3404259040073861,-1.1121001827429493
DZA,2010,0.7179172982595913,0.40911988099176866,3.063655729199609,1.0005705420862347,0.9925194169835748,0.05535451871874812,0.12632374449477665,0.012096541255741153,-0.5411126840212973,-0.34296531161929783,-1.1196088856436974
DZA,2011,0.7292599517256763,0.4174788728805336,3.0692596073463636,0.9934407470347266,0.9981741921949707,0.048773659320545296,0.12040920409882834,0.010269064632037233,-0.5476935434194999,-0.3488798520152463,-1.1214363622674013
DZA,2012,0.7449815566853012,0.3773283891842235,3.1397480845924157,0.9909903890391318,0.9775496392236186,0.039723216376294085,0.1491433831845093,-0.012437141965488058,-0.5567439863637513,-0.3201456729295653,-1.1441425688649267
DZA,2013,0.7594867389169164,0.33015285805422073,3.2396251000149787,0.9917560150293917,0.9691701933590706,0.03144506183639192,0.1839951896166232,-0.043752186337975646,-0.5650221409036533,-0.28529386649745136,-1.1754576132374142
DZA,2014,0.767016398391367,0.3464605230386721,3.183657352614667,0.9957387721577994,1.0175797019595552,0.02717472908823805,0.17180974147807904,-0.026325219906906176,-0.5692924736518072,-0.29747931463599553,-1.1580306468063448
DZA,2015,0.7778413081570812,0.3662612498522744,3.231166464701636,0.9939112058449494,0.985296606471386,0.021067322636635053,0.15721106152973902,-0.04113777972427817,-0.5753998801034101,-0.3120779945843356,-1.1728432066237169
DZA,2016,0.7816569089469342,0.36317058416620795,3.2795729126391064,0.9978583975564027,0.9852400147132213,0.018923423683131244,0.15947575777055262,-0.05600777745736487,-0.5775437790569141,-0.3098132983435219,-1.1877132043568035
DZA,2017,0.8034226360547106,0.3747316462209567,3.361659660992409,0.9879308783905516,0.9755814815801224,0.00678087885830067,0.15103051042773594,-0.0807293718480793,-0.5896863238817448,-0.31825854568633866,-1.212434798747518
DZA,2018,0.8261498009204282,0.4007610687429962,3.4606090682600126,0.9875545999269815,0.9714069386874273,-0.005742613811756366,0.13227334667026158,-0.10973917796752596,-0.6022098165518016,-0.3370157094438128,-1.2414446048669645
DZA,2019,0.8183443969879635,0.39122260009299237,3.408553426341949,1.0042925883267184,1.0152720627805825,-0.0014592123613735109,0.13910612715287152,-0.09458255924229678,-0.5979264151014186,-0.330182928961203,-1.2262879861417353
DZA,2020,0.8364342198203157,,3.472016932154956,0.9901494849980949,0.9817214296320791,-0.011358564665894078,,-0.1130302466595146,-0.6078257674059393,,-1.244735673558953
DZA,2021,0.815507225693066,,3.3556523730997565,1.0115268029953783,1.0346771793133354,0.00010231087402322196,,-0.07894077263945226,-0.596364891866022,,-1.2106461995388909
DZA,2022,0.8207087690737407,,3.4185190196020354,0.9971431216957773,0.9816099760914605,-0.0027586560960927045,,-0.09750199518417163,-0.5992258588361379,,-1.2292074220836102
DZA,2023,0.8157216438657074,,3.421897780280815,1.002746635325344,0.9990126061923151,-1.5785880873171187e-05,,-0.09848987678624548,-0.5964829886209185,,-1.230195303685684
ECU,1995,0.8608398558639666,0.8606385503876978,6.527500620495142,,,0.0,0.0,0.0,-0.6210279212244076,-0.6209197354689149,-1.8760241166497624
ECU,1996,0.8641192810351158,0.8637859287608693,6.3920489682700055,0.9982407643091767,1.0211906468328882,-0.0017607849632213536,-0.0016901291139122746,0.02096924734685946,-0.6227887061876293,-0.6226098645828272,-1.855054869302903
ECU,1997,0.8226851971554412,0.8213450002072143,6.3689053788630225,1.0227324410953347,1.0036338409868344,0.02071712439150654,0.021344496211591586,0.024596501884784624,-0.6003107968329012,-0.5995752392573233,-1.8514276147649777
ECU,1998,0.8439409834307473,0.8432910556979153,6.30166738948675,0.9884726320059557,1.0106698727845345,0.009122801249265414,0.009367144291887768,0.03520985327198071,-0.6119051199751423,-0.6115525911770271,-1.8408142633777818
ECU,1999,0.8432699986603259,0.8430661320627008,6.459665905906593,1.0003640187118052,0.9755407603549013,0.009486753722333612,0.009489174591198177,0.010446517544561034,-0.6115411675020741,-0.6114305608777167,-1.8655775991052015
ECU,2000,0.8285360501110558,0.828087410368924,6.34572754674766,1.0080577840116278,1.0179551293873825,0.017512247136833033,0.01764944609170594,0.028242357478852304,-0.6035156740875747,-0.6032702893772091,-1.84778175917091
ECU,2001,0.8393195638907258,0.8390032602935159,6.25133333810578,0.994137226618272,1.015099852069396,0.011632220230522352,0.011696016986140383,0.04322934155701009,-0.6093957009938853,-0.6092237184827746,-1.8327947750927522
ECU,2002,0.8409007730939908,0.8407077427621485,6.096308202487948,0.9991410676629751,1.025429346822486,0.010772918799751485,0.010769594998585173,0.06834074139252735,-0.6102550024246564,-0.6101501404703297,-1.807683375257235
ECU,2003,0.8492083297951789,0.8443621651214307,6.0629500432181604,0.9955075063380726,1.0055019683540196,0.0062703035627221185,0.00878622770917359,0.07382762920847039,-0.6147576176616857,-0.6121335077597415,-1.802196487441292
ECU,2004,0.8508124214087744,0.8456917224726984,5.936143580928149,0.9991333040587795,1.0213617579428875,0.005403231823423597,0.00806561091098888,0.09496442291546191,-0.6156246894009842,-0.612854124557926,-1.7810596937343006
ECU,2005,0.849695960925619,0.8454358503438849,5.781734605285426,1.0006035913505462,1.0267063409485395,0.006006641085978105,0.00820425262638668,0.1213203742672286,-0.6150212801384296,-0.6127154828425284,-1.7547037423825338
ECU,2006,0.8393231893499707,0.8390162081915596,5.702818847545793,1.0056394502258814,1.013838026395244,0.011630249145267469,0.011688976295815333,0.13506352939406463,-0.6093976720791404,-0.6092307591730997,-1.740960587255698
ECU,2007,0.8568355446748115,0.8487300834160513,5.775224594443891,0.9905687095580088,0.9874626959152797,0.0021542024551711694,0.006420773484179155,0.1224469701853382,-0.6188737187692365,-0.6144989619847359,-1.753577146464424
ECU,2008,0.8299774129546416,0.8299370089182606,5.569782248345972,1.014676755860503,1.0368851665895786,0.016724297094986077,0.01663819056415569,0.15866815712897062,-0.6043036241294216,-0.6042815449047594,-1.717355959520792
ECU,2009,0.8437591640273258,0.8437404052149402,5.652444870076202,0.9925251891127794,0.9853757756810965,0.009221409810861336,0.009123398327681465,0.14393594472040194,-0.6118065114135464,-0.6117963371412334,-1.7320881719293606
ECU,2010,0.8490281982124649,0.8489355201756786,5.619678835332923,0.9971503765111679,1.0058305884915106,0.006367718415175296,0.006309656481257561,0.1497496011150137,-0.6146602028092325,-0.6146100789876574,-1.7262745155347488
ECU,2011,0.8450653113093084,0.8449985404428747,5.36648588950998,1.0021478301493534,1.0471803990611188,0.008513245274813886,0.008441249064610027,0.19585081907928914,-0.6125146759495937,-0.6124784864043048,-1.6801732975704733
ECU,2012,0.8334175218777479,0.8331859516821356,5.259325324711819,1.0063530479514733,1.0203753443991475,0.014846197684203918,0.014864325121610403,0.21602136339074915,-0.6061817235402037,-0.6060554103473046,-1.6600027532590134
ECU,2013,0.8316799177428861,0.8315154765246217,5.112836653579133,1.0009486396165783,1.0286511541553238,0.0157943876265845,0.01577598207699207,0.24426974833796697,-0.6052335335978231,-0.605143753391923,-1.6317543683117954
ECU,2014,0.8401798417237983,0.8401471288347051,5.087670526337473,0.9953809275657809,1.004946493117308,0.01116461431248086,0.011074205721547537,0.24920404775237529,-0.6098633069119268,-0.6098455297473674,-1.626820068897387
ECU,2015,0.83129040414899,0.8312846346177529,5.244065326822884,1.004854193280688,0.9701768016341317,0.01600706398545997,0.015902028762680178,0.21892709338446742,-0.6050208572389477,-0.6050177067062346,-1.657097023265295
ECU,2016,0.8248952069946233,0.8144369995670129,5.384145552026228,1.0035044188454518,0.9739828309153666,0.01950535666345557,0.025144508947950343,0.19256549049254695,-0.6015225645609522,-0.5957752265209647,-1.6834586261572155
ECU,2017,0.8146232686032283,0.7866664849915875,5.239887478251971,1.0056606451427803,1.0275307579357373,0.02515004056015824,0.040568150738132046,0.21972409216340913,-0.5958778806642495,-0.5803515847307829,-1.6563000244863533
ECU,2018,0.8095861137422872,0.7918265947416819,5.327624912687469,1.0027835950014692,0.9835316044441199,0.027929768535555507,0.0376841919255257,0.20311858516018927,-0.5930981526888522,-0.5832355435433892,-1.672905531489573
ECU,2019,0.8163606734341006,0.791133451560548,5.42298281293645,0.9962702563478182,0.9824159685659513,0.024193052046188487,0.03807110284879774,0.18537811808657653,-0.5968348691782193,-0.5828486326201171,-1.6906459985631859
ECU,2020,0.7990471425818354,,5.754686203861655,1.0096237227154694,0.9423594303538885,0.0337707617178442,,0.12600960179019158,-0.5872571595065635,,-1.750014514859571
ECU,2021,0.8088655610698176,,5.584044314568537,0.9945720573715963,1.0305588350808608,0.02832803428386401,,0.15611081523111342,-0.5926998869405437,,-1.719913301418649
ECU,2022,0.8086721078194278,,5.3517448032174855,1.0001069587182518,1.0434063132478575,0.02843498728243993,,0.19860147746862566,-0.5925929339419679,,-1.6774226391811367
ECU,2023,0.8154973091996677,,5.329623816754981,0.9962405885452681,1.0041505718270325,0.02466849147957175,,0.20274345943277147,-0.596359429744836,,-1.673280657216991
EGY,1995,0.2969080336642292,0.2689029804252242,2.0197353246559446,,,0.0,0.0,0.0,-0.25998299585361917,-0.23815273224390462,-0.7029664754302267
EGY,1996,0.27205152513957326,0.25520578191395216,1.9805076923997291,1.0195404887564823,1.0198068568007854,0.01935202457088357,0.010853203449160015,0.0196132532883928,-0.24063097128273564,-0.22729952879474458,-0.6833532221418339
EGY,1997,0.29809850618731865,0.28400669755914876,1.9767178470358884,0.9799345111918749,1.0019172414361126,-0.0009175102939600299,-0.011832689177822039,0.02152865916291204,-0.2609005061475791,-0.2499854214217266,-0.6814378162673147
EGY,1998,0.3292217866454694,0.309504880990743,2.004551086242328,0.9765853367956782,0.986114976366796,-0.024610652305923682,-0.03149638008457043,0.007546336876395981,-0.28459364815954286,-0.2696491123284752,-0.6954201385538309
EGY,1999,0.31850776036651657,0.27520574298122247,1.996993248132378,1.0081258727487312,1.0037846087446807,-0.016517616694163746,-0.0049548003923198785,0.011323802007583306,-0.2765006125477829,-0.24310753263622453,-0.6916426734226435
EGY,2000,0.3359647616604282,0.24865884926614276,1.9679345814768543,0.9869330376108013,1.0147660734909776,-0.029670702910308436,0.016082677508105978,0.02598191847214798,-0.2896536987639276,-0.22207005473579872,-0.6769845569580788
EGY,2001,0.28869444551495477,0.21017653966691685,1.9814372603419759,1.0366807789930255,0.9931854118546297,0.006353347696618097,0.04738648272653438,0.01914400499221939,-0.2536296481570012,-0.1907662495173704,-0.6838224704380075
EGY,2002,0.28776109568825636,0.20920088910194065,1.9953732065435748,1.0007247849230914,0.9930158698353281,0.00707787008996113,0.048193013039880626,0.01213537163482783,-0.25290512576365815,-0.18995971920402419,-0.6908311037953989
EGY,2003,0.3265643841160896,0.21917489737537138,2.0052357469291664,0.9707490349564234,0.9950816055415453,-0.022609434402527818,0.0399784159287129,0.007204842067830104,-0.2825924302561469,-0.19817431631519192,-0.6957616333623967
EGY,2004,0.3169054418264559,0.2529625410825533,2.0033602451349184,1.0073345754242138,1.0009361780033332,-0.015301626172325281,0.012641952161882653,0.008140582129842412,-0.2752846220259444,-0.22551078008202202,-0.6948258933003842
EGY,2005,0.33430873470425354,0.24883797100201993,2.012019643126212,0.9869570719091074,0.9956961662770654,-0.028430360173327503,0.015939236495704622,0.0038274602551967444,-0.28841335602694673,-0.22221349574820012,-0.6991390151750299
EGY,2006,0.32690266784668365,0.23468361759268877,1.9741200766748408,1.0055814695659542,1.019198207292035,-0.02286440929070401,0.02733797507057965,0.022843707153025142,-0.2828474051443231,-0.21081475717332507,-0.6801227682772016
EGY,2007,0.3212067780589667,0.2234301029716566,1.992037092579185,1.0043111266777522,0.9910056815854035,-0.01856254889703055,0.03649425872744646,0.013808695668501405,-0.2785455447506497,-0.20165847351645816,-0.6891577797617253
EGY,2008,0.3126295189143724,0.22669239128350493,1.966939929818722,1.0065344097637605,1.0127594963018398,-0.012049395838982423,0.033831297796035234,0.02648747547350195,-0.27203239169260157,-0.20432143444786946,-0.6764789999567249
EGY,2009,0.31359614216922016,0.23020056150505913,1.9739395466226244,0.9992641396972652,0.9964539862348475,-0.012785527019803565,0.030975518017916696,0.022935159699119793,-0.2727685228734226,-0.20717721422598792,-0.6800313157311069
EGY,2010,0.29412107071784455,0.21236407701559507,1.9916704204062492,1.0150488790361576,0.9910974860087504,0.0021512410003207373,0.045580496128675645,0.01399278155973521,-0.25783175485329834,-0.19257223611522917,-0.6889736938704916
EGY,2011,0.3141777674750555,0.21024503136846498,1.995405007070105,0.9847382163558085,0.9981284066890564,-0.013228202330033672,0.04732988787348378,0.012119434629647994,-0.27321119818365286,-0.19082284437042082,-0.6908470408005788
EGY,2012,0.3054868268027581,0.222021828824272,2.018574282326777,1.0066572411868622,0.9885219605443674,-0.0065930227146072575,0.037646008459060964,0.0005750140401075717,-0.2665760185682264,-0.20050672378484388,-0.7023914613901192
EGY,2013,0.29575425386132426,0.23047155347166676,2.031114320796587,1.0075111255953286,0.9938260302035132,0.0008900348376425786,0.03075525952345595,-0.005618093519210959,-0.25909296101597656,-0.2073974727204487,-0.7085845689494378
EGY,2014,0.3074770533963766,0.24512822262602735,2.025704662874264,0.9910340303834775,1.002670506723644,-0.00811637096566818,0.018914217569279843,-0.002951146263001071,-0.26809936681928737,-0.21923851467462485,-0.7059176216932278
EGY,2015,0.28553592265867106,0.21133807282119074,2.0062162151803524,1.0170676916537098,1.0097140315916346,0.008807304017202122,0.04642713832500353,0.006716007461322715,-0.25117569183641697,-0.1917255939189013,-0.696250467968904
EGY,2016,0.2901684660219636,0.18645951121690207,1.9897233190630164,0.9964093500304062,1.0082890399681814,0.005210192191192583,0.06717906048629131,0.014970882006902667,-0.25477280366242644,-0.17097367175761338,-0.6879955934233241
EGY,2017,0.30671731516183254,0.17998674810694446,1.9921944595123302,0.987335555327956,0.9987595887351686,-0.0075351301328741025,0.07264952424723674,0.013729700795251957,-0.2675181259864932,-0.1655032079966681,-0.6892367746349748
EGY,2018,0.2721528105923328,0.14490023542412944,1.9494488104411052,1.0271700885944717,1.0219270436044705,0.0192724040377444,0.10283522966774414,0.03541980412306348,-0.24071059181587487,-0.13531750257616068,-0.6675466713071634
EGY,2019,0.2656582265033536,0.1313645264542128,1.9136680235003238,1.0051313885162518,1.018697489063612,0.024390671845770442,0.1147282824816602,0.0539446438901006,-0.23559232400784869,-0.12342444976224458,-0.6490218315401263
EGY,2020,0.2216183972308403,,1.8938896359728816,1.0360503978757543,1.0104432629820492,0.059806461098072874,,0.06433375270579017,-0.20017653475554614,,-0.6386327227244366
EGY,2021,0.24659056845940577,,1.917437864437814,0.9799676238049617,0.9877189092269038,0.03957071630110938,,0.05197662616127454,-0.22041227955250967,,-0.6509898492689522
EGY,2022,0.23331618377625948,,1.8875625535536331,1.0107631642702537,1.015827454739413,0.05027637001450216,,0.06768013288276617,-0.20970662583911692,,-0.6352863425474606
EGY,2023,0.216598813330547,,1.8883502233216913,1.0137410708135965,0.9995828794053506,0.06392388834782935,,0.06726292526912248,-0.19605910750578986,,-0.6357035501611044
ESP,1995,0.805739685709404,0.7416800709216372,2.81799186763583,,,0.0,0.0,0.0,-0.5909703060174591,-0.5548502053760989,-1.036024527608531
ESP,1996,0.794754464550288,0.7362944717087999,2.8133279008636007,1.006120737614027,1.0016578112955825,0.006102081984995689,0.0030969769625300786,0.0016564386432928796,-0.5848682240324634,-0.5517532284135688,-1.034368088965238
ESP,1997,0.8009358860898271,0.7469794833030745,2.824996582287019,0.9965676615212771,0.9958694883043109,0.002663839519030168,-0.003038081747543607,-0.0024826271792368496,-0.588306466498429,-0.5578882871236425,-1.0385071547877678
ESP,1998,0.8041354333353498,0.7593026673807901,2.833425419427523,0.998226548192334,0.9970252129868281,0.0008888132839843614,-0.010067313445900734,-0.005461847665904912,-0.5900814927334747,-0.5649175188219995,-1.0414863752744357
ESP,1999,0.8136513408986875,0.7742438142077437,2.8454351618548674,0.9947531770033471,0.9957792949955971,-0.004371822625571771,-0.018524106614257182,-0.00969148498832123,-0.5953421286430308,-0.5733743119903558,-1.0457160125968519
ESP,2000,0.8158130634993749,0.7834703006720168,2.847275754039802,0.9988095015703207,0.9993535602646416,-0.0055630302614351175,-0.02371086802957131,-0.01033813375593473,-0.5965333362788943,-0.5785610734056701,-1.0463626613644657
ESP,2001,0.8124673693050852,0.7832144439831984,2.847448584797685,1.0018459334777279,0.9999393032910916,-0.00371879842515313,-0.023567397716059098,-0.010398832306962957,-0.5946891044426124,-0.578417603092158,-1.0464233599154937
ESP,2002,0.8169916185608976,0.7856990181658453,2.8560776405672503,0.9975100329524933,0.9969787040635731,-0.006211870596116295,-0.024959740013166788,-0.013424701571866362,-0.5971821766135755,-0.5798099453892656,-1.0494492291803972
ESP,2003,0.8201996530446503,0.7985524819780493,2.8814909167393097,0.9982375370315084,0.9911805114413419,-0.007975888529779864,-0.03213195932363505,-0.022283312012929244,-0.5989461945472391,-0.5869821646997337,-1.05830783962146
ESP,2004,0.8299665702654941,0.8155998919458989,2.9161483719314263,0.994662789266458,0.9881153320161272,-0.013327393054531445,-0.041565726709807155,-0.03423916725009734,-0.6042976990719906,-0.5964159320859058,-1.0702636948586284
ESP,2005,0.8371045525279619,0.8248044108706725,2.94356829180543,0.9961145476164406,0.9906848025403936,-0.017220413417914034,-0.04662260378935454,-0.04359802249365865,-0.6081907194353732,-0.6014728091654533,-1.0796225501021897
ESP,2006,0.8352485883050709,0.8056750375891972,2.961879189194093,1.0010112876450188,0.9938178108494542,-0.016209636779758195,-0.03608429853876795,-0.049799400502530775,-0.6071799427972173,-0.5909345039148667,-1.0858239281110618
ESP,2007,0.8351417512345253,0.7972254809968203,2.9712445975872877,1.0000582173396,0.9968479847129382,-0.016151421134721775,-0.03139387090152667,-0.05295639385315143,-0.6071217271521809,-0.5862440762776254,-1.0889809214616823
ESP,2008,0.8205290194609322,0.6564154383942342,2.9899757393842883,1.008026640398141,0.9937353532504388,-0.008156822868374132,0.05019431227974296,-0.05924074584284798,-0.5991271288858334,-0.5046558930963557,-1.0952652734513788
ESP,2009,0.8016132340203362,0.6076061025437809,2.9969732353069753,1.01049935973127,0.9976651456742254,0.0022878013771991832,0.0801040257318099,-0.061578330191281914,-0.5886825046402601,-0.4747461796442888,-1.0976028577998127
ESP,2010,0.7874515233281626,0.5772495166239561,2.984383576196883,1.0079228502185082,1.0042185123958283,0.010179430615594941,0.0991676875749777,-0.05736869077377723,-0.5807908754018642,-0.455682517801121,-1.093393218382308
ESP,2011,0.7808638779471455,0.5960969329124269,2.977666522842335,1.0036991290926798,1.002255811153808,0.01387173475599421,0.08728897328523572,-0.055115420142042085,-0.5770985712614649,-0.46756123209086287,-1.091139947750573
ESP,2012,0.7768853083588856,0.5987895089940629,2.9814413666213966,1.0022390694377086,0.9987338862936153,0.016108301213264477,0.08560341934265688,-0.05638233604757394,-0.5748620048041947,-0.469246786033442,-1.0924068636561048
ESP,2013,0.76589407248981,0.5560870727902103,2.979606754641225,1.006224176206435,1.0006157228558143,0.022313187237258305,0.1126758218088245,-0.055766802671303135,-0.5686571187802009,-0.4421743835672742,-1.091791330279834
ESP,2014,0.766777967855681,0.5651455879275155,2.9868162030994916,0.9994997133867684,0.9975862430199804,0.021812775438924896,0.10687135828104286,-0.05818347745889988,-0.5691575305785344,-0.44797884709505587,-1.0942080050674308
ESP,2015,0.7669097215031158,0.5718702963349299,2.974649399814751,0.9999254327225485,1.0040901637972859,0.021738205381195797,0.10258402346590599,-0.05410165564258222,-0.5692321006362634,-0.4522661819101927,-1.090126183251113
ESP,2016,0.7576253312096076,0.5345290090968037,2.9594040675618194,1.0052823489333298,1.005151487226782,0.027006651647068107,0.1266267058848869,-0.048963391931717504,-0.5639636543703912,-0.4282234994912117,-1.0849879195402483
ESP,2017,0.7645046503194346,0.5431026818410918,2.9560572294763996,0.9961012745936478,1.0011321966476314,0.02310030639925789,0.12105508732581692,-0.047831835735344906,-0.5678699996182014,-0.4337951180502818,-1.0838563633438758
ESP,2018,0.7630542054390572,0.5248084715394165,2.958947296276202,1.0008226887612999,0.9990232787169141,0.0239226569376475,0.13298139563728323,-0.04880903432148324,-0.5670476490798116,-0.42186880973881535,-1.084833561930014
ESP,2019,0.7521968307545834,0.4861703562866138,2.9831175758080124,1.0061964355224853,0.9918976443544087,0.030099973492525547,0.15864762481238445,-0.056944392436628785,-0.5608703325249337,-0.39620258056371427,-1.0929689200451596
ESP,2020,0.7406544122547501,,3.271385137584137,1.0066310799079767,0.9118821081430342,0.036709164501538535,,-0.14918895708720717,-0.5542611415159209,,-1.185213484695738
ESP,2021,0.7436829816279233,,3.1506024400263883,0.9982631192681906,1.0383363816466595,0.03497077364353139,,-0.11156915774493581,-0.5559995323739277,,-1.1475936853534665
ESP,2022,0.7355625684672509,,3.051430370358037,1.004678836308301,1.0325001909372473,0.039638698220132225,,-0.07958592696478602,-0.5513316077973269,,-1.115610454573317
ESP,2023,0.7157858813352189,,3.039092978615606,1.0115263141789241,1.0040595637676246,0.05109909051376204,,-0.07553458099321592,-0.5398712155036972,,-1.1115591086017467
EST,1995,0.9634884679160884,0.9632449413828152,5.596278408283708,,,0.0,0.0,0.0,-0.6747227217903062,-0.6745986866149063,-1.7221018068672715
EST,1996,0.9636514517164417,0.9633950317767378,5.346295126553081,0.9999169996283144,1.0467582271111544,-8.300381640708652e-05,-7.644723989046281e-05,0.04569798555773986,-0.6748057256067131,-0.6746751338547967,-1.6764038213095318
EST,1997,0.9581446480587213,0.9577976335762979,4.819076571348309,1.0028122558071386,1.1094024025970735,0.0027253049976069706,0.0027785014861972366,0.14951947986689365,-0.6719974167926991,-0.6718201851287089,-1.572582327000378
EST,1998,0.9511542760434689,0.9507870573074217,4.694461392900848,1.00358268543963,1.02654514927653,0.006301587907367441,0.006365776339530562,0.1757184200847511,-0.6684211338829388,-0.6682329102753758,-1.5463833867825205
EST,1999,0.9493561934775888,0.9490584454852299,4.716396188664313,1.0009223981599136,0.9953492465674991,0.00722356091951517,0.007252279117223403,0.17105681824994082,-0.6674991608707909,-0.6673464074976827,-1.5510449886173308
EST,2000,0.9366847271684631,0.936087898414374,4.352189170531752,1.006542864789176,1.083683636869135,0.01374511407777064,0.013929296717623553,0.2514228307648049,-0.6609776077125353,-0.6606693898972826,-1.4706789761024666
EST,2001,0.9298687033104095,0.9293327772246353,4.1973670570706,1.003531858849445,1.0368855311808745,0.017270750560459652,0.01742445475260617,0.2876443693300474,-0.6574519712298467,-0.6571742318623001,-1.4344574375372243
EST,2002,0.9131713468011643,0.912013499416412,4.028759940597679,1.0087275802751088,1.0418508719702737,0.025960465661577028,0.026441811646388744,0.3286431853079298,-0.6487622561287292,-0.6481568749685175,-1.3934586215593419
EST,2003,0.9037186465387609,0.90249166159077,3.8945335752513106,1.0049653872328193,1.0344653249876545,0.030913566015167288,0.03143425874031053,0.36252788432967203,-0.643809155775139,-0.6431644278745957,-1.3595739225375996
EST,2004,0.8882388212536808,0.8876882557496714,3.7535465925985148,1.0081980229994434,1.0375610050853779,0.0390781677586337,0.039245751301860254,0.39940065580602313,-0.6356445540316722,-0.6353529353130458,-1.3227011510612483
EST,2005,0.8608228546908179,0.8580333652785019,3.5797802471485483,1.0147332490536387,1.0485410649406144,0.05370393689794722,0.05508008875343996,0.44680039181676456,-0.6210187848923587,-0.6195185978614663,-1.275301415050507
EST,2006,0.8340495284869196,0.8268313425233711,3.470389989898045,1.014597929765826,1.0315210271954816,0.0681963426026222,0.07201572737000647,0.477834830204067,-0.6065263791876839,-0.6025829592448998,-1.2442669766632046
EST,2007,0.842067662256581,0.8363290055683495,3.3795085568981897,0.9956472099619624,1.0268919079415701,0.06383405159351482,0.06683021353780788,0.5043715053109655,-0.6108886701967912,-0.6077684730770985,-1.217730301556306
EST,2008,0.8812255845737182,0.8754669526851068,3.6756365587886766,0.979184887427517,0.9194349068102433,0.04279925065916078,0.045741016766145004,0.42037547592632873,-0.6319234711311453,-0.6288576698487613,-1.301726330940943
EST,2009,0.9173651554133385,0.9152589422459269,4.1919355782728225,0.9811514406957974,0.8768351731929825,0.02377079312593683,0.024745855240420295,0.2889392277450457,-0.6509519286643694,-0.6498528313744859,-1.4331625791222258
EST,2010,0.9351016751480109,0.9350269650368734,4.059951065702937,0.9908343215436904,1.0325088924555879,0.014562851392887002,0.014477424810685376,0.32093088610879345,-0.6601598703974191,-0.6601212618042209,-1.4011709207584782
EST,2011,0.9285433451157901,0.9258089181316057,3.926957764579151,1.0034006650920397,1.0338667510823203,0.017957747299071982,0.019252589930460726,0.35423678646568857,-0.6567649744912339,-0.6553460966844455,-1.3678650204015832
EST,2012,0.92138251060015,0.8732299100672714,3.898890706202575,1.0037269177147883,1.007198729200571,0.021677737263469086,0.04693452105058565,0.36140972849781267,-0.6530449845268369,-0.6276641655643207,-1.360692078369459
EST,2013,0.9284946905722963,0.8895475133049191,3.936396779269279,0.9963120562338517,0.990471978519994,0.017982976266505715,0.0382612971565098,0.3518360250168449,-0.6567397455238003,-0.6363373894583964,-1.3702657818504267
EST,2014,0.9225879952397531,0.8842023640920652,3.88222826165632,1.0030722626725892,1.013952945051677,0.02105052918406764,0.041094104290520635,0.3656925238345981,-0.6536721926062384,-0.6335045823243856,-1.3564092830326735
EST,2015,0.9081339323325344,0.8712455432228641,3.912457323470895,1.007574972942046,0.9922736379427759,0.028596956084937453,0.04799441157726967,0.35793615879955837,-0.6461257657053687,-0.6266042750376365,-1.3641656480677133
EST,2016,0.9133290809263764,0.8669980266166515,3.8643384929238196,0.9972847595086327,1.0124520226774096,0.025878022641757495,0.05026687903678367,0.3703112926654446,-0.6488446991485488,-0.6243318075781226,-1.351790514201827
EST,2017,0.9101054804109279,0.8520227589605954,3.7759482796919794,1.0016876557595944,1.023408745746658,0.027564255910595303,0.05832026161081282,0.3934502557932951,-0.6471584658797107,-0.6162784250040934,-1.3286515510739763
EST,2018,0.9036972245828775,0.8460521449259866,3.7531939286687104,1.0033662158799725,1.006062663282454,0.030924818768535336,0.0615493034109966,0.3994946150761125,-0.6437979030217709,-0.6130493832039096,-1.3226071917911593
EST,2019,0.8646106111227111,0.8436734402893246,3.708197560446506,1.0209623463617594,1.0121342963768052,0.0516704780954564,0.0628386702819297,0.4115558810666482,-0.6230522436948497,-0.6117600163329766,-1.3105459258006233
EST,2020,0.8282160311508112,,3.7962419087528234,1.0199071550362626,0.9768074979354404,0.071382076774405,,0.38809020087062873,-0.6033406450159012,,-1.334011605996643
EST,2021,0.8363358721829347,,3.61447377853808,0.9955782375353418,1.0502889608147226,0.06695050940411529,,0.43715552795519946,-0.6077722123861907,,-1.2849462789120722
EST,2022,0.8538810718596881,,3.8093189717548723,0.9905359626660662,0.9488503864702537,0.05744140348963302,,0.3846513812768127,-0.6172813183006731,,-1.337450425590459
EST,2023,0.8353769726912711,,4.044434805938715,1.0100819065749114,0.941866825535522,0.06747282667345335,,0.3247599927106568,-0.6072498951168529,,-1.3973418141566147
ETH,1995,0.2580467009248137,0.2568690191929404,12.766859862179011,,,0.0,0.0,0.0,-0.22956028074088183,-0.22862372305941742,-2.5468527402117465
ETH,1996,0.23351597540069133,0.2333733676104724,11.571760052222334,1.0198868324475117,1.1032772719589152,0.01969167256005971,0.01887073237946272,0.09828508851657378,-0.2098686081808222,-0.20975299067995473,-2.4485676516951727
ETH,1997,0.24620367073618427,0.24550005520723248,11.418059297068433,0.9898189231556366,1.0134611978406314,0.009458414073836163,0.009086623013963215,0.11165648938587595,-0.22010186666704581,-0.21953710004545435,-2.43519625082587
ETH,1998,0.29502966356643634,0.2941324016050346,12.150653506171915,0.9622973942575275,0.9397074232483577,-0.028973320377183906,-0.02921678741794276,0.04946978535542442,-0.2585336011180658,-0.2578405104773602,-2.4973829548563216
ETH,1999,0.26317071951234994,0.2631469803901972,11.799980998587525,1.0252214079711932,1.0297180569719875,-0.00406472333635929,-0.0049824875603309005,0.07875481903061657,-0.23362500407724138,-0.23360621061974837,-2.46809792118113
ETH,2000,0.28136772068094973,0.2776595269049648,11.543680523740745,0.9857987673055087,1.0222026652868355,-0.01836775849889469,-0.01640618652976056,0.1007145937817595,-0.2479280392397766,-0.245029909589178,-2.4461381464299867
ETH,2001,0.3247844644627554,0.3174517325170541,11.163466333547266,0.9672273151244927,1.0340587931054086,-0.051689497135379965,-0.047075642042180725,0.13420622812136998,-0.2812497778762618,-0.27569936510159815,-2.4126465120903764
ETH,2002,0.33841554519346134,0.3302909167295285,11.444210603225972,0.9898155092567041,0.9754684460630627,-0.061926204641156335,-0.05677392963847173,0.10936876225490852,-0.29148648538203814,-0.2853976526978892,-2.4374839779568376
ETH,2003,0.39201343119296095,0.37686100436141573,12.083288805374492,0.9614961430698511,0.947110574575999,-0.10119092997031405,-0.09118255067821893,0.05502933265841785,-0.330751210711196,-0.3198062737376363,-2.4918234075533285
ETH,2004,0.3542104862163294,0.3425767487337287,11.33431007538504,1.0279151175990766,1.0660806634905837,-0.07365833677537995,-0.06596699122415174,0.11901832485503697,-0.303218617516262,-0.2945907142835692,-2.4278344153567093
ETH,2005,0.28560602960112114,0.27743008237902717,10.735806472035575,1.0533635149770524,1.0557483599307083,-0.021669944795944522,-0.016226588502575443,0.17326818622205517,-0.2512302255368265,-0.24485031156199283,-2.373584553989691
ETH,2006,0.2653604305336558,0.2563740276683272,10.315874956199421,1.0159998673729087,1.0407073096193158,-0.005796726178138509,0.0003939066153045133,0.2131687736116509,-0.23535700691902045,-0.22822981644411275,-2.3336839666000952
ETH,2007,0.24868333402175258,0.23652180000922637,9.832125791739802,1.0133557452538342,1.0492008721924637,0.0074706173541144085,0.016321284819625116,0.26119757391474224,-0.22208966338676728,-0.21230243823979242,-2.285655166297004
ETH,2008,0.23671890512326196,0.2300852358978044,9.496553419250969,1.009674331692454,1.03533622754215,0.017098452342223253,0.021540258598160885,0.29592380540594,-0.21246182839865874,-0.20708346446125658,-2.250928934805806
ETH,2009,0.20616919457430852,0.19980246421983738,9.640070874014448,1.0253278815993432,0.9851124066784257,0.04211089826762459,0.046466792965830075,0.2809242795401307,-0.18744938247325732,-0.18215693009358747,-2.2659284606716152
ETH,2010,0.14814450051887432,0.14324753211951946,9.421293092608321,1.050537797314895,1.0232216299032002,0.09141311923254333,0.09475079815910303,0.3038803900667442,-0.13814716150833856,-0.13387292490031424,-2.242972350145002
ETH,2011,0.16014401953020482,0.15649608840077348,8.90059314320939,0.9896568712079474,1.0585017134275139,0.08101612856175594,0.08322890264921444,0.3607348203899258,-0.14854415217912595,-0.14539482041020282,-2.1861179198218204
ETH,2012,0.1773888059335546,0.16202354233887106,8.799757401171599,0.9853533630382391,1.011458922949895,0.06626117061965045,0.07846080464657552,0.3721285871562731,-0.16329911012123133,-0.15016291841284185,-2.174724153055473
ETH,2013,0.2238961011015543,0.1944650774631151,8.518258363269968,0.9620006182500774,1.0330465484723297,0.02752098497461153,0.05092527181599532,0.40464083772319426,-0.20203929576627017,-0.17769845124342204,-2.142211902488552
ETH,2014,0.2618411952189498,0.18466614702922185,8.223638731382774,0.9699287879796861,1.0358259453644136,-0.0030116396590018244,0.05916272063116099,0.43983996104082246,-0.23257192039988359,-0.16946100242825637,-2.107012779170924
ETH,2015,0.27105578593415625,0.1505324678509337,7.923446752441966,0.9927504435154006,1.0378865395729822,-0.010287601875507955,0.08839887232031857,0.4770264330403322,-0.23984788261638976,-0.1402248507390988,-2.069826307171414
ETH,2016,0.3127146259796187,0.19201177341751485,7.849051789552902,0.968265120825957,1.0094782102200017,-0.04253694592997701,0.05298127743692035,0.48646000685302404,-0.2720972266708589,-0.17564244562249698,-2.060392733358722
ETH,2017,0.29977873453240195,0.1966695752452023,7.617573094216964,1.0099523796655054,1.0303874596899727,-0.03263376503438484,0.04908137866327208,0.5163949128149807,-0.2621940457752668,-0.17954234439614541,-2.0304578273967655
ETH,2018,0.3129079646955234,0.20308815663517718,7.564243456125652,0.9899998853566507,1.0070502276137243,-0.042684216689255865,0.04373200809077689,0.5234204037719898,-0.27224449743013773,-0.1848917149686405,-2.0234323364397566
ETH,2019,0.31916830666953566,0.18783226723825705,7.204396751206765,0.9952543265765552,1.0499482076495315,-0.04744118657453733,0.05649370128048302,0.5721612406767871,-0.2770014673154192,-0.17213002177893444,-1.974691499534959
ETH,2020,0.2774083677486744,,6.998426448194767,1.0326911424531058,1.0294309448754912,-0.015273031992592353,,0.6011674095412256,-0.24483331273347417,,-1.9456853306705206
ETH,2021,0.269355782922935,,6.805562105089427,1.0063438359316386,1.0283392231423631,-0.008949233489991361,,0.6291125057431052,-0.23850951423087333,,-1.9177402344686412
ETH,2022,0.23276540392568312,,6.80334480634948,1.02968154271748,1.000325913032936,0.02030033911730823,,0.6294383656779252,-0.20925994162357353,,-1.917414374533821
ETH,2023,0.209309193817364,,6.701254171154945,1.0193963712739802,1.015234556485557,0.03951099836632503,,0.6445580416080177,-0.19004928237455684,,-1.9022946986037286
FIN,1995,0.903389263462041,0.8506607042170566,3.4676707803049855,,,0.0,0.0,0.0,-0.643636119924657,-0.6155427127464721,-1.2434831237041857
FIN,1996,0.9088450950700128,0.8492134570807943,3.4141846259345883,0.9971418154243826,1.0156658646881922,-0.0028622769849191085,0.0007823223963745841,0.015544421727200641,-0.646498396909576,-0.6147603903500976,-1.227938701976985
FIN,1997,0.901334984263257,0.8243310945037328,3.3205370075409952,1.0039499145962782,1.0282025522320388,0.0010798571799967972,0.014329316457793052,0.04335660459645348,-0.6425562627446602,-0.6012133962886791,-1.2001265191077322
FIN,1998,0.8907046914024425,0.8001031730879955,3.228705442234767,1.0056223972517515,1.0284422245848066,0.006686507751476523,0.027698731104769198,0.07140185868593296,-0.6369496121731806,-0.587843981641703,-1.1720812650182528
FIN,1999,0.8852983873561311,0.7883316318061315,3.173431928254923,1.0028676118764905,1.0174175829920005,0.009550015872476796,0.03425957679213137,0.08866949422344643,-0.6340861040521801,-0.5812831359543408,-1.1548136294807392
FIN,2000,0.8754053244248148,0.755890117582202,3.0802096317859915,1.0052751598827576,1.0302649194739641,0.01481131083773668,0.05256679490023834,0.1184854667666546,-0.6288248090869201,-0.5629759178462336,-1.124997656937531
FIN,2001,0.8829073924013027,0.7770810297783028,3.0695295513970775,0.9960156999718823,1.0034793867301435,0.010819052339940974,0.040570565413624374,0.12195881443488948,-0.632817067584716,-0.5749721473328477,-1.1215243092692961
FIN,2002,0.8854070797133554,0.7685056519871183,3.077561498833341,0.9986741922532545,0.9973901585916939,0.009492364932511545,0.045407787166711414,0.11934556145342583,-0.6341437549921455,-0.5701349255797605,-1.12413756225076
FIN,2003,0.8948211386428014,0.7867883323993853,3.053249992431018,0.9950316899376639,1.0079625010931277,0.004511671785374537,0.035122932158138796,0.1272765291141169,-0.6391244481392823,-0.5804197805883333,-1.116206594590069
FIN,2004,0.8852981353889806,0.7432241192293776,2.9787916168250534,1.0050511922093723,1.0249961679714024,0.009550149520905616,0.05980637201368769,0.15196540313301446,-0.6340859704037514,-0.5557363407327843,-1.0915177205711712
FIN,2005,0.8595137127502979,0.7027553354710324,2.9631810872277438,1.0138662180665214,1.0052681659128413,0.023321111140090056,0.08329498816852442,0.15721974080486356,-0.6203150087845667,-0.5322477245779477,-1.0862633828993222
FIN,2006,0.8694519241145509,0.7206468236092581,2.919514984992636,0.9946838903766089,1.014956628912531,0.017990820725847817,0.0728424323760984,0.17206562225021843,-0.6256452991988093,-0.5427002803703738,-1.0714175014539673
FIN,2007,0.8499766239461319,0.6959700141389261,2.8514282292067166,1.0105273223003632,1.023878123632402,0.028463116619048268,0.08728785587567428,0.19566312189387275,-0.6151730033056088,-0.5282548568707979,-1.0478200018103128
FIN,2008,0.8480142818139593,0.6698843373858917,2.9091364885101867,1.0010618652417806,0.9801630966675533,0.029524418480720255,0.1027883477666913,0.17562682590019363,-0.6141117014439366,-0.5127543649797807,-1.067856297803992
FIN,2009,0.8548686668532531,0.6926376812482085,3.132458311404589,0.9963046520965163,0.9287071683982715,0.025822225911689447,0.08925464239359715,0.10166502441500375,-0.6178138940129675,-0.526288070352875,-1.141818099289182
FIN,2010,0.8684080564912726,0.7081823625603378,3.0481420810818616,0.9927535157049979,1.0276615157954845,0.018549358314645537,0.08011285343065756,0.12895087243803927,-0.6250867616100114,-0.5354298593158145,-1.1145322512661462
FIN,2011,0.8491273478157753,0.6804307283348416,3.037647761705543,1.0104269231095804,1.0034547519000119,0.028922296005062784,0.09649256627896002,0.1323996703917036,-0.6147138239195942,-0.5190501464675121,-1.1110834533124823
FIN,2012,0.8365894306593478,0.6584776576795841,3.1258803422081014,1.0068267392521835,0.9717735259052711,0.0357258385847526,0.10964260483436221,0.10376717068190078,-0.6079102813399044,-0.5059001079121099,-1.139715953022285
FIN,2013,0.8396852014890308,0.6595650478222332,3.163356564398564,0.9983172279544471,0.9881530199243955,0.03404164908793295,0.10898716409529342,0.0918494559211875,-0.609594470836724,-0.5065555486511788,-1.1516336677829981
FIN,2014,0.8278409790292406,0.6506125170844087,3.1895854932803935,1.0064798976473768,0.9917766967096237,0.0405006424550177,0.11439627124459935,0.08359215476082396,-0.6031354774696392,-0.5011464415018728,-1.1598909689433616
FIN,2015,0.8149298130987693,0.6330623100162801,3.2063417269140335,1.007113865140838,0.9947740337553579,0.04758932342456214,0.12508574270943884,0.07835248539236242,-0.5960467965000946,-0.4904569700370333,-1.1651306383118232
FIN,2016,0.8217884809171562,0.6266697225649809,3.166675478221653,0.9962352007984299,1.012526148942378,0.04381741952904147,0.12900790292527772,0.09080083117336014,-0.5998187003956155,-0.48653480982119435,-1.1526822925308255
FIN,2017,0.806809345610653,0.5883006338242451,3.1078392296272273,1.0082903795814941,1.0189315612061063,0.05207362267422893,0.1528780518293126,0.10955542045588715,-0.591562497250428,-0.46266466091715946,-1.1339277032482986
FIN,2018,0.8088887000692407,0.5884541532772622,3.159747559838102,0.998850479601919,0.9835720008551777,0.050923441070813806,0.15278140008032656,0.09299098542361443,-0.592712678853843,-0.4627613126661455,-1.1504921382805713
FIN,2019,0.7931066201590184,0.5638177888154398,3.180879275134186,1.008801528995985,0.9933566434094885,0.059686462396430905,0.16841258072532733,0.08632546351710267,-0.583949657528226,-0.44713013202114477,-1.157157660187083
FIN,2020,0.7751584046279768,,3.234693743067858,1.0101107684160746,0.9833633499155833,0.0697464589351816,,0.06954887007271407,-0.5738896609894754,,-1.1739342536314714
FIN,2021,0.7702460968223999,,3.2341582622666527,1.0027749293244563,1.0001655703765189,0.07251754525100337,,0.06971442674397092,-0.5711185746736536,,-1.1737686969602146
FIN,2022,0.7592479732116219,,3.3088980457426453,1.006251605105277,0.9774124852314036,0.0787496901360462,,0.04686790643834414,-0.5648864297886107,,-1.1966152172658415
FIN,2023,0.7307741681262231,,3.404110739261876,1.0164514848960482,0.9720300833868066,0.09506731548473712,,0.018499381424131805,-0.54856880443992,,-1.2249837422800538
FJI,1995,0.23309529700289341,0.2278160659779944,3.113816788006604,,,0.0,0.0,0.0,-0.20952750992461686,-0.20523703510075414,-1.1358492367440993
FJI,1996,0.2375676526059242,0.2341291024804661,3.0633315562702936,0.9963861728337732,1.0164804987018048,-0.0036203728142726365,-0.005128506044932367,0.016346169152411476,-0.21314788273888943,-0.2103655411456864,-1.1195030675916877
FJI,1997,0.26937763853654995,0.26838022803485145,3.2299276400078627,0.9749404866094074,0.9484211096019589,-0.028999222036507767,-0.032503640344740105,-0.03661049776518085,-0.23852673196112475,-0.2377406754454942,-1.17245973450928
FJI,1998,0.2931958870661984,0.291317293414057,3.3339518158116226,0.9815818711087277,0.9687985365264087,-0.04758907650813203,-0.05042581993130315,-0.06830909511402651,-0.25711658643274904,-0.2556628550320573,-1.2041583318581257
FJI,1999,0.2648931525727881,0.260056245732615,3.192710700237478,1.0223755930972056,1.0442386200427238,-0.025460144318213418,-0.02591932433665034,-0.025021068510867765,-0.23498765424283038,-0.23115635943740448,-1.1608703052549671
FJI,2000,0.31156476408306694,0.3067339739785448,3.31922597263796,0.9644153207006076,0.9618841038713812,-0.06169339086837107,-0.06229383940474284,-0.06388237823106455,-0.27122090079298783,-0.26753087450549695,-1.1997316149751638
FJI,2001,0.3634319395464029,0.3566447963988154,3.329750627774689,0.961958368467889,0.9968392062009273,-0.10047749614214115,-0.09977755496514806,-0.06704817788996772,-0.310005006066758,-0.30501459006590204,-1.202897414634067
FJI,2002,0.3169075072327138,0.3115459880797401,3.3241925295185095,1.0353285496955313,1.0016720145439302,-0.0657586804786556,-0.0659695498625938,-0.06537755960619356,-0.2752861904032725,-0.271206584963348,-1.2012267963502927
FJI,2003,0.3841897138118722,0.3813616883568387,3.4146836300228034,0.9513923518519205,0.973499418889448,-0.11558741433040721,-0.11783270826299251,-0.09223561070542953,-0.32511492425502414,-0.3230697433637466,-1.2280848474495287
FJI,2004,0.43909496521984615,0.43746787681647525,3.347914104309466,0.9618473744020178,1.0199436197085794,-0.1544869097015461,-0.15764611177647414,-0.07248825973246804,-0.364014419626163,-0.36288314687722834,-1.2083374964765672
FJI,2005,0.3844280296790962,0.37597199595973474,3.349286227333364,1.0394870187317875,0.9995903237493707,-0.11575956945609966,-0.11392335242984913,-0.07289801992333876,-0.3252870793807166,-0.31916038753060316,-1.208747256667438
FJI,2006,0.4011267983021871,0.3958834897313578,3.295671487170857,0.9880819004794386,1.016268229515962,-0.12774925890388417,-0.12829050567861638,-0.05676070018125313,-0.337276768828501,-0.3335275407793707,-1.1926099369253524
FJI,2007,0.3921022189336668,0.3911838438877651,3.3045107279342023,1.0064826987887665,0.9973250984817135,-0.12128748243353175,-0.12491803581310024,-0.059439185641159846,-0.33081499235814876,-0.3301550709138544,-1.1952884223852591
FJI,2008,0.32949314263322826,0.3263234134422467,3.2979063262319412,1.0470924401884716,1.0020026043947121,-0.07527026390910994,-0.07717372846392738,-0.05743858378554516,-0.2847977738337269,-0.28241076356468153,-1.1932878205296444
FJI,2009,0.3233456756850351,0.3203502152309941,3.3810320880603753,1.0046453976924894,0.9754140866861393,-0.07063562277701124,-0.0726599808767741,-0.08233177763770025,-0.2801631327016281,-0.27789701597752825,-1.2181810143817995
FJI,2010,0.3884301041143915,0.37720728713311497,3.3274787547216182,0.9531237271242615,1.0160942675479943,-0.11864617744044828,-0.11482070863462585,-0.06636564976580879,-0.3281736873650653,-0.32005774373538004,-1.202214886509908
FJI,2011,0.3583084365433826,0.35759766735180604,3.290412401131766,1.0221758672482828,1.0112649568112202,-0.09671261900700566,-0.1004796816210102,-0.05516367006561528,-0.30624012893162245,-0.3057167167217643,-1.1910129068097146
FJI,2012,0.3463583997659444,0.34559159563958064,3.269368642364626,1.0088758214599587,1.006436642994141,-0.08787595611130254,-0.09159672930741439,-0.04874765379407236,-0.2974034660359194,-0.2968337644081685,-1.1845968905381716
FJI,2013,0.37678085350773494,0.3691073315492093,3.241325933824028,0.9779031981275157,1.0086516163795702,-0.11022054937712644,-0.10892190955614657,-0.04013324817934234,-0.31974805930174344,-0.31415894465690064,-1.1759824849234417
FJI,2014,0.3935315434661382,0.377073613115252,3.331942217402344,0.987979683677099,0.9728037649917703,-0.12231369390267804,-0.11472364226935017,-0.06770614569414446,-0.33184120382729493,-0.31996067737010414,-1.2035553824382437
FJI,2015,0.38489369721261946,0.3759484039216891,3.2021229073469164,1.0062371908189807,1.0405416387227273,-0.11609587385395308,-0.11390620655742675,-0.027964761649319506,-0.3256233837785699,-0.319143241658181,-1.1638139983934188
FJI,2016,0.3677902678729523,0.3676328040920176,3.1349736571649123,1.0125044239174656,1.021419398542165,-0.10366898456374068,-0.10784433000763848,-0.006771534487271107,-0.31319649448835757,-0.3130813651083926,-1.1426207712313703
FJI,2017,0.36770043464070684,0.3589937635656918,3.0357487053132375,1.000065681950499,1.032685495896946,-0.10360330477020663,-0.10150751107000565,0.02539115227243275,-0.3131308146948235,-0.30674454617075964,-1.1104580844716665
FJI,2018,0.36347368738147656,0.35502061007085545,2.9820800195304287,1.0030999844722692,1.0179970642743716,-0.10050811534264797,-0.09857962949962848,0.043228186579681895,-0.31003562526726475,-0.30381666460038265,-1.0926210501644174
FJI,2019,0.38454402216271544,0.38446139283378394,3.0507113810349527,0.9847817516496686,0.977503161416325,-0.115843349632653,-0.12007414286217248,0.020474433637334363,-0.3253708595572698,-0.3253111779629266,-1.115374803106765
FJI,2020,0.4993258356876103,,3.6379318680585904,0.9234443836070801,0.8385839789415813,-0.19548805427889954,,-0.15556611532011036,-0.4050155642035165,,-1.2914153520642098
FJI,2021,0.5697744988252831,,3.843213149618397,0.9551217941236834,0.9465860274806276,-0.24140446779815794,,-0.210459537682092,-0.4509319777227749,,-1.346308774426191
FJI,2022,0.4205135803422858,,3.3398328430788538,1.1050753196228023,1.150720209720286,-0.141490972596831,,-0.07007152200973876,-0.3510184825214477,,-1.2059207587538379
FJI,2023,0.37335066883549556,,3.187635999975595,1.0343414923639143,1.0477459920469037,-0.10772598762750736,,-0.023430339489259547,-0.31725349755212434,,-1.1592795762333588
FRA,1995,0.8126815370388318,0.7540321216063272,2.9721379187266304,,,0.0,0.0,0.0,-0.5948072610974305,-0.5619172071268463,-1.0892815318106268
FRA,1996,0.8127807508346808,0.751427784851336,2.964219745059818,0.999945269831554,1.0026712505643378,-5.473166619635513e-05,0.001485874780283928,0.0026676891154874174,-0.594861992763627,-0.5604313323465624,-1.0866138426951393
FRA,1997,0.7991197811214793,0.719852639839917,2.927129554946343,1.0075931407439063,1.012671181584976,0.0075097262880008215,0.0196785944834316,0.01525926305569673,-0.5872975348094297,-0.5422386126434149,-1.0740222687549301
FRA,1998,0.7922626565288734,0.7213168083691125,2.8865667111697175,1.0038259596424814,1.0140522800390046,0.011328385561575805,0.018827622952044567,0.029213725119479117,-0.5834788755358548,-0.5430895841748019,-1.0600678066911478
FRA,1999,0.7840972759261727,0.6903620223899134,2.863466404849476,1.0045767575080577,1.008067252432618,0.015894701561701717,0.03697448670059809,0.0372486112262163,-0.5789125595357288,-0.5249427204262482,-1.0520329205844106
FRA,2000,0.769131097372091,0.6559383073566722,2.823009256224243,1.0084596209836074,1.0143312135927403,0.024318740484713094,0.05754940586939765,0.05147810368377742,-0.5704885206127173,-0.5043678012574486,-1.0378034281268493
FRA,2001,0.7686612916847126,0.6369633274573688,2.8265834882800114,1.0002656278449624,0.9987354939025903,0.024584333056845632,0.06907431127505768,0.050212797423921166,-0.5702229280405848,-0.49284289585178853,-1.0390687343867058
FRA,2002,0.7657147275100458,0.6216304928513952,2.8325085970299164,1.0016687657008005,0.997908176251921,0.02625170791527571,0.07848508697224003,0.04811878275666794,-0.5685555531821548,-0.4834321201546063,-1.041162749053959
FRA,2003,0.7638448498528394,0.6131380739890016,2.831897995417553,1.0010601145885152,1.0002156156801378,0.027311260979139083,0.08373581091017175,0.04833437519508577,-0.5674960001182914,-0.4781813962166745,-1.0409471566155408
FRA,2004,0.7463680848394302,0.5973064208072483,2.7815412119217657,1.0100074922149165,1.018103914218476,0.03726900983936455,0.09359848353322961,0.06627636494936924,-0.557538251258066,-0.46831872359361687,-1.0230051668612574
FRA,2005,0.7403757782188186,0.585350664751162,2.769714012171861,1.0034431107899837,1.0042701880764329,0.04070620669439322,0.10111158467683282,0.07053746164478031,-0.5541010544030374,-0.4608056224500133,-1.0187440701658466
FRA,2006,0.7264447006508642,0.5622762758009263,2.7450214060458733,1.0080692289551483,1.0089954147794995,0.048743053504236196,0.11577329823756818,0.07949265868432061,-0.5460642075931943,-0.44614390888927824,-1.009788873126306
FRA,2007,0.7159444957390082,0.5442285211739023,2.733928111782275,1.0061191984577182,1.0040576393416454,0.054843605695213515,0.12739276053441417,0.08354208800881824,-0.5399636554022171,-0.4345244465924322,-1.0057394438018086
FRA,2008,0.7177799495722714,0.5168765608539423,2.762030113432963,0.9989314965320671,0.9898255991076944,0.05377453097048728,0.14526388063552476,0.07331557411939758,-0.5410327301269431,-0.4166533264913216,-1.0159659576912292
FRA,2009,0.7314147947331102,0.49813251674877485,2.8437822155036785,0.9921250267686778,0.9712523337318092,0.04586838638054381,0.15769786349527484,0.044146599628904534,-0.5489388747168867,-0.4042193436315714,-1.0451349321817223
FRA,2010,0.7214033839385663,0.4829689646651439,2.8138412309570553,1.0058158424039099,1.0106406090781601,0.051667382060057214,0.16787107159047482,0.05473099583416404,-0.5431398790373734,-0.3940461355363715,-1.0345505359764626
FRA,2011,0.7021261075231529,0.44906730176813175,2.786973034440505,1.011325410220906,1.0096406374171987,0.06292913996417099,0.19099709782198226,0.06432545883645202,-0.5318781211332596,-0.3709201093048642,-1.024956072974175
FRA,2012,0.7087146685576314,0.441156824693938,2.8136518016570493,0.9961441420526692,0.9905180992186622,0.05906582903198252,0.1964710655703183,0.05479831863633546,-0.535741432065448,-0.36544614155652816,-1.0344832131742914
FRA,2013,0.7088898521757326,0.4272284590920111,2.819472460760889,0.9998974868872453,0.9979355502900463,0.058963310664399554,0.20618278397475293,0.05273173501266852,-0.5358439504330308,-0.3557344231520934,-1.0365497967979582
FRA,2014,0.6954454755151209,0.3780183131046331,2.824489070252348,1.0079297015768243,0.9982238878017641,0.06686173738241254,0.2412707449976821,0.0509540436570448,-0.527945523715018,-0.3206464621291642,-1.038327488153582
FRA,2015,0.6937660184128943,0.37002320132630223,2.8202490544203966,1.0009915520112986,1.0015034189357517,0.06785279813073065,0.24708953215553972,0.05245633358998282,-0.5269544629666998,-0.31482767497130654,-1.036825198220644
FRA,2016,0.6965663039724729,0.3572674909870979,2.8310935043020473,0.9983494393628932,0.9961695189985172,0.0662008738176557,0.25644372632810514,0.048618497507809715,-0.5286063872797747,-0.3054734807987412,-1.0406630343028171
FRA,2017,0.6920482670381151,0.3510311874496192,2.817959107460697,1.0026701584241842,1.0046609607664556,0.0688674737020039,0.26104906370048825,0.053268629631514464,-0.5259397873954266,-0.3008681434263579,-1.0360129021791125
FRA,2018,0.6822896322791581,0.32797521628863313,2.813942839725976,1.0058008053855363,1.0014272741002488,0.07465151919864778,0.2782618186800079,0.054694886144220356,-0.5201557418987827,-0.2836553884468386,-1.0345866456664066
FRA,2019,0.6739987744820976,0.30563414038991504,2.8041924399458664,1.0049527263242026,1.0034770794048278,0.07959202111996216,0.29522835304531814,0.05816593448473723,-0.5152152399774681,-0.26668885408152826,-1.0311155973258896
FRA,2020,0.6777802002646102,,3.050445142170389,0.9977461733176278,0.919273191043418,0.07733565074748977,,-0.02600599641186995,-0.5174716103499408,,-1.1152875282224968
FRA,2021,0.6829372980787505,,2.9310644437104187,0.9969356565927749,1.0407294690214477,0.07426660262630817,,0.013915883387238488,-0.5205406584711222,,-1.0753656484233884
FRA,2022,0.6649853609736527,,2.931682918273896,1.0107820390051958,0.9997890377026716,0.08499092991169135,,0.013704898834234482,-0.5098163311857391,,-1.0755766329763923
FRA,2023,0.6410010548309457,,2.95057546361473,1.0146156555305677,0.9935969963914468,0.09950080619203203,,0.00728130807127447,-0.4953064549053985,,-1.0820002237393525
GAB,1995,0.029891892824913783,-0.0,1.3981868672370525,,,0.0,0.0,0.0,-0.029453838310609933,0.0,-0.3351763024304471
GAB,1996,0.037700627662417344,0.007581730550828456,1.3771403857160702,0.9924749637522202,1.0152827422238722,-0.007553492177527349,-0.007553133683295978,0.015167137469429949,-0.03700733048813732,-0.007553133683295881,-0.32000916496101733
GAB,1997,0.003390199721349344,-0.0,1.3448650359584093,1.0341945017507612,1.02399895074576,0.02606937236090337,0.0,0.03888263942387735,-0.003384465949706823,0.0,-0.2962936630065698
GAB,1998,0.03084378089718722,-0.0,1.3541865453939301,0.9733678548732727,0.9931165248486433,-0.0009238333204128317,0.0,0.031975363874928754,-0.030377671631022774,0.0,-0.30320093855551844
GAB,1999,0.13451297145595187,0.03762056798997406,1.5421534651604099,0.9086222959392671,0.8781139983711491,-0.09674962049418066,-0.036930176481662955,-0.09800349120889118,-0.12620345880479067,-0.036930176481662844,-0.4331797936393384
GAB,2000,0.1673302326231058,0.13071289229727323,1.5874476728937272,0.9718869089054514,0.9714672751066171,-0.12526545064763692,-0.12284831194347437,-0.12695118685429807,-0.1547192889582469,-0.12284831194347424,-0.4621274892847452
GAB,2001,0.17324867618886544,0.11824107661543634,1.5791894940776536,0.994955507995982,1.005229378011343,-0.13032270905288035,-0.11175698352293556,-0.12173543455811422,-0.15977654736349042,-0.11175698352293566,-0.4569117369885613
GAB,2002,0.20709231863957306,0.1378280510951447,1.6462495711729859,0.9719626726737435,0.9592649387616541,-0.1587605869110064,-0.12912122683183244,-0.16332341115769636,-0.1882144252216164,-0.12912122683183247,-0.49849971358814343
GAB,2003,0.21590215787160003,0.15061030464469902,1.6374562773315318,0.9927544834302718,1.005370093823686,-0.1660324797194579,-0.1402925012949229,-0.15796768487410823,-0.1954863180300679,-0.14029250129492293,-0.49314398730455533
GAB,2004,0.2203404656096936,0.1391409607271229,1.6556117483591355,0.996363057799713,0.9890339803123545,-0.16967605167359803,-0.13027443512818046,-0.1689942745706255,-0.19912988998420791,-0.13027443512818035,-0.5041705770010726
GAB,2005,0.22830804034896887,0.1541442095527768,1.6715961693449723,0.9935133741068638,0.9904376300454789,-0.1761838071471589,-0.14335912522885194,-0.17860265754869895,-0.20563764545776897,-0.143359125228852,-0.5137789599791461
GAB,2006,0.261627906487891,0.1493160784897836,1.7529160768844347,0.9735897835109896,0.9536087844638875,-0.20294903802891845,-0.13916705110572059,-0.22610442836632472,-0.23240287633952844,-0.13916705110572056,-0.5612807307967718
GAB,2007,0.20616863920241815,0.08935361327904018,1.6798745378713886,1.0459796959421406,1.0434803536611723,-0.15799508371976706,-0.08558450499757966,-0.18354280835758327,-0.1874489220303769,-0.08558450499757968,-0.5187191107880305
GAB,2008,0.2731737469286184,0.13909346862179134,1.7786052683005955,0.9473715917502682,0.9444898021000796,-0.21205895814813822,-0.13023274310147168,-0.24065319759770595,-0.24151279645874818,-0.13023274310147173,-0.575829500028153
GAB,2009,0.29674749871745093,0.13915049071791644,1.8216111681259928,0.9818208619548924,0.9763912844969872,-0.23040536705118866,-0.13028280103833428,-0.2645450642612746,-0.25985920536179863,-0.13028280103833426,-0.5997213666917216
GAB,2010,0.26630851617252294,0.13169479412232027,1.7572661482266083,1.0240375723263169,1.0366165477917615,-0.20665214938207868,-0.12371632692821126,-0.22858297408853628,-0.23610598769268867,-0.12371632692821125,-0.5637592765189833
GAB,2011,0.24886931498656603,0.1038634969409815,1.7346243246914181,1.0139639920499965,1.013052868689143,-0.19278475564243064,-0.09881629613514689,-0.21561455996752132,-0.2222385939530407,-0.09881629613514685,-0.5507908623979684
GAB,2012,0.24524877962274064,0.08747393261234973,1.743639967054865,1.002907479551935,0.9948294128754832,-0.18988149463425963,-0.08385751368178437,-0.22079856083557559,-0.21933533294486957,-0.08385751368178436,-0.5559748632660226
GAB,2013,0.2386056656683191,0.09483687754391566,1.7301722797726247,1.0053633808875218,1.0077840151756507,-0.1845324454525836,-0.09060538189176093,-0.2130446848047127,-0.21398628376319362,-0.09060538189176086,-0.5482209872351598
GAB,2014,0.24896235404555864,0.07368666634755795,1.7439274768094324,0.9917077657755714,0.9921125177395718,-0.19285925150233116,-0.0710982089656047,-0.22096343779342456,-0.22231308981294118,-0.07109820896560466,-0.5561397402238716
GAB,2015,0.2476434651680821,0.06503245426071201,1.747863211709177,1.0010571039838685,0.9977482592039363,-0.19180270585943074,-0.06300527218131778,-0.22321771756992795,-0.22125654417004084,-0.06300527218131788,-0.558394020000375
GAB,2016,0.24759994513569816,0.06748801449729107,1.7774232113319977,1.0000348830028034,0.9833691833017821,-0.19176782346502502,-0.06530823842041414,-0.2399883789558385,-0.22122166177563501,-0.06530823842041411,-0.5751646813862857
GAB,2017,0.1978518042347152,0.04708046029866456,1.8253902934303416,1.0415311315849844,0.9737222870796564,-0.15107595108870378,-0.046005777358504314,-0.266617521153229,-0.18052978939931383,-0.04600577735850431,-0.6017938235836761
GAB,2018,0.22161836778992236,0.07845270904190715,1.909548076232736,0.9805450178371137,0.955927905743842,-0.17072267234500574,-0.07552733706037992,-0.31169030232946177,-0.20017651065561579,-0.07552733706037987,-0.6468666047599089
GAB,2019,0.21280464635642976,0.08509690424134397,1.9561728650490833,1.0072672226808919,0.9761653023363159,-0.16348172868666092,-0.0816692956691175,-0.33581364209163783,-0.19293556699727082,-0.08166929566911744,-0.6709899445220847
GAB,2020,0.26048744690207437,,2.014210591083558,0.9621711420745718,0.9711858698929526,-0.20204467046142086,,-0.3650510499961344,-0.23149850877203096,,-0.7002273524265815
GAB,2021,0.27106346877775656,,2.092066666666813,0.9916793912062849,0.9627850886285096,-0.21040008874573748,,-0.40297611069602834,-0.23985392705634753,,-0.7381524131264755
GAB,2022,0.2948547959811202,,2.189701889142969,0.9816262585757063,0.9554116370998931,-0.228944723898722,,-0.448589108453284,-0.25839856220933205,,-0.783765410883731
GAB,2023,0.2854561353567415,,2.2559195037047646,1.0073115374114032,0.9706471731579739,-0.22165978619914506,,-0.4783813495868534,-0.251113624509755,,-0.8135576520173005
GBR,1995,0.8641652230368048,0.8640712936737863,3.5345036247564985,,,0.0,0.0,0.0,-0.6228133513034412,-0.6227629632110455,-1.2625728721642062
GBR,1996,0.8675826171642778,0.8590301142152624,3.5236945632763534,0.9981701510305008,1.0030675364410966,-0.0018315251882550369,0.0027080554554110106,0.003062841150720217,-0.6246448764916963,-0.6200549077556344,-1.2595100310134857
GBR,1997,0.8426269225257831,0.8200216703466278,3.4451557996812596,1.0135435417410956,1.0227968684616122,0.01162112255620386,0.02391455540936522,0.02560374385000487,-0.6111922287472373,-0.5988484078016802,-1.2369691283142012
GBR,1998,0.8341358767650663,0.8096519549143193,3.4037380021308214,1.0046294529583562,1.0121683271522397,0.016239892555362824,0.029628426526009156,0.03769863206188439,-0.6065734587480786,-0.5931345366850362,-1.2248742401023216
GBR,1999,0.8254645245556037,0.7626333685538237,3.3806558874337913,1.0047502167765068,1.0068277031042494,0.020978862654199307,0.05595404026813618,0.044503131957830115,-0.6018344886492418,-0.5668089229429092,-1.218069740206376
GBR,2000,0.8100486041459866,0.743773920918363,3.3137496824629005,1.0085168543951286,1.0201904824993189,0.02945965326691577,0.06671127862821495,0.0644924893672088,-0.5933536980365254,-0.5560516845828304,-1.1980803827969972
GBR,2001,0.8081249015860305,0.7268164776613789,3.2873799809534248,1.0010639212801442,1.0080214948263535,0.030523008983922358,0.07648343624711494,0.072481983021521,-0.5922903423195188,-0.5462795269639306,-1.1900908891426851
GBR,2002,0.8068187506100222,0.7051988694500196,3.284808190434809,1.0007229009415401,1.000782934761946,0.03124564875843448,0.08908122030374276,0.07326461144992845,-0.5915677025450067,-0.5336817429073025,-1.1893082607142778
GBR,2003,0.799535593765718,0.6919076911151669,3.2423321008786226,1.0040472424494054,1.0131004746690433,0.03528472315343164,0.09690625959375751,0.08628001705859674,-0.5875286281500096,-0.525856703617288,-1.1762928551056093
GBR,2004,0.796202022758023,0.6540122698118558,3.2252438646152184,1.0018558998183158,1.0052982772716452,0.03713890291751629,0.1195589483711263,0.09156430784033505,-0.5856744483859249,-0.503204014839919,-1.171008564323871
GBR,2005,0.790157008208205,0.6153351669862459,3.1985650785328787,1.0033768069069364,1.008340860800799,0.04051002121463674,0.14322049433095912,0.0998705758841561,-0.5823033300888045,-0.47954246888008634,-1.16270229628005
GBR,2006,0.7870992172532504,0.6007136767128931,3.183185824546377,1.001711035920912,1.0048314031395555,0.042219594981215636,0.1523133854695647,0.10469034525214226,-0.5805937563222253,-0.4704495777414807,-1.1578825269120638
GBR,2007,0.7811440382338248,0.5666228468014207,3.155827237426034,1.003343457290142,1.0086692284025842,0.04555747534538398,0.17384071368106616,0.1133222116719395,-0.5772558759580572,-0.44892224952997917,-1.1492506604922665
GBR,2008,0.7966122396592609,0.5341455946091649,3.2149263370950667,0.9913903506366126,0.9816172772025523,0.03691054883458366,0.1947893530298121,0.09476842699370207,-0.5859028024688573,-0.4279736101812334,-1.167804445170504
GBR,2009,0.8255112600641323,0.5420229977303029,3.363107116343079,0.9841693551625336,0.9559393221441193,0.02095326100067533,0.18966777395913723,0.0497075884880803,-0.6018600903027658,-0.4330951892519082,-1.2128652836761258
GBR,2010,0.826227980840835,0.5458541910984498,3.3228581680783544,0.9996075403595707,1.0121127493948985,0.02056072432780596,0.18718633114275396,0.06174756559300042,-0.6022526269756352,-0.43557663206829145,-1.2008253065712056
GBR,2011,0.8116542493331161,0.5297807893379752,3.3154917078266006,1.0080444331544407,1.002221830395282,0.02857297351582361,0.19763851301403634,0.06396693137309235,-0.5942403777876175,-0.4251244501970092,-1.1986059407911138
GBR,2012,0.8153983981174969,0.5474406963353148,3.311361074206965,0.9979375608195625,1.0012474126279403,0.026508404578866916,0.18616056060763905,0.06521356662830302,-0.5963049467245741,-0.43660240260340644,-1.197359305535903
GBR,2013,0.8088822318887036,0.5113499400075182,3.300821055165329,1.0036023164548364,1.0031931506935652,0.030104248231845942,0.20975971175922511,0.06840163004294769,-0.5927091030715954,-0.4130032514518202,-1.1941712421212585
GBR,2014,0.7875170482992615,0.4511245019317603,3.2713932701165365,1.0119524362633463,1.0089954898781532,0.041985818252820876,0.25042418876408096,0.07735690151161817,-0.5808275330506203,-0.37233877444696456,-1.1852159706525878
GBR,2015,0.7761929005788203,0.39432669597931164,3.2625565927838016,1.006375516824074,1.0027085131189082,0.048341097440888346,0.2903513196651989,0.08006175321869988,-0.5744722538625527,-0.3324116435458464,-1.1825111189455062
GBR,2016,0.7608265681736001,0.32283069008191434,3.259534570733153,1.0087267722346778,1.0009271329955456,0.057030011492475205,0.3429890605065441,0.08098845669191222,-0.565783339810966,-0.2797739027045012,-1.1815844154722939
GBR,2017,0.7485867873201327,0.30643408297991603,3.226553479417732,1.0069998131875548,1.0102217711641257,0.06400543971503497,0.3554616116397099,0.09115833885195358,-0.5588079115884063,-0.2673013515713353,-1.1714145333122525
GBR,2018,0.7410478597100124,0.29065094842627065,3.2329060885606493,1.0043301093465493,0.9980350158746041,0.06832620111348453,0.36761626092771826,0.08919142161247702,-0.5544871501899566,-0.25514670228332714,-1.173381450551729
GBR,2019,0.7280768197451758,0.2708138135426313,3.2312715677398454,1.0075060551803185,1.0005058444598476,0.07580422603865943,0.3831054698988952,0.08969713817614432,-0.5470091252647817,-0.2396574933121503,-1.1728757339880618
GBR,2020,0.7274061596175746,,3.6017287668408553,1.0003882469237864,0.8971446149661222,0.07619239761411079,,-0.01884107104383869,-0.5466209536893304,,-1.2814139432080447
GBR,2021,0.7207799916609402,,3.3591202113278977,1.0038506770120208,1.072223838460682,0.08003567974685484,,0.05089377434235715,-0.5427776715565863,,-1.211679097821849
GBR,2022,0.6852845256089021,,3.272780256445854,1.0210620020018362,1.0263812257825726,0.10087894382587966,,0.07693301716794827,-0.5219344074775616,,-1.185639854996258
GBR,2023,0.6768483698287415,,3.3202555190241996,1.0050309592280082,0.9857013225920941,0.10589729006444652,,0.0625311286358459,-0.5169160612389947,,-1.2000417435283601
GHA,1995,0.6504314212357807,0.6084439785356535,8.715410085641292,,,0.0,0.0,0.0,-0.5010367211514665,-0.47526723870102366,-2.165092733015963
GHA,1996,0.6496419898325341,0.607193610380877,8.595183750631069,1.0004785471078648,1.0139876398804617,0.0004784326407147054,0.0007776798119932751,0.013890715627698967,-0.5005582885107518,-0.4744895588890304,-2.1512020173882638
GHA,1997,0.6681637155594553,0.6114623219400853,8.556785660950673,0.9888969376601567,1.0044874432061126,-0.010686728783633612,-0.0018748025606085232,0.018368120280967744,-0.5117234499351001,-0.4771420412616323,-2.146724612734995
GHA,1998,0.6557068098998837,0.6548954127402694,8.406199590951733,1.0075236180615363,1.017913691956711,-0.003191271974996664,-0.02847057341226174,0.03612325284723726,-0.504227993126463,-0.5037378121132854,-2.1289694801687253
GHA,1999,0.6349027754006104,0.6339442895020024,8.232492852478392,1.0127249368049887,1.0211001383889506,0.009453383157120993,-0.015729662603537108,0.05700386595586614,-0.49158333799434545,-0.4909969013045606,-2.108088867060097
GHA,2000,0.6211005150013086,0.6209257393571546,8.1504713533614,1.0085141299207414,1.0100634056069855,0.01793147229979708,-0.007730191378920278,0.06701697266728739,-0.4831052488516694,-0.4829974300799439,-2.0980757603486757
GHA,2001,0.6442618092676207,0.6438819876880723,8.028828939183766,0.9859138647289822,1.0151507044301282,0.0037451858173018072,-0.021793271711670486,0.08205405141044134,-0.49729153533416465,-0.4970605104126941,-2.0830386816055215
GHA,2002,0.6422804208899556,0.6402664532024485,7.895403335114294,1.0012064860254444,1.0168991498478703,0.0049509446233427555,-0.019591461402931932,0.09881199920171128,-0.4960857765281236,-0.4948587001039556,-2.0662807338142515
GHA,2003,0.6339829148311051,0.6333720255977466,7.81040017552462,1.0050780861804227,1.0108833296219633,0.010016180808035438,-0.015379366608341887,0.1096365316134463,-0.491020540343431,-0.4906466053093655,-2.0554562014025164
GHA,2004,0.6139075208331279,0.5798241560992359,7.775806042333291,1.0124389989753648,1.004448944971491,0.022378451066047904,0.0179536914638199,0.11407560928448425,-0.47865827008541845,-0.45731354723720374,-2.0510171237314787
GHA,2005,0.5829875266240805,0.582969944932387,7.723464924011466,1.019532683416014,1.0067768959704992,0.04172281986412774,0.01596444412743691,0.120829645316984,-0.4593139012873386,-0.4593027945735867,-2.0442630876989787
GHA,2006,0.6623800404281658,0.6615052436268846,7.809007191689747,0.9522416584214781,0.9890456922911643,-0.007213613659592724,-0.03245672606611377,0.10981489738697618,-0.508250334811059,-0.5077239647671374,-2.0552778356289867
GHA,2007,0.6743012349026618,0.6732224303164711,7.850394921494094,0.9928798986550417,0.9947279429610569,-0.01435918389217813,-0.039484127434802604,0.10452889401648936,-0.5153959050436445,-0.5147513661358263,-2.0605638389994736
GHA,2008,0.6339361830105816,0.6339070235575306,7.621755230437282,1.0247041789708742,1.029998298835909,0.010044781161427025,-0.015706854990274813,0.13408604464104767,-0.4909919399900394,-0.4909740936912983,-2.0310066883749154
GHA,2009,0.5709269375089315,0.5692969499595464,7.525049700383126,1.0401095964409177,1.0128511483517821,0.04937086995569045,0.024639522207858894,0.14685531770075794,-0.45166585119577585,-0.4506277164931647,-2.018237415315205
GHA,2010,0.6013424448503721,0.6010145102318238,7.3679101703327445,0.9810062442051348,1.021327557803719,0.030194415661508045,0.004629741497145946,0.1679586260030841,-0.4708423054899585,-0.4706374972038777,-1.9971341070128787
GHA,2011,0.5755535441557251,0.49607882122921304,6.961384355313101,1.0163681525076103,1.0583972661571794,0.04643005401346669,0.07241967254925938,0.22471437682249473,-0.4546066671379998,-0.4028475661517641,-1.9403783561934682
GHA,2012,0.5976482567477163,0.5822631058313539,6.752670105124283,0.9861704774510449,1.0309084031856428,0.03250401271219655,0.016411071027539678,0.2551547352196339,-0.4685327084392698,-0.4588561676734838,-1.909937997796329
GHA,2013,0.5605340133525336,0.5599234439481254,6.555514240443796,1.0237830403423565,1.0300748129664867,0.05600864221523723,0.030630493035992523,0.2847861687715061,-0.4450280789362292,-0.44463674566503103,-1.8803065642444567
GHA,2014,0.5653691048140128,0.5354630032196223,6.412895678737042,0.996911213178662,1.0222393391147198,0.05291507524610926,0.04643527238130693,0.30678182013622773,-0.4481216459053572,-0.4288319663197166,-1.858310912879735
GHA,2015,0.5841874962522822,0.43174322104008306,6.2789242709115705,0.9881211084655143,1.0213366815787417,0.04096506591813366,0.11637450115755438,0.3278940616492566,-0.46007165523333277,-0.358892737543469,-1.8371986713667063
GHA,2016,0.5675212308639073,0.48550633591059017,6.322524796199396,1.0106322422052234,0.9931039376367435,0.05154118330746629,0.07951155761922037,0.3209741115637824,-0.44949553784400015,-0.3957556810818032,-1.8441186214521803
GHA,2017,0.5029697794221554,0.4553756184467897,6.240052075696459,1.04294926772684,1.0132166718326197,0.0935937174209941,0.10000321438625147,0.33410420520527356,-0.40744300373047226,-0.3752640243147722,-1.8309885278106892
GHA,2018,0.5292152256207534,0.4542366363615939,6.096227735297275,0.9828373104329091,1.0235923503261597,0.07628204176873771,0.10078612430250689,0.3574225571769759,-0.42475467938272876,-0.3744811143985168,-1.807670175838987
GHA,2019,0.517237551657236,0.4361634787159223,5.794913695471561,1.0078943959371651,1.0519962946231927,0.08414543999422859,0.11329193143768948,0.4081121492649913,-0.4168912811572377,-0.3619753072633341,-1.7569805837509715
GHA,2020,0.5650976426772489,,5.83329740079413,0.9694203800996444,0.9934198956978699,0.053088507618557684,,0.4015103006374395,-0.4479482135329087,,-1.7635824323785232
GHA,2021,0.5627766347466525,,5.6344654897257564,1.001485182129673,1.0352885134234895,0.054572587956024814,,0.43619044544018504,-0.4464641331954416,,-1.728902287575778
GHA,2022,0.546594398499135,,5.499794115757659,1.0104631416376662,1.0244866209777281,0.06498136978138198,,0.460382074976796,-0.43605535137008444,,-1.7047106580391669
GHA,2023,0.5276524764894922,,5.485758044430436,1.0123993658905794,1.0025586384258185,0.07730449312724748,,0.4629374456601116,-0.423732228024219,,-1.7021552873558512
GMB,1995,0.3138658133024459,0.31189281130698765,5.162180676748643,,,0.0,0.0,0.0,-0.27297379407334316,-0.2714709884854345,-1.6413591019912606
GMB,1996,0.3099596746065731,0.3081636822082727,5.106406057160223,1.0029818770543804,1.0109224803049521,0.0029774400771554,0.00284660397673616,0.010863260842330608,-0.2699963539961878,-0.26862438450869836,-1.63049584114893
GMB,1997,0.3252505069655899,0.3240917331923004,5.21872982829378,0.9884619305718825,0.9784767989857254,-0.008627709355723706,-0.009255751517739419,-0.010894942381178063,-0.2816015034290668,-0.2807267400031738,-1.6522540443724385
GMB,1998,0.33944699533797307,0.3371898794396253,5.169203847854364,0.9894012316860655,1.009580968732733,-0.01928304466321469,-0.01909931857801789,-0.001359580058380844,-0.292256838736558,-0.29057030706345244,-1.6427186820496413
GMB,1999,0.3499096993001714,0.3481407026947418,4.965089310258099,0.9922493304791998,1.0411099428110098,-0.02706390673251821,-0.027255397411253334,0.038927816688514735,-0.30003770080586145,-0.2987263858966878,-1.602431285302746
GMB,2000,0.32210455230248486,0.31926727806068544,4.797924054210506,1.0210309744030932,1.034841163419603,-0.00625103069077073,-0.005605501613765432,0.0731757663337743,-0.27922482476411403,-0.2770764900991998,-1.5681833356574864
GMB,2001,0.3256555746348326,0.32312400258833546,4.702575313724193,0.9973213084904606,1.0202758561267575,-0.008933316314194783,-0.008524620591012621,0.0932488042488025,-0.28190711038753796,-0.27999560907644705,-1.5481102977424581
GMB,2002,0.3718734445167545,0.36991937003143965,4.933171316369008,0.9663103983340081,0.9532560318998728,-0.04320348936996754,-0.043280895630985076,0.045377051705139865,-0.31617728344331086,-0.3147518841164195,-1.5959820502861208
GMB,2003,0.3933922367230576,0.391774299082916,5.050484586715871,0.9845565436356165,0.9767718783549149,-0.05876743806173183,-0.05910841881702283,0.0218749055421248,-0.33174123213507506,-0.33057940730245733,-1.6194841964491358
GMB,2004,0.3643830590991522,0.36242584032699615,4.749090873058108,1.0212617544834213,1.0634634547356399,-0.03772856103780769,-0.03779582847070842,0.08340589740876045,-0.3107023551111509,-0.3092668169561429,-1.5579532045825002
GMB,2005,0.39146771459478324,0.38956670363094986,4.984338930119464,0.9805351894179458,0.9528025560942908,-0.05738530576906149,-0.05752098605462758,0.03505831918272434,-0.3303590998424046,-0.32899197454006207,-1.606300782808536
GMB,2006,0.42667442328794286,0.4256466888737658,5.147385771679275,0.9753225346172385,0.9683243400063605,-0.0823723637215448,-0.08315453904502018,0.0028701333464731505,-0.35534615779488804,-0.3546255275304547,-1.6384889686447874
GMB,2007,0.41360710605406614,0.41163876365597474,5.129939470647774,1.0092439527064578,1.0034008785349855,-0.07317087485733907,-0.0732802847499109,0.006265241972193286,-0.34614466893068224,-0.34475127323534527,-1.6350938600190672
GMB,2008,0.3910267221728684,0.3890253364021104,4.953451306009369,1.0162328900813107,1.0356293327087511,-0.0570683294475419,-0.05713131587067115,0.041274534827794064,-0.3300421235208853,-0.3286023043561057,-1.6000845671634665
GMB,2009,0.3624044813264177,0.36034086247588687,4.764573435824208,1.0210086220639734,1.039642136432406,-0.036277345575916345,-0.036264314032475084,0.08015108918100393,-0.30925113964925954,-0.3077353025179095,-1.5612080128102566
GMB,2010,0.3543980288188023,0.3518955851091399,4.610391052345823,1.0059114472535065,1.0334423656752358,-0.030383302371661328,-0.030036756204090766,0.11304642160724399,-0.3033570964450046,-0.30150774468952524,-1.5283126803840164
GMB,2011,0.44297977489243334,0.4426783430537821,5.133723788369473,0.9386119281677151,0.8980598182533179,-0.09373646960660559,-0.09503035797187268,0.005527821463027124,-0.36671026367994886,-0.36650134645730703,-1.6358312805282333
GMB,2012,0.41767490643593813,0.41743830955616495,4.992998229946619,1.0178495565814254,1.028184580074317,-0.07604434571814088,-0.07738024659198901,0.03332252497983711,-0.3490181397914841,-0.3488512350774234,-1.6080365770114233
GMB,2013,0.39026101695673154,0.39018579766792333,5.076520110190282,1.019718519864144,0.983547414679594,-0.056517717423687636,-0.05796641711147188,0.01673309281176176,-0.32949151149703076,-0.32943740559690643,-1.6246260091794988
GMB,2014,0.4611355552079013,0.44603715966036034,5.409046955470828,0.9514935229667414,0.9385239492246927,-0.10624011687435396,-0.09735583316462354,-0.046713811849595124,-0.37921391094769713,-0.3688268216500581,-1.6880729138408557
GMB,2015,0.49015844299621397,0.4487934849351697,5.460033484373145,0.9805236228907597,0.9906618651610392,-0.12590865781193633,-0.09926014222181485,-0.05609582041582272,-0.3988824518852796,-0.37073113070724945,-1.6974549224070832
GMB,2016,0.4952733469957586,0.4557830226789874,5.470425978952155,0.9965792849783477,0.9981002403434402,-0.12933523685580325,-0.10407292729873542,-0.057997386904485956,-0.40230903092914644,-0.3755439157841699,-1.6993564888957464
GMB,2017,0.4797719379907737,0.44768706971487,5.330957189274747,1.010475539241562,1.0261620539662188,-0.11891418587649952,-0.09849617004714457,-0.032171705292779254,-0.3918879799498427,-0.369967158532579,-1.6735308072840398
GMB,2018,0.46173347105835044,0.43400245504340146,5.068519682122874,1.0123404623958996,1.0517779398346847,-0.10664924629713433,-0.08899846571521572,0.01831030293408246,-0.3796230403704775,-0.3604694542006503,-1.623048799057178
GMB,2019,0.4619306004448865,0.42762749045756987,5.016737309294022,0.9998651581774978,1.0103219223244797,-0.10678409721161246,-0.08454298037769231,0.028579317976781902,-0.3797578912849558,-0.35601396886312675,-1.6127797840144789
GMB,2020,0.49770854732698455,,5.215473488300457,0.9761115425655063,0.961894892294583,-0.13096251089525984,,-0.010270775877950665,-0.40393630496860317,,-1.6516298778692111
GMB,2021,0.4957861321504955,,5.228347987160377,1.0012852206175524,0.9975375589208033,-0.12967811546676766,,-0.012736253751490767,-0.4026519095401108,,-1.6540953557427513
GMB,2022,0.4854892954451743,,5.232625169638395,1.0069316128610912,0.9991825933753412,-0.12277041579306254,,-0.01355399463510733,-0.39574420986640574,,-1.6549130966263679
GMB,2023,0.46359219154461156,,5.252213246848073,1.0149612057423274,0.9962705099185696,-0.10792002497327058,,-0.017290456604460835,-0.3808938190466138,,-1.6586495585957213
GRC,1995,0.9033731833310553,0.902756225338576,4.150536872540954,,,0.0,0.0,0.0,-0.643627671732152,-0.6433034799185591,-1.4232376927527723
GRC,1996,0.9043537571061786,0.9037701442842461,4.122191335644408,0.9994850884340873,1.006876327319269,-0.0005150441783974342,-0.0005327266232755185,0.006852793204490011,-0.6441427159105494,-0.6438362065418345,-1.4163848995482822
GRC,1997,0.9057881688001144,0.9052067488425563,4.011415162348419,0.9992473393856575,1.0276152352256498,-0.0012679881839473832,-0.001287052347341908,0.034093605375473485,-0.6448956599160993,-0.6445905322659009,-1.3891440873772989
GRC,1998,0.9072421608744843,0.9067061951608516,4.044989833429591,0.999237646847266,0.9916996896250032,-0.002030632075619278,-0.0020737683178580855,0.025758655612696853,-0.6456583038077712,-0.645377248236417,-1.3974790371400756
GRC,1999,0.9042579851152373,0.9037380214389802,3.997125384524888,1.0015671068639718,1.0119747179035248,-0.0004647518422688371,-0.0005158532016734926,0.03766224385713758,-0.6440924235744209,-0.6438193331202325,-1.3855754488956349
GRC,2000,0.9051309200444891,0.9046987791780561,3.8982515077316937,0.9995417979310149,1.025363647419129,-0.0009230589178992567,-0.0010203949912608588,0.06270957149856803,-0.6445507306500513,-0.6443238749098199,-1.3605281212542044
GRC,2001,0.9030749527375039,0.9026489044076088,3.7783870793408427,1.0010803396387662,1.0317237027000847,0.00015669757395936343,5.64044706600347e-05,0.09394047277010166,-0.6434709741581928,-0.6432470754478988,-1.3292972199826707
GRC,2002,0.898435193338609,0.8980227727377036,3.716741235655992,1.0024439914594794,1.0165859928836207,0.0025977073434733885,0.0024907815216090676,0.11039042031082197,-0.6410299643886785,-0.64081269839695,-1.3128472724419502
GRC,2003,0.8966507029363342,0.8962674855466936,3.5860856289973344,1.0009408640186157,1.036434045412125,0.0035381290269679705,0.0034160071615791663,0.14617643916074136,-0.6400895427051839,-0.6398874727569799,-1.277061253592031
GRC,2004,0.8917867389505573,0.8914004010524819,3.511294062629659,1.0025710952961195,1.021300285602301,0.006105924712109308,0.0059859722792931875,0.1672530444084629,-0.6375217470200427,-0.637317507639266,-1.2559846483443096
GRC,2005,0.8945844214701718,0.8942081058899064,3.5321238567978535,0.9985233265470199,0.9941027565813962,0.004628159902368547,0.0045026147968151905,0.16133834358233326,-0.6389995118297834,-0.6388008651217436,-1.261899349170439
GRC,2006,0.8867933052346498,0.8864870360958708,3.40782533377891,1.0041292897393195,1.0364744406900426,0.008748947521920106,0.008587091454280984,0.1971633369245599,-0.634878724210232,-0.6347163884642779,-1.2260743558282126
GRC,2007,0.8851012527737826,0.8848482410712505,3.3700445553484943,1.0008975923486219,1.0112107652613838,0.009646137275422606,0.0094561709751025,0.20831172730424102,-0.6339815344567293,-0.6338473089434565,-1.2149259654485314
GRC,2008,0.8816641541100902,0.8815407354897485,3.4388999535284395,1.0018266270610432,0.979977493061612,0.011471098082030689,0.011212498562243975,0.1880860534593316,-0.6321565736501212,-0.6320909813563149,-1.2351516392934407
GRC,2009,0.8793358696149417,0.8792820869901149,3.6038615759612185,1.0012388868497604,0.9542264265827745,0.01270921814472083,0.012413644629369782,0.14123176219013694,-0.6309184535874314,-0.6308898352891891,-1.2820059305626355
GRC,2010,0.8781413436090116,0.8482874810940558,3.7719062370797856,1.000636014967667,0.9554483461262633,0.013345030940586606,0.0290439554352074,0.09565718590457162,-0.6302826407915653,-0.6142595244833515,-1.3275805068482007
GRC,2011,0.886370578738605,0.8334298598819154,4.071099246163417,0.9956375299623809,0.9265080532326522,0.008973017565423276,0.03711502688956927,0.01932464471223396,-0.6346546541667286,-0.6061884530289896,-1.4039130480405384
GRC,2012,0.8919706102439926,0.8390721638629989,4.324894480707769,0.9970401065032058,0.9413175892090626,0.006008734920793129,0.034042294248984056,-0.04115004980923051,-0.6376189368113591,-0.6092611856695747,-1.4643877425620029
GRC,2013,0.8825089387254477,0.8279186801131736,4.415901242489173,1.0050260964630269,0.9793911238535523,0.011022242724582647,0.04012549359101356,-0.06197425240519009,-0.6326054290075693,-0.6031779863275454,-1.4852119451579624
GRC,2014,0.8772857561725432,0.8145911465419182,4.501597272501343,1.0027823055364535,0.9809631948784808,0.013800684813522323,0.047443301190671625,-0.08119459048859301,-0.6298269869186296,-0.5958601787278873,-1.5044322832413652
GRC,2015,0.8718755684059912,0.8060138399153964,4.427159200062969,1.0028902496821193,1.0168139588107232,0.016686765754565694,0.05218136165556653,-0.06452042151237242,-0.6269409059775862,-0.5911221182629924,-1.4877581142651448
GRC,2016,0.8659403230068757,0.7923226598986721,4.549419211196508,1.0031808334521393,0.9731262375573906,0.019862551058027273,0.05979112582688402,-0.09176188617177919,-0.6237651206741249,-0.5835123540916751,-1.5149995789245516
GRC,2017,0.8700114317389045,0.7961568053718643,4.482432610738035,0.9978229498157434,1.0149442515427898,0.017683127654981704,0.057654205736172574,-0.0769281997748234,-0.6259445440771703,-0.5856492741823865,-1.5001658925275958
GRC,2018,0.8622391539311081,0.7840697795320212,4.553572946666675,1.004173619586609,0.9843770294751254,0.02184806184932609,0.06440633243822155,-0.09267449505607155,-0.621779609882826,-0.5788971474803375,-1.515912187808844
GRC,2019,0.8473793494860609,0.7586302570488602,4.540020104215804,1.0080437212038669,1.0029851943691364,0.029859604768054514,0.07876823691282041,-0.08969374753204608,-0.6137680669640974,-0.5645352430057387,-1.5129314402848186
GRC,2020,0.8369519745667652,,4.92360403194018,1.005676454835873,0.9220928561200273,0.0355200092449555,,-0.17080309640173696,-0.6081076624871966,,-1.5940407891545092
GRC,2021,0.8295686696469569,,4.7124956827405144,1.004035544028655,1.0447975687219937,0.039547432306821284,,-0.12697994389160325,-0.6040802394253307,,-1.5502176366443756
GRC,2022,0.8222358114915385,,4.537351583086503,1.0040240994657086,1.0386005131951601,0.04356345674018147,,-0.08910579734159475,-0.6000642149919704,,-1.512343490094367
GRC,2023,0.8098828843752174,,4.464336997145647,1.0068252632382817,1.0163550793740568,0.05036553331293452,,-0.07288302166897057,-0.5932621384192175,,-1.496120714421743
GTM,1995,0.6309440201843387,0.6295410528039771,3.8166215889580157,,,0.0,0.0,0.0,-0.48915900066133927,-0.48829841247550615,-1.3393656305090331
GTM,1996,0.6121210087110784,0.6109175540648981,3.8353629582571416,1.0116759296427194,0.9951135343634745,0.011608291955687635,0.011494486458717463,-0.00489844344509777,-0.47755070870565164,-0.4768039260167887,-1.3442640739541307
GTM,1997,0.6337152074018481,0.6329259366170494,3.8407064938703748,0.986782152364786,0.9986087102407432,-0.0016976889101771547,-0.0020750462999968877,-0.006290701946590074,-0.49085668957151635,-0.49037345877550287,-1.3456563324556232
GTM,1998,0.6584284443295685,0.6563625436101609,3.8562229005378943,0.9850984002281082,0.9959762682117378,-0.016711433001029757,-0.016325546827299236,-0.010322550724647526,-0.505870433662369,-0.5046239593028053,-1.3496881812336807
GTM,1999,0.6634926239087372,0.6621631891766392,3.89570904800684,0.9969556945991925,0.9898641949431135,-0.019760381725715852,-0.019821467571179287,-0.02051007281288799,-0.508919382387055,-0.5081198800466853,-1.359875703321921
GTM,2000,0.6808754872154317,0.6795452580642418,3.9213593432107396,0.9896584467803197,0.9934588256370053,-0.030155780358733463,-0.03022466457562737,-0.02707273440932183,-0.5193147810200727,-0.5185230770511335,-1.366438364918355
GTM,2001,0.6924729715919182,0.6912352304616758,3.962222925964683,0.9931476102891156,0.9896867027631985,-0.03703175549810923,-0.03716075507668785,-0.03743958220279816,-0.5261907561594484,-0.525459167552194,-1.376805212711831
GTM,2002,0.6968667795201087,0.6953915641719358,3.9548365456173222,0.9974106347173389,1.0018676828390156,-0.039624478985385396,-0.03961531298877986,-0.035573641314772,-0.5287834796467248,-0.5279137254642859,-1.3749392718238052
GTM,2003,0.690906711616451,0.6889787677039427,3.984881158114362,1.0035247763006157,0.9924603491785794,-0.03610590014990528,-0.035825654343932326,-0.043141858983398125,-0.5252649008112446,-0.5241240668194385,-1.3825074894924312
GTM,2004,0.7000916435132379,0.6987617025921059,3.9806237409853353,0.9945973901278603,1.0010695351799246,-0.04152315689681332,-0.04160116292709039,-0.04207289534873521,-0.5306821575581526,-0.5298995754025965,-1.3814385258577682
GTM,2005,0.7110810276235456,0.7099793363742216,3.961091353080937,0.9935775197475186,1.0049310622157719,-0.047966350008505874,-0.0481828739743671,-0.037153951000604965,-0.5371253506698451,-0.5364812864498731,-1.376519581509638
GTM,2006,0.6992781746554819,0.6977347294726202,3.925902993912193,1.0069458038972676,1.00896312497362,-0.041044557087557054,-0.04099643792806668,-0.028230756408336086,-0.5302035577488963,-0.5292948504035728,-1.367596386917369
GTM,2007,0.6806954140798546,0.6786251050284028,3.859600052817917,1.0110565902780198,1.0171787076865304,-0.03004864405785684,-0.0296766560118096,-0.01119793433987481,-0.5192076447191962,-0.5179750684873158,-1.3505635648489078
GTM,2008,0.6512718051382214,0.6491781170723034,3.8817101379393066,1.0178187557312346,0.9943040349908437,-0.012386781337193111,-0.011978640473283834,-0.01691018322207815,-0.5015457819985323,-0.50027705294879,-1.3562758137311113
GTM,2009,0.6669109286096345,0.6646775851726768,3.9691426633419646,0.9906179009310008,0.9779719368088821,-0.02181316953197998,-0.021333049666831076,-0.03918448705053779,-0.5109721701933192,-0.5096314621423371,-1.3785501175595707
GTM,2010,0.6502610810855859,0.6490367293755239,3.9617537693529687,1.0100892202542255,1.0018650563409959,-0.011774505694913026,-0.011892904580718634,-0.03732116776764725,-0.5009335063562522,-0.5001913170562247,-1.3766867982766804
GTM,2011,0.6410811234537992,0.6394050038000406,3.9555832963644266,1.0055938475560957,1.0015599400963728,-0.0061962456018132646,-0.006034960970878568,-0.03576244311397877,-0.4953552462631525,-0.4943333734463847,-1.3751280736230118
GTM,2012,0.6400691083539733,0.6385016659007395,4.0733992248830395,1.0006170563756558,0.9710767538327905,-0.005579379527162566,-0.005483793403772943,-0.06511221075700303,-0.49473838018850186,-0.49378220587927885,-1.4044778412660361
GTM,2013,0.6508477152149869,0.6498113096277404,3.9347035038874556,0.9934708654458717,1.0352493449274014,-0.01212992211513764,-0.012362511096261804,-0.030469900081206362,-0.5012889227764767,-0.5006609235717678,-1.3698355305902394
GTM,2014,0.6523769286414335,0.6516755429653717,3.9308700906920513,0.9990745371713077,1.0009752072968479,-0.013055813448951018,-0.013491840770436752,-0.029495167990070098,-0.5022148141102902,-0.5017902532459428,-1.368860798499103
GTM,2015,0.6666724367458925,0.6656361720649301,3.906516658837698,0.991422724832259,1.0062340529891916,-0.021670085146194,-0.02190872330517393,-0.023280466326066177,-0.5108290858075333,-0.5102071357806801,-1.3626460968350993
GTM,2016,0.6710127430760401,0.6701372046087174,3.9462350355723936,0.9974025893290569,0.9899351213557571,-0.024270874940816693,-0.02460736902667101,-0.033396338311096715,-0.513429875602156,-0.512905781502177,-1.3727619688201298
GTM,2017,0.6666213413113098,0.6662536654000218,3.9831609285162,1.0026349127158511,0.99072950011147,-0.021639427521640796,-0.022279379822816362,-0.04271007671965369,-0.51079842818298,-0.5105777922983225,-1.3820757072286867
GTM,2018,0.6679582086545347,0.6676163546667843,3.9307646124800266,0.9991985006960677,1.0133298025197992,-0.0224412481978714,-0.023096861808885354,-0.029468334331164716,-0.5116002488592107,-0.5113952742843916,-1.368833964840198
GTM,2019,0.6631591921209875,0.6621678118477475,3.9218698604865057,1.002885482373715,1.0022679875441907,-0.01955992083752791,-0.01982424868479674,-0.02720291478866005,-0.5087189214988673,-0.508122661160303,-1.366568545297693
GTM,2020,0.6640211800868062,,4.02052783413285,0.9994819849794375,0.9754614374737632,-0.020078070074223756,,-0.05204756552563755,-0.509237070735563,,-1.3914131960346707
GTM,2021,0.6555958254405521,,3.878920853170547,1.0050890166046487,1.0365067982365654,-0.015001958749637546,,-0.016191353814505455,-0.5041609594109768,,-1.3555569843235387
GTM,2022,0.6375818949264376,,3.8912719776482785,1.0110003234463725,0.9968259416076086,-0.004061698784180695,,-0.019370460214847503,-0.49322069944551994,,-1.3587360907238806
GTM,2023,0.6449421943504157,,3.9256332855346736,0.9955254966106061,0.9912469389300801,-0.008546242726050892,,-0.02816205434340858,-0.4977052433873902,,-1.3675276848524416
HKG,1995,0.7970587803217556,0.7970430097727532,3.4900785133208436,,,0.0,0.0,0.0,-0.5861513175178477,-0.5861425417235472,-1.2499242326148268
HKG,1996,0.7740841767524396,0.7628541525406621,3.528566901206829,1.0129501203327185,0.9890923457132635,0.012866984501148399,0.01920836859279517,-0.010967578904174855,-0.5732843330166992,-0.5669341731307519,-1.2608918115190015
HKG,1997,0.774831629076989,0.7285961676798819,3.515015110004607,0.9995788601508425,1.0038554005539406,0.012445755947699198,0.03883292639765558,-0.007119591359645183,-0.5737055615701485,-0.5473096153258915,-1.257043823974472
HKG,1998,0.8289041831220738,0.7988256459928986,3.7896451790130823,0.9704344522014385,0.9275314558393577,-0.017565662941826307,-0.000991491367919008,-0.08234816178368227,-0.603716980459674,-0.5871340330914663,-1.332272394398509
HKG,1999,0.8386944001001697,0.8048057829221726,3.7332703233792075,0.9946754517892898,1.015100662623018,-0.02290443707958718,-0.0043104447829558174,-0.06736037920939934,-0.6090557545974348,-0.5904529865065029,-1.317284611824226
HKG,2000,0.8185713667257243,0.7381320147219304,3.5846561018915275,1.0110652975971333,1.0414584320680749,-0.01189991198830376,0.03333155992729302,-0.026738309887503007,-0.5980512295061513,-0.5528109817962543,-1.2766625425023297
HKG,2001,0.8068343518209236,0.7441208980277138,3.7243899197353936,1.0064958998000963,0.9624814208889831,-0.0054250196196112405,0.029891896375839,-0.0649788258664906,-0.5915763371374588,-0.5562506453477082,-1.3149030584813173
HKG,2002,0.8115168224022968,0.749735768403163,3.7357870228369245,0.9974151658303876,0.9969492096225345,-0.00801320024099162,0.026677754672090884,-0.06803427939152533,-0.5941645177588393,-0.5594647870514562,-1.317958512006352
HKG,2003,0.8214910341845081,0.7729366515356298,3.7027382413201333,0.9945241499436329,1.0089254976622406,-0.013504097721042411,0.013505244804122995,-0.05914837854377894,-0.59965541523889,-0.5726372969194241,-1.3090726111586057
HKG,2004,0.8006458905273154,0.749140586753513,3.548747955823753,1.0115764813986212,1.043392849369218,-0.0019941110916062337,0.027017967697632,-0.016670620162929976,-0.5881454286094541,-0.5591245740259152,-1.2665948527777566
HKG,2005,0.7969221071961952,0.7390940079976764,3.4315923901173266,1.0020723120474766,1.0341402918492952,7.605667915533984e-05,0.0327782491594544,0.01689982549085403,-0.5860752608386923,-0.5533642925640926,-1.2330244071239727
HKG,2006,0.775878880205408,0.7264510679631362,3.2806084162985263,1.0118494719574307,1.0460231623709466,0.011855873356004938,0.040074646030451355,0.061895334646490933,-0.5742954441618427,-0.5460678956930958,-1.1880288979683358
HKG,2007,0.771083672167417,0.726428625123199,3.158899433210186,1.0027074994328884,1.0385289198537908,0.014559714114721407,0.04008764552185134,0.09970054630947843,-0.5715916034031264,-0.5460548962016959,-1.1502236863053485
HKG,2008,0.7630282922099264,0.7105128954841801,3.1540530787472383,1.0045690588137943,1.0015365481626175,0.019118366465747456,0.04934927730201449,0.10123591518982929,-0.5670329510521004,-0.5367932644215326,-1.1486883174249973
HKG,2009,0.7622262537337356,0.7238448720642255,3.2494542613334327,1.0004551279805818,0.9706408599987353,0.019573390907004516,0.041585354931876393,0.07143716996296638,-0.566577926610843,-0.5445571867916709,-1.1784870626518604
HKG,2010,0.7398704860273182,0.6767975814879602,3.088037770252013,1.0128490987610597,1.052271540405494,0.03234064037934027,0.06925676891781136,0.12238836922787177,-0.5538106771385076,-0.5168857728057358,-1.127535863386955
HKG,2011,0.7459652252927196,0.7006704330928094,3.0737602907074755,0.9965092436108629,1.0046449554272987,0.028843777084162973,0.05511999599820024,0.12702257013968082,-0.5573075404336847,-0.5310225457253469,-1.1229016624751458
HKG,2012,0.7400616451763152,0.6951871813692378,3.118407899549914,1.0033927419369135,0.9856825629357588,0.03223077665672587,0.05834937550196517,0.11260164964077227,-0.5539205408611217,-0.5277931662215819,-1.1373225829740545
HKG,2013,0.7412842301730012,0.6964175146864979,3.106490003390185,0.9992978831511246,1.0038364508325224,0.03152841320838118,0.05762385853788093,0.11643076006388946,-0.5546229043094666,-0.5285186831856662,-1.1334934725509374
HKG,2014,0.7410914131461038,0.7011962425657978,3.073165646497844,1.000110744918642,1.0108436578842788,0.031639151995257235,0.054810866024978,0.12721604708004453,-0.5545121655225903,-0.531331675698569,-1.1227081855347822
HKG,2015,0.7191602787198956,0.6565413027900321,3.0627175478684223,1.0127568875908062,1.003411381711217,0.04431535595238556,0.08141066550655872,0.13062162322825263,-0.5418359615654622,-0.5047318762169886,-1.1193026093865739
HKG,2016,0.7194031211744476,0.6539302174733167,3.0316279966963458,0.9998587635141745,1.0102550679720452,0.04417410949174831,0.08298813617331295,0.14082446474449917,-0.5419772080260994,-0.5031544055502343,-1.1090997678703274
HKG,2017,0.7048525061474206,0.6322395895894783,2.970599049214678,1.0085348233788904,1.0205443233740352,0.05267271718268872,0.09618948861028165,0.16116060006666108,-0.5334786003351589,-0.4899530531132654,-1.0887636325481658
HKG,2018,0.6987444116787822,0.6244259626651314,2.9391185033685647,1.0035956524281378,1.0107108800853155,0.05626192070668992,0.10098804209518271,0.17181452500807595,-0.5298893968111578,-0.48515449962836443,-1.0781097076067507
HKG,2019,0.6988143753883541,0.6237518336866785,2.9972436601905654,0.9999588161540275,0.9806071299460837,0.0562207360126395,0.10140312343025572,0.1522311462201907,-0.5299305815052081,-0.4847394182932916,-1.097693086394636
HKG,2020,0.6566540714087717,,3.1077907466536687,1.025449069125053,0.9644290444644205,0.08135136887768639,,0.11601212970752166,-0.5047999486401613,,-1.1339121029073052
HKG,2021,0.6404334299150442,,2.910154493430285,1.009888021786149,1.0679126327037105,0.09119082406571082,,0.18171806231480647,-0.49496049345213666,,-1.06820617030002
HKG,2022,0.6316604785761688,,3.0025697058425846,1.005376701497686,0.9692212932700706,0.0965531227074052,,0.15045574197806116,-0.4895981948104424,,-1.0994684906367655
HKG,2023,0.6433287665100078,,2.955938224487907,0.9928996022149484,1.0157755263517918,0.0894273971352152,,0.1661081280936904,-0.49672392038263236,,-1.0838161045211363
HND,1995,0.7472615095409709,0.7463959631584229,5.256594399356682,,,0.0,0.0,0.0,-0.5580497105853249,-0.5575542147291797,-1.6594833644678877
HND,1996,0.7471666922811722,0.7457680289902956,5.483063733415092,1.000054269154865,0.9586965709192377,5.426768234775062e-05,0.00035962467759629115,-0.04218065570829738,-0.557995442902977,-0.5571945900515833,-1.701664020176185
HND,1997,0.745226836533721,0.7442499942513897,5.516210316193851,1.001111520695673,0.9939910589192998,0.001165171096264441,0.0012295541877200237,-0.04820772312532226,-0.5568845394890605,-0.5563246605414598,-1.7076910875932099
HND,1998,0.7792965407764479,0.7787767080716342,5.57189805621832,0.9808521494523561,0.9900056068035341,-0.018168373794868117,-0.01837167065894321,-0.05825239555694761,-0.5762180843801928,-0.5759258853881228,-1.717735760024835
HND,1999,0.7964605295602003,0.7956753219872527,6.091207856119186,0.9904456632910525,0.9147443639804261,-0.027768646001751135,-0.027826960404908736,-0.14736303192638936,-0.5858183565870759,-0.5853811751340885,-1.806846396394277
HND,2000,0.7946880202653791,0.793847210569935,5.866790764732494,1.0009876420162203,1.0382521041547534,-0.026781491383017154,-0.026808378374127025,-0.10982440176378805,-0.584831201968342,-0.5843625931033067,-1.7693077662316756
HND,2001,0.8103169353427417,0.8093744007569372,5.809271186288302,0.99136675199119,1.0099013415968523,-0.03545222176307862,-0.03542693586211281,-0.09997175726905178,-0.5935019323484034,-0.5929811505912924,-1.7594551217369394
HND,2002,0.8093838496511991,0.808455060413996,5.775717308559953,1.0005156925058896,1.0058094736871244,-0.034936662180872775,-0.03491870827836584,-0.09417909350108727,-0.5929863727661977,-0.5924729230075454,-1.7536624579689748
HND,2003,0.816220680312134,0.8151286549457145,5.7244258886815125,0.9962356828467783,1.0089600985104648,-0.038708082206488574,-0.038602134743074876,-0.08525889849088378,-0.5967577927918135,-0.5961563494722544,-1.7447422629587714
HND,2004,0.8141423841748808,0.8121988620084488,5.535689864567545,1.0011456080599752,1.0340943999269208,-0.037563129854684955,-0.03698673411510032,-0.05173283070443225,-0.5956128404400101,-0.59454094884428,-1.71121619517232
HND,2005,0.7922699912862238,0.7893536881208804,5.457510151852742,1.0122037377152981,1.0143251612071233,-0.025433257398874597,-0.02430027183381295,-0.03750930513775734,-0.5834829679841994,-0.5818544865629924,-1.696992669605645
HND,2006,0.7941046082508582,0.7924760249550186,5.312739745152255,0.9989774191782369,1.0272496703480698,-0.02645636141310767,-0.026043703473578098,-0.010624297263635599,-0.5845060719984326,-0.5835979182027579,-1.6701076617315231
HND,2007,0.7961917681276705,0.7932778266343365,5.238989078867777,0.9988380083274805,1.014077270476085,-0.027619028721390135,-0.026490918606499825,0.0033548086273375182,-0.585668739306715,-0.5840451333356795,-1.65612855584055
HND,2008,0.8050882390867115,0.80292659840366,5.41092193023767,0.9950714481617018,0.9682248508504463,-0.032559765925257535,-0.03185701785001511,-0.028936126115547647,-0.5906094765105824,-0.5894112325791947,-1.688419490583435
HND,2009,0.8104655326047886,0.8091547728633226,5.782135091250925,0.9970298835182239,0.9357999847539112,-0.03553430195621128,-0.0353055451625515,-0.09528964295760649,-0.5935840125415361,-0.5928597598917311,-1.7547730074254941
HND,2010,0.8009127181350378,0.7995826006027403,5.8010324122344255,1.0053044294559945,0.996742421065663,-0.03024389143303564,-0.03000053472859828,-0.09855253935337409,-0.5882936020183603,-0.587554749457778,-1.7580359038212616
HND,2011,0.8096302352635202,0.8082017246383115,5.712871514214719,0.9951827080700756,1.0154319763363042,-0.03507282391272616,-0.03477861437885857,-0.08323842494884177,-0.593122534498051,-0.5923328291080381,-1.7427217894167295
HND,2012,0.8080168742090608,0.8065979407843636,5.647670533408988,1.0008923373877057,1.011544756447819,-0.034180884421339625,-0.033891271174464145,-0.07175980070166067,-0.5922305950066645,-0.5914454859036438,-1.7312431651695483
HND,2013,0.807809158267899,0.8064052586039943,5.866234633865534,1.0001148992636815,0.962742011852921,-0.03406599175807295,-0.033784610775943115,-0.10972960424166849,-0.5921157023433978,-0.5913388255051228,-1.769212968709556
HND,2014,0.8051061691523655,0.8037453588419148,5.7976441731928565,1.0014974128179965,1.0118307468729844,-0.03256969894471664,-0.03231104331283801,-0.09796829353653573,-0.5906194095300416,-0.5898652580420177,-1.7574516580044233
HND,2015,0.8132087854226041,0.8119816596261921,5.903206188784984,0.9955313385113838,0.9821178505008555,-0.03704837474593445,-0.03686687122128487,-0.11601226067157844,-0.5950980853312593,-0.5944210859504644,-1.775495625139466
HND,2016,0.7962523341581079,0.7952024427971328,5.8550363771161,1.0094399049298626,1.0082270729960197,-0.02765274728664472,-0.02756358235428801,-0.10781884556268041,-0.5857024578719696,-0.5851177970834677,-1.767302210030568
HND,2017,0.7948090793299565,0.7940756556357457,5.885815472017444,1.0008041272159658,0.9947706320309098,-0.02684894320775148,-0.026935719498581614,-0.11306193453212571,-0.5848986537930765,-0.5844899342277613,-1.7725452990000132
HND,2018,0.7838721339061748,0.7828413825223355,6.072242895035593,1.0061310142223212,0.969298424611676,-0.020736647184393157,-0.020654159186333988,-0.14424467730158116,-0.578786357769718,-0.5782083739155135,-1.8037280417694688
HND,2019,0.8033804167641388,0.8028141758313533,5.991890690362997,0.989182380668762,1.0134101586335396,-0.03161320237547108,-0.03179466030443294,-0.1309236389843371,-0.589662912960796,-0.5893488750336127,-1.7904070034522246
HND,2020,0.8161568314682824,,6.503517738692598,0.9929651368853347,0.9213307214823631,-0.0386729268055695,,-0.21285985661099485,-0.5967226373908944,,-1.8723432210788824
HND,2021,0.7897974355786579,,5.972915852238754,1.014727586131054,1.0888346495380419,-0.024052738382559093,,-0.12775186116006645,-0.5821024489678839,,-1.787235225627954
HND,2022,0.7871460772250918,,5.790425266591502,1.0014835711458367,1.0315159210671714,-0.022570266641165945,,-0.09672237288120938,-0.580619977226491,,-1.756205737349097
HND,2023,0.7921029964655568,,5.780649898118314,0.9972340210075865,1.0016910500800904,-0.02534007802197453,,-0.09503275101641005,-0.5833897886072995,,-1.7545161154842976
HRV,1995,0.8623527360002715,0.862113528024518,4.277502553427824,,,0.0,0.0,0.0,-0.6218406002262276,-0.6217121480083122,-1.4533693237280014
HRV,1996,0.8586487133156897,0.8474724865329895,4.081815734811067,1.0019928578531518,1.0479411201607842,0.001990874746203493,0.007893666548001197,0.046827401267836785,-0.6198497254800239,-0.6138184814603109,-1.4065419224601647
HRV,1997,0.8552497072708265,0.8550919343683581,3.91814971549515,1.0018321016473104,1.0417712520449807,0.003821300142353562,0.0037778928705926966,0.08774979271133353,-0.6180193000838737,-0.6179342551377195,-1.3656195310166679
HRV,1998,0.8568602479532298,0.8564586668732656,3.896004066435246,0.9991326537987022,1.0056841955712246,0.002953577578699292,0.0030414176269432797,0.0934178942020446,-0.6188870226475282,-0.618670730381369,-1.3599514295259572
HRV,1999,0.8679910802083208,0.86773131807121,4.001830478736949,0.9940412819027756,0.9735554984490238,-0.0030229645199440613,-0.0030123474442471246,0.06661744759982813,-0.6248635647461716,-0.6247244954525596,-1.3867518761281734
HRV,2000,0.8616107812183315,0.8275567186305385,3.9565580279498933,1.003427300193123,1.0114423826131809,0.000398475864936345,0.018732199661786863,0.0779948612829391,-0.6214421243612912,-0.6029799483465252,-1.3753744624450623
HRV,2001,0.8647942577364428,0.823791886406214,3.94893710109657,0.9982928537532201,1.0019298678753854,-0.0013101292165300616,0.020794360230786353,0.07992286935571405,-0.6231507294427575,-0.6009177877775259,-1.3734464543722875
HRV,2002,0.8610247246230365,0.8178019164563177,3.8296171684935305,1.0020255147949042,1.0311571437439468,0.0007133369891141344,0.02408411503396314,0.1106044815382926,-0.6211272632371134,-0.5976280329743492,-1.342764842189709
HRV,2003,0.858200326371095,0.8076511064770002,3.7727280573282136,1.001519964350376,1.0150790383777633,0.0022321473628644593,0.029683876741140446,0.1255709613232266,-0.6196084528633629,-0.5920282712671718,-1.327798362404775
HRV,2004,0.8518036034114916,0.7694150262302626,3.744885885322205,1.0034543203975947,1.0074347184022707,0.005680515299620453,0.051063149702857316,0.13297817843209958,-0.616160084926607,-0.570648998305455,-1.320391145295902
HRV,2005,0.8483934839141454,0.7803030250307901,3.713108893594935,1.0018449099323403,1.008558055429531,0.007523725475908412,0.04492855941195277,0.1414998213048956,-0.6143168747503192,-0.5767835885963596,-1.311869502423106
HRV,2006,0.8416217406163684,0.7601494101571303,3.6898995409192956,1.003677054385506,1.006289968715478,0.01119403602352088,0.056313450426652145,0.14777009072928185,-0.6106465642027066,-0.5653986975816602,-1.3055992329987196
HRV,2007,0.840115416037813,0.7642381528114448,3.6672663344623095,1.0008186033144588,1.0061716833174335,0.012012304465026128,0.053993192273649245,0.15392280720744286,-0.6098282957612013,-0.567718955734663,-1.2994465165205586
HRV,2008,0.8386009910849912,0.7514398922796973,3.751021633610735,1.000823683311477,0.977671336683867,0.012835648735566342,0.06127390279522031,0.13134108522000007,-0.6090049514906609,-0.560438245213092,-1.3220282385080016
HRV,2009,0.8379700587801105,0.7887071229587934,4.112549841474351,1.0003432767045726,0.9120914707907811,0.013178866534171232,0.040219066800489964,0.03932608820251083,-0.6086617336920562,-0.5814930812078223,-1.4140432355254906
HRV,2010,0.8345722954259008,0.724160545288834,4.172843626044694,1.001852073839053,0.9855509120461594,0.015029227399181756,0.0769718563851339,0.024771595611340142,-0.6068113728270458,-0.5447402916231783,-1.4285977281166613
HRV,2011,0.8320408254441641,0.6891888339562491,4.101900029959837,1.001381775966222,1.0172953010962464,0.016410049591493572,0.09746371420810351,0.041919035423100416,-0.6054305506347338,-0.5242484338002087,-1.4114502883049012
HRV,2012,0.823200456948205,0.6717143810063491,4.137188607828806,1.0048488187145133,0.991470396635485,0.021247150647146915,0.10786247269498131,0.03335284680478797,-0.6005934495790806,-0.513849675313331,-1.4200164769232135
HRV,2013,0.8177345702393152,0.6073763761844189,4.110210059548191,1.0030069773653314,1.00656378819811,0.02424961609859289,0.14710887823135446,0.0398951871467763,-0.5975909841276347,-0.47460326977695794,-1.4134741365812253
HRV,2014,0.8116898204806329,0.5703472205276028,4.247868524639125,1.0033365257619422,0.9675935203049562,0.027580588008739235,0.1704153935285469,0.006951990211032236,-0.5942600122174881,-0.4512967544797653,-1.4464173335169694
HRV,2015,0.8091618930177461,0.5883098880924295,4.233257964124031,1.001397292012751,1.0034513749549199,0.02897690471742305,0.15904166058637956,0.010397422840283027,-0.5928636955088045,-0.46267048742193273,-1.4429719008877184
HRV,2016,0.8060260075190621,0.5573190241443151,4.144808137760017,1.001736345703566,1.0213399084889405,0.03071174471548603,0.1787463794562045,0.031512823845337795,-0.5911288555107415,-0.4429657685521076,-1.4218564998826637
HRV,2017,0.8063580270333157,0.5090388214839563,4.1224814359541915,0.99981619396084,1.0054158404719797,0.030527921781925794,0.2102392419239973,0.036914051390418944,-0.5913126784443016,-0.4114729060843148,-1.4164552723375825
HRV,2018,0.7910793288954815,0.4864209218441543,4.121267402396095,1.0085304418912906,1.0002945777207737,0.03902218505459149,0.2253409835158369,0.037208585731694756,-0.5828184151716361,-0.3963711644924753,-1.4161607379963068
HRV,2019,0.7866633884043022,0.4768448733545738,4.076041343156717,1.002471613018904,1.011095584031626,0.041490748661648306,0.231804178170872,0.048243065348130255,-0.5803498515645793,-0.38990796983744014,-1.4051262583798714
HRV,2020,0.7927117161531512,,4.482921447535419,0.9966261570701239,0.9092377350037234,0.03811120148995682,,-0.046905618993193156,-0.5837293987362706,,-1.5002749427211945
HRV,2021,0.7757617151995722,,4.072614919443551,1.0095452001293284,1.1007476857517207,0.04761113402737449,,0.04908404422972479,-0.5742294661988531,,-1.4042852794982768
HRV,2022,0.763723675048677,,3.9089114637975624,1.006825354969827,1.0418795506529452,0.05441330170982114,,0.09011038649638439,-0.5674272985164064,,-1.363258937231617
HRV,2023,0.7558459794452915,,3.8896793855030176,1.0044865527475675,1.0049443865132492,0.05888981988218276,,0.09504258967354906,-0.5629507803440448,,-1.3583267340544525
HTI,1995,0.4769627522616768,0.47670343743240523,12.316368188980418,,,0.0,0.0,0.0,-0.38998778472189183,-0.3898121962746647,-2.5109291247908176
HTI,1996,0.5028694840608583,0.5024203031688006,11.67625396594749,0.9827618219187074,1.0548218825061317,-0.017388485326209024,-0.01726514692963489,0.053371920926603526,-0.40737627004810095,-0.40707734320429956,-2.457557203864214
HTI,1997,0.5773517061187325,0.5763128592763406,11.223921320157585,0.952780206361746,1.0403007676984994,-0.0657595206625697,-0.06527629022882482,0.09288179197980508,-0.4557473053844615,-0.45508848650348954,-2.4180473328110126
HTI,1998,0.524624419603772,0.5237186605725966,10.819551498439973,1.0345837872180113,1.0373739911285524,-0.031760312778000316,-0.0313416380245261,0.12957430339242107,-0.4217480974998922,-0.4211538342991906,-2.3813548213983964
HTI,1999,0.5098152971446167,0.5094405942247036,10.407398792166191,1.0098085656485019,1.039601894239319,-0.02199953885149068,-0.021926918511309106,0.16841214926072168,-0.4119873235733825,-0.41173911478597375,-2.342516975530096
HTI,2000,0.5800578413443838,0.508198543039302,10.215926521865635,0.955544320997767,1.018742526181129,-0.06747367009272331,-0.021103724485089553,0.18698119854282408,-0.45746145481461514,-0.41091592075975414,-2.3239479262479934
HTI,2001,0.545308360983456,0.5062396011095525,10.535505290616646,1.0224870849328822,0.9696664981948572,-0.045235692110160625,-0.01980401813064876,0.1561781156457809,-0.43522347683205254,-0.40961621440531354,-2.3547510091450365
HTI,2002,0.6067846153420015,0.5713598370189388,10.704079736643752,0.9617395799215687,0.9842513835682654,-0.08424726401656582,-0.06212918643291037,0.1403041721946718,-0.4742350487384575,-0.45194138270757495,-2.370624952596146
HTI,2003,0.5802903468648196,0.5459848026015054,10.63044282482419,1.0167654434704008,1.0069269844194642,-0.0676208092729711,-0.04584892370092048,0.14720727527789781,-0.4576085939948629,-0.4356611199755851,-2.36372184951292
HTI,2004,0.5748816359838601,0.5221807552096476,11.047289690254383,1.003434360244845,0.9622670467492199,-0.0641923329753905,-0.030331817748998395,0.10874400381241,-0.45418011769728234,-0.420144014023663,-2.4021851209784075
HTI,2005,0.5772613618607528,0.5289385784384338,10.93924756430038,0.9984912292062454,1.0098765591800476,-0.06570224310994603,-0.03476155879830097,0.11857210856265596,-0.4556900278318377,-0.4245737550729658,-2.3923570162281615
HTI,2006,0.5768663282567817,0.49506725846220034,11.076506179482337,1.0002505181300994,0.9876081308530114,-0.06545175635427375,-0.012358998493939734,0.10610281995913862,-0.4554395410761656,-0.40217119476860447,-2.404826304831679
HTI,2007,0.5623928868960989,0.5343703719353515,10.792829728957896,1.0092636375152964,1.0262837881860878,-0.05623076317020867,-0.0383079194675887,0.1320471251345093,-0.4462185478921006,-0.4281201157422534,-2.378881999656308
HTI,2008,0.5518045982193664,0.5249510218262388,10.861279548279366,1.0068232100155405,0.9936978125811782,-0.04943072590348974,-0.03215009643370028,0.12572499510033766,-0.43941851062538156,-0.4219622927083651,-2.38520412969048
HTI,2009,0.5547258249158176,0.511778021247971,10.49497427350823,0.9981210663323167,1.0349029226013233,-0.05131142698128144,-0.02347425936090187,0.1600326228305893,-0.44129921170317327,-0.4132864556355665,-2.3508965019602286
HTI,2010,0.605174157479536,0.5415427681955878,11.142713459294622,0.9685714273877091,0.9418688106669308,-0.0832444753064198,-0.04297151621621288,0.10014334191836391,-0.47323226002831154,-0.4327837124908776,-2.4107857828724537
HTI,2011,0.6089542784413964,0.5489349092894823,10.885415649835135,0.9976505727897239,1.0236369301583248,-0.08559666675123141,-0.04775534315997122,0.12350524527202147,-0.47558445147312317,-0.4375675394346359,-2.387423879518796
HTI,2012,0.6061221389801745,0.5966250859282243,11.093359230611325,1.0017633400303045,0.9812551296272474,-0.08383487957974745,-0.07807988392480159,0.10458246301844087,-0.4738226643016393,-0.4678920801994663,-2.406346661772377
HTI,2013,0.6473757564948753,0.6162550380673311,10.937892372782004,0.9749579794700413,1.0142136028158577,-0.10919578647222672,-0.09029957195810014,0.11869599966761839,-0.4991835711941185,-0.4801117682327648,-2.3922331251231994
HTI,2014,0.638918423631327,0.6382988288463575,10.906338590510295,1.0051603134979772,1.0028931599738857,-0.10404874176411358,-0.10384620771007323,0.12158498250898904,-0.4940365264860054,-0.493658403984738,-2.3893441422818285
HTI,2015,0.6298651383984883,0.6292824423958591,11.015209918096891,1.005554622293311,0.9901162730083126,-0.09850948949502845,-0.0983275022299609,0.11165208724221595,-0.4884972742169203,-0.48813969850462563,-2.3992770375486017
HTI,2016,0.6577411693302817,0.6575390803613961,11.064114100483245,0.9831843285022263,0.995579927869307,-0.11546814963001015,-0.11552182442052326,0.10722221771190156,-0.505455934351902,-0.505334020695188,-2.403706907078916
HTI,2017,0.6653853513001613,0.665319857426677,11.054387535785226,0.9954099620463746,1.0008798827313166,-0.120068754154215,-0.12020501527020841,0.1081017135733244,-0.5100565388761068,-0.5100172115448731,-2.402827411217493
HTI,2018,0.6832101505139406,0.6769648989699841,11.105375161224163,0.9894102354311868,0.9954087435409686,-0.1307149893071224,-0.12717335550059425,0.10349988492418799,-0.5207027740290142,-0.516985551775259,-2.4074292398666297
HTI,2019,0.6646407519031939,0.6645548776456149,11.544338006035803,1.0111551988556788,0.9619759188805687,-0.11962155080727378,-0.11974555066244856,0.06473402394576173,-0.5096093355291658,-0.5095577469371132,-2.4461951008450558
HTI,2020,0.683132299691002,,12.006206597948806,0.9890136100464574,0.9615308475541383,-0.13066873683928576,,0.025505392217432456,-0.5206565215611776,,-2.485423732573385
HTI,2021,0.7068472263980707,,12.43473448830919,0.986106005071635,0.9655378334967043,-0.14466015678295638,,-0.009564600271108573,-0.5346479415048483,,-2.520493725061926
HTI,2022,0.7035680872075388,,12.847218783100407,1.001924865354755,0.9678931057565695,-0.14273714160766798,,-0.04219822601171035,-0.5327249263295598,,-2.553127350802528
HTI,2023,0.7183214082100854,,13.237756507504164,0.9914141085992088,0.9704981939966663,-0.1513601041189054,,-0.07214396328639408,-0.5413478888407973,,-2.583073088077212
HUN,1995,0.9093762776005884,0.9078964640829615,5.191975683768008,,,0.0,0.0,0.0,-0.6467766324973836,-0.6460013074462824,-1.6471142959871252
HUN,1996,0.9115137602000164,0.9101396223066258,5.2509651947650555,0.9988817853975558,0.9887659680060614,-0.001118840270857298,-0.0011750326246286063,-0.011297610340603498,-0.6478954727682406,-0.647176340070911,-1.6584119063277285
HUN,1997,0.9070191608080344,0.9054797057724145,5.19201501131992,1.0023568716478326,1.0113540086684283,0.0012352583113116335,0.0012675165136944375,-7.574650838436266e-06,-0.6455413741860716,-0.6447337909325879,-1.6471218706379636
HUN,1998,0.9029832726497532,0.901619473138779,5.105626549079135,1.0021208216678972,1.0169202469883674,0.0033538342116230997,0.0032954300379498987,0.01677111946680693,-0.6434227982857603,-0.6427058774083325,-1.6303431765203182
HUN,1999,0.9006319607983839,0.8992823829098026,5.0804319842673165,1.001237121073341,1.004959138295688,0.004590190681229175,0.00452518582329793,0.021718001739019596,-0.6421864418161543,-0.6414761216229843,-1.6253962942481055
HUN,2000,0.8908797576336809,0.8899103024757102,4.9751093667537285,1.005157495142318,1.0211699099958302,0.009734431498686615,0.009471938508506451,0.04266694235111635,-0.6370422009986969,-0.636529368937776,-1.6044473536360087
HUN,2001,0.8895324470509782,0.8890035957633277,4.883819557682391,1.0007130391355838,1.0186922976971449,0.010447216542643625,0.009951815401285018,0.06118668602264851,-0.6363294159547399,-0.6360494920449974,-1.5859276099644766
HUN,2002,0.8827884731967516,0.8825843691418381,4.765309676876032,1.0035819073412828,1.0248692926257104,0.014022724131486364,0.013355810153423546,0.08575177109218048,-0.632753908365897,-0.6326454972928588,-1.5613625248949448
HUN,2003,0.8835971459046162,0.8835871542611318,4.706204074398942,0.9995706763998754,1.0125590819145767,0.01359330834559894,0.012823287862943646,0.09823264189652003,-0.6331833241517846,-0.6331780195833386,-1.5488816540906052
HUN,2004,0.8750757485155246,0.8374575772530578,4.534364014703429,1.0045445616774886,1.0378972793402321,0.018127574682755724,0.037618442817161604,0.13542946157014918,-0.6286490578146279,-0.6083828646291207,-1.511684834416976
HUN,2005,0.8703699356806122,0.6768885717086413,4.39478784469172,1.0025159797241927,1.0317594784877493,0.02064039462881101,0.12906127182849614,0.1666950379851434,-0.6261362378685725,-0.5169400356177861,-1.4804192580019817
HUN,2006,0.864323052551096,0.650091445910096,4.318108557931555,1.0032434738825127,1.017757609780171,0.023878619796228333,0.14517059930582774,0.18429682342045633,-0.622898012701155,-0.5008307081404546,-1.4628174725666687
HUN,2007,0.8615621181652267,0.6449869329159876,4.3516975651433505,1.0014831277231784,0.9922814012901907,0.02536064877173975,0.14826886677661394,0.17654828215171312,-0.6214159837256438,-0.4977324406696684,-1.470566013835412
HUN,2008,0.8574124982380822,0.6442539206522226,4.31393166800124,1.0022340863599661,1.0087544031868285,0.027592243271437857,0.1487145697874495,0.1852645877373467,-0.6191843892259455,-0.49728673765883274,-1.4618497082497786
HUN,2009,0.8526056619275902,0.6614151075709392,4.624340116366605,1.002594635442003,0.9328750825946478,0.030183518458072427,0.138331593787472,0.11578061274450109,-0.6165931140393113,-0.5076697136588104,-1.531333683242624
HUN,2010,0.8525701214358377,0.6623253941116141,4.596140534479852,1.0000191844245683,1.0061354916533127,0.030202702698621967,0.13778384551231443,0.12189735890503393,-0.6165739297987615,-0.508217461933968,-1.5252169370820912
HUN,2011,0.8448870639034183,0.6655900405791574,4.532261150215184,1.0041645137432766,1.014094374120881,0.034358568854889464,0.1358218680649646,0.13589333086830616,-0.612418063642494,-0.5101794393813178,-1.511220965118819
HUN,2012,0.8364603052417834,0.6561957681767561,4.654385411347377,1.0045885874241782,0.9737614635791755,0.03893666080581062,0.14147804097231104,0.10930442161202353,-0.607839971691573,-0.5045232664739713,-1.5378098743751016
HUN,2013,0.8221304392739778,0.6335165296833624,4.641188830126674,1.0078643469528534,1.0028433622728388,0.04677024496310519,0.15526623625675923,0.11214374917663698,-0.6000063875342785,-0.49073507118952314,-1.5349705468104882
HUN,2014,0.8157181345812314,0.5993924669733204,4.6205130885508625,1.0035315529269773,1.0044747717795766,0.05029557659995219,0.1763774584496118,0.11660853893208271,-0.5964810558974314,-0.4696238489966706,-1.5305057570550424
HUN,2015,0.8205122845510977,0.5796255165488239,4.573777480458558,0.9973665929032449,1.0102181639338559,0.04765869598726741,0.18881350334238037,0.12677485035467514,-0.5991179365101159,-0.45718780410390214,-1.52033944563245
HUN,2016,0.8182103124773716,0.5606855703573689,4.594500963467497,1.001266064798956,0.9954895029571833,0.04892396000201095,0.20087611454489326,0.12225415032816014,-0.5978526724953726,-0.4451251929013891,-1.524860145658965
HUN,2017,0.8196996362832457,0.5698396851649832,4.507639846439872,0.9991815551444987,1.0192697553457444,0.04810518003766096,0.1950278046596688,0.14134059509522204,-0.5986714524597226,-0.4509735027866135,-1.5057737008919032
HUN,2018,0.8103825011989507,0.5268280761802576,4.375662989516344,1.0051465008516844,1.0301615680274583,0.053238482916721376,0.22280887682135062,0.17105624719776463,-0.5935381495806622,-0.42319243062493167,-1.4760580487893606
HUN,2019,0.8009471269476244,0.4820341834675429,4.250534032736652,1.005239117856457,1.029438408401386,0.058463924342711714,0.2525857150708249,0.20006966618313285,-0.5883127081546718,-0.3934155923754572,-1.4470446298039923
HUN,2020,0.8012294102938524,,4.469485541281099,0.9998432829573983,0.9510119215014424,0.05830719501871113,,0.1498409854211711,-0.5884694374786722,,-1.4972733105659541
HUN,2021,0.7933723556300988,,4.278975478953662,1.004381161914918,1.0445223543029094,0.0626787875835012,,0.193400689124214,-0.5840978449138822,,-1.453713606862911
HUN,2022,0.7707413520933554,,4.21429195057022,1.0127805246712,1.0153486111408796,0.07537833061128993,,0.20863270190143576,-0.5713983018860934,,-1.4384815940856894
HUN,2023,0.7496389811251365,,4.323534053278925,1.0120609858352885,0.9747331462265559,0.08736716234393262,,0.1830411602776201,-0.5594094701534508,,-1.4640731357095051
IDN,1995,0.8124596487597078,0.8121628547144891,5.746935256550663,,,0.0,0.0,0.0,-0.5946848447456093,-0.5945210792524593,-1.748666713854119
IDN,1996,0.8257075903764176,0.8212607846721289,5.68679981281893,0.9927436673394241,1.0105745666651003,-0.007282787898777937,-0.005007920834295429,0.010519046989722211,-0.6019676326443874,-0.5995290000867548,-1.738147666864397
IDN,1997,0.843648815051777,0.8436374557218468,5.765458959191986,0.9902686322205808,0.986356828323676,-0.017061814882505147,-0.017219419026036024,-0.003218048006328295,-0.6117466596281146,-0.6117404982784953,-1.7518847618604474
IDN,1998,0.847247045792301,0.8469428983978731,6.922032894559528,0.9980521117905046,0.8329141232084337,-0.01901160269344727,-0.01901070562202413,-0.18604278352334563,-0.6136964474390567,-0.6135317848744836,-1.9347094973774646
IDN,1999,0.869517827039402,0.8693438841494502,7.0819371004612535,0.9880874196945374,0.9774208378818686,-0.030995706369767284,-0.031066425955626056,-0.2088807581894374,-0.6256805511153767,-0.6255875052080854,-1.9575474720435566
IDN,2000,0.8587253134318719,0.8585100792497447,7.000474847649336,1.0058064058898533,1.0116366753091428,-0.025206092684378043,-0.025254054813129107,-0.19731126827895565,-0.6198909374299875,-0.6197751340655885,-1.9459779821330747
IDN,2001,0.8693241155184641,0.8691758213920483,6.924008512783724,0.9943301421093299,1.0110436511919987,-0.030892085235690325,-0.030976517237335303,-0.1863281529194756,-0.6255769299812998,-0.6254975964897945,-1.9349948667735946
IDN,2002,0.8603381869466803,0.8601062650800461,6.831011178292395,1.0048302661499047,1.0136139924330465,-0.02607344739115236,-0.02611253860415909,-0.17280599830069482,-0.6207582921367617,-0.6206336178566184,-1.9214727121548139
IDN,2003,0.8665312492417994,0.8664025625802331,6.7231661479238936,0.996682047355149,1.0160408099391987,-0.029396916646829068,-0.029491735478664145,-0.15689248268809675,-0.6240817613924384,-0.6240128147311236,-1.9055591965422158
IDN,2004,0.8616751924221335,0.861455168003826,6.61487648875148,1.0026084339735697,1.0163706245092496,-0.026791878732840446,-0.02683745098682675,-0.14065441214793248,-0.6214767234784497,-0.6213585302392861,-1.8893211260020517
IDN,2005,0.856160823703181,0.8558330389529337,6.481865967134282,1.0029708464097151,1.0205204060515312,-0.023825436566589146,-0.023812593604430752,-0.12034171294924118,-0.6185102813121985,-0.61833367285689,-1.8690084268033602
IDN,2006,0.8484497283854147,0.848092219105272,6.354646795749653,1.0041716554144549,1.0200198650646832,-0.019662458382676332,-0.019632794835206455,-0.10051961028909656,-0.6143473031282858,-0.6141538740876658,-1.8491863241432156
IDN,2007,0.8554208001973953,0.855225645846385,6.281794043024302,0.9962428620983235,1.01159744369624,-0.02342667205561807,-0.023485251374861363,-0.08898890146928448,-0.6181115168012276,-0.6180063306273207,-1.8376556153234036
IDN,2008,0.8388951013430129,0.8384451810616713,6.234675590094687,1.0089867545148785,1.0075574827027847,-0.014480058109380373,-0.014399124853415709,-0.08145983346630041,-0.6091649028549897,-0.6089202041058751,-1.8301265473204194
IDN,2009,0.8449655547430273,0.8447160729590967,6.228257864953504,0.9967097199270696,1.0010304205895673,-0.01777576305662906,-0.01780429640268132,-0.08042994339562162,-0.6124606078022385,-0.6123253756551407,-1.8290966572497405
IDN,2010,0.8520614866619927,0.852058146424088,6.143402811114964,0.9961686304855057,1.013812386465204,-0.021614491068730503,-0.02177645303594962,-0.06671207855539402,-0.6162993358143398,-0.616297532288409,-1.8153787924095128
IDN,2011,0.8595922431423348,0.8564915702363834,5.998965802705172,0.9959503184054928,1.0240769847937223,-0.025672394829356862,-0.024167374696971458,-0.04292037430136788,-0.6203572395749664,-0.6186884539494307,-1.791587088155487
IDN,2012,0.8558133753444226,0.853186032912154,5.925795527219857,1.0020362326557812,1.0123477556978149,-0.023638232485341925,-0.022385258538805904,-0.030648230351620977,-0.6183230772309513,-0.6169063377912652,-1.7793149442057399
IDN,2013,0.8407339893436592,0.8407199832699335,5.816552317672188,1.0081920506102788,1.018781436765515,-0.015479554584928312,-0.015635711087809853,-0.012040987080050655,-0.6101643993305377,-0.6101567903402693,-1.7607077009341696
IDN,2014,0.8330596524459258,0.8328843773520547,5.760846604791369,1.004186626925912,1.0096697094545943,-0.011301667197225203,-0.011369809247911278,-0.0024177300516807824,-0.6059865119428346,-0.6058908885003707,-1.7510844439057998
IDN,2015,0.8408881018014756,0.8373097138094964,5.699977893533069,0.9957474605067581,1.0106787626891254,-0.015563274453014296,-0.013781310379509375,0.00820441734866701,-0.6102481191986237,-0.6083023896319687,-1.7404622965054521
IDN,2016,0.8338111693446204,0.8285319091922019,5.635974775091913,1.0038591391388376,1.011356175461256,-0.01171156268890748,-0.008992330223738038,0.019496595503372915,-0.606396407434517,-0.6035134094761975,-1.729170118350746
IDN,2017,0.8309365298300132,0.8285484995233051,5.60399811484307,1.001570037774534,1.0057060440766652,-0.010142756135140006,-0.009001403215988206,0.025186421774299046,-0.6048276008807495,-0.6035224824684476,-1.72348029207982
IDN,2018,0.8331115733437496,0.8331025128161197,5.588169004396194,0.9988134691061009,1.002832611260401,-0.011329991514137576,-0.011488814291222995,0.028015028751360124,-0.6060148362597471,-0.6060098935436825,-1.720651685102759
IDN,2019,0.8401270845428778,0.8401232301101001,5.58992804896442,0.9961874854959426,0.9996853189248919,-0.015149792176568743,-0.015311463011775276,0.027700298153772968,-0.609834636922178,-0.6098325422642347,-1.7209664157003461
IDN,2020,0.8324050409574464,,5.855582892790801,1.00421415757588,0.9546322119095185,-0.01094448929472517,,-0.018728832944129945,-0.6056293340403346,,-1.767395546798249
IDN,2021,0.829652790283357,,5.828836250246755,1.001504247521008,1.004588676263279,-0.009441372020713776,,-0.014150652559896094,-0.6041262167663232,,-1.7628173664140152
IDN,2022,0.8477086826605147,,5.798309430884082,0.9902279550090337,1.0052647792820566,-0.01926147679454174,,-0.008899683776672104,-0.6139463215401512,,-1.7575663976307911
IDN,2023,0.839863858051729,,5.76881661594385,1.004263807115105,1.005112454928576,-0.01500673394859808,,-0.003800253074142856,-0.6096915786942074,,-1.752466966928262
IND,1995,0.823633233301375,0.8234263785385779,7.72339824794656,,,0.0,0.0,0.0,-0.6008307931993058,-0.6007173567408792,-2.044254454740408
IND,1996,0.8191760614951451,0.8190214152177061,7.461056824744087,1.0024501046933119,1.0351614294549312,0.002447108080486463,0.0024186842023399325,0.034557385043056665,-0.5983836851188193,-0.5982986725385392,-2.009697069697351
IND,1997,0.8213696010814567,0.8212444720449331,7.459530385942595,0.9987956647651255,1.0002046293429367,0.0012420470511412013,0.0011973134715050798,0.03476199345226513,-0.5995887461481646,-0.5995200432693742,-2.0094924612881426
IND,1998,0.813864684645019,0.813656566549794,7.306194134950257,1.004137528284204,1.0209871580415353,0.005371039302478486,0.0053723468144061945,0.0555319547315347,-0.5954597538968273,-0.595345009926473,-1.9887225000088733
IND,1999,0.8101745457831638,0.809954052246192,6.983261549434871,1.0020385541661998,1.0462438050228149,0.007407518436698928,0.007415897284703493,0.10073837641040569,-0.5934232747626068,-0.5933014594561757,-1.9435160783300023
IND,2000,0.8119722202305258,0.8118857984880367,7.029223000770864,0.9990078907241011,0.9934613752713559,0.00641491669464526,0.006349176223235207,0.09417828123244151,-0.5944158765046605,-0.5943681805176438,-1.9500761735079664
IND,2001,0.8109649233603361,0.8108374691825315,6.99754750969695,1.000556221082582,1.0045266560934412,0.006970983143618692,0.006927928315133739,0.09869472283159061,-0.5938598100556871,-0.5937894284257453,-1.9455597319088174
IND,2002,0.8145622797762798,0.8144474217424694,7.021857190774781,0.9980175073316372,0.9965379983646252,0.004986522735549385,0.004936386209223486,0.09522671460131965,-0.5958442704637562,-0.5957809705316559,-1.9490277401390883
IND,2003,0.8041507386214962,0.8039085144274336,6.787391522329608,1.0057708820731568,1.0345442969768006,0.01074081705547085,0.010761649009749776,0.1291877515852888,-0.5900899761438346,-0.5899557077311295,-1.9150667031551192
IND,2004,0.7985103251600855,0.7982319361252068,6.5697843874761,1.0031361585099097,1.0331224165085737,0.013872068078042695,0.013913432278218275,0.16177344051815576,-0.5869587251212631,-0.586803924462661,-1.8824810142222521
IND,2005,0.7924342481844774,0.7920066887855869,6.279447741761091,1.0033898465072077,1.046236015913333,0.017256182006966457,0.01738130961386365,0.2069724173371969,-0.5835746111923391,-0.5833360471270154,-1.8372820374032108
IND,2006,0.7913761375938818,0.7906903920112209,5.997092854611921,1.000590669133294,1.0470819602087755,0.017846676763910385,0.018116117387955714,0.25297962716349487,-0.5829841164353955,-0.5826012393529234,-1.791274827576913
IND,2007,0.7929289811228722,0.7922120844040105,5.7746001600454155,0.9991339068388431,1.0385295411630293,0.016980208327373646,0.017266698519147926,0.29078543708527005,-0.5838505848719322,-0.5834506582217314,-1.753469017655138
IND,2008,0.8086159542428433,0.8081530648029869,5.803003170358443,0.9913265317143912,0.9951054635885589,0.008268906592040215,0.008411438618162254,0.28587888320114624,-0.5925618866072655,-0.5923059181227168,-1.7583755715392617
IND,2009,0.8086168422293791,0.8081629641565744,5.587571373379535,0.9999995090245125,1.0385555338058452,0.008268415616432176,0.008405963790460142,0.3237097211231036,-0.5925623775828736,-0.592311392950419,-1.7205447336173043
IND,2010,0.8013244939166059,0.8008214513968548,5.368222693255642,1.0040483257388666,1.0408605776357736,0.012308568933646465,0.012474434053033966,0.36375757060073705,-0.5885222242656594,-0.5882429226878453,-1.6804968841396708
IND,2011,0.8085475001250079,0.8082576503741448,5.332206571223247,0.996006183853118,1.0067544498794863,0.008306756204703322,0.008353599185960677,0.37048931138458324,-0.5925240369946023,-0.5923637575549185,-1.6737651433558247
IND,2012,0.8185914627474185,0.8184339323826774,5.227499195424266,0.9944770648998669,1.0200301084485357,0.002768513309854981,0.002741702787585034,0.3903214563319124,-0.5980622798894509,-0.5979756539532941,-1.6539329984084956
IND,2013,0.8156193105444786,0.8154960867730442,5.169422835304815,1.0016369908524758,1.011234592713681,0.004404165753248529,0.004358600325069145,0.4014934097237701,-0.5964266274460573,-0.5963587564158099,-1.6427610450166377
IND,2014,0.8129880952733516,0.8127353472437493,4.963535798848061,1.0014513141470627,1.0414799136745496,0.005854427761800448,0.005880410668374424,0.4421361052984976,-0.5949763654375051,-0.5948369460725046,-1.6021183494419102
IND,2015,0.7930359337920618,0.7928524831413863,4.744861101227802,1.0111275859592472,1.0460866383556884,0.016920557621491684,0.016909439266422202,0.48719229576707435,-0.5839102355778142,-0.583807917474457,-1.5570621589733336
IND,2016,0.7726298635553754,0.7680039074088817,4.531709752606265,1.011511749100152,1.0470355252780588,0.028366550701348112,0.03086618245497296,0.5331551576224048,-0.5724642424979576,-0.5698511742859064,-1.511099297118003
IND,2017,0.7619363180875689,0.7566938787579557,4.418179311985189,1.0060692008888343,1.0256962048401028,0.03441740817297377,0.03728379222164394,0.5585267638786419,-0.566413385026332,-0.5634335645192352,-1.485727690861766
IND,2018,0.7601527923415187,0.7505570909811858,4.328397349156261,1.0010132789345392,1.0207425417739038,0.03543017408693941,0.0407832817606178,0.5790571084556378,-0.5654006191123663,-0.5599340749802615,-1.46519734628477
IND,2019,0.7765662774139918,0.7686844426909696,4.528985744959316,0.9907611186359089,0.9557100845313311,0.026148349555887,0.03048133922134841,0.5337564376741956,-0.5746824436434188,-0.5702360175195308,-1.5104980170662123
IND,2020,0.8191862816043942,,4.989624322501628,0.9765719406410569,0.9076807094544217,0.0024414901082859793,,0.4368938338829372,-0.5983893030910197,,-1.6073606208574707
IND,2021,0.8105856370754106,,4.815565079408606,1.0047502003511284,1.036145133587188,0.0071804438593990405,,0.4724010582436175,-0.5936503493399066,,-1.5718533964967905
IND,2022,0.8079981394288069,,4.876663000953664,1.0014311395516267,0.9874713668889752,0.008610560306837902,,0.45979328006090997,-0.592220232892468,,-1.5844611746794979
IND,2023,0.8046591924824356,,4.882286704691419,1.0018501814416152,0.9988481414390615,0.010459032271007194,,0.4586407576010386,-0.5903717609282986,,-1.5856136971393693
IRL,1995,0.5968340763779487,0.5963934060376771,2.494695119340126,,,0.0,0.0,0.0,-0.4680229667644111,-0.46774696366378904,-0.9141665250795981
IRL,1996,0.5569228008219959,0.5561982911708341,2.39858871957463,1.025634717106642,1.0400678945002877,0.02531165714434945,0.025501109541816423,0.03928599419578122,-0.44271130962006144,-0.44224585412197265,-0.8748805308838169
IRL,1997,0.4835607623416904,0.48275036980638586,2.2388031168625666,1.049449972217187,1.0713709935047726,0.07357784808014815,0.0738482425213646,0.10822512484317409,-0.39444511868426274,-0.3938987211424246,-0.805941400236424
IRL,1998,0.4473834853505316,0.44211851801881513,2.157277601927254,1.0249949494085857,1.0377909244792975,0.09826553325212203,0.10163373815152943,0.14531946779526864,-0.36975743351228896,-0.3661132255122597,-0.7688470572843296
IRL,1999,0.40822059283402495,0.3968330128805218,2.0904293125976516,1.027810197291386,1.0319782586891368,0.1256960502532944,0.13353942318887874,0.17679706747103474,-0.34232691651111663,-0.3342075404749103,-0.7373694576085633
IRL,2000,0.37378764232800155,0.35311041045852554,2.017437303570095,1.0250642453353807,1.036180558820038,0.15045133925543971,0.16534101362237183,0.21233848069786007,-0.31757162750897117,-0.30240595004141746,-0.701828044381738
IRL,2001,0.3751592595774893,0.34757037507768246,2.0051105676991274,0.9990025757090063,1.006147658921928,0.14945341720582597,0.16944371482379214,0.2184673198569473,-0.3185695495585851,-0.29830324883999687,-0.6956992052226508
IRL,2002,0.35094493234661406,0.30747058034135305,1.9569225815920253,1.0179239927928183,1.0246243702026778,0.16721866927836507,0.19965254765494247,0.24279339718652818,-0.3008042974860459,-0.2680944160088466,-0.6713731278930699
IRL,2003,0.3638022120946802,0.2929265025534532,1.9654953776326929,0.9905724747811352,0.9956383534969221,0.15774642365318647,0.21083870806240437,0.23842221095395022,-0.31027654311122455,-0.2569082556013848,-0.675744314125648
IRL,2004,0.3458877739931023,0.2608385486187278,1.926067206397887,1.0133104991721766,1.0204708179983728,0.17096911643765142,0.235969949280388,0.2586863180248716,-0.2970538503267595,-0.231777014383401,-0.6554802070547264
IRL,2005,0.35248644797024575,0.26222246307814767,1.9278167775267863,0.9951210794111496,0.9990924598492478,0.1660782550611428,0.23487293688806626,0.25777836581022817,-0.3019447117032683,-0.23287402677572272,-0.6563881592693698
IRL,2006,0.3615705667945339,0.26194892615101184,1.9426211436915184,0.9933282056429331,0.992379179948284,0.15938410479259268,0.23508967092552047,0.25012835892977964,-0.3086388619718184,-0.23265729273826885,-0.6640381661498185
IRL,2007,0.36182791110313833,0.2556236097447738,1.9411475629934063,0.9998110302289251,1.0007591286341155,0.15919511716448095,0.24011461429902364,0.2508871995714933,-0.30882784959993004,-0.22763234936476548,-0.6632793255081048
IRL,2008,0.4439260340977533,0.32497121528384926,2.051164242625356,0.9431424317756592,0.9463637882595227,0.10065715052970882,0.1863562287756558,0.1957589699047664,-0.36736581623470216,-0.28139073488813315,-0.7184075551748318
IRL,2009,0.48120955641806185,0.344738889077224,2.0579661007640637,0.9748290023118205,0.9966948638579699,0.07516394491986804,0.1715471039716058,0.19244835973534583,-0.392859021844543,-0.29619985969218315,-0.7217181653442523
IRL,2010,0.4518470366709976,0.29904580062545044,1.9789431446170453,1.0202242515949826,1.039931898176039,0.09518640255647266,0.2061169682247173,0.23160358822151367,-0.3728365642079383,-0.26162999543907195,-0.6825629368580843
IRL,2011,0.42827566892408053,0.2791871940348507,1.9242785920942436,1.016503374145324,1.0284078161797294,0.11155507601285407,0.22152209209338727,0.25961538493257624,-0.35646789075155694,-0.2462248715704018,-0.6545511401470219
IRL,2012,0.4503214353876597,0.2972848661357192,1.9351095447088984,0.9847993927927525,0.994402925330884,0.09623775532151854,0.20747344779975002,0.2540025879476055,-0.3717852114428924,-0.26027351586403896,-0.6601639371319927
IRL,2013,0.44900472860081136,0.30257954310764007,1.9609018442189967,1.0009086973705874,0.9868467156649694,0.0971460400765931,0.203400401318667,0.24076203306050734,-0.3708769266878178,-0.26434656234512194,-0.6734044920190908
IRL,2014,0.36978286611225963,0.2135226395297868,1.8511484062989416,1.0578353434317664,1.0592893781755124,0.1533707313744058,0.27421956126286845,0.2983603184196656,-0.3146522353900053,-0.19352740240092073,-0.6158062066599326
IRL,2015,0.17757862247418066,0.017926471434949052,1.5463136274906042,1.1632198818574369,1.1971364498048371,0.30456265140632816,0.44997927659695736,0.4782927316523575,-0.16346031535808292,-0.017767687066831916,-0.43587379342724053
IRL,2016,0.23915692142344747,0.0719090687444107,1.5923389598714597,0.9503062946389949,0.9710957694682225,0.253591720463567,0.3983057285453848,0.44896254582835754,-0.21443124630084395,-0.06944123511840433,-0.4652039792512405
IRL,2017,0.19192110454593975,0.03294270918006893,1.4966566368983203,1.0396299861604534,1.0639307110356535,0.29245658777319966,0.4353352356837727,0.5109328134202397,-0.17556637899121139,-0.03241172798001651,-0.4032337116593584
IRL,2018,0.15748176867845964,-0.0,1.4394240831636724,1.0297536745713072,1.0397607309785022,0.32177621051196365,0.46774696366378915,0.5499234337373697,-0.14624675625244732,0.0,-0.36424309134222843
IRL,2019,0.17671305151425257,-0.0,1.4166653650050998,0.9836567778261276,1.0160649922845333,0.3052979647139285,0.46774696366378915,0.5658607496317339,-0.16272500205048251,0.0,-0.34830577544786406
IRL,2020,0.0969644746584882,,1.291688728340185,1.0726993249991912,1.096754453238521,0.37547617008093687,,0.6582160710829547,-0.09254679668347418,,-0.2559504539966435
IRL,2021,0.01583093723339998,,1.1893716810029615,1.0798691341750766,1.0860261337742148,0.4523160318150237,,0.7407413565539754,-0.0157069349493873,,-0.17342516852562265
IRL,2022,-0.0,,1.1730532351040395,1.0158309372334,1.013911087247012,0.4680229667644111,,0.7545565727176607,0.0,,-0.15960995236193729
IRL,2023,0.04001187412387126,,1.2915260308574137,0.9615274833688047,0.908269138273022,0.4287908362495088,,0.6583420362063785,-0.039232130514902264,,-0.25582448887321957
IRN,1995,0.9339640427333286,0.933192981978184,4.0743258321559725,,,0.0,0.0,0.0,-0.6595718046831515,-0.6591730307205556,-1.4047052930444015
IRN,1996,0.9302005452741041,0.9293536896100661,3.9189335985924716,1.0019497960812613,1.0396516627940091,0.0019478976961241508,0.001987959736906201,0.03888571742733314,-0.657623906987027,-0.6571850709836492,-1.3658195756170683
IRN,1997,0.9269542057401174,0.9259569608831457,4.015252942767683,1.0016846998876865,0.9760116372372747,0.0036311800687897117,0.0037500639685811043,0.01460494818605246,-0.6559406246143618,-0.6554229667519745,-1.390100344858349
IRN,1998,0.9341644749027636,0.9334279629543231,4.135151536319257,0.9962721530375493,0.9710050302876453,-0.00010363263200831078,-0.00012154332155885886,-0.014818681995371882,-0.6596754373151597,-0.6592945740421146,-1.4195239750397735
IRN,1999,0.9442693118799906,0.9437887485210793,4.2132654247099275,0.9948027585913721,0.9814600124804508,-0.0053144266777110484,-0.005466000956612291,-0.03353268932328737,-0.6648862313608624,-0.664639031677168,-1.438237982367689
IRN,2000,0.9409491543173003,0.9404042529145638,4.27618706645738,1.001710584512379,0.9852855731590852,-0.0036053035487098916,-0.0037232984380571586,-0.048356447163675036,-0.6631771082318613,-0.6628963291586126,-1.4530617402080765
IRN,2001,0.9432029754574124,0.9426777961293333,4.4367815988919075,0.9988401514568587,0.9638038229164501,-0.00476582523672046,-0.004894297889447669,-0.08522395544355535,-0.6643376299198718,-0.6640673286100032,-1.489929248487957
IRN,2002,0.9398647757169917,0.9393916364889174,4.316676960764344,1.001720841463904,1.0278234019407135,-0.0030464627240377206,-0.003201303736529152,-0.057780591163244674,-0.6626182674071891,-0.6623743344570847,-1.4624858842076462
IRN,2003,0.9371100689897589,0.9367008461687295,4.227032528456194,1.0014220703156376,1.021207414824624,-0.0016254025928027673,-0.0018128999435483304,-0.03679492391073508,-0.6611972072759541,-0.6609859306641038,-1.4415002169551365
IRN,2004,0.9395039559590325,0.9391548149237556,4.420135929855271,0.9987657220487132,0.9563127911757683,-0.0028604428924845406,-0.0030791850158059433,-0.08146515593325136,-0.6624322475756358,-0.6622522157363614,-1.4861704489776528
IRN,2005,0.9402122499064735,0.9398444099872548,4.486374047852517,0.9996349399672768,0.9852357121161237,-0.0032255695758429486,-0.0034347381009084466,-0.0963395207306354,-0.6627973742589943,-0.6626077688214641,-1.501044813775037
IRN,2006,0.9408608496792297,0.9405255465844697,4.426850063302496,0.9996658185089036,1.0134461261842729,-0.003559806918017129,-0.003785805969093182,-0.08298299144049255,-0.6631316116011684,-0.6629588366896487,-1.487688284484894
IRN,2007,0.9363550456856357,0.9359632924794676,4.228066742684422,1.0023269513530764,1.0470151803923193,-0.0012355587236402097,-0.0014319974579344698,-0.03703956071515809,-0.6608073634067916,-0.6606050281784901,-1.4417448537595596
IRN,2008,0.9379871948251941,0.9376512105143998,4.2360752871675516,0.9991578122167593,0.998109442363456,-0.002078101346253678,-0.0023034926159887243,-0.03893190771140474,-0.6616499060294049,-0.6614765233365443,-1.4436372007558063
IRN,2009,0.9384058517721455,0.938133910332258,4.335612564584994,0.9997840199736454,0.9770419344591574,-0.0022941046996529536,-0.002552577539586465,-0.06215761391459224,-0.6618659093828041,-0.6617256082601422,-1.4668629069589938
IRN,2010,0.9363205627517567,0.9360909252436311,4.139544852381717,1.0010769337786847,1.04736455798769,-0.001217750398148415,-0.0014979225493888533,-0.01588054971084985,-0.6607895550812997,-0.6606709532699444,-1.4205858427552513
IRN,2011,0.9356325349178397,0.9353753174937111,4.080322571549594,1.0003554537452255,1.0145141173997014,-0.0008623598116391474,-0.0011282394819397987,-0.001470753900773245,-0.6604341644947904,-0.6603012702024955,-1.4061760469451747
IRN,2012,0.9402773831986654,0.940119171184018,4.466039452869151,0.9976060905924862,0.9136333466396589,-0.00325913920151212,-0.003576368913401747,-0.09179669438495919,-0.6628309438846633,-0.6627493996339572,-1.4965019874293606
IRN,2013,0.942163828078614,0.9420939797723492,4.668185985173806,0.999028689108161,0.9566969840219149,-0.0042309221214575105,-0.004593731269292012,-0.13606526316843395,-0.6638027268046088,-0.6637667619898475,-1.5407705562128355
IRN,2014,0.9425050568483638,0.9424908635375417,4.546316677087031,0.9998243357109692,1.026806163481964,-0.004406601841266705,-0.0047980690724716245,-0.10961209055963785,-0.663978406524418,-0.6639710997930272,-1.5143173836040393
IRN,2015,0.9431088393978453,0.9418349632707945,4.775674158982151,0.9996892698251176,0.9519738000835459,-0.00471738030277286,-0.004460352669560988,-0.1588298560497621,-0.664289184985924,-0.6636333833901167,-1.5635351490941636
IRN,2016,0.9385061195082186,0.9330154624741626,4.5307897376032,1.0023743643846708,1.0540489485412528,-0.002345830267237729,9.183131571747691e-05,-0.10619096626770282,-0.6619176349503889,-0.659081199404838,-1.5108962593121045
IRN,2017,0.9414146623925438,0.9354587991483515,4.605289608827878,0.9985018435573466,0.9838229780203466,-0.0038451100683724927,-0.0011713731591464593,-0.12250026476742858,-0.6634169147515238,-0.6603444038797018,-1.52720555781183
IRN,2018,0.9419245450242911,0.9339547919740278,4.805669375299533,0.9997374343750617,0.9583034639250094,-0.004107710169699531,-0.0003939906361114481,-0.16509104775021022,-0.6636795148528507,-0.659567021356667,-1.5697963407946118
IRN,2019,0.9470562793412594,0.9353609511721365,5.084124709605705,0.9973643626168299,0.9452304280066002,-0.006746826960059217,-0.001120816438582,-0.2214175898021173,-0.6663186316432106,-0.6602938471591375,-1.6261228828465188
IRN,2020,0.9468362496511046,,4.8431936709583905,1.0001130191048138,1.0497463151416033,-0.006633814241423251,,-0.1728690594508295,-0.6662056189245745,,-1.577574352495231
IRN,2021,0.9460030235117702,,4.72348026504024,1.000428173095965,1.025344322237182,-0.006205732785400685,,-0.14784057913650106,-0.665777537468552,,-1.5525458721809025
IRN,2022,0.9454482626091917,,4.678915856973041,1.0002851583942072,1.0095245158129493,-0.0059206150411207775,,-0.1383611355561672,-0.6654924197242722,,-1.5430664286005689
IRN,2023,0.9439400864322279,,4.597198152403587,1.00077583470164,1.0177755454214492,-0.005145081143650123,,-0.12074172757195793,-0.6647168858268012,,-1.5254470206163593
IRQ,1995,0.957060869290864,0.9559880504088387,4.857754459827407,,,0.0,0.0,0.0,-0.6714437912980801,-0.6708954623960292,-1.5805762858335772
IRQ,1996,0.803545972192109,0.7877829118760103,3.2566777296834046,1.0851183720657622,1.491628850945485,0.08168907971971677,0.0899192069555673,0.3998687114158962,-0.5897547115783631,-0.5809762554404618,-1.1807075744176811
IRQ,1997,0.6989080847404333,0.6591317935913628,2.6993581428915308,1.0615912587570404,1.2064637433382135,0.14145804969477532,0.16460101275692365,0.5875622659393147,-0.5299857416033048,-0.5062944496391055,-0.9930140198942624
IRQ,1998,0.47322382267470453,0.42515172872163504,2.0370295768722904,1.1531907498318814,1.3251443049914855,0.2839907151404147,0.3166171780477294,0.8690836288748353,-0.38745307615766533,-0.35427828434829967,-0.711492656958742
IRQ,1999,0.33243155399418833,0.33203294849405013,1.7661833754639746,1.1056656668468017,1.1533511215035441,0.38443828216801584,0.3841891544771199,1.01175535242639,-0.28700550913006406,-0.2867063079189092,-0.5688209334071872
IRQ,2000,0.34881649046584484,0.33418783352982817,1.7853636995225173,0.98785236050458,0.9892569093548433,0.37221625707989814,0.3825727200696559,1.0009541381229425,-0.2992275342181817,-0.28832274232637295,-0.5796221477106347
IRQ,2001,0.38443262760729263,0.36754688320346646,1.8136285802134313,0.9742738386605327,0.9844152871214746,0.34615339074756424,0.3578769237914882,0.9852467069169262,-0.32529040055051567,-0.31301853860454093,-0.5953295789166511
IRQ,2002,0.48914657467108574,0.4734229035398746,2.005108642311866,0.9296819071776588,0.9045038966678333,0.2732406041124765,0.28330726256459443,0.8848780408513326,-0.39820318718560355,-0.3875881998314345,-0.6956982449822446
IRQ,2003,0.7695939532672503,0.7659560505316504,3.1268947968526066,0.8415187969656164,0.6412459556778562,0.10069367596343587,0.10220324697260258,0.44053585139916906,-0.5707501153346441,-0.5686922154234264,-1.1400404344344082
IRQ,2004,0.5534040635894354,0.5468654073958066,2.0976434387494476,1.1391717034512368,1.490670310830695,0.23099509836566248,0.23466489691981757,0.8397617432347344,-0.44044869293241745,-0.4362305654762115,-0.7408145425988429
IRQ,2005,0.6012523318091717,0.587492445403159,2.221904784113445,0.9701182210515972,0.9440744057745126,0.20065776082729092,0.20873976942380223,0.782211446968381,-0.47078603047078904,-0.46215569297222686,-0.7983648388651963
IRQ,2006,0.5576548688914815,0.5575079024578312,2.2419355572065016,1.0279891674262327,0.9910654108550669,0.2282623902816242,0.22780841692022824,0.7732367050371638,-0.44318140101645576,-0.44308704547580086,-0.8073395807964133
IRQ,2007,0.4099326553535622,0.40294684395197455,2.2120033880544603,1.1047725314943326,1.0135317013136984,0.3279018502092455,0.3323205494118587,0.7866776705044719,-0.3435419410888344,-0.3385749129841702,-0.7938986153291053
IRQ,2008,0.5094105910657014,0.5010061124822971,2.164235667192113,0.9340948471536138,1.0220714045085124,0.25972455371516234,0.2647598374796466,0.8085090272705286,-0.4117192375829176,-0.4061356249163824,-0.7720672585630486
IRQ,2009,0.5320189113451158,0.5084243052042993,2.1801402112215826,0.9852427929498833,0.9927048068066421,0.2448573758358202,0.25982986288836624,0.8011870940267134,-0.4265864154622598,-0.41106559950766275,-0.7793891918068638
IRQ,2010,0.5346446900265153,0.5134215577277498,2.188263376062142,0.9982889989464897,0.9962878486523057,0.2431449093481959,0.25652244265216334,0.7974680355463588,-0.42829888194988414,-0.41437301974386564,-0.7831082502872184
IRQ,2011,0.5212793884373306,0.5059713890382239,2.171478738555889,1.008785566734664,1.0077295886937467,0.25189210755385416,0.2614573311813782,0.8051679040212194,-0.4195516837442259,-0.40943813121465084,-0.7754083818123579
IRQ,2012,0.4490919593733972,0.43328717270367845,2.0377782321097846,1.0498156301240866,1.065610920923264,0.30050666594748177,0.31092493397367404,0.8687161733868646,-0.3709371253505982,-0.3599705284223551,-0.7118601124467125
IRQ,2013,0.4582747471064752,0.4354268936787716,2.076135814694983,0.9937029782958947,0.9815245311440122,0.29418973437628776,0.3094331705407327,0.8500679013331204,-0.3772540569217922,-0.36146229185529644,-0.7305083845004569
IRQ,2014,0.5284004810215591,0.4963005845749669,2.2493397200348664,0.9541182204626022,0.9229978896486127,0.24722203998522443,0.2678996775085461,0.7699395704466852,-0.42422175131285556,-0.40299578488748306,-0.8106367153868922
IRQ,2015,0.5556684951155926,0.5277833360252534,2.335265627220225,0.9824718349830648,0.9632050820327277,0.22953843765170287,0.24707757750066578,0.7324506422019544,-0.4419053536463771,-0.4238178848953634,-0.8481256436316228
IRQ,2016,0.4578951210867838,0.4320609010875258,2.1417879610389217,1.0670647515137603,1.0903346501618456,0.2944500937099305,0.31178086606948807,0.8189353098195783,-0.3769936975881495,-0.35911459632654097,-0.761640976013999
IRQ,2017,0.4977444129615536,0.4905175812303493,2.218752472474533,0.9733937970124195,0.965311808148759,0.2674835396108695,0.27177203280438067,0.78363119723789,-0.4039602516872105,-0.39912342959164837,-0.7969450885956871
IRQ,2018,0.5143476338429569,0.513318655456366,2.2380631279344074,0.9890360571705261,0.9913717110036585,0.25645904979770556,0.25659043809556165,0.7749654690429993,-0.4149847415003745,-0.41430502430046734,-0.805610816790578
IRQ,2019,0.4959412505263111,0.49582651439964864,2.223940479759966,1.0123042153628492,1.0063502815398935,0.2686881835554841,0.26821655587875115,0.7812956725012258,-0.402755607742596,-0.4026789065172777,-0.7992806133323515
IRQ,2020,0.6160308711028276,,2.506150029292498,0.9256885355818955,0.8873931942485496,0.19147072797642917,,0.6618285631180015,-0.479973063321651,,-0.9187477227155757
IRQ,2021,0.6178886902588336,,2.51509921193381,0.9988517015001142,0.996441817245678,0.19032176967667438,,0.6582640349749161,-0.4811220216214055,,-0.9223122508586611
IRQ,2022,0.5952629578570823,,2.436983527210951,1.0141830738877964,1.0320542522551475,0.20440520478958524,,0.68981527066721,-0.46703858650849484,,-0.8907610151663672
IRQ,2023,0.6243228794406525,,2.5618294091637157,0.9821095165552445,0.9512669026648737,0.18635275193058728,,0.639854669601788,-0.4850910393674926,,-0.9407216162317892
ISL,1995,0.8790368083550093,0.8788431978120086,4.304962801711183,,,0.0,0.0,0.0,-0.6307593095715562,-0.6306562671418596,-1.4597684971248677
ISL,1996,0.8763936120980276,0.8761283178659397,4.168647310505044,1.001408657671791,1.0327001737140542,0.0014076664443305419,0.0014460191816609291,0.032176899908680716,-0.6293516431272257,-0.6292102479601988,-1.427591597216187
ISL,1997,0.8741991528684422,0.8739209560580925,3.98781224745276,1.0011708783595525,1.0453469350689195,0.0025778598604213974,0.0026232634798243615,0.07652572550847901,-0.6281814497111348,-0.6280330036620351,-1.3832427716163884
ISL,1998,0.8665101931555526,0.8662743214011459,3.878867835791358,1.004119430872162,1.0280866521555965,0.006688829107321731,0.006712165124492764,0.10422518096923523,-0.6240704804642345,-0.6239441020173669,-1.3555433161556325
ISL,1999,0.8707081602345578,0.8704992457743417,3.870432314103352,0.9977559476308273,1.002179477898959,0.004442255079435481,0.004450895557292969,0.10640228725153718,-0.6263170544921208,-0.6262053715845667,-1.3533662098733303
ISL,2000,0.8686642505375389,0.8685375146316852,3.7903710549502474,1.0010937811307894,1.0211222748360071,0.005535438467470643,0.005500219994769435,0.12730457914198126,-0.6252238711040856,-0.62515604714709,-1.3324639179828865
ISL,2001,0.8607435397365008,0.8606153028113092,3.733952296677591,1.0042567450225623,1.0151096623068423,0.009783149179702626,0.009749026158570385,0.14230122748126792,-0.6209761603918538,-0.6209072409832893,-1.3174672696435998
ISL,2002,0.865561226392334,0.8653539478619906,3.714219691185454,0.9974175671172423,1.0053127189915463,0.0071973760652926195,0.007205447676454794,0.14759988376675423,-0.6235619335062638,-0.6234508194654048,-1.3121686133581134
ISL,2003,0.8626215181190471,0.8624971850840641,3.6759185565768613,1.0015782638849007,1.010419473124633,0.00877439580064039,0.008738107235685083,0.15796544832385348,-0.6219849137709157,-0.6219181599061746,-1.3018030488010142
ISL,2004,0.8580641738800874,0.8580522611380307,3.41954986668292,1.002452737802615,1.0749714728221316,0.011224130551354732,0.011127499514984898,0.23025957264172442,-0.6195351790202016,-0.6195287676268747,-1.2295089244831434
ISL,2005,0.8439386313498409,0.8439000692466379,3.356799256581485,1.0076605274655512,1.0186935843656433,0.01885546516999666,0.01877333585843513,0.24878057937148196,-0.6119038444015595,-0.6118829312834244,-1.2109879177533855
ISL,2006,0.8434801092626576,0.8379741113994073,3.345372284447208,1.000248726354507,1.0034157550080158,0.019104160597232155,0.021992328509189998,0.2521905139387276,-0.6116551489743239,-0.6086639386326697,-1.2075779831861402
ISL,2007,0.8465087399788047,0.846421279284214,3.2462365385165186,0.9983598069965369,1.0305386698579866,0.017462621004579265,0.017406945134308727,0.2822721599183077,-0.6132966885669772,-0.613249322007551,-1.17749633720656
ISL,2008,0.8554657551745707,0.855145069347734,3.225689199715459,0.995172632439706,1.006369906562254,0.01262356407106417,0.01269336964014739,0.28862186437073806,-0.6181357455004921,-0.6179628975017122,-1.1711466327541296
ISL,2009,0.8631194547672433,0.8626667519834197,3.2310385910008135,0.9958919973847684,0.998344374065895,0.008507100433203884,0.008647068611701026,0.2869648663733915,-0.6222522091383524,-0.6220091985301586,-1.1728036307514762
ISL,2010,0.8631447401985096,0.8627532132360293,3.34261056511486,0.999986428627513,0.9666213063291111,0.008493528968624974,0.008600651695792277,0.25301638910959556,-0.6222657806029313,-0.6220556154460672,-1.2067521080152723
ISL,2011,0.8562592110917111,0.8558225506914927,3.3688896006152915,1.0037093575432006,0.9921994963872867,0.01219602381070654,0.012328245812266625,0.24518530242250497,-0.6185632857608498,-0.618328021329593,-1.2145831947023626
ISL,2012,0.8546489478163224,0.8541642751542788,3.409806100023974,1.000868230765334,0.9880003442399863,0.01306387788173231,0.01322219812287644,0.23311306960921377,-0.617695431689824,-0.6174340690189832,-1.2266554275156538
ISL,2013,0.8480916231871384,0.8474817090370425,3.350754575338161,1.0035481599217875,1.017623351205856,0.016605757934374,0.01683279373655287,0.2505829302824471,-0.6141535516371822,-0.6138234734053067,-1.2091855668424205
ISL,2014,0.843950948704809,0.8433539540740134,3.3678812960155327,1.0022455448097671,0.9949146899275715,0.018848785276414835,0.019069553679699286,0.24548464601686484,-0.6119105242951414,-0.6115867134621603,-1.214283851108003
ISL,2015,0.8416442553722785,0.8411850180591547,3.3139008452573235,1.0012525184089174,1.0162890965296874,0.020100519938519863,0.020246871266398153,0.26164249852667,-0.6106587896330365,-0.6104093958754616,-1.1981259985981976
ISL,2016,0.830435893500664,0.8301729596875347,3.2435576434302944,1.006123329372753,1.021687051552639,0.026205177911953956,0.02624579126419243,0.2830977316277558,-0.6045541316596021,-0.6044104758776672,-1.1766707654971118
ISL,2017,0.8291658683167764,0.8288617861419889,3.2364004567826545,1.0006943193101763,1.002211465096243,0.026899256293992313,0.02696246858088715,0.28530675503420805,-0.603860053277564,-0.6036937985609725,-1.1744617420906596
ISL,2018,0.8240439878457121,0.8237539727403779,3.1862530865421252,1.0028079807862054,1.0157386650961087,0.029703302066723627,0.029759267953320068,0.3009228517103224,-0.6010560075048327,-0.6008969991885394,-1.1588456454145453
ISL,2019,0.8159905187024586,0.8156938813252671,3.164193442511026,1.0044347528581854,1.006971648362179,0.03412825038490643,0.034188568724030415,0.30787031049447117,-0.5966310591866498,-0.5964676984178292,-1.1518981866303966
ISL,2020,0.817582326961924,,3.312957698065001,0.9991242166938727,0.9550962405463662,0.033252083356524784,,0.2619271423567819,-0.5975072262150316,,-1.1978413547680857
ISL,2021,0.8171786898078205,,3.2193357873927795,1.0002221229845845,1.029081126311475,0.03347418167545149,,0.2905934360538313,-0.5972851278961048,,-1.1691750610710363
ISL,2022,0.8075540548668565,,3.1384645690487742,1.0053246733700991,1.0257677652765462,0.03878472909416582,,0.31603480754846874,-0.5919745804773905,,-1.143733689576399
ISL,2023,0.8060299636138696,,3.106765107616922,1.0008438903471664,1.0102033659880285,0.03962826356607215,,0.3261864705963449,-0.5911310460054842,,-1.1335820265285228
ISR,1995,0.7318283397732793,0.7254840019555273,3.0559076568237655,,,0.0,0.0,0.0,-0.5491776942430207,-0.5455075919716635,-1.117076653839801
ISR,1996,0.7371385223458566,0.7314121090996019,3.0826610130094583,0.9969431438516451,0.9913213434520408,-0.0030615378764580984,-0.0034297316232163935,-0.008716535405331422,-0.5522392321194788,-0.5489373235948798,-1.1257931892451323
ISR,1997,0.7536854190800646,0.7488026250470343,3.145537533560158,0.9905645011618514,0.9800108821211441,-0.012541833040240799,-0.013423747523519372,-0.028908138579253045,-0.5617195272832614,-0.5589313394951829,-1.1459847924190538
ISR,1998,0.7587547832924136,0.7545171178814502,3.172778170607257,0.9971176401278301,0.9914142635941406,-0.015428354911136406,-0.016686080580124742,-0.037530944753276355,-0.564606049154157,-0.5621936725517881,-1.1546075985930773
ISR,1999,0.7603479221223437,0.7555096955219335,3.2276799868061565,0.9990949863888218,0.9829903161331596,-0.016333778294384354,-0.017251647579869973,-0.05468695497638543,-0.565511472537405,-0.5627592395515334,-1.1717636088161862
ISR,2000,0.7458552766220383,0.7414430756418058,3.1233123611276046,1.0083011723218813,1.0334156861726351,-0.008066871206321578,-0.009206531348059661,-0.021817439032877157,-0.5572445654493421,-0.5547141233197231,-1.1388940928726778
ISR,2001,0.7721900664913761,0.768462212335403,3.2103414458475115,0.9851399743361186,0.9728910191679216,-0.023038413187466748,-0.024602770392719492,-0.049300647068198554,-0.5722161074304875,-0.570110362364383,-1.1663773009079994
ISR,2002,0.7813575463495187,0.7760325916854102,3.3124266861366922,0.9948536553613678,0.9691811321541298,-0.028198045867166923,-0.028874403604151586,-0.08060440474057631,-0.5773757401101874,-0.574381995575815,-1.1976810585803772
ISR,2003,0.7933312015830327,0.7887437283890508,3.33797926197737,0.9933232326393784,0.9923448967668119,-0.034897202553510184,-0.036005953769022964,-0.08828895867154705,-0.5840748967965308,-0.5815135457406864,-1.2053656125113479
ISR,2004,0.7691608449468167,0.7642545329824397,3.2701612019950352,1.0136620458819516,1.020738445536251,-0.021327641022196527,-0.022220648277637287,-0.06776262710047991,-0.570505335265217,-0.5677282402493007,-1.1848392809402808
ISR,2005,0.7519705962610422,0.7467994520448631,3.2416647591481156,1.0098119504530847,1.0087906816294008,-0.011563515174317649,-0.012277636966728917,-0.05901035855882706,-0.5607412094173382,-0.5577852289383924,-1.1760870123986278
ISR,2006,0.7466213001198296,0.7429179031824013,3.1807096429476833,1.0030626536736074,1.019163998931994,-0.00850554187067272,-0.010053072586257499,-0.04002767621585511,-0.5576832361136933,-0.555560664557921,-1.157104330055656
ISR,2007,0.7277571592240625,0.7243765236429529,3.126769669506154,1.0109182825810077,1.0172510223466662,0.0023535665932692467,0.0006420423912215402,-0.022923763306458175,-0.5468241276497514,-0.544865549580442,-1.140000417146259
ISR,2008,0.7377472445189545,0.7365894796351923,3.1486730936742937,0.994251128680306,0.9930436016961737,-0.0034118930939615764,-0.006415528630204789,-0.029904470147806388,-0.552589587336982,-0.5519231206018682,-1.1469811239876073
ISR,2009,0.7350661329294363,0.7333933747458734,3.2033044910551927,1.0015452503732476,0.9829452999134333,-0.0018678353915800355,-0.004573383624148083,-0.04710627660082935,-0.5510455296346007,-0.5500809755958115,-1.1641829304406304
ISR,2010,0.7261114140372523,0.7241389327813665,3.1440440708714394,1.0051877988983569,1.0188484699476008,0.003306553237928509,0.00077983551696767,-0.028433238081663606,-0.545871141005092,-0.5447277564546958,-1.1455098919214644
ISR,2011,0.7093348081848541,0.7079226671094025,3.0924395639094464,1.0098146985435892,1.0166873130082306,0.013073400470481004,0.010229774498345069,-0.011883628459707033,-0.5361042937725395,-0.5352778174733185,-1.128960282299508
ISR,2012,0.7281326725026719,0.7259283784134547,3.1470485557105836,0.9891224414554961,0.9826475534665505,0.0021362487397658175,-0.0002575041237671812,-0.029388393329218103,-0.5470414455032547,-0.5457650960954306,-1.146465047169019
ISR,2013,0.6909555311042833,0.6902374288116176,3.132573529051808,1.0219858776381363,1.004620809862732,0.02388392206781612,0.020638582483460934,-0.024778226634270872,-0.5252937721752043,-0.5248690094882027,-1.1418548804740716
ISR,2014,0.6755511483154091,0.6604485523998205,3.126795388986213,1.0091936213372905,1.0018479431324314,0.033035539318626454,0.03841981381492851,-0.022931988848151064,-0.5161421549243941,-0.5070877781567349,-1.1400086426879519
ISR,2015,0.684875254471733,0.6638593268184116,3.1508711532729476,0.9944659961432889,0.9923590133916691,0.02748616613373116,0.03636779231791145,-0.030602317357601633,-0.5216915281092895,-0.509139799653752,-1.1476789711974025
ISR,2016,0.669946892422964,0.6404713567484602,3.139585182585267,1.0089394232334594,1.0035947330718344,0.03638586926435072,0.05052397877916,-0.02701402989648119,-0.51279182497867,-0.4949836131925034,-1.144090683736282
ISR,2017,0.6533212956355067,0.6238200714864779,3.1270449086757868,1.010055877724037,1.004010263451826,0.046391523066420796,0.06072614978987802,-0.02301178611761421,-0.5027861711765998,-0.4847814421817854,-1.1400884399574152
ISR,2018,0.6501027866478543,0.6149565626031459,3.122320437903709,1.001950490002014,1.0015131280936844,0.04834011333268677,0.06619953187971568,-0.021499801648755076,-0.5008375809103337,-0.47930806009194776,-1.138576455488556
ISR,2019,0.6412089658497733,0.6130292422838192,3.1162337781927385,1.005419066665576,1.0019532102352413,0.053744549687785054,0.06739366386470201,-0.019548496448406238,-0.49543314455523546,-0.47811392810696135,-1.1366251502882072
ISR,2020,0.677400446726744,,3.2333856645286647,0.9784240662701659,0.9637680442450394,0.03193245235394252,,-0.05645312777622504,-0.5172452418890782,,-1.173529781616026
ISR,2021,0.6267081388640833,,3.0578097267630224,1.0311625095194143,1.0574188564543243,0.06261926816774184,,-0.0006222302672125742,-0.4865584260752788,,-1.1176988841070135
ISR,2022,0.6133966256061828,,3.0361737227926358,1.008250614292006,1.00712607576041,0.07083603220446176,,0.006478574997282277,-0.47834166203855893,,-1.1105980788425185
ISR,2023,0.6213415154911082,,3.092949074756488,0.995099804816557,0.9816436188920045,0.06592379169887067,,-0.012048375051379255,-0.4832539025441499,,-1.12912502889118
ITA,1995,0.6945238219419708,0.5780294841688312,2.465201089321064,,,0.0,0.0,0.0,-0.527401770356219,-0.45617690676676603,-0.90227338198524
ITA,1996,0.6878586614280557,0.5725977269536303,2.4561881437577213,1.0039488854524559,1.0036694850051486,0.003941109069604974,0.003448051599100548,0.0036627688698713102,-0.523460661286614,-0.4527288551676655,-0.8986106131153688
ITA,1997,0.682951574223183,0.5665508221826488,2.437786752967436,1.0029157625685918,1.007548400518579,0.006852629047442789,0.007300632740473526,0.011182822771630041,-0.5205491413087762,-0.4488762740262926,-0.8910905592136098
ITA,1998,0.685035023426235,0.5716571424012117,2.439662888934323,0.9987635573302116,0.9992309855696061,0.005615421351744368,0.004046339345836696,0.0104135124979575,-0.5217863490044745,-0.4521305674209292,-0.8918598694872824
ITA,1999,0.6853947437089309,0.575637521194869,2.4474458281198586,0.9997865661536928,0.996819974891328,0.005401964725192369,0.001516941026795012,0.007228420364410536,-0.5219998056310267,-0.45465996573997103,-0.8950449616208294
ITA,2000,0.6747838501353848,0.5649512844591376,2.4227379215932947,1.006335679420773,1.0101983406072725,0.011717658101464752,0.008322211400266443,0.01737510877705481,-0.515684112254754,-0.44785469536649974,-0.884898273208185
ITA,2001,0.674463805781724,0.5692288073909694,2.439166600377986,1.00019113244046,0.9932646344115466,0.011908772278447007,0.005592613570942814,0.010616958246219929,-0.5154929980777719,-0.45058429319582316,-0.8916564237390201
ITA,2002,0.6887871410509124,0.5935144735893998,2.4962261392120073,0.9915185668335472,0.9771416788175956,0.003391167085417383,-0.009765030959864906,-0.012506665063786905,-0.5240106032708017,-0.465941937726631,-0.9147800470490268
ITA,2003,0.7074256603897583,0.618084701589977,2.555402187620463,0.9890838472378404,0.9768427652229729,-0.007585004051798691,-0.02506626006051583,-0.035936241266987086,-0.5349867744080178,-0.4812431668272819,-0.938209623252227
ITA,2004,0.7062280081592247,0.6060788805949632,2.5524237886598056,1.0007019297683581,1.0011668904567848,-0.006883320520919491,-0.0176188237377975,-0.03477003109770884,-0.5342850908771385,-0.4737957305045635,-0.9370434130829487
ITA,2005,0.707939468166995,0.5812612010353616,2.566097593085806,0.9989979387210911,0.9946713622806694,-0.00788588419888291,-0.0020458503605650436,-0.04011291664388922,-0.5352876545551019,-0.458222757127331,-0.9423862986291291
ITA,2006,0.7081306139533554,0.5690050071038015,2.5908988862708218,0.9998880965045652,0.990427533348971,-0.007997793955980964,0.005735241750215883,-0.04973149385092342,-0.5353995643121998,-0.45044166501655014,-0.9520048758361634
ITA,2007,0.7066499438983579,0.5489490464357242,2.605936022516096,1.0008675886114147,0.9942296602390278,-0.0071305814820262076,0.018600240362596044,-0.05551854634548603,-0.5345323518382452,-0.43757666640417,-0.957791928330726
ITA,2008,0.7157134570146093,0.532998469054879,2.6592269198473115,0.9947173503365636,0.9799600038140877,-0.012427233674603447,0.028951305537157794,-0.07576206693046,-0.5398290040308223,-0.4272256012296083,-0.9780354489156999
ITA,2009,0.7322606021298926,0.5093132588193451,2.782579496241201,0.9904476583402416,0.9556697026767723,-0.022025491589078777,0.04452215487464367,-0.12110499185190629,-0.5494272619452976,-0.4116547518921223,-1.0233783738371462
ITA,2010,0.726010745212309,0.5006797502178574,2.7460344712494247,1.003620983782934,1.0133082906913213,-0.018411047785238686,0.05025873449576616,-0.1078844785408246,-0.5458128181414575,-0.40591817227099986,-1.0101578605260646
ITA,2011,0.7214840541310509,0.4813456848676612,2.7495064568483976,1.0026295283249331,0.9987372331531265,-0.015784970621284825,0.06322598557277083,-0.10914804334958352,-0.5431867409775037,-0.3929509211939952,-1.0114214253348235
ITA,2012,0.7409466948785584,0.4746831803843298,2.847604018426886,0.9888206567123726,0.9655508417098383,-0.027027272430123813,0.06773373300607084,-0.14420456342403895,-0.5544290427863426,-0.38844317376069515,-1.046477945409279
ITA,2013,0.7349187254023894,0.4418596254563947,2.86416249657098,1.0034744967518698,0.9942187364844283,-0.02355879779690357,0.090243219760165,-0.15000260313317307,-0.5509605681531224,-0.36593368700660106,-1.052275985118413
ITA,2014,0.7311636938765588,0.4209459998135652,2.8811974344395415,1.002169079411215,0.9940875492720704,-0.021392067442187794,0.10485405991253854,-0.15593260159885092,-0.5487938377984066,-0.35132284685422754,-1.058205983584091
ITA,2015,0.7370431200639869,0.42477278610448366,2.8915343408993515,0.996615267566178,0.9964251137143352,-0.024782541041367182,0.10216455410712226,-0.15951389306023303,-0.5521843113975861,-0.35401235265964387,-1.061787275045473
ITA,2016,0.7398051547066412,0.41826657461734457,2.9149144996709326,0.9984124459942066,0.9919791270810101,-0.026371356546330046,0.10674150294219527,-0.16756710622784918,-0.5537731269025489,-0.3494354038245707,-1.069840488213089
ITA,2017,0.7370516011223593,0.4056174593489944,2.9208906145520515,1.0015851881328701,0.9979540093520294,-0.024787423497979973,0.11570022767470574,-0.16961519277396553,-0.552189193854199,-0.3404766790920606,-1.0718885747592055
ITA,2018,0.7403182632829298,0.40123463900109346,2.9441302887827514,0.9981229512845493,0.9921064382513084,-0.026666236076954824,0.1188231737768802,-0.177540073602798,-0.5540680064331738,-0.3373537329898858,-1.079813455588038
ITA,2019,0.7419000165736986,0.39097913475495066,2.966943509040871,0.999091937955268,0.9923108680065518,-0.027574710659784462,0.12616899411413168,-0.18525891938514927,-0.5549764810160034,-0.33000791265263435,-1.0875323013703893
ITA,2020,0.7464375465061535,,3.211702732898964,0.9974018367037902,0.9237914451574517,-0.030176255039926318,,-0.2645278609057018,-0.5575780253961452,,-1.1668012428909418
ITA,2021,0.7506326556976479,,3.010050186915242,0.9976036610662774,1.066993084321421,-0.03257546978899571,,-0.19968337003031303,-0.5599772401452147,,-1.101956752015553
ITA,2022,0.7352312306419604,,2.9585504749724616,1.0088757191455053,1.01740707565358,-0.02373890830761584,,-0.18242606200517356,-0.5511406786638348,,-1.0846994439904136
ITA,2023,0.7227885538197267,,3.0174929521374474,1.0072224050912377,0.9804664076768651,-0.01654245987927226,,-0.20215295633876412,-0.5439442302354912,,-1.104426338324004
JAM,1995,0.9128104073805998,0.9108548993988468,5.080981721632025,,,0.0,0.0,0.0,-0.6485735780613333,-0.6475507332277254,-1.625504495209341
JAM,1996,0.9186756737140089,0.9170218444271068,5.133296394286541,0.9969430652539334,0.9898087566670134,-0.003061616715171475,-0.0032221258815035812,-0.010243529598036023,-0.6516351947765049,-0.6507728591092288,-1.6357480248073768
JAM,1997,0.9223663324817861,0.9210580204083599,5.248363873280652,0.9980801480418083,0.9780755523488154,-0.004983313951285737,-0.005325353334423234,-0.03241188963872509,-0.6535568920126192,-0.6528760865621487,-1.6579163848480658
JAM,1998,0.9204398633547269,0.9188505194185359,5.359334122979263,1.0010031395222623,0.9792940228856412,-0.003980677237244299,-0.004175585724015573,-0.05333524136863536,-0.6525542552985777,-0.6517263189517409,-1.6788397365779761
JAM,1999,0.9217307223506638,0.92019011451665,5.304964837492148,0.9993282831039106,1.0102487551100936,-0.004652619836205832,-0.004873465887430482,-0.04313864865219767,-0.6532261978975392,-0.6524241991151557,-1.6686431438615383
JAM,2000,0.923826815273575,0.9223424016366903,5.31153814226709,0.9989104565409579,0.9987624479766728,-0.0057427572792093165,-0.005993710068098378,-0.0443769670754018,-0.6543163353405427,-0.6535444432958237,-1.6698814622847427
JAM,2001,0.9247271754362244,0.9233047428436727,5.314185168708556,0.9995322141370788,0.9995018942025107,-0.006210652588070143,-0.006494193441073044,-0.04487519696879414,-0.6547842306494035,-0.6540449266687983,-1.670379692178135
JAM,2002,0.9215773397534673,0.9200929750567345,5.571680232257186,1.0016391927702277,0.9537850248372358,-0.004572801827969354,-0.00482287614825206,-0.09219217073717882,-0.6531463798893029,-0.6523736093759774,-1.7176966659465196
JAM,2003,0.9222127401561794,0.9208061202145326,5.448321425065888,0.9996694432466092,1.0226416170352515,-0.004903413227286438,-0.005194218976222169,-0.0698030706247329,-0.6534769912886198,-0.6527449522039476,-1.6953075658340737
JAM,2004,0.9205582046608101,0.9191169134844224,5.429291254438632,1.0008614867757477,1.0035050929735438,-0.00404229731828843,-0.004314406113177983,-0.06630410617304813,-0.6526158753796217,-0.6518651393409034,-1.6918086013823888
JAM,2005,0.9187180970428885,0.9172197927432879,5.448692101489734,1.0009590296879762,0.9964393570622575,-0.003083727205475984,-0.003325378798293031,-0.06987110328764297,-0.6516573052668093,-0.6508761120260185,-1.6953755984969836
JAM,2006,0.924514800224924,0.9230597084105014,5.509682620837848,0.9969879664311453,0.9889303026062799,-0.006100306076804343,-0.006366782512333328,-0.08100252572261235,-0.6546738841381378,-0.6539175157400587,-1.706507020931953
JAM,2007,0.9178132036836611,0.9161773424002879,5.5432435362579175,1.0034943948286468,0.9939456177235314,-0.002612002459825592,-0.0027815007016879804,-0.08707531008455839,-0.6511855805211589,-0.6503322339294133,-1.7125798052938992
JAM,2008,0.9186780672453874,0.9175075757655142,5.642972309202123,0.9995492398769285,0.9823269072609881,-0.003062864205780962,-0.00347547187929274,-0.1049064366598493,-0.6516364422671143,-0.651026205107018,-1.73041093186919
JAM,2009,0.8955808105007033,0.8943398750203077,5.81853231581862,1.0121847913930841,0.9698274415114599,0.009048290180901869,0.00868030629437549,-0.13554355531882273,-0.6395252878804316,-0.6388704269333497,-1.7610480505281634
JAM,2010,0.8937597699460322,0.8925644959790595,5.83703512908071,1.0009616006124802,0.9968301007527083,0.010009428751689161,0.009617947701386555,-0.1387184893393648,-0.6385641493096441,-0.6379327855263387,-1.7642229845487056
JAM,2011,0.8992117760434228,0.8981144644707383,5.762129786076003,0.9971293321965661,1.0129995931687814,0.007134632678950277,0.00668972691811394,-0.1258026656831839,-0.6414389453823831,-0.6408610063096112,-1.7513071608925248
JAM,2012,0.8956824403417061,0.8945021200555411,5.805099096827638,1.0018617758051716,0.9925980056438456,0.008994677527649823,0.008594662693748636,-0.13323219073841405,-0.6395789005336836,-0.6389560705339767,-1.7587366859477547
JAM,2013,0.9019677908188004,0.9007145930119729,5.848576025343703,0.9966953433662571,0.992566236922002,0.00568454845649631,0.0053208161785544454,-0.14069372193315166,-0.642889029604837,-0.642229917049171,-1.7661982171424924
JAM,2014,0.8916849852627962,0.8901930933434831,5.898118852196396,1.0054357917074528,0.9916002325327431,0.011105619569501058,0.010871743584540414,-0.14912896625171612,-0.6374679584918322,-0.6366789896431848,-1.7746334614610568
JAM,2015,0.8946492197271753,0.8933749512220669,5.897710752524465,0.9984354705696888,1.000069196284636,0.00953986498499418,0.009189808125099005,-0.1490597723610327,-0.639033713076339,-0.6383609251026262,-1.7745642675703734
JAM,2016,0.8953095406769496,0.8940077334167061,5.927246466244438,0.9996516025822685,0.9950169587365434,0.009191406862782338,0.008855655358813573,-0.15405527037349853,-0.6393821711985511,-0.6386950778689119,-1.7795597655828392
JAM,2017,0.8896473003965958,0.8883614053599006,5.97157294205646,1.0029964535070461,0.992577085427553,0.012183379951031534,0.011841261492877338,-0.1615058718732071,-0.6363901981103018,-0.6357094717348482,-1.787010367082548
JAM,2018,0.8914622872374554,0.8902092786943151,5.9283211200791675,0.9990404319170907,1.0072957960780498,0.011223351187943115,0.0108631808183376,-0.1542365613711412,-0.6373502268733902,-0.6366875524093876,-1.779741056580482
JAM,2019,0.9058462078617938,0.9050985779241203,5.985176486658894,0.9924527380199917,0.9905006365799808,0.003647464509890997,0.0030169790460924844,-0.16378133152938623,-0.6449261135514424,-0.644533754181633,-1.789285826738727
JAM,2020,0.884840106763303,,6.501781602678369,1.0111447655549746,0.9205440681356225,0.014730584757365552,,-0.24657173685545275,-0.6338429933039675,,-1.8720762320647935
JAM,2021,0.8867095247753874,,6.344518322875117,0.9990091649045413,1.0247872685994524,0.013739258460320305,,-0.22208668863487732,-0.6348343196010132,,-1.847591183844218
JAM,2022,0.8778775695807204,,6.202042099908423,1.0047031581492498,1.0229724694981992,0.018431391316896865,,-0.1993741135639719,-0.6301421867444364,,-1.8248786087733126
JAM,2023,0.8832142030544987,,6.176419507924108,0.9971662100545321,1.0041484539629217,0.0155935785870868,,-0.19523424071214815,-0.6329799994742467,,-1.8207387359214888
JOR,1995,0.9039813092669277,0.9029848417312383,5.553558774870081,,,0.0,0.0,0.0,-0.6439471197595033,-0.6434236228231384,-1.7144389429615037
JOR,1996,0.9062443066401453,0.905341337615085,5.753729887040154,0.9988128502913636,0.9652101999746384,-0.0011878549290418336,-0.0012375495551721538,-0.03540937755539683,-0.6451349746885451,-0.6446611723783104,-1.7498483205169006
JOR,1997,0.9049175733840966,0.9040128412678977,5.7769648734026795,1.0006964780390428,0.9959779941765787,-0.0004916193182710463,-0.0005400578866838438,-0.03943949339723819,-0.6444387390777743,-0.6439636807098221,-1.7538784363587419
JOR,1998,0.9033626235634926,0.9022945573461871,5.776637271922002,1.0008169488048961,1.0000567114508416,0.00032499596558419015,0.00036280352648484425,-0.03938278355443008,-0.643622123793919,-0.6430608192966535,-1.7538217265159337
JOR,1999,0.9003433531896681,0.8992627120515564,5.764631332757816,1.0015888025544208,1.002082689849733,0.0019125377085035256,0.001957858248842161,-0.0373022594966083,-0.6420345820509996,-0.6414657645742962,-1.751741202458112
JOR,2000,0.9023843320408382,0.9013634180545673,5.696033427412059,0.9989271469403975,1.0120431009087183,0.0008391087301029178,0.0008524055444593088,-0.025331099707506306,-0.6431080110294003,-0.6425712172786792,-1.73977004266901
JOR,2001,0.900061269714627,0.8991256356115775,5.458966523950807,1.0012226249559626,1.0434270667206218,0.0020609868888140804,0.0020300343548597132,0.017179452448352367,-0.6418861328706892,-0.6413935884682787,-1.6972594905131515
JOR,2002,0.8995245346966575,0.8985521984466744,5.221019072814926,1.0002825628246255,1.0455749055533696,0.0023435098000831023,0.0023320279384747857,0.061746335443625025,-0.64160360995942,-0.6410915948846636,-1.6526926075178787
JOR,2003,0.8988428649969193,0.8980515911336555,5.0941636356609665,1.0003589921590166,1.0249021127366083,0.0027024375368322365,0.002595741164118201,0.08634344370444051,-0.6412446822226711,-0.6408278816590203,-1.6280954992570633
JOR,2004,0.9000478923752707,0.8996995819111577,4.865820177490447,0.9993657910502217,1.046928051148879,0.0020680273914867498,0.001727863935804885,0.13220365417606597,-0.6418790923680163,-0.6416957588873334,-1.5822352887854376
JOR,2005,0.9011866911983959,0.9009407721661827,4.733242764992632,0.9994010063144262,1.0280098484443616,0.0014688542375247734,0.0010747159483515713,0.1598284013619449,-0.6424782655219785,-0.6423489068747866,-1.5546105415995588
JOR,2006,0.8940519824133982,0.8939228115298014,4.574815179635722,1.0037669023085132,1.0346303794002722,0.0052286795362390245,0.004773383097857457,0.19387264294386714,-0.638718440223264,-0.638650239725281,-1.5205663000176366
JOR,2007,0.890462935617119,0.8884971275093358,4.531162452769651,1.0018985015408979,1.0096338913735896,0.007125381200771881,0.007642280697428286,0.20346042429538122,-0.6368217385587313,-0.6357813421257101,-1.5109785186661224
JOR,2008,0.8792071830186858,0.8751392459160934,4.463144803755742,1.0059896283390914,1.0152398481350355,0.013097143023077087,0.014740701669651688,0.2185853124551539,-0.630849976736426,-0.6286829211534867,-1.49585363050635
JOR,2009,0.8769661352897888,0.854680638011385,4.514057556564345,1.0011939734483017,0.9887212885146831,0.014290404251938798,0.025711104382552294,0.20724251396859536,-0.6296567155075645,-0.617712518440586,-1.5071964289929083
JOR,2010,0.8701805466959557,0.8700748413502577,4.64998041892542,1.0036283066925389,0.9707691538209777,0.017912144518295703,0.01744517064506918,0.17757593435488572,-0.6260349752412075,-0.6259784521780691,-1.536863008606618
JOR,2011,0.8705505691782857,0.8700193282178696,4.73038131501478,0.9998021852558135,0.9830032949280095,0.017714310206192126,0.017474856064673614,0.16043312742478538,-0.6262328095533112,-0.6259487667584646,-1.5540058155367182
JOR,2012,0.8810557398214779,0.8805484496279461,4.735891833300662,0.9944152794514268,0.9988364349356262,0.01211393680072523,0.011860160000269357,0.1592688848930128,-0.6318331829587779,-0.6315634628228689,-1.5551700580684908
JOR,2013,0.8781548525079024,0.8776965324056399,4.604373431176867,1.0015445410742898,1.0285638000674022,0.013657286298251758,0.013377845932590709,0.18743234523106925,-0.6302898334612513,-0.6300457768905476,-1.5270065977304343
JOR,2014,0.883804880051921,0.8832274548817922,4.649505056890037,0.9970007363268627,0.9902932408587686,0.010653515820170495,0.010436586560061873,0.17767816840579814,-0.6332936039393326,-0.6329870362630765,-1.5367607745557057
JOR,2015,0.8795499158874884,0.8793802133155013,4.907638168262062,1.0022638207841497,0.9474017638379731,0.012914778022767921,0.012481574103974099,0.12364614167849218,-0.6310323417367354,-0.6309420487191643,-1.5907928012830115
JOR,2016,0.873330399807522,0.8449190812266782,5.0313035735433855,1.0033200315761734,0.9754208022883758,0.016229310462284614,0.030988204706180605,0.09875983267576692,-0.6277178092972188,-0.6124354181169577,-1.6156791102857369
JOR,2017,0.8756547659336292,0.8514400522409039,5.049186260485663,0.9987607708154381,0.9964583031760534,0.014989312798289803,0.027459879917505658,0.09521184919561448,-0.6289578069612134,-0.6159637429056326,-1.6192270937658892
JOR,2018,0.8702557065594931,0.8466101881751912,5.03866719825345,1.0028868027806037,1.0020876675950852,0.017871956765606583,0.030071995220410958,0.09729734064089773,-0.6260751629938967,-0.6133516276027274,-1.617141602320606
JOR,2019,0.8661691822354998,0.8454278570141058,5.1144121025020475,1.0021897930599724,0.9851899098605016,0.020059355723178296,0.030712471394833137,0.08237648613578809,-0.623887764036325,-0.6127111514283051,-1.6320624568257156
JOR,2020,0.8454653205705555,,5.273873277000417,1.0112187757928408,0.9697639351340149,0.031215667794364188,,0.051673883191586,-0.6127314519651391,,-1.6627650597699177
JOR,2021,0.8379841802847345,,5.148723858816452,1.0040702963420838,1.0243068810089058,0.035277702889852325,,0.0756900533965374,-0.6086694168696508,,-1.6387488895649662
JOR,2022,0.8315006945340886,,5.177370359014644,1.0035399854174205,0.9944669787533524,0.03881143730685151,,0.07014166828924548,-0.6051356824526517,,-1.6442972746722582
JOR,2023,0.8344491557792462,,5.179471499937832,0.9983927266471961,0.999594332950145,0.03720287090452385,,0.06973591893425311,-0.6067442488549794,,-1.6447030240272507
JPN,1995,0.8782250582774132,0.6341732998059895,3.7817088582469958,,,0.0,0.0,0.0,-0.630327212944257,-0.4911370494467885,-1.330175986375939
JPN,1996,0.8776583362573438,0.6271156954952967,3.766610255690742,1.000301823824455,1.004008538588096,0.00030177828480754874,0.004328114029829069,0.004000525803190449,-0.6300254346594492,-0.48680893541695924,-1.3261754605727485
JPN,1997,0.8800359149509664,0.6089283069835082,3.8268841218913163,0.9987353546415179,0.9842498846892741,-0.0009636674124502257,0.015568739928630617,-0.01187494051103838,-0.6312908803567071,-0.4755683095181579,-1.3420509268869774
JPN,1998,0.8778114754932624,0.6271999528510124,3.940176030270548,1.001184591470834,0.9712469931523713,0.0002202229835110175,0.004276332110163517,-0.04104941366952474,-0.6301069899607457,-0.48686071733662484,-1.3712254000454638
JPN,1999,0.8815738258741217,0.6452461075807358,3.983126563062703,0.9980004237255421,0.9892168797269826,-0.0017813551125606768,-0.00675293305173771,-0.05189109313160823,-0.6321085680568176,-0.49788998249852623,-1.3820670795075471
JPN,2000,0.8805592497752219,0.6351493003293689,3.9011467600303336,1.0005395076486003,1.0210142832544276,-0.0012419929458884645,-0.0005970659196088238,-0.031094564571488358,-0.6315692058901453,-0.4917341153663972,-1.3612705509474274
JPN,2001,0.8788097930441229,0.6418020346963103,3.9028277345659053,1.0009311515926604,0.9995692931766668,-0.00031127460594386773,-0.004657390792737849,-0.031525364175647275,-0.6306384875502007,-0.4957944402395263,-1.3617013505515863
JPN,2002,0.8814016515123568,0.6486338391279441,3.891308596734633,0.9986223789767855,1.0029602221321996,-0.00168984542140288,-0.008809919217918667,-0.028569514873410477,-0.6320170583656598,-0.4999469686647071,-1.3587455012493495
JPN,2003,0.8804373263388586,0.6434182586004603,3.8529086804571877,1.0005128196297697,1.0099664745422643,-0.0011771572386824808,-0.005641327265942187,-0.018652378093670176,-0.6315043701829393,-0.49677837671273073,-1.3488283644696093
JPN,2004,0.8775722894505695,0.631252729253925,3.803447443745427,1.0015259262742569,1.0130043171210628,0.00034760599307145565,0.001788784253467208,-0.005731891117485517,-0.6299796069511853,-0.4893482651933212,-1.3359078774934245
JPN,2005,0.8761711800021645,0.6190043479828373,3.7735400671205213,1.0007467919043525,1.0079255489786614,0.0010941191871001335,0.009325689157097222,0.002162415663680066,-0.6292330937571566,-0.48181136028969135,-1.328013570712259
JPN,2006,0.8724472134949188,0.6193886025389643,3.7604121914752775,1.00198882322578,1.0034910735783178,0.003080967322272385,0.009088377278148966,0.005647409590198909,-0.6272462456219845,-0.48204867216863945,-1.32452857678574
JPN,2007,0.8739968723691631,0.608108579856816,3.738933337351988,0.9991730728598893,1.0057446475198464,0.0022536980893106593,0.016078356183132428,0.011375619544450849,-0.6280735148549461,-0.47505869326365596,-1.3188003668314883
JPN,2008,0.8687562537659359,0.6082051058115137,3.7974281618247443,1.0028043350183666,0.9845961998542064,0.0050541082961751225,0.016018333458883358,-0.0041480517044117995,-0.6252731046480818,-0.475118715987905,-1.3343240380803507
JPN,2009,0.8688984448118322,0.6207135759942788,4.00248367288702,0.9999239171896731,0.9487679331582713,0.004978022591404417,0.008270518176082113,-0.05673910027574653,-0.6253491903528523,-0.4828665312707063,-1.3869150866516855
JPN,2010,0.8692746939658499,0.644335970608155,3.8466174881517983,0.9997987191742165,1.040520323430992,0.004776721505916838,-0.006199587991988005,-0.01701820124494181,-0.6255504914383399,-0.4973366374387764,-1.3471941876208808
JPN,2011,0.8740890769552951,0.6567397205701182,3.851298209984416,0.9974310810256326,0.9987846379123583,0.0022044971972301555,-0.013714597945011056,-0.018234302484037335,-0.6281227157470266,-0.5048516473917996,-1.3484102888599765
JPN,2012,0.8762428355227267,0.6530071838477476,3.806209033439863,0.9988520896513743,1.0118462165762356,0.001055927494885937,-0.011459115328056038,-0.006457703070745251,-0.6292712854493709,-0.5025961647748444,-1.3366336894466844
JPN,2013,0.8747534771449226,0.6364422904438403,3.766040596447157,1.0007944289187676,1.0106659596369196,0.0018500410220265249,-0.0013875008782010415,0.004151776473333851,-0.6284771719222304,-0.49252455032498943,-1.3260242099026052
JPN,2014,0.8696222034429641,0.6210466620200606,3.7909278377811524,1.0027445511143958,0.9934350527367037,0.004590832733024735,0.008065021160572956,-0.00243481483626836,-0.6257363802112321,-0.48307202828621537,-1.3326108012122075
JPN,2015,0.8636302042145345,0.5993761231135982,3.763679272594052,1.003215229724695,1.0072398743924638,0.007800904659342364,0.02152341929481512,0.004778977477244338,-0.6225263082849146,-0.4696136301519733,-1.3253970088986948
JPN,2016,0.8605476389977854,0.5927369212978384,3.777333566966341,1.0016568053148103,0.9963852029135845,0.009456338986324662,0.02568317886278395,0.0011576312244723553,-0.6208708739579323,-0.46545387058400434,-1.3290183551514665
JPN,2017,0.8566385717450222,0.5769740212443482,3.756901344675959,1.002105454078275,1.005438583666653,0.011559579702372253,0.03562921513084268,0.006581479198363723,-0.6187676332418847,-0.45550783431594566,-1.3235945071775752
JPN,2018,0.8505264529748121,0.5679398099432161,3.791116285350243,1.0033029080780684,0.9909749693496614,0.014857045160577197,0.041374514771159554,-0.002484523744860637,-0.6154701677836795,-0.44976253467562893,-1.3326605101207998
JPN,2019,0.8464808472656946,0.5676484695869808,3.847803563492393,1.002190981680156,0.9852676267884375,0.01704563014048423,0.041560342967402984,-0.01732649613601371,-0.6132815828037728,-0.44957670647938536,-1.3475024825119528
JPN,2020,0.8438759664302636,,4.011937844734407,1.0014127202061611,0.959088528388485,0.018457353396285767,,-0.05909839126436254,-0.6118698595479712,,-1.3892743776403016
JPN,2021,0.8431704223639183,,3.943751186104629,1.0003827882966136,1.0172897973051716,0.018840068448150307,,-0.04195636168693384,-0.6114871444961066,,-1.3721323480628729
JPN,2022,0.837678615443967,,3.9470074938224275,1.0029884479657092,0.999174993277085,0.021824059879776727,,-0.04278170891518755,-0.6085031530644799,,-1.3729576952911264
JPN,2023,0.82848729555787,,3.9100132035909128,1.005026734343972,1.0094614233521104,0.026838202374292068,,-0.03336476449310498,-0.6034890105699647,,-1.363540750869044
KAZ,1995,0.9675208205119117,0.9666804365099972,6.92424206551816,,,0.0,0.0,0.0,-0.6767742834704118,-0.6763470638343058,-1.9350285970607726
KAZ,1996,0.964513731632164,0.9634490902235572,6.838289998967823,1.0015307039250114,1.0125692339113013,0.001529533591895179,0.0016443972101178206,0.012490896832463738,-0.6752447498785169,-0.6747026666241878,-1.9225377002283088
KAZ,1997,0.961955524272576,0.9607988877736434,6.662411226300682,1.0013039069071337,1.0263986665927851,0.0028325911506514798,0.0029950778336046632,0.03854713204021692,-0.6739416923197605,-0.6733519860007009,-1.8964814650205557
KAZ,1998,0.9621165625307748,0.9608726175211963,6.596709081193973,0.9999179262530709,1.0099598366849334,0.002750514035488019,0.0029574766487723563,0.048457696444228426,-0.674023769434924,-0.6733895871855334,-1.886570900616544
KAZ,1999,0.953153689209336,0.9512992739321319,6.395673144047168,1.0045889237344487,1.0314331162051207,0.007328940760483231,0.007851618809992664,0.07940690657699555,-0.6694453427099288,-0.6684954450243132,-1.855621690483777
KAZ,2000,0.9571094644946933,0.9557906270453467,5.877346060594311,0.9979787664629278,1.0881906694125214,0.005305661774220269,0.0055525393388778455,0.1639232872784786,-0.6714686216961914,-0.6707945244954278,-1.771105309782294
KAZ,2001,0.949867064087669,0.9480861803660516,5.388151627797012,1.003714304703338,1.0907907695606756,0.00901308548132454,0.009499619158223413,0.2508261971497158,-0.6677611979890873,-0.6668474446760823,-1.6842023999110567
KAZ,2002,0.9494840347446907,0.9473953910155278,4.950906843285941,1.0001964772915048,1.0883161001310357,0.00920954347369416,0.009854281012018162,0.33545783659553946,-0.6675647399967177,-0.6664927828222875,-1.5995707604652332
KAZ,2003,0.9412008437384691,0.9384270795562326,4.6495890316280395,1.0042670448207047,1.0648052568965212,0.013467510273700054,0.014470203355870981,0.39824976166232134,-0.6633067731967119,-0.6618768604784346,-1.5367788353984513
KAZ,2004,0.9190726322567977,0.9113108828580758,4.354601670123386,1.01153067951141,1.0677415258273888,0.02493221814766162,0.028557731086115222,0.4637954558939269,-0.6518420653227504,-0.6477893327481905,-1.4712331411668458
KAZ,2005,0.8923177551245235,0.8832290725848895,4.062167743500727,1.014138681022159,1.0719896235428825,0.038971880259038666,0.043359168565909136,0.5333118389647971,-0.6378024032113732,-0.6329878952683965,-1.4017167580959755
KAZ,2006,0.8684033327353402,0.8591131375651774,3.760785345587649,1.0127993897089516,1.0801381547252293,0.05169005008858238,0.05624749757881981,0.6104007929616057,-0.6250842333818295,-0.6200995662554859,-1.3246278040991668
KAZ,2007,0.8470855334195909,0.8395262833941053,3.568848995529013,1.0115413168096676,1.0537810230410674,0.06316527394840787,0.06683898003767277,0.6627854634705352,-0.613609009522004,-0.6095080837966328,-1.2722431335902373
KAZ,2008,0.8437609203779016,0.8383440197458404,3.5598053926319912,1.0018031692747928,1.0025404767675616,0.06496681946513137,0.06748188671547357,0.6653227186820322,-0.6118074640052805,-0.608865177118832,-1.2697058783787403
KAZ,2009,0.8458742263800442,0.8440601350216705,3.5771218695144187,0.9988551191777095,0.9951591034596823,0.06382128276614403,0.06437732804851808,0.6604700670499251,-0.6129530007042677,-0.6119697357857875,-1.2745585300108475
KAZ,2010,0.8362392889975894,0.8330281651988171,3.4215186596717007,1.0052471033814523,1.0454778200325958,0.06905466806651749,0.07037772946531866,0.7049440920128243,-0.6077196154038943,-0.6059693343689871,-1.2300845050479483
KAZ,2011,0.8023465156139986,0.799619743992112,3.247043716749473,1.0188048042315796,1.0537334751676488,0.08768484775726412,0.08877167458703174,0.7572836402951052,-0.5890894357131478,-0.587575389247274,-1.1777449567656673
KAZ,2012,0.7965288948783278,0.7963158036673155,3.2129193422940325,1.003238256146203,1.0106209869654168,0.09091787204372477,0.09060927218060716,0.7678486207920937,-0.5858564114266871,-0.5857377916536985,-1.1671799762686788
KAZ,2013,0.7852704254553132,0.7847323308823259,3.121237250002344,1.0063063103844019,1.029373637743052,0.0972043808590847,0.09707861453480422,0.7967991193584012,-0.5795699026113271,-0.5792684492995015,-1.1382294777023714
KAZ,2014,0.787535759741332,0.7681748261183511,3.080264505849682,0.9987327054725066,1.0133016966805453,0.09593628263479612,0.10639922095640644,0.8100131252400147,-0.5808380008356155,-0.5699478428778991,-1.125015471820758
KAZ,2015,0.7941063186733887,0.7800265824153014,3.105420074846581,0.9963376981265442,0.9918994633928417,0.09226725811524213,0.09971876570064155,0.8018796010205088,-0.5845070253551696,-0.5766282981336641,-1.1331489960402639
KAZ,2016,0.7978024642208343,0.7832652363464082,3.1312603429265393,0.9979440758253452,0.9917476462350595,0.0902092176273308,0.09790097754988758,0.7935930080849579,-0.586565065843081,-0.5784460862844181,-1.1414355889758148
KAZ,2017,0.784635970902023,0.7635939928489932,3.0017062477720273,1.0073776913238817,1.0431601510809634,0.09755982690697963,0.10899329552524217,0.83584772081188,-0.5792144565634321,-0.5673537683090636,-1.0991808762488926
KAZ,2018,0.7830120886570738,0.766926689961686,2.968536101312981,1.000910752235097,1.0111739070460941,0.09847016465890168,0.10710535977751326,0.8469596609397388,-0.5783041188115102,-0.5692417040567925,-1.0880689361210338
KAZ,2019,0.7551734050740095,0.7496782049254607,2.919469223530366,1.0158609306081015,1.0168067802829177,0.11420662512362756,0.11691517570715297,0.8636267700668266,-0.5625676583467841,-0.5594318881271527,-1.071401826993946
KAZ,2020,0.7677059269671819,,3.0533742293999087,0.9929102902796316,0.9561452361193671,0.1070916639903938,,0.818781313224274,-0.5696826194800181,,-1.1162472838364987
KAZ,2021,0.7562547678289938,,2.995068720498206,1.0065202152603083,1.0194671689843575,0.11359071459610325,,0.8380614206820679,-0.5631835688743086,,-1.0969671763787046
KAZ,2022,0.7504684082308541,,2.9827309398760664,1.0033056064142212,1.0041364041446703,0.116890869503828,,0.842189293425239,-0.5598834139665838,,-1.0928393036355337
KAZ,2023,0.7445485686381775,,2.958644995867135,1.003393336075073,1.008140869905844,0.12027846120543356,,0.8502972052007485,-0.5564958222649785,,-1.084731391860024
KEN,1995,0.37927033737800414,0.3749555562258095,6.183184841356567,,,0.0,0.0,0.0,-0.3215546183058505,-0.31842140785127765,-1.8218334852220242
KEN,1996,0.430423175946247,0.4174387282503124,6.283351311581349,0.9642393667633324,0.9840584323145903,-0.03641570942327546,-0.030430122614017518,-0.016070001259423775,-0.3579703277291259,-0.34885153046529516,-1.8379034864814479
KEN,1997,0.4027851084691181,0.3902594457301164,6.592893712167851,1.0197022817752115,0.9530490837406933,-0.016905005345070265,-0.01106897347847951,-0.06415887346383174,-0.3384596236509208,-0.3294903813297572,-1.8859923586858558
KEN,1998,0.4532335655674275,0.4150038606439918,6.69684369649317,0.9652853758035711,0.9844777645953193,-0.052236500485284235,-0.028710851610513472,-0.07980284010145908,-0.37379111879113464,-0.34713225946179116,-1.9016363253234831
KEN,1999,0.45487940261565846,0.4250318728878719,6.8762020884034945,0.9988687467529805,0.9739160673865581,-0.05336839408223566,-0.03577277255805744,-0.10623299226859392,-0.37492301238808623,-0.3541941804093351,-1.9280664774906178
KEN,2000,0.4738525114167779,0.4727624825553868,7.139089748476294,0.987126860622654,0.9631763054766321,-0.06632511035778334,-0.06871846921087928,-0.14375179679460973,-0.3878797286636338,-0.387139877062157,-1.9655852820166337
KEN,2001,0.42475462910980477,0.4246827714951974,7.104402466602787,1.0344605880225495,1.0048825051841543,-0.032444990489963695,-0.03552776459200793,-0.13888117238263142,-0.35399960879581427,-0.3539491724432856,-1.9607146576046555
KEN,2002,0.38555860139737747,0.38519538476192666,7.3291921036877,1.028288971446532,0.9693295476629941,-0.004548762329447655,-0.007419793868572976,-0.17003180682417066,-0.32610338063529803,-0.32584120171985065,-1.9918652920461946
KEN,2003,0.3257305312322318,0.3257159263877687,7.364845967139079,1.0451283792261592,0.9951589125406748,0.03959096647589231,0.03646877253226695,-0.1748846503040187,-0.2819636518299581,-0.2819526353190108,-1.9967181355260426
KEN,2004,0.34193436282949663,0.34185808072947305,7.339052778404778,0.9879250192512408,1.0035145119558477,0.027442490915608967,0.024366126958407577,-0.17137629981317334,-0.29411212739024156,-0.2940552808928701,-1.9932097850351973
KEN,2005,0.35315623532211377,0.35253027780260204,7.203946372704707,0.9917068907494292,1.0187544990912176,0.019114802522737364,0.016444289817991297,-0.15279549796413186,-0.30243981578311296,-0.30197711803328653,-1.9746289831861559
KEN,2006,0.36180359077401697,0.3604978670191985,7.047294645564143,0.9936500714857215,1.0222286331165629,0.01274462745744792,0.010570696403185132,-0.13081031973795018,-0.30880999084840266,-0.3078507114480926,-1.9526438049599741
KEN,2007,0.3401471374539823,0.3393368120488996,6.894605712156329,1.0161597579211918,1.0221461443601625,0.02877520630092011,0.026246832781412037,-0.1089058397842711,-0.2927794120049304,-0.2921745750698658,-1.9307393250062952
KEN,2008,0.36963149964067643,0.368270100757877,7.186280158266072,0.9784727773898094,0.9594123190738337,0.007012893011455162,0.004874166065568475,-0.15034018938705881,-0.3145417252943954,-0.3135472417857091,-1.972173674609083
KEN,2009,0.3920130805339495,0.3908803529187564,6.884710745166582,0.9839214291832027,1.0438027717157479,-0.00919634049753508,-0.011515486235053322,-0.10746963375456785,-0.33075095880338556,-0.32993689408633115,-1.9293031189765917
KEN,2010,0.3517642286083961,0.3502591459458705,6.4408112568351505,1.0297750532775884,1.068919810041065,0.02014404301624794,0.018124873862991227,-0.040821018518740884,-0.3014105752896025,-0.30029653398828654,-1.862654503740765
KEN,2011,0.3663302411281927,0.36502136008126185,6.255344986486198,0.9893393177715446,1.0296492472836631,0.00942612859543353,0.007251330925608973,-0.011602810890760087,-0.31212848971041696,-0.3111700769256688,-1.833436296112784
KEN,2012,0.3332682836887875,0.3253527598626206,6.120948542060281,1.024797677889653,1.0219568002414017,0.033921334277614706,0.0367427499884554,0.010116410174855156,-0.2876332840282358,-0.28167865786282237,-1.8117170750471687
KEN,2013,0.3495534103726096,0.3493676595921221,6.0553484584461215,0.9879329513314142,1.010833411828292,0.02178088771566185,0.01878532543676019,0.020891560996520814,-0.2997737305901886,-0.2996360824145173,-1.8009419242255031
KEN,2014,0.36336365846617213,0.34465724898166794,5.945402680491339,0.9898704589873701,1.018492570455412,0.011599693792909736,0.022282260743920326,0.03921522306005055,-0.30995492451294093,-0.2961391471073573,-1.7826182621619735
KEN,2015,0.39785314503022345,0.1647099812489197,5.741258943720314,0.9753268169215975,1.0355573122153487,-0.013382973514626998,0.16594929495907382,0.07415497076518598,-0.33493759182047755,-0.1524721128922039,-1.747678514456838
KEN,2016,0.4072148165155583,0.22525797177893186,5.675479625193998,0.9933473756988179,1.011590089802158,-0.02005782515579623,0.11526999681809065,0.08567840997310051,-0.34161244346164676,-0.20315141103318707,-1.7361550752489237
KEN,2017,0.3933708939353729,0.2231522098152782,5.610073845741522,1.0099355617663903,1.0116586307508455,-0.010171296569246221,0.11699010278619022,0.09726960254027088,-0.33172591487509673,-0.20143130506508738,-1.7245638826817533
KEN,2018,0.39093449585546713,0.21696576178922158,5.409727532264342,1.0017516267568067,1.0370344554845483,-0.008421202121492293,0.12206072752904641,0.13363475735386177,-0.32997582042734297,-0.1963606803222314,-1.6881987278681623
KEN,2019,0.3877144409957023,0.2022536245067826,5.192138681325527,1.002320401636416,1.0419073650173123,-0.006103488459636022,0.1342235919105614,0.1746877955980798,-0.32765810676548657,-0.18419781594071635,-1.6471456896239443
KEN,2020,0.43879175787311675,,5.3569965334304,0.9644998544105374,0.9692256937117513,-0.04224908604412157,,0.1434300154336583,-0.3638037043499721,,-1.6784034697883656
KEN,2021,0.4152466007975601,,5.270469623523562,1.0166367875833708,1.0164173054941148,-0.025749173787042,,0.15971401401598026,-0.3473037920928926,,-1.6621194712060439
KEN,2022,0.39129542403911927,,5.365312940789389,1.0172150187117752,0.9823228731832605,-0.008680654572273695,,0.14187878077723437,-0.3302352728781242,,-1.6799547044447896
KEN,2023,0.3744274872156386,,5.306275715057109,1.012272700437367,1.0111259250183242,0.0035173468286763335,,0.15294326797351676,-0.3180372714771743,,-1.6688902172485074
KGZ,1995,0.892054246665517,0.8911964307320541,11.296922581365,,,0.0,0.0,0.0,-0.6376631418177746,-0.6372096609245902,-2.424530350695285
KGZ,1996,0.9070914818506884,0.9061774316983188,10.642344798608576,0.992115094987169,1.0615069136683117,-0.007916155254882595,-0.00789023110709101,0.059689515251891666,-0.6455792970726569,-0.645099892031681,-2.364840835443393
KGZ,1997,0.8967700051623013,0.8957377522002095,9.842765158100852,1.0054416068686747,1.0812352654629425,-0.0024893004364902427,-0.0023984169915508844,0.13779366710548105,-0.6401524422542647,-0.639608077916141,-2.2867366835898038
KGZ,1998,0.9004603937016651,0.8995651988828851,9.707233387266585,0.9980581607743082,1.0139619359530443,-0.004433027476254728,-0.004415356366101736,0.1516590330620391,-0.6420961692940294,-0.6416250172906919,-2.2728713176332462
KGZ,1999,0.8708790003381413,0.869282628889184,9.626005671549121,1.0158114946814718,1.008438361506221,0.011254767735131985,0.011654924574296998,0.16006199062389884,-0.6264083740826425,-0.6255547363502932,-2.2644683600713864
KGZ,2000,0.8624770150515132,0.8611581678282475,9.213917830351749,1.004511188711983,1.0447244970906844,0.01575581153428594,0.01601069610315175,0.20381520213409338,-0.6219073302834887,-0.6211989648214384,-2.2207151485611916
KGZ,2001,0.8306496527034377,0.8292292891557251,8.875551711267759,1.01738582928802,1.0381233899695974,0.03299223648527175,0.033314936248106816,0.24122985261605892,-0.6046709053325027,-0.6038947246764835,-2.183300498079226
KGZ,2002,0.8617618137377122,0.8603535367239368,9.156745025028005,0.983288860688461,0.9692911276887514,0.016139890727630928,0.016443117753668,0.21003958177247756,-0.6215232510901435,-0.6207665431709223,-2.2144907689228073
KGZ,2003,0.8524676107303821,0.8509640203331889,8.860736220455934,1.005017201355367,1.0334067956891329,0.02114454786868146,0.02150306548368974,0.2429004946708958,-0.616518593949093,-0.6157065954409005,-2.181629856024389
KGZ,2004,0.8433591897693901,0.8423950057013525,8.507077780668721,1.0049412078837072,1.0415722588772913,0.02607358805034929,0.026143302160899322,0.28363185360607,-0.6115895537674254,-0.6110663587636911,-2.140898497089215
KGZ,2005,0.8382769050490104,0.8368021801072667,8.842327080850168,1.0027647003051718,0.9620858517089357,0.028834473601116708,0.029183546877095828,0.24498026424840674,-0.6088286682166578,-0.6080261140474944,-2.1795500864468784
KGZ,2006,0.8320537516333348,0.830597483137083,8.75456599238646,1.0033968181392752,1.0100246075636452,0.03222553558504839,0.03256725384113901,0.2549549587291804,-0.605437606232726,-0.6046424070834512,-2.1695753919661045
KGZ,2007,0.8371002220630407,0.8361121308881426,8.350227645542448,0.9972530238856329,1.0484224339751813,0.029474779608079718,0.029559297122712613,0.30224154926493274,-0.6081883622096947,-0.6076503638018776,-2.1222888014303525
KGZ,2008,0.8378140922144666,0.8369802843095494,7.912699748825196,0.9996115656341682,1.0552943888439863,0.029086269782078126,0.029086587297073148,0.3560613188263887,-0.6085768720356963,-0.608123073627517,-2.0684690318688963
KGZ,2009,0.8206285874526188,0.8206009073047447,7.919043129614451,1.0094393249014582,0.9991989713043065,0.03848132263700722,0.038043045480865435,0.3552599691357807,-0.5991818191807673,-0.5991666154437248,-2.0692703815595044
KGZ,2010,0.8191852460453514,0.8182686455420325,8.21371747037413,1.000793399908231,0.9641241201900925,0.039274407969909456,0.039324906261087825,0.3187247318598397,-0.5983887338478652,-0.5978847546635023,-2.1058056188354453
KGZ,2011,0.832163374348511,0.8320157958222594,7.997253361811886,0.9929165005234457,1.027067306582519,0.032165701404136327,0.03179277253610006,0.3454321977401235,-0.6054974404136383,-0.6054168883884902,-2.0790981529551615
KGZ,2012,0.8736714918035257,0.8717142071253412,8.221753768787545,0.977846640867092,0.9726943407344627,0.00976327123165728,0.0103549616579021,0.31774681051679804,-0.6278998705861172,-0.6268546992666882,-2.106783540178487
KGZ,2013,0.8475883949192291,0.8473805576196739,7.526342345154063,1.0141173742788296,1.092396996009786,0.023781923428359407,0.023440939989115346,0.4061211712309298,-0.6138812183894151,-0.613768720935475,-2.0184091794643555
KGZ,2014,0.8509493139837858,0.8491713422238286,7.510140890233235,0.9981842187470151,1.0021572770947473,0.021964491646292765,0.022472045304139772,0.40827612474458413,-0.6156986501714817,-0.6147376156204505,-2.016254225950701
KGZ,2015,0.8449845205578042,0.8434796778433995,7.433315791608039,1.003232977490878,1.010335239451542,0.025192254302049147,0.025554745974656564,0.4185583207734641,-0.6124708875157252,-0.6116549149499337,-2.005972029921821
KGZ,2016,0.8289410942420892,0.8285240759205179,7.253118274256157,1.0087719754158422,1.0248441443442975,0.03392597946563757,0.033700535370605585,0.4430988675041625,-0.6037371623521368,-0.6035091255539847,-1.9814314831911226
KGZ,2017,0.8164386980111153,0.8157346019525715,7.011964516424078,1.0068829166900395,1.0343917538754264,0.04078531701825673,0.040719535724852214,0.4769124440563916,-0.5968778247995179,-0.5964901251997381,-1.9476179066388934
KGZ,2018,0.8366596365064249,0.8362825114577477,6.945811384799591,0.9889903724710951,1.0095241762206872,0.029714635001839556,0.029466507220580238,0.4863915512483426,-0.607948506815935,-0.60774315370401,-1.9381387994469426
KGZ,2019,0.7989212283903971,0.7964941872633814,6.938977517296763,1.020978354983222,1.000984852233026,0.050475974139102306,0.051372568947933996,0.48737591883258713,-0.5871871676786723,-0.5858370919766562,-1.9371544318626979
KGZ,2020,0.8204830042027875,,7.730641509271818,0.9881560136718593,0.8975940106619138,0.03856128901334279,,0.3793385019828876,-0.5991018528044318,,-2.0451918487123972
KGZ,2021,0.8409080200765414,,7.7697438107545835,0.988904923194965,0.9949673628326535,0.027404202750583063,,0.3742931584481605,-0.6102589390671914,,-2.0502371922471245
KGZ,2022,0.8237510457889792,,7.578157640722261,1.009407519917358,1.0252813650910095,0.036767747535264725,,0.39926023589742055,-0.6008953942825098,,-2.0252701147978645
KGZ,2023,0.8149125837789956,,7.476902272948591,1.004869910589071,1.0135424222595515,0.04162583846800994,,0.41271177911887047,-0.5960373033497646,,-2.0118185715764145
KHM,1995,0.49852005698581925,0.4898045467705558,11.302602091956366,,,0.0,0.0,0.0,-0.4044779923935945,-0.39864493468890017,-2.4250329728338507
KHM,1996,0.4900508874890682,0.4873608561868179,11.259417458418257,1.0056838122562533,1.0038354234308828,0.005667720342189407,0.0016416226858657276,0.003828086947465854,-0.39881027205140535,-0.3970033120030344,-2.4212048858863846
KHM,1997,0.46216765948749877,0.45775685134589167,10.948980901571346,1.0190697884887854,1.0283530092560815,0.024557959469022717,0.021746083634084284,0.03178658925211694,-0.37992003292457166,-0.3768988510548162,-2.3932463835817335
KHM,1998,0.521105453425722,0.5178284251159357,10.867847413253882,0.9612533149457274,1.0074654607515485,-0.014959350121076964,-0.018635710963664218,0.0392243213707142,-0.4194373425146716,-0.4172806456525644,-2.3858086514631363
KHM,1999,0.47525512791880464,0.4707931712466948,10.215955427436468,1.0310795906682255,1.0638111619072514,0.015647049478519567,0.01284310713837093,0.10108221712835458,-0.388830942915075,-0.3858018275505294,-2.323950755705496
KHM,2000,0.4580281387048875,0.45349668298215373,9.851394788209136,1.0118152652590224,1.0370059922543826,0.02739305947011901,0.02467277576473207,0.13741992481072043,-0.37708493292347545,-0.3739721589241681,-2.28761304802313
KHM,2001,0.476692323255344,0.47290179265713367,10.430102146348407,0.9873608169714654,0.944515657659031,0.014673322490579215,0.011410471082700853,0.08033691035537613,-0.3898046699030153,-0.38723446360619945,-2.3446960624784743
KHM,2002,0.45153657039106776,0.44727151634470413,10.18931419053847,1.017330429957751,1.0236314192797713,0.031855293332761304,0.028964863767882328,0.10369343006838397,-0.3726226990608334,-0.36968007092101796,-2.321339542765467
KHM,2003,0.43323199016503705,0.42861087213035287,9.601569226416508,1.0127715403728343,1.0612134277493845,0.04454596539789173,0.04194238064008358,0.16310642663331448,-0.35993202699570287,-0.3567025540488168,-2.2619265462005362
KHM,2004,0.40304131750942646,0.39674318766082206,9.129981954178287,1.021518021086651,1.0516525963145416,0.06583574230602145,0.0645017026224832,0.21346925477018766,-0.338642250087573,-0.3341432320664171,-2.2115637180636627
KHM,2005,0.3499481185530825,0.34224054370846957,8.407255812919226,1.0393298069952874,1.0859645712395791,0.10441183138315521,0.10430466949768653,0.2959378525818093,-0.30006616101043937,-0.29434026519121353,-2.129095120252041
KHM,2006,0.40166510031899605,0.3953674603622524,7.980115464658767,0.9631031822407908,1.0535255849557716,0.06681710512683746,0.06548714165647937,0.34808009222132724,-0.33766088726675714,-0.3331577930324208,-2.0769528806125233
KHM,2007,0.43449867513447166,0.42916478928639046,7.625354840009849,0.9771114638273208,1.046523818509731,0.043662559527780274,0.04155472448466647,0.3935541150284253,-0.3608154328658142,-0.35709021020423365,-2.0314788578054253
KHM,2008,0.4599009177615248,0.4553779663778441,7.283761148205625,0.9826000228385344,1.0468979809817593,0.02610942352315279,0.023379297093590278,0.4393856028013543,-0.3783685688704417,-0.37526563759531,-1.9856473700324961
KHM,2009,0.5238211514818233,0.5191679274602482,7.905591880248841,0.9580526667068902,0.9213429251772047,-0.016743103313542243,-0.019517834137790593,0.35746263081356916,-0.42122109570713673,-0.41816276882669096,-2.0675703420202813
KHM,2010,0.5484970098528834,0.5458290118078807,7.76626906626475,0.9840646393153807,1.0179394781194593,-0.03280679703978396,-0.03691540897665586,0.37524309542551715,-0.4372847894333784,-0.435560343665556,-2.049789877408333
KHM,2011,0.5463492339329257,0.543728642262613,7.56857580711267,1.0013889332841686,1.0261202720551856,-0.03141882743123177,-0.035555751637959314,0.4010280595291995,-0.43589681982482636,-0.43420068632685943,-2.0240049133046507
KHM,2012,0.5448393514861761,0.5424894827522052,7.008639646483465,1.0009773718188215,1.0798922742318688,-0.03044193292926089,-0.0347527237722657,0.4778893496087538,-0.4349199253228553,-0.433397658461166,-1.9471436232250967
KHM,2013,0.534928089706774,0.5328681169602053,6.537091625790518,1.0064571505635134,1.0721342223248895,-0.024005540451642184,-0.02849563211987124,0.5475406118121935,-0.42848353284523677,-0.42714056680877155,-1.877492361021657
KHM,2014,0.567782963335368,0.566800127938506,6.216584246869068,0.9790437360291903,1.0515568302774743,-0.045184503714010886,-0.05039046977656224,0.5978123733763111,-0.44966249610760534,-0.4490354044654626,-1.8272205994575392
KHM,2015,0.6100277588334974,0.6094644142291116,5.937467574946413,0.9737614489772919,1.0470093804133618,-0.071773427965633,-0.07725652699370811,0.6437502645496593,-0.4762514203592275,-0.47590146168260844,-1.781282708284191
KHM,2016,0.6632537574259061,0.6628979780237672,5.849630757812033,0.9679988706745611,1.015015788307164,-0.1042977863303848,-0.10991691548834226,0.65865443190486,-0.5087757787239794,-0.5085618501772424,-1.7663785409289905
KHM,2017,0.6851035403906062,0.677062556223204,5.966082461297167,0.9870335665192208,0.9804810435925797,-0.11734901782589124,-0.11839884991513065,0.6389424649633374,-0.5218270102194857,-0.517043784604031,-1.7860905078705132
KHM,2018,0.7075088520350105,0.7074519932442729,5.99558406294304,0.9868783628162738,0.9950794449154313,-0.13055750426368798,-0.13635726214837324,0.6340097640885316,-0.5350354966572826,-0.5350021968372736,-1.7910232087453188
KHM,2019,0.7588769392995393,0.731633611212191,5.907968278935973,0.9707949509617279,1.0148301040002954,-0.16019751031159254,-0.15042031220285773,0.6487309773504288,-0.564675502705187,-0.549065246891758,-1.7763019954834216
KHM,2020,0.8070964612373916,,6.45241926912701,0.973316575527554,0.9156206428190307,-0.18724339977147061,,0.560577831866462,-0.591721392165065,,-1.8644551409673884
KHM,2021,0.8164620205121782,,6.628029596614842,0.9948440654585525,0.9735048969036709,-0.19241267200869258,,0.5337254078880069,-0.5968906644022872,,-1.8913075649458435
KHM,2022,0.8199844055267432,,6.655846386690686,0.9980646070351653,0.995820698306459,-0.19434994026650132,,0.5295373485039389,-0.5988279326600958,,-1.8954956243299117
KHM,2023,0.8205070150804425,,6.619777200027186,0.9997129318649312,1.005448701002105,-0.19463704961351452,,0.5349712590363128,-0.5991150420071092,,-1.8900617137975377
KOR,1995,0.8192349676845002,0.7777129874063607,3.6244299966861004,,,0.0,0.0,0.0,-0.5984160652918608,-0.5753276996555198,-1.287697033649283
KOR,1996,0.8310875667246337,0.7760852186532344,3.621944209370296,0.9935270168092862,1.0006863129778127,-0.006494023792529046,0.0009160727607914167,0.000686077572762521,-0.6049100890843898,-0.5744116268947285,-1.2870109560765204
KOR,1997,0.8413343536959268,0.7672548469833016,3.6403155561680802,0.9944351296380661,0.994953364203096,-0.012074435730256376,0.00590029092049924,-0.0043733354968636794,-0.6104905010221171,-0.5694274087350205,-1.2920703691461466
KOR,1998,0.8795617177363617,0.7600508541741096,3.8818263805147657,0.9796615542444258,0.9377842281769802,-0.03262255550760204,0.00998499660578725,-0.06860872586109831,-0.6310386207994627,-0.5653427030497324,-1.3563057595103811
KOR,1999,0.8465094858499665,0.6929804086979602,3.6470920381664675,1.0178998440786136,1.0643620560961518,-0.014881027210930589,0.04883716851597766,-0.006233114537314486,-0.6132970925027913,-0.526490531139542,-1.2939301481865975
KOR,2000,0.8322287589783678,0.6649477577080064,3.552224935755002,1.0077941833418014,1.0267063894114863,-0.0071170616026370705,0.06553395346732149,0.02012288401679597,-0.6055331268944978,-0.5097937461881985,-1.267574149632487
KOR,2001,0.8373382769802545,0.6641870858501663,3.5625103540513714,0.9972190651738425,0.9971128734307613,-0.00990187041191152,0.06599093217609883,0.0172315816583525,-0.6083179357037722,-0.509336767479421,-1.2704654519909302
KOR,2002,0.8255731993376281,0.6360310943425176,3.4850953593354577,1.0064445937565776,1.022213163983747,-0.0034779542580590374,0.08305445533375005,0.0392016270176186,-0.6018940195499198,-0.4922732443217697,-1.2484954066316645
KOR,2003,0.8392237276627399,0.6413535146447341,3.530054003847325,0.9925781034031902,0.9872640349232992,-0.010927530169800557,0.07980648439581901,0.026383864280780395,-0.6093435954616613,-0.4955212152597007,-1.2613131693685027
KOR,2004,0.8386428266727656,0.6196355542163865,3.521895632765124,1.0003159400953505,1.002316471563297,-0.010611639973012343,0.09312654225308811,0.028697656960067236,-0.6090277052648732,-0.48220115740243163,-1.2589993766892158
KOR,2005,0.8412869493111657,0.5926872069518244,3.519735603369949,0.9985639812200975,1.0006136908104992,-0.012048690816042642,0.10990504271467054,0.02931115953936764,-0.6104647561079034,-0.4654226569408495,-1.2583858741099154
KOR,2006,0.8372157301361465,0.6007119318770927,3.4953410113997117,1.0022159723043071,1.0069791736745217,-0.00983517015717792,0.10487921195079998,0.03626609150733046,-0.6082512354490387,-0.47044848770471975,-1.2514309421419525
KOR,2007,0.8311023428252595,0.5601736754994434,3.4505246736227058,1.003338637698128,1.01298826758713,-0.006502093336157758,0.13053055414248746,0.049170734857971625,-0.6049181586280185,-0.4447971455130324,-1.2385262987913115
KOR,2008,0.8398016004343611,0.5663397368894604,3.479494638045449,0.9952716327635285,0.9916740884995252,-0.011241674664517878,0.12658617996521673,0.040809969360650386,-0.6096577399563786,-0.448741519690303,-1.2468870642886327
KOR,2009,0.8609587255683371,0.5710602913837874,3.562848165685767,0.9886310615903022,0.9766048049863288,-0.022675733491641082,0.12357696340756448,0.017136762111037766,-0.6210917987835017,-0.4517507362479554,-1.2705602715382451
KOR,2010,0.8481907982939021,0.5450239000056052,3.4442557617669713,1.0069083382983084,1.0344319388923533,-0.015791148428181415,0.14028832016616744,0.05098918684261885,-0.6142072137200422,-0.4350393794893524,-1.2367078468066643
KOR,2011,0.8521891273970255,0.5467066381683028,3.4299636420213457,0.9978412954465712,1.0041668429281667,-0.01795218634291465,0.13919977877610765,0.055147372521391624,-0.6163682516347754,-0.4361279208794122,-1.2325496611278914
KOR,2012,0.8578344679122434,0.5412373405065068,3.44175740154707,0.9969613328782935,0.9965733321237505,-0.020995479587434536,0.14274213797612467,0.051714820172173145,-0.6194115448792952,-0.4325855616793954,-1.23598221347711
KOR,2013,0.8574817060620236,0.5280255649252065,3.4187582591390995,1.0001899140374135,1.0067273380170971,-0.020805583581408923,0.15135127807915846,0.05841963062811284,-0.6192216488732697,-0.42397642157636134,-1.2292774030211702
KOR,2014,0.8564649037743393,0.5011268926555009,3.420292203358319,1.0005477088662527,0.999551516616705,-0.020258024652911617,0.169111611832889,0.05797104664606629,-0.6186740899447724,-0.4062160878226309,-1.2297259870032167
KOR,2015,0.8593282518230252,0.5078416184547733,3.410397408967564,0.9984600093900158,1.0029013611037636,-0.021799202267242104,0.1646484631354199,0.06086820692514746,-0.620215267559103,-0.4106792365200999,-1.2268288267241356
KOR,2016,0.8618769565413941,0.5152591720593975,3.3887446525095832,0.998631110015399,1.0063896099229388,-0.023169030037652926,0.15974120465883626,0.06723748983245433,-0.6215850953295137,-0.4155864949966836,-1.2204595438168286
KOR,2017,0.8676250770021509,0.4935378755866196,3.373352183388226,0.996922229985269,1.0045629594197594,-0.026251546127235355,0.17417998101740828,0.0717900705127492,-0.6246676114190961,-0.4011477186381117,-1.2159069631365338
KOR,2018,0.8708028727762112,0.49197165764872386,3.3366735193316273,0.9983013732658298,1.0109925840343967,-0.027951617163581865,0.17522919426837302,0.08272267524663003,-0.6263676824554426,-0.4000985053871467,-1.204974358402653
KOR,2019,0.867946024605415,0.4908462627921513,3.3445481644685615,1.001529406167611,0.9976455279608192,-0.026423379346480355,0.175983779321829,0.0803654270797582,-0.6248394446383411,-0.3993439203336909,-1.2073316065695248
KOR,2020,0.8602826434925185,,3.412310935921261,1.0041194713823214,0.9801416773778252,-0.022312369755615565,,0.06030727806606652,-0.6207284350474762,,-1.2273897555832165
KOR,2021,0.8583592226820351,,3.352147829796248,1.0010350102321486,1.0179476291559224,-0.02127789477726036,,0.07809575003405514,-0.6196939600691211,,-1.209601283615228
KOR,2022,0.8516538779450359,,3.3849252915405343,1.003621273293495,0.9903166365809601,-0.01766316250743173,,0.06836519797452827,-0.6160792277992923,,-1.2193318356747547
KOR,2023,0.8438072828137662,,3.4203825346828256,1.0042556481929585,0.9896335445574426,-0.013416543976266342,,0.05794463658332497,-0.6118326092681271,,-1.2297523970659578
KWT,1995,0.11498621763010237,-0.0,1.1192552492937298,,,0.0,0.0,0.0,-0.10884204396582256,0.0,-0.1126635081379731
KWT,1996,0.09493680878742354,-0.0,1.1453324716729707,1.018311019121626,0.9772317444722838,0.018145391232512027,0.0,-0.023031454992858608,-0.0906966527333104,0.0,-0.13569496313083165
KWT,1997,0.12429585496595592,0.025162830950698697,1.1632138401745034,0.9738867255901951,0.9846276171380062,-0.008314889032262913,-0.02485145943763919,-0.03852321795020933,-0.11715693299808547,-0.02485145943763931,-0.15118672608818243
KWT,1998,0.09414614448899629,0.05093979283687713,1.1732862071498042,1.0275554692842612,0.9914152515269321,0.01886776160374516,-0.049684804656288446,-0.047145027636351096,-0.08997428236207726,-0.04968480465628848,-0.1598085357743242
KWT,1999,0.11854066436861116,0.10013924978858262,1.2039743836749408,0.97819076171595,0.9745109389857068,-0.0031828134846196778,-0.0954367625092896,-0.07296456250482745,-0.1120248574504423,-0.0954367625092895,-0.1856280706428006
KWT,2000,0.08124918218943643,0.07272842865952216,1.1328711003464789,1.0344892581594027,1.0627637895491513,0.03072502105874714,-0.07020533623662939,-0.012091698986065422,-0.0781170229070754,-0.07020533623662929,-0.12475520712403856
KWT,2001,0.10329265062062883,0.10298644844288175,1.1308048637452166,0.9800202888881816,1.001827226489298,0.010543016474048735,-0.09802145410602836,-0.01026613984431695,-0.09829902749177367,-0.09802145410602837,-0.12292964798229007
KWT,2002,0.11035068302511117,0.09487463177485046,1.1663070729065876,0.9936434204865324,0.9695601527367101,0.004166147883906611,-0.09063986518399182,-0.04117890095582,-0.10467589608191599,-0.09063986518399171,-0.15384240909379304
KWT,2003,0.029554953861041195,0.029148223288793774,1.0524755917929811,1.0784763638512636,1.1081559344475487,0.07971541872936516,-0.02873149243435791,0.061518412527986975,-0.029126625236457447,-0.028731492434357808,-0.051145095609986216
KWT,2004,0.0006385141246829082,-0.0,1.0171525673794868,1.028897987962869,1.0347273610137933,0.10820373360455071,0.0,0.09565638523401417,-0.0006383103612717955,0.0,-0.017007122903958886
KWT,2005,-0.0,-0.0,1.0,1.000638514124683,1.0171525673794868,0.1088420439658226,0.0,0.1126635081379731,0.0,0.0,-0.0
KWT,2006,0.0017641587550609906,0.0015301617789645562,1.0395009841144933,0.9982389480202072,0.9620000512571496,0.10707943951106483,-0.001528992274298459,0.07392273310340144,-0.0017626044547576294,-0.0015289922742985455,-0.03874077503457172
KWT,2007,0.01686369135076049,0.016721037070333317,1.1051622103957872,0.9851508784076636,0.9405867974278826,0.09211896601915305,-0.016582779606828864,0.012671387203574875,-0.016723077946669437,-0.016582779606829003,-0.09999212093439827
KWT,2008,0.0672601248907145,0.06384829392993112,1.1811211127624615,0.9527796154240145,0.9356891502946569,0.043747310457990456,-0.061892799860909016,-0.05380057484589475,-0.06509473350783218,-0.061892799860908954,-0.16646408298386786
KWT,2009,0.16469216932466538,0.16301605525626817,1.3273795284439167,0.916345239540465,0.8898141695367913,-0.04361477579698311,-0.15101667847672304,-0.17054321117650878,-0.15245681976280562,-0.15101667847672298,-0.28320671931448177
KWT,2010,0.23040242432519764,0.21726904144986903,1.4663533664872768,0.9465945013587157,0.905224865152198,-0.09849924615680854,-0.19660985896499264,-0.2701151075407892,-0.207341290122631,-0.19660985896499267,-0.38277861567876226
KWT,2011,0.18432952958668608,0.16762378832503277,1.4310067717828685,1.0389020906660922,1.0247005083423684,-0.06033477268014312,-0.15497073348421178,-0.24571472462840624,-0.16917681664596562,-0.15497073348421184,-0.3583782327663794
KWT,2012,0.2122543429024575,0.16685736185423522,1.4568735713412726,0.9769645590636434,0.9822449936169892,-0.08363967554497011,-0.1543141194881852,-0.26362924203709936,-0.19248171951079276,-0.15431411948818516,-0.3762927501750726
KWT,2013,0.17527711079499456,0.17369768565471289,1.456958689391142,1.031462564673322,0.999941578268149,-0.05266191479912408,-0.16015918028482642,-0.26368766547556616,-0.16150395876494647,-0.1601591802848265,-0.37635117361353926
KWT,2014,0.19579445742379717,0.19255489152687785,1.5544086204434147,0.982842079170525,0.9373073915245826,-0.06996873845197382,-0.17609797335148772,-0.32843165676112773,-0.17881078241779635,-0.1760979733514878,-0.44109516489910083
KWT,2015,0.2956233176549537,0.286900738167828,1.683797466677462,0.9229491636412933,0.9231565263669372,-0.15014986175977774,-0.2522367991188624,-0.40838813125533624,-0.2589919057256003,-0.25223679911886243,-0.5210516393933093
KWT,2016,0.3551927740500878,0.33059524708608834,1.7511632098989913,0.9560435551784219,0.9615308596933035,-0.19510166891826541,-0.28562639631122017,-0.4476167503588338,-0.30394371288408806,-0.2856263963112202,-0.560280258496807
KWT,2017,0.43599134970492587,0.4134363440814368,1.9442540565392659,0.943733243468743,0.9006864118447707,-0.2530134027597027,-0.34602386288305764,-0.5522148768816026,-0.36185544672552516,-0.3460238628830576,-0.6648783850195757
KWT,2018,0.46146547618653666,0.436186461495155,1.9938203628097901,0.9825694640778779,0.9751400340797638,-0.2705976391461165,-0.36199131003438334,-0.5773890704817383,-0.3794396831119391,-0.3619913100343833,-0.6900525786197114
KWT,2019,0.47870358257207707,0.4512046581853567,2.0299786366509576,0.9883424192727278,0.9821878549910156,-0.282323702213478,-0.37239401025875196,-0.5953617610430848,-0.3911657461793005,-0.3723940102587521,-0.7080252691810579
KWT,2020,0.4794206752853476,,2.0204077024054756,0.9995152881629613,1.0047371301515466,-0.2828085315612733,,-0.5906358157836237,-0.39165057552709576,,-0.703299323921597
KWT,2021,0.46464557669439954,,1.995664058574154,1.0100878320503275,1.0123987019383411,-0.2727712420630509,,-0.5783133482584533,-0.3816132860288735,,-0.6909768563964265
KWT,2022,0.493419538776847,,2.1343891064181593,0.9807328340527712,0.9350047995340419,-0.2922264389863263,,-0.6455169647735894,-0.40106848295214886,,-0.7581804729115624
KWT,2023,0.593496315868328,,2.399383942007303,0.9371967314295627,0.8895571355006021,-0.3570884989320667,,-0.7625485054349064,-0.4659305428978892,,-0.8752120135728795
LAO,1995,0.3231849831585714,0.2754035524941847,8.977887943204337,,,0.0,0.0,0.0,-0.28004169634031173,-0.24326264029125402,-2.1947646590170167
LAO,1996,0.34169120406018677,0.2970243139816884,8.636060222977152,0.986206795687702,1.0395814423940348,-0.013889214435380139,-0.016810011190926646,0.038818172908322,-0.2939309107756919,-0.2600726514821807,-2.1559464861086948
LAO,1997,0.3359315971200267,0.29214017206264176,8.363522280322922,1.0043113037767624,1.0325865028536405,-0.009587177702930813,-0.013037251492837342,0.07088499525555009,-0.28962887404324245,-0.2562998917840915,-2.1238796637614663
LAO,1998,0.34143643306617905,0.29786272371411315,8.452875959136735,0.9958963124823071,0.9894291979149143,-0.013699308453086789,-0.017456212547224677,0.060257925360226165,-0.2937410047933986,-0.2607188528384788,-2.1345067336567904
LAO,1999,0.3300582150828722,0.28635082271208184,8.206485035926864,1.0085546766707485,1.0300239288966233,-0.005181015674441467,-0.008546749807458258,0.08983995927038255,-0.2852227120147532,-0.25180939009871234,-2.104924699746634
LAO,2000,0.3458216894216186,0.304915106025742,8.008363097854932,0.9882871003917904,1.0247393800269868,-0.016963051679980405,-0.022875345513536514,0.11427827614203287,-0.2970047480202921,-0.26613798580479053,-2.0804863828749838
LAO,2001,0.3574394088036042,0.31985166937876547,7.8579543121041135,0.9914414453369783,1.0191409595649004,-0.025558441090679004,-0.03425671831010147,0.13323835208648863,-0.30560013743099074,-0.27751935860135546,-2.061526306930528
LAO,2002,0.3674067023412339,0.36018223500827834,7.611880040614267,0.9927108054095654,1.0323276602070557,-0.0328743316672698,-0.06435604680961671,0.16505446895397247,-0.31291602800758145,-0.30761868710087076,-2.029710190063044
LAO,2003,0.3666831084397522,0.35758955684872945,7.4912308720141665,1.0005294525826895,1.0161053865060843,-0.03234501919514644,-0.06244810225458287,0.18103153960706944,-0.3123867155354581,-0.3057107425458369,-2.013733119409947
LAO,2004,0.36721439203730916,0.35938690419827474,7.312719076444759,0.9996114116405947,1.0244111381420924,-0.03273368307457297,-0.063771152076689,0.2051494877358758,-0.3127753794148846,-0.3070337923679431,-1.9896151712811407
LAO,2005,0.3732270765620334,0.2886683952833638,7.425823430106193,0.9956214928853739,0.9847687795534056,-0.037121803924277094,-0.010346793225278495,0.18980108079956617,-0.31716350026458884,-0.25360943351653265,-2.0049635782174504
LAO,2006,0.49982843570529684,0.37741467826907216,7.794657864086785,0.9155894393456215,0.952681125918308,-0.1253090290299279,-0.07694568028476245,0.1413260491848777,-0.40535072537023964,-0.3202083205760165,-2.053438609832139
LAO,2007,0.4448376708177506,0.32046418381688463,6.63932067870777,1.0380601682792658,1.1740143670246521,-0.08795528037920944,-0.034720688897836874,0.30175500818596424,-0.3679969767195211,-0.27798332918909086,-1.8930096508310523
LAO,2008,0.48359292193151177,0.3813833586338102,6.62495633512908,0.9738774359591139,1.0021682170948842,-0.11442509940772655,-0.07982279056924187,0.3039208780903632,-0.3944667957480381,-0.3230854308604959,-1.8908437809266532
LAO,2009,0.5348095052654237,0.4586946104602585,6.425829185916349,0.966630006422162,1.0309885531425522,-0.1483645761934226,-0.13427929305652364,0.33443898038901376,-0.42840627253373426,-0.3775419333477778,-1.8603256786280027
LAO,2010,0.5427003751971542,0.47544017232730834,6.156598812004827,0.9948850275409299,1.043730374859987,-0.15349267490352747,-0.1456937268983848,0.3772401748658185,-0.4335343712438391,-0.3889563671896389,-1.817524484151198
LAO,2011,0.5384694677111302,0.47428201626230587,5.948149457780729,1.0027500756919918,1.035044404264494,-0.1507463737510954,-0.14490846235449215,0.4116845033338663,-0.430788070091407,-0.38817110264574634,-1.7830801556831504
LAO,2012,0.5480748915702378,0.48970257509304216,5.78265548830895,0.9937952460107633,1.0286190262944706,-0.15697045722430727,-0.1553138457090659,0.4399016547939503,-0.4370121535646189,-0.39857648600032,-1.7548630042230662
LAO,2013,0.5916000852805204,0.5480191942494103,5.59681357963669,0.9726531846078587,1.0332049488566892,-0.18469815681195237,-0.1937135341853336,0.47256722685622155,-0.4647398531522639,-0.43697617447658754,-1.7221974321607951
LAO,2014,0.5916114306020936,0.5501513740722694,5.4523345861345485,0.9999928718019017,1.0264985560258086,-0.18470528503545644,-0.19508994656319312,0.4987207776353554,-0.46474698137576814,-0.4383525868544471,-1.6960438813816612
LAO,2015,0.734636902994328,0.707577859800527,5.286595958321211,0.9175473137085093,1.031350727220313,-0.27075641734378614,-0.2918132698438395,0.5295901064125321,-0.5507981136840978,-0.5350759101350937,-1.6651745526044845
LAO,2016,0.8082709748748802,0.79653130932345,5.183550917488276,0.959279293367164,1.0198792377027264,-0.31232942988335877,-0.3425951150845932,0.5492743322904488,-0.5923711262236704,-0.5858577553758474,-1.6454903267265677
LAO,2017,0.8307504276009178,0.822000532165605,5.111513085622143,0.9877211812232127,1.0140932500141229,-0.3246842561846831,-0.35667245062418934,0.5632691957697278,-0.6047259525249947,-0.5999350909154435,-1.6314954632472887
LAO,2018,0.8433812928185164,0.83224684781286,5.125092980196422,0.9931479909952399,0.9973503125452059,-0.3315598479912618,-0.3622803591396899,0.5606159916797666,-0.6116015443315733,-0.605542999430944,-1.6341486673372498
LAO,2019,0.8529198764602284,0.8432308783914237,5.260934981197391,0.9948521337792899,0.9741791142664815,-0.3367210101253026,-0.36825730368737153,0.5344558949842529,-0.6167627064656142,-0.6115199439786255,-1.6603087640327636
LAO,2020,0.8649171992138353,,5.480982000205714,0.9935668335523613,0.9598526287807432,-0.34317495856550423,,0.49348037699314695,-0.6232166549058159,,-1.7012842820238694
LAO,2021,0.8881130331239941,,5.668750083650846,0.9877148065273507,0.9668766340596544,-0.3555362388303096,,0.45979600937921816,-0.6355779351706212,,-1.7349686496377985
LAO,2022,0.8917543700521229,,5.764965999206339,0.9980751534206692,0.9833102371169684,-0.357462940307462,,0.44296540310933785,-0.6375046366477736,,-1.7517992559076787
LAO,2023,0.8945733794765207,,5.7474935169787065,0.9985120611030772,1.0030400177357341,-0.3589519872847723,,0.44600080933484004,-0.638993683625084,,-1.7487638496821765
LBR,1995,0.94479610457322,0.9447182280054125,27.592111827130573,,,0.0,0.0,0.0,-0.6651571410216888,-0.6651170966556528,-3.317529928508705
LBR,1996,0.9398524925957247,0.9397687269633651,25.31584577324526,1.0025484473671913,1.089914675348945,0.0025452055817113133,0.0025483435923212027,0.08609941368067196,-0.6626119354399772,-0.6625687530633316,-3.2314305148280327
LBR,1997,0.8845969919306268,0.8844977776916488,13.217171313438502,1.0293195313914265,1.915375474289683,0.03144314036391626,0.0314557421875175,0.7360130872192072,-0.6337140006577724,-0.6336613544681353,-2.5815168412894978
LBR,1998,0.8601512054676255,0.8597984300211646,11.161988114684759,1.0131418276058133,1.1841233996701659,0.04449936333853276,0.04464898575946245,0.9050158409446104,-0.6206577776831559,-0.6204681108961904,-2.4125140875640945
LBR,1999,0.7863718642233718,0.7850669667433999,9.755144875185195,1.0413012221709668,1.144215514736049,0.08497046958882665,0.08566116574491513,1.0397351031666484,-0.580186671432862,-0.5794559309107377,-2.2777948253420566
LBR,2000,0.6803016054699719,0.6800264602382714,7.791035835126707,1.0631257260054408,1.252098576058795,0.14618383665411663,0.14630755322268935,1.26455610761637,-0.5189733043675718,-0.5188095434329636,-2.0529738208923347
LBR,2001,0.6827886582348777,0.6820660613566997,7.8305659503853615,0.9985220646973493,0.9949518188711878,0.14470480812781122,0.1450942603965505,1.259495141375345,-0.5204523328938775,-0.5200228362591023,-2.0580347871333595
LBR,2002,0.6784008477367298,0.6780371233714323,7.776873342924525,1.002614280434894,1.00690413808908,0.14731567727568967,0.1474923652728626,1.266375555038262,-0.5178414637459989,-0.51762473138279,-2.0511543734704425
LBR,2003,0.8353100245675377,0.8342140917709778,11.207882860902396,0.9145053561902812,0.6938753232381994,0.05794372306771598,0.05850099475378898,0.9009125709113419,-0.6072134179539725,-0.6066161019018639,-2.416617357597363
LBR,2004,0.8454575003111806,0.8447794428074722,11.043370521723594,0.9945013766277838,1.0148969319516346,0.052429926619757726,0.052757369502801216,0.9156996333738258,-0.612727214401931,-0.6123597271528514,-2.401830295134879
LBR,2005,0.8501544707686273,0.8498434964449942,10.88292166000621,0.9974613090249186,1.0147431789670067,0.04988800770442363,0.050016057660125866,0.9303351882029169,-0.615269133317265,-0.615101038995527,-2.387194740305788
LBR,2006,0.8117536139468883,0.8105462775214691,9.924696218721328,1.0211954078778311,1.0965495991179401,0.07086191728928852,0.07148848612828954,1.022503710089384,-0.5942952237324001,-0.5936286105273633,-2.295026218419321
LBR,2007,0.6626668293460809,0.6619422735716541,7.496223338153516,1.089667263440531,1.323959515481298,0.15673430402954272,0.15713013393531952,1.3031305897056573,-0.508422836992146,-0.5079869627203333,-2.0143993388030474
LBR,2008,0.5730728327530668,0.571849855416461,7.2957955105780785,1.0569547669552042,1.0274716893154203,0.21212621620366953,0.21286391903177207,1.3302317037366267,-0.45303092481801904,-0.4522531776238807,-1.9872982247720783
LBR,2009,0.5167193954914514,0.5157348411400902,7.067227790819421,1.0371548207460985,1.03234192055555,0.24860743107317193,0.24921673163314517,1.3620616342899683,-0.41654970994851687,-0.4159003650225076,-1.9554682942187365
LBR,2010,0.556528858762436,0.5545091070356392,6.862261674358218,0.9744242048280193,1.0298685952514877,0.22269888948939243,0.22395728765782186,1.3914928509670805,-0.44245825153229607,-0.44115980899783097,-1.926037077541624
LBR,2011,0.5650549389759049,0.5640862850612012,6.749389497366378,0.9945522166659224,1.0167233165363894,0.21723621286879435,0.2178152865778418,1.4080778725492575,-0.4479209281528943,-0.44730181007781106,-1.9094520559594472
LBR,2012,0.5539572803715855,0.5536449175913236,6.45625890828021,1.0071415467751246,1.0454025455376683,0.22435237956246765,0.22451336657780932,1.4524798948321378,-0.44080476145922093,-0.4406037300778436,-1.865050033676567
LBR,2013,0.5441399373397721,0.54412922483203,6.553265862629569,1.0063578065655934,0.985197158732328,0.23069006053394536,0.23065695371588832,1.437566398142091,-0.4344670804877433,-0.4344601429397644,-1.8799635303666138
LBR,2014,0.4569176137238579,0.455011395345172,6.434168717199106,1.0598677116635136,1.01851010607044,0.2888341605522735,0.2901033642105138,1.4559072772817008,-0.37632298046941515,-0.3750137324451389,-1.861622651227004
LBR,2015,0.39350139097635184,0.3906676573373685,6.0755143411379535,1.0455085464271219,1.0590327593554782,0.33333757489333515,0.33533313581441976,1.5132632776580957,-0.33181956612835356,-0.32978396084123296,-1.8042666508506093
LBR,2016,0.37812649661771197,0.37462410444909644,6.280935736644399,1.0111563738135605,0.96729445991495,0.3444321753880982,0.34693678149432994,1.4800109564780077,-0.32072496563359026,-0.31818031516132284,-1.837518972030697
LBR,2017,0.36341073864014994,0.35987273703600847,6.204300643428229,1.0107933416985109,1.0123519309621696,0.35516768473814553,0.35772597699498926,1.4922872247572858,-0.3099894562835432,-0.30739111966066357,-1.8252427037514187
LBR,2018,0.30619651900884975,0.3011663282607563,6.147858637658876,1.0438021528909864,1.0091807585528425,0.39803764751443643,0.40185605882442244,1.5014260963206991,-0.26711949350725217,-0.2632610378312304,-1.8161038321880059
LBR,2019,0.46641725291550884,0.4651622715584845,6.581384646652987,0.8907400103291812,0.9341284498217889,0.2823349580568798,0.2831510947517435,1.433284772687283,-0.3828221829648088,-0.38196600190390934,-1.8842451558214217
LBR,2020,0.4455156443107057,,6.943436235634724,1.0144596211649928,0.9478570009581659,0.2966910358382938,,1.3797331417111047,-0.3684661051833948,,-1.9377967867976
LBR,2021,0.449328481088316,,7.093911420189717,0.9973692390459703,0.9787881218636688,0.2940568083515848,,1.3582930588168909,-0.3711003326701037,,-1.9592368696918139
LBR,2022,0.46512873256051074,,7.401168969720204,0.9892157930418978,0.9584852675587403,0.28321403035822473,,1.315891971893242,-0.38194311066346387,,-2.001637956615463
LBR,2023,0.44570139184126745,,7.398832178722529,1.0134380037460573,1.0003158324099302,0.29656254494432444,,1.3162077544386155,-0.3685945960773641,,-2.001322174070089
LKA,1995,0.3034386300502711,0.2989884787086061,4.83682830691692,,,0.0,0.0,0.0,-0.26500587238570367,-0.26158586829470776,-1.5762591974318443
LKA,1996,0.35211971192211833,0.34304937313463196,4.881859557608951,0.9639964705472387,0.990775799639331,-0.03666764563634501,-0.03335681188756491,-0.009267006736554617,-0.3016735180220488,-0.2949426801822726,-1.5855262041683988
LKA,1997,0.34976360605720525,0.3412746701224514,4.7334689913667205,1.0017455692643806,1.0313492211553257,-0.034923598107387,-0.03203453988004522,0.02160086175553445,-0.29992947049309077,-0.29362040817475304,-1.55465833567631
LKA,1998,0.35024500538263215,0.33968824385144303,4.904004893530635,0.9996434726116312,0.9652251769999485,-0.03528018906675543,-0.03085106475780186,-0.013792999066705704,-0.30028606145245906,-0.29243693305250973,-1.5900521964985501
LKA,1999,0.36919922237967945,0.3595662990244007,4.8310849839325,0.9861567135832107,1.0150938991635743,-0.049220187350312306,-0.045579882818368195,0.0011881206393270236,-0.3142260597360161,-0.3071657511130761,-1.5750710767925173
LKA,2000,0.40327480499049473,0.3887481466453461,4.7992782012443005,0.975717099395192,1.0066274096550505,-0.07380277911312519,-0.06681685912729879,0.007793665566184709,-0.33880865149882883,-0.3284027274220065,-1.5684655318656595
LKA,2001,0.428231839583222,0.4186956065892284,4.869927287724976,0.9825259219819593,0.9854927841204627,-0.09143133100323889,-0.08815199424996624,-0.006819808899235196,-0.35643720338894264,-0.349737862544674,-1.5830790063310796
LKA,2002,0.4338544339626636,0.42471484834398615,4.894677427027201,0.996078685362849,0.9949434585483488,-0.09536035415289916,-0.09238581897667116,-0.011889177916962916,-0.3603662265386029,-0.35397168727137895,-1.5881483753488073
LKA,2003,0.4148759184602535,0.4040905961315562,4.951261087074459,1.0134135546833416,0.9885718690547398,-0.08203596473039625,-0.0778039623863521,-0.02338311176719341,-0.34704183711609987,-0.3393898306810598,-1.5996423091990377
LKA,2004,0.4342043119024378,0.4246731469577628,4.974997161412037,0.9865232636091118,0.9952289270591582,-0.0956043365622654,-0.09235654856050081,-0.02816560260810418,-0.360610208947969,-0.35394241685520883,-1.6044248000399484
LKA,2005,0.4107922674740013,0.3988640265247477,4.833447694959725,1.016594962255042,1.0292854035846748,-0.07914556602780344,-0.07407462933035303,0.0006991759271929223,-0.344151438413507,-0.3356604976250609,-1.5755600215046512
LKA,2006,0.3659051228236116,0.35325343810812837,4.364408633793001,1.0328625640978626,1.1074690984558644,-0.04681143014543834,-0.04092577902744425,0.10277649640362219,-0.31181730253114204,-0.3025116473221521,-1.4734827010282223
LKA,2007,0.34036092629308756,0.3270340640430129,4.124209421029809,1.0190577000787162,1.0582412744460525,-0.02793305328937755,-0.021360556690486195,0.15938485152138895,-0.29293892567508123,-0.282946424985194,-1.4168743459104554
LKA,2008,0.33735054683976423,0.3249350018246058,4.188056002837831,1.0022510025216926,0.984755079262369,-0.025684580478315743,-0.019777534713518105,0.14402253229762424,-0.2906904528640195,-0.28136340300822593,-1.43223666513422
LKA,2009,0.34903085036924575,0.33838788751942106,4.088761977025617,0.9913417076219684,1.0242846187599421,-0.034380573643837654,-0.029879952384271994,0.1680169683023049,-0.2993864460295414,-0.2914658206789798,-1.4082422291295393
LKA,2010,0.31488442344402096,0.3042215163854108,3.887412370250845,1.025969147034069,1.0517952786063134,-0.008742898464296826,-0.0040204553113986925,0.21851546159512691,-0.27374877085000054,-0.26560632360610653,-1.3577437358367175
LKA,2011,0.3053973542711916,0.2938364605923435,3.6531769317300746,1.007267571932629,1.064118284687033,-0.0015016080740534498,0.0039740630527961346,0.28066201615431313,-0.26650748045975714,-0.2576118052419117,-1.295597181277531
LKA,2012,0.28824353450044804,0.27591622074646793,3.4494687005677753,1.0133156653313968,1.0590549585589137,0.011726182995739779,0.017921343249876195,0.33803897808319566,-0.25327968938996404,-0.24366452504483171,-1.2382202193486487
LKA,2013,0.294930879098796,0.2876871844773281,3.4857074357908617,0.9948357516943283,0.9896036211039998,0.006548553871995038,0.008738139304665936,0.32758817933189815,-0.25845731851370873,-0.2528477289900419,-1.248671018099946
LKA,2014,0.31326721830614024,0.3054984063194477,3.3830879609952116,0.9860376175147396,1.0303330791214376,-0.007512219597594893,-0.004999020118160214,0.35747030708591865,-0.2725180919832986,-0.266584888412868,-1.2187888903459256
LKA,2015,0.34168721273771724,0.33198182872742926,3.3760037088138763,0.9788177198368122,1.0020984136252102,-0.028922063541234375,-0.025082061633910746,0.3595665221164277,-0.29392793592693817,-0.28666792992861856,-1.2166926753154166
LKA,2016,0.37407376089191774,0.36661399133937933,3.3535412008236545,0.976430269556142,1.0066981458240933,-0.05277400330100674,-0.050750273082241795,0.366242335032364,-0.3177798756867104,-0.31233614137694954,-1.2100168623994803
LKA,2017,0.3726352944584617,0.36583919876394094,3.3389944504723843,1.0010479596723643,1.004356626094186,-0.05172659235505136,-0.050183169060837536,0.37058949850453693,-0.31673246474075517,-0.31176903735554523,-1.2056696989273075
LKA,2018,0.37579225453887133,0.36130082246102174,3.340731939651329,0.9977053511749359,0.9994799076339163,-0.0540238779210993,-0.04685486141463282,0.3700692708435059,-0.31902975030680286,-0.3084407297093406,-1.2061899265883385
LKA,2019,0.42577364164441567,0.41219569521967353,3.463176764869673,0.9649443743062199,0.9646437841520481,-0.08970870043167353,-0.08355985552124376,0.334072889459308,-0.3547145728173771,-0.34514572381595165,-1.2421863079725364
LKA,2020,0.4877652413657792,,3.6752883459533705,0.9583324048729257,0.9422870912108869,-0.13226928367919025,,0.2746276063610753,-0.397275156064894,,-1.3016315910707692
LKA,2021,0.5015373549695956,,3.6115779212061465,0.9908279913528388,1.0176406064432764,-0.1414836141807103,,0.2921144232992254,-0.4064894865664139,,-1.2841447741326188
LKA,2022,0.5354638341004802,,3.934934380415172,0.9779047357694624,0.9178241800375567,-0.16382663506110712,,0.2063649915807664,-0.42883250744681073,,-1.3698942058510777
LKA,2023,0.5615893837961761,,4.029499022601531,0.9832698979854837,0.9765319108762793,-0.18069826598161853,,0.18261714121017678,-0.4457041383673223,,-1.3936420562216676
LSO,1995,0.9235105588406621,0.3386920547033029,7.223356648897928,,,0.0,0.0,0.0,-0.6541519325846248,-0.2916930587082918,-1.977319754687306
LSO,1996,0.9145990768210072,0.3023023097315568,6.683995437907758,1.004654489875996,1.0806944313473383,0.0046436912331441725,0.02755935313963175,0.07760382649362595,-0.6495082413514803,-0.26413370556865984,-1.8997159281936802
LSO,1997,0.9090338822131853,0.26564327534221105,6.5404089548545326,1.0029151890176882,1.0219537469360613,0.007554639327390973,0.056112547723215535,0.09932005984987749,-0.6465972932572338,-0.23558051098507615,-1.8779996948374287
LSO,1998,0.9285659585114164,0.345596868837762,7.239707886363023,0.9898722280085732,0.9034078525701684,-0.0026247674730095895,-0.0051446245619342365,-0.0022611037089215764,-0.6567767000576343,-0.2968376832702259,-1.9795808583962275
LSO,1999,0.9287301249356515,0.34942695739525476,7.3772479195763365,0.9999148836728826,0.9813561866548722,-0.0027098874227270914,-0.007986967623090556,-0.021080903750103987,-0.6568618200073518,-0.2996800263313822,-1.99840065843741
LSO,2000,0.9252746454644982,0.3206660618929504,7.3533499009576175,1.0017947982015414,1.0032499498787086,-0.0009166979468734206,0.013556857030775337,-0.017836223544141112,-0.655068630531498,-0.27813620167751646,-1.9951559782314472
LSO,2001,0.9226887358558215,0.3087601124330117,7.4535314283466905,1.0013449444834477,0.9865591862928127,0.0004273429088712086,0.02261284874813201,-0.031368182621229916,-0.6537245896757532,-0.2690802099601596,-2.008687937308536
LSO,2002,0.9251938187365949,0.3164771049050091,7.810246187555189,0.9986987892562335,0.9543273348057983,-0.0008747151446939623,0.016733749786405065,-0.07811673076161221,-0.6550266477293186,-0.27495930892188664,-2.055436485448918
LSO,2003,0.9207789652236072,0.2889299455489525,7.861144895654366,1.002298470356517,0.9935252805062387,0.0014211177694486222,0.03788068413430804,-0.08461250217100053,-0.652730814815176,-0.25381237457398376,-2.0619322568583067
LSO,2004,0.9207026323595193,0.2817067013630583,8.104599219947852,1.0000397421562306,0.9699609668921971,0.0014608591359806672,0.04350050847252557,-0.11511195078269493,-0.652691073448644,-0.24819255023576609,-2.092431705470001
LSO,2005,0.9185407816424662,0.9184681366867667,8.311874511711974,1.0011268203093406,0.9750627501086478,0.0025870450598307494,-0.35983396340766166,-0.1403654017521492,-0.6515648875247938,-0.6515270221159535,-2.117685156439455
LSO,2006,0.9137606537016547,0.9136072744492039,8.12705990145272,1.0024977668610575,1.0227406482172254,0.005081697685919481,-0.3572970275057757,-0.11787946772876767,-0.6490702348987052,-0.6489900862140675,-2.0951992224160736
LSO,2007,0.8861731685045638,0.885562753716011,6.995076717290035,1.0146261677653718,1.1618256996902854,0.019601934717437017,-0.34253326072198015,0.032113179183250885,-0.6345499978671877,-0.6342263194302716,-1.9452065755040553
LSO,2008,0.8784645706012929,0.8771204182182843,6.567940158995114,1.0041036695734982,1.0650335642461568,0.023697207203692998,-0.33804585145641947,0.0951194935721202,-0.6304547253809316,-0.6297389101647112,-1.882200261115186
LSO,2009,0.8892579382679666,0.8881686896535647,6.613366136289352,0.9942869803810016,0.9931311866970476,0.01796780586559424,-0.34391435335714854,0.08822698138659234,-0.6361841267190305,-0.6356074120654402,-1.8890927733007137
LSO,2010,0.8830632960145888,0.8817411019173664,6.273061653989749,1.0032896622574972,1.0542485473713088,0.021252069021780118,-0.34050440759199707,0.14105521715140715,-0.6328998635628444,-0.6321974663002888,-1.8362645375358988
LSO,2011,0.90524409135925,0.8922113050915992,6.199717521981199,0.9883580295851558,1.011830237708171,0.009541800267044319,-0.34605308913748173,0.152816024644967,-0.6446101323175804,-0.6377461478457735,-1.824503730042339
LSO,2012,0.9000661308397307,0.8924533648022066,6.027968071695036,1.002725147528013,1.0284920968796485,0.012263241312812881,-0.34618100520511275,0.1809097706034686,-0.6418886912718117,-0.6378740639134046,-1.7964099840838375
LSO,2013,0.8749836817449043,0.8745219041453612,6.157396131530979,1.0133774226085446,0.9789800660748194,0.025551976269506754,-0.3366605837442116,0.15966577242750501,-0.6285999563151178,-0.6283536424525032,-1.817653982259801
LSO,2014,0.8839343084353498,0.8837753500708613,6.298809671297315,0.9952489709166775,0.9775491645015512,0.020789625172463976,-0.3415848693970803,0.13695908020534883,-0.6333623074121607,-0.6332779281053721,-1.8403606744819574
LSO,2015,0.873564452998158,0.8731913969103114,6.375404129145876,1.0055348271689277,0.9879859446872707,0.026309191470455923,-0.3359505468848963,0.12487227284485908,-0.6278427411141685,-0.6276436055931879,-1.852447481842447
LSO,2016,0.8714591195049963,0.8710995059813085,6.819328644492065,1.0011249689994397,0.9349020206402952,0.02743352816644093,-0.33483317048391376,0.05755872690143119,-0.6267184044181837,-0.6265262291922056,-1.919761027785875
LSO,2017,0.8976229374538897,0.8976031194931791,6.789025705484885,0.986212319933275,1.0044635180837065,0.013549915223694111,-0.34889851502666586,0.06201231303163162,-0.6406020173609306,-0.6405915737349576,-1.9153074416556746
LSO,2018,0.9016298208290094,0.9009677377938901,7.06985749324825,0.9978929214659806,0.9602775886173714,0.011440613676442583,-0.35067003347770737,0.02147943152394348,-0.642711318908182,-0.6423630921859992,-1.9558403231633625
LSO,2019,0.9092213427988626,0.9046121393381475,7.165620262866968,0.996023760158304,0.9866358017721132,0.007456447574990389,-0.3525853277434963,0.008025128714788051,-0.6466954850096341,-0.6442783864517881,-1.969294625972518
LSO,2020,0.9195466186535295,,7.66336692971382,0.9946209819785936,0.9350485665880232,0.002062910547410605,,-0.05913167945275531,-0.6520890220372139,,-2.0364514341400612
LSO,2021,0.9465179205729324,,7.511835824694914,0.9861438203910992,1.0201723132074787,-0.011890162003368369,,-0.03916013190726819,-0.6660420945879929,,-2.016479886594574
LSO,2022,0.9514499311300135,,7.542488238263718,0.997472643044331,0.9959360342899441,-0.014420718117040947,,-0.04323237796762415,-0.6685726507016655,,-2.02055213265493
LSO,2023,0.9521372470013896,,7.471642067348154,0.9996479162146863,1.0094820081418472,-0.014772863898402839,,-0.03379504189967744,-0.6689247964830274,,-2.0111147965869836
LTU,1995,0.9149713037093355,0.9146693843049553,6.228415295888819,,,0.0,0.0,0.0,-0.6497026375121531,-0.649544962456135,-1.829121933811675
LTU,1996,0.9145808747551596,0.9143038383090996,6.005785105354766,1.0002039239811302,1.03706929013087,0.0002039031914614807,0.0001909368259914411,0.03639874488486729,-0.6494987343206916,-0.6493540256301435,-1.7927231889268078
LTU,1997,0.9044847313708583,0.9042305409561675,5.6385456112614865,1.0053012466931326,1.0651301806195939,0.005491147740423916,0.005466950981885941,0.09949577189968957,-0.6442114897717292,-0.6440780114742491,-1.7296261619119855
LTU,1998,0.902783046912602,0.9023639942820048,5.3274580099854125,1.000894313443152,1.0583932525968285,0.006385061523571807,0.006447642151633984,0.15624773060049857,-0.643317575988581,-0.6430973203045012,-1.6728742032111765
LTU,1999,0.8866576919670905,0.8863899514550156,5.417170738459753,1.0085470485791725,0.98343919126687,0.014895790884387927,0.014880038506177055,0.13954825862584197,-0.6348068466277652,-0.634664923949958,-1.6895736751858332
LTU,2000,0.8682245882040763,0.8524716859992408,5.209487954925636,1.0098666423081037,1.0398662565939423,0.024714075701152673,0.033024168595771064,0.17864036408060605,-0.6249885618110004,-0.6165207938603641,-1.6504815697310689
LTU,2001,0.8680376208303175,0.857552282512581,4.890137073080441,1.000100087584786,1.0653050982155856,0.024814158277510684,0.030285318533138848,0.24190159941297035,-0.6248884792346422,-0.6192596439229963,-1.5872203343987048
LTU,2002,0.8605310040888852,0.8397456446259077,4.72052100342216,1.0040346636121273,1.0359316417690585,0.02884070446114349,0.0399176370071572,0.27720275822489865,-0.6208619330510093,-0.6096273254489781,-1.5519191755867765
LTU,2003,0.8468738523856072,0.7830772590094403,4.39247370575333,1.007394739865767,1.0746839525161296,0.036208237281755665,0.0712042936056215,0.34922937891932615,-0.6134944002303974,-0.5783406688505138,-1.479892554892349
LTU,2004,0.8401541301033912,0.768689067618636,4.200518270998328,1.003651717088415,1.0456980359019794,0.039853303038925675,0.07930633004301012,0.39391401827849676,-0.6098493344732273,-0.5702386324131251,-1.4352079155331783
LTU,2005,0.8250268245592626,0.7419134866261221,4.0079791508071345,1.0082888127125373,1.048038952536073,0.04810795219708137,0.09456074850470834,0.4408347719370688,-0.6015946853150715,-0.5549842139514267,-1.3882871618746062
LTU,2006,0.8065934174263993,0.7232437296542413,3.8307712802138516,1.010203406563455,1.0462590579366018,0.05825965541055899,0.10533655835358824,0.4860557722471639,-0.5914429821015941,-0.5442084041025468,-1.3430661615645112
LTU,2007,0.7626451589927007,0.6176951724097484,3.594004779077697,1.0249331286047463,1.0658781820532008,0.08288702548707055,0.16854255933793005,0.5498548157133797,-0.5668156120250823,-0.481002403118205,-1.2792671180982953
LTU,2008,0.76353394150777,0.6303986953230282,3.583962794496931,0.9994960218830212,1.0028019221059397,0.08238292033043536,0.16072037918907955,0.5526528197526143,-0.5673197171817177,-0.48882458326705575,-1.276469114059061
LTU,2009,0.8217008881425109,0.7059773773802164,4.121591771267261,0.9680699795376119,0.8695579264986192,0.04993201892262489,0.11540677409578025,0.41288249281571726,-0.5997706185895281,-0.534138188360355,-1.4162394409959578
LTU,2010,0.8325425359197471,0.7076997675318252,4.05932276988773,0.9940838220315608,1.0153397512120608,0.043998271041214135,0.1143976626744872,0.42810577955798135,-0.605704366470939,-0.5351472997816479,-1.4010161542536936
LTU,2011,0.8247041093769351,0.6801635675106573,3.879354490749974,1.0042957247164246,1.0463912951412089,0.048284795470741854,0.13065381216681518,0.473453162380653,-0.6014178420414111,-0.5188911502893198,-1.355668771431022
LTU,2012,0.8151362962755473,0.7100208551182466,3.77694842443868,1.0052711265380014,1.027113440482448,0.05354207824808702,0.11303939604035403,0.5002055453404125,-0.596160559264066,-0.536505566415781,-1.3289163884712625
LTU,2013,0.793523560335369,0.6453137909483414,3.6936302465813036,1.0120504332466849,1.0225572600112027,0.06552048309562429,0.1516138420542112,0.5225121527182464,-0.5841821544165287,-0.49793112040192405,-1.3066097810934287
LTU,2014,0.7780871149640174,0.5983926920927323,3.6471551532200035,1.0086814899233236,1.012742834184136,0.07416450557795252,0.18054640556849116,0.5351744801919377,-0.5755381319342003,-0.46899855688764397,-1.2939474536197373
LTU,2015,0.7734238634532694,0.6048137566914592,3.6263104993068715,1.0026295188684715,1.0057481712934169,0.07679057331024558,0.1765372520518268,0.5409061937864089,-0.5729120642019074,-0.4730077104043083,-1.2882157400252658
LTU,2016,0.7682427245970076,0.5852906120246907,3.6200196986299553,1.0029301061354248,1.0017377807859162,0.0797163950518001,0.18877722049857512,0.542642466378316,-0.569986242460353,-0.46076774195756,-1.286479467433359
LTU,2017,0.7533042002247099,0.551886020296288,3.5138148974821752,1.0085202125052704,1.030224927677289,0.08820051541010902,0.21007398392273818,0.5724196211649258,-0.561502122102044,-0.4394709785333969,-1.2567023126467491
LTU,2018,0.7311457107018352,0.5319109671450576,3.4342634999638473,1.0127998985792428,1.0231640343028907,0.10091918767890037,0.2230290082670661,0.5953194416174521,-0.5487834498332526,-0.42651595418906896,-1.233802492194223
LTU,2019,0.7118435018155165,0.5097780989554707,3.360083960187554,1.0112756854618121,1.0220766923253168,0.1121317764619157,0.2375822767622736,0.6171559719977031,-0.5375708610502373,-0.41196268569386146,-1.211965961813972
LTU,2020,0.7330725802978874,,3.413603037179371,0.9877506119918403,0.9843218217206536,0.09980674635280323,,0.6013535911912841,-0.5498958911593497,,-1.2277683426203911
LTU,2021,0.7014326407114242,,3.304068819261205,1.0185960577159459,1.033151312490718,0.11823201151714219,,0.633967249295651,-0.5314706259950109,,-1.1951546845160241
LTU,2022,0.7002825583156769,,3.353830754095096,1.0006764066302523,0.9851626577241172,0.11890818948753526,,0.6190187325976583,-0.5307944480246177,,-1.2101032012140167
LTU,2023,0.7138617181122695,,3.4474144484037446,0.9920768638139901,0.9728539472960728,0.11095349847202315,,0.591497418980678,-0.5387491390401299,,-1.237624514830997
LUX,1995,0.6343202142788024,0.46080105935562876,2.2190728325606486,,,0.0,0.0,0.0,-0.4912269468091536,-0.37898495604698745,-0.7970894656563653
LUX,1996,0.651545018460917,0.47703642350845465,2.257380280830665,0.9895704906680859,0.9830301307248418,-0.01048427780270586,-0.011052707664307913,-0.017115507499191582,-0.5017112246118596,-0.39003766371129533,-0.8142049731555568
LUX,1997,0.6200607560013627,0.4303486383325338,2.21937561299909,1.019434001066271,1.017124035971639,0.008763294563562493,0.02106673846055666,-0.00013643526228820257,-0.48246365224559123,-0.35791821758643083,-0.7972259009186533
LUX,1998,0.5770133402849731,0.3567034165305567,2.174556531880461,1.0272967987123116,1.0206106764581886,0.03569417958376972,0.07392715727571463,0.020264715293094284,-0.4555327672253838,-0.30505779877127287,-0.7768247503632708
LUX,1999,0.5410124580171862,0.3143802461109461,2.1102869551734362,1.0233618372651636,1.0304553731659414,0.058787306131896,0.10561969724512132,0.050265529702711684,-0.43243964067725765,-0.273365258801866,-0.7468239359536536
LUX,2000,0.5192676692769904,0.2832284091564249,2.0792306057406047,1.014312677864424,1.0149364622409305,0.07299852458050478,0.1296058588567513,0.06509154145966878,-0.418228422228649,-0.24937909719023615,-0.7319979241966966
LUX,2001,0.5458666220497154,0.322191542324334,2.139860849616883,0.9827935008148007,0.9716662679785304,0.05564227329597307,0.09969433681904069,0.03634866228023978,-0.4355846735131805,-0.2792906192279468,-0.7607408033761254
LUX,2002,0.5567569011060081,0.28364569603078316,2.149521919357971,0.9930045088937421,0.9955054797747895,0.04862219902719131,0.12928072652775166,0.031844011332446874,-0.4426047477819623,-0.24970422951923585,-0.7652454543239183
LUX,2003,0.5679382538904155,0.2759039716085898,2.160363594793044,0.9928687543934438,0.9949815505773176,0.04146540455272531,0.135330031316406,0.026812927203646045,-0.44976154225642834,-0.2436549247305816,-0.7702765384527192
LUX,2004,0.5713228941992022,0.2505152386492455,2.145090191384458,0.9978459931301952,1.0071201684059394,0.03930907447338388,0.15542929874072156,0.033907866894864865,-0.45191787233576985,-0.22355565730626586,-0.7631815987615003
LUX,2005,0.5822222883064027,0.25339386153639654,2.167596358435865,0.9931113382817612,0.989616993512737,0.032396576394857164,0.15312999470036118,0.023470580946171177,-0.45883037041429653,-0.22585496134662625,-0.773618884710194
LUX,2006,0.5562019148484556,0.25047195981371145,2.1410778936055235,1.0167204353173416,1.0123855675263105,0.04897876414497446,0.15546390814261293,0.03578007483041687,-0.4422481826641791,-0.2235210479043745,-0.7613093908259483
LUX,2007,0.5091623236522951,0.18128007255508927,2.084213820921903,1.0311693384196876,1.027283224068857,0.07967220246259642,0.2123862982975332,0.06269774581826276,-0.41155474434655703,-0.1665986577494544,-0.7343917198381025
LUX,2008,0.5700435289470828,0.14750432352644433,2.2098541566209366,0.9612232373355813,0.943145417392092,0.04012360238927827,0.24139552532248593,0.00416294478351738,-0.45110334441987543,-0.13758943072450155,-0.7929265208728478
LUX,2009,0.6405827660716996,0.19951638065348673,2.3412440016535085,0.9570035486271017,0.9438803281760563,-0.003824577072482961,0.19706649660795078,-0.05359294708918177,-0.4950515238816367,-0.18191845943903676,-0.850682412745547
LUX,2010,0.6325717344696595,0.17582465291264407,2.325321992878597,1.004907001286925,1.0068472275339386,0.0010704241239228942,0.2170152223538771,-0.04676905535457038,-0.49015652268523086,-0.16196973369311035,-0.8438585210109356
LUX,2011,0.661009816309493,0.08444684295158363,2.3751097720814274,0.9828790404724889,0.9790376934202923,-0.016198793683826276,0.2979149212225109,-0.06795419058589508,-0.50742574049298,-0.08107003482447649,-0.8650436562422603
LUX,2012,0.6816743470241088,0.16380759434363143,2.4167007172712744,0.9877119308199096,0.9827901961990528,-0.02856298542835064,0.2272879173564319,-0.08531380434820161,-0.5197899322375044,-0.15169703869055554,-0.8824032700045669
LUX,2013,0.675152478686613,0.17569653482164072,2.410401736832971,1.003893298323869,1.0026132492115525,-0.0246772463764195,0.2171241884918805,-0.0827039637353161,-0.5159041931855732,-0.1618607675551071,-0.8797934293916814
LUX,2014,0.6844895399346835,0.188719081480716,2.437828443269496,0.9944570381550527,0.9887495338270227,-0.030235627439530066,0.20610863077741093,-0.09401819511279527,-0.5214625742486836,-0.17287632526957655,-0.8911076607691605
LUX,2015,0.6545043693869769,0.1512786007956965,2.3529701126163216,1.0181233553096127,1.0360643470132387,-0.012274542477724176,0.2381118045146055,-0.05858894218767369,-0.5035014892868778,-0.14087315153238192,-0.8556784078440388
LUX,2016,0.6285597910819146,-0.0,2.3255723657118277,1.0159309952555233,1.0117810769118372,0.003530886316443124,0.3789849560469875,-0.04687672188671178,-0.4876960604927104,0.0,-0.843966187543077
LUX,2017,0.6598720053074222,0.01935201538480247,2.3940328463718266,0.9811357658148419,0.971403700344483,-0.01551354735004399,0.35981780966054355,-0.07588986167427747,-0.5067404941591976,-0.019167146386443894,-0.8729793273306427
LUX,2018,0.6888403667151061,0.019902030775994024,2.4630955024455665,0.9828471879411378,0.9719610319595124,-0.03281517305966009,0.3592783816225665,-0.10432942757625736,-0.5240421198688135,-0.019706574424420933,-0.9014188932326226
LUX,2019,0.6994512317094294,0.08847742955599368,2.4956001371205168,0.993756299212158,0.9869752232373034,-0.039078447263501195,0.29420508993377165,-0.11743977054303716,-0.5303053940726548,-0.08477986611321589,-0.9145292361994025
LUX,2020,0.7016688479027154,,2.595095665515883,0.9986967992062502,0.9616601693272885,-0.040382497961883215,,-0.15653391560601707,-0.5316094447710368,,-0.9536233812623823
LUX,2021,0.6796223014676765,,2.518493490678904,1.0131258952776314,1.0304158716790368,-0.02734200077513011,,-0.12657143594148212,-0.5185689475842837,,-0.9236609015978473
LUX,2022,0.6753954113041493,,2.585697234454124,1.0025229209385484,0.9740094304624155,-0.024822257058814447,,-0.15290572912835101,-0.516049203867968,,-0.9499951947847162
LUX,2023,0.7053422399247488,,2.699825656524624,0.9824394025319394,0.9577274844415645,-0.04253887101190345,,-0.19609773361153243,-0.533765817821057,,-0.9931871992678976
LVA,1995,0.9152690229452942,0.914939606710703,10.076756671186688,,,0.0,0.0,0.0,-0.6498580947217106,-0.6496860851696183,-2.3102314520569056
LVA,1996,0.9141063596250282,0.9136289615727468,9.903487487722456,1.0006074183466451,1.0174957744611721,0.0006072339427909514,0.0006846659088269474,0.017344485462276935,-0.6492508607789198,-0.6490014192607914,-2.2928869665946285
LVA,1997,0.9011547540029613,0.9008679248769534,9.334195262171916,1.006812494140625,1.0609899632009707,0.0073966278991101165,0.007375500732935904,0.07654688529534608,-0.6424614668226005,-0.6423105844366824,-2.2336845667615597
LVA,1998,0.8905519092971994,0.8903157489704544,8.80255896050743,1.005608333023611,1.0603956535877423,0.01298929277722396,0.012942207104197141,0.13518898187748984,-0.6368688019444868,-0.6367438780654212,-2.1750424701794158
LVA,1999,0.8795956887269869,0.8795462766383481,8.52132470725504,1.0058290304856108,1.0330035837048843,0.018801400196168907,0.018655679669123647,0.1676596412295779,-0.6310566945255417,-0.6310304055004945,-2.1425718108273277
LVA,2000,0.8623896667119668,0.8178732756977418,7.9536552452246285,1.0092386799189008,1.0713721483428944,0.0279976645541323,0.052018797180637,0.2365998497832295,-0.6218604301675784,-0.5976672879889815,-2.073631602273676
LVA,2001,0.8616628765237143,0.7918685421148046,7.63608355326186,1.000390398389213,1.0415882945423134,0.028387986757721986,0.06642713150258714,0.27734660423364244,-0.6214701079639887,-0.5832589536670313,-2.0328848478232633
LVA,2002,0.8522638468626683,0.7679045670666866,7.228411516525709,1.0050743470898955,1.0563985649964898,0.033449502736458865,0.07989110031448385,0.3322121472832624,-0.616408591985252,-0.5697949848551345,-1.978019304773643
LVA,2003,0.8447173676938425,0.7396213920740038,6.764501144073731,1.0040908592833706,1.068580130680945,0.03753201720555696,0.09601858638155188,0.39854293386655176,-0.6123260775161536,-0.5536674987880664,-1.9116885181903538
LVA,2004,0.832404128744287,0.6983833988134807,6.319916246308169,1.0067197179685432,1.0703466439171991,0.0442292585043824,0.1200092284139425,0.46652549615237926,-0.6056288362173282,-0.5296768567556759,-1.8437059559045264
LVA,2005,0.8164638456202118,0.6621252450014904,5.788059124129929,1.0087754475061588,1.0918886816413071,0.05296642556011888,0.1415890335723302,0.5544344283899562,-0.5968916691615919,-0.5080970515972882,-1.7557970236669493
LVA,2006,0.8064344219086145,0.6328273900201622,5.382559366563855,1.0055520552475967,1.075335863471384,0.05850312496043482,0.15937297791920677,0.6270674723093096,-0.5913549697612758,-0.49031310725041166,-1.683163979747596
LVA,2007,0.7956004367968237,0.6091846556567722,5.066508690114403,1.0060336280220101,1.0623803679772859,0.06451862353656376,0.173958459507632,0.6875794929415615,-0.5853394711851468,-0.4757276256619864,-1.622651959115344
LVA,2008,0.7923311350590144,0.5896352860780534,5.2772399695532695,1.001824050073036,0.960067899005035,0.06634101205046987,0.18618147507417765,0.6468282240504349,-0.5835170826712407,-0.46350461009544075,-1.6634032280064706
LVA,2009,0.8067475761094686,0.6213710665351254,5.647701227939193,0.9920207774228774,0.9344049475292263,0.05832978511660188,0.16641395649948876,0.5789828520011305,-0.5915283096051087,-0.48327212867012964,-1.731248600055775
LVA,2010,0.8351858939944176,0.6372782312065548,5.584534199614939,0.98450384891361,1.0113110648205197,0.042712313717033934,0.15665083713823968,0.5902304250523916,-0.6071457810046765,-0.4930352480313787,-1.7200010270045138
LVA,2011,0.8159552984408427,0.6084037787513458,5.4975480787874975,1.0105897956684762,1.0158227121583678,0.05324643024158471,0.17444383974607813,0.6059292630753813,-0.596611664480126,-0.47524224542354027,-1.7043021889815242
LVA,2012,0.7970084474142088,0.5735570913725523,5.210251729644443,1.0105435514529146,1.0551405889869856,0.06373478608870616,0.19634736525971658,0.6596032808284295,-0.5861233086330045,-0.4533387199099018,-1.650628171228476
LVA,2013,0.789402015357501,0.5566641077754046,5.220973921562074,1.0042508234546657,0.9979463234103987,0.06797660031541859,0.20714094598563634,0.6575474925534196,-0.5818814944062921,-0.442545139183982,-1.652683959503486
LVA,2014,0.780218034795929,0.5399193809334193,5.07876191846836,1.0051589077192025,1.0280013131894559,0.07312224646079606,0.21795602015762625,0.6851639370072266,-0.5767358482609147,-0.43173006501199224,-1.625067515049679
LVA,2015,0.7753462280743656,0.5221087103073042,4.952245835824889,1.0027441445755894,1.0255472136961064,0.07586263274561833,0.22958940232334352,0.7103902741618914,-0.5739954619760924,-0.42009668284627477,-1.5998411778950141
LVA,2016,0.7688352699371698,0.51224412902116,4.831702373066346,1.0036809296195386,1.0249484453824176,0.07953680432256723,0.23609135945286966,0.7350325882994316,-0.5703212903991437,-0.41359472571674877,-1.5751988637574739
LVA,2017,0.7620297314067884,0.5041041748921817,4.702937346482949,1.0038623289999467,1.0273797027467721,0.08339169367994051,0.24148859681982937,0.7620441712148516,-0.56646640104177,-0.408197488349789,-1.548187280842054
LVA,2018,0.7709080513842783,0.5110201755031044,4.609533652773336,0.9949865720184911,1.0202631547452565,0.07836565630652874,0.2369010495504853,0.7821047600843742,-0.571492438415182,-0.4127850356191331,-1.5281266919725314
LVA,2019,0.7639844045887075,0.5056404447629587,4.669714505804821,1.0039250045394732,0.987112519843199,0.08228297811229925,0.24046773279424752,0.7691335159054759,-0.5675751166094114,-0.40921835237537085,-1.5410979361514296
LVA,2020,0.7526155754758371,,4.835676626368713,1.0064867785451372,0.9656796487054349,0.08874880805332439,,0.7342103895366675,-0.5611092866683861,,-1.576021062520238
LVA,2021,0.7452735474112494,,4.504535300980571,1.0042068064776886,1.0735128716420663,0.09294679065886816,,0.8051467181527321,-0.5569113040628425,,-1.5050847339041733
LVA,2022,0.7204745781370747,,4.443619347976171,1.0144140283089955,1.013708634388799,0.10725792443303292,,0.8187622392190327,-0.5426001702886779,,-1.4914692128378728
LVA,2023,0.7123907649865485,,4.4109116937111486,1.0047207759559422,1.0074151686853436,0.11196759247110506,,0.826150050696694,-0.5378905022506058,,-1.4840814013602115
MAC,1995,0.4921416703537324,0.4865015307265803,2.415321688064154,,,0.0,0.0,0.0,-0.4002124505939839,-0.3964253932076414,-0.8818324824010003
MAC,1996,0.5635116058441728,0.5614877019587446,2.603647159313674,0.9543527945531903,0.9276685895875528,-0.04672187028378192,-0.04921362871543346,-0.07508073326891954,-0.44693432087776597,-0.445639021923075,-0.9569132156699198
MAC,1997,0.6131600809809964,0.61067242519919,2.692067968702801,0.9692228466832434,0.9671550605641902,-0.07798258787826513,-0.08022635399821294,-0.10847717746646053,-0.47819503847224926,-0.4766517472058544,-0.9903096598674608
MAC,1998,0.6981564856843759,0.6953431670467717,2.8825482356124437,0.9499478373048024,0.9339194867387285,-0.12933079187352867,-0.13145978556750268,-0.17684222457061005,-0.5295432424675128,-0.5278851787751441,-1.0586747069716103
MAC,1999,0.7343146981806398,0.7325696953693301,3.0047579905697446,0.979151296743206,0.9593279208039885,-0.15039989813766805,-0.1531802862725527,-0.21836454675889477,-0.5506123487316519,-0.5496056794801941,-1.100197029159895
MAC,2000,0.7036399007388838,0.7002983299571517,2.863538917132049,1.018005446707636,1.0493162752539547,-0.13255462962322215,-0.1343783306683634,-0.1702257611152046,-0.5327670802172061,-0.5308037238760049,-1.0520582435162047
MAC,2001,0.6825027907110535,0.6784725794722749,2.89620604064851,1.0125628974552237,0.9887207183957304,-0.12006999061066016,-0.12145880776817047,-0.18156913622444096,-0.5202824412046442,-0.517884200975812,-1.0634016186254411
MAC,2002,0.5841890377437929,0.579028429574136,2.6868927818536377,1.0620593569485113,1.0779016044884646,-0.0598601776875292,-0.06038434670057199,-0.1065529438882684,-0.46007262828151324,-0.45680973990821355,-0.9883854262892686
MAC,2003,0.50155836016465,0.49521954478134406,2.459186901374615,1.0550299474008336,1.0925939709388262,-0.006291025000451213,-0.005847655549757816,-0.017998285010388353,-0.40650347559443517,-0.4022730487573993,-0.8998307674113887
MAC,2004,0.29459486692769343,0.28730263312737675,2.0860905795767493,1.1598673828578654,1.178849531008171,0.1420146484596772,0.14387634606106256,0.1465407041492627,-0.2581978021343068,-0.25254904714657894,-0.7352917782517375
MAC,2005,0.3280146888388519,0.32247905842436086,2.1354422364988603,0.9748347498020682,0.9768892569049188,0.11652733872828362,0.1169173434224993,0.12315872063679814,-0.28368511186570056,-0.27950804978514227,-0.7586737617642022
MAC,2006,0.3402670915560166,0.33417283109823537,2.1617056270339514,0.9908582380375093,0.9878506165656206,0.10734353443643714,0.10811389556178862,0.1109349301629117,-0.2928689161575469,-0.2883114976458529,-0.7708975522380886
MAC,2007,0.34824419180678207,0.3460972557876107,2.175687163246251,0.9940833416533578,0.9935737377834052,0.1014093033177898,0.09921590918112956,0.10448793063326368,-0.2988031472761942,-0.29720948402651176,-0.7773445517677365
MAC,2008,0.36186684839361494,0.3609726317661143,2.3396857549993775,0.9899970715911753,0.9299057185766513,0.09135600947120177,0.08822577865591869,0.03181585478477571,-0.3088564411227822,-0.3081996145517228,-0.8500166276162245
MAC,2009,0.5080543202612907,0.421544583806368,2.3920803778700477,0.9030621974927623,0.9780966294630437,-0.010607839736454343,0.044681377674720434,0.009669044088694479,-0.4108202903304384,-0.3517440155329211,-0.8721634383123057
MAC,2010,0.24476036282967453,0.14771749429983258,1.9610759288216872,1.211521803950343,1.2197795825821645,0.18126941885877912,0.25865021069884997,0.20833921649644724,-0.2189430317352049,-0.13777518250879148,-0.6734932659045532
MAC,2011,0.07712982162034952,0.06382730823654552,1.6819013938416425,1.15562705427388,1.1659874568165853,0.32591251964663426,0.3345523197499163,0.36190754691970384,-0.0742999309473497,-0.061873073457725206,-0.5199249354812965
MAC,2012,0.04284839861889928,0.03807796822329521,1.62944252498502,1.0328728730339434,1.0321943658964619,0.3582566364160922,0.3590544973895771,0.3935945352924622,-0.0419558141778918,-0.03737089581806429,-0.48823794710853796
MAC,2013,-0.0,-0.0,1.5631447349866157,1.0428483986188992,1.0424130846712492,0.40021245059398397,0.3964253932076414,0.4351328344896553,0.0,0.0,-0.446699647911345
MAC,2014,0.11646821726026454,0.07201953695675138,1.7369122303147162,0.895681564902878,0.8999560874203673,0.2900421251047883,0.32688110595201136,0.3297235258863251,-0.11017032548919581,-0.06954428725563006,-0.5521089565146753
MAC,2015,0.3990312558956312,0.2888627014386573,2.315354256869357,0.7980295025971555,0.7501712643590163,0.06443241356218873,0.14266519048726975,0.04226977984477367,-0.3357800370317952,-0.25376020272037164,-0.8395627025562266
MAC,2016,0.4044861921340585,0.2993508472478852,2.356862378185462,0.9961160627502228,0.9823883983637338,0.060540914241374616,0.13456060172687526,0.024501248702612114,-0.33967153635260944,-0.2618647914807662,-0.857331233698388
MAC,2017,0.33964175423293447,0.26959255713203767,2.164805514885839,1.0484043123441262,1.0887178372278636,0.10781021996226353,0.1577293653671341,0.10950195644314066,-0.2924022306317206,-0.23869602784050742,-0.7723305259578597
MAC,2018,0.16907402562311252,0.16869094729938386,2.1063772457869034,1.1458998531071716,1.0277387487050582,0.24400044622260159,0.24054111923824079,0.13686295567729936,-0.1562120043713825,-0.1558842739694007,-0.7449695267237009
MAC,2019,0.1702116241439513,0.16931829442417404,2.2144021754164855,0.999027869406381,0.9512171136621718,0.2430278428035802,0.2400044685452916,0.08685001356481896,-0.15718460779040377,-0.1564209246623498,-0.7949824688361813
MAC,2020,0.44904350894127526,,5.000905351786519,0.8075752155978747,0.4428002570825329,0.02930876083165015,,-0.7277864839991455,-0.37090368976233384,,-1.6096189664001457
MAC,2021,0.3578523844097931,,4.197470004890589,1.0671583491537775,1.1914094313860075,0.09430812809499763,,-0.55264948159677,-0.30590432249898636,,-1.4344819639977702
MAC,2022,0.4533340411325076,,5.305626887631048,0.9343016443430235,0.7911355422817438,0.026352194883488934,,-0.7869354518882373,-0.37386025571049514,,-1.6687679342892376
MAC,2023,0.21504690711852983,,3.13222515056875,1.1961135266613474,1.6938842620134287,0.2054297678647734,,-0.2599111802985721,-0.19478268272921057,,-1.1417436626995723
MAR,1995,0.8321223383714068,0.8296484663025642,4.955907045675094,,,0.0,0.0,0.0,-0.6054750426093604,-0.6041238534841064,-1.6005802076739504
MAR,1996,0.7812045626707751,0.7767030268641807,4.59295446809913,1.0285861471319637,1.0790237700148981,0.028185186575944772,0.029364438781898552,0.07605671570424521,-0.5772898560334158,-0.5747594147022079,-1.5245234919697053
MAR,1997,0.8180301316956059,0.8154314520571857,4.862212608752376,0.9797442471481564,0.9446223021657753,0.007721472901429813,0.007800699384880521,0.019086604074555178,-0.5977535697079306,-0.596323154099226,-1.5814936035993952
MAR,1998,0.7965902900131332,0.792354032883651,4.715223967725634,1.0119336288310432,1.0311732045037179,0.019584457456920376,0.02059399545125714,0.04978379160837162,-0.5858905851524402,-0.5835298580328494,-1.5507964160655787
MAR,1999,0.8178726890489378,0.8154881883542493,4.895063161268491,0.9882926900414906,0.9632611086684622,0.007808077332036782,0.007769447634532256,0.01235302855337608,-0.5976669652773237,-0.5963544058495742,-1.5882271791205744
MAR,2000,0.8274235431937766,0.8256416826649764,4.960534590065882,0.9947735957652452,0.9868015376954519,0.0025679676724193476,0.002192321309172991,-0.0009333075102295449,-0.6029070749369412,-0.6019315321749334,-1.60151351518418
MAR,2001,0.8193961732036058,0.8165228906807414,4.733820244697856,1.0044121066694538,1.047892470277459,0.006970369534534432,0.00719967935356177,0.045847668427317786,-0.5985046730748259,-0.5969241741305448,-1.5547325392466327
MAR,2002,0.8212214944391805,0.8179741538820627,4.7465710207385605,0.9989977489058044,0.9973136868731145,0.005967615850868905,0.006401074616422959,0.04315774068655012,-0.5995074267584917,-0.5977227788676834,-1.5574224669874002
MAR,2003,0.8029592079510864,0.7993718286284024,4.708169289342549,1.0101290624921277,1.008156404121436,0.016045723185945576,0.016686233586440103,0.05128106111810679,-0.5894293194234147,-0.5874376198976663,-1.5492991465558437
MAR,2004,0.8112550128563665,0.8084445270031112,4.668911764281847,0.9954198581390274,1.0084082816387814,0.011455060337872629,0.011656755029126173,0.059654190068511206,-0.5940199822714878,-0.5924670984549804,-1.5409260176054391
MAR,2005,0.8227295345226668,0.819960301994022,4.696372026314854,0.9937047590171927,0.994152877608686,0.005139920770669023,0.0053091647244861255,0.05378990632803037,-0.6003351218386914,-0.5988146887596202,-1.5467903013459199
MAR,2006,0.7972912855671255,0.79471702629375,4.469466152991072,1.014153659543013,1.0507680035057276,0.019194352469796873,0.019276489490027235,0.10331123504172497,-0.5862806901395635,-0.5848473639940791,-1.4972689726322255
MAR,2007,0.8166229224260094,0.8146212841393429,4.530249414480155,0.989358475762781,0.9865828002107787,0.008495802290757585,0.008247066415979568,0.08980321131052484,-0.5969792403186027,-0.595876787068127,-1.5107769963634254
MAR,2008,0.8069049652763327,0.8044932118172807,4.398545626902651,1.0053782336849082,1.0299425761942695,0.013859624924456547,0.013844070198577273,0.11930626073021006,-0.591615417684904,-0.590279783285529,-1.4812739469437404
MAR,2009,0.7640997753980364,0.763920929403399,4.141824366484318,1.0242646082014482,1.0619826524986726,0.03783452460730398,0.036584721505407175,0.17944384866953114,-0.5676405180020564,-0.5675391319786993,-1.4211363590044193
MAR,2010,0.7626913410610996,0.7623022291277909,4.082822157607589,1.0007990249365435,1.014451329643832,0.038633230493364305,0.03750281449982876,0.19379175307975072,-0.5668418121159962,-0.5666210389842776,-1.4067884545941995
MAR,2011,0.7383346412865218,0.7372366603947238,3.9362407471248173,1.014011513776514,1.0372389342775443,0.05254749040707584,0.051828128876780774,0.23035406492641883,-0.5529275522022846,-0.5522957246073257,-1.3702261427475317
MAR,2012,0.7456957379211984,0.7449497770871466,3.92567535777747,0.9957832877317773,1.0026913558520356,0.048321862736392045,0.04739807928278243,0.2330418055653905,-0.5571531798729684,-0.556725774201324,-1.3675384021085597
MAR,2013,0.7265743146309058,0.7248872915942134,3.8381897866183867,1.0110747757152752,1.022793445874953,0.05933576217148797,0.05896214334167013,0.25557936195761133,-0.5461392804378724,-0.5451617101424364,-1.345000845716339
MAR,2014,0.7133783666309602,0.7085320976933827,3.7671495999691746,1.0077017127430485,1.018857808739476,0.06700796812996297,0.06848927402656807,0.27426156646107314,-0.5384670744793973,-0.5356345794575382,-1.3263186412128771
MAR,2015,0.7067189806948184,0.6992518852890249,3.706589202359067,1.0039018643440825,1.016338578219449,0.07090223994496944,0.07393576675708925,0.29046810638214016,-0.5345728026643909,-0.530188086727017,-1.3101121012918102
MAR,2016,0.731401046179932,0.7262771437011976,3.790568504298149,0.9857444550241145,0.9778451960850049,0.05654410857070212,0.0581567037816728,0.2680641986945845,-0.5489309340386583,-0.5459671497024335,-1.332516008979366
MAR,2017,0.7256741098281871,0.7233247600427026,3.7286977446865515,1.003318666206515,1.0165931281771936,0.059857280157704716,0.059868428474406,0.2845211650891765,-0.5456177624516557,-0.5442554250097004,-1.3160590425847738
MAR,2018,0.7328907034250395,0.6728042984910432,3.759827707045502,0.9958355171606674,0.9917203752978848,0.055684101709506544,0.08962241471676442,0.2762070739163156,-0.5497909408998538,-0.514501438767342,-1.3243731337576348
MAR,2019,0.7487267007513072,0.6790923589750965,3.759780910538072,0.9909442697252441,1.0000124466048805,0.046587119073654454,0.08587046857814076,0.2762195204437377,-0.558887923535706,-0.5182533849059656,-1.3243606872302127
MAR,2020,0.8188998258219433,,4.1390463066527365,0.9614200166087072,0.9083688927313843,0.007243215605813441,,0.18011480708573102,-0.5982318270035472,,-1.4204654005882194
MAR,2021,0.7886235665208169,,3.9210580825233916,1.016927127578901,1.0555942349084149,0.024028675806911943,,0.23421867128209234,-0.5814463668024488,,-1.366361536391858
MAR,2022,0.7936936702422277,,3.942203871714531,0.9971733725744114,0.9946360487992868,0.02119804592594247,,0.22884028244346985,-0.5842769966834179,,-1.3717399252304805
MAR,2023,0.7845159816949585,,3.9143198354879414,1.0051429567689005,1.0071235967929315,0.026327822862238285,,0.23593862627777334,-0.5791472197471221,,-1.364641581396177
MDA,1995,0.9387879786191448,0.920177724729531,8.437585374170668,,,0.0,0.0,0.0,-0.662063024546478,-0.6524177467191157,-2.1326961745676845
MDA,1996,0.9436350931780092,0.9278878651437367,8.900940220120848,0.997506160196491,0.9479431571843667,-0.002496954601607774,-0.004007286545306349,-0.053460739300818905,-0.6645599791480858,-0.656425033264422,-2.1861569138685035
MDA,1997,0.9098810179804985,0.8972914365292277,8.692405877754142,1.0176733916300202,1.0239904055677373,0.015022078679355191,0.011990437345157364,-0.029753582290154026,-0.6470409458671231,-0.6404273093739584,-2.1624497568578387
MDA,1998,0.9048282011988,0.8953547379131721,9.284851318884638,1.0026526364837092,0.9361922532969904,0.017671203132296757,0.013011728915904863,-0.09568800706457799,-0.6443918214141815,-0.6394060178032109,-2.2283841816322627
MDA,1999,0.8754553550543527,0.8490336613482212,9.042695251453981,1.0156617144019384,1.026779191457516,0.033211538579867826,0.037754589315847825,-0.06926110268406346,-0.6288514859666104,-0.6146631574032678,-2.2019572772517484
MDA,2000,0.8366980959939774,0.7880328985602445,8.915826134505835,1.0211015948374467,1.0142296535435051,0.05409357803974534,0.07130167049486968,-0.05513174037390436,-0.6079694465067327,-0.581116076224246,-2.187827914941589
MDA,2001,0.83648298101519,0.7726234317340002,8.343921386998474,1.0001171342076194,1.0685414831926037,0.05421070538768908,0.0799571326340468,0.011162878414258314,-0.6078523191587891,-0.5724606140850689,-2.1215332961534266
MDA,2002,0.8353442036793993,0.7679927507790176,7.757645492013744,1.0006204707179764,1.0755739477381743,0.054830983693296365,0.08257288275018225,0.08401730239010845,-0.6072320408531819,-0.5698448639689335,-2.048678872177576
MDA,2003,0.838217730750759,0.771321976328367,6.846866609229926,0.9984367863374997,1.13302126867143,0.053266546937515154,0.0806915996273462,0.2089050562557525,-0.608796477608963,-0.5717261470917696,-1.9237911183119323
MDA,2004,0.8301744889229737,0.6897296130338825,6.288798858927269,1.0043947950736207,1.0887399585869173,0.05765171310035171,0.12784922287190842,0.29392608251551655,-0.6044113114461265,-0.5245685238472072,-1.8387700920521681
MDA,2005,0.816367151922313,0.6340232537402634,5.876870333299015,1.0076016222744657,1.0700931792376327,0.0652245886335493,0.16137251920737497,0.36167181059744885,-0.5968384359129287,-0.4910452275117407,-1.7710243639702359
MDA,2006,0.8055055009114069,0.6167513331278051,5.490536896936683,1.0060158504116565,1.0703635079071918,0.07122241606337243,0.1719989608022569,0.42967012839317453,-0.5908406084831056,-0.48041878591685855,-1.7030260461745101
MDA,2007,0.7984347379122606,0.5616744612326326,5.366292200134513,1.0039316205643107,1.0231528012580187,0.07514632800586363,0.20665912852511262,0.4525589700523124,-0.5869166965406145,-0.44575861819400303,-1.6801372045153724
MDA,2008,0.7781500414947624,0.5285461229825376,5.047713454750049,1.0114077529702985,1.06311347667421,0.08648950322288511,0.2281007095017579,0.5137608150544071,-0.5755735213235932,-0.4243170372173577,-1.6189353595132776
MDA,2009,0.7841288517340373,0.5903624179050814,5.333515278595888,0.9966488910072473,0.9464139861016617,0.08313276668853771,0.18845582067103123,0.45868562684117864,-0.5789302578579403,-0.46396192604808423,-1.6740105477265061
MDA,2010,0.7644049987405526,0.5485204334339996,5.054941285635754,1.0111787560155203,1.0551092440483407,0.09424950219112495,0.21511783074444674,0.5123299372693817,-0.5678135223553533,-0.4372999159746689,-1.620366237298303
MDA,2011,0.7391925220626409,0.4986105421775311,4.758342973803137,1.0144966565564635,1.0623322684946266,0.10864208681290963,0.24787937311172653,0.5727966816776004,-0.5534209377335686,-0.4045383736073892,-1.5598994928900842
MDA,2012,0.7392948024488848,0.4997320034825979,4.7527191604464605,0.9999411943357157,1.00118328333041,0.1085832794195045,0.24713131891826146,0.5739792654800626,-0.5534797451269736,-0.4052864278008543,-1.558716909087622
MDA,2013,0.6978256571930112,0.4625321426013096,4.301872572941814,1.0244248548607955,1.104802404036886,0.13271461731572037,0.27224846898970123,0.6736457645834771,-0.5293484072307579,-0.38016927772941445,-1.4590504099842077
MDA,2014,0.66934960111077,0.38219512441568815,4.204362232482849,1.0170581740716824,1.0231926592113312,0.14962893438993047,0.3287448414588847,0.6965735614963466,-0.5124340901565478,-0.32367290526023074,-1.4361226130713383
MDA,2015,0.6807274278363816,0.3948847031041006,4.214711080406298,0.993230415273071,0.9975445890059795,0.1428363320858739,0.3196059849660823,0.6941151310370532,-0.5192266924606043,-0.3328117617530335,-1.4385810435306314
MDA,2016,0.6456992170851483,0.37532279717858225,3.9959483493734855,1.0212846979494072,1.0547461358120684,0.16389767466103153,0.33372928156834636,0.7474152394471243,-0.4981653498854467,-0.3186884651507694,-1.3852809351205602
MDA,2017,0.6200574118149216,0.39598104374323656,3.789292613570153,1.0158277139336072,1.0545367584079575,0.17960143653821906,0.3188203214516197,0.8005168183897898,-0.48246158800825917,-0.333597425267496,-1.332179356177895
MDA,2018,0.599615793770908,0.3932570983540693,3.633199704239745,1.0127790799038217,1.0429629313104523,0.1922995530294841,0.3207735044473817,0.8425824533266589,-0.46976347151699416,-0.331644242271734,-1.2901137212410259
MDA,2019,0.5885372000035889,0.40501161569108524,3.5838235850527393,1.0069740851944127,1.0137774971382358,0.19924943177182058,0.31237217657179117,0.8562659035870411,-0.4628135927746575,-0.34004557014732456,-1.2764302709806437
MDA,2020,0.684275237256106,,3.946444888968297,0.9431577243820992,0.9081144386611829,0.1407276795304901,,0.7598810290324319,-0.5213353450159882,,-1.3728151455352529
MDA,2021,0.5957799833091083,,3.5487003800629413,1.0554557989651483,1.1120817387514415,0.1947003900912257,,0.8661147282308238,-0.46736263445525256,,-1.266581446336861
MDA,2022,0.6506562080604079,,3.7560574553628774,0.9667549036054082,0.9447939554268869,0.16089011384161744,,0.8093263163836928,-0.5011729107048607,,-1.3233698581839919
MDA,2023,0.6159875912162583,,3.628537898427735,1.0214535167426977,1.0351435097289179,0.1821167431798665,,0.8438663902319833,-0.4799462813666118,,-1.2888297843357013
MDG,1995,0.32214323208719037,0.31998168737524235,11.049113495634305,,,0.0,0.0,0.0,-0.2792540805584739,-0.27761786330147176,-2.4023501981060034
MDG,1996,0.3251585797073439,0.3227780075970572,11.27929151528262,0.9977245382806792,0.979592865444036,-0.0022780545162924158,-0.0021162130410201877,-0.02061823706250032,-0.28153213507476627,-0.2797340763424921,-2.422968435168504
MDG,1997,0.38019063790085195,0.3795737516983473,11.364011306603501,0.9601272051249333,0.9925449043445028,-0.04296755247613223,-0.04415671257484656,-0.02810126083471286,-0.3222216330346061,-0.32177457587631836,-2.4304514589407162
MDG,1998,0.3795629887651826,0.37825694211201755,11.431682558655027,1.0004549622893488,0.9940803769082713,-0.04251269365074552,-0.04320175207683121,-0.0340384743486818,-0.32176677420921945,-0.3208196153783029,-2.4363886724546853
MDG,1999,0.3864442536428688,0.3860091108703379,11.415247721063183,0.9950367532920232,1.0014397267578798,-0.04748829817454738,-0.04881061094415659,-0.03259978300368192,-0.32674237873302125,-0.32642847424562843,-2.434949981109685
MDG,2000,0.4001182433277938,0.39180474185069347,11.394401996860555,0.9902336893686744,1.0018294706653648,-0.05730261201608745,-0.05298341711278232,-0.030771983781514602,-0.3365566925745612,-0.3306012804142541,-2.433122181887518
MDG,2001,0.33119946555696544,0.32938289846963814,11.223576824971243,1.0517719391826779,1.0152202078315395,-0.006826309051617282,-0.007096985144272311,-0.015666441290167085,-0.2860803896100912,-0.2847148484457441,-2.4180166393961704
MDG,2002,0.2829861110015925,0.2816997502831248,13.296225019681277,1.0375790151911575,0.8441175452700247,0.030063820391525633,0.029430736380396418,-0.18512996372679383,-0.24919026016694826,-0.2481871269210755,-2.587480161832797
MDG,2003,0.3478546669270455,0.3438237579087173,12.610625436877378,0.9518727370857083,1.054366818381505,-0.019260112266970133,-0.01790123769247204,-0.13218954912439568,-0.298514192825444,-0.29551910099394385,-2.534539747230399
MDG,2004,0.349672202652059,0.3475501975053795,12.568527128389952,0.9986533502568681,1.00334950213795,-0.02060766955772475,-0.020670412128794693,-0.1288456440739099,-0.2998617501161985,-0.2982882754302663,-2.5311958421799132
MDG,2005,0.31662053781245436,0.3165752850401503,12.640689547661038,1.0251034097451643,0.9942912592703901,0.0041858255000972976,0.0025839792320781923,-0.1345707419460417,-0.27506825505837634,-0.2750338840693935,-2.536920940052045
MDG,2006,0.282355830044351,0.2820134615172795,12.500519312596401,1.0267201247620314,1.011213152954645,0.030555202035304884,0.029186004454628142,-0.1234199903469942,-0.24869887852316894,-0.2484318588468436,-2.5257701884529977
MDG,2007,0.27239827367661495,0.2721136334816193,12.247658161246827,1.0078258172568588,1.0206456734847205,0.03835055641236505,0.03693806787550166,-0.10298455009885836,-0.24090352414610872,-0.24067979542597015,-2.5053347482048616
MDG,2008,0.26824239589478893,0.2676920578496749,12.011516020437108,1.003276879715801,1.019659644994681,0.0416220788580595,0.0404198933663033,-0.08351565986446063,-0.23763200170041449,-0.2371979699351684,-2.485865857970464
MDG,2009,0.2973214513012216,0.2971273260876646,13.031116294537675,0.9775853121234784,0.9217564903071306,0.018952363756775142,0.01746579309569837,-0.164989860469224,-0.2603017168016988,-0.2601520702057736,-2.5673400585752275
MDG,2010,0.33874278381100686,0.33840001487934046,13.459619987795142,0.9690595288275833,0.9681637599244242,-0.012476871962941106,-0.013857018506265148,-0.19734389300735794,-0.29173095252141495,-0.29147488180773684,-2.5996940911133612
MDG,2011,0.4231710986987587,0.41541858566689505,14.033455188988384,0.940675920860853,0.9591094856209387,-0.07363346933862937,-0.0698074443068332,-0.23909393717735794,-0.35288754989710325,-0.347425307608305,-2.6414441352833613
MDG,2012,0.46545525273460064,0.44395841949965104,14.438813453229574,0.9711460626607752,0.971925791163226,-0.10291186635679486,-0.08977038139421586,-0.26756976115349235,-0.3821659469152686,-0.36738824469568765,-2.669919959259496
MDG,2013,0.5100999572535482,0.4635243057685832,14.627844917729705,0.9704359275659183,0.9870772854399752,-0.1329217649340984,-0.10322957168348754,-0.280576700383731,-0.41217584549257213,-0.3808474349849594,-2.6829268984897343
MDG,2014,0.490000174404653,0.45481205036495215,14.659396118038833,1.0134897855679288,0.997847714867988,-0.11952215644898972,-0.09725885397126859,-0.28273130501012755,-0.3987762370074636,-0.37487671727274036,-2.685081503116131
MDG,2015,0.4964923428563346,0.4581802576661846,14.706563201193022,0.9956617429533318,0.9967927868320476,-0.12386985103763873,-0.099571396158903,-0.285943672309448,-0.40312393159611265,-0.3771892594603748,-2.688293870415451
MDG,2016,0.49661059130883023,0.4558732395127523,14.64734413103065,0.9999209891649955,1.0040429902945285,-0.12394886499416367,-0.09798802190880472,-0.281908832938164,-0.4032029455526374,-0.3756058852102765,-2.684259031044167
MDG,2017,0.5361155427903583,0.4725205583145815,14.589426444987195,0.974282565092879,1.0039698398193957,-0.15000277450869193,-0.1093577346486323,-0.2779468521403591,-0.4292568550671658,-0.3869755979501041,-2.6802970502463626
MDG,2018,0.5096770360723576,0.46509816289341877,14.637242012899735,1.017512690520076,0.9967332938903106,-0.13264166399625385,-0.10430438231079715,-0.2812189055830714,-0.4118957445547278,-0.38192224561226906,-2.683569103689075
MDG,2019,0.5420324344288472,0.469231818427901,14.519073085793348,0.9790176927319472,1.0081388754232536,-0.15384722836200176,-0.10712182840255174,-0.2731129721864005,-0.43310130892047566,-0.38473969170402356,-2.675463170292404
MDG,2020,0.5663770758729078,,15.951583130786368,0.9844579942984074,0.910196371529526,-0.16951127721594642,,-0.3672078820479894,-0.44876535777442034,,-2.7695580801539927
MDG,2021,0.5861132959714643,,15.590355868909187,0.9875568661149968,1.0231699176667,-0.18203247514157583,,-0.3443023114452459,-0.46128655570004967,,-2.7466525095512493
MDG,2022,0.5663641991895594,,15.627056484225262,1.0126082406582857,0.9976514697215614,-0.16950305650301942,,-0.3466536038463856,-0.4487571370614933,,-2.749003801952389
MDG,2023,0.566309640998245,,15.591623838086917,1.0000348323153265,1.002272543675136,-0.16946822479432389,,-0.3443836384931334,-0.44872230535279767,,-2.746733836599137
MDV,1995,0.27854442621102143,0.2752880097758258,2.2944361228099326,,,0.0,0.0,0.0,-0.24572226384387377,-0.24317204312133583,-0.8304871152017462
MDV,1996,0.3000482336899775,0.29868543751879767,2.2823819294169003,0.9834592233413365,1.0052814094072817,-0.016679102773768092,-0.018180507827965525,0.005267511676213953,-0.262401366617642,-0.2613525509493011,-0.8252196035255323
MDV,1997,0.32363484664253833,0.32158895407483185,2.2829785488570886,0.982180423088445,0.9997386662084552,-0.03465936004513893,-0.03566272263408733,0.005006143731043353,-0.2803816238890127,-0.27883476575542304,-0.8254809714707028
MDV,1998,0.2975554021320498,0.29456297245627927,2.287754171360229,1.0200989063493062,0.9979125281190938,-0.014759770440831944,-0.015001122066601555,0.00291649004387546,-0.26048203428470573,-0.25817316518793715,-0.8275706251578708
MDV,1999,0.38304855670028176,0.37889390609607204,2.3302163104673697,0.938184994189789,0.9817775976777778,-0.0785678979117021,-0.0781096173393394,-0.01547398517722421,-0.3242901617555759,-0.3212816604606751,-0.8459611003789704
MDV,2000,0.4091538393570522,0.4053059717054124,2.377913120149846,0.9814744977250451,0.9799417357689373,-0.09726714647459576,-0.0970830094109859,-0.03573614755916371,-0.3429894103184696,-0.3402550525323217,-0.86622326276091
MDV,2001,0.4994088874378076,0.49431380407140996,2.6517743528406,0.9398062470904897,0.8967252879577057,-0.15934869155485434,-0.15849506441918781,-0.14474186784599785,-0.4050709553987283,-0.4016671075405236,-0.975228983047744
MDV,2002,0.5316673257933591,0.5268026481060034,2.6328343283777693,0.978939004696178,1.0071937775418254,-0.1806346336285616,-0.18000373318187163,-0.1375738420938234,-0.4263568974724355,-0.4231757763032073,-0.9680609572955695
MDV,2003,0.447502918573715,0.442508578224265,2.514908262720301,1.0581445509640663,1.0468908021042131,-0.1241176829049201,-0.12321162303702012,-0.09174921162914262,-0.369839946748794,-0.3663836661583558,-0.9222363268308889
MDV,2004,0.5356430765029273,0.5313789166182322,2.6348488170374913,0.9426037473955658,0.9544791513115937,-0.18322697181062764,-0.18299653909030758,-0.13833869020724127,-0.42894923565450144,-0.42616858221164333,-0.9688258054089874
MDV,2005,0.7422115077191359,0.7387772850959844,3.333540394281536,0.8814332069895214,0.7904055464746721,-0.30943302381714954,-0.31001011337395157,-0.3735478054793899,-0.5551552876610234,-0.5531821564952872,-1.204034920681136
MDV,2006,0.6770038631216019,0.6730634536900615,3.008680579776056,1.0388834194312202,1.107974178677904,-0.27128652258524355,-0.27148430625140463,-0.27101452186817543,-0.5170087864291173,-0.5146563493727403,-1.1015016370699215
MDV,2007,0.7429830949588097,0.739895829613608,3.1638218793316417,0.962145799332169,0.9509639589481695,-0.30987580382816365,-0.31065320027478305,-0.32129363707967573,-0.5555980676720375,-0.5538252433961188,-1.1517807522814218
MDV,2008,0.7762633685808715,0.7747859265532189,3.2791485212356393,0.9812638856316387,0.9648303084910165,-0.32878966285162686,-0.3305077677739547,-0.35709667630886816,-0.5745119266955007,-0.5736798108952905,-1.1875837915106144
MDV,2009,0.8010826270457458,0.8001979830190472,3.8994685996674714,0.98621981130006,0.8409218942076543,-0.3426656797238509,-0.3447246062984019,-0.5303531721545748,-0.5883879435677248,-0.5878966494197375,-1.360840287356321
MDV,2010,0.7992897847350164,0.7987438060945287,3.9764256550529113,1.0009964166561383,0.9806466756677196,-0.3416697591612725,-0.34391649264229635,-0.5498962239623129,-0.5873920230051464,-0.587088535763632,-1.3803833391640592
MDV,2011,0.7941641100037796,0.7935275503749315,4.0126033561113355,1.0028568594715819,0.990983982754407,-0.3388169727571006,-0.34101233598585906,-0.5589531314550628,-0.5845392366009744,-0.5841843791071948,-1.389440246656809
MDV,2012,0.811072602716655,0.81073197775528,4.270167607649609,0.9906638239198626,0.9396828707433238,-0.3481970041028901,-0.3505591280052872,-0.62116596364539,-0.5939192679467639,-0.593731171126623,-1.4516530788471362
MDV,2013,0.7962655281655432,0.7958633011064656,4.349608273775475,1.0082432548634574,0.981736133204264,-0.3399875392984278,-0.3423138108922592,-0.6395986738382833,-0.5857098031423015,-0.5854858540135949,-1.4700857890400296
MDV,2014,0.8156488254958287,0.8155921145477103,4.418243851083152,0.98932431367889,0.9844654166630367,-0.3507206196043542,-0.353239605303351,-0.6552551831763809,-0.596442883448228,-0.5964116484246867,-1.4857422983781272
MDV,2015,0.804177040046415,0.8037901189096192,4.639259208250051,1.006358458840114,0.9523597739971362,-0.34438229047940155,-0.34671802968299437,-0.7040675848960724,-0.5901045543232755,-0.5898900728043299,-1.5345547000978186
MDV,2016,0.8131947401511732,0.8130298396158735,4.736457672710861,0.9950266235032171,0.9794786586987106,-0.34936807537125025,-0.3518273472119495,-0.7248024146853285,-0.5950903392151242,-0.5949993903332852,-1.5552895298870746
MDV,2017,0.8104784438051034,0.81033382965197,4.951939291365621,1.0015003196284187,0.9564854078420384,-0.34786888009787115,-0.3503392214219272,-0.7692921606881199,-0.593591143941745,-0.5935112645432629,-1.599779275889866
MDV,2018,0.819979069724712,0.8170063024330697,5.187260528220133,0.9947798158354395,0.9546347757984587,-0.3531027370274457,-0.3540182148794566,-0.8157186060548425,-0.5988250008713196,-0.5971902580007922,-1.6462057212565886
MDV,2019,0.8303958129352432,0.8191465537903901,5.463071928876575,0.9943090215040282,0.949513496390453,-0.35880997084332616,-0.3551954214981626,-0.8675241406777052,-0.6045322346872,-0.5983674646194983,-1.6980112558794513
MDV,2020,0.8624805769386483,,8.169007236313723,0.9827731014214696,0.6687559174377468,-0.37618697888401026,,-1.2698602729837318,-0.6219092427278842,,-2.100347388185478
MDV,2021,0.8408780121777095,,6.2675202561667405,1.0117349246490177,1.3033874486924986,-0.3645203744939596,,-1.0048936677805966,-0.6102426383378337,,-1.835380782982343
MDV,2022,0.8246550814120513,,5.757345701653899,1.0088909574915954,1.0886128054402369,-0.3556687088419471,,-0.9199894376127895,-0.6013909726858211,,-1.7504765528145356
MDV,2023,0.820677746597391,,5.663956334618191,1.0021845353040062,1.0164883628189207,-0.35348655616586266,,-0.9036355318764443,-0.5992088200097365,,-1.7341226470781905
MEX,1995,0.7259132656465608,0.7199328363023114,3.2907505382654394,,,0.0,0.0,0.0,-0.5457563397453703,-0.542285241401496,-1.1911156658925954
MEX,1996,0.6992682983848039,0.6931255445373348,3.194586047779489,1.015680259136879,1.030102332210708,0.015558594052161114,0.01570898592759004,0.029658148967376473,-0.5301977456932093,-0.526576255473906,-1.161457516925219
MEX,1997,0.67375494147282,0.6671948040685531,3.0768975679247204,1.015243185414905,1.038249073053851,0.030686769390220404,0.031142785391010123,0.06719385969902757,-0.51506957035515,-0.5111424560104858,-1.1239218061935679
MEX,1998,0.6572044694847763,0.6509551672495687,3.0136378167220674,1.0099869824712633,1.0209911592068686,0.04062421151801554,0.04093123173858504,0.08796773988899226,-0.5051321282273546,-0.5013540096629111,-1.1031479260036032
MEX,1999,0.6591647761620136,0.6538182825220232,3.050322423710235,0.9988184978939997,0.9879735313542539,0.0394420108881428,0.03919851629996346,0.0758683681685878,-0.5063143288572276,-0.5030867251015325,-1.1152472977240078
MEX,2000,0.643674954057302,0.6381299863340355,3.013788352947464,1.0094238961702713,1.012122308033688,0.04882177917002494,0.048729902382912096,0.08791778947195183,-0.4969345605753453,-0.4935553390185839,-1.1031978764206436
MEX,2001,0.6696544692944391,0.6652816030485436,3.1103510615507086,0.9844401846520284,0.9689544020297495,0.033139639338527524,0.03229100131003096,0.05638006454453364,-0.5126167004068428,-0.509994240091465,-1.1347356013480616
MEX,2002,0.6865562943735387,0.6829637419124575,3.196291063482242,0.9899784993032931,0.9731125857361989,0.023067585373728116,0.021728870148926403,0.029124570958123007,-0.5226887543716421,-0.5205563712525696,-1.1619910949344725
MEX,2003,0.7006573621008836,0.6982710170833728,3.2310375571529657,0.9917084604802903,0.9892460260655896,0.014741479837276472,0.012674556658859141,0.01831235511501742,-0.5310148599080938,-0.5296106847426368,-1.172803310777578
MEX,2004,0.6899956764762735,0.688048017630128,3.2160078969932866,1.006308705858254,1.004673390315282,0.021030369111723596,0.018712399168977625,0.022974859046151732,-0.5247259706336466,-0.5235728422325184,-1.1681408068464434
MEX,2005,0.6974671389112947,0.6962779310430204,3.220150242310818,0.9955984641683179,0.998713617376263,0.016619118002626963,0.013848843021990237,0.021687648322041907,-0.5291372217427434,-0.5284363983795058,-1.1694280175705534
MEX,2006,0.6829122820496172,0.6790630956941296,3.1729038919046184,1.0086486128938053,1.0148905709141536,0.025230545889281118,0.02404928468273751,0.03646844309643338,-0.5205257938560892,-0.5182359567187583,-1.154647222796162
MEX,2007,0.6845740504826048,0.6834241553699298,3.1996565628849933,0.9990135379133309,0.9916388929703591,0.024243596928673006,0.02145533455267802,0.02807218594499742,-0.5215127428166972,-0.5208299068488179,-1.1630434799475982
MEX,2008,0.6960065349132765,0.6929287728759429,3.259326604368792,0.9932591743042688,0.9816925246448706,0.017479949250254225,0.01582521067956835,0.009595054928127511,-0.5282763904951161,-0.5264600307219276,-1.1815206109644678
MEX,2009,0.7578031414221984,0.7558483592439055,3.548394514717003,0.9648444100179934,0.9185355773859704,-0.018308474534333073,-0.020666894298900704,-0.07537958592364478,-0.5640648142797033,-0.5629521357003966,-1.2664952518162402
MEX,2010,0.7334990124627626,0.7320224386121463,3.4582919206879854,1.0140202727458767,1.0260540741196573,-0.004385576719163655,-0.007004523973619275,-0.049659136743535726,-0.550141916464534,-0.5492897653751152,-1.240774802636131
MEX,2011,0.7327408376841804,0.7314721772560521,3.4387718064032327,1.0004375580941438,1.005676478517244,-0.003948114325647349,-0.006686774751083774,-0.043998708718931336,-0.5497044540710178,-0.5489720161525797,-1.2351143746115267
MEX,2012,0.7292738419716857,0.7285169667869901,3.4310899897000655,1.0020048853040775,1.0022388852307074,-0.0019452361218882913,-0.004978554832091934,-0.04176232605714851,-0.5477015758672585,-0.5472637962335881,-1.232877991949744
MEX,2013,0.7357853390514741,0.7341601537324592,3.474966717541271,0.9962486737655322,0.9873734825661148,-0.005703616227054104,-0.00823799355255569,-0.054469235392328626,-0.5514599559724244,-0.5505232349540515,-1.245584901284924
MEX,2014,0.7269869013260383,0.7253634211429236,3.4529656403580082,1.0050946754249728,1.0063716467161201,-0.0006218747500131179,-0.0031524658155731838,-0.048117801801983516,-0.5463782144953833,-0.5454377072170692,-1.2392334676945789
MEX,2015,0.7209352572475077,0.7184107060301771,3.4549370167732016,1.003516485616205,0.9994294030815547,0.002888442487095459,0.00088538585678149,-0.048688561572802116,-0.542867897258275,-0.5413998555447146,-1.2398042274653975
MEX,2016,0.7227991949488768,0.7203151447373372,3.4800257974848177,0.9989180760550421,0.9927906336988224,0.0018059328399313251,-0.0002222563249547746,-0.05592404093666076,-0.543950406905439,-0.5425074977264508,-1.2470397068292562
MEX,2017,0.7179182987312969,0.7161432286345902,3.4900302601379325,1.002841169001567,0.9971334166447258,0.004643073349464526,0.0022057772485919187,-0.058794740810779796,-0.541113266395906,-0.5400794641529042,-1.2499104067033753
MEX,2018,0.7178284219039107,0.7174374085448768,3.510173159023603,1.0000523200258185,0.9942615654632623,0.004695392006638218,0.0014519403020759431,-0.0645497034235015,-0.541060947738732,-0.54083330109942,-1.2556653693160968
MEX,2019,0.7347464905851919,0.7338753476064702,3.6072941583010434,0.9902475267867099,0.9730764958399781,-0.00510494804113617,-0.008073747179345482,-0.09184228476933534,-0.5508612877865064,-0.5503589885808415,-1.2829579506619306
MEX,2020,0.7996839770198504,,3.8516092284908328,0.9639172836654409,0.9365680535858726,-0.041854741420521285,,-0.15737537650338554,-0.5876110811658916,,-1.3484910423959808
MEX,2021,0.7653399907280233,,3.73442430629651,1.0194546016473935,1.0313796485302273,-0.022586961396908807,,-0.1264780059518148,-0.5683433011422792,,-1.3175936718444101
MEX,2022,0.754554538364149,,3.7493289401111447,1.006147117190173,0.9960247196091062,-0.016458660659688505,,-0.1304612087726922,-0.5622150004050588,,-1.3215768746652876
MEX,2023,0.7479979460835686,,3.7282588461066415,1.0037509153230246,1.0056514568527093,-0.012714762477883,,-0.12482566148891203,-0.5584711022232532,,-1.3159413273815075
MLI,1995,0.48318098506436163,0.47985643231059794,12.198744346836529,,,0.0,0.0,0.0,-0.3941890955371619,-0.39194507787517346,-2.5013330240518896
MLI,1996,0.43428878240082763,0.4330804653532994,11.613558297564555,1.0340881161893312,1.0503881785649358,0.03351999120709679,0.03211877892847469,0.04915978972085799,-0.36066910433006494,-0.35982629894669893,-2.452173234331032
MLI,1997,0.4352604478067516,0.42684957660326356,11.12901732839153,0.9993230041227646,1.0435385223039324,0.03284276606467231,0.036476157268024285,0.09177715301342415,-0.3613463294724893,-0.3554689206071492,-2.4095558710384655
MLI,1998,0.4964392763714333,0.4958856499365572,10.783621235071472,0.9591170657368551,1.0320296944589198,-0.00889937485124008,-0.010773361547456096,0.12330459335934382,-0.40308847038840184,-0.4027184394226295,-2.378028430692546
MLI,1999,0.44448233094713363,0.44367332138033677,9.833265576770994,1.0359692495443902,1.0966470040782272,0.026438086638575404,0.024754294729865862,0.2155619398958299,-0.3677510088985864,-0.36719078314530745,-2.28577108415606
MLI,2000,0.45846575968179504,0.45836330999204034,9.70808146916727,0.9904122337861997,1.0128948348858946,0.016804061879421652,0.014630291521851774,0.22837434426072922,-0.37738503365773995,-0.3773147863533216,-2.2729586797911607
MLI,2001,0.4166777664589343,0.41630725403041147,8.77256246651774,1.0294971758661198,1.1066414751926963,0.045874566152157605,0.04389211883237412,0.32970407488183323,-0.3483145293850042,-0.3480529590427993,-2.1716289491700564
MLI,2002,0.3971725083254642,0.39676970711298676,8.42774224058775,1.0139605224245698,1.0409148993984827,0.05973853804311073,0.057782859354664845,0.36980411227629145,-0.3344505574940511,-0.3341622185205087,-2.1315289117755984
MLI,2003,0.3470287769841945,0.346990150317302,7.74749619215893,1.0372254343767877,1.087802050050348,0.09628783457752693,0.09407249278451894,0.453963304865122,-0.29790126095963493,-0.29787258509065445,-2.0473697191867677
MLI,2004,0.44319552266390205,0.4280313925913457,8.579478845129566,0.9333654074104943,0.9030264345901453,0.027329327582782025,0.0356482305920318,0.35195985305769717,-0.36685976795437963,-0.35629684728314165,-2.1493731709941923
MLI,2005,0.41041859194171904,0.40254633382956484,8.082966078704105,1.0232391510644079,1.0614270506137107,0.05030256148783609,0.053655683407535196,0.4115741299310217,-0.3438865340493257,-0.3382893944676381,-2.0897588941208682
MLI,2006,0.3740431510967048,0.37003096220443926,7.512858089831195,1.0264732885688348,1.075884301560888,0.07643149677402818,0.07711173814129359,0.48471705945883203,-0.3177575987631336,-0.3148333397338798,-2.0166159645930577
MLI,2007,0.3946368286098418,0.37711544301229205,7.253056031127391,0.9852336629216478,1.0358196679563525,0.0615550520717222,0.07195402503251389,0.5199101224657384,-0.3326340434654396,-0.3199910528426595,-1.9814229015861513
MLI,2008,0.39154777940778246,0.3627523410387614,6.919410940574533,1.0022198657119585,1.0482187130405,0.0637724575220854,0.08243864303601649,0.5670023822400132,-0.3304166380150765,-0.30950643483915696,-1.9343306418118766
MLI,2009,0.3299726341355212,0.31858053584791857,6.463537059937289,1.0462980543297307,1.0705300946540353,0.10903072935313893,0.11538927151266315,0.6351563236005722,-0.28515836618402296,-0.27655580636251026,-1.8661767004513174
MLI,2010,0.32134334453283653,0.30953366561399887,6.086081625520454,1.0065306944167003,1.062019449892698,0.11554019117730442,0.12227398448552285,0.6953285606525167,-0.2786489043598574,-0.26967109338965073,-1.806004463399373
MLI,2011,0.3331723310289858,0.2683101953067371,6.204048632065223,0.9911271887205915,0.9809854800403943,0.10662778210471835,0.15425961825537707,0.6761309399441392,-0.2875613134324434,-0.23768545961979648,-1.8252020841077505
MLI,2012,0.30643828553336544,0.21567148722091065,6.056035095875521,1.0204633053024055,1.024440666846615,0.12688452715853044,0.19664848936602441,0.7002777127097033,-0.2673045683786314,-0.1952965885091489,-1.8010553113421865
MLI,2013,0.3279035965024723,0.1764003561218056,6.157201982168224,0.9838351887699951,0.9835693409789561,0.11058764011304482,0.22948584745581843,0.6837105733712732,-0.28360145542411686,-0.16245923041935514,-1.8176224506806167
MLI,2014,0.34688596279131995,0.17369593167400674,5.966992686289712,0.9859064784894573,1.0318769111809964,0.09639386183288105,0.2317873919973294,0.7150899612057225,-0.29779523370428074,-0.16015768587784407,-1.7862430628461672
MLI,2015,0.349729609037963,0.16032096817427444,5.760475551220968,0.9978931733973962,1.0358507094132132,0.09428481274897345,0.243248414328412,0.7503129917761971,-0.2999042827881883,-0.1486966635467615,-1.7510200322756926
MLI,2016,0.3405921556876274,0.13376014940800768,5.12311508531818,1.0068159830053973,1.1244087738199235,0.10107767195701295,0.26640540339922875,0.8675703549086962,-0.2931114235801489,-0.12553967447594477,-1.6337626691431937
MLI,2017,0.37002438964102785,0.12234056755217795,5.336917020314009,0.9785170000067575,0.9599390557915685,0.07936055319790927,0.2765287806896828,0.8266848748228256,-0.31482854233925267,-0.11541629718549058,-1.6746481492290644
MLI,2018,0.3585352852702197,0.10235310134892425,5.07044935264402,1.008456978994493,1.0525530676154051,0.08778197229111265,0.29449799982060576,0.8779035806633546,-0.3064071232460491,-0.09744707805456776,-1.6234294433885352
MLI,2019,0.3732987447676944,0.09108204174122483,4.993129019065854,0.9892496373758998,1.0154853466199096,0.0769734070097716,0.30477517518861663,0.8932702528781086,-0.3172156885273903,-0.0871699026865569,-1.6080627711737812
MLI,2020,0.42959281662692544,,5.190509160786849,0.9606223036346427,0.961972874797687,0.03679943543004175,,0.8545012274881432,-0.3573896601071202,,-1.6468317965637467
MLI,2021,0.46471468507028946,,5.415407821468314,0.9760213584247102,0.9584705957342865,0.012528626253429152,,0.812084833144292,-0.38166046928373276,,-1.6892481909075978
MLI,2022,0.45981252581810694,,5.46632042022323,1.0033580745236002,0.9906861298202426,0.01588107503569729,,0.802727317659811,-0.37830802050146445,,-1.698605706392079
MLI,2023,0.40987627657187625,,5.256427453481233,1.0354188875123504,1.0399307264486242,0.050687142109232516,,0.8418814194105868,-0.34350195342792933,,-1.659451604641303
MLT,1995,0.6615294806724181,0.647774580672827,2.7899633277122953,,,0.0,0.0,0.0,-0.5077385520631152,-0.49942563855924027,-1.0260284515577471
MLT,1996,0.6702976577988524,0.6553537905201267,2.8352189246091424,0.9947505301911342,0.9840380591057581,-0.0052632966859128575,-0.004589118131109389,-0.01609070472485012,-0.5130018487490281,-0.5040147566903496,-1.0421191562825973
MLT,1997,0.6651180242670665,0.6498680588053454,2.8262323849544733,1.0031106705088162,1.003179688868654,-0.002157454302723118,-0.0012696817955323483,-0.012916060376339137,-0.5098960063658382,-0.5006953203547726,-1.0389445119340863
MLT,1998,0.6566287580374291,0.6405924629972797,2.8121255591974097,1.0051244228306735,1.005016428128867,0.002953883356871917,0.0043682040358954165,-0.007912172602018425,-0.5047846687062432,-0.49505743452334466,-1.0339406241597657
MLT,1999,0.6560898893562115,0.640563015335702,2.8155211733883494,1.0003253861307175,0.9987939660255323,0.003279216561003088,0.0043861536038283955,-0.009118934420722034,-0.5044593355021121,-0.4950394849554117,-1.0351473859784692
MLT,2000,0.6310127672516491,0.6188617541185933,2.7591360513334076,1.0153751844302352,1.0204357889592623,0.018537400587525236,0.01770235718315425,0.01111084571040259,-0.48920115147559,-0.4817232813760861,-1.0149176058473448
MLT,2001,0.678002531327443,0.667629916365391,2.8697170402994776,0.971996607157308,0.9614662395584025,-0.009865564519166106,-0.011977768077310541,-0.02818498112310195,-0.5176041165822812,-0.5114034066365507,-1.0542134326808492
MLT,2002,0.6742504617325359,0.6645649099819607,2.8681139211578763,1.0022410443841385,1.0005589454204642,-0.0076270275295705955,-0.01013813539821836,-0.027626191854444992,-0.5153655795926856,-0.5095637739574584,-1.053654643412192
MLT,2003,0.6883880658418663,0.6787799569685058,2.8859877867513863,0.9916265671409605,0.9938066731690401,-0.01603571451417473,-0.01864167494311159,-0.03383877689010092,-0.5237742665772898,-0.5180673135023517,-1.059867228447848
MLT,2004,0.7009477524759822,0.6736856749211588,2.973005956489016,0.9926160655929418,0.9707305767256537,-0.023447045109312798,-0.015602547012961312,-0.06354509598429796,-0.531185597172428,-0.5150281855722015,-1.0895735475420452
MLT,2005,0.6959476202189455,0.6829318984741529,3.0116663941142665,1.0029482822449383,0.9871631075404617,-0.02050310052479904,-0.02111181146599045,-0.07646509331947082,-0.5282416525879143,-0.5205374500252306,-1.102493544877218
MLT,2006,0.7038097145611187,0.6927366777080114,3.0561029600718386,0.995385579577941,0.9854597287662955,-0.025128200249967494,-0.026920916586945308,-0.09111211030197745,-0.5328667523130828,-0.5263465551461854,-1.1171405618597248
MLT,2007,0.7004812754749327,0.6892837683038081,3.0382835856694066,1.0019573512123834,1.0058649477245902,-0.02317276215344879,-0.02487899480731721,-0.08526429443097937,-0.530911314216564,-0.5243046333665574,-1.1112927459887265
MLT,2008,0.6925910830828439,0.6737255890275962,3.023619761886359,1.0046616057894608,1.0048497578855284,-0.018521987999423922,-0.015626394758751726,-0.0804262587366432,-0.5262605400625392,-0.5150520333179919,-1.1064547102943905
MLT,2009,0.7158343826236135,0.6816395031032021,3.1499176576540204,0.9864536462398956,0.9599043817984355,-0.032160930722313144,-0.02034357368455512,-0.12134786051083253,-0.5398994827854283,-0.5197692122437955,-1.1473763120685796
MLT,2010,0.6983905099974282,0.6629429326449432,3.0654872521158247,1.010270825539535,1.027542246499287,-0.021942491714799058,-0.009163245154714323,-0.09417807815342065,-0.5296810437779143,-0.5085888837139546,-1.1202065297111679
MLT,2011,0.7090566317550632,0.6739936072970237,3.1304260224889564,0.993759058910364,0.9792556125247451,-0.02820298888530092,-0.015786514681769306,-0.11514065315365969,-0.5359415409484161,-0.5152121532410097,-1.1411691047114068
MLT,2012,0.7088008063605786,0.6681500158168325,3.1226586136013523,1.000149710483242,1.0024874345385602,-0.028053289607554988,-0.012289598873244097,-0.1126563071597499,-0.5357918416706701,-0.5117152374324844,-1.138684758717497
MLT,2013,0.6578065253459482,0.6102572466170233,3.0423332410427535,1.0307600918653577,1.0264025556027083,0.0022431937476974496,0.02303169181894643,-0.08659628297342326,-0.5054953583154178,-0.4763939467402938,-1.1126247345311706
MLT,2014,0.6134807093665563,0.5596834056355956,2.920365343951225,1.027472169776851,1.041764602276271,0.029344775393807084,0.05494278299932654,-0.045680274687380465,-0.47839377666930816,-0.4444828555599137,-1.0717087262451277
MLT,2015,0.5170989177855922,0.4430051631675816,2.831407061050955,1.0635303278191286,1.0314184011631484,0.09093864763560808,0.1326977806951957,-0.01474533125471135,-0.41679990442750703,-0.36672785786404466,-1.0407737828124586
MLT,2016,0.48769205440255603,0.3561680108122508,2.874160585621304,1.0197667677904254,0.9851248657488958,0.11051258975633156,0.19476255493728178,-0.02973220984128709,-0.3972259623067836,-0.30466308362195843,-1.0557606613990342
MLT,2017,0.41975114177651174,0.02655551679892467,2.677156339765082,1.0478540996565293,1.0735871278527982,0.15725694807848156,0.47321659896090323,0.04127328761719632,-0.3504816039846337,-0.026209039598336908,-0.9847551639405508
MLT,2018,0.39375837421972654,-0.0,2.652915931639782,1.0186494072699914,1.0091372696119763,0.17573458744610124,0.49942563855924016,0.05036906494048867,-0.3320039646170138,0.0,-0.9756593866172585
MLT,2019,0.40890786994331435,0.0021421222183839734,2.701445800606568,0.989247348214332,0.9820355940674844,0.164923708123764,0.49728580741340067,0.03224134016049549,-0.34281484393935113,-0.002139831145839604,-0.9937871113972517
MLT,2020,0.479724920620845,,2.92882125945641,0.9521417462863179,0.9223662222077551,0.11588234600740306,,-0.04857158999983903,-0.3918562060557121,,-1.0746000415575863
MLT,2021,0.40621511706953223,,2.735707743985655,1.052274934794118,1.0705899655748343,0.1668367710396307,,0.019638276221662324,-0.3409017810234845,,-1.006390175336085
MLT,2022,0.43451342624718964,,2.7757305510831713,0.9802732350496793,0.9855811627386172,0.1469128361366537,,0.005114477355023964,-0.36082571592646145,,-1.0209139742027233
MLT,2023,0.4060159518375223,,2.7079085380833896,1.0202682440212887,1.0250459024172895,0.16697841319311155,,0.029851871788809874,-0.3407601388700036,,-0.9961765797689374
MMR,1995,0.20398755118086423,0.10080647949702508,4.451216566459133,,,0.0,0.0,0.0,-0.18563900728239854,-0.09604307435060808,-1.4931774445362358
MMR,1996,0.21379139928207413,0.09793092498196515,4.637286455180447,0.9919229547128043,0.9598752653044651,-0.008109841333629292,0.002615643094667767,-0.04095193493666091,-0.19374884861602784,-0.09342743125594037,-1.5341293794728967
MMR,1997,0.22402441701802892,0.12194995604720595,4.8340917854112595,0.9916398581648522,0.9592880443799704,-0.016505125152907536,-0.019025129301706682,-0.0825158250309232,-0.20214413243530605,-0.11506820365231493,-1.575693269567159
MMR,1998,0.2543398401170179,0.15109720942584207,5.064005415198608,0.9758315712142567,0.9545984628892163,-0.04097040309114625,-0.044672508317972856,-0.1289803096570834,-0.22660941037354487,-0.14071558266858095,-1.622157754193319
MMR,1999,0.25047358703291833,0.1606651442023147,5.0172478120530055,1.0030918310663988,1.0093193728707752,-0.03788334190517167,-0.05295016661100975,-0.1197040942154187,-0.22352234918757033,-0.1489932409616178,-1.6128815387516544
MMR,2000,0.23808983222985636,0.10219754818825996,4.856896941043692,1.0100023071676134,1.033015086166283,-0.027930726730243043,-0.0012628836430935901,-0.08722229995775917,-0.2135697340126416,-0.09730595799370174,-1.580399744493995
MMR,2001,0.15638851212743632,0.05602498011443835,4.790738469236961,1.0706521374482632,1.0138096605004756,0.040337210340284306,0.04153123393492335,-0.07350712394677597,-0.1453017969421144,-0.054511840415684854,-1.5666845684830117
MMR,2002,0.12658276798713455,0.0216531804985075,4.66961330994983,1.026456772628926,1.0259390127720087,0.0664500555119406,0.07462099388225914,-0.04789882070761023,-0.11918895177045799,-0.021422080468349106,-1.5410762652438459
MMR,2003,0.09963868289434136,0.009153820987947685,4.634330340071962,1.024502671206395,1.0076133912105456,0.09065735153224506,0.08693089565087532,-0.04031426509461847,-0.09498165575015347,-0.009112178699732888,-1.5334917096308542
MMR,2004,0.11945577669398942,-0.0,4.69940198746232,0.9822975643949308,0.9861532068199391,0.07279635373577897,0.09604307435060815,-0.05425781937435558,-0.11284265354661956,0.0,-1.5474352639105913
MMR,2005,0.05659717127938999,-0.0,4.904402688128671,1.059491551864072,0.9582006793278692,0.1305854787294712,0.09604307435060815,-0.09695586494522043,-0.055053528552927423,0.0,-1.5901333094814563
MMR,2006,0.05987508317927989,-0.0,5.2169743624577185,0.996907265816593,0.9400856410991072,0.12748795216009817,0.09604307435060815,-0.15874016526110724,-0.05815105512230046,0.0,-1.651917609797343
MMR,2007,0.05192014393132458,0.014787096667403833,4.831457628502006,1.007562303368605,1.0797930487233192,0.13502180465862795,0.08136424083685646,-0.08197076403921663,-0.05061720262377059,-0.014678833513751722,-1.5751482085754522
MMR,2008,-0.0,-0.0,4.544544933769707,1.0519201439313246,1.0631334267596966,0.18563900728239854,0.09604307435060815,-0.02075015349728292,0.0,0.0,-1.5139275980335187
MMR,2009,-0.0,-0.0,4.282701859796392,1.0,1.0611396923123113,0.18563900728239854,0.09604307435060815,0.03859335845982637,0.0,0.0,-1.4545840860764094
MMR,2010,0.04159354940787821,-0.0,4.074189916479895,0.9600673895959482,1.0511787490497377,0.1448872077941939,0.09604307435060815,0.08850551110732312,-0.04075179948820459,0.0,-1.4046719334289126
MMR,2011,0.10978427318933161,0.024227272373818116,4.082609613136137,0.9385549737648698,0.9979376679491593,0.08147335932434817,0.07210462668203345,0.08644104952136229,-0.10416564795805038,-0.023938447668574635,-1.4067363950148735
MMR,2012,0.06838363157590124,0.0519243405771866,4.0189303348631995,1.0387507262277718,1.0158448325716263,0.11949212564786708,0.04542188222486349,0.10216166316735363,-0.06614688163453147,-0.050621192125744646,-1.3910157813688822
MMR,2013,0.09520796511216573,0.046238123316808294,3.92160779348835,0.9755075434157225,1.0248170001947796,0.09469473957006104,0.05084208326201329,0.12667572342286876,-0.09094426771233742,-0.04520099108859481,-1.366501721113367
MMR,2014,0.163360680679068,0.060322783289477794,3.8374838489868224,0.9414173809560759,1.0219216413181094,0.03432605226542539,0.03746970004392186,0.14836054036485247,-0.1513129550169732,-0.058573374306686424,-1.344816904171383
MMR,2015,0.2445258545660873,0.0865238712440077,3.8046391767145074,0.9347822517393033,1.0086327955810723,-0.03311561039046025,0.01305958310540314,0.15695628644066284,-0.2187546176728587,-0.08298349124520481,-1.336221158095573
MMR,2016,0.2700185839855874,0.2311293404686097,3.8295413041823676,0.9799272784343845,0.9934973602607018,-0.053392526140556756,-0.11188883676252952,0.15043241243700511,-0.23903153342295538,-0.2079319111131377,-1.3427450320992307
MMR,2017,0.3131923459065774,0.31307043479421237,3.821955300791719,0.9671230478493349,1.0019848487995338,-0.08682207076426596,-0.1763251637004941,0.15241529402680618,-0.2724610780466645,-0.27236823805110233,-1.3407621505094296
MMR,2018,0.4030721295318541,0.3912906589769059,3.889077157432468,0.9359407248326815,0.9827409295512505,-0.15302520344433626,-0.23418877361121784,0.13500554964365402,-0.33866421072673486,-0.3302318479618261,-1.3581718948925816
MMR,2019,0.40522633100285627,0.40398262201511487,3.801656779414845,0.9984670074681387,1.0229953367939437,-0.15455937221150934,-0.2432698536942976,0.1577404782390626,-0.3401983794939078,-0.3393129280449058,-1.3354369662971732
MMR,2020,0.4686400455180201,,3.9617563960659936,0.9568214725529997,0.9595887276637891,-0.1986978261995583,,0.11648998324203678,-0.3843368334819569,,-1.376687461294199
MMR,2021,0.4462629844058927,,3.7666769427934788,1.0154723320401646,1.0517908639990339,-0.1833439701846514,,0.16698427931451199,-0.36898297746705,,-1.3261931652217236
MMR,2022,0.4512116611832743,,3.814472732280315,0.9965899689826453,0.9874698830372127,-0.186759828609307,,0.1543749984524083,-0.37239883589170547,,-1.3388024460838275
MMR,2023,0.4761467099355433,,3.9337267541490246,0.9831080145459542,0.9696842131337847,-0.20379611093163047,,0.12359018449333965,-0.38943511821402904,,-1.369587260042896
MNG,1995,0.9551951682546921,0.9546391620536456,9.634444493540075,,,0.0,0.0,0.0,-0.6704900187639208,-0.6702056045622834,-2.2653446451486943
MNG,1996,0.9547693185090399,0.9543420595671993,9.585460211898328,1.0002178516624034,1.0051102691533729,0.00021782793617579793,0.00015201018893350955,0.005097256042799489,-0.6702721908277451,-0.6700535943733498,-2.2602473891058947
MNG,1997,0.951123375650746,0.9506504435448144,9.385859475794751,1.0018686377826198,1.0212661117096764,0.0020847219871450266,0.0020427268134485662,0.026140399570331548,-0.6684052967767758,-0.6681628777488348,-2.2392042455783625
MNG,1998,0.9495773007431906,0.9491036466496791,9.393486107053187,1.0007930308313326,0.9991880936245053,0.0028774385356743447,0.002836006051306315,0.025328163420346154,-0.6676125802282467,-0.6673695985109771,-2.2400164817283477
MNG,1999,0.9471645730586418,0.9466407583213203,9.342973565390494,1.001239097977609,1.0054064737857986,0.004115769464950888,0.0041004055603376536,0.030720074691070683,-0.6663742492989702,-0.6661051990019459,-2.2346245704576235
MNG,2000,0.9461834999395282,0.9456311202218183,9.41461902655591,1.0005041010362816,0.9923899776546109,0.004619743484989293,0.00461919672069423,0.02308094837704532,-0.6658702752789317,-0.665586407841589,-2.2422636967716487
MNG,2001,0.9472077505817463,0.9466699215600374,9.269010337046971,0.9994739900547784,1.0157091948562147,0.0040935951480040944,0.004085424357389478,0.03866803102776723,-0.6663964236159168,-0.6661201802048939,-2.226676614120927
MNG,2002,0.9473559787252396,0.9468428740028643,9.098280007494736,0.9999238823588946,1.0187651214747837,0.004017474609804025,0.003996583019491226,0.05725925965597581,-0.6664725441541169,-0.666209021542792,-2.2080853854927183
MNG,2003,0.9419410347844234,0.9413983581465971,8.782933122011714,1.0027884183112787,1.035904507196201,0.006802012494571258,0.006797087972535871,0.09253422472389339,-0.6636880062693499,-0.6634085165897474,-2.172810420424801
MNG,2004,0.9401343246836027,0.939652373233007,8.189389981884272,1.000931229388519,1.0724770882129704,0.007732808557999183,0.007696836598474573,0.16250523334414751,-0.6627572102059216,-0.6625087679638089,-2.102839411804547
MNG,2005,0.9360329478005953,0.9354520339149254,7.7837438165054404,1.002118443742224,1.05211453189385,0.009849011562305382,0.009864696104572909,0.21330721235522004,-0.6606410072016154,-0.6603409084577105,-2.052037432793474
MNG,2006,0.9362827545561331,0.935671543173633,7.374816722215579,0.999870986427499,1.0554491195771722,0.00971998966683768,0.009751287552987447,0.26727359445661353,-0.6607700290970834,-0.660454317009296,-1.9980710506920805
MNG,2007,0.9452271248811808,0.9448902428676305,6.8528713884487935,0.9954018889564917,1.076164472405914,0.005111274793200458,0.005000059486375394,0.34067689991084144,-0.6653787439707205,-0.665205545075908,-1.9246677452378527
MNG,2008,0.9403034240897437,0.939948878938998,6.459390174599259,1.0025375932085192,1.060916155118923,0.007645653748570081,0.007543982896614105,0.39980973202699766,-0.6628443650153507,-0.6626616216656692,-1.8655349131216965
MNG,2009,0.9459181017495092,0.9455936334821236,6.727315710810339,0.9971146382498229,0.9601734855730728,0.0047561213176311855,0.0046384640424600426,0.359168435318527,-0.6657338974462897,-0.6655671405198235,-1.906176209830167
MNG,2010,0.9456004863101587,0.9452854138321695,6.7705044151616125,1.0001632480262959,0.993621050707159,0.004919356020418041,0.004796895927312113,0.35276905359065336,-0.665570662743503,-0.6654087086349713,-1.9125755915580407
MNG,2011,0.9586014428283279,0.9585705034751806,6.013350310313755,0.9933621224645912,1.1259121896739046,-0.001740650203454819,-0.0020092676243677102,0.47136259596340324,-0.6722306689673756,-0.6722148721866511,-1.793982049185291
MNG,2012,0.9714260183010254,0.9633810396314844,5.632315549342662,0.9934947721326366,1.0676515293990518,-0.0082671292783888,-0.00446240276174141,0.5368239999251966,-0.6787571480423098,-0.6746680073240249,-1.7285206452234976
MNG,2013,0.9742810740979616,0.9597571424650332,5.317804642819233,0.9985538757199297,1.059142997467596,-0.009714300205351823,-0.0026149540974524698,0.5942840880873782,-0.6802043189692728,-0.6728205586597358,-1.6710605570613157
MNG,2014,0.9571397112072657,0.9510763213956421,5.033101759592488,1.0087583746794049,1.0565660892280067,-0.000994057601207182,0.0018244245702746882,0.6493081990823095,-0.6714840763651281,-0.6683811799920086,-1.6160364460663845
MNG,2015,0.9442905087203457,0.9437773960187061,5.0602557641185175,1.0066086844683395,0.9946338671814625,0.00559288524836202,0.005572413301433074,0.6439276168582578,-0.6648971335155589,-0.6646331912608503,-1.6214170282904363
MNG,2016,0.9473066077119244,0.9466138045118058,4.999113790803968,0.9984511432459408,1.0122305624302896,0.0040428277756929445,0.00411425197550519,0.6560839902629914,-0.6664471909882279,-0.6660913525867783,-1.609260654885703
MNG,2017,0.9539889337767103,0.9447523628710239,4.8777932529269865,0.9965801617658753,1.0248720131391753,0.0006171285285016009,0.005070955458391305,0.6806517298269781,-0.6698728902354192,-0.6651346491038921,-1.584692915321716
MNG,2018,0.9587796942543421,0.9586217215554579,4.681410993667979,0.9975542116902253,1.0419493737090446,-0.001831655607268895,-0.002035418028707411,0.7217450862859346,-0.6723216743711898,-0.6722410225909907,-1.5435995588627596
MNG,2019,0.9573190572894112,0.9570057166817494,4.583340666531187,1.0007462436742192,1.0213971280496184,-0.0010856902344152752,-0.0012100049928922404,0.7429165097350626,-0.6715757089983362,-0.6714156095551757,-1.5224281354136315
MNG,2020,0.9563651078334217,,4.695701205318854,1.0004876132027554,0.9760716165968151,-0.0005981958763457771,,0.7186971921346803,-0.6710882146402666,,-1.5466474530140137
MNG,2021,0.9621463936847834,,4.657151004745923,0.9970535909705979,1.0082776359481682,-0.003548954113963952,,0.7269407563475551,-0.6740389728778848,,-1.538403888801139
MNG,2022,0.9613647026505807,,4.689081917107752,1.0003985444589403,0.9931903701137461,-0.0031504890527715122,,0.7201078351346097,-0.6736405078166924,,-1.5452368100140843
MNG,2023,0.9592094505028197,,4.54753524063468,1.0011000621435384,1.0311260207965571,-0.0020510315342167624,,0.7507592643162045,-0.6725410502981376,,-1.5145853808324894
MOZ,1995,0.7222100723548449,0.7212337904992774,22.20858347331501,,,0.0,0.0,0.0,-0.5436083918023936,-0.5430413537320142,-3.10047885709323
MOZ,1996,0.6843254836999839,0.6830313735366805,20.78869341801473,1.022492439271084,1.0683010724507513,0.022243214551573215,0.022444797261158698,0.06606960385458069,-0.5213651772508204,-0.5205965564708557,-3.0344092532386497
MOZ,1997,0.6647321283502868,0.6625533873860114,19.239592880370516,1.0117696745416416,1.080516284688368,0.03394416518688674,0.03468674798635378,0.14350857214344953,-0.5096642266155069,-0.5083546057456604,-2.9569702849497808
MOZ,1998,0.6236986238863222,0.6236123663250788,17.8140401094334,1.0252716260642945,1.0800241136867217,0.05890174370902111,0.05838783117021149,0.22049194051802842,-0.48470664809337244,-0.4846535225618026,-2.8799869165752017
MOZ,1999,0.6158601685118235,0.6156373823365173,16.400576288582812,1.0048509490655482,1.0861837898851496,0.06374096483362111,0.06331181093128065,0.3031623833327245,-0.47986742696877244,-0.47972954280073365,-2.797316473760506
MOZ,2000,0.6712053142174457,0.6706888817231399,16.590180776220155,0.9668830961493573,0.9885712826041584,0.030063280666039815,0.02980530833391381,0.29166785625222547,-0.5135451111363537,-0.5132360453981003,-2.8088110008410045
MOZ,2001,0.6676835737211905,0.6638325527238897,15.170847950053536,1.0021117558221173,1.093556591618309,0.03217280986600155,0.03391764576913487,0.38110316878514955,-0.511435581936392,-0.5091237079628794,-2.7193756883080806
MOZ,2002,0.6413122202198149,0.6369032280883998,14.125603341214285,1.0160672376507645,1.0739964576089673,0.04811233562269472,0.050235172491500224,0.4524898665507103,-0.49549605617969894,-0.492806181240514,-2.64798899054252
MOZ,2003,0.6701884062726835,0.6644070533689527,13.534149022123838,0.9827108211598051,1.043700887150246,0.030671953609860872,0.0335724178295855,0.49526280839924447,-0.5129364381925328,-0.5094689359024287,-2.6052160486939857
MOZ,2004,0.6465743300303372,0.6376443221305065,12.85023118295261,1.0143413363196978,1.0532222206304371,0.044911425723289135,0.04978253343624489,0.5471170550225818,-0.4986969660791045,-0.49325882029576923,-2.5533618020706483
MOZ,2005,0.6160663608030253,0.6064679123323492,12.534797787501933,1.0188779186098225,1.0251646177942484,0.06361336769327065,0.0690034280070455,0.5719702574438122,-0.4799950241091229,-0.4740379257249688,-2.528508599649418
MOZ,2006,0.6005102909056282,0.5917559261143936,11.834055904974093,1.0097194438459967,1.0592140081266055,0.07328588158858086,0.07820359080563781,0.6294973887520249,-0.47032251021381266,-0.4648377629263764,-2.4709814683412055
MOZ,2007,0.6104752867678851,0.6033961706295091,11.496102941216742,0.9938123882159932,1.029397176198353,0.0670790471990765,0.07091736738961064,0.6584707538318291,-0.47652934460331703,-0.47212398634240355,-2.442008103261401
MOZ,2008,0.5927766723758489,0.587315034427035,11.379315226595441,1.011111799098386,1.0102631583971193,0.07812956381240521,0.080997422482308,0.6686816036154286,-0.4654788279899884,-0.4620439312497062,-2.431797253477802
MOZ,2009,0.6105104559243685,0.6061739355204846,11.073019120661678,0.9889887187734269,1.0276614808116993,0.0670572096876472,0.06918644050990606,0.6959674175963351,-0.47655118211474634,-0.47385491322210815,-2.404511439496895
MOZ,2010,0.6161309415173684,0.6123855939376937,10.73600318235137,0.9965222585320206,1.0313911921025063,0.06357340681940628,0.06532653605726224,0.7268759804452289,-0.4800349849829874,-0.477714817674752,-2.3736028766480013
MOZ,2011,0.6468157138498535,0.644149085429571,10.425691412323395,0.9813672094124289,1.0297641429959434,0.04476483888314395,0.04581837664175725,0.7562057690825804,-0.4988435529192494,-0.49722297709025687,-2.3442730880106497
MOZ,2012,0.650931224100275,0.6478330862871292,10.23570594613134,0.9975071582690163,1.0185610515964327,0.04226888484881662,0.043580209966923744,0.7745966666280878,-0.5013395069535769,-0.49946114376509043,-2.3258821904651423
MOZ,2013,0.7032522868552058,0.700916672749299,10.166246430002321,0.9692816718000518,1.0068323659678395,0.01106885848952568,0.011874028732018288,0.7814057977561486,-0.5325395333128679,-0.531167324999996,-2.319073059337082
MOZ,2014,0.8430294072882297,0.8114200545234848,10.001252123613307,0.9241590395246665,1.0164973649648785,-0.06780224296430402,-0.05106974444921589,0.7977685595762674,-0.6114106347666975,-0.5941110981812301,-2.302710297516963
MOZ,2015,0.8110324598574533,0.8085816765223867,9.739375294455513,1.0176677934493206,1.0268884626827015,-0.05028871065854938,-0.04950158023624375,0.8243018796419765,-0.5938971024609428,-0.5925429339682577,-2.2761769774512537
MOZ,2016,0.8464758988263252,0.8325815372222082,9.791317743182447,0.9808048190656588,0.9946950502384522,-0.06967051106781394,-0.0626842951302897,0.8189828086707631,-0.6132789028702075,-0.6057256488623037,-2.281496048422467
MOZ,2017,0.8076228558672874,0.8073398825678971,9.694818840088326,1.0214939985035738,1.0099536571735714,-0.04840425098958812,-0.04881473237020695,0.8288872544846659,-0.5920126427919815,-0.5918560861022211,-2.2715916026085643
MOZ,2018,0.8058532437843047,0.8056197148889613,9.771913126394399,1.0009799312812788,0.9921106250834509,-0.04742479952753294,-0.04786251147622122,0.8209665937910394,-0.5910331913299265,-0.5909038652082353,-2.2795122633021907
MOZ,2019,0.8040904011586996,0.803826206984072,9.879097737555526,1.000977136525128,0.9891503643340156,-0.04644814008953838,-0.046868725675675994,0.810057671613336,-0.590056531891932,-0.5899100794076902,-2.290421185479894
MOZ,2020,0.7865680934805698,,10.244442253144802,1.0098078028719257,0.9643372956222069,-0.0366881215308184,,0.7737435177681908,-0.5802965133332119,,-2.3267353393250394
MOZ,2021,0.8196501248779219,,10.429790978075383,0.9818195646816602,0.9822289128017806,-0.05503585172794551,,0.7558126287343452,-0.5986442435303391,,-2.3446662283588853
MOZ,2022,0.8225328922333106,,10.698512555636398,0.9984182631942208,0.9748823421794794,-0.056618840800064185,,0.730374138780566,-0.6002272326024577,,-2.370104718312664
MOZ,2023,0.8067584052658753,,10.545705369375376,1.0087308225169784,1.0144899919833503,-0.04792591151434175,,0.7447601540411202,-0.5915343033167354,,-2.3557187030521103
MRT,1995,0.684716615958712,0.6772443709326371,4.132996554433856,,,0.0,0.0,0.0,-0.5215973692204755,-0.51715219132623,-1.419002701857304
MRT,1996,0.6502396791670412,0.6418423109447462,3.7861557293169548,1.0208920784216464,1.0916076490016624,0.02067683175597588,0.021333219655039058,0.08765151697449386,-0.5009205374644994,-0.4958189716711909,-1.33135118488281
MRT,1997,0.6780836715446278,0.6709349716727454,4.000542755741332,0.9834072681537047,0.9464105148940848,0.003944898566042249,0.0037688582854464524,0.03257266100699111,-0.517652470654433,-0.5133833330407835,-1.3864300408503127
MRT,1998,0.6657920119722327,0.6647515978528005,3.9782974937046105,1.0073788681204219,1.0055916537342728,0.011296676023091583,0.0074762695026278315,0.038148739479527995,-0.5103006931973838,-0.5096759218236021,-1.380853962377776
MRT,1999,0.6553762468477834,0.6545293226096669,3.9291658764326494,1.0062920832314002,1.0125043377696663,0.017569046744088414,0.01363562016046353,0.050575543685862326,-0.5040283224763868,-0.5035165711657664,-1.3684271581714416
MRT,2000,0.6873982428466364,0.6863197572923256,4.202811796866668,0.981022858039231,0.9348897991011562,-0.00159047219059549,-0.005396304655849288,-0.016751074877747126,-0.5231878414110709,-0.5225484959820793,-1.435753776735051
MRT,2001,0.7026796772594073,0.7015499002400725,4.334900680783406,0.9910250679462108,0.9695289711013941,-0.010605921556002214,-0.014387350408009064,-0.04769599710545202,-0.5322032907764775,-0.5315395417342389,-1.466698698962756
MRT,2002,0.7150929873278443,0.7142417235181057,4.407545919287595,0.9927623107550705,0.9835179848753722,-0.0178699299438115,-0.021818647796095814,-0.06431535182132928,-0.539467299164287,-0.5389708391223257,-1.4833180536786332
MRT,2003,0.7065121768321456,0.7056981227927887,4.289953828146123,1.0050282738161456,1.027411038871784,-0.012854255678108526,-0.016822291788396223,-0.03727326835480231,-0.534451624898584,-0.5339744831146261,-1.4562759702121062
MRT,2004,0.7119911065009409,0.7108846874837135,4.243719496436449,0.9967996739889652,1.0108947661947256,-0.01605971368472955,-0.019858406504812205,-0.026437422562250523,-0.5376570829052051,-0.5370105978310421,-1.4454401244195545
MRT,2005,0.6886794080258252,0.6876512499587462,4.056444972010188,1.013804691621347,1.0461671551613472,-0.002349438881042846,-0.006185578027007783,0.018695734482702436,-0.5239468081015183,-0.5233377693532377,-1.4003069673746014
MRT,2006,0.6089861611103461,0.6077896423818033,3.57169761745798,1.049530100905581,1.1357190351677104,0.045993102173043296,0.04229184854136281,0.14596169599356137,-0.4756042670474321,-0.4748603427848673,-1.2730410058637425
MRT,2007,0.6755838072677951,0.6746793585246815,3.806782794665713,0.9602540643633677,0.9382457077569155,0.005435723017562271,0.0015304721202886939,0.08221828028325323,-0.516161646202913,-0.5156217192059414,-1.3367844215740505
MRT,2008,0.7038128694266723,0.703533407330292,3.9564913479055264,0.9834318294776256,0.9621612838053935,-0.011271234744587973,-0.01555237759554284,0.043645092597708025,-0.5328686039650634,-0.5327045689217729,-1.3753576092595958
MRT,2009,0.7326942764333835,0.7326632649102391,4.082286755662019,0.9833315043516151,0.9691850633515596,-0.028080213044107304,-0.03250749291612857,0.012345391122181982,-0.5496775822645827,-0.5496596842423583,-1.406657310735122
MRT,2010,0.7371154660646443,0.7370929683467433,4.118819099979865,0.9974548671532601,0.9911303838719149,-0.03062859024749914,-0.035060816864741086,0.00343620579949363,-0.5522259594679746,-0.5522130081909709,-1.41556649605781
MRT,2011,0.7378333652033215,0.734918720416358,4.082027454679504,0.9995868998990054,1.0090130812957137,-0.031041775697846455,-0.033808373952964633,0.012408911701111643,-0.5526391449183219,-0.5509605652791945,-1.4065937901561922
MRT,2012,0.7434182120484264,0.7278711775763433,4.041567469847663,0.9967966109298909,1.010010963601052,-0.03425030660252363,-0.02973792626295347,0.022370097545910548,-0.5558476758229989,-0.5468901175891833,-1.3966326043113932
MRT,2013,0.7111849024468274,0.7049855505973692,3.999842176264998,1.018836836133552,1.0104317349895109,-0.015588686739628427,-0.016404444650388907,0.03274779744956951,-0.5371860559601038,-0.5335566359766188,-1.3862549044077344
MRT,2014,0.7291057807142094,0.6918625234015586,3.942143791839904,0.9896357536552913,1.0146362962570081,-0.026007015895075997,-0.008677815612059388,0.04727801691738189,-0.5476043851155515,-0.5258300069382894,-1.371724684939922
MRT,2015,0.7330385278248874,0.6768715338349631,3.823979834713564,0.9977307214770267,1.0309007793539244,-0.028278873132509597,0.00022231616902655433,0.07771098003101662,-0.5498762423529849,-0.5169298751572033,-1.3412917218262874
MRT,2016,0.7097786487674723,0.6789695006841013,3.861695636415471,1.0136040294304662,0.9902333572469434,-0.014766547750123562,-0.0010280214368839629,0.06789633079209485,-0.5363639169705992,-0.518180212763114,-1.351106371065209
MRT,2017,0.7222144813643441,0.6587347416517734,3.733744115436549,0.9927791615205672,1.0342689581886257,-0.022013582666733745,0.011097083407032264,0.10159118735681834,-0.5436109518872092,-0.5060551079191977,-1.3174115145004857
MRT,2018,0.7352135792661465,0.652187385253408,3.7010237908762775,0.9925086467411695,1.0088408846873487,-0.02953313704369251,0.015052093329913573,0.11039322024474381,-0.5511305062641679,-0.5021000979963164,-1.3086094816125602
MRT,2019,0.7452017305448616,0.6566527439978775,3.817063676427082,0.9942767927031582,0.9695996987769869,-0.035272784648952935,0.012353043946542323,0.07952124591030955,-0.5568701538694282,-0.5047991473796876,-1.3394814559469943
MRT,2020,0.7627138541553363,,3.8296036496801276,0.9900652487814785,0.9967255166852337,-0.045257214814202675,,0.07624138974297043,-0.566854584034678,,-1.3427613121143334
MRT,2021,0.7712075809211545,,3.9238677205313204,0.9952045560004882,0.9759767460156816,-0.05006419384713658,,0.05192487108648195,-0.571661563067612,,-1.367077830770822
MRT,2022,0.7386295975664073,,3.8444299958420443,1.0187377365485708,1.020663069629358,-0.031499846090389506,,0.07237735544388993,-0.5530972153108649,,-1.3466253464134141
MRT,2023,0.6909065374677617,,3.7274593518385863,1.0282233577321866,1.031380796666706,-0.003667428599458544,,0.10327583919935329,-0.525264797819934,,-1.3157268626579508
MUS,1995,0.5650795693210489,0.5616897767725856,3.589436700384846,,,0.0,0.0,0.0,-0.4479366657162988,-0.44576842527302807,-1.2779952822180491
MUS,1996,0.5642936604696702,0.5622048882120129,3.5133683206532873,1.0005024049328068,1.0216511258681282,0.0005022787697034643,-0.00032978797260336027,0.021420069382312758,-0.4474343869465952,-0.4460982132456315,-1.2565752128357361
MUS,1997,0.5535988935201357,0.5506352038272708,3.437626290464404,1.006883866224507,1.0220332356658381,0.007362559365455096,0.007103769369794166,0.04321408085603123,-0.44057410635084365,-0.43866465590323384,-1.2347812013620179
MUS,1998,0.547753517401256,0.5443317137276392,3.3549456920154865,1.0037766841122702,1.0246443924996136,0.01113212971162257,0.01117715624818256,0.06755969910411025,-0.43680453600467606,-0.43459126902484535,-1.2104355831139388
MUS,1999,0.5847665979295129,0.580263148584969,3.4017198431642863,0.976644459457554,0.9862498520438737,-0.012500473942788543,-0.011822957635301756,0.05371414226315994,-0.46043713965908717,-0.45759138290832985,-1.2242811399548892
MUS,2000,0.5667710155989176,0.5618750064096933,3.2439988247602347,1.0114857768949195,1.048619320451113,-0.0010801578149799802,-0.00011860143789698243,0.1011885082460103,-0.44901682353127875,-0.44588702671092506,-1.176806773972039
MUS,2001,0.5800118643270962,0.5751712849931476,3.2462605834633425,0.9916197789224719,0.9993032725978225,-0.00949569036216608,-0.008595593468058911,0.10049153801650011,-0.45743235607846494,-0.45436401874108706,-1.177503744201549
MUS,2002,0.5935998697705877,0.5889400907256094,3.2915630688178257,0.9914733894616546,0.9862367864727701,-0.01805886041163097,-0.01729875906960378,0.08663273335845574,-0.4659955261279296,-0.46306718434263194,-1.1913625488595931
MUS,2003,0.5892414995311558,0.5846456444177411,3.2271332808552464,1.0027424216147875,1.0199650223140162,-0.015320192373972023,-0.014592388870422674,0.10640106821765294,-0.46325685809027056,-0.4603608141434509,-1.171594214000396
MUS,2004,0.5854569203588755,0.581000670899324,3.2044807769539023,1.0023870589756698,1.007069009140032,-0.012935977897819398,-0.01228955730546553,0.11344520904003788,-0.4608726436141181,-0.45805798257849345,-1.1645500731780112
MUS,2005,0.6098860663919271,0.6057312740541252,3.256534294839004,0.9848255435319085,0.9840156702886265,-0.028226744559831558,-0.02781085000818282,0.09733175207341892,-0.47616341027613046,-0.47357927528121097,-1.1806635301446302
MUS,2006,0.6220663960793894,0.6171903163318845,3.243241843387085,0.9924908562825153,1.004098507633349,-0.03576422383664796,-0.03492184557111669,0.10142188370263602,-0.4837008895529467,-0.48069027084414473,-1.176573398515413
MUS,2007,0.6084941649486757,0.6035786818260566,3.1386672837974703,1.0084378491551114,1.0333181411516452,-0.027361774338800025,-0.026469382477488434,0.13419700430623877,-0.47529844005509875,-0.4722378077505164,-1.1437982779118103
MUS,2008,0.6019239744209832,0.5976429538937029,3.1237269900108258,1.0041014371671835,1.0047828423656808,-0.023268725137712616,-0.02276096399833882,0.1389684452211471,-0.47120539085401136,-0.4685293892713669,-1.1390268369969019
MUS,2009,0.6065465742332455,0.6022682241621506,3.1562352676610743,0.9971226481159013,0.9897002995995484,-0.02615022455659904,-0.025651840170993333,0.12861533585914875,-0.4740868902728978,-0.4714202654440214,-1.1493799463589005
MUS,2010,0.6132739410971629,0.6089229867071537,3.161482156147456,0.9958299909937539,0.9983403706782972,-0.030328952296976047,-0.029796577519076245,0.12695432782705984,-0.47826561801327483,-0.47556500279210445,-1.151040954390989
MUS,2011,0.609865053906689,0.6053822124702284,3.141543089754943,1.0021174987196606,1.0063469020869196,-0.028213692317932724,-0.027593441569187156,0.1332811731517317,-0.47615035803423145,-0.4733618668422152,-1.1447141090663173
MUS,2012,0.611975494233266,0.6074353616254048,3.146454861782932,0.9986907739391032,0.9984389504239682,-0.029523776164040297,-0.028871540550730403,0.13171890386829616,-0.477460441880339,-0.4746399658237583,-1.146276378349753
MUS,2013,0.6034172167127869,0.5987971173896379,3.123300637787028,1.0053375237781372,1.0074133830460552,-0.024200446480799737,-0.023483119596663844,0.13910494284845462,-0.47213711219709853,-0.46925154486969195,-1.1388903393695944
MUS,2014,0.5980867393025662,0.5939226834387884,3.0922572601798217,1.0033355369762638,1.0100390669324197,-0.020870460068679316,-0.020429649175056512,0.14909395308467432,-0.4688071257849781,-0.46619807444808464,-1.1289013291333745
MUS,2015,0.584435428050098,0.5802871657782686,3.0531288894433732,1.0086158836206207,1.0128158266988794,-0.012291481345973606,-0.011838155743802684,0.1618283520477624,-0.4602281470622722,-0.4576065810168307,-1.1161669301702866
MUS,2016,0.5745986989147044,0.5708986340227078,2.9978123251003694,1.0062471340425811,1.0184523106666297,-0.00606377975583464,-0.005879408699588801,0.18011248453033915,-0.45400044547213353,-0.4516478339726168,-1.0978827976877097
MUS,2017,0.5681201310149638,0.5643876156861682,2.956538749719819,1.004131423206427,1.013960099587554,-0.001940867444908381,-0.0017260222602700883,0.19397603940594044,-0.44987753316120715,-0.4474944475332982,-1.0840192428121087
MUS,2018,0.5553688976082674,0.549954866724937,2.9509709755685583,1.0081982052144056,1.0018867600519819,0.006223915031848073,0.00754261300779311,0.19586102176188136,-0.4417127506844506,-0.4382258122652349,-1.0821342604561677
MUS,2019,0.5570303941705385,0.5528656142976034,2.954745860257922,0.9989329067894296,0.998722433377389,0.005156252071964445,0.005666417820662821,0.19458263835529468,-0.4427804136443342,-0.4401020074523652,-1.0834126438627545
MUS,2020,0.6827332451136036,,3.3830371405369273,0.9252984088190529,0.8734003611290443,-0.07248273729456471,,0.05922141389950899,-0.5204194030108634,,-1.21877386831854
MUS,2021,0.6696962887449949,,3.278570947974953,1.007807980682767,1.0318633313781114,-0.06470508114633039,,0.09058764135397925,-0.512641746862629,,-1.1874076408640697
MUS,2022,0.610646716651433,,3.147993948520116,1.0366620261805939,1.0414794315332856,-0.02869911998644117,,0.13122987398998906,-0.47663578570274,,-1.14676540822806
MUS,2023,0.5911588316326816,,3.106938662669777,1.0122476050984521,1.0132140638447815,-0.016525909978146246,,0.14435739365962708,-0.4644625756944451,,-1.133637888558422
MWI,1995,0.46954453249286005,0.4693167291117585,9.707649732856357,,,0.0,0.0,0.0,-0.3849525109381523,-0.3847974826048764,-2.272914206955552
MWI,1996,0.4291098810748846,0.42788865487983874,8.802536935266149,1.0282935916638987,1.1028240840392272,0.02790072126227589,0.02860059450074103,0.09787423891999414,-0.3570517896758765,-0.35619688810413574,-2.175039968035558
MWI,1997,0.40866379911314776,0.40830170065522653,8.486540904796616,1.014514522183795,1.0372349622790282,0.04231091606533427,0.042412971789314684,0.1344327213634361,-0.34264159487281803,-0.34238451081556187,-2.138481485592116
MWI,1998,0.3968841277851789,0.395066020205565,8.364718158516531,1.0084328192250605,1.0145638793766232,0.05070837770736209,0.051855742139169096,0.1488915660292105,-0.3342441332307901,-0.33294174046570735,-2.1240226409263414
MWI,1999,0.38777020240572696,0.37966489775533324,8.332046524431416,1.0065673159458624,1.0039212015906673,0.05725422278656803,0.06295684063671274,0.1528050997472338,-0.3276982881515841,-0.3218406419681638,-2.120109107208318
MWI,2000,0.36490295291866515,0.36082358463747766,8.257970357991672,1.0167537548645222,1.0089702630584108,0.07386918159160644,0.07670738920531617,0.16173536898808444,-0.31108332934654576,-0.30809009339956056,-2.111178837967467
MWI,2001,0.3503586543477101,0.34537468381193037,8.73922924847272,1.0107706930481966,0.9449311973861823,0.08458228388461679,0.08812493302112015,0.10509220785038301,-0.3003702270535354,-0.2966725495837566,-2.167821999105169
MWI,2002,0.37597650169382196,0.3715305922754188,8.460779614571855,0.9813820604388401,1.0329106354952557,0.06578884883021521,0.06887014575238695,0.13747288456057102,-0.31916366210793706,-0.3159273368524897,-2.135441322394981
MWI,2003,0.3755262503373309,0.3715718314022881,8.040990452080129,1.000327330253698,1.0522061510946243,0.06611612552305335,0.06884007824450482,0.18836194079478064,-0.3188363854150989,-0.3159574043603716,-2.084552266160771
MWI,2004,0.3438457901889993,0.3383828057103796,7.7916184436499005,1.0235744758659222,1.0320051617303543,0.08941701486297679,0.09333545889592068,0.21986560951834325,-0.29553549607517554,-0.29146202370895596,-2.0530485974372086
MWI,2005,0.3079010950767873,0.30479451546832437,7.898746896634898,1.0274827318728574,0.9864372850039494,0.11652887614685181,0.11875191363950018,0.20621008074329322,-0.26842363479130044,-0.26604556896537646,-2.0667041262122585
MWI,2006,0.29376871382768843,0.2904480033916378,8.215266915844591,1.0109234217043996,0.9614717303220875,0.1273930682168755,0.12980803507143665,0.16691996471665932,-0.25755944272127657,-0.25498944753343994,-2.1059942422388924
MWI,2007,0.28897938610520757,0.2867926804161786,8.204527868323096,1.0037155968311893,1.00130891718498,0.13110177926940622,0.13264465444458476,0.16822802601631465,-0.2538507316687458,-0.25215282816029166,-2.1046861809392374
MWI,2008,0.29686247114494363,0.2960098447972137,8.46303860521853,0.9939214178718765,0.9694541465596022,0.12500464735179095,0.12550728840949896,0.13720592463099093,-0.2599478635863613,-0.25929019419537763,-2.1357082823245612
MWI,2009,0.2642239768690316,0.2635737988300618,8.110307290955165,1.0258170188772597,1.0434917323856199,0.1504940340209446,0.15085342820956396,0.17977844916933666,-0.23445847691720773,-0.23394405439531274,-2.0931357577862153
MWI,2010,0.21167692341262082,0.20954617915959609,7.784459590376159,1.0433672148417374,1.041858743923836,0.19294722366682376,0.19455225189406292,0.2207848208579597,-0.1920052872713285,-0.19024523071081367,-2.052129386097592
MWI,2011,0.19709979362972704,0.196889258076119,7.2029106508091365,1.012177038088608,1.0807380471256707,0.20505071805482109,0.2050715765360659,0.29842900556658664,-0.1799017928833312,-0.17972590606881064,-1.974485201388965
MWI,2012,0.17987258998212718,0.17973058373745526,7.047993870865715,1.0146009016514748,1.0219802659851622,0.21954605288167234,0.21951138906258702,0.32017118794950417,-0.1654064580564799,-0.16528609354228957,-1.9527430190060477
MWI,2013,0.1535015241057235,0.14157604223391773,6.503891944110727,1.0228617520872791,1.0836578976758173,0.24215039101934033,0.2523876817746637,0.40051344860716576,-0.14280211991881187,-0.13240980083021264,-1.8724007583483862
MWI,2014,0.05443160483429892,0.053518231290346614,6.047472708430641,1.0939557566533613,1.075472723513709,0.3319506523853972,0.3326622230436734,0.473273756331711,-0.05300185855275501,-0.052135259561203115,-1.799640450623841
MWI,2015,0.031023800663296353,0.03028030881632776,5.805536655917037,1.0227034566572988,1.0416733313133113,0.35440022114233893,0.3549665729060528,0.5141021488922775,-0.03055228979581327,-0.029830909698823717,-1.7588120580632745
MWI,2016,0.04138425610392471,0.03845934404982956,5.626069186976917,0.9900512655344059,1.0318992644732394,0.34440166731621197,0.34705926776146345,0.5455031992427571,-0.040550843621940426,-0.037738214843413186,-1.7274110077127947
MWI,2017,-0.0,-0.0,5.34853197291944,1.0413842561039246,1.0518903533647546,0.38495251093815225,0.3847974826048766,0.5960920812866938,0.0,0.0,-1.676822125668858
MWI,2018,0.05557306966628473,0.014724738647125254,5.372631924841183,0.947352702277774,0.9955143117453638,0.3308686974900996,0.37018010034182774,0.5915963021448085,-0.054083813448052465,-0.014617382263048827,-1.6813179048107434
MWI,2019,0.041537051702911935,-0.0,5.323684373988402,1.0134762541000573,1.0091942999273098,0.3442549545252018,0.3847974826048766,0.600748591803546,-0.040697556412950454,0.0,-1.672165615152006
MWI,2020,0.06496274718183578,,5.4920291121938,0.9780032723765087,0.9693474424904948,0.3220126915605346,,0.5696164182274238,-0.06293981937761775,,-1.7032977887281282
MWI,2021,0.07510063567756718,,5.545818648349351,0.9905702888089707,0.9903008844020601,0.31253823915631435,,0.5598699598369334,-0.07241427178183785,,-1.7130442471186185
MWI,2022,0.09840326554972965,,6.0677667583695065,0.9787849958179978,0.9139801955471981,0.2910949624650028,,0.4699235841827262,-0.09385754847314956,,-1.8029906227728256
MWI,2023,0.10562912154844384,,6.695762214528299,0.9934644847373464,0.9062100122378624,0.2845379972135779,,0.3714393859687761,-0.10041451372457447,,-1.9014748209867758
MYS,1995,0.7673802572077725,0.7243407952515453,3.386721711880625,,,0.0,0.0,0.0,-0.5694983695107876,-0.5448448297660268,-1.219862406858198
MYS,1996,0.7610741542173207,0.7283866183157222,3.3586538221701314,1.003580827630313,1.008356886775654,0.00357443173091549,-0.002343553041574339,0.008322161327655517,-0.565923937779872,-0.5471883828076012,-1.2115402455305424
MYS,1997,0.7795491047399012,0.7489141062917354,3.405705724319037,0.9896181844752857,0.9861843899744704,-0.006861650760440831,-0.014150254882524416,-0.005589772447980619,-0.5763600202712285,-0.5589950846485511,-1.2254521793061786
MYS,1998,0.8357994669483217,0.8160809517882776,3.7591664156116154,0.9693592011430712,0.905973651545546,-0.03798169392723557,-0.05183602639547459,-0.10433482798934215,-0.6074800634380232,-0.5966808561615015,-1.32419723484754
MYS,1999,0.8028388481449606,0.7661932441401786,3.647922007241214,1.0182826206775366,1.030495281464236,-0.019864190873824496,-0.023981691197226294,-0.07429528553137485,-0.5893625603846122,-0.5688265209632531,-1.2941576923895728
MYS,2000,0.7916255796721691,0.7286098064864772,3.527175535098677,1.0062587119764403,1.0342331905347486,-0.013624983295881972,-0.0024726756345071752,-0.0406350121106938,-0.5831233528066695,-0.547317505400534,-1.2604974189688918
MYS,2001,0.81650645023035,0.7406553352355825,3.6208428873543,0.9863028999676685,0.9741310641832172,-0.027416754073312788,-0.00941684199908161,-0.06684443368661466,-0.5969151235841005,-0.5542616717651082,-1.2867068405448125
MYS,2002,0.8035956741847966,0.7582628945732839,3.5719682050861423,1.007158353854108,1.0136828435926628,-0.020283899617327062,-0.019481500167250296,-0.0532543549647433,-0.5897822691281148,-0.564326329933277,-1.2731167618229413
MYS,2003,0.8062600719351214,0.7119480523355878,3.5129793506430844,0.9985249091248135,1.0167916883520136,-0.021760079510123608,0.007212895768765475,-0.03660208842446605,-0.5912584490209112,-0.5376319339972613,-1.256464495282664
MYS,2004,0.7968852363420748,0.7039334073945087,3.4014248844328434,1.0052172700868371,1.032796392688484,-0.01655637222345799,0.011905482290094267,-0.0043320206296077555,-0.5860547417342455,-0.5329393474759325,-1.2241944274878056
MYS,2005,0.7838517500382555,0.7044243766912653,3.331588600516466,1.0073063730231728,1.0209618570268704,-0.009276561439713062,0.01161738501201812,0.016413159409308094,-0.5787749309505007,-0.5332274447540087,-1.2034492474488898
MYS,2006,0.7704768842807422,0.690339467197097,3.2911793885114102,1.0075543859828175,1.0122780338702027,-0.0017505669335557727,0.01991545283839049,0.02861642956716813,-0.5712489364443433,-0.5249293769276363,-1.1912459772910298
MYS,2007,0.7589089839992363,0.6893273330965554,3.236152662454682,1.0065767475103824,1.0170037485237144,0.004804648130333648,0.02051440781863403,0.04547723249082427,-0.564693721380454,-0.5243304219473927,-1.1743851743673737
MYS,2008,0.763398051179465,0.6881512513316084,3.191734665752844,0.9974543086416442,1.0139165693121177,0.00225571099005567,0.02121083373701197,0.059297855489837084,-0.5672426585207319,-0.5236339960290147,-1.160564551368361
MYS,2009,0.7920559155161266,0.7108218456031813,3.361460509989361,0.9840083871889634,0.9495083033901074,-0.01386514741013356,0.007870963244307484,0.00748685173508114,-0.5833635169209211,-0.5369738665217193,-1.2123755551231168
MYS,2010,0.7771091449392655,0.7117592764612783,3.332152947490865,1.008410721772169,1.0087953833333385,-0.005489598675520998,0.007323171476570763,0.01624378099879124,-0.5749879681863086,-0.5375216582894559,-1.2036186258594066
MYS,2011,0.7740601475729598,0.7156439193468453,3.390420933502997,1.001718655013178,0.9828139375154432,-0.0037724188598748922,0.0050563564407803425,-0.0010916760007324328,-0.5732707883706625,-0.5397884733252465,-1.2209540828589303
MYS,2012,0.7752091955450614,0.7085861427486577,3.3677378114456986,0.9993527253154247,1.0067354180542816,-0.004419903117147719,0.009178618359298167,0.005621160466277167,-0.5739182726279354,-0.5356662114067287,-1.2142412463919205
MYS,2013,0.795480965415657,0.6810189733651733,3.428641875190545,0.9887095601339875,0.9822366797227952,-0.015774563844758883,0.025444688451922787,-0.012301821153924718,-0.5852729333555465,-0.519400141314104,-1.2321642280121228
MYS,2014,0.7902263788314074,0.6692164504158988,3.408570496333401,1.0029351520267955,1.0058885033707634,-0.012843710966292055,0.03249050480979956,-0.006430587258057426,-0.5823420804770798,-0.5123543249562272,-1.2262929941162555
MYS,2015,0.7830847439800189,0.6536600631672742,3.4163832647759773,1.0040052133671715,0.9977131463781805,-0.008846497113451767,0.04185377837015944,-0.008720059722989733,-0.5783448666242393,-0.5029910513958673,-1.2285824665811877
MYS,2016,0.7834576210233405,0.6437290259123328,3.4086028225196454,0.9997909246404701,1.0022825898649526,-0.009055594332281489,0.047877372804739644,-0.006440071008794789,-0.578553963843069,-0.496967456961287,-1.2263024778669926
MYS,2017,0.7792546034615938,0.6514630022115647,3.3784734501557963,1.0023622350357109,1.0089180432548492,-0.00669614498764379,0.04318326670440003,0.0024384413499628672,-0.5761945144984313,-0.5016615630616267,-1.2174239655082348
MYS,2018,0.7850324758250806,0.6585773530869977,3.36999719735332,0.9967631556054373,1.0025152106384936,-0.009938239294851797,0.03888461105857581,0.0049504941401725365,-0.5794366088056393,-0.505960218707451,-1.2149119127180255
MYS,2019,0.7891837268538169,0.6528485583688332,3.361111542201241,0.997679807296238,1.002643665656588,-0.012261127816390159,0.042344631355963926,0.007590671459354665,-0.5817594973271778,-0.502500198410063,-1.2122717353988433
MYS,2020,0.8385824803814815,,3.624741594552606,0.9731321525932222,0.9272692837614802,-0.039496514109366755,,-0.06792059464624646,-0.6089948836201544,,-1.2877830015044442
MYS,2021,0.8345194382041066,,3.5905357349127613,1.0022147719412298,1.0095266729438848,-0.03728419116020682,,-0.05843901428904708,-0.6067825606709945,,-1.278301421147245
MYS,2022,0.7968071139671843,,3.4025581016817616,1.0209885212184278,1.055245973063058,-0.01651289472606115,,-0.004665124713409625,-0.5860112642368488,,-1.2245275315716075
MYS,2023,0.7891549011383729,,3.3720710362191846,1.0042769985002096,1.009041050777139,-0.012245016588001168,,0.00433530044606431,-0.5817433860987887,,-1.2155271064121336
NAM,1995,0.5426894404878974,0.4143988831334784,3.4045266755773236,,,0.0,0.0,0.0,-0.43352728318695805,-0.3467046232611383,-1.2251059212978581
NAM,1996,0.550500778343385,0.49494690219505705,3.3316349602379733,0.9949620548634401,1.0218786620410971,-0.00505067836637104,-0.05538606602438711,0.02164275874583996,-0.43857796155332923,-0.40209068928552555,-1.2034631625520182
NAM,1997,0.5388389348973718,0.4604521211038872,3.1981237535913083,1.0075783392150726,1.0417467293117533,0.0024990894942224723,-0.03204143650959681,0.06254161045178913,-0.4310281936927358,-0.3787460597707351,-1.162564310846069
NAM,1998,0.542796454004575,0.5239347681879154,3.189646717863953,0.9974348404179106,1.0026576722995304,-6.936574684154493e-05,-0.07459103006093824,0.06519575738509117,-0.43359664893379973,-0.42129565332207664,-1.1599101639127671
NAM,1999,0.5254214588446372,0.4976202083654136,3.163734017280611,1.0113902915546353,1.0081905433395488,0.011256544854257504,-0.05717269722275425,0.07335294026096485,-0.42227073833270057,-0.40387732048389263,-1.1517529810368934
NAM,2000,0.5104505393387708,0.473404266011172,3.113486630889273,1.0099115589130248,1.0161386228200977,0.02111930644070057,-0.04087092735293091,0.08936271989375497,-0.41240797674625745,-0.3875755506140692,-1.1357432014041033
NAM,2001,0.5846156229188854,0.5220693979178551,3.2028515087649385,0.9531967989539943,0.9720983387362451,-0.026814585532733404,-0.07336623166833676,0.0610644117939087,-0.4603418687196917,-0.4200708549294751,-1.1640415095039496
NAM,2002,0.5488603602669017,0.47898595890218754,3.159949362214863,1.0230848845830247,1.0135768462188282,-0.0039921258735838815,-0.04465206677958432,0.0745499184429826,-0.437519409060542,-0.3913566900407226,-1.1505560028548756
NAM,2003,0.5442421531985806,0.383850743923725,3.111987924251224,1.0029905977237803,1.015411832928362,-0.0010059910914815362,0.021834615866988923,0.08984419537123928,-0.43453327427843974,-0.32487000739414923,-1.1352617259266191
NAM,2004,0.4771340641523225,-0.0,2.847128858231567,1.045431278497236,1.0930267224308803,0.04342351588122837,0.3467046232611383,0.17879485296840494,-0.3901037673057299,0.0,-1.0463110683294534
NAM,2005,0.5032975349258844,0.0846684813846646,2.8889791973774956,0.9825959464672095,0.9855137969896359,0.02586623131188913,0.2654302300686531,0.16420270047052726,-0.40766105187506896,-0.08127439319248547,-1.0609032208273308
NAM,2006,0.47733316513599006,0.12078600132158658,2.845839776431491,1.017575162057304,1.0151587665979211,0.043288736262084064,0.23267439719713323,0.1792477210254177,-0.3902385469248742,-0.11403022606400497,-1.0458582002724406
NAM,2007,0.45232817661171265,-0.0,2.852132278289829,1.0172171751033667,0.9977937552524347,0.06035937537212144,0.3467046232611383,0.1770390389343319,-0.3731679078148367,0.0,-1.0480668823635262
NAM,2008,0.5171528906393988,0.23595985679068604,2.950586448992739,0.9572721283216445,0.9666323382131305,0.01669180303454752,0.1348567430777593,0.14310197443476444,-0.41683548015241056,-0.21184788018337916,-1.0820039468630938
NAM,2009,0.5503718086767833,0.2345285347689303,3.1299198477044308,0.978573579672004,0.9427035172024552,-0.004967495544080367,0.1360154792910481,0.08409852483584353,-0.43849477873103854,-0.21068914397009014,-1.1410073964620149
NAM,2010,0.5498072072732696,0.19303790311979688,3.13057306665155,1.0003643042830515,0.9997913420536073,-0.004603257603722074,0.17020170938450888,0.08388984511735292,-0.4381305407906803,-0.1765029138766295,-1.1412160761805052
NAM,2011,0.5421513843740586,-0.0,3.154026372549027,1.0049643783203024,0.992564010846072,0.0003488388217367153,0.3467046232611383,0.07642607117211321,-0.43317844436522135,0.0,-1.148679850125745
NAM,2012,0.5759367806588065,0.2918993062622128,3.224300766774425,0.9785617058378293,0.978204764595922,-0.021322593648975877,0.09059115726747857,0.054389811062272815,-0.45484987683593403,-0.2561134659936599,-1.1707161102355852
NAM,2013,0.606254082853339,0.42897481408988414,3.3231654676302176,0.9811254629524881,0.9702498410570288,-0.040377528325423004,-0.010252650681646257,0.02418813851262562,-0.47390481151238123,-0.35695727394278465,-1.2009177827852326
NAM,2014,0.6269022486581652,0.4489724280956274,3.3669589152321846,0.9873082935241767,0.9869931743438135,-0.053150462518634534,-0.024150011666987107,0.01109598338161126,-0.4866777457055927,-0.3708546349281256,-1.2140099379162468
NAM,2015,0.6483793392472547,0.5480176071897518,3.3597240440259437,0.9869707839222877,1.002153412337274,-0.06626530339467789,-0.09027052599529828,0.013247080449761618,-0.49979258658163617,-0.4369751492564366,-1.2118588408480966
NAM,2016,0.6726625037086964,0.5576544385982131,3.4071871363099535,0.9854823286780205,0.9860697137007235,-0.08088938727101763,-0.09647650151098608,-0.000781142878688706,-0.5144166704579758,-0.4431811247721243,-1.225887064176547
NAM,2017,0.7042603421510013,0.6076759056394836,3.5368307239165895,0.9814595002530986,0.9633447010257047,-0.0996039165025047,-0.12808497596223295,-0.03812512911937768,-0.5331311996894629,-0.4747895992233714,-1.2632310504172357
NAM,2018,0.7117395158761718,0.6164317545041998,3.5888277150579464,0.9956306589549391,0.9855114273323323,-0.10398283101482284,-0.13351647596988514,-0.05271968610936879,-0.537510114201781,-0.4802210992310235,-1.277825607407227
NAM,2019,0.7286979900681313,0.6359443478838759,3.6692494594637646,0.9901900307113266,0.9780822358102709,-0.11384123507494816,-0.1455155971549244,-0.07488121289611893,-0.5473685182619061,-0.4922202204160628,-1.2999871341939773
NAM,2020,0.7776746977511192,,3.968911691060657,0.972449004452307,0.9244976318642125,-0.1417788775205573,,-0.15338600258576604,-0.5753061607075154,,-1.3784919238836242
NAM,2021,0.7644079685032209,,3.9030775115021927,1.0075190825958198,1.0168672488221036,-0.13428792231946937,,-0.1366594261710616,-0.5678152055064276,,-1.3617653474689198
NAM,2022,0.7471938105035502,,3.8206224363533385,1.009852460497619,1.0215815816722145,-0.12448368085206472,,-0.11530742950086242,-0.5580109640390228,,-1.3404133507987206
NAM,2023,0.7519343528993292,,3.8417820869020205,0.997294109572123,0.9944922304102509,-0.12719323881891192,,-0.12083042277831339,-0.56072052200587,,-1.3459363440761716
NER,1995,0.48876207272089883,0.26529494686994165,13.687987980083976,,,0.0,0.0,0.0,-0.39794495095484445,-0.23530525458299437,-2.616518658454204
NER,1996,0.5207624821302616,0.2824855847416483,13.40287578962168,0.9789576546072225,1.0212724638307151,-0.021266891108012578,-0.013494803449098479,0.02104936335722317,-0.41921184206285717,-0.24880005803209296,-2.5954692950969807
NER,1997,0.521798491329825,0.2868875508091641,13.727866511416215,0.9993192205108192,0.9763262032360042,-0.021947902432775085,-0.016921297105090223,-0.0029091604253767946,-0.41989285338761956,-0.2522265516880846,-2.619427818879581
NER,1998,0.5063437979630986,0.25680881185130205,12.560695714108313,1.0102597384392757,1.0929224641591246,-0.011740437869752977,0.006729435308943926,0.08594610769752829,-0.4096853888245975,-0.22857581927405057,-2.5305725507566756
NER,1999,0.4950261251503558,0.2518808642759635,12.805342244194424,1.0075702174178425,0.9808949635690506,-0.004198730752079346,0.010658142761840845,0.06665621177258212,-0.40214368170692383,-0.22464711182115346,-2.549862446681622
NER,2000,0.5075587698427353,0.5043971233720609,13.539840883171687,0.9916867952725406,0.9457527865124211,-0.012546682874770213,-0.17308698088621527,0.010882142651261266,-0.41049163382961457,-0.40839223546920955,-2.6056365158029426
NER,2001,0.45613904747455614,0.45213332170825343,12.974971445474644,1.0353123710660452,1.0435353125878404,0.022156506101032262,-0.13772847696277188,0.053496430138804674,-0.37578844485381224,-0.37303373154576636,-2.563022228315399
NER,2002,0.4589832059892452,0.4550140181643089,12.667992647010374,0.9980505885859319,1.024232631563511,0.020205192111529904,-0.1397102804712385,0.07744011021606134,-0.37773975884331457,-0.3750155350542328,-2.539078548238143
NER,2003,0.4781774627042001,0.4744261606069543,12.581715498397248,0.9870149172212105,1.0068573437878259,0.007135066147965088,-0.1529636158553696,0.08427404935686267,-0.3908098848068793,-0.3882688704383641,-2.5322446090973414
NER,2004,0.5050062053078087,0.5012633705627862,13.007648724677992,0.9821736664546699,0.9672551715305266,-0.010852070365606672,-0.17100174607601965,0.0509811105738039,-0.4087970213204511,-0.40630700065901415,-2.5655375478804
NER,2005,0.4235418835190033,0.4184910181030079,12.470553299383909,1.057226501539544,1.0430690934395523,0.04479690073708548,-0.11428838869545675,0.09314852930682968,-0.353148050217759,-0.3495936432784512,-2.5233701291473745
NER,2006,0.39085774621591457,0.3855581489192364,12.326314806946314,1.0234992668315737,1.011701671967384,0.06802431052147188,-0.09079779948494321,0.10478226616676607,-0.32992064043337266,-0.32610305406793777,-2.511736392287438
NER,2007,0.4220037790736159,0.41727441665978343,13.021945894735888,0.9780970815154991,0.9465800969061942,0.045877962000944045,-0.1134303476861741,0.04988257856016899,-0.35206698895390026,-0.3487356022691685,-2.566636079894035
NER,2008,0.42736194233094216,0.42256152221072013,12.329819722256367,0.9962461075229624,1.0561343302716888,0.04211700598682839,-0.1171538808574005,0.10449796245082801,-0.3558279449680161,-0.3524591354403949,-2.512020696003376
NER,2009,0.4972249170037936,0.49323364201860986,12.785394487879653,0.9533383569299264,0.9643675628424947,-0.0056683883564880525,-0.16563874337057968,0.06821519466266036,-0.4036133393113325,-0.40094399795357416,-2.5483034637915436
NER,2010,0.5390385533903729,0.5350235369846655,12.314786018841632,0.9728313262234614,1.0382149124083837,-0.03321295452404286,-0.19324045987910715,0.10571800268498503,-0.4311579054788875,-0.42854571446210166,-2.510800655769219
NER,2011,0.5712897156353991,0.5681398041040084,12.458646494208114,0.9794747194460032,0.9884529611275702,-0.05395180610651924,-0.21458482415125307,0.09410377906853844,-0.45189675706136373,-0.4498900787342476,-2.5224148793856656
NER,2012,0.6406424692215617,0.6395418461478554,11.174875132633716,0.9577282955383517,1.1148801526940944,-0.09714296369279424,-0.2591115861192845,0.20285069183053678,-0.4950879146476386,-0.494416840702279,-2.413667966623667
NER,2013,0.6607362544626629,0.6598921253943976,10.945689020229738,0.9879006764697851,1.0209384819886989,-0.10931607986941293,-0.27144736097169014,0.2235729764932916,-0.5072610308242574,-0.5067526155546845,-2.3929456819609123
NER,2014,0.6639392072772391,0.63634695193697,10.493687038464605,0.9980750782236705,1.043073705181822,-0.11124285668858873,-0.2571610344243013,0.2657448165365678,-0.5091878076434332,-0.49246628900729583,-2.3507738419176363
NER,2015,0.643992734447138,0.6225840442754603,10.455896858390334,1.0121329446366496,1.0036142456822292,-0.09918292623333047,-0.24871471291685518,0.26935254652769075,-0.49712787718817497,-0.48401996749984944,-2.347166111926513
NER,2016,0.6187854311224444,0.6084065452912264,10.294653260892836,1.015571738440477,1.015662848802303,-0.08373118322341781,-0.2399387108921509,0.2848939988823134,-0.4816761341782623,-0.4752439654751454,-2.3316246595718906
NER,2017,0.6168086326824872,0.6042972435609634,10.194424185066636,1.0012226545553988,1.0098317544970339,-0.08250927550141574,-0.2373805516335711,0.29467773615363424,-0.48045422645626035,-0.4726858062165657,-2.3218409223005696
NER,2018,0.5204638650586464,0.5197215058880376,9.903594201351964,1.0633653780519963,1.0293661046486506,-0.021070511727799297,-0.1832218436778891,0.323620916558985,-0.4190154626826437,-0.41852709826088347,-2.292897741895219
NER,2019,0.5988864317186492,0.5603097539196809,9.74502102854911,0.9509517592342654,1.0162722247944154,-0.07136245580841047,-0.20957910717290634,0.33976216761613504,-0.4693074067632551,-0.4448843617559009,-2.276756490838069
NER,2020,0.5872534612864921,,9.724386108532311,1.00732899358287,1.0021219766252074,-0.06406018879256233,,0.341881896028818,-0.46200513974740676,,-2.274636762425386
NER,2021,0.6188052031918394,,9.998844760345124,0.9805092411099644,0.9725509637972077,-0.0837433972872872,,0.31404909609905324,-0.4816883482421317,,-2.3024695623551508
NER,2022,0.5616080478628873,,9.378154984666713,1.0366270879605342,1.066184636177717,-0.047771139309288585,,0.37813561151403724,-0.4457160902641331,,-2.2383830469401667
NER,2023,0.5476434094138221,,9.538648969757299,1.0090231628061883,0.9831743483171005,-0.03878844200092147,,0.3611668004485631,-0.4367333929557659,,-2.255351858005641
NGA,1995,0.8759393862874009,0.7761248983218534,12.703211892359173,,,0.0,0.0,0.0,-0.6291095399807082,-0.5744339677289212,-2.5418548663996607
NGA,1996,0.8879121911125675,0.7991718947027487,12.545216396265344,0.993658177069077,1.012594082963835,-0.0063620177164116585,-0.01289253281534491,0.012515437127389905,-0.6354715576971197,-0.5873265005442662,-2.529339429272271
NGA,1997,0.8824235599435987,0.7814832049999022,12.522172770957324,1.0029157259214996,1.0018402257922416,-0.0034505342791232656,-0.0030123108415596265,0.014353971778551387,-0.6325600742598315,-0.577446278570481,-2.5275008946211095
NGA,1998,0.8674946984547504,0.7464555029117638,12.450914214521356,1.0079940582970337,1.0057231585735977,0.004511740806087086,0.016845660652028006,0.020060815299610152,-0.6245977991746212,-0.5575883070768932,-2.5217940511000507
NGA,1999,0.8645787117682328,0.7485726466973339,12.837923472071513,1.0015638850042174,0.9698542168137952,0.006074404215607979,0.015634143059665095,-0.010548695424605398,-0.6230351357651003,-0.5587998246692563,-2.552403561824266
NGA,2000,0.8754840278887607,0.7501446181644492,12.657177872575472,0.9941853324483897,1.0142800868657829,0.00024276566551019766,0.014735544256794788,0.0036303913914640927,-0.628866774315198,-0.5596984234721265,-2.538224475008197
NGA,2001,0.8726384452039024,0.7517458252559446,12.231741578297518,1.001519557975618,1.0347813344121652,0.0017611702811580145,0.013821062648101679,0.037820524688556685,-0.6273483696995503,-0.5606129050808196,-2.504034341711104
NGA,2002,0.8390493795764881,0.7044801947943979,11.104211884932084,1.0182643630999997,1.101540722119635,0.019860743399553724,0.04117377456440879,0.13453038096099287,-0.6092487965811544,-0.5332601931645125,-2.407324485438668
NGA,2003,0.844407313324823,0.7093686588371936,10.62486264500455,0.9970950376797868,1.0451158058173022,0.016951553486983514,0.03830987074579791,0.1786580792017251,-0.612157986493725,-0.5361240969831234,-2.3631967871979356
NGA,2004,0.8228400133396121,0.6923634585734183,10.12120274081725,1.011831702084319,1.0497628510252162,0.028713808234276283,0.048307919581689944,0.22722236169535137,-0.600395731746432,-0.5261260481472313,-2.3146325047043095
NGA,2005,0.8238123497537941,0.6739285675639414,9.923788863325601,0.9994668659775698,1.0198929945215998,0.028180532045371777,0.059260668278229116,0.2469200761566072,-0.6009290079353365,-0.5151732994506922,-2.2949347902430537
NGA,2006,0.7933670466785222,0.60334641547126,9.78549671043209,1.016976615652473,1.0141323590396878,0.04501465538871249,0.10234101297506407,0.26095350440441617,-0.5840948845919959,-0.4720929547538571,-2.2809013619952445
NGA,2007,0.7636527285936566,0.5339065761229086,9.618651490672217,1.0168481683514643,1.0173460094610636,0.06172246765335098,0.14661616877477202,0.27815078923265635,-0.5673870723273573,-0.42781779895414934,-2.2637040771670045
NGA,2008,0.7668132096977306,0.5656227835407144,9.23569123218861,0.9982111968108871,1.041465251366232,0.05993206264530245,0.12615027814136842,0.31877940636829294,-0.5691774773354058,-0.4482836895875527,-2.223075460031368
NGA,2009,0.7235099789646491,0.47176584334238514,8.742687506035647,1.0251250246657087,1.0563904092205758,0.08474664308091208,0.1879710338921327,0.37363722902935204,-0.5443628968997963,-0.3864629338367886,-2.168217637370309
NGA,2010,0.7802225964831421,0.5582968119603805,8.200001760210899,0.9681429627786267,1.066181174308771,0.052371129291327104,0.13084053010616906,0.43772049746961067,-0.576738410689381,-0.4435934376227523,-2.1041343689300502
NGA,2011,0.7940558381560415,0.5728229406858546,8.002503962525351,0.9922894029390318,1.0246795001427558,0.044630651880848915,0.12156191153576132,0.46210037837697127,-0.5844788880998595,-0.4528720561931602,-2.0797544880226897
NGA,2012,0.7612195068826655,0.5339870681851521,7.83410195825937,1.0186440878862941,1.02149601896468,0.06310306923827702,0.14656369494641014,0.4833686164003547,-0.5660064707424314,-0.4278702727825112,-2.058486249999306
NGA,2013,0.7653829573733135,0.5528143458485559,7.597900069351042,0.9976416162435131,1.031087785671351,0.060741900114647196,0.13436497620202822,0.5139829639514314,-0.5683676398660612,-0.44006899152689316,-2.0278719024482292
NGA,2014,0.7636068166657672,0.5427212465165404,7.3818159161902335,1.0010071069644109,1.0292724927868875,0.06174850028707305,0.14088606749491797,0.5428351989504885,-0.5673610396936354,-0.4335479002340034,-1.9990196674491723
NGA,2015,0.7337535750101759,0.49658962938946827,7.446278589896152,1.0172188493716101,0.9913429677754215,0.07882078532573457,0.17124502853591017,0.5341404769436826,-0.5502887546549735,-0.40318893919301113,-2.007714389455978
NGA,2016,0.7523911588599604,0.5263313579379265,7.786618410808159,0.9893644842045942,0.9562917041832178,0.06812830819677335,0.15156691693261104,0.4894481943690502,-0.5609812317839348,-0.4228670507963103,-2.0524066720306107
NGA,2017,0.7412579829376486,0.5141078663173871,8.016539917759914,1.0063937544185895,0.9713191090781714,0.07450170927767433,0.1596075693351619,0.46034796931542926,-0.5546078307030338,-0.41482639839375923,-2.0815068970842314
NGA,2018,0.7246337156955831,0.4973846326601878,8.08572456007275,1.009639303169578,0.991443606346119,0.0840948507716426,0.1707139596489919,0.45175475956626876,-0.5450146892090656,-0.4037200080799294,-2.090100106833392
NGA,2019,0.7585113202483473,0.5356004715732627,8.13081097839085,0.9807350659829819,0.9944548682243475,0.06464192962378083,0.14551247649064766,0.4461941964751877,-0.5644676103569275,-0.4289214912382737,-2.095660669924473
NGA,2020,0.7553593976329297,,8.47685982234638,1.001795599590413,0.9591772364757891,0.06643591905243185,,0.4045147891438816,-0.5626736209282764,,-2.137340077255779
NGA,2021,0.7567114251109692,,8.39077694628558,0.9992303644988509,1.0102592258871697,0.06566598722983102,,0.4147217463599151,-0.5634435527508773,,-2.127133120039746
NGA,2022,0.7439829683820939,,8.42784476235572,1.0072984982993747,0.9956017443230908,0.07293798037756172,,0.41031378990171197,-0.5561715596031465,,-2.1315410764979488
NGA,2023,0.7322674302999671,,8.542250929987711,1.0067631232205865,0.9866070233045526,0.07967833627479551,,0.3968303183889415,-0.5494312037059129,,-2.1450245480107193
NIC,1995,0.7944163622146245,0.7923796883455319,6.214097504520333,,,0.0,0.0,0.0,-0.5846798226701531,-0.5835441717665192,-1.826820501951764
NIC,1996,0.7890666764084648,0.7866260374886301,6.068294460152863,1.0029902104134536,1.0240270219787253,0.002985748626536872,0.0032152258220682892,0.023742914920240644,-0.5816940740436161,-0.5803289459444508,-1.8030775870315234
NIC,1997,0.7984511958554864,0.7963751750568753,6.104899128628968,0.9947818881776453,0.9940040502382018,-0.0022460250882253845,-0.002226671095823271,0.01772891727269588,-0.5869258477583784,-0.5857708428623424,-1.8090915846790683
NIC,1998,0.807222804755378,0.8050089651257673,6.144390431076469,0.9951463599967804,0.993572787587233,-0.007111482255097009,-0.0070213868346704275,0.011280961400714731,-0.5917913049252501,-0.5905655586011895,-1.8155395405510493
NIC,1999,0.8055424187403769,0.8034707117686147,6.104434381024109,1.0009306821028183,1.0065454139660452,-0.0061812329683449884,-0.0061688098005358094,0.017805047162131177,-0.590861055638498,-0.589712981567055,-1.8090154547896329
NIC,2000,0.8044327948316098,0.8021191947164225,6.170816827265959,1.000614943328422,0.9892425187620968,-0.005566478640092756,-0.0054191310236680135,0.006989285881775496,-0.5902463013102459,-0.5889633027901872,-1.8198312160699885
NIC,2001,0.8085282179139942,0.8062236072553455,6.187404234467095,0.997735493954798,0.9973191654250201,-0.007833552556481443,-0.007694089105176518,0.004304851434572358,-0.5925133752266345,-0.5912382608716956,-1.8225156505171916
NIC,2002,0.8101974076262916,0.8077012016645782,6.311686712384204,0.9990778963082895,0.9803091497438787,-0.00875608164732926,-0.00851181197972066,-0.015582446707325982,-0.5934359043174825,-0.5920559837462397,-1.84240294865909
NIC,2003,0.8199356473873669,0.8177393962045048,6.331475391829733,0.994649129613426,0.996874554788436,-0.014121319215051662,-0.014049467291523048,-0.01871278632356492,-0.5988011418852048,-0.5975936390580422,-1.8455332882753288
NIC,2004,0.8129532157456064,0.8106292529413287,6.234098703509482,1.0038514130321274,1.015620010678598,-0.01027730388577383,-0.010130266652464541,-0.0032135123622775595,-0.5949571265559268,-0.5936744384189836,-1.8300340143140417
NIC,2005,0.8012956002139576,0.7988874938912359,6.207624939204,1.0064717948182764,1.0042647171123835,-0.0038263612127326673,-0.003624243109118823,0.0010421366169548437,-0.5885061838828857,-0.5871684148756379,-1.8257783653348092
NIC,2006,0.8001097727524518,0.7976118985509102,6.166990722836398,1.0006587528602173,1.0065889861350257,-0.003167825234938027,-0.002914889232126931,0.007609510267133396,-0.587847647905091,-0.586459060998646,-1.8192109916846306
NIC,2007,0.7965087417015053,0.794386869555526,6.101406073211017,1.00200446063376,1.0107491041963816,-0.0011653708518744661,-0.0011192149737741638,0.018301253529334163,-0.5858451935220275,-0.5846633867402932,-1.80851924842243
NIC,2008,0.7822857327492833,0.7798887112177393,6.08108254367829,1.007980206928034,1.0033420907193333,0.006783162620420593,0.006993331204880588,0.021637771875611847,-0.5778966600497323,-0.5765508405616384,-1.8051827300761523
NIC,2009,0.7921046379486454,0.7900024476970156,6.399721212819667,0.9945210201505862,0.9502105390930008,0.0012891181097303653,0.0013271844862900208,-0.02943392696814926,-0.5833907045604227,-0.582216987280229,-1.8562544289199132
NIC,2010,0.7849194465815226,0.7827266466526137,6.330657250057313,1.0040254989550839,1.0109094458970638,0.005306536422381559,0.005400155545949352,-0.018583559786977673,-0.5793732862477715,-0.5781440162205698,-1.8454040617387417
NIC,2011,0.7871497166428978,0.7850654558371065,6.206947014080805,0.9987520519178634,1.0199309315345957,0.00405780900458939,0.004089087270487979,0.0011513510347243416,-0.5806220136655637,-0.579455084496031,-1.8256691509170397
NIC,2012,0.7637093097386839,0.7614551673253391,6.107855385063495,1.0132904026614722,1.0162236370657427,0.017260669062554572,0.017403904710309306,0.017244791191400904,-0.5674191536075986,-0.56614026705621,-1.8095757107603634
NIC,2013,0.7560869460673602,0.7543760591781198,6.04470631181676,1.004340538882994,1.0104470043686462,0.02159181497720524,0.021430899897389735,0.027637602718373323,-0.5630880076929479,-0.5621132718691293,-1.7991828992333907
NIC,2014,0.7524668959512192,0.7506650758996926,6.014006081131036,1.0020656881590773,1.0051047887666835,0.023655372536096328,0.02354841265803396,0.032729406223477725,-0.5610244501340569,-0.5599957591084853,-1.7940910957282865
NIC,2015,0.7709756399725991,0.769439422169253,5.961999588736702,0.9895488432457115,1.0087229949650758,0.013149218920240258,0.012881385983027571,0.041414575676647844,-0.5715306037499127,-0.5706627857834915,-1.785405926275116
NIC,2016,0.7607998061451465,0.7592914818271402,5.946311841545203,1.0057790975396175,1.0026382314970252,0.018911681534804135,0.01863301091203494,0.04404933314980184,-0.5657681411353488,-0.5649111608544842,-1.782771168801962
NIC,2017,0.7532981536172091,0.7520550581899595,5.9123963048196835,1.0042785948941206,1.0057363436036708,0.023181149266815575,0.022754753838591907,0.04976928658439272,-0.5614986734033376,-0.5607894179279274,-1.7770512153673714
NIC,2018,0.7500459201197842,0.7484892253693141,6.198394391939822,1.0018583703776198,0.9538593272651316,0.02503779501054689,0.024792056477930344,0.002530212480955022,-0.5596420276596062,-0.5587521152885889,-1.824290289470809
NIC,2019,0.7573883889037625,0.7559888928069092,6.472820353982867,0.995821943043246,0.9576033402697196,0.020850985586447608,0.020512001854402228,-0.0407914240954576,-0.5638288370837057,-0.5630321699121168,-1.8676119260472215
NIC,2020,0.7360886700655555,,6.650637902795708,1.0122687966377906,0.9732630837204215,0.033045130509689234,,-0.06789227334790512,-0.5516346921604638,,-1.894712775299669
NIC,2021,0.7362793990293878,,6.210798049260749,0.9998901507649409,1.0708185727577009,0.03293527524076111,,0.0005311039151773586,-0.5517445474293919,,-1.8262893980365866
NIC,2022,0.734462857685789,,6.2474958147612405,1.0010473221352358,0.9941260039880644,0.03398204931679904,,-0.005360211868817993,-0.550697773353354,,-1.8321807138205821
NIC,2023,0.7365257665835866,,6.179374070993114,0.9988120482071187,1.0110240524340321,0.03279339134986407,,0.005603518622458202,-0.5518864313202889,,-1.821216983329306
NLD,1995,0.8464621729726166,0.5837861349211729,2.9462452227978733,,,0.0,0.0,0.0,-0.6132714693018986,-0.4598182684441832,-1.0805315538151703
NLD,1996,0.8382068204179233,0.5496171493223713,2.9205058570546854,1.004490981353674,1.0088133244728863,0.004480926988320382,0.021810368459839753,0.008774713821715744,-0.6087905423135782,-0.4380078999843434,-1.0717568399934547
NLD,1997,0.8168653714571774,0.5041678704726793,2.889733971046445,1.0117463017876938,1.0106486916500128,0.01615877649251132,0.0515784331393671,0.019367107468855203,-0.5971126928093874,-0.408239835304816,-1.0611644463463152
NLD,1998,0.7895111975868089,0.4635756595027432,2.838208598473587,1.0152858355439496,1.0181541880327503,0.03132896071457144,0.07893574498614495,0.03735847584977625,-0.5819425085873272,-0.38088252345803825,-1.043173077965394
NLD,1999,0.7605408281593863,0.4251300402577244,2.78950432894814,1.0164553806217098,1.0174598293395776,0.047650418728425424,0.10555520256596394,0.05466763364049995,-0.5656210505734734,-0.35426306587821915,-1.0258639201746704
NLD,2000,0.7374789729476158,0.3678008200233018,2.7434640643763784,1.0132731708244191,1.0167817997580466,0.060836272818969916,0.146614059242617,0.07131017484355692,-0.5524351964829287,-0.31320420920156616,-1.0092213789716136
NLD,2001,0.7402066037001763,0.3670397938352986,2.7472719768946585,0.9984325822308908,0.9986139295452703,0.05926762536550858,0.14717060078568914,0.06992314290461521,-0.55400384393639,-0.31264766765849417,-1.010608410910555
NLD,2002,0.7601854618728259,0.36279598350149017,2.7813053081435464,0.9886495721016852,0.9877635399647644,0.04785228973940012,0.15027980888373277,0.05761120100639848,-0.5654191795624985,-0.30953845956045034,-1.022920352808772
NLD,2003,0.7753653304958509,0.36471471367810926,2.7959517317413036,0.9914497211575122,0.9947615606408787,0.03926524755488698,0.14887286261942423,0.05235899291833369,-0.5740062217470118,-0.3109454058247589,-1.0281725608968368
NLD,2004,0.7593981561232894,0.36544412641339147,2.741542007573973,1.009075361547351,1.0198463944805567,0.048299675480510194,0.14833852539191505,0.07201101522763867,-0.5649717938213884,-0.3114797430522681,-1.0085205385875318
NLD,2005,0.7510104414526864,0.35721607412510414,2.720125616277477,1.0047902139656257,1.0078733096620018,0.05307845287907782,0.15438267099287561,0.07985349211868652,-0.5601930164228208,-0.3054355974513076,-1.0006780616964839
NLD,2006,0.7308528512480961,0.3408591850181966,2.6920354099956336,1.0116460450061109,1.0104345604732923,0.06465720466569184,0.1665076771018614,0.09023398833181699,-0.5486142646362069,-0.2933105913423218,-0.9902975654833536
NLD,2007,0.7167127054063056,0.31475294749609845,2.674600788589439,1.0082367572612818,1.0065185882994483,0.07286022497069317,0.18616949309126898,0.09673142251477572,-0.5404112443312055,-0.27364877535291415,-0.9838001313003947
NLD,2008,0.7178128057561066,0.2865931334494157,2.674127558712942,0.9993595924153582,1.000176966081874,0.0722196122375237,0.20782052543753424,0.09690837293999986,-0.541051857064375,-0.2519977430066488,-0.9836231808751706
NLD,2009,0.7835766682944674,0.2808864971474606,2.7766217158368036,0.9631280988883718,0.9630867407903375,0.034650756859564605,0.21226585433621326,0.05929657520982884,-0.578620712442334,-0.24755241410796971,-1.0212349786053416
NLD,2010,0.7736783550527504,0.24439237127148755,2.7423525522169045,1.0055806698060665,1.0124962647826576,0.04021591242104323,0.24117091286884298,0.07171540609803313,-0.5730555568808553,-0.21864735557534015,-1.0088161477171373
NLD,2011,0.7635530195943838,0.2386933570988599,2.728775870149455,1.0057414409126726,1.0049753745684897,0.04594093407865007,0.24576118868117564,0.0766784443919451,-0.5673305352232485,-0.21405707976300753,-1.0038531094232255
NLD,2012,0.7859847334036076,0.25525081526666826,2.765586689393405,0.9874401424661257,0.9866896888876682,0.033301534810436434,0.2324828630262208,0.06327875711968259,-0.5799699344914621,-0.22733540541796243,-1.0172527966954878
NLD,2013,0.7865127427766669,0.2274476915444768,2.7553662490151467,0.999704446903503,1.003709285610184,0.03300593802951539,0.2548813024786925,0.06698118029458398,-0.5802655312723832,-0.20493696596549074,-1.0135503735205866
NLD,2014,0.7683369409967216,0.21778908432223215,2.7216382801477876,1.0102784720256426,1.0123925244266947,0.04323194575719573,0.26278127973245835,0.07929754594459194,-0.5700395235447028,-0.19703698871172476,-1.0012340078705784
NLD,2015,0.7617058485488546,0.21420248180135565,2.7028197983686755,1.0037640179564193,1.0069625366036132,0.046988897523986,0.2657308007513839,0.08623595601341158,-0.5662825717779124,-0.19408746769279922,-0.994295597801759
NLD,2016,0.7483829909216987,0.17820293922655256,2.685693443820907,1.0076201025154865,1.0063768836265257,0.05458011371001987,0.2958279236664483,0.09259259334414105,-0.5586913555918788,-0.16399034477773505,-0.9879389604710295
NLD,2017,0.7366407299049835,0.14850161654872424,2.6773159514457774,1.0067614796857596,1.0031290637814358,0.061318837111852924,0.3213601177677058,0.09571677179385951,-0.5519526321900458,-0.13845815067647743,-0.984814782021311
NLD,2018,0.7353655172025172,0.1305367354124812,2.6900818799403132,1.0007348381017285,0.9952544461230974,0.06205340535225833,0.3371257613999024,0.09095992202514704,-0.5512180639496402,-0.1226925070442807,-0.9895716317900234
NLD,2019,0.732803375089697,0.10840552590053042,2.695398031327098,1.0014786109893672,0.9980276933777503,0.0635309242727607,0.35689574897488785,0.08898566784498235,-0.5497405450291378,-0.10292251946929531,-0.991545885970188
NLD,2020,0.7560220752665052,,2.8130264181265443,0.986777671816407,0.9581844002454177,0.050220402831713806,,0.04627063290947955,-0.5630510664701849,,-1.034260920905691
NLD,2021,0.7362215406751743,,2.701883120310991,1.011404382521156,1.041135494344685,0.06156024560961911,,0.08658257194444625,-0.5517112236922795,,-0.9939489818707241
NLD,2022,0.7038277508467968,,2.6699833839807594,1.0190123619082256,1.0119475411426238,0.08039413118803086,,0.09845930465055673,-0.5328773381138678,,-0.9820722491646138
NLD,2023,0.6967744566556741,,2.722714080623792,1.004156883764637,0.9806330392830113,0.08454239898016278,,0.0789023472437299,-0.5287290703217359,,-1.0016292065714405
NOR,1995,0.35883494525894827,0.25627390101267156,2.058407836258541,,,0.0,0.0,0.0,-0.3066276747090603,-0.22815011832599144,-0.721932788944018
NOR,1996,0.33405493041511997,0.21778844352444018,2.008316449485491,1.0185749584060362,1.0249419790321803,0.01840455084065836,0.0311136558120861,0.024636005165938377,-0.28822312386840204,-0.19703646251390544,-0.6972967837780796
NOR,1997,0.3092975227807982,0.1816201511382801,1.9710619621953023,1.0189089242158955,1.0189007184983145,0.03713692347730614,0.061263612124766643,0.0433603243343827,-0.2694907512317544,-0.16688650620122472,-0.6785724646096354
NOR,1998,0.3169325346402069,0.16788716654962746,1.9846038910137258,0.9942024274907184,0.9931765079773646,0.031322479805062226,0.0729538425679045,0.03651344584442612,-0.27530519490399835,-0.1551962757580868,-0.6854193430995921
NOR,1999,0.32005040470686813,0.1606858156843203,1.9800662520164212,0.9976380674135289,1.0022916601869678,0.02895775345583312,0.07913906749213695,0.03880248418301391,-0.27766992125322726,-0.14901105083385457,-0.6831303047610041
NOR,2000,0.3005042402771266,0.12294845802784958,1.942224630406844,1.0150296814300095,1.0194836482954346,0.04387560831020843,0.11219234030342472,0.05809875614162622,-0.26275206639885207,-0.11595777802256675,-0.663834032802392
NOR,2001,0.29636576809296666,0.10019818791666468,1.9242322194961479,1.0031923645980314,1.0093504363602264,0.04706288813114404,0.1326597839171503,0.06740574777988492,-0.2595647865779163,-0.09549033440884107,-0.6545270411641331
NOR,2002,0.29491765814622506,0.08135316603485819,1.9187611131490034,1.0011183027257617,1.0028513744153202,0.04818056602220542,0.14993692993977725,0.07025306473823312,-0.2584471086868552,-0.07821318838621426,-0.6516797242057849
NOR,2003,0.2940712176718703,0.12015902214300114,1.8983384076617007,1.0006540911062665,1.0107582006479332,0.04883444330411961,0.11467945904151941,0.0809538076726387,-0.2577932314049409,-0.11347065928447209,-0.6409789812713793
NOR,2004,0.2683409424156749,0.11887428910352296,1.8497178014362199,1.02028656049468,1.0262854183420462,0.06891797280503167,0.11582703748442831,0.10689970125336327,-0.2377097019040287,-0.11232308084156312,-0.6150330876906549
NOR,2005,0.2625349340670676,0.09695841750490147,1.8402572868388098,1.0045986912456388,1.0051408651741631,0.07350612237633278,0.13560884339864493,0.1120273972946985,-0.23312155233272766,-0.09254127492734648,-0.6099053916493195
NOR,2006,0.27408416470913644,0.09016932543270018,1.8650831690370115,0.990935268672219,0.9866891286081253,0.06440005639020556,0.1418170897159663,0.09862714218463628,-0.24222761831885506,-0.08633302861002512,-0.6233056467593817
NOR,2007,0.28908620799063867,0.08498597827739653,1.893324921454084,0.9883622653097135,0.9850835151974959,0.052694073243877405,0.1465830546637135,0.08359828778290725,-0.253933601465183,-0.08156706366227785,-0.6383345011611109
NOR,2008,0.3228892588626356,0.10381078284443175,1.956779274265193,0.9744475581417456,0.9675720436915719,0.026809497643053928,0.12938157751149357,0.050632894696317224,-0.2798181770660066,-0.09876854081449792,-0.6712998942477008
NOR,2009,0.362826812501426,0.10074518587736199,2.0133594604749856,0.9706950631786541,0.9718976231912188,-0.002933406470186398,0.13216272617502714,0.022128088692493365,-0.30956108117924686,-0.09598739215096412,-0.6998047002515246
NOR,2010,0.3728095005269416,0.129487767476335,2.014987436907447,0.9927282787439307,0.9991920662121049,-0.01023169556556813,0.10638589149294765,0.021319828350193998,-0.3168593702746285,-0.1217642268330437,-0.7006129605938239
NOR,2011,0.3829195809325332,0.1494496418364054,2.0312727584982277,0.9926893215303424,0.9919827007364483,-0.017569228005612357,0.08886686281928195,0.013270217727130927,-0.32419690271467283,-0.13928325550670942,-0.708662571216887
NOR,2012,0.3792521840235324,0.12031688225229453,2.0259934414408654,1.0026589748789103,1.0026057917806526,-0.014913781946427465,0.11453854245389151,0.01587262031878531,-0.3215414566554879,-0.11361157587209968,-0.7060601686252328
NOR,2013,0.394624841976409,0.13640606231172725,2.0429403285979735,0.9889772091460161,0.9917046587607684,-0.025997773913120453,0.10027941267871412,0.007542681269804153,-0.3326254486221811,-0.1278707056472773,-0.714390107674214
NOR,2014,0.395797151531906,0.1393731159650552,2.036842639411784,0.999160114666941,1.0029936967481938,-0.026838012147477445,0.09767190544536211,0.010531905831245329,-0.3334656868565378,-0.13047821288062916,-0.7114008831127728
NOR,2015,0.3932759561212097,0.12485605028809425,2.0223380575445216,1.0018095449071804,1.0071721845975017,-0.02503010249426935,0.11049504615605746,0.017678492634658313,-0.3316577772033297,-0.11765507216993397,-0.7042542963093597
NOR,2016,0.3981635451450188,0.1265636214335356,2.0211411180329586,0.996504279459452,1.0005922097674842,-0.028531947342610744,0.10897816194801141,0.01827052711513911,-0.3351596220516712,-0.11917195637797989,-0.7036622618288788
NOR,2017,0.3918477495557905,0.10617684074566515,2.006956422103982,1.004537705788039,1.0070677647868935,-0.02400450590213512,0.12724033583213568,0.025313432318220936,-0.3306321806111955,-0.10090978249385575,-0.696619356625797
NOR,2018,0.4090511583811306,0.11113397996379304,2.031632759667308,0.987790784796554,0.9878539379492155,-0.03628886583872226,0.12276902091255712,0.013093004071330737,-0.34291654054778264,-0.10538109741343425,-0.7088397848726872
NOR,2019,0.4235860257424453,0.10930300107093366,2.0527862158553654,0.9897899620405911,0.9896952463804212,-0.04655138375620434,0.1244182271935748,0.002734788888883767,-0.3531790584652649,-0.10373189113241663,-0.7191980000551343
NOR,2020,0.44484766240653034,,2.0761865528045593,0.9852845132277324,0.988729174207595,-0.06137621735772342,,-0.0086000339815361,-0.3680038920667839,,-0.7305328229255541
NOR,2021,0.4225454823969286,,2.0388400949374494,1.0156776569083918,1.018317502171869,-0.04582018536364831,,0.009551723704332622,-0.3524478600727088,,-0.7123810652396855
NOR,2022,0.42378983009205057,,2.0572349906568483,0.9991260313363513,0.9910584372699561,-0.04669453616057413,,0.0005699452954327751,-0.35332221086963445,,-0.7213628436485852
NOR,2023,0.42270016843549774,,2.0931272893294066,1.0007659109633416,0.9828523096251557,-0.045928918357354215,,-0.016726469359264452,-0.35255659306641446,,-0.7386592583032825
NPL,1995,0.3242911954388616,0.32133357240288263,8.043112874740206,,,0.0,0.0,0.0,-0.2808773694644817,-0.2786415087301523,-2.0848161817337156
NPL,1996,0.3190600927325657,0.3163275355976764,7.905628300946899,1.003965780433444,1.0173907207067703,0.003957937455069422,0.0037958195620388774,0.017241232770055886,-0.2769194320094122,-0.2748456891681133,-2.0675749489636597
NPL,1997,0.34545156883158845,0.34278625996893886,7.764254538658494,0.9803846703141152,1.0182082853652596,-0.01585232614986932,-0.01610524496779516,0.03528573249004734,-0.2967296956143511,-0.29474675369794734,-2.0495304492436683
NPL,1998,0.2901087831594832,0.28586343457935814,7.788215715195779,1.042897766757754,0.9969234061544373,0.02615082661570235,0.02721108250443377,0.03220439620009131,-0.2547265428487794,-0.25143042622571843,-2.0526117855336246
NPL,1999,0.39705527826271336,0.3943938637918388,7.676752087693248,0.9234486302959881,1.0145196335936417,-0.05348927929214837,-0.05381830587557665,0.046619629272054354,-0.33436664875663014,-0.33245981460572893,-2.0381965524616614
NPL,2000,0.3594324008531699,0.3556824970324453,7.504044729062945,1.0276754308532967,1.0230152357649753,-0.02618989085391701,-0.025663506640190882,0.06937400935153562,-0.3070672603183986,-0.30430501537034316,-2.0154421723821803
NPL,2001,0.363970900124923,0.3606633580485523,7.421656882221287,0.9966725835050168,1.0111010045531772,-0.029522855509946256,-0.029330835370966184,0.08041384999130757,-0.310400224974428,-0.30797234410111834,-2.004402331742408
NPL,2002,0.3010976360453093,0.29705559963246236,7.634266064933561,1.0483232482619191,0.9721506716030175,0.017669125828156267,0.01854473644073544,0.05216937539376145,-0.2632082436363254,-0.26009677228941663,-2.032646806339954
NPL,2003,0.31282054865111,0.3094873830576753,7.563054151258146,0.9910704379072635,1.009415761443883,0.008699456255828715,0.009005758742076498,0.061541084861901164,-0.272177913208653,-0.2696357499880757,-2.0232750968718145
NPL,2004,0.26173645184179745,0.25651605833074204,7.437745927535398,1.0404871371788802,1.0168476074530648,0.04838846087708128,0.050298650602794016,0.07824834552151949,-0.23248890858740026,-0.22834285812735822,-2.006567836212196
NPL,2005,0.2985097576082083,0.2944928653240936,7.394058268016529,0.9716803777938912,1.0059084819101092,0.0196601028489782,0.02052250006613366,0.08413944080448756,-0.26121726661550365,-0.25811900866401843,-2.000676740929228
NPL,2006,0.21805203357930417,0.21043360350228665,7.406390664533993,1.0660544228085849,0.9983348979177512,0.08362448058081148,0.08766286331163957,0.08247295089897437,-0.19725288888367026,-0.19097864541851262,-2.0023432308347413
NPL,2007,0.22236397592517418,0.21504353873300852,7.408618249754715,0.9964724562971464,0.999699325144632,0.08009070042511067,0.0838615982315202,0.08217223083185919,-0.20078666903937112,-0.19477991049863203,-2.0026439509018568
NPL,2008,0.28531348362340625,0.2816061065129836,7.137969449341557,0.9510240042602119,1.0379167776401905,0.029874724742591487,0.030527446652224264,0.11938783667748999,-0.25100264472189027,-0.2481140620779281,-1.9654283450562255
NPL,2009,0.3342958747900766,0.33212639753523227,6.995670542238983,0.9632897080084454,1.0203409960837053,-0.007526348630992367,-0.008134951930453643,0.13952471799055666,-0.28840371809547405,-0.2867764606606059,-1.945291463743159
NPL,2010,0.3653897930143971,0.36328195432255306,6.846608364252567,0.9772270758259634,1.0217716816934788,-0.03056258105509891,-0.0312534856303258,0.1610627813827671,-0.31143995051958057,-0.3098949943604779,-1.9237534003509484
NPL,2011,0.3806659075820118,0.37866468479994053,6.800100718174219,0.98893569075348,1.0068392584177541,-0.04168855504490751,-0.042473902282611754,0.16787875816513514,-0.3225659245093893,-0.321115411012764,-1.9169374235685805
NPL,2012,0.38391001233785177,0.38185662182206415,6.742391941775199,0.9976558412563546,1.0085590954808579,-0.04403546563000386,-0.04478646436064499,0.17640143226343669,-0.3249128350944855,-0.3234279730907972,-1.908414749470279
NPL,2013,0.4207488515776882,0.4198314594980371,6.7717030561087235,0.9740708294791663,0.9956715298809383,-0.0703067234091088,-0.07189666534440292,0.17206356719728919,-0.3511840928735904,-0.3505381740745552,-1.9127526145364264
NPL,2014,0.4634385130751522,0.4626493049375383,6.668902714438551,0.9708292072977093,1.0154148809889825,-0.09991144318820669,-0.10160787502919064,0.1873608459184608,-0.3807888126526884,-0.3802493837593429,-1.8974553358152548
NPL,2015,0.43475943498397973,0.4335943760062956,6.720718390507461,1.0199887712127105,0.9922901581262361,-0.08011982456761194,-0.08154333151400195,0.17962112956308887,-0.3609971940320937,-0.36018484024415404,-1.905195052170627
NPL,2016,0.5649332392703585,0.5647297639582322,7.075404727176807,0.916818301880359,0.9498705232639221,-0.16696579500454098,-0.1690716255648847,0.1281915345859003,-0.4478431644690226,-0.44771313429503695,-1.9566246471478155
NPL,2017,0.5926494274285266,0.5920622335599894,6.907187113419454,0.9825974331319617,1.0243539969303184,-0.18452156657799124,-0.18638866936014314,0.15225370158995916,-0.4653989360424729,-0.46503017809029534,-1.9325624801437564
NPL,2018,0.6068297487182404,0.6052018143652397,6.795691048406903,0.9911749696562282,1.01640687668382,-0.19338576813040276,-0.19460798098461793,0.16852743975685863,-0.4742631375948845,-0.47324948971477004,-1.916288741976857
NPL,2019,0.5772294259349847,0.5750245737958045,6.706658868304561,1.0187672904756444,1.0132751913956897,-0.1747924104554629,-0.17562936583576252,0.18171528794861302,-0.4556697799199448,-0.45427087456591464,-1.9031008937851028
NPL,2020,0.6611628089642462,,7.015497916401944,0.9494731145097117,0.9559776010516187,-0.22664047500509338,,0.1366944918810702,-0.5075178444695749,,-1.9481216898526454
NPL,2021,0.6586525767006611,,7.091180867038841,1.0015134165519937,0.989327172433482,-0.22512820251378157,,0.1259643011740571,-0.5060055719782635,,-1.9588518805596586
NPL,2022,0.6553682520030778,,7.172133371800225,1.0019840447547603,0.9887129114079674,-0.22314612337633005,,0.11461302998411743,-0.5040234928408119,,-1.9702031517495984
NPL,2023,0.6681789338834246,,7.338014686097918,0.9923205588920102,0.9773942515252851,-0.23085520322902087,,0.091747854426515,-0.5117325726935026,,-1.9930683273072007
NZL,1995,0.6106861717690735,0.5147714375508666,2.7624482921730005,,,0.0,0.0,0.0,-0.4766602818470437,-0.4152645612768087,-1.016117348903262
NZL,1996,0.6132951188415227,0.5098061139223843,2.759514015640629,0.9983828457410057,1.001063330903826,-0.001618463264375793,0.003283320070042703,0.0010627659679607927,-0.4782787451114194,-0.41198124120676616,-1.0150545829353013
NZL,1997,0.6195716146748055,0.5083136978414801,2.7296477367120113,0.996124595061798,1.0109414407313204,-0.0055013970421249345,0.004272290883412774,0.011944782203442791,-0.4821616788891686,-0.4109922703933962,-1.0041725666998191
NZL,1998,0.610994073701352,0.5025684557662002,2.7297963128290585,1.0053243777326544,0.9999455724530257,-0.00019114369506335695,0.008088613645401541,0.011890353175235796,-0.4768514255421071,-0.40717594763140713,-1.004226995728026
NZL,1999,0.6017198899503957,0.48597517686004404,2.6612562461413574,1.005790140841195,1.0257547790773922,0.005582298707187488,0.0191933197909919,0.037319064609968075,-0.47107798313985605,-0.3960712414858168,-0.9787982842932937
NZL,2000,0.6042890492069953,0.4928069508619506,2.6660964923880583,0.9983985683515888,0.9981845194798761,0.003979583396466015,0.014606353918701305,0.035501934107775426,-0.4726806984505776,-0.4006582073581075,-0.9806154147954863
NZL,2001,0.607175717415825,0.49591228064173104,2.6456625479530067,0.998203887616302,1.0077235641600863,0.002181856068883737,0.012528319378348642,0.043195824241088324,-0.4744784257781601,-0.40273624189846013,-0.9729215246621737
NZL,2002,0.5898496262768584,0.47744861061078453,2.6017977810596826,1.0108979433353964,1.0168594066812748,0.013020844756012062,0.024947872896074134,0.05991468856645433,-0.4636394370910317,-0.3903166883807346,-0.9562026603368077
NZL,2003,0.5871851255639727,0.4864880648001959,2.5705507653629542,1.00167875862114,1.0121557668176673,0.014698195836957882,0.018848226914448714,0.0719971673675978,-0.46196208601008576,-0.39641633436236,-0.9441201815356641
NZL,2004,0.5813339902996141,0.4775999673642063,2.5901860101845986,1.003700126159465,0.9924193688235367,0.018391493368963143,0.024845433460944717,0.06438765716655583,-0.4582687884780804,-0.39041912781586413,-0.9517296917367061
NZL,2005,0.5881659803812082,0.4878467914474392,2.604790039049214,0.9956981888757281,0.9943933949970317,0.014080402833471926,0.01793459290387116,0.058765276159576385,-0.4625798790135717,-0.3973299683729376,-0.9573520727436856
NZL,2006,0.5875868323358707,0.483855634978801,2.620044454624239,1.0003647977128187,0.9941778027666278,0.01444513402378273,0.02062070227531412,0.05292606386036961,-0.46221514782326084,-0.39464385900149457,-0.9631912850428923
NZL,2007,0.5719512718004199,0.4639419917421203,2.594473017846966,1.0099465936482515,1.0098561197597242,0.024342585902893937,0.034131769649672676,0.06273392888232181,-0.4523176959441497,-0.381132791627136,-0.95338342002094
NZL,2008,0.6040379134030374,0.5084594336122363,2.68998963881426,0.9799963321723836,0.9644918256973668,0.004136135897129338,0.004175673892661489,0.026580007038842862,-0.4725241459499144,-0.4110888873841471,-0.989537341864419
NZL,2009,0.5797663221904499,0.47375313423248405,2.6462915268565363,1.015364038890849,1.0165129622017237,0.019383343093875936,0.027452261703954584,0.0429581128408757,-0.45727693875316766,-0.3878122995728542,-0.9731592360623862
NZL,2010,0.58422295242435,0.4750496819150582,2.6562165571778866,0.9971868667682917,0.9962634709528748,0.01656624556640439,0.026572889397996614,0.03921458553084306,-0.46009403628063933,-0.38869167187881204,-0.9769027633724189
NZL,2011,0.5737494577962661,0.4680546337823059,2.648634300419727,1.0066551219930202,1.0028627042838485,0.023199320000458358,0.03132641530404013,0.04207320008005792,-0.4534609618465852,-0.3839381459727685,-0.974044148823204
NZL,2012,0.5771623349103598,0.4724208858802268,2.6274293167787044,0.9978360647863889,1.008070620018437,0.02103304009592602,0.028356653931955522,0.05011142681727986,-0.4556272417511176,-0.38690790734485336,-0.966005922085982
NZL,2013,0.5728795693943762,0.46636681143621994,2.6487335473562905,1.002722882030716,0.9919568238191229,0.023752221798880604,0.032476776670820356,0.04203572979691832,-0.4529080600481632,-0.38278778460598856,-0.9740816191063435
NZL,2014,0.5643267010914064,0.46154720891569634,2.6472967703662147,1.0054674437871591,1.0005427336315895,0.02920477337215856,0.035768954542233736,0.04257831620187794,-0.447455508474885,-0.3794956067345751,-0.9735390327013841
NZL,2015,0.5514312233557835,0.4461091805074359,2.6196357281510316,1.00831198801564,1.0105591177879933,0.03748240705268004,0.04638793519874487,0.05308207585338395,-0.43917787479436365,-0.3688766260780638,-0.9630352730498778
NZL,2016,0.5288401712495189,0.4218120305892611,2.6125104708355695,1.0147765950496976,1.0027273602900368,0.0521508919208099,0.06333242527927374,0.05580572364502681,-0.4245093899262337,-0.3519321359975352,-0.9603116252582351
NZL,2017,0.5245738488176181,0.41298057867992904,2.607294978251612,1.0027983704660877,1.0020003461930704,0.05494535423753373,0.06956320241061274,0.05780407180970644,-0.42171492760951,-0.34570135886619596,-0.9583132770935554
NZL,2018,0.5129056085189279,0.4008644258523925,2.5910163502127572,1.0077124707800593,1.0062827191490005,0.0626282359539734,0.07817506816016549,0.06406713695618389,-0.41403204589307036,-0.33708949311664316,-0.9520502119470781
NZL,2019,0.517322199559426,0.4054195216097375,2.597608152540768,0.997089220047146,0.997462356929561,0.05971321144250055,0.07492871116773543,0.06152626861201726,-0.41694707040454326,-0.34033585010907325,-0.9545910802912446
NZL,2020,0.5164452704733441,,2.661240123193538,1.000578279416446,0.9760893539451037,0.06029132371983702,,0.03732512302568169,-0.41636895812720653,,-0.9787922258775803
NZL,2021,0.49946508005947476,,2.607026939368567,1.011324165290462,1.0207950224856908,0.07155185063420451,,0.05790688053057793,-0.405108431212839,,-0.958210468372684
NZL,2022,0.47944338546309595,,2.61471339134077,1.013533261761221,0.9970603080254767,0.08499435571425434,,0.05496285917482218,-0.3916659261327894,,-0.9611544897284398
NZL,2023,0.4822563840466661,,2.6713866062071663,0.9981022186081665,0.9787850943271513,0.08309477125373393,,0.033519683127828735,-0.39356551059330974,,-0.9825976657754332
PAK,1995,0.5076488320482881,0.48895801142292816,3.8806549401452903,,,0.0,0.0,0.0,-0.41055137247283313,-0.39807655412557597,-1.3560039383967508
PAK,1996,0.49426246513030725,0.47800237232561676,3.713598216954014,1.0089585111252952,1.0449851366334133,0.00891862172061497,0.007385126509097197,0.044002661998314145,-0.4016327507522182,-0.3906914276164788,-1.3120012763984368
PAK,1997,0.4744583416171438,0.456540991721522,3.6629195174944265,1.0134314567961569,1.013835602780116,0.02226067614731323,0.022012113114198623,0.05774342658744916,-0.38829069632552005,-0.3760644410113773,-1.2982605118093016
PAK,1998,0.4515417466635034,0.4350579390611895,3.5582498907992606,1.0157877615344622,1.0294160415674614,0.037925107354270474,0.036871330076669456,0.0867351181176048,-0.37262626511856267,-0.3612052240489066,-1.269268820279146
PAK,1999,0.4188718474955256,0.40071651238798534,3.4175419711719335,1.0230252642094804,1.0411722579603244,0.060689290215764274,0.06109265386368554,0.12708236760617997,-0.34986208225706894,-0.33698390026189057,-1.2289215707905707
PAK,2000,0.39008371497381616,0.3732891492920102,3.280599113928297,1.020709639435098,1.0417432464278322,0.08118740054391389,0.08086785279543152,0.16797787599494338,-0.3293639719289193,-0.31720870133014456,-1.1880260624018075
PAK,2001,0.3919984325641459,0.3764070543306021,3.388651586050729,0.9986244829408302,0.9681134311455252,0.07981093659274366,0.07860003399365485,0.13557185835969374,-0.33074043588008956,-0.3194765201319211,-1.2204320800370572
PAK,2002,0.4159624731397077,0.40320728406114076,3.534622750834411,0.9830757940057373,0.9587024768769955,0.06274187957247017,0.05931602046767739,0.0933973630359701,-0.34780949290036284,-0.33876053365789877,-1.2626065753607807
PAK,2003,0.4106899231517063,0.4041898012291907,3.5370850992892025,1.0037375683355148,0.9993038481162677,0.06647248055469648,0.05861607159809161,0.09270096872599831,-0.3440788919181367,-0.33946048252748445,-1.2633029696707525
PAK,2004,0.4097870139898539,0.4010640898458672,3.477291322231847,1.0006404578513581,1.0171955040623337,0.06711273340045183,0.06084454203124003,0.10975030336693177,-0.3434386390723813,-0.33723201209433584,-1.246253635029819
PAK,2005,0.398781821558724,0.38957071608919336,3.53290055101386,1.0078676976362664,0.9842596110535705,0.07494964209031202,0.06908169202895434,0.09388471901092314,-0.3356017303825211,-0.32899486209662193,-1.2621192193858277
PAK,2006,0.40494773795563893,0.39333138862969497,3.4987133866690594,0.9956112841564577,1.0097713532280357,0.07055126756355522,0.06637899197830945,0.103608641293066,-0.340000104909278,-0.33169756214726664,-1.2523952971036847
PAK,2007,0.4204024834210313,0.4086249389704678,3.440458946147939,0.9891194604023995,1.0169321713855488,0.059611101992021326,0.05546254616080704,0.12039906133248804,-0.3509402704808118,-0.3426140079647691,-1.235604877064263
PAK,2008,0.4221744865211899,0.4130849878748596,3.497930214712622,0.9987540184998727,0.9835699213429261,0.05836434361155862,0.05230130511598498,0.10383251205291255,-0.35218702886127456,-0.3457752490095909,-1.2521714263438382
PAK,2009,0.4182873529728917,0.4067037396136103,3.5145730631721257,1.0027407235495336,0.9952646173061823,0.06110131822660447,0.05682735991750444,0.09908588191311188,-0.3494500542462288,-0.34124919420807154,-1.256918056483639
PAK,2010,0.42346575584743906,0.4124702316724865,3.6143226540300364,0.996362116297301,0.9724015810412806,0.05745680133291695,0.052736445231329865,0.07109947128819952,-0.3530945711399162,-0.3453401088942462,-1.2849044671085512
PAK,2011,0.41770597726804115,0.40758013363187623,3.6171586247607155,1.00406274549995,0.9992159672757325,0.06151131616756929,0.05620454140589138,0.0703151310495309,-0.34904005630526386,-0.34187201271968454,-1.28568880734722
PAK,2012,0.40840563160335275,0.3983261804411045,3.6084601670895613,1.0066034567428568,1.0024105732828887,0.0680930655997377,0.0628006181859752,0.07272280356138902,-0.3424583068730955,-0.3352759359396008,-1.2832811348353619
PAK,2013,0.38414100071095736,0.372082984708517,3.5573842275408865,1.0175304617664904,1.0143577236198582,0.0854716413402667,0.08174654216956863,0.08697843115148146,-0.32507973113256633,-0.31633001195600735,-1.2690255072452694
PAK,2014,0.37577447816487924,0.3640153722198439,3.5144802332392264,1.006081318325688,1.0122077779513121,0.09153454307671065,0.08764372481191376,0.09911229512382162,-0.31901682939612236,-0.3104328293136622,-1.2568916432729291
PAK,2015,0.3466738314164143,0.33392485855479964,3.4408404627658236,1.0216092761807491,1.0214016811503692,0.11291364882331353,0.10995093613856136,0.12028817628139386,-0.2976377236495194,-0.2881256179870148,-1.235715762115357
PAK,2016,0.36435604656334736,0.35297595110710345,3.3324784004108703,0.9870398821543158,1.032516958652033,0.09986881590948013,0.0957699795907517,0.15228764684414237,-0.31068255656335303,-0.30230657453482424,-1.2037162915526085
PAK,2017,0.40823458684585934,0.4017570525926285,3.270863129227532,0.9688414553282702,1.0188376183132706,0.0682145186391309,0.06035006683952107,0.170950034425077,-0.34233685383370244,-0.3377264872860549,-1.1850539039716739
PAK,2018,0.3663515113227761,0.3546782637068182,3.09838947271606,1.0306532214997413,1.0556655830489512,0.09840731549442788,0.09451257174694991,0.22512148683578934,-0.31214405697840547,-0.30356398237862603,-1.1308824515609615
PAK,2019,0.34807015009488185,0.33550897043077754,2.972558842829466,1.0135611349502898,1.0423307448362638,0.11187732120702423,0.1087640836721484,0.266580793272469,-0.29867405126580904,-0.2893124704534277,-1.0894231451242817
PAK,2020,0.39726044878565997,,3.071897999933617,0.9647951827924931,0.9676619610721783,0.0760378752256554,,0.2337083268091708,-0.33451349724717777,,-1.12229561158758
PAK,2021,0.383421641231985,,2.9454192686294554,1.01000331868551,1.0429408243000373,0.08599149190066277,,0.2757527651684353,-0.32455988057217033,,-1.0802511732283155
PAK,2022,0.3289746150187706,,2.893472452299654,1.0409691995602528,1.0179531055457312,0.1261436937377137,,0.2935466169564862,-0.2844076787351193,,-1.0624573214402648
PAK,2023,0.2999438664664631,,2.9479636666444544,1.022332309341341,0.981515642488625,0.148230288578792,,0.2748892888930825,-0.2623210838940413,,-1.0811146495036685
PAN,1995,0.4340459922206533,0.43066628360103937,3.0384460536741544,,,0.0,0.0,0.0,-0.3604998143413911,-0.35814026834707213,-1.1113462181734144
PAN,1996,0.4841645442245923,0.4830061215825564,3.0604932853460296,0.9662311350860873,0.9927961836160727,-0.03435220311473348,-0.03593092263739601,-0.0072298891602957365,-0.3948520174561245,-0.394071190984468,-1.1185761073337102
PAN,1997,0.4764366081604462,0.4763294894905715,3.044623503073019,1.005234180743984,1.0052123956400498,-0.029131673081972388,-0.031418664280971294,-0.0020310310328624432,-0.3896314874233636,-0.3895589326280435,-1.113377249206277
PAN,1998,0.5063825746912233,0.5045052055788322,2.9936963690195504,0.9801206101066885,1.0170114559981736,-0.049211316434734996,-0.05032380874077549,0.014837350471762078,-0.40971113077612603,-0.40846407708784754,-1.0965088677016523
PAN,1999,0.5064199240481525,0.49472348538183186,3.0378852440507997,0.9999752065434525,0.9854540670626759,-0.04923611019864526,-0.04380096177762456,0.0001845882317696482,-0.4097359245400364,-0.4019412301246967,-1.1111616299416447
PAN,2000,0.5174230558674912,0.5165546590245029,3.0260594632070346,0.9927488041144543,1.0039079803247593,-0.056513723789180716,-0.058300822027908226,0.0040849522379197605,-0.41701353813057196,-0.41644109037498034,-1.1072612659354946
PAN,2001,0.5691415599644407,0.5656701271347587,3.1199229384780143,0.9670402560122607,0.9699148097174578,-0.09002887838900672,-0.09017366024743302,-0.026462084137181527,-0.45052869273039775,-0.44831392859450514,-1.1378083023105958
PAN,2002,0.5341944281303252,0.5334855701823408,3.183445448726583,1.022778815509521,0.9800459875089178,-0.06750562641976657,-0.0694030264529743,-0.04661786652618468,-0.42800544076115776,-0.4275432948000466,-1.1579640846995989
PAN,2003,0.5311793225037169,0.528671593081715,3.166083844872774,1.0019691394615218,1.005483620998201,-0.06553842317198756,-0.06625885010289699,-0.041149225838332665,-0.4260382375133788,-0.424399118449969,-1.152495444011747
PAN,2004,0.48414569733927776,0.48188329665147445,3.089264287324468,1.031690706140751,1.024866618846275,-0.03433950438462696,-0.03517350822736441,-0.016586749670191824,-0.39483931872601813,-0.3933137765744365,-1.1279329678436063
PAN,2005,0.4927230135187899,0.48368247099313105,3.024553804994448,0.9942539130824459,1.0213950508082092,-0.04010216357391446,-0.036386885170157195,0.004582640051344544,-0.40060197791530555,-0.39452715351722933,-1.1067635781220697
PAN,2006,0.4705999702716757,0.4626206401610239,2.904889783243334,1.0150435493637522,1.0411939972529727,-0.0251706462234946,-0.022089517373762746,0.04495076895303403,-0.38567046056488585,-0.3802297857208348,-1.0663954492203802
PAN,2007,0.4211223473834701,0.4169151837532161,2.783764171206278,1.03481587843531,1.0435114487390535,0.00905286943701972,0.009658165638016828,0.08754218790765335,-0.35144694490437134,-0.3484821027090553,-1.023804030265761
PAN,2008,0.40854006796029674,0.4080258511079111,2.8307175159580047,1.0089328516166343,0.9834129175776002,0.01794605915555956,0.015951650617898425,0.07081599944612593,-0.3425537551858314,-0.34218861772917364,-1.0405302187272885
PAN,2009,0.48038670376563547,0.47766636075021424,2.953901470893716,0.9514676566449944,0.958297879550315,-0.03180352563343699,-0.032323791721014086,0.0282193890911436,-0.392303339974828,-0.3904640600680862,-1.0831268290822709
PAN,2010,0.4994937253872693,0.4964698477924265,2.9553233002368042,0.9872576848451305,0.9995188921147902,-0.044627720386803654,-0.04496863127571401,0.02773816543640189,-0.4051275347281947,-0.4031088996227861,-1.0836080527370124
PAN,2011,0.4869852763834924,0.4855946846853107,2.8838278776839514,1.0084119521574544,1.024791848052413,-0.03625095152976643,-0.03767488481200756,0.052227682333422516,-0.3967507658711576,-0.39581515315907967,-1.059118535839992
PAN,2012,0.48028851033772985,0.4776343803578636,2.8835205898780925,1.004523960024681,1.0001065668845708,-0.03173719385379837,-0.03230214898807187,0.05233424354014629,-0.3922370081951895,-0.390442417335144,-1.0590119746332682
PAN,2013,0.5277149730783692,0.5262592680453438,2.973868673503111,0.9689559482125947,0.9696193431707284,-0.06327332305946912,-0.06467955050664974,0.021482529313845464,-0.42377313740086014,-0.422819818853722,-1.0898636888595687
PAN,2014,0.584673015256009,0.5832490396359148,3.09551967176063,0.9640569116598242,0.9607009448632166,-0.09987827218215625,-0.10133882148948344,-0.01860958073771174,-0.4603780865235475,-0.4594790898365555,-1.1299557989111262
PAN,2015,0.6300948884780605,0.6287106467807079,3.2027668402978753,0.9721354422106925,0.9665142129024695,-0.12813841257314407,-0.12964841920978853,-0.052668855641596304,-0.4886382269145352,-0.4877886875568605,-1.1640150738150108
PAN,2016,0.6582742369117746,0.6573355452923966,3.313798699959266,0.9830068225107369,0.9664940843682642,-0.14527763093297605,-0.14707095128186723,-0.08674895666840489,-0.5057774452743671,-0.5052112196289393,-1.1980951748418192
PAN,2017,0.6292732192656384,0.6288162553478817,3.3041947787472448,1.0177999719772033,1.002906584464631,-0.12763422329309557,-0.12971325893046212,-0.08384658815303288,-0.48813403763448665,-0.4878535272775344,-1.1951928063264472
PAN,2018,0.6070818827708048,0.606342346638318,3.390894240188708,1.0138084665957237,0.974431682234761,-0.11392022492472265,-0.11581949173226316,-0.10974745609938091,-0.47442003926611365,-0.47395976007933527,-1.2210936742727951
PAN,2019,0.6909185455160988,0.6668736796224592,3.452791711193662,0.9504194551726882,0.9820732102651059,-0.1647720849980139,-0.15280955547924732,-0.12783687730113746,-0.525271899339405,-0.5109498238263194,-1.2391830954745517
PAN,2020,0.5717007036755659,,3.8343118811140204,1.0758527635457127,0.9004983992565803,-0.09165846947486449,,-0.2326437692850788,-0.4521582838162556,,-1.3439899874584933
PAN,2021,0.6432389949744997,,3.515344867895607,0.9564650720207355,1.0907356248689637,-0.1361694766880404,,-0.14579141547574795,-0.4966692910294314,,-1.2571376336491624
PAN,2022,0.634907738340774,,3.360078808647225,1.0050958573614563,1.0462090528498327,-0.13108655926626744,,-0.1006182104811666,-0.49158637360765867,,-1.211964428654581
PAN,2023,0.6748446835933708,,3.3329863194644362,0.9761548365386857,1.0081285929751858,-0.1552206204233847,,-0.09252247657263814,-0.5157204347647757,,-1.2038686947460526
PER,1995,0.6963320816591336,0.6470743313384203,5.0928849682818935,,,0.0,0.0,0.0,-0.5284683210678874,-0.49900058153013216,-1.6278444614078293
PER,1996,0.6969764155333281,0.6503154670213882,5.249824058712077,0.9996203047559787,0.9701058380861844,-0.00037976734651231996,-0.0019658802416449572,-0.030350102007871426,-0.5288480884143999,-0.5009664617717772,-1.6581945634157007
PER,1997,0.7062053064543139,0.6690045205690813,5.188549870702444,0.9945909845162979,1.0118095016019066,-0.0058034645207263305,-0.013226771695377367,-0.01860978838568805,-0.5342717855886138,-0.5122273532255094,-1.6464542497935173
PER,1998,0.7314648159765035,0.6949063791435902,5.533534365532088,0.9854114797545315,0.937655669588225,-0.020499443618631596,-0.028626924233248575,-0.08298227574685627,-0.548967764686519,-0.5276275057633807,-1.7108267371546855
PER,1999,0.748028126094228,0.7143133034744347,5.706219905315509,0.9905245745932401,0.9697373142555269,-0.03002004647892865,-0.04001201276647302,-0.11371232995307536,-0.5584883675468161,-0.5390125942966051,-1.7415567913609047
PER,2000,0.7417369295972862,0.7075026936708289,5.829025479204713,1.0036120245199123,0.9789320574550036,-0.02641452965365544,-0.03603130848389349,-0.1350053687568061,-0.554882850721543,-0.5350318900140257,-1.7628498301646354
PER,2001,0.7237153628219057,0.6821783246474297,5.948183979428943,1.010455071158545,0.979967247039378,-0.016013734771134547,-0.02108899381085061,-0.15524149802122245,-0.544482055839022,-0.5200895753409827,-1.7830859594290518
PER,2002,0.7047567949132937,0.6609523235005924,5.81444247611389,1.0111209809898876,1.0230016039997767,-0.004954137213621873,-0.008390545197556894,-0.13250044311574166,-0.5334224582815095,-0.507391126727689,-1.7603449045235708
PER,2003,0.6859030228970137,0.6399036081660401,5.74637682309012,1.0111831889261829,1.0118449685983466,0.006166982183424452,0.004363116929885146,-0.1207250770703646,-0.5223013388844631,-0.49463746460024705,-1.7485695384781939
PER,2004,0.6976918855420167,0.6558633530889619,5.672644966849436,0.9930559468738703,1.012997791448534,-0.0008012930779400326,-0.005321954777655754,-0.10781103201494725,-0.5292696141458275,-0.504322536307788,-1.7356554934227766
PER,2005,0.6888522672935526,0.650744362599596,5.527222120772465,1.005234097984562,1.0263102952802352,0.0044191546263178715,-0.002225733502572149,-0.0818408989427096,-0.5240491664415696,-0.5012263150327042,-1.7096853603505389
PER,2006,0.6475517982427533,0.6031984370624344,5.317676565101048,1.0250677818414267,1.0394054721279264,0.02917789365607026,0.026999924508404723,-0.043192010665569755,-0.49929042741181734,-0.4720006570217273,-1.671036472073399
PER,2007,0.6611161608017173,0.6381582604313921,5.077990677232097,0.9918341878316218,1.0472009310579513,0.02097855862450987,0.005427982676498336,0.0029288140403605847,-0.5074897624433775,-0.49357259885363364,-1.6249156473674689
PER,2008,0.6419373966445664,0.6125080278532569,4.834648973259154,1.0116805696711362,1.0503328587698686,0.032591437046713405,0.021209833341086812,0.05203593632551726,-0.495876884021174,-0.47779074818904543,-1.575808525082312
PER,2009,0.6835428358936465,0.6608546497682799,4.947148608139682,0.9752869731841451,0.9772597017410333,0.00756791722633178,-0.008331737606913144,0.02903308956095823,-0.5209004038415557,-0.5073323191370454,-1.598811371846871
PER,2010,0.6787240457568053,0.6573330551191556,4.760641439359901,1.0028705076030935,1.0391768989862966,0.01043431278969039,-0.006209135581638159,0.06746204607525097,-0.518034008278197,-0.5052097171117703,-1.5603824153325783
PER,2011,0.6696214589592697,0.6462441161034288,4.705863453546245,1.0054518865630833,1.0116403687345363,0.015871391614915784,0.0005041815820893782,0.07903518691965138,-0.5125969294529715,-0.4984963999480425,-1.5488092744881778
PER,2012,0.6810976375914423,0.6613567224134301,4.672839404824367,0.9931734014874862,1.0070672338295603,0.009021385287448279,-0.0086339896870647,0.08607756489160569,-0.5194469357804392,-0.5076345712171969,-1.5417668965162235
PER,2013,0.6664822958276053,0.6422402312810733,4.628471015350286,1.0087701752370424,1.0095859711180935,0.01775332592445402,0.002939277132429055,0.09561788211462612,-0.5107149951434334,-0.49606130439770313,-1.532226579293203
PER,2014,0.7074083561869418,0.689683400476145,4.733654480622471,0.9760303033477391,0.9777796487464896,-0.006508318614557841,-0.025540592858719083,0.07314693975146475,-0.5349766396824454,-0.5245411743888512,-1.5546975216563645
PER,2015,0.7101825520912549,0.6926494641635298,4.76693157285502,0.998377836388916,0.9930191797964875,-0.00813179935762755,-0.027294450072890945,0.06614163962946594,-0.536600120425515,-0.5262950316030232,-1.5617028217783635
PER,2016,0.7176064327952478,0.7013106494621263,4.7238537834603465,0.9956777754424737,1.0091192046514017,-0.012463391730663256,-0.032398342758962605,0.07521951540178554,-0.5409317127985508,-0.5313989242890947,-1.5526249460060437
PER,2017,0.726434226534511,0.7126651072599685,4.761270486096162,0.9948866898005242,0.9921414457033938,-0.01758981963644439,-0.03905011797519837,0.06732991993459768,-0.5460581407043319,-0.5380506995053306,-1.5605145414732318
PER,2018,0.7238051007513568,0.7101483863796182,4.735487294457901,1.0015251873787867,1.0054446754969517,-0.01606579417465054,-0.03757956088024213,0.0727598267687145,-0.544534115242538,-0.5365801424103741,-1.5550846346391147
PER,2019,0.7350268623914589,0.7226029799022043,4.841054299837714,0.9935322259941067,0.9781933853988475,-0.022554574857454112,-0.04483592572764504,0.05071193385593506,-0.5510228959253416,-0.5438365072577771,-1.5771325275518944
PER,2020,0.7376094360473338,,5.62253590646994,0.9985137202858719,0.861009050074191,-0.024041960180908817,,-0.09893832963386234,-0.5525102812487963,,-1.7267827910416915
PER,2021,0.7295270919247482,,5.13425401745323,1.0046731526556145,1.0951027914390015,-0.0193796928039601,,-0.008090097310960357,-0.5478480138718475,,-1.6359345587187897
PER,2022,0.7382392012862692,,5.165710894463577,0.9949879686552496,0.9939104456960491,-0.02440432650438002,,-0.014198268568500276,-0.5528726475722676,,-1.6420427299763296
PER,2023,0.7438464517535339,,5.249350332416718,0.9967845503475227,0.984066706800528,-0.027624956823520615,,-0.03025986133217009,-0.5560932778914082,,-1.6581043227399994
PHL,1995,0.75439027807696,0.7475070847262765,6.336670075717099,,,0.0,0.0,0.0,-0.5621213766543863,-0.558190249324349,-1.8463534058200528
PHL,1996,0.7444969155391499,0.7371751868639234,6.215586506683781,1.0056711837376637,1.0194806345150393,0.005655163117219337,0.005929911155654623,0.01929331577108055,-0.556466213537167,-0.5522603381686941,-1.827060090048972
PHL,1997,0.7597833268756693,0.7531190906534895,6.148323896264108,0.9913134696169335,1.0109399913788772,-0.00306931508731598,-0.003206289648656337,0.030173898339463982,-0.5651906917417022,-0.5613965389730053,-1.8161795074805887
PHL,1998,0.7697274348338163,0.7634408274446973,6.409684143265952,0.9943809946309156,0.9592241612597352,-0.008704166454111987,-0.009076666763403417,-0.011456588276906399,-0.5708255431084982,-0.5672669160877524,-1.857809994096959
PHL,1999,0.7628646459331232,0.7581054852320902,6.396042723082398,1.0038929755137613,1.0021327906604383,-0.0048187489604183545,-0.006046551114690172,-0.009326068785756257,-0.5669401256148046,-0.5642368004390392,-1.855679474605809
PHL,2000,0.7635826783559324,0.7598200988599353,6.341862716122669,0.9995928558203586,1.0085432323884889,-0.005225976045755032,-0.007021337944388237,-0.0008191232820331826,-0.5673473527001415,-0.5652115872687372,-1.847172529102086
PHL,2001,0.7544185057886411,0.7502797579790896,6.365830762618012,1.005223481476657,0.996234891031648,-1.6089626662662257e-05,-0.001585387536890404,-0.004591338115000923,-0.5621374662810491,-0.5597756368612393,-1.8509447439350535
PHL,2002,0.7459957079092427,0.7431369209707347,6.337340935573239,1.0048240656269907,1.004495549053524,0.004796377482126436,0.002503931097929112,-0.00010586385891068945,-0.55732499917226,-0.5556863182264199,-1.8464592696789635
PHL,2003,0.7332812421486387,0.7299498019645585,6.232822379055282,1.0073354891586102,1.016769057444855,0.012105092793257437,0.010097857441097157,0.01652414526200361,-0.5500162838611288,-0.5480923918832519,-1.829829260558049
PHL,2004,0.7196623607912374,0.7167396972334973,6.077613564813168,1.0079195088919288,1.0255377892304156,0.019993406964317336,0.017763282143937156,0.04174129267984394,-0.5421279696900689,-0.5404269671804119,-1.8046121131402086
PHL,2005,0.7063084076205537,0.7038629303633179,5.906031940361862,1.0078262247967857,1.0290519296515679,0.02778916571665484,0.025292264080319673,0.07037921439207492,-0.5343322109377315,-0.5328979852440292,-1.7759741914279776
PHL,2006,0.669967575177889,0.6672257788250765,5.796919725986092,1.021761400031251,1.0188224470121,0.04931716647536085,0.04702921451988413,0.08902671106806512,-0.5128042101790252,-0.5111610348044647,-1.7573266947519877
PHL,2007,0.661771729468672,0.6590699598747312,5.678469406135816,1.0049319925016644,1.0208595505898623,0.05423703654416674,0.05193306909875882,0.10967168015149585,-0.5078843401102195,-0.5062571802255901,-1.736681725668557
PHL,2008,0.6719452120145193,0.6705245741808425,5.578511014523356,0.9939151818655652,1.0179184716768013,0.04813363046265675,0.04505255594392031,0.12743150831121908,-0.5139877461917295,-0.5131376933804287,-1.7189218975088336
PHL,2009,0.6774232677211448,0.6765078969656417,5.707675508751642,0.9967342436390143,0.9773700354846316,0.04486252988091239,0.04147725202320134,0.10454155632321468,-0.5172588467734737,-0.5167129973011476,-1.741811849496838
PHL,2010,0.6743337260417229,0.6733779404128037,5.544707935784188,1.0018452364850383,1.029391552243122,0.046706066008494314,0.04334594702691547,0.13350945803987438,-0.5154153106458921,-0.5148443022974336,-1.7128439477801785
PHL,2011,0.6716202205948687,0.6715881980644479,5.5358823458492665,1.001623278669056,1.0015942517169893,0.04832802858479586,0.04441605802060233,0.13510244028665266,-0.5137933480695904,-0.5137741913037466,-1.7112509655334
PHL,2012,0.6628026847281812,0.6591836321128256,5.351173146018855,1.0053028155100248,1.0345175150925232,0.053616833676603776,0.051864555807060175,0.1690375893207089,-0.5085045429777826,-0.5063256935172887,-1.6773158164993438
PHL,2013,0.6621341702253823,0.6615886494922913,5.169746310765766,1.0004022024904935,1.0350939532323427,0.05401895530535673,0.05041608683899664,0.2035297879880395,-0.5081024213490297,-0.5077741624853523,-1.6428236178320132
PHL,2014,0.6587365029219971,0.6586730737597211,5.022777363018063,1.0020483466164756,1.0292604941699808,0.05606520692027343,0.05217231976578135,0.2323703655427101,-0.5060561697341127,-0.5060179295585675,-1.6139830402773425
PHL,2015,0.6683539847614826,0.6616957468499305,4.870820052865737,0.994235346978321,1.0311974797884236,0.05028387415351356,0.05035163411999709,0.26309109422254046,-0.5118375025008726,-0.5078386152043517,-1.5832623115975122
PHL,2016,0.6742558658806129,0.6644920022641797,4.870300212771044,0.9964749228362262,1.0001067367661094,0.04675256926545465,0.04867027619079646,0.2631978252926865,-0.5153688073889316,-0.5095199731335527,-1.5831555805273663
PHL,2017,0.6848159163854658,0.6688385498453189,4.668677301208059,0.993732222967416,1.0431863027909025,0.04046506725403169,0.046062343988028935,0.30547760740335544,-0.5216563094003547,-0.5121279053363199,-1.5408757984166972
PHL,2018,0.6888280365011522,0.6726572661255663,4.613296348846678,0.9976243169647995,1.0120046379364351,0.03808655780656214,0.043776710156348854,0.3174107611992689,-0.524034818847824,-0.5144135391680003,-1.5289426446207839
PHL,2019,0.6870353750696777,0.6763579747235676,4.586872666949559,1.0010626104573537,1.0057607184275057,0.039148604093050945,0.04156668133407249,0.32315495013914197,-0.5229727725613352,-0.5166235679902766,-1.5231984556809108
PHL,2020,0.7452045270044378,,4.957081428710046,0.9666691490683877,0.9253171917620034,0.005249620415852696,,0.2455362599022054,-0.5568717562385336,,-1.6008171459178473
PHL,2021,0.7437260797158048,,4.998159996069828,1.0008478667067213,0.9917812620260089,0.006097127886639681,,0.23728356190089275,-0.5560242487677466,,-1.60906984391916
PHL,2022,0.7286892188309301,,5.163863313741265,1.0086984176918996,0.9679109791247779,0.014757932303310187,,0.2046684022523386,-0.5473634443510762,,-1.6416850035677142
PHL,2023,0.7296417283138782,,5.119508121020249,0.9994493024379814,1.0086639559255504,0.014207083051696483,,0.21329504149689796,-0.5479142936026898,,-1.6330583643231549
POL,1995,0.7711413255294822,0.7697035533383673,3.1431337845615426,,,0.0,0.0,0.0,-0.5716241554641095,-0.5708120485691052,-1.1452203227897526
POL,1996,0.7643105852993166,0.7632983862864959,3.055716091750061,1.0038716200464255,1.028607923703218,0.0038641446140105615,0.0036259103045184274,0.02820635771537569,-0.5677600108500989,-0.5671861382645869,-1.117013965074377
POL,1997,0.7457030969262677,0.7454307331285275,2.982409031501404,1.010659022376607,1.024579814329409,0.014466760085885226,0.013810684905247214,0.052488949018905856,-0.5571573953782244,-0.5570013636638581,-1.0927313737708466
POL,1998,0.7232335870401962,0.7224756749441537,2.9619032438550565,1.0130391550252134,1.0069231794417628,0.02742163714760641,0.02704944671138605,0.05938827329299338,-0.5442025183165031,-0.5437626018577192,-1.0858320494967593
POL,1999,0.7073102405350924,0.6966825577891359,2.8610878958105683,1.009326568849088,1.0352367182399778,0.03670498209936923,0.0421371406346751,0.09401838713477284,-0.5349191733647403,-0.5286749079344303,-1.0512019356549798
POL,2000,0.6890286160342802,0.6656984471556424,2.77917657152094,1.0108237506027198,1.0294732350326345,0.04747057519210647,0.060567525315932645,0.12306563625691545,-0.5241535802720029,-0.5102445232531725,-1.022154686532837
POL,2001,0.6884319543603433,0.6646794758680781,2.7714919023482367,1.000353382126177,1.0027727554124162,0.047823894893525926,0.06117945065468567,0.12583455467410612,-0.5238002605705835,-0.5096325979144196,-1.0193857681156466
POL,2002,0.6798273240890892,0.6500714956005997,2.72449031704685,1.0051223302227925,1.0172515149007146,0.05293315061180929,0.06999343092833214,0.1429389517844705,-0.5186910048523001,-0.5008186176407732,-1.0022813710052823
POL,2003,0.678508653435961,0.6394719012121638,2.6636713258795526,1.0007856204079906,1.022832768658954,0.053718462581620115,0.07643787004581735,0.16551495389441495,-0.5179056928824892,-0.49437417852328785,-0.9797053688953377
POL,2004,0.6656853944391692,0.6169277708819099,2.600763414924914,1.0076984879855475,1.024188248186525,0.06138746842381066,0.09028413756679131,0.1894152997355956,-0.5102366870402989,-0.4805279110023138,-0.955805023054157
POL,2005,0.6587904632787798,0.6056883056570731,2.602306124942023,1.004156601640186,0.9994071758113611,0.0655354552593557,0.09725953304070004,0.18882229975721898,-0.5060887002047537,-0.473552515528405,-0.9563980230325336
POL,2006,0.6504106877164124,0.5978022604480152,2.556964585513643,1.0050773880857269,1.0177325644966928,0.07059999687618553,0.10218295077904477,0.20639947659083394,-0.501024158587924,-0.4686290977900605,-0.9388208461989187
POL,2007,0.6316619485594374,0.5706678806990059,2.528339650831846,1.0114905781638945,1.011321633417559,0.08202505974160489,0.11931111794743464,0.2176574999794682,-0.48959909572250454,-0.4515009306216704,-0.9275628228102843
POL,2008,0.6205374222917643,0.5333711633084998,2.549297450145299,1.0068647142081673,0.9917789902028661,0.08886631907866875,0.14334336232357298,0.20940251132614207,-0.4827578363854407,-0.4274686862455323,-0.9358178114636105
POL,2009,0.6090216811937006,0.5081503765786395,2.548323638925652,1.0071569831734777,1.000382137968966,0.09599781259517759,0.15992806473836713,0.20978457629899022,-0.4756263428689319,-0.4108839838307382,-0.9354357464907623
POL,2010,0.6160397408315238,0.517898140367271,2.5150621095574386,0.9956572481106113,1.0132249335878494,0.09164560356887133,0.15348547305438537,0.22292282389390167,-0.47997855189523814,-0.4173265755147201,-0.922297498895851
POL,2011,0.6003151783573417,0.49540113868449753,2.4767509037452613,1.0098259159738288,1.01546833222277,0.10142355914432309,0.16841755752758053,0.23827274102722035,-0.47020059631978633,-0.40239449104152486,-0.9069475817625323
POL,2012,0.5985587675214742,0.4935712577209367,2.512517214157659,1.0010987464906222,0.9857647501036569,0.10252170245480767,0.16964197913440135,0.2239351980219958,-0.46910245300930187,-0.4011700694347038,-0.9212851247677568
POL,2013,0.6030344518627396,0.497056581895412,2.5461484533684207,0.9972079924195859,0.986791328225081,0.09972578995115189,0.16731114698857438,0.2106385158829181,-0.4718983655129575,-0.40350090158053076,-0.9345818069068347
POL,2014,0.5849745118328713,0.4764960186109956,2.5346802033339433,1.0113944671633768,1.0045245352922205,0.11105582912670589,0.1811403228754751,0.21515284623549488,-0.4605683263374037,-0.3896717256936301,-0.9300674765542578
POL,2015,0.5763970257929346,0.46462570285004545,2.51243891832643,1.0054411965384304,1.0088524679526651,0.11648227583554202,0.18921233167907733,0.22396636081393712,-0.4551418796285675,-0.3815997168900278,-0.9212539619758155
POL,2016,0.578313518235283,0.4443162164626465,2.501299588733822,0.9987857340001173,1.0044534167929267,0.11526727201736778,0.2031760456025311,0.22840989048973231,-0.4563568834467417,-0.3676360029665742,-0.9168104323000204
POL,2017,0.5681579596812176,0.42608507683041025,2.439881007499431,1.0064761068815604,1.0251727772975854,0.12172249901717211,0.21587906718526226,0.25327105209207745,-0.44990165644693736,-0.354932981383843,-0.8919492706976754
POL,2018,0.5425411149552367,0.38822052445539734,2.357778278029734,1.016606912112501,1.0348220739137124,0.13819302426975583,0.2427893198138381,0.28750055476920533,-0.4334311311943536,-0.32802272875526706,-0.8577197680205474
POL,2019,0.5141389097214112,0.3491625203872417,2.3360352195373197,1.0187579917875906,1.0093076758049566,0.1567772545113972,0.27132800388742306,0.29676518108069727,-0.4148469009527123,-0.29948404468168216,-0.8484551417090553
POL,2020,0.5303174448656313,,2.4586894518965687,0.9894279875077548,0.9501139795167557,0.14614896127649288,,0.24559185793499969,-0.42547519418761665,,-0.8996284648547529
POL,2021,0.521930757623067,,2.3824354515616433,1.0055105576916405,1.0320067434712419,0.15164439139389832,,0.2770970593443801,-0.4199797640702111,,-0.8681232634453725
POL,2022,0.4856319352167298,,2.3121625211870316,1.0244332539883385,1.0303927296332676,0.1757839281278052,,0.30703707981910444,-0.39584022733630436,,-0.8381832429706483
POL,2023,0.4797128710711072,,2.38645605386482,1.0040001437179753,0.9688686776538492,0.1797760925427262,,0.27541087996654484,-0.39184806292138324,,-0.8698094428232077
PRT,1995,0.8536557390206242,0.8529102156340599,3.6219441849213716,,,0.0,0.0,0.0,-0.6171597643683264,-0.6167574926128857,-1.2870109493262993
PRT,1996,0.8416522337545347,0.8411491110739611,3.6159105119256383,1.0065177914950956,1.0016686455529895,0.006496642538693601,0.006367599033487398,0.0016672549107764616,-0.6106631218296326,-0.6103898935793984,-1.2853436944155228
PRT,1997,0.8432282539614656,0.8427688187917738,3.609670047390076,0.9991449674214014,1.0017288185495168,0.005641244211240113,0.005488259236555288,0.0033945807736466163,-0.6115185201570863,-0.6112692333763304,-1.2836163685526527
PRT,1998,0.8479093981741535,0.8473250207686407,3.5986469642810324,0.9974667891091883,1.0030631187828245,0.00310481931273287,0.00301883461469198,0.006453017766282144,-0.6140549450555934,-0.6137386579981939,-1.2805579315600173
PRT,1999,0.8592279415335189,0.8588583945453289,3.5857257210564115,0.9939122346934881,1.0036035224748907,-0.0030015519880437092,-0.0032050403070584843,0.01005006310972156,-0.6201613163563701,-0.6199625329199442,-1.2769608862165778
PRT,2000,0.8517377509464248,0.8515195089743866,3.5915582548764773,1.00404495214469,0.9983760436539916,0.0010352413316906531,0.0007508344486978598,0.008424786717280804,-0.6161245230366358,-0.616006658164188,-1.2785861626090187
PRT,2001,0.8480679705384088,0.8479522524251456,3.6033623897279248,1.0019857388724436,0.996724133302524,0.0030190112308465518,0.002679357159466336,0.0051435426215234725,-0.61414075313748,-0.6140781354534197,-1.281867406704776
PRT,2002,0.8559549970631442,0.855318016555135,3.6169616058473997,0.9957504214610718,0.9962401546929639,-0.0012396224296998806,-0.0012986262488140737,0.0013766113290721075,-0.6183993867980261,-0.6180561188616999,-1.2856343379972275
PRT,2003,0.8467706348557267,0.8130623039650388,3.6502634636293316,1.0049732013462165,0.9908768618720958,0.003721253398665244,0.02174019630927204,-0.007788397479374042,-0.6134385109696611,-0.595017296303614,-1.2947993468056733
PRT,2004,0.8502809771616914,0.8146946572781567,3.5916581101310596,0.9981028058174441,1.016317074649439,0.0018222572637632273,0.020840271953411017,0.008396984337534616,-0.6153375071045629,-0.5959172206594748,-1.2786139649887647
PRT,2005,0.8538915990728632,0.8163817640163086,3.574800809564586,0.9980524093679601,1.0047155915712485,-0.0001272323889889125,0.0199110120514918,0.013101492336923506,-0.6172869967573151,-0.596846480561394,-1.2739094569893759
PRT,2006,0.8416200676639409,0.7939443263038511,3.57982279818662,1.0066634435757906,0.9985971404437733,0.006514108578650641,0.032340762733268684,0.011697647851977369,-0.6106456557896756,-0.584416729879617,-1.275313301474322
PRT,2007,0.8320804591541863,0.7849134855619121,3.5447126290046875,1.00520698120112,1.0099049409237415,0.01170758032850292,0.03738754602818772,0.02155385637849261,-0.6054521840398235,-0.5793699465846983,-1.2654570929478066
PRT,2008,0.8255160158913483,0.7398992455490381,3.5936591305840855,1.0035959384665452,0.9863797595150762,0.015297068866061086,0.06293028591987392,0.00784000948514632,-0.6018626955022653,-0.553827206693012,-1.279170939841153
PRT,2009,0.8227654200844011,0.7029671437379035,3.6849324046461316,1.0015090234742439,0.9752306788729789,0.01680495490851234,0.08438538428468428,-0.017241232767147167,-0.600354809459814,-0.5323721083282017,-1.3042521820934465
PRT,2010,0.8068714816498266,0.6683940303894594,3.629138932080267,1.0087963856843112,1.0153737494237738,0.025562877783504998,0.10489598732379124,-0.0019844620186895727,-0.5915968865848213,-0.5118615052890946,-1.2889954113449889
PRT,2011,0.8061988174976602,0.659539504383625,3.6468597786988464,1.0003724197722033,0.9951407929852183,0.02593522822467783,0.11021733572668906,-0.006855513364827043,-0.5912245361436484,-0.5065401568861969,-1.2938664626911265
PRT,2012,0.8070605342507716,0.6547811937440715,3.6716856852665103,0.9995231389669698,0.9932385534341124,0.02545825345726675,0.11308870174235246,-0.013639922073947496,-0.5917015109110597,-0.5036687908705335,-1.300650871400247
PRT,2013,0.8023851178266914,0.6400675616463042,3.626631172852213,1.0025940163274967,1.0124232408168663,0.02804891113142378,0.12202005549952057,-0.001293216488127888,-0.5891108532369024,-0.4947374371133652,-1.2883041658144272
PRT,2014,0.8003037684077955,0.6239139848466425,3.6817970279379937,1.001156110127313,0.9850165952475995,0.029204353478059327,0.1319182172720046,-0.01639000647299527,-0.5879554108902669,-0.4848392753408815,-1.3034009557992947
PRT,2015,0.8125304913192734,0.640258901377632,3.7058879032726026,0.9932543353228896,0.9934992973442788,0.022435833966294675,0.121903396542736,-0.022911930716375765,-0.5947239304020316,-0.4948540960701499,-1.3099228800426752
PRT,2016,0.8025600983883728,0.6296685325372472,3.7230375201382913,1.005531240228725,0.9953936491982892,0.02795183306153714,0.1283808527451257,-0.027528923444814942,-0.5892079313067892,-0.48837663986776003,-1.3145398727711144
PRT,2017,0.8128973554839148,0.6402312839051785,3.717192213339036,0.9942979358074121,1.0015725059302234,0.022233450037337305,0.12192023394866883,-0.025957652607417586,-0.594926314330989,-0.4948372586642171,-1.312968601933717
PRT,2018,0.7950695899030529,0.6103788600268764,3.6979136247403237,1.009931517798051,1.0052133690927043,0.032115974431353854,0.14028802451228703,-0.020757826075508374,-0.5850437899369726,-0.476469468100599,-1.3077687754018077
PRT,2019,0.7753177056619004,0.5745546572132805,3.6471800787857513,1.011125830705208,1.0139103485044982,0.04318036835229007,0.16278501764358053,-0.006943338518889538,-0.5739793960160364,-0.4539724749693055,-1.293954287845189
PRT,2020,0.7660910699407787,,3.944825568473707,1.0052243261280012,0.9245478704897165,0.04839109503327924,,-0.0853937881444848,-0.5687686693350469,,-1.3724047374707842
PRT,2021,0.7469494025151012,,3.8185103035629155,1.0109571962405548,1.033079723470415,0.05928869613433916,,-0.05284942434369354,-0.5578710682339872,,-1.3398603736699928
PRT,2022,0.7339481397533528,,3.6895118033643786,1.0074980689812312,1.034963568914702,0.06675879432726417,,-0.018483197362094445,-0.5504009700410621,,-1.3054941466883938
PRT,2023,0.7065867175746708,,3.6383579238921406,1.0160328343686904,1.0140596061581308,0.0826644602533801,,-0.004521510727344348,-0.5344953041149462,,-1.2915324600536437
PRY,1995,0.6966802899394205,0.6963626255095535,4.671694532630669,,,0.0,0.0,0.0,-0.5286735712959291,-0.5284863267259599,-1.5415218608179022
PRY,1996,0.680616985970971,0.6800736241763797,4.684326957073511,1.0095579802551913,0.9973032573177314,0.009512591747692119,0.009648710356520544,-0.0027003854433491955,-0.519160979548237,-0.5188376163694396,-1.5442222462612514
PRY,1997,0.7002136629104916,0.6997050149998402,4.749278295547142,0.9884739916123398,0.9863239560978078,-0.0020803559336559758,-0.0019683886914421984,-0.016470807905384965,-0.530753927229585,-0.5304547154174021,-1.557992668723287
PRY,1998,0.7137880551519876,0.7133655862475315,4.8428864906784455,0.9920793051388773,0.9806709912958976,-0.010032586129878318,-0.009973288553914666,-0.03598906451692521,-0.5387061574258075,-0.5384596152798747,-1.5775109253348274
PRY,1999,0.7170225713572957,0.7165927063282482,4.976226888764219,0.9981162063567102,0.9732045179879475,-0.01191815634389241,-0.01185501466116364,-0.06315009019608561,-0.5405917276398217,-0.5403413413871235,-1.6046719510139877
PRY,2000,0.6759569855670959,0.6753613514303654,5.171447847902516,1.0245027683549435,0.9622502314864344,0.0122892345014883,0.012457452518541435,-0.10163083644652453,-0.516384336794441,-0.5160288742074186,-1.6431526972644266
PRY,2001,0.6771379281177314,0.676506308244762,5.228330757610172,0.9992958584199685,0.9891202541796233,0.011584844897338156,0.011774277062240884,-0.1125701995094261,-0.5170887263985909,-0.516712049663719,-1.6540920603273281
PRY,2002,0.6498988021565117,0.6492047636052806,4.579778856809527,1.016509573754231,1.1416120561883318,0.027959617290682203,0.02819311644556747,0.019871148396948958,-0.5007139540052471,-0.5002932102803925,-1.521650712420953
PRY,2003,0.6504255127677908,0.649967785656145,4.5354375536680305,0.9996808637486487,1.009776631828088,0.027640430104520424,0.02773056284882416,0.029600298185535282,-0.5010331411914087,-0.5007557638771359,-1.5119215626323668
PRY,2004,0.6409926723018352,0.6403800485663131,4.607704344002476,1.0057482526431538,0.9843160964898909,0.033372224583785824,0.03355837480602901,0.013792100940542434,-0.49530134671214315,-0.49492795191993083,-1.5277297598773598
PRY,2005,0.6128350768279197,0.6121697777995809,4.6496119289164195,1.0174584468545265,0.9909868639459315,0.050680023612275756,0.05090536697179223,0.00473810084830175,-0.47799354768365365,-0.47758095975416764,-1.5367837599696004
PRY,2006,0.6086360920739144,0.6081348431439292,4.4308756935913935,1.0026102763544187,1.0493663669331539,0.053286899112199027,0.05341130180847083,0.05292462279876061,-0.47538667218373015,-0.4750750249174891,-1.4885972380191415
PRY,2007,0.6025125104792782,0.5252932579382062,4.375475388720424,1.003821237933927,1.0126615510199843,0.05710085466237067,0.10629963486656686,0.06550668663247079,-0.47157271663355843,-0.4221866918593931,-1.4760151741854313
PRY,2008,0.5975213277882132,0.5209099022574071,4.252572363291859,1.0031243292995502,1.028900866329627,0.06022031338735055,0.1091775510630098,0.09399779902768819,-0.4684532579085786,-0.41930877566295005,-1.4475240617902139
PRY,2009,0.6193939669135321,0.5339676956844694,4.365616313530333,0.9864933181349275,0.9741058439130076,0.04662158654025886,0.10062868287847147,0.06776248709920676,-0.48205198475567035,-0.4278576438474884,-1.4737593737186951
PRY,2010,0.600918899570603,0.528684000295611,4.042480036072875,1.0115402893599947,1.0799351572732503,0.05809579467272101,0.10407909197187312,0.14466348687108307,-0.4705777766232082,-0.42440723475408687,-1.396858373946819
PRY,2011,0.5995601080386567,0.521430712607806,4.038462177413722,1.0008494782566266,1.0009948981772379,0.058944912326894874,0.10883517627897556,0.14565789046514213,-0.4697286589690342,-0.41965115044698426,-1.39586397035276
PRY,2012,0.6158840777488972,0.5676231182174353,4.324663066530371,0.9898978089239041,0.9338212284486096,0.04879134783631324,0.07892579196812166,0.07718762716110951,-0.47988222345961595,-0.4495605347578384,-1.4643342336567926
PRY,2013,0.5810022149454166,0.4987022809123397,4.107765045198635,1.0220631334186236,1.0528019540906453,0.07061461209208236,0.12388673913107459,0.12864276483744144,-0.4580589592038467,-0.4045995875948853,-1.4128790959804605
PRY,2014,0.5784683166184622,0.37365415694256005,4.000138635824175,1.001605289317674,1.0269056698211874,0.07221861431012035,0.21101186989087312,0.15519284134257544,-0.45645495698580874,-0.31747445683508685,-1.3863290194753266
PRY,2015,0.601160271694707,0.34505487331699675,4.048204615367835,0.9858278053250553,0.9881265933640826,0.05794503504958159,0.23205151649917155,0.14324838283554533,-0.4707285362463476,-0.29643481022678847,-1.3982734779823567
PRY,2016,0.6322716522870647,0.3831562525541455,4.069004806542749,0.9809398266834042,0.9948881379689039,0.0387008749986085,0.2041182995472904,0.13812341054007696,-0.48997269629732076,-0.3243680271786695,-1.4033984502778252
PRY,2017,0.6412950730275295,0.35348938106589134,4.036699062689552,0.9945022556341315,1.0080030102198583,0.033187962416655774,0.22580034222135417,0.14609456651401928,-0.4954856088792735,-0.3026859845046056,-1.3954272943038828
PRY,2018,0.651595365694162,0.355223101897106,4.0756433416819275,0.9937634284519177,0.9904446302761358,0.026931862219351965,0.22452023510118618,0.13649325132669451,-0.5017417090765771,-0.30396609162477395,-1.4050286094912074
PRY,2019,0.6590062880571024,0.37189685134658873,4.229608595708982,0.9955329148440907,0.9635982265159819,0.022454769825303693,0.21229198148278175,0.09941240260618478,-0.5062188014706255,-0.3161943452431781,-1.4421094582117173
PRY,2020,0.6430927990222353,,4.321415089016798,1.0096850823303085,0.9787554559289734,0.032093252385885174,,0.0779389452981709,-0.49658031891004417,,-1.463582915519731
PRY,2021,0.659834497547093,,4.352970995065443,0.9899136338293977,0.9927507198912153,0.021955674170715592,,0.070663261475674,-0.5067178971252138,,-1.470858599342228
PRY,2022,0.6584317309133543,,4.456510445931465,1.0008458392393191,0.9767666984915189,0.022801155889614323,,0.04715581225547098,-0.5058724154063149,,-1.494366048562431
PRY,2023,0.646334713268299,,4.406033424973142,1.0073478482519755,1.0114563409056823,0.030122140219043234,,0.05854702622659365,-0.49855143107688593,,-1.4829748345913083
QAT,1995,0.23100459231269369,0.22518897763602286,1.2352027428567143,,,0.0,0.0,0.0,-0.2078305777499426,-0.2030950995566675,-0.21123512086291232
QAT,1996,0.2412468093409049,0.24026833745142473,1.251885641276978,0.9917484444260931,0.986673784034102,-0.008285788103076265,-0.012232657819425827,-0.013415806810081851,-0.21611636585301897,-0.21532775737609344,-0.22465092767299427
QAT,1997,-0.0,-0.0,1.0305373875394002,1.2412468093409048,1.214789154099579,0.20783057774994265,0.20309509955666757,0.1811547192028535,0.0,0.0,-0.030080401660058837
QAT,1998,-0.0,-0.0,1.0,1.0,1.0305373875394002,0.20783057774994265,0.20309509955666757,0.21123512086291232,0.0,0.0,-0.0
QAT,1999,0.01406435457015228,0.011962912848215016,1.015593577378532,0.9861307080691994,0.9846458487668046,0.19386420854932046,0.19120317674611223,0.19576187400209627,-0.013966369200622232,-0.011891922810555304,-0.015473246860816166
QAT,2000,0.004996363179420077,-0.0,1.0099941219396975,1.00902290965715,1.0055440475515645,0.20284665497239632,0.20309509955666757,0.20129060988836525,-0.004983922777546269,0.0,-0.009944510974546987
QAT,2001,0.06143822482397369,-0.0,1.062443488992894,0.9468251092484313,0.9506332641720888,0.1482057733971848,0.20309509955666757,0.1506636872911645,-0.059624804352757646,0.0,-0.0605714335717478
QAT,2002,0.06659585212541959,-0.0,1.0754941056250935,0.9951644033762479,0.9878654689375408,0.14335844744861345,0.20309509955666757,0.13845493174261922,-0.06447213030132924,0.0,-0.07278018912029309
QAT,2003,0.13188701384111937,0.07568480642096055,1.1475791690591193,0.9423165378546654,0.9371851063721146,0.0839444140448276,0.13013761156523118,0.07358046764611952,-0.12388616370511492,-0.07295748799143646,-0.13765465321679282
QAT,2004,0.0400832217080894,-0.0,1.0469468657123926,1.0882658139434884,1.0961197809004868,0.16852984692499784,0.20309509955666757,0.16535693934309995,-0.0393007308249449,0.0,-0.04587818151981227
QAT,2005,0.09609503918842893,0.09547422170778219,1.1123151722239506,0.9488987583395944,0.9412322081511652,0.11607667839562869,0.11190775085473753,0.10479153693377437,-0.09175389935431384,-0.09118734870193,-0.10644358392913783
QAT,2006,0.10144412659065766,0.09045281040965747,1.1191046769175588,0.9951435689990142,0.9939330923785352,0.11120841661448914,0.11650206718542687,0.09870615085228404,-0.09662216113545359,-0.08659303237124054,-0.11252897001062824
QAT,2007,0.16530471979954947,0.06354755406095274,1.2553379658421597,0.945198374190163,0.891476803353743,0.05484796287397141,0.14148503021933836,-0.016169710959073158,-0.1529826148759712,-0.06161006933732939,-0.22740483182198548
QAT,2008,0.1725527253655399,0.17151300734724137,1.3458819410608074,0.9938186101066535,0.932725172649778,0.048647389093871556,0.04479901749660475,-0.08581439556242729,-0.15918318865607106,-0.15829608206006293,-0.2970495164253397
QAT,2009,0.19257493251761432,0.15326435367341654,1.42070306029704,0.983210944146037,0.9473351460082099,0.03171579945095485,0.06049860989745625,-0.13991674110755384,-0.17611477829898786,-0.14259648965921132,-0.35115186197046605
QAT,2010,0.1666971226658843,0.1114297506600478,1.386707111318318,1.0221804008503936,1.0245155943178244,0.053653793121231204,0.097447849417059,-0.11569683113290138,-0.15417678462871154,-0.10564725013960846,-0.32693195199581365
QAT,2011,0.14606730918383423,0.058703179240380834,1.2814674294991502,1.0180005252019109,1.0821243516585513,0.07149422716486221,0.14605035622771803,-0.03677072971657821,-0.1363363505850803,-0.057044743328949425,-0.24800585057949054
QAT,2012,0.2098731343469954,0.07931000100248377,1.3514680341664598,0.9472623836733107,0.9482040248843299,0.017315071285303144,0.12677315055708394,-0.08995631347665013,-0.1905155064646397,-0.0763219489995837,-0.30119143433956247
QAT,2013,0.23720790161839492,0.1739850737501594,1.5078675426565278,0.9779060841466958,0.896277687485383,-0.005026570752907363,0.04269109224337585,-0.1994613084303433,-0.21285714850284992,-0.1604040073132917,-0.4106964292932555
QAT,2014,0.26964952520351476,0.1630946670021817,1.5328867026120085,0.9744483631576047,0.9836784023810445,-0.03091032022869216,0.052010830362794996,-0.21591757062829298,-0.23874089797863482,-0.15108426919387263,-0.42715269149120527
QAT,2015,0.33040164442427333,0.24542233252908383,1.7091448612540618,0.9543355050143156,0.8968734817991225,-0.07765030718336173,-0.01637959575184549,-0.32475804343140574,-0.2854808849333044,-0.2194746953085131,-0.5359931642943181
QAT,2016,0.37091588363487765,0.25965230482290425,1.7745106754582116,0.9704473194203687,0.9631640343965407,-0.10764846692529928,-0.027740634772660686,-0.3622895882607184,-0.31547904467524185,-0.23083573432932827,-0.5735247091236306
QAT,2017,0.4560102969487742,0.36858159603859897,1.852018375786693,0.9415564481293704,0.9581496051325312,-0.16786944407974663,-0.1106797725989527,-0.4050409374428951,-0.37570002182968926,-0.31377487215562033,-0.6162760583058073
QAT,2018,0.4979870950766546,0.3865040583904663,1.8983955305492877,0.9719778639843807,0.9755703413665455,-0.19629169253938944,-0.12369041358845015,-0.42977395094866333,-0.404122270289332,-0.3267855131451178,-0.6410090718115756
QAT,2019,0.5590746664904314,0.39757281611239254,1.9406681691299141,0.9608180591175352,0.9782174823841321,-0.23626190501489258,-0.13164192968575056,-0.45179720999165335,-0.4440924827648352,-0.33473702924241805,-0.6630323308545656
QAT,2020,0.6465818922590673,,2.0296495553170173,0.9468552240371242,0.9561592364780408,-0.2908709810227482,,-0.49662802443925824,-0.4987015587726906,,-0.7078631453021706
QAT,2021,0.6637572047625598,,1.9572693013498117,0.9896767915088046,1.0369802223522788,-0.301247843403664,,-0.4603151673580425,-0.5090784211536066,,-0.6715502882209549
QAT,2022,0.6583548027108101,,1.9308086978590755,1.0032576877052601,1.0137044149014225,-0.2979954504669778,,-0.44670380872660265,-0.5058260282169205,,-0.6579389295895149
QAT,2023,0.6977650581460092,,1.9811352334427845,0.9767869793019323,0.974597122531483,-0.32148213669444126,,-0.4724349097647195,-0.5293127144443838,,-0.6836700306276319
ROU,1995,0.7481801082650333,0.7468299196392221,4.086214529631433,,,0.0,0.0,0.0,-0.5585753086903141,-0.5578026707395215,-1.4076189985980352
ROU,1996,0.7369641010703664,0.7359781912066181,3.9720412689819007,1.0064572475549471,1.0287442281985144,0.006436488846777723,0.006231617249272877,0.028338862493782133,-0.5521388198435367,-0.5515710534902487,-1.379280136104253
ROU,1997,0.7523533276920282,0.7516204544808573,4.213420164754657,0.9912179659327433,0.942711885752127,-0.0023843345481051794,-0.0027386627355166842,-0.030655709963625186,-0.5609596432384194,-0.5605413334750381,-1.4382747085616603
ROU,1998,0.7464083952461998,0.7450486105759568,4.305667198705373,1.0034040906250856,0.9785754379766154,0.0010139752756881313,0.0010202584095460722,-0.05231310955081734,-0.5575613334146262,-0.5567824123299753,-1.4599321081488523
ROU,1999,0.7238788082441467,0.7226543706972184,4.333453663396798,1.0130691246358559,0.9935879169711382,0.013998435761894105,0.013936330705967002,-0.05874583828603913,-0.5445768729284203,-0.5438663400335545,-1.4663648368840743
ROU,2000,0.7211110934037066,0.7200896527009613,4.236032951543559,1.0016080977288726,1.0229981005737314,0.015605241886112762,0.015426257609201128,-0.03600820803994364,-0.5429700668042015,-0.5423764131303203,-1.4436272066379787
ROU,2001,0.7068637755563255,0.7062048823127631,4.048337826786046,1.0083470737685187,1.0463635034397623,0.023917671485832584,0.023531133738578795,0.009312614861358167,-0.5346576372044816,-0.5342715370009427,-1.3983063837366771
ROU,2002,0.6707434063729383,0.670307912284084,3.641124261111546,1.0216193396577886,1.1118373162991662,0.04530662779635335,0.04479468269328118,0.11532650169499298,-0.5132686808939608,-0.5130079880462403,-1.2922924969030423
ROU,2003,0.6719756662821504,0.6702936298255067,3.5228256186523477,0.9992629917204763,1.0335806126289195,0.04456934779271078,0.0448032335236615,0.1483555984338128,-0.5140059608976034,-0.5129994372158599,-1.2592634001642222
ROU,2004,0.6194817836430511,0.618476028425359,3.229610000922686,1.0324140000642759,1.09078979122739,0.07646909726075841,0.07631768744721246,0.23525761140185694,-0.48210621142955584,-0.481484983292309,-1.1723613871961782
ROU,2005,0.5982664018930194,0.595725450104592,3.1171145477480073,1.0132739959526795,1.0360896115466633,0.08965576567062769,0.09047421025367568,0.2707112491303582,-0.46891954301968647,-0.4673284604858457,-1.1369077494676771
ROU,2006,0.5775939628212559,0.5743019521462905,3.0095106821133037,1.0131037767378335,1.035754604984204,0.10267443064348686,0.10399070169276671,0.3058414971341822,-0.4559008780468274,-0.45381196904675486,-1.101777501463853
ROU,2007,0.5790028046642828,0.5702792322851519,2.9692739645919484,0.9991077648254548,1.0135510289724599,0.10178179719021523,0.10654921223492746,0.3193015320341023,-0.45679351150009906,-0.4512534585045941,-1.088317466563933
ROU,2008,0.5568068723820269,0.5516585981598644,2.8786060230491732,1.0142573447458478,1.03149716939963,0.11593846182212239,0.11847824858909276,0.35031284140015606,-0.44263684686819177,-0.4393244221504287,-1.0573061571978792
ROU,2009,0.5714346618498746,0.5711902059670513,3.101339162657122,0.9906914427796649,0.9281816247994242,0.10658630923212017,0.10596924561399419,0.2757849924329576,-0.4519889994581941,-0.4518334251255273,-1.1318340061650776
ROU,2010,0.6077050126985698,0.5904704481409229,3.2066436029738763,0.977439672973455,0.9671605412528247,0.0837676045768372,0.09377281893712536,0.24239421503418443,-0.47480770411347695,-0.4640298518023961,-1.1652247835638507
ROU,2011,0.6118719995773281,0.5742299985316718,3.118937792251905,0.997414815270784,1.0281204103973638,0.08117907248730469,0.10403640782867886,0.2701265059446239,-0.4773962362030095,-0.4537662629108423,-1.1374924926534113
ROU,2012,0.6147848191178275,0.5611705346986393,3.156175126655332,0.9981961562271245,0.9882017527833163,0.07937359982911965,0.11236678808892442,0.2582581070856947,-0.4792017088611945,-0.44543588265059697,-1.1493608915123403
ROU,2013,0.6062126560083203,0.5500151150198993,3.207568844919368,1.0053368793213286,0.9839773608147365,0.08469628847688696,0.11953798823017152,0.24210571758904198,-0.47387902021342715,-0.43826468250934997,-1.1655132810089932
ROU,2014,0.5958887221065395,0.5284432609461416,3.165074216047162,1.0064690813079709,1.0134261081957432,0.09114453508434794,0.13355292982157238,0.2554424942887741,-0.4674307736059663,-0.42424974091794915,-1.152176504309261
ROU,2015,0.5894523673189128,0.5139505963230815,3.1350318722063677,1.0040494165915042,1.009582787373594,0.0951857748552886,0.14308014748317274,0.2649796579918263,-0.4633895338350256,-0.4147225232563486,-1.1426393406062088
ROU,2016,0.5828202006751272,0.42524381606635675,3.1072243533938164,1.004190094769423,1.0089493115558839,0.09936711562250292,0.20345977266073648,0.27388916178415135,-0.4592081930678114,-0.35434289807878494,-1.1337298368138837
ROU,2017,0.5470746315459089,0.3773497984496116,2.9784653925575997,1.023105264865923,1.0432299670689313,0.12220949550549323,0.23764145387783042,0.31621079966316923,-0.4363658131848211,-0.3201612168616911,-1.0914081989348658
ROU,2018,0.5180396281497658,0.3086178121953511,2.875890491895173,1.0191266439016033,1.0356671788969376,0.14115552455711416,0.28883119573617627,0.35125663599574536,-0.4174197841332,-0.2689714750033451,-1.0563623626022898
ROU,2019,0.5050528797183447,0.253195326452861,2.852691648585492,1.0086287655446708,1.0081322646004116,0.14974727508125266,0.33210611994130246,0.35935601191836336,-0.40882803360906156,-0.22569655079821888,-1.048262986679672
ROU,2020,0.5599445522788491,,3.0257659051731594,0.9648117797005569,0.9427998523310206,0.11392503147154474,,0.30045474737008293,-0.4446502772187695,,-1.107164251227952
ROU,2021,0.5414448986551841,,2.853326917219572,1.0120015017337338,1.060434360645089,0.12585508626233188,,0.35913334575302275,-0.43272022242798247,,-1.0484856528450124
ROU,2022,0.5284454462416442,,2.843695880645832,1.0085050156323896,1.0033868025899986,0.13432413802093357,,0.3625144260436885,-0.42425117066938073,,-1.0451045725543466
ROU,2023,0.535759443695481,,2.878771292944215,0.9952375370479655,0.9878158392143371,0.12955029840722262,,0.35025542987889674,-0.4290250102830916,,-1.0573635687191383
RUS,1995,0.946619400803897,0.9465058309299924,7.168500647654356,,,0.0,0.0,0.0,-0.666094227468295,-0.6660358836611084,-1.9696965180514445
RUS,1996,0.9474556933529819,0.9473910163319814,7.40979057794984,0.9995705717198397,0.9674363360533402,-0.00042952051088951696,-0.00045465273064931037,-0.03310565877212887,-0.6665237479791845,-0.6664905363917577,-2.0028021768235735
RUS,1997,0.9430991944304042,0.9430256914835036,7.13563513289125,1.0022420362969964,1.0384206086708232,0.0018100061731239783,0.0017894907677863784,0.004595254561430398,-0.664284221295171,-0.6642463928933221,-1.9651012634900145
RUS,1998,0.9454499617780929,0.9453985199418179,7.441600368159108,0.9987916587967444,0.9588844845018804,0.0006009343370080842,0.0005690330070958816,-0.037389410909361244,-0.6654932931312869,-0.6654668506540125,-2.007085928960806
RUS,1999,0.9431750714588577,0.9431494499745358,7.449671930115196,1.0011707078547107,0.998916521152635,0.0017709574476497908,0.0017257990984357724,-0.03847347714425228,-0.6643232700206452,-0.6643100845626727,-2.008169995195697
RUS,2000,0.9370306547632712,0.9370037603755415,7.0149756817138265,1.003172080256178,1.0619668931332873,0.004938017271260471,0.004893557898153873,0.021649271115455736,-0.6611562101970344,-0.6611423257629545,-1.9480472469359889
RUS,2001,0.9354706817852992,0.935460584044155,6.683089923945111,1.0008059915309762,1.0496605255272102,0.005743684165487246,0.00569055757372065,0.07011607398755361,-0.6603505433028075,-0.6603453260873878,-1.8995804440638913
RUS,2002,0.9321295256432058,0.931245471470954,6.5155712889580775,1.0017292609515822,1.0257105060412623,0.007471451666812326,0.007870766869348015,0.09550162306759444,-0.6586227758014827,-0.6581651167917604,-1.87419489498385
RUS,2003,0.9287354651550549,0.9260817334105034,6.08014870310878,1.0017597335401711,1.071613805370692,0.009229638689956658,0.010548134316172844,0.1646673646243002,-0.6568645887783382,-0.6554877493449356,-1.8050291534271445
RUS,2004,0.9241457563527455,0.9182056591770196,5.7535859971540715,1.0023853228307453,1.0567581167842521,0.011612121154096005,0.014645687099852658,0.21987320595310808,-0.6544821063141991,-0.6513901965612557,-1.7498233120983366
RUS,2005,0.9204248672570462,0.911846902176367,5.47725365693486,1.001937534323336,1.0504508933723276,0.01354778087881396,0.017966144321329376,0.2690927002065483,-0.6525464465894808,-0.6480697393397791,-1.7006038178448963
RUS,2006,0.917276750401549,0.9041223790151462,5.131086930319165,1.0016419731031725,1.0674645998628918,0.015188407417963857,0.022014674664635397,0.3343790040563843,-0.650905820050331,-0.644021208996473,-1.6353175139950604
RUS,2007,0.910573096946072,0.8974212029211918,4.832662077005208,1.0035087134149394,1.0617516492067434,0.018690979658876658,0.02554018102297191,0.39429904755744416,-0.6474032478094184,-0.6404957026381363,-1.5753974704940006
RUS,2008,0.9076336601391847,0.8984335459054038,4.642237567634143,1.001540881180862,1.0410199837032708,0.020230674900436445,0.02500678705760663,0.43450003364701306,-0.6458635525678584,-0.6410290966035017,-1.5351964844044315
RUS,2009,0.9088990159494046,0.902504476087177,4.996597790887826,0.9993371279467131,0.9290796982098658,0.019567583050333244,0.022864720170525953,0.3609392790453847,-0.6465266444179618,-0.6431711634905825,-1.60875723900606
RUS,2010,0.9098668549883175,0.9012369411826732,4.823761456889897,0.9994932426643329,1.0358301992216183,0.019060697269772102,0.02353118763630431,0.3961425090843102,-0.647033530198523,-0.6425046960248043,-1.5735540089671345
RUS,2011,0.9092677737016055,0.9006857552182788,4.68806878597546,1.0003137754143046,1.0289442576696755,0.019374423466866564,0.02382113880694619,0.42467579310804204,-0.6467198040014284,-0.6422147448541623,-1.5450207249434027
RUS,2012,0.9065993862258748,0.8990977417153349,4.555705197225598,1.0013995533067976,1.0290544675345696,0.02077299831176827,0.02465698305790372,0.45331618105137284,-0.6453212291565267,-0.6413789006032048,-1.516380337000072
RUS,2013,0.9016893373834458,0.8888391951818894,4.4930236127103065,1.0025819405651109,1.013950869151449,0.02335161139468183,0.030073425720302055,0.4671706325331393,-0.6427426160736133,-0.6359624579408064,-1.5025258855183055
RUS,2014,0.9009739144145781,0.8872632001922645,4.479014772448637,1.000376345495034,1.003127661098115,0.023727886089513015,0.030908146242215325,0.47029341267395386,-0.6423663413787818,-0.6351277374188932,-1.4994031053774908
RUS,2015,0.9027601127764757,0.8896638910436573,4.560535987455033,0.9990612592991079,0.9821246416582083,0.022788704495624777,0.029636905830788336,0.452256360324005,-0.6433055229726702,-0.6363989778303202,-1.5174401577274397
RUS,2016,0.9023661187551848,0.8871660185351983,4.56682652430305,1.000207107358256,0.9986225583970528,0.02299579041011239,0.030959640998882182,0.4508779691763113,-0.6430984370581825,-0.6350762426622262,-1.5188185488751333
RUS,2017,0.9024425638471544,0.8814454307168724,4.495667368758151,0.999959817398211,1.0158283853559555,0.022955607000981072,0.03399555610403,0.46658239201412943,-0.6431386204673138,-0.6320403275570783,-1.503114126037315
RUS,2018,0.9024217696551917,0.8829084070420852,4.397194260584205,1.000010930379527,1.0223945321353314,0.022966537320771942,0.03321827720734691,0.48872984857301505,-0.6431276901475231,-0.6328176064537614,-1.4809666694784298
RUS,2019,0.899969503862485,0.8788950238538235,4.2878376638954725,1.0012906869229854,1.0255039031933364,0.024256392023404447,0.03535203288315669,0.5139139532329168,-0.6418378354448904,-0.6306838507779519,-1.4557825648185279
RUS,2020,0.8984079146433505,,4.352533780319854,1.0008225783337128,0.9851359875213588,0.025078632224973828,,0.49893836429100363,-0.6410155952433211,,-1.470758153760441
RUS,2021,0.8973542238014297,,4.164940059834916,1.0005553474563171,1.0450411573251726,0.02563382553296024,,0.5429946339323745,-0.6404604019353346,,-1.4267018841190704
RUS,2022,0.9033579815881678,,4.288319385923206,0.9968457022563206,0.9712289792375789,0.022474542506014144,,0.5138016133992497,-0.6436196849622808,,-1.455894904652195
RUS,2023,0.9007852147416214,,4.245059793042367,1.0013535284400328,1.0101905732757264,0.023827155752162113,,0.523940612864986,-0.642267071716133,,-1.4457559051864586
RWA,1995,0.5371031225016512,0.533709199504249,14.345000577331321,,,0.0,0.0,0.0,-0.4298995556705695,-0.4276891148989295,-2.663401489679498
RWA,1996,0.4561855112465584,0.4535036043445012,12.109439451329616,1.0555682024234836,1.1846130974919933,0.05407920244180149,0.05371219411603212,0.16941622126760586,-0.3758203532287679,-0.3739769207828976,-2.493985268411892
RWA,1997,0.3812414479417349,0.37840453534803015,10.378702800581873,1.0542584813223652,1.1667584749272049,0.10691686094120664,0.1067624183738408,0.3236455907934957,-0.32298269472936275,-0.32092669652508893,-2.3397558988860023
RWA,1998,0.31407287797505234,0.31292101363895003,9.391867121470119,1.0511147981915487,1.1050734285684063,0.1567681744558501,0.15543467855537882,0.423557374748557,-0.2731313812147192,-0.2722544363435509,-2.2398441149309414
RWA,1999,0.27983605461136274,0.27871825750826024,8.853614403750159,1.0267509445763239,1.060794687138393,0.1831675682771592,0.1818308999862719,0.4825757068317742,-0.2467319873934102,-0.24585821491265777,-2.180825782847724
RWA,2000,0.25326212391483754,0.25241457598461703,8.661787866523422,1.0212038089952928,1.0221462982218854,0.20414970457636297,0.20261576605465687,0.5044803373135478,-0.22574985109420637,-0.22507334884427263,-2.1589211523659504
RWA,2001,0.22102877290496864,0.2197484543035624,8.431459832785244,1.0263985187942641,1.0273176932946488,0.23020579578691852,0.2290444624098932,0.5314315615092247,-0.19969375988365096,-0.19864465248903643,-2.1319699281702733
RWA,2002,0.15654172022894827,0.15564627579432114,7.894716101516913,1.0557585183033902,1.067987717907323,0.28446527907161734,0.28302938127047406,0.597207801894325,-0.14543427659895208,-0.14465973362845555,-2.0661936877851734
RWA,2003,0.14560215937981003,0.14492492503033452,8.224677467236523,1.0095491796690228,0.9598815434363194,0.2939691535146084,0.292350047701476,0.5562624075067855,-0.13593040215596103,-0.13533906719745356,-2.1071390821727127
RWA,2004,0.1208785373480797,0.11979998481352187,8.20661482247198,1.0220573605506131,1.0022009860527488,0.31578676950450696,0.3145390305280511,0.5584609749379834,-0.11411278616606252,-0.11315008437087855,-2.104940514741515
RWA,2005,0.080153358218454,0.07881673299085352,8.128418738820004,1.0377031454096441,1.0096200855497917,0.3527965262648323,0.35182429199157234,0.5680350821068972,-0.07710302940573723,-0.07586482290735728,-2.095366407572601
RWA,2006,0.04536935609385351,0.04419857613159702,8.20777714711301,1.0332743655836392,0.9903313154255268,0.3855292818953018,0.3844394365029423,0.5583193523125306,-0.04437027377526765,-0.04324967839598725,-2.1050821373669675
RWA,2007,0.04523631477093697,0.044699420997364785,8.581897422262115,1.0001272834870318,0.9564058789401739,0.385656557282478,0.38395990626637416,0.5137464558427368,-0.044242998388091356,-0.043729208632555576,-2.1496550338367615
RWA,2008,-0.0,-0.0,8.914748161730168,1.0452363147709371,0.962662911679666,0.4298995556705695,0.42768911489892963,0.4756944875878343,0.0,0.0,-2.187707002091664
RWA,2009,0.00821763080474229,0.006405325999829584,9.137385701088565,0.991849348242221,0.9756344378313949,0.4217155057490821,0.42130421581869754,0.4510271734546339,-0.008184049921487196,-0.006384899080232082,-2.212374316224864
RWA,2010,0.0031445786677666426,0.0018624052851304938,8.96161350111893,1.0050571495324363,1.019613900995361,0.4267599108497609,0.4258284417402412,0.47045120065492047,-0.00313964482080846,-0.0018606731586883012,-2.192950289024578
RWA,2011,0.019369500724634676,0.014296925786033428,8.662951915618068,0.9840833750221738,1.0344757293368345,0.41071525604402437,0.41349342637619974,0.5043459573331225,-0.019184299626545075,-0.014195688522729878,-2.159055532346376
RWA,2012,0.03585625692394187,0.025692391439340073,8.41240230172176,0.9840839343402086,1.0297833609128544,0.39467116960260545,0.4023212265153273,0.5336944082415556,-0.035228386067964045,-0.025367888383602315,-2.1297070814379424
RWA,2013,0.06506147735888627,0.04434387618143662,8.283010655275502,0.9725788407000066,1.0156213304354316,0.36686703295560585,0.38430029635770574,0.5491949816612646,-0.06303252271496358,-0.04338881854122404,-2.1142065080182335
RWA,2014,0.07461339463209506,0.05541180392573911,8.061596909149372,0.9911112988904452,1.0274652464792478,0.35793859167474024,0.3737580886573386,0.5762898250996328,-0.07196096399582926,-0.053931026241590935,-2.0871116645798655
RWA,2015,0.10720133890973574,0.03982310445137824,7.908916466519855,0.9705672824513288,1.0193048495676806,0.32806404051462096,0.38863850808658645,0.595410700023781,-0.1018355151559485,-0.03905060681234325,-2.0679907896557173
RWA,2016,0.12912101537973958,0.050918020447333415,7.977532845233744,0.9805869555420222,0.9913987970911476,0.30846008813413583,0.37802502752371214,0.5867722932837741,-0.12143946753643364,-0.04966408737521753,-2.076629196395724
RWA,2017,0.16265082856399782,0.0649771116873616,8.104670871976456,0.9711608916791713,0.9843129932416729,0.27919696060606136,0.36473580734185346,0.5709609433390328,-0.15070259506450806,-0.06295330755707618,-2.0924405463404656
RWA,2018,0.1708534047231665,0.045286124078485895,7.950102998243217,0.9929943610992804,1.0194422479516798,0.27216666700169473,0.38339846401342165,0.590216605343319,-0.15773288866887475,-0.044290650885508,-2.0731848843361793
RWA,2019,0.16326123507383694,0.02531342406099107,7.532369378572002,1.0065266248203033,1.055458461830029,0.278672085626138,0.40269076947790466,0.6441918388534041,-0.15122747004443143,-0.024998345421024935,-2.019209650826094
RWA,2020,0.2114865787783694,,8.789206814368901,0.9601932497236892,0.857002177518206,0.23805137264290469,,0.48987701932720273,-0.19184818302766454,,-2.1735244703522953
RWA,2021,0.23439634050035954,,7.426575966716391,0.9814405139011482,1.1834803621156504,0.21931749820604385,,0.6583365761032635,-0.21058205746452552,,-2.0050649135762346
RWA,2022,0.18145268501290757,,7.390926796339951,1.0448123366759066,1.0048233694310293,0.2631547853676979,,0.6631483503582223,-0.1667447703028716,,-2.000253139321276
RWA,2023,0.1544371289013509,,7.650007843180521,1.0234014962228968,0.9661332312134131,0.28628666476730363,,0.6286948165892235,-0.14361289090326584,,-2.0347066730902745
SAU,1995,-0.0,1.046373100400392e-14,1.0,,,0.0,0.0,0.0,0.0,-1.0463731004003864e-14,-0.0
SAU,1996,0.0025452423231041863,-0.0,1.0127369337958312,0.9974612194885026,0.9874232553679148,-0.002542008679637888,1.0436096431476416e-14,-0.012656501310035678,-0.0025420086796377767,0.0,-0.012656501310035671
SAU,1997,-0.0,-0.0,1.0351947230314444,1.0025452423231043,0.9783057344324088,0.0,1.0436096431476416e-14,-0.034589547216194,0.0,0.0,-0.03458954721619403
SAU,1998,-0.0,-0.0,1.0599631420242426,1.0,0.9766327544696534,0.0,1.0436096431476416e-14,-0.05823413584418426,0.0,0.0,-0.05823413584418421
SAU,1999,0.04957771083243616,0.04796575314841841,1.1255435069447643,0.9527641352128987,0.9417344913671648,-0.0483879031137165,-0.04685090707139897,-0.11826603627703659,-0.04838790311371641,-0.04685090707140947,-0.11826603627703655
SAU,2000,0.09098712178087319,0.07022730498347354,1.129606697738935,0.962044088219078,0.9964030039815596,-0.08708290273073661,-0.06787106047677154,-0.12186951704072742,-0.08708290273073671,-0.06787106047678189,-0.12186951704072743
SAU,2001,0.1296257939914226,0.0930237951676181,1.183112553826562,0.965795157638864,0.954775345832844,-0.12188642212026933,-0.08894797946758896,-0.1681487231810034,-0.12188642212026926,-0.0889479794675995,-0.16814872318100343
SAU,2002,0.17848712890285096,0.1307715901344516,1.2486954766609124,0.9585389320654548,0.9474788496794085,-0.16423152174157862,-0.12290022283442735,-0.22209938769379517,-0.16423152174157868,-0.12290022283443772,-0.22209938769379511
SAU,2003,0.14998399728442627,0.11865151298675998,1.2461746820001147,1.0247856767448347,1.0020228260910837,-0.13974802687349192,-0.11212395364731795,-0.22007860476057084,-0.13974802687349183,-0.11212395364732831,-0.22007860476057078
SAU,2004,0.15980292907165783,0.11770587067336981,1.2450404799405317,0.9915339653478106,1.0009109760508648,-0.14825010195421862,-0.11127825485457543,-0.2191680433965612,-0.14825010195421864,-0.11127825485458591,-0.2191680433965612
SAU,2005,0.16032593253948085,0.12125540005194595,1.2761581500210735,0.9995492615883553,0.9756161334078948,-0.14870094197895622,-0.11444895047910132,-0.243854119265205,-0.14870094197895634,-0.11444895047911176,-0.24385411926520506
SAU,2006,0.20111382543007034,0.1634054673324534,1.3404332618959423,0.9660416090240364,0.9520490025859576,-0.18324931415236576,-0.15135145192687285,-0.2929928914761046,-0.18324931415236564,-0.1513514519268833,-0.29299289147610463
SAU,2007,0.22172839738751346,0.181237016023298,1.4015639582392234,0.9831267145778683,0.9563839409654344,-0.20026657531547798,-0.16656220803908706,-0.3375887261427793,-0.20026657531547792,-0.1665622080390974,-0.33758872614277924
SAU,2008,0.24422563796485885,0.19755396900511532,1.4086330129530418,0.9819186810728774,0.9949816207281704,-0.21851335887013315,-0.18028111735011504,-0.3426197397669057,-0.2185133588701332,-0.1802811173501254,-0.34261973976690563
SAU,2009,0.31286951199639385,0.2635671568830213,1.5003978813017291,0.9477146255554728,0.9388396441422104,-0.2722152088103109,-0.23393879790414737,-0.4057303271356414,-0.2722152088103109,-0.23393879790415775,-0.40573032713564133
SAU,2010,0.35124795464920566,0.30744399830572783,1.5713117207185014,0.9715977792819118,0.9548696554084468,-0.3010285762970222,-0.2680740849159254,-0.4519107614354776,-0.30102857629702207,-0.2680740849159358,-0.4519107614354776
SAU,2011,0.33074870228745423,0.2974146504260618,1.6145939740824433,1.0154043000955137,0.9731931036169397,-0.28574171789644565,-0.2603735538758465,-0.4790835158291425,-0.28574171789644565,-0.26037355387585687,-0.47908351582914255
SAU,2012,0.35740703656111644,0.3064776783487566,1.6332674217230125,0.9803608397808228,0.9885668155794904,-0.3055762891263881,-0.2673347207569895,-0.4905825615870896,-0.30557628912638807,-0.267334720757,-0.49058256158708957
SAU,2013,0.38269917539867904,0.33247071708606674,1.7061856358908247,0.9817081406515845,0.9572624381345582,-0.32403751304188,-0.2870349008959779,-0.5342602566847914,-0.3240375130418799,-0.28703490089598827,-0.5342602566847914
SAU,2014,0.39935215023873283,0.3488538593307859,1.7372101600189012,0.9880995110221449,0.982141179667209,-0.33600937968999206,-0.29925523876327714,-0.5522804701641336,-0.3360093796899919,-0.29925523876328763,-0.5522804701641335
SAU,2015,0.42100963550943643,0.3686610855495051,1.7622744154132706,0.9847590862654925,0.9857773254975779,-0.3513676298867921,-0.31383295214352125,-0.566605256257825,-0.35136762988679215,-0.31383295214353163,-0.5666052562578251
SAU,2016,0.45557196738758876,0.40882447706696223,1.8413627207848018,0.9762551542262912,0.9570490352178828,-0.3753989281117709,-0.3427556524576054,-0.6105059066274666,-0.375398928111771,-0.34275565245761586,-0.6105059066274665
SAU,2017,0.46389770970434024,0.4105580737500146,1.8518553082231513,0.9943126201635816,0.9943340133585183,-0.38110254267753557,-0.343985423068927,-0.6161880058625768,-0.3811025426775357,-0.3439854230689376,-0.6161880058625768
SAU,2018,0.4684174906120962,0.4021389600461422,1.848510069820695,0.9969220055354476,1.001809694443688,-0.3841852839099024,-0.33799889928289034,-0.6143799469429765,-0.38418528390990253,-0.33799889928290067,-0.6143799469429765
SAU,2019,0.5079259708395524,0.4417264581639324,1.9332229618309005,0.9737994563450222,0.9561804852917865,-0.41073517742556004,-0.36584132472664116,-0.6591885385464867,-0.41073517742556,-0.36584132472665154,-0.6591885385464867
SAU,2020,0.5746500710793593,,2.0869197176628584,0.9576260773963131,0.9263523390329155,-0.4540330705001396,,-0.7356891595366908,-0.4540330705001395,,-0.7356891595366908
SAU,2021,0.6187708339103917,,2.2342303753277135,0.9727442810886011,0.9340664869247212,-0.4816671167522423,,-0.8038968176792863,-0.4816671167522423,,-0.8038968176792863
SAU,2022,0.6318563122649086,,2.32534681201241,0.9919812312786563,0.9608159797007475,-0.48971820871049315,,-0.8438691943720604,-0.4897182087104931,,-0.8438691943720604
SAU,2023,0.654042319526903,,2.3078984680419823,0.9865867958757306,1.0075602736480997,-0.5032221824452208,,-0.836337356361908,-0.5032221824452208,,-0.836337356361908
SDN,1995,0.4608700735410299,0.45466569345733626,5.147148622541116,,,0.0,0.0,0.0,-0.37903219899958185,-0.3747761102768284,-1.6384428958202926
SDN,1996,0.44211235027399237,0.4372807768560783,5.044028182398817,1.013007116445174,1.0204440650236926,0.012923250360502025,0.012023131273874797,0.020237890421805484,-0.36610894863907967,-0.3627529790029537,-1.618205005398487
SDN,1997,0.46310292936432157,0.4571062481334265,4.827941265949983,0.9856533818167879,1.0447575694370663,-0.0015272755631448851,-0.0016763368124734271,0.06402275795519778,-0.38055947456272665,-0.376452447089302,-1.5744201378650948
SDN,1998,0.38970262837091374,0.38397641725398973,4.624375286198191,1.0528172714758781,1.0440202118455546,0.049942411168445576,0.04981529278289139,0.10710160723356271,-0.32908978783113624,-0.3249608174939371,-1.5313412885867297
SDN,1999,0.4273416152417376,0.42343823147444953,4.775617932964301,0.9736300080731205,0.9683302456584436,0.023218495152435164,0.02170087549185267,0.07491952021547651,-0.35581370384714667,-0.3530752347849756,-1.563523375604816
SDN,2000,0.45084094553981047,0.4471315777778001,4.811915910067467,0.9838029589871207,0.9924566476676738,0.006888848239070358,0.005192735332467909,0.06734757290887416,-0.3721433507605114,-0.36958337494436067,-1.5710953229114184
SDN,2001,0.41941047972354956,0.41507300259247903,4.48784578650005,1.0221433237708535,1.0722106193003014,0.028790568711420526,0.027594988574297985,0.13707008948704055,-0.3502416302881613,-0.3471811217025304,-1.501372806333252
SDN,2002,0.4467007931292357,0.4429815691851721,4.404986304670177,0.981136173052994,1.0188103835287807,0.009746550112941229,0.008064603134112919,0.15570574547894026,-0.36928564888664056,-0.3667115071427156,-1.4827371503413522
SDN,2003,0.4519445436993523,0.4496726301865091,4.343489571134076,0.9963884636001619,1.0141583702525259,0.006128476370873562,0.003438351619910691,0.16976482213352234,-0.37290372262870825,-0.37133775865691776,-1.4686780736867702
SDN,2004,0.5069328810449302,0.5057419840321288,4.381913429644298,0.9635097634159737,0.9912312602411818,-0.03104418152746377,-0.03450967907913812,0.1609574107426022,-0.4100763805270456,-0.40928578935596666,-1.4774854850776904
SDN,2005,0.4376931760224315,0.4353374882335565,4.071722076289206,1.048160279381766,1.0761818580795146,0.015992331018890443,0.013376105278514903,0.2343768712861433,-0.3630398679806913,-0.3614000049983135,-1.4040660245341492
SDN,2006,0.45258185977980925,0.44778782620044616,4.0336953693474475,0.9897501929704432,1.0094272629586085,0.005689632991848526,0.004739355916802169,0.24375997491874904,-0.3733425660077332,-0.3700367543600262,-1.3946829209015437
SDN,2007,0.5035958363473084,0.4998696479440279,4.116337392052067,0.966072015275443,0.9799234088866993,-0.02882726458190314,-0.030602092684545067,0.22347911034978551,-0.40785946358148495,-0.40537820296137345,-1.4149637854705068
SDN,2008,0.550247678640755,0.5442860816363351,4.314293560535179,0.9699068458955215,0.9541162033353716,-0.059382511837539134,-0.05978561019631457,0.17650930182934108,-0.438414710837121,-0.43456172047314306,-1.4619335939909515
SDN,2009,0.5262683598867515,0.5201481242231645,4.242102060705768,1.015711076363912,1.017017860201459,-0.0437935767806718,-0.04403166998021822,0.19338398039491195,-0.4228257757802536,-0.4188077802570467,-1.4450589154253806
SDN,2010,0.4898059133069899,0.48396994968482,4.0144718340685,1.024474628711081,1.0567024096932256,-0.019613652947766933,-0.01994478472480458,0.24853710525199826,-0.39864585194734886,-0.39472089500163304,-1.389905790568294
SDN,2011,0.5342996402448131,0.5295797971152485,4.197409124770528,0.9710006274063104,0.956416616711856,-0.0490418174942869,-0.05021694499804836,0.20397543593130643,-0.4280740164938688,-0.42499305527487685,-1.4344674598889862
SDN,2012,0.5627635947615091,0.5600128800627672,4.266245297564769,0.981786141798984,0.9838649285277773,-0.06742359004784951,-0.06991796740102459,0.18770877682301823,-0.4464557890474313,-0.44469407767785313,-1.4507341189972742
SDN,2013,0.5423148555932077,0.5415054027672381,4.092233712637257,1.0132584725447882,1.0425223966046087,-0.05425224180494812,-0.05798336293767112,0.22935193483665087,-0.43328444080453,-0.4327594732144995,-1.4090909609836415
SDN,2014,0.4447751960277909,0.4241840733591547,3.927437605270566,1.067511997599065,1.0419602101750864,0.011078463221216783,0.021177040641638153,0.27045569142632875,-0.3679537357783651,-0.3535990696351903,-1.3679872043939638
SDN,2015,0.44627877390498155,0.44490617471888927,3.898787207599127,0.9989603817021175,1.0073485410067,0.010038304145397437,0.006731721810929049,0.27777736345711856,-0.36899389485418443,-0.36804438846589943,-1.360665532363174
SDN,2016,0.49974045199071465,0.4931271269883724,3.8716976710990747,0.9643527131546197,1.0069968109086271,-0.026259862130627757,-0.026096553341398033,0.2847498102656165,-0.4052920611302095,-0.40087266361822654,-1.353693085554676
SDN,2017,0.4793435858040008,0.4668327138312242,3.8067248082098364,1.0137877815420604,1.0170679169529444,-0.012566267285572683,-0.008329349546893542,0.30167370676688876,-0.39159846628515443,-0.38310545982372196,-1.336769189053404
SDN,2018,0.545021593699025,0.5408058947449049,4.021693626610973,0.9574905566609069,0.9465476890186963,-0.05600568775667984,-0.05752947754659683,0.2467397817593704,-0.4350378867562617,-0.4323055878234251,-1.3917031140609222
SDN,2019,0.4876599153879081,0.474611138725566,3.8644675169031064,1.038558327557115,1.040685064376958,-0.01817215980282608,-0.013618209994873575,0.2866189938017356,-0.397204358802408,-0.388394320271702,-1.3518239020185567
SDN,2020,0.5243803796565902,,4.0419453066717335,0.9759112195625643,0.9560909967100056,-0.04255582007225285,,0.24171680818431224,-0.4215880190718346,,-1.3967260876359804
SDN,2021,0.5634936827336217,,4.210317415582433,0.974983395514176,0.9600096400600219,-0.06789065844342967,,0.20090485534282876,-0.4469228574430114,,-1.4375380404774638
SDN,2022,0.5757866309163949,,4.452542741992194,0.9921988498051768,0.9455984275849122,-0.07572239679616093,,0.1449675601356271,-0.4547545957957427,,-1.4934753356846653
SDN,2023,0.6832418473527052,,4.957635324401308,0.9361617484704834,0.8981182460268778,-0.1416894060353612,,0.03751401787708699,-0.520721605034943,,-1.6009288779432054
SEN,1995,0.6364538876989869,0.6325326004980175,5.25662567110184,,,0.0,0.0,0.0,-0.49253163717071596,-0.4901325516462507,-1.6594893135006195
SEN,1996,0.6224539771182682,0.6176540198191898,5.120319206827837,1.008628849124944,1.0266206966339602,0.00859183338938348,0.009155587878246085,0.026272531309015173,-0.48393980378133256,-0.48097696376800464,-1.6332167821916044
SEN,1997,0.5990729648859694,0.5939252620890452,5.207373287439743,1.0146216043581013,0.9832825350120604,0.023107572786523107,0.023932859398132365,0.00941375234847682,-0.4694240643841929,-0.4661996922481183,-1.6500755611521427
SEN,1998,0.5992197136517329,0.5938919217880897,5.223589127454431,0.9999082372706447,0.9968956517024933,0.02301580584671096,0.023953776721199128,0.006304575566339222,-0.46951583132400504,-0.4661787749250514,-1.6531847379342803
SEN,1999,0.5637939231252831,0.5546784478979121,4.9515153670851335,1.0226537461250969,1.05494757467136,0.04541676643668413,0.04886381331595031,0.05979564900503291,-0.44711487073403167,-0.4412687383303003,-1.5996936644955866
SEN,2000,0.5667234068262449,0.5612212501239473,4.928480001154338,0.9981301845059583,1.0046739290664466,0.04354520065550186,0.044664184010547774,0.06445868918110553,-0.4489864365152141,-0.44546836763570297,-1.5950306243195143
SEN,2001,0.5673457351149696,0.5618551570729804,4.864220042179858,0.9996029412816956,1.013210742609761,0.0431480630885122,0.04425823367498885,0.07758293092499967,-0.4493835740822038,-0.44587431797126165,-1.5819063825756199
SEN,2002,0.5979655649697633,0.5927347474483512,5.036571459766049,0.9808382417456079,0.9657800114695094,0.023800338888747833,0.02468004591474743,0.04276372882262486,-0.4687312982819682,-0.4654525057315032,-1.6167255846779947
SEN,2003,0.5928997632986464,0.5897107874276645,4.948574071587274,1.003180238824712,1.0177823726402362,0.026975531450019994,0.02658044665853973,0.06038984476510566,-0.46555610572069595,-0.4635521049877109,-1.599099468735514
SEN,2004,0.5909221593306014,0.5866416108729018,4.924207151626196,1.001243055140345,1.0049483945761768,0.02821781463697829,0.028512963662376788,0.06532603627733495,-0.4643138225337376,-0.46161958798387387,-1.5941632772232845
SEN,2005,0.589912614457721,0.5858807588276088,4.893481781802241,1.0006349687798564,1.0062788360504817,0.02885258190945508,0.028992614849171722,0.07158524256194665,-0.46367905526126085,-0.461139936797079,-1.587904070938673
SEN,2006,0.5616738980459554,0.5549716241731165,4.99440121271292,1.01808233873096,0.9797934874247196,0.04677337960678857,0.04867525430173456,0.05117178592071545,-0.44575825756392756,-0.44145729734451616,-1.6083175275799042
SEN,2007,0.587425022769068,0.5807867382210666,5.077297423445062,0.9837780529135208,0.9836731623502383,0.03041841625313433,0.03220989295320647,0.03471019673301954,-0.46211322091758167,-0.45792265869304394,-1.6247791167676002
SEN,2008,0.5827877108014716,0.5786753978392265,5.124881436953092,1.0029298382442255,0.9907150996382228,0.03334397088611035,0.03354641202208878,0.025381922996803835,-0.4591876662846056,-0.45658613962416184,-1.6341073905038157
SEN,2009,0.6090444143564525,0.6045583979677968,5.222034387958007,0.983681803112015,0.981395574255706,0.016891165839485536,0.017283974375711476,0.006602258037014266,-0.4756404713312303,-0.47284857727053903,-1.6528870554636053
SEN,2010,0.6601904703209885,0.657250082812731,5.282707762803109,0.9691926577830272,0.988514720561997,-0.01440069977269473,-0.015027100463080971,-0.0049494866274304074,-0.5069323369434108,-0.5051596521093316,-1.6644388001280501
SEN,2011,0.7028583666862942,0.7016187746407669,5.476340969132868,0.9749433674578959,0.9646418644454092,-0.03977659410253199,-0.04144746671861323,-0.04094785808151788,-0.5323082312732479,-0.5315800183648639,-1.7004371715821376
SEN,2012,0.6837438177605613,0.6827640470640728,5.542123070430549,1.0113524092704056,0.9881305231836776,-0.028488139856330436,-0.03030515591089299,-0.052888339555841046,-0.5210197770270464,-0.5204377075571436,-1.7123776530564605
SEN,2013,0.7020060833735873,0.7009718575739017,5.708002131007112,0.9892701525620708,0.9709392083658357,-0.03927596722413006,-0.04106721699445588,-0.08237975945081596,-0.5318076043948461,-0.5311997686407065,-1.7418690729514354
SEN,2014,0.7127469304229432,0.7116830374018335,5.674635683671023,0.9937288767776662,1.005879927663392,-0.04556683653642765,-0.047344567227922164,-0.07651705109619787,-0.5380984737071435,-0.5374771188741728,-1.7360063645968176
SEN,2015,0.7260421549913423,0.7247531901644905,5.692665802528965,0.992297277021913,0.9968327459430463,-0.05329937870985046,-0.0549514104349025,-0.07968933151827176,-0.5458310158805665,-0.5450839620811532,-1.7391786450188915
SEN,2016,0.7198781062454085,0.7180842777868593,5.654707950975708,1.0035840032636907,1.006712610426982,-0.04972178268138582,-0.05107732646748452,-0.07299915034405155,-0.5422534198521017,-0.5412098781137352,-1.7324884638446711
SEN,2017,0.7220098932421141,0.7204115152491858,5.58761848897455,0.9987620355695567,1.0120068079332079,-0.05096051402279905,-0.052430963614516234,-0.061063852294678235,-0.5434921511935151,-0.5425635152607667,-1.7205531657952977
SEN,2018,0.7273085863416554,0.7258341577787094,5.614344282595071,0.9969323992589163,0.9952397301848102,-0.054032829495447604,-0.0555779516816991,-0.06583548827925881,-0.5465644666661634,-0.5457105033279498,-1.7253248017798783
SEN,2019,0.7545905147326591,0.7538475086174061,6.008206644539716,0.9844511137146092,0.9344459361592383,-0.06970386758395904,-0.07167939930960235,-0.13363699526648012,-0.562235504754675,-0.561811950955853,-1.7931263087670997
SEN,2020,0.744549814389604,,6.232766142363299,1.0057554678348744,0.9639711337318946,-0.06396489917640609,,-0.17033092434793012,-0.5564965363471222,,-1.8298202378485497
SEN,2021,0.7633109000706594,,6.179436691143845,0.989360307544005,1.0086301476792996,-0.07466159787332528,,-0.16173780351419018,-0.5671932350440412,,-1.8212271170148095
SEN,2022,0.7724862202737475,,6.288380149922299,0.9948234744517952,0.9826754337077095,-0.07985156804760958,,-0.17921419621144982,-0.5723832052183256,,-1.8387035097120694
SEN,2023,0.7696741504458021,,6.368485702994751,1.001589032549996,0.9874215697721072,-0.07826379667397912,,-0.19187240458807236,-0.570795433844695,,-1.8513617180886919
SGP,1995,0.5112832508492925,0.19646898567550283,2.2461906385335437,,,0.0,0.0,0.0,-0.41295912492106,-0.17937470715737888,-0.8092357318475892
SGP,1996,0.5406230820898701,0.36169307900152453,2.2667402117091093,0.9809558667647782,0.9909343059829201,-0.0192278084361264,-0.12935412936190005,-0.009107037482245048,-0.43218693335718644,-0.308728836519279,-0.8183427693298343
SGP,1997,0.5695004758654926,0.5118995499097821,2.3063259587872853,0.9816009015481834,0.9828360137354604,-0.037798275574363986,-0.2339921331481907,-0.026420032476258522,-0.4507574004954242,-0.4133668403055695,-0.8356557643238477
SGP,1998,0.6655136255803604,0.5953117107077117,2.5225574176808796,0.9423522280213039,0.9142808574433215,-0.09717443477204116,-0.2876944398962827,-0.11603750335142236,-0.5101335596931013,-0.4670691470536616,-0.9252732351990116
SGP,1999,0.6661074497150515,0.6147172687412507,2.510272672088978,0.9996435859315118,1.0048937893195797,-0.09753091237111931,-0.2997851683965448,-0.11115564969422276,-0.5104900372921792,-0.47915987555392364,-0.920391381541812
SGP,2000,0.6255448546566593,0.5398164475395824,2.4798182742077386,1.024953230261345,1.0122808990473178,-0.07288392983510478,-0.25228851225511506,-0.09894954911530791,-0.4858430547561648,-0.43166321941249397,-0.9081852809628971
SGP,2001,0.6936306671202791,0.5941554952550092,2.572554976341538,0.9597989019770244,0.9639515178541758,-0.11391542340601984,-0.2869694188011051,-0.13566382743400898,-0.5268745483270798,-0.46634412595848396,-0.9448995592815983
SGP,2002,0.6853254839467705,0.5975608534776736,2.541611190057076,1.004927940182842,1.0121748701790092,-0.10899958577624767,-0.2891032923304268,-0.12356247487677717,-0.5219587106973077,-0.4684779994878057,-0.9327982067243664
SGP,2003,0.6410559972106019,0.5319967944207113,2.4337876319996274,1.0269762194656467,1.0443027800124285,-0.08238081043808432,-0.2471972717441523,-0.08021300829476716,-0.4953399353591445,-0.4265719789015312,-0.8894487401423564
SGP,2004,0.5593570464159252,0.43941651949549093,2.2826453955544275,1.052392715948189,1.0662136294755011,-0.03131446164995892,-0.18486312952213937,-0.016099299744004553,-0.4442735865710189,-0.3642378366795183,-0.8253350315915937
SGP,2005,0.5150443707837504,0.37312304116184714,2.2189300004737427,1.029248434228531,1.0287144682649212,-0.0024856012574375913,-0.13771303044347336,0.012210633922534023,-0.4154447261784976,-0.31708773760085224,-0.797025097925055
SGP,2006,0.4892146002711882,0.4220527359241294,2.2159813968224116,1.0173445590097348,1.0013306084859555,0.01471025784902318,-0.17272670927731182,0.01354035793352439,-0.39824886707203677,-0.3521014164346906,-0.7956953739140649
SGP,2007,0.4805652961688236,0.44848798732367134,2.256650622087997,1.0058418930423034,0.9819780586026401,0.020535153201165775,-0.1911455378519805,-0.004645956525601203,-0.39242397171989424,-0.37052024500935943,-0.8138816883731904
SGP,2008,0.5369762268937736,0.5130465258515632,2.3875719798136235,0.9632974604695373,0.9451654824095205,-0.016857872302880793,-0.23475047790411155,-0.061041209683734686,-0.4298169972239408,-0.4141251850614905,-0.870276941531324
SGP,2009,0.6029622183461876,0.5923366259050868,2.497776362491126,0.9588349677258812,0.9558790032877117,-0.05889417908747644,-0.28582780634558674,-0.10616514922319967,-0.4718533040085364,-0.4652025135029657,-0.915400881070789
SGP,2010,0.5010267789093448,0.4861466969031796,2.3236958211350407,1.0679104735965534,1.074915373936961,0.006809731716457169,-0.21681195358149066,-0.03392321266141246,-0.40614939320460286,-0.39618666073886966,-0.8431589445090018
SGP,2011,0.4893538438617108,0.47355721455166394,2.2920943590502825,1.007837583456573,1.0137871558210423,0.014616760859959053,-0.20830464429809123,-0.020230235027594988,-0.398342364061101,-0.3876793514554701,-0.8294659668751843
SGP,2012,0.4963665293879459,0.4853251204578413,2.295193786166958,0.995313524201117,0.998649601120674,0.009919269102545498,-0.21625897746946876,-0.02158154651717202,-0.4030398558185144,-0.3956336846268477,-0.8308172783647612
SGP,2013,0.5040931375021596,0.5037944016684072,2.3043791289030806,0.9948629457035852,0.9960139620165305,0.004768974780089314,-0.22861680800748693,-0.025575549924077342,-0.4081901501409708,-0.407991515164866,-0.8348112817716666
SGP,2014,0.516597523489628,0.5137994854162811,2.3170296884484323,0.9917549740166418,0.9945401823686502,-0.0035102294265459007,-0.23524799880702274,-0.03105032683451444,-0.4164693543476059,-0.41462270596440154,-0.8402860586821037
SGP,2015,0.5269686819956885,0.5080900197611462,2.312349490238626,0.9932080083708688,1.0020240012288641,-0.010325391606545792,-0.23146925544854274,-0.02902837113649799,-0.4232845165276059,-0.41084396260592165,-0.8382641029840872
SGP,2016,0.5160751330052417,0.474504307648944,2.268810597473112,1.007185362224663,1.0191901839730497,-0.003165721100904959,-0.20894716354182502,-0.010019996456760601,-0.416124846021965,-0.38832187069920393,-0.8192557283043499
SGP,2017,0.4892933561643051,0.4241726142577512,2.192308838571942,1.0179828753885758,1.0348955209025217,0.014657375067249873,-0.17421631636374632,0.024280479177280923,-0.39830174985381017,-0.35359102352112504,-0.7849552526703084
SGP,2018,0.48454155741669475,0.4188237986408727,2.1809151460108156,1.0032008526294671,1.0052242713715693,0.017853115873163777,-0.17045351040054738,0.029491151386415407,-0.39510600904789633,-0.34982821755792626,-0.7797445804611738
SGP,2019,0.5022041537499925,0.4215209567216492,2.2041652425420812,0.9882422130912059,0.9894517452310194,0.006025659543943255,-0.17235268752429372,0.018886869437161873,-0.4069334653771167,-0.35172739468167263,-0.7903488624104273
SGP,2020,0.5448950824949153,,2.308522585891681,0.972366454376967,0.954794748820146,-0.021996875352530296,,-0.027372014864856298,-0.4349560002735904,,-0.8366077467124455
SGP,2021,0.5015699331685346,,2.20277357683773,1.0288532344510644,1.0480072078973104,0.0064479420275993325,,0.019518448774951493,-0.40651118289346083,,-0.7897172830726378
SGP,2022,0.4829918235087842,,2.1755842190330497,1.0125274525221548,1.0124974972546752,0.018897575260717555,,0.031938496923219255,-0.39406154966034235,,-0.7772972349243699
SGP,2023,0.5044409598943023,,2.2300517037923706,0.9857427862193908,0.9755756852333538,0.004537750946532918,,0.007210961087226015,-0.4084213739745271,,-0.8020247707603634
SLE,1995,0.11564341951503833,0.11199634702224387,7.981465718230874,,,0.0,0.0,0.0,-0.10943129633924042,-0.10615691077105588,-2.077122068559489
SLE,1996,0.30696339403508593,0.30340722658232927,10.730358430186268,0.8536148943472922,0.7438209795282975,-0.15827513028635887,-0.15882486853843986,-0.29595489201599917,-0.2677064266255993,-0.26498177930949557,-2.3730769605754882
SLE,1997,0.3817291728666385,0.3767519592310144,13.207970485873751,0.9458897008909222,0.8124153852147571,-0.21390444226709748,-0.21357016147247082,-0.5036984034914678,-0.32333573860633796,-0.31972707224352653,-2.5808204720509567
SLE,1998,0.4026734146995757,0.39745785880628753,13.502111901183044,0.9850683404893484,0.978215154972644,-0.22894870127644992,-0.2284978601210683,-0.5257240417745539,-0.33837999761569054,-0.33465477089212414,-2.602846110334043
SLE,1999,0.37499796824103776,0.36598196368666336,14.800743963322896,1.0201276271658362,0.9122590009422541,-0.2090209571353208,-0.20571664654708066,-0.6175553787392851,-0.3184522534745613,-0.3118735573181363,-2.694677447298774
SLE,2000,0.4862052623829334,0.48291917589109645,14.667664492951602,0.9251736641252437,1.0090729829847993,-0.28679477122665614,-0.28785565048894896,-0.6085233079868181,-0.3962260675658966,-0.39401256126000467,-2.6856453765463066
SLE,2001,0.4934994894396336,0.49155680677539254,13.169050172745129,0.9951160163707609,1.1137982087203242,-0.29169072047977945,-0.2936635004863037,-0.5007473240743998,-0.40112201681902,-0.39982041125735934,-2.5778693926338887
SLE,2002,0.46903786074158216,0.46827761262178663,11.101798917688168,1.0166514623970977,1.1862086739621334,-0.2751763736596445,-0.2779331109577225,-0.3299850912843336,-0.3846076699988849,-0.3840900217287784,-2.4071071598438225
SLE,2003,0.444255318179035,0.4432762434916851,10.640993430731346,1.0171593915913664,1.0433047431103575,-0.2581625416451684,-0.26075878763014154,-0.2875917785454697,-0.36759383798440903,-0.3669156984011975,-2.3647138471049582
SLE,2004,0.40342436657384556,0.4032577105447276,10.821296269566039,1.0290938026855476,0.9833381478204437,-0.22948392987554486,-0.23263955883023732,-0.3043940007852499,-0.3389152262147853,-0.33879646960129317,-2.381516069344739
SLE,2005,0.3103440312675418,0.3098717293235587,10.732364127064766,1.0710350359029484,1.0082863515855751,-0.16085842568361058,-0.1637723051009646,-0.29614179252491524,-0.27028972202285106,-0.2699292158720204,-2.373263861084404
SLE,2006,0.4019344167599226,0.4013366092937613,10.620079133593864,0.9346685662343179,1.010572896120493,-0.22842171283374074,-0.23126959131811695,-0.2856243986007294,-0.3378530091729811,-0.33742650208917263,-2.362746467160218
SLE,2007,0.2971182766428598,0.2963697169338589,10.134675230581475,1.0808069256323667,1.0478953584568431,-0.15071379731443216,-0.15341092188766198,-0.23884066648782457,-0.2601450936536728,-0.2595678326587179,-2.3159627350473135
SLE,2008,0.28467276954053206,0.28400523176742826,9.945458376374793,1.009687686543538,1.0190254533321623,-0.1410727355240326,-0.1438273690736371,-0.2199939338230252,-0.25050403186327314,-0.24998427984469282,-2.297116002382514
SLE,2009,0.2682722480878043,0.2679828332077502,9.99037861670119,1.0129313887278184,0.9955036498565428,-0.1282242433234623,-0.13127040667264012,-0.22450042295249137,-0.2376555396627027,-0.23742731744369586,-2.30162249151198
SLE,2010,0.300169879081483,0.3000734555579716,9.957295916889704,0.9754665667103342,1.0033224582344056,-0.1530636358073829,-0.1562638563754916,-0.2211834718875897,-0.2624949321466234,-0.2624207671465474,-2.2983055404470782
SLE,2011,0.4042046306110616,0.3919686269104457,9.869395692275527,0.9259119723282024,1.0089063431394258,-0.23003974694260446,-0.22456211274813667,-0.21231655629166457,-0.33947104328184496,-0.33071902351919263,-2.289438624851153
SLE,2012,0.39508601798986803,0.3565043329358575,8.938255387047821,1.0065362368367308,1.1041747259288424,-0.2235247786745701,-0.19875413654331475,-0.11321835471964757,-0.3329560750138105,-0.30491104731437046,-2.1903404232791366
SLE,2013,0.35948755128724386,0.27813033088875666,7.684712389084398,1.0261852097644568,1.1631216543307457,-0.19767653187747977,-0.13924142033578454,0.03788911724201376,-0.30710782821672017,-0.24539833110684037,-2.039232951317475
SLE,2014,0.3689191845142503,0.29230375223796584,7.613480684301146,0.9931101606773426,1.00935599730753,-0.20459021572951583,-0.15026956930849408,0.047201618296808516,-0.31402151206875634,-0.2564264800795499,-2.02992045026268
SLE,2015,0.44785341723916167,0.37620380589895464,8.859947046321084,0.9454818894060235,0.8593144681900206,-0.26065076131163734,-0.21317193252433633,-0.10441871932644427,-0.37008205765087776,-0.3193288432953923,-2.181540787885933
SLE,2016,0.3637676599331164,0.2946204529913322,7.7146788233860475,1.0616569521161465,1.1484531306038697,-0.20081991128054888,-0.1520606549290253,0.03399721376179209,-0.31025120761978947,-0.2582175657000812,-2.043124854797697
SLE,2017,0.2673938909854208,0.22675687846564596,6.906055347776181,1.0760408974930147,1.1170890522721126,-0.12753144144076878,-0.09821709226500581,0.14472345517605106,-0.2369627377800093,-0.2043740030360616,-1.9323986133834379
SLE,2018,0.16306221590307723,0.14560174239081497,6.183430141591922,1.0897042941089214,1.1168647804919194,-0.04162507181378218,-0.029773127393734614,0.25524891197456967,-0.15105636815302276,-0.1359300381647905,-1.821873156584919
SLE,2019,0.13701893619744024,0.12701498573033781,6.1021224115017665,1.0229048777259013,1.013324500002966,-0.018978572817685654,-0.013415621208239121,0.2684854215842599,-0.12840986915692607,-0.11957253197929496,-1.8086366469752286
SLE,2020,0.1653548925867721,,6.350970532496473,0.9756846977949922,0.9608173082017298,-0.043594373118329546,,0.22851442757047113,-0.1530256694575701,,-1.8486076409890178
SLE,2021,0.20907505290865164,,6.246618900732601,0.9638399946994997,1.016705298245685,-0.08042435186840428,,0.24508172707420972,-0.18985564820764486,,-1.8320403414852788
SLE,2022,0.19945012609596086,,6.287863067812061,1.0080244493733295,0.9934406702826292,-0.07243192718269927,,0.23850079041714609,-0.18186322352193968,,-1.8386212781423428
SLE,2023,0.16934024999603783,,6.215880528731229,1.0257494566701395,1.0115804251301341,-0.04700840453301545,,0.2500146756384317,-0.15643970087225598,,-1.827107392921057
SLV,1995,0.6484574067917256,0.6463804084156848,4.032235041335043,,,0.0,0.0,0.0,-0.49983994564154677,-0.4985791863765095,-1.3943208230519448
SLV,1996,0.6460286416314094,0.6442192477983936,4.191918306010445,1.0014755303151401,0.9619068757980218,0.001474442789937522,0.0013135362267148974,-0.03883763570687381,-0.49836550285160913,-0.4972656501497948,-1.4331584587588186
SLV,1997,0.6861145689521141,0.6836863678170265,4.1962873828560205,0.9762258579227999,0.9989588232532821,-0.022586864744541517,-0.022406469709418782,-0.03987935485462358,-0.5224268103860883,-0.5209856560859285,-1.4342001779065685
SLV,1998,0.7003885827865299,0.6981954097710052,4.296259174840782,0.9916054400865102,0.9767305025334124,-0.0310168574103511,-0.030986977206264144,-0.06342386167397915,-0.530856803051898,-0.5295661635827736,-1.4577446847259241
SLV,1999,0.6991908567571469,0.6973286696953102,4.3379672686797415,1.000704880222619,0.9903853368972853,-0.030312225499116545,-0.03047645802027954,-0.07308504406833417,-0.5301521711406635,-0.5290556443967891,-1.4674058671202792
SLV,2000,0.7126817324512975,0.7108797941774843,4.4224821715030815,0.9921229523042546,0.9808897131642668,-0.038220461021690424,-0.03842855134755816,-0.09238029267530104,-0.5380604066632373,-0.5370077377240677,-1.486701115727246
SLV,2001,0.7306008795948967,0.7285389617794501,4.563335013438991,0.9896457078261777,0.9691337932628004,-0.04862873180890677,-0.04869733455283985,-0.12373289575532448,-0.5484686774504536,-0.5472765209293494,-1.5180537188072694
SLV,2002,0.7434242240473501,0.7412650293488382,4.53971115241296,0.992644736561774,1.0052038247000525,-0.056011178572960243,-0.05603269105423561,-0.11854256416076583,-0.5558511242145072,-0.5546118774307451,-1.5128633872127109
SLV,2003,0.7592607442608721,0.7577228682486801,4.6379225132722945,0.9909981961086867,0.9788242773400624,-0.06505374350054333,-0.06543996010081575,-0.13994570871477252,-0.5648936891420901,-0.5640191464773253,-1.5342665317667175
SLV,2004,0.7596193644091829,0.7582528760395137,4.661756552602795,0.99979619447503,0.994887326469849,-0.06525756979668157,-0.06574144556794909,-0.14507149667921393,-0.5650975154382284,-0.5643206319444587,-1.539392319731159
SLV,2005,0.7574383579068932,0.7554575590233445,4.6595407505836235,1.0012410145098276,1.000475540860737,-0.06401732470885066,-0.06415035395266554,-0.14459606885219867,-0.5638572703503977,-0.5627295403291751,-1.5389168919041436
SLV,2006,0.7600175692239856,0.7580472538418023,4.619126659825252,0.9985345536532172,1.0087492926119286,-0.06548384587231693,-0.06562449184366462,-0.13588482950253852,-0.5653237915138636,-0.5642036782201741,-1.5302056525544834
SLV,2007,0.7659161923988773,0.7636249955078989,4.725102798907457,0.9966597377608963,0.9775716754550379,-0.06882969924136557,-0.06879216102759111,-0.15856849403962514,-0.5686696448829123,-0.5673713474041007,-1.55288931709157
SLV,2008,0.75455538254349,0.7527332233676329,4.737993949632832,1.0064750363359396,0.9972791964568942,-0.062375535899389656,-0.06259722507665062,-0.16129300569625055,-0.5622154815409366,-0.5611764114531601,-1.5556138287481955
SLV,2009,0.7605476165828137,0.7592050010329175,4.924945745279673,0.9965963805904016,0.9620398263623462,-0.06578496079839156,-0.06628281666601622,-0.19999243532456015,-0.5656249064399386,-0.564862003042526,-1.5943132583765052
SLV,2010,0.7563564792870314,0.7553239237731779,4.911720577601405,1.002386268018599,1.0026925732987697,-0.06340153539605602,-0.06407422546054153,-0.1973034805073791,-0.5632414810376029,-0.5626534118370511,-1.591624303559324
SLV,2011,0.7543548288094967,0.7531383751759497,4.885540895260973,1.00114096102149,1.0053586046871141,-0.06226122477591746,-0.06282835265718636,-0.19195918205747206,-0.5621011704174642,-0.5614075390336959,-1.586280005109417
SLV,2012,0.7473947315411318,0.7458773769432449,4.933211548009817,1.003983128220964,0.990336791300167,-0.058286008208371085,-0.05867803772880606,-0.20166938253107897,-0.558125953849918,-0.5572572241053159,-1.5959902055830237
SLV,2013,0.7286609191366754,0.7273828841655776,4.993327598343403,1.0108371816572403,0.9879607237559317,-0.04750712796712489,-0.04802829300124776,-0.2137817178390008,-0.5473470736086719,-0.5466074793777574,-1.6081025408909457
SLV,2014,0.7268632234237546,0.7256122498447324,5.008025956467342,1.0010410180079905,0.9970650395481764,-0.046466651442617475,-0.047002728581189014,-0.216720993733088,-0.5463065970841643,-0.5455819149576986,-1.6110418167850329
SLV,2015,0.7400269586561169,0.7390991428343228,5.008653959841101,0.9924347521359502,0.9998746163382827,-0.054060660945395037,-0.054788058776138925,-0.21684638525599373,-0.5539006065869418,-0.5533672451526486,-1.6111672083079385
SLV,2016,0.7317916432170788,0.7306815825454841,5.039816466076942,1.0047553731254528,0.9938167378821043,-0.04931655888875572,-0.04993612289407693,-0.22304884290734905,-0.5491565045303026,-0.5485153092705866,-1.617369665959294
SLV,2017,0.7021871414820747,0.701995655963937,5.055660897553679,1.0173920369937866,0.9968660019337128,-0.03207403233241108,-0.033222291458805335,-0.22618776223040538,-0.5319139779739579,-0.5318014778353147,-1.6205085852823502
SLV,2018,0.7082377542013709,0.7081012516415638,5.105539429007631,0.9964579797487704,0.9902305070507219,-0.03562234038945197,-0.03680318805341765,-0.2360052897810933,-0.5354622860309988,-0.5353823744299274,-1.6303261128330382
SLV,2019,0.7466053853313525,0.7214158050183822,5.188226379363489,0.9780330282660256,0.9840625785557948,-0.05783417867385193,-0.04456790830544696,-0.25207107763983533,-0.5576741243153989,-0.5431470946819567,-1.6463919006917802
SLV,2020,0.7345132402395813,,5.576790058060684,1.006971491950157,0.9303248509174976,-0.050886875218837176,,-0.3242925294046079,-0.550726820860384,,-1.7186133524565528
SLV,2021,0.7406700166347762,,5.1279245740772605,0.9964629847493451,1.0875335581674763,-0.054430160497088625,,-0.24038018781497095,-0.5542701061386355,,-1.6347010108669158
SLV,2022,0.7408658071033326,,5.189960014593084,0.9998875327048429,0.9880470291984152,-0.05454263411716623,,-0.2524051697788491,-0.5543825797587131,,-1.646725992830794
SLV,2023,0.7451558015558274,,5.214639625507881,0.9975417699390103,0.9952672451622401,-0.057003890586428116,,-0.2571491595629667,-0.5568438362279748,,-1.6514699826149115
SRB,1995,0.9484167908859653,0.9463645718709544,9.710579240803094,,,0.0,0.0,0.0,-0.6670171406948695,-0.665963310446753,-2.2732159345716942
SRB,1996,0.9530689789746967,0.9515093689761617,9.09560501990328,0.9976180113765498,1.0676122390488711,-0.002384830071445978,-0.002639798090407144,0.06542460255976909,-0.6694019707663156,-0.6686031085371603,-2.207791332011925
SRB,1997,0.9531966410247734,0.9516223295410416,8.746706345969352,0.9999346394277998,1.0398891491418032,-0.002450192779741469,-0.0026976801059969543,0.10453872266856294,-0.669467333474611,-0.6686609905527502,-2.1686772119031312
SRB,1998,0.9540525683566866,0.9526343958492417,8.414254409292717,0.9995619732315427,1.039510563919897,-0.002888315509947277,-0.0032161226173652814,0.14328871343395908,-0.6699054562048169,-0.6691794330641184,-2.129927221137735
SRB,1999,0.9401030007933329,0.9379741056993298,7.977113033667578,1.0071901169977313,1.0547994460878483,0.004276075836586842,0.004320158419697405,0.19663936379604932,-0.6627410648582828,-0.6616431520270558,-2.0765765707756447
SRB,2000,0.9491472306943711,0.9476679744466605,7.412340496246552,0.9953599041885531,1.0761935501623294,-0.00037481863692957653,-0.0006694359170750502,0.2700696886923145,-0.6673919593317992,-0.6666327463638282,-2.0031462458793796
SRB,2001,0.950420514805397,0.9491249776624205,6.938492186503535,0.9993471745701193,1.0682926919864124,-0.001027857250117189,-0.0014172320158479708,0.3361314478508388,-0.6680449979449868,-0.667380542462601,-1.9370844867208552
SRB,2002,0.9502131312607631,0.9488901970712996,6.446291695458147,1.0001063389130702,1.076354051957062,-0.000921523990628295,-0.0012967704060899978,0.4097109000368996,-0.6679386646854978,-0.6672600808528429,-1.8635050345347943
SRB,2003,0.9513463119958347,0.9500789673260202,6.152799084699613,0.9994192826111361,1.0477006654562107,-0.0015024100611424952,-0.00190655737358464,0.45630882057260064,-0.6685195507560121,-0.6678698678203376,-1.8169071139990935
SRB,2004,0.9507966329148047,0.9496325638245622,5.714179190107972,1.000281771596155,1.0767599124911855,-0.0012206781551481855,-0.0016776155660471622,0.5302652714179353,-0.6682378188500179,-0.6676409260128003,-1.7429506631537588
SRB,2005,0.9398345118701831,0.9384101479924832,5.322430902882339,1.0056510599113184,1.073603264067455,0.0044144744178536924,0.004095184698592329,0.6012857989498748,-0.6626026662770159,-0.6618681257481607,-1.6719301356218195
SRB,2006,0.94615372467575,0.9450930277369805,5.057478363403712,0.9967529734545405,1.0523882694972742,0.0011621648425087742,0.0006535053494377147,0.6523479226419494,-0.6658549758523608,-0.6653098050973153,-1.6208680119297447
SRB,2007,0.9415879388026203,0.9403489279975384,4.857376301328608,1.002351573051049,1.0411955034285425,0.0035109772726713774,0.003095493751803857,0.6927174981275459,-0.6635061634221984,-0.6628678166949491,-1.5804984364441481
SRB,2008,0.9294593970380907,0.9276110429865337,4.794541911259694,1.0062859792660823,1.0131054001053472,0.009777282176464345,0.009681875800447486,0.7057377654695309,-0.6572398585184053,-0.6562814346463056,-1.5674781691021633
SRB,2009,0.9228561442972757,0.9204099375310194,4.829060886796338,1.0034340856753108,0.9928518243306839,0.013205484844216468,0.013424638066154359,0.6985639191873315,-0.6538116558506529,-0.6525386723805988,-1.5746520153843626
SRB,2010,0.9219889782272329,0.9196583281151897,4.6723600421006255,1.0004511816039878,1.0335378359723455,0.013656564696388922,0.013816094349445703,0.731551628209246,-0.6533605759984807,-0.6521472160973074,-1.541664306362448
SRB,2011,0.9255643313719263,0.9232301991110652,4.525653639076813,0.9981432180237019,1.0324166219343598,0.011798056763622899,0.011957142678493477,0.7634539172270816,-0.6552190839312465,-0.6540061677682597,-1.5097620173446127
SRB,2012,0.9176036178148637,0.9149297331859724,4.571525323953079,1.0041513863882539,0.9899657813036897,0.015940849921740826,0.01628238134062121,0.7533690164365121,-0.6510762907731288,-0.649680929106132,-1.519846918135182
SRB,2013,0.9168233742985716,0.9140754270664871,4.507591024232513,1.0004070502930806,1.0141836957649573,0.016347817392325405,0.01672861011175445,0.7674530647296132,-0.6506693233025441,-0.6492347003349987,-1.5057628698420809
SRB,2014,0.9026755544436973,0.899951238467429,4.774345642835473,1.007435750053041,0.9441275017439804,0.023756058538015004,0.02413508856819448,0.7099590081792249,-0.6432610821568546,-0.6418282218785586,-1.5632569263924694
SRB,2015,0.9152300323466597,0.9126331377427512,4.746042243157499,0.9934449242697077,1.005963579384229,0.017179403946401068,0.017482411645162715,0.715904875806015,-0.6498377367484685,-0.6484808988015903,-1.557311058765679
SRB,2016,0.9148777195790859,0.9123136532148908,4.716662331779327,1.00018398708386,1.0062289622007112,0.01736337410671333,0.017649464702925013,0.7221145182083659,-0.6496537665881562,-0.6483138457438282,-1.551101416363328
SRB,2017,0.9140557434349239,0.911421129192001,4.690709595244072,1.00042944211368,1.005532795413634,0.017792724036519526,0.01811629835634954,0.7276320639325383,-0.64922441665835,-0.6478470120904035,-1.5455838706391556
SRB,2018,0.90803082202392,0.905812806016573,4.5617036386128165,1.003157664614984,1.0282802143346792,0.020945413698663803,0.021054723040802904,0.7555197758594033,-0.6460717269962057,-0.6449085874059503,-1.5176961587122908
SRB,2019,0.9028630959074808,0.9000755577345486,4.481083066611941,1.0027157634869022,1.0179913138860492,0.02365749616292604,0.02406965783634398,0.7733511614228932,-0.6433596445319434,-0.6418936526104093,-1.4998647731488008
SRB,2020,0.9067649948599189,,4.583312702310664,0.997953655031975,0.9776952518105116,0.02160905457027043,,0.7507939004513914,-0.6454080861245991,,-1.5224220341203027
SRB,2021,0.8921513638720145,,4.304399998328577,1.0077232885629193,1.0647971155307105,0.02930267121865697,,0.8135781796158996,-0.6377144694762128,,-1.4596377549557946
SRB,2022,0.8886793780327944,,4.341064985557745,1.0018383140513962,0.9915539188307135,0.03113929763872515,,0.8050962281848233,-0.6358778430561446,,-1.4681197063868707
SRB,2023,0.8824205010378251,,4.297279636746795,1.0033249090686795,1.0101890853079547,0.034458691419087306,,0.8152337546919843,-0.6325584492757822,,-1.4579821798797097
SVK,1995,0.9475313134334561,0.9376775500314324,5.916591192797673,,,0.0,0.0,0.0,-0.6665625774183338,-0.6614901167726941,-1.7777604710250827
SVK,1996,0.9442637983188646,0.9305748324398531,5.731650408723573,1.001680592477943,1.0322665848204244,0.0016791818626297763,0.003672317559207756,0.03175695232530203,-0.6648833955557042,-0.657817799213486,-1.7460035186997807
SVK,1997,0.9413888660315406,0.9258353881730252,5.539781107302225,1.0014808636938362,1.0346348163772099,0.0031589501591154875,0.006130275287682692,0.06580548236377082,-0.6634036272592183,-0.6553598414850111,-1.711954988661312
SVK,1998,0.9388519058459801,0.9210660173477544,5.466342379655492,1.001308485799205,1.0134347105516215,0.004466580636813051,0.008609867440517114,0.07915074741731461,-0.6620959967815209,-0.6528802493321769,-1.698609723607768
SVK,1999,0.9380552851103956,0.9199253177143626,5.5274187894309055,1.0004110412854084,0.9889502836491785,0.004877537467894219,0.00920382851328216,0.06803952948107796,-0.6616850399504396,-0.6522862882594118,-1.709720941544005
SVK,2000,0.934796444340775,0.9197114007944179,5.494699873606144,1.0016843326227691,1.0059546320231112,0.006560453193265736,0.009315254117238088,0.07397650274917389,-0.6600021242250681,-0.6521748626554558,-1.7037839682759086
SVK,2001,0.9360828811199793,0.9213135533058844,5.460033519590142,0.9993355466381377,1.006349110109237,0.005895778984434605,0.008481022304881429,0.08030554216803977,-0.6606667984338992,-0.6530090944678126,-1.6974549288570429
SVK,2002,0.9315431930342596,0.9065275365911126,5.32518961673305,1.002350290742703,1.0253218969768474,0.0082433121138003,0.01620657303090713,0.10531215128741175,-0.6583192653045334,-0.6452835437417871,-1.6724483197376712
SVK,2003,0.9288751833606296,0.903947794131308,5.175299345565522,1.0013831945667846,1.0289626282769444,0.009625550948187891,0.017560599828112256,0.13386328899285757,-0.656937026470146,-0.6439295169445818,-1.643897182032225
SVK,2004,0.926016234500902,0.8947097010769168,4.98926157846951,1.0014843846113626,1.0372876354887532,0.01110883494973082,0.022424482017247335,0.17047255247844675,-0.6554537424686031,-0.6390656347554466,-1.607287918546636
SVK,2005,0.9214175253430743,0.8789523296444339,4.821002415383561,1.0023933939902034,1.0349012816399017,0.013499369334404389,0.030775766730017227,0.2047785945887462,-0.6530632080839296,-0.6307143500426766,-1.5729818764363366
SVK,2006,0.9143684252458661,0.8608503698256449,4.557076596226851,1.0036822066245177,1.0579155986483164,0.01717481323219665,0.04045654544790691,0.2610791504082208,-0.6493877641861372,-0.6210335713247872,-1.516681320616862
SVK,2007,0.9020558153810172,0.8086030400679673,4.247842677018229,1.0064733168003182,1.0727978747616163,0.02362726809951774,0.06893537055416163,0.33134922237147113,-0.6429353093188162,-0.5925547462185324,-1.4464112486536114
SVK,2008,0.8977612639496602,0.7920666286038325,4.178030897629511,1.0022629566283903,1.016709253976156,0.02588766809785911,0.07812062177062522,0.3479204126022302,-0.6406749093204748,-0.5833694950020688,-1.4298400584228523
SVK,2009,0.8942662443908117,0.8085732655394654,4.446905019231774,1.0018450519134772,0.9395367968419726,0.02773101999381383,0.0689518334113668,0.2855521181163927,-0.6388315574245201,-0.5925382833613272,-1.49220835290869
SVK,2010,0.889319547618925,0.8002148307689639,4.207212948098414,1.0026182425191763,1.0569716993387976,0.030345840887175003,0.0735841085650685,0.3409600501321401,-0.636216736531159,-0.5879060082076256,-1.4368004208929426
SVK,2011,0.8854757170001639,0.7956521085616199,4.2355923725337945,1.0020386529426517,0.9932997744024165,0.032382418596890894,0.07612186912911237,0.3342372772520048,-0.6341801588214429,-0.5853682476435815,-1.443523193773078
SVK,2012,0.8774641180822863,0.7689389466688007,4.207191316133693,1.0042672447588832,1.0067505977898341,0.03664058448553529,0.0911102150969042,0.3409651917830619,-0.6299219929327986,-0.5703799016757898,-1.4367952792420209
SVK,2013,0.8755514493232868,0.7548519421468288,4.221751760261718,1.0010197900781073,0.9965510894636017,0.03765985493098833,0.099105626862761,0.3375103200443373,-0.6289027224873456,-0.5623844899099328,-1.4402501509807455
SVK,2014,0.8656341449295911,0.7217192724274493,4.179650991194607,1.0053157819932963,1.0100727953496131,0.04296155802671184,0.11816674819905025,0.3475327229038333,-0.623601019391622,-0.5433233685736437,-1.4302277481212493
SVK,2015,0.8622822881431049,0.7719523326596753,4.099627028735828,1.0017998650407764,1.0195198153143838,0.04475980525134861,0.08940816525654796,0.3668644700537324,-0.621802772166985,-0.5720819515161459,-1.4108960009713505
SVK,2016,0.8614114468180212,0.6080585777588835,4.112838838297746,1.0004678392445543,0.9967876666017416,0.0452275350932441,0.18646251772490796,0.3636469660364056,-0.6213350423250896,-0.4750275990477859,-1.414113504988677
SVK,2017,0.8621210999505722,0.601123686236703,4.081673746357101,0.9996189006544367,1.0076353706536345,0.04484636311087006,0.19078443012899657,0.3712533347808635,-0.6217162143074638,-0.47070568664369755,-1.4065071362442192
SVK,2018,0.8568952568124955,0.571233821454263,4.007920347808925,1.0028142907462898,1.0184019122507002,0.047656701155255804,0.2096289325116496,0.38948798074116203,-0.6189058762630781,-0.4518611842610443,-1.3882724902839205
SVK,2019,0.8445984526277908,0.53313519220162,3.989876669444713,1.006666385395253,1.0045223649398474,0.05430096446519636,0.2341753327729024,0.39400015051463755,-0.6122616129531374,-0.4273147839997916,-1.3837603205104452
SVK,2020,0.8363439386275785,,4.112172452221022,1.00449508059279,0.970260054947293,0.05878597235700687,,0.3638090049819206,-0.6077766050613268,,-1.413951466043162
SVK,2021,0.8461149325190266,,3.9316330908377632,0.9947072667474093,1.0459196871152565,0.05347918297293439,,0.408705586716285,-0.6130833944453995,,-1.3690548843087977
SVK,2022,0.8290559670479545,,3.984429718560438,1.0093266503477227,0.9867492636457522,0.06276260867024963,,0.3953662760348723,-0.6037999687480843,,-1.3823941949902105
SVK,2023,0.8227416009252767,,4.013605560325893,1.0034642135338725,0.9927307650622531,0.06622083563826225,,0.3880704914669249,-0.6003417417800716,,-1.3896899795581577
SVN,1995,0.909459664393017,0.9084688092638054,5.772438649494504,,,0.0,0.0,0.0,-0.6468203038117362,-0.6463012500063575,-1.753094634124986
SVN,1996,0.9105281043618403,0.9097538861955885,5.5952380777207775,0.9994407619723658,1.03166988952254,-0.0005593944595445226,-0.0006731283546315484,0.031178741394949933,-0.6473796982712808,-0.646974378360989,-1.721915892730036
SVN,1997,0.9088759556824985,0.9080903644537105,5.330576568099252,1.000865508664627,1.0496496966585918,0.00030573986843706577,0.0001983172769552363,0.07963522767019236,-0.6465145639432991,-0.6461029327294022,-1.6734594064547936
SVN,1998,0.903610330485615,0.9028750955470757,5.2442182233092876,1.0027661255628617,1.0164673438656924,0.0030680467463378163,0.0029352993971214726,0.09596845518599403,-0.6437522570653984,-0.6433659506092357,-1.657126178938992
SVN,1999,0.8948883789309235,0.8942628154670071,5.1156311354594095,1.0046028840810202,1.0251361140873834,0.007660369951019315,0.007471502742852464,0.12079385319158559,-0.6391599338607168,-0.6388297472635049,-1.6323007809334003
SVN,2000,0.8889722922495421,0.8883175154088575,5.071847052755725,1.0031319076016387,1.008632768742483,0.010787383346184532,0.010615020888615687,0.1293895726585152,-0.6360329204655516,-0.6356862291177415,-1.6237050614664705
SVN,2001,0.894281957885764,0.8927139490197967,5.016558889141432,0.9971970035325957,1.0110211331783558,0.00798045112786427,0.008289499065459819,0.14035041572106624,-0.638839852683872,-0.6380117509408976,-1.6127442184039196
SVN,2002,0.8926322360015181,0.8894661363409977,4.955340449220037,1.0008716547530285,1.0123540330979746,0.008851726210500165,0.010006928380723016,0.15262876048536708,-0.6379685776012359,-0.6362943216256344,-1.600465873639619
SVN,2003,0.8875118864629351,0.8824912309308346,4.849953673962421,1.0027127508840108,1.0217294395662782,0.01156080422671575,0.013705227529367286,0.174125480981538,-0.6352594995850205,-0.6325960224769902,-1.578969153143448
SVN,2004,0.8855646189964802,0.8653432279112709,4.715073099097356,1.0010327238042318,1.0286062531863793,0.012592995138575185,0.022856177429651667,0.20233021463962542,-0.634227308673161,-0.6234450725767057,-1.5507644194853605
SVN,2005,0.882938407574633,0.8428859567298636,4.584597853645451,1.0013947410129205,1.0284594744440143,0.013986764403701822,0.03496845238146673,0.2303922413918105,-0.6328335394080346,-0.6113327976248907,-1.5227023927331755
SVN,2006,0.8780832523683393,0.7659937955753111,4.441844845904383,1.0025851650613309,1.0321382247001927,0.016568593673646395,0.0775876610950238,0.26202483814517696,-0.6302517101380899,-0.5687135889113335,-1.491069795979809
SVN,2007,0.871102917096523,0.7461129213603587,4.307363039071247,1.0037305993208796,1.0312213773515901,0.020292251567312177,0.08890912036159282,0.29276874113131757,-0.626528052244424,-0.5573921296447645,-1.4603258929936682
SVN,2008,0.8734159211992982,0.7419857042846312,4.319423658709844,0.9987653547316421,0.997207817386869,0.01905684349655999,0.09127557810533911,0.2899726531048686,-0.6277634603151762,-0.5550256719010183,-1.4631219810201173
SVN,2009,0.8684052379258125,0.7265589888361424,4.645949708983945,1.002681796845661,0.9297181263837849,0.02173505074134821,0.10017084602555534,0.2170988244190946,-0.625085253070388,-0.5461304039808019,-1.5359958097058914
SVN,2010,0.8689714646045505,0.7196382658698489,4.553649859432522,0.9996970383499901,1.0202694217607071,0.02143204318918639,0.10418729184014426,0.23716555581780085,-0.6253882606225498,-0.5421139581662132,-1.515929078307185
SVN,2011,0.8674093059169502,0.7311174126862823,4.508176625073386,1.0008365379152016,1.0100868351311316,0.02226823140155908,0.09753414671555116,0.24720185835265604,-0.624552072410177,-0.5487671032908061,-1.50589277577233
SVN,2012,0.8664510607995018,0.7231412644014202,4.631353053305417,1.0005134048985125,0.9734037921932728,0.02278150455286787,0.10215230835680285,0.220245572584426,-0.6240387992588682,-0.5441489416495544,-1.5328490615405599
SVN,2013,0.8623230901201093,0.7308940880789221,4.658708665418932,1.002216570637658,0.9941280697982741,0.024995622221946776,0.09766316108053562,0.21435633481474164,-0.6218246815897894,-0.5486380889258218,-1.5387382993102443
SVN,2014,0.8437453678925926,0.678358659635718,4.563025612208499,1.010076078047996,1.0209692123915393,0.03502127503834066,0.1284849224674186,0.23510871917585935,-0.6117990287733956,-0.5178163275389389,-1.5179859149491266
SVN,2015,0.8412093652708813,0.6356910410869422,4.536836559514734,1.0013773570075981,1.005772536072264,0.03639768435987719,0.1542358798516003,0.2408646580032692,-0.6104226194518592,-0.4920653701547569,-1.5122299761217168
SVN,2016,0.8452520054580718,0.6335293470310371,4.4900443200725615,0.9978091663495106,1.010421331306907,0.03420444732242343,0.15555833237196726,0.25123206157932526,-0.6126158564893128,-0.49074291763439015,-1.5018625725456607
SVN,2017,0.8395155968210409,0.6233047274770642,4.375470243346408,1.0031184343568187,1.026185545862272,0.03731802944778292,0.1618372234126053,0.2770806358979555,-0.6095022743639531,-0.484464026593752,-1.4760139982270304
SVN,2018,0.8320529063496898,0.5922686015564794,4.299718332612094,1.004073403363782,1.0176178774688003,0.04138315896494876,0.1811414572450593,0.2945451176146518,-0.6054371448467872,-0.46515979276129815,-1.4585495165103342
SVN,2019,0.8212684335385856,0.5659397167410201,4.238652524898271,1.0059214076368475,1.0144068916607618,0.04728710396926315,0.1978151482355195,0.3088492161220136,-0.5995331998424731,-0.44848610177083775,-1.4442454180029725
SVN,2020,0.8135713698796002,,4.434107357308859,1.0042441470938617,0.9559201398025658,0.05152227007297603,,0.2637683109305963,-0.5952980337387601,,-1.4893263231943896
SVN,2021,0.802321200097459,,4.165008312998029,1.0062420448594473,1.0646094855251633,0.05774491406261988,,0.32637636259027775,-0.5890753897491163,,-1.4267182715347082
SVN,2022,0.7924108299008839,,4.164468159974198,1.0055290729286226,1.00012970516356,0.06325875777735147,,0.32650605934285043,-0.5835615460343846,,-1.4265885747821354
SVN,2023,0.7658544297660435,,4.147907290435604,1.0150388388120752,1.003992584303121,0.0781856343785049,,0.3304906944328402,-0.5686346694332314,,-1.4226039396921457
SWE,1995,0.8242586135539737,0.6804372225947989,3.676068991211621,,,0.0,0.0,0.0,-0.6011736653484703,-0.519054011100132,-1.3018439723291901
SWE,1996,0.8315065099903215,0.6707209995841924,3.6112034615163386,0.9960426586546035,1.0179623027022813,-0.003965192340214474,0.005798741564799532,0.01780288669835511,-0.6051388576886849,-0.5132552695353324,-1.284041085630835
SWE,1997,0.8133454744634007,0.6303040887030501,3.481544889207192,1.0100152098883943,1.0372416775986686,0.0060001976950034034,0.030287456194611366,0.05436784337198237,-0.595173467653467,-0.4887665549055209,-1.2474761289572076
SWE,1998,0.807436644226378,0.6021814334189982,3.3960390616277203,1.003269176961692,1.0251781048532724,0.009264042515673195,0.04768791454777562,0.07923420170014979,-0.5919096228327972,-0.47136609655235645,-1.2226097706290402
SWE,1999,0.7911397084358615,0.5423175618403089,3.325808669173954,1.0090986402198343,1.0211167867546662,0.018321539485357155,0.08576781563136018,0.10013111901771048,-0.5828521258631134,-0.43328619546877195,-1.2017128533114794
SWE,2000,0.7788144623862973,0.5079032876933574,3.2524071690748024,1.0069289104120671,1.0225683613039236,0.025226555309815463,0.10833387640030416,0.12244858273865146,-0.575947110038655,-0.4107201346998279,-1.1793953895905385
SWE,2001,0.779380209451136,0.49816474928151744,3.2778484680989854,0.999682053862444,0.9922384151458541,0.02490855861667003,0.11481315255873568,0.11465672001351633,-0.5762651067318004,-0.40424085854139646,-1.187187252315674
SWE,2002,0.7779104429438289,0.48895594968831335,3.232320349666133,1.0008266819699159,1.0140852742017217,0.025734899073248538,0.12097884165835936,0.12864371849244557,-0.5754387662752218,-0.3980751694417727,-1.1732002538367445
SWE,2003,0.7763294105775479,0.485028213338577,3.183849612166884,1.0008900558403562,1.0152239406390369,0.026624559048782328,0.12362024014474889,0.14375293782218365,-0.574549106299688,-0.3954337709553831,-1.1580910345070066
SWE,2004,0.7652579685212395,0.4398923840936619,3.067038853090306,1.0062718550227439,1.0380858426227242,0.03287682784081928,0.154485633573183,0.18113141916831446,-0.5682968375076511,-0.36456837752694904,-1.1207125531608757
SWE,2005,0.7491743754495142,0.41693314284452127,3.004502871302913,1.0091949626620802,1.0208140862119643,0.04202977419624317,0.17055923368923273,0.2017318518703314,-0.5591438911522273,-0.3484947774108993,-1.1001121204588586
SWE,2006,0.7383981144439054,0.3882945509771602,2.9338105963140015,1.0061989603624575,1.0240957187480773,0.04820960003928332,0.19097795900984307,0.2255418494590194,-0.5529640653091871,-0.328076052090289,-1.0763021228701708
SWE,2007,0.7278344800313565,0.35144840166940433,2.918252613405731,1.0061137999817884,1.0053312666754073,0.05430478657336695,0.2178771036595855,0.2308589552402829,-0.5468688787751035,-0.30117690744054665,-1.070985017088907
SWE,2008,0.7202921845640172,0.34765148719933425,2.981030837341619,1.0043843107205948,0.9789407666806053,0.05867951420366812,0.22069057269072612,0.20957481305689885,-0.5424941511448024,-0.29836343840940605,-1.0922691592722913
SWE,2009,0.7128712356639316,0.37685166857034547,3.084291650678117,1.0043324616267544,0.9665204121297041,0.063002617737864,0.19925451787461082,0.17552195213769342,-0.5381710476106063,-0.31979949322552115,-1.1263220201914967
SWE,2010,0.7276515215179157,0.38195397482232313,2.9509567610347465,0.9914448685571741,1.0451836134652874,0.05441068109212909,0.19555558962157815,0.21971452878520648,-0.5467629842563413,-0.3234984214785539,-1.0821294435439837
SWE,2011,0.7013361919159309,0.32238205810882054,2.9262051182831477,1.0154674483074098,1.0084586150837302,0.06975972777413292,0.23961931134080205,0.22813757024599135,-0.5314139375743375,-0.27943469975932994,-1.0737064020831986
SWE,2012,0.6889445220708444,0.31298036086786923,2.971378685691618,1.0073369312509404,0.9847971018887633,0.07706987467514981,0.24675437334155065,0.21281792328732607,-0.5241037906733205,-0.2722996377585815,-1.089026049041864
SWE,2013,0.6771640010893142,0.2894537459555198,2.97524465119807,1.0070240721681831,0.9987006226513523,0.08406939296020186,0.2648353351556434,0.21151770101593628,-0.5171042723882684,-0.2542186759444888,-1.0903262713132538
SWE,2014,0.660109605345907,0.2602415533213822,2.9565934442201742,1.0102730540733507,1.0063083434803513,0.0942900378429144,0.28775059952534077,0.2178062301842192,-0.5068836275055559,-0.23130341157479134,-1.084037742144971
SWE,2015,0.6473924075005172,0.21457183988586156,2.8823439894514515,1.0077195923615336,1.025760094922901,0.10197998661123295,0.3246623915690536,0.24324012398011904,-0.4991936787372373,-0.19439161953107847,-1.058603848349071
SWE,2016,0.640568766869526,0.20491794748008474,2.879465738078088,1.0041593139945069,1.0009995782673506,0.10613067456994284,0.3326425398534962,0.24423920300177585,-0.49504299077852754,-0.186411471246636,-1.0576047693274144
SWE,2017,0.6283744443350546,0.1934557649829864,2.899873376245612,1.0074886476982579,0.992962576112911,0.11359142155186933,0.3422009082638209,0.2371768996536162,-0.4875822437966012,-0.1768531028363111,-1.0646670726755738
SWE,2018,0.6198753540876745,0.18661015448398827,2.9016966697867934,1.005246755700019,0.999371645713294,0.11882446098554768,0.3479533786641486,0.2365483478696188,-0.48234920436292267,-0.17110063243598356,-1.0652956244595713
SWE,2019,0.6027447450803842,0.1727642634399513,2.860487346743703,1.0106882952259695,1.0144063993466013,0.129456040158128,0.3596904305601539,0.2508519610546864,-0.4717176251903425,-0.15936358053997823,-1.0509920112745035
SWE,2020,0.5745222231793551,,2.910425248185165,1.017924498927707,0.9828417165248958,0.14722178945321654,,0.23354476842526978,-0.453951875895254,,-1.0682992039039203
SWE,2021,0.5723728589247434,,2.799148572837813,1.0013669558351963,1.0397537581345808,0.14858781185483008,,0.2725286825194253,-0.4525858534936404,,-1.0293152898097646
SWE,2022,0.5570587216744013,,2.848837778113051,1.0098352984618806,0.9825580783655048,0.15837505858068363,,0.2549328583738179,-0.4427986067677868,,-1.0469111139553724
SWE,2023,0.5495337607833017,,2.9059266817429497,1.004856274242967,0.9803543207099576,0.16321957916120147,,0.23509163745707076,-0.43795408618726905,,-1.0667523348721193
SWZ,1995,0.7457633991969099,0.7301194904846714,3.8538993311621823,,,0.0,0.0,0.0,-0.5571919380385736,-0.5481904757688083,-1.349085449039241
SWZ,1996,0.6998484573943322,0.6759902800170129,3.817752098468693,1.0270111971469267,1.0094681979764972,0.026652833659066896,0.031786273238256356,0.009423655527130717,-0.5305391043795066,-0.516404202530552,-1.3396617935121102
SWZ,1997,0.7480623609090752,0.7243862843143516,3.801943081380343,0.9724186593150664,1.0041581414424043,-0.0013160141356858151,0.0033192657982830595,0.013573175789867662,-0.5585079521742595,-0.5448712099705252,-1.3355122732493734
SWZ,1998,0.7563254218967209,0.7314026520237789,3.804332621885584,0.9952952562864333,0.9993718896997875,-0.006031859991466862,-0.0007413857517329429,0.012944868145740399,-0.5632237980300405,-0.5489318615205412,-1.3361405808935007
SWZ,1999,0.7509636815225257,0.7303921716204335,3.7342602368534803,1.0030621653839977,1.0187647299833467,-0.0029743734866541447,-0.00015759584879452627,0.03153571249350581,-0.5601663115252279,-0.5483480716176028,-1.3175497365457352
SWZ,2000,0.759206207234156,0.7518196226052842,3.781015180527086,0.995314633567267,0.9876342882952701,-0.007670750655041337,-0.012464556311177691,0.019092909188204766,-0.5648626886936151,-0.5606550320799859,-1.3299925398510364
SWZ,2001,0.7435515140395487,0.7342517803238359,3.7474156675029042,1.008978623842514,1.0089660491403587,0.001267805003921788,-0.0023855940809476037,0.02801900196617441,-0.5559241330346517,-0.550576069849756,-1.3210664470730666
SWZ,2002,0.7077575269808885,0.6985754393886102,3.5920296568611443,1.020959642392524,1.043258554490205,0.022010815875857414,0.018400552835718263,0.07036804226891041,-0.5351811221627163,-0.5297899229330899,-1.2787174067703306
SWZ,2003,0.664609575187007,0.6556584701082031,3.452209287313851,1.0259207639058752,1.0405017071418885,0.047601331480272034,0.04399167893305681,0.11007104981290657,-0.5095906065583016,-0.5041987968357513,-1.2390143992263345
SWZ,2004,0.6365455649639961,0.6262013414812367,3.3341917716069913,1.0171483219433786,1.0353961390918969,0.06460428053155202,0.06194364605980357,0.14485514638674746,-0.49258765750702155,-0.48624682970900474,-1.2042303026524934
SWZ,2005,0.5904395995530455,0.5865636372125534,3.143864723860952,1.0289894475866344,1.0605391976001757,0.09318148231303358,0.08662003283183055,0.20363260215974235,-0.4640104557255402,-0.4615704429369778,-1.1454528468794987
SWZ,2006,0.5460189340577536,0.5426129885055384,3.017846553972978,1.0287322907350838,1.041757646598059,0.12150874082171954,0.11471275140736827,0.24454193360015422,-0.43568319721685417,-0.4334777243614399,-1.1045435154390868
SWZ,2007,0.5198027077050008,0.5162238301842847,2.9391059986148704,1.0172497563136604,1.0267906483792066,0.13861140916732073,0.13196755420682077,0.27097999603477385,-0.41858052887125297,-0.41622292156198754,-1.0781054530044671
SWZ,2008,0.5174558252995785,0.5134333280213536,2.9798083184573145,1.0015465902639762,0.9863406248011564,0.14015680469226383,0.13380967878153435,0.2572264732560501,-0.4170351333463098,-0.41438079698727376,-1.0918589757831911
SWZ,2009,0.521352863520491,0.5190826609291157,3.0057084137116385,0.9974384389615605,0.9913830313226087,0.13759195724291975,0.13008383564425977,0.24857216384000147,-0.41959998079565397,-0.4181066401245485,-1.1005132851992394
SWZ,2010,0.4863557669390196,0.4835841522462754,2.9674732404614432,1.023545571901365,1.0128847575536182,0.1608646079218126,0.1537295911511255,0.2613746191143738,-0.39632733011676113,-0.3944608846176828,-1.0877108299248672
SWZ,2011,0.4742036870255843,0.4698411372927422,2.944940431286716,1.0082431485013807,1.0076513633129354,0.16907396723379398,0.16303615068701513,0.2689968592075899,-0.3881179708047795,-0.38515432508179304,-1.080088589831651
SWZ,2012,0.46336059070987207,0.44194187040254646,2.8343198781964825,1.0074097227877734,1.0390289585664632,0.17645637288428564,0.18219974950600878,0.3072834425113119,-0.38073556515428797,-0.3659907262627996,-1.0418020065279292
SWZ,2013,0.47692627430975615,0.42996228377090917,2.76747998134556,0.9908149216139959,1.0241518989483076,0.16722885157148717,0.19054240683019671,0.3311482969442203,-0.38996308646708644,-0.3576480689386117,-1.0179371520950207
SWZ,2014,0.34433563848008275,0.34017966465218813,2.7820828938751125,1.0986291161480937,0.9947510864749207,0.26129199610324827,0.25538679269500514,0.32588555947754294,-0.29589994193532554,-0.29280368307380295,-1.023199889561698
SWZ,2015,0.35562837402099856,0.3530659011440612,2.764048785379722,0.9916697409427778,1.0065245261193583,0.2529268465382905,0.24581742034277682,0.33238889300748287,-0.3042650915002833,-0.30237305542603155,-1.0166965560317582
SWZ,2016,0.3964716412310052,0.39645325195473097,2.7813351355423332,0.9707525265790553,0.9937848733359345,0.22324313887281536,0.21425484507479745,0.32615437204324554,-0.33394879916575826,-0.3339356306940107,-1.0229310769959954
SWZ,2017,0.3668706842866085,0.3654758579319918,2.716462934918831,1.0216560039546432,1.0238811285770186,0.24466798295242528,0.2366874940139903,0.34975480654812785,-0.3125239550861484,-0.3115029817548179,-0.9993306424911131
SWZ,2018,0.36971606805193274,0.36928007305883254,2.6712182509749858,0.9979226470129893,1.0169378462157974,0.24258846927483493,0.23390536816683874,0.3665508069149057,-0.3146034687637387,-0.3142851076019695,-0.9825346421243353
SWZ,2019,0.3765291534375827,0.3629765876052829,2.6152543883047996,0.9950505331698674,1.0213990130063262,0.23762671326706358,0.23851950030738275,0.3877240758313027,-0.31956522477151006,-0.30967097546142563,-0.9613613732079382
SWZ,2020,0.397117779534325,,2.658171959724863,0.9852635000439227,0.9838544789162152,0.2227805524168107,,0.3714467956847479,-0.3344113856217628,,-0.9776386533544931
SWZ,2021,0.3594242625647951,,2.59328197428007,1.0277275593848934,1.0250223408361936,0.250130664272158,,0.39616120397534116,-0.3070612737664156,,-0.9529242450638998
SWZ,2022,0.3810466651120266,,2.655518864173207,0.9843434671011079,0.9765631904435692,0.23435027336984113,,0.3724453843719901,-0.32284166466873243,,-0.976640064667251
SWZ,2023,0.3559904829492766,,2.604654731469685,1.0184781401328518,1.0195281670499268,0.2526597670189843,,0.39178532332082205,-0.3045321710195894,,-0.9573001257184189
SYR,1995,0.04376545687000828,0.039364927251559156,1.0769938788266997,,,0.0,0.0,0.0,-0.042834806050529806,-0.038609879759042356,-0.07417371461743136
SYR,1996,0.006364675902053024,-0.0,1.0391882727629684,1.0371642426086063,1.0363799390876638,0.03649029916388542,0.03860987975904225,0.03573381317697605,-0.0063445068866444625,0.0,-0.03843990144045535
SYR,1997,0.015492442568071453,-0.0,1.0460500121134892,0.9910114873499843,0.9934403333769319,0.027461146119613332,0.03860987975904225,0.02915253738969114,-0.015373659930916609,0.0,-0.0450211772277403
SYR,1998,-0.0,-0.0,1.0357581747393279,1.0154924425680714,1.0099365253638972,0.04283480605052985,0.03860987975904225,0.039040020093596486,0.0,0.0,-0.0351336945238348
SYR,1999,0.07725770270464732,4.745416178738612e-11,1.1117233849400345,0.9282829888236788,0.9316689643936885,-0.03158384177853599,0.03860987971158796,-0.03173769571608564,-0.07441864782906582,-4.7454161786260175e-11,-0.10591141033351699
SYR,2000,0.10535008212807673,2.1102964893908882e-13,1.1251223062954099,0.974585084058306,0.9880911423758961,-0.05732729514896573,0.03860987975883139,-0.043718031836750264,-0.10016210119949542,-2.1102964893906656e-13,-0.11789174645418155
SYR,2001,0.10339283435949476,0.09145992151230826,1.1079070911681657,1.0017738449150961,1.015538500714074,-0.05555502163874968,-0.04890629785026194,-0.028299017455510903,-0.09838982768927954,-0.0875161776093043,-0.10247273207294225
SYR,2002,0.02094353273232855,-2.5585217138263034e-13,1.0575543110202126,1.080757944963429,1.047612476847055,0.022107574242353892,0.0386098797592984,0.018214726059173802,-0.020727231808175907,2.5585217138266306e-13,-0.0559589885582575
SYR,2003,0.08239848029870217,0.005107905955632207,1.0922172882051548,0.9432233611881882,0.9682636618562374,-0.03634458781211837,0.03351497490157167,-0.01403612478386725,-0.0791793938626483,-0.005094904857470527,-0.08820983940129862
SYR,2004,0.06567510465136481,0.02031269592456735,1.0657398387368529,1.0156927524855788,1.0248441960278822,-0.020773693361528688,0.018500734812268795,0.010504472377507545,-0.06360849941205844,-0.020109144946773343,-0.0636692422399238
SYR,2005,0.04429309356594561,0.0006928175203463931,1.0545112892113666,1.0204751053292962,1.010648107460171,-0.0005053849730962441,0.03791730212596175,0.021096287989949756,-0.04334019102362613,-0.0006925776330804829,-0.05307742662748153
SYR,2006,0.04688691186792184,-0.0,1.0566325229239304,0.9975223510079535,0.997992458431344,-0.0029861084167311443,0.03860987975904225,0.019086728608704723,-0.04582091446726102,0.0,-0.05508698600872664
SYR,2007,0.013861337736716559,0.013607279716501771,1.0386684330297835,1.0325740541649704,1.017295307456053,0.029068658026535594,0.025094347719293295,0.036234174672146756,-0.013766148023994207,-0.013515532039749116,-0.03793953994528453
SYR,2008,-0.0,-0.0,1.0245072063607816,1.0138613377367167,1.0138224763877504,0.04283480605052985,0.03860987975904225,0.04996199191823533,0.0,0.0,-0.024211722699195998
SYR,2009,-0.0,-0.0,1.0044171266996937,1.0,1.0200017294877277,0.04283480605052985,0.03860987975904225,0.06976631478918122,0.0,0.0,-0.004407399828250247
SYR,2010,-0.0,-0.0,1.0,1.0,1.0044171266996935,0.04283480605052985,0.03860987975904225,0.07417371461743136,0.0,0.0,-0.0
SYR,2011,-0.0,-0.0,1.0170155422701443,1.0,0.9832691423454917,0.04283480605052985,0.03860987975904225,0.057301315199598905,0.0,0.0,-0.01687239941783237
SYR,2012,0.04358958431064816,0.04204158173586515,1.1931425840086844,0.9582311044820923,0.8523839111107797,0.0001685123577987374,-0.0025719684725294643,-0.1024169385475876,-0.04266629369273099,-0.04118184823157167,-0.17659065316501896
SYR,2013,0.07453588507754087,0.017100437152337503,1.4867320505605783,0.9712003096437682,0.8025269809437451,-0.02905402749319959,0.0216540093070099,-0.32240674197702957,-0.07188883354372938,-0.01695587045203225,-0.3965804565944609
SYR,2014,0.08682885239839465,-0.0,1.5378934871198964,0.988689141538959,0.9667327828696831,-0.04042934019657245,0.03860987975904225,-0.3562398999195297,-0.08326414624710224,0.0,-0.43041361453696114
SYR,2015,0.07567857550927999,0.008756716794446165,1.5680091696390348,1.010365807354521,0.980793682140219,-0.03011688941721406,0.029891280646900144,-0.3756330552777637,-0.07295169546774388,-0.008718599112142213,-0.449806769895195
SYR,2016,0.08311567595942027,0.06083788566951974,1.702350605169798,0.9931336046414871,0.9210847429884376,-0.037006966937988134,-0.020449174296194403,-0.45783629030644657,-0.07984177298851797,-0.05905905405523668,-0.5320100049238777
SYR,2017,0.15391802569161273,0.10141573986940947,1.777733783400522,0.9386417855031284,0.9575959128781771,-0.10032832458299962,-0.057986508769009584,-0.501165683142716,-0.14316313063352934,-0.09659638852805176,-0.5753393977601474
SYR,2018,0.11510063128619209,0.07959880707249932,1.8277182767898748,1.0348106648999449,0.9726519704792013,-0.06610984706367265,-0.037979617430310336,-0.5288946309958625,-0.10894465311420232,-0.07658949718935262,-0.6030683456132938
SYR,2019,0.0796710620917005,0.06939487995912204,1.9110950052545608,1.0328151512423165,0.9563722744105126,-0.033821616556770864,-0.028483075992326974,-0.5735026643471665,-0.0766564226073006,-0.0670929557513694,-0.6476763789645978
SYR,2020,0.06044049378931119,,1.937041041629629,1.0181345095882486,0.9866053244007467,-0.01584957593082411,,-0.5869878578274766,-0.05868438198135383,,-0.6611615724449079
SYR,2021,0.053499344188875315,,1.9769940335899754,1.0065886605803065,0.979791040700413,-0.009282525704382942,,-0.6074038116555059,-0.05211733175491274,,-0.6815775262729373
SYR,2022,0.05149034403725658,,2.115294042280484,1.0019106215886922,0.9346190146966951,-0.007373727031552865,,-0.675020115300412,-0.050208533082082736,,-0.7491938299178432
SYR,2023,0.09371216906675559,,2.361931617451762,0.9613958532933522,0.895578020401213,-0.04674276375914534,,-0.7853060516174628,-0.08957756980967525,,-0.8594797662348942
TGO,1995,0.8205865755314741,0.6874855030819034,12.503812069090706,,,0.0,0.0,0.0,-0.5991587434111321,-0.5232395529613675,-2.5260335633429776
TGO,1996,0.8050499904813309,0.7466719821515513,12.158456497389833,1.0086072879599308,1.0284045570895461,0.008570456452278684,-0.034472699915380135,0.028008627642045234,-0.5905882869588533,-0.5577122528767475,-2.4980249357009323
TGO,1997,0.7252997066049578,0.654950083329862,12.163308038294154,1.0462240175263842,0.9996011331054803,0.05375796505997316,0.019468705717189966,0.027609681178966845,-0.545400778351159,-0.5037708472441774,-2.498423882164011
TGO,1998,0.8068682462055784,0.6998567001100491,12.921375965955589,0.9548563987596138,0.9413322598414642,0.007563647461216387,-0.007304400494947358,-0.03284942825384256,-0.5915950959499158,-0.5305439534563148,-2.5588829915968203
TGO,1999,0.8494533215077827,0.7493386080665301,13.036698915810009,0.9769742362205246,0.9911539761254617,-0.015731350122130363,-0.035998225289698885,-0.04173481047943334,-0.6148900935332625,-0.5592377782510664,-2.567768373822411
TGO,2000,0.8095109340800679,0.7578447636316804,13.619806958022892,1.0220735816929567,0.9571867616031522,0.0061021368102883765,-0.040848939576573574,-0.08549156385818621,-0.5930566066008438,-0.5640884925379408,-2.611525127201164
TGO,2001,0.7883672519763225,0.7038672764338977,13.955059990383237,1.0118228971596184,0.975976238540617,0.017855689554082982,-0.009660982995491845,-0.10980860248115808,-0.5813030538570492,-0.5329005359568592,-2.635842165824136
TGO,2002,0.7989864345362352,0.7033609867434267,13.85422802523685,0.9940971302751095,1.007278064498629,0.011935329029123315,-0.009363797333075765,-0.10255689528445427,-0.5872234143820088,-0.5326033502944433,-2.628590458627432
TGO,2003,0.8275877266479824,0.7062960814226379,13.403415695601113,0.984350249405425,1.033634137735778,-0.003838171716273524,-0.011085434052258461,-0.06947601378852492,-0.6029969151274056,-0.5343249870136259,-2.595509577131503
TGO,2004,0.8289009633804219,0.7026403960131486,13.946198815510606,0.9992819530643081,0.9610802106660188,-0.004556476571139144,-0.008940667298732845,-0.10917342144992206,-0.6037152199822713,-0.5321802202601001,-2.6352069847929
TGO,2005,0.8092205641317233,0.6306569844946068,13.431375622764905,1.0108778330507995,1.0383298931699239,0.006262618431602934,0.034256561376589764,-0.07155987104308557,-0.592896124979529,-0.4889829915847777,-2.5975934343860634
TGO,2006,0.7386641670411783,0.567794595497583,12.044570292357577,1.0405808082020904,1.1151394609143732,0.04604164512395747,0.07356963738350716,0.037419603100763664,-0.5531170982871747,-0.44966991557786035,-2.488613960242214
TGO,2007,0.7038772717363838,0.4931817741728709,11.139449176915475,1.0204163151195413,1.0812536689262702,0.06625234122671708,0.1223302908623317,0.1155407755855669,-0.5329064021844151,-0.40090926209903566,-2.410492787757411
TGO,2008,0.6953299846080311,0.49836897245895495,10.98820271701598,1.0050416657559023,1.013764440263309,0.07128134034196218,0.11886238814297385,0.12921134633437292,-0.52787740306917,-0.4043771648183938,-2.396822217008605
TGO,2009,0.7847630861207606,0.7091322716641812,10.69419946953737,0.9498907713812507,1.0274918424998603,0.019873061850572638,-0.01274624528895184,0.15633207451822465,-0.5792856815605595,-0.5359857982503192,-2.369701488824753
TGO,2010,0.7761049646530277,0.7141305430252657,10.358296159223839,1.004874780286099,1.0324284327412685,0.024735998868544523,-0.01566642710585254,0.18824580343261027,-0.5744227445425877,-0.5389059800672201,-2.3377877599103676
TGO,2011,0.7580865937458162,0.5356639514269016,10.198461623693191,1.010248852912769,1.015672416235731,0.034932688395465754,0.09427672379518838,0.20379667563396414,-0.5642260550156665,-0.4289628291661789,-2.3222368877090136
TGO,2012,0.7177822213390908,0.4699837126210396,10.005088009763675,1.023463028028842,1.0193275275280744,0.058124690783412675,0.1379882320817375,0.22293979876789222,-0.5410340526277195,-0.38525132087963004,-2.3030937645750855
TGO,2013,0.6312734520527621,0.45778645718160393,9.857461408973826,1.0530314333120958,1.014976127693024,0.10979777468828454,0.14632039294003615,0.23780489147079278,-0.4893609687228476,-0.3769191600213314,-2.288228671872185
TGO,2014,0.6013951340572657,0.4565967984477437,9.748572036976482,1.01865768001917,1.011169776617983,0.128283535314825,0.14713679812465938,0.24891274680520675,-0.4708752080963071,-0.3761027548367081,-2.2771208165377708
TGO,2015,0.6398369217625977,0.462313567099944,9.664572137256842,0.9765575544768121,1.0086915280393862,0.10456194446894136,0.14321973645040134,0.25756672095832017,-0.4945967989421908,-0.3800198165109662,-2.2684668423846577
TGO,2016,0.678399549870184,0.46047023483646954,9.680911472318188,0.9770241667959403,0.9983122110859017,0.0813180529411057,0.14448109044220223,0.2558775061238517,-0.5178406904700266,-0.3787584625191654,-2.270156057219126
TGO,2017,0.6296693898461274,0.4526859631851719,9.81581162008533,1.02990186864138,0.9862568524144141,0.11078157748016504,0.14982532168092907,0.24203904722637057,-0.48837716593096714,-0.3734142312804384,-2.283994516116607
TGO,2018,0.6315628761556639,0.44602292996266546,9.701725658598777,0.9988394647014783,1.0117593473059545,0.10962036823908058,0.15442257183830665,0.25372979070816615,-0.48953837517205173,-0.3688169811230607,-2.2723037726348116
TGO,2019,0.638728709378779,0.436588124519505,9.57525324834488,0.9956271998030524,1.0132082574709715,0.10523797938829695,0.16096860871626495,0.26685157971273094,-0.4939207640228353,-0.36227094424510264,-2.259181983630247
TGO,2020,0.6511339928415755,,9.575812748196592,0.9924868099641948,0.9999415715546635,0.09769642317057657,,0.26679314956038636,-0.5014623202405556,,-2.2592404137825914
TGO,2021,0.6551228362403995,,9.219959608668189,0.9975900015929423,1.0385959542809542,0.09528351604307704,,0.3046629066226625,-0.503875227368055,,-2.2213706567203153
TGO,2022,0.6396812148204848,,8.903824852453315,1.0094174533929787,1.03550550032751,0.10465690167652174,,0.33955262022208593,-0.49450184173461026,,-2.186480943120892
TGO,2023,0.6147382779262439,,8.680292789487883,1.0154470462707272,1.025751673173529,0.11998585688078225,,0.36497830373179296,-0.47917288653034984,,-2.1610552596111847
THA,1995,0.7711781499246498,0.7481503725087275,4.329303165747803,,,0.0,0.0,0.0,-0.5716449465844046,-0.5585582989960246,-1.4654065973655364
THA,1996,0.8023146860600431,0.7854765280282001,4.338516467538018,0.982724140031584,0.9978763934955297,-0.017426828909279556,-0.02112704308821998,-0.002125864554135556,-0.5890717754936843,-0.5796853420842445,-1.467532461919672
THA,1997,0.8445523330116963,0.8370935762464357,4.67728888081445,0.9771014103553843,0.9275707740297963,-0.04059166353269985,-0.04962644564912703,-0.07731204573426856,-0.6122366101171045,-0.6081847446451515,-1.542718643099805
THA,1998,0.8598741495929688,0.856591411594974,4.979651508050111,0.9917619068017984,0.939280363947786,-0.048863877342405555,-0.060183933099008255,-0.13995331291923896,-0.6205088239268102,-0.6187422320950328,-1.6053599102847753
THA,1999,0.8523931327258268,0.8513537142333137,4.841571005392591,1.0040385686682682,1.02851977230195,-0.044833441802470404,-0.05735880992832214,-0.11183265858678228,-0.6164783883868749,-0.6159171089243467,-1.5772392559523185
THA,2000,0.8377159924532643,0.8372434172448558,4.728320935191835,1.0079866205294157,1.0239514347171026,-0.03687854552569418,-0.04970800648514644,-0.08816356012824315,-0.6085234921100987,-0.608266305481171,-1.5535701574937795
THA,2001,0.8307482349923302,0.8303642326022478,4.679328308808414,1.0038059615886852,1.0104700126065522,-0.03307980828422614,-0.04595668226150327,-0.07774797850461287,-0.6047247548686308,-0.6045149812575278,-1.5431545758701493
THA,2002,0.8187034376495156,0.8184761339716682,4.539335792441953,1.0066227385364055,1.0308398679382895,-0.026478903733179716,-0.03944056234388223,-0.0473741027604128,-0.5981238503175843,-0.5979988613399068,-1.5127807001259492
THA,2003,0.7939409688101042,0.7939033810769894,4.365640678317975,1.013803391120409,1.039786855337554,-0.01276991172270057,-0.02583560648846585,-0.008358357402408445,-0.5844148583071053,-0.5843939054844906,-1.4737649547679448
THA,2004,0.7779286871436483,0.7772582017504698,4.258881540993937,1.0090061439371791,1.0250674117832173,-0.0038040812348028277,-0.016513541675456867,0.01640002061875235,-0.5754490278192074,-0.5750718406714812,-1.4490065767467841
THA,2005,0.7764259380589886,0.7737046110724246,4.233186396103873,1.0008459396209344,1.0060699299500993,-0.0029584992191288018,-0.014512060921280578,0.022451602753254078,-0.5746034458035334,-0.5730703599173051,-1.4429549946122822
THA,2006,0.7633232428872032,0.7545792362197119,4.163453262791165,1.0074306825051156,1.016748869006388,0.004444711768885232,-0.0036707777350735303,0.03906175619627624,-0.5672002348155194,-0.5622290767310981,-1.4263448411692599
THA,2007,0.7491715905749712,0.7263306128923682,4.079960262603005,1.0080904883137165,1.020464169946325,0.01250264754145967,0.012560176072799993,0.059319348554982866,-0.5591422990429448,-0.5459981229232246,-1.4060872488105536
THA,2008,0.7596385661926748,0.7376201398513794,4.153365054916159,0.9940516332053629,0.9823264289696213,0.006536518741418938,0.006041857691432143,0.04148773508324259,-0.5651084278429857,-0.5525164413045923,-1.4239188622822938
THA,2009,0.7848834575816375,0.7210921995980218,4.2974937136331155,0.9858562802620361,0.9664621595001448,-0.007708176645490324,0.01559920993141438,0.007374601887988891,-0.579353123229895,-0.5429590890646104,-1.4580319954775474
THA,2010,0.7517006626585824,0.6861571554725443,4.102594833263174,1.0189431879717927,1.0475062462395102,0.011057823314450774,0.036106231736284015,0.05378693768151174,-0.560587123269954,-0.5224520672597406,-1.4116196596840247
THA,2011,0.7663907775473876,0.714486868641429,4.145768676902964,0.9916835419005059,0.9895860461582621,0.0027065905416729123,0.019444465106308085,0.04331837919143935,-0.5689383560427316,-0.5391138338897165,-1.422088218174097
THA,2012,0.741910089654543,0.67782802736196,3.973741817505198,1.014053933115285,1.0432908999371702,0.016662682772819737,0.041058182876572646,0.08569842326156657,-0.5549822638115848,-0.5175001161194519,-1.3797081741039698
THA,2013,0.7397932805941998,0.661240100823785,3.940798459463248,1.0012167014805462,1.0083595642814065,0.017878644671958554,0.050993926840523646,0.09402323990127753,-0.553766301912446,-0.5075643721555007,-1.3713833574642589
THA,2014,0.7529162947061797,0.6591881104696287,3.9703849036014405,0.9925136105177347,0.9925482176523097,0.010364091525134228,0.05222990634967468,0.08654355431785854,-0.5612808550592704,-0.5063283926463499,-1.3788630430476778
THA,2015,0.7485874998300632,0.6115698043955834,3.9269613490297157,1.002475595231315,1.0110578003479598,0.012836627518490936,0.08134956125025886,0.0975406641838462,-0.5588083190659136,-0.4772087377457657,-1.3678659331816903
THA,2016,0.7415467811495995,0.6029321930219331,3.8577033509668097,1.0040427961836411,1.017953168442967,0.0168712735604973,0.08672372631198143,0.11533457775984547,-0.5547736730239073,-0.4718345726840431,-1.3500720196056908
THA,2017,0.7236904114945302,0.5791443900095049,3.7520430857929608,1.0103593832952793,1.0281607281040908,0.02717736616777826,0.10167512394537541,0.14310608286719342,-0.5444675804166265,-0.456883175050649,-1.322300514498343
THA,2018,0.7103805119978699,0.5760977615652271,3.6798243386916396,1.0077818353303807,1.0196255963476233,0.03492907918792183,0.10360627803419065,0.16254158037518793,-0.5367158673964826,-0.45495202096183374,-1.3028650169903486
THA,2019,0.7084886827718629,0.5641113464841242,3.6890839777249536,1.001107311535092,0.9974899896317825,0.036035778105792886,0.11124046600286398,0.1600284146498542,-0.5356091684786117,-0.4473178329931607,-1.305378182715682
THA,2020,0.7733160241245409,,3.992750494519025,0.9634428717325314,0.9239455314798849,-0.0012063072213758452,,0.08092625695702024,-0.5728512538057803,,-1.3844803404085162
THA,2021,0.7743413888522438,,4.000437414228834,0.9994221153076038,0.9980784801975734,-0.0017843589534870872,,0.07900288866710163,-0.5734293055378916,,-1.3864037086984349
THA,2022,0.7760729759438896,,4.039610368646259,0.9990250473290798,0.9903027889220531,-0.0027597871998967386,,0.0692583534478331,-0.5744047337843013,,-1.396148243917703
THA,2023,0.774903154006745,,4.068431749616596,1.0006590905731976,0.9929158499529819,-0.0021009137315018316,,0.06214899167019011,-0.5737458603159064,,-1.4032576056953463
TJK,1995,0.8695542687531612,0.8688032032066585,57.994406297750345,,,0.0,0.0,0.0,-0.6257000434989557,-0.6252982276949608,-4.060346562753245
TJK,1996,0.9042475160517358,0.9039550769272888,66.50239315385139,0.9817811250868755,0.8720649520624308,-0.01838688234755145,-0.01863511434507523,-0.13689137153699776,-0.6440869258465072,-0.6439333420400359,-4.197237934290243
TJK,1997,0.8741327940275532,0.87345406899369,66.85119996706612,1.0160686169732216,0.9947823402813029,-0.002445999080774506,-0.002485595106500177,-0.14212269077670364,-0.6281460425797302,-0.627783822801461,-4.202469253529949
TJK,1998,0.8852208643028568,0.884807824769104,63.00456989918014,0.9941184237426717,1.0610531914437533,-0.008344939928657433,-0.00852763828317363,-0.08286069908975278,-0.6340449834276131,-0.6338258659781344,-4.143207261842997
TJK,1999,0.8821177662807148,0.8819562934266895,58.66244421019618,1.0016487268106893,1.0740188334707892,-0.006697570775949638,-0.007013589727085823,-0.011453167336728968,-0.6323976142749052,-0.6323118174220468,-4.071799730089974
TJK,2000,0.8580069906961058,0.8577678301224204,54.10670220448084,1.0129766872274126,1.0841992178436273,0.0061956406299383095,0.005922551988135946,0.06938849909374431,-0.6195044028690174,-0.6193756757068246,-3.990958063659501
TJK,2001,0.8488765418548369,0.848513222130584,50.95524239593588,1.004938376703135,1.0618476070441834,0.011121863547732466,0.010916575428733644,0.1293989154250101,-0.6145781799512232,-0.6143816522662271,-3.9309476473282348
TJK,2002,0.8011345682633215,0.7997994947645493,46.104995068963994,1.0265066111287557,1.1052000400329045,0.03728326146049841,0.03762296079484131,0.22942526571445068,-0.5884167820384573,-0.5876752669001193,-3.830921297038794
TJK,2003,0.799867682922054,0.7987906569786769,41.576991558930374,1.0007038769312258,1.1089064730336662,0.037986890786539246,0.038183645824122966,0.332799636021066,-0.5877131527124164,-0.5871145818708378,-3.727546926732179
TJK,2004,0.8194943416802718,0.8188038187983473,39.946243673899176,0.989213124598072,1.040823560241203,0.02714141525494368,0.027119185103227954,0.3728119206462795,-0.5985586282440118,-0.5981790425917327,-3.6875346421069657
TJK,2005,0.7999800639464018,0.7991518755191375,37.49162617812082,1.0108413854823957,1.0654710863731702,0.037924454243503755,0.03798285410029114,0.43622895662924327,-0.5877755892554519,-0.5873153735946697,-3.6241176061240017
TJK,2006,0.8037286255132985,0.8028888322828757,35.093663398885816,0.9979217707620346,1.0683303635752983,0.03584406249050144,0.035907942455701565,0.5023259785251902,-0.5898559810084542,-0.5893902852392592,-3.558020584228055
TJK,2007,0.8240338882090523,0.8233116053780627,32.50265667016358,0.9888679356085369,1.0797167676173591,0.024649572957424037,0.024643816611849858,0.5790247330610463,-0.6010504705415315,-0.600654411083111,-3.481321829692199
TJK,2008,0.7926783631855463,0.7912563354756007,30.047771641872618,1.017490881614585,1.0816994037877334,0.041989249693734604,0.042380990639030475,0.6575580595342057,-0.5837107938052211,-0.5829172370559301,-3.402788503219039
TJK,2009,0.7504771961650784,0.7478878655843189,29.103509616281585,1.0241083786255094,1.032444953823122,0.0658116092120257,0.06689010264271174,0.68948779047754,-0.5598884342869299,-0.5584081250522491,-3.370858772275705
TJK,2010,0.744660522206485,0.7422384101949523,27.279011155863696,1.003333986116243,1.0668828664643772,0.06914004991868432,0.07012749858610456,0.7542289783871671,-0.5565599935802715,-0.5551707291088563,-3.3061175843660777
TJK,2011,0.7206228663620595,0.7169054133785886,26.642021035676162,1.0139703222096823,1.0239092266812095,0.08301368662156978,0.08477473560304431,0.777856855256079,-0.5426863568773859,-0.5405234920919165,-3.282489707497166
TJK,2012,0.7553468404628707,0.75300147615269,24.65214934993658,0.9802181692527188,1.0807179794951511,0.0630335762139675,0.06396877968394737,0.8554824713421914,-0.5626664672849879,-0.5613294480110133,-3.2048640914110536
TJK,2013,0.7375150422868326,0.7346126274709491,22.80063183736571,1.0102628165754288,1.0812046580891939,0.07324408764835022,0.07451410869367019,0.9335583150116622,-0.5524559558506054,-0.5507841190012904,-3.1267882477415827
TJK,2014,0.8151259684166224,0.8144391827960317,21.29875192071496,0.9572421267282669,1.070514926050199,0.029545174104200315,0.0295217979204767,1.0016980870262335,-0.5961548693947553,-0.5957764297744841,-3.0586484757270114
TJK,2015,0.8287538511572471,0.828405506142034,20.205643703115665,0.9925479950557584,1.054099153368261,0.02206526425301042,0.0218539487702942,1.0543846061252014,-0.6036347792459452,-0.6034442789246665,-3.0059619566280436
TJK,2016,0.8293744457744674,0.8291532491042456,18.880425581702667,0.9996607612953959,1.0701900556043233,0.021725967993940224,0.021445073330327045,1.122220860886201,-0.6039740755050155,-0.6038531543646338,-2.938125701867044
TJK,2017,0.8469112150195269,0.8440078873070624,17.643744773468583,0.9905048119788074,1.0700917420939866,0.012185413269660442,0.01335682528821892,1.1899652459592824,-0.6135146302292951,-0.6119414024067418,-2.8703813167939627
TJK,2018,0.8589665648126543,0.8496032742993956,16.40575055883724,0.993515026025042,1.0754609921802374,0.005679320498231304,0.010327057926279132,1.2627146455527345,-0.6200207230007245,-0.6149711697686816,-2.7976319172005106
TJK,2019,0.8594506160798374,0.8532485677074111,15.321425267738498,0.9997396804932611,1.0707718291314547,0.005418967102488185,0.00835814599506018,1.3310943696259145,-0.6202810763964676,-0.6169400816999006,-2.7292521931273304
TJK,2020,0.8640442910464718,,14.719918305185482,0.9975356406558045,1.0408634715276321,0.00295156622682541,,1.3711449993873803,-0.6227484772721301,,-2.689201563365865
TJK,2021,0.8495484267737814,,13.608011533428625,1.0078375153971912,1.0817097170314276,0.010758527840216173,,1.4496878601123786,-0.6149415156587393,,-2.6106587026408663
TJK,2022,0.8341097060063938,,12.76757176074365,1.0084175557856918,1.0658261248445902,0.019140853565809073,,1.5134380626502792,-0.6065591899331465,,-2.546908500102966
TJK,2023,0.8232423314706646,,11.9442163903495,1.0059604663341506,1.0689333936598293,0.025083626592596754,,1.5800993856049907,-0.6006164169063588,,-2.480247177148254
TTO,1995,0.9569022107542436,0.6923615431826423,4.598006962844569,,,0.0,0.0,0.0,-0.6713627182100297,-0.5261249163620642,-1.5256229406601063
TTO,1996,0.9630609842813992,0.632974947391954,4.371354742183096,0.9968626682632532,1.0518494228972781,-0.0031422634796703782,0.03572144395378499,0.0505499699427886,-0.6745049816897001,-0.4904034724082792,-1.4750729707173176
TTO,1997,0.9612091359010305,0.5952150559047025,4.194367137477516,1.000944238096014,1.0421964980423768,-0.002198470896022853,0.059116357925962815,0.09188047327120358,-0.6735611891060524,-0.46700855843610145,-1.4337424673889028
TTO,1998,0.9567112002777941,0.5426377688549566,4.007458326016535,1.0022987222757236,1.046640238339489,9.761335959393562e-05,0.0926311282499813,0.1374657342103506,-0.6712651048504358,-0.43349378811208295,-1.3881572064497556
TTO,1999,0.9398669956882956,0.4289258780170013,3.7578221338425086,1.0086831749944392,1.0664310824947867,0.008743306408622213,0.16920188858677088,0.20178337079358719,-0.6626194118014074,-0.35692302777529344,-1.323839569866519
TTO,2000,0.921899557263088,0.3652781878521448,3.5555126933637466,1.0093487915938721,1.05690021606627,0.018048668516011404,0.21476670786538538,0.2571236702607074,-0.6533140496940183,-0.3113582084966789,-1.268499270399399
TTO,2001,0.9207542905014974,0.3437932947279895,3.501144854611355,1.0005962588589568,1.0155285887931154,0.01864474968328462,0.2306284846548027,0.27253292433318094,-0.652717968526745,-0.29549643170726164,-1.2530900163269252
TTO,2002,0.9047539368472821,0.3034491818317967,3.305207503713286,1.0084002208078902,1.0592814068944052,0.027009884983442693,0.26111094866709733,0.33012368454268326,-0.644352833226587,-0.26501396769496677,-1.195499256117423
TTO,2003,0.8823788601743542,0.48422991430048873,3.00464508435361,1.0118865958103966,1.1000325865190619,0.03882639009369173,0.1312288548431845,0.42546348801646094,-0.6325363281163379,-0.3948960615188799,-1.1001594526436453
TTO,2004,0.8540660874695695,0.14274563787695616,2.9062401206416713,1.0152706383532564,1.0338598875616003,0.05398160581732398,0.3926910953551603,0.45876274966145697,-0.6173811123927057,-0.1334338210069038,-1.0668601909986493
TTO,2005,0.8530954565852681,0.5656337597635925,2.89554242460506,1.0005237889288714,1.0036945395604315,0.05450525761665684,0.07783421602804196,0.46245048117385607,-0.6168574605933727,-0.44829070033402235,-1.06317245948625
TTO,2006,0.7765210172838443,0.28000250052050263,2.6278360116305644,1.043103593234433,1.1018733329590018,0.09670575107557093,0.2792628849008038,0.5594622424297216,-0.5746569671344586,-0.24686203146126035,-0.9661606982303845
TTO,2007,0.7599886053912239,0.22942164560632586,2.564466619067873,1.009393476663416,1.024710554659403,0.10605538339045893,0.31958106438375766,0.5838724294436011,-0.5653073348195707,-0.2065438519783065,-0.9417505112165052
TTO,2008,0.7457977808763483,-0.0,2.540175163884577,1.008128561434963,1.0095629055541775,0.11415108601307454,0.5261249163620642,0.593389899848159,-0.5572116321969551,0.0,-0.9322330408119471
TTO,2009,0.7931757409378307,0.15174670860341932,2.7035900492208644,0.9735787413470673,0.9395563371808603,0.0873745133663046,0.384845249267514,0.5310424029891496,-0.5839882048437249,-0.14127966709455034,-0.9945805376709566
TTO,2010,0.7868134205534871,-0.0,2.667591680317704,1.0035607077443893,1.0134947072930116,0.09092889679911074,0.5261249163620642,0.5444468676782401,-0.5804338214109188,0.0,-0.981176072981866
TTO,2011,0.7986541830791523,-0.0,2.7051929471310365,0.9934168765530045,0.9861003382944606,0.084324009024199,0.5261249163620642,0.5304497010973646,-0.5870387091858307,0.0,-0.9951732395627416
TTO,2012,0.8144444664741066,-0.0,2.785031141768984,0.9912974556748828,0.9713331052423217,0.07558337642260404,0.5261249163620642,0.5013638853796478,-0.5957793417874255,0.0,-1.0242590552804582
TTO,2013,0.7988897060310325,0.059035240844090696,2.7483696717535215,1.008646867226448,1.013339351831834,0.08419307360855073,0.46876657282330425,0.5146150514197619,-0.5871696446014789,-0.05735834353876004,-1.0110078892403442
TTO,2014,0.7960450581606975,-0.0,2.7538611414358294,1.0015838399250674,0.9980059017502079,0.08577566058197278,0.5261249163620642,0.5126189623089663,-0.5855870576280569,0.0,-1.01300397835114
TTO,2015,0.8339148108304197,0.12002921948060165,2.9392216903098447,0.9793503207204187,0.9369354991203556,0.0649097953834757,0.4127701425734028,0.44747812554412997,-0.6064529228265539,-0.11335477378866153,-1.0781448151159763
TTO,2016,0.9252587172364367,0.30323652383806554,3.28096742180978,0.9525549965891676,0.895839949757432,0.016302360936577047,0.26127411217679136,0.3374846160782648,-0.6550603572734524,-0.2648508041852729,-1.1881383245818413
TTO,2017,0.9549156908651968,0.44170102087378105,3.463449560251398,0.9848295382929612,0.9473120265599099,0.0010156505797418133,0.1603012354224245,0.28335786551606074,-0.6703470676302876,-0.36582368093963974,-1.2422650751440456
TTO,2018,0.9615056082650707,0.46012036481000623,3.5154415720797907,0.9966403779973373,0.9852103894312106,-0.0023496276249416275,0.14760604238925606,0.2684577982293829,-0.6737123458349712,-0.37851887397280815,-1.2571651424307233
TTO,2019,0.9620838445259212,0.4494382685408474,3.509655423078382,0.9997052948259763,1.0016486373458091,-0.0026443762330688875,0.15494883599504916,0.27010507806446676,-0.6740070944430986,-0.3711760803670151,-1.2555178625956394
TTO,2020,0.9598733657149976,,3.8170866427301005,1.001127868182502,0.9194591979626028,-0.001517143616040851,,0.1861354679851046,-0.6728798618260704,,-1.3394874726750017
TTO,2021,0.9616749578802657,,3.8028756089068363,0.9990816051568426,1.0037369178707767,-0.0024359604421265524,,0.18986542092448647,-0.6737986786521561,,-1.3357575197356197
TTO,2022,0.96115629901378,,3.7418568665095844,1.000264465849431,1.0163070754906163,-0.002171529557623641,,0.20604096407169104,-0.6735342477676532,,-1.3195819765884154
TTO,2023,0.9583787039394442,,3.740205491635603,1.0014183135614927,1.0004415198249597,-0.0007542208527879946,,0.2064823864554532,-0.6721169390628177,,-1.3191405542046528
TUN,1995,0.7810076566997225,0.7735230165000899,3.881532479320495,,,0.0,0.0,0.0,-0.577179303399756,-0.5729679731569621,-1.3562300445525344
TUN,1996,0.7488488881387124,0.738236306149674,3.7358873354000517,1.0183885347551302,1.0389854218943806,0.018221510101781777,0.020096991143153994,0.038244681118156425,-0.5589577932979739,-0.5528709820138081,-1.3179853634343783
TUN,1997,0.7325530799781556,0.7178701135455179,3.6607401030418276,1.0094056617074973,1.020527879675419,0.027583213993133016,0.031882755744287984,0.05856470363588921,-0.5495960894066227,-0.541085217412674,-1.2976653409166452
TUN,1998,0.7199198982244306,0.7003077638088796,3.600263400694873,1.0073452151851763,1.0167978549389698,0.03490158445859718,0.04215870094547355,0.07522303490734726,-0.5422777189411586,-0.5308092722114885,-1.281007009645187
TUN,1999,0.7035200299539253,0.6782624150110562,3.508715068693395,1.0096270475146387,1.026091697447399,0.04448258723204919,0.05520899175424035,0.10098015139273964,-0.5326967161677065,-0.5177589814027217,-1.2552498931597948
TUN,2000,0.700322370235458,0.6729639518552186,3.485827414032373,1.001880619683916,1.0065659173397072,0.04636144076472662,0.05837109839265296,0.10752460698998582,-0.5308178626350293,-0.5145968747643093,-1.2487054375625486
TUN,2001,0.7028331495975421,0.6703240787331374,3.51042931389996,0.9985255282570242,0.9929917689069615,0.04488588091857398,0.05995030643369508,0.10049170290181,-0.5322934224811819,-0.5130176667232672,-1.2557383416507244
TUN,2002,0.716224641781927,0.6858338432200103,3.6192709290405345,0.9921971216014699,0.9699271987992818,0.03705240077264034,0.05070766931156634,0.06995743981625475,-0.5401269026271154,-0.5222603038453957,-1.2862726047362796
TUN,2003,0.7054455374769217,0.6695026715594798,3.6119732740135246,1.0063204037116027,1.002020406706637,0.04335291449720895,0.06044219254134834,0.07197580824623172,-0.5338263889025467,-0.5125257806156137,-1.2842542363063028
TUN,2004,0.6822561396079387,0.643469964309299,3.4630367532531183,1.0137847009875605,1.0430074906425688,0.05704347067950205,0.07615813464490252,0.11408416606320919,-0.5201358327202539,-0.49680983851205973,-1.2421458784893251
TUN,2005,0.6767278279275012,0.6334258755510496,3.4453175753830703,1.003297083514902,1.0051429737556425,0.060335130732353894,0.08228839981288055,0.11921395989933187,-0.5168441726674019,-0.49067957334408163,-1.2370160846532028
TUN,2006,0.661458937028183,0.6263847646408953,3.396371752921487,1.0091900501174165,1.0144112087905222,0.06948320929037283,0.08660835740394902,0.13352231421430827,-0.507696094109383,-0.4863596157530131,-1.2227077303382263
TUN,2007,0.6452892547676592,0.6060098048320428,3.291305633364245,1.0098278659595374,1.031922322403662,0.07926309587570969,0.09921525252522351,0.16494570945212714,-0.49791620752404614,-0.47375272063173873,-1.1912843351004074
TUN,2008,0.6419232411728533,0.5865952155713271,3.2700609427248715,1.0020500432117652,1.0064967262113687,0.0813110406163714,0.11137762679866851,0.1714214228981168,-0.4958682627833845,-0.46159034635829377,-1.1848086216544178
TUN,2009,0.6380462734498938,0.5802832243535758,3.2697051183561827,1.0023668242990438,1.000108824605219,0.08367506839849088,0.11536388626252475,0.1715302415823681,-0.49350423500126495,-0.45760408689443743,-1.1846998029701663
TUN,2010,0.6526690243672505,0.5785562257114802,3.2763694615167958,0.9911520390944852,0.9979659366140207,0.07478773185206193,0.11645732506589776,0.1694941066799191,-0.5023915715476939,-0.45651064809106434,-1.1867359378726154
TUN,2011,0.6581390085938026,0.5848133804040522,3.3251679417471465,0.9967011304853199,0.9853245065857603,0.07148340907096538,0.11250131382974071,0.15470986292410893,-0.5056958943287905,-0.4604666593272214,-1.2015201816284256
TUN,2012,0.6509643740623098,0.5715617776168317,3.2670739873184624,1.0043457234112443,1.017781646407208,0.07581971709415201,0.12089808543212521,0.17233526532182158,-0.5013595863056038,-0.45206988772483686,-1.1838947792307128
TUN,2013,0.6400848818677108,0.5627389052318397,3.281983486188656,1.006633493372739,0.9954571682237476,0.08243130566659936,0.1265279828680794,0.16778208352780719,-0.4947479977331566,-0.4464399902888829,-1.1884479610247274
TUN,2014,0.6358195566985986,0.49299309373937106,3.2621589507223194,1.0026074545640722,1.0060771212457158,0.08503536671869179,0.1721850803712433,0.17384081354507658,-0.49214393668106404,-0.4007828927857189,-1.182389231007458
TUN,2015,0.6447897983204833,0.5316692980455273,3.269618275278977,0.9945462686897473,0.99771859467111,0.07956670952325644,0.146609788034875,0.17155680184617034,-0.4976125938764994,-0.4263581851220871,-1.1846732427063642
TUN,2016,0.6117642141677455,0.435751175183436,3.181496403419666,1.0204903321853385,1.0276982465749738,0.0998499391404001,0.21127979387966284,0.1988783913293294,-0.47732936425935585,-0.36168817927729935,-1.1573516532232049
TUN,2017,0.6182797062105345,0.4327034268595418,3.2499244873767976,0.995973815887461,0.9789447157240371,0.09581562812767493,0.21340480535351344,0.17759828313411,-0.48136367527208096,-0.35956316780344866,-1.1786317614184243
TUN,2018,0.6170070478466406,0.44165991942489685,3.3087734164645406,1.0007870456505361,0.982214276506542,0.0966023642201965,0.20717280161988275,0.1596524928851836,-0.48057693917955935,-0.36579517153707936,-1.196577551667351
TUN,2019,0.6163299036381855,0.4538950245958262,3.347553149101235,1.0004189393557161,0.9884154990497742,0.09702121584532247,0.19872179431650502,0.14800036884333687,-0.4801580875544333,-0.37424617884045713,-1.2082296757091975
TUN,2020,0.6843890027656393,,3.6981662659584793,0.9595941917124217,0.9051927112946142,0.055776414988836745,,0.04839295154951446,-0.5214028884109191,,-1.30783709300302
TUN,2021,0.6713506001868333,,3.5654589305440116,1.0078011175975574,1.037220267572741,0.06354726120034741,,0.08493726670115277,-0.5136320421994083,,-1.2712927778513816
TUN,2022,0.6621048862097173,,3.4969537491483016,1.0055626537493674,1.0195899592359192,0.06909450052831966,,0.104337812424271,-0.5080848028714361,,-1.2518922321282635
TUN,2023,0.6692135123256318,,3.517740525541397,0.9957413320324671,0.9940908727513676,0.0648267386064194,,0.09841115719907943,-0.5123525647933364,,-1.257818887353455
TUR,1995,0.499904481310273,0.4787764059925125,2.3007462042987634,,,0.0,0.0,0.0,-0.40540142695407805,-0.3912149931197577,-0.8332335069685504
TUR,1996,0.5062279983886376,0.485019119053386,2.2760536366587236,0.9958017530645231,1.0108488513813272,-0.004207084317155701,-0.004212653835450963,0.010790424787625959,-0.4096085112712338,-0.39542764695520854,-0.8224430821809243
TUR,1997,0.500136654413152,0.4677842075141364,2.2248403701622625,1.0040605260577868,1.023018849883925,-0.0001547799465666238,0.0074610713388151085,0.03354833767135037,-0.40555620690064476,-0.3837539217809427,-0.7996851692972
TUR,1998,0.5018848855170757,0.4776564964552078,2.2703608450753388,0.9988359752995838,0.9799501145327557,-0.0013194826499269392,0.0007576086641058587,0.013294725520197434,-0.40672090960400503,-0.3904573844556519,-0.8199387814483529
TUR,1999,0.5343098079974653,0.5144489552469617,2.4276334632222243,0.9788667697283968,0.9352156655732798,-0.022679216484550995,-0.023836653767665632,-0.05368339240365969,-0.4280806434386291,-0.4150516468874233,-0.88691689937221
TUR,2000,0.5349151864175599,0.514750141900403,2.3482340006629796,0.9996055948723086,1.03381241500499,-0.023073699410401473,-0.024035509402290215,-0.020430049598471688,-0.4284751263644796,-0.4152505025220479,-0.853663556567022
TUR,2001,0.565503862431567,0.550154642610563,2.527354766501242,0.9804608108941382,0.9291271774693391,-0.04280630204634396,-0.04713970226092896,-0.09393970196804491,-0.4482077290004219,-0.4383546953806868,-0.9271732089365953
TUR,2002,0.5453934898764887,0.5320021964782734,2.4324313646377194,1.01301310810924,1.0390240823414394,-0.029877136972855843,-0.03536051193016852,-0.055657811735123096,-0.4352785639269339,-0.4265755050499262,-0.8888913187036733
TUR,2003,0.5431830567817076,0.5321162514507736,2.370960498095736,1.0014323855391407,1.0259265671407662,-0.028445776319310778,-0.0354349574677618,-0.03006163953549956,-0.43384720327338877,-0.42664995058751953,-0.8632951465040498
TUR,2004,0.5080009407987847,0.49030969635285865,2.292778684869379,1.0233303010834245,1.0340991538966662,-0.0053834665033648385,-0.007768955141059292,0.003469025470333697,-0.41078489345744285,-0.3989839482608171,-0.8297644814982166
TUR,2005,0.4768283700124477,0.45475989676201267,2.2449952325081406,1.0211077816619099,1.0212844337793334,0.015504631908679248,0.016374125521053697,0.024530109380979263,-0.3898967950453988,-0.3748408675987039,-0.808703397587571
TUR,2006,0.4666618347307273,0.4469770453091579,2.243846209103366,1.0069317514378404,1.0005120776103607,0.022412469205175978,0.02173840923883966,0.025042055924342766,-0.38298895774890207,-0.369476583880918,-0.8081914510442075
TUR,2007,0.4775824431306305,0.4593142853012668,2.2723821784140137,0.9926091376825207,0.9874422667182843,0.014994159139487375,0.01324833532975932,0.01240480792564145,-0.39040726781459056,-0.37796665778999844,-0.8208286990429089
TUR,2008,0.520866694315688,0.5026308816140447,2.3818230917751975,0.9715397468122391,0.9540516196441708,-0.013878939034229487,-0.01600249974099708,-0.03463269243034036,-0.41928036598830754,-0.40721749286075476,-0.8678661993988906
TUR,2009,0.6126662170934085,0.5957331280579876,2.5779140598288226,0.9430759311476274,0.9239342493571543,-0.07248741778930164,-0.07611827892995922,-0.11374706100707246,-0.4778888447433797,-0.467333272049717,-0.9469805679756227
TUR,2010,0.5845007486543983,0.5727388357731635,2.5263427718487255,1.0177756106855294,1.020413416799478,-0.054867945680857726,-0.06160358778428842,-0.0935392052393177,-0.46026937263493584,-0.45281858090404614,-0.9267727122078679
TUR,2011,0.5466781284497886,0.5361416973814402,2.448347223253211,1.024454099084286,1.0318564082147952,-0.030708061224156816,-0.03805888825024541,-0.062179687187469655,-0.43610948817823475,-0.42927388137000305,-0.8954131941560199
TUR,2012,0.556668738797988,0.5500951937686976,2.479462740114001,0.9935820575699917,0.987450701977736,-0.037146687191343314,-0.047101351260196836,-0.074808392688339,-0.4425481141454214,-0.4383163443799544,-0.9080418996568893
TUR,2013,0.5226540970959052,0.5215394968321774,2.438564258371011,1.0223390471722744,1.016771541534161,-0.01505350172540779,-0.028507656038636895,-0.05817594044993073,-0.42045492867948564,-0.4197226491583947,-0.891409447418481
TUR,2014,0.5281967009123426,0.5239869398721941,2.4655191015986935,0.9963731083746429,0.9890672746318598,-0.018686986468706313,-0.030114894470309322,-0.06916886723922787,-0.4240884134227843,-0.42132988759006706,-0.9024023742077782
TUR,2015,0.5286932487502651,0.5286887267860261,2.4794864077500227,0.9996751815066048,0.994366855124645,-0.019011857727054677,-0.03319533349838167,-0.07481793811230528,-0.42441328468113265,-0.42441032661813943,-0.9080514450808556
TUR,2016,0.5560346620112354,0.5537908647562573,2.5462452296152938,0.9824287890697561,0.9737814641383314,-0.03673927491084263,-0.04948267110524997,-0.10138630809433419,-0.4421407018649206,-0.44069766422500767,-0.9346198150628845
TUR,2017,0.5428362016192241,0.5403614882342467,2.527785920454339,1.0085546737742863,1.0073025603203127,-0.02822098500409132,-0.04080212838002989,-0.09411028236564105,-0.43362241195816936,-0.4320171214997876,-0.9273437893341914
TUR,2018,0.5643562251118537,0.5592466095242297,2.593888833728556,0.9862435274350054,0.9745159035288347,-0.04207295465122293,-0.05298776887467133,-0.11992472285263485,-0.44747438160530095,-0.4442027619944291,-0.9531582298211851
TUR,2019,0.577459376783429,0.5708733990309104,2.611769442590863,0.9916935092818085,0.9931538333473381,-0.05041413650473982,-0.06041677667536147,-0.12679443201637786,-0.4558155634588177,-0.45163176979511926,-0.9600279389849281
TUR,2020,0.5739837899416639,,2.550816611780323,1.0022081465285575,1.0238954186392877,-0.0482084243487525,,-0.10318004084978002,-0.4536098513028306,,-0.9364135478183304
TUR,2021,0.5180599646534917,,2.457135237713166,1.03683900938718,1.0381262588356128,-0.01203175364594043,,-0.06576262686004758,-0.41743318060001844,,-0.898996133828598
TUR,2022,0.5159729159858735,,2.484078764739159,1.0013767057746286,0.9891535134036613,-0.010655994661838489,,-0.0766683654321572,-0.41605742161591647,,-0.9099018724007075
TUR,2023,0.5053409997444601,,2.4637312055211904,1.0070627959002103,1.0082588389400475,-0.003618023485160234,,-0.06844344408377344,-0.4090194504392383,,-0.9016769510523237
TWN,1995,0.9085786163755576,0.8673798495948388,3.9384190392809386,,,0.0,0.0,0.0,-0.6463587851111324,-0.6245362983887339,-1.37077938371813
TWN,1996,0.9073499655665089,0.8519911169120834,3.917725928973193,1.0006441664252652,1.0052819188179327,0.0006439590391295053,0.008274958660005556,0.00526801841046484,-0.6457148260720029,-0.6162613397287282,-1.3655113653076654
TWN,1997,0.9082526131707408,0.8424700668561129,3.854853503856297,0.9995269768803134,1.0163099389001422,0.00017082400871477267,0.013429199379040406,0.021446379018613296,-0.6461879611024176,-0.6111070990096934,-1.3493330046995167
TWN,1998,0.9090132750382245,0.8340816673797609,3.836085217548762,0.9996015418659316,1.004892562402336,-0.00022771353088979753,0.017992395894970606,0.02632701173285775,-0.6465864986420222,-0.6065439024937632,-1.3444523719852723
TWN,1999,0.9065017028419081,0.7839127618836764,3.7201748016734024,1.0013173721232833,1.0311572498752535,0.0010887916190720018,0.04572716571599329,0.057008726839905016,-0.6452699934920603,-0.5788091326727405,-1.3137706568782253
TWN,2000,0.9087727790906629,0.7755996231803626,3.648383952866766,0.9988101903622931,1.019677437938029,-0.00010172640407351111,0.05039811663202996,0.07649506680686256,-0.6464605115152059,-0.5741381817567038,-1.2942843169112677
TWN,2001,0.9116655012346254,0.7850093160074402,3.7345203558367905,0.9984868052794308,0.9769350827515506,-0.001616067160036249,0.04511266411896336,0.053159992165078086,-0.6479748522711686,-0.5794236342697704,-1.3176193915530519
TWN,2002,0.9097034147052313,0.7629371734915313,3.639235041188569,1.0010274299738302,1.0261827866487847,-0.0005891646311373607,0.057555031744380335,0.07900587767444975,-0.6469479497422697,-0.5669812666443536,-1.2917735060436804
TWN,2003,0.9098707292314899,0.7528520444359783,3.5944960158636494,0.9999123948423851,1.0124465363509856,-0.0006767736263082021,0.0632920973601885,0.09137559267488275,-0.6470355587374407,-0.5612442010285454,-1.2794037910432474
TWN,2004,0.9075240343086054,0.7185236891523762,3.490738867240391,1.0012302308545933,1.029723549245402,0.0005527011143735359,0.08307069639136773,0.12066596010015362,-0.645806083996759,-0.5414656019973662,-1.2501134236179765
TWN,2005,0.9053975499748942,0.6859382484661318,3.4254807076348555,1.0011160318400423,1.0190508034274095,0.0016681106538437255,0.10221406553786815,0.13953756925832694,-0.6446906744572886,-0.5223222328508658,-1.2312418144598032
TWN,2006,0.9035243896549846,0.658856593632947,3.3339224766060793,1.0009840484997672,1.0274626154840836,0.0026516752952865596,0.11840773236760996,0.166629852027571,-0.643707109815846,-0.506128566021124,-1.204149531690559
TWN,2007,0.8984875207478105,0.6164722839847369,3.2115846155993677,1.0026530956101254,1.0380926787394888,0.005301257659866116,0.14429012604693628,0.20401491866171484,-0.6410575274512664,-0.48024617234179734,-1.1667644650564153
TWN,2008,0.892933064214863,0.6033205325288246,3.249234372166803,1.0029343121729721,0.9884127298141536,0.008231273142043425,0.15245948684080093,0.19235999292412118,-0.6381275119690889,-0.47207681154793285,-1.1784193907940088
TWN,2009,0.8891172651918656,0.6005514704006404,3.3104094307132192,1.0020198846801656,0.9815203950366839,0.01024912059799253,0.15418805952731288,0.1737075068992415,-0.6361096645131399,-0.47034823886142085,-1.1970718768188884
TWN,2010,0.8744521553080326,0.5224943466723799,3.082925246832562,1.0078236778902598,1.0737884203045074,0.018042352218487892,0.2041862909809838,0.24490048199988348,-0.6283164328926447,-0.42035000740775014,-1.1258789017182467
TWN,2011,0.8615851919673579,0.5073943586238783,3.0493659025504907,1.0069118315918038,1.011005351720501,0.0249304066021456,0.21415372842314276,0.2558457155162954,-0.6214283785089867,-0.4103825699655912,-1.1149336682018347
TWN,2012,0.8546633117559957,0.476237130637118,3.044488146973235,1.0037321492086932,1.001602159490128,0.028655608621912652,0.23503992750128183,0.2574465929181315,-0.6177031764892198,-0.38949637088745204,-1.1133327907999986
TWN,2013,0.8491406911808835,0.44287902928248557,3.028073099306843,1.0029865875546686,1.0054209548871689,0.03163774518395445,0.25789585490223527,0.26285290731581157,-0.614721039927178,-0.3666404434864987,-1.1079264764023184
TWN,2014,0.8276113117697255,0.407484354546198,2.9492335057060513,1.011780064651882,1.026732231764035,0.043348965011113634,0.2827323331941541,0.2892340757019138,-0.6030098201000189,-0.34180396519457995,-1.0815453080162163
TWN,2015,0.8294003001033075,0.39661852390478747,2.9653861703575637,0.9990220902809073,0.9945529304705819,0.04237057682635531,0.2904823234748017,0.28377211679567127,-0.6039882082847771,-0.3340539749139322,-1.0870072669224589
TWN,2016,0.8278374218389526,0.39863491351932545,2.9542317673403664,1.0008550422732796,1.0037757372798273,0.04322525375922988,0.2890395992213988,0.28754074387138395,-0.6031335313519025,-0.335496699167335,-1.0832386398467462
TWN,2017,0.8143493898186279,0.3653129427295356,2.9105282139611828,1.0074340874453476,1.0150156776249573,0.0506318445673518,0.31315263395542386,0.30244480218176584,-0.5957269405437806,-0.3113836644333099,-1.0683345815363643
TWN,2018,0.8005540540332285,0.3401042104597334,2.8831275154913456,1.0076617171000768,1.0095038108174579,0.05826435977587599,0.3317889184499648,0.3119037359007776,-0.5880944253352562,-0.29274737993876915,-1.0588756478173524
TWN,2019,0.7863203099202263,0.31221011735682697,2.8522434609345395,1.0079681925094601,1.0108279868040042,0.06620097387704306,0.352823470265136,0.3226735198254034,-0.5801578112340896,-0.2717128281235979,-1.0481058638927268
TWN,2020,0.7678292604517327,,2.806023320295105,1.0104597485074822,1.0164717592705443,0.07660639770175548,,0.3390110912045752,-0.569752387409377,,-1.0317682925135547
TWN,2021,0.7191929167732161,,2.6970219339843715,1.0282902187439227,1.040415461564194,0.10450383884487557,,0.37863120685932095,-0.5418549462662569,,-0.9921481768588092
TWN,2022,0.7243669263376388,,2.704019638220772,0.9969994729744603,0.9974121104235008,0.1014988012130633,,0.37603996290817443,-0.544859983898069,,-0.9947394208099556
TWN,2023,0.7301353198730888,,2.7093893502108473,0.9966659292662304,0.9980181098779114,0.09815916008061652,,0.3740561062431135,-0.5481996250305159,,-0.9967232774750167
TZA,1995,0.38708226768529175,0.38592104282712725,10.562125381624076,,,0.0,0.0,0.0,-0.327202452973358,-0.32636493148779755,-2.3572745252258396
TZA,1996,0.37976660611223284,0.3785517372532968,10.373468369729547,1.0053021007615717,1.0181864931930618,0.005288094113288591,0.005331449151943556,0.01802309702103722,-0.3219143588600693,-0.3210334823358538,-2.3392514282048023
TZA,1997,0.40289104704004225,0.40285072718113607,10.272222759927537,0.9835165810084828,1.0098562513847513,-0.011332687996813218,-0.012141468520336922,0.027831092383357608,-0.3385351409701713,-0.3385064000081345,-2.329443432842482
TZA,1998,0.34266473661490576,0.3409767217583946,10.153863937878413,1.0448558070996765,1.0116565302404334,0.03254620426267019,0.03296668620663777,0.039420208644816865,-0.29465624871068774,-0.2933982452811599,-2.317854316581023
TZA,1999,0.31752399914934337,0.3155161767283293,9.912229018143057,1.0190818060861089,1.024377455292152,0.05144823603275514,0.052135813046320485,0.06350527602638427,-0.27575421694060287,-0.27422911844147707,-2.2937692491994555
TZA,2000,0.3113166772629378,0.30850259968910326,9.696566532808527,1.0047336558697337,1.0222411185036304,0.05617072338495309,0.05748150173128102,0.08550266806698688,-0.2710317295884048,-0.2688834297565165,-2.271771857158853
TZA,2001,0.34429341904951893,0.3438126163533859,9.342436838373743,0.9754690893228524,1.0379054951680493,0.03133391695507326,0.0308541214631517,0.12270740354833937,-0.2958685360182846,-0.2955108100246459,-2.2345671216775003
TZA,2002,0.3604047338428726,0.3586255649360491,8.90552631612986,0.9881569694719876,1.0490606064969503,0.019420199085144595,0.019891356772115603,0.17060250679112912,-0.3077822538882132,-0.306473574715682,-2.1866720184347104
TZA,2003,0.3514218554042396,0.34783275124677876,8.940982355803705,1.006646983251537,0.9960344357853665,0.026045188551262543,0.027866998470608372,0.16662905887761387,-0.30115726442209534,-0.2984979330171892,-2.1906454663482258
TZA,2004,0.36450873618457524,0.36122149862576425,8.91234619275413,0.9904090897820641,1.0032130891720583,0.016407989347146785,0.017982474090618133,0.16983699710932965,-0.3107944636262112,-0.3083824573971795,-2.18743752811651
TZA,2005,0.4178054668960342,0.4173917691186901,8.941335678407015,0.9624089961875092,0.9967578126249198,-0.021907777358703546,-0.0224534688614853,0.16658954245667992,-0.34911023033206146,-0.3488184003492828,-2.1906849827691595
TZA,2006,0.44105433139881106,0.43921999693914,9.222142462312096,0.9838667675491393,0.9695508082798929,-0.03817256728801214,-0.03773636655230985,0.13566714346781436,-0.36537502026137014,-0.36410129804010744,-2.2216073817580253
TZA,2007,0.4032575204914318,0.36987305958970607,8.862548064938773,1.0269350495938496,1.0405746061672625,-0.011593881190725597,0.011646853174501816,0.17544020997595083,-0.3387963341640836,-0.3147180783132957,-2.1818343152498887
TZA,2008,0.408681178166846,0.3247195368280706,8.748557227769867,0.9961498330782894,1.013029672687866,-0.01545147908488726,0.045164164773372886,0.18838572670675172,-0.3426539320582452,-0.2812007667144246,-2.1688887985190877
TZA,2009,0.38666828659130426,0.2888163637752073,8.603318807945483,1.015874662879652,1.0168816735804618,0.000298499154095117,0.07264068177963787,0.2051264885090423,-0.32690395381926274,-0.25372424970815977,-2.152148036716797
TZA,2010,0.4383838207832249,0.3159002523226919,8.358783673441724,0.9640460818283118,1.0292548705717457,-0.03631768363354581,0.05184389756471923,0.2339616023219002,-0.36352013660690385,-0.2745210339230784,-2.1233129229039394
TZA,2011,0.4694200476470818,0.3877609284568435,8.042651400158052,0.9788785875668744,1.039306971986559,-0.05766534456151355,-0.0013266740157121925,0.2725157202601027,-0.3848677975348715,-0.32769160550350973,-2.084758804965737
TZA,2012,0.5229332955168762,0.45147586797761696,7.981812403691767,0.9648617257056998,1.0076222032527533,-0.0934358218957202,-0.046215947281357216,0.2801090212944556,-0.42063827486907807,-0.37258087876915474,-2.077165503931384
TZA,2013,0.5321881879975967,0.4716495493144931,7.821578457972754,0.9939596894472762,1.0204861392850546,-0.09949444891959354,-0.06001898256249227,0.30038814219173654,-0.4266969018929514,-0.38638391405028977,-2.056886383034103
TZA,2014,0.5134042320608967,0.40114097171650787,7.578847889969291,1.0124117242034674,1.0320273703242837,-0.08715911869383826,-0.010921953015210002,0.33191333053147326,-0.41436157166719617,-0.33728688450300753,-2.0253611946943666
TZA,2015,0.5446493606993775,0.432117738787907,7.400697351329021,0.9797720250087476,1.0240721286364016,-0.10759448061543564,-0.03278935349474921,0.3557002927896273,-0.43479693358879345,-0.3591542849825468,-2.0015742324362122
TZA,2016,0.5483554110413923,0.3089716320909395,7.205502055893621,0.9976064601734287,1.027089756400214,-0.10999088953756828,0.05712311623035669,0.38242961660677516,-0.4371933425109261,-0.2692418152574408,-1.9748449086190643
TZA,2017,0.5409175572761729,0.32207963427122105,7.030065202046369,1.0048268992264369,1.0249552242838638,-0.10517560243715303,0.04715895414845139,0.4070785446174905,-0.4323780554105109,-0.2792059773393461,-1.950195980608349
TZA,2018,0.5476200843272041,0.3398733387985859,6.856284436028896,0.9956691392681525,1.025346201377568,-0.10951586851164923,0.03378984527722213,0.4321088576221876,-0.4367183214850071,-0.29257508621057543,-1.925165667603652
TZA,2019,0.5774843193032126,0.3298251515081473,6.757241377122277,0.9810684425762154,1.0146573214391816,-0.12862892219063554,0.0413174629278879,0.4466597987657504,-0.45583137516399336,-0.2850474685599095,-1.9106147264600892
TZA,2020,0.5837418325304764,,6.803613125497397,0.9960489057630906,0.9931842467348215,-0.13258784262186882,,0.4398207121710361,-0.4597902955952268,,-1.9174538130548036
TZA,2021,0.6171558014448225,,6.85906414635676,0.9793378171203462,0.9919156579270634,-0.15346647514134068,,0.4317035146082311,-0.4806689281146987,,-1.9255710106176083
TZA,2022,0.6118625887770568,,7.010248358810609,1.0032839106165876,0.9784338293430307,-0.15018794478358027,,0.40990139559002076,-0.4773903977569381,,-1.9473731296358188
TZA,2023,0.6161933516808569,,7.059423120791185,0.99732039307098,0.9930341670786459,-0.15287114828561868,,0.40291118799530207,-0.4800736012589765,,-1.9543633372305376
UGA,1995,0.12306880011831241,0.1197608178593262,11.860538578277001,,,0.0,0.0,0.0,-0.11606493845523173,-0.11311510701803962,-2.4732168038603546
UGA,1996,0.14039711135722058,0.13811212088916122,11.625106773534897,0.9848050200528085,1.0202520122462941,-0.015311606589539976,-0.016255748340050623,0.020049667608908868,-0.13137654504477175,-0.12937085535809023,-2.4531671362514462
UGA,1997,0.1402993381954881,0.13890948265896125,11.495379845252346,1.000085743417064,1.0112851362920494,-0.015225866848232687,-0.01695610340137244,0.03127160180209505,-0.1312908053034646,-0.13007121041941205,-2.44194520205826
UGA,1998,0.15445171626109336,0.15241728161267698,10.99965536987158,0.9877410394334718,1.0450672733564519,-0.02756058827480704,-0.02874661329063684,0.07535286156445396,-0.14362552673003876,-0.1418617203086764,-2.397863942295901
UGA,1999,0.14675114733719577,0.1449951033337573,10.819692576221364,1.0067151176973126,1.0166328934378155,-0.020867916551464263,-0.022285253414614827,0.09184894339452067,-0.13693285500669594,-0.13540036043265435,-2.381367860465834
UGA,2000,0.1667943251211782,0.16565644266392518,10.865196390341438,0.9828220129696802,0.9958119657956185,-0.03819515691836585,-0.04016929140774703,0.08765211481219827,-0.15426009537359756,-0.15328439842578664,-2.3855646890481568
UGA,2001,0.14707106211592877,0.14553016698422358,10.555087270279515,1.0171944560861532,1.0293800621559153,-0.0211468525382978,-0.022752450757628145,0.1166088544483954,-0.13721179099352948,-0.13586755777566772,-2.3566079494119596
UGA,2002,0.12985596370329236,0.12880485381559392,10.427610197186574,1.0152365425024719,1.012224955736007,-0.00602522039526956,-0.008044314507561521,0.12875968888797765,-0.12209015885050138,-0.12115942152560105,-2.344457114972377
UGA,2003,0.12874610575405832,0.12791633509925251,10.51221445577135,1.0009832662487836,0.9919518138694052,-0.005042437236099346,-0.007256872295721244,0.12067894128250088,-0.1211073756913311,-0.12037197931376072,-2.352537862577854
UGA,2004,0.13718935872177776,0.13582767278786279,10.271130313788149,0.992575332416749,1.0234720166737215,-0.012494804857933528,-0.014246505284286393,0.14387972621086395,-0.1285597433131652,-0.12736161230232598,-2.329337077649491
UGA,2005,0.18953465007419312,0.18889956648550968,9.671157445442786,0.955995152096536,1.0620373385222968,-0.05749724183025512,-0.059913038229307505,0.20406880709645417,-0.1735621802854869,-0.17302814524734694,-2.269147996763901
UGA,2006,0.23464008837570083,0.23449614152823745,9.437228595771025,0.9634667311338897,1.0247878757304434,-0.09471456273534197,-0.09754779724614107,0.2285544477627301,-0.21077950119057381,-0.2106629042641806,-2.2446623560976247
UGA,2007,0.25880757001581617,0.2583356195727978,9.146142863558218,0.9808012898748205,1.0318260644465338,-0.11409996141117204,-0.11667480389223275,0.2598845584142967,-0.23016489986640395,-0.22978991091027245,-2.2133322454460584
UGA,2008,0.22926965094831228,0.22893376685261307,8.666557565918762,1.0240288361831082,1.055337461730529,-0.09035527485528419,-0.09303183021177668,0.3137451431340541,-0.20642021331051585,-0.20614693722981625,-2.1594716607263007
UGA,2009,0.23948127661207919,0.2392692777000462,8.52550446322567,0.9917613715862829,1.0165448394639307,-0.09862802832643117,-0.10140680672064512,0.33015460786959433,-0.21469296678166302,-0.2145219137386845,-2.1430621959907605
UGA,2010,0.2109718851593778,0.20854662739399818,7.387742562143583,1.0235425708904455,1.1540067065834465,-0.07535830962770748,-0.07630339626542333,0.47339458753605546,-0.19142324808293917,-0.18941850328346277,-1.9998222163242994
UGA,2011,0.23536404005910302,0.22199183279120666,7.367127900068918,0.9802550874812915,1.0027981952199407,-0.09530075746740647,-0.0873670702321119,0.47618887509565216,-0.21136569592263815,-0.2004821772501514,-1.9970279287647026
UGA,2012,0.22279221503878885,0.21530800496720043,7.409637443897507,1.0102812439151123,0.9942629387536904,-0.08507200605494619,-0.08188243967887947,0.4704352936984249,-0.20113694451017802,-0.1949975466969189,-2.00278151016193
UGA,2013,0.2657287763810743,0.24846742388278165,8.345680230399989,0.9660775972360776,0.8878410434307259,-0.11958312564898196,-0.1088016311748238,0.35147273653954564,-0.23564806410421368,-0.2219167381928634,-2.121744067320809
UGA,2014,0.2681736862727176,0.24923958639599722,8.272900453220506,0.998072101701756,1.008797371319892,-0.12151288473514141,-0.10941992830466107,0.36023163645521095,-0.23757782319037332,-0.2225350353227006,-2.1129851674051436
UGA,2015,0.28721002003422635,0.22864906916291608,8.361903376328813,0.9852111672025341,0.989356140689181,-0.1364121625751946,-0.09280014101961742,0.3495307260837714,-0.25247710103042637,-0.20591524803765693,-2.1236860777765836
UGA,2016,0.3257241004237463,0.26199599587359,8.969446272534963,0.9709486458176255,0.9322652839711536,-0.16589386259703728,-0.11957948425410224,0.2793928607391291,-0.2819588010522689,-0.23269459127214168,-2.1938239431212256
UGA,2017,0.3444155989229053,0.2581600247073792,9.010949350138096,0.986096934226192,0.9953941503841106,-0.17989448123447546,-0.11653524882000164,0.27477637151570594,-0.2959594196897074,-0.22965035583804116,-2.198440432344649
UGA,2018,0.3412230246317608,0.2539916843666496,9.115326676968417,1.002380345574533,0.988549250012723,-0.17751696419476518,-0.11321670388413906,0.26325955688007524,-0.2935819026499968,-0.22633181090217855,-2.2099572469802795
UGA,2019,0.3291732606402022,0.23817029135692544,9.175449074784396,1.0090656081854632,0.9934474708184905,-0.16849220195854012,-0.10051961138483721,0.25668546563692357,-0.28455714041377184,-0.2136347184028767,-2.2165313382234313
UGA,2020,0.3478511829532675,,10.070375673482319,0.9861424446932336,0.9111327493914179,-0.1824466695379109,,0.1636187916209447,-0.2985116079931425,,-2.30959801223941
UGA,2021,0.36853197633895524,,10.354739611922875,0.9848883374716519,0.9725377992013312,-0.1976736767469687,,0.1357724554494133,-0.31373861520220053,,-2.3374443484109415
UGA,2022,0.32454647355959504,,10.4651108867825,1.03320797243237,0.9894534060791441,-0.16500517828441263,,0.1251698520526903,-0.2810701167396443,,-2.3480469518076648
UGA,2023,0.3134274920019702,,10.581473167407243,1.0084656226745163,0.9890032060013003,-0.15657518803432285,,0.11411214634756667,-0.2726401264895546,,-2.359104657512788
UKR,1995,0.9548722254702366,0.9545927904947996,13.266635628962032,,,0.0,0.0,0.0,-0.6703248334856783,-0.6701818804346742,-2.5852522840940706
UKR,1996,0.9549819895904497,0.9549385905939127,14.739907936806409,0.999943854152725,0.9000487442553471,-5.6147423512062676e-05,-0.0001769010483903694,-0.10530635684072252,-0.6703809809091904,-0.6703587814830646,-2.690558640934793
UKR,1997,0.9548858217565218,0.9548604866543924,15.035533194734606,1.0000491935809537,0.9803382258481047,-6.9550525229077365e-06,-0.0001369481311240195,-0.1251639952849209,-0.6703317885382012,-0.6703188285657983,-2.7104162793789914
UKR,1998,0.9542039140931001,0.9541701757848846,14.991889125871863,1.0003489439656241,1.0029111787378033,0.00034192804631468854,0.0002162396211832378,-0.12225704582181114,-0.6699829054393638,-0.669965640813491,-2.7075093299158817
UKR,1999,0.9497629237353621,0.9497331875907816,13.617459315624691,1.0022777078708778,1.1009314423778118,0.0026170458727840513,0.0024893440971920284,-0.026100458523381727,-0.6677077876128942,-0.6676925363374822,-2.6113527426174525
UKR,2000,0.9445491738553028,0.9445175050393559,12.947253922488237,1.0026812126688072,1.051764288948745,0.005294670503002323,0.005168003527070928,0.02436857075230625,-0.665030162982676,-0.6650138769076034,-2.5608837133417643
UKR,2001,0.9431025795275859,0.9400888725788505,11.78032348749884,1.0007444765618438,1.0990575883784286,0.0060388700796346955,0.007448097801056528,0.11882164550922777,-0.6642859634060435,-0.6627337826336178,-2.466430638584843
UKR,2002,0.9386399739473021,0.9376824514001414,11.254614547968055,1.0023019259069532,1.0467105236958736,0.008338150614004008,0.008689234158291667,0.16447405750369315,-0.6619866828716745,-0.6614926462763826,-2.4207782265903774
UKR,2003,0.9353455464020116,0.9352866992492719,10.321878714248827,1.001702242553747,1.0903649286666808,0.01003894599495513,0.009926399941572864,0.25098649465466416,-0.6602858874907233,-0.6602554804931013,-2.3342657894394065
UKR,2004,0.9287497276943092,0.9235704783859504,9.31157996097113,1.0034197379851801,1.1084991760273013,0.013452849972925585,0.015998797195975252,0.3539935014063809,-0.6568719835127527,-0.654183083238699,-2.2312587826876897
UKR,2005,0.9272967176486345,0.9164392560420952,9.18776850988226,1.0007539109221584,1.013475682474553,0.01420647684700033,0.019712970354392442,0.36737919441675815,-0.6561183566386782,-0.6504689100802818,-2.2178730896773127
UKR,2006,0.9264120109267678,0.9226310501290149,8.636414737118121,1.0004592510412353,1.0638405854219224,0.014665622464752122,0.016487293843200756,0.4292647483799387,-0.6556592110209262,-0.6536945865914734,-2.155987535714132
UKR,2007,0.9214571696599754,0.9187182207331623,8.062854944249603,1.0025786894160484,1.0711360674146295,0.017240992766001252,0.01852451070280873,0.4979845788482377,-0.653083840719677,-0.6516573697318654,-2.087267705245833
UKR,2008,0.9172088662252598,0.916690772474972,7.965012992003747,1.0022158792970115,1.0122839664347165,0.01945442062321194,0.019581737429150113,0.5101937095966977,-0.6508704128624663,-0.6506001430055239,-2.075058574497373
UKR,2009,0.9174811690876817,0.9174301175642229,9.104664756024713,0.999857989289902,0.8748277070534818,0.019312399828638284,0.019196071395335024,0.37646539135900703,-0.6510124336570401,-0.6509858090393392,-2.2087868927350636
UKR,2010,0.9217957748961695,0.9217683035114261,9.090495250848372,0.9977549093067806,1.001558716525925,0.017064785140869683,0.01693612683515074,0.3780228943472051,-0.6532600483448087,-0.6532457535995235,-2.2072293897468653
UKR,2011,0.9212893696295429,0.9212027885621382,8.627753819578803,1.0002635757396214,1.0536340559717268,0.017328326150508336,0.017230438158249824,0.430268088707328,-0.6529965073351701,-0.6529514422764244,-2.1549841953867426
UKR,2012,0.9201256516314354,0.9199927513898223,8.612492211734219,1.0006060634610647,1.0017720315408578,0.017934206029284992,0.017860469719911443,0.4320385520526163,-0.6523906274563932,-0.6523214107147628,-2.1532137320414546
UKR,2013,0.9183579821600284,0.9181940715881018,8.632581412077322,1.0009214492226401,0.9976728629150259,0.018855230978201368,0.018797724739715305,0.429708702975868,-0.6514696025074769,-0.6513841556949588,-2.1555435811182027
UKR,2014,0.9121932551812711,0.9119586797215891,8.570759067506938,1.003223903735699,1.0072131702785536,0.022073949078588707,0.02205367706325963,0.43689598276879105,-0.6482508844070896,-0.6481282033714145,-2.1483563013252795
UKR,2015,0.9089455916344716,0.908813313231297,8.79871566327611,1.0017012865956114,0.9740920601945791,0.023773790125456263,0.02370013343733105,0.410646520616249,-0.646551043360222,-0.6464817469973432,-2.1746057634778215
UKR,2016,0.9106969454920953,0.9106922342390078,8.520868015313475,0.9990833952701106,1.0326079042021652,0.02285676505657531,0.022716277733538667,0.44273406871060517,-0.6474680684291031,-0.6474656027011356,-2.1425182153834657
UKR,2017,0.9044448853676144,0.8830170566893533,8.275029185052215,1.0032828779517418,1.0297085151923495,0.026134266129039293,0.03730657254823993,0.47200983594263607,-0.6441905673566389,-0.6328753078864343,-2.1132424481514347
UKR,2018,0.9047595926655089,0.8689705577391629,8.047866646142655,0.9998347784680509,1.0282264293007934,0.02596903094650929,0.04479410503387593,0.49984524068725655,-0.6443558025391688,-0.6253877754007983,-2.085407043406814
UKR,2019,0.8977831830248143,0.8368329534734018,7.854160141024038,1.0036760836027516,1.0246629176946427,0.029638374267442896,0.06213901275486913,0.524208938405347,-0.6406864592182355,-0.6080428676798051,-2.0610433456887236
UKR,2020,0.8946042890469378,,8.004910631645622,1.0016778669805904,0.9811677484536022,0.031314835201783596,,0.505197101774467,-0.6390099982838948,,-2.0800551823196036
UKR,2021,0.8928019134745888,,7.5485651328355905,1.000952226199434,1.0604546017394707,0.032266608321450105,,0.5638947875257144,-0.6380582251642283,,-2.0213574965683563
UKR,2022,0.8866468504582873,,10.436895824499635,1.0032624351583372,0.7232576869375319,0.03552373328451683,,0.23990508067038183,-0.6348011002011614,,-2.345347203423689
UKR,2023,0.8771516095342755,,9.90037367822924,1.0050583239391984,1.054192110692771,0.04056930688200844,,0.29267978239018055,-0.62975552660367,,-2.2925725017038903
URY,1995,0.6938735636993612,0.6926952416806942,3.9464863520999933,,,0.0,0.0,0.0,-0.5270179557225826,-0.5263220761264882,-1.3728256519315283
URY,1996,0.7045791672058747,0.7026794746119882,3.836146895998925,0.9937195034924298,1.02876309460833,-0.006300301793995836,-0.005881095633222083,0.028357201587506778,-0.5333182575165785,-0.5322031717597101,-1.3444684503440216
URY,1997,0.6941691997150539,0.6922755558860715,3.7799569296599382,1.0061445854951039,1.0148652398386036,-0.0001745172874648514,0.0002479701137007177,0.04311303663480476,-0.5271924730100475,-0.5260741060127874,-1.3297126152967236
URY,1998,0.6880298708547664,0.686493573263123,3.771040803525944,1.0036369788036859,1.0023643674514626,0.003455863701381199,0.003670511309038275,0.04547461336753525,-0.5235620920212015,-0.5226515648174498,-1.327351038563993
URY,1999,0.7437774632242176,0.7415219400779928,3.886228505823481,0.9680305580584951,0.9703600284633472,-0.029035760260198277,-0.028437332997625485,0.015386500383020077,-0.5560537159827809,-0.5547594091241136,-1.3574391515485082
URY,2000,0.7202607779378002,0.7188930982499674,4.014600345343412,1.0136704188039494,0.9680237561706905,-0.015457938690490646,-0.015358460004188362,-0.01711215012503041,-0.5424758944130734,-0.5416805361306765,-1.3899378020565587
URY,2001,0.7235051597119354,0.7229945291115818,4.219400901277212,0.998117567704481,0.9514621718282785,-0.017342144988325665,-0.01774170620334177,-0.06686749951620398,-0.5443601007109083,-0.5440637823298298,-1.4396931514477322
URY,2002,0.7191730044073293,0.7185689456182272,4.520046870067874,1.0025199065443096,0.9334860948496874,-0.014825408084829746,-0.015169860026318403,-0.1356967113428918,-0.5418433638074126,-0.5414919361528066,-1.50852236327442
URY,2003,0.7155703137696608,0.7149325092770654,4.4845263482044935,1.002099995907339,1.0079206852865528,-0.012727614086768195,-0.013051650525842487,-0.12780723002115474,-0.539745569809351,-0.5393737266523306,-1.500632881952683
URY,2004,0.7518995332364404,0.7506927715195583,4.392918787543247,0.9792629549939629,1.0208534610111646,-0.03368269110425686,-0.03368950291304864,-0.10716822610389877,-0.5607006468268396,-0.5600115790395367,-1.4799938780354271
URY,2005,0.7423457805542992,0.7413993620163014,4.160824656691634,1.0054832701916963,1.0557808006829483,-0.028214399309771748,-0.02836694492329932,-0.05288763747736848,-0.5552323550323545,-0.5546890210497875,-1.4257132894088966
URY,2006,0.7642321536803609,0.7627087978211866,4.163246001813889,0.9875943916562202,0.9994183997003302,-0.04069759959741742,-0.04052963941005586,-0.053469406972098295,-0.5677155553200002,-0.5668517155365439,-1.4262950589036267
URY,2007,0.7243682772663769,0.7231542330427825,4.0682985301675805,1.0231179597418598,1.023338373755575,-0.017842811609793844,-0.01783439165735853,-0.03039920855918506,-0.5448607673323766,-0.5441564677838467,-1.4032248604907134
URY,2008,0.7583374189762396,0.7568656757092819,3.9270120483052997,0.9806811017366389,1.03597811265266,-0.037350758557121,-0.03720927922213238,0.004946808271785768,-0.5643687142797037,-0.5635313553486206,-1.3678788436597424
URY,2009,0.7406537853929621,0.7389792825522169,3.8671132399482975,1.0101591906050893,1.015489282221744,-0.02724282566332249,-0.026976245748710184,0.02031735606605551,-0.5542607813859051,-0.5532983218751983,-1.3525082958654728
URY,2010,0.6655755900463233,0.664083283139473,3.6732548758320798,1.0450764263089078,1.052775636504751,0.01684719230303709,0.017047685016303334,0.07174749576937199,-0.5101707634195456,-0.5092743911101848,-1.3010781561621563
URY,2011,0.67361400327785,0.6708358934363893,3.585708374246782,0.9951969730082425,1.0244153992594807,0.012032593709793173,0.012998039931828773,0.09586960346689777,-0.5149853620127894,-0.5133240361946595,-1.2769560484646305
URY,2012,0.6714417809151527,0.6679696460771778,3.5035149770848286,1.0012996099460358,1.023460267103052,0.013331359893785066,0.01471497015097203,0.11905890822001243,-0.5136865958287975,-0.5116071059755162,-1.2537667437115159
URY,2013,0.6256985470777858,0.6231786477051566,3.393863313253655,1.028137586712857,1.032308803776205,0.041080357185931324,0.041935721128367784,0.15085675898478978,-0.48593759853665136,-0.4843863549981203,-1.2219688929467385
URY,2014,0.5971126543336561,0.5965064184120549,3.3532671870927437,1.0178984824060868,1.0121064394502093,0.05882054775429351,0.05850432265992514,0.16289050164165797,-0.4681974079682891,-0.46781775346656307,-1.2099351502898703
URY,2015,0.6012459888657465,0.6010277019937892,3.3391483655284664,0.9974186761054632,1.0042282702110612,0.05623588649878895,0.05567633932981872,0.16710985783664226,-0.47078206922379373,-0.4706457367966695,-1.2057157940948862
URY,2016,0.5810904643426672,0.5807590490867741,3.281347165211825,1.0127478629323459,1.017615082283715,0.0689031794341505,0.06841693363352858,0.1845715927571333,-0.4581147762884322,-0.45790514249295955,-1.188254059174395
URY,2017,0.5691574401284109,0.5689701876713532,3.2798747227276883,1.0076047335398541,1.000448932538165,0.07647914275573213,0.07590260340292211,0.18502042455523546,-0.45053881296685055,-0.450419472723566,-1.187805227376293
URY,2018,0.5908450900040685,0.5895742629787776,3.3116793692863764,0.9863672145000603,0.9903962180476602,0.0627525775409982,0.06285585488106915,0.17537022888513368,-0.4642653781815845,-0.463466221245419,-1.1974554230463945
URY,2019,0.5872168327987977,0.5871498841945367,3.3209176826741147,1.0022859240970075,0.9972181444195571,0.06503589288836313,0.06438219405475726,0.17258449675344933,-0.46198206283421944,-0.4619398820717307,-1.200241155178079
URY,2020,0.6419959914451089,,3.563603874255842,0.9666386769932974,0.9318986621002018,0.031105385958962575,,0.10205329489304485,-0.4959125697636201,,-1.2707723570384835
URY,2021,0.6648832456770395,,3.5179141424853513,0.986252937380829,1.0129877336171178,0.01726295746538078,,0.11495741111995691,-0.5097549982572017,,-1.2578682408115713
URY,2022,0.645945373087457,,3.4903292139169646,1.0115057722444694,1.0079032454756411,0.028703041693119432,,0.12282958953081383,-0.49831491402946304,,-1.2499960624007147
URY,2023,0.655314302422011,,3.5446828061280065,0.9943400903859494,0.9846661619152279,0.02302705409532542,,0.10737697236027936,-0.5039909016272572,,-1.265448679571249
USA,1995,0.7409366310968625,0.7312754374765295,2.798969104273344,,,0.0,0.0,0.0,-0.5544232621321658,-0.5488583839728058,-1.0292511723421152
USA,1996,0.7251393988360642,0.7217122727582355,2.762857674586656,1.0091570758116455,1.013070318467306,0.009115403994411686,0.005539080918758941,0.01298563891590814,-0.5453078581377541,-0.5433193030540467,-1.016265533426207
USA,1997,0.704586905043699,0.7035562510635425,2.7190617924095015,1.0120571698231124,1.0161069830407734,0.021100465184148553,0.016140405522349317,0.028964280797202518,-0.5333227969480174,-0.5327179784504564,-1.0002868915449126
USA,1998,0.6814213188187119,0.6802999079817643,2.674446543149199,1.0137773834349035,1.016682049366284,0.03478380328644976,0.029886089834028472,0.04550871315816172,-0.5196394588457159,-0.5189722941387775,-0.9837424591839535
USA,1999,0.6569517286327123,0.6556238621144358,2.6271985801797753,1.0147678352743517,1.0179841612757687,0.04944365589680285,0.044680490213443974,0.06333307249725172,-0.5049796062353632,-0.504177893759362,-0.9659180998448634
USA,2000,0.6420865930047946,0.6405604829444146,2.59758508334724,1.009052589364801,1.0114003953219408,0.05845551619232064,0.053820442629689505,0.07466897302698866,-0.4959677459398452,-0.4950379413431163,-0.9545821993151264
USA,2001,0.6477563678467214,0.6462840141346244,2.6293238736128894,0.9965590939579642,0.987928915648555,0.055008676618028295,0.05033774852570629,0.06252444148022314,-0.4994145855141375,-0.4985206354470994,-0.9667267308618921
USA,2002,0.644076530049203,0.642496930166406,2.6315976669660945,1.0022382399664864,0.9991359646720516,0.05724441545682832,0.05264078159858991,0.06166003265859413,-0.4971788466753375,-0.49621760237421586,-0.9675911396835211
USA,2003,0.6327195800779108,0.631072023456809,2.5951380643531294,1.0069558484566898,1.0140491957301907,0.06417618360115576,0.05962090223055008,0.07561145314990005,-0.4902470785310102,-0.4892374817422558,-0.9536397191922151
USA,2004,0.6149452379635607,0.6131962582927469,2.5479762136539903,1.0110061577919283,1.0185095333490204,0.07512221441414427,0.07064091939014111,0.09395176997640428,-0.4793010477180215,-0.4782174645826647,-0.935299402365711
USA,2005,0.6023336012189792,0.6005593606990299,2.518931237146127,1.0078707934071827,1.011530674628804,0.08296219470374819,0.07850521538617025,0.10541647302341774,-0.4714610674284176,-0.47035316858663556,-0.9238346993186973
USA,2006,0.5962743715109257,0.5944523629900667,2.5120234119131455,1.0037958572888184,1.0027499047979496,0.08675086590545476,0.0823280527804939,0.10816260375047573,-0.4676723962267111,-0.46653033119231196,-0.9210885685916395
USA,2007,0.5959166139840907,0.5940000300265753,2.506080645403744,1.0002241705636123,1.0023713388953785,0.08697501134660066,0.08261178476753353,0.11053113545876125,-0.46744825078556523,-0.4662465992052724,-0.9187200368833538
USA,2008,0.6042098240766032,0.6023380218264118,2.5257375090857686,0.9948303457764408,0.9922173766627318,0.08179194822778078,0.07739455769234183,0.10271806945642553,-0.472631313904385,-0.471463826280464,-0.9265331028856896
USA,2009,0.6202803237654687,0.6176881971191741,2.550107214931437,0.9900816547277954,0.9904436544067722,0.07182408849605613,0.06786029273345871,0.0931157689844977,-0.4825991736361097,-0.48099809123934706,-0.9361354033576174
USA,2010,0.5998119073493259,0.5689628054567036,2.4946730541529414,1.012794264327021,1.0222210123632085,0.08453719770357397,0.09844361639410167,0.11509349214484182,-0.46988606442859193,-0.4504147675787042,-0.9141576801972733
USA,2011,0.5919961524263216,0.5210114707842634,2.4871163506512173,1.004909405660995,1.0030383393602578,0.08943459153053221,0.12948282911707712,0.11812722508029472,-0.4649886706016336,-0.4193755548557288,-0.9111239472618204
USA,2012,0.5790386264668059,0.4512063117543763,2.4756274603505126,1.008205958829841,1.004640799346715,0.09760706454430888,0.17646323426892585,0.12275728911851687,-0.4568161975878568,-0.3723951497038801,-0.9064938832235983
USA,2013,0.5719009786901034,0.4309556060886489,2.4572924219483947,1.0045407744339283,1.007461480057624,0.1021375607642962,0.19051590687856285,0.13019107003288538,-0.45228570136786966,-0.35834247709424294,-0.89906010230923
USA,2014,0.5620114667485575,0.4112262568066166,2.440313834706062,1.0063312671846971,1.006957542509846,0.10844886967339831,0.2043993718617468,0.1371245205267753,-0.44597439245876735,-0.344459012111059,-0.8921266518153399
USA,2015,0.5431876088259284,0.3580293080509829,2.411843281426628,1.0121980359451892,1.011804478963738,0.12057310908720782,0.24282377329379207,0.1488598701210196,-0.433850153044958,-0.3060346106790136,-0.8803913022210954
USA,2016,0.5382191632818302,0.30767938428332764,2.4113714977655163,1.0032299984701127,1.000195649513793,0.1237979023178607,0.28060428003382687,0.14905550049794233,-0.43062535981430533,-0.26825410393897897,-0.8801956718441727
USA,2017,0.5283449340750531,0.2378690679569536,2.397838939335297,1.0064607334291016,1.0056436477897766,0.13023785466805723,0.3354669762429399,0.15468328257321112,-0.4241854074641086,-0.21339140772986595,-0.8745678897689041
USA,2018,0.5168118747196568,0.21379315041645985,2.3712079301797746,1.007603486989794,1.011230988567714,0.13781258084694814,0.3551080926598503,0.16585167185401534,-0.41661068128521755,-0.19375029131295549,-0.8633995004880998
USA,2019,0.5044500394944768,0.15901322381719332,2.355411046856103,1.0082168466221277,1.006706635491396,0.14599585297711767,0.40128941000194335,0.17253591791502176,-0.408427409155048,-0.1475689739708624,-0.8567152544270935
USA,2020,0.50650636627611,,2.336438432400199,0.9986350361155685,1.0081203143180681,0.14462995668091447,,0.18062343988395504,-0.4097933054512514,,-0.8486277324581601
USA,2021,0.4678049251914879,,2.260781527329015,1.0263668832420445,1.0334649342082023,0.17065522551674495,,0.21354061028325605,-0.38376803661542075,,-0.8157105620588592
USA,2022,0.47218595609798075,,2.29380540330773,0.9970241321156842,0.9856030176181928,0.16767492093339031,,0.19903898578245763,-0.3867483411987755,,-0.8302121865596576
USA,2023,0.45274959634960565,,2.2658948993766472,1.0133790157623954,1.0123176515992693,0.18096522801174691,,0.21128139237566235,-0.37345803412041884,,-0.8179697799664528
VEN,1995,0.9968882024199507,0.9968866808778346,37.05566262281048,,,0.0,0.0,0.0,-0.6915900701024138,-0.6915893081455382,-3.6124211773864823
VEN,1996,0.9967244840917153,0.9967210375313434,38.360296604024356,1.000081993449542,0.9659899923433594,8.199008826281174e-05,8.29542400082404e-05,-0.03460180471628585,-0.6915080800141511,-0.6915063539055297,-3.647022982102768
VEN,1997,0.996822355096472,0.9968189419145504,38.59923210065068,0.9999509866240694,0.9938098380816673,3.2975511137510296e-05,3.392286246821602e-05,-0.04081120512089317,-0.6915570945912763,-0.6915553852830697,-3.653232382507375
VEN,1998,0.9969365747486143,0.9969341762411209,40.905387686970634,0.9999428025638938,0.943622204391073,-2.422356080443677e-05,-2.3784423482021512e-05,-0.09884060527465541,-0.6916142936632182,-0.6916130925690201,-3.7112617826611376
VEN,1999,0.9972830036051334,0.997282872716835,44.25231999661498,0.9998265499401466,0.9243670770278177,-0.00019768866485901513,-0.00019838508855673335,-0.17748662199512188,-0.6917877587672727,-0.6917876932340947,-3.789907799381604
VEN,2000,0.9971787615591113,0.9971762479156621,43.82780947469,1.0000521946497873,1.0096858712998222,-0.00014549537716503566,-0.00014499873612285706,-0.16784735803327056,-0.6917355654795788,-0.6917343068816608,-3.7802685354197525
VEN,2001,0.9968087132243975,0.9967992499149836,45.61394402617677,1.000185319871785,0.96084235666046,3.980732501376203e-05,4.378459617474481e-05,-0.20779228243734682,-0.6915502627774001,-0.691545523549363,-3.820213459823829
VEN,2002,0.9976859974535949,0.997617712362514,52.74645981890557,0.9995608497880468,0.8647773553482666,-0.000399439341633509,-0.0003660186200210011,-0.3530754802797442,-0.6919895094440472,-0.691955326765559,-3.9654966576662263
VEN,2003,0.9977285167788011,0.9976930200069531,59.16190046281587,0.9999787161644593,0.8915612819445767,-0.0004207234036782119,-0.0004037166362670151,-0.4678565840580639,-0.6920107935060921,-0.691993024781805,-4.080277761444546
VEN,2004,0.9970977711762187,0.9970936839540848,52.02463158304394,1.0003158311083644,1.1371901859291231,-0.00010494215945955503,-0.00010365753335124196,-0.3392961133312642,-0.6916950122618735,-0.6916929656788893,-3.9517172907177462
VEN,2005,0.9969182322293219,0.9969128464471604,48.67298670637024,1.0000899080112542,1.0688604727894178,-1.503818968841121e-05,-1.3103096010403893e-05,-0.27270301105169303,-0.6916051082921023,-0.6916024112415484,-3.885124188438175
VEN,2006,0.9967727789635399,0.9967668486118033,47.68584366289813,1.0000728441750177,1.020700966317183,5.780333232123501e-05,6.001134809612725e-05,-0.252213397904748,-0.6915322667700924,-0.6915292967974418,-3.8646345752912303
VEN,2007,0.996453613054803,0.9963129528863791,46.08913416208104,1.000159866428476,1.0346439465580317,0.00021765698352169306,0.0002873525233007927,-0.2181560433608665,-0.6913724131188922,-0.6913019556222372,-3.8305772207473487
VEN,2008,0.9963037644330867,0.996292722626454,46.03988323678431,1.00007506303619,1.001069744791563,0.00029271720262305935,0.00029748638653180257,-0.21708687033853444,-0.6912973528997908,-0.6912918217590063,-3.8295080477250165
VEN,2009,0.9963358935619061,0.9963146776030876,49.43268776403828,0.9999839059504348,0.9313651617842599,0.00027662302354733215,0.0002864885726055629,-0.28819072361167225,-0.6913134470788664,-0.6913028195729324,-3.9006119009981544
VEN,2010,0.9971037008276984,0.9970941074027546,51.306517884980025,0.9996155396109507,0.9634777373677446,-0.0001079112893451075,-0.0001038695657802174,-0.32539662100763894,-0.691697981391759,-0.6916931777113183,-3.937817798394121
VEN,2011,0.9966091119737933,0.9965970550083517,50.78126155296747,1.000247714412871,1.010343506954129,0.00013977244737643825,0.00014504922976779717,-0.31510624208219346,-0.6914502976550375,-0.6914442589157701,-3.927527419468676
VEN,2012,0.9965673406342291,0.9965549994219478,49.44047423845391,1.0000209215781077,1.027119224383789,0.0001606938066309092,0.00016611308400240287,-0.28834822791868586,-0.691429376295783,-0.6914231950615356,-3.900769405305168
VEN,2013,0.9969187757810255,0.9969143133059655,50.81741316721567,0.9998240112962734,0.9729041908483038,-1.5310384924736343e-05,-1.3837658997973996e-05,-0.315817897344893,-0.6916053804873384,-0.691603145804536,-3.9282390747313753
VEN,2014,0.9966611437857223,0.9966545630617426,53.96118586511182,1.000129031406308,0.9417401110169312,0.0001137126975474778,0.00011624661030131336,-0.37584383045569136,-0.6914763574048663,-0.6914730615352368,-3.9882650078421733
VEN,2015,0.996686924130983,0.9966822453526065,58.611797675100874,0.9999870884388788,0.9206539980949143,0.00010080105307139342,0.00010238236984645522,-0.45851482444688996,-0.6914892690493424,-0.6914869257756915,-4.070936001833372
VEN,2016,0.9970064433558682,0.9970048639111594,71.56182448751932,0.9998400009043795,0.8190372184449128,-5.921084376986155e-05,-5.9181894167226124e-05,-0.6581405768418119,-0.6916492809461836,-0.6916484900397053,-4.270561754228294
VEN,2017,0.9972277102555627,0.9972268667402904,94.98422566067504,0.9998892129832977,0.753407463078862,-0.00017000399780700434,-0.00017034361152881708,-0.941289654749844,-0.6917600741002208,-0.6917596517570668,-4.553710832136327
VEN,2018,0.9972137519334004,0.997055867386505,115.927175518199,1.0000069888974823,0.8193439134188497,-0.00016301512474697026,-8.472155356627984e-05,-1.1405410193157628,-0.6917530852271608,-0.6916740296991044,-4.752962196702245
VEN,2019,0.9978716424470472,0.9971940735414102,155.288879086512,0.9996707043136961,0.7465259341180224,-0.0004923650407808249,-0.0001539241107443954,-1.4328659409736515,-0.6920824351431947,-0.6917432322562825,-5.045287118360133
VEN,2020,0.9980612963938337,,214.7135305269544,0.9999050810167189,0.7232375095570306,-0.0005872885291536559,,-1.7568835461317942,-0.6921773586315674,,-5.369304723518276
VEN,2021,0.9979804996279766,,206.14604802775116,1.000040439216435,1.041560255853413,-0.0005468501303617908,,-1.7161637112103767,-0.6921369202327755,,-5.328584888596859
VEN,2022,0.9980445019799713,,185.45000971615923,0.9999679675042618,1.1115990144366577,-0.0005788831391513328,,-1.610364178941455,-0.6921689532415652,,-5.222785356327937
VEN,2023,0.9982122780853244,,173.5454915284089,0.9999160368959829,1.0685959518908135,-0.0006628497682672651,,-1.5440185866432807,-0.692252919870681,,-5.156439764029763
VNM,1995,0.5773716664470873,0.5749394969765255,8.762064973091908,,,0.0,0.0,0.0,-0.45575995963397736,-0.454216856921657,-2.1704316046908407
VNM,1996,0.601125112941084,0.5987931562724023,8.392410245855412,0.9851645281795846,1.0440463128478554,-0.014946618073763462,-0.01503221038405926,0.04310384944190721,-0.47070657770774066,-0.46924906730571614,-2.1273277552489334
VNM,1997,0.6469400069681733,0.6453393689816147,7.728289256022851,0.9721818075745033,1.0859337646187346,-0.04315906525642871,-0.04372980935036064,0.12554407887151192,-0.4989190248904058,-0.4979466662720177,-2.0448875258193286
VNM,1998,0.6546015808462233,0.6524489010715534,7.78611102034677,0.9953695355022376,0.9925737297897734,-0.047800283564523004,-0.04804151314821475,0.11809009663341938,-0.5035602431985001,-0.5022583700698716,-2.052341508057421
VNM,1999,0.6553451886926145,0.6534121545943419,7.877554945366061,0.999550783817496,0.9883918391361924,-0.04824960067484312,-0.048624268160496864,0.10641403509080974,-0.5040095603088204,-0.5028411250821538,-2.064017569600031
VNM,2000,0.6690747732646934,0.6672661039804813,7.731057213578553,0.9917741345133244,1.018949249467486,-0.05650948527925948,-0.05696836456960989,0.1251859838393936,-0.5122694449132367,-0.5111852214912668,-2.045245620851447
VNM,2001,0.6859248554281042,0.6843705241213228,7.590826744344598,0.9900054370103394,1.018473675392266,-0.06655432921820581,-0.06717506089657409,0.14349109374165409,-0.5223142888521831,-0.521391917818231,-2.0269405109491867
VNM,2002,0.704728305306948,0.7034799102833585,7.598136152499714,0.988969825971501,0.999037999845171,-0.07764578667753745,-0.0784563079274279,0.14252863056770276,-0.5334057463115146,-0.5326731648490848,-2.027902974123138
VNM,2003,0.7152606967968493,0.7146910827166263,7.462109293521176,0.9938595972556417,1.0182290092020818,-0.08380511922568921,-0.08501608077563971,0.16059348331980394,-0.5395650788596664,-0.5392329376972969,-2.0098381213710366
VNM,2004,0.7320131778612725,0.7314325399052816,7.339494276468933,0.9903277404129744,1.0167061942462927,-0.09352445894225996,-0.09473226668607412,0.17716166410174036,-0.5492844185762371,-0.548949123607731,-1.9932699405891003
VNM,2005,0.7352435325813531,0.7347804693703662,7.281167711972296,0.9981383853854364,1.0080106058264158,-0.09538780851486,-0.09666401784922374,0.1851403553487554,-0.5511477681488373,-0.5508808747708807,-1.9852912493420851
VNM,2006,0.7143948402729577,0.7138852423269118,6.927360667340258,1.0121609630515895,1.0510738593848734,-0.08330019589859203,-0.08454600787764587,0.23495272011678367,-0.5390601555325693,-0.5387628647993029,-1.935478884574057
VNM,2007,0.6907949778115364,0.6893877057449279,6.504268541969361,1.0139578498701052,1.0650483790207705,-0.06943885976901988,-0.07014930207232578,0.2979729445570111,-0.5251988194029971,-0.5243661589939829,-1.8724586601338296
VNM,2008,0.6905484177210542,0.6896351060310297,6.242796900118522,1.000145846216469,1.0418837335306992,-0.06929302418707638,-0.07029573510952335,0.33900330155776803,-0.5250529838210535,-0.5245125920311803,-1.8314283031330727
VNM,2009,0.6816937089480407,0.6815129485674815,6.012646541890926,1.0052653516665366,1.0382777129212748,-0.06404148601723028,-0.06547709585198422,0.3765665966843031,-0.5198014456512076,-0.5196939527736412,-1.7938650080065377
VNM,2010,0.6740202817833347,0.6615856880978228,5.749898674259157,1.0045838316585576,1.0456960865776685,-0.059468128120565025,-0.0535555232951968,0.42124937190482126,-0.5152280877545423,-0.5077723802168538,-1.7491822327860194
VNM,2011,0.6864992749771779,0.6510248776308581,5.6815800954642715,0.9926006530930693,1.0120245737359974,-0.06689498598759001,-0.04717937612259042,0.43320222482310716,-0.5226549456215673,-0.5013962330442473,-1.7372293798677334
VNM,2012,0.6774078396477199,0.6209481355104157,5.631504105331837,1.0054199313455976,1.008892116421441,-0.061489689613343064,-0.02879438995321842,0.44205503919111466,-0.5172496492473203,-0.48301124687487546,-1.728376565499726
VNM,2013,0.683808926748905,0.6079395025752381,5.554837134320914,0.9961984480545873,1.0138018395781996,-0.06529848582281136,-0.020736690350770103,0.45576250078316116,-0.5210584454567885,-0.474953547272427,-1.7146691039076793
VNM,2014,0.7036307621075949,0.6133979004634889,5.421586211473588,0.9883649463254776,1.0245778481886592,-0.07700175638872052,-0.02412559528640044,0.4800431731120943,-0.5327617160226978,-0.4783424522080574,-1.6903884315787463
VNM,2015,0.718513731132649,0.6436049874885241,5.240243438817492,0.9913396275191556,1.034605791653263,-0.08569984782669396,-0.04267513559131897,0.5140636496474217,-0.541459807460671,-0.49689199251297606,-1.656367955043419
VNM,2016,0.716851802071706,0.6558583488761621,5.1127991606216945,1.0009680096202467,1.0249265175869535,-0.08473230642562372,-0.05010265726455782,0.5386845695088612,-0.5404922660596009,-0.5043195141862149,-1.6317470351819794
VNM,2017,0.7134971864677733,0.6477536509678473,4.974602446019895,1.0019577596219158,1.027780454036557,-0.08277646071749485,-0.04519607975581573,0.5660861476210463,-0.5385364203514721,-0.4994129366774727,-1.6043454570697944
VNM,2018,0.7201490415374562,0.679335026447609,4.8262948617232615,0.9961329774868009,1.030729076557846,-0.08665097949397257,-0.06418104054634191,0.5963525407793779,-0.5424109391279497,-0.5183978974679988,-1.5740790639114626
VNM,2019,0.7525843150097595,0.7066188335818788,4.677335221925086,0.9814928884193953,1.031847116516243,-0.10533149041050442,-0.08029726587076255,0.6277030539538869,-0.5610914500444816,-0.5345141227924196,-1.5427285507369537
VNM,2020,0.7757902273091554,,4.658885974231971,0.9869320644170009,1.0039600127144463,-0.11848556270599105,,0.6316552464566108,-0.5742455223399684,,-1.53877635823423
VNM,2021,0.77537281828745,,4.723010222314656,1.0002351106299507,0.9864230130649052,-0.1182504797102132,,0.6179852494102306,-0.5740104393441903,,-1.55244635528061
VNM,2022,0.7524792848736984,,4.621307546029633,1.0130635115697826,1.022007337809058,-0.10527155989392487,,0.6397539210182756,-0.5610315195279021,,-1.530677683672565
VNM,2023,0.769527565078098,,4.578077248223357,0.9903656317421383,1.009442893918632,-0.11495263893905489,,0.6491525095100443,-0.570712598573032,,-1.5212790951807964
YEM,1995,0.8730808577669373,0.8726157987866034,4.883192942612003,,,0.0,0.0,0.0,-0.6275845927207154,-0.6273362763057116,-1.585799297428534
YEM,1996,0.8241640608644208,0.8238566945311394,4.355498169167203,1.026816007371254,1.121156008554975,0.026462759464089894,0.0263829543348587,0.11436030350143893,-0.6011218332566258,-0.600953321970853,-1.471438993927095
YEM,1997,0.8378316045728459,0.8376072444387046,4.449044726148733,0.992563223053506,0.9789737881411439,0.01899819182406571,0.018871961583604355,0.09310989257610229,-0.6085864008966497,-0.6084643147221075,-1.4926894048524317
YEM,1998,0.8489610429506413,0.8486952914524137,4.551598150732463,0.9939807069379707,0.9774686997429184,0.012960709790991346,0.012856133883299035,0.07032088421745464,-0.6146238829297243,-0.6144801424224128,-1.5154784132110795
YEM,1999,0.8621871057962183,0.8618699363702474,4.608296790178679,0.9928975650167431,0.9876964002042895,0.0058329324501323184,0.005754951464014858,0.057940968518164555,-0.6217516602705832,-0.6215813248416967,-1.5278583289103695
YEM,2000,0.8523829768942724,0.851900054960659,4.461674526728528,1.005292711617542,1.0328626085501715,0.011111686895406347,0.011124107541904835,0.0902751474384995,-0.6164729058253089,-0.6162121687638067,-1.4955241499900345
YEM,2001,0.8507287487158766,0.8502958623020151,4.392938939387861,1.0008938252996524,1.0156468342239797,0.012005112971098861,0.011990724433551855,0.10580083205622084,-0.6155794797496166,-0.6153455518721598,-1.479998465372313
YEM,2002,0.841761720610813,0.8414372893808004,4.384234529405041,1.0048687232472666,1.0019853887661438,0.016862022315567337,0.016789874079351435,0.10778425254285774,-0.6107225704051481,-0.6105464022263604,-1.4780150448856764
YEM,2003,0.8504549202681654,0.8499114423858503,4.379465875281629,0.9953021283781975,1.001088866601365,0.012153081011974728,0.01219850734185606,0.108872526758965,-0.6154315117087407,-0.6151377689638557,-1.4769267706695692
YEM,2004,0.8604676201931405,0.8601593127442694,4.432724257909926,0.9946181810334677,0.9879851803248848,0.006756727887489044,0.00667414023547785,0.09678494574103029,-0.6208278648332265,-0.6206621360702337,-1.4890143516875038
YEM,2005,0.8707380083643625,0.8705691774235965,4.494155454325732,0.9945099804861495,0.9863308697173175,0.0012515828314244735,0.0010935187974719343,0.08302153273591453,-0.6263330098892911,-0.6262427575082399,-1.5027777646926195
YEM,2006,0.8818761388219476,0.8801632851973805,4.580740220698284,0.9940813689977717,0.9810980841084777,-0.0046846326857744695,-0.004022350592964656,0.06393869212178428,-0.6322692254064899,-0.6313586268986764,-1.5218606053067498
YEM,2007,0.8848349141552044,0.8847854393235534,4.7429380119026865,0.9984302204341419,0.9658022536247878,-0.006255645646516389,-0.0064777128231277405,0.02914252000439254,-0.6338402383672318,-0.6338139891288392,-1.5566567774241415
YEM,2008,0.8870604679176088,0.8869304155297938,4.886558329914855,0.9988206240339187,0.9706091059769112,-0.007435717623725426,-0.00761511368789463,-0.0006889402487508315,-0.6350203103444408,-0.6349513899936065,-1.5864882376772849
YEM,2009,0.8950950757920625,0.894949786366467,5.152908438495513,0.9957603140987027,0.9483107235923596,-0.011684416477038103,-0.011856063917952804,-0.053762003177410256,-0.6392690091977536,-0.6391923402236646,-1.6395613006059444
YEM,2010,0.8867500289646056,0.8866003203872519,5.296378505212045,1.004422974267575,0.9729116666085427,-0.007271194813711463,-0.007440160750455024,-0.08122398866969308,-0.6348557875344271,-0.6347764370561667,-1.6670232860982273
YEM,2011,0.8901772628245868,0.89007066256069,6.457340286664426,0.9981868188093322,0.8202105309751172,-0.009086021807120901,-0.009277939665189286,-0.2794182152553057,-0.6366706145278364,-0.6366142159709008,-1.8652175126838397
YEM,2012,0.8804805958021507,0.880410262921147,6.892327213572959,1.005156483424547,0.9368882362329055,-0.003942787516784804,-0.00415370168660035,-0.34460949741323676,-0.6315273802375002,-0.6314899779923121,-1.9304087948417707
YEM,2013,0.9044401410942429,0.9016919386291558,6.887884917533861,0.987419113483753,1.0006449434176505,-0.01660348347468415,-0.01540770762745659,-0.34396476188221353,-0.6441880761953996,-0.6427439839331683,-1.9297640593107477
YEM,2014,0.9125650475102038,0.9054629578959674,8.081424137981902,0.9957518274076282,0.8523107808636694,-0.020860705189492457,-0.017388725265332347,-0.5037688142741654,-0.6484452979102079,-0.6447250015710438,-2.0895681117026994
YEM,2015,0.8957773872180894,0.8854830199929937,11.859267416877081,1.0088552909246107,0.6814437902362434,-0.012044392414003884,-0.006847755797482261,-0.8873103249986002,-0.6396289851347193,-0.6341840321031939,-2.4731096224271343
YEM,2016,0.8766590013996994,0.8763917653755178,14.192539432546068,1.0101874585655306,0.8355986941760141,-0.0019084762427269114,-0.0020143826338646165,-1.066917137037683,-0.6294930689634423,-0.6293506589395763,-2.652716434466217
YEM,2017,0.8856073597817901,0.8826433760782009,16.212566214975155,0.995254389342686,0.8754036371760051,-0.0066653830625917326,-0.005340564077318844,-1.19998733639845,-0.6342499757833073,-0.6326768403830304,-2.785786633826984
YEM,2018,0.9042029015518217,0.8895467953538235,16.995694925694803,0.9902344746167134,0.9539219364584096,-0.01647890391179459,-0.009000733193341482,-1.247160774892092,-0.6440634966325098,-0.6363370094990533,-2.832960072320626
YEM,2019,0.9047801525810384,0.8904980338717788,17.41427079146418,0.9996969461129495,0.97596362944037,-0.016782003728954123,-0.009504028038249355,-1.2714907330731446,-0.6443665964496695,-0.636840304343961,-2.857290030501679
YEM,2020,0.8956961961340969,,17.652761597330354,1.0047918840927499,0.9864898868909983,-0.012001564166769783,,-1.2850929381494687,-0.6395861568874851,,-2.8708922355780024
YEM,2021,0.8965681957674492,,18.411200305530524,0.9995402223683291,0.9588055805371722,-0.012461447528585452,,-1.3271598942533414,-0.6400460402493008,,-2.9129591916818756
YEM,2022,0.8895631469888419,,19.1369304218252,1.0037072319016014,0.9620769841193028,-0.008761070474720288,,-1.3658207006995668,-0.6363456631954356,,-2.951619998128101
YEM,2023,0.8889906236228288,,20.456810944219765,1.000303084281549,0.9354796538916292,-0.008458032113933776,,-1.4325165831173479,-0.6360426248346494,,-3.018315880545882
ZAF,1995,0.8941502857507211,0.8931608584225245,3.6393022523437915,,,0.0,0.0,0.0,-0.6387703399532076,-0.6382478440118702,-1.29179197435744
ZAF,1996,0.8856274723062474,0.88415267506646,3.5703328574694053,1.004519881879982,1.0193173571282288,0.004509697889303548,0.004769633420026728,0.019133145525839126,-0.634260642063904,-0.6334782105918435,-1.2726588288316008
ZAF,1997,0.8876665304945434,0.8862576184348191,3.557075107433947,0.9989197995751073,1.0037271493108906,0.003428913627453473,0.0036530739884581224,0.02285336622637716,-0.6353414263257542,-0.6345947700234121,-1.2689386081310627
ZAF,1998,0.8897702184425302,0.8880135508211644,3.6185922036338303,0.99888680225381,0.9829997157076427,0.0023150958164398993,0.0027225989725999642,0.005706918182456056,-0.6364552441367676,-0.6355252450392704,-1.2860850561749841
ZAF,1999,0.8848346412159193,0.8835581967252244,3.597118065618536,1.0026185730666681,1.0059698173992522,0.0049302463940451655,0.005085198157554415,0.01165898682468047,-0.6338400935591624,-0.6331626458543157,-1.2801329875327594
ZAF,2000,0.874927727111102,0.8736879775174052,3.5120204674122997,1.0052838911930124,1.0242303821961884,0.010200226814477393,0.01033917484957466,0.03560047075066899,-0.6285701131387301,-0.6279086691622958,-1.256191503606771
ZAF,2001,0.8660323157335269,0.863436012327868,3.4219451055864507,1.0047670189324016,1.0263228541214169,0.014955919492843561,0.01582574202518573,0.06158284063315744,-0.6238144204603638,-0.6224221019866845,-1.2302091337242824
ZAF,2002,0.8511074052712435,0.8478077963821212,3.3313559768747143,1.008062692861464,1.027192869612428,0.022986282507044504,0.024247882488137848,0.08841255298593818,-0.6157840574461632,-0.6139999615237326,-1.203379421371502
ZAF,2003,0.8581278548386214,0.8558469765189454,3.236700056049826,0.9962217618399637,1.0292445760143774,0.019200888775890358,0.01990666104314212,0.11723766479720646,-0.6195694511773173,-0.6183411829687281,-1.1745543095602335
ZAF,2004,0.8603051040697748,0.85845566842808,3.177560240875393,0.998829627878572,1.018611705425336,0.018029831234160947,0.018501986956274374,0.13567829187963126,-0.6207405087190466,-0.6197458570555958,-1.1561136824778087
ZAF,2005,0.8389602985778574,0.8364980114078646,3.0831876311860964,1.011606996360076,1.030608779282431,0.029569983156851703,0.030387340551171746,0.16582796736821181,-0.609200356796356,-0.6078605034606984,-1.125964006989228
ZAF,2006,0.8401518804319715,0.8385399732155475,3.180644125399769,0.9993524546170425,0.9693595100956405,0.028922228025830176,0.029276080190673914,0.13470824291972058,-0.6098481119273774,-0.6089717638211962,-1.1570837314377194
ZAF,2007,0.8357616722334035,0.8341023000449734,3.1339855711484774,1.0023914913711143,1.014887928866307,0.03131086433245741,0.0316926919922404,0.149486434407254,-0.6074594756207504,-0.60655515201963,-1.142305539950186
ZAF,2008,0.8440349056096976,0.8420818340670321,3.1908362936584664,0.9955135158498752,0.9821831277828401,0.026814285708538235,0.027351480419105033,0.1315089308974197,-0.6119560542446693,-0.6108963635927651,-1.1602830434600202
ZAF,2009,0.8532692185355004,0.8516994397068656,3.305090819166464,0.9950172846807979,0.9654307455500385,0.021819115272600876,0.02214401053338726,0.09632802210714529,-0.6169512246806067,-0.616103833478483,-1.1954639522502948
ZAF,2010,0.8458055923657418,0.8436745753040449,3.2612868905755517,1.0040435602755937,1.0134314858093276,0.025854522329640413,0.02648721205231563,0.10967010516248961,-0.6129158176235673,-0.6117606319595547,-1.1821218691949502
ZAF,2011,0.8437583287887319,0.8422081990809641,3.285889656492422,1.0011103752292496,0.992512601307759,0.026964281548275053,0.027282883749003416,0.10215453519284488,-0.6118060584049326,-0.6109649602628668,-1.1896374391645952
ZAF,2012,0.8409117148569453,0.8387207078790688,3.2996844430042556,1.001546306598417,0.9958193618965351,0.028509393845655713,0.029177781658510704,0.09796513378925159,-0.6102609461075518,-0.6090700623533596,-1.1938268405681884
ZAF,2013,0.8399235079179603,0.8376226502580583,3.3183503803696937,1.0005370913164229,0.9943749347640141,0.029046340980161133,0.029775145694833992,0.09232418829414951,-0.6097239989730465,-0.6084726983170363,-1.1994677860632905
ZAF,2014,0.8453429558400667,0.842871261832865,3.34298367695809,0.9970631757609312,0.992631344042095,0.026105195810837898,0.026923020269211746,0.08492824968398958,-0.6126651441423699,-0.6113248237426585,-1.2068637246734504
ZAF,2015,0.8423133989571833,0.8399967284517117,3.4220781037459655,1.00164443079261,0.976887018825989,0.027748276007570263,0.02848405040793068,0.06154397514265185,-0.6110220639456374,-0.6097637936039395,-1.2302479992147881
ZAF,2016,0.8489529869073649,0.8468147430897519,3.456202616703267,0.996409001203818,0.9901265878359148,0.02415081409788353,0.024785449346821607,0.051621497615850186,-0.6146195258553242,-0.6134623946650486,-1.2401704767415898
ZAF,2017,0.8456139009909598,0.8430864100746368,3.4764821145076588,1.0018092006755106,0.9941666612580103,0.02595838014114033,0.026806280870028596,0.04577107849728266,-0.6128119598120673,-0.6114415631418414,-1.2460208958601573
ZAF,2018,0.8447392058647396,0.8419483130959279,3.5395432594321843,1.000474156522201,0.9821838185600696,0.02643242428665892,0.027423966780958344,0.027794278295178925,-0.6123379156665489,-0.6108238772309119,-1.263997696062261
ZAF,2019,0.8569778562986172,0.8548056208970282,3.610150148406784,0.9934093719037272,0.9804421184515666,0.01981998210251481,0.020467940021390248,0.008042610521138622,-0.6189503578506929,-0.6177799039904799,-1.2837493638363013
ZAF,2020,0.8738408933086628,,3.645889674708994,0.9910008170542857,0.9901973099871534,0.010780061924582592,,-0.001808442173243982,-0.6279902780286252,,-1.2936004165306838
ZAF,2021,0.853877695319083,,3.5427181744135336,1.0107683468224389,1.0291221303011324,0.021490842990338464,,0.02689769597505783,-0.6172794969628693,,-1.2648942783823822
ZAF,2022,0.8456149439283893,,3.604196395874312,1.0044769638530917,0.9829425994845477,0.02595781505158705,,0.009693142235288225,-0.6128125249016205,,-1.2820988321221518
ZAF,2023,0.8495126749100457,,3.732915610093936,0.9978925632494808,0.9655177808275217,0.023848154531387233,,-0.025397618861918998,-0.6149221854218203,,-1.317189593219359
ZMB,1995,0.7684755738449012,0.6064441546124514,11.701353700963029,,,0.0,0.0,0.0,-0.5701179177754792,-0.47402313682355895,-2.459704536047884
ZMB,1996,0.7210839252832496,0.4273050436425533,11.304095867481362,1.0275359312032688,1.0351428224016097,0.027163636317726694,0.1182350554814413,0.03453940985578138,-0.5429542814577524,-0.3557880813421179,-2.425165126192103
ZMB,1997,0.7677822262395532,0.6264630916171521,10.944034958399756,0.9735836800126448,1.0329001972718712,0.0003921363505887101,-0.012384637945635085,0.06690998087456815,-0.5697257814248906,-0.48640777476919406,-2.392794555173316
ZMB,1998,0.7617729108504537,0.619186048155171,10.994141012982984,1.0034109477743067,0.9954424766315023,0.0037972800370847056,-0.007900446745369345,0.062342040333387846,-0.5663206377383945,-0.48192358356892845,-2.3973624957144963
ZMB,1999,0.6930470473242247,0.47500477225332477,10.620125899675882,1.0405930027962582,1.0352175781003232,0.043588025687369164,0.08536191161102705,0.09695366534429672,-0.52652989208811,-0.38866122521253205,-2.3627508707035876
ZMB,2000,0.6838775628978822,0.48046178096955117,10.431838982795748,1.005445457928997,1.0180492545169322,0.04901871071620935,0.08166908354521747,0.1148419659140962,-0.5210992070592699,-0.39235405327834144,-2.344862570133788
ZMB,2001,0.6848870716759333,-3.16159006192081e-13,10.133784979878902,0.9994008448429442,1.029411913071833,0.048419375993973925,0.47402313682387526,0.14382964691426167,-0.5216985417815053,3.16159006192131e-13,-2.3158748891336227
ZMB,2002,0.6835369026683935,-0.0,9.915094193191516,1.000801983612833,1.0220563498869788,0.049221038189785356,0.474023136823559,0.16564627405150592,-0.5208968795856939,0.0,-2.2940582619963785
ZMB,2003,0.6805632141088176,0.4611833013794903,9.522415462471672,1.001769459508938,1.0412373028951962,0.050988934049517265,0.0947765489682851,0.2060559943778218,-0.5191289837259621,-0.37924658785527393,-2.2536485416700627
ZMB,2004,0.6659123149703846,0.42120088498251523,9.138753589072607,1.0087945199796986,1.041981859961496,0.059745007486541865,0.12252092895812054,0.24718052869133428,-0.5103729102889375,-0.3515022078654384,-2.21252400735655
ZMB,2005,0.6642716512493315,0.5528664109823438,8.787294400467603,1.0009858148577016,1.0399962915304513,0.06073033674788913,0.03392061632967339,0.2863976760021533,-0.5093875810275902,-0.44010252049388576,-2.1733068600457313
ZMB,2006,0.6409023496678767,0.43030868412489115,8.42091029774368,1.0142417381425437,1.0435088475912269,0.07487161403904165,0.11613285282241423,0.32898660226627874,-0.4952463037364376,-0.357890284001145,-2.1307179337816056
ZMB,2007,0.6183606101375957,0.4691755221629968,8.05237663721201,1.0139287494944433,1.0457670669338275,0.08870424996844198,0.08932176265579649,0.3737372537542481,-0.48141366780703726,-0.3847013741677627,-2.085967282293636
ZMB,2008,0.6103973302840124,0.4392080898401802,7.757072375710635,1.004944916204114,1.0380690352233979,0.09363698023022161,0.10993011211778607,0.41109954420873973,-0.4764809375452576,-0.364093024705773,-2.0486049918391447
ZMB,2009,0.6042021517077503,0.3363577008179824,7.316785176261106,1.0038618440759894,1.060174952365421,0.09749138652925075,0.18407535741187792,0.46953348811490203,-0.47262653124622833,-0.2899477794116812,-1.9901710479329824
ZMB,2010,0.5733701398652579,0.003962634921229883,6.878451907798987,1.0195961592642995,1.0637255699883752,0.11689801313760445,0.4700683324604766,0.5313109228232555,-0.4532199046378748,-0.003954804363082522,-1.9283936132246287
ZMB,2011,0.5765231363349339,-0.0,6.877298418956221,0.9980000315903983,1.0001677241225402,0.11489604212063662,0.474023136823559,0.5314786328816777,-0.4552218756548427,0.0,-1.9282259031662068
ZMB,2012,0.6009849955739821,0.2361971208720725,6.706414818403003,0.9847207442251648,1.0254806189566887,0.09949885571363631,0.26198330759789906,0.5566400321175287,-0.47061906206184284,-0.21203982922565984,-1.9030645039303558
ZMB,2013,0.6029957106348106,0.2868708144103123,6.9174692641904505,0.9987456516274569,0.9694896445901089,0.0982437199876942,0.22180959055127267,0.5256545465749877,-0.47187419778778505,-0.2522135462722863,-1.9340499894728966
ZMB,2014,0.6211341753981535,0.3570114962920808,7.108851734170249,0.9888112501490581,0.9730782864608252,0.08699190522219027,0.1687382841628804,0.498363805391985,-0.483126012553289,-0.3052848526606788,-1.9613407306558994
ZMB,2015,0.637200702057019,0.26019506887060706,7.412783280470558,0.9901865869965245,0.9589989974344675,0.07713002332378782,0.2427566112790461,0.45649855586465576,-0.4929878944516914,-0.231266525544513,-2.0032059801832287
ZMB,2016,0.6715992668486972,0.3716322062227876,7.686554197172296,0.9794217636524054,0.9643831410435573,0.05633710477649984,0.15802171472357993,0.4202319417463549,-0.5137808129989794,-0.3160014220999791,-2.0394725943015293
ZMB,2017,0.7075674123637864,0.4691069656002052,7.762084688532862,0.9789360318927037,0.990269303364836,0.03504812593750494,0.08936842703411231,0.41045359250198643,-0.5350697918379742,-0.38465470978944677,-2.049250943545898
ZMB,2018,0.7204360970134238,0.501474305179852,7.694085764740144,0.9925201030878297,1.0088378172367582,0.027540114311915737,0.06757564129606754,0.419252584816021,-0.5425778034635635,-0.40644749552749154,-2.040451951231863
ZMB,2019,0.7366801293524105,0.5351780809789471,7.9972775587168465,0.9906465030235339,0.9620881241459192,0.018142598682020217,0.045376748846397016,0.3806033574453838,-0.5519753190934591,-0.428646387977162,-2.0791011786025004
ZMB,2020,0.7671340051683765,,8.637532362638854,0.9827665158800086,0.9258752642489197,0.0007588896403459795,,0.3035876002011899,-0.5693590281351334,,-2.1561169358466943
ZMB,2021,0.7487146271359758,,8.43593504712971,1.0105330954213882,1.0238974475719482,0.011236898495884808,,0.32720397294775516,-0.5588810192795944,,-2.132500563100129
ZMB,2022,0.7196633284726622,,8.078512936633054,1.0168935966606418,1.0442435524087461,0.027989385369627,,0.37049672294868785,-0.5421285324058523,,-2.0892078130991965
ZMB,2023,0.7082876713482735,,7.926518740899933,1.0066590992343873,1.0191754035663663,0.03462641074320654,,0.3894905954147162,-0.5354915070322727,,-2.070213940633168
ZWE,1995,0.9222370408610908,0.9213555543292404,9.809620851845457,,,0.0,0.0,0.0,-0.6534896332562853,-0.653030954806125,-2.2833636236810833
ZWE,1996,0.9046790966877956,0.9033016999793259,9.14537275338929,1.0092183214504893,1.0726321514024668,0.009176092049711681,0.009440839920264859,0.0701155823201877,-0.6443135412065739,-0.64359011488586,-2.2132480413608957
ZWE,1997,0.8966028314604269,0.8951076217872134,9.240556026212708,1.0042582796426334,0.9896993998463501,0.01342533087604993,0.013755325384519478,0.059761563840946816,-0.6400643023802356,-0.6392756294216054,-2.2236020598401365
ZWE,1998,0.8994896343323275,0.8986476869965776,9.55650216620636,0.998480221834474,0.9669391442079195,0.011904396676262252,0.01188906572952836,0.026141845764982605,-0.6415852365800231,-0.6411418890765966,-2.2572217779161003
ZWE,1999,0.9170223245901736,0.9166015987668341,10.211239517152865,0.9908542065301227,0.9358807175322179,0.0027165236736422416,0.002477337710715899,-0.040125403394497564,-0.6507731095826431,-0.6505536170954092,-2.323489027075581
ZWE,2000,0.9227403445736363,0.9225318227286395,11.35781821096481,0.9970261091157732,0.8990493884903845,-0.0002617980107381547,-0.0006120202392691872,-0.146542712272308,-0.6537514312670235,-0.6536429750453941,-2.4299063359533912
ZWE,2001,0.9172857429100414,0.9171180807197631,11.654022098110422,1.002844960217206,0.9745835485249646,0.002579122966320595,0.002207896020016539,-0.17228774122046428,-0.650910510289965,-0.6508230587861082,-2.4556513649015477
ZWE,2002,0.9227307284770925,0.9225580143069315,12.681478061998748,0.9971680977027064,0.9189797940851078,-0.0002567967527069088,-0.0006256436287879446,-0.2567788849383481,-0.6537464300089924,-0.653656598434913,-2.5401425086194314
ZWE,2003,0.9271806407840086,0.9269650908748128,14.070476893810078,0.9976909729099883,0.9012827466834205,-0.002568493756497092,-0.00291531867312344,-0.36071514124253157,-0.6560581270127824,-0.6559462734792485,-2.644078764923615
ZWE,2004,0.9227892189272661,0.9223379558534966,14.867428743540701,1.002283881048175,0.9463961211129484,-0.0002872168004392741,-0.0005111757964289473,-0.41580920613931727,-0.6537768500567248,-0.653542130602554,-2.6991728298204003
ZWE,2005,0.9343994990109837,0.9340821507312361,15.748391766129831,0.9939979926123564,0.9440601278103951,-0.006307308632713064,-0.006601918433107105,-0.47337462628997423,-0.6597969418889985,-0.6596328732392323,-2.7567382499710575
ZWE,2006,0.9350794820474273,0.9348133163385206,16.72343525596604,0.9996486020120868,0.9416959808249705,-0.006658768375366639,-0.006979889676947894,-0.5334474207645958,-0.6601484016316521,-0.660010844483073,-2.816811044445679
ZWE,2007,0.9348893464641628,0.9344917433115684,17.749744956482623,1.0000982669027623,0.9421789043711442,-0.006560506300480229,-0.006813672217876921,-0.5930075234882453,-0.6600501395567657,-0.659844627024002,-2.8763711471693285
ZWE,2008,0.9241230121147266,0.9235382391820075,19.023047582269143,1.005595450125407,0.9330652662103768,-0.0009806525540000906,-0.0011353682075268276,-0.6622876510038558,-0.6544702858102854,-0.6541663230136519,-2.945651274684939
ZWE,2009,0.8423046683510483,0.8421888412572156,12.269540496542346,1.0444108649178585,1.550428688639969,0.04247230825833577,0.04207650254418026,-0.2237561849959406,-0.6110173249979497,-0.6109544522619448,-2.507119808677024
ZWE,2010,0.8083852417393393,0.806574799803085,10.636607880976362,1.0187567481910462,1.1535200539343464,0.061055317800543574,0.06159827813300544,-0.08093800122337047,-0.5924343154557419,-0.5914326766731196,-2.3643016249044537
ZWE,2011,0.7962797619313325,0.7947358959275289,9.75804526708765,1.0067391951212497,1.0900346934085212,0.06777190605756167,0.06817307687903855,0.005271523326312978,-0.5857177271987238,-0.5848578779270867,-2.2780921003547703
ZWE,2012,0.7648297095456649,0.7636105781883609,8.769786987715483,1.0178204459135969,1.112688971893673,0.08543542936951373,0.08566778225694224,0.11205110633592659,-0.5680542038867716,-0.5673631725491828,-2.171312517345157
ZWE,2013,0.7693659072309451,0.7681848598714661,8.86508045831642,0.9974362580025184,0.989250693093085,0.08286839535773005,0.08307743730572932,0.10124360824387944,-0.5706212378985555,-0.5699535175003958,-2.182120015437204
ZWE,2014,0.7706205534982007,0.7695304630490646,8.892761189395365,0.9992914087296815,0.9968872737623996,0.08215955291795929,0.08231671852557697,0.09812602739730061,-0.5713300803383262,-0.5707142362805482,-2.1852375962837827
ZWE,2015,0.7704631753726657,0.769585737427624,8.892122944805779,1.0000888909341488,1.0000717764018274,0.08224843990154304,0.08228548226463872,0.09819780122332535,-0.5712411933547424,-0.5707454725414862,-2.185165822457758
ZWE,2016,0.748927644848418,0.7480955324426696,8.981518058285754,1.012313562878191,0.9900467701673766,0.09448680751614356,0.09450402663901426,0.08819470684723751,-0.5590028257401418,-0.5585269281671107,-2.1951689168338455
ZWE,2017,0.7206920579129802,0.7198999402345789,8.734096605252306,1.0164094364273901,1.028328224911625,0.1107630641039684,0.11076483995517411,0.11612910785311086,-0.5427265691523171,-0.5422661148509509,-2.1672345158279724
ZWE,2018,0.7340195585886069,0.7330660394121581,8.509398346031366,0.9923141001440178,1.0264058926475965,0.10304747549868372,0.1031388378095813,0.14219238323892577,-0.5504421577576019,-0.5498921169965437,-2.1411712404421572
ZWE,2019,0.74818896666606,0.7364919198973237,9.242716540392012,0.9918948075135862,0.9206598848773585,0.09490925736577781,0.10116401471180687,0.05952778335847452,-0.5585803758905077,-0.5518669400943181,-2.2238358403226086
ZWE,2020,0.750994817450378,,10.042850547119913,0.9983975676247839,0.9203279982138772,0.09330553972258296,,-0.023497369320965696,-0.5601840935337025,,-2.306860993002049
ZWE,2021,0.754082125503041,,9.491214756754017,0.9982399295860918,1.0581206731175636,0.0915439185648644,,0.0329970153781228,-0.5619457146914209,,-2.2503666083029605
ZWE,2022,0.7386620302260676,,9.11802189988188,1.008868943480044,1.040929146800686,0.10037376396805375,,0.07311074006316322,-0.5531158692882315,,-2.21025288361792
ZWE,2023,0.7385637265130106,,8.99268077549252,1.0000565430599742,1.0139381267409102,0.10043030542952927,,0.08695262437723485,-0.553059327826756,,-2.1964109993038483
