c,y,lsci,lsci_nq,lsci_q1,ln_lsci
ABW,2006,26.1744675,4,27.60082,3.2647844127101204
ABW,2007,26.001314999999998,4,25.2688,3.2581471136655895
ABW,2008,26.30357,4,27.35887,3.2697046714165494
ABW,2009,26.900135,4,24.70507,3.292131305182561
ABW,2010,33.03187,4,29.43951,3.497472852998423
ABW,2011,35.9471875,4,38.92518,3.582050847448785
ABW,2012,32.419725,4,32.06992,3.478767033853294
ABW,2013,31.1387725,4,32.00324,3.438453746874899
ABW,2014,29.33688,4,28.60243,3.3788454275920907
ABW,2015,28.8190125,4,29.62557,3.3610353255846155
ABW,2016,29.658705,4,32.40543,3.3897556742596295
ABW,2017,25.5543025,4,23.63008,3.2408056977761426
ABW,2018,32.281459999999996,4,30.65754,3.4744930716230504
ABW,2019,29.9716825,4,32.92047,3.400253019225617
ABW,2020,29.5697475,4,28.97655,3.38675179476807
ABW,2021,27.8901325,4,31.49965,3.3282729524348533
ABW,2022,21.10582,4,21.76374,3.0495488318319763
ABW,2023,18.488777499999998,4,19.48899,2.9171639263933176
ABW,2024,20.9252325,4,18.85017,3.0409557274249224
ABW,2025,18.1870825,4,18.39189,2.900711589341773
ABW,2026,16.194483333333334,3,17.98273,2.784670649263712
AGO,2006,63.456565,4,61.54487,4.150355656105109
AGO,2007,63.233755,4,60.48295,4.146838256674452
AGO,2008,66.760805,4,67.69746,4.20111615683957
AGO,2009,76.22759500000001,4,73.41289,4.333723536243673
AGO,2010,74.2574675,4,74.60209,4.307538345016318
AGO,2011,71.4902175,4,73.43936,4.269560622157683
AGO,2012,74.0992325,4,67.35986,4.305405174623569
AGO,2013,80.1171575,4,80.10737,4.383490032135307
AGO,2014,81.0605425,4,84.85556,4.395196313751169
AGO,2015,74.594085,4,75.6711,4.312061214521897
AGO,2016,78.8126225,4,82.42201,4.367073168045897
AGO,2017,71.3715175,4,76.40623,4.26789887519213
AGO,2018,67.36699,4,69.46544,4.210155135334104
AGO,2019,68.6656375,4,61.76324,4.229248892145074
AGO,2020,64.4742475,4,69.35342,4.166265880508916
AGO,2021,56.09683,4,56.75894,4.027079304693253
AGO,2022,55.4765175,4,54.81614,4.015959823108789
AGO,2023,56.4183425,4,56.40693,4.032794327262128
AGO,2024,59.59446,4,56.47999,4.08756261673077
AGO,2025,66.064875,4,66.37493,4.1906372137884045
AGO,2026,66.39405333333333,3,66.03608,4.195607494238878
AIA,2006,7.31441,2,7.73145,1.989846375033283
AIA,2007,9.65879,2,,2.2678683815797163
AIA,2010,7.98241,1,,2.0772403708799145
AIA,2011,10.3151,1,,2.3336088410957085
AIA,2012,10.3151,4,10.3151,2.3336088410957085
AIA,2013,10.3151,4,10.3151,2.3336088410957085
AIA,2014,10.3151,4,10.3151,2.3336088410957085
AIA,2015,10.3151,4,10.3151,2.3336088410957085
AIA,2016,17.70107,4,15.92311,2.8736250897300377
AIA,2017,18.30751,4,18.30922,2.9073113581771635
AIA,2018,18.30238,4,18.30238,2.907031106035812
AIA,2019,13.99378,4,13.99378,2.6386129451768325
AIA,2020,13.99378,4,13.99378,2.6386129451768325
AIA,2021,13.99378,3,13.99378,2.6386129451768325
ALB,2006,5.0079,1,,1.611016665547315
ALB,2007,5.296035,4,5.47757,1.6669584273741986
ALB,2008,9.1960725,4,6.23126,2.2187764907324063
ALB,2009,12.085015,4,12.77702,2.4919662553627853
ALB,2010,11.4003675,4,14.98162,2.4336455917229594
ALB,2011,12.462715,4,10.20791,2.522741386894413
ALB,2012,14.62085,4,12.31015,2.682448592166479
ALB,2013,15.878665,4,15.57367,2.764976384275001
ALB,2014,15.6359075,4,17.41397,2.749570032077958
ALB,2015,16.5735525,4,16.08111,2.80780820194167
ALB,2016,16.514155000000002,4,17.08793,2.804217891926725
ALB,2017,16.1570075,4,18.77215,2.7823538564896713
ALB,2018,13.0763475,4,14.29074,2.5708050639141673
ALB,2019,17.156395,4,15.11034,2.842370990404507
ALB,2020,16.3519225,4,18.37006,2.7943454745286536
ALB,2021,14.803777499999999,4,14.58418,2.694882384689265
ALB,2022,12.7868275,4,13.67076,2.5484155394744876
ALB,2023,12.29356,4,11.97258,2.5090755480281763
ALB,2024,12.774465,4,12.78436,2.5474482565435563
ALB,2025,14.170175,4,14.21555,2.651139403661614
ALB,2026,13.06959,3,12.20873,2.5702881575955114
ARE,2006,251.57755250000002,4,247.9318,5.527751301847624
ARE,2007,266.8387525,4,260.92582,5.586644552744192
ARE,2008,296.07232,4,282.71523,5.6906037488060575
ARE,2009,311.07061,4,323.10854,5.740019928209788
ARE,2010,296.94515,4,300.26667,5.693547441612544
ARE,2011,295.9909275,4,299.14952,5.690328803516492
ARE,2012,290.7809475,4,288.8024,5.6725702259751705
ARE,2013,293.613995,4,295.55364,5.682265962498064
ARE,2014,289.603375,4,287.63192,5.6685123144491785
ARE,2015,292.25793,4,284.56385,5.677636734286872
ARE,2016,302.522905,4,309.05445,5.712156993612621
ARE,2017,287.8431425,4,289.70977,5.662415687666251
ARE,2018,289.2820775,4,295.17411,5.667402258801364
ARE,2019,278.505715,4,275.04486,5.629438579803113
ARE,2020,279.1593325,4,277.65868,5.631782703044215
ARE,2021,269.6078475,4,278.60828,5.59696848655221
ARE,2022,272.4294625,4,267.03797,5.607379727384014
ARE,2023,301.2238075,4,292.55869,5.707853534966746
ARE,2024,303.926775,4,305.34704,5.7167868006814455
ARE,2025,323.08629499999995,4,328.12717,5.7779194547225226
ARE,2026,233.95090666666667,3,317.93876,5.4551112927766825
ARG,2006,112.9966275,4,116.6398,4.727357973134223
ARG,2007,106.77635000000001,4,105.99037,4.670736460056641
ARG,2008,115.1368575,4,111.31652,4.746121486014341
ARG,2009,109.3421225,4,114.64346,4.694481705204546
ARG,2010,112.53407,4,110.42456,4.723256020240797
ARG,2011,109.1343125,4,112.2954,4.692579348433928
ARG,2012,107.262,4,103.86843,4.675274439661006
ARG,2013,113.4179375,4,112.64414,4.731079557797017
ARG,2014,115.3649025,4,113.13167,4.748100170033095
ARG,2015,105.84029749999999,4,112.54587,4.661931330649311
ARG,2016,104.842595,4,101.04007,4.652460130151932
ARG,2017,104.2308875,4,101.87457,4.646608510537968
ARG,2018,105.90226,4,105.25417,4.662516593267277
ARG,2019,101.4692975,4,99.67106,4.619756265038485
ARG,2020,97.841575,4,96.11594,4.583349588959898
ARG,2021,97.61856,4,96.60971,4.581067639274604
ARG,2022,99.98889,4,101.61558,4.605059079816029
ARG,2023,100.5383775,4,98.52486,4.610539520278633
ARG,2024,102.21926500000001,4,104.31838,4.627120162940579
ARG,2025,108.4825875,4,105.49953,4.686589676230632
ARG,2026,111.12874333333333,3,110.9271,4.710689379055991
ASM,2006,35.7658675,4,31.72789,3.5769940168232948
ASM,2007,36.970487500000004,4,37.85512,3.610119959228926
ASM,2008,32.57271,4,33.6259,3.4834748212305104
ASM,2009,26.43573,4,30.02123,3.2747165042106117
ASM,2010,20.938760000000002,4,22.8503,3.041601986879073
ASM,2011,20.25745,4,19.98396,3.008522627128051
ASM,2012,19.792202500000002,4,19.54004,2.9852880470044205
ASM,2013,21.577945,4,19.42463,3.0716717282335093
ASM,2014,21.85291,4,21.84834,3.084334093451859
ASM,2015,24.1280625,4,23.93758,3.1833755821736496
ASM,2016,24.730227499999998,4,25.39653,3.2080262808440234
ASM,2017,25.5032,4,25.40301,3.238803934487223
ASM,2018,25.8122875,4,25.86266,3.250850638241844
ASM,2019,26.07358,4,25.73497,3.260922541110545
ASM,2020,28.58979,4,28.65961,3.353049661081641
ASM,2021,28.3306425,4,28.38841,3.34394399272398
ASM,2022,28.23913,4,28.23913,3.3407086047850454
ASM,2023,28.73861,4,29.74909,3.3582415148326983
ASM,2024,26.922535,4,27.97644,3.2929636682479115
ASM,2025,26.283245,4,26.16182,3.2689316639236226
ASM,2026,26.32832,3,26.32832,3.270645165927552
ATG,2006,24.2269225,4,22.93111,3.1874645147930973
ATG,2007,25.7555,4,24.66253,3.2486481965351817
ATG,2008,25.650039999999997,4,27.17215,3.2445451310697537
ATG,2009,25.22262,4,25.14267,3.2277412109459336
ATG,2010,24.434392499999998,4,25.14118,3.1959916685346035
ATG,2011,22.99148,4,22.99148,3.135123712518628
ATG,2012,22.98999,4,22.98999,3.1350589038032686
ATG,2013,24.88317,4,23.94876,3.214191671330376
ATG,2014,25.4389025,4,26.02929,3.236279596818063
ATG,2015,22.336715,4,24.26057,3.1062317371707695
ATG,2016,15.9351975,4,20.10663,2.7685303418935288
ATG,2017,17.27976,4,15.52657,2.849535874390569
ATG,2018,16.403165,4,19.03295,2.79747430401528
ATG,2019,17.853945,4,14.84913,2.88222449221025
ATG,2020,18.426155,4,18.42567,2.913771122677844
ATG,2021,18.60501,4,18.42567,2.9234308992883635
ATG,2022,26.071375,4,26.0692,3.260837969170601
ATG,2023,26.138965,4,26.12906,3.263427112920992
ATG,2024,26.1495225,4,26.14224,3.2638309303059745
ATG,2025,26.149572499999998,4,26.15195,3.26383284238495
ATG,2026,25.22328,3,24.70338,3.2277673775917872
AUS,2006,140.9028925,4,139.19437,4.948070947437713
AUS,2007,145.7130425,4,141.91839,4.981639225323862
AUS,2008,156.89687,4,152.35958,5.055588710527893
AUS,2009,148.16746,4,151.48119,4.9983431206022235
AUS,2010,152.313035,4,145.50714,5.025937843894644
AUS,2011,155.7810675,4,157.96135,5.048451608080982
AUS,2012,147.00958,4,147.94474,4.990497754723287
AUS,2013,151.49830500000002,4,152.48141,5.020574436768024
AUS,2014,159.080075,4,156.47779,5.069407691800279
AUS,2015,155.929935,4,159.18775,5.049406771742991
AUS,2016,156.5771175,4,157.42885,5.053548652190379
AUS,2017,145.99717,4,148.4136,4.983587237958829
AUS,2018,144.947925,4,142.53648,4.976374539984069
AUS,2019,145.6157725,4,146.34207,4.980971457505464
AUS,2020,140.4346775,4,138.59533,4.94474245183526
AUS,2021,146.762565,4,148.55408,4.988816076848661
AUS,2022,149.55894,4,148.35148,5.007690562627258
AUS,2023,150.2365175,4,148.74637,5.012210835611962
AUS,2024,142.1570975,4,144.14386,4.956932766502342
AUS,2025,142.195725,4,142.72216,4.957204453626091
AUS,2026,144.44126333333335,3,143.71904,4.972872942793974
BEL,2006,424.51045,4,420.27439,6.050936622645105
BEL,2007,432.1331325,4,424.17798,6.06873371785064
BEL,2008,454.8465675,4,454.77,6.119960147795713
BEL,2009,425.1797875,4,444.31066,6.052512108884466
BEL,2010,422.66360499999996,4,421.85213,6.0465766026119745
BEL,2011,416.49706499999996,4,423.30517,6.031879414763341
BEL,2012,404.12534999999997,4,410.49096,6.001725102113889
BEL,2013,381.67868,4,384.06358,5.944579102807404
BEL,2014,376.6596525,4,371.16639,5.9313420011834745
BEL,2015,393.3578475,4,382.90035,5.974719751002074
BEL,2016,388.560455,4,398.68204,5.962448769027127
BEL,2017,396.16165,4,406.3857,5.981822335031348
BEL,2018,376.189295,4,377.65665,5.930092460853343
BEL,2019,371.4392175,4,370.0762,5.917385237043498
BEL,2020,363.56107,4,370.27761,5.895947288364294
BEL,2021,359.44432,4,360.28249,5.884559283385429
BEL,2022,351.8320375,4,351.16505,5.863153895524899
BEL,2023,353.2945425,4,347.09927,5.8673021070337885
BEL,2024,345.003465,4,342.42151,5.843554460459186
BEL,2025,344.34997,4,342.64873,5.841658494870042
BEL,2026,343.76189666666664,3,342.23519,5.8399492568667695
BEN,2006,44.1195375,4,49.62151,3.786902711556105
BEN,2007,42.0855175,4,41.45531,3.7397036791306486
BEN,2008,46.4978775,4,48.44164,3.839406666390248
BEN,2009,49.4659975,4,45.57739,3.9012855143456386
BEN,2010,51.3356525,4,48.10291,3.9383854912964273
BEN,2011,53.9478625,4,52.75633,3.9880180709007145
BEN,2012,56.4122675,4,55.08503,4.032686643717637
BEN,2013,59.2185875,4,54.02462,4.081235470649711
BEN,2014,65.3504275,4,65.70944,4.179763981747381
BEN,2015,65.54166,4,62.77005,4.1826859709938615
BEN,2016,57.858885,4,62.42333,4.058007028709007
BEN,2017,57.8805,4,55.06237,4.058380540288514
BEN,2018,62.9588075,4,63.69377,4.1424806633325675
BEN,2019,58.5159125,4,59.31254,4.069298725797202
BEN,2020,61.07725,4,58.01761,4.11213945641611
BEN,2021,65.4866775,4,65.94592,4.181846725006677
BEN,2022,66.69969,4,64.41921,4.200200305234616
BEN,2023,68.175105,4,69.66573,4.222079468884481
BEN,2024,54.9509375,4,55.89749,4.006440741668607
BEN,2025,67.925495,4,61.57147,4.218411442735251
BEN,2026,76.60143666666666,3,77.56503,4.338615832010177
BES,2011,9.1393,2,9.1393,2.2125837960999077
BES,2012,14.011793333333335,3,,2.6398993559639323
BES,2013,14.34621,4,14.34621,2.6634857958237883
BES,2014,14.2204425,4,14.34621,2.6546805420343955
BES,2015,16.0336025,4,12.14619,2.7746866762444777
BES,2016,15.7949175,4,19.98534,2.759688211068518
BES,2017,11.59534,4,11.59534,2.4506032932616297
BES,2018,16.2709675,4,11.59534,2.789382384736467
BES,2019,9.867685000000002,4,9.86973,2.2892652767956347
BES,2020,9.852395000000001,4,9.86973,2.2877145728366277
BES,2021,9.78838,4,9.80039,2.281195967875461
BES,2022,10.45382,3,10.45382,2.3469674618528438
BES,2023,6.63836,1,,1.8928649450299877
BES,2024,5.9731775,4,6.63834,1.7872790303687296
BES,2025,5.30803,4,5.30803,1.6692207683002591
BES,2026,5.30803,3,5.30803,1.6692207683002591
BGD,2006,44.495665,4,41.28464,3.795391768696637
BGD,2007,52.4649675,4,46.27044,3.9601456611490895
BGD,2008,48.00284,4,50.07059,3.8712601758242795
BGD,2009,42.9786875,4,44.90659,3.760704353288803
BGD,2010,39.091502500000004,4,38.594,3.665905116006577
BGD,2011,40.888115,4,44.08026,3.710839434023166
BGD,2012,40.0913825,4,43.49073,3.6911614109687796
BGD,2013,40.270354999999995,4,36.89279,3.6956155903199126
BGD,2014,46.4538225,4,43.76242,3.838458754661926
BGD,2015,53.9765225,4,48.21036,3.9885491835065205
BGD,2016,58.094155,4,56.83366,4.062065056387465
BGD,2017,57.5130375,4,57.61431,4.052011661232308
BGD,2018,64.958815,4,64.02544,4.173753453691962
BGD,2019,63.126795,4,63.87928,4.145145322834803
BGD,2020,66.709165,4,63.63177,4.200342349779049
BGD,2021,77.49407,4,75.36879,4.3502014173027606
BGD,2022,82.4767825,4,81.0909,4.412516829490978
BGD,2023,83.2464925,4,81.02223,4.421805995840838
BGD,2024,70.2207475,4,74.44875,4.251643815798979
BGD,2025,77.0453675,4,77.37463,4.344394436662086
BGD,2026,77.02118666666667,3,75.11789,4.3440805355215995
BGR,2006,36.724705,4,38.22703,3.6034496893523897
BGR,2007,33.94405,4,33.48374,3.5247135809133154
BGR,2008,41.629005,4,30.63688,3.728797159888341
BGR,2009,28.37866,4,49.10965,3.345637454267628
BGR,2010,19.283360000000002,4,19.9064,2.959242547857396
BGR,2011,21.1973675,4,21.98622,3.0538769994393697
BGR,2012,25.31019,4,22.34385,3.231207081443119
BGR,2013,22.7830275,4,23.19609,3.126015850856522
BGR,2014,25.0921375,4,20.59624,3.2225545500536925
BGR,2015,27.360342499999998,4,27.85852,3.3090946109508503
BGR,2016,25.270699999999998,4,22.97878,3.229645621847467
BGR,2017,25.466365,4,25.82155,3.237358561884468
BGR,2018,24.703255,4,25.41744,3.206935016328047
BGR,2019,24.22579,4,24.4121,3.1874177681842175
BGR,2020,22.9333325,4,24.07304,3.1325914199339784
BGR,2021,21.7403275,4,21.76799,3.0791689459770204
BGR,2022,24.96391,4,21.69739,3.217431181873822
BGR,2023,28.3604525,4,27.70273,3.344995657107865
BGR,2024,30.498102499999998,4,31.64953,3.4176644685632955
BGR,2025,27.275380000000002,4,29.83537,3.3059844637944016
BGR,2026,27.15327666666667,3,25.28262,3.3014977266361565
BHR,2006,34.0412575,4,33.71583,3.527573244855978
BHR,2007,37.369015,4,36.92598,3.6208418851088036
BHR,2008,39.5992075,4,41.04557,3.678809105433917
BHR,2009,33.972855,4,29.55214,3.5255618233862944
BHR,2010,45.5331225,4,34.84367,3.818440028150393
BHR,2011,45.9170675,4,49.31931,3.826836888909389
BHR,2012,47.9976075,4,49.8383,3.87115116591565
BHR,2013,55.47901,4,54.6158,4.016004751019215
BHR,2014,55.14259,4,54.51393,4.009922375838197
BHR,2015,51.7035725,4,53.44646,3.945526879707319
BHR,2016,44.222195,4,50.05675,3.7892268123701394
BHR,2017,47.711335,4,29.65575,3.8651690006917687
BHR,2018,50.4222725,4,51.3995,3.9204329921443266
BHR,2019,34.155007499999996,4,45.75418,3.5309092077709647
BHR,2020,34.6018225,4,24.03266,3.5439063540868876
BHR,2021,49.21782,4,48.90624,3.8962557530433943
BHR,2022,44.842974999999996,4,58.84805,3.8031669430146904
BHR,2023,43.47214,4,38.50952,3.772120273142553
BHR,2024,40.64911,4,41.3842,3.7049769415351954
BHR,2025,54.4223,4,35.70793,3.996773996335584
BHR,2026,44.500993333333334,3,84.24574,3.7955115110204387
BHS,2006,54.564795000000004,4,58.07356,3.999388894570916
BHS,2007,57.838457500000004,4,54.28908,4.0576539090993275
BHS,2008,58.46326,4,59.00138,4.068398522753696
BHS,2009,60.4951475,4,58.17169,4.102563155208503
BHS,2010,70.4932275,4,70.58228,4.255516641374011
BHS,2011,67.75406000000001,4,69.88741,4.215884384163569
BHS,2012,66.0881225,4,66.57096,4.19098904084764
BHS,2013,67.02121,4,68.44133,4.205009136458333
BHS,2014,68.4448725,4,64.97798,4.226028640236185
BHS,2015,70.29799,4,73.01267,4.252743206658223
BHS,2016,77.56143750000001,4,74.58786,4.351070364240862
BHS,2017,76.5094775,4,75.14232,4.337414622047785
BHS,2018,71.5157875,4,72.5704,4.269918229522108
BHS,2019,79.865815,4,73.19479,4.380347913910318
BHS,2020,79.7855975,4,84.82551,4.379343005710704
BHS,2021,88.8045825,4,87.89822,4.486438253396376
BHS,2022,79.64817000000001,4,79.90398,4.377619060574226
BHS,2023,81.3076125,4,79.11065,4.398239646856658
BHS,2024,87.882255,4,86.64082,4.475997907178094
BHS,2025,77.292675,4,70.47518,4.347599190430596
BHS,2026,92.86979666666667,3,101.29675,4.531198476345084
BLZ,2006,13.596744999999999,4,14.72716,2.609830425860746
BLZ,2007,11.41047,4,12.76625,2.4345313549625174
BLZ,2008,14.1459575,4,17.72901,2.649428894226421
BLZ,2009,16.179447500000002,4,17.90193,2.783741763952141
BLZ,2010,13.50426,4,15.40822,2.6030051912227563
BLZ,2011,14.7359725,4,14.48371,2.6902916133331423
BLZ,2012,23.4396,4,23.41218,3.1544268997167895
BLZ,2013,25.9204975,4,25.37001,3.255034064972717
BLZ,2014,27.36445,4,26.48701,3.309244725727721
BLZ,2015,26.3206025,4,26.30357,3.2703519975325
BLZ,2016,28.879537499999998,4,27.41703,3.363133299353455
BLZ,2017,28.973775,4,29.64725,3.3663911105063713
BLZ,2018,28.38257,4,28.3003,3.345775224361975
BLZ,2019,29.6543675,4,29.3499,3.389609416450856
BLZ,2020,26.37293,4,27.67025,3.272338105303924
BLZ,2021,21.56125,4,22.4253,3.0708977220967015
BLZ,2022,17.8324425,4,15.67858,2.881019410715117
BLZ,2023,18.90816,4,18.55608,2.9395935749218425
BLZ,2024,18.2658175,4,18.54775,2.905031416979018
BLZ,2025,17.3261625,4,17.94595,2.852217642391991
BLZ,2026,17.061943333333335,3,16.45981,2.8368504472603417
BMU,2006,7.79287,4,7.79287,2.053209213084917
BMU,2007,7.78562,4,7.79287,2.0522784424488143
BMU,2008,7.78925,4,7.78925,2.05274457796914
BMU,2009,7.78925,4,7.78925,2.05274457796914
BMU,2010,7.78925,4,7.78925,2.05274457796914
BMU,2011,7.78925,4,7.78925,2.05274457796914
BMU,2012,7.78925,4,7.78925,2.05274457796914
BMU,2013,7.78925,4,7.78925,2.05274457796914
BMU,2014,7.77447,4,7.77447,2.0508452885392363
BMU,2015,7.77447,4,7.77447,2.0508452885392363
BMU,2016,7.77447,4,7.77447,2.0508452885392363
BMU,2017,7.77447,4,7.77447,2.0508452885392363
BMU,2018,7.77447,4,7.77447,2.0508452885392363
BMU,2019,7.87955,4,7.77447,2.064270795640159
BMU,2020,7.98463,4,7.98463,2.077518443711736
BMU,2021,7.98463,4,7.98463,2.077518443711736
BMU,2022,7.98463,4,7.98463,2.077518443711736
BMU,2023,7.98463,4,7.98463,2.077518443711736
BMU,2024,7.978145,4,7.98443,2.07670592829925
BMU,2025,7.97605,4,7.97605,2.0764433014463077
BMU,2026,7.97605,3,7.97605,2.0764433014463077
BRA,2006,162.662925,4,165.34056,5.091680114871306
BRA,2007,164.86898000000002,4,161.11616,5.105151097861404
BRA,2008,169.393625,4,167.34858,5.132225148688097
BRA,2009,157.6393075,4,166.75633,5.0603095593965755
BRA,2010,146.8161575,4,142.97019,4.989181174837635
BRA,2011,152.954105,4,146.44879,5.0301379090729785
BRA,2012,142.74097749999999,4,144.82919,4.961031641634928
BRA,2013,139.0169675,4,136.6422,4.934595994026282
BRA,2014,137.9517175,4,135.49812,4.926903750748895
BRA,2015,131.4541825,4,133.26609,4.878658368851521
BRA,2016,126.4938075,4,128.55494,4.8401933544001885
BRA,2017,118.5621575,4,115.79345,4.775437358919316
BRA,2018,121.55233,4,120.00903,4.800344869644636
BRA,2019,117.3017675,4,115.84115,4.764749823747099
BRA,2020,120.0038375,4,117.5541,4.78752372143739
BRA,2021,119.9874575,4,119.25909,4.78738721648603
BRA,2022,124.95254249999999,4,125.09162,4.827934005213196
BRA,2023,133.52782,4,128.24299,4.894309845643334
BRA,2024,148.4909325,4,139.20389,5.000523895772419
BRA,2025,158.540135,4,155.30637,5.0660077789287685
BRA,2026,164.62928,3,164.59028,5.103696158206888
BRB,2006,36.7309125,4,36.60701,3.6036187029752016
BRB,2007,36.3915825,4,33.86643,3.5943374979002907
BRB,2008,38.231485,4,40.71227,3.6436593907938355
BRB,2009,36.4992,4,34.2865,3.597290342540028
BRB,2010,42.6326675,4,44.49474,3.7526208021246754
BRB,2011,35.0046725,4,39.21451,3.5554815525790815
BRB,2012,32.49892,4,32.50788,3.4812068580143065
BRB,2013,32.975665,4,32.62828,3.4957698651930564
BRB,2014,34.41313,4,34.26856,3.5384381776022753
BRB,2015,33.94274,4,33.96468,3.52467498724877
BRB,2016,38.676535,4,35.27946,3.655233085393556
BRB,2017,38.1549075,4,40.829,3.6416543864168127
BRB,2018,35.591265,4,36.75845,3.5721002425824877
BRB,2019,33.3271875,4,34.36155,3.506373505320822
BRB,2020,33.296585,4,32.57058,3.505454839174973
BRB,2021,33.6888,4,35.93216,3.517165437906089
BRB,2022,32.9352425,4,30.75571,3.4945432850532527
BRB,2023,36.2609575,4,36.08983,3.590741611486609
BRB,2024,38.230775,4,39.18787,3.643640819540513
BRB,2025,35.3521775,4,36.21744,3.5653599887481717
BRB,2026,32.97314666666667,3,33.57977,3.4956934928287664
BRN,2006,20.941042500000002,4,21.19291,3.0417109893034406
BRN,2007,19.293867499999998,4,20.90544,2.9597872993048577
BRN,2008,18.572625,4,19.22831,2.9216887224021146
BRN,2009,19.82553,4,19.34189,2.986970501085383
BRN,2010,24.5336,4,22.34956,3.200043606572865
BRN,2011,25.789927499999997,4,25.80069,3.249984008722183
BRN,2012,24.5981925,4,25.17788,3.2026729646290963
BRN,2013,23.945785,4,23.9212,3.1757923167193076
BRN,2014,24.717975,4,23.97037,3.2075307117583423
BRN,2015,23.9243725,4,27.2085,3.17489770919987
BRN,2016,25.967167500000002,4,24.27796,3.256832951570729
BRN,2017,23.249042499999998,4,26.68256,3.1462639483896315
BRN,2018,18.785685,4,18.89005,2.9330951436259296
BRN,2019,22.4263325,4,22.00067,3.1102358264693994
BRN,2020,21.6241225,4,22.2628,3.07380947395995
BRN,2021,19.435177499999998,4,18.70401,2.9670846972699416
BRN,2022,22.9365475,4,22.89271,3.132731599067007
BRN,2023,24.9650525,4,24.41597,3.2174769468944833
BRN,2024,23.9376075,4,26.1752,3.1754507577923996
BRN,2025,22.1204575,4,21.48967,3.096502859080396
BRN,2026,24.136556666666667,3,23.38788,3.1837275653406576
CAN,2006,155.190295,4,157.45228,5.044652073577403
CAN,2007,148.06658,4,150.27496,4.997662037470119
CAN,2008,155.2160175,4,152.10438,5.04481780796503
CAN,2009,145.99323,4,150.79257,4.983560250770208
CAN,2010,141.30943,4,138.39881,4.950952024901713
CAN,2011,151.545635,4,151.16649,5.020886800713562
CAN,2012,142.3757325,4,141.9042,4.958469566618027
CAN,2013,150.66662,4,143.97214,5.01506958142956
CAN,2014,156.96980250000001,4,162.44954,5.05605344608412
CAN,2015,152.3891825,4,150.6954,5.026437659762149
CAN,2016,154.8409225,4,152.27166,5.042398283454552
CAN,2017,160.40437500000002,4,154.80369,5.07769797062154
CAN,2018,159.90843999999998,4,160.19069,5.074601401436304
CAN,2019,159.64301999999998,4,156.4316,5.072940197566118
CAN,2020,160.0277425,4,163.12478,5.07534719082841
CAN,2021,158.0824975,4,159.21001,5.063117032837306
CAN,2022,163.182245,4,162.92865,5.094867643719474
CAN,2023,156.2302825,4,154.73873,5.0513310886536305
CAN,2024,154.79425,4,157.49598,5.0420968157629025
CAN,2025,161.06790999999998,4,163.75143,5.081826077293562
CAN,2026,154.53893333333335,3,161.09099,5.040446060277226
CCK,2006,3.4796,4,3.4796,1.2469173446512487
CCK,2007,3.4796,3,3.4796,1.2469173446512487
CHL,2006,80.6800475,4,78.29961,4.390491301831499
CHL,2007,80.73710750000001,4,80.36219,4.391198289913116
CHL,2008,82.6445175,4,78.61385,4.414548488128546
CHL,2009,90.6361225,4,88.78647,4.506852836678484
CHL,2010,94.4272375,4,94.07116,4.547829564372844
CHL,2011,98.33318,4,101.61891,4.58836150834846
CHL,2012,95.9291025,4,99.24278,4.5636094030058345
CHL,2013,95.99680000000001,4,95.25144,4.564314857578935
CHL,2014,96.4352825,4,94.00852,4.5688721356918025
CHL,2015,97.3827375,4,97.17365,4.578648961881306
CHL,2016,93.2585675,4,93.81403,4.535375930979125
CHL,2017,99.1081675,4,97.63701,4.596211854690625
CHL,2018,102.56916,4,100.65033,4.630537302756683
CHL,2019,97.742215,4,100.16999,4.5823335537501535
CHL,2020,91.23531750000001,4,91.15766,4.513442075406557
CHL,2021,90.80684500000001,4,92.42394,4.5087346682284615
CHL,2022,90.7765575,4,87.65646,4.508401074960973
CHL,2023,101.00131999999999,4,96.81199,4.615133586062788
CHL,2024,107.53422,4,108.77037,4.677809122494274
CHL,2025,105.819865,4,102.74923,4.6617382617238965
CHL,2026,106.97299,3,107.67724,4.672576372689573
CHN,2006,737.6601475,4,717.71266,6.603483213793052
CHN,2007,794.3269124999999,4,763.55808,6.677495105099599
CHN,2008,828.950045,4,821.64177,6.720159893971014
CHN,2009,791.0234975,4,791.10818,6.673327673394705
CHN,2010,845.396585,4,786.13684,6.739805848616605
CHN,2011,909.3611225,4,897.6779,6.8127422897623156
CHN,2012,892.0369475,4,877.53747,6.793507552686311
CHN,2013,890.839125,4,886.93903,6.792163855613137
CHN,2014,883.3437375,4,865.03181,6.783714408544681
CHN,2015,915.5354075,4,895.46359,6.819509038953795
CHN,2016,914.0066925,4,924.42252,6.817837893637408
CHN,2017,929.1329575,4,901.94264,6.834251847518401
CHN,2018,985.729045,4,965.65277,6.893381514606347
CHN,2019,999.7177625,4,985.63198,6.907473001645638
CHN,2020,1007.06773,4,1002.64816,6.914798149642465
CHN,2021,1088.7917750000001,4,1045.97885,6.992823897120626
CHN,2022,1144.56045,4,1122.25059,7.0427759558221865
CHN,2023,1175.35392,4,1159.67757,7.069324589734721
CHN,2024,1214.8532050000001,4,1188.13083,7.102378529545413
CHN,2025,1294.3380575,4,1273.06693,7.165754690941007
CHN,2026,1328.0170699999999,3,1322.62681,7.191442183869431
CIV,2006,80.15369,4,77.30143,4.383945916673294
CIV,2007,74.07081,4,77.07645,4.305021527566862
CIV,2008,86.98925,4,81.18381,4.465784547801629
CIV,2009,90.3354075,4,92.37406,4.503529493202598
CIV,2010,91.632255,4,86.9914,4.517783338518242
CIV,2011,87.253305,4,93.66151,4.468815440021281
CIV,2012,77.2039525,4,71.84311,4.346450653906676
CIV,2013,87.7428575,4,85.89668,4.474410463021744
CIV,2014,90.7733675,4,88.64225,4.508365933112246
CIV,2015,92.40651749999999,4,91.8638,4.526197511874398
CIV,2016,81.43270749999999,4,83.36707,4.399777004342967
CIV,2017,71.07192,4,76.88469,4.263692322092293
CIV,2018,65.96874,4,66.27113,4.189180993461657
CIV,2019,65.54453000000001,4,63.75466,4.182729758977943
CIV,2020,70.01171500000001,4,69.19748,4.248662585189572
CIV,2021,69.51961,4,71.03967,4.241608871044968
CIV,2022,73.76117500000001,4,69.07237,4.300832509164841
CIV,2023,95.42819,4,92.05502,4.558374027467356
CIV,2024,100.29293,4,98.96964,4.60809520394906
CIV,2025,130.768915,4,124.59231,4.8734317578739725
CIV,2026,140.93739000000002,3,139.30251,4.948315749208888
CMR,2006,66.68766500000001,4,68.06211,4.200020003285715
CMR,2007,67.04625250000001,4,65.06941,4.205382717039695
CMR,2008,71.5202075,4,69.13972,4.269980032147403
CMR,2009,70.34094,4,74.68922,4.253353990618756
CMR,2010,66.998955,4,67.23079,4.204677022254406
CMR,2011,68.9957625,4,71.31651,4.234045089667923
CMR,2012,67.44860249999999,4,61.8867,4.211365863387973
CMR,2013,68.8783675,4,72.19827,4.232342159199819
CMR,2014,64.4984525,4,64.20892,4.166641231265846
CMR,2015,54.086965,4,61.4881,3.9905932141223746
CMR,2016,58.8619125,4,56.81897,4.075194234632201
CMR,2017,56.3788675,4,59.88136,4.03209439857397
CMR,2018,66.25761750000001,4,55.07907,4.193550439388583
CMR,2019,59.65605,4,70.67634,4.088595568379804
CMR,2020,61.872735,4,53.89025,4.12507961415823
CMR,2021,63.81881,4,63.83775,4.156047974483839
CMR,2022,59.5894825,4,60.63814,4.087479090378168
CMR,2023,60.30991,4,59.24036,4.099496435171946
CMR,2024,65.3107775,4,66.95785,4.179157068605609
CMR,2025,92.683905,4,65.92426,4.529194832901845
CMR,2026,106.57883,3,104.63807,4.668884899139025
COD,2006,20.2538925,4,21.55401,3.008346997302446
COD,2007,17.9031325,4,17.87871,2.8849756975359955
COD,2008,20.367295000000002,4,17.10065,3.0139304280973858
COD,2009,17.51604,4,18.3904,2.8631170325629434
COD,2010,23.9638225,4,23.27907,3.176545297250498
COD,2011,24.9912325,4,24.70604,3.2185250633585745
COD,2012,30.1311,4,23.91462,3.4055578609391177
COD,2013,34.875005,4,35.04029,3.551770383510695
COD,2014,31.408485,4,35.65655,3.447078079340504
COD,2015,21.9783075,4,24.44668,3.090055944190847
COD,2016,24.675062500000003,4,25.91197,3.205793118244402
COD,2017,23.73515,4,24.5744,3.166957071764226
COD,2018,23.901445,4,17.27331,3.173938917360864
COD,2019,23.5969,4,23.69957,3.161115347471415
COD,2020,22.15392,4,22.15392,3.098014456002187
COD,2021,20.040065,4,19.55222,2.997733519724378
COD,2022,18.838137500000002,4,17.95535,2.9358834054503222
COD,2023,23.6471925,4,22.45081,3.1632443975319013
COD,2024,23.3295,4,25.82634,3.1497186541705875
COD,2025,22.6206575,4,23.13669,3.118863537462702
COD,2026,25.27268666666667,3,24.43573,3.2297242341763477
COG,2006,51.65807,4,49.69649,3.944646427310494
COG,2007,52.65986,4,49.57216,3.963853495500254
COG,2008,61.2844075,4,59.53567,4.115525446801546
COG,2009,57.1055425,4,59.55881,4.044901178501224
COG,2010,47.670294999999996,4,45.23339,3.8643084575760214
COG,2011,56.75674,4,52.53478,4.038774415829151
COG,2012,61.467217500000004,4,57.06002,4.118503983910976
COG,2013,66.65580250000001,4,63.66621,4.1995421021000965
COG,2014,70.446815,4,71.99744,4.254858027954368
COG,2015,65.39947000000001,4,67.53364,4.18051415445478
COG,2016,72.4397575,4,69.83726,4.282755285411597
COG,2017,76.555825,4,78.08429,4.338020213264859
COG,2018,67.76488,4,70.89493,4.216044066640764
COG,2019,69.040585,4,62.76299,4.234694520088057
COG,2020,73.34149,4,73.83511,4.295126478771684
COG,2021,62.8096275,4,65.26845,4.140108365864402
COG,2022,58.762465,4,58.54892,4.073503300732118
COG,2023,83.66794,4,81.70902,4.42685586947137
COG,2024,87.8587875,4,88.35481,4.475730838088192
COG,2025,90.84301500000001,4,106.36682,4.509132906911145
COG,2026,90.04816,3,88.34341,4.50034463832048
COK,2006,3.26918,4,3.26918,1.1845391889364871
COK,2007,3.26918,3,3.26918,1.1845391889364871
COK,2008,5.1094,3,,1.6310819804919718
COK,2009,5.309065,4,3.9606,1.6694157368869167
COK,2010,6.70715,4,6.65753,1.903174121561118
COK,2011,6.75677,4,6.75677,1.9105449652161013
COK,2012,8.1814325,4,6.75677,2.101867257531933
COK,2013,9.954105,4,9.55583,2.297985028903934
COK,2014,10.6911,4,10.6911,2.3694116196495765
COK,2015,10.6911,4,10.6911,2.3694116196495765
COK,2016,8.4107825,4,10.6911,2.1295145136517766
COK,2017,7.72688,4,7.72688,2.044705158870975
COK,2018,7.70401,4,7.72688,2.041740972521981
COK,2019,7.72799,4,7.72799,2.0448488029135206
COK,2020,9.5821925,4,9.66913,2.2599064280107517
COK,2021,9.32138,4,9.32138,2.232310686405944
COK,2022,9.32138,4,9.32138,2.232310686405944
COK,2023,8.21375,4,8.21375,2.1058095792299403
COK,2024,8.244114999999999,4,8.24386,2.1094996124699774
COK,2025,8.2442,4,8.2442,2.10950992280187
COK,2026,8.2442,3,8.2442,2.10950992280187
COL,2006,132.38144499999999,4,130.9144,4.885687490177357
COL,2007,128.67893,4,118.59097,4.857320387135757
COL,2008,146.5737175,4,148.02093,4.9875284930252
COL,2009,154.499785,4,153.15354,5.040192704751071
COL,2010,153.43324,4,147.5617,5.033265553855966
COL,2011,159.8095925,4,162.25126,5.0739830596907565
COL,2012,156.603195,4,158.13483,5.053715185647429
COL,2013,163.39183500000001,4,162.18666,5.096151211777146
COL,2014,165.48541,4,157.77943,5.108883033831354
COL,2015,184.115565,4,176.36268,5.215563631107334
COL,2016,194.1183225,4,196.6618,5.268467882937757
COL,2017,179.89199250000001,4,182.41562,5.192356629126495
COL,2018,174.1023675,4,180.71304,5.15964344518829
COL,2019,170.3718225,4,165.79528,5.137983239806099
COL,2020,177.73447,4,173.38667,5.180290694964831
COL,2021,178.55758,4,181.87178,5.184911126233722
COL,2022,174.069185,4,174.16024,5.159452835129184
COL,2023,182.85538,4,183.01964,5.208695567186878
COL,2024,192.54534999999998,4,188.31637,5.2603317103977725
COL,2025,204.245195,4,196.73861,5.319321208371593
COL,2026,210.37879333333333,3,209.54164,5.348909683641733
COM,2006,12.830055,4,13.18543,2.551790465446104
COM,2007,13.116255,4,13.24543,2.5738523006964296
COM,2008,5.42048,4,5.42048,1.69018437241588
COM,2009,14.7651325,4,12.43095,2.6922684890804427
COM,2010,17.244284999999998,4,11.96974,2.8474807842361325
COM,2011,20.78397,4,21.13023,3.034182016509188
COM,2012,20.775365,4,20.66855,3.033767909780918
COM,2013,18.7497275,4,20.0163,2.9311792189774764
COM,2014,19.39364,4,18.45577,2.964945177268078
COM,2015,20.30875,4,20.28192,3.011051827661823
COM,2016,19.765842499999998,4,20.39088,2.983955321693975
COM,2017,14.8997125,4,14.71131,2.7013419174632434
COM,2018,15.6368875,4,15.4733,2.7496327063608494
COM,2019,18.82927,4,18.72595,2.9354125739940393
COM,2020,18.2239475,4,20.54783,2.9027365258841713
COM,2021,14.9726425,4,15.97713,2.7062247025598456
COM,2022,11.4226625,4,11.35918,2.4355993206618223
COM,2023,15.0942225,4,13.26921,2.7143120547107014
COM,2024,16.7306025,4,16.51842,2.8172395275003046
COM,2025,15.6739025,4,15.70049,2.75199706811879
COM,2026,15.640559999999999,3,15.66504,2.7498675401027572
CPV,2006,17.402410000000003,4,15.79113,2.8566087023765747
CPV,2007,17.298775,4,19.13669,2.850635689748085
CPV,2008,22.0868875,4,19.03083,3.0949841066444495
CPV,2009,21.6664675,4,23.76252,3.0757657888775856
CPV,2010,19.1497925,4,19.49388,2.9522918800588123
CPV,2011,18.88886,4,18.06671,2.938572330301108
CPV,2012,18.8402175,4,19.17897,2.935993813667566
CPV,2013,13.8308175,4,19.30449,2.6268992545587695
CPV,2014,13.667827500000001,4,17.62394,2.615044713453474
CPV,2015,11.9962475,4,11.21465,2.4845938925512208
CPV,2016,13.918215,4,14.00432,2.63319841392513
CPV,2017,13.849185,4,11.86788,2.6282263861365833
CPV,2018,20.7183,4,19.69286,3.0310173676932517
CPV,2019,19.399045,4,20.04901,2.96522383805348
CPV,2020,11.756170000000001,4,11.87333,2.464378209153035
CPV,2021,11.6345475,4,11.63901,2.4539789047216485
CPV,2022,11.558219999999999,4,11.62116,2.447396872149457
CPV,2023,11.66312,4,11.66312,2.456431726603937
CPV,2024,11.680155,4,11.67951,2.457891247859973
CPV,2025,11.68037,4,11.68037,2.457909654980533
CPV,2026,16.446113333333333,3,15.55401,2.8000891777649772
CRI,2006,83.1620075,4,80.76995,4.420790602910082
CRI,2007,86.0269325,4,86.78154,4.454660415831107
CRI,2008,86.74514500000001,4,86.65607,4.462974451842979
CRI,2009,93.6257275,4,94.7667,4.539305212167675
CRI,2010,97.2097325,4,92.68743,4.576870835054683
CRI,2011,93.9434175,4,102.29081,4.54269265954113
CRI,2012,95.9420275,4,98.49219,4.563744128850411
CRI,2013,95.0385575,4,94.18614,4.554282677679285
CRI,2014,98.88957,4,94.71785,4.594003773006696
CRI,2015,90.7173075,4,91.40867,4.507748160306201
CRI,2016,90.40213,4,89.75909,4.504267829067455
CRI,2017,87.15028000000001,4,84.97511,4.467633984812275
CRI,2018,84.126165,4,85.71621,4.432317636308825
CRI,2019,86.7399225,4,81.78612,4.462914244932069
CRI,2020,92.2586,4,90.38861,4.524595503507712
CRI,2021,90.60031000000001,4,93.11306,4.506457634676634
CRI,2022,89.857085,4,86.07057,4.498220463765747
CRI,2023,96.0130925,4,95.11718,4.564484562377235
CRI,2024,98.3653125,4,90.44491,4.588688226666201
CRI,2025,92.63552250000001,4,94.32299,4.528672680402758
CRI,2026,86.24985,3,85.62919,4.457248316779522
CUB,2006,32.2547175,4,32.85937,3.473664311613809
CUB,2007,33.3834375,4,31.9529,3.5080598937583702
CUB,2008,30.894515,4,34.63344,3.4305786600566592
CUB,2009,30.2364425,4,32.98389,3.409047902195179
CUB,2010,28.629275,4,27.56853,3.3544297957017184
CUB,2011,31.4267525,4,31.06018,3.4476595206222256
CUB,2012,34.4715725,4,34.10584,3.540134998867412
CUB,2013,32.537905,4,31.90757,3.4824057174195535
CUB,2014,32.574295,4,33.6548,3.4835234804129334
CUB,2015,31.851965,4,34.08663,3.461099075562496
CUB,2016,37.4167225,4,32.72732,3.6221177301580405
CUB,2017,34.8516625,4,37.10654,3.551100840516345
CUB,2018,32.0013125,4,36.07802,3.4657769175836086
CUB,2019,29.03294,4,31.26854,3.368431047452194
CUB,2020,25.1476975,4,23.82667,3.2247663416589023
CUB,2021,24.701505,4,25.54368,3.206864172951792
CUB,2022,26.281425,4,24.57227,3.268862415890648
CUB,2023,26.2129025,4,26.10275,3.26625175137958
CUB,2024,25.17047,4,25.11435,3.2256714819963266
CUB,2025,26.9242575,4,25.28921,3.2930276460605397
CUB,2026,25.859966666666665,3,26.45171,3.2526960843508723
CUW,2011,32.339645000000004,4,31.4984,3.476293876970592
CUW,2012,36.1092575,4,34.97051,3.5865492729068182
CUW,2013,35.6971975,4,36.48978,3.575072184303637
CUW,2014,33.871205,4,33.17477,3.5225652434037946
CUW,2015,36.5931175,4,35.48671,3.599860176276283
CUW,2016,36.4177725,4,38.8166,3.595056910979271
CUW,2017,25.5543025,4,23.63008,3.2408056977761426
CUW,2018,31.875825,4,30.65754,3.461847885496589
CUW,2019,32.0825925,4,32.1092,3.4683135933240936
CUW,2020,29.5697475,4,28.97655,3.38675179476807
CUW,2021,27.8901325,4,31.49965,3.3282729524348533
CUW,2022,28.72939,4,29.38731,3.3579206406042887
CUW,2023,26.246035,4,27.11256,3.2675149300097446
CUW,2024,28.39695,4,27.72849,3.3462817450337754
CUW,2025,25.8119625,4,26.01677,3.250838047259893
CUW,2026,23.81936333333333,3,25.60761,3.1704988353303736
CXR,2014,4.81478,1,,1.5716903536558804
CXR,2015,4.81478,1,4.81478,1.5716903536558804
CXR,2016,4.34381,2,,1.4687518431852076
CXR,2017,4.34381,4,4.34381,1.4687518431852076
CXR,2018,4.34381,4,4.34381,1.4687518431852076
CXR,2019,4.34381,4,4.34381,1.4687518431852076
CXR,2020,4.34381,4,4.34381,1.4687518431852076
CXR,2021,4.5689975,4,4.34381,1.519293815415303
CXR,2022,5.24456,4,5.24456,1.6571913489108525
CXR,2023,5.24456,4,5.24456,1.6571913489108525
CXR,2024,5.2369325,4,5.2445,1.6557359261556646
CXR,2025,5.23441,4,5.23441,1.6552541350102037
CXR,2026,5.23441,3,5.23441,1.6552541350102037
CYM,2006,9.856435000000001,4,9.32751,2.288124541369167
CYM,2007,10.411715000000001,4,10.38536,2.342931614494918
CYM,2008,7.24718,4,7.24718,1.9806124276826333
CYM,2009,9.412984999999999,4,7.24718,2.242090119022966
CYM,2010,8.69105,4,10.13492,2.162293760516671
CYM,2011,8.336895,4,7.24718,2.1206908448907273
CYM,2012,9.43552,4,9.43552,2.2444812912392633
CYM,2013,9.43552,4,9.43552,2.2444812912392633
CYM,2014,9.43552,4,9.43552,2.2444812912392633
CYM,2015,7.310695000000001,4,9.43552,1.9893383444817212
CYM,2016,6.66556,4,6.66556,1.8969539711063563
CYM,2017,6.66556,4,6.66556,1.8969539711063563
CYM,2018,6.132115,4,6.66556,1.8135397149106853
CYM,2019,8.7893925,4,8.78948,2.1735455966807113
CYM,2020,8.706345,4,8.78913,2.1640520701878105
CYM,2021,8.45799,4,8.45799,2.1351115567369945
CYM,2022,8.45799,4,8.45799,2.1351115567369945
CYM,2023,8.45799,4,8.45799,2.1351115567369945
CYM,2024,8.45799,4,8.45799,2.1351115567369945
CYM,2025,7.89358,4,8.45799,2.0660497708594243
CYM,2026,7.32917,3,7.32917,1.9918622761993294
CYP,2006,57.5778625,4,57.53441,4.053138162230306
CYP,2007,61.0756125,4,60.93732,4.112112645746812
CYP,2008,60.6300975,4,67.06724,4.104791428197141
CYP,2009,61.9328125,4,58.80442,4.1260501280960735
CYP,2010,64.97672750000001,4,61.79962,4.174029167323026
CYP,2011,61.9468575,4,64.42796,4.126276880396273
CYP,2012,65.81000750000001,4,63.5747,4.186771916432464
CYP,2013,58.3649125,4,60.65335,4.066714895917347
CYP,2014,49.4686125,4,50.94638,3.9013383775448895
CYP,2015,48.7746975,4,49.56349,3.8872116845422235
CYP,2016,54.300534999999996,4,57.04881,3.9945340795617024
CYP,2017,48.181015,4,52.58228,3.8749650637975335
CYP,2018,50.370734999999996,4,47.87909,3.9194103516701557
CYP,2019,55.7783825,4,55.77929,4.0213863839302055
CYP,2020,54.9879875,4,56.6281,4.007114752286823
CYP,2021,49.875155,4,52.98057,3.909522982974622
CYP,2022,42.5067925,4,46.09455,3.7496638866893632
CYP,2023,52.068435,4,52.134,3.9525589110288686
CYP,2024,49.2555425,4,49.23312,3.89702189935723
CYP,2025,52.81191,4,48.84045,3.9667367334573567
CYP,2026,65.15941666666667,3,65.62425,4.176836831371284
DEU,2006,475.239965,4,464.46433,6.1638198659430845
DEU,2007,471.1106125,4,469.93449,6.155092912516582
DEU,2008,481.8503125,4,488.34947,6.177633510839163
DEU,2009,441.2794225,4,470.65039,6.089678285911187
DEU,2010,422.025675,4,415.60073,6.045066153417486
DEU,2011,424.960455,4,415.97926,6.051996117536447
DEU,2012,411.8811025,4,411.33095,6.020734721535478
DEU,2013,406.053185,4,399.29707,6.006484148559251
DEU,2014,395.3078825,4,399.34619,5.97966491065531
DEU,2015,401.392095,4,392.03758,5.994938742595821
DEU,2016,395.9596775,4,405.58442,5.981312381575065
DEU,2017,373.5181625,4,381.03473,5.922966631235289
DEU,2018,369.2262725,4,374.10014,5.911409660714452
DEU,2019,354.81309250000004,4,357.05085,5.871591150825623
DEU,2020,335.97837,4,345.97634,5.817046782891045
DEU,2021,341.1065075,4,337.95482,5.832194767225614
DEU,2022,338.2452725,4,348.39544,5.823771290604373
DEU,2023,317.4547925,4,319.40996,5.760335422368151
DEU,2024,305.63730999999996,4,307.24045,5.722399137536604
DEU,2025,319.54514,4,314.17334,5.766898547093136
DEU,2026,324.25675,3,320.72205,5.781535640250501
DJI,2006,53.89213,4,50.94366,3.986984456122563
DJI,2007,63.3339775,4,61.50348,4.148421954493283
DJI,2008,50.701637500000004,4,61.23842,3.9259582079059485
DJI,2009,69.38585,4,69.32964,4.239682956234353
DJI,2010,57.548095,4,57.51476,4.052621032969282
DJI,2011,54.583667500000004,4,57.21541,3.9997347079659162
DJI,2012,52.1603325,4,51.61307,3.9543222922146444
DJI,2013,57.505955,4,53.90201,4.051888507658189
DJI,2014,67.72751,4,67.33187,4.215492448930757
DJI,2015,72.03836749999999,4,71.85807,4.277198859029336
DJI,2016,86.086345,4,84.7661,4.455350804198847
DJI,2017,80.7421675,4,84.68626,4.391260960494237
DJI,2018,86.198095,4,88.35105,4.456648077657462
DJI,2019,75.1295425,4,77.08177,4.319213856917567
DJI,2020,74.53791,4,73.96136,4.311307855021049
DJI,2021,74.0325775,4,74.52011,4.304505232815005
DJI,2022,73.00937,4,76.17407,4.290587789075827
DJI,2023,80.6831525,4,76.63345,4.390529786442618
DJI,2024,72.0688225,4,85.11027,4.277621530520653
DJI,2025,79.4461225,4,83.54898,4.375079087512336
DJI,2026,90.61300333333334,3,81.70761,4.5065977274007345
DMA,2006,22.73084,4,23.747,3.123722592746944
DMA,2007,21.074022499999998,4,22.39212,3.0480411208430844
DMA,2008,17.09663,4,17.09663,2.8388813680631912
DMA,2009,17.38613,4,17.09663,2.8556727619094886
DMA,2010,18.138885,4,17.07518,2.8980579764251986
DMA,2011,19.9782225,4,19.97926,2.9946428052989154
DMA,2012,19.97362,4,19.97362,2.9944124029078187
DMA,2013,20.80874,4,21.21579,3.035373090758899
DMA,2014,20.954587500000002,4,21.50495,3.042357596143912
DMA,2015,20.2105225,4,19.30052,3.006203384619185
DMA,2016,20.8750725,4,24.56661,3.0385557437847805
DMA,2017,18.22229,4,18.224,2.9026455699932567
DMA,2018,22.963335,4,18.21716,3.133898813516467
DMA,2019,24.447375,4,21.77131,3.196522848193983
DMA,2020,25.3672075,4,25.36778,3.233457296602998
DMA,2021,24.859935,4,25.36543,3.2132574714371516
DMA,2022,24.0217325,4,24.01768,3.1789589414446207
DMA,2023,24.092675,4,24.08505,3.1819078523881923
DMA,2024,24.4650525,4,24.44472,3.1972456706615313
DMA,2025,24.4694525,4,24.47183,3.1974255028683496
DMA,2026,24.482983333333333,3,24.46583,3.1979783184105215
DNK,2006,75.18006,4,68.73565,4.319886036220311
DNK,2007,76.885045,4,83.2475,4.342311384257203
DNK,2008,83.7283525,4,79.39395,4.42757765968214
DNK,2009,82.843025,4,88.55812,4.4169475520364445
DNK,2010,80.776275,4,81.17343,4.391683296172802
DNK,2011,94.8590125,4,88.11617,4.552391710317241
DNK,2012,94.966675,4,100.33968,4.553526040585837
DNK,2013,101.4997275,4,100.91358,4.6200561137491745
DNK,2014,101.18919,4,99.60685,4.616991932966078
DNK,2015,96.7805975,4,99.52309,4.572446535142354
DNK,2016,98.458745,4,101.16118,4.589637627955909
DNK,2017,96.98686,4,95.04865,4.574575505409792
DNK,2018,101.3342425,4,102.24116,4.618424384737337
DNK,2019,105.72556,4,103.12563,4.660846680104988
DNK,2020,95.85968,4,97.66708,4.56288545552437
DNK,2021,92.5503225,4,96.80851,4.5277525236163525
DNK,2022,89.113455,4,89.9596,4.489910333176896
DNK,2023,87.1543375,4,88.54491,4.467680541238133
DNK,2024,87.05038,4,88.67231,4.4664870315119645
DNK,2025,89.820855,4,86.26421,4.497817186652362
DNK,2026,91.13745,3,93.24337,4.51236880651081
DOM,2006,107.6139775,4,107.54107,4.678550541707453
DOM,2007,115.8686,4,108.63157,4.7524567904297195
DOM,2008,117.3848975,4,121.68036,4.765458257722048
DOM,2009,113.188875,4,115.99011,4.729057883554385
DOM,2010,112.3265925,4,111.40884,4.7214106324653375
DOM,2011,115.397775,4,116.11365,4.748385073125558
DOM,2012,116.371565,4,116.62996,4.756788218512842
DOM,2013,117.407915,4,116.82871,4.7656543242015
DOM,2014,116.5958325,4,118.32525,4.758713531425149
DOM,2015,111.884935,4,113.64941,4.71747097712141
DOM,2016,126.0068075,4,122.0889,4.836335933269808
DOM,2017,131.91773750000002,4,129.38953,4.882178527558486
DOM,2018,134.4200175,4,141.91341,4.900969356730771
DOM,2019,131.35289999999998,4,131.53758,4.877887594304268
DOM,2020,125.4290925,4,129.15383,4.831740598899192
DOM,2021,124.8222725,4,124.79771,4.826890905557118
DOM,2022,126.63880499999999,4,122.06875,4.841338979331141
DOM,2023,129.142035,4,129.00605,4.8609128451661565
DOM,2024,126.484425,4,129.16492,4.84011917805773
DOM,2025,128.17432000000002,4,129.51711,4.853391212408958
DOM,2026,131.63157999999999,3,130.94618,4.88000695970798
DZA,2006,61.55041,4,59.70204,4.1198565138592915
DZA,2007,55.277792500000004,4,52.50876,4.012371245594051
DZA,2008,61.7208225,4,57.62157,4.122621353718544
DZA,2009,61.8562025,4,64.44525,4.124812376753102
DZA,2010,64.02802249999999,4,62.07611,4.159320839093148
DZA,2011,60.14726,4,60.94771,4.0967958885984235
DZA,2012,54.600635,4,53.37094,4.000045512719861
DZA,2013,56.450925,4,53.61217,4.033371676643881
DZA,2014,63.5273775,4,59.01463,4.151470954716038
DZA,2015,73.1706625,4,74.96383,4.292794555112159
DZA,2016,76.9433775,4,77.15613,4.343069794203141
DZA,2017,70.2516925,4,73.03888,4.252084400450325
DZA,2018,71.4679475,4,71.06428,4.269249062476147
DZA,2019,69.453735,4,64.57774,4.240660847451901
DZA,2020,69.3924875,4,69.42617,4.2397786123738435
DZA,2021,64.70016749999999,4,67.36652,4.169763790375219
DZA,2022,59.85219,4,61.06303,4.091878022813227
DZA,2023,65.3014175,4,62.34619,4.17901374355061
DZA,2024,71.1460525,4,71.1993,4.264734841619341
DZA,2025,70.2811525,4,69.09741,4.25250366187539
DZA,2026,73.51319,3,73.24265,4.297464845900841
ECU,2006,71.642105,4,68.94122,4.271682959787081
ECU,2007,73.0083575,4,78.54181,4.290573920896705
ECU,2008,71.6558125,4,66.66474,4.271874274500943
ECU,2009,81.24208,4,76.13249,4.397433339535586
ECU,2010,92.87266,4,88.30794,4.531229307565742
ECU,2011,102.284515,4,104.06725,4.62775829297626
ECU,2012,84.9303475,4,91.44984,4.441831479388398
ECU,2013,89.7912325,4,87.96545,4.497487336911392
ECU,2014,88.32011,4,86.98644,4.480967827999024
ECU,2015,94.5206225,4,87.93456,4.5488180382047645
ECU,2016,103.4107075,4,103.00655,4.638708510871575
ECU,2017,100.8859875,4,102.69259,4.6139910425916355
ECU,2018,93.45836750000001,4,101.50575,4.537516069754006
ECU,2019,103.4432925,4,103.69164,4.63902356400344
ECU,2020,111.0226825,4,111.91935,4.709734527283208
ECU,2021,105.07299,4,105.90587,4.654655251514781
ECU,2022,106.83677499999999,4,103.91026,4.671302202462325
ECU,2023,111.951185,4,107.3471,4.718062928071368
ECU,2024,116.25872,4,118.26291,4.755818052406988
ECU,2025,110.961085,4,112.19821,4.709179554257255
ECU,2026,112.21807,3,109.01633,4.720444031814569
EGY,2006,227.48857,4,221.114,5.427099995370604
EGY,2007,223.822145,4,223.77708,5.410851740937918
EGY,2008,237.9880125,4,239.33327,5.472220304755924
EGY,2009,225.6112125,4,236.91191,5.418813219186732
EGY,2010,225.93736,4,218.99724,5.420257792712505
EGY,2011,228.948905,4,234.50335,5.43349885638802
EGY,2012,209.73964999999998,4,209.38654,5.3458669996721495
EGY,2013,226.758555,4,216.91859,5.423885817059719
EGY,2014,243.22518250000002,4,236.73496,5.4939876911952625
EGY,2015,245.5242125,4,251.85634,5.503395567626007
EGY,2016,242.0800625,4,250.63398,5.489268508219126
EGY,2017,217.1509825,4,228.82104,5.380592883492815
EGY,2018,218.3289975,4,223.86507,5.3860030879913285
EGY,2019,217.8072425,4,219.54893,5.383610462930381
EGY,2020,214.44463,4,213.24525,5.368051569847312
EGY,2021,208.58821,4,215.19168,5.340362021314534
EGY,2022,216.18186,4,209.35473,5.376119997892204
EGY,2023,248.0593175,4,229.15691,5.513667901032918
EGY,2024,246.237165,4,250.78078,5.506295156866398
EGY,2025,275.4036225,4,262.6438,5.618237739802818
EGY,2026,278.20166333333333,3,286.27319,5.628346258383522
ERI,2006,12.582635,4,13.24641,2.532317688798184
ERI,2007,12.4118975,4,13.0856,2.5186554884147485
ERI,2008,6.18846,4,6.18846,1.8226862673752087
ERI,2009,7.47405,2,6.18846,2.0114370208990904
ERI,2012,9.30729,4,9.30729,2.2307979640605615
ERI,2014,5.48618,2,,1.702232202768254
ERI,2015,5.48618,4,5.48618,1.702232202768254
ERI,2016,5.48618,4,5.48618,1.702232202768254
ERI,2017,5.48618,4,5.48618,1.702232202768254
ERI,2018,8.28208,4,5.48618,2.1140941445792585
ERI,2019,9.41498,4,9.41498,2.242302037837077
ERI,2020,9.630265,4,9.63631,2.264910743603794
ERI,2021,7.8639624999999995,4,12.21307,2.06229061426788
ERI,2022,6.41426,4,6.41426,1.8585236367761735
ERI,2023,7.6201775000000005,4,6.41426,2.030799663390509
ERI,2024,7.020165,4,7.58678,1.948786722035003
ERI,2025,6.014945,4,6.48161,1.7942472055776886
ERI,2026,6.14215,3,5.54828,1.815174843732792
ESP,2006,391.39212499999996,4,373.56573,5.969709934677806
ESP,2007,394.509175,4,400.39562,5.977642397303188
ESP,2008,388.21766249999996,4,385.79612,5.961566168154292
ESP,2009,370.0483825,4,377.31837,5.9136337606029805
ESP,2010,381.26864,4,373.04974,5.943504218529735
ESP,2011,378.1050475,4,381.0085,5.935172060450733
ESP,2012,362.89934,4,369.99727,5.894125495534538
ESP,2013,356.3245475,4,350.73765,5.8758419658321985
ESP,2014,364.9470625,4,357.6289,5.899752308817432
ESP,2015,377.4378675,4,366.10641,5.933405965738784
ESP,2016,393.22168750000003,4,389.86345,5.974373543160905
ESP,2017,380.11466,4,380.23822,5.940472944049131
ESP,2018,375.856335,4,383.8487,5.9292069826098075
ESP,2019,366.5382675,4,366.99993,5.904102929245723
ESP,2020,370.544615,4,370.62808,5.91497385584001
ESP,2021,387.6693925,4,381.89179,5.960152895210186
ESP,2022,384.10509,4,378.27641,5.95091618702141
ESP,2023,408.54866499999997,4,399.25046,6.01261103817148
ESP,2024,420.8190225,4,406.98894,6.042202865962596
ESP,2025,423.59269,4,428.14264,6.048772356732269
ESP,2026,414.31493333333333,3,419.33844,6.02662639316785
EST,2006,31.4099025,4,32.61637,3.4471232094387654
EST,2007,27.9541375,4,29.63463,3.330565220845781
EST,2008,32.482082500000004,4,27.27826,3.4806886296174206
EST,2009,47.606385,4,48.90257,3.8629668908970514
EST,2010,40.863425,4,49.87967,3.710235408686134
EST,2011,32.37225,4,35.74062,3.4773015743269764
EST,2012,37.982862499999996,4,31.71653,3.637135071159129
EST,2013,36.83439,4,37.188,3.606431919661017
EST,2014,42.8937575,4,38.83004,3.758726302525441
EST,2015,36.815695,4,35.06363,3.605924248817147
EST,2016,35.0180175,4,33.5075,3.5558627147469895
EST,2017,35.867785,4,37.07994,3.5798395388708766
EST,2018,37.1211,4,34.85598,3.6141855410996224
EST,2019,36.831955,4,36.75633,3.606365810775042
EST,2020,31.648395,4,35.43996,3.45468743640387
EST,2021,35.8309475,4,31.59151,3.5788119752876195
EST,2022,32.547415,4,34.13441,3.4826979492182963
EST,2023,36.7542475,4,36.73459,3.604253797211489
EST,2024,29.71661,4,27.88119,3.391706148740736
EST,2025,31.8890975,4,33.32696,3.4622641802138507
EST,2026,27.811143333333334,3,28.20626,3.325436779710506
FIN,2006,86.1449325,4,81.64712,4.456031139421465
FIN,2007,84.5473325,4,89.21887,4.437311525467831
FIN,2008,86.1778675,4,84.17805,4.4564133871611835
FIN,2009,91.760205,4,98.2593,4.519178706907548
FIN,2010,88.5301375,4,97.07669,4.4833430307675775
FIN,2011,86.2707425,4,82.38156,4.457490519751346
FIN,2012,90.697095,4,84.511,4.507525327942231
FIN,2013,93.49888,4,89.57698,4.537949457613272
FIN,2014,101.2919675,4,94.71878,4.618007113934973
FIN,2015,98.09509249999999,4,99.82158,4.585937339835802
FIN,2016,93.48435,4,96.68728,4.537794042605955
FIN,2017,83.7485425,4,83.06215,4.4278187675686675
FIN,2018,83.38633999999999,4,85.81577,4.423484506980998
FIN,2019,75.5782575,4,78.43029,4.325168642614555
FIN,2020,67.764825,4,69.10507,4.216043255010575
FIN,2021,69.8020925,4,69.25697,4.245663987829009
FIN,2022,68.673055,4,69.93104,4.229356909774662
FIN,2023,67.6109725,4,67.1403,4.2137702849660075
FIN,2024,67.7755075,4,65.79443,4.216200883368498
FIN,2025,70.7543925,4,72.0658,4.259214619401819
FIN,2026,70.12767666666667,3,69.49381,4.2503175330490475
FJI,2006,42.803152499999996,4,35.11815,3.756611756417297
FJI,2007,47.8143075,4,46.31566,3.867324914793773
FJI,2008,50.0145525,4,43.78561,3.9123140130813114
FJI,2009,49.4372625,4,54.67963,3.9007044414708214
FJI,2010,44.6639225,4,46.79394,3.799166072828334
FJI,2011,46.884565,4,43.18725,3.8476885168078585
FJI,2012,44.206235,4,44.30506,3.78886584248357
FJI,2013,51.9460475,4,49.18558,3.9502056318788994
FJI,2014,49.3136775,4,52.99661,3.8982014766480066
FJI,2015,39.5621675,4,40.57995,3.6778732954456967
FJI,2016,40.046835,4,39.87397,3.6900496441744037
FJI,2017,42.6636975,4,41.0177,3.753348382986272
FJI,2018,41.5284875,4,42.91042,3.7263796375236424
FJI,2019,37.508494999999996,4,37.49838,3.6245674406548973
FJI,2020,37.24765,4,37.59363,3.617588855587162
FJI,2021,37.9959875,4,35.79302,3.6374805620458837
FJI,2022,39.7611875,4,39.09423,3.6828912480425733
FJI,2023,40.9524125,4,40.14513,3.7124107218726707
FJI,2024,42.15154,4,41.90493,3.7412712199607427
FJI,2025,42.08709,4,42.07754,3.7397410428300017
FJI,2026,41.583013333333334,3,41.44592,3.7276917505431273
FLK,2009,3.9376366666666667,3,,1.3705807125441172
FLK,2010,4.27932,4,4.27932,1.453794118466506
FLK,2011,4.27932,1,4.27932,1.453794118466506
FRA,2006,297.4547075,4,298.77778,5.695261969697957
FRA,2007,303.5601125,4,304.16182,5.715579655137831
FRA,2008,301.32291250000003,4,314.3754,5.708182488714577
FRA,2009,280.10726750000003,4,278.21575,5.635172628020151
FRA,2010,282.820805,4,278.9633,5.6448134992089365
FRA,2011,276.5843575,4,284.27517,5.622515864847686
FRA,2012,268.944375,4,270.77434,5.594504573832383
FRA,2013,291.406265,4,285.74161,5.6747183931868195
FRA,2014,298.5689025,4,300.32523,5.699000735341437
FRA,2015,299.8576975,4,296.57339,5.703308020453938
FRA,2016,288.1875175,4,298.92627,5.663611370691277
FRA,2017,287.641645,4,279.85179,5.661715417172188
FRA,2018,285.365125,4,288.44019,5.653769500659476
FRA,2019,284.24538,4,286.29036,5.6498378792004065
FRA,2020,278.4519275,4,284.97998,5.629245432259879
FRA,2021,267.362165,4,278.78645,5.588604162510288
FRA,2022,252.521885,4,261.02553,5.5314979182268305
FRA,2023,261.694415,4,251.33716,5.567177468077956
FRA,2024,265.763905,4,265.38168,5.582608339465643
FRA,2025,263.257145,4,265.95835,5.573131292146236
FRA,2026,266.7420333333333,3,267.27878,5.586282024068896
FRO,2006,11.7566325,4,11.58727,2.4644175494230907
FRO,2007,12.26472,4,12.26472,2.5067268482611142
FRO,2008,13.18168,4,11.58727,2.578827986808639
FRO,2009,14.348315,4,14.30663,2.6636325137083867
FRO,2010,14.1282825,4,14.36221,2.648178639414806
FRO,2011,14.6944325,4,15.4469,2.6874686805474166
FRO,2012,14.44071,4,14.44361,2.6700513012309948
FRO,2013,13.9955125,4,14.44391,2.6387367425184207
FRO,2014,14.1011875,4,14.44502,2.6462590136959854
FRO,2015,13.750235,4,13.74847,2.6210559148756234
FRO,2016,13.75553,4,13.75553,2.6214409250773323
FRO,2017,14.5918775,4,13.75553,2.680465038285772
FRO,2018,15.675455,4,14.90432,2.7520961132109436
FRO,2019,15.243475,4,16.17202,2.7241515426389658
FRO,2020,13.4334775,4,13.72386,2.5977499122368655
FRO,2021,17.025712499999997,4,17.03547,2.834724701380144
FRO,2022,19.84738,4,19.84738,2.98807200849733
FRO,2023,19.8482975,4,19.85013,2.988118235192927
FRO,2024,19.7677175,4,19.50686,2.9840501778112283
FRO,2025,20.814124999999997,4,20.82236,3.035631842770806
FRO,2026,20.823576666666668,3,20.58052,3.036085838378185
FSM,2006,8.60426,4,5.88491,2.152257429451936
FSM,2007,12.581885,4,12.69349,2.5322580810647386
FSM,2008,12.86694,4,12.24707,2.554661231100351
FSM,2009,12.1076225,4,12.85676,2.493835212939707
FSM,2010,7.56011,4,11.85818,2.0228857403501377
FSM,2011,5.5293925,4,6.12742,1.7100779541651654
FSM,2012,8.42257,4,8.42257,2.130915007335569
FSM,2013,6.50492,4,6.50492,1.8725588136567157
FSM,2014,7.077305,4,6.50492,1.9568931855226206
FSM,2015,7.64969,4,7.64969,2.0346651241415534
FSM,2016,7.64969,4,7.64969,2.0346651241415534
FSM,2017,8.05059,4,8.05059,2.085745380670216
FSM,2018,11.104935000000001,4,6.19097,2.4073896041099903
FSM,2019,12.82949,4,12.82949,2.551746427252902
FSM,2020,14.4373775,4,12.82949,2.669820503397531
FSM,2021,14.97334,4,14.97334,2.7062712864380085
FSM,2022,14.9732475,4,14.97334,2.7062651087725236
FSM,2023,14.97297,4,14.97297,2.706246575547083
FSM,2024,14.99292,4,14.99292,2.7075780896751462
FSM,2025,14.99292,4,14.99292,2.7075780896751462
FSM,2026,14.99292,3,14.99292,2.7075780896751462
GAB,2006,36.147842499999996,4,37.59804,3.587617264942688
GAB,2007,37.379835,4,38.15336,3.621131387892474
GAB,2008,42.3594,4,38.27014,3.746190356326942
GAB,2009,41.78715,4,42.90087,3.7325888760007007
GAB,2010,40.125025,4,41.95006,3.6920002045029454
GAB,2011,37.7216325,4,32.92836,3.6302337362560886
GAB,2012,44.896082500000006,4,39.6709,3.8043505414985477
GAB,2013,44.860395,4,46.01807,3.803555334224942
GAB,2014,39.284555,4,43.62775,3.6708314390849472
GAB,2015,35.609255000000005,4,34.70423,3.572605575981256
GAB,2016,39.8700825,4,37.41639,3.685626230616104
GAB,2017,42.822905,4,42.92612,3.7570731229902092
GAB,2018,41.3106625,4,38.90246,3.7211206385591864
GAB,2019,40.8094275,4,41.68318,3.708913120894909
GAB,2020,36.1508575,4,38.91317,3.58770066893202
GAB,2021,34.2902,4,32.9273,3.5348595990620773
GAB,2022,34.4753375,4,33.14178,3.54024421333413
GAB,2023,35.8298825,4,35.76256,3.5787822519366594
GAB,2024,34.73795,4,35.30738,3.5478327492848236
GAB,2025,32.312237499999995,4,33.38145,3.475446028444547
GAB,2026,33.638313333333336,3,32.30539,3.515665695124018
GBR,2006,498.402445,4,488.01969,6.211407873159445
GBR,2007,483.9049175,4,497.22917,6.181888435971238
GBR,2008,467.2853775,4,474.44634,6.146940157755204
GBR,2009,439.1428075,4,450.41822,6.084824661998329
GBR,2010,421.39142000000004,4,421.34498,6.043562140460386
GBR,2011,418.77925,4,433.18209,6.037343931446095
GBR,2012,389.298485,4,403.67107,5.96434636300853
GBR,2013,377.086675,4,378.6268,5.932475068185213
GBR,2014,395.9707225,4,382.36968,5.981340275440488
GBR,2015,402.9227425,4,404.02196,5.998744837613413
GBR,2016,403.758865,4,408.21588,6.000817830952169
GBR,2017,400.8820025,4,401.51535,5.99366712589942
GBR,2018,398.2406825,4,395.65288,5.987056552408492
GBR,2019,398.6270025,4,400.12987,5.9880261488359485
GBR,2020,383.56771249999997,4,386.93962,5.949516169758785
GBR,2021,384.434655,4,395.58554,5.951773826518508
GBR,2022,381.6575925,4,379.52375,5.944523851928428
GBR,2023,375.3202475,4,373.87529,5.927779654858911
GBR,2024,379.618625,4,378.72156,5.939167130337193
GBR,2025,392.386745,4,391.29051,5.972247947813845
GBR,2026,388.15564666666666,3,393.99508,5.96140641038639
GEO,2006,20.3441125,4,21.35755,3.0127915579904903
GEO,2007,16.9291325,4,16.55851,2.829035954430556
GEO,2008,23.33914,4,22.46284,3.150131779564304
GEO,2009,18.7665925,4,20.7265,2.932078294427097
GEO,2010,23.5932225,4,24.61251,3.160959488583469
GEO,2011,23.4375725,4,24.25635,3.154340397059179
GEO,2012,23.440485000000002,4,24.08922,3.1544646556210334
GEO,2013,20.5905975,4,19.32481,3.0248345395598903
GEO,2014,21.07433,4,21.53032,3.048055712160741
GEO,2015,19.7846825,4,20.85121,2.9849080271978843
GEO,2016,17.6067125,4,18.5657,2.8682802213781016
GEO,2017,20.387785,4,19.85376,3.0149359470033184
GEO,2018,22.36707,4,21.10251,3.107589787933823
GEO,2019,22.461215,4,21.59815,3.1117900440181225
GEO,2020,19.8097725,4,22.30574,2.9861753765455767
GEO,2021,18.690165,4,19.59795,2.927997449678904
GEO,2022,19.4631775,4,17.7342,2.9685243470873206
GEO,2023,28.6954725,4,28.11842,3.356739357708083
GEO,2024,27.7536525,4,25.8835,3.3233674531526995
GEO,2025,28.8903675,4,29.04277,3.363508235061827
GEO,2026,30.764710000000004,3,27.98297,3.4263682538519102
GGY,2006,4.75538,4,4.75538,1.5592766086822731
GGY,2007,4.75538,4,4.75538,1.5592766086822731
GGY,2008,4.75538,4,4.75538,1.5592766086822731
GGY,2009,4.80666,4,4.75538,1.5700024562251795
GGY,2010,5.4098425,4,4.85794,1.6882199796804467
GGY,2011,7.06555,4,7.06555,1.9552308616556358
GGY,2012,6.2045449999999995,4,7.06555,1.8252820880066225
GGY,2013,6.380566666666667,3,8.16448,1.8532569126392548
GGY,2014,4.73773,1,,1.5555581180427542
GGY,2021,4.95561,1,,1.6005202681765325
GGY,2022,6.1496975,4,4.95561,1.8164028936168368
GGY,2023,4.95561,4,4.95561,1.6005202681765325
GGY,2024,4.95561,2,4.95561,1.6005202681765325
GHA,2006,77.770275,4,72.53675,4.353759288768493
GHA,2007,81.23236,4,85.31115,4.397313689946253
GHA,2008,82.7258775,4,78.37453,4.415532461185688
GHA,2009,85.6579725,4,82.40112,4.450362302749973
GHA,2010,93.36828249999999,4,91.61003,4.536551699767372
GHA,2011,93.1824575,4,97.58107,4.534559479726211
GHA,2012,80.0838425,4,82.51123,4.383074117122538
GHA,2013,84.03169,4,81.77507,4.431193989602696
GHA,2014,86.36713499999999,4,87.75638,4.458607221502002
GHA,2015,88.9966675,4,84.82851,4.488598925210878
GHA,2016,79.83498,4,88.56574,4.379961754274943
GHA,2017,77.9906875,4,80.02634,4.356589428536275
GHA,2018,75.2365675,4,75.26935,4.320637382711686
GHA,2019,79.372525,4,74.98909,4.374152275624353
GHA,2020,102.390905,4,93.57306,4.628797890301448
GHA,2021,101.38428,4,108.08192,4.618918049552955
GHA,2022,94.9914275,4,93.77202,4.553786650686847
GHA,2023,101.9749625,4,98.79175,4.624727317466364
GHA,2024,108.17841250000001,4,101.83297,4.6837818317192275
GHA,2025,134.4556625,4,128.72517,4.901234497856282
GHA,2026,139.71848333333332,3,141.30682,4.939629564836294
GIB,2006,7.93421,4,6.71792,2.0711837901058603
GIB,2007,8.81957,4,8.81957,2.176973115995775
GIB,2008,8.37011,4,8.81957,2.1246670265894587
GIB,2009,7.00359,4,7.00359,1.946422874731893
GIB,2010,7.00359,4,7.00359,1.946422874731893
GIB,2011,10.32639,4,7.00359,2.3347027544833416
GIB,2012,12.6374425,4,13.53223,2.5366640343856948
GIB,2013,7.3116224999999995,4,5.9857,1.9894652053573987
GIB,2014,11.96683,4,11.96683,2.482138655758046
GIB,2015,11.033167500000001,4,11.96683,2.4009059633904726
GIB,2016,9.795365,4,7.00982,2.28190931461238
GIB,2017,7.0053,4,7.0053,1.9466670054244022
GIB,2018,7.64487,4,7.0053,2.0340348346582906
GIB,2019,5.865835000000001,4,5.35629,1.7691448419632683
GIB,2020,7.16883,3,7.39447,1.96974246137992
GIB,2021,6.8828975,4,7.39482,1.9290397115430309
GIB,2022,7.72411,4,7.72411,2.044346605790599
GIB,2024,7.37138,1,,1.9976049342632085
GIB,2025,6.7191875,4,7.37138,1.9049672394870332
GIB,2026,5.630386666666666,3,4.59397,1.7281781194853825
GIN,2006,37.2598725,4,34.96756,3.6179169432674265
GIN,2007,31.066165,4,33.18001,3.4361192848243847
GIN,2008,40.2642075,4,36.76875,3.6954629229477653
GIN,2009,38.299695,4,40.31608,3.6454419327084167
GIN,2010,32.987232500000005,4,36.68945,3.496120592664316
GIN,2011,34.7068425,4,36.39139,3.54693685771511
GIN,2012,33.1652925,4,26.67271,3.5015039224772977
GIN,2013,36.6875875,4,36.01566,3.602438482593989
GIN,2014,32.7750425,4,36.63879,3.4896673263689837
GIN,2015,30.763109999999998,4,21.83917,3.426316244858243
GIN,2016,38.664320000000004,4,39.86709,3.654917210941391
GIN,2017,37.28302,4,36.01102,3.618537995120063
GIN,2018,33.8748525,4,32.9061,3.5226729249468427
GIN,2019,34.196735000000004,4,33.96971,3.5321301716749582
GIN,2020,26.146652500000002,4,31.5705,3.2637211708444887
GIN,2021,21.9421225,4,20.39686,3.0884081912800885
GIN,2022,23.611645,4,24.13076,3.161740022537316
GIN,2023,27.573059999999998,4,24.304,3.3168392090834944
GIN,2024,27.648107500000002,4,29.15826,3.3195572807795957
GIN,2025,32.01759,4,31.97672,3.4662854392768936
GIN,2026,25.453603333333334,3,23.13748,3.2368573177811597
GLP,2006,36.852517500000005,4,37.74954,3.6069239338052035
GLP,2007,34.3288675,4,35.11358,3.53598661828579
GLP,2008,32.5288825,4,32.88385,3.482128386990175
GLP,2009,35.78463,4,32.20275,3.5775184716093724
GLP,2010,36.9297325,4,36.93854,3.609016985404715
GLP,2011,37.4032225,4,36.79529,3.6217568638102637
GLP,2012,40.2929975,4,40.34225,3.6961776945495295
GLP,2013,40.2429475,4,38.15673,3.6949347711209075
GLP,2014,41.33591,4,42.54395,3.721731613703628
GLP,2015,41.493625,4,39.74923,3.725539800978912
GLP,2016,44.3609525,4,41.30734,3.7923596342985344
GLP,2017,45.8072,4,45.52579,3.824441284004865
GLP,2018,43.9394825,4,43.2596,3.78281328946335
GLP,2019,48.122415000000004,4,43.25851,3.8737480768795702
GLP,2020,51.9983125,4,48.90629,3.9512112661317755
GLP,2021,49.583,4,52.09225,3.903648033045956
GLP,2022,40.0517525,4,40.71417,3.69017243035977
GLP,2023,40.260909999999996,4,41.02794,3.69538102303618
GLP,2024,42.1006875,4,40.56382,3.740064070721271
GLP,2025,44.9550725,4,44.40333,3.805663602159271
GLP,2026,43.228296666666665,3,43.4221,3.7664952962531864
GMB,2006,12.967279999999999,4,10.81612,2.5624292616088526
GMB,2007,15.697232499999998,4,13.02704,2.753484422930845
GMB,2008,19.45134,4,19.92804,2.9679159622928735
GMB,2009,20.8978125,4,19.90327,3.0396444884212244
GMB,2010,21.78761,4,21.86138,3.081341459599889
GMB,2011,21.10047,4,22.68528,3.049295315115456
GMB,2012,29.6593825,4,21.92017,3.389778517207829
GMB,2013,31.57416,4,36.76755,3.4523390645572642
GMB,2014,29.731485,4,29.67828,3.3922065853084824
GMB,2015,29.0233725,4,27.58184,3.368101453660421
GMB,2016,25.301295,4,25.92079,3.230855580194279
GMB,2017,20.4279875,4,21.41549,3.0169058968799822
GMB,2018,21.5182875,4,20.78772,3.068903154989609
GMB,2019,16.365740000000002,4,16.25129,2.7951901253848384
GMB,2020,15.057355,4,15.50315,2.7118665761367575
GMB,2021,14.7137875,4,15.47192,2.688784979377785
GMB,2022,13.679265000000001,4,12.52736,2.6158811826808246
GMB,2023,12.666295,4,14.35282,2.5389445285225247
GMB,2024,13.479442500000001,4,12.20986,2.6011657470621476
GMB,2025,15.3489525,4,16.08825,2.731047230662335
GMB,2026,16.97167333333333,3,15.85231,2.8315456797669905
GNB,2006,13.77662,4,10.25497,2.622972952479845
GNB,2007,15.785535,4,14.90269,2.7590940143719345
GNB,2008,13.635245,4,13.65993,2.612657984599634
GNB,2009,15.833575,4,13.35799,2.7621326854138997
GNB,2010,14.72843,4,18.26099,2.6897796395936613
GNB,2011,15.70812,4,14.17753,2.754177776105987
GNB,2012,14.6123175,4,14.61235,2.6818648374130944
GNB,2013,11.345645000000001,4,14.7635,2.4288339698550336
GNB,2014,12.299765,4,10.20636,2.509580156504799
GNB,2015,10.1863875,4,9.40479,2.321052270149971
GNB,2016,11.59884,4,12.19446,2.4509050931119853
GNB,2017,13.822725,4,10.05802,2.626313976905391
GNB,2018,13.87422,4,12.75063,2.630032441836091
GNB,2019,11.2786525,4,10.87693,2.4229117797142337
GNB,2020,12.2036525,4,10.81414,2.5017352921782927
GNB,2021,11.573135,4,9.75814,2.4486864638804238
GNB,2022,12.3253275,4,9.75814,2.511656291583838
GNB,2023,16.76566,4,16.61952,2.8193327468736937
GNB,2024,15.9780025,4,15.96103,2.7712129325249775
GNB,2025,16.523355000000002,4,16.14578,2.8047748346404955
GNB,2026,13.887799999999999,3,14.86751,2.631010756892641
GNQ,2006,23.085875,4,23.31697,3.139220958641113
GNQ,2007,21.9095175,4,22.63105,3.0869211314570846
GNQ,2008,21.1682875,4,22.28658,3.0525041891019855
GNQ,2009,22.2937375,4,20.79522,3.104305809429645
GNQ,2010,28.40083,4,27.50157,3.3464183700922208
GNQ,2011,31.24977,4,31.08552,3.4420120161553256
GNQ,2012,32.875505,4,31.62612,3.492727851596676
GNQ,2013,33.86825,4,37.9431,3.5224779973519365
GNQ,2014,32.7857675,4,32.63585,3.4899945035376514
GNQ,2015,32.873895,4,35.63793,3.4926788777657265
GNQ,2016,27.0083075,4,21.56529,3.296144503864135
GNQ,2017,32.563717499999996,4,32.53397,3.4831987084499274
GNQ,2018,33.942305,4,32.73373,3.5246621714658533
GNQ,2019,35.187945,4,34.98108,3.5607035523563546
GNQ,2020,35.6711575,4,35.76194,3.574342449082598
GNQ,2021,36.309062499999996,4,35.53408,3.5920673657594024
GNQ,2022,35.4591025,4,36.17983,3.568379990117067
GNQ,2023,34.13947,4,34.63085,3.5304541929341333
GNQ,2024,33.85735,4,34.00775,3.5221561102045618
GNQ,2025,33.5788,4,33.34103,3.5138949154539856
GNQ,2026,33.08439333333333,3,33.21218,3.4990616706881776
GRC,2006,133.09285,4,129.24585,4.8910470049498835
GRC,2007,118.9868325,4,109.83475,4.7790128357287225
GRC,2008,114.0030275,4,125.91559,4.736225005059408
GRC,2009,108.2285825,4,99.75514,4.684245495113276
GRC,2010,108.28328,4,110.95027,4.684750756123293
GRC,2011,109.6297075,4,106.52595,4.697108391617578
GRC,2012,117.77279250000001,4,109.28642,4.7687572810438565
GRC,2013,133.358635,4,127.6656,4.893042002937246
GRC,2014,147.3973,4,149.28442,4.993131662084076
GRC,2015,137.4892075,4,142.66118,4.923545423116963
GRC,2016,136.96251,4,135.64159,4.919707238744195
GRC,2017,159.86685749999998,4,142.05968,5.074341328187622
GRC,2018,178.469255,4,184.91844,5.184416345488168
GRC,2019,182.1222,4,176.22171,5.204677890340907
GRC,2020,182.50453,4,181.57988,5.206774994632296
GRC,2021,186.41707,4,183.89533,5.227986475311769
GRC,2022,181.066615,4,176.75874,5.198865002230239
GRC,2023,194.44476,4,186.0753,5.270148112437166
GRC,2024,180.5899775,4,191.61425,5.196229143872627
GRC,2025,180.19002999999998,4,186.90138,5.194012016229635
GRC,2026,172.72402333333335,3,172.40413,5.151695079898507
GRD,2006,22.66403,4,22.66403,3.1207790862124787
GRD,2007,28.452615,4,27.91564,3.3482400719898324
GRD,2008,27.3063875,4,27.28133,3.3071206491821568
GRD,2009,23.883712499999998,4,27.3312,3.1731967412651185
GRD,2010,22.1027475,4,22.70629,3.095701922063427
GRD,2011,20.6309975,4,20.28997,3.0267946778289314
GRD,2012,28.16464,4,21.65259,3.3380672904435795
GRD,2013,32.4377925,4,30.75837,3.479324178226492
GRD,2014,30.5062275,4,31.35172,3.4179308430992688
GRD,2015,27.11683,4,26.94726,3.3001545683346665
GRD,2016,26.507425,4,31.42882,3.2774248824259047
GRD,2017,23.0801475,4,23.03606,3.138972832434036
GRD,2018,25.325375,4,21.63333,3.231806857527585
GRD,2019,23.893625,4,21.17908,3.17361168695531
GRD,2020,24.7994925,4,24.82101,3.2108231892518746
GRD,2021,24.1090875,4,24.78574,3.182588844110612
GRD,2022,21.9036275,4,19.16296,3.086652262375192
GRD,2023,24.2886575,4,25.92271,3.1900094718283616
GRD,2024,23.2768825,4,23.67862,3.1474607006658193
GRD,2025,23.1405925,4,23.14297,3.1415883264506923
GRD,2026,21.076430000000002,3,21.05928,3.048155354492302
GRL,2006,4.48596,4,4.48596,1.5009525194287492
GRL,2012,4.76003,1,,1.5602539707444762
GRL,2013,4.467635,4,4.46593,1.4968591858377491
GRL,2014,5.047924999999999,4,4.46313,1.6189772677592849
GRL,2015,5.63272,4,5.63272,1.7285924515938795
GRL,2016,5.573985,4,5.63272,1.7181102379904736
GRL,2017,5.51609,4,5.51525,1.7076692759690866
GRL,2018,5.51567,4,5.51693,1.70759313218057
GRL,2019,5.51525,4,5.51525,1.7075169825937353
GRL,2020,8.889334999999999,4,5.51525,2.1848522435783115
GRL,2021,11.9120025,4,12.72903,2.4775465052540833
GRL,2022,11.63966,4,11.63966,2.4544182322546892
GRL,2023,11.63966,4,11.63966,2.4544182322546892
GRL,2024,11.64536,4,11.64194,2.4549078174140626
GRL,2025,11.985225,4,11.6465,2.483674641176962
GRL,2026,12.323950000000002,3,12.32395,2.511544523601881
GTM,2006,91.948495,4,91.6463,4.521228583325297
GTM,2007,88.771,4,84.31867,4.486060020083805
GTM,2008,82.02933,4,83.05815,4.4070768662377935
GTM,2009,89.4825725,4,84.04284,4.494043885649887
GTM,2010,88.73044999999999,4,94.93646,4.485603122399809
GTM,2011,81.98935,4,80.9892,4.406589360780589
GTM,2012,75.3899775,4,76.6275,4.322674341775496
GTM,2013,83.898695,4,76.81926,4.429610059120964
GTM,2014,87.4794925,4,83.36386,4.471404394465722
GTM,2015,87.814065,4,93.63873,4.475221681433311
GTM,2016,96.6769925,4,92.52523,4.571375447573188
GTM,2017,96.25468000000001,4,99.1745,4.566997595362439
GTM,2018,99.4530925,4,96.02652,4.599686100844664
GTM,2019,98.0818475,4,100.22881,4.585802308674442
GTM,2020,99.218405,4,95.33842,4.5973235313556655
GTM,2021,107.249835,4,101.26961,4.6751610193454045
GTM,2022,104.1278925,4,108.74126,4.645619879212819
GTM,2023,105.9548825,4,104.96832,4.663013366710563
GTM,2024,107.4671225,4,109.42684,4.677184963580678
GTM,2025,107.790345,4,109.3141,4.68018809045638
GTM,2026,109.09727666666667,3,109.24935,4.692239930718736
GUF,2006,21.4527325,4,21.66853,3.0658520265380904
GUF,2007,20.58656,4,20.80534,3.0246384356878373
GUF,2008,16.269455,4,16.79503,2.7892894234357284
GUF,2009,15.5989425,4,16.10703,2.7472031234962113
GUF,2010,15.42958,4,15.42958,2.736286446302727
GUF,2011,15.435655,4,15.42958,2.736680093075768
GUF,2012,16.080669999999998,4,15.44173,2.7776179295494554
GUF,2013,15.5302925,4,15.50508,2.7427924714970726
GUF,2014,15.504745,4,15.50374,2.7411461061095275
GUF,2015,15.7172625,4,15.50508,2.7547596306153435
GUF,2016,16.7989,4,16.82325,2.8213134080750777
GUF,2017,17.1069775,4,16.76838,2.839486421218223
GUF,2018,17.608442500000002,4,18.12277,2.8683784745308363
GUF,2019,16.767065000000002,4,17.44394,2.8194165456106486
GUF,2020,16.5691325,4,16.70487,2.8075414764167945
GUF,2021,16.5281,4,16.5281,2.805061962697798
GUF,2022,16.534534999999998,4,16.5281,2.805451223873216
GUF,2023,16.1846,4,16.57878,2.784060172831224
GUF,2024,18.8521375,4,16.8076,2.9366263026907315
GUF,2025,19.5312725,4,19.53365,2.9720168989360114
GUF,2026,15.4551,3,15.4551,2.737939045961076
GUM,2006,22.358215,4,21.63257,3.1071938150466427
GUM,2007,22.7748225,4,22.89525,3.1256556494822814
GUM,2008,25.766205,4,22.26129,3.2490637495590593
GUM,2009,24.99946,4,28.66192,3.218854224634917
GUM,2010,23.29319,4,21.83468,3.1481610431729754
GUM,2011,23.50529,4,23.77757,3.157225502200452
GUM,2012,22.5229,4,22.5229,3.1145325694035106
GUM,2013,25.3626225,4,25.77391,3.233276535105769
GUM,2014,25.8122575,4,25.23991,3.2508494760039977
GUM,2015,26.0370925,4,26.38453,3.259522155960539
GUM,2016,28.153637500000002,4,27.64353,3.3376765647101805
GUM,2017,25.63022,4,26.78002,3.2437721240301274
GUM,2018,22.2060225,4,22.17386,3.1003635358712254
GUM,2019,22.5597975,4,22.30241,3.116169450525743
GUM,2020,22.9388025,4,23.53712,3.1328299089437412
GUM,2021,22.777695,4,22.75494,3.1257817676492436
GUM,2022,22.8081575,4,22.80825,3.1271182570582927
GUM,2023,22.80788,4,22.80788,3.12710609028471
GUM,2024,22.8474325,4,22.84765,3.12883874778848
GUM,2025,22.83829,4,22.83829,3.1284385133335233
GUM,2026,22.83829,3,22.83829,3.1284385133335233
GUY,2006,33.7623725,4,33.37324,3.5193469427324846
GUY,2007,33.891795,4,32.28721,3.5231729496928805
GUY,2008,38.580275,4,39.52057,3.652741135497798
GUY,2009,38.6978075,4,37.68785,3.655782944684082
GUY,2010,43.67502,4,45.7055,3.776776313947892
GUY,2011,41.3567,4,45.59177,3.7222344397829605
GUY,2012,37.7481075,4,38.29369,3.6309353419880295
GUY,2013,40.253555,4,38.82593,3.6951983229456937
GUY,2014,39.78409,4,37.75135,3.6834670836258447
GUY,2015,41.63989,4,41.64484,3.729058602052597
GUY,2016,42.8780875,4,39.6208,3.758360914555196
GUY,2017,43.6595375,4,39.1463,3.77642175784535
GUY,2018,42.2023075,4,42.17891,3.742474899641851
GUY,2019,37.6519725,4,37.25077,3.6283853433118187
GUY,2020,35.730005,4,36.4978,3.575990811973736
GUY,2021,37.5975925,4,35.43615,3.6269400190905694
GUY,2022,33.0801825,4,32.42694,3.49893438706893
GUY,2023,34.4322875,4,34.46552,3.538994714295352
GUY,2024,38.187535,4,36.49143,3.6425091534616723
GUY,2025,43.19236,4,41.69639,3.76566362775808
GUY,2026,44.17748333333333,3,44.97228,3.7882152324340486
HKG,2006,557.0094025,4,555.33403,6.322582120395221
HKG,2007,570.9269375,4,552.5654,6.347261246127521
HKG,2008,570.6875575,4,580.92777,6.346841875132221
HKG,2009,522.8493925,4,539.69123,6.259293454142804
HKG,2010,548.3091975,4,505.11048,6.306839356845273
HKG,2011,571.85347,4,577.3474,6.348882787233647
HKG,2012,530.5436975,4,536.51007,6.27390232506706
HKG,2013,527.0926724999999,4,523.12087,6.267376382227823
HKG,2014,493.33435,4,505.23188,6.201187138898739
HKG,2015,488.7507175,4,488.02845,6.191852579329188
HKG,2016,472.998275,4,477.71805,6.159091741550822
HKG,2017,464.85587250000003,4,467.65296,6.141727405929524
HKG,2018,469.41161,4,473.63844,6.151480016813649
HKG,2019,444.3982175,4,446.99475,6.096721046731328
HKG,2020,429.59491249999996,4,437.17724,6.062842700712987
HKG,2021,432.6727525,4,438.57914,6.069981674367572
HKG,2022,406.6533675,4,415.33842,6.00796114565559
HKG,2023,399.2623075,4,403.35226,5.989618613169775
HKG,2024,379.0158825,4,389.03772,5.937578110536834
HKG,2025,349.34358499999996,4,364.64876,5.856055922156327
HKG,2026,351.8312133333333,3,338.28394,5.863151553021818
HND,2006,61.7862575,4,59.19679,4.123680969185487
HND,2007,64.6004825,4,61.56306,4.16822187980091
HND,2008,53.223225,4,56.93529,3.974494861233317
HND,2009,63.4179625,4,57.64866,4.149747141504869
HND,2010,64.3783425,4,67.92698,4.16477727996608
HND,2011,59.1877,4,59.14978,4.080713750032457
HND,2012,62.795245,4,61.02879,4.139879354047
HND,2013,68.48223,4,67.3146,4.226574295555619
HND,2014,69.05681,4,67.01921,4.234929499177629
HND,2015,64.71083250000001,4,66.87688,4.169928614076824
HND,2016,68.97806,4,65.50108,4.233788483019265
HND,2017,67.9424125,4,70.38411,4.2186604713748865
HND,2018,60.0653225,4,61.94049,4.095432678342309
HND,2019,56.86752,4,59.84653,4.040724352138547
HND,2020,52.0903,4,48.15166,3.95297875100333
HND,2021,53.15791,4,53.55021,3.9732669177975364
HND,2022,57.223405,4,53.65329,4.04696299301681
HND,2023,62.7619925,4,59.9663,4.139349675289494
HND,2024,63.480245,4,68.09305,4.150728755134062
HND,2025,60.8055375,4,61.24454,4.107680862127467
HND,2026,62.64970333333334,3,62.91772,4.137558946028924
HRV,2006,33.186875,4,31.4686,3.502154466433112
HRV,2007,38.9549825,4,39.19904,3.662406684546422
HRV,2008,42.0672425,4,41.87273,3.7392693499348555
HRV,2009,32.5590525,4,38.71613,3.4830554405880725
HRV,2010,47.887969999999996,4,47.28178,3.8688643246484027
HRV,2011,48.4748575,4,51.4803,3.8810452614647764
HRV,2012,48.751464999999996,4,46.51258,3.8867352482743764
HRV,2013,46.282894999999996,4,45.06184,3.8347724543880695
HRV,2014,50.472674999999995,4,49.97262,3.9214321007308635
HRV,2015,55.075694999999996,4,52.40012,4.008708511764483
HRV,2016,60.593465,4,60.85852,4.104187048976475
HRV,2017,64.6038475,4,63.52421,4.168273967838529
HRV,2018,59.435162500000004,4,63.58652,4.084886012508097
HRV,2019,60.2534,4,56.40665,4.098559002313835
HRV,2020,61.58767,4,60.96406,4.120461688166658
HRV,2021,60.917765,4,60.83442,4.1095248398949975
HRV,2022,62.932922500000004,4,61.07908,4.1420694369499484
HRV,2023,61.036505000000005,4,61.01395,4.111472127800885
HRV,2024,60.8492375,4,61.03701,4.108399288541549
HRV,2025,61.832795,4,61.15923,4.12443388714202
HRV,2026,65.98916666666666,3,63.19117,4.189490587139608
HTI,2006,22.2870175,4,18.42788,3.10400433404858
HTI,2007,18.117675,4,24.10621,2.896887981123961
HTI,2008,21.7042075,4,19.89736,3.0775061357606166
HTI,2009,29.3593125,4,27.57496,3.379609787259617
HTI,2010,25.185200000000002,4,26.86359,3.2262565204009443
HTI,2011,35.084635,4,38.56873,3.557763285343881
HTI,2012,37.15581,4,33.74793,3.6151201519370035
HTI,2013,42.890385,4,44.97997,3.7586476749398883
HTI,2014,44.016725,4,43.19614,3.784569675329738
HTI,2015,42.06029,4,39.78253,3.7391040651628145
HTI,2016,45.60888,4,43.00369,3.820102434403688
HTI,2017,35.68298,4,42.54638,3.5746738244035647
HTI,2018,38.7340125,4,34.25562,3.6567180900193827
HTI,2019,41.00118,4,41.68709,3.7136008467779624
HTI,2020,37.117752499999995,4,37.30113,3.614095359209964
HTI,2021,35.33865,4,36.02837,3.5649772658223404
HTI,2022,31.664995,4,31.74742,3.4552118120653335
HTI,2023,31.797075,4,31.16752,3.459374304423532
HTI,2024,32.512365,4,31.45702,3.4816204785170144
HTI,2025,27.922895,4,32.4096,3.329446961630575
HTI,2026,26.511736666666668,3,25.48363,3.2775875280257454
IDN,2006,220.3248875,4,215.79925,5.395103218376267
IDN,2007,227.2748325,4,224.74087,5.42616000101502
IDN,2008,240.91148750000002,4,240.14229,5.484429594245623
IDN,2009,235.0735125,4,239.28907,5.459898284375386
IDN,2010,237.63584500000002,4,235.48449,5.470739438904456
IDN,2011,237.2379075,4,240.15963,5.4690634667495335
IDN,2012,219.30391500000002,4,221.88776,5.390458507521675
IDN,2013,230.254365,4,228.29615,5.439184632610445
IDN,2014,224.17410999999998,4,226.09357,5.412423026717595
IDN,2015,232.1924425,4,232.63493,5.44756652136116
IDN,2016,217.835235,4,222.6129,5.383738974273899
IDN,2017,224.04026249999998,4,206.86786,5.411825779006719
IDN,2018,232.20171249999999,4,233.3635,5.447606444344261
IDN,2019,224.9042925,4,228.02743,5.41567494504369
IDN,2020,208.188245,4,228.78422,5.338442694452449
IDN,2021,196.7567225,4,196.00238,5.281968054439349
IDN,2022,217.057525,4,199.65046,5.380162410575639
IDN,2023,236.861145,4,254.28323,5.467474083360868
IDN,2024,229.0517775,4,228.99647,5.4339480806169815
IDN,2025,241.2390375,4,241.02566,5.485788298772141
IDN,2026,257.6706566666667,3,253.81537,5.551682244922317
IND,2006,213.52365500000002,4,212.11591,5.363747622784155
IND,2007,237.81793,4,224.36199,5.471505380909656
IND,2008,256.5276725,4,245.35121,5.547236543781911
IND,2009,252.16614249999998,4,255.56395,5.530088165906455
IND,2010,245.9294925,4,246.23186,5.5050448789965305
IND,2011,260.096225,4,250.50613,5.561051658700685
IND,2012,237.7845675,4,249.86697,5.471365085178537
IND,2013,233.1498425,4,235.87037,5.451681347723327
IND,2014,233.6457625,4,232.16342,5.453806132880969
IND,2015,245.322365,4,239.65527,5.502573121180904
IND,2016,262.718035,4,249.8945,5.571081346790295
IND,2017,253.9218525,4,254.63632,5.5370265523564015
IND,2018,256.6740125,4,257.57112,5.547806845899942
IND,2019,245.61326,4,242.56352,5.503758185043581
IND,2020,251.06059249999998,4,248.49937,5.525694314380904
IND,2021,270.4622,4,267.93122,5.60013234730186
IND,2022,295.253175,4,289.37037,5.687833208618297
IND,2023,330.6207925,4,319.50219,5.800972076633668
IND,2024,345.64030249999996,4,337.27936,5.845398646160873
IND,2025,397.25214500000004,4,388.69582,5.984571205024651
IND,2026,387.42899000000006,3,397.92414,5.9595325803878705
IRL,2006,72.60696,4,74.1217,4.285060785004324
IRL,2007,80.56799,4,80.30351,4.3891014242270785
IRL,2008,68.6193475,4,79.98199,4.228574528495558
IRL,2009,57.642105,4,56.21341,4.054253290242422
IRL,2010,56.5987975,4,60.78635,4.035987739400408
IRL,2011,47.5919825,4,48.97015,3.8626643121766784
IRL,2012,56.7762875,4,54.64466,4.039118764969196
IRL,2013,51.23458,4,48.89343,3.9364146946968557
IRL,2014,54.4801725,4,52.04101,3.997836828135804
IRL,2015,57.636160000000004,4,55.94384,4.054150148509586
IRL,2016,58.33876,4,57.34926,4.066266709499944
IRL,2017,52.570635,4,51.27737,3.96215769389099
IRL,2018,55.363545,4,52.58876,4.013921344663859
IRL,2019,55.9013225,4,56.59186,4.023588038199626
IRL,2020,57.2232775,4,51.10914,4.046960764905043
IRL,2021,55.376245,4,55.13756,4.014150711182537
IRL,2022,57.3966725,4,55.97165,4.0499863312618976
IRL,2023,57.516875,4,58.38604,4.052078383007854
IRL,2024,62.841564999999996,4,57.77892,4.140616717596722
IRL,2025,62.633555,4,65.85219,4.137301156861598
IRL,2026,60.45299333333333,3,60.16845,4.101866093342433
IRN,2006,100.8116425,4,92.87752,4.613253849959606
IRN,2007,102.8123675,4,104.94949,4.632905652205062
IRN,2008,100.34763,4,98.98243,4.608640457624141
IRN,2009,108.919535,4,110.15817,4.690609398608051
IRN,2010,120.2131025,4,118.1602,4.789266021984031
IRN,2011,116.79734,4,125.32175,4.760440296162193
IRN,2012,85.60504,4,89.56774,4.449744159919098
IRN,2013,72.1653,4,84.71856,4.278959320950774
IRN,2014,60.816215,4,60.06445,4.107856447494524
IRN,2015,74.26494,4,64.53718,4.307638969563577
IRN,2016,112.29656,4,121.91532,4.721143229040137
IRN,2017,104.70949,4,103.47503,4.651189753692533
IRN,2018,86.96363,4,103.12643,4.465489985271992
IRN,2019,53.19455,4,51.97369,3.973955947490871
IRN,2020,53.9989075,4,46.52145,3.988963814878134
IRN,2021,56.618902500000004,4,57.13511,4.036342895885857
IRN,2022,61.8406275,4,63.59559,4.12456055138163
IRN,2023,60.6674675,4,60.72392,4.10540759887101
IRN,2024,58.4572625,4,59.15791,4.068295931696506
IRN,2025,58.891999999999996,4,58.91722,4.075705258003162
IRN,2026,53.945883333333335,3,58.85669,3.9879813835718685
IRQ,2006,7.539277500000001,4,8.42721,2.0201263551474495
IRQ,2007,9.663665,4,3.30223,2.268372975856524
IRQ,2008,16.9900375,4,15.51283,2.8326271428620995
IRQ,2009,21.781295,4,18.95422,3.0810515739557935
IRQ,2010,25.38691,4,24.27248,3.234233686853097
IRQ,2011,25.5897325,4,25.93837,3.24219119681499
IRQ,2012,21.8437275,4,18.17539,3.083913809390635
IRQ,2013,27.525714999999998,4,27.57693,3.3151206586564674
IRQ,2014,30.28888,4,32.7759,3.4107806484558836
IRQ,2015,29.43132,4,28.90828,3.382059413431193
IRQ,2016,36.768135,4,33.60273,3.604631573330623
IRQ,2017,58.566695,4,53.11518,4.070166190303994
IRQ,2018,68.2107925,4,63.43142,4.22260280013014
IRQ,2019,64.024465,4,64.72055,4.159265275939783
IRQ,2020,75.40687,4,70.94075,4.322898384921632
IRQ,2021,72.8629725,4,76.44143,4.288580588167934
IRQ,2022,65.70156,4,65.29016,4.185122669500911
IRQ,2023,73.4816675,4,68.65204,4.297035953339301
IRQ,2024,79.121595,4,74.37072,4.370985846363031
IRQ,2025,86.8748125,4,93.64384,4.464468145609246
IRQ,2026,53.55267,3,83.81105,3.9806656555947697
ISL,2006,18.8168925,4,18.63188,2.93475500362702
ISL,2007,19.3368175,4,19.32717,2.962010921158685
ISL,2008,19.21451,4,18.67977,2.955665722780907
ISL,2009,17.7993275,4,18.19444,2.879160675685447
ISL,2010,15.8745075,4,16.50283,2.7647145206754655
ISL,2011,15.4940775,4,16.33392,2.7404578541334343
ISL,2012,16.039360000000002,4,15.4946,2.7750457013929557
ISL,2013,17.413225,4,16.76368,2.8572299749943433
ISL,2014,18.40454,4,17.71573,2.9125973733102817
ISL,2015,18.35791,4,19.25092,2.9100605442900567
ISL,2016,18.5411475,4,19.5992,2.919992451426287
ISL,2017,19.725105,4,17.09092,2.981892189911686
ISL,2018,21.8005775,4,21.79372,3.081936460269856
ISL,2019,21.2342525,4,21.53465,3.0556155618270755
ISL,2020,22.081252499999998,4,21.24035,3.09472894534354
ISL,2021,23.686545,4,23.6898,3.1649071654072167
ISL,2022,25.83294,4,25.83294,3.2516504217688262
ISL,2023,26.475895,4,25.83068,3.276234696392943
ISL,2024,27.891725,4,27.63158,3.3283300498522506
ISL,2025,28.534267500000002,4,28.40415,3.351105733429643
ISL,2026,27.743489999999998,3,27.98367,3.3230012180762327
ISR,2006,102.808055,4,101.58839,4.63286370598252
ISR,2007,102.906325,4,103.33211,4.633819108395079
ISR,2008,96.8354725,4,96.81074,4.57301337860188
ISR,2009,101.5203025,4,101.01144,4.620258803110125
ISR,2010,102.9841625,4,102.06231,4.634575214271104
ISR,2011,98.10922500000001,4,105.6255,4.5860813988473925
ISR,2012,103.47910999999999,4,97.34145,4.639369756585055
ISR,2013,110.172065,4,112.07603,4.7020433709359555
ISR,2014,104.97591750000001,4,104.18788,4.653730966708294
ISR,2015,106.8269475,4,105.59245,4.671210212115139
ISR,2016,111.47906499999999,4,112.84639,4.713836815423928
ISR,2017,113.4526425,4,114.0397,4.731385503153798
ISR,2018,112.88596749999999,4,115.25469,4.726378172022473
ISR,2019,112.873705,4,110.91693,4.726269538803119
ISR,2020,116.774905,4,111.27656,4.7602481928575475
ISR,2021,119.1091375,4,119.60591,4.780040194660984
ISR,2022,127.070225,4,122.18741,4.844739886392454
ISR,2023,138.41218750000002,4,129.44411,4.930236099277616
ISR,2024,88.98176749999999,4,108.58071,4.488431489194994
ISR,2025,98.047455,4,85.97882,4.585451596160665
ISR,2026,112.88825666666666,3,125.40826,4.726398450392825
ITA,2006,333.3900275,4,326.29583,5.809313058351639
ITA,2007,333.4056875,4,339.85958,5.809360029259372
ITA,2008,325.7169175,4,323.11563,5.786028652904389
ITA,2009,319.47519,4,337.77375,5.766679618220312
ITA,2010,295.25118,4,293.60702,5.6878264516825245
ITA,2011,300.981475,4,305.11431,5.707048718004415
ITA,2012,288.77653,4,292.0252,5.665653136403285
ITA,2013,282.0372575,4,276.52026,5.64203918100552
ITA,2014,286.0925075,4,287.88669,5.656315211317477
ITA,2015,289.7936925,4,294.52195,5.669169264639369
ITA,2016,289.390945,4,291.63415,5.667778524834345
ITA,2017,288.8129375,4,292.04596,5.665779203452969
ITA,2018,285.0571425,4,289.12009,5.6526896601712115
ITA,2019,283.025755,4,282.88435,5.645537900569484
ITA,2020,275.8216625,4,268.65814,5.619754506509717
ITA,2021,269.667815,4,262.04046,5.59719088672495
ITA,2022,273.17809750000004,4,274.13657,5.610123954277855
ITA,2023,287.9469075,4,279.40084,5.662776114183255
ITA,2024,284.908275,4,287.61624,5.652167286361102
ITA,2025,287.95912,4,286.97711,5.662818525616435
ITA,2026,288.45687,3,288.26861,5.664545577371958
JAM,2006,113.6765375,4,117.20813,4.73335702502097
JAM,2007,92.57504,4,97.05538,4.528019558881678
JAM,2008,83.964775,4,82.88032,4.430397365655415
JAM,2009,90.923405,4,89.21149,4.510017448789029
JAM,2010,93.7512925,4,90.56965,4.540645451422152
JAM,2011,93.29774,4,90.57215,4.535795884623155
JAM,2012,98.21773250000001,4,92.94052,4.587186774415069
JAM,2013,102.6428175,4,105.32809,4.631255170242397
JAM,2014,100.765505,4,103.56604,4.612796084767689
JAM,2015,101.000565,4,104.16916,4.615126110885019
JAM,2016,100.82326,4,95.70355,4.61336908298592
JAM,2017,101.2079325,4,101.87283,4.617177138168821
JAM,2018,98.73473750000001,4,96.47862,4.592436834874048
JAM,2019,98.7705925,4,100.01622,4.5927999136871
JAM,2020,105.114,4,102.8186,4.65504547548174
JAM,2021,111.3310875,4,112.74499,4.7125085319494415
JAM,2022,108.659035,4,103.75253,4.688214860171002
JAM,2023,120.4333075,4,118.18774,4.791096134982279
JAM,2024,124.787025,4,122.25543,4.826608484184298
JAM,2025,117.1957575,4,120.84652,4.763845677682259
JAM,2026,122.47054333333334,3,120.58589,4.807870538483985
JEY,2006,4.75538,4,4.75538,1.5592766086822731
JEY,2007,4.75538,4,4.75538,1.5592766086822731
JEY,2008,4.75538,4,4.75538,1.5592766086822731
JEY,2009,4.80666,4,4.75538,1.5700024562251795
JEY,2010,5.4098425,4,4.85794,1.6882199796804467
JEY,2011,7.06555,4,7.06555,1.9552308616556358
JEY,2012,6.2045449999999995,4,7.06555,1.8252820880066225
JEY,2013,6.380566666666667,3,8.16448,1.8532569126392548
JEY,2014,4.73773,1,,1.5555581180427542
JEY,2021,4.95561,1,,1.6005202681765325
JEY,2022,6.1496975,4,4.95561,1.8164028936168368
JEY,2023,4.95561,4,4.95561,1.6005202681765325
JEY,2024,4.95561,2,4.95561,1.6005202681765325
JOR,2006,67.95858,4,69.64958,4.2188984019415265
JOR,2007,71.900705,4,70.6735,4.275286069964047
JOR,2008,61.9645375,4,66.15887,4.126562245598077
JOR,2009,70.34052750000001,4,62.47325,4.253348126306884
JOR,2010,64.8268375,4,58.29613,4.171719676568701
JOR,2011,68.3257625,4,67.06494,4.224286891649409
JOR,2012,62.61729,4,64.44746,4.137041438053451
JOR,2013,57.9786175,4,59.13992,4.060074278780113
JOR,2014,58.6704,4,53.97518,4.071935340708971
JOR,2015,63.625205,4,60.08864,4.153009696869425
JOR,2016,65.8635825,4,67.12311,4.187585671156649
JOR,2017,64.995695,4,66.26448,4.174321036933052
JOR,2018,73.95718,4,72.0877,4.30348627707378
JOR,2019,68.523005,4,71.27238,4.227169528302804
JOR,2020,69.28646,4,67.93963,4.238249504710849
JOR,2021,70.41464,4,71.34216,4.254401196089902
JOR,2022,69.3021525,4,69.59127,4.238475966319547
JOR,2023,71.97545,4,71.36554,4.276325088649587
JOR,2024,70.17264,4,63.51927,4.250958491472249
JOR,2025,75.5454625,4,77.43977,4.324734627351898
JOR,2026,76.75023,3,76.62338,4.340556383205487
JPN,2006,519.59345,4,499.265,6.253046678866336
JPN,2007,514.8594175000001,4,523.51502,6.243893887670925
JPN,2008,495.9463575,4,504.81414,6.20646777067466
JPN,2009,463.725435,4,473.91641,6.139292642168262
JPN,2010,475.776565,4,464.36058,6.164948342767657
JPN,2011,462.8175225,4,469.71618,6.1373328565301755
JPN,2012,439.29376,4,441.91722,6.085168346464734
JPN,2013,432.7417425,4,437.87917,6.070141112418459
JPN,2014,419.730935,4,412.09343,6.039613875033342
JPN,2015,429.41048,4,431.20039,6.062413291294969
JPN,2016,416.8269975,4,431.69657,6.032671261614012
JPN,2017,396.679305,4,401.10024,5.983128158274441
JPN,2018,400.27648,4,396.56105,5.99215550833928
JPN,2019,412.359705,4,411.50837,6.021896038833613
JPN,2020,411.3216225,4,411.53343,6.01937544497054
JPN,2021,394.18544499999996,4,402.42327,5.9768214711551675
JPN,2022,391.132925,4,384.22354,5.969047463848331
JPN,2023,411.3283075,4,403.46061,6.019391697327117
JPN,2024,418.040245,4,421.47899,6.03557770779445
JPN,2025,421.5241375,4,410.38898,6.043877041519966
JPN,2026,416.68969666666663,3,421.9084,6.032341812100796
KEN,2006,58.3404425,4,55.14892,4.066295549258257
KEN,2007,61.3798275,4,60.12435,4.11708123882596
KEN,2008,57.71431,4,59.3685,4.055505149697828
KEN,2009,60.76021,4,62.74562,4.106935133942797
KEN,2010,61.9903675,4,59.31001,4.1269790100718
KEN,2011,65.9879575,4,67.94315,4.189472263256976
KEN,2012,59.75102,4,59.58213,4.090186261795617
KEN,2013,56.346975,4,52.30089,4.031528556702335
KEN,2014,58.1385925,4,56.57805,4.062829686031362
KEN,2015,54.80386,4,52.77747,4.003760629429538
KEN,2016,56.33511,4,56.2083,4.031317964219175
KEN,2017,57.4975125,4,58.12416,4.051741685997961
KEN,2018,64.2564,4,60.42967,4.162881329709435
KEN,2019,63.883425,4,70.91912,4.157059938064808
KEN,2020,58.3988925,4,60.63118,4.067296925613266
KEN,2021,58.50195,4,57.63038,4.069060087015601
KEN,2022,56.0686925,4,56.0106,4.026577590798234
KEN,2023,62.982797500000004,4,62.06252,4.142861633549521
KEN,2024,68.6145075,4,67.46407,4.228503991965019
KEN,2025,78.202495,4,75.04101,4.359301552413144
KEN,2026,80.94273,3,81.24464,4.393741867566837
KHM,2006,18.721719999999998,4,17.0913,2.929684347170586
KHM,2007,19.6482075,4,20.66596,2.977986112780302
KHM,2008,21.3178025,4,22.39519,3.059542521752691
KHM,2009,18.254405,4,18.10954,2.9044064207664952
KHM,2010,21.164685,4,18.04651,3.0523339908004745
KHM,2011,19.6915975,4,19.72667,2.980192021914563
KHM,2012,15.1057675,4,13.672,2.7150766245375393
KHM,2013,21.63114,4,19.70368,3.0741339431531065
KHM,2014,21.7191675,4,20.57498,3.0781951656018887
KHM,2015,31.1958025,4,25.54454,3.440283550508347
KHM,2016,36.898315,4,34.45863,3.6081658860472117
KHM,2017,34.5971075,4,35.41976,3.543770080303253
KHM,2018,32.3786575,4,29.43793,3.477499486611709
KHM,2019,32.2428625,4,34.28927,3.473296700917919
KHM,2020,39.07691,4,34.55474,3.66553175547122
KHM,2021,37.277455,4,38.13058,3.6183887203196994
KHM,2022,35.921765,4,35.64635,3.581343379197864
KHM,2023,41.0189375,4,40.34875,3.714033850309747
KHM,2024,47.5957,4,47.39277,3.862742421022366
KHM,2025,55.2327875,4,49.37803,4.0115567533981356
KHM,2026,68.12572999999999,3,62.62713,4.221354968522327
KIR,2008,8.63643,2,,2.155989302983173
KIR,2009,7.4530675,4,8.63643,2.0086256926142134
KIR,2010,9.86676,4,4.52202,2.289171532076624
KIR,2011,11.4123275,4,10.47791,2.4346941308013776
KIR,2012,13.426110000000001,4,11.7238,2.5972013185412424
KIR,2013,18.6272125,4,18.53304,2.924623549156727
KIR,2014,13.02848,4,13.49307,2.5671377304564897
KIR,2015,14.6663275,4,15.67525,2.6855542199827647
KIR,2016,16.6869375,4,16.15351,2.8146262277271767
KIR,2017,15.001305,4,14.98733,2.70813719731793
KIR,2018,12.545065,4,15.04323,2.5293273611521125
KIR,2019,7.58205,4,5.05057,2.0257836116384764
KIR,2020,15.4733475,4,15.17649,2.7391190277314026
KIR,2021,15.3533975,4,15.12024,2.731336785047003
KIR,2022,16.04899,4,16.04899,2.7756459192470437
KIR,2023,16.5478775,4,16.05186,2.806257845864489
KIR,2024,16.310395,4,16.64843,2.791802634610664
KIR,2025,16.1384575,4,16.19075,2.7812050882623067
KIR,2026,15.471820000000001,3,15.49468,2.7390203047239257
KNA,2006,12.3793025,4,12.88739,2.516025924796869
KNA,2007,18.1290325,4,12.20994,2.8975146587537406
KNA,2008,20.279645000000002,4,19.48213,3.009617673638803
KNA,2009,22.67119,4,22.67119,3.121094955422313
KNA,2010,21.529922499999998,4,22.67119,3.0694437117413673
KNA,2011,17.4302925,4,17.43083,2.858209640802483
KNA,2012,17.42868,4,17.42868,2.8581171251667365
KNA,2013,18.06897,4,17.42868,2.8941961024261404
KNA,2014,20.15232,4,20.15109,3.0033194182414236
KNA,2015,20.5975775,4,20.74586,3.025173471793077
KNA,2016,22.737904999999998,4,21.50762,3.124033355670216
KNA,2017,24.64407,4,23.23131,3.2045363035962695
KNA,2018,24.638939999999998,4,26.05341,3.204328118259435
KNA,2019,25.24322,4,25.37596,3.228557604813316
KNA,2020,20.8638325,4,21.94282,3.038017157529501
KNA,2021,17.1168475,4,17.62493,2.840063212402355
KNA,2022,15.5944775,4,15.5926,2.7469168451701735
KNA,2023,10.112105,4,15.60011,2.313733221053123
KNA,2024,8.28277,4,8.28277,2.114177453513586
KNA,2025,10.3281575,4,8.28277,2.3348739032344157
KNA,2026,11.78915,3,11.78915,2.4671796169545512
KOR,2006,432.6384975,4,428.34609,6.069902500544239
KOR,2007,451.9465375,4,444.97668,6.113563892969359
KOR,2008,458.486585,4,457.75816,6.127931032817011
KOR,2009,464.7838775,4,470.66507,6.141572517973961
KOR,2010,490.56633999999997,4,455.57541,6.195560519605154
KOR,2011,523.153505,4,513.72501,6.259874929603906
KOR,2012,513.5042525,4,500.68912,6.241258310736464
KOR,2013,520.938515,4,525.49089,6.2556320213535335
KOR,2014,506.73202000000003,4,507.38465,6.22798230369623
KOR,2015,530.0305375,4,519.49288,6.272934622810847
KOR,2016,536.4279300000001,4,536.18308,6.284932219403192
KOR,2017,537.51191,4,528.1206,6.286950917895865
KOR,2018,552.5195925,4,545.62551,6.314488894301624
KOR,2019,562.3173724999999,4,556.09029,6.332066410250388
KOR,2020,551.8334375000001,4,558.90669,6.313246257083898
KOR,2021,564.408985,4,552.78212,6.33577913941254
KOR,2022,591.195395,4,587.33729,6.382146580361437
KOR,2023,624.9885975,4,604.63046,6.437733405569977
KOR,2024,639.8283725,4,640.34587,6.461199972421508
KOR,2025,627.5732375,4,630.88352,6.4418603773429
KOR,2026,635.8306233333333,3,635.72043,6.454932212358221
KWT,2006,49.750415,4,51.15089,3.9070188052783528
KWT,2007,49.51144,4,47.82153,3.902203753983697
KWT,2008,56.62284,4,51.07959,4.036412437380268
KWT,2009,55.6352925,4,58.63751,4.018817757077644
KWT,2010,46.97157,4,50.7186,3.849542525071084
KWT,2011,40.216715,4,38.72144,3.6942827052256653
KWT,2012,42.6033425,4,44.03428,3.751932712638623
KWT,2013,40.9929425,4,43.58772,3.713399917741184
KWT,2014,37.95868,4,36.29067,3.6364981996913843
KWT,2015,36.81798,4,36.8441,3.605986312811664
KWT,2016,33.5564025,4,32.63957,3.5132276797863504
KWT,2017,29.304537500000002,4,26.3764,3.377742367514139
KWT,2018,37.9405175,4,34.97159,3.636019604371673
KWT,2019,42.14425,4,43.35026,3.7410982575857967
KWT,2020,37.4968375,4,37.06287,3.6242565960867763
KWT,2021,33.302215000000004,4,34.3141,3.5056239112907894
KWT,2022,30.9079475,4,27.77893,3.4310133514805328
KWT,2023,40.425225,4,35.23431,3.69945397131039
KWT,2024,37.092405,4,37.64918,3.613412231674876
KWT,2025,35.9288925,4,38.51206,3.581541776826261
KWT,2026,30.34012,3,33.95811,3.4124709290872515
LBN,2006,71.11126,4,74.70901,4.264245692765306
LBN,2007,73.3182475,4,69.98095,4.294809520612741
LBN,2008,73.60938250000001,4,80.09929,4.298772497229559
LBN,2009,77.128175,4,68.65163,4.345468648315007
LBN,2010,74.98657250000001,4,75.0562,4.317309064174597
LBN,2011,87.73722749999999,4,82.77389,4.474346296196182
LBN,2012,84.5698975,4,80.76859,4.43757838177968
LBN,2013,86.6452475,4,83.03016,4.461822167571481
LBN,2014,88.35601249999999,4,85.69397,4.481374249647701
LBN,2015,92.46097,4,93.83352,4.526786609528195
LBN,2016,99.0423825,4,101.55005,4.595547864583942
LBN,2017,95.6220775,4,92.22413,4.560403729588167
LBN,2018,104.5991875,4,100.70036,4.650135783914229
LBN,2019,96.97512499999999,4,103.88596,4.5744545023172085
LBN,2020,87.7006925,4,99.64388,4.473929795584135
LBN,2021,92.9875525,4,97.62689,4.532465640109315
LBN,2022,90.30451500000001,4,92.15832,4.503187459172982
LBN,2023,98.345165,4,93.74667,4.588483382467493
LBN,2024,83.6220775,4,105.82898,4.426307570154599
LBN,2025,79.618945,4,75.61938,4.377252067044795
LBN,2026,94.22930666666667,3,93.04334,4.545731244308402
LBR,2006,14.189675000000001,4,11.50163,2.6525145874565275
LBR,2007,20.893825,4,15.66397,3.0394536607700178
LBR,2008,23.52301,4,25.36632,3.157979091032648
LBR,2009,19.82843,4,19.78477,2.9871167664271123
LBR,2010,17.0161975,4,19.11122,2.8341656845536627
LBR,2011,14.217405,4,15.51584,2.654466918270392
LBR,2012,22.1049675,4,14.47872,3.0958023570215274
LBR,2013,25.140675,4,23.65182,3.224487052443661
LBR,2014,27.2738125,4,26.53072,3.3059269927328296
LBR,2015,25.74458,4,26.18402,3.2482241195176833
LBR,2016,20.0689125,4,23.45017,2.999171975988897
LBR,2017,21.184595,4,19.47518,3.053274266595808
LBR,2018,21.0756575,4,17.96637,3.048118701503285
LBR,2019,21.525055,4,21.40832,3.0692176054789386
LBR,2020,21.321737499999998,4,22.5573,3.0597270922246596
LBR,2021,16.15283,4,14.61705,2.78209526651544
LBR,2022,15.497757499999999,4,17.42277,2.7406953360390585
LBR,2023,16.52631,4,15.49266,2.80495365642328
LBR,2024,20.3779225,4,22.5529,3.0144520844238487
LBR,2025,21.1869675,4,21.76356,3.0533862520814736
LBR,2026,17.965113333333335,3,19.08969,2.8884317291085297
LBY,2006,39.67048,4,37.31235,3.680607334276581
LBY,2007,47.8263675,4,47.63015,3.867577108749199
LBY,2008,47.56319,4,52.33724,3.862059142744008
LBY,2009,45.42755,4,41.54403,3.8161187491953585
LBY,2010,45.26778,4,42.77544,3.8125955211466707
LBY,2011,33.429775,4,45.11283,3.509446969927754
LBY,2012,34.805147500000004,4,30.66849,3.549765292508504
LBY,2013,61.90453,4,57.01468,4.125593359565342
LBY,2014,68.97948,4,67.26614,4.233809069063349
LBY,2015,60.920384999999996,4,61.07386,4.109567847770616
LBY,2016,49.9166625,4,57.66331,3.9103548648549915
LBY,2017,52.3568,4,47.67461,3.958081823818847
LBY,2018,55.062395,4,56.4262,4.00846699677063
LBY,2019,55.755602499999995,4,55.97389,4.02097789856466
LBY,2020,54.5428475,4,54.79482,3.9989865854421853
LBY,2021,50.9611825,4,53.02059,3.9310642154687856
LBY,2022,51.712485,4,48.4794,3.945699241722223
LBY,2023,54.0628325,4,52.08764,3.9901469349622025
LBY,2024,60.098605,4,51.96254,4.0959866299573
LBY,2025,64.52367000000001,4,62.93831,4.167032133226417
LBY,2026,64.46899,3,66.13472,4.166184332998479
LCA,2006,22.67147,4,22.67147,3.1211073058225764
LCA,2007,29.513795000000002,4,26.6095,3.3848577811609313
LCA,2008,29.28237,4,28.43269,3.376985628440384
LCA,2009,27.38724,4,30.452,3.310077211494505
LCA,2010,26.07488,4,26.14206,3.2609723987669463
LCA,2011,22.16657,4,21.31441,3.098585298081934
LCA,2012,30.568455,4,24.78598,3.4199685948807192
LCA,2013,34.7494875,4,32.73368,3.5481648237006067
LCA,2014,33.1034275,4,33.85353,3.4996368268710443
LCA,2015,30.5195325,4,29.83063,3.41836688847456
LCA,2016,26.721305,4,31.42882,3.285461187296179
LCA,2017,26.12417,4,27.52063,3.262860939445359
LCA,2018,26.927635,4,26.6862,3.293153082692295
LCA,2019,24.12612,4,23.17463,3.183295071017915
LCA,2020,21.68504,4,21.13151,3.076622621878665
LCA,2021,21.3419625,4,21.09624,3.060675205094151
LCA,2022,23.4377875,4,23.43591,3.1543495703220614
LCA,2023,26.0023925,4,25.86649,3.2581885530187416
LCA,2024,27.5453075,4,28.86056,3.3158321944129217
LCA,2025,27.2770025,4,27.27878,3.3060439479058603
LCA,2026,22.288236666666666,3,23.06204,3.104059035550109
LKA,2006,169.57133249999998,4,159.57196,5.133273678999855
LKA,2007,184.410745,4,179.6575,5.217165579489935
LKA,2008,187.82511499999998,4,183.81022,5.235511290527098
LKA,2009,165.6449675,4,174.74673,5.109846747964462
LKA,2010,169.48478,4,163.14346,5.132763129278502
LKA,2011,179.08051749999998,4,179.81475,5.187835523138524
LKA,2012,173.49114,4,170.11138,5.156126531800566
LKA,2013,176.65044,4,176.93167,5.174172864603071
LKA,2014,180.00714,4,177.64748,5.192996516770176
LKA,2015,188.55078500000002,4,181.02796,5.239367387047595
LKA,2016,212.8474175,4,197.33636,5.360575559243075
LKA,2017,214.01287250000001,4,220.43744,5.366036165081959
LKA,2018,217.6195125,4,222.69792,5.382748182376988
LKA,2019,213.4247,4,213.75931,5.363284077249371
LKA,2020,232.970205,4,223.41862,5.4509105698524465
LKA,2021,241.12946,4,244.98553,5.485333967685211
LKA,2022,237.12204,4,240.77708,5.468574945309581
LKA,2023,241.6686725,4,237.26927,5.48756766615212
LKA,2024,255.2400825,4,253.50812,5.5422046022252935
LKA,2025,267.2207375,4,266.81343,5.588075049055151
LKA,2026,271.48093666666665,3,274.2258,5.603891922053072
LTU,2006,36.88494,4,29.83233,3.6078033376574314
LTU,2007,37.171135,4,37.2895,3.6155325192209586
LTU,2008,34.6153975,4,37.63873,3.5442985975249814
LTU,2009,38.15161,4,36.40699,3.641567958674856
LTU,2010,40.808685000000004,4,40.58156,3.708894926404072
LTU,2011,40.162912500000004,4,40.19756,3.6929439951642093
LTU,2012,42.513615,4,45.16728,3.7498243775695004
LTU,2013,41.20959,4,42.50271,3.718670996259739
LTU,2014,43.401505,4,40.34597,3.7704941179244664
LTU,2015,43.8706775,4,43.31197,3.7812461584142434
LTU,2016,43.50998,4,45.25445,3.772990337068038
LTU,2017,39.7731975,4,35.15187,3.683193255786552
LTU,2018,60.36988,4,47.76567,4.1004903050641035
LTU,2019,59.90713,4,63.47139,4.092795529757224
LTU,2020,47.48487,4,49.6717,3.860411133984524
LTU,2021,51.6366325,4,45.24181,3.9442313527754225
LTU,2022,65.50929000000001,4,58.56636,4.182191964645059
LTU,2023,69.1695325,4,68.65606,4.23656048387923
LTU,2024,83.6610625,4,74.52956,4.426773666148562
LTU,2025,81.1968025,4,78.10348,4.396875868313478
LTU,2026,89.34346666666666,3,80.39375,4.49248811824555
LVA,2006,34.73896,4,34.08158,3.547861823692424
LVA,2007,32.03991,4,33.14345,3.466982313207449
LVA,2008,26.854210000000002,4,27.23607,3.29042260568399
LVA,2009,32.5415925,4,30.44154,3.4825190403598216
LVA,2010,33.932385,4,37.37518,3.524369868102976
LVA,2011,30.2327075,4,31.41723,3.4089243681284773
LVA,2012,35.7656875,4,37.35007,3.576988984079354
LVA,2013,31.7025025,4,28.77692,3.456395620985049
LVA,2014,33.1365225,4,31.72939,3.500636072877533
LVA,2015,30.639765,4,34.32848,3.4222986751301843
LVA,2016,31.50392,4,31.62156,3.4501119825334645
LVA,2017,27.3645975,4,26.73388,3.309250115918369
LVA,2018,31.278135,4,31.00601,3.4429192911374544
LVA,2019,33.70221,4,33.80644,3.5175634138431464
LVA,2020,32.322545,4,34.15453,3.4757649743646444
LVA,2021,30.9165725,4,31.86978,3.431292366992694
LVA,2022,33.99121,4,33.36901,3.5261019617799074
LVA,2023,39.962267499999996,4,38.75179,3.687935696414703
LVA,2024,42.04187,4,43.16758,3.738666026465722
LVA,2025,46.151717500000004,4,47.38747,3.831934175857678
LVA,2026,43.01723666666667,3,44.38235,3.7616008880867557
MAR,2006,65.03691500000001,4,63.73561,4.174955031765283
MAR,2007,72.7486225,4,62.48862,4.2870099711644345
MAR,2008,112.28327,4,96.20177,4.72102487468912
MAR,2009,140.70015999999998,4,135.12418,4.946631101290983
MAR,2010,166.8380625,4,148.57919,5.117023656338754
MAR,2011,183.0462125,4,187.32866,5.209738648284168
MAR,2012,169.0109975,4,165.46852,5.129963786770352
MAR,2013,183.19469,4,180.04246,5.2105494671038075
MAR,2014,190.3567525,4,185.29924,5.248899956325923
MAR,2015,196.18475,4,194.7205,5.279056817301
MAR,2016,206.8059225,4,201.70038,5.331780781005623
MAR,2017,223.973775,4,210.04759,5.411528969108265
MAR,2018,222.2585525,4,242.26673,5.4038413550934425
MAR,2019,203.36789249999998,4,199.30208,5.315016617171907
MAR,2020,210.6650325,4,215.75093,5.350269348328408
MAR,2021,218.7766575,4,220.14539,5.388051380670192
MAR,2022,229.99698,4,219.10856,5.438066178402208
MAR,2023,246.787235,4,245.02084,5.508526568651463
MAR,2024,258.6662775,4,260.21948,5.555538727003668
MAR,2025,257.0794875,4,257.97651,5.549385326958232
MAR,2026,263.70501666666667,3,263.15762,5.574831117321882
MDA,2012,3.37943,4,3.37943,1.217707056220509
MDA,2013,3.3886375,4,3.06205,1.2204279231977813
MDA,2014,3.4975,4,3.4975,1.2520484275574992
MDA,2015,3.609295,4,3.4975,1.283512462414321
MDA,2016,3.64656,4,3.64656,1.2937842574408842
MDA,2017,3.64656,4,3.64656,1.2937842574408842
MDA,2018,3.6447000000000003,4,3.64656,1.2932740575466692
MDA,2019,3.64284,4,3.64284,1.2927635972156415
MDA,2020,3.06634,4,3.06634,1.120484667973911
MDA,2021,3.06634,2,3.06634,1.120484667973911
MDG,2006,37.5419025,4,39.44987,3.6254577091496514
MDG,2007,31.49784,4,37.2408,3.449918972051888
MDG,2008,33.1159575,4,31.34091,3.5000152659081794
MDG,2009,32.476145,4,28.30655,3.4805058198258036
MDG,2010,30.024475,4,29.42853,3.402012882384366
MDG,2011,32.107445,4,31.51882,3.4690879347082006
MDG,2012,39.5117575,4,33.86796,3.676598285843503
MDG,2013,43.4641825,4,42.32944,3.7719372081176386
MDG,2014,39.6638375,4,44.34856,3.6804398783703642
MDG,2015,37.1580275,4,36.75636,3.6151798312665946
MDG,2016,36.13573,4,38.79961,3.5872821265510884
MDG,2017,31.56962,4,34.64499,3.4521952657537143
MDG,2018,32.028864999999996,4,31.05919,3.466637527464022
MDG,2019,28.4670425,4,28.21648,3.3487470146153737
MDG,2020,28.949845,4,31.38189,3.365564849945949
MDG,2021,24.7161075,4,24.48784,3.207455156598564
MDG,2022,25.146430000000002,4,24.7086,3.2247159381599944
MDG,2023,24.4911925,4,24.80355,3.198313563122816
MDG,2024,27.2686475,4,26.25789,3.3057375990012146
MDG,2025,28.2217425,4,28.25446,3.340092691506353
MDG,2026,27.020390000000003,3,28.17943,3.296591766180663
MDV,2006,16.188882500000002,4,21.64622,2.784324741218328
MDV,2007,17.4363125,4,14.36977,2.858554956904227
MDV,2008,15.525480000000002,4,18.46008,2.742482545215991
MDV,2009,19.64901,4,14.55397,2.9780269553666816
MDV,2010,20.1850825,4,20.52978,3.0049438414900123
MDV,2011,21.631127499999998,4,19.93372,3.0741333652823326
MDV,2012,18.512059999999998,4,13.09752,2.91842241158695
MDV,2013,19.9318425,4,22.58272,2.9923185785215924
MDV,2014,15.8907525,4,19.26625,2.765737336255519
MDV,2015,10.7419175,4,7.87117,2.374153611319722
MDV,2016,18.3263075,4,19.35428,2.9083375958412967
MDV,2017,12.999495,4,18.21239,2.564910510553159
MDV,2018,17.97649,4,18.0844,2.8890647930784983
MDV,2019,18.3486125,4,19.52195,2.9095539585627472
MDV,2020,18.894750000000002,4,19.27535,2.938884105700426
MDV,2021,19.4629375,4,18.35729,2.96851201603399
MDV,2022,23.00186,4,21.69205,3.1355750822246002
MDV,2023,20.4578925,4,23.3834,3.018368749352909
MDV,2024,16.9224525,4,16.94622,2.828641290482814
MDV,2025,17.46582,4,19.07785,2.8602458282015766
MDV,2026,14.471200000000001,3,14.4712,2.672160467405288
MEX,2006,142.0374,4,143.57093,4.9560904032044535
MEX,2007,141.60516,4,138.60919,4.9530426212736405
MEX,2008,155.9067975,4,151.4106,5.049258376780942
MEX,2009,155.9423075,4,164.20102,5.049486115129932
MEX,2010,155.5238225,4,146.97741,5.046798919242379
MEX,2011,161.2654625,4,162.51213,5.083051842551456
MEX,2012,153.849235,4,152.49869,5.035973129379998
MEX,2013,165.29159,4,161.0593,5.107711126339708
MEX,2014,164.047635,4,159.51995,5.100156842966712
MEX,2015,172.1783375,4,173.03741,5.148530785590209
MEX,2016,169.6020175,4,173.37533,5.133454618923842
MEX,2017,162.989305,4,160.31304,5.09368458515717
MEX,2018,164.5632125,4,164.19796,5.103294766909138
MEX,2019,171.81062,4,167.19988,5.146392823704812
MEX,2020,176.45307,4,178.85301,5.173054948666438
MEX,2021,174.1247225,4,179.27664,5.159771838416001
MEX,2022,170.310945,4,173.10984,5.137625854540652
MEX,2023,179.8700025,4,175.4073,5.192234381638806
MEX,2024,191.8619875,4,190.49614,5.256776298452168
MEX,2025,189.95550500000002,4,188.58591,5.246789860524556
MEX,2026,195.69135666666668,3,192.11862,5.2765387071858285
MHL,2006,14.849145,4,11.04635,2.6979422878335853
MHL,2007,16.4452075,4,17.4306,2.800034097378382
MHL,2008,14.66086,4,13.48903,2.6851813577665467
MHL,2009,13.28523,4,15.52411,2.586652891820663
MHL,2010,10.62002,4,11.04635,2.362740899051191
MHL,2011,11.4123275,4,10.47791,2.4346941308013776
MHL,2012,16.709110000000003,4,15.0068,2.8159540796688094
MHL,2013,22.29153,4,22.36589,3.1042067856881457
MHL,2014,17.267665,4,17.32923,2.848835677458719
MHL,2015,19.645607499999997,4,19.97874,2.9778537764315
MHL,2016,21.21044,4,21.13113,3.0544935132930537
MHL,2017,22.9750225,4,19.96671,3.1344076475666247
MHL,2018,20.3537275,4,22.86192,3.013264064648283
MHL,2019,17.21868,4,15.43876,2.8459948410091713
MHL,2020,23.3268,4,22.55844,3.1496029141739306
MHL,2021,22.8167275,4,23.23589,3.1274939292424873
MHL,2022,21.55924,4,21.55924,3.070804494955662
MHL,2023,21.5664075,4,21.56211,3.0711368957649947
MHL,2024,21.64473,4,21.6441,3.0747620068036685
MHL,2025,21.64494,4,21.64494,3.07477170888733
MHL,2026,23.212640000000004,3,22.82072,3.1446969578938084
MLT,2006,99.2793525,4,89.56136,4.597937618916985
MLT,2007,105.692515,4,99.56691,4.660534076745327
MLT,2008,116.705485,4,105.14109,4.759653539044903
MLT,2009,123.15348750000001,4,121.96303,4.8134314432885885
MLT,2010,123.8702575,4,133.01397,4.81923470735623
MLT,2011,118.4445375,4,119.81603,4.774444813036541
MLT,2012,109.2251625,4,113.62487,4.693411462591028
MLT,2013,115.774865,4,115.39879,4.751647486311288
MLT,2014,128.3346725,4,128.10832,4.854641480630165
MLT,2015,142.27899,4,137.08257,4.957789848376397
MLT,2016,147.7676175,4,144.30593,4.995640887756534
MLT,2017,139.80575,4,135.55846,4.940253959139867
MLT,2018,141.7817575,4,139.75465,4.954288956315622
MLT,2019,125.95747,4,139.31169,4.835944310289597
MLT,2020,111.71295,4,115.17577,4.715932634896779
MLT,2021,125.53031,4,121.78166,4.832547243356264
MLT,2022,117.2016625,4,133.71243,4.7638960621958875
MLT,2023,124.1960425,4,118.09498,4.8218613050625665
MLT,2024,112.9480975,4,125.92833,4.726928399035988
MLT,2025,108.699915,4,104.43793,4.6885910121581365
MLT,2026,113.21052666666667,3,108.43498,4.729249153200623
MMR,2006,16.6625175,4,15.88337,2.8131617357668413
MMR,2007,15.488755,4,15.39064,2.74011427676346
MMR,2008,18.625335,4,15.7831,2.924522750681048
MMR,2009,22.7532475,4,22.36111,3.124707882462287
MMR,2010,25.45837,4,24.25439,3.2370445690844782
MMR,2011,25.64648,4,18.43253,3.2444063302307993
MMR,2012,37.2916675,4,29.5391,3.6187699102732784
MMR,2013,39.9086675,4,43.98498,3.6865935308811135
MMR,2014,40.0606,4,39.54956,3.6903933076592095
MMR,2015,47.5433,4,43.54963,3.861640874752203
MMR,2016,52.72942,4,50.95261,3.9651735540508204
MMR,2017,44.97264,4,45.38233,3.806054304863367
MMR,2018,43.4245575,4,45.19199,3.7710251220925217
MMR,2019,37.23075,4,34.04444,3.617135032726036
MMR,2020,38.3599275,4,39.83578,3.647013360023879
MMR,2021,32.315192499999995,4,39.94997,3.4755374756830357
MMR,2022,36.2486375,4,30.93436,3.5904017943874083
MMR,2023,47.246375,4,44.23051,3.855375931419935
MMR,2024,41.1990725,4,43.45637,3.7184157439661565
MMR,2025,36.24783,4,37.14659,3.590379517439913
MMR,2026,36.431000000000004,3,37.76129,3.595420060547656
MNE,2008,8.4507825,4,4.59941,2.1342590406319344
MNE,2009,13.6914825,4,13.78686,2.616773924160496
MNE,2010,11.4107975,4,16.61451,2.4345600562605516
MNE,2011,10.6923075,4,9.0735,2.3695245576835435
MNE,2012,12.844655,4,13.54129,2.5529277715012624
MNE,2013,9.607045,4,8.75398,2.2624966835011526
MNE,2014,10.9928825,4,10.46932,2.3972480179195723
MNE,2015,11.0764325,4,11.02667,2.4048196529392682
MNE,2016,13.75458,4,13.17227,2.62137185955921
MNE,2017,11.603215,4,12.08601,2.451282214884333
MNE,2018,9.8594875,4,10.4149,2.2884341895760305
MNE,2019,12.4469225,4,9.41662,2.5214734035995208
MNE,2020,15.482195,4,15.46989,2.7396906539751305
MNE,2021,14.847764999999999,4,15.00742,2.697849348871182
MNE,2022,14.479077499999999,4,14.26582,2.6727046763645577
MNE,2023,15.2774425,4,15.12722,2.726377394075056
MNE,2024,15.10226,4,14.86942,2.714844401495782
MNE,2025,19.705550000000002,4,19.70961,2.9809003219549814
MNE,2026,19.19794,3,20.39401,2.9548029816109067
MNP,2006,7.878615,4,9.87232,2.0641521270006193
MNP,2007,7.81856,4,6.34239,2.0565003943782685
MNP,2008,12.86694,4,12.24707,2.554661231100351
MNP,2009,12.1076225,4,12.85676,2.493835212939707
MNP,2010,12.82205,4,11.85818,2.551166345105115
MNP,2011,14.168455,4,13.80285,2.6510180145893747
MNP,2012,13.64223,4,13.64223,2.613170128788396
MNP,2013,14.69218,4,14.33014,2.687315379447849
MNP,2014,15.38764,4,14.81529,2.7335645897632523
MNP,2015,13.0952475,4,15.95992,2.5722493781247087
MNP,2016,20.202647499999998,4,13.02412,3.0058136601754124
MNP,2017,21.730415,4,23.10224,3.0787128921071423
MNP,2018,16.49207,4,16.45991,2.802879659317819
MNP,2019,16.48588,4,16.58846,2.8025042569612326
MNP,2020,15.7614,4,16.3833,2.757563912971671
MNP,2021,15.4623725,4,15.5541,2.738409491928749
MNP,2022,15.139425,4,15.13952,2.7173022684241506
MNP,2023,15.13914,4,15.13914,2.717283443225532
MNP,2024,15.14069,4,15.13976,2.717385821607534
MNP,2025,15.141,4,15.141,2.717406296026235
MNP,2026,15.141,3,15.141,2.717406296026235
MOZ,2006,32.36747,4,32.46816,3.4771539060945935
MOZ,2007,33.070435,4,32.07598,3.4986396808231253
MOZ,2008,33.318165,4,29.12834,3.5061027437533108
MOZ,2009,41.4776575,4,35.33791,3.7251549087676312
MOZ,2010,47.729704999999996,4,40.0862,3.865553950399501
MOZ,2011,53.541135,4,56.95162,3.9804502369709827
MOZ,2012,52.170452499999996,4,53.82326,3.95451629056387
MOZ,2013,58.9488975,4,51.33521,4.076670924518414
MOZ,2014,57.0180925,4,64.96007,4.043368629750631
MOZ,2015,49.0132825,4,48.52108,3.8920913328059763
MOZ,2016,43.5299325,4,43.95855,3.773448804908283
MOZ,2017,36.741704999999996,4,36.91683,3.6039124858958282
MOZ,2018,41.122845,4,41.40093,3.7165638064967386
MOZ,2019,39.9247625,4,36.39345,3.6869967454296573
MOZ,2020,45.7749175,4,44.05533,3.823736288265122
MOZ,2021,49.3743925,4,52.49089,3.899431919348125
MOZ,2022,46.1927025,4,45.22811,3.8328218310661057
MOZ,2023,49.898765,4,48.4755,3.909996252952201
MOZ,2024,53.3958325,4,52.36644,3.977732699849469
MOZ,2025,57.3680225,4,55.53927,4.04948704878491
MOZ,2026,62.271523333333334,3,62.25074,4.13150423194363
MRT,2006,24.37015,4,21.92953,3.1933590227269124
MRT,2007,21.128715,4,26.41823,3.0506330157701997
MRT,2008,18.48782,4,16.96711,2.9171121368796817
MRT,2009,23.5894675,4,19.26535,3.1608003200406016
MRT,2010,27.902855000000002,4,26.44792,3.3287290133410923
MRT,2011,27.1497,4,28.49609,3.301365996595139
MRT,2012,22.8244975,4,24.13228,3.1278344109046277
MRT,2013,25.31785,4,25.81619,3.2315096805584886
MRT,2014,26.8909725,4,28.84103,3.291790635487719
MRT,2015,25.611262500000002,4,24.69912,3.2430321961459203
MRT,2016,25.235777499999998,4,21.1286,3.228262729700001
MRT,2017,28.406007499999998,4,26.32239,3.3466006544876277
MRT,2018,32.48638,4,37.17121,3.48082092457534
MRT,2019,29.823867500000002,4,30.51789,3.3953089957626252
MRT,2020,22.54814,4,24.57759,3.1156525791764587
MRT,2021,25.752595,4,26.5595,3.248535398731144
MRT,2022,23.251337499999998,4,23.79121,3.146362657260478
MRT,2023,24.5646175,4,23.10836,3.201307094565127
MRT,2024,23.768875,4,26.4446,3.168376951686652
MRT,2025,31.94441,4,28.15672,3.463997204639735
MRT,2026,37.781733333333335,3,37.55869,3.6318257406750623
MSR,2007,9.65879,2,,2.2678683815797163
MSR,2010,7.98241,1,,2.0772403708799145
MSR,2013,9.51374,2,,2.252737069488677
MSR,2014,9.8535725,4,9.51374,2.2878340797830794
MSR,2015,10.87011,4,10.87011,2.3860168206771317
MSR,2016,13.206375000000001,4,10.87011,2.5806996675527687
MSR,2017,13.998909999999999,4,14.00062,2.638979469441377
MSR,2018,13.99378,4,13.99378,2.6386129451768325
MSR,2019,13.99378,4,13.99378,2.6386129451768325
MSR,2020,13.99378,4,13.99378,2.6386129451768325
MSR,2021,13.99378,3,13.99378,2.6386129451768325
MTQ,2006,39.1435725,4,39.35447,3.6672362327132064
MTQ,2007,37.7948125,4,38.50756,3.6321718577581605
MTQ,2008,32.14787,4,35.74647,3.4703461965448588
MTQ,2009,33.9136025,4,30.7387,3.5238161875929874
MTQ,2010,35.7074025,4,35.1219,3.57535802023212
MTQ,2011,33.6044975,4,35.76162,3.5146599121781557
MTQ,2012,31.4379075,4,32.53903,3.4480144100025893
MTQ,2013,29.3310325,4,29.229,3.378646085233715
MTQ,2014,33.9270375,4,34.30194,3.52421226287104
MTQ,2015,29.7955075,4,29.18715,3.3943576271131195
MTQ,2016,30.0046875,4,24.02242,3.4013536194563954
MTQ,2017,33.579225,4,32.71448,3.513907572169248
MTQ,2018,34.822815000000006,4,36.33579,3.5502727754146473
MTQ,2019,38.091682500000005,4,31.72896,3.6399959512135807
MTQ,2020,43.85918,4,40.32909,3.7809840469645395
MTQ,2021,45.13087,4,45.33502,3.809566491295465
MTQ,2022,44.1927975,4,44.51649,3.7885618233167655
MTQ,2023,41.454495,4,43.47537,3.724596319610012
MTQ,2024,39.45643,4,40.15927,3.6751970251382824
MTQ,2025,39.469735,4,39.46856,3.6755341756922473
MTQ,2026,37.47666666666667,3,37.40369,3.6237185170935584
MUS,2006,57.3116475,4,56.88894,4.048503875314998
MUS,2007,66.18441,4,62.46281,4.192444936719413
MUS,2008,61.9776675,4,64.20592,4.126774118544005
MUS,2009,62.39356,4,60.42912,4.1334620649211615
MUS,2010,59.834160000000004,4,60.29766,4.09157673532077
MUS,2011,53.3143,4,53.89718,3.9762045878706798
MUS,2012,63.4535225,4,60.76734,4.150307708773885
MUS,2013,71.6219175,4,70.7959,4.271401137459586
MUS,2014,63.97687499999999,4,63.40568,4.158521689939936
MUS,2015,70.465975,4,66.65863,4.255129969204245
MUS,2016,72.9884925,4,76.61747,4.290301791736074
MUS,2017,68.4407625,4,72.08579,4.22596859010746
MUS,2018,70.3956675,4,68.49641,4.254131720077078
MUS,2019,72.3764175,4,72.87036,4.281880521193594
MUS,2020,70.5191925,4,73.94611,4.255884906811813
MUS,2021,69.14748,4,68.346,4.236241614930454
MUS,2022,59.5180625,4,58.33092,4.086279837911673
MUS,2023,63.4883975,4,58.74685,4.1508571726685135
MUS,2024,72.0720725,4,70.68612,4.2776666252871385
MUS,2025,79.26611249999999,4,79.43198,4.372810704395084
MUS,2026,69.91272666666667,3,69.47678,4.247247702290374
MYS,2006,394.4776875,4,388.24232,5.9775625797510505
MYS,2007,429.74247,4,415.55336,6.063186122294441
MYS,2008,450.786905,4,453.90238,6.110994733385236
MYS,2009,424.5434725,4,430.63912,6.051014409224124
MYS,2010,442.247695,4,423.86488,6.09187012104214
MYS,2011,493.95318,4,467.46481,6.202440735368333
MYS,2012,480.83371,4,487.68085,6.175521493076056
MYS,2013,474.15216,4,471.91531,6.161528282839765
MYS,2014,461.69003250000003,4,462.60199,6.134893740585947
MYS,2015,473.30025,4,466.95029,6.159729965118275
MYS,2016,478.17846499999996,4,477.55566,6.169984020551384
MYS,2017,463.0247075,4,471.55135,6.137780416593316
MYS,2018,467.134855,4,468.78161,6.146617984719847
MYS,2019,460.5462075,4,449.85841,6.132413192680982
MYS,2020,468.59653249999997,4,470.99412,6.14974212634508
MYS,2021,473.33377,4,477.96181,6.159800784461982
MYS,2022,477.81565,4,472.53559,6.169224988645797
MYS,2023,493.3251475,4,481.39961,6.201168485046982
MYS,2024,491.4130175,4,488.16769,6.197284950375199
MYS,2025,517.454095,4,510.7552,6.2489208158909655
MYS,2026,510.2421566666667,3,516.40996,6.234885430021917
MYT,2006,20.869225,4,21.36421,3.038275585756573
MYT,2007,13.4256225,4,20.71031,2.5971650080350166
MYT,2008,8.64471,4,8.64471,2.1569475731706276
MYT,2009,23.0698425,4,20.46965,3.1385262451142433
MYT,2010,26.647305,4,26.73188,3.28268801979474
MYT,2011,26.188344999999998,4,27.62792,3.265314464464881
MYT,2012,24.318175,4,24.37877,3.1912240131638194
MYT,2013,21.8267775,4,21.35078,3.0831375417083096
MYT,2014,27.56781,4,23.18519,3.3166487877130715
MYT,2015,29.5722775,4,27.88632,3.3868373515274652
MYT,2016,25.41533,4,30.18603,3.2353525352725656
MYT,2017,21.0196875,4,21.27909,3.0454594985447634
MYT,2018,20.0963075,4,20.16639,3.0005360917212687
MYT,2019,18.8865875,4,18.10358,2.9384520140558674
MYT,2020,18.187089999999998,4,19.95603,2.9007120017222885
MYT,2021,15.9388725,4,16.3946,2.768760936857792
MYT,2022,16.058860000000003,4,15.68468,2.776260722188436
MYT,2023,15.361207499999999,4,13.33295,2.7318453379109138
MYT,2024,16.277715,4,17.57962,2.7897969944581757
MYT,2025,17.144845,4,17.16595,2.8416975453374183
MYT,2026,16.587933333333336,3,16.58886,2.8086755234065226
NAM,2006,31.750835,4,32.79862,3.4579190242054807
NAM,2007,28.4820475,4,29.27379,3.349273976515809
NAM,2008,29.078145,4,28.41396,3.369986861084599
NAM,2009,38.453625,4,26.70036,3.64945296979122
NAM,2010,48.0757675,4,47.51519,3.8727782559859953
NAM,2011,45.8869975,4,46.01382,3.82618179806836
NAM,2012,48.288575,4,44.59415,3.877194990234887
NAM,2013,50.7452725,4,54.67728,3.926818460873554
NAM,2014,50.9455875,4,50.09119,3.9307581514041168
NAM,2015,51.0821,4,55.83628,3.93343414230047
NAM,2016,53.97321,4,59.60712,3.988487812349329
NAM,2017,46.1004275,4,47.20733,3.830822223278478
NAM,2018,43.5611125,4,44.38788,3.7741648372243994
NAM,2019,44.06247,4,42.74375,3.7856083997211916
NAM,2020,38.822955,4,42.14984,3.659011695400256
NAM,2021,41.9026675,4,36.48904,3.735349488386145
NAM,2022,47.3566775,4,47.36885,3.85770783397632
NAM,2023,42.624894999999995,4,45.52773,3.752438472257538
NAM,2024,45.591300000000004,4,42.86509,3.8197169088440295
NAM,2025,68.6857925,4,64.46762,4.2295423728921575
NAM,2026,70.71769333333333,3,66.83394,4.258695800904534
NCL,2006,44.6980825,4,42.14516,3.799930603607694
NCL,2007,52.611985000000004,4,51.15854,3.9629439455004323
NCL,2008,51.7050275,4,51.48822,3.945555020500253
NCL,2009,49.344660000000005,4,51.69796,3.898829553337795
NCL,2010,46.5031525,4,45.10684,3.839520105994211
NCL,2011,47.411384999999996,4,48.24317,3.858862389733479
NCL,2012,46.6346125,4,46.83616,3.842343022934484
NCL,2013,49.83165,4,48.48129,3.908650324327885
NCL,2014,48.841812499999996,4,49.70981,3.8885867595285197
NCL,2015,44.660174999999995,4,44.99426,3.799082164899632
NCL,2016,45.9775875,4,46.08698,3.8281540494939676
NCL,2017,46.1555025,4,45.29959,3.832016184610669
NCL,2018,38.735865000000004,4,41.60854,3.656765915059518
NCL,2019,37.8341475,4,36.11787,3.633212067845588
NCL,2020,39.956085,4,38.42133,3.6877809760077147
NCL,2021,40.5551,4,39.33142,3.7026615433064705
NCL,2022,40.159375,4,39.02124,3.692855912513369
NCL,2023,43.6708225,4,42.17399,3.776680201760223
NCL,2024,45.76671,4,44.92815,3.8235569709371227
NCL,2025,45.2119925,4,45.42866,3.8113623724433077
NCL,2026,43.971540000000005,3,43.595,3.7835426064593154
NFK,2006,2.70296,4,2.96564,0.9943474688126345
NFK,2007,2.6154,4,2.6154,0.961417049490265
NFK,2008,2.6154,4,2.6154,0.961417049490265
NFK,2009,2.6154,4,2.6154,0.961417049490265
NFK,2010,2.6154,4,2.6154,0.961417049490265
NFK,2011,2.6154,4,2.6154,0.961417049490265
NFK,2012,3.9354750000000003,4,2.6154,1.3700315861472092
NFK,2013,7.8957,4,7.8957,2.0663183074884204
NFK,2014,8.2123725,4,7.8957,2.105641858576058
NFK,2015,7.8423125,4,9.16239,2.05953375260435
NFK,2016,3.88208,4,3.88208,1.3563710924685326
NFK,2017,4.1885525,4,3.90195,1.4323552088533356
NFK,2018,4.4119649999999995,4,5.04836,1.4843201684495455
NFK,2019,2.50278,4,2.50278,0.9174021140601187
NFK,2020,2.50278,4,2.50278,0.9174021140601187
NFK,2021,2.50278,4,2.50278,0.9174021140601187
NFK,2022,2.50278,4,2.50278,0.9174021140601187
NFK,2023,2.50278,4,2.50278,0.9174021140601187
NFK,2024,2.5047949999999997,4,2.50478,0.9182068948607077
NFK,2025,2.5048,4,2.5048,0.9182088910300589
NFK,2026,2.5048,3,2.5048,0.9182088910300589
NGA,2006,78.427215,4,75.94654,4.362170997222688
NGA,2007,84.20356000000001,4,87.77951,4.433237200639531
NGA,2008,90.10476249999999,4,88.36147,4.500973021152988
NGA,2009,89.65585999999999,4,91.14661,4.49597856322446
NGA,2010,97.7161675,4,92.65527,4.582067026422739
NGA,2011,94.7511325,4,102.31687,4.551253796397702
NGA,2012,90.1651325,4,92.62766,4.5016427946862425
NGA,2013,94.07891,4,92.50298,4.544133898198846
NGA,2014,101.385095,4,100.95528,4.6189260882422305
NGA,2015,104.537735,4,100.54396,4.649548106702247
NGA,2016,98.1324125,4,104.63438,4.586317714650739
NGA,2017,86.8354825,4,92.10299,4.46401532269887
NGA,2018,79.45439,4,81.60059,4.375183146333512
NGA,2019,77.75764749999999,4,78.089,4.35359690635092
NGA,2020,84.75669,4,83.55361,4.439784681198213
NGA,2021,78.45827750000001,4,80.50313,4.362566986678576
NGA,2022,80.911295,4,75.92449,4.393353431129804
NGA,2023,87.30282249999999,4,86.2891,4.469382793365302
NGA,2024,99.50452250000001,4,99.91772,4.600203095392931
NGA,2025,107.99820249999999,4,100.40332,4.682114583467196
NGA,2026,116.45131666666667,3,116.57548,4.757473302978895
NIC,2006,21.264665,4,14.77368,3.0570467749958037
NIC,2007,26.49722,4,23.73049,3.2770398218288155
NIC,2008,27.883285,4,28.22305,3.3280274053501904
NIC,2009,27.107745,4,27.85882,3.2998194804124465
NIC,2010,26.3314075,4,25.58219,3.2707624282131778
NIC,2011,21.66135,4,30.89577,3.075529566500412
NIC,2012,18.8650875,4,16.83813,2.937312991624441
NIC,2013,24.8679125,4,25.91959,3.2135783178228086
NIC,2014,23.7396125,4,21.7378,3.1671450663861322
NIC,2015,22.6996025,4,24.81006,3.1223474133208216
NIC,2016,24.72214,4,24.71716,3.207699198421848
NIC,2017,26.84724,4,24.72314,3.290163022375191
NIC,2018,23.906042499999998,4,26.76259,3.174131251250578
NIC,2019,21.349897499999997,4,21.04968,3.061046938726341
NIC,2020,24.80617,4,22.33231,3.211092412550337
NIC,2021,27.67014,4,30.40277,3.320353853417404
NIC,2022,26.8664825,4,27.32904,3.290879505982269
NIC,2023,26.6108625,4,26.40693,3.281319497091152
NIC,2024,26.8679675,4,28.9434,3.290934777786498
NIC,2025,30.28114,4,27.85827,3.4105250764735024
NIC,2026,31.343799999999998,3,31.53793,3.4450164803752936
NIU,2010,4.27479,2,,1.4527349783751415
NIU,2011,4.27479,4,4.27479,1.4527349783751415
NIU,2012,4.27479,4,4.27479,1.4527349783751415
NIU,2013,4.5299,2,4.86862,1.5106998641960974
NIU,2020,5.76222,1,,1.7513228171205415
NIU,2021,5.76222,4,5.76222,1.7513228171205415
NIU,2022,5.76222,4,5.76222,1.7513228171205415
NIU,2023,5.76222,4,5.76222,1.7513228171205415
NIU,2024,5.76222,4,5.76222,1.7513228171205415
NIU,2025,5.76222,4,5.76222,1.7513228171205415
NIU,2026,5.76222,3,5.76222,1.7513228171205415
NLD,2006,441.6752725,4,432.40425,6.090574934468045
NLD,2007,454.752255,4,444.75676,6.119752776154491
NLD,2008,448.4939475,4,459.18312,6.105895186424515
NLD,2009,429.50563,4,438.28875,6.062634849603822
NLD,2010,432.087095,4,424.59957,6.068627176720084
NLD,2011,428.35733749999997,4,435.48469,6.059957747947012
NLD,2012,408.912055,4,410.96397,6.0135001084718525
NLD,2013,392.6044525,4,394.62282,5.972802622837654
NLD,2014,390.0814875,4,389.1089,5.966355659605981
NLD,2015,387.0142925,4,382.80297,5.9584616238723775
NLD,2016,389.425815,4,396.53513,5.964673385039651
NLD,2017,396.183005,4,391.13705,5.9818762383419095
NLD,2018,407.0973225,4,407.95267,6.009052278479198
NLD,2019,414.5672475,4,411.1708,6.027235199051954
NLD,2020,390.999635,4,407.27081,5.968706626481094
NLD,2021,395.595395,4,402.96111,5.980391959134799
NLD,2022,386.1462375,4,388.33936,5.956216151344859
NLD,2023,393.27503,4,390.26999,5.974509188991065
NLD,2024,376.9694925,4,378.98475,5.932164262423006
NLD,2025,382.6517025,4,388.49355,5.947125182481626
NLD,2026,378.89136333333335,3,380.95919,5.937249523711807
NOR,2006,45.132135000000005,4,43.57233,3.809594520497464
NOR,2007,55.90956,4,51.58279,4.023735385216852
NOR,2008,60.067695,4,55.92687,4.0954721762264
NOR,2009,58.6081775,4,61.42158,4.070874234628651
NOR,2010,53.9879975,4,50.92353,3.988761753340448
NOR,2011,62.489672500000005,4,58.40683,4.135001303088723
NOR,2012,63.646874999999994,4,65.07497,4.153350227175984
NOR,2013,59.2544175,4,63.14404,4.081840334198033
NOR,2014,58.5128875,4,59.56631,4.069247029120817
NOR,2015,59.73959,4,57.48891,4.0899949496910954
NOR,2016,58.7828325,4,59.64085,4.073849847988997
NOR,2017,49.88469,4,53.87176,3.909714142053288
NOR,2018,54.851195,4,48.90378,4.004623973174888
NOR,2019,66.19391,4,60.362,4.192588464753555
NOR,2020,65.42072,4,70.11319,4.180839027858296
NOR,2021,67.4488325,4,67.02466,4.2113692733860955
NOR,2022,64.89202,4,65.44225,4.172724657752506
NOR,2023,63.48892,4,64.46876,4.150865402484834
NOR,2024,59.9324,4,62.16514,4.09321726038942
NOR,2025,55.15028,4,56.81101,4.01006182274918
NOR,2026,55.766259999999996,3,55.76207,4.021169027008779
NRU,2010,4.22404,2,,1.4407920160560928
NRU,2011,4.22404,4,4.22404,1.4407920160560928
NRU,2012,4.22404,2,4.22404,1.4407920160560928
NRU,2013,4.157445,2,,1.4249007028934115
NRU,2014,6.05224,4,3.88248,1.8004284514517819
NRU,2015,6.85534,4,6.85534,1.925027910617265
NRU,2016,5.2402875,4,6.85534,1.6563763632400579
NRU,2017,4.4780375,4,4.5298,1.4991848924157287
NRU,2018,4.8308375,4,4.32275,1.5750198480783633
NRU,2019,4.661475,4,5.0002,1.5393319216596766
NRU,2020,4.548566666666667,3,4.32275,1.5148121650191484
NZL,2006,91.96336500000001,4,91.37828,4.521390291222031
NZL,2007,100.549245,4,96.23188,4.610647607488333
NZL,2008,97.230865,4,100.05113,4.577088202213135
NZL,2009,88.6310025,4,91.1724,4.484481711754824
NZL,2010,84.2239325,4,84.43549,4.433479114828206
NZL,2011,83.743635,4,82.51134,4.42776016781703
NZL,2012,87.2449725,4,85.91376,4.468719937645834
NZL,2013,89.707335,4,88.91251,4.496552538296807
NZL,2014,92.4741925,4,92.59907,4.526929605590639
NZL,2015,92.7734325,4,95.32413,4.530160311088486
NZL,2016,89.9740525,4,89.8884,4.4995213232066735
NZL,2017,104.1247975,4,104.6975,4.645590155707205
NZL,2018,93.80059750000001,4,100.83553,4.5411712259279255
NZL,2019,92.9004275,4,91.89377,4.531528247531487
NZL,2020,90.4127525,4,89.2283,4.5043853249269254
NZL,2021,95.6839075,4,90.2665,4.561050128624275
NZL,2022,100.3846425,4,99.63127,4.6090092324101635
NZL,2023,103.903125,4,100.42042,4.643458974649991
NZL,2024,98.62545,4,104.01187,4.591329341893272
NZL,2025,84.70652749999999,4,85.26984,4.4391926648042705
NZL,2026,85.69986666666667,3,84.69667,4.450851269787666
OMN,2006,94.0949525,4,93.39606,4.544304405407719
OMN,2007,105.8324625,4,103.27256,4.661857301284327
OMN,2008,114.77058500000001,4,98.79853,4.74293522283041
OMN,2009,123.7644325,4,127.3254,4.818380020911112
OMN,2010,122.46893,4,115.275,4.807857365161519
OMN,2011,123.088375,4,129.67672,4.812902593312744
OMN,2012,130.7265275,4,122.82759,4.873107564840503
OMN,2013,136.8488425,4,135.28668,4.918876977285042
OMN,2014,137.786545,4,134.79485,4.925705712302881
OMN,2015,126.02326,4,119.67483,4.836466493089012
OMN,2016,143.31752500000002,4,148.51464,4.9650626232393575
OMN,2017,145.50831,4,138.31144,4.980233198382701
OMN,2018,149.444665,4,157.05103,5.006926190535062
OMN,2019,149.541875,4,152.61874,5.007576453944414
OMN,2020,150.691055,4,143.80651,5.015231747533699
OMN,2021,145.94199500000002,4,146.52142,4.983209248245411
OMN,2022,139.79558,4,140.73573,4.940181212704759
OMN,2023,147.2178875,4,139.56663,4.991913717254412
OMN,2024,124.72088500000001,4,141.76596,4.82607832061915
OMN,2025,138.58182499999998,4,125.40218,4.931460945401018
OMN,2026,131.3795,3,140.22235,4.878090081702784
PAK,2006,120.6486525,4,118.12758,4.792882623338965
PAK,2007,127.412905,4,123.76414,4.847433033141495
PAK,2008,135.6270475,4,135.11405,4.909908820954962
PAK,2009,133.32838750000002,4,141.19322,4.892815164001882
PAK,2010,136.8365125,4,135.76918,4.918786873815616
PAK,2011,133.1148275,4,145.33567,4.891212120398516
PAK,2012,107.07476750000001,4,106.03326,4.673527352123873
PAK,2013,114.9573025,4,111.71773,4.744560776812102
PAK,2014,113.0425975,4,115.0171,4.727764716703917
PAK,2015,121.71247,4,116.8183,4.801661459822355
PAK,2016,124.4902125,4,130.01977,4.824227098356652
PAK,2017,118.14595249999999,4,115.53385,4.77192074574608
PAK,2018,123.2361525,4,128.70076,4.814102453669559
PAK,2019,112.014065,4,112.07996,4.718624443767684
PAK,2020,120.645275,4,118.55431,4.7928546284363565
PAK,2021,127.66650249999999,4,131.09641,4.8494214146109265
PAK,2022,125.05501,4,122.62014,4.828753720495499
PAK,2023,142.88879,4,134.80344,4.962066635392676
PAK,2024,156.192275,4,150.27466,5.051087780356742
PAK,2025,158.39828,4,162.84908,5.065112620735512
PAK,2026,154.68877,3,145.1937,5.041415162830317
PAN,2006,122.54386,4,116.78859,4.808469006719791
PAN,2007,132.22313,4,128.88185,4.884490874292006
PAN,2008,147.9589075,4,139.64355,4.996934583184628
PAN,2009,150.81997,4,149.99732,5.0160868738618705
PAN,2010,155.7178725,4,154.70981,5.048045860306258
PAN,2011,170.57802750000002,4,163.89491,5.139192831334834
PAN,2012,191.5501825,4,187.2528,5.255149823900054
PAN,2013,198.754955,4,196.82225,5.292072684041283
PAN,2014,189.1517525,4,188.27124,5.242549616169609
PAN,2015,196.51820750000002,4,184.54991,5.280755086049812
PAN,2016,196.8524675,4,204.27908,5.2824545522362545
PAN,2017,191.7531525,4,195.39834,5.256208880790185
PAN,2018,185.8916625,4,188.16651,5.2251640443402465
PAN,2019,187.5324975,4,182.99109,5.233952150392289
PAN,2020,192.80530249999998,4,187.82245,5.261680884391617
PAN,2021,193.66145749999998,4,193.47321,5.266111570231693
PAN,2022,197.9134775,4,197.42677,5.287829952866704
PAN,2023,202.789025,4,197.58821,5.312166152895629
PAN,2024,213.254335,4,208.54725,5.362485514418396
PAN,2025,209.1614025,4,205.5565,5.343106214690449
PAN,2026,219.16201333333333,3,216.21576,5.3898112432192455
PER,2006,83.631425,4,78.65029,4.426419346588216
PER,2007,83.6301125,4,84.67109,4.426403652603578
PER,2008,84.2369375,4,82.33421,4.433633512701443
PER,2009,92.56366,4,88.67725,4.527896624022415
PER,2010,98.29795250000001,4,94.75097,4.588003197841584
PER,2011,108.57460499999999,4,107.68528,4.687437540376045
PER,2012,101.293585,4,99.06231,4.618023082497193
PER,2013,110.3993625,4,106.88067,4.704104359369801
PER,2014,109.91578,4,106.87937,4.699714436179568
PER,2015,111.9984825,4,111.66244,4.718485322096162
PER,2016,110.30721249999999,4,108.12703,4.703269313967509
PER,2017,114.9552325,4,117.43668,4.74454276996441
PER,2018,116.05662749999999,4,114.91167,4.754078240094528
PER,2019,120.844725,4,122.51468,4.794506457044999
PER,2020,117.356285,4,120.50483,4.765214478596145
PER,2021,115.7947475,4,115.51296,4.7518192057336615
PER,2022,114.843685,4,110.45322,4.7435719428606555
PER,2023,125.033245,4,118.37795,4.82857966194121
PER,2024,136.4803425,4,135.72953,4.916180593265425
PER,2025,135.36932000000002,4,135.49609,4.908006746915521
PER,2026,135.35320666666667,3,134.09647,4.907887707443256
PHL,2006,117.5438,4,123.38551,4.766811030081692
PHL,2007,120.9243525,4,115.49447,4.7951651641361
PHL,2008,116.97969,4,124.61836,4.762000329985723
PHL,2009,122.747735,4,124.82331,4.810131314365894
PHL,2010,130.2891975,4,123.92824,4.869756575859007
PHL,2011,137.81806,4,137.22689,4.925934409498542
PHL,2012,134.0695875,4,129.02753,4.898358974857786
PHL,2013,147.775285,4,145.21039,4.995692775316254
PHL,2014,145.80259999999998,4,146.79661,4.9822536520630205
PHL,2015,144.0113575,4,137.75849,4.969892167993583
PHL,2016,166.45739,4,159.96894,5.114739360752517
PHL,2017,170.780795,4,170.93551,5.140380833580465
PHL,2018,171.0517425,4,170.76499,5.141966098451527
PHL,2019,173.7821275,4,172.51154,5.157802373826627
PHL,2020,159.3172875,4,163.11382,5.0708977326852045
PHL,2021,150.6053925,4,147.35551,5.014663121497654
PHL,2022,152.12779749999999,4,148.26987,5.0247209406209405
PHL,2023,178.998135,4,173.22187,5.187375386792064
PHL,2024,181.0703825,4,181.03214,5.198885809273022
PHL,2025,184.8690375,4,183.92707,5.219647668989574
PHL,2026,187.76073,3,189.14714,5.235168439477263
PLW,2006,9.878665,4,9.87232,2.29037738117256
PLW,2007,10.8976525,4,10.64961,2.388547399067824
PLW,2008,12.2616525,4,11.64178,2.5064767093532105
PLW,2009,11.329699999999999,4,9.74507,2.4274275963133634
PLW,2010,11.844755,4,11.85818,2.4718851535639943
PLW,2011,9.40477,4,11.84826,2.2412170073768767
PLW,2012,8.59371,4,8.59371,2.1510305403105576
PLW,2013,8.95575,4,8.59371,2.192295784099467
PLW,2014,9.078822500000001,4,9.07886,2.2059445035872036
PLW,2015,9.078579999999999,2,9.07871,2.2059177927181777
PLW,2016,9.654283333333334,3,,2.267401685609512
PLW,2017,9.2589925,4,9.23122,2.2255952414429014
PLW,2018,9.24832,4,9.26059,2.224441913407508
PLW,2019,8.45134,4,8.55392,2.134325008678279
PLW,2020,7.755967500000001,4,8.34876,2.0484625470673454
PLW,2021,7.3890075,4,7.55837,1.9999934228283258
PLW,2022,6.8808275,4,6.88092,1.9287389208754453
PLW,2023,6.88055,4,6.88055,1.9286985906105372
PLW,2024,6.8761825000000005,4,6.8806,1.928063628762331
PLW,2025,6.87471,4,6.87471,1.9278494608447754
PLW,2026,6.87471,3,6.87471,1.9278494608447754
PNG,2006,34.9088225,4,31.02516,3.552739590957714
PNG,2007,38.6063575,4,37.52758,3.6534169649814268
PNG,2008,40.3613225,4,40.28098,3.6978719625402374
PNG,2009,33.7518775,4,40.0316,3.519036045400898
PNG,2010,28.8338,4,27.8989,3.361548310109847
PNG,2011,31.82545,4,31.1312,3.4602662841706837
PNG,2012,38.1850625,4,32.83622,3.6424444051073723
PNG,2013,43.25842,4,42.66295,3.7671918965107163
PNG,2014,43.998802500000004,4,43.46537,3.784162417638811
PNG,2015,46.4411075,4,45.88805,3.838185004521215
PNG,2016,45.824215,4,45.44559,3.824812663191699
PNG,2017,48.0639275,4,47.82456,3.8725319477350726
PNG,2018,45.689555,4,46.26462,3.821869715978615
PNG,2019,44.26517,4,44.6091,3.790198137561681
PNG,2020,44.580015,4,43.55322,3.7972856644314215
PNG,2021,45.520345,4,46.0445,3.8181593688754702
PNG,2022,45.5192075,4,44.59368,3.8181343797368195
PNG,2023,48.947915,4,47.59039,3.890756773585181
PNG,2024,49.522515,4,49.50906,3.9024274146472777
PNG,2025,49.7330975,4,49.52448,3.906670657133203
PNG,2026,50.370983333333335,3,50.36903,3.9194152817693726
POL,2006,54.68481,4,52.31578,4.001585974336607
POL,2007,54.482825,4,55.69835,3.997885514388227
POL,2008,46.4009175,4,47.80109,3.8373192327436088
POL,2009,58.230985,4,46.22491,4.064417601385164
POL,2010,80.28267249999999,4,83.59423,4.38555381310997
POL,2011,82.533575,4,74.12203,4.413205180247899
POL,2012,85.385485,4,85.56323,4.447176121477664
POL,2013,99.04027500000001,4,91.6838,4.595526585588328
POL,2014,104.8024775,4,106.31053,4.652077411874691
POL,2015,102.4038225,4,100.75549,4.628924041010256
POL,2016,102.5881375,4,101.78461,4.630722307143906
POL,2017,109.8471375,4,105.09907,4.699089740229831
POL,2018,119.654675,4,116.94197,4.7846098858852715
POL,2019,126.7671425,4,120.07914,4.842351879874626
POL,2020,127.9350575,4,132.24092,4.851522771886066
POL,2021,123.9284025,4,125.75652,4.81970399965238
POL,2022,122.2502125,4,125.41582,4.80606986659478
POL,2023,123.0556675,4,116.13694,4.812636834289203
POL,2024,131.0082975,4,131.09602,4.875260660889934
POL,2025,138.012745,4,131.90711,4.9273460359652015
POL,2026,139.17707666666666,3,135.69355,4.9357470552204505
PRI,2006,71.1380725,4,71.31492,4.2646226716916225
PRI,2007,72.8793075,4,74.96472,4.2888047509855936
PRI,2008,64.563385,4,69.16556,4.167647454433537
PRI,2009,62.13086,4,60.42766,4.129242805924114
PRI,2010,61.85585999999999,4,63.57984,4.124806839702097
PRI,2011,51.966120000000004,4,55.41504,3.950591967776467
PRI,2012,47.760022500000005,4,45.5538,3.8661889401897636
PRI,2013,48.9691575,4,51.37195,3.8911906611553646
PRI,2014,49.000232499999996,4,50.06223,3.8918250429973287
PRI,2015,36.5459325,4,40.02136,3.5985698940933384
PRI,2016,45.67609,4,42.5057,3.821574966237671
PRI,2017,46.544565,4,44.71886,3.8404102407303884
PRI,2018,41.5792125,4,39.89632,3.727600342856575
PRI,2019,51.150795,4,48.51025,3.934778034798846
PRI,2020,46.9944325,4,46.16916,3.8500291372466124
PRI,2021,48.8657375,4,49.18871,3.8890764862789737
PRI,2022,45.4038925,4,45.69518,3.8155978392574825
PRI,2023,50.76996,4,48.98954,3.927304841092142
PRI,2024,46.604335,4,52.57642,3.8416935625560464
PRI,2025,47.6102275,4,44.53752,3.8630476016029083
PRI,2026,49.39499333333333,3,49.63613,3.899849069530001
PRK,2006,2.98765,4,2.98765,1.09448712520221
PRK,2007,3.5237025,4,2.91804,1.2595122833978982
PRK,2008,3.35155,4,3.35155,1.2094229253977151
PRK,2009,3.35155,4,3.35155,1.2094229253977151
PRK,2010,3.35155,4,3.35155,1.2094229253977151
PRK,2011,3.35155,4,3.35155,1.2094229253977151
PRK,2012,3.35155,4,3.35155,1.2094229253977151
PRT,2006,127.02322000000001,4,127.3443,4.844369904392043
PRT,2007,126.1431225,4,125.38273,4.837417155170443
PRT,2008,145.9691025,4,146.33723,4.983394972599915
PRT,2009,149.3364875,4,151.32365,5.006202065175602
PRT,2010,150.3138825,4,150.68028,5.012725657762981
PRT,2011,153.832745,4,147.53001,5.03586594078211
PRT,2012,153.36162,4,148.3893,5.032798662061879
PRT,2013,162.16033249999998,4,164.84452,5.0885855525856485
PRT,2014,157.92750999999998,4,159.65848,5.0621361302788515
PRT,2015,155.7068,4,153.49374,5.047974751617818
PRT,2016,156.89124249999998,4,158.85293,5.055552842374981
PRT,2017,162.0182,4,164.52875,5.087708674601093
PRT,2018,178.160705,4,166.29028,5.182685980058481
PRT,2019,161.3365725,4,179.8988,5.083492695326311
PRT,2020,152.85862500000002,4,147.80036,5.029513474615312
PRT,2021,162.3287375,4,161.35355,5.089623522925418
PRT,2022,171.44551,4,169.46843,5.14426549017289
PRT,2023,176.768575,4,173.82295,5.174841391192676
PRT,2024,184.47866249999998,4,185.6221,5.2175338063860535
PRT,2025,182.8809925,4,177.83659,5.208835627087767
PRT,2026,171.11460666666667,3,184.0041,5.142333546434224
PRY,2007,4.90492,1,,1.590238782996449
PRY,2008,4.90492,4,4.90492,1.590238782996449
PRY,2009,4.98333,4,4.98333,1.606098342272041
PRY,2010,4.98333,4,4.98333,1.606098342272041
PRY,2011,4.9811025,4,4.98333,1.6056512520765673
PRY,2012,4.8483725,4,4.98036,1.5786430816238746
PRY,2013,4.45241,4,4.45241,1.493445522614108
PRY,2014,4.45241,4,4.45241,1.493445522614108
PRY,2015,4.45241,4,4.45241,1.493445522614108
PRY,2016,4.45241,4,4.45241,1.493445522614108
PRY,2017,4.45241,4,4.45241,1.493445522614108
PRY,2018,5.562765000000001,4,4.45241,1.7160952868070267
PRY,2019,7.19367,4,6.67312,1.973201472661667
PRY,2020,8.75532,4,8.75532,2.1696615156124075
PRY,2021,8.75532,4,8.75532,2.1696615156124075
PRY,2022,8.75532,4,8.75532,2.1696615156124075
PRY,2023,8.75532,4,8.75532,2.1696615156124075
PRY,2024,8.72382,4,8.75469,2.166057215389248
PRY,2025,8.71353,4,8.71353,2.1648769900460123
PRY,2026,8.71353,3,8.71353,2.1648769900460123
PYF,2006,40.249337499999996,4,38.7793,3.695093544101782
PYF,2007,45.854074999999995,4,43.87029,3.8254640715252504
PYF,2008,45.91024,4,45.79917,3.826688185866722
PYF,2009,41.21936,4,44.06402,3.7189080488983026
PYF,2010,37.4236175,4,38.37603,3.622301989075611
PYF,2011,37.25315,4,36.43756,3.6177365050086445
PYF,2012,38.00605,4,38.87527,3.6377453575800507
PYF,2013,35.243857500000004,4,39.66651,3.562291258754907
PYF,2014,30.100382500000002,4,32.45781,3.404537879315285
PYF,2015,30.8831275,4,28.77891,3.430209999173267
PYF,2016,38.6529675,4,38.92881,3.6546235508700495
PYF,2017,39.6628175,4,39.80582,3.6804141619198205
PYF,2018,37.7346475,4,37.60817,3.630578704233017
PYF,2019,39.836442500000004,4,35.91566,3.6847821340506757
PYF,2020,40.2824375,4,39.68887,3.6959155799221506
PYF,2021,41.5368925,4,40.26884,3.7265820082352117
PYF,2022,37.8479125,4,39.59598,3.633575826447079
PYF,2023,40.0862425,4,39.85007,3.691033195646686
PYF,2024,40.7310775,4,40.50277,3.7069913760120956
PYF,2025,39.56516,4,40.26526,3.6779489330312436
PYF,2026,44.380359999999996,3,41.69645,3.7927970292336024
QAT,2006,39.311795000000004,4,39.79111,3.671524601072512
QAT,2007,42.03517,4,39.18631,3.7385066488279226
QAT,2008,45.685045,4,44.6181,3.8217710014561184
QAT,2009,37.4860625,4,40.5135,3.6239691972245245
QAT,2010,33.4552475,4,36.47612,3.510208650204725
QAT,2011,36.507505,4,35.5047,3.5975178558906395
QAT,2012,39.288982499999996,4,41.51613,3.670944136060177
QAT,2013,31.9371075,4,32.1466,3.463768578260225
QAT,2014,36.08418,4,33.47864,3.585854542142443
QAT,2015,39.225930000000005,4,34.54014,3.6693380077070588
QAT,2016,39.781352500000004,4,45.41089,3.6833982723450913
QAT,2017,49.292755,4,53.4749,3.897777112845696
QAT,2018,86.640355,4,83.13431,4.46176570009893
QAT,2019,89.1315,4,88.18873,4.490112807351401
QAT,2020,91.45641,4,85.68883,4.515862465327444
QAT,2021,97.8792875,4,96.77109,4.5837349592263585
QAT,2022,93.9890675,4,90.82018,4.543178472314774
QAT,2023,117.9701025,4,109.3069,4.770431223718339
QAT,2024,102.96624750000001,4,106.30656,4.63440124035141
QAT,2025,97.2966725,4,104.19528,4.577764790251581
QAT,2026,58.937960000000004,3,111.02569,4.076485365241267
REU,2006,45.3680925,4,46.04898,3.81480904959168
REU,2007,46.7227125,4,45.78134,3.844230395481894
REU,2008,46.539339999999996,4,47.50165,3.8402979764242122
REU,2009,50.63105,4,50.20403,3.924565024459249
REU,2010,46.49512,4,48.53255,3.83934736084951
REU,2011,47.919965,4,52.67507,3.869532223422954
REU,2012,39.13893,4,31.14761,3.6671176238323664
REU,2013,42.7467575,4,43.22135,3.7552933445529515
REU,2014,43.758070000000004,4,46.34605,3.7786760529363534
REU,2015,45.454115,4,43.46552,3.8167033555789804
REU,2016,59.477447500000004,4,54.44642,4.085597207086742
REU,2017,57.881205,4,59.90684,4.058392720482301
REU,2018,50.01821,4,58.26888,3.9123871391234246
REU,2019,47.43728,4,44.92967,3.859408417463935
REU,2020,48.39504,4,53.91189,3.879397329132377
REU,2021,47.13078,4,47.22485,3.8529262907668635
REU,2022,50.110665,4,48.66582,3.9142338596878075
REU,2023,49.880827499999995,4,51.39324,3.9096367104897833
REU,2024,56.918125,4,49.38656,4.041613831709304
REU,2025,66.5374125,4,68.06428,4.197764383450106
REU,2026,56.454589999999996,3,58.43136,4.033436598184716
ROU,2006,66.8576375,4,63.4142,4.202565545339238
ROU,2007,76.889735,4,67.38349,4.342372382556163
ROU,2008,82.160695,4,87.37306,4.4086770246887115
ROU,2009,58.1946925,4,66.75622,4.063794156420877
ROU,2010,52.2741475,4,55.88656,3.956501937195111
ROU,2011,51.7222075,4,50.45083,3.94588723474069
ROU,2012,55.48195,4,52.16004,4.016057742629971
ROU,2013,63.922445,4,63.53116,4.157670551665144
ROU,2014,64.6556625,4,62.1201,4.169075688389309
ROU,2015,69.221965,4,67.74993,4.237318225553479
ROU,2016,67.2000575,4,65.78949,4.2076741031835
ROU,2017,65.55553,4,62.19308,4.182897569732962
ROU,2018,63.361965,4,65.08834,4.148863760282845
ROU,2019,60.421387499999994,4,60.23099,4.1013431399451
ROU,2020,59.376105,4,57.9421,4.083891872707947
ROU,2021,61.1678475,4,61.30348,4.113621683817285
ROU,2022,66.05856750000001,4,65.4072,4.190541734895554
ROU,2023,68.51336,4,66.80282,4.227028762747385
ROU,2024,62.2874475,4,79.71691,4.131759920741424
ROU,2025,52.185685,4,55.61659,3.9548082235631763
ROU,2026,44.527899999999995,3,46.23913,3.7961159590030755
RUS,2006,129.92996,4,125.42815,4.86699553603652
RUS,2007,140.3610475,4,137.77144,4.944218013639575
RUS,2008,152.8587325,4,151.50713,5.029514177879274
RUS,2009,149.877845,4,160.68588,5.009820595652918
RUS,2010,156.52666499999998,4,148.56999,5.053226378853188
RUS,2011,169.2774225,4,161.72891,5.131538922301651
RUS,2012,215.45588,4,185.54427,5.37275615540445
RUS,2013,230.38047749999998,4,231.33684,5.43973219215877
RUS,2014,236.06444,4,235.83264,5.464104818601469
RUS,2015,225.8283325,4,228.74294,5.419775119929127
RUS,2016,212.46509,4,229.87024,5.358777692515707
RUS,2017,207.6457625,4,210.37386,5.335833562933792
RUS,2018,201.5731625,4,207.39567,5.3061524048157835
RUS,2019,192.771085,4,199.66195,5.26150339686282
RUS,2020,169.4123825,4,181.33115,5.132335875768515
RUS,2021,178.048385,4,179.27291,5.182055339196831
RUS,2022,134.63107,4,179.9567,4.902538222668095
RUS,2023,148.1070775,4,123.91711,4.997935508788225
RUS,2024,163.040185,4,164.70783,5.093996704164645
RUS,2025,171.96849250000002,4,164.05707,5.147311276893838
RUS,2026,176.46555666666666,3,181.51734,5.173125710965327
SAU,2006,192.49328,4,191.7191,5.260061244027593
SAU,2007,211.5324925,4,204.09828,5.354378615528238
SAU,2008,211.27915000000002,4,220.27824,5.353180244883473
SAU,2009,207.852955,4,211.32693,5.336830882580988
SAU,2010,208.76479,4,209.34052,5.341208211520602
SAU,2011,213.52094,4,210.45008,5.36373490748448
SAU,2012,193.6034975,4,203.81196,5.2658122402784695
SAU,2013,190.5251175,4,187.59258,5.249784036268958
SAU,2014,194.6524025,4,189.60958,5.271215416646619
SAU,2015,195.8932275,4,195.62409,5.277569753143096
SAU,2016,194.4377325,4,191.5029,5.270111970414132
SAU,2017,206.6004525,4,198.18863,5.330786746905792
SAU,2018,217.00220000000002,4,216.23624,5.3799074917379155
SAU,2019,211.46802,4,199.29891,5.354073781379843
SAU,2020,219.65383500000002,4,213.33121,5.392052829864181
SAU,2021,227.374065,4,226.21828,5.426596524680298
SAU,2022,233.4785675,4,228.44586,5.45309028488761
SAU,2023,273.830575,4,254.80128,5.612509575721353
SAU,2024,242.0328575,4,259.9307,5.489073491733512
SAU,2025,242.8059725,4,244.68393,5.492262657317733
SAU,2026,223.85791333333336,3,244.9683,5.411011535115674
SDN,2006,33.401825,4,37.17777,3.508610539208468
SDN,2007,33.149895,4,31.05425,3.5010395492060407
SDN,2008,30.55041,4,29.42997,3.41937810614948
SDN,2009,39.551050000000004,4,36.99741,3.6775922425338194
SDN,2010,37.58606,4,39.80353,3.6266332369721974
SDN,2011,33.0758,4,33.29842,3.4988018971612664
SDN,2012,27.9493625,4,26.74877,3.3303943907542264
SDN,2013,32.4383775,4,30.52907,3.4793422125833295
SDN,2014,35.5264225,4,35.65173,3.570276715405282
SDN,2015,37.7391025,4,36.78917,3.6306967585235532
SDN,2016,37.8253875,4,43.44596,3.632980504169202
SDN,2017,41.143235000000004,4,34.04529,3.7170595150662376
SDN,2018,25.207250000000002,4,26.72173,3.2271316515528237
SDN,2019,22.97587,4,22.95651,3.1344445347718124
SDN,2020,25.46216,4,24.74999,3.2371934284937187
SDN,2021,21.1968325,4,22.67344,3.053851760137766
SDN,2022,19.662122500000002,4,17.1403,2.978694069217258
SDN,2023,26.195285,4,26.62177,3.2655794327399166
SDN,2024,27.970555,4,26.32283,3.3311523497056
SDN,2025,27.246505,4,25.802,3.304925256002902
SDN,2026,27.896833333333333,3,26.58126,3.328513181788268
SEN,2006,61.9001325,4,58.77901,4.125522320237533
SEN,2007,64.289755,4,63.65642,4.16340028728928
SEN,2008,65.158325,4,61.63105,4.176820077448867
SEN,2009,63.053039999999996,4,64.33121,4.143976276950413
SEN,2010,58.246745000000004,4,64.43404,4.064688211056148
SEN,2011,56.8413975,4,57.12511,4.0402648894854165
SEN,2012,51.876397499999996,4,55.91259,3.9488639179470297
SEN,2013,49.98622,4,46.04545,3.911747367443487
SEN,2014,53.3467325,4,51.32751,3.9768127293866464
SEN,2015,57.0027775,4,56.59949,4.043099994717552
SEN,2016,56.97235,4,57.32146,4.042566062422142
SEN,2017,58.610125,4,56.70449,4.0709074632279165
SEN,2018,59.74265,4,63.77052,4.090046170692654
SEN,2019,50.072655,4,50.26886,3.913475050699968
SEN,2020,55.159017500000004,4,51.64925,4.0102202409463095
SEN,2021,54.4501075,4,53.50402,3.9972848236653586
SEN,2022,56.2319275,4,55.42227,4.029484700571308
SEN,2023,59.092344999999995,4,55.47675,4.0791013897960715
SEN,2024,58.2292975,4,54.02298,4.064388621548194
SEN,2025,68.2696425,4,60.62649,4.2234651948557635
SEN,2026,64.37663666666667,3,64.73711,4.164750782608937
SGP,2006,534.5558975,4,538.75282,6.28143630404293
SGP,2007,551.8822475000001,4,541.24336,6.313334703774825
SGP,2008,576.73707,4,576.03589,6.357386478076942
SGP,2009,549.142235,4,552.62947,6.308357488099785
SGP,2010,568.11302,4,549.05354,6.34232037780072
SGP,2011,581.0379875,4,576.33227,6.364816137674952
SGP,2012,560.5578925,4,556.89735,6.328932524421987
SGP,2013,562.2020299999999,4,549.78374,6.331861269280569
SGP,2014,546.146105,4,554.95049,6.3028865315237566
SGP,2015,550.2638375,4,547.9524,6.310397867750528
SGP,2016,549.1025374999999,4,556.69369,6.3082851954724735
SGP,2017,561.3567025,4,537.83716,6.330356536799661
SGP,2018,596.101715,4,597.42622,6.390411315255797
SGP,2019,570.7605424999999,4,576.2734,6.346969756548993
SGP,2020,571.0911475,4,566.78153,6.347548824762725
SGP,2021,576.3645125,4,581.30073,6.356740294742156
SGP,2022,571.0973875,4,569.26324,6.347559751155013
SGP,2023,594.51343,4,585.83113,6.387743306287788
SGP,2024,587.2538724999999,4,592.37877,6.375457217812725
SGP,2025,614.068585,4,595.41514,6.420106623863341
SGP,2026,624.3231366666666,3,629.66513,6.436668081555049
SHN,2024,3.43697,4,3.43697,1.2345902692872694
SHN,2025,3.43697,4,3.43697,1.2345902692872694
SHN,2026,3.43697,3,3.43697,1.2345902692872694
SLB,2006,22.4322175,4,21.03949,3.1104982067752167
SLB,2007,21.797980000000003,4,21.48419,3.081817304951331
SLB,2008,25.3562325,4,22.74934,3.2330245578072354
SLB,2009,26.384865,4,28.95212,3.272790550301051
SLB,2010,20.150215,4,22.54599,3.0032149583109544
SLB,2011,25.8227825,4,20.37276,3.2512571449104524
SLB,2012,30.6772025,4,29.64978,3.423519789160391
SLB,2013,33.951335,4,31.66083,3.5249281757647317
SLB,2014,37.691874999999996,4,37.63094,3.6294445539854077
SLB,2015,35.2372775,4,36.07167,3.562104542124446
SLB,2016,32.8968225,4,36.07879,3.4933760725600123
SLB,2017,34.427645,4,32.54664,3.5388598753596026
SLB,2018,34.172039999999996,4,33.60577,3.5314077658376744
SLB,2019,33.53929,4,34.43216,3.5127175874172747
SLB,2020,30.158265,4,30.84806,3.406459014959842
SLB,2021,29.9844275,4,30.49995,3.4006781635584287
SLB,2022,28.417469999999998,4,28.43546,3.3470040968906547
SLB,2023,31.27564,4,31.69959,3.4428395197726944
SLB,2024,30.60893,4,30.67833,3.4212917964495837
SLB,2025,30.436795,4,30.60698,3.415652238356901
SLB,2026,30.24668,3,30.24668,3.409386426387536
SLE,2006,13.5097475,4,11.50163,2.6034114619380864
SLE,2007,14.3870725,4,13.05975,2.6663300603137636
SLE,2008,20.497419999999998,4,20.4004,3.0202990245655896
SLE,2009,18.2350875,4,21.50892,2.903347622713622
SLE,2010,14.64956,4,14.38801,2.68441030088235
SLE,2011,14.572785,4,15.51584,2.679155748131811
SLE,2012,18.8705225,4,17.27208,2.937601048451273
SLE,2013,24.6169,4,23.6552,3.2034331989373426
SLE,2014,28.351625,4,27.39766,3.344684347755063
SLE,2015,28.6718075,4,27.6218,3.3559143229027946
SLE,2016,23.9493825,4,25.8354,3.175942540643538
SLE,2017,24.193405,4,22.95081,3.1860800753609806
SLE,2018,24.2210575,4,25.93737,3.1872223994343702
SLE,2019,17.335729999999998,4,17.81211,2.8527696895857777
SLE,2020,24.133585,4,17.85475,3.1836044388459834
SLE,2021,16.791465000000002,4,17.89936,2.8208707216010596
SLE,2022,18.5683975,4,18.77411,2.921461076541355
SLE,2023,22.37713,4,18.93843,3.1080394551608386
SLE,2024,21.423985000000002,4,23.64528,3.0645110887992066
SLE,2025,27.8340975,4,21.78709,3.3262617979016365
SLE,2026,27.1892,3,25.75668,3.302819835629695
SLV,2006,26.041605,4,25.09637,3.259695451385652
SLV,2007,26.583125,4,25.99193,3.280276615975539
SLV,2008,27.210875,4,27.28571,3.3036167095732325
SLV,2009,25.475414999999998,4,28.02167,3.2377138694569636
SLV,2010,24.524395,4,24.28893,3.1996683364417464
SLV,2011,24.6434425,4,30.50187,3.2045108407571767
SLV,2012,23.198255,4,21.96058,3.144077060326194
SLV,2013,25.712985,4,26.76875,3.2469961172221837
SLV,2014,29.9090025,4,29.56345,3.3981595220355807
SLV,2015,27.7869325,4,30.42865,3.3245658562297637
SLV,2016,28.41017,4,27.11083,3.346747179656712
SLV,2017,32.050875,4,30.27171,3.4673244840860544
SLV,2018,32.91973,4,33.83004,3.4940721740741414
SLV,2019,32.8711425,4,33.71546,3.4925951452101978
SLV,2020,25.58767,4,25.32146,3.242110594834414
SLV,2021,24.126942500000002,4,25.17592,3.183329162118354
SLV,2022,22.66465,4,23.1272,3.120806441961644
SLV,2023,22.1082,4,22.20509,3.095948580429102
SLV,2024,24.24866,4,25.86614,3.188361358124769
SLV,2025,24.6444625,4,25.40325,3.2045522302217986
SLV,2026,25.29635,3,25.02575,3.2306601165510305
SOM,2006,13.973235,4,13.80221,2.6371437141061755
SOM,2007,14.42625,4,14.49054,2.6690494637524775
SOM,2008,14.3521425,4,14.36196,2.6638992341969145
SOM,2009,14.89329,4,14.34887,2.7009107759494273
SOM,2010,15.859265,4,15.576,2.763753872131571
SOM,2011,16.0324,4,15.95593,2.774611674691006
SOM,2012,3.40087,2,,1.2240312812427512
SOM,2013,13.451229999999999,4,9.23259,2.599070551680695
SOM,2014,20.3177025,4,19.2855,3.0114925503729633
SOM,2015,22.2296975,4,22.53066,3.101429120146227
SOM,2016,25.38839,4,22.9727,3.2342919829143875
SOM,2017,31.874617500000003,4,29.01198,3.46181000340659
SOM,2018,26.6056825,4,26.99022,3.2811248207920287
SOM,2019,27.703677499999998,4,27.67991,3.3215651661140857
SOM,2020,31.14105,4,29.23579,3.438526884527178
SOM,2021,32.105795,4,35.07761,3.4690365434374795
SOM,2022,33.8403,4,34.63065,3.5216523999469533
SOM,2023,33.2108125,4,31.78525,3.5028755006118124
SOM,2024,41.9938075,4,37.76672,3.7375221669367624
SOM,2025,42.80369,4,46.60108,3.7566243138247266
SOM,2026,34.715203333333335,3,38.06903,3.547177727406385
SPM,2023,3.88123,2,,1.3561521137073091
SPM,2024,3.76778,4,3.87776,1.3264859685976742
SPM,2025,4.24896,4,3.73112,1.446674247108603
SPM,2026,6.9134400000000005,3,6.83817,1.9334673431367126
STP,2006,12.32808,4,12.43406,2.5118795872894264
STP,2007,7.851564999999999,4,7.60312,2.0607128749814683
STP,2008,9.4830025,4,7.01533,2.2495009855312085
STP,2009,8.88399,4,11.53902,2.184250780412457
STP,2010,15.246857499999999,4,14.1515,2.7243734162452227
STP,2011,17.319055,4,14.5579,2.8518073404448487
STP,2012,17.519015,4,17.75832,2.8632868624665724
STP,2013,17.711945,4,17.54239,2.874239270722074
STP,2014,15.4234125,4,19.37305,2.735886647153121
STP,2015,14.9176625,4,16.74431,2.7025459136009564
STP,2016,14.9368225,4,15.45584,2.7038294730145953
STP,2017,14.4128325,4,14.75553,2.668118955580581
STP,2018,13.9291275,4,12.04291,2.6339821512285067
STP,2019,16.1534175,4,15.49046,2.782131637189568
STP,2020,12.76886,4,12.76886,2.547009394328871
STP,2021,11.877435,4,12.76886,2.4746403815318665
STP,2022,11.579625,4,11.58429,2.449247088200806
STP,2023,11.958224999999999,4,11.58429,2.481419326137191
STP,2024,12.486735,4,12.47549,2.524666880836863
STP,2025,13.55611,4,13.73536,2.6068373681999324
STP,2026,13.496360000000001,3,13.49636,2.60242001945815
SUR,2006,36.57207,4,33.37324,3.5992848343329413
SUR,2007,32.3101975,4,32.49913,3.475382892476344
SUR,2008,35.6265725,4,36.56687,3.5730917779655353
SUR,2009,35.7440975,4,34.73414,3.576385150613598
SUR,2010,40.38259,4,42.75179,3.698398751491462
SUR,2011,34.763799999999996,4,38.68906,3.548576615480768
SUR,2012,33.894975,4,31.59615,3.523266773310744
SUR,2013,39.5149825,4,38.76414,3.6766799037870443
SUR,2014,40.080225,4,38.04749,3.690883070533307
SUR,2015,42.1336425,4,41.94097,3.7408465308341814
SUR,2016,40.2287575,4,39.91693,3.694582100572991
SUR,2017,38.7771175,4,35.51515,3.6578303175006126
SUR,2018,35.4970325,4,34.89757,3.569449101438106
SUR,2019,36.6455975,4,36.1076,3.601293298334258
SUR,2020,39.806205,4,39.34924,3.684022804661158
SUR,2021,39.369749999999996,4,38.98055,3.672997754922785
SUR,2022,38.8727825,4,36.90777,3.6602943270718096
SUR,2023,40.79502,4,40.02316,3.7085600151368023
SUR,2024,41.2823,4,43.26949,3.7204338366754333
SUR,2025,44.5185725,4,43.60255,3.7959064616524847
SUR,2026,45.63811666666667,3,46.14027,3.820743259170206
SVN,2006,48.87804,4,49.51461,3.8893282158597127
SVN,2007,54.219645,4,54.41762,3.9930432966496014
SVN,2008,57.54674,4,58.50662,4.052597487168985
SVN,2009,51.164935,4,49.72139,3.9350544341382245
SVN,2010,56.07534,4,52.77809,4.026696143695959
SVN,2011,59.9512325,4,60.07414,4.093531440061193
SVN,2012,59.23861,4,53.3218,4.081573525248557
SVN,2013,60.1439925,4,60.04234,4.096741562121096
SVN,2014,61.549105,4,58.20553,4.119835311501182
SVN,2015,72.32834,4,72.00537,4.281216030231449
SVN,2016,73.56191749999999,4,77.38566,4.298127466552441
SVN,2017,75.18835,4,75.04542,4.3199962987416525
SVN,2018,69.03142,4,71.73668,4.234561763270142
SVN,2019,71.1131575,4,66.16064,4.264272375947188
SVN,2020,71.3728375,4,74.23418,4.267917369793897
SVN,2021,68.4215375,4,67.45206,4.22568765079654
SVN,2022,73.930055,4,70.75581,4.303119443515709
SVN,2023,74.080105,4,72.6461,4.305147007723528
SVN,2024,76.759455,4,78.28436,4.3406765710621835
SVN,2025,76.5026525,4,75.94767,4.3373254134340025
SVN,2026,77.74911666666667,3,76.33224,4.353487189794376
SWE,2006,116.07429,4,113.1248,4.754230417152408
SWE,2007,114.309875,4,118.08917,4.7389129625194615
SWE,2008,108.5606875,4,102.27092,4.687309348410024
SWE,2009,116.3960525,4,114.0097,4.756998621492031
SWE,2010,118.29237,4,116.81976,4.773159271862897
SWE,2011,123.08776,4,126.27799,4.812897596890163
SWE,2012,124.216575,4,119.25612,4.822026614701452
SWE,2013,119.70691,4,117.85043,4.785046338550215
SWE,2014,120.3544275,4,121.8768,4.790440952085843
SWE,2015,113.18501499999999,4,108.90343,4.729023780681475
SWE,2016,119.6624275,4,121.71065,4.78467467440161
SWE,2017,144.3977675,4,154.9813,4.972571765812895
SWE,2018,121.33995999999999,4,126.07239,4.79859619286188
SWE,2019,117.6625675,4,118.83869,4.767820930547879
SWE,2020,109.44170249999999,4,112.99429,4.6953920102225375
SWE,2021,108.4570525,4,107.95754,4.686354265126254
SWE,2022,114.2188575,4,109.06524,4.73811641056018
SWE,2023,112.5563975,4,112.49815,4.72345440714115
SWE,2024,118.691085,4,116.35976,4.77652419348758
SWE,2025,116.4636775,4,116.5231,4.757579443276039
SWE,2026,117.27503666666667,3,124.01935,4.764521916869913
SXM,2011,33.8840525,4,31.50249,3.522944475971953
SXM,2012,37.12448,4,37.12894,3.614276590290762
SXM,2013,36.53143,4,37.13127,3.5981729859484832
SXM,2014,36.7858225,4,37.41089,3.6051125127917234
SXM,2015,36.487004999999996,4,34.92174,3.5969561697983847
SXM,2016,43.0257875,4,38.65671,3.7617996452421276
SXM,2017,44.8114375,4,44.31941,3.8024634081763837
SXM,2018,41.89675,4,46.20169,3.7352082582872645
SXM,2019,41.05851,4,39.10557,3.7149981225738493
SXM,2020,38.7993425,4,39.89312,3.6584033006093564
SXM,2021,38.2113625,4,40.23782,3.643132919027728
SXM,2022,32.047795,4,32.04374,3.467228382247986
SXM,2023,31.879975,4,32.1116,3.461978069730992
SXM,2024,32.31058,4,31.93937,3.4753947307740187
SXM,2025,32.9768675,4,31.99815,3.4958063308132394
SXM,2026,32.91555333333333,3,31.90981,3.493945291756308
SYC,2006,22.658815,4,17.74464,3.120548959439854
SYC,2007,22.2203275,4,24.98839,3.1010075230767637
SYC,2008,19.88632,4,19.86645,2.9900320581512316
SYC,2009,22.471025,4,20.61931,3.1122267015342344
SYC,2010,21.562895,4,20.47057,3.07097401346437
SYC,2011,21.888437500000002,4,23.99821,3.0859585293617253
SYC,2012,27.246295,4,25.87349,3.304917548562653
SYC,2013,27.244605,4,27.34447,3.3048555198569227
SYC,2014,28.61982,4,27.34862,3.354099484800351
SYC,2015,26.609345,4,25.98419,3.281262469880185
SYC,2016,24.88665,4,29.86162,3.2143315151154517
SYC,2017,21.7139075,4,22.4858,3.0779529538761143
SYC,2018,22.896752499999998,4,21.70287,3.130995088276815
SYC,2019,26.421167500000003,4,27.08201,3.2741654881253996
SYC,2020,26.416945,4,28.39233,3.2740056603113765
SYC,2021,24.9295125,4,24.01518,3.2160523425909604
SYC,2022,26.378935,4,25.08391,3.272565774980662
SYC,2023,24.7314325,4,26.08648,3.2080750054521436
SYC,2024,24.702175,4,24.17577,3.2068912964373317
SYC,2025,24.138875,4,26.31304,3.1838236114351233
SYC,2026,19.289553333333334,3,19.2479,2.9595636713013542
SYR,2006,50.10643,4,50.19231,3.914149343168894
SYR,2007,49.8270625,4,45.37432,3.908558260124201
SYR,2008,58.6860425,4,65.67908,4.072201921729312
SYR,2009,51.890975,4,48.6484,3.949144882950666
SYR,2010,50.1963775,4,50.99225,3.915942862739346
SYR,2011,55.8656425,4,56.70471,4.022949566872931
SYR,2012,52.188199999999995,4,54.44781,3.954856415694771
SYR,2013,45.7983675,4,47.39113,3.8242484463800697
SYR,2014,39.3232725,4,39.80888,3.6718165191809695
SYR,2015,38.7190125,4,41.3062,3.656330758467451
SYR,2016,32.155010000000004,4,32.25751,3.470568270580403
SYR,2017,31.126704999999998,4,37.16887,3.4380661324010164
SYR,2018,32.0382925,4,34.75191,3.4669318280209978
SYR,2019,31.9611825,4,31.74572,3.4645221195878317
SYR,2020,30.438795,4,30.87569,3.4157179461389764
SYR,2021,27.1630575,4,29.91467,3.3018578699922614
SYR,2022,25.87594,4,25.94312,3.2533135794280845
SYR,2023,25.826625,4,25.90396,3.251405936549818
SYR,2024,25.80188,4,23.08777,3.2504473574898665
SYR,2025,27.900154999999998,4,28.97468,3.3286322443674434
SYR,2026,45.99775666666667,3,49.16381,3.8285926271839497
TCA,2006,6.2486,4,6.2486,1.832357438656563
TCA,2007,5.7103174999999995,4,6.2486,1.7422746263252147
TCA,2008,4.09547,3,4.09547,1.409881484833762
TCA,2019,4.12978,4,4.12978,1.4182241367889772
TCA,2020,4.12978,4,4.12978,1.4182241367889772
TCA,2021,4.12978,4,4.12978,1.4182241367889772
TCA,2022,4.12978,4,4.12978,1.4182241367889772
TCA,2023,4.12978,4,4.12978,1.4182241367889772
TCA,2024,4.12978,4,4.12978,1.4182241367889772
TCA,2025,4.12978,4,4.12978,1.4182241367889772
TCA,2026,4.12978,3,4.12978,1.4182241367889772
TGO,2006,53.207205,4,52.44123,3.9741938195082955
TGO,2007,49.8962075,4,50.33518,3.9099449978651664
TGO,2008,51.161395,4,50.32951,3.9349852437352966
TGO,2009,60.55758,4,52.79601,4.103594647960875
TGO,2010,62.0623575,4,60.92073,4.128139645730248
TGO,2011,57.643164999999996,4,63.23745,4.054271679408706
TGO,2012,49.4435225,4,47.1059,3.900831058588765
TGO,2013,57.6644625,4,53.43048,4.054641082555817
TGO,2014,66.01037249999999,4,58.20607,4.189811888769138
TGO,2015,81.305565,4,83.97165,4.39821446439566
TGO,2016,78.1479775,4,83.46317,4.35860417681411
TGO,2017,77.99658,4,76.52705,4.356664979574475
TGO,2018,85.9399825,4,84.87322,4.453649174716388
TGO,2019,82.11085,4,83.0338,4.40807016363399
TGO,2020,83.9790275,4,82.99422,4.430567095050868
TGO,2021,89.905,4,90.34184,4.498753557283601
TGO,2022,92.3907675,4,91.339,4.526027054824251
TGO,2023,93.97655,4,91.61251,4.5430452830625585
TGO,2024,93.9446025,4,94.78274,4.542705273437429
TGO,2025,119.64974000000001,4,116.06736,4.784568641347425
TGO,2026,120.93717333333332,3,124.80985,4.795271182100729
THA,2006,198.3288,4,195.56452,5.289926259473434
THA,2007,200.2123375,4,194.98665,5.29937849085645
THA,2008,189.403525,4,198.6485,5.243879791983223
THA,2009,183.0838175,4,180.82499,5.209944067108362
THA,2010,200.1647875,4,191.32625,5.29914096479787
THA,2011,201.1163225,4,202.45433,5.303883459571342
THA,2012,194.7945225,4,197.42474,5.271945272229938
THA,2013,203.12117,4,200.75175,5.313802697521622
THA,2014,195.81633,4,199.09154,5.277177128048734
THA,2015,207.8234925,4,198.91061,5.336689125691818
THA,2016,215.63880749999998,4,214.4065,5.373604820518094
THA,2017,210.1484475,4,207.39097,5.347814173843537
THA,2018,217.4658675,4,217.60089,5.382041907179293
THA,2019,221.71129000000002,4,225.36158,5.40137603999863
THA,2020,225.81493,4,217.99713,5.419715769990285
THA,2021,238.9591625,4,229.87465,5.476292669131039
THA,2022,252.074275,4,241.28292,5.529723786147007
THA,2023,264.7608375,4,262.66098,5.5788269184879
THA,2024,263.6409275,4,257.99412,5.574588054233254
THA,2025,272.2796475,4,273.40777,5.606829653955731
THA,2026,274.41723666666667,3,268.53599,5.61464970971952
TLS,2006,5.6244575,4,8.96421,1.727124498994975
TLS,2007,3.2713200000000002,4,3.33778,1.1851935731812286
TLS,2008,4.06194,4,3.07194,1.4016606920003554
TLS,2009,7.03194,4,7.03194,1.9504626279232662
TLS,2010,7.1804225,4,7.03194,1.971358225340034
TLS,2011,7.78742,4,7.79294,2.052509611187611
TLS,2012,14.085365000000001,4,7.78558,2.6451363150855784
TLS,2013,17.37351,4,16.93666,2.854946632377968
TLS,2014,18.6624525,4,18.61837,2.9265136176510853
TLS,2015,13.8840175,4,16.40138,2.6307383584424215
TLS,2016,11.5925875,4,11.36929,2.450365885238603
TLS,2017,11.3721125,4,11.68175,2.4311640864587796
TLS,2018,11.2689,4,11.2689,2.4220467190289843
TLS,2019,11.2689,4,11.2689,2.4220467190289843
TLS,2020,11.2689,4,11.2689,2.4220467190289843
TLS,2021,11.77099,4,12.22298,2.4656380298844893
TLS,2022,10.087869999999999,4,11.54463,2.3113337119816473
TLS,2023,12.27019,4,11.96917,2.5071727435255053
TLS,2024,11.995425000000001,4,11.99694,2.484525327093742
TLS,2025,12.222169999999998,4,12.22027,2.503251515719796
TLS,2026,12.229260000000002,3,12.22926,2.503831440918339
TON,2006,24.39832,4,25.36567,3.1945142774697004
TON,2007,20.2063025,4,22.10106,3.0059945606942313
TON,2008,19.2074375,4,17.64504,2.955297573817095
TON,2009,21.21826,4,21.21826,3.054862131708822
TON,2010,19.925060000000002,4,21.21826,2.9919782359640914
TON,2011,19.775085,4,19.30387,2.9844228120009904
TON,2012,21.580135,4,19.62336,3.0717732156028217
TON,2013,25.695095000000002,4,24.45454,3.246300117654716
TON,2014,24.099455,4,28.49111,3.1821892261330227
TON,2015,19.694775,4,19.77871,2.9803533721382673
TON,2016,27.044475,4,23.8945,3.2974827330440135
TON,2017,28.355975,4,28.66224,3.3448377663447593
TON,2018,27.253925,4,28.30898,3.3051975474342115
TON,2019,24.67185,4,25.89015,3.2056629175959
TON,2020,24.0121325,4,22.28064,3.1785592234486684
TON,2021,29.04307,4,29.2072,3.3687799006224695
TON,2022,27.16023,4,27.16023,3.301753770990427
TON,2023,28.748835,4,28.20784,3.3585972446832013
TON,2024,28.620585,4,29.32582,3.3541262141709782
TON,2025,28.098555,4,27.97713,3.335718151529923
TON,2026,28.14363,3,28.14363,3.3373210412345373
TTO,2006,80.776015,4,79.60564,4.391680077400725
TTO,2007,79.1561175,4,80.47526,4.3714220732960865
TTO,2008,78.14711,4,82.81787,4.358593076017356
TTO,2009,88.9684325,4,82.12636,4.488281615803169
TTO,2010,86.4923125,4,86.49907,4.460055537156039
TTO,2011,85.516565,4,88.65549,4.448710099867082
TTO,2012,79.172465,4,83.94686,4.371628574229778
TTO,2013,76.52952,4,74.39406,4.337676548751984
TTO,2014,78.1967725,4,78.79033,4.35922837432102
TTO,2015,74.264,4,74.3766,4.307626312097631
TTO,2016,70.2848475,4,77.97056,4.252556235043878
TTO,2017,60.69776,4,59.88316,4.105906794583869
TTO,2018,62.7901725,4,62.46732,4.139798572374992
TTO,2019,63.415724999999995,4,61.90773,4.149711859080391
TTO,2020,62.3052075,4,62.01776,4.1320450097801045
TTO,2021,61.69226,4,62.25129,4.122158477337347
TTO,2022,58.409275,4,58.07345,4.06747469571701
TTO,2023,59.815372499999995,4,59.87137,4.0912626931383755
TTO,2024,59.902845,4,60.70142,4.09272399981989
TTO,2025,61.3916775,4,60.7225,4.117274280363356
TTO,2026,61.41616666666667,3,60.97191,4.117673101255579
TUN,2006,49.052144999999996,4,50.11803,3.892883915942055
TUN,2007,50.3128275,4,51.21998,3.918260064474367
TUN,2008,49.452952499999995,4,51.94699,3.901021763060862
TUN,2009,51.483415,4,52.16,3.941259716969098
TUN,2010,53.8075725,4,51.39734,3.9854142100510987
TUN,2011,55.239375,4,54.65122,4.0116760142120595
TUN,2012,46.995495,4,53.07357,3.850051746052222
TUN,2013,44.69565,4,42.4527,3.7998761814478272
TUN,2014,45.555745,4,46.45622,3.8189367408900727
TUN,2015,44.51329,4,42.25333,3.79578779627005
TUN,2016,43.8306325,4,50.74851,3.780332945081786
TUN,2017,42.992205,4,41.29644,3.7610188201907584
TUN,2018,41.7557825,4,41.10027,3.7318379447002226
TUN,2019,37.298535,4,37.28231,3.618954049739032
TUN,2020,32.1507525,4,34.2912,3.4704358563195123
TUN,2021,27.63429,4,27.73436,3.319057392898006
TUN,2022,26.63514,4,25.30362,3.2822313965969356
TUN,2023,27.1406275,4,25.31472,3.301031774994267
TUN,2024,29.1102875,4,30.7168,3.3710916340399186
TUN,2025,28.7969975,4,27.71711,3.360271128234907
TUN,2026,24.42698,3,25.41994,3.19568825912641
TUR,2006,168.07549,4,163.38713,5.124413223716015
TUR,2007,174.754365,4,167.55168,5.163381359342734
TUR,2008,192.292455,4,195.04109,5.259017416255576
TUR,2009,169.7438725,4,179.73457,5.1342906685855185
TUR,2010,172.9862325,4,168.59093,5.153212010406194
TUR,2011,188.6713925,4,186.74349,5.240006837807935
TUR,2012,206.18631249999999,4,194.88033,5.328780189651209
TUR,2013,217.656635,4,217.06481,5.3829187522568365
TUR,2014,221.03795,4,220.27218,5.398334406232668
TUR,2015,221.007025,4,226.46631,5.398194488342863
TUR,2016,220.3618725,4,216.9537,5.395271070027117
TUR,2017,231.0300925,4,227.96649,5.442547972600091
TUR,2018,236.2317,4,242.10249,5.464813103056186
TUR,2019,229.85361,4,229.0348,5.4374426280240495
TUR,2020,227.4563925,4,225.81097,5.426958538699112
TUR,2021,231.4928425,4,231.21504,5.444548955121754
TUR,2022,251.92678,4,246.24776,5.529138489736424
TUR,2023,277.15177,4,267.41379,5.62456526227876
TUR,2024,280.50163499999996,4,284.69928,5.636579553822768
TUR,2025,308.0558375,4,297.15711,5.730281057126838
TUR,2026,303.96941999999996,3,307.06314,5.7169271042412335
TUV,2008,6.615896666666667,3,,1.8894753388972807
TUV,2009,5.0876325,4,7.01393,1.6268125946556127
TUV,2010,5.6393699999999995,4,4.52202,1.7297723571431607
TUV,2011,6.756719999999999,3,6.75672,1.910537565203225
TUV,2012,10.74888,1,,2.374801563099417
TUV,2013,10.522845,4,10.74888,2.3535486080103563
TUV,2014,8.6811675,4,10.19637,2.1611560242356203
TUV,2015,8.329247500000001,4,8.1761,2.1197731159637434
TUV,2016,8.78869,4,8.78869,2.1734656675985295
TUV,2017,5.5082325,4,5.49426,1.7062437913045114
TUV,2018,5.425255,4,5.55015,1.6910649029301361
TUV,2019,5.05057,4,5.05057,1.6195011082049127
TUV,2020,4.8356525,4,5.05057,1.5760160732641808
TUV,2021,4.36876,4,4.36876,1.474479215981627
TUV,2022,4.13937,4,4.13937,1.420543602344555
TUV,2023,4.761305,4,4.13937,1.560521790332301
TUV,2024,4.7013175,4,5.16879,1.5478427885828774
TUV,2025,4.19526,4,4.19526,1.4339553165444667
TWN,2006,352.98690750000003,4,358.61912,5.866430967010347
TWN,2007,335.3412075,4,345.51726,5.815148543326224
TWN,2008,338.48611750000003,4,331.44197,5.824483079694483
TWN,2009,327.932165,4,336.40568,5.792806772970784
TWN,2010,333.64104499999996,4,323.47487,5.810065699486957
TWN,2011,334.64043749999996,4,331.40653,5.813056634508178
TWN,2012,324.3341875,4,328.20283,5.781774427121827
TWN,2013,323.54197750000003,4,319.23843,5.7793288659555655
TWN,2014,325.3536525,4,314.34116,5.784912752249578
TWN,2015,347.9612475,4,332.20115,5.852091115815118
TWN,2016,342.9623225,4,349.73244,5.837620594193548
TWN,2017,338.7755725,4,335.34686,5.825337860119533
TWN,2018,346.717355,4,347.45877,5.848509909124894
TWN,2019,365.0390675,4,355.95735,5.900004382101311
TWN,2020,352.03159,4,354.63789,5.863720915889498
TWN,2021,355.081685,4,359.14214,5.872347861598344
TWN,2022,344.62358,4,346.68644,5.842452748914725
TWN,2023,344.2857325,4,343.53445,5.841471930333951
TWN,2024,338.737835,4,343.02487,5.825226460109965
TWN,2025,331.9681825,4,332.63243,5.805039128480567
TWN,2026,322.96956,3,329.39398,5.777558077295581
TZA,2006,55.32942,4,52.52366,4.013304774295886
TZA,2007,59.630300000000005,4,55.24199,4.088163834147011
TZA,2008,51.3575125,4,56.10697,3.938811225576409
TZA,2009,49.2220475,4,54.11976,3.8963416430412168
TZA,2010,52.6821025,4,45.08169,3.9642757868607466
TZA,2011,59.88866,4,59.56986,4.092487171673081
TZA,2012,55.4716775,4,54.44006,4.015872575181897
TZA,2013,57.128145,4,51.39904,4.04529690240351
TZA,2014,55.8086775,4,60.75944,4.02192936804941
TZA,2015,48.361615,4,44.73306,3.8787064205570516
TZA,2016,53.254202500000005,4,52.33955,3.9750767216632936
TZA,2017,49.9235475,4,49.74305,3.91049278523819
TZA,2018,54.7864975,4,52.28291,4.003443767608091
TZA,2019,54.666542500000006,4,64.03369,4.001251867812046
TZA,2020,49.279495,4,50.61506,3.8975080716078225
TZA,2021,48.1311525,4,48.53716,3.8739296285924247
TZA,2022,50.248325,4,49.98836,3.916977213050284
TZA,2023,56.311867500000005,4,55.04592,4.030905303340994
TZA,2024,58.314032499999996,4,60.08754,4.065842759076805
TZA,2025,64.757385,4,62.61804,4.170647748130032
TZA,2026,73.81078666666666,3,72.12386,4.30150488172092
UKR,2006,58.10246,4,57.93784,4.062208003753258
UKR,2007,68.28414000000001,4,59.72836,4.223677528777081
UKR,2008,78.64473,4,83.59416,4.364940621537752
UKR,2009,61.3592375,4,69.8397,4.116745730319469
UKR,2010,58.327775,4,58.26677,4.0660783950011465
UKR,2011,65.59697750000001,4,60.55006,4.18352962019345
UKR,2012,67.967495,4,62.69177,4.219029576184774
UKR,2013,70.3705775,4,68.65125,4.253775242566923
UKR,2014,72.793265,4,72.05406,4.287623437186717
UKR,2015,72.2466125,4,76.14133,4.280085440080218
UKR,2016,63.657185,4,63.6944,4.153512201586267
UKR,2017,68.987275,4,63.94777,4.233922067299892
UKR,2018,69.0823075,4,71.35334,4.235298656021121
UKR,2019,65.91289499999999,4,66.51736,4.188334097632108
UKR,2020,67.627835,4,65.24091,4.214019658653917
UKR,2021,72.86718,4,76.29668,4.288638331880255
UKR,2022,74.80549,1,74.80549,4.314891278009022
UKR,2023,7.003956666666667,3,,1.9464752274636705
UKR,2024,12.8398875,4,7.35186,2.5525565365411884
UKR,2025,21.4833675,4,23.51249,3.067279031095962
UKR,2026,16.21408333333333,3,19.89238,2.785880206143607
URY,2006,70.4784675,4,68.65484,4.2553072376344305
URY,2007,67.20271,4,60.50246,4.207713574096929
URY,2008,69.11838499999999,4,72.04193,4.235820759060793
URY,2009,83.65447,4,74.17619,4.4266948629447604
URY,2010,89.9606225,4,90.28837,4.499372046809281
URY,2011,89.48970249999999,4,88.83824,4.494123562795454
URY,2012,89.12361,4,88.47976,4.490024282539909
URY,2013,89.6994,4,92.12349,4.496464080079169
URY,2014,88.3034825,4,87.96364,4.4807795462432995
URY,2015,83.12281,4,88.77132,4.420319152764298
URY,2016,84.42296,4,79.19391,4.435839402520999
URY,2017,85.9178525,4,84.01135,4.453391636267561
URY,2018,88.35291,4,86.76482,4.481339135404952
URY,2019,84.09376,4,84.21644,4.431932366842074
URY,2020,85.1751725,4,83.03706,4.444709988787128
URY,2021,86.7994825,4,84.81785,4.463600659666965
URY,2022,92.6617825,4,94.51658,4.528956116798941
URY,2023,96.60303499999999,4,94.84449,4.570610158944392
URY,2024,97.22712,4,100.02934,4.577049684895367
URY,2025,96.6085625,4,97.36264,4.570667376006649
URY,2026,96.40848333333334,3,96.43689,4.568594199127731
USA,2006,513.439735,4,505.61226,6.241132661234895
USA,2007,493.407595,4,491.63403,6.201335597166892
USA,2008,466.2731625,4,467.32053,6.144771648008282
USA,2009,462.047805,4,465.91817,6.135668359754645
USA,2010,466.141695,4,447.52523,6.144489654430394
USA,2011,484.319635,4,484.11335,6.1827450916391635
USA,2012,475.309575,4,463.76453,6.163966328588523
USA,2013,489.926645,4,476.34964,6.194255675816265
USA,2014,488.15187000000003,4,481.16753,6.19062656645406
USA,2015,484.0767225,4,477.59284,6.182243411716034
USA,2016,475.359965,4,486.61898,6.164072338085886
USA,2017,469.99536,4,469.29373,6.152722822314947
USA,2018,475.3447125,4,471.66046,6.164040251360404
USA,2019,480.9115825,4,481.62775,6.175683433042444
USA,2020,487.2583525,4,484.29427,6.188794480364912
USA,2021,517.330105,4,508.45357,6.2486811717205315
USA,2022,532.4177175,4,537.18339,6.2774283645172
USA,2023,510.1799275,4,513.72355,6.234763462519038
USA,2024,510.0668025,4,498.37925,6.234541702434664
USA,2025,521.2094525,4,522.5454,6.256151981118467
USA,2026,508.88055,3,510.75946,6.23221331317487
VCT,2006,24.93048,4,24.93048,3.216091151261063
VCT,2007,28.181815,4,30.18208,3.3386769117775894
VCT,2008,28.6137,4,28.61059,3.3538856241109043
VCT,2009,23.2072675,4,28.61656,3.1444654839287214
VCT,2010,20.296597499999997,4,21.35626,3.010453261162037
VCT,2011,21.57128,4,20.68117,3.071362800318674
VCT,2012,30.535140000000002,4,24.24012,3.4188781515671582
VCT,2013,34.129270000000005,4,33.04854,3.5301553738823714
VCT,2014,32.8046475,4,33.65014,3.490570197425895
VCT,2015,25.0084275,4,22.72592,3.2192128680627614
VCT,2016,32.7828325,4,33.72725,3.48990497897858
VCT,2017,29.33608,4,32.15094,3.3788181577901226
VCT,2018,25.187475,4,26.54236,3.226346847150578
VCT,2019,25.40342,4,23.83288,3.2348838106298676
VCT,2020,25.740335,4,25.1868,3.248059216846304
VCT,2021,23.6421425,4,25.15153,3.163030818718869
VCT,2022,20.472627499999998,4,20.47075,3.0190887500094634
VCT,2023,21.177155,4,22.90133,3.052923006316122
VCT,2024,20.2995825,4,20.70861,3.0106003193337854
VCT,2025,20.160855,4,20.16324,3.003742853018145
VCT,2026,18.096700000000002,3,18.07955,2.895729601207399
VEN,2006,115.8673625,4,115.95247,4.752446110171148
VEN,2007,118.4060975,4,116.33249,4.774120220279275
VEN,2008,117.7065,4,122.84354,4.768194237890062
VEN,2009,108.744865,4,105.9564,4.689004450463166
VEN,2010,98.7682175,4,102.86809,4.59277586777936
VEN,2011,84.511585,4,85.32812,4.436888625557417
VEN,2012,96.47575499999999,4,96.35458,4.5692917332546825
VEN,2013,96.547835,4,97.7241,4.570038585008403
VEN,2014,87.6082025,4,93.87912,4.472874629403533
VEN,2015,73.1027625,4,83.76251,4.291866156739356
VEN,2016,63.4575775,4,61.99075,4.150371611773722
VEN,2017,49.9126125,4,54.48843,3.9102737263312024
VEN,2018,50.101060000000004,4,49.10502,3.914042165551629
VEN,2019,47.27678,4,48.30757,3.856019265871661
VEN,2020,42.787185,4,43.82798,3.7562386418660143
VEN,2021,31.376379999999997,4,38.15179,3.4460553805484224
VEN,2022,26.8673475,4,22.76745,3.2909117017144576
VEN,2023,31.385662500000002,4,30.59755,3.4463511803566482
VEN,2024,37.2151,4,35.25861,3.616714592896803
VEN,2025,36.505427499999996,4,38.04415,3.5974609481640374
VEN,2026,47.41771333333333,3,38.91754,3.8589958579084156
VGB,2006,12.7199425,4,13.29953,2.5431710374615073
VGB,2007,12.304925,4,11.94465,2.509999588741145
VGB,2008,10.5586,4,10.5586,2.3569406937315973
VGB,2009,10.5586,4,10.5586,2.3569406937315973
VGB,2010,10.8338,4,10.5586,2.3826708766628752
VGB,2011,11.675442499999999,4,11.6594,2.4574877043356467
VGB,2012,11.72357,4,11.72357,2.4616013452739507
VGB,2013,11.72357,4,11.72357,2.4616013452739507
VGB,2014,11.7002825,4,11.72357,2.4596129868113628
VGB,2015,11.708045,4,11.63042,2.4602762123480475
VGB,2016,17.989385,4,11.73392,2.8897818617193995
VGB,2017,21.450647500000002,4,20.03789,3.06575483139861
VGB,2018,22.85998,4,22.85998,3.1293877834756434
VGB,2019,21.4907325,4,20.36865,3.0676217956947367
VGB,2020,20.8638325,4,21.94282,3.038017157529501
VGB,2021,15.28939,4,17.62493,2.727159123788688
VGB,2022,8.28277,4,8.28277,2.114177453513586
VGB,2023,8.28277,4,8.28277,2.114177453513586
VGB,2024,8.28277,4,8.28277,2.114177453513586
VGB,2025,10.3281575,4,8.28277,2.3348739032344157
VGB,2026,11.78915,3,11.78915,2.4671796169545512
VIR,2006,21.5341325,4,22.11372,3.069639234434872
VIR,2007,21.05468,4,21.81951,3.0471228632082035
VIR,2008,18.76019,4,18.76019,2.9317370714585613
VIR,2009,18.76019,4,18.76019,2.9317370714585613
VIR,2010,18.860219999999998,4,18.75818,2.937054942036535
VIR,2011,19.517187500000002,4,19.16634,2.971295487612192
VIR,2012,21.852955,4,20.56973,3.084336152672057
VIR,2013,23.13618,4,23.13618,3.141397626029077
VIR,2014,23.1238675,4,23.13618,3.140865309226301
VIR,2015,23.131629999999998,4,23.08693,3.1412009450098255
VIR,2016,23.2602175,4,23.14653,3.1467444978636525
VIR,2017,22.436595,4,23.33879,3.110693331173211
VIR,2018,22.04726,4,21.5344,3.0931883311330153
VIR,2019,22.1447425,4,21.57693,3.09760010940058
VIR,2020,22.70884,4,22.70884,3.1227542759929965
VIR,2021,25.051607500000003,4,26.9749,3.220937997128648
VIR,2022,19.123604999999998,4,19.28173,2.950923435875792
VIR,2023,18.5927775,4,18.64923,2.92277319885707
VIR,2024,18.76832,4,18.75434,2.932170342064145
VIR,2025,20.423195,4,18.77298,3.0166712647479996
VIR,2026,21.37666,3,21.60192,3.062299672626092
VNM,2006,138.150035,4,135.02332,4.928340304717204
VNM,2007,149.2517375,4,142.817,5.0056343937459875
VNM,2008,166.1446725,4,165.42552,5.11285892988689
VNM,2009,174.789155,4,158.26896,5.163580418962634
VNM,2010,210.217665,4,187.07606,5.348143493922238
VNM,2011,242.391935,4,241.78323,5.490555982189507
VNM,2012,217.8999425,4,222.47603,5.384035978068025
VNM,2013,214.92289,4,218.92184,5.370279312634162
VNM,2014,215.43195,4,209.99557,5.3726450824134835
VNM,2015,250.984195,4,237.21126,5.525389969021718
VNM,2016,280.8052925,4,270.79371,5.637661519908509
VNM,2017,285.5574275,4,276.31185,5.65444315597903
VNM,2018,307.7880675,4,301.41431,5.729411453596787
VNM,2019,314.1361975,4,311.46649,5.749826641865915
VNM,2020,330.0726525,4,309.41417,5.799312789319979
VNM,2021,350.73449,4,345.29411,5.860029498475279
VNM,2022,382.5086475,4,365.9267,5.946751260854175
VNM,2023,406.170605,4,397.44583,6.006773280698111
VNM,2024,409.660625,4,408.88285,6.015329073026767
VNM,2025,456.60261,4,439.25658,6.123813450242301
VNM,2026,486.0877433333333,3,478.8203,6.1863891494429115
VUT,2006,24.7392225,4,23.31189,3.2083899396313815
VUT,2007,25.5851025,4,25.75457,3.2420102485026945
VUT,2008,27.07431,4,25.08669,3.298585307797769
VUT,2009,22.22084,4,29.02098,3.101030587277317
VUT,2010,13.4294425,4,16.92026,2.597449498132193
VUT,2011,20.6552325,4,13.78043,3.027968677139769
VUT,2012,23.99729,4,24.28062,3.1779409073057123
VUT,2013,27.4670525,4,23.5485,3.3129871954787506
VUT,2014,28.06432,4,29.00535,3.3344990186333163
VUT,2015,24.7658625,4,25.20905,3.2094661928110892
VUT,2016,24.8131375,4,24.06873,3.2113732508125716
VUT,2017,23.9101775,4,24.2489,3.174304205114782
VUT,2018,22.53835,4,22.89401,3.1152183027378246
VUT,2019,22.47919,4,22.14104,3.1125899923478513
VUT,2020,23.7723475,4,23.49364,3.1685230354355998
VUT,2021,24.030465,4,23.48415,3.1793224003726386
VUT,2022,23.28174,4,23.26707,3.147669362338214
VUT,2023,24.5499975,4,22.96089,3.2007117524075306
VUT,2024,25.39697,4,25.16184,3.2346298755701306
VUT,2025,25.7551025,4,25.87828,3.248632762819375
VUT,2026,24.49312,3,24.49312,3.198392261787863
WLF,2006,8.490965,4,9.46819,2.139002656997189
WLF,2007,5.55929,4,5.55929,1.7154704022667009
WLF,2008,6.2024825,4,5.55929,1.8249496151368723
WLF,2009,4.93837,4,6.41688,1.597035317237043
WLF,2010,5.981445000000001,4,4.52202,1.7886621775685754
WLF,2011,6.98477,3,7.44087,1.9437320644645775
WLF,2012,8.518353333333332,3,,2.1422230514265044
WLF,2013,10.522845,4,10.74888,2.3535486080103563
WLF,2014,8.6811675,4,10.19637,2.1611560242356203
WLF,2015,8.1761,4,8.1761,2.1012152643063167
WLF,2016,8.1761,4,8.1761,2.1012152643063167
WLF,2017,5.5082325,4,5.49426,1.7062437913045114
WLF,2018,5.425255,4,5.55015,1.6910649029301361
WLF,2019,5.05057,4,5.05057,1.6195011082049127
WLF,2020,4.991283333333333,3,5.05057,1.6076930577267796
WLF,2022,5.13056,4,5.13056,1.6352148150183354
WLF,2023,5.0772325,4,5.13056,1.6247663296773946
WLF,2024,4.711845,4,4.82475,1.5500795510713998
WLF,2025,4.93731,4,5.05057,1.596820648474169
WLF,2026,3.51782,3,3.51782,1.2578414795714647
WSM,2006,34.756305,4,34.39029,3.5483609944016847
WSM,2007,34.3442925,4,33.1736,3.5364358476574806
WSM,2008,33.50411,4,34.24771,3.5116681178728033
WSM,2009,29.24864,4,32.50321,3.37583307687041
WSM,2010,23.75167,4,25.99414,3.1676528437980846
WSM,2011,22.73943,4,22.46594,3.124100422045173
WSM,2012,23.978794999999998,4,22.02202,3.1771698981282768
WSM,2013,25.99092,4,25.08268,3.2577472462569848
WSM,2014,24.5061375,4,27.82647,3.198923596382321
WSM,2015,23.393494999999998,4,23.3986,3.152457992263878
WSM,2016,27.429814999999998,4,27.20106,3.3116305604863743
WSM,2017,24.303045,4,24.20286,3.190601651138006
WSM,2018,25.805442499999998,4,25.21931,3.250585419293234
WSM,2019,29.333925,4,28.99531,3.3787446960612213
WSM,2020,30.98726,4,30.46414,3.4335761522728245
WSM,2021,32.506924999999995,4,32.56469,3.4814531435611054
WSM,2022,32.41542,4,32.41542,3.4786342355073865
WSM,2023,31.517010000000003,4,32.84819,3.450527400084054
WSM,2024,29.741925,4,30.40371,3.3925576665768085
WSM,2025,29.382350000000002,4,29.26093,3.3803941539322873
WSM,2026,29.97461,3,29.83781,3.4003506899865674
YEM,2006,58.61302,4,55.36301,4.070956856204032
YEM,2007,65.54262750000001,4,63.6921,4.182700732488446
YEM,2008,62.8925825,4,67.34086,4.1414282314744435
YEM,2009,53.61889,4,57.3382,3.981901431362656
YEM,2010,46.728517499999995,4,46.57205,3.8443546314070383
YEM,2011,41.642354999999995,4,44.47759,3.729117798343492
YEM,2012,37.868157499999995,4,34.21818,3.6341105874425312
YEM,2013,43.732862499999996,4,41.01378,3.7780998217778277
YEM,2014,46.43629,4,41.8892,3.83808126561091
YEM,2015,36.7153925,4,45.27854,3.6031960812999246
YEM,2016,31.16411,4,33.86093,3.4392671121761547
YEM,2017,20.2999625,4,21.16565,3.010619038755395
YEM,2018,15.8763175,4,16.29791,2.764828533461084
YEM,2019,17.5779125,4,15.17146,2.8666431423168888
YEM,2020,20.5820025,4,21.59151,3.0244170288792507
YEM,2021,18.031487499999997,4,19.21869,2.8921195351987516
YEM,2022,23.2316575,4,20.513,3.1455158959372937
YEM,2023,22.1154,4,22.18889,3.0962741984278006
YEM,2024,34.7863425,4,33.01047,3.549224852852514
YEM,2025,39.081105,4,39.93312,3.665639102107493
YEM,2026,37.44820666666667,3,41.9104,3.6229588227463383
ZAF,2006,130.457105,4,126.73163,4.871044475411937
ZAF,2007,143.879255,4,142.53174,4.968974440887968
ZAF,2008,147.29379749999998,4,146.6495,4.9924292146390465
ZAF,2009,145.6290825,4,143.97181,4.981062858261774
ZAF,2010,153.6130775,4,147.73707,5.0344369570633285
ZAF,2011,152.72888749999998,4,162.14939,5.0286643724597075
ZAF,2012,134.264345,4,138.42096,4.899810580567017
ZAF,2013,142.9129725,4,137.36046,4.962235861081463
ZAF,2014,143.0207825,4,137.88861,4.962989951868043
ZAF,2015,136.1172475,4,142.7095,4.913516628299839
ZAF,2016,127.713105,4,134.74082,4.8497863811090225
ZAF,2017,124.2349,4,123.30308,4.822174128416419
ZAF,2018,118.3677225,4,118.21199,4.773796071263678
ZAF,2019,115.1196675,4,116.76295,4.745972174284462
ZAF,2020,114.9491575,4,114.98963,4.744489921908734
ZAF,2021,112.42793499999999,4,114.84293,4.722312438609092
ZAF,2022,109.79145749999999,4,112.73866,4.698582725502362
ZAF,2023,110.6202225,4,100.12289,4.706102915954855
ZAF,2024,106.5681875,4,111.12839,4.668785038487596
ZAF,2025,107.6011125,4,103.24494,4.678430986893566
ZAF,2026,116.42794666666667,3,117.59562,4.757272598117982
