---------------------------------------------------------------------------------------------------------------------------------------------------------------------------------------------------------------------------------------------------------------
      name:  <unnamed>
       log:  C:\Users\sunbi\managi-lab Dropbox\Sunbin Yoo\Research Box ^-^\2026\GACI\gaci_tourism_hetero_iv.log
  log type:  text
 opened on:  20 Jun 2026, 09:19:17

. import delimited "gaci_panel_hetero.csv", clear varnames(1) encoding("utf-8")
(41 vars, 4,643 obs)

. ds c reg, not
y             lngdp         ln_gaci_mean  gaci_mean     unesco_cum~t  lnpc          abslat        deg_mean      close_sum     betw_mean     cap_sum       nat_endow     tourism_int
trade_share   lng           lncap         ln_unesco     lnz           lnpop         n_air         eig_sum       close_mean    regimp_sum    cap_mean      merch_share   tourism_cum
ln_tradevol   ln_gaci_cwm   gaci_cwmean   unesco_cum    lnz_own       lnland        deg_sum       eig_mean      betw_sum      regimp_mean   tour_shift    merch_inte~y  ln_remote

. destring `r(varlist)', replace force
y already numeric; no replace
trade_share already numeric; no replace
ln_tradevol already numeric; no replace
lngdp already numeric; no replace
lng already numeric; no replace
ln_gaci_cwm already numeric; no replace
ln_gaci_mean already numeric; no replace
lncap already numeric; no replace
gaci_cwmean already numeric; no replace
gaci_mean already numeric; no replace
ln_unesco already numeric; no replace
unesco_cum already numeric; no replace
unesco_cum_nat already numeric; no replace
lnz already numeric; no replace
lnz_own already numeric; no replace
lnpc already numeric; no replace
lnpop already numeric; no replace
lnland already numeric; no replace
abslat already numeric; no replace
n_air already numeric; no replace
deg_sum already numeric; no replace
deg_mean already numeric; no replace
eig_sum already numeric; no replace
eig_mean already numeric; no replace
close_sum already numeric; no replace
close_mean already numeric; no replace
betw_sum already numeric; no replace
betw_mean already numeric; no replace
regimp_sum already numeric; no replace
regimp_mean already numeric; no replace
cap_sum already numeric; no replace
cap_mean already numeric; no replace
tour_shift already numeric; no replace
nat_endow already numeric; no replace
merch_share already numeric; no replace
merch_intensity already numeric; no replace
tourism_int already numeric; no replace
tourism_cum already numeric; no replace
ln_remote already numeric; no replace

. encode c, gen(isocode)

. xtset isocode y

Panel variable: isocode (unbalanced)
 Time variable: y, 1996 to 2023, but with gaps
         Delta: 1 unit

. 
. * goods outcomes
. gen g_int = merch_intensity                       // ln(goods/GDP)  = trade openness (MAIN)

. gen g_shr = merch_share                           // goods % GDP

. gen g_vol = merch_intensity + lngdp               // ln(goods trade value)

. 
. capture which ivreghdfe

. if _rc {
.     ssc install ftools, replace
.     ssc install reghdfe, replace
.     ssc install ivreghdfe, replace
. }

. 
. *------------------------------------------------------------------------------
. * moderators, mean-centered
. *------------------------------------------------------------------------------
. * (1) remoteness: time-invariant ln mean sea distance (CERDI)
. quietly summarize ln_remote

. gen double rem_c = ln_remote - r(mean)
(8 missing values generated)

. * (2) baseline income: 1996 ln GDP per capita (exogenous to later trade)
. gen tmp = lnpc if y==1996
(4,493 missing values generated)

. bysort isocode: egen base_lnpc = max(tmp)
(522 missing values generated)

. quietly summarize base_lnpc

. gen double inc_c = base_lnpc - r(mean)
(522 missing values generated)

. drop tmp

. * (3) population / market size: baseline 1996 ln population
. gen tmp = lnpop if y==1996
(4,493 missing values generated)

. bysort isocode: egen base_lnpop = max(tmp)
(522 missing values generated)

. quietly summarize base_lnpop

. gen double pop_c = base_lnpop - r(mean)
(522 missing values generated)

. drop tmp

. * (4) land area (time-invariant geography)
. quietly summarize lnland

. gen double land_c = lnland - r(mean)

. * (5) GDP total / economic size: baseline 1996 ln GDP
. gen tmp = lngdp if y==1996
(4,493 missing values generated)

. bysort isocode: egen base_lngdp = max(tmp)
(522 missing values generated)

. quietly summarize base_lngdp

. gen double gdp_c = base_lngdp - r(mean)
(522 missing values generated)

. drop tmp

. * (6) baseline connectivity level: 1996 ln_gaci_cwm
. gen tmp = ln_gaci_cwm if y==1996
(4,493 missing values generated)

. bysort isocode: egen base_cwm = max(tmp)
(522 missing values generated)

. quietly summarize base_cwm

. gen double cwm0_c = base_cwm - r(mean)
(522 missing values generated)

. drop tmp

. * baseline (1996) TRADE levels for new subsample splits
. gen tmp = g_vol if y==1996
(4,493 missing values generated)

. bysort isocode: egen base_gvol = max(tmp)
(522 missing values generated)

. drop tmp

. gen tmp = g_int if y==1996
(4,493 missing values generated)

. bysort isocode: egen base_gint = max(tmp)
(522 missing values generated)

. drop tmp

. 
. capture program drop _hx

. program define _hx
  1.     args modvar modname
  2.     foreach yv in g_int g_vol g_shr lnpc lngdp {
  3.         capture drop cwm_m z_m
  4.         gen double cwm_m = ln_gaci_cwm * `modvar'
  5.         gen double z_m   = tourism_int * `modvar'
  6.         capture noisily ivreghdfe `yv' lnpop (ln_gaci_cwm cwm_m = tourism_int z_m), absorb(isocode y) robust
  7.         if _rc==0 {
  8.             local F = e(widstat)
  9.             local N = e(N)
 10.             local bm = _b[ln_gaci_cwm]
 11.             local sm = _se[ln_gaci_cwm]
 12.             local pm = 2*ttail(e(df_r), abs(`bm'/`sm'))
 13.             local bi = _b[cwm_m]
 14.             local si = _se[cwm_m]
 15.             local pi = 2*ttail(e(df_r), abs(`bi'/`si'))
 16.             noisily di "HET3|`modname'|`yv'|main|`bm'|`sm'|`pm'|`F'|`N'"
 17.             noisily di "HET3|`modname'|`yv'|inter|`bi'|`si'|`pi'|`F'|`N'"
 18.         }
 19.         else noisily di "HET3|`modname'|`yv'|FAIL|.|.|.|.|."
 20.         capture drop cwm_m z_m
 21.     }
 22. end

. 
. di _n "############ moderator = remoteness (CERDI sea distance, ln) ############"

############ moderator = remoteness (CERDI sea distance, ln) ############

. _hx rem_c remote
(8 missing values generated)
(8 missing values generated)
(dropped 1 singleton observations)
(MWFE estimator converged in 5 iterations)

IV (2SLS) estimation
--------------------

Estimates efficient for homoskedasticity only
Statistics robust to heteroskedasticity

                                                      Number of obs =     4634
                                                      F(  3,  4422) =     9.78
                                                      Prob > F      =   0.0000
Total (centered) SS     =  232.3650955                Centered R2   =  -0.1601
Total (uncentered) SS   =  232.3650955                Uncentered R2 =  -0.1601
Residual SS             =  269.5574783                Root MSE      =    .2469

------------------------------------------------------------------------------
             |               Robust
       g_int | Coefficient  std. err.      t    P>|t|     [95% conf. interval]
-------------+----------------------------------------------------------------
 ln_gaci_cwm |   1.391417   .6925597     2.01   0.045     .0336536    2.749181
       cwm_m |  -1.241396   .6725989    -1.85   0.065    -2.560026    .0772349
       lnpop |  -.2755645   .0560075    -4.92   0.000    -.3853673   -.1657618
------------------------------------------------------------------------------
Underidentification test (Kleibergen-Paap rk LM statistic):             18.142
                                                   Chi-sq(1) P-val =    0.0000
------------------------------------------------------------------------------
Weak identification test (Cragg-Donald Wald F statistic):               11.498
                         (Kleibergen-Paap rk Wald F statistic):          9.206
Stock-Yogo weak ID test critical values: 10% maximal IV size              7.03
                                         15% maximal IV size              4.58
                                         20% maximal IV size              3.95
                                         25% maximal IV size              3.63
Source: Stock-Yogo (2005).  Reproduced by permission.
NB: Critical values are for Cragg-Donald F statistic and i.i.d. errors.
------------------------------------------------------------------------------
Hansen J statistic (overidentification test of all instruments):         0.000
                                                 (equation exactly identified)
------------------------------------------------------------------------------
Instrumented:         ln_gaci_cwm cwm_m
Included instruments: lnpop
Excluded instruments: tourism_int z_m
Partialled-out:       _cons
                      nb: total SS, model F and R2s are after partialling-out;
                          any small-sample adjustments include partialled-out
                          variables in regressor count K
------------------------------------------------------------------------------

Absorbed degrees of freedom:
-----------------------------------------------------+
 Absorbed FE | Categories  - Redundant  = Num. Coefs |
-------------+---------------------------------------|
     isocode |       182           0         182     |
           y |        28           1          27     |
-----------------------------------------------------+
HET3|remote|g_int|main|1.391417389785831|.6925597327913875|.0445878624480746|9.206355852033514|4634
HET3|remote|g_int|inter|-1.24139566385985|.6725988911457575|.0650069266305221|9.206355852033514|4634
(8 missing values generated)
(8 missing values generated)
(dropped 1 singleton observations)
(MWFE estimator converged in 5 iterations)

IV (2SLS) estimation
--------------------

Estimates efficient for homoskedasticity only
Statistics robust to heteroskedasticity

                                                      Number of obs =     4634
                                                      F(  3,  4422) =    32.95
                                                      Prob > F      =   0.0000
Total (centered) SS     =  422.3263209                Centered R2   =   0.0176
Total (uncentered) SS   =  422.3263209                Uncentered R2 =   0.0176
Residual SS             =  414.8775969                Root MSE      =    .3063

------------------------------------------------------------------------------
             |               Robust
       g_vol | Coefficient  std. err.      t    P>|t|     [95% conf. interval]
-------------+----------------------------------------------------------------
 ln_gaci_cwm |   2.394002   .8252364     2.90   0.004     .7761252    4.011878
       cwm_m |  -1.233975   .8145148    -1.51   0.130    -2.830832     .362882
       lnpop |   .3884593   .0699385     5.55   0.000     .2513447    .5255738
------------------------------------------------------------------------------
Underidentification test (Kleibergen-Paap rk LM statistic):             18.142
                                                   Chi-sq(1) P-val =    0.0000
------------------------------------------------------------------------------
Weak identification test (Cragg-Donald Wald F statistic):               11.498
                         (Kleibergen-Paap rk Wald F statistic):          9.206
Stock-Yogo weak ID test critical values: 10% maximal IV size              7.03
                                         15% maximal IV size              4.58
                                         20% maximal IV size              3.95
                                         25% maximal IV size              3.63
Source: Stock-Yogo (2005).  Reproduced by permission.
NB: Critical values are for Cragg-Donald F statistic and i.i.d. errors.
------------------------------------------------------------------------------
Hansen J statistic (overidentification test of all instruments):         0.000
                                                 (equation exactly identified)
------------------------------------------------------------------------------
Instrumented:         ln_gaci_cwm cwm_m
Included instruments: lnpop
Excluded instruments: tourism_int z_m
Partialled-out:       _cons
                      nb: total SS, model F and R2s are after partialling-out;
                          any small-sample adjustments include partialled-out
                          variables in regressor count K
------------------------------------------------------------------------------

Absorbed degrees of freedom:
-----------------------------------------------------+
 Absorbed FE | Categories  - Redundant  = Num. Coefs |
-------------+---------------------------------------|
     isocode |       182           0         182     |
           y |        28           1          27     |
-----------------------------------------------------+
HET3|remote|g_vol|main|2.394001648904691|.8252363841704546|.0037382244915727|9.206355852033514|4634
HET3|remote|g_vol|inter|-1.233974775726016|.8145148165179207|.1298485934826902|9.206355852033514|4634
(8 missing values generated)
(8 missing values generated)
(dropped 1 singleton observations)
(MWFE estimator converged in 5 iterations)

IV (2SLS) estimation
--------------------

Estimates efficient for homoskedasticity only
Statistics robust to heteroskedasticity

                                                      Number of obs =     4634
                                                      F(  3,  4422) =    23.96
                                                      Prob > F      =   0.0000
Total (centered) SS     =  1552472.221                Centered R2   =  -0.0337
Total (uncentered) SS   =  1552472.221                Uncentered R2 =  -0.0337
Residual SS             =   1604749.84                Root MSE      =    19.05

------------------------------------------------------------------------------
             |               Robust
       g_shr | Coefficient  std. err.      t    P>|t|     [95% conf. interval]
-------------+----------------------------------------------------------------
 ln_gaci_cwm |   67.50511   49.32636     1.37   0.171    -29.19926    164.2095
       cwm_m |   -94.9212   45.32039    -2.09   0.036    -183.7719   -6.070547
       lnpop |   -24.1177   3.634247    -6.64   0.000    -31.24265   -16.99276
------------------------------------------------------------------------------
Underidentification test (Kleibergen-Paap rk LM statistic):             18.142
                                                   Chi-sq(1) P-val =    0.0000
------------------------------------------------------------------------------
Weak identification test (Cragg-Donald Wald F statistic):               11.498
                         (Kleibergen-Paap rk Wald F statistic):          9.206
Stock-Yogo weak ID test critical values: 10% maximal IV size              7.03
                                         15% maximal IV size              4.58
                                         20% maximal IV size              3.95
                                         25% maximal IV size              3.63
Source: Stock-Yogo (2005).  Reproduced by permission.
NB: Critical values are for Cragg-Donald F statistic and i.i.d. errors.
------------------------------------------------------------------------------
Hansen J statistic (overidentification test of all instruments):         0.000
                                                 (equation exactly identified)
------------------------------------------------------------------------------
Instrumented:         ln_gaci_cwm cwm_m
Included instruments: lnpop
Excluded instruments: tourism_int z_m
Partialled-out:       _cons
                      nb: total SS, model F and R2s are after partialling-out;
                          any small-sample adjustments include partialled-out
                          variables in regressor count K
------------------------------------------------------------------------------

Absorbed degrees of freedom:
-----------------------------------------------------+
 Absorbed FE | Categories  - Redundant  = Num. Coefs |
-------------+---------------------------------------|
     isocode |       182           0         182     |
           y |        28           1          27     |
-----------------------------------------------------+
HET3|remote|g_shr|main|67.50510802917776|49.3263646030653|.1712126000756587|9.206355852033514|4634
HET3|remote|g_shr|inter|-94.92120217325768|45.3203919814056|.0362768707486453|9.206355852033514|4634
(8 missing values generated)
(8 missing values generated)
(dropped 1 singleton observations)
(MWFE estimator converged in 5 iterations)

IV (2SLS) estimation
--------------------

Estimates efficient for homoskedasticity only
Statistics robust to heteroskedasticity

                                                      Number of obs =     4634
                                                      F(  3,  4422) =    89.74
                                                      Prob > F      =   0.0000
Total (centered) SS     =  125.3797468                Centered R2   =   0.1782
Total (uncentered) SS   =  125.3797468                Uncentered R2 =   0.1782
Residual SS             =   103.039154                Root MSE      =    .1526

------------------------------------------------------------------------------
             |               Robust
        lnpc | Coefficient  std. err.      t    P>|t|     [95% conf. interval]
-------------+----------------------------------------------------------------
 ln_gaci_cwm |   .4446036    .485587     0.92   0.360      -.50739    1.396597
       cwm_m |   .8116757   .4700462     1.73   0.084    -.1098502    1.733202
       lnpop |  -.4394546   .0374562   -11.73   0.000    -.5128875   -.3660216
------------------------------------------------------------------------------
Underidentification test (Kleibergen-Paap rk LM statistic):             18.142
                                                   Chi-sq(1) P-val =    0.0000
------------------------------------------------------------------------------
Weak identification test (Cragg-Donald Wald F statistic):               11.498
                         (Kleibergen-Paap rk Wald F statistic):          9.206
Stock-Yogo weak ID test critical values: 10% maximal IV size              7.03
                                         15% maximal IV size              4.58
                                         20% maximal IV size              3.95
                                         25% maximal IV size              3.63
Source: Stock-Yogo (2005).  Reproduced by permission.
NB: Critical values are for Cragg-Donald F statistic and i.i.d. errors.
------------------------------------------------------------------------------
Hansen J statistic (overidentification test of all instruments):         0.000
                                                 (equation exactly identified)
------------------------------------------------------------------------------
Instrumented:         ln_gaci_cwm cwm_m
Included instruments: lnpop
Excluded instruments: tourism_int z_m
Partialled-out:       _cons
                      nb: total SS, model F and R2s are after partialling-out;
                          any small-sample adjustments include partialled-out
                          variables in regressor count K
------------------------------------------------------------------------------

Absorbed degrees of freedom:
-----------------------------------------------------+
 Absorbed FE | Categories  - Redundant  = Num. Coefs |
-------------+---------------------------------------|
     isocode |       182           0         182     |
           y |        28           1          27     |
-----------------------------------------------------+
HET3|remote|lnpc|main|.4446035507066781|.4855869896133452|.3599265460032616|9.206355852033514|4634
HET3|remote|lnpc|inter|.8116756875948639|.4700462264032998|.0842734780078224|9.206355852033514|4634
(8 missing values generated)
(8 missing values generated)
(dropped 1 singleton observations)
(MWFE estimator converged in 5 iterations)

IV (2SLS) estimation
--------------------

Estimates efficient for homoskedasticity only
Statistics robust to heteroskedasticity

                                                      Number of obs =     4634
                                                      F(  3,  4422) =   114.03
                                                      Prob > F      =   0.0000
Total (centered) SS     =  313.8505062                Centered R2   =   0.1633
Total (uncentered) SS   =  313.8505062                Uncentered R2 =   0.1633
Residual SS             =  262.6008429                Root MSE      =    .2437

------------------------------------------------------------------------------
             |               Robust
       lngdp | Coefficient  std. err.      t    P>|t|     [95% conf. interval]
-------------+----------------------------------------------------------------
 ln_gaci_cwm |   1.002586   .7078559     1.42   0.157    -.3851659    2.390338
       cwm_m |   .0074202   .7549935     0.01   0.992    -1.472745    1.487585
       lnpop |   .6640238   .0573043    11.59   0.000     .5516787    .7763688
------------------------------------------------------------------------------
Underidentification test (Kleibergen-Paap rk LM statistic):             18.142
                                                   Chi-sq(1) P-val =    0.0000
------------------------------------------------------------------------------
Weak identification test (Cragg-Donald Wald F statistic):               11.498
                         (Kleibergen-Paap rk Wald F statistic):          9.206
Stock-Yogo weak ID test critical values: 10% maximal IV size              7.03
                                         15% maximal IV size              4.58
                                         20% maximal IV size              3.95
                                         25% maximal IV size              3.63
Source: Stock-Yogo (2005).  Reproduced by permission.
NB: Critical values are for Cragg-Donald F statistic and i.i.d. errors.
------------------------------------------------------------------------------
Hansen J statistic (overidentification test of all instruments):         0.000
                                                 (equation exactly identified)
------------------------------------------------------------------------------
Instrumented:         ln_gaci_cwm cwm_m
Included instruments: lnpop
Excluded instruments: tourism_int z_m
Partialled-out:       _cons
                      nb: total SS, model F and R2s are after partialling-out;
                          any small-sample adjustments include partialled-out
                          variables in regressor count K
------------------------------------------------------------------------------

Absorbed degrees of freedom:
-----------------------------------------------------+
 Absorbed FE | Categories  - Redundant  = Num. Coefs |
-------------+---------------------------------------|
     isocode |       182           0         182     |
           y |        28           1          27     |
-----------------------------------------------------+
HET3|remote|lngdp|main|1.002585959404967|.7078558952151011|.1567375959240613|9.206355852033514|4634
HET3|remote|lngdp|inter|.0074202143431626|.7549935153374111|.9921588142060052|9.206355852033514|4634

. di _n "############ moderator = baseline income (1996 ln GDP per capita) ############"

############ moderator = baseline income (1996 ln GDP per capita) ############

. _hx inc_c income
(522 missing values generated)
(522 missing values generated)
(MWFE estimator converged in 4 iterations)

IV (2SLS) estimation
--------------------

Estimates efficient for homoskedasticity only
Statistics robust to heteroskedasticity

                                                      Number of obs =     4121
                                                      F(  3,  3941) =    15.82
                                                      Prob > F      =   0.0000
Total (centered) SS     =  204.9473902                Centered R2   =  -0.0911
Total (uncentered) SS   =  204.9473902                Uncentered R2 =  -0.0911
Residual SS             =  223.6099346                Root MSE      =    .2382

------------------------------------------------------------------------------
             |               Robust
       g_int | Coefficient  std. err.      t    P>|t|     [95% conf. interval]
-------------+----------------------------------------------------------------
 ln_gaci_cwm |   1.254132   .7174697     1.75   0.081    -.1525152    2.660778
       cwm_m |   -.242952   .1223114    -1.99   0.047    -.4827515   -.0031524
       lnpop |  -.2489573   .0386425    -6.44   0.000    -.3247185    -.173196
------------------------------------------------------------------------------
Underidentification test (Kleibergen-Paap rk LM statistic):             16.348
                                                   Chi-sq(1) P-val =    0.0001
------------------------------------------------------------------------------
Weak identification test (Cragg-Donald Wald F statistic):               12.255
                         (Kleibergen-Paap rk Wald F statistic):          8.067
Stock-Yogo weak ID test critical values: 10% maximal IV size              7.03
                                         15% maximal IV size              4.58
                                         20% maximal IV size              3.95
                                         25% maximal IV size              3.63
Source: Stock-Yogo (2005).  Reproduced by permission.
NB: Critical values are for Cragg-Donald F statistic and i.i.d. errors.
------------------------------------------------------------------------------
Hansen J statistic (overidentification test of all instruments):         0.000
                                                 (equation exactly identified)
------------------------------------------------------------------------------
Instrumented:         ln_gaci_cwm cwm_m
Included instruments: lnpop
Excluded instruments: tourism_int z_m
Partialled-out:       _cons
                      nb: total SS, model F and R2s are after partialling-out;
                          any small-sample adjustments include partialled-out
                          variables in regressor count K
------------------------------------------------------------------------------

Absorbed degrees of freedom:
-----------------------------------------------------+
 Absorbed FE | Categories  - Redundant  = Num. Coefs |
-------------+---------------------------------------|
     isocode |       150           0         150     |
           y |        28           1          27     |
-----------------------------------------------------+
HET3|income|g_int|main|1.254131569756925|.7174696758413285|.0805432061641161|8.066900099169901|4121
HET3|income|g_int|inter|-.2429519962390863|.1223113823772219|.0470647348145266|8.066900099169901|4121
(522 missing values generated)
(522 missing values generated)
(MWFE estimator converged in 4 iterations)

IV (2SLS) estimation
--------------------

Estimates efficient for homoskedasticity only
Statistics robust to heteroskedasticity

                                                      Number of obs =     4121
                                                      F(  3,  3941) =    76.43
                                                      Prob > F      =   0.0000
Total (centered) SS     =  354.5567293                Centered R2   =   0.1744
Total (uncentered) SS   =  354.5567293                Uncentered R2 =   0.1744
Residual SS             =   292.720156                Root MSE      =    .2725

------------------------------------------------------------------------------
             |               Robust
       g_vol | Coefficient  std. err.      t    P>|t|     [95% conf. interval]
-------------+----------------------------------------------------------------
 ln_gaci_cwm |   1.959182   .7323718     2.68   0.008      .523319    3.395046
       cwm_m |  -1.107717    .130524    -8.49   0.000    -1.363618   -.8518166
       lnpop |   .5236366   .0564346     9.28   0.000     .4129928    .6342804
------------------------------------------------------------------------------
Underidentification test (Kleibergen-Paap rk LM statistic):             16.348
                                                   Chi-sq(1) P-val =    0.0001
------------------------------------------------------------------------------
Weak identification test (Cragg-Donald Wald F statistic):               12.255
                         (Kleibergen-Paap rk Wald F statistic):          8.067
Stock-Yogo weak ID test critical values: 10% maximal IV size              7.03
                                         15% maximal IV size              4.58
                                         20% maximal IV size              3.95
                                         25% maximal IV size              3.63
Source: Stock-Yogo (2005).  Reproduced by permission.
NB: Critical values are for Cragg-Donald F statistic and i.i.d. errors.
------------------------------------------------------------------------------
Hansen J statistic (overidentification test of all instruments):         0.000
                                                 (equation exactly identified)
------------------------------------------------------------------------------
Instrumented:         ln_gaci_cwm cwm_m
Included instruments: lnpop
Excluded instruments: tourism_int z_m
Partialled-out:       _cons
                      nb: total SS, model F and R2s are after partialling-out;
                          any small-sample adjustments include partialled-out
                          variables in regressor count K
------------------------------------------------------------------------------

Absorbed degrees of freedom:
-----------------------------------------------------+
 Absorbed FE | Categories  - Redundant  = Num. Coefs |
-------------+---------------------------------------|
     isocode |       150           0         150     |
           y |        28           1          27     |
-----------------------------------------------------+
HET3|income|g_vol|main|1.959182415880242|.7323718260502315|.0075011239817862|8.066900099169901|4121
HET3|income|g_vol|inter|-1.107717471661107|.1305239558719038|2.96925084434e-17|8.066900099169901|4121
(522 missing values generated)
(522 missing values generated)
(MWFE estimator converged in 4 iterations)

IV (2SLS) estimation
--------------------

Estimates efficient for homoskedasticity only
Statistics robust to heteroskedasticity

                                                      Number of obs =     4121
                                                      F(  3,  3941) =    47.46
                                                      Prob > F      =   0.0000
Total (centered) SS     =  1347774.713                Centered R2   =   0.0035
Total (uncentered) SS   =  1347774.713                Uncentered R2 =   0.0035
Residual SS             =  1343074.508                Root MSE      =    18.46

------------------------------------------------------------------------------
             |               Robust
       g_shr | Coefficient  std. err.      t    P>|t|     [95% conf. interval]
-------------+----------------------------------------------------------------
 ln_gaci_cwm |   49.23049   51.91925     0.95   0.343    -52.56063    151.0216
       cwm_m |  -7.448591   8.007923    -0.93   0.352    -23.14865     8.25147
       lnpop |  -26.47296   2.380932   -11.12   0.000    -31.14094   -21.80499
------------------------------------------------------------------------------
Underidentification test (Kleibergen-Paap rk LM statistic):             16.348
                                                   Chi-sq(1) P-val =    0.0001
------------------------------------------------------------------------------
Weak identification test (Cragg-Donald Wald F statistic):               12.255
                         (Kleibergen-Paap rk Wald F statistic):          8.067
Stock-Yogo weak ID test critical values: 10% maximal IV size              7.03
                                         15% maximal IV size              4.58
                                         20% maximal IV size              3.95
                                         25% maximal IV size              3.63
Source: Stock-Yogo (2005).  Reproduced by permission.
NB: Critical values are for Cragg-Donald F statistic and i.i.d. errors.
------------------------------------------------------------------------------
Hansen J statistic (overidentification test of all instruments):         0.000
                                                 (equation exactly identified)
------------------------------------------------------------------------------
Instrumented:         ln_gaci_cwm cwm_m
Included instruments: lnpop
Excluded instruments: tourism_int z_m
Partialled-out:       _cons
                      nb: total SS, model F and R2s are after partialling-out;
                          any small-sample adjustments include partialled-out
                          variables in regressor count K
------------------------------------------------------------------------------

Absorbed degrees of freedom:
-----------------------------------------------------+
 Absorbed FE | Categories  - Redundant  = Num. Coefs |
-------------+---------------------------------------|
     isocode |       150           0         150     |
           y |        28           1          27     |
-----------------------------------------------------+
HET3|income|g_shr|main|49.23048752955923|51.91924869360587|.3430793554321917|8.066900099169901|4121
HET3|income|g_shr|inter|-7.44859149534408|8.007922542514732|.3523489520185108|8.066900099169901|4121
(522 missing values generated)
(522 missing values generated)
(MWFE estimator converged in 4 iterations)

IV (2SLS) estimation
--------------------

Estimates efficient for homoskedasticity only
Statistics robust to heteroskedasticity

                                                      Number of obs =     4121
                                                      F(  3,  3941) =    66.06
                                                      Prob > F      =   0.0000
Total (centered) SS     =  110.5779294                Centered R2   =   0.1625
Total (uncentered) SS   =  110.5779294                Uncentered R2 =   0.1625
Residual SS             =  92.60684464                Root MSE      =    .1533

------------------------------------------------------------------------------
             |               Robust
        lnpc | Coefficient  std. err.      t    P>|t|     [95% conf. interval]
-------------+----------------------------------------------------------------
 ln_gaci_cwm |   .3018019   .5418089     0.56   0.578    -.7604503    1.364054
       cwm_m |  -.5119842   .0889832    -5.75   0.000    -.6864416   -.3375268
       lnpop |  -.3885823   .0387359   -10.03   0.000    -.4645266    -.312638
------------------------------------------------------------------------------
Underidentification test (Kleibergen-Paap rk LM statistic):             16.348
                                                   Chi-sq(1) P-val =    0.0001
------------------------------------------------------------------------------
Weak identification test (Cragg-Donald Wald F statistic):               12.255
                         (Kleibergen-Paap rk Wald F statistic):          8.067
Stock-Yogo weak ID test critical values: 10% maximal IV size              7.03
                                         15% maximal IV size              4.58
                                         20% maximal IV size              3.95
                                         25% maximal IV size              3.63
Source: Stock-Yogo (2005).  Reproduced by permission.
NB: Critical values are for Cragg-Donald F statistic and i.i.d. errors.
------------------------------------------------------------------------------
Hansen J statistic (overidentification test of all instruments):         0.000
                                                 (equation exactly identified)
------------------------------------------------------------------------------
Instrumented:         ln_gaci_cwm cwm_m
Included instruments: lnpop
Excluded instruments: tourism_int z_m
Partialled-out:       _cons
                      nb: total SS, model F and R2s are after partialling-out;
                          any small-sample adjustments include partialled-out
                          variables in regressor count K
------------------------------------------------------------------------------

Absorbed degrees of freedom:
-----------------------------------------------------+
 Absorbed FE | Categories  - Redundant  = Num. Coefs |
-------------+---------------------------------------|
     isocode |       150           0         150     |
           y |        28           1          27     |
-----------------------------------------------------+
HET3|income|lnpc|main|.3018019302366049|.5418089081049363|.5775409418064368|8.066900099169901|4121
HET3|income|lnpc|inter|-.511984177056901|.0889831862387954|9.39381778151e-09|8.066900099169901|4121
(522 missing values generated)
(522 missing values generated)
(MWFE estimator converged in 4 iterations)

IV (2SLS) estimation
--------------------

Estimates efficient for homoskedasticity only
Statistics robust to heteroskedasticity

                                                      Number of obs =     4121
                                                      F(  3,  3941) =   108.57
                                                      Prob > F      =   0.0000
Total (centered) SS     =   279.419413                Centered R2   =   0.1653
Total (uncentered) SS   =   279.419413                Uncentered R2 =   0.1653
Residual SS             =  233.2305358                Root MSE      =    .2433

------------------------------------------------------------------------------
             |               Robust
       lngdp | Coefficient  std. err.      t    P>|t|     [95% conf. interval]
-------------+----------------------------------------------------------------
 ln_gaci_cwm |   .7050523   .7594075     0.93   0.353    -.7838164    2.193921
       cwm_m |   -.864766   .1194269    -7.24   0.000     -1.09891   -.6306217
       lnpop |   .7725939   .0607796    12.71   0.000     .6534316    .8917563
------------------------------------------------------------------------------
Underidentification test (Kleibergen-Paap rk LM statistic):             16.348
                                                   Chi-sq(1) P-val =    0.0001
------------------------------------------------------------------------------
Weak identification test (Cragg-Donald Wald F statistic):               12.255
                         (Kleibergen-Paap rk Wald F statistic):          8.067
Stock-Yogo weak ID test critical values: 10% maximal IV size              7.03
                                         15% maximal IV size              4.58
                                         20% maximal IV size              3.95
                                         25% maximal IV size              3.63
Source: Stock-Yogo (2005).  Reproduced by permission.
NB: Critical values are for Cragg-Donald F statistic and i.i.d. errors.
------------------------------------------------------------------------------
Hansen J statistic (overidentification test of all instruments):         0.000
                                                 (equation exactly identified)
------------------------------------------------------------------------------
Instrumented:         ln_gaci_cwm cwm_m
Included instruments: lnpop
Excluded instruments: tourism_int z_m
Partialled-out:       _cons
                      nb: total SS, model F and R2s are after partialling-out;
                          any small-sample adjustments include partialled-out
                          variables in regressor count K
------------------------------------------------------------------------------

Absorbed degrees of freedom:
-----------------------------------------------------+
 Absorbed FE | Categories  - Redundant  = Num. Coefs |
-------------+---------------------------------------|
     isocode |       150           0         150     |
           y |        28           1          27     |
-----------------------------------------------------+
HET3|income|lngdp|main|.7050522737530848|.7594075224364543|.3532444608971002|8.066900099169901|4121
HET3|income|lngdp|inter|-.8647660224059613|.1194269143734008|5.33052983069e-13|8.066900099169901|4121

. di _n "############ moderator = population (1996 ln population) ############"

############ moderator = population (1996 ln population) ############

. _hx pop_c population
(522 missing values generated)
(522 missing values generated)
(MWFE estimator converged in 4 iterations)

IV (2SLS) estimation
--------------------

Estimates efficient for homoskedasticity only
Statistics robust to heteroskedasticity

                                                      Number of obs =     4121
                                                      F(  3,  3941) =     1.74
                                                      Prob > F      =   0.1574
Total (centered) SS     =  204.9473902                Centered R2   =  -2.4007
Total (uncentered) SS   =  204.9473902                Uncentered R2 =  -2.4007
Residual SS             =  696.9623697                Root MSE      =    .4205

------------------------------------------------------------------------------
             |               Robust
       g_int | Coefficient  std. err.      t    P>|t|     [95% conf. interval]
-------------+----------------------------------------------------------------
 ln_gaci_cwm |   4.713077   3.989814     1.18   0.238    -3.109217    12.53537
       cwm_m |  -.3342493   .3180669    -1.05   0.293    -.9578405    .2893419
       lnpop |  -.4845606   .2579993    -1.88   0.060    -.9903853    .0212642
------------------------------------------------------------------------------
Underidentification test (Kleibergen-Paap rk LM statistic):              1.810
                                                   Chi-sq(1) P-val =    0.1785
------------------------------------------------------------------------------
Weak identification test (Cragg-Donald Wald F statistic):                1.562
                         (Kleibergen-Paap rk Wald F statistic):          0.882
Stock-Yogo weak ID test critical values: 10% maximal IV size              7.03
                                         15% maximal IV size              4.58
                                         20% maximal IV size              3.95
                                         25% maximal IV size              3.63
Source: Stock-Yogo (2005).  Reproduced by permission.
NB: Critical values are for Cragg-Donald F statistic and i.i.d. errors.
------------------------------------------------------------------------------
Hansen J statistic (overidentification test of all instruments):         0.000
                                                 (equation exactly identified)
------------------------------------------------------------------------------
Instrumented:         ln_gaci_cwm cwm_m
Included instruments: lnpop
Excluded instruments: tourism_int z_m
Partialled-out:       _cons
                      nb: total SS, model F and R2s are after partialling-out;
                          any small-sample adjustments include partialled-out
                          variables in regressor count K
------------------------------------------------------------------------------

Absorbed degrees of freedom:
-----------------------------------------------------+
 Absorbed FE | Categories  - Redundant  = Num. Coefs |
-------------+---------------------------------------|
     isocode |       150           0         150     |
           y |        28           1          27     |
-----------------------------------------------------+
HET3|population|g_int|main|4.713077014692585|3.989814054050095|.237563837683087|.8818246861285746|4121
HET3|population|g_int|inter|-.3342493297564105|.3180669057860852|.2933793246597825|.8818246861285746|4121
(522 missing values generated)
(522 missing values generated)
(MWFE estimator converged in 4 iterations)

IV (2SLS) estimation
--------------------

Estimates efficient for homoskedasticity only
Statistics robust to heteroskedasticity

                                                      Number of obs =     4121
                                                      F(  3,  3941) =    24.21
                                                      Prob > F      =   0.0000
Total (centered) SS     =  354.5567293                Centered R2   =  -0.0741
Total (uncentered) SS   =  354.5567293                Uncentered R2 =  -0.0741
Residual SS             =  380.8276986                Root MSE      =    .3109

------------------------------------------------------------------------------
             |               Robust
       g_vol | Coefficient  std. err.      t    P>|t|     [95% conf. interval]
-------------+----------------------------------------------------------------
 ln_gaci_cwm |   2.676864   2.568522     1.04   0.297    -2.358894    7.712621
       cwm_m |   -.050186   .1958493    -0.26   0.798    -.4341614    .3337894
       lnpop |   .3868851   .1555987     2.49   0.013     .0818235    .6919467
------------------------------------------------------------------------------
Underidentification test (Kleibergen-Paap rk LM statistic):              1.810
                                                   Chi-sq(1) P-val =    0.1785
------------------------------------------------------------------------------
Weak identification test (Cragg-Donald Wald F statistic):                1.562
                         (Kleibergen-Paap rk Wald F statistic):          0.882
Stock-Yogo weak ID test critical values: 10% maximal IV size              7.03
                                         15% maximal IV size              4.58
                                         20% maximal IV size              3.95
                                         25% maximal IV size              3.63
Source: Stock-Yogo (2005).  Reproduced by permission.
NB: Critical values are for Cragg-Donald F statistic and i.i.d. errors.
------------------------------------------------------------------------------
Hansen J statistic (overidentification test of all instruments):         0.000
                                                 (equation exactly identified)
------------------------------------------------------------------------------
Instrumented:         ln_gaci_cwm cwm_m
Included instruments: lnpop
Excluded instruments: tourism_int z_m
Partialled-out:       _cons
                      nb: total SS, model F and R2s are after partialling-out;
                          any small-sample adjustments include partialled-out
                          variables in regressor count K
------------------------------------------------------------------------------

Absorbed degrees of freedom:
-----------------------------------------------------+
 Absorbed FE | Categories  - Redundant  = Num. Coefs |
-------------+---------------------------------------|
     isocode |       150           0         150     |
           y |        28           1          27     |
-----------------------------------------------------+
HET3|population|g_vol|main|2.676863601951151|2.568522160061409|.2973919476168506|.8818246861285746|4121
HET3|population|g_vol|inter|-.0501860287465081|.1958492561941922|.7977725301575631|.8818246861285746|4121
(522 missing values generated)
(522 missing values generated)
(MWFE estimator converged in 4 iterations)

IV (2SLS) estimation
--------------------

Estimates efficient for homoskedasticity only
Statistics robust to heteroskedasticity

                                                      Number of obs =     4121
                                                      F(  3,  3941) =     2.53
                                                      Prob > F      =   0.0556
Total (centered) SS     =  1347774.713                Centered R2   =  -3.0842
Total (uncentered) SS   =  1347774.713                Uncentered R2 =  -3.0842
Residual SS             =  5504592.331                Root MSE      =    37.37

------------------------------------------------------------------------------
             |               Robust
       g_shr | Coefficient  std. err.      t    P>|t|     [95% conf. interval]
-------------+----------------------------------------------------------------
 ln_gaci_cwm |    432.546    361.902     1.20   0.232    -276.9868    1142.079
       cwm_m |  -37.39407   28.22335    -1.32   0.185    -92.72781    17.93967
       lnpop |  -50.96373   23.19543    -2.20   0.028    -96.43991   -5.487558
------------------------------------------------------------------------------
Underidentification test (Kleibergen-Paap rk LM statistic):              1.810
                                                   Chi-sq(1) P-val =    0.1785
------------------------------------------------------------------------------
Weak identification test (Cragg-Donald Wald F statistic):                1.562
                         (Kleibergen-Paap rk Wald F statistic):          0.882
Stock-Yogo weak ID test critical values: 10% maximal IV size              7.03
                                         15% maximal IV size              4.58
                                         20% maximal IV size              3.95
                                         25% maximal IV size              3.63
Source: Stock-Yogo (2005).  Reproduced by permission.
NB: Critical values are for Cragg-Donald F statistic and i.i.d. errors.
------------------------------------------------------------------------------
Hansen J statistic (overidentification test of all instruments):         0.000
                                                 (equation exactly identified)
------------------------------------------------------------------------------
Instrumented:         ln_gaci_cwm cwm_m
Included instruments: lnpop
Excluded instruments: tourism_int z_m
Partialled-out:       _cons
                      nb: total SS, model F and R2s are after partialling-out;
                          any small-sample adjustments include partialled-out
                          variables in regressor count K
------------------------------------------------------------------------------

Absorbed degrees of freedom:
-----------------------------------------------------+
 Absorbed FE | Categories  - Redundant  = Num. Coefs |
-------------+---------------------------------------|
     isocode |       150           0         150     |
           y |        28           1          27     |
-----------------------------------------------------+
HET3|population|g_shr|main|432.5459894699093|361.9020137653824|.232080056658834|.8818246861285746|4121
HET3|population|g_shr|inter|-37.39406810592438|28.22334839576908|.1852699246912178|.8818246861285746|4121
(522 missing values generated)
(522 missing values generated)
(MWFE estimator converged in 4 iterations)

IV (2SLS) estimation
--------------------

Estimates efficient for homoskedasticity only
Statistics robust to heteroskedasticity

                                                      Number of obs =     4121
                                                      F(  3,  3941) =     8.01
                                                      Prob > F      =   0.0000
Total (centered) SS     =  110.5779294                Centered R2   =  -2.6702
Total (uncentered) SS   =  110.5779294                Uncentered R2 =  -2.6702
Residual SS             =  405.8400705                Root MSE      =    .3209

------------------------------------------------------------------------------
             |               Robust
        lnpc | Coefficient  std. err.      t    P>|t|     [95% conf. interval]
-------------+----------------------------------------------------------------
 ln_gaci_cwm |  -2.942859   3.069576    -0.96   0.338    -8.960965    3.075247
       cwm_m |   .3269542   .2561541     1.28   0.202    -.1752529    .8291613
       lnpop |  -.2290626   .2012197    -1.14   0.255    -.6235671    .1654418
------------------------------------------------------------------------------
Underidentification test (Kleibergen-Paap rk LM statistic):              1.810
                                                   Chi-sq(1) P-val =    0.1785
------------------------------------------------------------------------------
Weak identification test (Cragg-Donald Wald F statistic):                1.562
                         (Kleibergen-Paap rk Wald F statistic):          0.882
Stock-Yogo weak ID test critical values: 10% maximal IV size              7.03
                                         15% maximal IV size              4.58
                                         20% maximal IV size              3.95
                                         25% maximal IV size              3.63
Source: Stock-Yogo (2005).  Reproduced by permission.
NB: Critical values are for Cragg-Donald F statistic and i.i.d. errors.
------------------------------------------------------------------------------
Hansen J statistic (overidentification test of all instruments):         0.000
                                                 (equation exactly identified)
------------------------------------------------------------------------------
Instrumented:         ln_gaci_cwm cwm_m
Included instruments: lnpop
Excluded instruments: tourism_int z_m
Partialled-out:       _cons
                      nb: total SS, model F and R2s are after partialling-out;
                          any small-sample adjustments include partialled-out
                          variables in regressor count K
------------------------------------------------------------------------------

Absorbed degrees of freedom:
-----------------------------------------------------+
 Absorbed FE | Categories  - Redundant  = Num. Coefs |
-------------+---------------------------------------|
     isocode |       150           0         150     |
           y |        28           1          27     |
-----------------------------------------------------+
HET3|population|lnpc|main|-2.942859044619532|3.069575586157396|.3377593632660603|.8818246861285746|4121
HET3|population|lnpc|inter|.3269542426008277|.2561541236770133|.2018905816418624|.8818246861285746|4121
(522 missing values generated)
(522 missing values generated)
(MWFE estimator converged in 4 iterations)

IV (2SLS) estimation
--------------------

Estimates efficient for homoskedasticity only
Statistics robust to heteroskedasticity

                                                      Number of obs =     4121
                                                      F(  3,  3941) =    25.57
                                                      Prob > F      =   0.0000
Total (centered) SS     =   279.419413                Centered R2   =  -0.5566
Total (uncentered) SS   =   279.419413                Uncentered R2 =  -0.5566
Residual SS             =  434.9526665                Root MSE      =    .3322

------------------------------------------------------------------------------
             |               Robust
       lngdp | Coefficient  std. err.      t    P>|t|     [95% conf. interval]
-------------+----------------------------------------------------------------
 ln_gaci_cwm |   -2.03621   2.874456    -0.71   0.479    -7.671771    3.599351
       cwm_m |   .2840631   .2463826     1.15   0.249    -.1989863    .7671125
       lnpop |   .8714456   .1881136     4.63   0.000     .5026364    1.240255
------------------------------------------------------------------------------
Underidentification test (Kleibergen-Paap rk LM statistic):              1.810
                                                   Chi-sq(1) P-val =    0.1785
------------------------------------------------------------------------------
Weak identification test (Cragg-Donald Wald F statistic):                1.562
                         (Kleibergen-Paap rk Wald F statistic):          0.882
Stock-Yogo weak ID test critical values: 10% maximal IV size              7.03
                                         15% maximal IV size              4.58
                                         20% maximal IV size              3.95
                                         25% maximal IV size              3.63
Source: Stock-Yogo (2005).  Reproduced by permission.
NB: Critical values are for Cragg-Donald F statistic and i.i.d. errors.
------------------------------------------------------------------------------
Hansen J statistic (overidentification test of all instruments):         0.000
                                                 (equation exactly identified)
------------------------------------------------------------------------------
Instrumented:         ln_gaci_cwm cwm_m
Included instruments: lnpop
Excluded instruments: tourism_int z_m
Partialled-out:       _cons
                      nb: total SS, model F and R2s are after partialling-out;
                          any small-sample adjustments include partialled-out
                          variables in regressor count K
------------------------------------------------------------------------------

Absorbed degrees of freedom:
-----------------------------------------------------+
 Absorbed FE | Categories  - Redundant  = Num. Coefs |
-------------+---------------------------------------|
     isocode |       150           0         150     |
           y |        28           1          27     |
-----------------------------------------------------+
HET3|population|lngdp|main|-2.036210248517508|2.874455890607201|.4787505166842402|.8818246861285746|4121
HET3|population|lngdp|inter|.2840631409012028|.2463826107699949|.2490069789246064|.8818246861285746|4121

. di _n "############ moderator = land area (ln land, geography) ############"

############ moderator = land area (ln land, geography) ############

. _hx land_c land
(dropped 1 singleton observations)
(MWFE estimator converged in 5 iterations)

IV (2SLS) estimation
--------------------

Estimates efficient for homoskedasticity only
Statistics robust to heteroskedasticity

                                                      Number of obs =     4642
                                                      F(  3,  4429) =     3.52
                                                      Prob > F      =   0.0145
Total (centered) SS     =    232.53389                Centered R2   =  -1.9416
Total (uncentered) SS   =    232.53389                Uncentered R2 =  -1.9416
Residual SS             =  684.0111832                Root MSE      =     .393

------------------------------------------------------------------------------
             |               Robust
       g_int | Coefficient  std. err.      t    P>|t|     [95% conf. interval]
-------------+----------------------------------------------------------------
 ln_gaci_cwm |   4.211395   1.774525     2.37   0.018     .7324392    7.690351
       cwm_m |  -.2260024   .1245417    -1.81   0.070    -.4701663    .0181616
       lnpop |  -.4854483   .1511383    -3.21   0.001    -.7817549   -.1891417
------------------------------------------------------------------------------
Underidentification test (Kleibergen-Paap rk LM statistic):              7.555
                                                   Chi-sq(1) P-val =    0.0060
------------------------------------------------------------------------------
Weak identification test (Cragg-Donald Wald F statistic):                4.556
                         (Kleibergen-Paap rk Wald F statistic):          3.624
Stock-Yogo weak ID test critical values: 10% maximal IV size              7.03
                                         15% maximal IV size              4.58
                                         20% maximal IV size              3.95
                                         25% maximal IV size              3.63
Source: Stock-Yogo (2005).  Reproduced by permission.
NB: Critical values are for Cragg-Donald F statistic and i.i.d. errors.
------------------------------------------------------------------------------
Hansen J statistic (overidentification test of all instruments):         0.000
                                                 (equation exactly identified)
------------------------------------------------------------------------------
Instrumented:         ln_gaci_cwm cwm_m
Included instruments: lnpop
Excluded instruments: tourism_int z_m
Partialled-out:       _cons
                      nb: total SS, model F and R2s are after partialling-out;
                          any small-sample adjustments include partialled-out
                          variables in regressor count K
------------------------------------------------------------------------------

Absorbed degrees of freedom:
-----------------------------------------------------+
 Absorbed FE | Categories  - Redundant  = Num. Coefs |
-------------+---------------------------------------|
     isocode |       183           0         183     |
           y |        28           1          27     |
-----------------------------------------------------+
HET3|land|g_int|main|4.211395197210214|1.774525086646805|.0176746638620906|3.624175843063253|4642
HET3|land|g_int|inter|-.2260023715991331|.1245416889493967|.0696418814556341|3.624175843063253|4642
(dropped 1 singleton observations)
(MWFE estimator converged in 5 iterations)

IV (2SLS) estimation
--------------------

Estimates efficient for homoskedasticity only
Statistics robust to heteroskedasticity

                                                      Number of obs =     4642
                                                      F(  3,  4429) =    40.93
                                                      Prob > F      =   0.0000
Total (centered) SS     =  422.5217806                Centered R2   =   0.1243
Total (uncentered) SS   =  422.5217806                Uncentered R2 =   0.1243
Residual SS             =   369.998566                Root MSE      =     .289

------------------------------------------------------------------------------
             |               Robust
       g_vol | Coefficient  std. err.      t    P>|t|     [95% conf. interval]
-------------+----------------------------------------------------------------
 ln_gaci_cwm |   1.269318   1.132899     1.12   0.263      -.95173    3.490366
       cwm_m |   .0803436   .0699042     1.15   0.250    -.0567034    .2173907
       lnpop |   .4672309   .0888258     5.26   0.000     .2930879    .6413739
------------------------------------------------------------------------------
Underidentification test (Kleibergen-Paap rk LM statistic):              7.555
                                                   Chi-sq(1) P-val =    0.0060
------------------------------------------------------------------------------
Weak identification test (Cragg-Donald Wald F statistic):                4.556
                         (Kleibergen-Paap rk Wald F statistic):          3.624
Stock-Yogo weak ID test critical values: 10% maximal IV size              7.03
                                         15% maximal IV size              4.58
                                         20% maximal IV size              3.95
                                         25% maximal IV size              3.63
Source: Stock-Yogo (2005).  Reproduced by permission.
NB: Critical values are for Cragg-Donald F statistic and i.i.d. errors.
------------------------------------------------------------------------------
Hansen J statistic (overidentification test of all instruments):         0.000
                                                 (equation exactly identified)
------------------------------------------------------------------------------
Instrumented:         ln_gaci_cwm cwm_m
Included instruments: lnpop
Excluded instruments: tourism_int z_m
Partialled-out:       _cons
                      nb: total SS, model F and R2s are after partialling-out;
                          any small-sample adjustments include partialled-out
                          variables in regressor count K
------------------------------------------------------------------------------

Absorbed degrees of freedom:
-----------------------------------------------------+
 Absorbed FE | Categories  - Redundant  = Num. Coefs |
-------------+---------------------------------------|
     isocode |       183           0         183     |
           y |        28           1          27     |
-----------------------------------------------------+
HET3|land|g_vol|main|1.269318110992959|1.132898935855257|.2625972735028634|3.624175843063253|4642
HET3|land|g_vol|inter|.0803436494515978|.0699041644032384|.2504778884957246|3.624175843063253|4642
(dropped 1 singleton observations)
(MWFE estimator converged in 5 iterations)

IV (2SLS) estimation
--------------------

Estimates efficient for homoskedasticity only
Statistics robust to heteroskedasticity

                                                      Number of obs =     4642
                                                      F(  3,  4429) =     4.93
                                                      Prob > F      =   0.0020
Total (centered) SS     =  1553800.897                Centered R2   =  -1.8841
Total (uncentered) SS   =  1553800.897                Uncentered R2 =  -1.8841
Residual SS             =  4481274.191                Root MSE      =    31.81

------------------------------------------------------------------------------
             |               Robust
       g_shr | Coefficient  std. err.      t    P>|t|     [95% conf. interval]
-------------+----------------------------------------------------------------
 ln_gaci_cwm |   341.3874   144.7459     2.36   0.018     57.61305    625.1618
       cwm_m |  -21.77503   9.333607    -2.33   0.020    -40.07357   -3.476499
       lnpop |  -44.41878   12.05601    -3.68   0.000    -68.05459   -20.78297
------------------------------------------------------------------------------
Underidentification test (Kleibergen-Paap rk LM statistic):              7.555
                                                   Chi-sq(1) P-val =    0.0060
------------------------------------------------------------------------------
Weak identification test (Cragg-Donald Wald F statistic):                4.556
                         (Kleibergen-Paap rk Wald F statistic):          3.624
Stock-Yogo weak ID test critical values: 10% maximal IV size              7.03
                                         15% maximal IV size              4.58
                                         20% maximal IV size              3.95
                                         25% maximal IV size              3.63
Source: Stock-Yogo (2005).  Reproduced by permission.
NB: Critical values are for Cragg-Donald F statistic and i.i.d. errors.
------------------------------------------------------------------------------
Hansen J statistic (overidentification test of all instruments):         0.000
                                                 (equation exactly identified)
------------------------------------------------------------------------------
Instrumented:         ln_gaci_cwm cwm_m
Included instruments: lnpop
Excluded instruments: tourism_int z_m
Partialled-out:       _cons
                      nb: total SS, model F and R2s are after partialling-out;
                          any small-sample adjustments include partialled-out
                          variables in regressor count K
------------------------------------------------------------------------------

Absorbed degrees of freedom:
-----------------------------------------------------+
 Absorbed FE | Categories  - Redundant  = Num. Coefs |
-------------+---------------------------------------|
     isocode |       183           0         183     |
           y |        28           1          27     |
-----------------------------------------------------+
HET3|land|g_shr|main|341.3874140558584|144.7459334491764|.0183907555390799|3.624175843063253|4642
HET3|land|g_shr|inter|-21.77503386906485|9.333607302413885|.0196942231153845|3.624175843063253|4642
(dropped 1 singleton observations)
(MWFE estimator converged in 5 iterations)

IV (2SLS) estimation
--------------------

Estimates efficient for homoskedasticity only
Statistics robust to heteroskedasticity

                                                      Number of obs =     4642
                                                      F(  3,  4429) =    44.67
                                                      Prob > F      =   0.0000
Total (centered) SS     =   125.423582                Centered R2   =  -0.1885
Total (uncentered) SS   =   125.423582                Uncentered R2 =  -0.1885
Residual SS             =  149.0600728                Root MSE      =    .1835

------------------------------------------------------------------------------
             |               Robust
        lnpc | Coefficient  std. err.      t    P>|t|     [95% conf. interval]
-------------+----------------------------------------------------------------
 ln_gaci_cwm |  -.5328183    .831981    -0.64   0.522    -2.163917     1.09828
       cwm_m |   .0813308   .0664693     1.22   0.221    -.0489822    .2116438
       lnpop |  -.3653664   .0665613    -5.49   0.000    -.4958599   -.2348729
------------------------------------------------------------------------------
Underidentification test (Kleibergen-Paap rk LM statistic):              7.555
                                                   Chi-sq(1) P-val =    0.0060
------------------------------------------------------------------------------
Weak identification test (Cragg-Donald Wald F statistic):                4.556
                         (Kleibergen-Paap rk Wald F statistic):          3.624
Stock-Yogo weak ID test critical values: 10% maximal IV size              7.03
                                         15% maximal IV size              4.58
                                         20% maximal IV size              3.95
                                         25% maximal IV size              3.63
Source: Stock-Yogo (2005).  Reproduced by permission.
NB: Critical values are for Cragg-Donald F statistic and i.i.d. errors.
------------------------------------------------------------------------------
Hansen J statistic (overidentification test of all instruments):         0.000
                                                 (equation exactly identified)
------------------------------------------------------------------------------
Instrumented:         ln_gaci_cwm cwm_m
Included instruments: lnpop
Excluded instruments: tourism_int z_m
Partialled-out:       _cons
                      nb: total SS, model F and R2s are after partialling-out;
                          any small-sample adjustments include partialled-out
                          variables in regressor count K
------------------------------------------------------------------------------

Absorbed degrees of freedom:
-----------------------------------------------------+
 Absorbed FE | Categories  - Redundant  = Num. Coefs |
-------------+---------------------------------------|
     isocode |       183           0         183     |
           y |        28           1          27     |
-----------------------------------------------------+
HET3|land|lnpc|main|-.5328183263628029|.8319809582827029|.5219318694603345|3.624175843063253|4642
HET3|land|lnpc|inter|.0813308153959423|.0664692790588436|.2211738978808296|3.624175843063253|4642
(dropped 1 singleton observations)
(MWFE estimator converged in 5 iterations)

IV (2SLS) estimation
--------------------

Estimates efficient for homoskedasticity only
Statistics robust to heteroskedasticity

                                                      Number of obs =     4642
                                                      F(  3,  4429) =    22.94
                                                      Prob > F      =   0.0000
Total (centered) SS     =  313.8682971                Centered R2   =  -1.1646
Total (uncentered) SS   =  313.8682971                Uncentered R2 =  -1.1646
Residual SS             =  679.3919326                Root MSE      =    .3917

------------------------------------------------------------------------------
             |               Robust
       lngdp | Coefficient  std. err.      t    P>|t|     [95% conf. interval]
-------------+----------------------------------------------------------------
 ln_gaci_cwm |  -2.942075   1.817459    -1.62   0.106    -6.505203    .6210537
       cwm_m |    .306346   .1328684     2.31   0.021     .0458575    .5668345
       lnpop |   .9526791    .154228     6.18   0.000     .6503151    1.255043
------------------------------------------------------------------------------
Underidentification test (Kleibergen-Paap rk LM statistic):              7.555
                                                   Chi-sq(1) P-val =    0.0060
------------------------------------------------------------------------------
Weak identification test (Cragg-Donald Wald F statistic):                4.556
                         (Kleibergen-Paap rk Wald F statistic):          3.624
Stock-Yogo weak ID test critical values: 10% maximal IV size              7.03
                                         15% maximal IV size              4.58
                                         20% maximal IV size              3.95
                                         25% maximal IV size              3.63
Source: Stock-Yogo (2005).  Reproduced by permission.
NB: Critical values are for Cragg-Donald F statistic and i.i.d. errors.
------------------------------------------------------------------------------
Hansen J statistic (overidentification test of all instruments):         0.000
                                                 (equation exactly identified)
------------------------------------------------------------------------------
Instrumented:         ln_gaci_cwm cwm_m
Included instruments: lnpop
Excluded instruments: tourism_int z_m
Partialled-out:       _cons
                      nb: total SS, model F and R2s are after partialling-out;
                          any small-sample adjustments include partialled-out
                          variables in regressor count K
------------------------------------------------------------------------------

Absorbed degrees of freedom:
-----------------------------------------------------+
 Absorbed FE | Categories  - Redundant  = Num. Coefs |
-------------+---------------------------------------|
     isocode |       183           0         183     |
           y |        28           1          27     |
-----------------------------------------------------+
HET3|land|lngdp|main|-2.942074832991059|1.817459315722935|.1055648560317053|3.624175843063253|4642
HET3|land|lngdp|inter|.3063459755871848|.1328684139678938|.0211770574972561|3.624175843063253|4642

. di _n "############ moderator = GDP total (1996 ln GDP, economic size) ############"

############ moderator = GDP total (1996 ln GDP, economic size) ############

. _hx gdp_c gdptot
(522 missing values generated)
(522 missing values generated)
(MWFE estimator converged in 4 iterations)

IV (2SLS) estimation
--------------------

Estimates efficient for homoskedasticity only
Statistics robust to heteroskedasticity

                                                      Number of obs =     4121
                                                      F(  3,  3941) =     0.02
                                                      Prob > F      =   0.9964
Total (centered) SS     =  204.9473902                Centered R2   = -2.7e+02
Total (uncentered) SS   =  204.9473902                Uncentered R2 = -2.7e+02
Residual SS             =  56261.25163                Root MSE      =    3.778

------------------------------------------------------------------------------
             |               Robust
       g_int | Coefficient  std. err.      t    P>|t|     [95% conf. interval]
-------------+----------------------------------------------------------------
 ln_gaci_cwm |   51.31909   380.2291     0.13   0.893    -694.1451    796.7833
       cwm_m |  -4.955699   36.71708    -0.13   0.893    -76.94196    67.03056
       lnpop |  -3.119504    21.5619    -0.14   0.885    -45.39303    39.15402
------------------------------------------------------------------------------
Underidentification test (Kleibergen-Paap rk LM statistic):              0.019
                                                   Chi-sq(1) P-val =    0.8900
------------------------------------------------------------------------------
Weak identification test (Cragg-Donald Wald F statistic):                0.013
                         (Kleibergen-Paap rk Wald F statistic):          0.009
Stock-Yogo weak ID test critical values: 10% maximal IV size              7.03
                                         15% maximal IV size              4.58
                                         20% maximal IV size              3.95
                                         25% maximal IV size              3.63
Source: Stock-Yogo (2005).  Reproduced by permission.
NB: Critical values are for Cragg-Donald F statistic and i.i.d. errors.
------------------------------------------------------------------------------
Hansen J statistic (overidentification test of all instruments):         0.000
                                                 (equation exactly identified)
------------------------------------------------------------------------------
Instrumented:         ln_gaci_cwm cwm_m
Included instruments: lnpop
Excluded instruments: tourism_int z_m
Partialled-out:       _cons
                      nb: total SS, model F and R2s are after partialling-out;
                          any small-sample adjustments include partialled-out
                          variables in regressor count K
------------------------------------------------------------------------------

Absorbed degrees of freedom:
-----------------------------------------------------+
 Absorbed FE | Categories  - Redundant  = Num. Coefs |
-------------+---------------------------------------|
     isocode |       150           0         150     |
           y |        28           1          27     |
-----------------------------------------------------+
HET3|gdptot|g_int|main|51.31909151891163|380.2290733402651|.8926433731881362|.0091499001229285|4121
HET3|gdptot|g_int|inter|-4.955698593721253|36.71707721109976|.8926426008563257|.0091499001229285|4121
(522 missing values generated)
(522 missing values generated)
(MWFE estimator converged in 4 iterations)

IV (2SLS) estimation
--------------------

Estimates efficient for homoskedasticity only
Statistics robust to heteroskedasticity

                                                      Number of obs =     4121
                                                      F(  3,  3941) =     0.02
                                                      Prob > F      =   0.9965
Total (centered) SS     =  354.5567293                Centered R2   = -1.8e+03
Total (uncentered) SS   =  354.5567293                Uncentered R2 = -1.8e+03
Residual SS             =  643186.3438                Root MSE      =    12.78

------------------------------------------------------------------------------
             |               Robust
       g_vol | Coefficient  std. err.      t    P>|t|     [95% conf. interval]
-------------+----------------------------------------------------------------
 ln_gaci_cwm |   174.5878    1283.83     0.14   0.892    -2342.445    2691.621
       cwm_m |  -17.08275   123.9896    -0.14   0.890    -260.1726    226.0071
       lnpop |   -9.39698   72.80799    -0.13   0.897    -152.1419    133.3479
------------------------------------------------------------------------------
Underidentification test (Kleibergen-Paap rk LM statistic):              0.019
                                                   Chi-sq(1) P-val =    0.8900
------------------------------------------------------------------------------
Weak identification test (Cragg-Donald Wald F statistic):                0.013
                         (Kleibergen-Paap rk Wald F statistic):          0.009
Stock-Yogo weak ID test critical values: 10% maximal IV size              7.03
                                         15% maximal IV size              4.58
                                         20% maximal IV size              3.95
                                         25% maximal IV size              3.63
Source: Stock-Yogo (2005).  Reproduced by permission.
NB: Critical values are for Cragg-Donald F statistic and i.i.d. errors.
------------------------------------------------------------------------------
Hansen J statistic (overidentification test of all instruments):         0.000
                                                 (equation exactly identified)
------------------------------------------------------------------------------
Instrumented:         ln_gaci_cwm cwm_m
Included instruments: lnpop
Excluded instruments: tourism_int z_m
Partialled-out:       _cons
                      nb: total SS, model F and R2s are after partialling-out;
                          any small-sample adjustments include partialled-out
                          variables in regressor count K
------------------------------------------------------------------------------

Absorbed degrees of freedom:
-----------------------------------------------------+
 Absorbed FE | Categories  - Redundant  = Num. Coefs |
-------------+---------------------------------------|
     isocode |       150           0         150     |
           y |        28           1          27     |
-----------------------------------------------------+
HET3|gdptot|g_vol|main|174.58779828958|1283.829721514178|.8918362585120712|.0091499001229285|4121
HET3|gdptot|g_vol|inter|-17.08275482798026|123.9896107385384|.8904247319472502|.0091499001229285|4121
(522 missing values generated)
(522 missing values generated)
(MWFE estimator converged in 4 iterations)

IV (2SLS) estimation
--------------------

Estimates efficient for homoskedasticity only
Statistics robust to heteroskedasticity

                                                      Number of obs =     4121
                                                      F(  3,  3941) =     0.04
                                                      Prob > F      =   0.9892
Total (centered) SS     =  1347774.713                Centered R2   = -2.0e+02
Total (uncentered) SS   =  1347774.713                Uncentered R2 = -2.0e+02
Residual SS             =  275679398.1                Root MSE      =    264.5

------------------------------------------------------------------------------
             |               Robust
       g_shr | Coefficient  std. err.      t    P>|t|     [95% conf. interval]
-------------+----------------------------------------------------------------
 ln_gaci_cwm |   3591.084   26602.58     0.13   0.893    -48565.04     55747.2
       cwm_m |  -350.7703   2569.193    -0.14   0.891    -5387.844    4686.303
       lnpop |  -228.7312   1508.459    -0.15   0.879    -3186.165    2728.703
------------------------------------------------------------------------------
Underidentification test (Kleibergen-Paap rk LM statistic):              0.019
                                                   Chi-sq(1) P-val =    0.8900
------------------------------------------------------------------------------
Weak identification test (Cragg-Donald Wald F statistic):                0.013
                         (Kleibergen-Paap rk Wald F statistic):          0.009
Stock-Yogo weak ID test critical values: 10% maximal IV size              7.03
                                         15% maximal IV size              4.58
                                         20% maximal IV size              3.95
                                         25% maximal IV size              3.63
Source: Stock-Yogo (2005).  Reproduced by permission.
NB: Critical values are for Cragg-Donald F statistic and i.i.d. errors.
------------------------------------------------------------------------------
Hansen J statistic (overidentification test of all instruments):         0.000
                                                 (equation exactly identified)
------------------------------------------------------------------------------
Instrumented:         ln_gaci_cwm cwm_m
Included instruments: lnpop
Excluded instruments: tourism_int z_m
Partialled-out:       _cons
                      nb: total SS, model F and R2s are after partialling-out;
                          any small-sample adjustments include partialled-out
                          variables in regressor count K
------------------------------------------------------------------------------

Absorbed degrees of freedom:
-----------------------------------------------------+
 Absorbed FE | Categories  - Redundant  = Num. Coefs |
-------------+---------------------------------------|
     isocode |       150           0         150     |
           y |        28           1          27     |
-----------------------------------------------------+
HET3|gdptot|g_shr|main|3591.08352726648|26602.58123984489|.8926266421535357|.0091499001229285|4121
HET3|gdptot|g_shr|inter|-350.770280894697|2569.193461873801|.8914098074578928|.0091499001229285|4121
(522 missing values generated)
(522 missing values generated)
(MWFE estimator converged in 4 iterations)

IV (2SLS) estimation
--------------------

Estimates efficient for homoskedasticity only
Statistics robust to heteroskedasticity

                                                      Number of obs =     4121
                                                      F(  3,  3941) =     0.05
                                                      Prob > F      =   0.9840
Total (centered) SS     =  110.5779294                Centered R2   = -5.2e+02
Total (uncentered) SS   =  110.5779294                Uncentered R2 = -5.2e+02
Residual SS             =  57545.70208                Root MSE      =    3.821

------------------------------------------------------------------------------
             |               Robust
        lnpc | Coefficient  std. err.      t    P>|t|     [95% conf. interval]
-------------+----------------------------------------------------------------
 ln_gaci_cwm |   52.71609   383.4202     0.14   0.891    -699.0046    804.4368
       cwm_m |  -5.183522   37.03286    -0.14   0.889     -77.7889    67.42185
       lnpop |  -3.415497   21.74648    -0.16   0.875    -46.05091    39.21991
------------------------------------------------------------------------------
Underidentification test (Kleibergen-Paap rk LM statistic):              0.019
                                                   Chi-sq(1) P-val =    0.8900
------------------------------------------------------------------------------
Weak identification test (Cragg-Donald Wald F statistic):                0.013
                         (Kleibergen-Paap rk Wald F statistic):          0.009
Stock-Yogo weak ID test critical values: 10% maximal IV size              7.03
                                         15% maximal IV size              4.58
                                         20% maximal IV size              3.95
                                         25% maximal IV size              3.63
Source: Stock-Yogo (2005).  Reproduced by permission.
NB: Critical values are for Cragg-Donald F statistic and i.i.d. errors.
------------------------------------------------------------------------------
Hansen J statistic (overidentification test of all instruments):         0.000
                                                 (equation exactly identified)
------------------------------------------------------------------------------
Instrumented:         ln_gaci_cwm cwm_m
Included instruments: lnpop
Excluded instruments: tourism_int z_m
Partialled-out:       _cons
                      nb: total SS, model F and R2s are after partialling-out;
                          any small-sample adjustments include partialled-out
                          variables in regressor count K
------------------------------------------------------------------------------

Absorbed degrees of freedom:
-----------------------------------------------------+
 Absorbed FE | Categories  - Redundant  = Num. Coefs |
-------------+---------------------------------------|
     isocode |       150           0         150     |
           y |        28           1          27     |
-----------------------------------------------------+
HET3|gdptot|lnpc|main|52.71608935593181|383.4202278082383|.8906512575594017|.0091499001229285|4121
HET3|gdptot|lnpc|inter|-5.183521839590069|37.03286213423866|.8886901608001609|.0091499001229285|4121
(522 missing values generated)
(522 missing values generated)
(MWFE estimator converged in 4 iterations)

IV (2SLS) estimation
--------------------

Estimates efficient for homoskedasticity only
Statistics robust to heteroskedasticity

                                                      Number of obs =     4121
                                                      F(  3,  3941) =     0.05
                                                      Prob > F      =   0.9863
Total (centered) SS     =   279.419413                Centered R2   = -1.1e+03
Total (uncentered) SS   =   279.419413                Uncentered R2 = -1.1e+03
Residual SS             =  319486.5314                Root MSE      =    9.004

------------------------------------------------------------------------------
             |               Robust
       lngdp | Coefficient  std. err.      t    P>|t|     [95% conf. interval]
-------------+----------------------------------------------------------------
 ln_gaci_cwm |   123.2688   904.1667     0.14   0.892     -1649.41    1895.947
       cwm_m |  -12.12707   87.32702    -0.14   0.890    -183.3375    159.0833
       lnpop |  -6.277481    51.2777    -0.12   0.903    -106.8108    94.25584
------------------------------------------------------------------------------
Underidentification test (Kleibergen-Paap rk LM statistic):              0.019
                                                   Chi-sq(1) P-val =    0.8900
------------------------------------------------------------------------------
Weak identification test (Cragg-Donald Wald F statistic):                0.013
                         (Kleibergen-Paap rk Wald F statistic):          0.009
Stock-Yogo weak ID test critical values: 10% maximal IV size              7.03
                                         15% maximal IV size              4.58
                                         20% maximal IV size              3.95
                                         25% maximal IV size              3.63
Source: Stock-Yogo (2005).  Reproduced by permission.
NB: Critical values are for Cragg-Donald F statistic and i.i.d. errors.
------------------------------------------------------------------------------
Hansen J statistic (overidentification test of all instruments):         0.000
                                                 (equation exactly identified)
------------------------------------------------------------------------------
Instrumented:         ln_gaci_cwm cwm_m
Included instruments: lnpop
Excluded instruments: tourism_int z_m
Partialled-out:       _cons
                      nb: total SS, model F and R2s are after partialling-out;
                          any small-sample adjustments include partialled-out
                          variables in regressor count K
------------------------------------------------------------------------------

Absorbed degrees of freedom:
-----------------------------------------------------+
 Absorbed FE | Categories  - Redundant  = Num. Coefs |
-------------+---------------------------------------|
     isocode |       150           0         150     |
           y |        28           1          27     |
-----------------------------------------------------+
HET3|gdptot|lngdp|main|123.2688000796191|904.1667088744618|.8915640912773611|.0091499001229285|4121
HET3|gdptot|lngdp|inter|-12.12706532731092|87.32701672190288|.8895603123246827|.0091499001229285|4121

. di _n "############ moderator = baseline connectivity (1996 ln_gaci_cwm) ############"

############ moderator = baseline connectivity (1996 ln_gaci_cwm) ############

. _hx cwm0_c baseconn
(522 missing values generated)
(522 missing values generated)
(MWFE estimator converged in 4 iterations)

IV (2SLS) estimation
--------------------

Estimates efficient for homoskedasticity only
Statistics robust to heteroskedasticity

                                                      Number of obs =     4121
                                                      F(  3,  3941) =     7.70
                                                      Prob > F      =   0.0000
Total (centered) SS     =  204.9473902                Centered R2   =  -0.4766
Total (uncentered) SS   =  204.9473902                Uncentered R2 =  -0.4766
Residual SS             =  302.6231668                Root MSE      =    .2771

------------------------------------------------------------------------------
             |               Robust
       g_int | Coefficient  std. err.      t    P>|t|     [95% conf. interval]
-------------+----------------------------------------------------------------
 ln_gaci_cwm |   2.259651   1.161177     1.95   0.052    -.0169135    4.536215
       cwm_m |  -1.481524   .6224428    -2.38   0.017    -2.701864   -.2611834
       lnpop |  -.2894452   .0640201    -4.52   0.000     -.414961   -.1639295
------------------------------------------------------------------------------
Underidentification test (Kleibergen-Paap rk LM statistic):             10.428
                                                   Chi-sq(1) P-val =    0.0012
------------------------------------------------------------------------------
Weak identification test (Cragg-Donald Wald F statistic):                7.106
                         (Kleibergen-Paap rk Wald F statistic):          4.962
Stock-Yogo weak ID test critical values: 10% maximal IV size              7.03
                                         15% maximal IV size              4.58
                                         20% maximal IV size              3.95
                                         25% maximal IV size              3.63
Source: Stock-Yogo (2005).  Reproduced by permission.
NB: Critical values are for Cragg-Donald F statistic and i.i.d. errors.
------------------------------------------------------------------------------
Hansen J statistic (overidentification test of all instruments):         0.000
                                                 (equation exactly identified)
------------------------------------------------------------------------------
Instrumented:         ln_gaci_cwm cwm_m
Included instruments: lnpop
Excluded instruments: tourism_int z_m
Partialled-out:       _cons
                      nb: total SS, model F and R2s are after partialling-out;
                          any small-sample adjustments include partialled-out
                          variables in regressor count K
------------------------------------------------------------------------------

Absorbed degrees of freedom:
-----------------------------------------------------+
 Absorbed FE | Categories  - Redundant  = Num. Coefs |
-------------+---------------------------------------|
     isocode |       150           0         150     |
           y |        28           1          27     |
-----------------------------------------------------+
HET3|baseconn|g_int|main|2.259650653888376|1.161176931303971|.0517256931377781|4.962005426362682|4121
HET3|baseconn|g_int|inter|-1.481523778275269|.6224428356621344|.0173516330440614|4.962005426362682|4121
(522 missing values generated)
(522 missing values generated)
(MWFE estimator converged in 4 iterations)

IV (2SLS) estimation
--------------------

Estimates efficient for homoskedasticity only
Statistics robust to heteroskedasticity

                                                      Number of obs =     4121
                                                      F(  3,  3941) =    23.03
                                                      Prob > F      =   0.0000
Total (centered) SS     =  354.5567293                Centered R2   =  -1.4416
Total (uncentered) SS   =  354.5567293                Uncentered R2 =  -1.4416
Residual SS             =  865.6822635                Root MSE      =    .4687

------------------------------------------------------------------------------
             |               Robust
       g_vol | Coefficient  std. err.      t    P>|t|     [95% conf. interval]
-------------+----------------------------------------------------------------
 ln_gaci_cwm |   6.093328   1.742205     3.50   0.000      2.67762    9.509036
       cwm_m |  -6.060138   1.045518    -5.80   0.000    -8.109946    -4.01033
       lnpop |   .3472399   .1201981     2.89   0.004     .1115836    .5828962
------------------------------------------------------------------------------
Underidentification test (Kleibergen-Paap rk LM statistic):             10.428
                                                   Chi-sq(1) P-val =    0.0012
------------------------------------------------------------------------------
Weak identification test (Cragg-Donald Wald F statistic):                7.106
                         (Kleibergen-Paap rk Wald F statistic):          4.962
Stock-Yogo weak ID test critical values: 10% maximal IV size              7.03
                                         15% maximal IV size              4.58
                                         20% maximal IV size              3.95
                                         25% maximal IV size              3.63
Source: Stock-Yogo (2005).  Reproduced by permission.
NB: Critical values are for Cragg-Donald F statistic and i.i.d. errors.
------------------------------------------------------------------------------
Hansen J statistic (overidentification test of all instruments):         0.000
                                                 (equation exactly identified)
------------------------------------------------------------------------------
Instrumented:         ln_gaci_cwm cwm_m
Included instruments: lnpop
Excluded instruments: tourism_int z_m
Partialled-out:       _cons
                      nb: total SS, model F and R2s are after partialling-out;
                          any small-sample adjustments include partialled-out
                          variables in regressor count K
------------------------------------------------------------------------------

Absorbed degrees of freedom:
-----------------------------------------------------+
 Absorbed FE | Categories  - Redundant  = Num. Coefs |
-------------+---------------------------------------|
     isocode |       150           0         150     |
           y |        28           1          27     |
-----------------------------------------------------+
HET3|baseconn|g_vol|main|6.09332794378354|1.742204921660327|.0004748623558707|4.962005426362682|4121
HET3|baseconn|g_vol|inter|-6.060138159571361|1.04551829094113|7.31025329868e-09|4.962005426362682|4121
(522 missing values generated)
(522 missing values generated)
(MWFE estimator converged in 4 iterations)

IV (2SLS) estimation
--------------------

Estimates efficient for homoskedasticity only
Statistics robust to heteroskedasticity

                                                      Number of obs =     4121
                                                      F(  3,  3941) =    28.85
                                                      Prob > F      =   0.0000
Total (centered) SS     =  1347774.713                Centered R2   =  -0.1756
Total (uncentered) SS   =  1347774.713                Uncentered R2 =  -0.1756
Residual SS             =  1584413.928                Root MSE      =    20.05

------------------------------------------------------------------------------
             |               Robust
       g_shr | Coefficient  std. err.      t    P>|t|     [95% conf. interval]
-------------+----------------------------------------------------------------
 ln_gaci_cwm |   118.9386   79.70621     1.49   0.136     -37.3307    275.2079
       cwm_m |  -105.3901   41.18123    -2.56   0.011    -186.1286   -24.65153
       lnpop |  -28.42248   3.610141    -7.87   0.000     -35.5004   -21.34456
------------------------------------------------------------------------------
Underidentification test (Kleibergen-Paap rk LM statistic):             10.428
                                                   Chi-sq(1) P-val =    0.0012
------------------------------------------------------------------------------
Weak identification test (Cragg-Donald Wald F statistic):                7.106
                         (Kleibergen-Paap rk Wald F statistic):          4.962
Stock-Yogo weak ID test critical values: 10% maximal IV size              7.03
                                         15% maximal IV size              4.58
                                         20% maximal IV size              3.95
                                         25% maximal IV size              3.63
Source: Stock-Yogo (2005).  Reproduced by permission.
NB: Critical values are for Cragg-Donald F statistic and i.i.d. errors.
------------------------------------------------------------------------------
Hansen J statistic (overidentification test of all instruments):         0.000
                                                 (equation exactly identified)
------------------------------------------------------------------------------
Instrumented:         ln_gaci_cwm cwm_m
Included instruments: lnpop
Excluded instruments: tourism_int z_m
Partialled-out:       _cons
                      nb: total SS, model F and R2s are after partialling-out;
                          any small-sample adjustments include partialled-out
                          variables in regressor count K
------------------------------------------------------------------------------

Absorbed degrees of freedom:
-----------------------------------------------------+
 Absorbed FE | Categories  - Redundant  = Num. Coefs |
-------------+---------------------------------------|
     isocode |       150           0         150     |
           y |        28           1          27     |
-----------------------------------------------------+
HET3|baseconn|g_shr|main|118.9385983228451|79.70621109957344|.1357235090449146|4.962005426362682|4121
HET3|baseconn|g_shr|inter|-105.3900501605085|41.18123015714251|.0105290535883122|4.962005426362682|4121
(522 missing values generated)
(522 missing values generated)
(MWFE estimator converged in 4 iterations)

IV (2SLS) estimation
--------------------

Estimates efficient for homoskedasticity only
Statistics robust to heteroskedasticity

                                                      Number of obs =     4121
                                                      F(  3,  3941) =    70.67
                                                      Prob > F      =   0.0000
Total (centered) SS     =  110.5779294                Centered R2   =   0.0008
Total (uncentered) SS   =  110.5779294                Uncentered R2 =   0.0008
Residual SS             =   110.484246                Root MSE      =    .1674

------------------------------------------------------------------------------
             |               Robust
        lnpc | Coefficient  std. err.      t    P>|t|     [95% conf. interval]
-------------+----------------------------------------------------------------
 ln_gaci_cwm |   1.816377   .6598483     2.75   0.006     .5227005    3.110053
       cwm_m |  -2.189859   .3561206    -6.15   0.000    -2.888057   -1.491661
       lnpop |  -.4628953     .03688   -12.55   0.000    -.5352009   -.3905896
------------------------------------------------------------------------------
Underidentification test (Kleibergen-Paap rk LM statistic):             10.428
                                                   Chi-sq(1) P-val =    0.0012
------------------------------------------------------------------------------
Weak identification test (Cragg-Donald Wald F statistic):                7.106
                         (Kleibergen-Paap rk Wald F statistic):          4.962
Stock-Yogo weak ID test critical values: 10% maximal IV size              7.03
                                         15% maximal IV size              4.58
                                         20% maximal IV size              3.95
                                         25% maximal IV size              3.63
Source: Stock-Yogo (2005).  Reproduced by permission.
NB: Critical values are for Cragg-Donald F statistic and i.i.d. errors.
------------------------------------------------------------------------------
Hansen J statistic (overidentification test of all instruments):         0.000
                                                 (equation exactly identified)
------------------------------------------------------------------------------
Instrumented:         ln_gaci_cwm cwm_m
Included instruments: lnpop
Excluded instruments: tourism_int z_m
Partialled-out:       _cons
                      nb: total SS, model F and R2s are after partialling-out;
                          any small-sample adjustments include partialled-out
                          variables in regressor count K
------------------------------------------------------------------------------

Absorbed degrees of freedom:
-----------------------------------------------------+
 Absorbed FE | Categories  - Redundant  = Num. Coefs |
-------------+---------------------------------------|
     isocode |       150           0         150     |
           y |        28           1          27     |
-----------------------------------------------------+
HET3|baseconn|lnpc|main|1.816376681156703|.6598482840007586|.0059373327996322|4.962005426362682|4121
HET3|baseconn|lnpc|inter|-2.189859412263516|.3561205745707597|8.56183131533e-10|4.962005426362682|4121
(522 missing values generated)
(522 missing values generated)
(MWFE estimator converged in 4 iterations)

IV (2SLS) estimation
--------------------

Estimates efficient for homoskedasticity only
Statistics robust to heteroskedasticity

                                                      Number of obs =     4121
                                                      F(  3,  3941) =    67.74
                                                      Prob > F      =   0.0000
Total (centered) SS     =   279.419413                Centered R2   =  -0.4965
Total (uncentered) SS   =   279.419413                Uncentered R2 =  -0.4965
Residual SS             =  418.1548695                Root MSE      =    .3257

------------------------------------------------------------------------------
             |               Robust
       lngdp | Coefficient  std. err.      t    P>|t|     [95% conf. interval]
-------------+----------------------------------------------------------------
 ln_gaci_cwm |   3.833681   1.133062     3.38   0.001     1.612238    6.055123
       cwm_m |  -4.578617   .6773984    -6.76   0.000    -5.906702   -3.250533
       lnpop |   .6366851   .0763819     8.34   0.000     .4869332    .7864369
------------------------------------------------------------------------------
Underidentification test (Kleibergen-Paap rk LM statistic):             10.428
                                                   Chi-sq(1) P-val =    0.0012
------------------------------------------------------------------------------
Weak identification test (Cragg-Donald Wald F statistic):                7.106
                         (Kleibergen-Paap rk Wald F statistic):          4.962
Stock-Yogo weak ID test critical values: 10% maximal IV size              7.03
                                         15% maximal IV size              4.58
                                         20% maximal IV size              3.95
                                         25% maximal IV size              3.63
Source: Stock-Yogo (2005).  Reproduced by permission.
NB: Critical values are for Cragg-Donald F statistic and i.i.d. errors.
------------------------------------------------------------------------------
Hansen J statistic (overidentification test of all instruments):         0.000
                                                 (equation exactly identified)
------------------------------------------------------------------------------
Instrumented:         ln_gaci_cwm cwm_m
Included instruments: lnpop
Excluded instruments: tourism_int z_m
Partialled-out:       _cons
                      nb: total SS, model F and R2s are after partialling-out;
                          any small-sample adjustments include partialled-out
                          variables in regressor count K
------------------------------------------------------------------------------

Absorbed degrees of freedom:
-----------------------------------------------------+
 Absorbed FE | Categories  - Redundant  = Num. Coefs |
-------------+---------------------------------------|
     isocode |       150           0         150     |
           y |        28           1          27     |
-----------------------------------------------------+
HET3|baseconn|lngdp|main|3.833680742051065|1.133061633362405|.0007227434868634|4.962005426362682|4121
HET3|baseconn|lngdp|inter|-4.578617347704874|.6773983628097192|1.59231381811e-11|4.962005426362682|4121

. 
. *------------------------------------------------------------------------------
. * SUBSAMPLE split (binary, at median) -- for comparison. Use this instead of the
. * interaction ONLY if BOTH halves keep KP first-stage F >= ~10; otherwise it is
. * weakly identified (as the earlier region/GDP splits were) and interaction IV wins.
. *------------------------------------------------------------------------------
. capture program drop _hs

. program define _hs
  1.     args splitvar splitname
  2.     quietly summarize `splitvar', detail
  3.     local md = r(p50)
  4.     foreach half in lo hi {
  5.         if "`half'"=="lo" local cond "`splitvar' <  `md'"
  6.         else              local cond "`splitvar' >= `md'"
  7.         foreach yv in g_int g_vol g_shr lnpc lngdp {
  8.             capture noisily ivreghdfe `yv' lnpop (ln_gaci_cwm = tourism_int) if (`cond') & !missing(`splitvar'), absorb(isocode y) robust
  9.             if _rc==0 {
 10.                 local b=_b[ln_gaci_cwm]
 11.                 local se=_se[ln_gaci_cwm]
 12.                 local p=2*ttail(e(df_r),abs(`b'/`se'))
 13.                 noisily di "HET4|`splitname'|`half'|`yv'|`b'|`se'|`p'|" e(widstat) "|" e(N)
 14.             }
 15.             else noisily di "HET4|`splitname'|`half'|`yv'|FAIL|.|.|.|."
 16.         }
 17.     }
 18. end

. di _n "############ SUBSAMPLE split: remoteness (median) ############"

############ SUBSAMPLE split: remoteness (median) ############

. _hs ln_remote remote
(MWFE estimator converged in 5 iterations)

IV (2SLS) estimation
--------------------

Estimates efficient for homoskedasticity only
Statistics robust to heteroskedasticity

                                                      Number of obs =     2314
                                                      F(  2,  2193) =     8.96
                                                      Prob > F      =   0.0001
Total (centered) SS     =  122.6642425                Centered R2   =   0.0097
Total (uncentered) SS   =  122.6642425                Uncentered R2 =   0.0097
Residual SS             =  121.4788073                Root MSE      =    .2354

------------------------------------------------------------------------------
             |               Robust
       g_int | Coefficient  std. err.      t    P>|t|     [95% conf. interval]
-------------+----------------------------------------------------------------
 ln_gaci_cwm |   .3791192   .8753696     0.43   0.665    -1.337521     2.09576
       lnpop |  -.2130711   .0503455    -4.23   0.000    -.3118009   -.1143413
------------------------------------------------------------------------------
Underidentification test (Kleibergen-Paap rk LM statistic):              9.156
                                                   Chi-sq(1) P-val =    0.0025
------------------------------------------------------------------------------
Weak identification test (Cragg-Donald Wald F statistic):                9.941
                         (Kleibergen-Paap rk Wald F statistic):          9.547
Stock-Yogo weak ID test critical values: 10% maximal IV size             16.38
                                         15% maximal IV size              8.96
                                         20% maximal IV size              6.66
                                         25% maximal IV size              5.53
Source: Stock-Yogo (2005).  Reproduced by permission.
NB: Critical values are for Cragg-Donald F statistic and i.i.d. errors.
------------------------------------------------------------------------------
Hansen J statistic (overidentification test of all instruments):         0.000
                                                 (equation exactly identified)
------------------------------------------------------------------------------
Instrumented:         ln_gaci_cwm
Included instruments: lnpop
Excluded instruments: tourism_int
Partialled-out:       _cons
                      nb: total SS, model F and R2s are after partialling-out;
                          any small-sample adjustments include partialled-out
                          variables in regressor count K
------------------------------------------------------------------------------

Absorbed degrees of freedom:
-----------------------------------------------------+
 Absorbed FE | Categories  - Redundant  = Num. Coefs |
-------------+---------------------------------------|
     isocode |        92           0          92     |
           y |        28           1          27     |
-----------------------------------------------------+
HET4|remote|lo|g_int|.3791191778575214|.8753696099512812|.6649875363678154|9.5468078|2314
(MWFE estimator converged in 5 iterations)

IV (2SLS) estimation
--------------------

Estimates efficient for homoskedasticity only
Statistics robust to heteroskedasticity

                                                      Number of obs =     2314
                                                      F(  2,  2193) =    16.56
                                                      Prob > F      =   0.0000
Total (centered) SS     =  176.4793291                Centered R2   =   0.0844
Total (uncentered) SS   =  176.4793291                Uncentered R2 =   0.0844
Residual SS             =  161.5911994                Root MSE      =    .2714

------------------------------------------------------------------------------
             |               Robust
       g_vol | Coefficient  std. err.      t    P>|t|     [95% conf. interval]
-------------+----------------------------------------------------------------
 ln_gaci_cwm |    .524273   1.125493     0.47   0.641    -1.682872    2.731418
       lnpop |   .3681391   .0655027     5.62   0.000     .2396853     .496593
------------------------------------------------------------------------------
Underidentification test (Kleibergen-Paap rk LM statistic):              9.156
                                                   Chi-sq(1) P-val =    0.0025
------------------------------------------------------------------------------
Weak identification test (Cragg-Donald Wald F statistic):                9.941
                         (Kleibergen-Paap rk Wald F statistic):          9.547
Stock-Yogo weak ID test critical values: 10% maximal IV size             16.38
                                         15% maximal IV size              8.96
                                         20% maximal IV size              6.66
                                         25% maximal IV size              5.53
Source: Stock-Yogo (2005).  Reproduced by permission.
NB: Critical values are for Cragg-Donald F statistic and i.i.d. errors.
------------------------------------------------------------------------------
Hansen J statistic (overidentification test of all instruments):         0.000
                                                 (equation exactly identified)
------------------------------------------------------------------------------
Instrumented:         ln_gaci_cwm
Included instruments: lnpop
Excluded instruments: tourism_int
Partialled-out:       _cons
                      nb: total SS, model F and R2s are after partialling-out;
                          any small-sample adjustments include partialled-out
                          variables in regressor count K
------------------------------------------------------------------------------

Absorbed degrees of freedom:
-----------------------------------------------------+
 Absorbed FE | Categories  - Redundant  = Num. Coefs |
-------------+---------------------------------------|
     isocode |        92           0          92     |
           y |        28           1          27     |
-----------------------------------------------------+
HET4|remote|lo|g_vol|.5242730298749764|1.125493448764312|.6413933597938357|9.5468078|2314
(MWFE estimator converged in 5 iterations)

IV (2SLS) estimation
--------------------

Estimates efficient for homoskedasticity only
Statistics robust to heteroskedasticity

                                                      Number of obs =     2314
                                                      F(  2,  2193) =    23.10
                                                      Prob > F      =   0.0000
Total (centered) SS     =  558448.9966                Centered R2   =   0.0086
Total (uncentered) SS   =  558448.9966                Uncentered R2 =   0.0086
Residual SS             =  553622.2672                Root MSE      =    15.89

------------------------------------------------------------------------------
             |               Robust
       g_shr | Coefficient  std. err.      t    P>|t|     [95% conf. interval]
-------------+----------------------------------------------------------------
 ln_gaci_cwm |   36.66944   57.40748     0.64   0.523    -75.90929    149.2482
       lnpop |  -24.29118   3.575116    -6.79   0.000    -31.30214   -17.28021
------------------------------------------------------------------------------
Underidentification test (Kleibergen-Paap rk LM statistic):              9.156
                                                   Chi-sq(1) P-val =    0.0025
------------------------------------------------------------------------------
Weak identification test (Cragg-Donald Wald F statistic):                9.941
                         (Kleibergen-Paap rk Wald F statistic):          9.547
Stock-Yogo weak ID test critical values: 10% maximal IV size             16.38
                                         15% maximal IV size              8.96
                                         20% maximal IV size              6.66
                                         25% maximal IV size              5.53
Source: Stock-Yogo (2005).  Reproduced by permission.
NB: Critical values are for Cragg-Donald F statistic and i.i.d. errors.
------------------------------------------------------------------------------
Hansen J statistic (overidentification test of all instruments):         0.000
                                                 (equation exactly identified)
------------------------------------------------------------------------------
Instrumented:         ln_gaci_cwm
Included instruments: lnpop
Excluded instruments: tourism_int
Partialled-out:       _cons
                      nb: total SS, model F and R2s are after partialling-out;
                          any small-sample adjustments include partialled-out
                          variables in regressor count K
------------------------------------------------------------------------------

Absorbed degrees of freedom:
-----------------------------------------------------+
 Absorbed FE | Categories  - Redundant  = Num. Coefs |
-------------+---------------------------------------|
     isocode |        92           0          92     |
           y |        28           1          27     |
-----------------------------------------------------+
HET4|remote|lo|g_shr|36.66944219491305|57.40748340126353|.5230476121709784|9.5468078|2314
(MWFE estimator converged in 5 iterations)

IV (2SLS) estimation
--------------------

Estimates efficient for homoskedasticity only
Statistics robust to heteroskedasticity

                                                      Number of obs =     2314
                                                      F(  2,  2193) =    78.40
                                                      Prob > F      =   0.0000
Total (centered) SS     =  60.51039723                Centered R2   =   0.0332
Total (uncentered) SS   =  60.51039723                Uncentered R2 =   0.0332
Residual SS             =  58.50340919                Root MSE      =    .1633

------------------------------------------------------------------------------
             |               Robust
        lnpc | Coefficient  std. err.      t    P>|t|     [95% conf. interval]
-------------+----------------------------------------------------------------
 ln_gaci_cwm |  -.1405108   .7608559    -0.18   0.854    -1.632584    1.351563
       lnpop |  -.4731975   .0378118   -12.51   0.000    -.5473482   -.3990468
------------------------------------------------------------------------------
Underidentification test (Kleibergen-Paap rk LM statistic):              9.156
                                                   Chi-sq(1) P-val =    0.0025
------------------------------------------------------------------------------
Weak identification test (Cragg-Donald Wald F statistic):                9.941
                         (Kleibergen-Paap rk Wald F statistic):          9.547
Stock-Yogo weak ID test critical values: 10% maximal IV size             16.38
                                         15% maximal IV size              8.96
                                         20% maximal IV size              6.66
                                         25% maximal IV size              5.53
Source: Stock-Yogo (2005).  Reproduced by permission.
NB: Critical values are for Cragg-Donald F statistic and i.i.d. errors.
------------------------------------------------------------------------------
Hansen J statistic (overidentification test of all instruments):         0.000
                                                 (equation exactly identified)
------------------------------------------------------------------------------
Instrumented:         ln_gaci_cwm
Included instruments: lnpop
Excluded instruments: tourism_int
Partialled-out:       _cons
                      nb: total SS, model F and R2s are after partialling-out;
                          any small-sample adjustments include partialled-out
                          variables in regressor count K
------------------------------------------------------------------------------

Absorbed degrees of freedom:
-----------------------------------------------------+
 Absorbed FE | Categories  - Redundant  = Num. Coefs |
-------------+---------------------------------------|
     isocode |        92           0          92     |
           y |        28           1          27     |
-----------------------------------------------------+
HET4|remote|lo|lnpc|-.1405107945417729|.7608558997809849|.8535013088881237|9.5468078|2314
(MWFE estimator converged in 5 iterations)

IV (2SLS) estimation
--------------------

Estimates efficient for homoskedasticity only
Statistics robust to heteroskedasticity

                                                      Number of obs =     2314
                                                      F(  2,  2193) =    53.10
                                                      Prob > F      =   0.0000
Total (centered) SS     =  146.9553336                Centered R2   =   0.0735
Total (uncentered) SS   =  146.9553336                Uncentered R2 =   0.0735
Residual SS             =   136.151685                Root MSE      =    .2492

------------------------------------------------------------------------------
             |               Robust
       lngdp | Coefficient  std. err.      t    P>|t|     [95% conf. interval]
-------------+----------------------------------------------------------------
 ln_gaci_cwm |   .1451566   1.078408     0.13   0.893    -1.969652    2.259965
       lnpop |   .5812105   .0573371    10.14   0.000     .4687697    .6936513
------------------------------------------------------------------------------
Underidentification test (Kleibergen-Paap rk LM statistic):              9.156
                                                   Chi-sq(1) P-val =    0.0025
------------------------------------------------------------------------------
Weak identification test (Cragg-Donald Wald F statistic):                9.941
                         (Kleibergen-Paap rk Wald F statistic):          9.547
Stock-Yogo weak ID test critical values: 10% maximal IV size             16.38
                                         15% maximal IV size              8.96
                                         20% maximal IV size              6.66
                                         25% maximal IV size              5.53
Source: Stock-Yogo (2005).  Reproduced by permission.
NB: Critical values are for Cragg-Donald F statistic and i.i.d. errors.
------------------------------------------------------------------------------
Hansen J statistic (overidentification test of all instruments):         0.000
                                                 (equation exactly identified)
------------------------------------------------------------------------------
Instrumented:         ln_gaci_cwm
Included instruments: lnpop
Excluded instruments: tourism_int
Partialled-out:       _cons
                      nb: total SS, model F and R2s are after partialling-out;
                          any small-sample adjustments include partialled-out
                          variables in regressor count K
------------------------------------------------------------------------------

Absorbed degrees of freedom:
-----------------------------------------------------+
 Absorbed FE | Categories  - Redundant  = Num. Coefs |
-------------+---------------------------------------|
     isocode |        92           0          92     |
           y |        28           1          27     |
-----------------------------------------------------+
HET4|remote|lo|lngdp|.1451565561768991|1.078408063383138|.8929384179284641|9.5468078|2314
(dropped 1 singleton observations)
(MWFE estimator converged in 5 iterations)

IV (2SLS) estimation
--------------------

Estimates efficient for homoskedasticity only
Statistics robust to heteroskedasticity

                                                      Number of obs =     2320
                                                      F(  2,  2201) =     5.16
                                                      Prob > F      =   0.0058
Total (centered) SS     =  107.2528613                Centered R2   =  -0.4290
Total (uncentered) SS   =  107.2528613                Uncentered R2 =  -0.4290
Residual SS             =  153.2625946                Root MSE      =    .2639

------------------------------------------------------------------------------
             |               Robust
       g_int | Coefficient  std. err.      t    P>|t|     [95% conf. interval]
-------------+----------------------------------------------------------------
 ln_gaci_cwm |    1.94327    1.10617     1.76   0.079    -.2259757    4.112515
       lnpop |   -.383623   .1317003    -2.91   0.004    -.6418927   -.1253532
------------------------------------------------------------------------------
Underidentification test (Kleibergen-Paap rk LM statistic):              8.177
                                                   Chi-sq(1) P-val =    0.0042
------------------------------------------------------------------------------
Weak identification test (Cragg-Donald Wald F statistic):               14.695
                         (Kleibergen-Paap rk Wald F statistic):          7.994
Stock-Yogo weak ID test critical values: 10% maximal IV size             16.38
                                         15% maximal IV size              8.96
                                         20% maximal IV size              6.66
                                         25% maximal IV size              5.53
Source: Stock-Yogo (2005).  Reproduced by permission.
NB: Critical values are for Cragg-Donald F statistic and i.i.d. errors.
------------------------------------------------------------------------------
Hansen J statistic (overidentification test of all instruments):         0.000
                                                 (equation exactly identified)
------------------------------------------------------------------------------
Instrumented:         ln_gaci_cwm
Included instruments: lnpop
Excluded instruments: tourism_int
Partialled-out:       _cons
                      nb: total SS, model F and R2s are after partialling-out;
                          any small-sample adjustments include partialled-out
                          variables in regressor count K
------------------------------------------------------------------------------

Absorbed degrees of freedom:
-----------------------------------------------------+
 Absorbed FE | Categories  - Redundant  = Num. Coefs |
-------------+---------------------------------------|
     isocode |        90           0          90     |
           y |        28           1          27     |
-----------------------------------------------------+
HET4|remote|hi|g_int|1.94326979314286|1.106169620566438|.0790984974395537|7.9941599|2320
(dropped 1 singleton observations)
(MWFE estimator converged in 5 iterations)

IV (2SLS) estimation
--------------------

Estimates efficient for homoskedasticity only
Statistics robust to heteroskedasticity

                                                      Number of obs =     2320
                                                      F(  2,  2201) =    23.30
                                                      Prob > F      =   0.0000
Total (centered) SS     =  242.5985169                Centered R2   =  -0.1865
Total (uncentered) SS   =  242.5985169                Uncentered R2 =  -0.1865
Residual SS             =  287.8374888                Root MSE      =    .3616

------------------------------------------------------------------------------
             |               Robust
       g_vol | Coefficient  std. err.      t    P>|t|     [95% conf. interval]
-------------+----------------------------------------------------------------
 ln_gaci_cwm |   3.463045   1.284832     2.70   0.007     .9434352    5.982654
       lnpop |   .3095785   .1610401     1.92   0.055     -.006228    .6253849
------------------------------------------------------------------------------
Underidentification test (Kleibergen-Paap rk LM statistic):              8.177
                                                   Chi-sq(1) P-val =    0.0042
------------------------------------------------------------------------------
Weak identification test (Cragg-Donald Wald F statistic):               14.695
                         (Kleibergen-Paap rk Wald F statistic):          7.994
Stock-Yogo weak ID test critical values: 10% maximal IV size             16.38
                                         15% maximal IV size              8.96
                                         20% maximal IV size              6.66
                                         25% maximal IV size              5.53
Source: Stock-Yogo (2005).  Reproduced by permission.
NB: Critical values are for Cragg-Donald F statistic and i.i.d. errors.
------------------------------------------------------------------------------
Hansen J statistic (overidentification test of all instruments):         0.000
                                                 (equation exactly identified)
------------------------------------------------------------------------------
Instrumented:         ln_gaci_cwm
Included instruments: lnpop
Excluded instruments: tourism_int
Partialled-out:       _cons
                      nb: total SS, model F and R2s are after partialling-out;
                          any small-sample adjustments include partialled-out
                          variables in regressor count K
------------------------------------------------------------------------------

Absorbed degrees of freedom:
-----------------------------------------------------+
 Absorbed FE | Categories  - Redundant  = Num. Coefs |
-------------+---------------------------------------|
     isocode |        90           0          90     |
           y |        28           1          27     |
-----------------------------------------------------+
HET4|remote|hi|g_vol|3.463044737019015|1.284831770178161|.0070854039460497|7.9941599|2320
(dropped 1 singleton observations)
(MWFE estimator converged in 5 iterations)

IV (2SLS) estimation
--------------------

Estimates efficient for homoskedasticity only
Statistics robust to heteroskedasticity

                                                      Number of obs =     2320
                                                      F(  2,  2201) =    13.63
                                                      Prob > F      =   0.0000
Total (centered) SS     =  974711.2833                Centered R2   =  -0.0314
Total (uncentered) SS   =  974711.2833                Uncentered R2 =  -0.0314
Residual SS             =  1005362.291                Root MSE      =    21.37

------------------------------------------------------------------------------
             |               Robust
       g_shr | Coefficient  std. err.      t    P>|t|     [95% conf. interval]
-------------+----------------------------------------------------------------
 ln_gaci_cwm |   70.98742   71.36458     0.99   0.320    -68.96154    210.9364
       lnpop |  -24.85617   7.742306    -3.21   0.001    -40.03916   -9.673183
------------------------------------------------------------------------------
Underidentification test (Kleibergen-Paap rk LM statistic):              8.177
                                                   Chi-sq(1) P-val =    0.0042
------------------------------------------------------------------------------
Weak identification test (Cragg-Donald Wald F statistic):               14.695
                         (Kleibergen-Paap rk Wald F statistic):          7.994
Stock-Yogo weak ID test critical values: 10% maximal IV size             16.38
                                         15% maximal IV size              8.96
                                         20% maximal IV size              6.66
                                         25% maximal IV size              5.53
Source: Stock-Yogo (2005).  Reproduced by permission.
NB: Critical values are for Cragg-Donald F statistic and i.i.d. errors.
------------------------------------------------------------------------------
Hansen J statistic (overidentification test of all instruments):         0.000
                                                 (equation exactly identified)
------------------------------------------------------------------------------
Instrumented:         ln_gaci_cwm
Included instruments: lnpop
Excluded instruments: tourism_int
Partialled-out:       _cons
                      nb: total SS, model F and R2s are after partialling-out;
                          any small-sample adjustments include partialled-out
                          variables in regressor count K
------------------------------------------------------------------------------

Absorbed degrees of freedom:
-----------------------------------------------------+
 Absorbed FE | Categories  - Redundant  = Num. Coefs |
-------------+---------------------------------------|
     isocode |        90           0          90     |
           y |        28           1          27     |
-----------------------------------------------------+
HET4|remote|hi|g_shr|70.98741791245037|71.36457613331669|.3199842144415664|7.9941599|2320
(dropped 1 singleton observations)
(MWFE estimator converged in 5 iterations)

IV (2SLS) estimation
--------------------

Estimates efficient for homoskedasticity only
Statistics robust to heteroskedasticity

                                                      Number of obs =     2320
                                                      F(  2,  2201) =    57.50
                                                      Prob > F      =   0.0000
Total (centered) SS     =  64.02959491                Centered R2   =   0.2044
Total (uncentered) SS   =  64.02959491                Uncentered R2 =   0.2044
Residual SS             =  50.94449292                Root MSE      =    .1521

------------------------------------------------------------------------------
             |               Robust
        lnpc | Coefficient  std. err.      t    P>|t|     [95% conf. interval]
-------------+----------------------------------------------------------------
 ln_gaci_cwm |    .919277   .6569909     1.40   0.162      -.36911    2.207664
       lnpop |  -.4529276   .0755501    -6.00   0.000    -.6010846   -.3047706
------------------------------------------------------------------------------
Underidentification test (Kleibergen-Paap rk LM statistic):              8.177
                                                   Chi-sq(1) P-val =    0.0042
------------------------------------------------------------------------------
Weak identification test (Cragg-Donald Wald F statistic):               14.695
                         (Kleibergen-Paap rk Wald F statistic):          7.994
Stock-Yogo weak ID test critical values: 10% maximal IV size             16.38
                                         15% maximal IV size              8.96
                                         20% maximal IV size              6.66
                                         25% maximal IV size              5.53
Source: Stock-Yogo (2005).  Reproduced by permission.
NB: Critical values are for Cragg-Donald F statistic and i.i.d. errors.
------------------------------------------------------------------------------
Hansen J statistic (overidentification test of all instruments):         0.000
                                                 (equation exactly identified)
------------------------------------------------------------------------------
Instrumented:         ln_gaci_cwm
Included instruments: lnpop
Excluded instruments: tourism_int
Partialled-out:       _cons
                      nb: total SS, model F and R2s are after partialling-out;
                          any small-sample adjustments include partialled-out
                          variables in regressor count K
------------------------------------------------------------------------------

Absorbed degrees of freedom:
-----------------------------------------------------+
 Absorbed FE | Categories  - Redundant  = Num. Coefs |
-------------+---------------------------------------|
     isocode |        90           0          90     |
           y |        28           1          27     |
-----------------------------------------------------+
HET4|remote|hi|lnpc|.9192770274351701|.6569909184137639|.1618869274867415|7.9941599|2320
(dropped 1 singleton observations)
(MWFE estimator converged in 5 iterations)

IV (2SLS) estimation
--------------------

Estimates efficient for homoskedasticity only
Statistics robust to heteroskedasticity

                                                      Number of obs =     2320
                                                      F(  2,  2201) =   111.91
                                                      Prob > F      =   0.0000
Total (centered) SS     =  164.9728464                Centered R2   =   0.1859
Total (uncentered) SS   =  164.9728464                Uncentered R2 =   0.1859
Residual SS             =  134.3124015                Root MSE      =     .247

------------------------------------------------------------------------------
             |               Robust
       lngdp | Coefficient  std. err.      t    P>|t|     [95% conf. interval]
-------------+----------------------------------------------------------------
 ln_gaci_cwm |   1.519776   .9327315     1.63   0.103      -.30935    3.348902
       lnpop |   .6932012   .1087662     6.37   0.000     .4799062    .9064963
------------------------------------------------------------------------------
Underidentification test (Kleibergen-Paap rk LM statistic):              8.177
                                                   Chi-sq(1) P-val =    0.0042
------------------------------------------------------------------------------
Weak identification test (Cragg-Donald Wald F statistic):               14.695
                         (Kleibergen-Paap rk Wald F statistic):          7.994
Stock-Yogo weak ID test critical values: 10% maximal IV size             16.38
                                         15% maximal IV size              8.96
                                         20% maximal IV size              6.66
                                         25% maximal IV size              5.53
Source: Stock-Yogo (2005).  Reproduced by permission.
NB: Critical values are for Cragg-Donald F statistic and i.i.d. errors.
------------------------------------------------------------------------------
Hansen J statistic (overidentification test of all instruments):         0.000
                                                 (equation exactly identified)
------------------------------------------------------------------------------
Instrumented:         ln_gaci_cwm
Included instruments: lnpop
Excluded instruments: tourism_int
Partialled-out:       _cons
                      nb: total SS, model F and R2s are after partialling-out;
                          any small-sample adjustments include partialled-out
                          variables in regressor count K
------------------------------------------------------------------------------

Absorbed degrees of freedom:
-----------------------------------------------------+
 Absorbed FE | Categories  - Redundant  = Num. Coefs |
-------------+---------------------------------------|
     isocode |        90           0          90     |
           y |        28           1          27     |
-----------------------------------------------------+
HET4|remote|hi|lngdp|1.519776127710927|.9327315391453441|.1033752417655974|7.9941599|2320

. di _n "############ SUBSAMPLE split: baseline income (median) ############"

############ SUBSAMPLE split: baseline income (median) ############

. _hs base_lnpc income
(MWFE estimator converged in 5 iterations)

IV (2SLS) estimation
--------------------

Estimates efficient for homoskedasticity only
Statistics robust to heteroskedasticity

                                                      Number of obs =     2058
                                                      F(  2,  1953) =     0.31
                                                      Prob > F      =   0.7352
Total (centered) SS     =  115.4114237                Centered R2   =  -0.0228
Total (uncentered) SS   =  115.4114237                Uncentered R2 =  -0.0228
Residual SS             =  118.0432016                Root MSE      =    .2458

------------------------------------------------------------------------------
             |               Robust
       g_int | Coefficient  std. err.      t    P>|t|     [95% conf. interval]
-------------+----------------------------------------------------------------
 ln_gaci_cwm |  -.3820743   .5032649    -0.76   0.448    -1.369067    .6049184
       lnpop |  -.0279719   .0638169    -0.44   0.661    -.1531282    .0971844
------------------------------------------------------------------------------
Underidentification test (Kleibergen-Paap rk LM statistic):             23.068
                                                   Chi-sq(1) P-val =    0.0000
------------------------------------------------------------------------------
Weak identification test (Cragg-Donald Wald F statistic):               52.654
                         (Kleibergen-Paap rk Wald F statistic):         20.383
Stock-Yogo weak ID test critical values: 10% maximal IV size             16.38
                                         15% maximal IV size              8.96
                                         20% maximal IV size              6.66
                                         25% maximal IV size              5.53
Source: Stock-Yogo (2005).  Reproduced by permission.
NB: Critical values are for Cragg-Donald F statistic and i.i.d. errors.
------------------------------------------------------------------------------
Hansen J statistic (overidentification test of all instruments):         0.000
                                                 (equation exactly identified)
------------------------------------------------------------------------------
Instrumented:         ln_gaci_cwm
Included instruments: lnpop
Excluded instruments: tourism_int
Partialled-out:       _cons
                      nb: total SS, model F and R2s are after partialling-out;
                          any small-sample adjustments include partialled-out
                          variables in regressor count K
------------------------------------------------------------------------------

Absorbed degrees of freedom:
-----------------------------------------------------+
 Absorbed FE | Categories  - Redundant  = Num. Coefs |
-------------+---------------------------------------|
     isocode |        76           0          76     |
           y |        28           1          27     |
-----------------------------------------------------+
HET4|income|lo|g_int|-.3820743379592381|.5032648731170859|.4478297192324284|20.382768|2058
(MWFE estimator converged in 5 iterations)

IV (2SLS) estimation
--------------------

Estimates efficient for homoskedasticity only
Statistics robust to heteroskedasticity

                                                      Number of obs =     2058
                                                      F(  2,  1953) =    20.04
                                                      Prob > F      =   0.0000
Total (centered) SS     =  173.4289638                Centered R2   =   0.0297
Total (uncentered) SS   =  173.4289638                Uncentered R2 =   0.0297
Residual SS             =  168.2721027                Root MSE      =    .2935

------------------------------------------------------------------------------
             |               Robust
       g_vol | Coefficient  std. err.      t    P>|t|     [95% conf. interval]
-------------+----------------------------------------------------------------
 ln_gaci_cwm |    3.44985   .6608601     5.22   0.000     2.153785    4.745915
       lnpop |   .4766393   .0930475     5.12   0.000     .2941565    .6591221
------------------------------------------------------------------------------
Underidentification test (Kleibergen-Paap rk LM statistic):             23.068
                                                   Chi-sq(1) P-val =    0.0000
------------------------------------------------------------------------------
Weak identification test (Cragg-Donald Wald F statistic):               52.654
                         (Kleibergen-Paap rk Wald F statistic):         20.383
Stock-Yogo weak ID test critical values: 10% maximal IV size             16.38
                                         15% maximal IV size              8.96
                                         20% maximal IV size              6.66
                                         25% maximal IV size              5.53
Source: Stock-Yogo (2005).  Reproduced by permission.
NB: Critical values are for Cragg-Donald F statistic and i.i.d. errors.
------------------------------------------------------------------------------
Hansen J statistic (overidentification test of all instruments):         0.000
                                                 (equation exactly identified)
------------------------------------------------------------------------------
Instrumented:         ln_gaci_cwm
Included instruments: lnpop
Excluded instruments: tourism_int
Partialled-out:       _cons
                      nb: total SS, model F and R2s are after partialling-out;
                          any small-sample adjustments include partialled-out
                          variables in regressor count K
------------------------------------------------------------------------------

Absorbed degrees of freedom:
-----------------------------------------------------+
 Absorbed FE | Categories  - Redundant  = Num. Coefs |
-------------+---------------------------------------|
     isocode |        76           0          76     |
           y |        28           1          27     |
-----------------------------------------------------+
HET4|income|lo|g_vol|3.449849735953247|.6608600658451433|1.97682587746e-07|20.382768|2058
(MWFE estimator converged in 5 iterations)

IV (2SLS) estimation
--------------------

Estimates efficient for homoskedasticity only
Statistics robust to heteroskedasticity

                                                      Number of obs =     2058
                                                      F(  2,  1953) =     4.37
                                                      Prob > F      =   0.0127
Total (centered) SS     =  364821.3493                Centered R2   =  -0.0180
Total (uncentered) SS   =  364821.3493                Uncentered R2 =  -0.0180
Residual SS             =  371391.2927                Root MSE      =    13.79

------------------------------------------------------------------------------
             |               Robust
       g_shr | Coefficient  std. err.      t    P>|t|     [95% conf. interval]
-------------+----------------------------------------------------------------
 ln_gaci_cwm |  -26.32079   26.86363    -0.98   0.327    -79.00518     26.3636
       lnpop |  -10.78535    3.64714    -2.96   0.003    -17.93804    -3.63265
------------------------------------------------------------------------------
Underidentification test (Kleibergen-Paap rk LM statistic):             23.068
                                                   Chi-sq(1) P-val =    0.0000
------------------------------------------------------------------------------
Weak identification test (Cragg-Donald Wald F statistic):               52.654
                         (Kleibergen-Paap rk Wald F statistic):         20.383
Stock-Yogo weak ID test critical values: 10% maximal IV size             16.38
                                         15% maximal IV size              8.96
                                         20% maximal IV size              6.66
                                         25% maximal IV size              5.53
Source: Stock-Yogo (2005).  Reproduced by permission.
NB: Critical values are for Cragg-Donald F statistic and i.i.d. errors.
------------------------------------------------------------------------------
Hansen J statistic (overidentification test of all instruments):         0.000
                                                 (equation exactly identified)
------------------------------------------------------------------------------
Instrumented:         ln_gaci_cwm
Included instruments: lnpop
Excluded instruments: tourism_int
Partialled-out:       _cons
                      nb: total SS, model F and R2s are after partialling-out;
                          any small-sample adjustments include partialled-out
                          variables in regressor count K
------------------------------------------------------------------------------

Absorbed degrees of freedom:
-----------------------------------------------------+
 Absorbed FE | Categories  - Redundant  = Num. Coefs |
-------------+---------------------------------------|
     isocode |        76           0          76     |
           y |        28           1          27     |
-----------------------------------------------------+
HET4|income|lo|g_shr|-26.32079400932475|26.86362600873511|.3273096378419997|20.382768|2058
(MWFE estimator converged in 5 iterations)

IV (2SLS) estimation
--------------------

Estimates efficient for homoskedasticity only
Statistics robust to heteroskedasticity

                                                      Number of obs =     2058
                                                      F(  2,  1953) =   119.44
                                                      Prob > F      =   0.0000
Total (centered) SS     =  62.49722821                Centered R2   =   0.1993
Total (uncentered) SS   =  62.49722821                Uncentered R2 =   0.1993
Residual SS             =  50.03876475                Root MSE      =    .1601

------------------------------------------------------------------------------
             |               Robust
        lnpc | Coefficient  std. err.      t    P>|t|     [95% conf. interval]
-------------+----------------------------------------------------------------
 ln_gaci_cwm |   2.302369   .3681746     6.25   0.000     1.580313    3.024425
       lnpop |  -.5937219   .0544779   -10.90   0.000    -.7005627    -.486881
------------------------------------------------------------------------------
Underidentification test (Kleibergen-Paap rk LM statistic):             23.068
                                                   Chi-sq(1) P-val =    0.0000
------------------------------------------------------------------------------
Weak identification test (Cragg-Donald Wald F statistic):               52.654
                         (Kleibergen-Paap rk Wald F statistic):         20.383
Stock-Yogo weak ID test critical values: 10% maximal IV size             16.38
                                         15% maximal IV size              8.96
                                         20% maximal IV size              6.66
                                         25% maximal IV size              5.53
Source: Stock-Yogo (2005).  Reproduced by permission.
NB: Critical values are for Cragg-Donald F statistic and i.i.d. errors.
------------------------------------------------------------------------------
Hansen J statistic (overidentification test of all instruments):         0.000
                                                 (equation exactly identified)
------------------------------------------------------------------------------
Instrumented:         ln_gaci_cwm
Included instruments: lnpop
Excluded instruments: tourism_int
Partialled-out:       _cons
                      nb: total SS, model F and R2s are after partialling-out;
                          any small-sample adjustments include partialled-out
                          variables in regressor count K
------------------------------------------------------------------------------

Absorbed degrees of freedom:
-----------------------------------------------------+
 Absorbed FE | Categories  - Redundant  = Num. Coefs |
-------------+---------------------------------------|
     isocode |        76           0          76     |
           y |        28           1          27     |
-----------------------------------------------------+
HET4|income|lo|lnpc|2.302369079667709|.3681745655963402|4.91774614532e-10|20.382768|2058
(MWFE estimator converged in 5 iterations)

IV (2SLS) estimation
--------------------

Estimates efficient for homoskedasticity only
Statistics robust to heteroskedasticity

                                                      Number of obs =     2058
                                                      F(  2,  1953) =    26.83
                                                      Prob > F      =   0.0000
Total (centered) SS     =  130.8172837                Centered R2   =  -0.1588
Total (uncentered) SS   =  130.8172837                Uncentered R2 =  -0.1588
Residual SS             =  151.5867624                Root MSE      =    .2786

------------------------------------------------------------------------------
             |               Robust
       lngdp | Coefficient  std. err.      t    P>|t|     [95% conf. interval]
-------------+----------------------------------------------------------------
 ln_gaci_cwm |   3.831927   .5899794     6.50   0.000     2.674871    4.988982
       lnpop |   .5046115   .0972994     5.19   0.000       .31379    .6954331
------------------------------------------------------------------------------
Underidentification test (Kleibergen-Paap rk LM statistic):             23.068
                                                   Chi-sq(1) P-val =    0.0000
------------------------------------------------------------------------------
Weak identification test (Cragg-Donald Wald F statistic):               52.654
                         (Kleibergen-Paap rk Wald F statistic):         20.383
Stock-Yogo weak ID test critical values: 10% maximal IV size             16.38
                                         15% maximal IV size              8.96
                                         20% maximal IV size              6.66
                                         25% maximal IV size              5.53
Source: Stock-Yogo (2005).  Reproduced by permission.
NB: Critical values are for Cragg-Donald F statistic and i.i.d. errors.
------------------------------------------------------------------------------
Hansen J statistic (overidentification test of all instruments):         0.000
                                                 (equation exactly identified)
------------------------------------------------------------------------------
Instrumented:         ln_gaci_cwm
Included instruments: lnpop
Excluded instruments: tourism_int
Partialled-out:       _cons
                      nb: total SS, model F and R2s are after partialling-out;
                          any small-sample adjustments include partialled-out
                          variables in regressor count K
------------------------------------------------------------------------------

Absorbed degrees of freedom:
-----------------------------------------------------+
 Absorbed FE | Categories  - Redundant  = Num. Coefs |
-------------+---------------------------------------|
     isocode |        76           0          76     |
           y |        28           1          27     |
-----------------------------------------------------+
HET4|income|lo|lngdp|3.831926851953803|.5899794420469617|1.05033414628e-10|20.382768|2058
(MWFE estimator converged in 4 iterations)

IV (2SLS) estimation
--------------------

Estimates efficient for homoskedasticity only
Statistics robust to heteroskedasticity

                                                      Number of obs =     2063
                                                      F(  2,  1960) =     0.71
                                                      Prob > F      =   0.4938
Total (centered) SS     =  88.96326646                Centered R2   = -29.6864
Total (uncentered) SS   =  88.96326646                Uncentered R2 = -29.6864
Residual SS             =  2729.965503                Root MSE      =     1.18

------------------------------------------------------------------------------
             |               Robust
       g_int | Coefficient  std. err.      t    P>|t|     [95% conf. interval]
-------------+----------------------------------------------------------------
 ln_gaci_cwm |   14.18171   30.17427     0.47   0.638    -44.99531    73.35874
       lnpop |   -2.30945   3.942919    -0.59   0.558     -10.0422    5.423304
------------------------------------------------------------------------------
Underidentification test (Kleibergen-Paap rk LM statistic):              0.242
                                                   Chi-sq(1) P-val =    0.6230
------------------------------------------------------------------------------
Weak identification test (Cragg-Donald Wald F statistic):                0.286
                         (Kleibergen-Paap rk Wald F statistic):          0.232
Stock-Yogo weak ID test critical values: 10% maximal IV size             16.38
                                         15% maximal IV size              8.96
                                         20% maximal IV size              6.66
                                         25% maximal IV size              5.53
Source: Stock-Yogo (2005).  Reproduced by permission.
NB: Critical values are for Cragg-Donald F statistic and i.i.d. errors.
------------------------------------------------------------------------------
Hansen J statistic (overidentification test of all instruments):         0.000
                                                 (equation exactly identified)
------------------------------------------------------------------------------
Instrumented:         ln_gaci_cwm
Included instruments: lnpop
Excluded instruments: tourism_int
Partialled-out:       _cons
                      nb: total SS, model F and R2s are after partialling-out;
                          any small-sample adjustments include partialled-out
                          variables in regressor count K
------------------------------------------------------------------------------

Absorbed degrees of freedom:
-----------------------------------------------------+
 Absorbed FE | Categories  - Redundant  = Num. Coefs |
-------------+---------------------------------------|
     isocode |        74           0          74     |
           y |        28           1          27     |
-----------------------------------------------------+
HET4|income|hi|g_int|14.1817143338112|30.17426915240371|.6384118546569051|.23215932|2063
(MWFE estimator converged in 4 iterations)

IV (2SLS) estimation
--------------------

Estimates efficient for homoskedasticity only
Statistics robust to heteroskedasticity

                                                      Number of obs =     2063
                                                      F(  2,  1960) =     3.25
                                                      Prob > F      =   0.0390
Total (centered) SS     =  140.7899379                Centered R2   =  -0.1017
Total (uncentered) SS   =  140.7899379                Uncentered R2 =  -0.1017
Residual SS             =  155.1152008                Root MSE      =    .2813

------------------------------------------------------------------------------
             |               Robust
       g_vol | Coefficient  std. err.      t    P>|t|     [95% conf. interval]
-------------+----------------------------------------------------------------
 ln_gaci_cwm |   -.502034   6.191981    -0.08   0.935    -12.64559    11.64152
       lnpop |   .3012381   .8118956     0.37   0.711    -1.291031    1.893508
------------------------------------------------------------------------------
Underidentification test (Kleibergen-Paap rk LM statistic):              0.242
                                                   Chi-sq(1) P-val =    0.6230
------------------------------------------------------------------------------
Weak identification test (Cragg-Donald Wald F statistic):                0.286
                         (Kleibergen-Paap rk Wald F statistic):          0.232
Stock-Yogo weak ID test critical values: 10% maximal IV size             16.38
                                         15% maximal IV size              8.96
                                         20% maximal IV size              6.66
                                         25% maximal IV size              5.53
Source: Stock-Yogo (2005).  Reproduced by permission.
NB: Critical values are for Cragg-Donald F statistic and i.i.d. errors.
------------------------------------------------------------------------------
Hansen J statistic (overidentification test of all instruments):         0.000
                                                 (equation exactly identified)
------------------------------------------------------------------------------
Instrumented:         ln_gaci_cwm
Included instruments: lnpop
Excluded instruments: tourism_int
Partialled-out:       _cons
                      nb: total SS, model F and R2s are after partialling-out;
                          any small-sample adjustments include partialled-out
                          variables in regressor count K
------------------------------------------------------------------------------

Absorbed degrees of freedom:
-----------------------------------------------------+
 Absorbed FE | Categories  - Redundant  = Num. Coefs |
-------------+---------------------------------------|
     isocode |        74           0          74     |
           y |        28           1          27     |
-----------------------------------------------------+
HET4|income|hi|g_vol|-.5020340411556208|6.191981120323321|.9353881228566803|.23215932|2063
(MWFE estimator converged in 4 iterations)

IV (2SLS) estimation
--------------------

Estimates efficient for homoskedasticity only
Statistics robust to heteroskedasticity

                                                      Number of obs =     2063
                                                      F(  2,  1960) =     4.26
                                                      Prob > F      =   0.0143
Total (centered) SS     =  977248.5472                Centered R2   =  -3.1510
Total (uncentered) SS   =  977248.5472                Uncentered R2 =  -3.1510
Residual SS             =  4056513.768                Root MSE      =    45.49

------------------------------------------------------------------------------
             |               Robust
       g_shr | Coefficient  std. err.      t    P>|t|     [95% conf. interval]
-------------+----------------------------------------------------------------
 ln_gaci_cwm |   500.7379   1138.692     0.44   0.660    -1732.437    2733.913
       lnpop |   -106.358   148.9757    -0.71   0.475    -398.5255    185.8095
------------------------------------------------------------------------------
Underidentification test (Kleibergen-Paap rk LM statistic):              0.242
                                                   Chi-sq(1) P-val =    0.6230
------------------------------------------------------------------------------
Weak identification test (Cragg-Donald Wald F statistic):                0.286
                         (Kleibergen-Paap rk Wald F statistic):          0.232
Stock-Yogo weak ID test critical values: 10% maximal IV size             16.38
                                         15% maximal IV size              8.96
                                         20% maximal IV size              6.66
                                         25% maximal IV size              5.53
Source: Stock-Yogo (2005).  Reproduced by permission.
NB: Critical values are for Cragg-Donald F statistic and i.i.d. errors.
------------------------------------------------------------------------------
Hansen J statistic (overidentification test of all instruments):         0.000
                                                 (equation exactly identified)
------------------------------------------------------------------------------
Instrumented:         ln_gaci_cwm
Included instruments: lnpop
Excluded instruments: tourism_int
Partialled-out:       _cons
                      nb: total SS, model F and R2s are after partialling-out;
                          any small-sample adjustments include partialled-out
                          variables in regressor count K
------------------------------------------------------------------------------

Absorbed degrees of freedom:
-----------------------------------------------------+
 Absorbed FE | Categories  - Redundant  = Num. Coefs |
-------------+---------------------------------------|
     isocode |        74           0          74     |
           y |        28           1          27     |
-----------------------------------------------------+
HET4|income|hi|g_shr|500.7378769683716|1138.69241433446|.6601680105326019|.23215932|2063
(MWFE estimator converged in 4 iterations)

IV (2SLS) estimation
--------------------

Estimates efficient for homoskedasticity only
Statistics robust to heteroskedasticity

                                                      Number of obs =     2063
                                                      F(  2,  1960) =     0.85
                                                      Prob > F      =   0.4288
Total (centered) SS     =  42.84682073                Centered R2   = -34.2349
Total (uncentered) SS   =  42.84682073                Uncentered R2 = -34.2349
Residual SS             =  1509.703257                Root MSE      =    .8776

------------------------------------------------------------------------------
             |               Robust
        lnpc | Coefficient  std. err.      t    P>|t|     [95% conf. interval]
-------------+----------------------------------------------------------------
 ln_gaci_cwm |  -9.833294   21.92768    -0.45   0.654    -52.83732    33.17073
       lnpop |   .8653351   2.865572     0.30   0.763    -4.754554    6.485224
------------------------------------------------------------------------------
Underidentification test (Kleibergen-Paap rk LM statistic):              0.242
                                                   Chi-sq(1) P-val =    0.6230
------------------------------------------------------------------------------
Weak identification test (Cragg-Donald Wald F statistic):                0.286
                         (Kleibergen-Paap rk Wald F statistic):          0.232
Stock-Yogo weak ID test critical values: 10% maximal IV size             16.38
                                         15% maximal IV size              8.96
                                         20% maximal IV size              6.66
                                         25% maximal IV size              5.53
Source: Stock-Yogo (2005).  Reproduced by permission.
NB: Critical values are for Cragg-Donald F statistic and i.i.d. errors.
------------------------------------------------------------------------------
Hansen J statistic (overidentification test of all instruments):         0.000
                                                 (equation exactly identified)
------------------------------------------------------------------------------
Instrumented:         ln_gaci_cwm
Included instruments: lnpop
Excluded instruments: tourism_int
Partialled-out:       _cons
                      nb: total SS, model F and R2s are after partialling-out;
                          any small-sample adjustments include partialled-out
                          variables in regressor count K
------------------------------------------------------------------------------

Absorbed degrees of freedom:
-----------------------------------------------------+
 Absorbed FE | Categories  - Redundant  = Num. Coefs |
-------------+---------------------------------------|
     isocode |        74           0          74     |
           y |        28           1          27     |
-----------------------------------------------------+
HET4|income|hi|lnpc|-9.83329370032224|21.92768288353107|.6538838136288403|.23215932|2063
(MWFE estimator converged in 4 iterations)

IV (2SLS) estimation
--------------------

Estimates efficient for homoskedasticity only
Statistics robust to heteroskedasticity

                                                      Number of obs =     2063
                                                      F(  2,  1960) =     1.08
                                                      Prob > F      =   0.3395
Total (centered) SS     =  112.3424564                Centered R2   = -28.3461
Total (uncentered) SS   =  112.3424564                Uncentered R2 = -28.3461
Residual SS             =  3296.808263                Root MSE      =    1.297

------------------------------------------------------------------------------
             |               Robust
       lngdp | Coefficient  std. err.      t    P>|t|     [95% conf. interval]
-------------+----------------------------------------------------------------
 ln_gaci_cwm |  -14.68376    32.5953    -0.45   0.652    -78.60884    49.24133
       lnpop |   2.610689   4.259819     0.61   0.540    -5.743561    10.96494
------------------------------------------------------------------------------
Underidentification test (Kleibergen-Paap rk LM statistic):              0.242
                                                   Chi-sq(1) P-val =    0.6230
------------------------------------------------------------------------------
Weak identification test (Cragg-Donald Wald F statistic):                0.286
                         (Kleibergen-Paap rk Wald F statistic):          0.232
Stock-Yogo weak ID test critical values: 10% maximal IV size             16.38
                                         15% maximal IV size              8.96
                                         20% maximal IV size              6.66
                                         25% maximal IV size              5.53
Source: Stock-Yogo (2005).  Reproduced by permission.
NB: Critical values are for Cragg-Donald F statistic and i.i.d. errors.
------------------------------------------------------------------------------
Hansen J statistic (overidentification test of all instruments):         0.000
                                                 (equation exactly identified)
------------------------------------------------------------------------------
Instrumented:         ln_gaci_cwm
Included instruments: lnpop
Excluded instruments: tourism_int
Partialled-out:       _cons
                      nb: total SS, model F and R2s are after partialling-out;
                          any small-sample adjustments include partialled-out
                          variables in regressor count K
------------------------------------------------------------------------------

Absorbed degrees of freedom:
-----------------------------------------------------+
 Absorbed FE | Categories  - Redundant  = Num. Coefs |
-------------+---------------------------------------|
     isocode |        74           0          74     |
           y |        28           1          27     |
-----------------------------------------------------+
HET4|income|hi|lngdp|-14.68375596203181|32.59529860179421|.652409202316234|.23215932|2063

. di _n "############ SUBSAMPLE split: baseline GDP total (median) ############"

############ SUBSAMPLE split: baseline GDP total (median) ############

. _hs base_lngdp gdpbase
(MWFE estimator converged in 5 iterations)

IV (2SLS) estimation
--------------------

Estimates efficient for homoskedasticity only
Statistics robust to heteroskedasticity

                                                      Number of obs =     2059
                                                      F(  2,  1954) =     0.00
                                                      Prob > F      =   0.9996
Total (centered) SS     =  139.1317593                Centered R2   = -1.1e+04
Total (uncentered) SS   =  139.1317593                Uncentered R2 = -1.1e+04
Residual SS             =  1463168.473                Root MSE      =    27.36

------------------------------------------------------------------------------
             |               Robust
       g_int | Coefficient  std. err.      t    P>|t|     [95% conf. interval]
-------------+----------------------------------------------------------------
 ln_gaci_cwm |  -383.9688    13579.9    -0.03   0.977    -27016.59    26248.65
       lnpop |   19.56811   692.9074     0.03   0.977    -1339.347    1378.483
------------------------------------------------------------------------------
Underidentification test (Kleibergen-Paap rk LM statistic):              0.001
                                                   Chi-sq(1) P-val =    0.9768
------------------------------------------------------------------------------
Weak identification test (Cragg-Donald Wald F statistic):                0.001
                         (Kleibergen-Paap rk Wald F statistic):          0.001
Stock-Yogo weak ID test critical values: 10% maximal IV size             16.38
                                         15% maximal IV size              8.96
                                         20% maximal IV size              6.66
                                         25% maximal IV size              5.53
Source: Stock-Yogo (2005).  Reproduced by permission.
NB: Critical values are for Cragg-Donald F statistic and i.i.d. errors.
------------------------------------------------------------------------------
Hansen J statistic (overidentification test of all instruments):         0.000
                                                 (equation exactly identified)
------------------------------------------------------------------------------
Instrumented:         ln_gaci_cwm
Included instruments: lnpop
Excluded instruments: tourism_int
Partialled-out:       _cons
                      nb: total SS, model F and R2s are after partialling-out;
                          any small-sample adjustments include partialled-out
                          variables in regressor count K
------------------------------------------------------------------------------

Absorbed degrees of freedom:
-----------------------------------------------------+
 Absorbed FE | Categories  - Redundant  = Num. Coefs |
-------------+---------------------------------------|
     isocode |        76           0          76     |
           y |        28           1          27     |
-----------------------------------------------------+
HET4|gdpbase|lo|g_int|-383.9688300946818|13579.90394180706|.9774458805767009|.00079936|2059
(MWFE estimator converged in 5 iterations)

IV (2SLS) estimation
--------------------

Estimates efficient for homoskedasticity only
Statistics robust to heteroskedasticity

                                                      Number of obs =     2059
                                                      F(  2,  1954) =     0.00
                                                      Prob > F      =   0.9990
Total (centered) SS     =  209.4324085                Centered R2   = -2.0e+04
Total (uncentered) SS   =  209.4324085                Uncentered R2 = -2.0e+04
Residual SS             =  4172665.213                Root MSE      =    46.21

------------------------------------------------------------------------------
             |               Robust
       g_vol | Coefficient  std. err.      t    P>|t|     [95% conf. interval]
-------------+----------------------------------------------------------------
 ln_gaci_cwm |  -647.3224   22930.28    -0.03   0.977    -45617.69    44323.05
       lnpop |   33.64359   1169.998     0.03   0.977    -2260.932    2328.219
------------------------------------------------------------------------------
Underidentification test (Kleibergen-Paap rk LM statistic):              0.001
                                                   Chi-sq(1) P-val =    0.9768
------------------------------------------------------------------------------
Weak identification test (Cragg-Donald Wald F statistic):                0.001
                         (Kleibergen-Paap rk Wald F statistic):          0.001
Stock-Yogo weak ID test critical values: 10% maximal IV size             16.38
                                         15% maximal IV size              8.96
                                         20% maximal IV size              6.66
                                         25% maximal IV size              5.53
Source: Stock-Yogo (2005).  Reproduced by permission.
NB: Critical values are for Cragg-Donald F statistic and i.i.d. errors.
------------------------------------------------------------------------------
Hansen J statistic (overidentification test of all instruments):         0.000
                                                 (equation exactly identified)
------------------------------------------------------------------------------
Instrumented:         ln_gaci_cwm
Included instruments: lnpop
Excluded instruments: tourism_int
Partialled-out:       _cons
                      nb: total SS, model F and R2s are after partialling-out;
                          any small-sample adjustments include partialled-out
                          variables in regressor count K
------------------------------------------------------------------------------

Absorbed degrees of freedom:
-----------------------------------------------------+
 Absorbed FE | Categories  - Redundant  = Num. Coefs |
-------------+---------------------------------------|
     isocode |        76           0          76     |
           y |        28           1          27     |
-----------------------------------------------------+
HET4|gdpbase|lo|g_vol|-647.3223680114223|22930.27544563783|.9774815689217662|.00079936|2059
(MWFE estimator converged in 5 iterations)

IV (2SLS) estimation
--------------------

Estimates efficient for homoskedasticity only
Statistics robust to heteroskedasticity

                                                      Number of obs =     2059
                                                      F(  2,  1954) =     0.00
                                                      Prob > F      =   0.9996
Total (centered) SS     =  891170.0452                Centered R2   = -8.1e+03
Total (uncentered) SS   =  891170.0452                Uncentered R2 = -8.1e+03
Residual SS             =   7209754780                Root MSE      =     1921

------------------------------------------------------------------------------
             |               Robust
       g_shr | Coefficient  std. err.      t    P>|t|     [95% conf. interval]
-------------+----------------------------------------------------------------
 ln_gaci_cwm |  -26954.52   953554.2    -0.03   0.977     -1897045     1843136
       lnpop |   1369.777   48654.44     0.03   0.978    -94050.28    96789.84
------------------------------------------------------------------------------
Underidentification test (Kleibergen-Paap rk LM statistic):              0.001
                                                   Chi-sq(1) P-val =    0.9768
------------------------------------------------------------------------------
Weak identification test (Cragg-Donald Wald F statistic):                0.001
                         (Kleibergen-Paap rk Wald F statistic):          0.001
Stock-Yogo weak ID test critical values: 10% maximal IV size             16.38
                                         15% maximal IV size              8.96
                                         20% maximal IV size              6.66
                                         25% maximal IV size              5.53
Source: Stock-Yogo (2005).  Reproduced by permission.
NB: Critical values are for Cragg-Donald F statistic and i.i.d. errors.
------------------------------------------------------------------------------
Hansen J statistic (overidentification test of all instruments):         0.000
                                                 (equation exactly identified)
------------------------------------------------------------------------------
Instrumented:         ln_gaci_cwm
Included instruments: lnpop
Excluded instruments: tourism_int
Partialled-out:       _cons
                      nb: total SS, model F and R2s are after partialling-out;
                          any small-sample adjustments include partialled-out
                          variables in regressor count K
------------------------------------------------------------------------------

Absorbed degrees of freedom:
-----------------------------------------------------+
 Absorbed FE | Categories  - Redundant  = Num. Coefs |
-------------+---------------------------------------|
     isocode |        76           0          76     |
           y |        28           1          27     |
-----------------------------------------------------+
HET4|gdpbase|lo|g_shr|-26954.52209302506|953554.2085336476|.977451747884739|.00079936|2059
(MWFE estimator converged in 5 iterations)

IV (2SLS) estimation
--------------------

Estimates efficient for homoskedasticity only
Statistics robust to heteroskedasticity

                                                      Number of obs =     2059
                                                      F(  2,  1954) =     0.01
                                                      Prob > F      =   0.9892
Total (centered) SS     =  59.62573374                Centered R2   = -2.3e+03
Total (uncentered) SS   =  59.62573374                Uncentered R2 = -2.3e+03
Residual SS             =   135211.057                Root MSE      =    8.318

------------------------------------------------------------------------------
             |               Robust
        lnpc | Coefficient  std. err.      t    P>|t|     [95% conf. interval]
-------------+----------------------------------------------------------------
 ln_gaci_cwm |  -115.7634   4128.913    -0.03   0.978      -8213.3    7981.773
       lnpop |   5.439209   210.6766     0.03   0.979    -407.7353    418.6138
------------------------------------------------------------------------------
Underidentification test (Kleibergen-Paap rk LM statistic):              0.001
                                                   Chi-sq(1) P-val =    0.9768
------------------------------------------------------------------------------
Weak identification test (Cragg-Donald Wald F statistic):                0.001
                         (Kleibergen-Paap rk Wald F statistic):          0.001
Stock-Yogo weak ID test critical values: 10% maximal IV size             16.38
                                         15% maximal IV size              8.96
                                         20% maximal IV size              6.66
                                         25% maximal IV size              5.53
Source: Stock-Yogo (2005).  Reproduced by permission.
NB: Critical values are for Cragg-Donald F statistic and i.i.d. errors.
------------------------------------------------------------------------------
Hansen J statistic (overidentification test of all instruments):         0.000
                                                 (equation exactly identified)
------------------------------------------------------------------------------
Instrumented:         ln_gaci_cwm
Included instruments: lnpop
Excluded instruments: tourism_int
Partialled-out:       _cons
                      nb: total SS, model F and R2s are after partialling-out;
                          any small-sample adjustments include partialled-out
                          variables in regressor count K
------------------------------------------------------------------------------

Absorbed degrees of freedom:
-----------------------------------------------------+
 Absorbed FE | Categories  - Redundant  = Num. Coefs |
-------------+---------------------------------------|
     isocode |        76           0          76     |
           y |        28           1          27     |
-----------------------------------------------------+
HET4|gdpbase|lo|lnpc|-115.7633757906635|4128.913141187293|.9776353035685306|.00079936|2059
(MWFE estimator converged in 5 iterations)

IV (2SLS) estimation
--------------------

Estimates efficient for homoskedasticity only
Statistics robust to heteroskedasticity

                                                      Number of obs =     2059
                                                      F(  2,  1954) =     0.00
                                                      Prob > F      =   0.9958
Total (centered) SS     =   128.851159                Centered R2   = -5.4e+03
Total (uncentered) SS   =   128.851159                Uncentered R2 = -5.4e+03
Residual SS             =  694174.5543                Root MSE      =    18.85

------------------------------------------------------------------------------
             |               Robust
       lngdp | Coefficient  std. err.      t    P>|t|     [95% conf. interval]
-------------+----------------------------------------------------------------
 ln_gaci_cwm |  -263.3539   9350.944    -0.03   0.978    -18602.23    18075.52
       lnpop |   14.07549   477.1203     0.03   0.976    -921.6427    949.7937
------------------------------------------------------------------------------
Underidentification test (Kleibergen-Paap rk LM statistic):              0.001
                                                   Chi-sq(1) P-val =    0.9768
------------------------------------------------------------------------------
Weak identification test (Cragg-Donald Wald F statistic):                0.001
                         (Kleibergen-Paap rk Wald F statistic):          0.001
Stock-Yogo weak ID test critical values: 10% maximal IV size             16.38
                                         15% maximal IV size              8.96
                                         20% maximal IV size              6.66
                                         25% maximal IV size              5.53
Source: Stock-Yogo (2005).  Reproduced by permission.
NB: Critical values are for Cragg-Donald F statistic and i.i.d. errors.
------------------------------------------------------------------------------
Hansen J statistic (overidentification test of all instruments):         0.000
                                                 (equation exactly identified)
------------------------------------------------------------------------------
Instrumented:         ln_gaci_cwm
Included instruments: lnpop
Excluded instruments: tourism_int
Partialled-out:       _cons
                      nb: total SS, model F and R2s are after partialling-out;
                          any small-sample adjustments include partialled-out
                          variables in regressor count K
------------------------------------------------------------------------------

Absorbed degrees of freedom:
-----------------------------------------------------+
 Absorbed FE | Categories  - Redundant  = Num. Coefs |
-------------+---------------------------------------|
     isocode |        76           0          76     |
           y |        28           1          27     |
-----------------------------------------------------+
HET4|gdpbase|lo|lngdp|-263.3538773261255|9350.944045635464|.9775347468383202|.00079936|2059
(MWFE estimator converged in 4 iterations)

IV (2SLS) estimation
--------------------

Estimates efficient for homoskedasticity only
Statistics robust to heteroskedasticity

                                                      Number of obs =     2062
                                                      F(  2,  1959) =    26.44
                                                      Prob > F      =   0.0000
Total (centered) SS     =  64.33784923                Centered R2   =  -0.3108
Total (uncentered) SS   =  64.33784923                Uncentered R2 =  -0.3108
Residual SS             =  84.33404554                Root MSE      =    .2075

------------------------------------------------------------------------------
             |               Robust
       g_int | Coefficient  std. err.      t    P>|t|     [95% conf. interval]
-------------+----------------------------------------------------------------
 ln_gaci_cwm |  -1.272182   2.732259    -0.47   0.642    -6.630622    4.086257
       lnpop |  -.4914973   .0974706    -5.04   0.000    -.6826543   -.3003403
------------------------------------------------------------------------------
Underidentification test (Kleibergen-Paap rk LM statistic):              0.576
                                                   Chi-sq(1) P-val =    0.4480
------------------------------------------------------------------------------
Weak identification test (Cragg-Donald Wald F statistic):                0.963
                         (Kleibergen-Paap rk Wald F statistic):          0.550
Stock-Yogo weak ID test critical values: 10% maximal IV size             16.38
                                         15% maximal IV size              8.96
                                         20% maximal IV size              6.66
                                         25% maximal IV size              5.53
Source: Stock-Yogo (2005).  Reproduced by permission.
NB: Critical values are for Cragg-Donald F statistic and i.i.d. errors.
------------------------------------------------------------------------------
Hansen J statistic (overidentification test of all instruments):         0.000
                                                 (equation exactly identified)
------------------------------------------------------------------------------
Instrumented:         ln_gaci_cwm
Included instruments: lnpop
Excluded instruments: tourism_int
Partialled-out:       _cons
                      nb: total SS, model F and R2s are after partialling-out;
                          any small-sample adjustments include partialled-out
                          variables in regressor count K
------------------------------------------------------------------------------

Absorbed degrees of freedom:
-----------------------------------------------------+
 Absorbed FE | Categories  - Redundant  = Num. Coefs |
-------------+---------------------------------------|
     isocode |        74           0          74     |
           y |        28           1          27     |
-----------------------------------------------------+
HET4|gdpbase|hi|g_int|-1.27218239530251|2.732258720751649|.6415424038109095|.54964901|2062
(MWFE estimator converged in 4 iterations)

IV (2SLS) estimation
--------------------

Estimates efficient for homoskedasticity only
Statistics robust to heteroskedasticity

                                                      Number of obs =     2062
                                                      F(  2,  1959) =     1.23
                                                      Prob > F      =   0.2915
Total (centered) SS     =  130.8583152                Centered R2   =  -1.2678
Total (uncentered) SS   =  130.8583152                Uncentered R2 =  -1.2678
Residual SS             =  296.7558186                Root MSE      =    .3892

------------------------------------------------------------------------------
             |               Robust
       g_vol | Coefficient  std. err.      t    P>|t|     [95% conf. interval]
-------------+----------------------------------------------------------------
 ln_gaci_cwm |   4.850478   5.792142     0.84   0.402     -6.50893    16.20989
       lnpop |   .0571559   .2025211     0.28   0.778    -.3400236    .4543354
------------------------------------------------------------------------------
Underidentification test (Kleibergen-Paap rk LM statistic):              0.576
                                                   Chi-sq(1) P-val =    0.4480
------------------------------------------------------------------------------
Weak identification test (Cragg-Donald Wald F statistic):                0.963
                         (Kleibergen-Paap rk Wald F statistic):          0.550
Stock-Yogo weak ID test critical values: 10% maximal IV size             16.38
                                         15% maximal IV size              8.96
                                         20% maximal IV size              6.66
                                         25% maximal IV size              5.53
Source: Stock-Yogo (2005).  Reproduced by permission.
NB: Critical values are for Cragg-Donald F statistic and i.i.d. errors.
------------------------------------------------------------------------------
Hansen J statistic (overidentification test of all instruments):         0.000
                                                 (equation exactly identified)
------------------------------------------------------------------------------
Instrumented:         ln_gaci_cwm
Included instruments: lnpop
Excluded instruments: tourism_int
Partialled-out:       _cons
                      nb: total SS, model F and R2s are after partialling-out;
                          any small-sample adjustments include partialled-out
                          variables in regressor count K
------------------------------------------------------------------------------

Absorbed degrees of freedom:
-----------------------------------------------------+
 Absorbed FE | Categories  - Redundant  = Num. Coefs |
-------------+---------------------------------------|
     isocode |        74           0          74     |
           y |        28           1          27     |
-----------------------------------------------------+
HET4|gdpbase|hi|g_vol|4.850477678535539|5.792141961796329|.4024565278965195|.54964901|2062
(MWFE estimator converged in 4 iterations)

IV (2SLS) estimation
--------------------

Estimates efficient for homoskedasticity only
Statistics robust to heteroskedasticity

                                                      Number of obs =     2062
                                                      F(  2,  1959) =     4.15
                                                      Prob > F      =   0.0160
Total (centered) SS     =  446363.5886                Centered R2   =  -7.7977
Total (uncentered) SS   =  446363.5886                Uncentered R2 =  -7.7977
Residual SS             =  3926984.791                Root MSE      =    44.77

------------------------------------------------------------------------------
             |               Robust
       g_shr | Coefficient  std. err.      t    P>|t|     [95% conf. interval]
-------------+----------------------------------------------------------------
 ln_gaci_cwm |   -526.288   734.0434    -0.72   0.473    -1965.876    913.3001
       lnpop |  -34.81336   24.12475    -1.44   0.149    -82.12624    12.49952
------------------------------------------------------------------------------
Underidentification test (Kleibergen-Paap rk LM statistic):              0.576
                                                   Chi-sq(1) P-val =    0.4480
------------------------------------------------------------------------------
Weak identification test (Cragg-Donald Wald F statistic):                0.963
                         (Kleibergen-Paap rk Wald F statistic):          0.550
Stock-Yogo weak ID test critical values: 10% maximal IV size             16.38
                                         15% maximal IV size              8.96
                                         20% maximal IV size              6.66
                                         25% maximal IV size              5.53
Source: Stock-Yogo (2005).  Reproduced by permission.
NB: Critical values are for Cragg-Donald F statistic and i.i.d. errors.
------------------------------------------------------------------------------
Hansen J statistic (overidentification test of all instruments):         0.000
                                                 (equation exactly identified)
------------------------------------------------------------------------------
Instrumented:         ln_gaci_cwm
Included instruments: lnpop
Excluded instruments: tourism_int
Partialled-out:       _cons
                      nb: total SS, model F and R2s are after partialling-out;
                          any small-sample adjustments include partialled-out
                          variables in regressor count K
------------------------------------------------------------------------------

Absorbed degrees of freedom:
-----------------------------------------------------+
 Absorbed FE | Categories  - Redundant  = Num. Coefs |
-------------+---------------------------------------|
     isocode |        74           0          74     |
           y |        28           1          27     |
-----------------------------------------------------+
HET4|gdpbase|hi|g_shr|-526.2879788117795|734.0434266176237|.47347735340113|.54964901|2062
(MWFE estimator converged in 4 iterations)

IV (2SLS) estimation
--------------------

Estimates efficient for homoskedasticity only
Statistics robust to heteroskedasticity

                                                      Number of obs =     2062
                                                      F(  2,  1959) =    11.82
                                                      Prob > F      =   0.0000
Total (centered) SS     =   50.5956639                Centered R2   =  -1.2451
Total (uncentered) SS   =   50.5956639                Uncentered R2 =  -1.2451
Residual SS             =  113.5913989                Root MSE      =    .2408

------------------------------------------------------------------------------
             |               Robust
        lnpc | Coefficient  std. err.      t    P>|t|     [95% conf. interval]
-------------+----------------------------------------------------------------
 ln_gaci_cwm |   3.174761   3.629068     0.87   0.382     -3.94248      10.292
       lnpop |  -.5269927   .1296476    -4.06   0.000    -.7812543    -.272731
------------------------------------------------------------------------------
Underidentification test (Kleibergen-Paap rk LM statistic):              0.576
                                                   Chi-sq(1) P-val =    0.4480
------------------------------------------------------------------------------
Weak identification test (Cragg-Donald Wald F statistic):                0.963
                         (Kleibergen-Paap rk Wald F statistic):          0.550
Stock-Yogo weak ID test critical values: 10% maximal IV size             16.38
                                         15% maximal IV size              8.96
                                         20% maximal IV size              6.66
                                         25% maximal IV size              5.53
Source: Stock-Yogo (2005).  Reproduced by permission.
NB: Critical values are for Cragg-Donald F statistic and i.i.d. errors.
------------------------------------------------------------------------------
Hansen J statistic (overidentification test of all instruments):         0.000
                                                 (equation exactly identified)
------------------------------------------------------------------------------
Instrumented:         ln_gaci_cwm
Included instruments: lnpop
Excluded instruments: tourism_int
Partialled-out:       _cons
                      nb: total SS, model F and R2s are after partialling-out;
                          any small-sample adjustments include partialled-out
                          variables in regressor count K
------------------------------------------------------------------------------

Absorbed degrees of freedom:
-----------------------------------------------------+
 Absorbed FE | Categories  - Redundant  = Num. Coefs |
-------------+---------------------------------------|
     isocode |        74           0          74     |
           y |        28           1          27     |
-----------------------------------------------------+
HET4|gdpbase|hi|lnpc|3.174760859821227|3.629068281534953|.3817821880275776|.54964901|2062
(MWFE estimator converged in 4 iterations)

IV (2SLS) estimation
--------------------

Estimates efficient for homoskedasticity only
Statistics robust to heteroskedasticity

                                                      Number of obs =     2062
                                                      F(  2,  1959) =     7.39
                                                      Prob > F      =   0.0006
Total (centered) SS     =   138.152923                Centered R2   =  -2.2921
Total (uncentered) SS   =   138.152923                Uncentered R2 =  -2.2921
Residual SS             =  454.8157898                Root MSE      =    .4818

------------------------------------------------------------------------------
             |               Robust
       lngdp | Coefficient  std. err.      t    P>|t|     [95% conf. interval]
-------------+----------------------------------------------------------------
 ln_gaci_cwm |   6.122665   7.165803     0.85   0.393    -7.930734    20.17606
       lnpop |   .5486533   .2513815     2.18   0.029       .05565    1.041657
------------------------------------------------------------------------------
Underidentification test (Kleibergen-Paap rk LM statistic):              0.576
                                                   Chi-sq(1) P-val =    0.4480
------------------------------------------------------------------------------
Weak identification test (Cragg-Donald Wald F statistic):                0.963
                         (Kleibergen-Paap rk Wald F statistic):          0.550
Stock-Yogo weak ID test critical values: 10% maximal IV size             16.38
                                         15% maximal IV size              8.96
                                         20% maximal IV size              6.66
                                         25% maximal IV size              5.53
Source: Stock-Yogo (2005).  Reproduced by permission.
NB: Critical values are for Cragg-Donald F statistic and i.i.d. errors.
------------------------------------------------------------------------------
Hansen J statistic (overidentification test of all instruments):         0.000
                                                 (equation exactly identified)
------------------------------------------------------------------------------
Instrumented:         ln_gaci_cwm
Included instruments: lnpop
Excluded instruments: tourism_int
Partialled-out:       _cons
                      nb: total SS, model F and R2s are after partialling-out;
                          any small-sample adjustments include partialled-out
                          variables in regressor count K
------------------------------------------------------------------------------

Absorbed degrees of freedom:
-----------------------------------------------------+
 Absorbed FE | Categories  - Redundant  = Num. Coefs |
-------------+---------------------------------------|
     isocode |        74           0          74     |
           y |        28           1          27     |
-----------------------------------------------------+
HET4|gdpbase|hi|lngdp|6.122664621625256|7.16580298870243|.3929722125108025|.54964901|2062

. di _n "############ SUBSAMPLE split: baseline trade VOLUME (median) ############"

############ SUBSAMPLE split: baseline trade VOLUME (median) ############

. _hs base_gvol volbase
(MWFE estimator converged in 5 iterations)

IV (2SLS) estimation
--------------------

Estimates efficient for homoskedasticity only
Statistics robust to heteroskedasticity

                                                      Number of obs =     2057
                                                      F(  2,  1952) =     1.91
                                                      Prob > F      =   0.1484
Total (centered) SS     =  141.5809588                Centered R2   =  -0.6887
Total (uncentered) SS   =  141.5809588                Uncentered R2 =  -0.6887
Residual SS             =  239.0855733                Root MSE      =      .35

------------------------------------------------------------------------------
             |               Robust
       g_int | Coefficient  std. err.      t    P>|t|     [95% conf. interval]
-------------+----------------------------------------------------------------
 ln_gaci_cwm |   3.596248   1.920279     1.87   0.061    -.1697652     7.36226
       lnpop |   .2304099   .1253234     1.84   0.066    -.0153717    .4761916
------------------------------------------------------------------------------
Underidentification test (Kleibergen-Paap rk LM statistic):              7.539
                                                   Chi-sq(1) P-val =    0.0060
------------------------------------------------------------------------------
Weak identification test (Cragg-Donald Wald F statistic):                9.650
                         (Kleibergen-Paap rk Wald F statistic):          7.041
Stock-Yogo weak ID test critical values: 10% maximal IV size             16.38
                                         15% maximal IV size              8.96
                                         20% maximal IV size              6.66
                                         25% maximal IV size              5.53
Source: Stock-Yogo (2005).  Reproduced by permission.
NB: Critical values are for Cragg-Donald F statistic and i.i.d. errors.
------------------------------------------------------------------------------
Hansen J statistic (overidentification test of all instruments):         0.000
                                                 (equation exactly identified)
------------------------------------------------------------------------------
Instrumented:         ln_gaci_cwm
Included instruments: lnpop
Excluded instruments: tourism_int
Partialled-out:       _cons
                      nb: total SS, model F and R2s are after partialling-out;
                          any small-sample adjustments include partialled-out
                          variables in regressor count K
------------------------------------------------------------------------------

Absorbed degrees of freedom:
-----------------------------------------------------+
 Absorbed FE | Categories  - Redundant  = Num. Coefs |
-------------+---------------------------------------|
     isocode |        76           0          76     |
           y |        28           1          27     |
-----------------------------------------------------+
HET4|volbase|lo|g_int|3.596247510347937|1.920278931068485|.0612490332761321|7.0414889|2057
(MWFE estimator converged in 5 iterations)

IV (2SLS) estimation
--------------------

Estimates efficient for homoskedasticity only
Statistics robust to heteroskedasticity

                                                      Number of obs =     2057
                                                      F(  2,  1952) =    14.22
                                                      Prob > F      =   0.0000
Total (centered) SS     =  205.1195197                Centered R2   =  -1.7023
Total (uncentered) SS   =  205.1195197                Uncentered R2 =  -1.7023
Residual SS             =   554.297903                Root MSE      =    .5329

------------------------------------------------------------------------------
             |               Robust
       g_vol | Coefficient  std. err.      t    P>|t|     [95% conf. interval]
-------------+----------------------------------------------------------------
 ln_gaci_cwm |    7.94705    3.04831     2.61   0.009     1.968766    13.92533
       lnpop |   .9748082   .1986602     4.91   0.000     .5851997    1.364417
------------------------------------------------------------------------------
Underidentification test (Kleibergen-Paap rk LM statistic):              7.539
                                                   Chi-sq(1) P-val =    0.0060
------------------------------------------------------------------------------
Weak identification test (Cragg-Donald Wald F statistic):                9.650
                         (Kleibergen-Paap rk Wald F statistic):          7.041
Stock-Yogo weak ID test critical values: 10% maximal IV size             16.38
                                         15% maximal IV size              8.96
                                         20% maximal IV size              6.66
                                         25% maximal IV size              5.53
Source: Stock-Yogo (2005).  Reproduced by permission.
NB: Critical values are for Cragg-Donald F statistic and i.i.d. errors.
------------------------------------------------------------------------------
Hansen J statistic (overidentification test of all instruments):         0.000
                                                 (equation exactly identified)
------------------------------------------------------------------------------
Instrumented:         ln_gaci_cwm
Included instruments: lnpop
Excluded instruments: tourism_int
Partialled-out:       _cons
                      nb: total SS, model F and R2s are after partialling-out;
                          any small-sample adjustments include partialled-out
                          variables in regressor count K
------------------------------------------------------------------------------

Absorbed degrees of freedom:
-----------------------------------------------------+
 Absorbed FE | Categories  - Redundant  = Num. Coefs |
-------------+---------------------------------------|
     isocode |        76           0          76     |
           y |        28           1          27     |
-----------------------------------------------------+
HET4|volbase|lo|g_vol|7.94704985527652|3.048309569625198|.0092025478063578|7.0414889|2057
(MWFE estimator converged in 5 iterations)

IV (2SLS) estimation
--------------------

Estimates efficient for homoskedasticity only
Statistics robust to heteroskedasticity

                                                      Number of obs =     2057
                                                      F(  2,  1952) =     1.91
                                                      Prob > F      =   0.1491
Total (centered) SS     =  871592.3417                Centered R2   =  -0.7737
Total (uncentered) SS   =  871592.3417                Uncentered R2 =  -0.7737
Residual SS             =  1545981.913                Root MSE      =    28.14

------------------------------------------------------------------------------
             |               Robust
       g_shr | Coefficient  std. err.      t    P>|t|     [95% conf. interval]
-------------+----------------------------------------------------------------
 ln_gaci_cwm |   288.4615   150.2382     1.92   0.055    -6.182701    583.1057
       lnpop |   13.44248   9.759402     1.38   0.169    -5.697462    32.58243
------------------------------------------------------------------------------
Underidentification test (Kleibergen-Paap rk LM statistic):              7.539
                                                   Chi-sq(1) P-val =    0.0060
------------------------------------------------------------------------------
Weak identification test (Cragg-Donald Wald F statistic):                9.650
                         (Kleibergen-Paap rk Wald F statistic):          7.041
Stock-Yogo weak ID test critical values: 10% maximal IV size             16.38
                                         15% maximal IV size              8.96
                                         20% maximal IV size              6.66
                                         25% maximal IV size              5.53
Source: Stock-Yogo (2005).  Reproduced by permission.
NB: Critical values are for Cragg-Donald F statistic and i.i.d. errors.
------------------------------------------------------------------------------
Hansen J statistic (overidentification test of all instruments):         0.000
                                                 (equation exactly identified)
------------------------------------------------------------------------------
Instrumented:         ln_gaci_cwm
Included instruments: lnpop
Excluded instruments: tourism_int
Partialled-out:       _cons
                      nb: total SS, model F and R2s are after partialling-out;
                          any small-sample adjustments include partialled-out
                          variables in regressor count K
------------------------------------------------------------------------------

Absorbed degrees of freedom:
-----------------------------------------------------+
 Absorbed FE | Categories  - Redundant  = Num. Coefs |
-------------+---------------------------------------|
     isocode |        76           0          76     |
           y |        28           1          27     |
-----------------------------------------------------+
HET4|volbase|lo|g_shr|288.4615165054194|150.238230872492|.0550000237121849|7.0414889|2057
(MWFE estimator converged in 5 iterations)

IV (2SLS) estimation
--------------------

Estimates efficient for homoskedasticity only
Statistics robust to heteroskedasticity

                                                      Number of obs =     2057
                                                      F(  2,  1952) =    99.81
                                                      Prob > F      =   0.0000
Total (centered) SS     =  57.29679433                Centered R2   =   0.0586
Total (uncentered) SS   =  57.29679433                Uncentered R2 =   0.0586
Residual SS             =  53.93685522                Root MSE      =    .1662

------------------------------------------------------------------------------
             |               Robust
        lnpc | Coefficient  std. err.      t    P>|t|     [95% conf. interval]
-------------+----------------------------------------------------------------
 ln_gaci_cwm |   2.054476   .8882698     2.31   0.021     .3124186    3.796533
       lnpop |  -.4448859   .0638394    -6.97   0.000    -.5700864   -.3196854
------------------------------------------------------------------------------
Underidentification test (Kleibergen-Paap rk LM statistic):              7.539
                                                   Chi-sq(1) P-val =    0.0060
------------------------------------------------------------------------------
Weak identification test (Cragg-Donald Wald F statistic):                9.650
                         (Kleibergen-Paap rk Wald F statistic):          7.041
Stock-Yogo weak ID test critical values: 10% maximal IV size             16.38
                                         15% maximal IV size              8.96
                                         20% maximal IV size              6.66
                                         25% maximal IV size              5.53
Source: Stock-Yogo (2005).  Reproduced by permission.
NB: Critical values are for Cragg-Donald F statistic and i.i.d. errors.
------------------------------------------------------------------------------
Hansen J statistic (overidentification test of all instruments):         0.000
                                                 (equation exactly identified)
------------------------------------------------------------------------------
Instrumented:         ln_gaci_cwm
Included instruments: lnpop
Excluded instruments: tourism_int
Partialled-out:       _cons
                      nb: total SS, model F and R2s are after partialling-out;
                          any small-sample adjustments include partialled-out
                          variables in regressor count K
------------------------------------------------------------------------------

Absorbed degrees of freedom:
-----------------------------------------------------+
 Absorbed FE | Categories  - Redundant  = Num. Coefs |
-------------+---------------------------------------|
     isocode |        76           0          76     |
           y |        28           1          27     |
-----------------------------------------------------+
HET4|volbase|lo|lnpc|2.054475597953074|.8882698048274257|.0208318776354635|7.0414889|2057
(MWFE estimator converged in 5 iterations)

IV (2SLS) estimation
--------------------

Estimates efficient for homoskedasticity only
Statistics robust to heteroskedasticity

                                                      Number of obs =     2057
                                                      F(  2,  1952) =    27.66
                                                      Prob > F      =   0.0000
Total (centered) SS     =    124.02962                Centered R2   =  -0.5749
Total (uncentered) SS   =    124.02962                Uncentered R2 =  -0.5749
Residual SS             =  195.3286089                Root MSE      =    .3163

------------------------------------------------------------------------------
             |               Robust
       lngdp | Coefficient  std. err.      t    P>|t|     [95% conf. interval]
-------------+----------------------------------------------------------------
 ln_gaci_cwm |   4.350806   1.739951     2.50   0.012     .9384486    7.763164
       lnpop |   .7443986   .1177015     6.32   0.000     .5135649    .9752324
------------------------------------------------------------------------------
Underidentification test (Kleibergen-Paap rk LM statistic):              7.539
                                                   Chi-sq(1) P-val =    0.0060
------------------------------------------------------------------------------
Weak identification test (Cragg-Donald Wald F statistic):                9.650
                         (Kleibergen-Paap rk Wald F statistic):          7.041
Stock-Yogo weak ID test critical values: 10% maximal IV size             16.38
                                         15% maximal IV size              8.96
                                         20% maximal IV size              6.66
                                         25% maximal IV size              5.53
Source: Stock-Yogo (2005).  Reproduced by permission.
NB: Critical values are for Cragg-Donald F statistic and i.i.d. errors.
------------------------------------------------------------------------------
Hansen J statistic (overidentification test of all instruments):         0.000
                                                 (equation exactly identified)
------------------------------------------------------------------------------
Instrumented:         ln_gaci_cwm
Included instruments: lnpop
Excluded instruments: tourism_int
Partialled-out:       _cons
                      nb: total SS, model F and R2s are after partialling-out;
                          any small-sample adjustments include partialled-out
                          variables in regressor count K
------------------------------------------------------------------------------

Absorbed degrees of freedom:
-----------------------------------------------------+
 Absorbed FE | Categories  - Redundant  = Num. Coefs |
-------------+---------------------------------------|
     isocode |        76           0          76     |
           y |        28           1          27     |
-----------------------------------------------------+
HET4|volbase|lo|lngdp|4.350806294240956|1.739951269767323|.0124820620028679|7.0414889|2057
(MWFE estimator converged in 4 iterations)

IV (2SLS) estimation
--------------------

Estimates efficient for homoskedasticity only
Statistics robust to heteroskedasticity

                                                      Number of obs =     2064
                                                      F(  2,  1961) =     6.71
                                                      Prob > F      =   0.0012
Total (centered) SS     =  62.15760048                Centered R2   =  -2.7407
Total (uncentered) SS   =  62.15760048                Uncentered R2 =  -2.7407
Residual SS             =  232.5129368                Root MSE      =    .3443

------------------------------------------------------------------------------
             |               Robust
       g_int | Coefficient  std. err.      t    P>|t|     [95% conf. interval]
-------------+----------------------------------------------------------------
 ln_gaci_cwm |  -3.524223   9.103988    -0.39   0.699    -21.37873    14.33028
       lnpop |   .0402191   1.297573     0.03   0.975    -2.504547    2.584985
------------------------------------------------------------------------------
Underidentification test (Kleibergen-Paap rk LM statistic):              0.170
                                                   Chi-sq(1) P-val =    0.6799
------------------------------------------------------------------------------
Weak identification test (Cragg-Donald Wald F statistic):                0.290
                         (Kleibergen-Paap rk Wald F statistic):          0.162
Stock-Yogo weak ID test critical values: 10% maximal IV size             16.38
                                         15% maximal IV size              8.96
                                         20% maximal IV size              6.66
                                         25% maximal IV size              5.53
Source: Stock-Yogo (2005).  Reproduced by permission.
NB: Critical values are for Cragg-Donald F statistic and i.i.d. errors.
------------------------------------------------------------------------------
Hansen J statistic (overidentification test of all instruments):         0.000
                                                 (equation exactly identified)
------------------------------------------------------------------------------
Instrumented:         ln_gaci_cwm
Included instruments: lnpop
Excluded instruments: tourism_int
Partialled-out:       _cons
                      nb: total SS, model F and R2s are after partialling-out;
                          any small-sample adjustments include partialled-out
                          variables in regressor count K
------------------------------------------------------------------------------

Absorbed degrees of freedom:
-----------------------------------------------------+
 Absorbed FE | Categories  - Redundant  = Num. Coefs |
-------------+---------------------------------------|
     isocode |        74           0          74     |
           y |        28           1          27     |
-----------------------------------------------------+
HET4|volbase|hi|g_int|-3.524222932650409|9.103987573455736|.6987185443961248|.162332|2064
(MWFE estimator converged in 4 iterations)

IV (2SLS) estimation
--------------------

Estimates efficient for homoskedasticity only
Statistics robust to heteroskedasticity

                                                      Number of obs =     2064
                                                      F(  2,  1961) =    12.62
                                                      Prob > F      =   0.0000
Total (centered) SS     =  137.7779421                Centered R2   =  -0.0376
Total (uncentered) SS   =  137.7779421                Uncentered R2 =  -0.0376
Residual SS             =  142.9521739                Root MSE      =      .27

------------------------------------------------------------------------------
             |               Robust
       g_vol | Coefficient  std. err.      t    P>|t|     [95% conf. interval]
-------------+----------------------------------------------------------------
 ln_gaci_cwm |   2.463586   6.466087     0.38   0.703    -10.21754    15.14471
       lnpop |  -.0436571   .9241608    -0.05   0.962    -1.856098    1.768783
------------------------------------------------------------------------------
Underidentification test (Kleibergen-Paap rk LM statistic):              0.170
                                                   Chi-sq(1) P-val =    0.6799
------------------------------------------------------------------------------
Weak identification test (Cragg-Donald Wald F statistic):                0.290
                         (Kleibergen-Paap rk Wald F statistic):          0.162
Stock-Yogo weak ID test critical values: 10% maximal IV size             16.38
                                         15% maximal IV size              8.96
                                         20% maximal IV size              6.66
                                         25% maximal IV size              5.53
Source: Stock-Yogo (2005).  Reproduced by permission.
NB: Critical values are for Cragg-Donald F statistic and i.i.d. errors.
------------------------------------------------------------------------------
Hansen J statistic (overidentification test of all instruments):         0.000
                                                 (equation exactly identified)
------------------------------------------------------------------------------
Instrumented:         ln_gaci_cwm
Included instruments: lnpop
Excluded instruments: tourism_int
Partialled-out:       _cons
                      nb: total SS, model F and R2s are after partialling-out;
                          any small-sample adjustments include partialled-out
                          variables in regressor count K
------------------------------------------------------------------------------

Absorbed degrees of freedom:
-----------------------------------------------------+
 Absorbed FE | Categories  - Redundant  = Num. Coefs |
-------------+---------------------------------------|
     isocode |        74           0          74     |
           y |        28           1          27     |
-----------------------------------------------------+
HET4|volbase|hi|g_vol|2.463585845540603|6.466086713087146|.7032437380900178|.162332|2064
(MWFE estimator converged in 4 iterations)

IV (2SLS) estimation
--------------------

Estimates efficient for homoskedasticity only
Statistics robust to heteroskedasticity

                                                      Number of obs =     2064
                                                      F(  2,  1961) =     0.73
                                                      Prob > F      =   0.4821
Total (centered) SS     =  466444.3495                Centered R2   = -35.7550
Total (uncentered) SS   =  466444.3495                Uncentered R2 = -35.7550
Residual SS             =  17144159.91                Root MSE      =     93.5

------------------------------------------------------------------------------
             |               Robust
       g_shr | Coefficient  std. err.      t    P>|t|     [95% conf. interval]
-------------+----------------------------------------------------------------
 ln_gaci_cwm |  -1116.399   2795.534    -0.40   0.690    -6598.929    4366.131
       lnpop |   117.0904   398.6225     0.29   0.769    -664.6779    898.8586
------------------------------------------------------------------------------
Underidentification test (Kleibergen-Paap rk LM statistic):              0.170
                                                   Chi-sq(1) P-val =    0.6799
------------------------------------------------------------------------------
Weak identification test (Cragg-Donald Wald F statistic):                0.290
                         (Kleibergen-Paap rk Wald F statistic):          0.162
Stock-Yogo weak ID test critical values: 10% maximal IV size             16.38
                                         15% maximal IV size              8.96
                                         20% maximal IV size              6.66
                                         25% maximal IV size              5.53
Source: Stock-Yogo (2005).  Reproduced by permission.
NB: Critical values are for Cragg-Donald F statistic and i.i.d. errors.
------------------------------------------------------------------------------
Hansen J statistic (overidentification test of all instruments):         0.000
                                                 (equation exactly identified)
------------------------------------------------------------------------------
Instrumented:         ln_gaci_cwm
Included instruments: lnpop
Excluded instruments: tourism_int
Partialled-out:       _cons
                      nb: total SS, model F and R2s are after partialling-out;
                          any small-sample adjustments include partialled-out
                          variables in regressor count K
------------------------------------------------------------------------------

Absorbed degrees of freedom:
-----------------------------------------------------+
 Absorbed FE | Categories  - Redundant  = Num. Coefs |
-------------+---------------------------------------|
     isocode |        74           0          74     |
           y |        28           1          27     |
-----------------------------------------------------+
HET4|volbase|hi|g_shr|-1116.399163466689|2795.534060633202|.6896781222887474|.162332|2064
(MWFE estimator converged in 4 iterations)

IV (2SLS) estimation
--------------------

Estimates efficient for homoskedasticity only
Statistics robust to heteroskedasticity

                                                      Number of obs =     2064
                                                      F(  2,  1961) =     8.01
                                                      Prob > F      =   0.0003
Total (centered) SS     =  52.68612839                Centered R2   =  -1.8253
Total (uncentered) SS   =  52.68612839                Uncentered R2 =  -1.8253
Residual SS             =  148.8559049                Root MSE      =    .2755

------------------------------------------------------------------------------
             |               Robust
        lnpc | Coefficient  std. err.      t    P>|t|     [95% conf. interval]
-------------+----------------------------------------------------------------
 ln_gaci_cwm |   3.675336   7.490866     0.49   0.624    -11.01556    18.36623
       lnpop |   -.900711   1.066484    -0.84   0.398    -2.992272     1.19085
------------------------------------------------------------------------------
Underidentification test (Kleibergen-Paap rk LM statistic):              0.170
                                                   Chi-sq(1) P-val =    0.6799
------------------------------------------------------------------------------
Weak identification test (Cragg-Donald Wald F statistic):                0.290
                         (Kleibergen-Paap rk Wald F statistic):          0.162
Stock-Yogo weak ID test critical values: 10% maximal IV size             16.38
                                         15% maximal IV size              8.96
                                         20% maximal IV size              6.66
                                         25% maximal IV size              5.53
Source: Stock-Yogo (2005).  Reproduced by permission.
NB: Critical values are for Cragg-Donald F statistic and i.i.d. errors.
------------------------------------------------------------------------------
Hansen J statistic (overidentification test of all instruments):         0.000
                                                 (equation exactly identified)
------------------------------------------------------------------------------
Instrumented:         ln_gaci_cwm
Included instruments: lnpop
Excluded instruments: tourism_int
Partialled-out:       _cons
                      nb: total SS, model F and R2s are after partialling-out;
                          any small-sample adjustments include partialled-out
                          variables in regressor count K
------------------------------------------------------------------------------

Absorbed degrees of freedom:
-----------------------------------------------------+
 Absorbed FE | Categories  - Redundant  = Num. Coefs |
-------------+---------------------------------------|
     isocode |        74           0          74     |
           y |        28           1          27     |
-----------------------------------------------------+
HET4|volbase|hi|lnpc|3.675335867089604|7.49086637701151|.6237343624108861|.162332|2064
(MWFE estimator converged in 4 iterations)

IV (2SLS) estimation
--------------------

Estimates efficient for homoskedasticity only
Statistics robust to heteroskedasticity

                                                      Number of obs =     2064
                                                      F(  2,  1961) =    11.05
                                                      Prob > F      =   0.0000
Total (centered) SS     =    144.76198                Centered R2   =  -2.0864
Total (uncentered) SS   =    144.76198                Uncentered R2 =  -2.0864
Residual SS             =  446.7872524                Root MSE      =    .4773

------------------------------------------------------------------------------
             |               Robust
       lngdp | Coefficient  std. err.      t    P>|t|     [95% conf. interval]
-------------+----------------------------------------------------------------
 ln_gaci_cwm |   5.987811   12.74852     0.47   0.639    -19.01426    30.98988
       lnpop |  -.0838766   1.813102    -0.05   0.963    -3.639686    3.471933
------------------------------------------------------------------------------
Underidentification test (Kleibergen-Paap rk LM statistic):              0.170
                                                   Chi-sq(1) P-val =    0.6799
------------------------------------------------------------------------------
Weak identification test (Cragg-Donald Wald F statistic):                0.290
                         (Kleibergen-Paap rk Wald F statistic):          0.162
Stock-Yogo weak ID test critical values: 10% maximal IV size             16.38
                                         15% maximal IV size              8.96
                                         20% maximal IV size              6.66
                                         25% maximal IV size              5.53
Source: Stock-Yogo (2005).  Reproduced by permission.
NB: Critical values are for Cragg-Donald F statistic and i.i.d. errors.
------------------------------------------------------------------------------
Hansen J statistic (overidentification test of all instruments):         0.000
                                                 (equation exactly identified)
------------------------------------------------------------------------------
Instrumented:         ln_gaci_cwm
Included instruments: lnpop
Excluded instruments: tourism_int
Partialled-out:       _cons
                      nb: total SS, model F and R2s are after partialling-out;
                          any small-sample adjustments include partialled-out
                          variables in regressor count K
------------------------------------------------------------------------------

Absorbed degrees of freedom:
-----------------------------------------------------+
 Absorbed FE | Categories  - Redundant  = Num. Coefs |
-------------+---------------------------------------|
     isocode |        74           0          74     |
           y |        28           1          27     |
-----------------------------------------------------+
HET4|volbase|hi|lngdp|5.987810614687637|12.74851779243983|.6386310164947087|.162332|2064

. di _n "############ SUBSAMPLE split: baseline trade OPENNESS (median) ############"

############ SUBSAMPLE split: baseline trade OPENNESS (median) ############

. _hs base_gint openbase
(MWFE estimator converged in 4 iterations)

IV (2SLS) estimation
--------------------

Estimates efficient for homoskedasticity only
Statistics robust to heteroskedasticity

                                                      Number of obs =     2036
                                                      F(  2,  1934) =     3.79
                                                      Prob > F      =   0.0227
Total (centered) SS     =  83.21085715                Centered R2   =  -0.1823
Total (uncentered) SS   =  83.21085715                Uncentered R2 =  -0.1823
Residual SS             =  98.37678146                Root MSE      =    .2255

------------------------------------------------------------------------------
             |               Robust
       g_int | Coefficient  std. err.      t    P>|t|     [95% conf. interval]
-------------+----------------------------------------------------------------
 ln_gaci_cwm |  -1.119461   .4175448    -2.68   0.007    -1.938346   -.3005757
       lnpop |  -.0164143   .0780635    -0.21   0.833    -.1695117    .1366831
------------------------------------------------------------------------------
Underidentification test (Kleibergen-Paap rk LM statistic):             28.972
                                                   Chi-sq(1) P-val =    0.0000
------------------------------------------------------------------------------
Weak identification test (Cragg-Donald Wald F statistic):               52.027
                         (Kleibergen-Paap rk Wald F statistic):         29.150
Stock-Yogo weak ID test critical values: 10% maximal IV size             16.38
                                         15% maximal IV size              8.96
                                         20% maximal IV size              6.66
                                         25% maximal IV size              5.53
Source: Stock-Yogo (2005).  Reproduced by permission.
NB: Critical values are for Cragg-Donald F statistic and i.i.d. errors.
------------------------------------------------------------------------------
Hansen J statistic (overidentification test of all instruments):         0.000
                                                 (equation exactly identified)
------------------------------------------------------------------------------
Instrumented:         ln_gaci_cwm
Included instruments: lnpop
Excluded instruments: tourism_int
Partialled-out:       _cons
                      nb: total SS, model F and R2s are after partialling-out;
                          any small-sample adjustments include partialled-out
                          variables in regressor count K
------------------------------------------------------------------------------

Absorbed degrees of freedom:
-----------------------------------------------------+
 Absorbed FE | Categories  - Redundant  = Num. Coefs |
-------------+---------------------------------------|
     isocode |        73           0          73     |
           y |        28           1          27     |
-----------------------------------------------------+
HET4|openbase|lo|g_int|-1.119461033135786|.4175448318718176|.0074013785542067|29.150461|2036
(MWFE estimator converged in 4 iterations)

IV (2SLS) estimation
--------------------

Estimates efficient for homoskedasticity only
Statistics robust to heteroskedasticity

                                                      Number of obs =     2036
                                                      F(  2,  1934) =    44.68
                                                      Prob > F      =   0.0000
Total (centered) SS     =  167.3664302                Centered R2   =   0.1022
Total (uncentered) SS   =  167.3664302                Uncentered R2 =   0.1022
Residual SS             =  150.2612559                Root MSE      =    .2787

------------------------------------------------------------------------------
             |               Robust
       g_vol | Coefficient  std. err.      t    P>|t|     [95% conf. interval]
-------------+----------------------------------------------------------------
 ln_gaci_cwm |    .151405   .5997615     0.25   0.801    -1.024842    1.327652
       lnpop |   .9772421   .1056179     9.25   0.000     .7701052    1.184379
------------------------------------------------------------------------------
Underidentification test (Kleibergen-Paap rk LM statistic):             28.972
                                                   Chi-sq(1) P-val =    0.0000
------------------------------------------------------------------------------
Weak identification test (Cragg-Donald Wald F statistic):               52.027
                         (Kleibergen-Paap rk Wald F statistic):         29.150
Stock-Yogo weak ID test critical values: 10% maximal IV size             16.38
                                         15% maximal IV size              8.96
                                         20% maximal IV size              6.66
                                         25% maximal IV size              5.53
Source: Stock-Yogo (2005).  Reproduced by permission.
NB: Critical values are for Cragg-Donald F statistic and i.i.d. errors.
------------------------------------------------------------------------------
Hansen J statistic (overidentification test of all instruments):         0.000
                                                 (equation exactly identified)
------------------------------------------------------------------------------
Instrumented:         ln_gaci_cwm
Included instruments: lnpop
Excluded instruments: tourism_int
Partialled-out:       _cons
                      nb: total SS, model F and R2s are after partialling-out;
                          any small-sample adjustments include partialled-out
                          variables in regressor count K
------------------------------------------------------------------------------

Absorbed degrees of freedom:
-----------------------------------------------------+
 Absorbed FE | Categories  - Redundant  = Num. Coefs |
-------------+---------------------------------------|
     isocode |        73           0          73     |
           y |        28           1          27     |
-----------------------------------------------------+
HET4|openbase|lo|g_vol|.1514049584269436|.5997615144583807|.8007263139794967|29.150461|2036
(MWFE estimator converged in 4 iterations)

IV (2SLS) estimation
--------------------

Estimates efficient for homoskedasticity only
Statistics robust to heteroskedasticity

                                                      Number of obs =     2036
                                                      F(  2,  1934) =     4.74
                                                      Prob > F      =   0.0088
Total (centered) SS     =  169638.3661                Centered R2   =  -0.2076
Total (uncentered) SS   =  169638.3661                Uncentered R2 =  -0.2076
Residual SS             =  204860.9352                Root MSE      =    10.29

------------------------------------------------------------------------------
             |               Robust
       g_shr | Coefficient  std. err.      t    P>|t|     [95% conf. interval]
-------------+----------------------------------------------------------------
 ln_gaci_cwm |  -56.68122   19.76722    -2.87   0.004    -95.44851   -17.91392
       lnpop |  -6.958312    3.44369    -2.02   0.043    -13.71205   -.2045774
------------------------------------------------------------------------------
Underidentification test (Kleibergen-Paap rk LM statistic):             28.972
                                                   Chi-sq(1) P-val =    0.0000
------------------------------------------------------------------------------
Weak identification test (Cragg-Donald Wald F statistic):               52.027
                         (Kleibergen-Paap rk Wald F statistic):         29.150
Stock-Yogo weak ID test critical values: 10% maximal IV size             16.38
                                         15% maximal IV size              8.96
                                         20% maximal IV size              6.66
                                         25% maximal IV size              5.53
Source: Stock-Yogo (2005).  Reproduced by permission.
NB: Critical values are for Cragg-Donald F statistic and i.i.d. errors.
------------------------------------------------------------------------------
Hansen J statistic (overidentification test of all instruments):         0.000
                                                 (equation exactly identified)
------------------------------------------------------------------------------
Instrumented:         ln_gaci_cwm
Included instruments: lnpop
Excluded instruments: tourism_int
Partialled-out:       _cons
                      nb: total SS, model F and R2s are after partialling-out;
                          any small-sample adjustments include partialled-out
                          variables in regressor count K
------------------------------------------------------------------------------

Absorbed degrees of freedom:
-----------------------------------------------------+
 Absorbed FE | Categories  - Redundant  = Num. Coefs |
-------------+---------------------------------------|
     isocode |        73           0          73     |
           y |        28           1          27     |
-----------------------------------------------------+
HET4|openbase|lo|g_shr|-56.68121702582378|19.76721547756506|.0041829523257131|29.150461|2036
(MWFE estimator converged in 4 iterations)

IV (2SLS) estimation
--------------------

Estimates efficient for homoskedasticity only
Statistics robust to heteroskedasticity

                                                      Number of obs =     2036
                                                      F(  2,  1934) =    13.07
                                                      Prob > F      =   0.0000
Total (centered) SS     =  49.69065888                Centered R2   =   0.1606
Total (uncentered) SS   =  49.69065888                Uncentered R2 =   0.1606
Residual SS             =  41.70907431                Root MSE      =    .1469

------------------------------------------------------------------------------
             |               Robust
        lnpc | Coefficient  std. err.      t    P>|t|     [95% conf. interval]
-------------+----------------------------------------------------------------
 ln_gaci_cwm |   .5440984   .3935382     1.38   0.167    -.2277053    1.315902
       lnpop |  -.2274006   .0520747    -4.37   0.000    -.3295291   -.1252722
------------------------------------------------------------------------------
Underidentification test (Kleibergen-Paap rk LM statistic):             28.972
                                                   Chi-sq(1) P-val =    0.0000
------------------------------------------------------------------------------
Weak identification test (Cragg-Donald Wald F statistic):               52.027
                         (Kleibergen-Paap rk Wald F statistic):         29.150
Stock-Yogo weak ID test critical values: 10% maximal IV size             16.38
                                         15% maximal IV size              8.96
                                         20% maximal IV size              6.66
                                         25% maximal IV size              5.53
Source: Stock-Yogo (2005).  Reproduced by permission.
NB: Critical values are for Cragg-Donald F statistic and i.i.d. errors.
------------------------------------------------------------------------------
Hansen J statistic (overidentification test of all instruments):         0.000
                                                 (equation exactly identified)
------------------------------------------------------------------------------
Instrumented:         ln_gaci_cwm
Included instruments: lnpop
Excluded instruments: tourism_int
Partialled-out:       _cons
                      nb: total SS, model F and R2s are after partialling-out;
                          any small-sample adjustments include partialled-out
                          variables in regressor count K
------------------------------------------------------------------------------

Absorbed degrees of freedom:
-----------------------------------------------------+
 Absorbed FE | Categories  - Redundant  = Num. Coefs |
-------------+---------------------------------------|
     isocode |        73           0          73     |
           y |        28           1          27     |
-----------------------------------------------------+
HET4|openbase|lo|lnpc|.5440984463775744|.3935382164491991|.1669530129544525|29.150461|2036
(MWFE estimator converged in 4 iterations)

IV (2SLS) estimation
--------------------

Estimates efficient for homoskedasticity only
Statistics robust to heteroskedasticity

                                                      Number of obs =     2036
                                                      F(  2,  1934) =    78.63
                                                      Prob > F      =   0.0000
Total (centered) SS     =  136.8286983                Centered R2   =   0.1746
Total (uncentered) SS   =  136.8286983                Uncentered R2 =   0.1746
Residual SS             =  112.9373444                Root MSE      =    .2417

------------------------------------------------------------------------------
             |               Robust
       lngdp | Coefficient  std. err.      t    P>|t|     [95% conf. interval]
-------------+----------------------------------------------------------------
 ln_gaci_cwm |   1.270867   .5336569     2.38   0.017     .2242634     2.31747
       lnpop |   .9936565   .0792602    12.54   0.000     .8382122    1.149101
------------------------------------------------------------------------------
Underidentification test (Kleibergen-Paap rk LM statistic):             28.972
                                                   Chi-sq(1) P-val =    0.0000
------------------------------------------------------------------------------
Weak identification test (Cragg-Donald Wald F statistic):               52.027
                         (Kleibergen-Paap rk Wald F statistic):         29.150
Stock-Yogo weak ID test critical values: 10% maximal IV size             16.38
                                         15% maximal IV size              8.96
                                         20% maximal IV size              6.66
                                         25% maximal IV size              5.53
Source: Stock-Yogo (2005).  Reproduced by permission.
NB: Critical values are for Cragg-Donald F statistic and i.i.d. errors.
------------------------------------------------------------------------------
Hansen J statistic (overidentification test of all instruments):         0.000
                                                 (equation exactly identified)
------------------------------------------------------------------------------
Instrumented:         ln_gaci_cwm
Included instruments: lnpop
Excluded instruments: tourism_int
Partialled-out:       _cons
                      nb: total SS, model F and R2s are after partialling-out;
                          any small-sample adjustments include partialled-out
                          variables in regressor count K
------------------------------------------------------------------------------

Absorbed degrees of freedom:
-----------------------------------------------------+
 Absorbed FE | Categories  - Redundant  = Num. Coefs |
-------------+---------------------------------------|
     isocode |        73           0          73     |
           y |        28           1          27     |
-----------------------------------------------------+
HET4|openbase|lo|lngdp|1.270866649193848|.5336568593650151|.0173417975887059|29.150461|2036
(MWFE estimator converged in 5 iterations)

IV (2SLS) estimation
--------------------

Estimates efficient for homoskedasticity only
Statistics robust to heteroskedasticity

                                                      Number of obs =     2085
                                                      F(  2,  1979) =     7.67
                                                      Prob > F      =   0.0005
Total (centered) SS     =  110.6064464                Centered R2   =  -1.8146
Total (uncentered) SS   =  110.6064464                Uncentered R2 =  -1.8146
Residual SS             =  311.3106619                Root MSE      =    .3966

------------------------------------------------------------------------------
             |               Robust
       g_int | Coefficient  std. err.      t    P>|t|     [95% conf. interval]
-------------+----------------------------------------------------------------
 ln_gaci_cwm |   4.185102   3.843113     1.09   0.276    -3.351869    11.72207
       lnpop |  -.7182692   .3094605    -2.32   0.020    -1.325172   -.1113666
------------------------------------------------------------------------------
Underidentification test (Kleibergen-Paap rk LM statistic):              1.459
                                                   Chi-sq(1) P-val =    0.2271
------------------------------------------------------------------------------
Weak identification test (Cragg-Donald Wald F statistic):                2.131
                         (Kleibergen-Paap rk Wald F statistic):          1.432
Stock-Yogo weak ID test critical values: 10% maximal IV size             16.38
                                         15% maximal IV size              8.96
                                         20% maximal IV size              6.66
                                         25% maximal IV size              5.53
Source: Stock-Yogo (2005).  Reproduced by permission.
NB: Critical values are for Cragg-Donald F statistic and i.i.d. errors.
------------------------------------------------------------------------------
Hansen J statistic (overidentification test of all instruments):         0.000
                                                 (equation exactly identified)
------------------------------------------------------------------------------
Instrumented:         ln_gaci_cwm
Included instruments: lnpop
Excluded instruments: tourism_int
Partialled-out:       _cons
                      nb: total SS, model F and R2s are after partialling-out;
                          any small-sample adjustments include partialled-out
                          variables in regressor count K
------------------------------------------------------------------------------

Absorbed degrees of freedom:
-----------------------------------------------------+
 Absorbed FE | Categories  - Redundant  = Num. Coefs |
-------------+---------------------------------------|
     isocode |        77           0          77     |
           y |        28           1          27     |
-----------------------------------------------------+
HET4|openbase|hi|g_int|4.18510245051663|3.843112609336443|.2762918908881647|1.4320657|2085
(MWFE estimator converged in 5 iterations)

IV (2SLS) estimation
--------------------

Estimates efficient for homoskedasticity only
Statistics robust to heteroskedasticity

                                                      Number of obs =     2085
                                                      F(  2,  1979) =     2.26
                                                      Prob > F      =   0.1051
Total (centered) SS     =  180.0934989                Centered R2   =  -1.4515
Total (uncentered) SS   =  180.0934989                Uncentered R2 =  -1.4515
Residual SS             =   441.495193                Root MSE      =    .4723

------------------------------------------------------------------------------
             |               Robust
       g_vol | Coefficient  std. err.      t    P>|t|     [95% conf. interval]
-------------+----------------------------------------------------------------
 ln_gaci_cwm |   5.677128   4.711739     1.20   0.228    -3.563362    14.91762
       lnpop |  -.2100615   .3778285    -0.56   0.578     -.951045     .530922
------------------------------------------------------------------------------
Underidentification test (Kleibergen-Paap rk LM statistic):              1.459
                                                   Chi-sq(1) P-val =    0.2271
------------------------------------------------------------------------------
Weak identification test (Cragg-Donald Wald F statistic):                2.131
                         (Kleibergen-Paap rk Wald F statistic):          1.432
Stock-Yogo weak ID test critical values: 10% maximal IV size             16.38
                                         15% maximal IV size              8.96
                                         20% maximal IV size              6.66
                                         25% maximal IV size              5.53
Source: Stock-Yogo (2005).  Reproduced by permission.
NB: Critical values are for Cragg-Donald F statistic and i.i.d. errors.
------------------------------------------------------------------------------
Hansen J statistic (overidentification test of all instruments):         0.000
                                                 (equation exactly identified)
------------------------------------------------------------------------------
Instrumented:         ln_gaci_cwm
Included instruments: lnpop
Excluded instruments: tourism_int
Partialled-out:       _cons
                      nb: total SS, model F and R2s are after partialling-out;
                          any small-sample adjustments include partialled-out
                          variables in regressor count K
------------------------------------------------------------------------------

Absorbed degrees of freedom:
-----------------------------------------------------+
 Absorbed FE | Categories  - Redundant  = Num. Coefs |
-------------+---------------------------------------|
     isocode |        77           0          77     |
           y |        28           1          27     |
-----------------------------------------------------+
HET4|openbase|hi|g_vol|5.67712845080273|4.71173906711676|.2283897378228169|1.4320657|2085
(MWFE estimator converged in 5 iterations)

IV (2SLS) estimation
--------------------

Estimates efficient for homoskedasticity only
Statistics robust to heteroskedasticity

                                                      Number of obs =     2085
                                                      F(  2,  1979) =     8.44
                                                      Prob > F      =   0.0002
Total (centered) SS     =  1156385.818                Centered R2   =  -1.4120
Total (uncentered) SS   =  1156385.818                Uncentered R2 =  -1.4120
Residual SS             =  2789205.839                Root MSE      =    37.54

------------------------------------------------------------------------------
             |               Robust
       g_shr | Coefficient  std. err.      t    P>|t|     [95% conf. interval]
-------------+----------------------------------------------------------------
 ln_gaci_cwm |   377.6377   358.5883     1.05   0.292    -325.6126    1080.888
       lnpop |  -66.38093   28.68702    -2.31   0.021    -122.6409     -10.121
------------------------------------------------------------------------------
Underidentification test (Kleibergen-Paap rk LM statistic):              1.459
                                                   Chi-sq(1) P-val =    0.2271
------------------------------------------------------------------------------
Weak identification test (Cragg-Donald Wald F statistic):                2.131
                         (Kleibergen-Paap rk Wald F statistic):          1.432
Stock-Yogo weak ID test critical values: 10% maximal IV size             16.38
                                         15% maximal IV size              8.96
                                         20% maximal IV size              6.66
                                         25% maximal IV size              5.53
Source: Stock-Yogo (2005).  Reproduced by permission.
NB: Critical values are for Cragg-Donald F statistic and i.i.d. errors.
------------------------------------------------------------------------------
Hansen J statistic (overidentification test of all instruments):         0.000
                                                 (equation exactly identified)
------------------------------------------------------------------------------
Instrumented:         ln_gaci_cwm
Included instruments: lnpop
Excluded instruments: tourism_int
Partialled-out:       _cons
                      nb: total SS, model F and R2s are after partialling-out;
                          any small-sample adjustments include partialled-out
                          variables in regressor count K
------------------------------------------------------------------------------

Absorbed degrees of freedom:
-----------------------------------------------------+
 Absorbed FE | Categories  - Redundant  = Num. Coefs |
-------------+---------------------------------------|
     isocode |        77           0          77     |
           y |        28           1          27     |
-----------------------------------------------------+
HET4|openbase|hi|g_shr|377.6377387175721|358.5883460925418|.2924130531435092|1.4320657|2085
(MWFE estimator converged in 5 iterations)

IV (2SLS) estimation
--------------------

Estimates efficient for homoskedasticity only
Statistics robust to heteroskedasticity

                                                      Number of obs =     2085
                                                      F(  2,  1979) =    53.92
                                                      Prob > F      =   0.0000
Total (centered) SS     =  60.78833345                Centered R2   =  -0.1667
Total (uncentered) SS   =  60.78833345                Uncentered R2 =  -0.1667
Residual SS             =  70.92299263                Root MSE      =    .1893

------------------------------------------------------------------------------
             |               Robust
        lnpc | Coefficient  std. err.      t    P>|t|     [95% conf. interval]
-------------+----------------------------------------------------------------
 ln_gaci_cwm |  -.6483163   1.841405    -0.35   0.725    -4.259612    2.962979
       lnpop |  -.4615128   .1474686    -3.13   0.002    -.7507228   -.1723029
------------------------------------------------------------------------------
Underidentification test (Kleibergen-Paap rk LM statistic):              1.459
                                                   Chi-sq(1) P-val =    0.2271
------------------------------------------------------------------------------
Weak identification test (Cragg-Donald Wald F statistic):                2.131
                         (Kleibergen-Paap rk Wald F statistic):          1.432
Stock-Yogo weak ID test critical values: 10% maximal IV size             16.38
                                         15% maximal IV size              8.96
                                         20% maximal IV size              6.66
                                         25% maximal IV size              5.53
Source: Stock-Yogo (2005).  Reproduced by permission.
NB: Critical values are for Cragg-Donald F statistic and i.i.d. errors.
------------------------------------------------------------------------------
Hansen J statistic (overidentification test of all instruments):         0.000
                                                 (equation exactly identified)
------------------------------------------------------------------------------
Instrumented:         ln_gaci_cwm
Included instruments: lnpop
Excluded instruments: tourism_int
Partialled-out:       _cons
                      nb: total SS, model F and R2s are after partialling-out;
                          any small-sample adjustments include partialled-out
                          variables in regressor count K
------------------------------------------------------------------------------

Absorbed degrees of freedom:
-----------------------------------------------------+
 Absorbed FE | Categories  - Redundant  = Num. Coefs |
-------------+---------------------------------------|
     isocode |        77           0          77     |
           y |        28           1          27     |
-----------------------------------------------------+
HET4|openbase|hi|lnpc|-.6483163188561849|1.841404569004198|.7248179534257205|1.4320657|2085
(MWFE estimator converged in 5 iterations)

IV (2SLS) estimation
--------------------

Estimates efficient for homoskedasticity only
Statistics robust to heteroskedasticity

                                                      Number of obs =     2085
                                                      F(  2,  1979) =    90.02
                                                      Prob > F      =   0.0000
Total (centered) SS     =  141.1171151                Centered R2   =   0.1102
Total (uncentered) SS   =  141.1171151                Uncentered R2 =   0.1102
Residual SS             =  125.5624207                Root MSE      =    .2519

------------------------------------------------------------------------------
             |               Robust
       lngdp | Coefficient  std. err.      t    P>|t|     [95% conf. interval]
-------------+----------------------------------------------------------------
 ln_gaci_cwm |    1.49203   2.320359     0.64   0.520    -3.058573    6.042632
       lnpop |   .5082075   .1823918     2.79   0.005     .1505073    .8659077
------------------------------------------------------------------------------
Underidentification test (Kleibergen-Paap rk LM statistic):              1.459
                                                   Chi-sq(1) P-val =    0.2271
------------------------------------------------------------------------------
Weak identification test (Cragg-Donald Wald F statistic):                2.131
                         (Kleibergen-Paap rk Wald F statistic):          1.432
Stock-Yogo weak ID test critical values: 10% maximal IV size             16.38
                                         15% maximal IV size              8.96
                                         20% maximal IV size              6.66
                                         25% maximal IV size              5.53
Source: Stock-Yogo (2005).  Reproduced by permission.
NB: Critical values are for Cragg-Donald F statistic and i.i.d. errors.
------------------------------------------------------------------------------
Hansen J statistic (overidentification test of all instruments):         0.000
                                                 (equation exactly identified)
------------------------------------------------------------------------------
Instrumented:         ln_gaci_cwm
Included instruments: lnpop
Excluded instruments: tourism_int
Partialled-out:       _cons
                      nb: total SS, model F and R2s are after partialling-out;
                          any small-sample adjustments include partialled-out
                          variables in regressor count K
------------------------------------------------------------------------------

Absorbed degrees of freedom:
-----------------------------------------------------+
 Absorbed FE | Categories  - Redundant  = Num. Coefs |
-------------+---------------------------------------|
     isocode |        77           0          77     |
           y |        28           1          27     |
-----------------------------------------------------+
HET4|openbase|hi|lngdp|1.492029586295818|2.320358841932135|.5202877293157548|1.4320657|2085

. di "DONE_HETIV"
DONE_HETIV

. log close
      name:  <unnamed>
       log:  C:\Users\sunbi\managi-lab Dropbox\Sunbin Yoo\Research Box ^-^\2026\GACI\gaci_tourism_hetero_iv.log
  log type:  text
 closed on:  20 Jun 2026, 09:19:22
---------------------------------------------------------------------------------------------------------------------------------------------------------------------------------------------------------------------------------------------------------------
