airport_iata,iso3,region,b_d12_ln_seats,b_d12_ln_flights,b_d12_ln_gauge,b_d12_ln_stage,b_d12_ln_int,b_d12_ln_co2,b_d12_ln_seats_dom,b_d12_ln_seats_intl,R_pre2008,n_valid_pre2008,lnG07,g9607,ln_deg07,ln_int07,ln_gauge07,ln_stage07,intl07,ln_seats07,lnpc07
AAA,PYF,SW1,0.013321450773357894,0.0006984551552996149,0.012622995618058283,0.020950697941322947,0.004578973715919527,0.0920397099434188,-0.008143049973774654,,,0,-0.5622097557213183,0.27126904281045083,1.0986122886681098,-2.067962363737577,3.878456181789063,6.108746788043576,0.0,8.513185170018698,9.982692936106211
AAC,EGY,AF1,,,,,,,,,0.5472670690056928,1,-0.5319640030787738,-1.865077407557897,0.0,-1.5725189312448427,4.243556960408776,5.37989735354046,1.0,7.61085279039525,7.97317803761651
AAE,DZA,AF1,-0.006185122026870749,-0.002782141317732646,-0.0034029807091381092,0.007908249148394435,-0.001169063727202275,-2.5935581559009162e-05,-0.011442203907152629,0.0025876967201129203,0.5891400127252757,2,-0.4327850752171383,0.10042308884671003,2.0794415416798357,-2.256755728882018,4.81931086492358,6.473897651936087,0.36237995235446946,12.392328120976126,8.375456929632021
AAL,DNK,EU1,0.00490323055020009,0.001487682349378868,0.00341554820082122,-0.007668609502161604,0.0015846638406424125,-0.0005075252280602302,0.010713522075766028,0.02289212679912908,0.5985434582810153,1,-0.32671073686947477,0.21734811004400684,2.1972245773362196,-1.8014725539214034,4.5672570171719835,5.719699587113059,0.09507367602003598,13.427756184787999,10.898847789083996
AAN,ARE,ME1,0.00597641336928148,0.097334295012411,-0.09135788164312951,0.023326499646872535,0.1276660033552619,0.1554180321499682,,0.02198597390863835,0.6451326476165113,2,-0.3072105705530341,-0.5499053373200059,2.4849066497880004,-2.444335434245783,5.025104721658034,7.4847038200018625,0.7691387724242216,11.194715454149488,10.859741336515528
AAQ,RUS,EU2,-0.011661463503912409,-0.01249777167028764,0.0008363081663752321,-0.0003791720224683303,-0.012662075154980003,-0.02517041467128174,-0.012030549274172408,,0.613414274587865,1,-0.22423326619238496,1.0116895935231667,3.5553480614894135,-1.88479356552837,4.668886326763545,7.4005870809345495,0.0,12.683883221111845,9.064204880368637
AAR,DNK,EU1,-0.0038805326533178103,0.004477518622027195,-0.008358051275345014,-0.004894743553340881,-0.0010141851178840115,-0.008437481162816405,0.00683408213357714,-0.017240127810346464,0.5610159150425422,1,-0.38292333143795976,-0.5644094011804605,2.0794415416798357,-2.1826225956871905,4.337370274989612,6.136551330856392,0.414015633521178,12.889351291891513,10.898847789083996
AAT,CHN,AS4,-0.08389958554954864,-0.0723145439301838,-0.011585041619364836,-0.011258594379921032,0.007042051998139634,-0.08509496276625964,-0.08389958554954864,,0.6029499500358453,1,-0.5565539886368525,3.929855241866605,0.6931471805599453,-2.068568646427907,4.711949824410001,6.111450375661783,0.0,12.311351157825817,8.391574866779688
AAY,YEM,ME1,,,,,,,,,,0,-0.5599602116791365,-0.7214402397004145,1.0986122886681098,-2.3969161478199306,5.0369526024136295,6.6538916859725665,0.0,9.467769401256943,7.7123323607144
ABA,RUS,AS4,-0.0052686108858080215,-0.008358382697124345,0.003089771811316319,0.02328196388990487,-0.018231139451085468,-0.0005716510592731394,-0.005314251433409253,,0.6135258532980932,1,-0.5596260094055212,0.4382996056745144,1.3862943611198906,-1.735742453479897,4.878283122804951,7.399695705766528,0.0,11.42793386503876,9.064204880368637
ABD,IRN,ME1,-0.02188609339599289,-0.02492639955071997,0.003040306154727085,-0.001268440482798141,0.005500657953943587,-0.017806374386449653,-0.018248711321909954,,,0,-0.36853522103479125,1.171090863714935,1.791759469228055,-1.7341685782891425,5.01578994468492,6.481689635102112,0.08226221079691516,12.178187442040638,8.533994841936796
ABE,USA,NA1,-0.01301433079996495,-0.012191294651163724,-0.0008230361488012277,0.0013145402376416146,0.00040817840846865417,-0.011362593805536602,-0.012580036670943165,,0.5796759448619263,1,0.10249041371562805,-0.8249927590969633,4.442651256490317,-1.9727117600609037,3.923030051629915,6.650545802453476,0.024960988036331143,13.304378220499778,10.894689012037176
ABF,KIR,SW1,,,,,,,,,,0,,,,,,,,,7.267774765509127
ABI,USA,NA1,0.01262320384266764,0.004852154463993847,0.007771049378673794,-0.0058633557718777134,0.0009904427271894894,0.0071007122532000845,0.01262320384266764,,0.6394790633787413,2,-0.3551643886115561,-0.21376961089892915,2.302585092994046,-1.7155237733146536,3.7101525278535172,5.763099585269724,0.0,11.912908909509154,10.894689012037176
ABJ,CIV,AF3,-0.015965289435464734,-0.014637016292007705,-0.0013282731434570271,0.004751476821498499,-0.001468554216861726,-0.012733039535765009,,-0.01462957628024679,0.5816854496494269,2,-0.07787624410302592,-0.017050294023453573,3.6109179126442243,-2.3148995477370473,4.981291424643535,7.492194332315064,0.9996154493234312,13.854899526192646,7.258534604945706
ABK,ETH,AF4,,,,,,,,,,0,-0.5127610824936034,0.06651285544128883,1.0986122886681098,-1.322062624529756,3.9512437185814275,4.752263050898302,0.0,8.5956346177228,
ABL,USA,NA1,0.001927133784419265,-0.009531826326464713,0.011458960110883971,-0.0008560967615034246,-0.004083631957866072,-0.00116766780242652,0.001927133784419265,,,0,-0.7382986633437426,-0.5142067107132753,1.0986122886681098,-1.0621022301720984,1.9042091589090757,4.810434108343913,0.0,9.22009266341886,10.894689012037176
ABM,AUS,SW1,-0.05575483636889237,-0.119467673993043,0.06371283762415059,0.046517075171093575,-0.014377808517389729,-0.02341996009058157,-0.05575483636889237,,0.6362876957558339,2,-0.530778807288927,0.2263383555143002,2.6390573296152584,-1.6333562788818163,2.270883144404819,5.8374560509296485,0.0,9.970725551801806,10.871826484872283
ABQ,USA,NA1,-0.010933961708657625,-0.012307290170049254,0.0013733284613916285,-0.0005356822453106373,0.0005874797820019274,-0.010865596309939742,-0.010954499881839629,,0.6247130648610175,2,0.41235190027768776,-0.222994133506846,4.912654885736052,-2.328286775230153,4.676137361124114,6.96362623784074,0.00011873360455890174,15.448803073420205,10.894689012037176
ABR,USA,NA1,-0.03618169916743204,-0.04298220470149801,0.0068005055340659695,0.00760851197275113,-0.002358365924153765,-0.031401892223324325,-0.03618169916743204,,0.5665446956579733,1,-0.41390197381573396,-0.18427487034921913,2.0794415416798357,-1.6257992304421245,3.459790405663701,5.6641306746203135,0.0,11.415566187197888,10.894689012037176
ABS,EGY,AF1,-0.1284255002853106,-0.12659960570557993,-0.0018258945797306738,0.00455966238820395,-0.004685962401671997,-0.12924607209725103,-0.1284255002853106,,0.5835880690262494,1,-0.4294936524733,-0.010992192062620025,0.6931471805599453,-1.7099949280104585,4.993898464109433,5.367961942846129,0.0,12.30377994993422,7.97317803761651
ABT,SAU,ME1,-0.012875781718953913,-0.005592686343298672,-0.0072830953756552385,-0.001977597101268727,0.007750209464483964,-0.007497560862382196,-0.012875781718953913,,,0,-0.4495839658325364,0.06540479086161227,1.0986122886681098,-1.929973596245126,4.828239258190554,6.410133332134575,0.0,11.989861261129741,9.96160515693424
ABV,NGA,AF3,0.016432026552421784,0.008959537808798079,0.007472488743623702,-0.012062948078023935,-0.0029514558281710053,0.0019456631762567013,0.01822573686839897,0.017434532672724358,0.6252162275384685,1,-0.2006653718323553,2.323191651162597,2.6390573296152584,-1.9833841146024835,4.833327673513682,6.724188525634277,0.08412602595682948,14.312243748201908,
ABX,AUS,SW1,0.01959598281119588,-0.004633829774189556,0.024229812585385445,0.0012379620747009737,-0.022107010530545902,-0.001000976381494908,0.01959598281119588,,0.5754222156776106,1,-0.40542063076635804,-0.09537330990759739,1.6094379124341003,-1.5520713592756943,3.3234498006477864,5.966044304608825,0.0,11.990785650493743,10.871826484872283
ABY,USA,NA1,0.006207020569809497,-0.019071862272965964,0.025278882842775456,-0.00044643413753787855,0.0004167838533703999,0.0049002057513895135,0.006207020569809497,,0.5869306371632355,1,-0.2542563092038702,0.05245561737593419,3.367295829986474,-1.37310520009663,3.781776255742925,5.4588949063819046,0.0,10.967163271323342,10.894689012037176
ABZ,GBR,EU1,0.005671969282565122,0.008802624701367669,-0.003130655418802546,-0.004044098559386598,0.001960931720929519,0.003954006095394274,0.014230792689489544,-0.008605903003698338,0.5754872909013847,1,-0.02474306977259437,0.37152150049024024,3.8066624897703196,-2.1962289998422118,4.2813170832955105,6.476086230278975,0.3293208271644817,14.718662958708201,10.711795251008132
ACA,MEX,LA2,-0.01001832132997145,0.006247212569735084,-0.016265533899706548,-0.014553953673619821,0.004084827714525011,-0.019884008533794933,-0.009086677765839437,0.0048434539881752675,0.5645776959240818,1,-0.05268750111890394,-0.4769932176470784,3.6109179126442243,-2.2351615968191076,4.723421986695297,6.7082789116073265,0.18732331903107408,13.507737336597954,9.19803449697713
ACC,GHA,AF3,0.018572833859426645,0.026469360738355086,-0.007896526878928441,-0.015047551198497565,0.0058661292382273834,0.009613597617141409,0.0704168242468354,0.011806658032107203,0.5855814748799468,1,-0.0304824997538538,0.41705158720334545,3.58351893845611,-2.2990400282752623,4.98836105552202,7.9540452095373,0.961736515692539,14.039002048740528,7.094497930022228
ACE,ESP,EU1,0.0016943471602390609,8.48124085973739e-05,0.0016095347516416857,0.008685147839155635,-0.002120528014066702,0.007967316363172333,-0.0138807891408919,0.015262185689126921,0.6022120320393953,1,0.051306946435127995,0.9073607336393101,4.204692619390966,-2.6384828289128563,4.9559161633860285,7.371286117672339,0.33873927388477454,14.6584496469802,10.216062049970796
ACH,CHE,EU1,0.005169716263650655,0.00905834053702244,-0.00388862427337179,-0.004252098611471929,0.0006214381245950647,0.0016898754500266132,,0.005169716263650655,0.569831011983822,1,-0.4221466860344301,0.5241905902736193,0.0,-2.0138537043233953,4.302655055054963,6.26530121273771,1.0,11.407620503324805,11.305337423201424
ACI,GGY,EU1,-0.016780023507928628,-0.002068587246958578,-0.014711436260970052,-0.0033080413266729355,0.016933105211666105,-0.004060367574266642,-0.016780023507928628,,,0,-0.5364867596694757,0.13959201723621364,1.6094379124341003,-1.3235319954750462,2.772588722239781,4.496630017412885,0.0,11.051778499434786,
ACK,USA,NA1,-0.00857046250461161,6.397372931063737e-05,-0.008634436233922252,-0.007137007204182089,0.0057040877276111086,-0.01040207066068351,-0.00857046250461161,,,0,-0.23182943831711086,-0.3124391283321636,3.091042453358316,-1.4383167219625248,2.429061904256634,4.97360088114383,0.0,12.377522822435493,10.894689012037176
ACR,COL,LA3,,,,,,,,,,0,-0.963808399956698,-0.8445894997509982,0.6931471805599453,-1.7115272149300698,3.044522437723423,5.522087227713375,0.0,7.463363045520021,8.506587672816924
ACT,USA,NA1,-0.024735413015185954,-0.043281900305168756,0.0185464872899828,-0.001631207365969919,-0.007481268073072138,-0.032966579820782035,-0.024717436360338643,,0.5802364753680107,1,-0.39334860275000494,0.15427094686907514,1.9459101490553132,-1.3586033439886358,3.5263605246161616,5.206800233208553,0.0,11.718377439153038,10.894689012037176
ACV,USA,NA1,-0.009861583334868092,0.03800408740264752,-0.0478656707375156,-0.0020789736172602265,-0.002044201366501143,-0.010333579386239133,-0.009861583334868092,,0.5697111883776376,1,-0.3385700593267741,0.017430092463236815,1.791759469228055,-1.8265733329045273,3.674634328231954,5.938022469553906,0.0,12.190827019314607,10.894689012037176
ACY,USA,NA1,-0.007114978764284937,0.00498463474604222,-0.012099613510327161,-0.007821098986077222,0.0034601720064407118,-0.011348836223311816,-0.00849133455812353,,0.5956496133396862,1,-0.17415998335844107,0.8469441898843079,3.4657359027997265,-2.592508869950832,4.877429130773391,7.285878684794151,0.0023296221158792866,13.334447599153558,10.894689012037176
ADA,TUR,EU1,0.003411325949971423,0.00421483060610381,-0.0008035046561323847,-0.005246721046893177,0.0011379773014112366,-0.0006026037330446755,0.007888538678217132,-0.021401358887252735,0.5747860330309147,1,-0.18961334064005478,0.6817756608504837,3.044522437723423,-2.378307357917112,5.054067899902588,6.568071861738293,0.158785845504818,13.773221863365128,9.04517480014172
ADB,TUR,EU1,0.009333190590518058,0.009982190094301527,-0.0006489995037834757,0.003045453580423547,-0.0020655811828313507,0.010285226835159663,0.005680063748822026,0.022817408853071965,0.6174962448969605,2,-0.05272144672983797,0.8596592750195476,3.6888794541139363,-2.4942184428511514,5.047628274917151,6.7426759184403755,0.2735482378375476,14.744890846577766,9.04517480014172
ADD,ETH,AF4,-0.0017191722969824947,-0.010760717570469914,0.009041545273487418,-0.0008782033381546258,-0.004441342959576462,-0.006952253841983237,-0.010364763154917089,-6.75197108090683e-05,,0,0.24031868486367608,0.9726833444653626,4.204692619390966,-2.3615358205361487,4.9704150812672,7.913155244175899,0.9175365165896371,14.55953429608904,
ADE,YEM,ME1,0.075275242165505,0.13483503929363863,-0.030429311250550366,0.009748245597822783,-0.006868929181648232,0.11114393632807233,,0.07862776368189989,0.5812284681475128,1,-0.14384141503132078,-0.06929838041484153,3.1780538303479458,-2.2408175806949746,5.029849472425431,6.776512861681186,0.372476028870901,12.414459855602406,7.7123323607144
ADK,USA,NA1,-0.006904325033884192,-0.004877639931458922,-0.002026685102425278,0.0026934527960878673,0.00666471617379194,0.00226966752091178,-0.006904325033884192,,,0,-0.515306225336531,-0.2965425642952896,0.6931471805599453,-1.663413574047882,4.146979997606543,7.47472045774196,0.0,8.781708985836179,10.894689012037176
ADL,AUS,SW1,0.016332716127158538,-0.006871333369012593,0.023204049496171112,1.4348277627348268e-05,-0.018805847576738866,-0.00259319513405239,0.015493105954547701,0.02466378282687782,0.5894591576045649,2,0.0427455818977723,-0.12530711062980343,3.367295829986474,-2.154481186492753,4.432215690598772,7.243020837263798,0.07198987609977182,15.226594112376324,10.871826484872283
ADQ,USA,NA1,-0.003806711654558111,0.016047666975688026,-0.01985437863024614,-0.008644591766937881,0.010902706528604316,-0.0015578633693211787,-0.003806711654558111,,0.5604356950282545,2,-0.49118329740607775,-0.32749297044970227,1.0986122886681098,-1.5514920120444136,3.3457379130096405,5.907030206278407,0.0,12.108696833776367,10.894689012037176
ADU,IRN,ME1,0.02025370003146132,0.026028888255467803,-0.005775188224006483,0.0007215100762112143,0.005930598134846574,0.02667520799429888,0.02097844854226194,,,0,-0.49178736283844876,1.07901283453425,0.0,-1.9155872618746024,4.653185170295014,5.963418689860702,0.0,11.616375156165253,8.533994841936796
ADZ,COL,LA3,-0.02462113083291982,-0.014404904106346258,-0.01021622672657356,-0.0004372898650643683,-0.0023099977144278258,-0.02733618653705889,-0.02724510201562666,0.011586220037820238,0.5838196993863065,2,-0.42236667563876085,-0.36677731777545,2.0794415416798357,-2.2654319043462094,4.588582836162189,6.910258148859681,0.06462367211632637,13.18236662974014,8.506587672816924
AEP,ARG,LA4,0.014363171981335934,0.018982851460057886,-0.004619679478721972,0.0019798434481863433,-0.0021535654320828813,0.01404657273157932,0.018843484635061917,-0.0032973217961685323,0.6055221684877208,2,-0.04378951481202518,-0.27841587949560875,3.7612001156935624,-2.2849799661401784,4.884327372815183,6.932193798632625,0.10680025912633463,15.197836304540688,9.45812987103844
AER,RUS,EU2,-0.0031689777559771636,0.0017105212091394876,-0.004879498965116657,-0.0016813389386616143,-0.0028401118753853165,-0.007649335907721461,-0.00788684317512154,0.057972284779340716,0.647419742185533,2,-0.0182023947659392,0.6626808401919365,4.07753744390572,-2.0021084187519875,4.729937956675135,7.376872359184701,0.06169026815305815,13.652596256199537,9.064204880368637
AES,NOR,EU1,0.0046615555437867166,0.005195947996235538,-0.0005343924524488214,0.01356908486228569,-0.0016348934742433099,0.015533894573767852,-0.003194467447735831,0.10539436862040401,0.5903511746577235,1,-0.3373492417387849,0.020002338522594944,2.1972245773362196,-1.9972089464867981,4.945612995826677,5.834564954854139,0.014784928658305324,13.324003784362455,11.24000991778092
AET,USA,NA1,-0.006473579799894641,-0.014429006726304837,0.007955426926410195,-0.0007023240961203671,-0.0022345305815267428,-0.009184697817217657,-0.006473579799894641,,0.6019447075943051,1,-0.5607132428440507,-0.1739328951629705,1.0986122886681098,-1.5411511468990093,2.038625883311446,4.9908592148398805,0.0,9.44351345892757,10.894689012037176
AEX,USA,NA1,-0.0007186785285515434,-0.009259327553859494,0.008540649025307951,0.004369608356254046,-0.0018939694535739134,0.0013125888996975026,-0.00047191631324433234,,0.6810524278362797,2,-0.04913056203288382,1.349618391285193,4.143134726391533,-1.7776268690048964,3.6974288953702388,6.1709621129625205,0.0,12.292878584752243,10.894689012037176
AEY,ISL,EU1,0.008472711560757025,0.007978614113072942,0.0004940974476840827,-0.0025285391023498302,-0.008294829090001739,-0.0020071726533072037,0.0084190906209802,,0.6247673357467864,2,-0.4097367571162004,0.4583289574114522,1.9459101490553132,-1.8016244179115894,3.8213300998984456,5.6248999962465955,0.02157221455240375,11.8984667384369,10.923369718717666
AFA,ARG,LA4,0.0006039861007612687,1.7748825933369163e-06,0.0006022112181679299,-0.018179864114407293,0.0012290317488629426,-0.015960260449800378,0.0006039861007612687,,0.5407932843828436,1,-0.6937655090201988,0.10476290781991546,0.6931471805599453,-2.306832603372443,4.800831426308438,6.820963320447819,0.0,10.491190880632498,9.45812987103844
AFL,BRA,LA4,0.0071571267804797015,-0.00390815717446763,0.011065283954947339,0.0004609110304075901,-0.013778550195034626,-0.006271370590890177,0.0071571267804797015,,0.6010644855115432,2,-0.5259668363308313,-0.7211703655568664,1.6094379124341003,-1.8573247411666103,4.12373738935953,6.017099411016115,0.0,10.089884128483222,8.987603389267655
AGA,MAR,AF1,0.008657993844387991,-0.002201267865317578,0.01085926170970557,0.004702815707503227,-0.0033286834454067373,0.009635812600010719,0.001150985167759055,0.01455245618786253,0.6356236582697907,2,-0.09092869975664046,0.5609200009524397,3.58351893845611,-2.5831830557764595,4.846714063762641,7.334518131480717,0.5721804769369331,13.324126385167034,7.84016154894035
AGB,DEU,EU1,,,,,,,,,0.5912638872463638,2,,,,,,,,,10.56082813498111
AGF,FRA,EU1,0.03595618628851397,0.035684026645000234,0.0002721596435137443,-0.00024174904171340295,0.018837711241980568,0.05511450251746599,0.03595618628851397,,0.5828060967391685,2,-0.5104115197880811,0.08963682178618496,0.0,-2.068830710236352,3.828641396489095,6.255750041753367,0.0,10.23552138255841,10.500183536717612
AGH,SWE,EU1,0.03687136982814758,0.05549560301060186,-0.018624233182454254,-0.0028198230894739386,-0.00464284249553136,0.030400149205243098,0.03718343329228322,,0.6069292538587616,2,-0.4543954985194182,-0.21247514369201992,1.0986122886681098,-1.97889033051096,4.510315447825694,6.158283500238353,0.0,12.19831261421871,10.804911375886864
AGP,ESP,EU1,-0.016187690135797156,-0.015349438170496922,-0.0008382519653002366,0.0027127154370817806,-0.0018125658115863649,-0.015331224079472969,-0.029119934346582967,-0.010711841169908967,,0,0.2820664700567911,1.1518819705184336,4.663439094112067,-2.6206374536322032,5.024290602488199,7.283801745792114,0.6669494901816562,15.930301627496124,10.216062049970796
AGR,IND,AS1,,,,,,,,,,0,-0.4868178266375208,-3.716465176727,1.0986122886681098,-1.6120094999649248,4.219507705176107,5.274975626832192,0.0,7.77485576666552,6.97470991159236
AGS,USA,NA1,0.0032301333595971143,0.0027489085612344825,0.00048122479836262724,-0.009226049114370766,0.012239605108531788,0.004960499562944882,0.0032301333595971143,,0.6580194589249675,2,-0.0016422453287108464,-0.6585720624542177,4.204692619390966,-1.5006694249730714,3.923196788070021,5.452094055891602,0.0,12.45449010386504,10.894689012037176
AGT,PRY,LA4,-0.03041745805347576,-0.0812315244703303,0.04886273223308414,0.001457716129861969,-0.040650085624954396,-0.0687387975002601,0.005775628863460536,,,0,-0.4027318674277018,0.8806731925325032,1.6094379124341003,-2.1705116254086354,4.7412744081783265,6.628178174298646,0.7822994063516575,12.663535466531574,8.420766507531503
AGU,MEX,LA2,-0.027147155352712712,-0.0028359614743089677,-0.024311193878403754,0.0003966300281383459,-0.0060696926437846885,-0.032630900712703755,-0.022717707814783505,-0.041400213932000524,0.5837454312534898,1,-0.23748709835869683,-0.209527511044737,2.995732273553991,-2.1535475188384865,4.533940804617247,6.781436388112962,0.2307755670543129,12.900776114444923,9.19803449697713
AGX,IND,AS1,0.003475442206945222,0.013749982360047925,-0.01027454015310269,0.00046873976383584286,-0.011542474637643827,-0.009486925710159685,0.003475442206945222,,,0,-0.5366628519908153,0.9102938390341432,0.6931471805599453,-1.8077144853577727,3.9208726207051288,6.142974865707431,0.0,8.683046555502886,6.97470991159236
AHB,SAU,ME1,-0.033436035515059,-0.01817085659138746,-0.015265178923671529,-0.002765183779283054,0.018549228992941265,-0.017512552700365697,-0.03420156627165271,,,0,-0.38788198521950995,0.23560299723822709,2.1972245773362196,-2.203331991720754,5.037253296159317,6.6294690755628585,0.0,13.793148377805617,9.96160515693424
AHO,ITA,EU1,0.022993253833844936,0.014510067564416522,0.008483186269428419,-0.011746960312519298,-0.0013045517832926984,0.010122633162849545,0.03412811172100098,-0.012534764719141453,0.6330398235648074,2,-0.24057056779494385,0.8793592798552676,3.044522437723423,-2.4562928090749487,4.997429486453968,6.658218732517766,0.42212354282638564,13.64967790886307,10.438808040299792
AHS,HND,LA2,,,,,,,,,0.642152058183054,2,-0.6456908182373072,1.3047576501636713,1.0986122886681098,-1.5648945796352105,2.978197459091395,5.376946775684816,0.0,9.12238309321704,7.6658449958021375
AHU,MAR,AF1,,,,,,,,,0.5536387777343694,1,-0.36838911861330503,-0.8112618935694116,1.6094379124341003,-2.46109489549721,4.253322282797675,7.45948730737234,0.8504165711228312,9.479068956510876,7.84016154894035
AIA,USA,NA1,-0.06372188031332224,-0.09961278193978776,0.03589090162646552,-0.06973447185622728,0.02705872435389866,-0.10741446983105063,-0.06372188031332224,,0.5437467230120977,1,-0.4733207541747852,-0.40293553306688845,0.6931471805599453,-1.510866707358439,2.9444389791664403,5.374647532639583,0.0,9.843153513496429,10.894689012037176
AIN,USA,NA1,-0.05048466476281823,-0.058090305200609,0.00760564043779077,-0.005504809021187481,0.007477971836953956,-0.04863102785182442,-0.05048466476281823,,0.6100225719818229,2,-0.7450372589490407,0.05128489965776179,0.6931471805599453,-1.2837542379663769,2.1235261223674664,4.889935710066808,0.0,9.815639461962933,10.894689012037176
AIT,COK,SW1,-0.0033829866328226026,-0.004200233429255823,0.0008172467964332188,0.0006400649297867921,0.001125098750430075,-0.0018181151305032561,-0.003405478812035896,,0.5713381064600236,1,-0.6333912455193074,0.7199011110450184,0.6931471805599453,-1.4887761064320784,3.4125651471962968,5.561650979099765,0.0,10.481588573774557,
AIU,COK,SW1,,,,,,,,,0.5732310368090755,1,-0.6368496232264824,0.13423885639651315,0.6931471805599453,-1.67915043964792,2.772588722239781,5.338701855304659,0.0,8.805674944038582,
AJA,FRA,EU1,0.009470477912715724,0.006402239477611328,0.0030682384351043996,0.004655490885954821,-0.002701821385421059,0.010925395983123781,0.00853115096410419,,0.551683745524301,1,-0.2528070953806404,0.1766567342062172,2.833213344056216,-2.3313970236849766,4.770467839355865,6.422583561034387,0.018661600304495648,13.341770356419135,10.500183536717612
AJF,SAU,ME1,-0.05596870877964897,-0.03819260619377475,-0.017776102585874226,0.0004650061671060993,0.0022604012045330186,-0.05322365987504924,-0.037227623149063235,,,0,-0.4233989669098199,0.5729584619421928,2.1972245773362196,-1.9668331956526077,4.732869608213565,6.548485198631262,0.0,12.322205431384182,9.96160515693424
AJN,COM,AF4,,,,,,,,,,0,-0.5844540663036247,2.877234696959739,1.6094379124341003,-1.464332407110319,3.3844929802068373,5.148342085235705,0.5427280197206245,10.282197923335472,7.100601499068937
AJR,SWE,EU1,-0.029148451711227603,-0.03014116437554428,0.000992712664316702,-0.06867732419499646,0.01973853222454082,-0.07205567838015164,-0.01648169465548682,,0.6479589438993845,2,-0.44055627396832014,0.3510313354604375,1.0986122886681098,-1.4966997306770606,3.969707039283413,5.462235004622502,0.04961634526675817,10.70191774575062,10.804911375886864
AJU,BRA,LA4,0.01617042504727053,0.00825467751802723,0.007915747529243306,0.0018813138988620778,-0.007873843612029386,0.009694258308922553,0.01617042504727053,,0.5675371344176038,1,-0.3375916267914396,-0.0450483268121561,2.5649493574615367,-2.300494561939437,4.9194318980311404,6.432415506168519,0.0,13.350631376280402,8.987603389267655
AKA,CHN,AS4,,,,,,,,,,0,-0.6277646935156003,-0.9592381257067236,0.0,-1.3938355817222117,3.434447927828933,5.333525660409903,0.0,9.069237530998182,8.391574866779688
AKF,LBY,AF1,,,,,,,,,,0,-0.5534126563510299,1.4485162100995332,0.6931471805599453,-2.0748719904777517,4.811040408631844,6.832150075245926,0.0,10.356217853111406,9.526096668898754
AKI,USA,NA1,0.03623557199614357,0.020314147757838134,0.015921424238305438,0.003280928336013824,-0.019073850932321133,0.020193608060198674,0.03623557199614357,,,0,-0.7308673709259021,-0.9059182829561838,1.3862943611198906,-0.00965987367513876,1.791759469228055,3.1327683870285346,0.0,8.83927669058535,10.894689012037176
AKJ,JPN,AS4,-0.015969254490784457,-0.0006729375652617551,-0.015296316925522711,0.004678334059581653,0.002073486528938554,-0.00930863927865648,-0.016803333626593933,,,0,-0.2874593220124303,-0.05233794753244605,1.791759469228055,-2.4145758050092625,5.471717575337983,6.899949927483717,0.03649931695192587,13.65455628610401,10.433822702828955
AKL,NZL,SW1,-0.004289830785122629,-0.007059338667920743,0.002769507882798114,-0.007334316535175002,-0.00037145508295906315,-0.01190841309098404,-0.008840410134482548,-0.0004517373307480325,0.5773429595643103,1,0.4090814085036259,-0.004509138505292356,4.007333185232471,-2.337337468439748,4.76759054656746,8.077799348938749,0.5662351760320551,15.937518531748,10.502717308818164
AKN,USA,NA1,-0.023519330652328092,-0.02169564263108807,-0.0018236880212400238,0.015391491541999182,-0.003084187325664521,-0.011679994064592785,-0.023519330652328092,,0.5342637670009439,1,-0.44183391662376953,-0.5245967147216409,2.4849066497880004,-1.1310742716387205,2.5286965781845168,5.93355845854933,0.0,11.22854460418483,10.894689012037176
AKP,USA,NA1,-0.0062719706960598165,-0.010349772207985644,0.00407780151192583,-0.017119399250894556,0.0031839477446634606,-0.019889178536527875,-0.0062719706960598165,,0.5982719000752255,1,-0.5611004683335281,-0.18791576551687486,1.0986122886681098,-2.0266149997357226,1.9812701295944788,5.734437197887969,0.0,9.320807825002154,10.894689012037176
AKU,CHN,AS4,-0.00543310371195128,-0.003159291121864006,-0.0022738125900872708,-0.03246971048393296,0.016588812698822685,-0.019962965544165937,-0.00543310371195128,,,0,-0.5968692148381137,2.1298768940459563,0.0,-2.5115106899955553,4.248495242049359,7.0109195490407865,0.0,11.023861332985751,8.391574866779688
AKV,CAN,NA1,0.028442338316488222,0.008395757718797026,0.020046580597691183,-0.01501018889019964,0.026546897400672512,0.04436193134503332,0.028442338316488222,,,0,-0.719177082144491,0.24065317685068793,1.0986122886681098,-1.5724926420334613,2.9444389791664403,5.0045385737739005,0.0,9.57644075656207,10.64796624715158
AKX,KAZ,AS2,-0.017830081037160037,-0.067735438867359,0.04990535783019896,0.010344351030324168,-0.015296991492891321,-0.023169200525377718,-0.018635900244798154,0.04279330268226506,0.6045010229630701,1,-0.36356209013365687,1.4853764510561966,1.9459101490553132,-2.2452057063368405,4.142464631533472,7.1870714406537894,0.05840522266262532,11.829544787316607,8.99179572921663
AKY,MMR,AS3,-0.08086558272002212,-0.07415980815199567,-0.006705774568026467,-0.005775486003204383,0.010936118732705263,-0.07561996252684602,-0.08083537599757296,,0.5655986830319738,1,-0.6080398349734552,0.6590979187142936,1.0986122886681098,-1.7462873122941733,4.097634520490985,5.90250373962973,0.0,10.970798354703502,
ALA,KAZ,AS2,0.002677132949919666,0.003483516735333014,-0.0008063837854133532,0.004149371571390491,0.0032006533693386347,0.009882510091314967,-0.0021002998225718257,0.0073203320693109395,0.6064608549454578,2,0.01222575176337733,0.5694570743586675,3.8066624897703196,-1.8562747478002526,4.858055326755561,7.704522718291068,0.5055671570102008,14.42439041136561,8.99179572921663
ALB,USA,NA1,-0.014852439038904975,-0.007758878233608869,-0.007093560805296105,0.0003099669655410997,5.331123407232616e-05,-0.014493133651492365,-0.014711523902525381,,0.5825035462281546,1,0.30425117402878493,-0.06722799859921967,4.867534450455582,-2.1833880884588903,4.264214982399826,6.792368752759781,0.007547300643883111,14.518112897294975,10.894689012037176
ALC,ESP,EU1,-0.0008800960666703374,-0.0023357697159118603,0.0014556736492415227,0.0015334179142858615,-0.0027708109349791005,-0.0022213665948006213,0.0011274083052977089,-0.0003336088652155255,0.6181885825074965,1,0.2542247342742203,1.369634680753731,4.605170185988092,-2.597888348579482,5.045250220778977,7.187717590491781,0.7316892921174174,15.507724792188114,10.216062049970796
ALF,NOR,EU1,-0.008330763270540036,-0.003493900834044404,-0.00483686243649563,0.0011780238856330338,0.002240096490462629,-0.00512276863721468,-0.008608960054131351,,0.5771363095794804,1,-0.4351290819309335,-0.21625399566990705,2.5649493574615367,-2.294076874161424,4.385731199333959,6.568821268659873,0.0,12.555633846693103,11.24000991778092
ALG,DZA,AF1,-0.009134354102866879,0.000872373139438399,-0.010006727242305273,0.0082055458918417,0.005055783994085917,0.003636182109680983,-0.0171018820753256,-0.006484775172620888,0.6274336819047612,2,0.12529170864327777,0.43028119830683914,4.1588830833596715,-2.4004079429457557,4.9832676783014795,7.1000206459105435,0.6850276214076653,14.89124513611046,8.375456929632021
ALH,AUS,SW1,0.021269396551383365,0.007534012898210899,0.013735383653172468,-0.0008524427385526586,-0.004180798521655387,0.015826726629566988,0.021269396551383365,,0.6016884860268557,2,-0.5680494086344254,0.3235130919787077,0.0,-1.8879371476239277,3.828641396489095,5.926473626833563,0.0,10.572700582800442,10.871826484872283
ALM,USA,NA1,,,,,,,,,0.5879084740782359,2,-0.5611506485303248,-0.05389905512172507,0.6931471805599453,-1.4419920599959029,2.9444389791664403,5.300399861186812,0.0,9.38378935026654,10.894689012037176
ALO,USA,NA1,0.008709750675051923,0.009753220606815206,-0.0010434699317632824,0.0005099859827883914,0.006252994489400103,0.014987806531576144,0.008709750675051923,,0.5562053810234998,2,-0.47522999016021794,-1.8189624692342499,1.3862943611198906,-1.4948254020032392,3.6055295112873975,5.583496308781699,0.0,10.830282917055369,10.894689012037176
ALP,SYR,ME1,,,,,,,,,0.6050269482999802,1,-0.04876033550182561,0.9067240347801253,3.6109179126442243,-2.4424062419084986,4.956983020746108,7.180179370986874,0.613623117007473,13.26468898729562,7.252542786111778
ALS,USA,NA1,0.010090872273274366,0.002410764693055805,0.007680107580218561,-0.0034017965421618236,-0.0013804161158510325,0.005313351049832745,0.010090872273274366,,0.5695501875228208,1,-0.46593665842123805,-0.8311944528206249,0.0,-1.614156897008143,2.9444389791664403,5.662960480135946,0.0,9.789254458374703,10.894689012037176
ALW,USA,NA1,-0.0014860998666477564,-0.022969046805440513,0.021482946938792755,0.0031778281447313894,-0.01208898745829665,-0.011943090339094284,-0.0014860998666477564,,0.5813720615214837,2,-0.4559736115498245,-0.9251482688227415,1.0986122886681098,-1.5557511388207923,3.5716712532083954,5.822142530440648,0.0,10.597209567846916,10.894689012037176
AMA,USA,NA1,0.0038678140829365576,0.003154178075977952,0.0007136360069586085,-0.0005113805338894197,0.0005409090945376449,0.003978631512369534,0.0038678140829365576,,0.6537649396907184,2,0.06824837319286556,-0.006621746896724813,4.356708826689592,-2.104864004304817,4.41343317723611,6.37554834974671,0.0,13.529902333602223,10.894689012037176
AMD,IND,AS1,-0.02169392962400042,-0.02391301535143441,0.0022190857274339824,0.0045144363520046365,-0.0040460156487640495,-0.021264177964407126,-0.02604788519339552,0.007072040569223876,0.5988336704843997,1,-0.011916817729167537,1.601117050003692,3.4011973816621555,-2.455822745719398,5.091108428137661,6.967433387206956,0.10916537321337934,14.815708520614116,6.97470991159236
AMH,ETH,AF4,0.017274922452037756,-0.004867792035212399,0.022142714487250154,0.02172791822872201,-0.011737235391988926,0.02861553348732268,0.017274922452037756,,,0,-0.5218550230789621,-0.24121522144115956,0.6931471805599453,-1.6348712048809295,2.9158833455535733,5.446571241303541,0.0,8.286521373681236,
AMI,IDN,AS3,,,,,,,,,0.5761923508673379,1,-0.3112193780972254,0.02286804848775471,1.791759469228055,-2.097858790231513,4.7414737156407565,6.3920039056905384,0.04610722845606282,12.940388160627746,7.764360911576746
AMM,JOR,ME1,0.010293953239819392,0.015818672804719158,-0.0055247195648997615,0.00026145677658661714,0.0002795222965078711,0.01082597863094825,-0.014420120594126045,0.01065940668147327,,0,0.1682447320462263,0.2858117596696798,4.127134385045092,-2.283087158341588,4.963221492023375,7.7102549537244265,0.9824484439143942,14.910247346573986,8.363424641484205
AMQ,IDN,AS3,-0.025391142751808843,-0.012072320653329425,-0.013318822098479424,-0.016848718599855976,-0.0023371143116840297,-0.04477369324356187,-0.025391142751808843,,0.5449723703473625,1,-0.43763596343324807,0.015566593302444968,2.0794415416798357,-2.4182860259548193,4.867252752806657,7.117214717126313,0.0,12.478600470210278,7.764360911576746
AMS,NLD,EU1,-0.01212759583197575,-0.010107943367689961,-0.0020196524642857863,0.004909274221469318,0.0032050958915654506,-0.004131678799950938,,-0.012011017135487759,0.5867706435935252,1,1.0406511028395498,0.2591591626107316,5.666426688112432,-2.1348246477405866,4.840004019157219,7.828106259057927,0.9961343623020936,17.30481127299241,10.724269588094538
ANC,USA,NA1,-0.010559799961088825,-0.009892947766412852,-0.0006668521946759743,-0.0004242806758960253,-0.0028259101334260853,-0.013815125347453092,-0.008754392274925103,,0.5830868940990492,1,0.5855400823178376,-0.34697827337837656,4.532599493153256,-0.3798996193015387,3.845730869242303,7.761528199329758,0.08659580351194848,15.136399889303057,10.894689012037176
ANF,CHL,LA4,0.012428783942586237,0.012659360684324822,-0.00023057674173858705,-0.0006680203252955139,-0.0010812452561444678,0.010492807919769651,0.012555266717680258,,0.5655938321078687,1,-0.3976280190824033,0.085911181964913,2.1972245773362196,-2.2923015783562386,4.844400050338236,6.609341911240971,0.0,13.73769819455615,9.310307425489734
ANI,USA,NA1,-0.02233619051037334,-0.03311494603328636,0.010778755522913032,0.005585818626463287,-9.084897978302027e-05,-0.017086780896586735,-0.02233619051037334,,,0,-0.38103800488265815,0.2158751852843283,2.6390573296152584,-1.1633970067589683,2.1573462295714636,5.501643846002023,0.0,11.194522982538457,10.894689012037176
ANM,MDG,AF4,,,,,,,,,0.5609422836083955,1,-0.6002183761217716,-0.24420610391256423,1.0986122886681098,-1.6075273853976257,3.8918202981106265,5.769642237953427,0.0,8.941676305360163,6.16075460811433
ANR,BEL,EU1,-0.07421346004198612,-0.059856246580482976,-0.014357213461503131,-0.06470840472970794,0.03126333394694261,-0.10377787056668131,,-0.07448155894064315,0.5579650065601724,2,-0.429976439213499,-0.5922509921966881,1.3862943611198906,-1.9660406434825675,3.909561568224369,5.892550381343309,1.0,11.589275208190742,10.609553039325432
ANS,PER,LA3,,,,,,,,,0.560538447675497,1,-0.5500035564622165,-0.8533729401481804,0.6931471805599453,-0.9181015643084064,3.784488632275998,4.612141346581599,0.0,8.808369153122275,8.391128985115767
ANU,ATG,LA1,0.0007001182522517082,-0.007227700146005667,0.007927818398257378,-0.010709918824088671,-0.00043375184003784876,-0.010239579365416028,,0.0008870687856161333,,0,0.014501137683770869,-0.1237977103847995,3.912023005428146,-2.2428017370895317,4.168402432277756,7.382697404632136,1.0,13.774224914308702,
ANV,USA,NA1,-0.017931969225151015,-0.02835036093673966,0.010418391711588622,0.024273839689472852,-0.016495474723117,-0.01127490459543562,-0.017931969225151015,,0.5773152055786788,1,-0.7230274875501107,0.14846795276954147,1.3862943611198906,-0.26632132649381796,1.8168243165730027,3.1520344985185957,0.0,9.354786976341211,10.894689012037176
ANX,NOR,EU1,-0.0033469559824133677,-0.003371005701651789,2.404971923842137e-05,0.004530976495624527,-0.003118861349293851,-0.002265949619173199,-0.0033469559824133677,,0.5793361421230794,1,-0.5780600331581863,-0.14957624980965217,1.3862943611198906,-1.2833681269008494,3.7143752661584757,5.035778335618007,0.0,10.99851007235368,11.24000991778092
AOG,CHN,AS4,,,,,,,,,,0,,,,,,,,,8.391574866779688
AOI,ITA,EU1,-0.02887533223462782,-0.03862104631041699,0.009745714075789164,0.01544824910344874,-0.0024456479773280974,-0.01697903116722514,-0.0376135178931709,-0.002081792008275072,,0,-0.2799245869025,0.4299099950703613,2.4849066497880004,-2.3371200713838927,4.240148585441866,6.396942071908515,0.38377989446995137,13.054033143467473,10.438808040299792
AOJ,JPN,AS4,-0.014515862329182255,-0.010496308469327871,-0.004019553859854381,-0.005635802639301,0.005035638980238267,-0.015132243082208157,-0.012350826858217714,-0.0374640526606468,0.5698119153496822,1,-0.28002913374210864,0.0277512475708381,2.0794415416798357,-2.238460598019146,5.381572225976834,6.452100269043236,0.03821123718962136,13.84177169587295,10.433822702828955
AOK,GRC,EU1,-0.04804531923776592,-0.029559662498603215,-0.0184856567391627,-0.04313139049109401,0.04037452130140797,-0.04861673582510638,-0.03823141809215778,,,0,-0.29496310253793284,1.0517587944421138,2.4849066497880004,-2.278289441708865,4.025635472603392,6.4353472292281015,0.24890050127683722,11.345500402412362,10.08471240855404
AOO,USA,NA1,0.049065163118032225,-0.02725529286124423,0.07632045597927645,-0.04618035720833934,0.04420325573515197,0.06033043360513725,0.049065163118032225,,,0,-0.4109667678883702,-0.28985076155573747,1.0986122886681098,-1.2013663263461063,3.2506089536665588,4.93841522733269,0.0,10.275257984120195,10.894689012037176
AOR,MYS,AS3,0.003941921407314699,0.00599004103525088,-0.0020481196279361845,-0.0029559524726523903,-0.00349905774678587,-0.002290198886301757,0.004118236466656634,,,0,-0.3781705481798196,-0.08747522110982542,0.0,-2.138355637921677,5.033098858383661,6.013715156042802,0.0,12.302018986577382,8.957973567306357
AOU,LAO,AS3,,,,,,,,,,0,,,,,,,,,7.170954560494024
APF,USA,NA1,,,,,,,,,0.7115347652755827,3,-0.3067449531870668,-1.3274696009201026,2.995732273553991,-1.9399429708474896,3.183843881568648,6.620303572647409,0.0,10.296171326279559,10.894689012037176
APL,MOZ,AF2,0.005218198467221866,0.007005835957937276,-0.0017876374907154157,0.01479014920593566,-0.00949722248381538,0.00966053265693742,0.0037889603337196666,,0.6319229752302076,1,-0.4028029226102186,1.609478882285023,2.1972245773362196,-1.9446438156667167,4.676757213683317,6.36285870099225,0.0,11.940086831160153,6.091422034290103
APN,USA,NA1,0.013415696575606234,0.014128442270684594,-0.0007127456950783582,0.04921714639759517,-0.0227696953495106,0.03783465869785774,0.013415696575606234,,,0,-0.4445115951834603,0.19719142678470597,1.3862943611198906,-1.5250175086898177,3.4965075614664802,5.516553044281784,0.0,10.64877641749902,10.894689012037176
APO,COL,LA3,0.037861882175876424,0.02642024613076669,0.011441636045109749,0.0006528820676898366,-0.005928877859704432,0.03387187260114627,0.037861882175876424,,,0,-0.7562333704267415,0.7739760370807088,0.0,-1.4283034048031518,3.8192702364200044,5.298317366548036,0.0,11.28949437231997,8.506587672816924
APW,WSM,SW1,-0.017587331733518966,-0.03863523929165831,0.02104790755813935,0.011263645939808485,-0.006787309823126988,-0.013347643322318765,,-0.01773966085321022,0.5975941066870079,2,-0.2619638706702981,0.5325731830596767,2.302585092994046,-2.6140474695129123,4.310640541836296,7.760586890895967,0.9984954800104587,12.360067598946989,8.247548800913659
AQG,CHN,AS4,,,,,,0.040505752351640945,,,0.5555640505935839,1,-0.4978415885305452,-2.097608845635285,0.6931471805599453,-1.2783738506588447,3.912023005428146,4.940355881083839,0.0,7.824046010856292,8.391574866779688
AQI,SAU,ME1,-0.04854115274556075,-0.04424896319859987,-0.004292189546960893,0.012603697639262832,-0.0037276330904293894,-0.04045861067013804,-0.04854115274556075,,,0,-0.45524563695672604,0.5657180978167522,1.6094379124341003,-1.8637981279800375,4.3387010720832695,6.232180667234575,0.0,11.199364743531556,9.96160515693424
AQJ,JOR,ME1,-0.05009169201601363,-0.047949696975190484,-0.002141995040823132,0.023431621398697547,-0.009498902948363778,-0.03786044251591417,-0.050922707708501005,-0.014907697248183987,0.5786205986344997,1,-0.32150625817102985,0.8728992541004511,2.1972245773362196,-2.39656991121246,4.840490319648235,6.629191150919796,0.5344532185966223,12.645964944919092,8.363424641484205
AQP,PER,LA3,-0.0009609461171274928,0.0020483163806318586,-0.0030092624977593537,-0.00042534010051583065,0.0018190976079537303,7.775466004868994e-05,-0.0025334884917448566,,0.5793995965598254,2,-0.43506788230211346,-0.6246567089119617,1.3862943611198906,-2.1738455297012917,4.8092529624251315,6.330667481648317,0.0,13.284373377419461,8.391128985115767
ARC,USA,NA1,-0.015239194367130018,-0.025645723527459086,0.010406529160329072,-0.015375307355381843,-0.01403380995098546,-0.043845984637096824,-0.015239194367130018,,,0,-0.5558536137167318,0.6114162588820012,1.3862943611198906,-0.8240872689990282,1.5743237717325864,5.010785293875949,0.0,8.41913925094085,10.894689012037176
ARH,RUS,EU2,0.027107655475850423,0.04243174535377138,-0.01532408987792094,-0.005609738407877636,0.0027810804983436138,0.02443949684255004,0.028029410845351568,,0.5936632185116599,1,-0.3300004213141087,0.5673571745016456,2.772588722239781,-1.9230260598312416,4.4468418350894625,6.738426460339121,0.0,12.540914983158816,9.064204880368637
ARI,CHL,LA4,0.02413031726569502,0.024841608403573974,-0.0007112911378789626,0.00023411189183982634,-0.007532329143488467,0.01590844281689909,0.00920490221525233,,0.576814126367336,1,-0.38557523469194244,-0.4604105497213392,2.0794415416798357,-1.948809640587973,4.840421051601712,5.837041782250838,0.0004924934466597824,12.43631096932025,9.310307425489734
ARM,AUS,SW1,0.006214682382502315,-0.040345306582201895,0.04655998896470418,0.00013183853231391032,-0.05246297593047146,-0.04744956621526995,0.006214682382502315,,0.5738719664466937,1,-0.4272314436266758,-0.527012136646377,0.0,-1.1220115130778667,3.076794285409077,5.940400818556022,0.0,11.021640996411072,10.871826484872283
ARN,SWE,EU1,-0.005496768193118107,-0.003296778144543438,-0.0021999900485746697,-0.006992530675703728,-0.0006920795876088475,-0.01296509672296265,-0.0007022531437981291,-0.00690256070965385,0.752486354711707,3,0.5422597485032776,-0.08258789237614017,4.90527477843843,-2.2803195484289804,4.736038459603827,7.11715687051378,0.695592444229947,16.25567137922101,10.804911375886864
ART,USA,NA1,-0.06782292585378191,-0.03415257410338013,-0.03367035175040174,0.0012433639780364942,0.0093912365521444,-0.058303493776075896,-0.06782292585378191,,,0,-0.4166634521134654,0.5919757010056294,1.6094379124341003,-1.623734186376517,2.9444389791664403,5.625884182293117,0.0,10.597933888827693,10.894689012037176
ARU,BRA,LA4,,,,,,,,,0.613541918110716,2,-0.6459504449320153,0.3363774992804193,0.6931471805599453,-1.672104757350117,3.9146080451703757,5.4700049000791715,0.0,11.282316617544748,8.987603389267655
ASA,ERI,AF4,,,,,,,,,0.5222497136533686,1,-0.6072101486696146,-0.6920784091341664,0.6931471805599453,-1.8928280108572633,4.715381303752429,6.155967025737224,0.0,9.406729185981574,6.670858460762138
ASB,TKM,AS2,-0.05858496439003212,-0.07237945434962899,0.013794489959596874,0.025959442366971577,-0.01523850576043049,-0.0482800251305249,,-0.02014570191957102,0.5863525624296516,1,-0.16713915408586802,1.29653418117567,2.833213344056216,-2.4559715421266186,5.071690768169482,7.880402754610849,1.0,12.886494197658841,8.04368367984642
ASD,BHS,LA1,,,,,,,,,0.5640052722891086,1,-0.5422497035725914,-2.387819620809629,0.0,-1.6051100029983127,2.9444389791664403,5.642244737664266,1.0,8.186185994226083,10.420772350869472
ASE,USA,NA1,0.006251242867317151,0.00017508019389599007,0.0060761626734211595,-0.028720638295332678,0.01086818501852376,-0.010322320501578244,0.006251242867317151,,,0,-0.21689273117679453,-0.17106577079177968,3.091042453358316,-1.798610805919763,4.043077634362245,6.036829259563776,0.0,12.622869967535003,10.894689012037176
ASF,RUS,EU2,0.022110037517730753,0.029017110099862294,-0.006907072582131553,-0.0008434114873465789,-0.0020992901029929724,0.01893159033640843,0.01910179247622534,0.04652765993807819,0.6587945536492787,2,-0.41207527780923103,0.9373637593752613,1.6094379124341003,-1.812272179474687,4.429282313951983,7.105299473979662,0.0673014072971547,11.751792747949377,9.064204880368637
ASI,SHN,AF3,,,,,,,,,,0,-0.7684637796406488,-0.004796172263493055,0.0,-2.508917740467797,5.703782474656201,8.783319600902301,1.0,11.041320554357519,
ASJ,JPN,AS4,-0.07100381785429499,-0.10162046047639167,0.03061664262209666,0.03431101993251623,-0.013262800467220996,-0.05167922532811303,-0.07100381785429499,,0.5784073300636536,2,-0.47998722060021826,-0.5507004288573721,1.0986122886681098,-2.205359470076548,5.0889182124903,6.4137106609886,0.0,12.827841969929757,10.433822702828955
ASM,ERI,AF4,-0.006162102016349491,-0.00940992999341515,0.0032478279770656593,-0.01338990798553511,-0.0016640668014462645,-0.019671477164471464,,0.0025135872745555036,,0,-0.23016536886574396,-0.3509509763433093,2.6390573296152584,-2.2530098308788697,5.0369187814953875,7.044786169673942,0.8380796157878716,12.086173622751225,6.670858460762138
ASO,ETH,AF4,-0.016081895247143135,-0.014603018078520187,-0.0014788771686229476,0.01083518746354429,-0.003340387741586367,-0.008906105994773077,-0.016081895247143135,,,0,-0.5110609330708872,1.4229463142796877,1.0986122886681098,-1.998302420720607,3.9512437185814275,5.898480606877548,0.0,9.293577970546238,
ASP,AUS,SW1,0.003214392044551646,-0.03927434063889278,0.04248873268344443,0.0024833601440536887,-0.04278280340402617,-0.03680574555859417,0.003214392044551646,,0.5952265705929956,2,-0.32617294295407345,-0.6927852859560468,2.1972245773362196,-1.8720464936394914,4.2375739751743176,7.311429796830162,0.0,12.969233176711077,10.871826484872283
ASR,TUR,EU1,0.013206639911960721,0.019209337937248074,-0.006002698025287358,0.005901584276409359,-0.0018041849750077773,0.017074904250283664,0.014684536668484963,0.01780360489996843,0.6262587779355344,1,-0.2688839469329818,1.4849351644430813,2.3978952727983707,-2.3542982127191183,5.082617307946487,6.535196545729935,0.12186608670849972,12.544257700155061,9.04517480014172
ASU,PRY,LA4,8.203074536964564e-05,-0.011986356670164157,0.012068387415533802,0.007682947898729588,-0.008423673284579741,-0.001182855250185222,-0.03897844620292579,0.008459878755880794,0.5690503252058554,2,-0.25258328578328426,-0.21907878968679004,2.772588722239781,-2.3587767609256827,4.816434541014261,6.818677508765734,0.7793497737614892,13.338416249162297,8.420766507531503
ASW,EGY,AF1,-0.02578729425384362,-0.018982452065264718,-0.006804842188578906,-0.008344289889786052,0.0007825351287366342,-0.033092991698161045,-0.02464125144491982,,0.5493934269106934,1,-0.34441042524284393,-0.37253036012999796,2.0794415416798357,-2.043783230008714,4.881858635362566,6.043265182995254,0.002157364600125586,13.207891321317645,7.97317803761651
ATC,BHS,LA1,,,,,,,,,0.5700569801194815,1,-0.5455143442140246,-0.03928492067200384,1.3862943611198906,-1.3588401763310523,3.5754771464649733,5.085004437465716,0.0,8.669227347271736,10.420772350869472
ATH,GRC,EU1,-0.016883941346679456,-0.011181087997614409,-0.005702853349065051,-0.009615963546141785,-0.0013288421182834932,-0.02733812082282644,-0.012564515401528541,-0.01992843801066758,0.7286039656236557,3,0.5004973715790315,0.2727970210084504,4.875197323201151,-2.384010674741674,4.863958633240382,7.235876038950331,0.6148530397456428,16.289385329737772,10.08471240855404
ATK,USA,NA1,-0.05216479909091457,-0.05163388569858508,-0.0005309133923294912,-0.004299466579358507,0.0070232663968140315,-0.05077046115878858,-0.05216479909091457,,0.6155087382258475,2,-0.7454069529377848,0.09601853033841279,0.6931471805599453,-1.1575071728436879,2.0736932680462803,4.597727251513096,0.0,9.44643963445061,10.894689012037176
ATL,USA,NA1,-0.005084850186641558,-0.003444035728921088,-0.0016408144577204685,-0.00041651983614375624,0.0012750357772247786,-0.004231773476562936,-0.005704582435681034,-0.0003616173015155919,0.5877869477407651,1,1.1183543553237727,0.044749794545675826,5.69035945432406,-2.282816198341643,4.728208863282061,7.371558300886004,0.10978329656944855,17.855921905677533,10.894689012037176
ATM,BRA,LA4,0.016985292676840614,0.024556655442364916,-0.007571362765524309,-0.002403357697952426,-0.013017200610874956,0.0021513776256941964,0.016985292676840614,,0.5456457866633045,1,-0.6059755129692398,-0.4499795911959131,2.0794415416798357,-1.6098025233014788,3.828641396489095,5.911470484613348,0.0,10.210457413895194,8.987603389267655
ATQ,IND,AS1,-0.010931946114026793,-0.00045066376638910324,-0.010481282347637694,-0.020661485357353876,0.006150590802074595,-0.024630095456288574,-0.015396023349154995,-0.0317367310753405,0.69175096803924,2,-0.14279276568766963,2.2286015249718845,2.6390573296152584,-2.4274100471478683,5.222325133256596,7.931384822652613,0.655488327098977,13.326121846238388,6.97470991159236
ATR,MRT,AF3,,,,,,,,,,0,,,,,,,,,7.354750155176972
ATT,USA,NA1,0.03462869244777293,0.010276953702482695,0.024351738745290247,-0.01955878114105302,-0.009901151811286986,0.005103244578059798,0.03462869244777293,,0.5802674827414964,1,-0.7382458821600231,-0.7134170222469304,1.0986122886681098,-0.14618563005945998,1.6231830589835217,3.6428284855749364,0.0,9.097955241381392,10.894689012037176
ATW,USA,NA1,-0.014293557549770932,-0.018009352150882837,0.0037157946011119047,0.005405771305822383,-0.0040332360157371685,-0.013052497407219664,-0.014309620303025065,,0.6574242170672242,2,-0.02861717358780707,-0.1154465983698028,4.110873864173311,-1.54873801853015,3.7602341106987653,6.1485274684477575,0.0,13.00796660189201,10.894689012037176
ATY,USA,NA1,0.004257766484509902,0.01570265263867329,-0.01144488615416338,-0.01572820305771966,0.000531391206312289,-0.01062615924269942,0.004257766484509902,,,0,-0.4812679942306306,-0.2739892647667025,1.0986122886681098,-1.5362885679098863,3.5016093146515863,5.531520336029015,0.0,11.001032605243815,10.894689012037176
AUA,ABW,LA1,-0.0039391534859241125,-0.0015697869523772071,-0.002369366533546904,-0.005216463835090269,-0.0025675575361915432,-0.0113033488274464,,-0.003942355046503072,0.581412657164347,1,0.036633876382647944,-0.33858696329808063,3.784189633918261,-2.3731857340503946,4.623970776681295,7.699702992990389,1.0,13.986087583623272,10.294070416319771
AUC,COL,LA3,-0.010459298758737247,-0.02480345554397819,0.01434415678524094,0.0030004966822908016,-0.0015861036306663826,-0.00924668601351747,-0.010459298758737247,,0.5577819056036233,1,-0.5240209372267834,-0.5639210841533437,0.6931471805599453,-1.9279448536246648,4.036873762270381,6.079803859492719,0.0,10.961486158318941,8.506587672816924
AUG,USA,NA1,0.0212637795148065,0.017283624685741947,0.003980154829064553,-0.01093885999820087,0.0030618634741062267,0.014707539989557008,0.0212637795148065,,,0,-0.4377250934795188,-0.3111598849333527,1.0986122886681098,-1.483491271588656,2.9444389791664403,5.34561714718671,0.0,10.085684101516932,10.894689012037176
AUH,ARE,ME1,0.013060036677873161,0.024612428918197267,-0.011552392240324106,0.0020643755053617544,-0.00041625789753686206,0.014658063819914822,,0.013786509571980155,0.7270293390544696,3,0.3506625957933355,0.3171860235016169,4.406719247264253,-2.2159612007402982,5.382581846927699,8.053349156167608,0.9863959951412911,15.57136111729297,10.859741336515528
AUK,USA,NA1,-0.010264632221603391,-0.01911164441314504,0.008847012191541642,-0.004892937047135783,-0.011553048901459882,-0.025296795547392607,-0.010264632221603391,,0.5690418995521013,1,-0.7065120755819216,-0.6600758844709169,1.791759469228055,0.23815428231350072,1.8047010438239752,2.776095607803177,0.0,9.700881652439467,10.894689012037176
AUQ,PYF,SW1,0.005767016040473867,-0.0025684782195791235,0.008335494260052995,0.006753021519950685,-0.005424523340269051,0.007731703564472022,0.005767016040473867,,,0,-0.5510667178432083,1.0885007748724556,1.3862943611198906,-2.023802902328447,3.3752183245890905,6.030889883702964,0.0,9.977806216778427,9.982692936106211
AUR,FRA,EU1,0.019434173750967173,0.02284350067671428,-0.0034093269257471056,-0.006877265790718036,0.01017849590136902,0.022971465248272323,0.0192885340156544,,0.5858936421293406,2,-0.5135361329497157,1.2000174320570662,0.0,-1.8029094925662814,3.828641396489095,6.285576660045092,0.0,10.033199159057785,10.500183536717612
AUS,USA,NA1,-0.016064684043948108,-0.016335130895985445,0.00027044685203733265,0.0011301119711019042,-7.89495396611503e-05,-0.0150403009445168,-0.015751362734467422,,0.5894356803897007,1,0.40268513834385383,0.0033684419889581435,4.90527477843843,-2.2524085822738575,4.695500303507971,6.984030792521232,0.003839780888447263,15.62671262236446,10.894689012037176
AUX,BRA,LA4,0.05672886808563836,0.04051008876491633,0.01621877932072204,-0.02169431978529336,-0.003343219482854682,0.03238717936360961,0.05672886808563836,,0.5785311526525179,2,-0.38975236668710167,-0.004930166107858721,2.5649493574615367,-1.8899161614283861,3.9660429162948554,6.4075995883067955,0.0,9.840973647146885,8.987603389267655
AUY,VUT,SW1,-0.005089937469138132,-0.007619865356274895,0.0025299278871367655,-0.006079318273034901,-0.00901836449194616,-0.020242814080293426,-0.005089937469138132,,0.5825263179136231,1,-0.7092956900829024,-1.0814526683852832,1.0986122886681098,-1.6808582697157564,2.2364837897868934,4.77481142969245,0.0,6.946013991099227,7.934420995814924
AVI,CUB,LA1,,,,,,,,,0.5432186735117055,2,-0.5530078846503985,-4.4071764597998415,0.0,-1.8612399443842227,3.8430301339411947,5.961005339623274,0.0,6.327936783729195,8.734844252548541
AVL,USA,NA1,0.007722654681042801,0.006568531411212941,0.001154123269829861,-0.0031298553729191135,0.004562880154372648,0.008560499567545253,0.007722654681042801,,0.6587137579211959,2,0.07820649673658872,-0.3102099737464311,4.430816798843313,-1.7229033286319115,3.8870131743240504,6.055328167334385,0.0,12.915951566565662,10.894689012037176
AVP,USA,NA1,-0.015965271161166774,-0.010376106222385509,-0.005589164938781269,-0.014013093775781808,0.008640191052098227,-0.020546678849842178,-0.015912972486264314,,0.7300485270912227,3,-0.06989911046824475,-0.6972399078251551,3.970291913552122,-1.7468707552420382,3.8009551382047633,6.410823760571006,0.0,12.655905454705088,10.894689012037176
AWZ,IRN,ME1,-0.007430920584028436,-0.022046279147088045,0.014615358563059611,0.004413812332906604,-0.008698040379774279,-0.012792421744010738,-0.006308892827198021,-0.024350218271635304,,0,-0.3397122287461899,0.6242677356138681,2.1972245773362196,-1.8411301664866908,4.963590025808326,6.29811964716823,0.06816159788846217,13.198420306250382,8.533994841936796
AXA,AIA,LA1,0.019416865006308386,-0.029782471956610653,0.04919933696291903,-0.00976694375333328,0.0010220567856841613,0.015992659927648263,,0.019416865006308386,0.5692522261426082,1,-0.44159695805759996,-0.4169787157593437,2.3978952727983707,-1.6982309086234486,3.2121558127720866,5.348483673976356,1.0,11.479347998704231,
AXD,GRC,EU1,0.008048111891222506,0.01003838049086281,-0.001990268599640308,-0.003228600136128668,-0.0002597909910058391,0.004570238053155818,0.00884449993083358,,0.5767751255177169,1,-0.4281221405664637,0.7399157558398802,1.6094379124341003,-2.037031534766816,4.849330193436425,5.931860788145324,0.0019337857437017672,12.316701260353986,10.08471240855404
AXK,YEM,ME1,,,,,,,,,,0,,,,,,,,,7.7123323607144
AXM,COL,LA3,0.020448210297367417,0.029369550013906762,-0.008921339716539344,0.014004257955346912,-0.012370248001526208,0.02035068979151532,0.019923508326467772,,0.5628934550097187,1,-0.49572305339988104,-0.1531623383575711,0.0,-1.5046573349011485,4.234651196587413,5.192485902250118,0.0,11.522895597607539,8.506587672816924
AXP,BHS,LA1,-0.0011587765227002802,-0.0013938025881383986,0.00023502606543811982,0.003364920405808021,-0.005665212793933166,-0.0031466824298295383,-0.0011587765227002802,,0.5701006377401552,1,-0.5586418624850257,0.14553294860928576,0.6931471805599453,-1.742418009083453,3.912023005428146,5.611747039064039,0.0,8.691146498539675,10.420772350869472
AXT,JPN,AS4,0.002717319565721521,0.005957029267048689,-0.003239709701327168,3.404290915456648e-05,0.0009999002208977584,0.0033712870885405986,0.0022836542261173405,,,0,-0.28537515192718693,-0.18622463276356505,2.1972245773362196,-2.0139555417891417,5.028818133266426,6.2460987348641845,0.03251904002930409,13.729165867780509,10.433822702828955
AXU,ETH,AF4,0.01965019886795074,-0.0104162094071792,0.03006640827512992,0.04327035074466958,-0.025910712468184945,0.034490227291917946,0.01965019886795074,,,0,-0.47877185956506024,0.6891320904552497,1.791759469228055,-1.6715886579763146,3.991358602451002,5.270176376610867,0.0,10.374865237335007,
AYP,PER,LA3,-0.04511700168778859,0.002859885053237506,-0.04797688674102609,-0.00032307147830446507,0.02570448698892853,-0.01953344636789779,-0.04511700168778859,,0.5807065010247265,2,-0.5500035564622131,-3.0017180894293602,0.6931471805599453,-1.6298217601332239,3.784488632275998,5.8289456176102075,0.0,8.808369153122275,8.391128985115767
AYQ,AUS,SW1,-0.0010217753419919642,-0.03689439038872606,0.03587261504673408,-0.0008173733654734791,-0.037584553656214076,-0.039305600867694426,-0.0010217753419919642,,0.5600148678792155,1,-0.3603967591009699,-0.6547396174403604,1.9459101490553132,-1.8855721527199574,4.222710941463125,7.430177307497447,0.0,12.602708893701518,10.871826484872283
AYT,TUR,EU1,0.013707982383965873,0.016158321476931622,-0.0024503390929657386,0.0039768554906835585,-0.0063125138084171705,0.011525205184531179,0.009854287550244218,0.02185867988159197,0.6563972667901081,2,0.099559412850009,1.2078472471599448,4.219507705176107,-2.5091027628066107,5.197625676665487,7.299374215328108,0.5767400412627609,14.910981250315682,9.04517480014172
AZD,IRN,ME1,0.012626912675729199,0.00271903013321446,0.009907882542514736,0.009084630187780898,-0.0013812637438487007,0.019898981719906086,0.007257323722285268,,0.5945845873277489,1,-0.49640273871089907,0.3884166024336238,0.6931471805599453,-1.97655788507402,4.6458504858049,6.257491557116901,0.0,11.882189828559243,8.533994841936796
AZN,UZB,AS2,0.018452342408843584,0.02866790069926528,-0.010215558290421718,0.00048336326848270937,0.004318150152685578,0.023552563701964322,0.02938381121007142,0.006589244149810491,0.610738055134664,1,-0.4204686729454787,0.19458235002733157,2.1972245773362196,-1.7345817162626844,4.889865176065497,6.9109800551128355,0.3563137156189794,11.545305526433143,7.480855759504145
AZO,USA,NA1,-0.01676676811134721,-0.011222324656516378,-0.005544443454830829,-0.0011751195695265356,0.0011986309393699347,-0.01712487923744312,-0.01676676811134721,,0.7166176017485985,3,-0.0400364277667098,-0.6876722491316112,4.060443010546419,-1.4034512345253505,3.955341152039983,5.559533609652461,0.0,12.746523088775998,10.894689012037176
AZR,DZA,AF1,-0.15367137209425802,-0.10939678954790173,-0.04427458254635633,-0.002170743705032269,0.0043468616909833335,-0.15107713339586087,-0.15338807577050306,,,0,-0.5310375989350892,-0.9556344607009066,1.3862943611198906,-2.207487855541837,4.305884665015196,6.84518085450304,0.0,10.22208672762263,8.375456929632021
BAG,PHL,AS3,,,,,,,,,0.5708726973501557,1,-0.483795524502631,0.029950509850241332,0.0,-1.2601845611687814,3.933167734657091,5.342334251964811,0.0,9.833065088239582,7.700452054329457
BAH,BHR,ME1,0.0064672361451046,0.01042239379774455,-0.00395515765263995,-0.008520906724205215,-0.0012960971704307359,-0.003049605547349637,,0.006469237363875918,0.6160603486764167,2,0.21029374455904468,0.47297624049943826,4.0943445622221,-2.1184617926393745,5.112327083923401,7.508540402924466,1.0,15.616352985286811,10.048128391361669
BAL,TUR,EU1,0.04008135539038084,0.046126767204126236,-0.006045411813745445,-0.005689363432589228,0.0002996193182047764,0.034937584562569846,0.03961253329866604,,0.5782958087790606,1,-0.44554578992846405,0.6005403843464409,0.6931471805599453,-2.3918456727518493,5.007803908552232,6.894195621865901,0.0,11.112597140967216,9.04517480014172
BAQ,COL,LA3,0.0013508417813209586,0.004161435937365546,-0.002810594156044586,-0.008314538783497513,-0.0037128641515911946,-0.009999241680373767,0.0041964519018772945,-0.020020324015138806,0.6634272820094412,3,-0.18688551047333277,-0.3485528216787398,2.833213344056216,-2.106379436241783,4.651071542787141,6.702334307607538,0.15138200688410616,13.616533871303108,8.506587672816924
BAU,BRA,EU1,,,,,,,,,0.5908913546595527,2,-0.6957326901330124,0.6471586819803583,1.3862943611198906,-1.6749825723191911,3.8958736782977,5.4762515835192005,0.0,11.98566285408702,8.987603389267655
BAV,CHN,AS4,0.023465246024015618,0.016192744661544484,0.007272501362471141,0.0016501137496338157,-0.00552857952604748,0.01951051181881667,0.023785607401209233,,,0,-0.33353066584987295,2.1365843398290454,2.1972245773362196,-2.204282735284808,4.852322437954299,6.496988530067268,0.0,12.763279820799887,8.391574866779688
BAX,RUS,AS4,-0.03010960475776322,-0.042690441777193736,0.012580837019430531,0.0038085992330381814,-0.015984753345446228,-0.042398740042014264,-0.030942968476440263,,0.6566701392669134,2,-0.35868796615543386,1.0011182809811447,2.5649493574615367,-2.0672552712389805,4.736224411486107,7.865281727516415,0.0,12.504757712412141,9.064204880368637
BAY,ROU,EU2,,,,,,,,,0.5988339248326225,1,-0.5397519221619761,-1.2343098345359846,0.6931471805599453,-1.9937054800849559,3.871201010907891,5.912621048564901,0.0,9.322239464473592,8.92051918100169
BBA,CHL,LA4,-0.01471551461556972,-0.015030134261234887,0.0003146196456651723,-0.016114867579142458,0.005066357313158959,-0.023888301474946076,-0.01471551461556972,,,0,-0.4503284152846054,0.6863221049961472,1.6094379124341003,-2.279961950700511,4.857910092546047,6.523903653634367,0.0,12.329842170791169,9.310307425489734
BBI,IND,AS1,-0.022696412940976178,-0.03368488609115541,0.010988473150179232,0.006409616748560278,-0.009174107535617159,-0.025894763868974414,-0.021876236480274827,,,0,-0.35305373746264407,1.310877687923404,2.0794415416798357,-2.383204548477642,4.688347430551445,6.852080370900249,0.0,13.209333420206379,6.97470991159236
BBK,BWA,AF2,0.03458844317462643,0.04425681750018279,-0.00966837432555634,0.0011134843085225505,0.0029532833560852517,0.03852494726968278,0.011435624707035696,,0.5811780916321428,2,-0.7183510097144258,-1.2321763861476709,0.6931471805599453,-1.9191658306993378,3.8918202981106265,6.482014574602742,0.0,9.095826985187422,8.713686428500589
BBN,MYS,AS3,-0.026547509707157073,-0.026547509707157083,9.855794725272776e-18,0.009829775875294555,-0.004171435298352514,-0.021205803449290773,-0.026547509707157073,,,0,-0.6587162512518687,0.4328272098197347,1.0986122886681098,-1.5721989027523242,2.9444389791664403,4.985273547036625,0.0,9.650078074026442,8.957973567306357
BBO,SOM,AF4,,,,,,,,,0.6445837200973126,2,-0.388695399002883,0.3006293438344606,1.6094379124341003,-2.0312233575292162,4.700480365792417,7.285620047972872,0.5,10.449873351700669,
BBQ,ATG,LA1,,,,,,,,,,0,,,,,,,,,
BBU,ROU,EU2,,,,,,,,,0.6934130912153239,3,-0.12163586045869422,0.803636081195681,3.58351893845611,-2.5865483985484894,4.933206858193066,7.256098630900118,0.963985844703667,13.52476513156461,8.92051918100169
BCA,CUB,LA1,-0.0731550712646036,-0.04826794127464852,-0.02488712998995506,0.0012370789706865732,0.014263543374670616,-0.05732255335830961,-0.0731550712646036,,,0,-0.5508003157249722,-2.2881246066629917,0.0,-2.0994106356132543,3.8419306286077775,6.7650389767805414,0.0,7.10002716662926,8.734844252548541
BCD,PHL,AS3,0.017237261463643058,0.016722552414615423,0.0005147090490276355,0.0011733043952739937,-0.007761297912563241,0.01074601894368174,0.017373891413677286,,,0,-0.40362060421348456,0.6275133666037508,0.6931471805599453,-2.1501568794594803,4.948940367111873,6.013548431566243,0.0,13.141787501704737,7.700452054329457
BCI,AUS,SW1,-0.005928301159737081,-0.03363908761098331,0.027710786451246285,-0.011837270955270918,-0.023210472221216374,-0.04478963826067427,-0.005928301159737081,,0.5884582268965797,2,-0.5402559492654734,0.5165935725055651,1.0986122886681098,-0.7623379421388733,3.2024356909159284,4.864257715315766,0.0,8.951828676824181,10.871826484872283
BCL,CRI,LA2,,,,,,,,,0.5693321884954792,1,-0.5348472337797732,-0.030036518853616436,0.6931471805599453,-1.3922352276414576,2.740840023925201,4.47006846818782,0.0,9.333884558067638,9.188044812282184
BCN,ESP,EU1,-0.018028432311694695,-0.018268999174306504,0.00024056686261180843,0.0033048495548800797,-0.0021549448201498367,-0.017134061413356858,-0.022261009291713638,-0.014231484050868545,0.5954738276961804,1,0.6971835708603968,0.650284379722979,5.19295685089021,-2.4018536562184796,4.935700673865456,6.863024710953416,0.5022462677541714,16.981228909837938,10.216062049970796
BCV,BLZ,LA2,,,,,,,,,,0,,,,,,,,,8.774286490019918
BDA,BMU,LA1,-0.017750405593906074,-0.014835309897043472,-0.002915095696862607,0.006007954002425727,0.002632807762074525,-0.009249785746874925,,-0.017750405593906074,0.739629536525899,3,-0.16734441395300587,-0.16075599178285882,3.258096538021482,-2.2936721109870177,4.984314207196267,7.548975417170552,1.0,13.558454679054254,
BDB,AUS,SW1,0.008013095790641285,-0.04567745706984726,0.05369055286048855,0.0006427923336454044,-0.03818364413481855,-0.029954513799226035,0.008013095790641285,,0.5741355793244995,2,-0.5160676621293606,-1.1475666198231973,0.6931471805599453,-1.1879454388293027,3.2114797855079096,5.6439637979583885,0.0,11.264412822305477,10.871826484872283
BDH,IRN,ME1,0.013915629220520443,0.023514943520632357,-0.009599314300111943,-0.012168524022629678,0.004295947960971386,0.006367040478911309,-0.00691798853699194,,,0,-0.5134454689076609,-0.7030695728901739,0.6931471805599453,-1.9252286862048105,4.634728988229636,5.988961416889864,0.0,9.947934967271424,8.533994841936796
BDJ,IDN,AS3,0.01361175953428784,-0.006130716611412912,0.019742476145700752,-0.00030893657651794325,-0.009430981671191788,0.004057085952244916,0.013608533382187885,,0.5905798747465909,1,-0.3836214195021688,0.5415136372936828,2.4849066497880004,-2.1828961850488415,4.696413932714893,6.56880029032649,0.0,13.678221256092428,7.764360911576746
BDL,USA,NA1,-0.013316982307850111,-0.011072021314373976,-0.0022449609934761354,-0.003841812629794988,0.002177884781464758,-0.014887995633064019,-0.012198315588945744,-0.041292218420170876,0.6161301100086858,2,0.41534310776636596,-0.11373525214755482,4.9344739331306915,-2.3399012156793355,4.572282411124299,7.12829420249569,0.03930839878068885,15.314380195650065,10.894689012037176
BDO,IDN,AS3,0.036351132689729365,0.029029256505776996,0.007321876183952365,0.006268927496984537,-0.0033499665982208516,0.038644847885889184,0.03895385893756756,0.05384972147984095,0.6094621104709559,2,-0.32153097588822316,-1.184002165834126,1.9459101490553132,-2.2217066241333576,4.800309462997964,6.791390498923841,0.4086374781464983,12.126775076838285,7.764360911576746
BDP,NPL,AS1,-0.016228589628886028,-0.012636094578175674,-0.003592495050710351,-6.630912925194112e-05,-0.0004392024423946824,-0.01676580526988598,-0.016228589628886028,,,0,-0.5915563095656347,-0.5290855246009909,0.0,-1.6442417307968344,3.3873114626502683,5.69035945432406,0.0,9.28720881623276,6.450827592374355
BDQ,IND,AS1,-0.03038745620333036,-0.036969210098887526,0.006581753895557178,-0.00620689597812065,-0.0009030992234854153,-0.037290629711180884,-0.03038745620333036,,,0,-0.3640974465974563,1.3792234232232146,1.791759469228055,-2.296262049335051,4.868809837113906,6.269588798822162,0.0,13.091631967927565,6.97470991159236
BDS,ITA,EU1,0.013038996898829097,0.007108003591100901,0.005930993307728194,-0.0025692971219250576,-0.0019739181098956888,0.008034870927619446,0.014833658001687377,0.022793721394821914,,0,-0.2539136419622452,0.739246083259429,2.5649493574615367,-2.311386989757955,4.893096484262126,6.604186366822638,0.06315024424426163,13.445463750686018,10.438808040299792
BDU,NOR,EU1,-0.01673914024843647,-0.017641073979627553,0.0009019337311910829,-0.00158524041075321,0.0021279635222533834,-0.016466975266625505,-0.01673914024843647,,0.5656893858891788,1,-0.47793150500287335,-0.16180591108456763,0.0,-2.3955656195863693,4.937458897469669,6.949856455000773,0.0,11.79707380112387,11.24000991778092
BEB,GBR,EU1,0.03261851783136421,0.029113956399219397,0.003504561432144823,0.012547620758326022,-0.004323938136756509,0.04080963783706806,0.03261851783136421,,0.5961523991426807,1,-0.5044922003739808,-0.028966682613247613,1.3862943611198906,-1.5749288694416232,3.170649515543574,5.228412223124709,0.0,10.628835672884062,10.711795251008132
BEF,NIC,LA2,,,,,,,,,0.55771568660168,1,-0.6192811394554348,-3.092706070444716,0.0,-1.5363214470873265,3.044522437723423,5.085898843558962,0.0,8.790725628263576,7.440268694941515
BEG,SRB,EU2,0.006090223197364929,0.004811268049267658,0.0012789551480972706,-0.00233539588178346,-0.0009740767367974359,0.002860370035585273,,0.006119202735097603,0.6019612106929813,2,-0.01604077308999254,0.6555910664163154,3.8066624897703196,-2.253122967089342,4.616475677717626,6.802131684421197,0.9984086639407669,14.504037079703496,8.599929905320167
BEJ,IDN,AS3,,,,,,,,,,0,-0.6474832308021847,0.26038810388156347,1.6094379124341003,-2.0641913250655453,3.1780538303479458,5.321789722733179,0.0,10.31055138200799,7.764360911576746
BEL,BRA,LA4,0.034900559423845165,0.027463609219685825,0.007436950204159328,-0.007819167159692619,-0.008826467667324794,0.018519412152678508,0.03669206569505226,-0.021975901551961375,0.5887793955821998,2,-0.12033936240739973,0.1052791230692989,3.4339872044851463,-2.4035781105938745,4.92186836633354,6.961801646280631,0.016677074532564375,14.200801529775335,8.987603389267655
BEN,LBY,AF1,0.09964260927556726,0.09098571077675248,0.008656898498814757,0.010393053282745505,-0.048294732763365794,0.06229710795381313,0.1145398530705963,0.11988806638141405,,0,-0.24989566197568683,-0.24016173209791625,2.833213344056216,-1.74459453577582,4.89043205269143,6.744133168844703,0.2566714847579763,13.329447463043644,9.526096668898754
BES,FRA,EU1,-0.008353805203008626,-0.014160011070506273,0.0058062058674976415,0.005997729502698074,-0.003979468422597481,-0.006485130777059903,-0.00739974567655684,0.0008170421334296749,0.5726015796124199,1,-0.24645403110281638,0.3553667665398897,2.772588722239781,-2.1048697077186045,4.528154505289544,6.387619042261832,0.09432418854413546,13.445465198487351,10.500183536717612
BET,USA,NA1,0.005125837495544309,-0.004724477150647078,0.009850314646191386,-0.0014730563845503696,-0.003675622178770776,2.9857606364898284e-06,0.005125837495544309,,,0,-0.2411904388773658,-0.21840092970234354,3.58351893845611,-1.02975958156543,2.1679305872464787,5.75026581937317,0.0,12.381142975609935,10.894689012037176
BEU,AUS,SW1,,,,,,,,,0.5939339361385008,2,-0.5135921988389737,0.4745556310770547,1.9459101490553132,-0.9781787952403398,2.8903717578961645,5.134925554087857,0.0,8.232706009860976,10.871826484872283
BEW,MOZ,AF2,-0.004163108540480962,-0.003692652259784518,-0.00047045628069644586,0.00019654121653660446,-0.003912750873621102,-0.007536329759214834,-0.02293716617666474,0.05904289334327584,0.5939494425576483,1,-0.39183129547104584,0.9953002018431621,2.4849066497880004,-1.9872691621526124,4.521857752477955,6.524889723526778,0.044850067443710444,12.351488141628149,6.091422034290103
BEY,LBN,ME1,0.0044786048400596735,0.010055918810290776,-0.005577313970231098,-0.0009532635884499197,-0.0018506002720081027,0.0016983026677158844,,0.0044786048400596735,0.5872132253185757,1,0.11961118001953222,0.43324349534115403,4.110873864173311,-2.3279594154878094,5.081865131505042,7.567734706680613,1.0,14.804909362258988,8.878963460240485
BEZ,KIR,SW1,,,,,,,,,,0,,,,,,,,,7.267774765509127
BFD,USA,NA1,-0.020007434784989633,-0.03029441117377537,0.010286976388785724,-0.014277787582023563,0.0011138195924980674,-0.0396275500409361,-0.020007434784989633,,0.5767438661051174,1,-0.4055212400244609,0.6217264483219453,1.0986122886681098,-1.1445159398526328,3.5263605246161616,4.87366266328971,0.0,10.737178978088382,10.894689012037176
BFF,USA,NA1,0.02837652680549706,0.060093742100620115,-0.03171721529512305,-0.016479225691699552,0.003677407699619846,0.01087849066267694,0.02837652680549706,,0.5647107136159337,1,-0.46454434772150494,-0.5461804396748172,0.0,-1.5333376078328695,2.9444389791664403,5.484796933490655,0.0,9.87395574993009,10.894689012037176
BFI,USA,NA1,-0.05098748599281086,-0.014322293439405751,-0.07463171350285902,-0.013226574652218655,0.29665862477779853,0.20932691983743926,-0.06720573885660702,,,0,-0.24821407478666052,1.0136844532672038,2.6390573296152584,1.2047134943912845,2.0855016954142283,5.103229474584346,0.012956834025772832,11.170505576079114,10.894689012037176
BFL,USA,NA1,-0.003233731214175783,0.00021331078711326343,-0.003447042001289055,0.010513073863830779,-0.0041584129384114,0.0031229325051211156,0.0007466612767571325,,0.6082902260186009,1,-0.11504266360067127,-0.20282641185212705,3.7376696182833684,-2.016310313872544,3.8476684618508443,6.630658965357502,0.059509010562448374,12.426709056593163,10.894689012037176
BFN,ZAF,AF2,0.0046586234332884925,-0.004838841708013772,0.009497465141302265,0.003527205694135345,-0.00022002583081041568,0.007693415378725052,0.0046586234332884925,,,0,-0.4069495019657982,0.31842160921884266,1.791759469228055,-1.919142747143006,3.9428991425108637,6.3114218177726435,0.0,12.349830939669564,8.681252452011616
BFQ,PAN,LA2,0.03494425504055733,0.03777882816182263,-0.002834573121265313,-0.06439751560892874,0.0412250267104335,0.014755283408357222,0.03494425504055733,,,0,-0.7763886101678388,-0.5905605917848442,0.0,-1.7666753412025877,2.995732273553991,5.375278407684165,0.0,6.684611727667927,9.159851638232327
BFS,GBR,EU1,-0.013895974576808266,-0.015256453132922194,0.0013604785561139232,0.00131475186185293,0.0006235091915361504,-0.01223393570858268,-0.015933391037242922,-0.01129079561239942,0.6629403460008259,2,0.09583862045433957,0.6669078554137979,4.143134726391533,-2.42071388288959,5.002951714195247,6.706386119067879,0.24325926974869125,15.03623870426622,10.711795251008132
BGA,COL,LA3,0.014789988679783601,0.0026051153546450536,0.012184873325138554,0.0025147464889919945,-0.005539272053711283,0.01180052675624597,0.01377276820005115,0.005861922111987303,,0,-0.4564254411359491,-0.33852636931982316,1.9459101490553132,-1.7062914173817203,4.340777649922253,5.635705217933853,0.009862371165833488,13.094149070923157,8.506587672816924
BGF,CAF,AF3,-0.03915082883611089,-0.038198241028152335,-0.0009525878079585605,0.0006560080624078744,-0.022129334393307526,-0.05988595113921595,,-0.03915082883611089,0.5819476224710047,1,-0.31189258651633367,-0.03559393347983663,2.3978952727983707,-2.0971388043349086,4.791034681952346,7.3626780356357155,1.0,11.663162783291332,6.110941226410812
BGI,BRB,LA1,-0.014511809446097552,-0.011878293194413525,-0.0026335162516840285,0.0027829735463435396,0.0029973882650815415,-0.008723199734555778,,-0.014443614960211282,0.5876081185628834,1,0.07150503890291436,0.035057372639081805,3.970291913552122,-2.3135905750801364,4.592039566509051,7.887084113668931,0.9977920417504833,14.288133877822201,
BGM,USA,NA1,-0.028343636740907875,-0.024209176440580155,-0.004134460300327726,-0.008523470392741692,0.002489761561809978,-0.03351899019062537,-0.028343636740907875,,0.5905702187774882,2,-0.16869757740719715,-1.1230896388741511,3.5263605246161616,-1.6732081933161373,3.74201212222307,6.071273646985316,0.0,12.180811246211295,10.894689012037176
BGO,NOR,EU1,0.003401539897489155,0.00271863620558387,0.0006829036919052853,-0.002044195201409424,0.0016888360240355877,0.00305588574538445,0.0030731631713580817,0.008432042456233897,0.6198512847410922,2,-0.03754819949802162,-0.003921950961207375,3.7376696182833684,-2.0730126871266767,4.675267547462082,6.057201210248704,0.21282368968551355,15.109736229967766,11.24000991778092
BGR,USA,NA1,-0.009465091240830226,-0.023633456865123005,0.014168365624292786,0.0016590690565985943,0.0032122851567912302,-0.004389178326403377,-0.008328580605351311,,0.6535118125618968,2,-0.04574222976031175,-0.6436985423562978,3.970291913552122,-1.9825749528027514,3.8107923239571564,6.890518823035518,0.015472605850589601,12.60227835070616,10.894689012037176
BGY,ITA,EU1,-0.006242601011638963,-0.011090591561082703,0.004847990549443741,0.0015417033224694962,-0.0046063824036093656,-0.009330579698906896,0.03276659887085117,-0.018383240253165945,0.6180867558196901,1,0.09099687879836464,3.7679007297467155,4.356708826689592,-2.5087944170862664,5.080111218575631,6.818646170604391,0.8410318473513435,15.104709596860818,10.438808040299792
BHB,USA,NA1,-0.0024886554928087576,-0.006524893443881529,0.004036237951072772,-0.0018819151845858148,0.0010528245110857206,-0.0016996982231504167,-0.0024886554928087576,,,0,-0.4377295261768108,-0.3340941142162456,1.0986122886681098,-1.6093247402679225,2.9444389791664403,5.61698482888003,0.0,10.209169157096309,10.894689012037176
BHD,GBR,EU1,-0.0021629632146173026,-0.012015625100285223,0.00985266188566792,0.0003413063742718721,-0.006375824670863797,-0.007760277003081215,0.0004869190977770596,,,0,-0.14823926638217358,-0.1072809184026311,3.367295829986474,-2.0700082367305086,4.575227338410843,6.015958852987176,0.02311542991755006,14.598052273535592,10.711795251008132
BHE,NZL,SW1,-0.02034580762330888,-0.02986210957669708,0.009516301953388196,0.004679467743367676,-0.003802414479022381,-0.0190174487169526,-0.02034580762330888,,0.5586257897302663,1,-0.47751317182614006,0.05146533225126456,1.0986122886681098,-1.5680927893315384,2.9705680848400045,5.351922559179003,0.0,11.77684236962173,10.502717308818164
BHH,SAU,ME1,-0.0044424757249726275,0.0032373213252322184,-0.00767979705020485,-0.004953828673333249,-0.002148924380835316,-0.011218223901333889,-0.003828255527115852,,,0,-0.4507469789894012,0.43426701587423977,1.0986122886681098,-1.9088610551334018,4.795790545596741,6.422404112433016,0.0,11.958962936443383,9.96160515693424
BHI,ARG,LA4,0.010917099560226054,0.028290444431354082,-0.01737334487112803,-0.00503825812471567,0.0035484165368275507,0.00977015217551096,0.01093107794325804,,0.6198905878163915,3,-0.517686590351786,-1.4224594370086354,2.1972245773362196,-2.021378276780914,4.625775578174622,6.288807864921265,0.0,11.471655453438672,9.45812987103844
BHJ,IND,AS1,0.023490103480303528,0.023176752740959698,0.0003133507393438422,0.0005230446944436823,-0.00230403465086374,0.021531873672714905,0.023490103480303528,,0.6038546717652273,1,-0.4260111276395851,1.0046615579890834,0.0,-2.2457460485156373,4.97338863616066,6.3473892096560105,0.0,11.263104207069658,6.97470991159236
BHK,UZB,AS2,0.0025434521261569337,0.0033618621306075558,-0.0008184100044506244,0.013728892390097662,0.0002778312657561755,0.016157101672473327,-0.009763459646085168,0.02158980071426668,0.7915401300757767,3,-0.449680452285007,0.25871042316375326,1.0986122886681098,-2.280675314231508,4.796963786456853,7.411386224135109,0.5374138173631631,11.576885693929105,7.480855759504145
BHM,USA,NA1,-0.011855299130789206,-0.01673359178777948,0.0048782926569902844,0.0002568282377141826,-0.0024298519929320693,-0.01397096970031798,-0.011989507939508596,,0.5829979581885254,1,0.3090229610850832,-0.0891282736593821,4.859812404361672,-2.1440158415170134,4.498808858073443,6.7011422482811245,0.0,14.744786219556222,10.894689012037176
BHO,IND,AS1,-0.03575967567992262,-0.020463538748867263,-0.01529613693105537,0.012887056054761682,-0.005758050733087813,-0.028879361581872157,-0.03575967567992262,,,0,-0.3902169820108947,1.0872521993762414,1.3862943611198906,-2.21296794477897,4.844235862357732,6.106973568668258,0.0,12.567355954624064,6.97470991159236
BHQ,AUS,SW1,0.003293737841657037,0.0030462063842333787,0.0002475314574236574,-0.0008106274443594257,0.00027411712798703286,0.0023832368293209396,0.003293737841657037,,0.5936655176178234,2,-0.4328476499200316,-0.442746666836345,1.0986122886681098,-1.9665543205071836,3.4965075614664802,6.357929177290345,0.0,10.69394291556307,10.871826484872283
BHR,NPL,AS1,-0.030858978499485223,-0.049642836809425515,0.018783858309940307,-0.0008736919340032024,0.013019357288104641,-0.015831794390646227,-0.030858978499485223,,0.5620226536746066,1,-0.5885189975244812,0.24420355383893602,0.0,-1.3386595515946087,2.9076884785498827,4.532599493153256,0.0,9.688746104486063,6.450827592374355
BHS,AUS,SW1,0.0199083567479534,0.01781481550551155,0.0020935412424418465,-0.00569289244612557,0.0040854716540236185,0.019037026582128608,0.0199083567479534,,0.5602995564901745,1,-0.4658195414696661,-2.8454307849783023,1.0986122886681098,-1.379697967847398,3.487375077903208,5.264022929519947,0.0,7.581719640125308,10.871826484872283
BHU,IND,AS1,0.07293798132646075,0.010625882662163128,0.0623120986642976,6.729836100081039e-05,-0.012438551304864695,0.05859798278401496,0.07293798132646075,,,0,-0.4393120340676052,0.2713616678191016,0.0,-1.8195088259030614,4.184778438347368,5.717027701406222,0.0,10.818096871627745,6.97470991159236
BHV,PAK,AS1,0.10674616060556688,0.04417788273319419,0.06256827787237268,-0.010990498191886331,-0.009231357814758888,0.08424946213638865,0.10674616060556688,,,0,-0.47876274613739045,0.0667026041179161,1.0986122886681098,-2.090325512665794,4.136585174245673,6.242819464525459,0.0,10.308285771656589,7.14310852796464
BHX,GBR,EU1,-0.010139033371892162,-0.010182871054292676,4.3837682400512136e-05,-6.221235687799918e-06,-0.0025647770772755886,-0.012634953208262162,-0.00818082754990272,-0.009811634175324335,0.6123358237343199,1,0.2813890483543067,0.5344659848294582,4.653960350157523,-2.387009711167004,4.713821820237037,7.219195797733284,0.7744641319019882,15.579987384200441,10.711795251008132
BHY,CHN,AS4,0.023079413458679532,0.014035286557441861,0.00904412690123766,0.019748195840649324,-0.005349722011215653,0.03657828809679016,0.02397258453055232,,0.5848848872534713,2,-0.3544208950381477,-0.19039427965625677,1.791759469228055,-2.3201166413387617,4.681311487755421,6.661402705510694,0.0,11.893605956255762,8.391574866779688
BIA,FRA,EU1,0.0037322223991049083,-0.0023938770194309863,0.006126099418535895,0.0031063086955924846,-0.004717921187141996,0.0021125749984221283,0.003631167032399573,,0.5660206474921295,1,-0.3006653412292817,0.1110512026827509,2.772588722239781,-2.332052073666606,4.77524408551702,6.384338078647098,0.037677569909483635,13.233536169013096,10.500183536717612
BID,USA,NA1,,,,,,,,,,0,,,,-0.6233894209050079,2.1972245773362196,3.1354942159291497,0.0,10.55776395870708,10.894689012037176
BIK,IDN,AS3,-0.01645970141856478,-0.01866670576974942,0.002207004351184638,0.0029643532763119172,-0.00015587021933231054,-0.013749972323750644,-0.01645970141856478,,0.5793701924449628,2,-0.4535551182910269,-0.07759221663741439,1.6094379124341003,-2.260347307358968,4.847739525846506,7.055507341356593,0.0,12.146184627354653,7.764360911576746
BIL,USA,NA1,-0.0059785320699143295,-0.016349175304940945,0.010370643235026612,0.00205140913043013,-0.004694628576241993,-0.008436333760753817,-0.0059892826795085825,,0.622157521727347,2,0.1006566634439677,-0.13704439979096675,4.382026634673881,-2.0397546155051756,3.8361373273970845,6.700199454785053,0.0,13.349688573442675,10.894689012037176
BIO,ESP,EU1,-0.007093373325347098,-0.0067106757642012675,-0.00038269756114583015,0.0022850816685265805,-0.0031613276978772215,-0.00812292986217123,-0.005985741887621913,-0.00758429427494631,,0,-0.07469378692307131,0.6453576602916197,3.5553480614894135,-2.267529914175491,4.694799384233711,6.58661519728728,0.28479806821766007,14.957324088497591,10.216062049970796
BIQ,FRA,EU1,0.0003971247734769487,-0.008293498947509578,0.008690623720986532,-0.0007465706795829608,-0.003995393589233115,-0.004651430196812501,0.002187059914493706,-0.005052238185599075,0.584407959466841,1,-0.2702706702785299,0.2972836093776136,2.4849066497880004,-2.3454933788087615,4.731827317990792,6.601576932313889,0.23335749675969814,13.507994417722067,10.500183536717612
BIR,NPL,AS1,-0.014271700591282702,-0.0012603003957524584,-0.013011400195530248,-0.00077109840973302,0.007702275850058249,-0.007579448439314367,-0.014271700591282702,,0.5635868758214597,1,-0.5654638484358961,-0.2497842336045037,0.0,-1.5398738975362678,4.000374468993606,5.438079308923196,0.0,11.438169590665538,6.450827592374355
BIS,USA,NA1,-0.004186573989281525,-0.007487159226046909,0.003300585236765384,0.005388925185537726,7.563064280040636e-05,0.0011720722998940464,-0.004190978547402625,,0.7418343088143903,3,-0.07163299090312576,-0.3844894043463198,3.912023005428146,-2.0306451059132296,4.288268085519418,6.669015495655682,0.0,12.551858518136736,10.894689012037176
BJA,DZA,AF1,0.0052989864441955895,0.018282853153561776,-0.012983866709366187,-0.002591718338774215,0.005317313315001543,0.008110492059945046,0.01783039616012323,0.0004977258278794422,,0,-0.33997955567220856,0.05241099671171088,1.9459101490553132,-2.479219180225132,5.050801889355058,6.9026355187765125,0.7893030794165316,11.394682323481389,8.375456929632021
BJF,NOR,EU1,-0.0003418394863370423,0.0007154398389600616,-0.0010572793252971039,0.0014946403712326316,-0.00028128392598496493,0.0008415600557311418,-0.0003418394863370423,,0.6007918693305174,1,-0.5407916198772813,1.7577789829633674,2.3978952727983707,-0.7107062179369159,3.6635616461296463,4.169766236005758,0.0,10.776703754836735,11.24000991778092
BJI,USA,NA1,-0.023771023465410154,-0.025347970032881056,0.0015769465674709056,0.01192382543833679,-0.008526821882499532,-0.020808595591614423,-0.023771023465410154,,,0,-0.4728889014427757,-0.3142557712501864,1.3862943611198906,-1.5467356593212702,3.434702601650492,5.608838445725945,0.0,10.93190982485381,10.894689012037176
BJL,GMB,AF3,0.031226850882133186,0.027882015925957584,0.0033448349561755945,-0.025916640591172733,0.004939539573421706,0.011503861020664375,,0.031226850882133186,0.5930943017961947,1,-0.18506125873822543,0.2829960370615419,2.9444389791664403,-2.4739148435452303,4.92184891615065,7.430968346407482,1.0,12.09196845960028,6.45709818241037
BJM,BDI,AF4,0.040028227101196814,0.03532077804889819,0.004707449052298656,0.0008781111553693244,-0.009032990627343786,0.032195983601887385,,0.040028227101196814,0.5562000465126735,2,-0.36025029548972803,0.4889694761457918,1.791759469228055,-2.090513876016923,4.674597263009104,6.445768144158022,1.0,12.06539578474478,
BJR,ETH,AF4,-0.04611999827877761,-0.08187277048118334,0.03575277220240572,0.003921008945334916,-0.011398989275889166,-0.05360615418423623,-0.046040898156545454,,,0,-0.49032098153373443,0.9411166543248926,1.3862943611198906,-1.7986127484088168,3.9512437185814275,5.493407775899996,0.0,11.544114006426245,
BJX,MEX,LA2,-0.030875862114953814,-0.02093762532142366,-0.009938236793530154,-0.0054445297698688866,-0.010403257090816617,-0.04636152284897027,-0.022142049256470217,-0.0482947535642468,0.6059063642688403,2,-0.13524325290955533,0.20234767426902497,3.4965075614664802,-2.2879994472620346,4.467194288134863,7.008131407610703,0.36936891467051597,13.700762786230252,9.19803449697713
BJZ,ESP,EU1,-0.0041904465487497666,-0.0035626352664874235,-0.0006278112822623331,-0.0024344282980422742,0.005043470379234094,-0.0010430334263004624,-0.005194144016325933,,0.5778361814510872,1,-0.3962334333528936,1.7410271846728902,1.3862943611198906,-2.12658932100886,3.9943559878274413,6.393909454395827,0.0,11.123653536756814,10.216062049970796
BKA,RUS,EU2,,,,,,,,,0.5537462771387367,2,-0.6920126108794865,-2.1288903277882314,0.0,-1.9481772015574228,4.605170185988092,7.222566018822171,0.0,10.505067539570582,9.064204880368637
BKC,USA,NA1,-0.02248599268826757,-0.02682502724444246,0.004339034556174885,0.004935491393525199,0.003517793057260996,-0.013527057153609339,-0.02248599268826757,,,0,-0.7246025043673214,-0.23691083881895794,1.0986122886681098,-1.1094755287284297,1.9693943190697938,4.479131746940081,0.0,9.574288799881414,10.894689012037176
BKI,MYS,AS3,0.007931104926629687,0.01006168985120924,-0.0021305849245795514,-0.0019257199260098337,-0.0026113968553633494,0.003437607679640914,0.010309393197065897,0.0017216582300545508,0.5980628870936684,1,0.04469012595019832,0.18347341710623194,3.4657359027997265,-2.4349245701903324,4.900885922230885,7.058847876301734,0.21984235972138025,14.99862360242624,8.957973567306357
BKK,THA,AS3,-0.010947913790627645,-0.01132485258940636,0.0003769387987787099,0.002367324702013334,0.0017613828391353956,-0.006833715779205468,-0.009358336646148848,-0.011132594831743746,,0,0.91967751667572,0.2824937032091052,5.049856007249537,-2.2816532609030196,5.380918270943084,8.069770012406371,0.7982983579025967,17.246575917369274,8.468143081239914
BKM,MYS,AS3,-0.02949144948357649,-0.029491449483576522,2.7017517160430028e-17,0.03408142674863146,-0.019036177949557313,-0.015517486963578648,-0.02949144948357649,,,0,-0.662136147863451,-0.04756141119893914,1.0986122886681098,-1.216353750729456,2.9444389791664403,4.3089269812342765,0.0,8.441607204459642,8.957973567306357
BKO,MLI,AF3,-0.026619595766119483,-0.023459238641435703,-0.00316035712468378,0.008886034721878506,0.003940333265122649,-0.01394110980497561,,-0.026413416230781944,0.5628088045650604,1,-0.16973390446187897,0.584805712883688,3.258096538021482,-2.345596349189153,4.822579979469603,7.510091481754549,0.9862725632012431,13.51624431400162,6.665548568543968
BKQ,AUS,SW1,-0.013268495987638905,-0.0574830145829989,0.04421451859536003,0.00581149675961902,-0.04156883621008229,-0.04906392343248843,-0.013268495987638905,,0.5878661293660601,2,-0.5462786787847649,0.3913238443632466,0.6931471805599453,-0.8793770564317879,3.2213165737194203,5.0689042022202315,0.0,8.961109485898655,10.871826484872283
BKS,IDN,AS3,-0.018531850277061397,-0.02607478749408154,0.007542937217020136,0.001767878766423969,-0.0035922955018579394,-0.02058592989535097,-0.018531850277061397,,0.6052262010403796,1,-0.3965212340799796,1.185231878367404,0.0,-2.1166261039256096,4.857443696547413,6.289715570908998,0.0,12.398596151683721,7.764360911576746
BKW,USA,NA1,0.003167546014413838,-0.03069884048239012,0.03386638649680396,0.003867357590480682,-0.005929732884322582,0.006333785195262344,0.003167546014413838,,,0,-0.42282009267931,-0.3065549268078646,1.0986122886681098,-1.612548578371251,3.044522437723423,5.58374346908377,0.0,9.942227380852058,10.894689012037176
BKY,COD,AF3,,,,,,,,,,0,-0.6167925185220601,-0.16393493054351535,0.6931471805599453,-1.8890823567981687,4.553876891600541,7.31455283232408,0.0,8.7879833961978,5.9334040464695645
BLA,VEN,LA3,0.02424819917794449,0.017500298006186812,0.006747901171757682,-0.026994186774727372,0.008000635632522133,0.0069742762424032535,0.03803606048880828,-0.0018375810346840018,0.5438679527828791,1,-0.37407939169182747,0.5033501664499525,2.0794415416798357,-1.3837733797151848,4.285089038961841,5.734655144953414,0.02633495790595819,13.36884525882857,8.41113221940897
BLE,SWE,EU1,0.0028742142725548788,0.022832212722765758,-0.019957998450210873,-0.025736534035648642,0.009006935025908217,-0.013787705002447618,0.010854356603163879,,0.682362264615569,3,-0.44763817142171003,-1.33631414271296,1.6094379124341003,-1.9226174765827617,2.9444389791664403,5.297839348924242,0.05344295991778006,10.51797024191239,10.804911375886864
BLI,USA,NA1,0.06805082255185131,0.041172949064100836,0.02687787348775046,0.08451334700004759,-0.03332858963216919,0.11561547071190317,0.06705737373139474,,0.5561735723725878,1,-0.3040599897368088,0.06519322382215713,2.995732273553991,-2.0946476164581953,4.331358318606039,6.614579656969875,0.0,12.519769626685068,10.894689012037176
BLL,DNK,EU1,0.0024130055656301527,-0.007329348111877433,0.009742353677507583,-0.002315638035256244,-0.0034458246685659857,-0.0030704889379651896,0.01504814120959242,0.0010132922541764527,,0,-0.008488155120970522,0.20153907763854698,3.828641396489095,-2.2249749822030425,4.23786372686186,6.645858112124525,0.8819710564813182,13.863619537799377,10.898847789083996
BLQ,ITA,EU1,-0.005656818644266025,-0.005680747256140827,2.392861187480266e-05,-0.002563707960490759,-0.0035502410868424035,-0.011646757964532253,-0.01001874079362711,-0.0018057191294105087,,0,0.09829735980407359,0.5507332128938475,4.174387269895637,-2.250594956976489,4.643961758738273,6.706546171468914,0.5968572602684239,14.93434303379713,10.438808040299792
BLR,IND,AS1,-0.01483008673874137,-0.01536481924548116,0.0005347325067397879,0.0017006468947750864,-0.0009265021587846504,-0.014050561269509529,-0.0156283390067321,-0.008415478459131867,0.6727843508494249,2,0.1377352560213238,1.7959997199003435,3.8501476017100584,-2.316635040417964,4.906239845031849,7.149868760130464,0.13920869145373083,15.854921328482416,6.97470991159236
BLT,AUS,SW1,,,,,,,,,0.6741979335653473,3,-0.5467746631021237,-0.8002349270995808,0.6931471805599453,-0.3800972153087208,2.9461408175622106,4.996043146182833,0.0,9.372629275019902,10.871826484872283
BLZ,MWI,AF2,0.029544265950036074,0.019592138429244295,0.009952127520791797,-0.003475377893191804,-0.0032053996003934956,0.023509683208221055,0.04149314109076953,0.029235827595529798,,0,-0.41046061090754105,0.41860131259862404,2.0794415416798357,-2.122006957449681,4.335123438274764,6.565436755463284,0.49551248270864895,11.707241466612551,
BMA,SWE,EU1,0.030852701068025824,0.04415077849608041,-0.01329807742805459,-0.00634190937780293,0.004961162942449312,0.030438517155235875,0.035005881851859294,-0.006958800711552813,0.6604668515001451,2,-0.3303007786593853,0.48612733230409594,2.6390573296152584,-1.9874028343370977,4.375720650444462,6.19664188661339,0.08845360767054913,13.885276330686098,10.804911375886864
BME,AUS,SW1,0.003330675755142596,-0.019712085943365557,0.023042761698508142,-0.0007642767674590897,-0.025289012378023303,-0.022713986392525778,0.0033763991291399596,,0.5748294577049797,2,-0.34966608104445795,-0.07251439877063497,2.0794415416798357,-2.1169507238485035,4.368377015734208,7.4173542493728055,0.0,12.444581542973234,10.871826484872283
BMI,USA,NA1,-0.010633071085949216,-0.018574877142841874,0.007941806056892644,-2.2014188514663403e-05,-0.0039130441585913415,-0.014430473342569415,-0.010633071085949216,,0.5576262690828387,1,-0.1693830937548202,0.3666416209666981,3.4965075614664802,-1.9834440658216892,4.035533921796696,6.561099961875278,0.0,12.842556877722174,10.894689012037176
BMK,DEU,EU1,,,,,,,,,0.5371622840153684,1,-0.7258522392433058,2.1427363920521496,0.0,-1.0850680064999607,2.1972245773362196,3.7376696182833684,0.0,9.51044496442652,10.56082813498111
BMO,MMR,AS3,-0.11220573439314577,-0.1101573094870017,-0.002048424906144052,-0.008413996314323689,0.008575998599868705,-0.10902785572122152,-0.11220573439314577,,0.5489687773633584,1,-0.796575612033899,-2.0009699262383407,0.0,-1.6379700900403666,3.784189633918261,5.652489180268651,0.0,7.754481547470383,
BMU,IDN,AS3,0.033848506090070556,0.03181826073201953,0.002030245358050981,0.0006205490349533981,-0.024125679874010427,0.01150643511463385,0.033848506090070556,,,0,-0.5617191619860511,-0.9881322760194898,0.0,-1.7132444551152273,4.402701833089625,5.955837369464831,0.0,10.302599186672117,7.764360911576746
BMV,VNM,AS3,0.009977707142507633,0.010659441661458123,-0.0006817345189504844,-0.006834107825526095,0.003665087209037493,0.007298880549020855,0.009977707142507633,,,0,-0.46906454780703777,0.6656509298288481,1.0986122886681098,-2.170771795381878,4.459962107645115,6.10517298219579,0.0,11.350571227792281,7.489383297681163
BMW,DZA,AF1,0.02130881257103688,0.02260718845926723,-0.0012983758882303613,-0.008882222677843856,0.005694088224929547,0.010827169914730705,0.02130881257103688,,,0,,,,,,,,,8.375456929632021
BMY,NCL,SW1,0.04187127016145197,0.024164566833623925,0.01770670332782805,0.04358278532415509,0.03099883329929855,0.11280407955580195,0.04187127016145197,,,0,,,,-1.5832199656798973,2.9444389791664403,4.663439094112067,0.0,8.281977058867758,
BNA,USA,NA1,-0.016695337691618208,-0.010233374872681781,-0.006461962818936427,-0.004417529127469549,0.002530478417888055,-0.01842332515587713,-0.016528162282819964,-0.03942414499123507,0.7136254394390388,3,0.495670239824729,0.1581315445895858,5.099866427824199,-2.296749833965531,4.607080107804105,6.999738875883521,0.005957011911200594,15.822151945001057,10.894689012037176
BND,IRN,ME1,0.011158773894661307,0.017083021714318313,-0.005924247819657015,0.0008992851500465512,0.0011151521456718614,0.013138388484416086,0.02652556414549327,-0.05306409893176298,0.6096120275961825,1,-0.3130328569471459,-0.03233999661991509,2.302585092994046,-2.117856667344069,4.994665850384864,6.838113227591849,0.27328742711969733,12.98929816181669,8.533994841936796
BNE,AUS,SW1,0.01728048315216503,-0.0007029944159618762,0.017983477568126897,-0.006677958772254069,-0.010951478077509045,-0.00034712615419512456,0.0201441301874579,0.006364487387574966,0.6264708311588001,2,0.5267751301393527,0.031228893887630307,4.330733340286331,-2.2894554012236745,4.680918086654901,7.632099369434909,0.2487247495529475,16.255305469869878,10.871826484872283
BNK,AUS,SW1,-0.0061592207620453695,-0.0008383451160432662,-0.005320875646002105,-0.00830484700630673,0.005482599414734191,-0.008951573796581196,-0.0061592207620453695,,0.6235497233537632,2,-0.3982445782571562,1.1013413461340955,0.6931471805599453,-2.3898583029719735,4.500832139428915,6.551308490744053,0.0,12.19431378026409,10.871826484872283
BNN,NOR,EU1,0.007579332250969973,0.008243526991248012,-0.0006641947402780393,0.007902108492212642,-0.0034771492374060155,0.0116507248560569,0.007579332250969973,,0.5625452273082416,2,-0.5669003297421544,-0.3810368000817814,1.9459101490553132,-1.3475831890262548,3.6407994693620704,5.027270924805037,0.0,11.619795840216185,11.24000991778092
BNS,VEN,LA3,0.006247749453910545,-0.014649402614813904,0.020897152068724473,0.0006962965351025182,0.004512022466571973,0.012050581053746345,0.006247749453910545,,0.6262332167054359,2,-0.4904746798199917,0.8730533104676388,0.0,-1.6901299479876,3.9219733362813143,6.019405231545979,0.0,11.453525717688603,8.41113221940897
BOB,PYF,SW1,-0.011978784271744865,-0.012743144643445076,0.0007643603717002101,-0.002120720264682385,0.0010428162755191182,-0.01286616834751235,-0.011984280254877312,,,0,-0.4998760318974945,0.4812494359336235,2.1972245773362196,-1.7995446434838935,4.160666538204387,5.450264221143355,0.0,12.456963650846895,9.982692936106211
BOC,PAN,LA2,0.08125553452486478,0.053472279758746244,0.027783254766118506,0.00656204999047253,-0.002475612243542361,0.08869877274026555,0.03702467651883321,,0.626815722567706,1,-0.4954617790460978,1.1089233192827181,1.791759469228055,-1.7064822140668583,3.320092172089476,5.644416052963387,0.448839267479066,9.594854193331415,9.159851638232327
BOD,FRA,EU1,-0.005890792562112869,-0.011479212840637104,0.00558842027852424,-0.006635837560792746,0.00016701347948757132,-0.012224118188643083,0.004180954674090081,-0.01841369799653353,,0,-0.008981600324620016,-0.02843002146492422,3.784189633918261,-2.217993629221629,4.577241804664572,6.518329805445021,0.36133124079796786,14.720651359753727,10.500183536717612
BOG,COL,LA3,0.0037379555918435198,0.00835874704616338,-0.00462079145431986,-0.0034357800153654626,-0.002787923557040917,-0.002346095334860659,0.004975994250543754,0.0006749775240660785,0.6140406047520739,2,0.3109711348868954,0.07576354801689088,4.189654742026425,-2.1005171141151875,4.713898043786212,7.072138246617589,0.31200702397359414,16.026688225491153,8.506587672816924
BOH,GBR,EU1,-0.015778641236617187,-0.02529991238422389,0.009521271147606706,0.018505292243897953,-0.0060966493809658795,-0.0043938761922266015,,-0.015264378714915348,0.6434642127478761,1,-0.07903079388992104,3.0765450806430175,3.828641396489095,-2.5515667639971054,5.136930456223244,6.989128326017573,0.901503346105816,13.527198954065813,10.711795251008132
BOI,USA,NA1,-0.017517943176610793,-0.02211056042592025,0.004592617249309467,-0.0008493649468467838,-0.0013327360123718901,-0.01975643844952024,-0.017517943176610793,,0.5947232453095698,1,0.2189610748869759,0.06058389455704068,4.624972813284271,-2.20707823560608,4.447497281563372,6.724941610524766,0.0,14.758115221526726,10.894689012037176
BOJ,BGR,EU2,-0.03005189063511179,-0.048770627479492415,0.0187187368443806,0.049366507055643806,-0.03848461489140381,-0.02110384910672164,0.00948906837373498,-0.005634135717369709,0.6234749282552265,1,-0.06136697658974813,1.5461310835333761,3.828641396489095,-2.6124665588030878,5.037184606543671,7.4666376212833585,0.9464536062371615,12.602977888972186,8.70760564801422
BOM,IND,AS1,-0.005474767093756495,-0.006844851168362914,0.0013700840746064188,0.00592620320901655,-0.003552612504183811,-0.0032907580018549255,-0.008833462176958826,0.0029285107021439338,0.5940510001098409,1,0.6203848012138545,0.7546934978703902,4.68213122712422,-2.3115535387710775,5.116491200354777,7.521409768272755,0.2696920627292992,16.74868304472733,6.97470991159236
BON,BES,LA1,0.003692667673881701,-0.022900911187506957,0.026593578861388648,0.008082761246166432,-0.0026035281854293376,0.009206866219792786,,0.001614213506443658,0.6056207373006233,2,-0.2439494337624707,-0.048316173859841424,2.3978952727983707,-2.1346720759097106,4.6689926592032,7.998818706362075,0.716399626364764,12.878573142678777,
BOO,NOR,EU1,-0.0008477955177545769,-0.002989477122116773,0.002141681604362198,-0.0018214255380745738,-0.0008117590328541765,-0.0032884049372047227,-0.00024675280314611427,,0.5922232094544333,2,-0.3353190923922287,-0.12404450572529871,2.833213344056216,-2.089221690535196,4.318902233816282,6.1017253270924385,0.0,14.114191915874423,11.24000991778092
BOS,USA,NA1,-0.012005544507317476,-0.010633207321126083,-0.0013723371861913904,-0.003918789368367565,-0.00017709641268347082,-0.015962297643105874,-0.010991527170213409,-0.01597233289759586,0.6242808381215543,2,0.8627201825513532,-0.30947859530078686,5.365976015021851,-2.3711662754799754,4.636538369098251,7.533952206251249,0.14829649708868467,16.76093447297475,10.894689012037176
BOY,BFA,AF3,0.03323406582872126,-0.0034744949564189404,0.03670856078514023,0.018794679390506518,0.02678225404508596,0.07577349111931232,-0.008443408849959408,0.11258661996397232,0.5779088951984462,2,-0.6010384998110236,-0.6096728150329165,0.6931471805599453,-1.7531435782158724,3.8007136322505475,6.05416665753813,0.28798727128082735,9.439068301584292,6.252406670397183
BPG,BRA,LA4,,,,,,,,,0.5393969249202278,1,,,,,,,,,8.987603389267655
BPN,IDN,AS3,0.003990212699544066,-0.0005106670208410932,0.004500879720385159,-0.001227981879744699,-0.005043240663320885,-0.0023516154600850612,0.003668821793685659,0.03247715933388872,0.5978911362638433,1,-0.22327663042192897,0.7240955087613046,2.5649493574615367,-2.313654936377698,4.862117394358691,6.891524861490578,0.02724233983286908,14.439736293057798,7.764360911576746
BPS,BRA,LA4,0.03121748559291511,0.015255000974020622,0.01596248461889449,-0.00031910400049244654,-0.010891530800556395,0.02073504544451254,0.03168126352620265,,0.6494419814039019,2,-0.29016269832195335,1.2352806001942938,2.4849066497880004,-2.338016644312335,4.970129604158452,6.535512292435298,0.0,12.693692076436422,8.987603389267655
BPT,USA,NA1,0.0066319305087395135,0.008261732155589924,-0.0016298016468504104,0.006537204352417213,0.001026775367797197,0.013885152153984481,0.0066319305087395135,,0.5795206708996128,1,-0.30932870057847034,-1.0571920660499552,3.091042453358316,-1.1210276687705927,3.6038898033396274,4.836281906951478,0.0,11.04109617021092,10.894689012037176
BQK,USA,NA1,0.0038072755166112405,-0.0014591892837908832,0.005266464800402125,-0.00027204476141953933,0.002252027677742086,0.005012740182982595,0.0038072755166112405,,0.603161571544784,1,-0.2604750909327798,0.3268550305826996,3.332204510175204,-1.6040844652733537,3.80601250599703,5.952882988126357,0.0,10.739435531727745,10.894689012037176
BQL,AUS,SW1,0.03069669186617261,0.018640780114626034,0.012055911751546574,0.01003975558079462,-0.012513899331606432,0.02491661315833295,0.03069669186617261,,0.5976376398422041,2,-0.5135921988389703,0.4877032063451365,1.9459101490553132,-1.1408595026106847,2.8903717578961645,5.345168993135653,0.0,8.232706009860976,10.871826484872283
BQN,PRI,LA1,0.005041676966056868,0.020841638774826886,-0.01579996180877001,0.0026159521055997446,0.03802265548155248,0.04534863101985062,,0.005041676966056868,0.588815522930112,1,-0.34461240652203334,0.4110568984667416,1.791759469228055,-2.660248891101266,5.011130059205374,7.713609450855157,1.0,12.407465353006181,
BQS,RUS,AS4,0.0038633880162269106,-0.010053511088700832,0.013916899104927747,0.025754328756399072,0.0026865863311919423,0.0317613769538817,0.00459138064177789,,0.6539841490267269,2,-0.36975327417411874,0.9917212931977529,2.5649493574615367,-2.335696257058538,4.686843580001677,8.219074978429752,0.024429984329109457,11.475815322993846,9.064204880368637
BRA,BRA,LA4,-0.00512209874307247,-0.007197972506051997,0.0020758737629795318,-0.003256242827519278,-0.0026016504631303384,-0.010116721940754697,-0.00512209874307247,,,0,-0.5408995915504272,0.3874928657037339,1.3862943611198906,-2.0048668265381804,3.4011973816621555,6.443336028030302,0.0,9.357034751126987,8.987603389267655
BRC,ARG,LA4,0.0024620976743719896,0.0003472449636984828,0.0021148527106735105,0.0017448387558845506,-0.003864689934831882,0.0004034091776561903,0.004321791458576164,,0.5859210862191717,2,-0.3958673148353896,0.4280730476222481,2.302585092994046,-2.3523856692230845,4.90550641258004,7.121889449516318,0.029425613855094214,13.166257767280554,9.45812987103844
BRD,USA,NA1,-0.008953445516365184,-0.014564071815452731,0.00561062629908755,0.003423310059280791,-0.0029328407220620347,-0.00881802446141476,-0.008953445516365184,,,0,-0.47990561821663613,-0.22139395984716495,1.0986122886681098,-1.5348307448581593,3.4965075614664802,5.529231940992349,0.0,11.020528976672605,10.894689012037176
BRE,DEU,EU1,0.0038369975106702457,0.005045139028177115,-0.0012081415175068688,-0.004783450649656631,-0.0007880703040734524,-0.0015200450756528328,-0.012361829877949778,0.013914896238939588,,0,0.01345975239355189,0.34357947609225736,4.07753744390572,-2.3850637475777114,4.56199943343437,6.718000532478557,0.5678308537637402,14.35595109890219,10.56082813498111
BRI,ITA,EU1,0.002734128914411005,-0.004024870782325982,0.0067589996967369875,-0.0010736696613896325,-0.005884138483538762,-0.004303960109966637,0.01096776224336473,-0.014458761545739683,,0,-0.109177735633504,0.8529889984568926,3.4657359027997265,-2.2479851943166556,4.859430274545277,6.5474936477062835,0.1519640572478154,14.463972562350914,10.438808040299792
BRK,AUS,SW1,,,,,,,,,0.6225913916543269,1,,,,,,,,,10.871826484872283
BRL,USA,NA1,-0.0029358136314784657,-0.005321631854945021,0.00238581822346655,0.013586283340374355,-0.003744688426678734,0.0067185567672155095,-0.0029358136314784657,,0.5270072929110416,1,-0.5313036002910071,-2.160960345075562,0.6931471805599453,-1.771724882489895,2.9444389791664403,5.538121358755354,0.0,9.263407092912875,10.894689012037176
BRM,VEN,LA3,0.05176987027351915,0.04610907935757814,0.0056607909159410216,-0.0019252690770328639,0.013868367966173342,0.06312086493089715,0.05144130458599025,,0.6348346479820243,3,-0.47360064989862305,-0.367593851170192,1.6094379124341003,-1.2831379827293747,4.388136890250438,5.541446761073104,0.0,12.522017778199645,8.41113221940897
BRN,CHE,EU1,-0.018267154237018204,-0.008323661904723095,-0.009943492332295108,0.009748634337307608,0.003921651215093915,-0.014800288880436873,,-0.007995475793154665,0.553610538236951,1,-0.3347773226277725,-1.1049597685969674,2.302585092994046,-2.0959480159357233,3.966764469346572,6.041328189180535,0.8485330349342834,11.531521482252302,11.305337423201424
BRO,USA,NA1,-0.022337372250271353,-0.010024658568763263,-0.01231271368150808,0.00497320381485348,0.015320615710444045,-0.0020949412702692223,-0.022029983899738648,,0.5920200533507614,1,-0.19437739029156267,-0.7488541578126172,3.6109179126442243,-1.902667527042516,3.877903094484145,6.207327819505743,0.0,11.852435938614374,10.894689012037176
BRQ,CZE,EU2,0.020718470465815163,0.023426473534887034,-0.0027080030690718737,-0.0028481070476294055,0.008445672947985535,0.026597049944111276,,0.005507260524103963,0.5539560196431021,1,-0.3793710215802255,2.465508952454607,1.6094379124341003,-2.5675712478071038,4.49584248829545,6.798861332638067,0.7080128875685175,11.691029808474159,9.734627552346245
BRR,GBR,EU1,0.03199991134213089,0.03106023095987008,0.0009396803822608044,0.009219618191155698,-0.004571304274039997,0.03635967313907662,0.03199991134213089,,,0,-0.5235383932253174,0.0031152673169492786,0.6931471805599453,-1.5868786231040573,2.9444389791664403,5.04206966100249,0.0,9.41058370340406,10.711795251008132
BRS,GBR,EU1,-0.004987944034354264,-0.006897906467862073,0.0019099624335078115,0.0026749710131429493,-0.0011440887026140175,-0.003543681233051528,-0.008589015765904737,-0.0036301189577828664,0.6299257987813243,1,0.2490801567980522,1.8519511857795437,4.663439094112067,-2.5110802707345155,4.806718673663907,6.94536412802707,0.7289501587743694,15.10369996252698,10.711795251008132
BRT,AUS,SW1,,,,,,,,,0.5555052231919141,1,,,,,,,,,10.871826484872283
BRU,BEL,EU1,-0.0010691792600935218,-0.0025780168955839215,0.0015088376354904,0.008568162222599953,-0.0029272189554496327,0.004370838733730899,,-0.0010843389734407007,0.7196410788830226,3,0.6509246160548694,-0.13658421222394157,5.19295685089021,-1.9854186298069874,4.6871539762998555,7.313659881323698,1.0,16.29893786406278,10.609553039325432
BRW,USA,NA1,0.0023148259274216004,-0.01223950225396753,0.014554328181389138,0.01558337502423229,-0.021123696388063332,-0.0026760963317414514,0.0023148259274216004,,0.5613450524150042,1,-0.42463518642102555,-0.06984252551773977,2.1972245773362196,-0.9057264871965653,3.044238467822324,6.33361136277549,0.0,11.498704829330256,10.894689012037176
BSA,SOM,AF4,0.03039417741155345,0.04175566701018217,-0.01136148959862873,-0.026690422982759386,-5.7342973860724424e-05,0.03844318558754728,0.023243379971368647,,0.5694429847534945,1,-0.6005083382250341,0.5460562581497904,1.0986122886681098,-1.857479742038683,3.9250076458574736,6.415535779838518,0.3752931978107897,9.23327534325868,
BSB,BRA,LA4,0.02305707964454492,0.01868275600662711,0.0043743236379178,0.00046780484879662505,-0.004440068741707305,0.01896985023269225,0.022982435967910962,0.0247773675671908,0.5828160530428186,2,-0.0019748795577916476,0.32620069667447626,3.912023005428146,-2.4732468472308007,4.931819267455493,7.006088297722237,0.004737687090775623,15.718578369408542,8.987603389267655
BSC,COL,LA3,-0.03466763112130802,-0.08721503462598973,0.05254740350468174,0.00573462856453303,0.017459729369768313,-0.005306477482113689,-0.03466763112130802,,0.5305207965935658,1,-0.7718513638128665,-1.2074223891694074,0.6931471805599453,-1.51390716711864,3.044522437723423,5.035879353048468,0.0,9.563669725663818,8.506587672816924
BSD,CHN,AS4,-0.03250815600940525,-0.032798243487673705,0.0002900874782684539,-0.031775191134411906,0.015221171876370978,-0.04800783591049559,-0.03250815600940525,,,0,-0.44869501134530554,1.754473819568133,0.6931471805599453,-1.9525763694092457,4.85445393430475,5.886104031450156,0.0,11.346693769325222,8.391574866779688
BSG,GNQ,AF3,0.12534854268743673,0.18955228688102999,-0.0642037441935932,-0.008873867567907125,0.021141066403149517,0.13716971844063774,0.1025393990634095,,,0,-0.44313099858389526,-0.4119919683862248,0.6931471805599453,-1.682081900167633,5.271062511953231,5.472270673671475,0.0,9.241354425505353,9.358322109245476
BSK,DZA,AF1,0.020893582350624173,0.030080139248874375,-0.00918655689825022,0.0010215960192886005,0.001974974925589182,0.023652847311203335,0.02054727443265536,0.020112160656092306,0.5783819786568156,1,-0.3636417356882909,-0.49080366600819486,1.3862943611198906,-2.4241979166835663,4.890379691970094,6.853287151811642,0.5628533879397292,10.395711227902456,8.375456929632021
BSL,FRA,EU1,0.0062052842847983205,0.009973063726802223,-0.0037677794420039002,-0.001204900772151199,-0.012671531920941602,-0.007041966613198674,,0.005910075354259231,0.604380755686649,2,0.07340494257995447,0.5733479053037444,4.174387269895637,-2.1428521565769794,4.703759352107117,6.630250580278354,0.9272564240691373,14.773439079507316,10.500183536717612
BTH,IDN,AS3,-0.028792936495488655,-0.0364198827161538,0.007626946220665133,-0.0026522945447219463,-0.004940749093271135,-0.03629621372137183,-0.029394342333454858,,0.5836724320483782,1,-0.32217990419288295,0.6908124115021786,2.1972245773362196,-2.255216005753648,4.896346622826981,6.65988786934074,0.0,14.048845995113314,7.764360911576746
BTI,USA,NA1,-0.010020282433300682,-0.024879232626405255,0.014858950193104573,0.0011240730775889315,-0.0007117006048076486,-0.009962890739700634,-0.010020282433300682,,,0,-0.5437219473683693,0.364763261251224,1.3862943611198906,-1.722637719481736,2.7752311090655963,5.894958123953432,0.0,9.54831148472113,10.894689012037176
BTJ,IDN,AS3,-0.012584585555434864,-0.023714067969103973,0.011129482413669107,0.007727013897949525,-0.013040804726961114,-0.018455172422955093,-0.01928914835913277,0.005345607691792215,,0,-0.332792091918716,1.3582723417847806,1.0986122886681098,-2.1997966913476596,4.918129466214739,6.454023857093156,0.005844243420231072,12.900204341295941,7.764360911576746
BTK,RUS,AS4,0.08738524046825166,0.04880736808912353,0.03857787237912811,0.05368321700260413,-0.012319664947881285,0.1274592930278837,0.08738524046825166,,0.5909821512431697,1,-0.4657165879432307,-1.343997909924541,1.6094379124341003,-2.3954333755558,4.2895153121894385,7.506291386291522,0.0,10.398762894953803,9.064204880368637
BTM,USA,NA1,-0.04322071166560383,-0.02741610594989387,-0.015804605715709942,0.02717907649523335,-0.004612038011224815,-0.022040834574514057,-0.04322071166560383,,,0,-0.3404991305478411,0.1579599464873873,2.772588722239781,-1.4919064171972345,3.800730869533742,5.730658791657551,0.0,11.461316331236999,10.894689012037176
BTR,USA,NA1,-0.02109040606702932,-0.014865016409287389,-0.006225389657741926,-0.010450855023039033,0.0019439297483948622,-0.02902901270856251,-0.02109040606702932,,0.6015603176293787,1,0.18860462620810062,-0.3276391531662698,4.68213122712422,-1.8923188358577414,3.993264132936192,6.4676472461530246,0.0,13.43217331287165,10.894689012037176
BTS,SVK,EU2,-0.01603476654821201,-0.013118716067293014,-0.0029160504809190003,0.004392486320622488,-0.0011435745083368577,-0.013066084609453299,-0.01551917229000633,-0.015934951521581482,0.6853752493375589,2,-0.07716308276262278,1.8435122814156175,3.7376696182833684,-2.52326714991817,4.857244660815894,7.0165692097136585,0.902406731227179,14.046463536169966,9.530317325613144
BTT,USA,NA1,0.007560892000312248,0.007059759985451922,0.000501132014860328,0.0061154728775143635,-0.006732346753624176,0.0070927393426229,0.007560892000312248,,0.5978480519384847,1,-0.5609594955486589,-0.5069385864146244,1.0986122886681098,-1.498291012433028,2.0791697656216335,5.179897406162847,0.0,9.596690616224665,10.894689012037176
BTU,MYS,AS3,0.020354884500381566,0.01767509420307819,0.00267979029730338,-0.0026612015011442743,0.0028209729930985003,0.020763035182851462,0.021613576422809207,,0.61639257137922,1,-0.3899861199313376,0.057689429711668426,1.791759469228055,-2.3218171140865955,4.505554236472226,6.464483905843562,0.0,12.736930282046195,8.957973567306357
BTV,USA,NA1,-0.0038217564214628567,-0.006588035020307328,0.002766278598844471,-0.0028041514776936784,0.0007790303339983359,-0.005693066663998601,-0.0039394312684646595,,0.6363923392243922,2,0.10705048394299695,-0.1368497512722399,4.418840607796598,-1.9956730248476715,4.108683341477182,6.5073185134617155,0.0,13.784517187221214,10.894689012037176
BUA,PNG,SW1,-0.00815932728332632,-0.02740722014871281,0.019247892865386477,0.008127017776041688,0.0021619200127620756,0.0026686337275484725,-0.00815932728332632,,0.6040231924089281,2,-0.5976223889013738,0.24518417394688458,1.6094379124341003,-1.9248973711169346,4.0777740532943,6.135305616492173,0.0,10.428659770009041,
BUD,HUN,EU2,-0.020078481839579852,-0.019535190101681824,-0.0005432917378980285,-0.004792452274221009,-0.003274153917278996,-0.02789507898574281,,-0.02007811554401307,0.6092919681604567,1,0.33042203874572657,0.7771173655593763,4.709530201312334,-2.3213560597588656,4.657923403275409,7.134208235619395,0.9996988318415448,15.623186354427673,9.375151804223757
BUF,USA,NA1,0.0021912916113044282,0.001074571265254121,0.0011167203460503072,0.0029198938622873576,-0.0017385339147316116,0.003223686933567277,0.0023092698834584484,,0.7715480155484854,3,0.3844255595697245,0.0673451023510777,4.969813299576001,-2.1891899023310386,4.461927330618108,6.656128104154837,0.0005620316934781332,15.074804439260046,10.894689012037176
BUG,AGO,AF2,,,,,,,,,,0,,,,,,,,,8.112636667815755
BUL,PNG,SW1,,,,,,,,,,0,,,,,,,,,
BUO,SOM,AF4,,,,,,,,,,0,-0.6038018728556069,-0.9315582040049435,1.0986122886681098,-1.6410606034945974,3.871201010907891,5.886237569542095,0.6442307692307693,8.515591910049263,
BUQ,ZWE,AF2,-0.03980226138019473,-0.029450309243450337,-0.010351952136744396,0.005266184172808971,0.004587446527175993,-0.03083598424148081,-0.05166076326154974,-0.020215026530984573,,0,-0.453435047415077,-0.680313173299353,1.0986122886681098,-1.807616552785863,4.071438131936258,6.128769772576234,0.3306811461749368,11.440408534131052,6.894873020449412
BUR,USA,NA1,-0.018336237457702274,-0.017355194062385504,-0.0009810433953167678,-0.006741148957853613,0.0018221514210229744,-0.022957093288889487,-0.018336237457702274,,0.591127685830308,1,0.25899628395166435,-0.05059204937297164,4.61512051684126,-2.305531008932423,4.808870142836832,6.782660536810928,0.0,15.256830838551169,10.894689012037176
BUS,GEO,EU2,0.047604402133638285,0.05831612203065194,-0.010711719897013677,0.005689702096685498,0.008340217379116053,0.060701452073532274,,0.04034083132215471,0.5964869974923024,1,-0.4081634931812293,1.1830981374366658,2.0794415416798357,-2.341011203728783,4.625607683553988,6.918228682013954,0.9305831019436731,10.134996020181966,7.969405137405952
BUZ,IRN,ME1,0.008107095463577817,-0.0003422593450408415,0.008449354808618657,0.004375159040806595,0.00138769024811623,0.013111366848153387,0.008327139097695724,,0.6064133066551685,1,-0.37233521711284706,0.053768756358409546,1.791759469228055,-2.1584404729099305,5.073289027315969,6.564724141434425,0.09813006405147055,12.069055183620819,8.533994841936796
BVB,BRA,LA4,0.013987476434197423,0.010443526601175437,0.0035439498330219854,-0.05137446325056521,0.006060396255542715,-0.029014123955386453,0.01458353583441254,,0.5613482292651572,1,-0.43635859391224646,1.1104438241285572,1.6094379124341003,-2.348772040052342,4.998730738386631,6.484635235635252,0.0,11.94185316120606,8.987603389267655
BVC,CPV,AF3,0.04632168535813511,0.0227767922398997,0.023544893118235433,0.06684857759262859,-0.04278713110737393,0.06687301998699058,0.037954545873972866,0.08786356434884343,0.5779552765172771,1,-0.4379917092408211,0.5863326649742813,1.0986122886681098,-0.8374730866594585,4.073945603309407,4.272041714866555,0.0,10.104630863570671,8.025179844747967
BVE,FRA,EU1,0.035836100649886966,0.03447230410144078,0.0013637965484461848,0.005362081943477127,0.001785524384715654,0.04282522524220878,0.03491132052269093,,0.5800577190446348,2,-0.5137907095204779,-0.4015291516896046,0.0,-1.7027412567009135,3.828641396489095,5.996452088619021,0.0,10.016905519571685,10.500183536717612
BVG,NOR,EU1,0.000944255353484352,0.0016707162620325125,-0.0007264609085481595,0.00040181518030762324,0.00022430732527745556,0.00158119312967087,0.000944255353484352,,0.587286576276649,1,-0.5419167602705259,0.34591159144405503,2.3978952727983707,-0.8912080330019807,3.6635616461296463,4.394824007413253,0.0,10.49010686968624,11.24000991778092
BVH,BRA,LA4,0.04115444353261721,0.015219239042793995,0.025935204489823217,0.0030163910952948746,-0.009590603932530571,0.011117360375564048,0.04115444353261721,,0.5382368209024013,1,-0.6335473401568766,-1.5278890915930345,2.0794415416798357,-1.9842144610927048,3.6846488819659595,6.327627287736685,0.0,9.622185087048386,8.987603389267655
BVI,AUS,SW1,0.03507814885070938,0.0224731870405704,0.012604961810138983,-0.012509165024121614,0.0014005114464399988,0.02184755176327294,0.03507814885070938,,0.5940200687827726,2,-0.5135921988389687,0.47577707986699985,1.9459101490553132,-1.2772219722326834,2.8903717578961645,5.539742546639697,0.0,8.232706009860976,10.871826484872283
BWA,NPL,AS1,-0.04184173121197053,-0.025942186784482613,-0.015899544427487908,0.0004194881042000464,0.0035252919117860445,-0.03621683553904937,-0.04184173121197053,,0.5590314630292164,1,-0.578660977205681,0.10753365987947772,0.0,-1.4380747816662527,4.118512909229472,5.262690188904886,0.0,10.621302955145095,6.450827592374355
BWI,USA,NA1,-0.011008498812899349,-0.008542566711992716,-0.002465932100906635,-0.0070381200853822405,0.003196605179002849,-0.014588114091882681,-0.01041761821600294,-0.026139266483771868,,0,0.6302437463739566,0.351991395637095,5.093750200806762,-2.4027948643604606,4.8158556229682326,7.085014604471497,0.02726417170603776,16.537022146662594,10.894689012037176
BWN,BRN,AS3,0.007269429358610282,0.006141873670587697,0.0011275556880225852,0.007531902066230346,0.0028442015464898726,0.01708654271251566,,0.007269429358610282,0.5832353781308917,1,0.055314117072095555,-0.1648489373901128,3.1354942159291497,-2.413163983408341,5.079969343853057,7.857566700202359,1.0,13.77061151355965,10.496110186254487
BWT,AUS,SW1,-0.014945666321559765,-0.03161477393222971,0.016669107610669934,0.01073353419996558,-0.009782676977403683,-0.015328938720091495,-0.014945666321559765,,0.5931392467575038,2,-0.4693859745109061,-0.682834601853915,0.0,-1.7572444056903973,3.4965075614664802,5.926926025970411,0.0,10.92839947827428,10.871826484872283
BXH,KAZ,AS2,,,,,,,,,,0,,,,,,,,,8.99179572921663
BXN,TUR,EU1,,,,,,,,,,0,,,,,,,,,9.04517480014172
BXU,PHL,AS3,0.023079371951283907,0.026175702232562166,-0.003096330281278273,-0.0061396516636902185,-0.0005256642746833312,0.01631269535029728,0.023079371951283907,,,0,-0.4531675286906013,1.399956728784063,0.6931471805599453,-2.4712879526027036,5.003093297773268,6.656371723965943,0.0,11.6814354124276,7.700452054329457
BXX,SOM,AF4,,,,,,,,,0.5786224668269182,1,,,,,,,,,
BYK,CIV,AF3,,,,,,,,,0.5571612668641763,1,,,,,,,,,7.258534604945706
BZE,BLZ,LA2,-0.04089756042108171,-0.10290867653903983,0.062011116117958134,0.01701463971845954,0.0005287423679113923,-0.023237215791191448,,-0.026288607699660724,,0,-0.07565739216414448,-0.3194770439881663,3.6375861597263857,-2.3982348908285447,3.160468641765773,6.7825222072906115,0.6418734073584531,13.369306264407088,8.774286490019918
BZG,POL,EU2,0.00985259761344924,0.005366992440414504,0.004485605173034726,-0.0020368097012938447,-0.000789029891867643,0.006992648457556405,,0.003510001183586663,,0,-0.4579685101772584,3.542706129666741,1.6094379124341003,-2.6641040102705213,4.450880388872923,6.944695763298697,0.7709891402216056,11.597652568325561,9.186119834635363
BZL,BGD,AS1,,,,,,,,,,0,-0.5728174107889994,1.26649316130727,0.6931471805599453,-0.9517660915157634,3.8491091800175767,4.834321627757848,0.0,8.948975607841776,6.715999232982851
BZN,USA,NA1,-0.013752715248572729,-0.011536102010431749,-0.0022166132381409836,0.000910274151374083,0.0021672172656218335,-0.010870875822335816,-0.013765189745476906,,0.7436914969860817,3,0.05165862531660736,0.1047681705191066,4.276666119016055,-2.1890338406097185,4.25496633588501,6.8783059722322974,0.0,13.145927548666156,10.894689012037176
BZR,FRA,EU1,0.05897944847541618,0.004180981946842305,0.0547984665285739,0.026570373677220628,-0.025616147847286927,0.05882381444139387,,0.03688518770557115,0.5811541890339067,2,-0.5147050600808786,-0.47989940152446825,0.6931471805599453,-2.1498594165015628,3.871201010907891,6.398573231340858,0.0,10.407892608499196,10.500183536717612
BZV,COG,AF3,0.008161759248741072,0.018421050926263057,-0.01025929167752198,0.005432534055958178,0.0066270247568160105,0.019628285919151993,0.015268739394255,0.004010332589834796,0.5838239304402908,1,-0.1718975970745215,0.1992633983143282,3.1780538303479458,-2.0866044728163944,4.860637611682422,6.975452665624258,0.6220101272929465,13.045709089214704,7.602950879905648
CAB,AGO,AF2,0.07354397459911578,0.08707892927037182,-0.013534954671255988,0.00161088898378666,-0.035101415018552316,0.0313004382615399,0.07349469520914297,,,0,,,,,,,,,8.112636667815755
CAC,BRA,LA4,0.006599798386540329,-0.004634186816913885,0.011233985203454215,-0.0034292006256286416,-0.011976040636434376,-0.008387753300506017,0.006599798386540329,,0.5522756843252208,2,-0.689614043768488,0.16837007969928774,0.6931471805599453,-1.7205662846474017,3.7186087279790976,6.0177143489917375,0.0,10.705175187385525,8.987603389267655
CAE,USA,NA1,-0.006485794499618549,-0.0062582951140050715,-0.0002274993856134823,-0.0008046563633628526,0.00032087354427440414,-0.00712774040803133,-0.006472655000582545,,0.6521993244996827,2,0.16729207704294075,-0.4895971955049089,4.634728988229636,-1.7984340193421193,3.9528897484791385,6.521823897227786,0.0,13.730076844899092,10.894689012037176
CAG,ITA,EU1,0.02444398038488111,0.01352696686724737,0.010917013517633732,0.002719770472536406,-0.007856504360558412,0.019127656425497422,0.022261877197542704,0.040040898026521984,0.5845333340704679,1,-0.09707454442751404,0.36176733057174404,3.5553480614894135,-2.1680841908978525,4.856566473541686,6.408275395908573,0.12174908541748343,14.36032244981741,10.438808040299792
CAI,EGY,AF1,0.0007838329695634497,0.005265932753032878,-0.004482099783469428,0.0007873932941422311,0.0004491940761273867,0.001988755931627898,0.009911584313891891,-0.00021365517846678918,,0,0.3962878176782828,0.2671574560865252,4.634728988229636,-2.3349491723173834,5.218359206381271,7.657880246132378,0.8501112672576877,15.910349572794097,7.97317803761651
CAK,USA,NA1,0.018585961136068196,0.0027247636088497834,0.015861197527218412,0.0036583448378141297,-0.0066434482663469685,0.01581844837500824,0.018585961136068196,,0.6597799359492871,2,0.08991578046030237,0.6155127280124482,4.465908118654584,-2.199450633383261,4.312453895344678,6.804706789840257,0.0,13.81889083837366,10.894689012037176
CAL,GBR,EU1,0.05380711900673704,0.05172490383885087,0.002082215167886166,-0.0011154847749985622,0.0015637606176729726,0.05601458356938658,0.0539477251873471,,,0,-0.5257452880416661,-0.7840182804454047,0.0,-1.2602182539259446,3.0117792991515087,4.5217885770490405,0.0,9.24619002486988,10.711795251008132
CAN,CHN,AS4,0.006677287940274524,0.008426950107860709,-0.0017496621675861938,-0.005363985342697291,-0.0020502453734335905,-0.000486401645759941,0.011039101454219566,-0.011409021816541074,,0,0.6362306906193631,0.9286279946937614,4.941642422609304,-2.40160965726221,5.062941499550047,7.297322778889301,0.1778183524499231,16.823133209954612,8.391574866779688
CAP,HTI,LA1,-0.06721339742622015,-0.033900902236705895,-0.03331249518951425,-0.04007664053474008,0.007266870489539872,-0.1014546346023662,,-0.09580185766198154,,0,-0.4524292975603706,1.4415755947361213,1.3862943611198906,-1.8361284659601684,3.011328895566758,5.773764873828991,1.0,9.84866171025235,7.203116129675107
CAW,BRA,LA4,,,,,,,,,,0,-0.8922387016077521,-0.41789671245030974,0.6931471805599453,-1.0086405725832248,3.818685562043457,4.442651256490317,0.0,9.286745703178589,8.987603389267655
CAY,GUF,LA3,0.01389144368456834,0.0027426994740887877,0.011148744210479553,-0.005050907177763528,-0.007781984315942731,0.0010438175922915858,,0.01389144368456834,0.5777537653773774,2,-0.20014716868846602,0.11214685083985042,2.772588722239781,-2.2759881080487,4.958515649691876,8.33695680863487,1.0,12.265717964456615,
CBB,BOL,LA3,-0.03345135978904082,-0.000488468747750373,-0.03296289104129045,-0.0002005276116114074,0.01801185858813057,-0.01616430173046647,-0.033156557623734983,,0.5473702096674651,1,-0.335171555458397,0.43356644460361576,2.5649493574615367,-1.4601442396552955,4.891716832151056,5.781320606560265,0.018115205741126742,13.666029790436435,7.733432810667066
CBH,DZA,AF1,-0.0428539408125915,-0.06425217887644165,0.021398238063850154,0.007284435652573188,-0.0049610976871402625,-0.041583379126914746,-0.042765687052508244,,0.5638268397881464,1,-0.5348089538294235,-1.0004173460959844,1.0986122886681098,-2.07926062863786,4.4524525873364365,6.521824671721149,0.0,10.293094244709835,8.375456929632021
CBL,VEN,LA3,,,,,,,,,0.5915349454734005,2,-0.5217576258343536,-2.1913151288492054,0.0,-1.7168759766729242,3.828641396489095,6.1463292576688975,0.0,9.574844587029249,8.41113221940897
CBO,PHL,AS3,-0.0029870464409593985,-0.020488138374611733,0.017501091933652325,0.0041366266491764045,-0.007774317393376973,-0.00674208299736313,-0.0029870464409593985,,,0,-0.4563665686945554,-0.08032613008223145,1.0986122886681098,-2.47531283336529,4.7475761558738,6.761879045706517,0.0,11.352874076822001,7.700452054329457
CBQ,NGA,AF3,-0.01155628858590232,-0.017055160014020444,0.00549887142811813,0.0018509488356450825,-0.0007847319085556386,-0.01011480440053344,-0.009799788671786895,,,0,-0.47923664750956957,1.6337013370003104,1.6094379124341003,-2.014098408024749,4.475895417159973,6.248025391209904,0.037691811453961624,11.834726315502326,
CBR,AUS,SW1,0.030374019089699125,-0.004834781514646067,0.03520880060434516,-0.005389981652672647,-0.029672811525452744,-0.004611336504794937,0.030628236324996887,,0.591295788265392,2,-0.29429125407502066,-0.22342523254938831,1.9459101490553132,-1.6572320304160635,3.986052444401277,6.429918773563284,0.0,14.42655954478587,10.871826484872283
CCC,CUB,LA1,0.010514669979337164,0.032314537944947895,-0.021799867965610713,0.006342935283127204,-0.0034813219609762286,0.012895593709590576,0.024391517240926176,0.008862336410961381,,0,-0.26639269635657914,1.2956037303516432,2.1972245773362196,-2.590512204267388,5.079166476616229,7.70724310969936,0.5958168637680231,11.042745820234675,8.734844252548541
CCF,FRA,EU1,-0.006192888692523888,-0.006765854427798109,0.0005729657352742179,-0.0012876053559254703,7.15151163982467e-05,-0.0074280109551659364,,-0.006809970679029803,0.5779212616690954,1,-0.43696027254937897,5.607964906624106,1.791759469228055,-2.695081731405755,5.24135735600638,6.958479911292338,1.0,12.612217522543096,10.500183536717612
CCI,BRA,LA4,,,,,,,,,0.5360482068775576,1,,,,,,,,,8.987603389267655
CCJ,IND,AS1,0.028501897981500372,0.02103349350317119,0.007468404478329192,0.023156710924025894,-0.0006905052233629434,0.0503980313535497,-0.011771204544219746,0.05431722405826009,0.6017333481699931,1,-0.19428126209249738,0.7932833017080341,3.2188758248682006,-2.4484321289594484,5.145172278504815,7.298649324293461,0.4759205677214997,13.800386767818427,6.97470991159236
CCK,CCK,AS3,0.04811188078548135,0.07585037332997101,-0.027738492544489547,-0.058946859441664855,0.0248009008939884,0.016110518349979796,,0.04811188078548135,0.57339874286261,1,-0.5965321756848893,-0.5236053504123896,0.6931471805599453,-1.8446460635769233,4.1588830833596715,7.56837513559658,1.0,8.987196820661973,
CCM,BRA,LA4,,,,,,,,,,0,-0.6434057034170099,0.013087634755367703,0.6931471805599453,-1.326695825683068,4.68213122712422,4.927253685157205,0.0,9.891617379965641,8.987603389267655
CCP,CHL,LA4,-0.010302307582496463,-0.0014036553392974618,-0.008898652243199003,-0.009923880131330018,0.0073293752895659675,-0.012439157648312427,-0.010302985612884352,,0.5615874397718899,1,-0.43185856469431055,0.13855037905149004,2.0794415416798357,-2.024903856426035,4.836668588574652,6.029403525124841,0.0,13.527983140219504,9.310307425489734
CCS,VEN,LA3,0.035595464152860135,0.028420194726139165,0.007175269426720967,-0.004292724057867951,0.0015330910464562441,0.03301383474967311,0.04133460061681627,0.028407940565800024,0.5803318008203637,1,0.3299192032772606,-0.16775555732859182,4.343805421853684,-2.20693459444933,4.653735126785251,7.464508393650641,0.45328716026149873,15.557597173567157,8.41113221940897
CCU,IND,AS1,-0.005232861774485754,-0.0016564619086896566,-0.003576399865796098,-0.002243610327384631,-0.00018293184396655701,-0.007537617306922375,-0.004472469981188052,-0.008674788718845382,,0,0.1726875557970948,1.0255014905176745,3.912023005428146,-2.4162081336824364,4.928665792605914,7.156601187162773,0.17511910374836212,15.497569551963677,6.97470991159236
CCV,VUT,SW1,-0.03377746263027382,-0.030088484317664914,-0.0036889783126089117,-0.04940693259068177,0.017439150959793474,-0.06423337507204255,-0.03377746263027382,,,0,-0.6671440091061656,-0.9484714200961167,2.0794415416798357,-1.4780894677392218,2.6506181520163348,4.685109819005169,0.0,8.021256180143997,7.934420995814924
CDB,USA,NA1,-0.014477439443460884,-0.012951544748186113,-0.0015258946952747662,0.012596275156380763,0.011831306038721805,0.00939124316641649,-0.014477439443460884,,0.5589398002931304,1,-0.510780485687769,-0.3503670249400292,0.6931471805599453,-1.5275292535501361,2.3879090004959336,6.109268936369388,0.0,10.243453678411596,10.894689012037176
CDC,USA,NA1,-0.025326376066104085,-0.05198837140141644,0.026661995335312362,0.007182052917690033,-0.0044781153113016454,-0.01493792677801355,-0.025326376066104085,,0.5720737160813851,1,-0.4387402056947397,0.31022142650841256,1.6094379124341003,-1.6551247039277497,2.9444389791664403,5.7587363592791645,0.0,10.311516039047453,10.894689012037176
CDG,FRA,EU1,-0.005013807947237361,-0.002997949284990987,-0.0020158586622463746,0.0015967839332008524,-0.0004907443036242828,-0.0038937738745036974,-0.01299304959710169,-0.004202064720718403,0.6319490750500818,2,1.0823243346611422,0.2927825629567889,5.645446897643238,-2.29579784057884,4.988370742172902,7.979418610990406,0.9124103252977743,17.557303662978804,10.500183536717612
CDR,USA,NA1,-0.010504389300560055,-0.05616917597596893,0.04566478667540889,0.07900107143230845,-0.04096909585983337,0.026253253313488586,-0.010504389300560055,,0.5440639191329757,1,-0.47332075417472425,-0.2947900543995759,0.6931471805599453,-1.0495150450513564,2.9444389791664403,4.465908118654584,0.0,9.38378935026654,10.894689012037176
CDV,USA,NA1,-0.02633408882588615,0.005644944934987996,-0.03197903376087414,-0.0013632403809999759,0.03145697201622362,0.003580968212652759,-0.02633408882588615,,,0,-0.40575142982597856,0.3900681336914796,1.3862943611198906,-1.650299662111258,3.9813631984566107,5.69865117811119,0.0,11.491793754834617,10.894689012037176
CEB,PHL,AS3,-0.0011748691265057462,0.004383315827919697,-0.005558184954425443,-0.006058130046249012,-0.0008941935594761407,-0.007965270309761652,0.0023394348515228167,-0.011124220995090745,0.5892409897658728,1,0.001234008053099538,0.29203422714115757,3.4011973816621555,-2.422605741860402,5.0550418207681265,6.977622466739662,0.25859876983142044,14.734197616353235,7.700452054329457
CEC,USA,NA1,0.030518361405825953,0.029273026598816032,0.0012453348070099242,-0.009216197233387532,-0.0047516603541692196,0.018084275872358047,0.030518361405825953,,,0,-0.41330141138197385,-0.1981628133070243,1.0986122886681098,-1.7273935415178248,3.4011973816621555,5.8629981661558945,0.0,10.362493427572323,10.894689012037176
CED,AUS,SW1,0.0011938817443529883,0.0009259537999665906,0.00026792794438639786,-0.0002872554047592004,-0.00014191997675541465,0.0008187426559270006,0.0011938817443529883,,0.5841276545607696,2,-0.6216869007604426,0.46670238552293397,0.0,-1.940115251606156,3.4965075614664802,6.304012133110166,0.0,9.898424758193666,10.871826484872283
CEI,THA,AS3,-0.025080485471958583,-0.017212421780710994,-0.007868063691247595,-0.004160568824909968,0.0022287828886497925,-0.027022408524886965,-0.023879388741691876,,,0,-0.3474048337812326,0.19815953385875076,1.0986122886681098,-2.2434336705257842,5.131998272739008,6.528546171381677,0.0,13.212854692379993,8.468143081239914
CEK,RUS,AS4,-0.012717674471653312,-0.017676398380772333,0.004958723909119021,0.0005465297409337746,-0.011959335981944213,-0.02433659892526311,-0.019243361096219998,0.029093472840602173,0.6879283174736504,2,-0.1687951829103393,0.9530097585788359,3.295836866004329,-2.047449120250516,4.747698924852667,7.4046136831896465,0.07246035227898553,12.968102024786397,9.064204880368637
CEN,MEX,LA2,-0.02624148770932204,-0.031558144323522365,0.0053166566142003255,0.008174943423864656,-0.010238560430976682,-0.0283583547238661,-0.02639321584107733,,0.6456696704446029,3,-0.4030262654986801,-1.0075870480415918,2.4849066497880004,-2.0000630257113534,3.9390370004924384,6.690986588660556,0.0,11.913913901051314,9.19803449697713
CER,FRA,EU1,,,,,,,,,0.5859697050343506,2,-0.4754792837187759,-0.8995720033011911,1.0986122886681098,-1.5779917912245751,2.9626269513885717,5.466343996106311,0.34730031579758147,9.471396088360253,10.500183536717612
CEZ,USA,NA1,-0.013067011514130207,-0.019820086188976425,0.006753074674846219,0.004072634055319002,-0.0027276952695261974,-0.011795949785672765,-0.013067011514130207,,0.5722667040246627,1,-0.46371717236141047,-1.0748688431099847,1.0986122886681098,-1.7783026642124369,2.9444389791664403,6.089403589566093,0.0,9.818637474619734,10.894689012037176
CFE,FRA,EU1,0.0001718984023805915,0.0018730463876635722,-0.0017011479852829785,-0.005300260638465334,0.003235354449322436,-0.003467752971819927,0.0029593441499928177,-0.03466707170937466,,0,-0.21775163405034317,-0.4176943248823298,2.995732273553991,-1.799671757968445,3.989448270035312,5.917972171587958,0.10813896648660859,13.247530637996917,10.500183536717612
CFN,IRL,EU1,0.0379245950339986,0.0459522653484529,-0.008027670314454304,-0.0011914679635751028,0.003304427556028513,0.04072951964872788,0.049335861663253586,-0.01246991751712746,,0,-0.49231301003683614,1.272406235238856,0.6931471805599453,-1.7644258075501698,3.912023005428146,5.4257390071717735,0.187010078387458,10.706609586304646,10.875207217259875
CFO,BRA,LA4,,,,,,,,,,0,,,,,,,,,8.987603389267655
CFR,FRA,EU1,-0.0002682607230607917,0.002119572459508473,-0.002387833182569265,-0.006899792370205761,0.005795202584984858,-0.0010438992486520274,0.00048298170748998554,,0.5547934533407752,1,-0.48717183834204614,0.12514527750420495,1.3862943611198906,-1.9600314628709348,4.149396453741151,6.351558742885284,0.011945047389211708,11.214155481532952,10.500183536717612
CFS,AUS,SW1,0.011280091875137777,-0.01374116091939856,0.025021252794536337,-0.0044079201367691395,-0.012528130392082615,-0.0060351144956521845,0.011280091875137777,,,0,-0.39680391408396953,-0.30494717427504653,1.6094379124341003,-1.7447098726013173,3.675739266429995,6.094929365363114,0.0,12.280576967698279,10.871826484872283
CFU,GRC,EU1,-0.01166806183184021,-0.00147065028751397,-0.010197411544326233,-0.004602106907167305,-0.0002786539272764029,-0.016197545319950907,-0.007888632342134966,,0.6094773146111898,1,-0.05755722407835499,1.17637897554311,3.8501476017100584,-2.559582859252328,5.023970135184631,7.11382778191208,0.6234206180552,13.345391722082509,10.08471240855404
CGA,USA,NA1,0.16057367954860452,0.07146640015294556,0.089107279395659,0.17634743116692025,-0.08724023080939539,0.2405524982097969,0.16057367954860452,,,0,-0.6900219240281192,-0.5682286003263387,0.6931471805599453,0.6734769471032789,2.300593060462805,2.0794415416798357,0.0,10.088804618309881,10.894689012037176
CGB,BRA,LA4,0.026588310757674045,0.022291059876599212,0.004297250881074828,-0.004358475244887874,-0.0039591622066446905,0.018304925334810027,0.026521177995965026,,0.5794067985351572,2,-0.29286884146926506,-0.39927035185779475,3.091042453358316,-2.4005629699445086,4.745466165639095,6.879848179983826,0.0,13.657804732756642,8.987603389267655
CGD,CHN,AS4,0.024169514719447838,0.02269322504524609,0.0014762896742017678,0.0011845950031272568,-0.004175507031942205,0.02113628716785244,0.024169514719447838,,0.6109872482178189,1,-0.36605704552870594,2.0662190924481836,2.0794415416798357,-2.3731886911213746,4.729840666089468,6.689268817994499,0.0,11.45846927917417,8.391574866779688
CGH,BRA,LA4,-0.0013584303250201227,-0.008856697505720509,0.007498267180700388,-0.007530355765615347,-0.0037130769110838707,-0.012192671674473684,-0.0013584303250201227,,0.6262473094086998,2,0.03761662228657137,1.0163800909251135,4.060443010546419,-2.240719120861198,4.874125677591345,6.361472867262314,0.0,16.306643368259323,8.987603389267655
CGI,USA,NA1,-0.017979223460595516,0.05188166906678538,-0.06986089252738088,-0.03720053448573953,0.007487035506009418,-0.04953985214940067,-0.017979223460595516,,0.5560713924803427,1,-0.4818025758595459,-0.2295460458641112,0.6931471805599453,-1.8473575087232017,2.9444389791664403,5.471730178452882,0.0,9.055906318669118,10.894689012037176
CGK,IDN,AS3,-0.0037526497119892517,-0.010580412355571856,0.0068277626435826015,0.00252341680158995,-0.0008483709444616606,-0.002294351689064937,-0.009295393488834026,0.011017255324454862,0.6288866355338874,2,0.5883397635454545,0.49799650880296775,4.30406509320417,-2.339052173826372,5.021605262368398,7.161386650988078,0.2444846957492211,16.891743526607247,7.764360911576746
CGN,DEU,EU1,-0.013975991780576244,-0.011062376759471004,-0.002913615021105241,-0.00880453260013913,-0.01091283723417956,-0.033000719976127635,-0.008324339565142426,-0.015793172488131915,0.5904341900744081,1,0.38621718670613164,0.7584778606186018,4.9344739331306915,-2.1421890355272057,4.826693643270404,6.8036530633039645,0.5850491577298605,15.77282260053598,10.56082813498111
CGO,CHN,AS4,0.01747193455712806,0.01731188411185028,0.00016005044527779208,-0.005403576924161666,-0.005764928302212262,0.006798746420070283,0.018493503154931888,0.0022677799348641845,0.59739915186349,1,-0.06668800196246946,1.667706617160725,3.8066624897703196,-2.4582309494559036,4.875341085494709,7.010690689782891,0.01868320931649068,15.073957911117667,8.391574866779688
CGP,BGD,AS1,-0.0076909386730021545,0.01591422867569857,-0.023605167348700724,0.016720225663892908,0.004391520840143196,0.013034350088699196,-0.014622062243861101,-0.00012138580688250819,0.6003347359791049,1,-0.2763221087581455,1.2722916088943872,2.3978952727983707,-2.287108101356098,4.739852324700992,7.1399420863888565,0.3738143053596739,13.251027443791667,6.715999232982851
CGQ,CHN,AS4,0.01784925486785449,0.017140176159748423,0.000709078708106072,0.004168516510121109,-0.0014282080648179082,0.02036408104897129,0.02009857548434946,-0.006610127132421273,0.6597905120660248,2,-0.10281365825240425,1.3307421424870465,3.4965075614664802,-2.480592652477864,4.992397530048196,6.987355962344406,0.09590324587055948,14.309167845640225,8.391574866779688
CGR,BRA,LA4,0.016845311219522596,0.014430761630481664,0.002414549589040941,-0.0006761051481677714,-0.005598135441489438,0.010651241964668734,0.01684555588370735,,0.5834418493656464,2,-0.33653419224722314,0.2412040178553499,2.70805020110221,-2.3551188628989976,4.894060552273321,6.627094117220061,0.07073211692532624,13.471030947725419,8.987603389267655
CGY,PHL,AS3,-0.005570216737213291,-0.00994816354834982,0.004377946811136526,-0.008058228207506284,-0.005011616656311359,-0.017943987590647657,-0.005570216737213291,,,0,-0.4061740360278921,0.39163549027338607,0.6931471805599453,-2.4198051789549213,4.898866592649886,6.6302548080063755,0.0,13.08030728836926,7.700452054329457
CHA,USA,NA1,-0.006969896193042403,-0.008375878220781263,0.0014059820277388568,-0.007133158207715401,-0.0016642861990135178,-0.015645981841387057,-0.006969896193042403,,0.6671841706643613,2,0.038146156640169064,0.04959375849071295,4.3694478524670215,-1.717262668702072,3.8735695834624218,6.214994560119183,0.0,13.040584830700231,10.894689012037176
CHC,NZL,SW1,-0.00391267307815457,-0.0036755370432519797,-0.00023713603490258978,-0.006550945409481378,-0.000669282963469951,-0.010830289813871831,-0.0017836994015651413,-0.00909763052312495,0.6936019770136056,3,-0.0073658442147852485,-0.11212025570272012,3.295836866004329,-2.446336742153317,4.640110104073166,7.103688518918985,0.28387461374071377,15.228208506146952,10.502717308818164
CHG,CHN,AS4,,,,,,,,,,0,,,,,,,,,8.391574866779688
CHH,PER,LA3,,,,,,,,,,0,,,,,,,,,8.391128985115767
CHO,USA,NA1,-0.020015472143724254,-0.015913224491688426,-0.004102247652035823,-0.0070437466216893415,0.004848945371558903,-0.021448336477815053,-0.020015472143724254,,0.6556714130620711,2,-0.14264855240854657,0.044808412924557395,3.7376696182833684,-1.7524319672611532,3.711075788817334,6.110984181066735,0.0,12.817166139419717,10.894689012037176
CHQ,GRC,EU1,-0.013188087249326175,-0.013561879852380217,0.00037379260305404395,0.003707384599158039,-0.00600690209660427,-0.015997270019221722,-0.013749155010077382,,0.6080468293039771,1,-0.16474166491160627,1.127381774913107,3.295836866004329,-2.389922588936565,4.793193845654288,6.696710331754738,0.26402468641961196,13.171124969737019,10.08471240855404
CHS,USA,NA1,-0.012761675185351283,-0.009519025905773295,-0.00324264927957799,-0.004381103144267742,-0.00013505928947801405,-0.016803035574895174,-0.012711553627583645,,0.5918933669559445,1,0.2593822740415753,-0.022062692460015968,4.795790545596741,-1.9450512278905883,4.272543901959756,6.513960065233073,0.0,14.288511565579885,10.894689012037176
CHT,NZL,SW1,-0.008706669554475839,-0.001596531301942325,-0.007110138252533517,0.004239977096944904,0.0004355147372240468,-0.002083837307238005,-0.008706669554475839,,,0,-0.5104594248320856,0.12210089904324295,1.0986122886681098,-1.9330687797139277,3.58351893845611,6.108494253679042,0.0,9.290629203204986,10.502717308818164
CHU,USA,NA1,-0.018039968036428575,-0.03972768841075573,0.014980775515001099,0.0002207233869147406,-0.015297944423758186,-0.03992531712151193,-0.018039968036428575,,0.5683025480422185,1,-0.6630640116603796,0.1786461353288731,1.3862943611198906,-0.49167170919405934,1.6057694656613477,4.143134726391533,0.0,8.65067458279072,10.894689012037176
CHX,PAN,LA2,0.06104972808005513,-0.018544809893734342,0.07959453797378946,-0.2016860302295218,0.15073638259787164,-0.005195747557173244,0.06104972808005513,,0.5783685353696228,1,-0.7748793909858905,-1.9536041856922106,0.0,-2.0969847681032694,2.1972245773362196,5.777652323222656,0.0,7.338888133838879,9.159851638232327
CIA,ITA,EU1,-0.0053884782507814515,-0.007717114435263283,0.0023286361844818302,-0.01218925308005025,0.0020834791191251265,-0.014968763198625822,0.10751220671824739,-0.023813103266021284,0.8219493806390997,3,0.010181806112445613,2.2114966373033984,4.060443010546419,-2.692999978437522,5.163318362802847,7.088317112701017,0.8999049080353597,15.033352539079756,10.438808040299792
CIC,USA,NA1,,,,,,,,,0.578211397974231,1,-0.40623447226794124,-0.14347572285962706,0.0,-1.4999192441721412,3.4011973816621555,5.5053315359323625,0.0,10.627406391762827,10.894689012037176
CID,USA,NA1,-0.011839928344688343,-0.009667244986080448,-0.00217268335860789,0.015061564545782141,-0.005406061141691144,-0.0026866149734822943,-0.011852307100513276,,0.5848321800685159,2,-0.05126240121630843,-0.3472434049645789,3.9318256327243257,-1.8852941766152027,3.990289677542566,6.538300251765655,0.0,13.61432784255339,10.894689012037176
CIJ,BOL,LA3,-0.0006359563628044393,0.0404138833368327,-0.041049839699637165,0.005427496181599234,0.00985457023715508,0.015280131336209661,-0.0006359563628044393,,0.658617427618555,2,-0.563910067549589,1.3458330432808165,1.6094379124341003,-1.7788222972798478,3.8992523564890718,6.4082824594685075,0.0,10.4109976861338,7.733432810667066
CIK,USA,NA1,-0.010077821900215198,-0.029050852666263536,0.01897303076604834,-0.014244205605168696,-0.04048897127700876,-0.06243184421524578,-0.010077821900215198,,0.5850367793884619,1,-0.56980683531118,-1.2983563407320875,0.6931471805599453,-0.030288053060516667,1.3162061992715244,4.219507705176107,0.0,7.979338895262328,10.894689012037176
CIT,KAZ,AS2,-0.00629681508539708,-0.03673960882334059,0.030442793737943508,0.040157877548290866,-0.019182944098250845,0.013561718091253273,-0.03663763215360287,0.09059255809602085,0.5884089535397989,1,-0.42525705188779656,0.21318009892867976,2.0794415416798357,-2.0996341721966796,4.255768393201484,6.840431573388777,0.08850716624617531,11.44191269772381,8.99179572921663
CIU,USA,NA1,0.022426360449748023,0.015662690632176606,0.006763669817571406,0.010916729453677854,-0.003624162156622216,0.027637111278704104,0.022426360449748023,,0.5512802449537051,1,-0.44978139479277945,-1.021716792290882,1.0986122886681098,-1.5224146531266953,3.4965075614664802,5.499107672081498,0.0,10.129825994746858,10.894689012037176
CIW,VCT,LA1,,,,,,,,,0.6000563885834806,1,-0.5269469544926806,1.0832270860099693,1.0986122886681098,-1.4877491965899952,4.141259756680552,5.000301563006288,1.0,9.91581130222496,
CIX,PER,LA3,0.01413836452950055,0.0077608921870395454,0.006377472342460999,-2.9485813297066263e-05,-0.005516777025122943,0.00858538388695888,0.014371056941340946,,0.5821642847094133,2,-0.49941628492197293,-1.2379151517991467,1.0986122886681098,-2.1625409812568885,4.774061654687736,6.402209593924056,0.0,11.859963119053347,8.391128985115767
CJA,PER,LA3,0.04498148610400271,0.046270890733249685,-0.0012894046292469552,-0.0001715536575782866,0.007007878263406371,0.051661820463822575,0.04498148610400271,,0.5886978475719344,2,-0.5269254924796964,-0.11726248745353404,0.0,-2.1619736378478245,3.912023005428146,6.333279628139691,0.0,10.522719050145906,8.391128985115767
CJB,IND,AS1,-0.019580563511907206,-0.019040058683649656,-0.0005405048282575603,0.0151164979595542,-0.008344646055291897,-0.013283395197222471,-0.022681984353909848,0.018555993023610072,,0,-0.25356677346213924,1.5975517195749909,2.6390573296152584,-2.2874815550956358,4.781771719086024,6.290268552692287,0.007626296628071522,13.89096490905725,6.97470991159236
CJC,CHL,LA4,0.012628071866056492,0.019384949573316414,-0.006756877707259931,0.0036341699905789943,0.00158440944351695,0.01728332600469669,0.012774889303849998,,,0,-0.3814292706959477,0.5187295644748009,1.9459101490553132,-2.3612858177054097,4.872847471479478,6.657176495867473,0.0,12.795108529832724,9.310307425489734
CJL,PAK,AS1,-0.11207301790168091,-0.10489160444183737,-0.007181413459843557,0.0003590502439038311,0.009496269301074611,-0.10210008732890911,-0.11207301790168091,,,0,-0.5044897440229252,-0.14545314726764214,0.6931471805599453,-1.6785336952110235,3.86163155989174,5.389027822986787,0.0,10.552473837310304,7.14310852796464
CJS,MEX,LA2,-0.024962112928459394,-0.018985084569793587,-0.005977028358665801,0.0073408347518128855,-0.007456598108790173,-0.024784215823481358,-0.02495029759750879,,0.6057329359413461,2,-0.30359780769336964,0.46311527539995956,3.091042453358316,-2.2265828275614608,4.379290443093268,6.96366033149532,0.0,13.454154675507,9.19803449697713
CJU,KOR,AS4,-5.074478899651626e-05,0.00020166356736665554,-0.00025240835636317066,-0.007992429258354885,0.005416254338436075,-0.0021595262006400867,0.0060109567640718176,-0.059589332497652,0.5920321719384064,1,0.0470848168384666,0.27444360379660937,3.332204510175204,-2.1339969399718344,5.174419077115414,6.129022983617264,0.14557016198354722,15.849009726665379,10.102000858470229
CKB,USA,NA1,-0.016120863023814207,-0.008404940806296371,-0.007715922217517824,0.030708356651851742,-0.027290815358711477,-0.013196140638137961,-0.016120863023814207,,0.5546318874568651,1,-0.5143024533878995,-0.39774098242673833,1.3862943611198906,-0.6932629106153401,3.5263605246161616,4.268057119079003,0.0,10.324300937591092,10.894689012037176
CKD,USA,NA1,-0.02081887278354712,-0.03988485526466659,0.011784944004567609,-0.06156849922198032,0.01305710406790559,-0.10037430483497786,-0.018039968036428575,,,0,-0.43550935116115713,0.5558958294297202,1.6094379124341003,-2.0387145171917402,2.339510336265625,8.223331672725406,0.5376274478070885,9.422058905620926,10.894689012037176
CKG,CHN,AS4,-0.00170675937574869,-0.0016281479300730398,-7.861144567564553e-05,-0.003056583472800807,-0.0005673340777256819,-0.005234357981946398,-0.00026471074225081076,-0.026367573769481588,,0,0.10838347855669278,1.6343917915433086,4.23410650459726,-2.4420056077397767,4.903727527807554,6.988714286452952,0.01989948774929902,15.758081136857529,8.391574866779688
CKS,BRA,LA4,-0.027015446783095875,-0.026022031124207673,-0.0009934156588882182,-0.0413202914825195,0.003081121110039171,-0.06304785329026735,-0.027015446783095875,,0.5873022827063414,2,-0.5594695879921211,-0.22003163476690377,2.1972245773362196,-1.5562899251045887,3.828641396489095,5.809622099899429,0.0,9.717519354821976,8.987603389267655
CKY,GIN,AF3,0.01342614317129089,0.018851217897772492,-0.005425074726481591,-0.02174843606918237,0.008092005643535224,0.0006347438041635336,,0.013013964835609603,0.5619263840035512,1,-0.2605503945038739,-0.32074526447313073,2.70805020110221,-2.344982177270732,4.972555529954958,7.79265336484473,1.0,12.511050529368424,6.5127834197966274
CLD,USA,NA1,,,,,,,,,0.5687038595618817,1,-0.3518195698604869,-0.14246419943441085,0.6931471805599453,-1.3298075025077298,3.4353097373279406,5.299421168170673,0.0,11.347366625506945,10.894689012037176
CLE,USA,NA1,-0.018057644092570567,-0.008465036644466482,-0.009592607448104092,-0.0062634802049323255,0.0038240908675973816,-0.020323951893314214,-0.01824353865564701,-0.014970473116501636,0.6221289690869392,2,0.5151901898685098,-0.4910565288446164,5.1647859739235145,-2.2879114973513315,4.223826744131605,6.977668484847314,0.02870933802803214,15.872252911362617,10.894689012037176
CLJ,ROU,EU2,0.03398969745906959,0.017312120888146508,0.01667757657092312,0.014341432620468587,-0.012555416597884514,0.035141685402626424,0.032822971605270396,0.038666725182001684,0.6142456087960411,1,-0.23194072516886205,1.439232286958783,2.772588722239781,-2.2297995336674457,4.291080853483226,6.609716025983259,0.5733155250467856,12.459000216441042,8.92051918100169
CLL,USA,NA1,-0.006180922988427753,-0.006075735436349149,-0.00010518755207860871,0.0008105555250950884,0.006978696640392013,0.00040320976460968055,-0.006180922988427753,,,0,-0.26547938032497853,0.0106479024045791,2.995732273553991,-1.3290935744052348,3.5577214803250774,5.141259874831246,0.0,11.861721451280273,10.894689012037176
CLM,USA,NA1,,,,,,,,,,0,-0.46010081393065,-1.0365415722621438,0.6931471805599453,-1.3525808431108735,2.1972245773362196,4.712498408083959,0.0,9.926080401188763,10.894689012037176
CLO,COL,LA3,0.0029268943234347193,0.0024795649581461476,0.0004473293652885736,-0.01856232510501224,-0.0010174959207180125,-0.015649641861247225,0.0028778563866523744,0.003189398616733615,0.7000263131982649,3,-0.03802990620901261,-0.06924135434917365,3.4339872044851463,-2.089346316524338,4.664657810874505,6.517041970750493,0.14977804353593874,14.385183601729254,8.506587672816924
CLP,USA,NA1,0.007266651814240028,-0.01360587854120281,0.020872530355442825,-0.225673939504838,0.17936324532201878,-0.03939155553027372,0.007266651814240028,,,0,-0.7516807718571944,-0.5474163956152001,0.6931471805599453,0.1464701302449404,2.0939046037073905,2.4259593064506855,0.0,8.961879012677683,10.894689012037176
CLQ,MEX,LA2,-0.037852498335524294,-0.014616710617177724,-0.023235787718346574,-0.019296651410393068,0.009749306509081209,-0.045646894164244625,-0.037852498335524294,,0.5721185514460779,1,-0.4560778398798106,-0.014872768361435328,1.0986122886681098,-2.021907240799017,4.296894678584661,6.7896643940152535,0.0,11.907747468979911,9.19803449697713
CLT,USA,NA1,-0.0026632267534491883,-0.002049334056160944,-0.0006138926972882433,0.004513458667398773,-0.0007238405623736129,0.0009080140285900658,-0.0034510123757114652,0.0060191942831128884,,0,0.6702308903909144,0.13930391650811694,5.25227342804663,-2.2771418298856885,4.549761429476996,6.937648949843517,0.07109510807062248,16.927044127046408,10.894689012037176
CLY,FRA,EU1,-0.002504221207976136,0.0019763698591302127,-0.004480591067106348,0.003864153814155429,0.0015467525916520015,0.0029934924447347173,-0.0016022085467029283,,0.6231392414055004,2,-0.3096074479217439,0.25326687131806536,2.302585092994046,-2.3171199955610713,4.5448605629743035,6.319594627299082,0.06482348673917399,12.126580203099612,10.500183536717612
CMA,AUS,SW1,0.038643653182141045,0.010416947278327246,0.02822670590381379,0.000358938537810468,-0.013805707237822469,0.020992436984742506,0.038643653182141045,,0.5905215230931955,2,-0.5465935207429832,0.5136786927483972,1.0986122886681098,-1.2172424973537839,2.8903717578961645,5.448890225027411,0.0,8.227909837597483,10.871826484872283
CMB,LKA,AS1,-0.009264922400186892,-0.006789995368266312,-0.0024749270319205825,-0.00036864420962227245,0.002421773812560409,-0.007289740627284745,,-0.011033015094170566,0.6200955896582336,2,0.12642223827948884,0.5934533940686784,3.871201010907891,-2.4496670135002176,5.393203885165152,7.898067925474571,0.9993344902577666,15.127740099845497,7.853039069377382
CME,MEX,LA2,-3.782025937690888e-05,-0.025440805176247028,0.02540298491687012,0.0050346046718170384,-0.009572607095452157,-0.004132705459811626,-0.001831882205560808,,0.6164488215654016,1,-0.29607396216568754,1.0236023796163047,2.833213344056216,-2.118550666592692,4.122993411694797,6.62735419134947,0.07979921206476635,12.340162007460867,9.19803449697713
CMF,FRA,EU1,,,,,,,,,,0,-0.29547875613359176,0.34754376031254297,2.70805020110221,-2.386880107588748,4.815729135203632,6.844506761946258,1.0,10.891075166292318,10.500183536717612
CMG,BRA,LA4,-0.047278302082241284,0.03506916596685221,-0.08234746804909353,-0.05549819852998749,0.02407599354530387,-0.07388767962247161,-0.04740507558266661,,0.609281452909915,3,-0.6431159523626764,-1.0639935826300795,0.6931471805599453,-1.9166219937294995,4.705691425005169,5.863631175598097,0.0,10.270211832327862,8.987603389267655
CMH,USA,NA1,-0.015481922405202433,-0.012205437178440208,-0.00327648522676222,-0.0035122279660024388,0.0009170925511516753,-0.017949433435426963,-0.015328348658664398,-0.029597157388764388,0.6278130010738157,2,0.45733263452594497,-0.3696303366107445,5.0689042022202315,-2.212939002806422,4.376713593552334,6.827388735299458,0.00883353229934866,15.427127295035122,10.894689012037176
CMI,USA,NA1,-0.013843619896206062,-0.01137102322813173,-0.00247259666807433,-0.01186573368149492,0.006584171377104327,-0.018363658061353934,-0.013843619896206062,,0.6018980116699761,2,-0.3505605402429213,-0.6840232888358228,1.791759469228055,-1.8748439160128292,3.847921658611168,6.049780484924466,0.0,12.017258054539555,10.894689012037176
CMK,MWI,AF2,,,,,,,,,0.5691744979310198,1,-0.631035422202165,-2.5436492976654472,0.6931471805599453,-1.3534904902815457,2.0794415416798357,5.043425116919247,0.0,6.327936783729195,
CMN,MAR,AF1,0.001030931894524091,-0.003972015169437507,0.0050029470639616005,0.0014126706693523732,-0.0006545702402202196,0.0017141079577671031,-0.010713105539798706,0.003866530408007891,0.6273626056974437,2,0.22554712973933835,0.6434449260583688,4.418840607796598,-2.4750875971356545,4.88236468000597,7.572537765892227,0.7850430757286471,15.384496407444999,7.84016154894035
CMU,PNG,SW1,,,,,,,,,,0,-0.636015145441859,-0.5753641449035618,0.0,-1.6771072035522396,3.58351893845611,6.12029741895095,0.0,8.633374945705647,
CMW,CUB,LA1,-0.08318974971354491,-0.08507143699826909,0.0018816872847241576,-0.005165045454013089,-0.003211071795349408,-0.09134384244147996,-0.05320958481586778,-0.09152840802152035,0.5743685055042019,1,-0.3262369921958999,0.6147609831090179,1.6094379124341003,-2.438794655675149,4.781069650067016,7.453715654301164,0.3774160344630399,10.867844376979322,8.734844252548541
CMX,USA,NA1,-0.01012221037902523,-0.005953990758619475,-0.004168219620405752,0.005144677387924827,-0.007260580452932788,-0.011512945071801579,-0.01012221037902523,,,0,-0.3857330710454548,-0.8564903562090195,2.3978952727983707,-1.721682943855017,3.651892077017949,6.077642243349034,0.0,10.649488059999875,10.894689012037176
CND,ROU,EU2,0.021372844717506893,-0.000997623064691418,0.02237046778219833,-0.020937880277607488,0.006304754067643304,0.007676816031884327,,0.01580700811827616,0.602495562185225,2,-0.4766457425734746,-0.07101478500439128,1.6094379124341003,-2.032969658962514,4.011815927207198,6.56397094526793,0.45488853169333987,9.568643988906736,8.92051918100169
CNF,BRA,LA4,0.03491756990166713,0.023991899330561246,0.010925670571105897,0.01099781273312148,-0.008635023016898575,0.03637219667631701,0.034091120501995864,0.019619584074456135,0.5712618430883227,2,-0.17765768112325955,0.5911556242345268,3.332204510175204,-2.22658559664248,4.913613353380692,6.297043001808051,0.0,14.961677327024063,8.987603389267655
CNJ,AUS,SW1,0.040564993684539925,0.01622988228021641,0.02433511140432352,-0.01260045444397869,-0.003140670612829097,0.02399398030206197,0.040564993684539925,,0.6438894298041645,3,-0.6057317201984547,-0.5545985977317405,1.0986122886681098,-2.0064601517840988,3.576405003251305,6.483610392939794,0.0,9.396487933603666,10.871826484872283
CNM,USA,NA1,-0.024154324171277282,-0.01591471644695156,-0.00823960772432572,-0.015444869746067107,-0.0008780243112454507,-0.04039669630664418,-0.024154324171277282,,0.5646570967244112,2,-0.5567415516794375,-0.7228308595664867,1.0986122886681098,-1.5697342507521495,2.656129168870113,5.500819507084729,0.0,9.815421073667677,10.894689012037176
CNP,GRL,NA1,-0.0016872459402630688,0.029466135493982644,-0.031153381434245724,-0.024627557037284496,0.036784687945702735,0.009648321040717507,0.015146904449298098,,0.6272236172181808,3,-0.859398699462075,0.3924010630910421,0.6931471805599453,-1.912039627665593,3.6149483009864025,6.646470073210461,0.599319306930693,8.080856419640986,10.594053288134592
CNQ,ARG,LA4,-0.04575783307338674,-0.048480983134318575,0.0027231500609318305,0.014359564339390528,-0.018219264815726045,-0.0509155157798935,-0.04426953679250628,,0.585636438182275,2,-0.6533927487249757,-0.7661161352902063,1.3862943611198906,-2.199391998724672,4.765018886929988,6.615112575814243,0.0879688493324857,10.826475805858005,9.45812987103844
CNS,AUS,SW1,0.003918139576786601,-0.015420637654269945,0.01933877723105655,-0.009124942818361063,-0.012330640300079007,-0.017474340860037182,0.00962174025139971,-0.031882952396489875,0.6053926982812685,2,0.15903640729677124,-0.4137101438490268,3.6375861597263857,-2.322494289267694,4.45467209425552,7.717658406806753,0.186120219893727,14.824813923212234,10.871826484872283
CNX,THA,AS3,-0.005498600405252964,0.002252885949524789,-0.007751486354777751,-0.006034109142967897,0.005472845211115194,-0.005639266048475281,-0.0007677074715400116,-0.03645006878990205,,0,-0.0024000731083290467,0.32337051036055403,3.1780538303479458,-2.278310068509861,5.13847507347224,6.594121905006813,0.11654186976661805,14.609948182666667,8.468143081239914
CNY,USA,NA1,,,,,,,,,0.57679954317747,1,-0.4903445468040904,1.2270724630562255,1.0986122886681098,-1.6523496885018014,2.8716796248840124,5.67447545228284,0.0,9.511555458710548,10.894689012037176
COD,USA,NA1,-0.025202073303710194,-0.02887242545852304,0.003670352154812848,0.0021095012188906683,0.007556410757144589,-0.016218091486596763,-0.025202073303710194,,0.567714648204251,1,-0.4447327194055641,-0.1822401750803807,0.6931471805599453,-1.8852202179464923,3.5182482797770995,6.300450261175296,0.0,10.71568363387369,10.894689012037176
COK,IND,AS1,0.005263060526114337,0.005090769915974052,0.0001722906101402798,0.003304323885138222,-0.008742607756614264,-0.00028643962038607594,0.005261329647949229,0.008383660069978156,,0,-0.13260098862787348,2.1038258898057607,3.332204510175204,-2.4701533261092052,4.9214380446954795,7.264876019869262,0.3768864015545351,14.637330157934946,6.97470991159236
COO,BEN,AF3,-0.0080941706887677,-0.0031409108837566545,-0.0049532598050110455,0.009206105716839426,0.000179976843221499,0.0011547294083640686,,-0.008088040739269834,0.5865746588839225,1,-0.18799770515130265,0.709252564716817,3.258096538021482,-2.318017613203114,4.87658575692309,7.341610443225128,1.0,13.111150750190225,6.831673174322548
COR,ARG,LA4,0.003212793523304956,0.00768086049685038,-0.004468066973545423,-0.004876728901580413,-0.010187918135539,-0.011440228751603786,0.005003254190558437,6.383289431934752e-05,0.5479423532250169,2,-0.3075560366807714,-0.6996552139798964,2.3978952727983707,-2.2750213899031375,4.911233391998085,6.618301597655087,0.24692609700963683,13.558401659836068,9.45812987103844
COS,USA,NA1,-0.01347374710137291,-0.008345921658965177,-0.005127825442407733,-0.010578634268648576,0.00873891551553651,-0.015010401470658508,-0.013559710695422538,,0.6011089920076165,2,0.2026860222152349,-1.2402073451892917,4.634728988229636,-2.1046179215308682,4.252053449845636,6.894904367769682,0.0,14.08726216162847,10.894689012037176
COU,USA,NA1,-0.012197589682698094,-0.04590880324289411,0.029380934868102,0.042246175083228574,-0.0932418170009314,-0.06210699327395384,-0.012320067339082525,,0.5548103496080854,1,-0.5251043058717338,-1.0225008791508048,0.6931471805599453,0.624129520602945,2.5965082247522764,5.321930147518384,0.0,10.076936530826485,10.894689012037176
CPC,ARG,LA4,-0.027394818297741777,-0.006190256149626036,-0.02120456214811576,-0.0007943049016395583,0.013766274840642074,-0.014803066968688905,-0.027394818297741777,,0.5855931991815329,3,-0.6820527388845077,-0.5291396293446943,1.3862943611198906,-2.2723297246524643,4.636154255708515,7.149742128440708,0.0,10.597159595331789,9.45812987103844
CPD,AUS,SW1,-0.003445291150108788,-0.004409718568146415,0.0009644274180376247,0.006757034247613242,-0.0027360638983453226,-0.011213819973026076,-0.003445291150108788,,0.5798202708632697,2,-0.621388547397031,-0.8591010818394864,1.0986122886681098,-2.0652385669979494,3.472005515813322,6.60623981378907,0.0,9.234056898593499,10.871826484872283
CPE,MEX,LA2,0.045200965896125586,0.03376846014922234,0.01143250574690324,-0.003928109663700916,-0.004107120545479238,0.03772186386780528,0.04565210848393677,,0.5959320419620906,1,-0.3664471015798079,0.588070758725282,1.0986122886681098,-2.1377951904049035,3.9167505912766374,6.822157293250412,0.003852238106397938,11.13125500542778,9.19803449697713
CPH,DNK,EU1,-0.00861145449344866,-0.006140898181272155,-0.0024705563121765065,-0.004742241538533924,0.0032044107546522985,-0.010135609871341242,0.007125643694250974,-0.010110667874669944,0.6278421696206666,2,0.5593809608969061,0.10627444952776861,4.955827057601261,-2.225727425085021,4.748338812016039,7.189073167101609,0.9130844554511245,16.51481287431848,10.898847789083996
CPO,CHL,LA4,0.024434146792883277,0.02734104395643539,-0.0029068971635521045,0.0048508093567666225,-0.002469505100443481,0.02642445682623302,0.024434146792883277,,0.5664065892423911,1,-0.4404889934257594,0.3511716632850989,1.9459101490553132,-2.144488484042764,4.800413955923703,6.345643298998896,0.0,12.56810123311061,9.310307425489734
CPQ,BRA,LA4,,,,,,,,,0.561618625279147,1,-0.3401101832322007,0.06870783180312862,2.6390573296152584,-2.18969232876302,4.919699302205822,6.212555915059671,0.0,13.723874320959448,8.987603389267655
CPR,USA,NA1,-0.001812429059966009,-0.019977382387123953,0.018164953327157937,0.004974489246750415,0.004457134667665813,0.006038116769825954,-0.001812429059966009,,0.6057651816738807,1,-0.36389685903584196,0.33874944608094515,2.6390573296152584,-1.8555715811245943,3.5321446483612875,6.293267730440808,0.0,11.800620037343885,10.894689012037176
CPT,ZAF,AF2,-0.007679673828169226,-0.009998910791861066,0.0023192369636918456,-0.002795898394767119,0.0013168215788202677,-0.009149293741069004,-0.005968542304492912,-0.015477760913868863,0.5758411252771224,1,0.061672635581455276,0.2949690075318016,3.5263605246161616,-2.3069427829553764,4.900256425089754,7.779199269981152,0.17097949951511482,15.441748358688619,8.681252452011616
CPV,BRA,LA4,0.04394253008661217,0.03421017049719847,0.009732359589413694,-0.003113496373142453,-0.008135863779979064,0.03163163975810501,0.04394253008661217,,0.6083873496006016,1,-0.4489012106952555,-0.3981211338524059,0.6931471805599453,-1.4489751990137978,4.919125332083447,4.962844630259907,0.0,10.824487180138018,8.987603389267655
CRD,ARG,LA4,0.016594618477898455,0.02255882535431481,-0.0059642068764163515,-0.003035361897492452,0.0010354443416317083,0.014283795827980277,0.016594618477898455,,0.6704805362324369,2,-0.10043127201044283,-0.6526170627125785,3.1780538303479458,-2.234917752581884,4.626910010278915,7.178998636354493,0.0,12.221291252830731,9.45812987103844
CRI,BHS,LA1,0.006712191371188917,0.01168891921054821,-0.004976727839359292,-0.0002652197012649537,-0.002140735736579756,0.004178544327489867,0.006712191371188917,,0.5700414163344291,1,-0.5586980925156441,0.10981486600720661,0.6931471805599453,-1.6768690913797395,3.912023005428146,5.500860804516989,0.0,8.639410824140487,10.420772350869472
CRL,BEL,EU1,0.020103024399057222,0.020704021220161642,-0.0006009968211044336,0.009113253248324274,-0.0017867620001181664,0.027066073813273903,,0.02011355402395472,,0,-0.19336096401488745,4.197683401725724,3.4965075614664802,-2.666648876635776,5.228252580992317,6.881700410006797,0.9985006046916606,14.220934331884859,10.609553039325432
CRP,USA,NA1,-0.011859234209838334,-0.008329936530503132,-0.0035292976793352016,-0.00564840697118732,0.004428685103580373,-0.013125502746283123,-0.011859234209838334,,0.6035097485749868,1,0.06344544071169508,-0.3483201579579637,4.3694478524670215,-1.8242592562244702,4.1956055339797125,6.027792858889598,0.0,13.338416249162297,10.894689012037176
CRV,ITA,EU1,,,,,,,,,0.5716017235336959,1,-0.4030440369034009,1.3758644370016297,0.0,-2.115634018912389,4.666540112179698,6.240275845170769,0.0,11.258213844188356,10.438808040299792
CRW,USA,NA1,-0.004234211760102363,-0.008125183120816209,0.0038909713607138442,0.010334737837362207,-0.005374428355191314,0.0006328553414160481,-0.004234211760102363,,0.6459755939915013,2,0.052050122347488056,-0.4820712333408147,4.3694478524670215,-1.720522045952323,3.70730736336498,6.200217388233049,0.0,13.059928242597934,10.894689012037176
CRZ,TKM,AS2,,,,,,,,,,0,,,,,,,,,8.04368367984642
CSG,USA,NA1,-0.0008563735982296591,0.0008222888014630396,-0.0016786623996927002,-0.03856092070264268,0.029868310354754006,-0.009363016189080392,-0.0008563735982296591,,0.6291236084790692,2,-0.25175384975789816,-0.8225503527620004,3.367295829986474,-1.196380068651061,4.030614660055029,4.8968647377962835,0.0,11.275556206392036,10.894689012037176
CSK,SEN,AF3,,,,,,,,,0.6663690872834096,2,-0.49906353959018407,1.6186405022929047,0.6931471805599453,-1.870560782667415,4.506784415257337,5.605802066295998,0.0,9.350971501715929,7.024647804058623
CSX,CHN,AS4,0.012574993979048463,0.014157124084987757,-0.0015821301059392929,-0.007709974493009616,0.0025607403544592915,0.007800164457756266,0.01634082106413114,-0.04431494750110933,0.6037026910323826,1,-0.01894446782149618,1.7270172627187035,3.8918202981106265,-2.427172850328974,4.979554041254232,6.806328976989207,0.05907530757460888,15.596922340737212,8.391574866779688
CTA,ITA,EU1,-0.0033777786105890746,-0.0069077395131455326,0.0035299609025564596,-0.003128441301851904,-0.000711936197610265,-0.007233967773602109,0.000831994346322901,-0.013794943634853942,,0,0.01432631198708852,0.8457843198514071,3.9512437185814275,-2.393348455569704,4.974517426908821,6.778183318687591,0.1386823769692876,15.26425328862598,10.438808040299792
CTC,ARG,LA4,0.003379252031617155,0.007369812295565183,-0.00399056026394802,0.00016376996378536512,0.00046360414069301697,0.0037975581448792747,0.003379252031617155,,0.542746982682353,1,-0.6907681160147742,-0.4227020763407813,0.6931471805599453,-1.276169793967826,4.791868117381845,4.919980925828125,0.0,10.62667885444445,9.45812987103844
CTD,PAN,LA2,,,,,,,,,,0,-0.7766460038780006,-2.3214236223805775,0.0,-1.7408869025807325,2.4849066497880004,4.983606621708336,0.0,6.148468295917647,9.159851638232327
CTG,COL,LA3,-0.012933226473835584,-0.006161942267713297,-0.0067712842061222875,-0.0031216173388405885,-0.005279840495826565,-0.021297510244733104,-0.01408831523525976,0.0001824142920626051,0.5910255826627071,2,-0.23076883856567723,-0.08550655708158977,2.6390573296152584,-2.1433405408676065,4.721774907665357,6.554167916814309,0.08852887462911439,13.8743802289903,8.506587672816924
CTL,AUS,SW1,0.03377288536850763,0.008858373792347706,0.02491451157615992,0.005107399215895205,-0.02421888598441267,0.012844104697107327,0.03377288536850763,,0.5901615725535454,2,-0.5015011453964778,0.45086160386216007,2.0794415416798357,-1.2678781805068997,3.133213076232773,5.704235392207789,0.0,9.97375960552146,10.871826484872283
CTM,MEX,LA2,-0.03717082791827804,-0.04086162415772436,0.0036907962394463366,0.001546964951816984,-0.0015312634265951986,-0.037330087834031966,-0.03716892427377179,,0.5710557271989862,1,-0.4174130476745938,-0.31389480760798183,1.9459101490553132,-2.2950255732022584,4.6528378056055955,7.006675783605285,0.0,11.291405594772117,9.19803449697713
CTS,JPN,AS4,-0.009466564606274225,-0.005113312402748043,-0.004353252203526178,-0.0036958489837982016,-0.0010797511702367337,-0.014122566040689972,-0.007525983654224093,-0.020871077882118325,0.5718430220686872,1,0.16580574639043003,0.021899154951020426,3.828641396489095,-2.1987762124582004,5.432989042384385,6.82223265932945,0.04229187418384534,16.228720505636115,10.433822702828955
CTU,CHN,AS4,-0.003955857342896725,-0.0033144079318353416,-0.0006414494110613856,-0.0029343689380478804,0.001061499460514171,-0.00574046086310134,-0.0016245514119682856,-0.0312948676352949,,0,0.22926647777295858,1.4680069407308602,4.356708826689592,-2.442815666811019,4.980739566769979,7.110699893842107,0.04727763650928056,16.335325591291497,8.391574866779688
CUC,COL,LA3,0.007492286528899722,0.009715918095276967,-0.0022236315663772457,0.0008686435501249601,-0.003205152965953899,0.00527646660060496,0.0066962118191697916,,0.5707417597325005,2,-0.49640791692367114,-0.39649224671017685,1.0986122886681098,-1.8883889015800464,4.529242994782036,5.908965513361371,0.0,12.518464403597314,8.506587672816924
CUE,ECU,LA3,0.02101848428319826,0.023587917305788197,-0.002569433022589937,-0.0032724251068080687,0.00035468340257701735,0.018235566930559412,0.02101848428319826,,0.6000850819835529,1,-0.4643553197998136,1.95901909409549,0.6931471805599453,-1.4332698784020634,4.519560050476515,5.52407521090982,0.0,12.855231365269361,8.458568582904595
CUK,BLZ,LA2,,,,,,,,,,0,-0.5656814049811935,0.5190625334213693,1.0986122886681098,-0.7089516283477235,2.3978952727983707,3.2615869429612507,0.0,11.475846456728808,8.774286490019918
CUL,MEX,LA2,-0.011770965151084663,-0.0072256331049157,-0.0045453320461689645,0.00026455959600558466,-0.003521971765674262,-0.014616027777732372,-0.010051543226551015,,0.5620357178800265,1,-0.2402194269255358,-0.1103194301157551,3.044522437723423,-2.130637338856276,4.4691566849985875,6.82972206601399,0.03566682531678974,13.651611853485235,9.19803449697713
CUM,VEN,LA3,,,,,,,,,0.5908085258107769,2,-0.5039346956033013,-0.8625302938206945,0.0,-1.5865318022749475,3.662661556059877,5.739792912179234,0.0,10.796755277252743,8.41113221940897
CUN,MEX,LA2,-0.00587940365863196,-0.004711519946993601,-0.0011678837116383563,-0.00016200895091684494,0.0012634666696104318,-0.004773197992772672,-0.0036594586519766606,-0.0066337581664482,0.5911601905925111,1,0.4240678146477995,0.42170058576944236,4.736198448394496,-2.5323056852850216,4.988797902845085,7.761110180422139,0.7160959733534343,15.5224662117447,9.19803449697713
CUP,VEN,LA3,,,,,,,,,0.5639425176832309,1,-0.529285507121301,-2.449007022970329,0.0,-1.7505320951483256,2.9444389791664403,6.008813185442595,0.0,9.38378935026654,8.41113221940897
CUR,CUW,LA1,0.008311104512812266,-0.008049142912908428,0.01636024742572069,-0.011206209802546222,-0.00224286552620111,-0.004872088711742384,,0.008033846930851329,0.5988174800604287,2,-0.07062293604159266,-0.5117355961278925,3.4965075614664802,-2.293801964205168,4.416704427021676,7.672326910719166,0.8258461898153887,13.807781767661576,
CUU,MEX,LA2,-0.022277602701100303,-0.014549064825638496,-0.007728537875461815,0.0023168861491554547,-0.004401750559376156,-0.02391502133559502,-0.022633509506654027,-0.01690515722025919,0.567640557543116,1,-0.19827293445567826,0.07608118265553811,3.367295829986474,-2.0813548132273336,4.247246718135595,6.793349153858165,0.08582688457316838,13.494208273567423,9.19803449697713
CUZ,PER,LA3,-0.0009828762280989218,-4.895411194331278e-05,-0.0009339221161556114,-0.0004405813992067972,-0.0003707128123905881,-0.002508810321997991,-0.0005454483727509037,-0.05286569386684625,0.5578966461002651,1,-0.3960424526408989,-0.07242066657995949,1.6094379124341003,-2.1222421695949927,4.805198090064208,6.253904237569856,0.00013058886098078553,13.763738201476377,8.391128985115767
CVG,USA,NA1,-0.038326966277599156,-0.026206094978658126,-0.012120871298941033,-0.003305280329725084,0.01259505865775105,-0.028947905528974645,-0.038693215556712984,-0.029602991536219703,0.6329561836589188,2,0.6110443717245988,-0.5487101394630499,5.241747015059643,-2.168191560572642,4.201481489375712,7.122354539140054,0.043212229572516574,16.207162289450345,10.894689012037176
CVJ,MEX,LA2,,,,,,,,,0.6197479141764273,1,,,,,,,,,9.19803449697713
CVM,MEX,LA2,0.027729470221055118,0.04537441631092805,-0.01764494608987293,-0.0016875790792762648,0.009569283217529001,0.03499961080500974,0.027729470221055118,,,0,-0.4489495731029676,-0.2907196069861909,0.0,-1.817386520353785,4.047756273220622,6.16541785423142,0.0,11.219413095989136,9.19803449697713
CVN,USA,NA1,-0.00279652483601219,0.0015454709665840179,-0.0043419958025962095,0.0020029790363748643,-0.004614275424454906,-0.005575387380399435,-0.00279652483601219,,0.5690732353885274,1,-0.46426834549926566,-0.10491348838171871,1.3862943611198906,-1.6291303775560606,2.9444389791664403,5.696782724826034,0.0,9.572480355345974,10.894689012037176
CVQ,AUS,SW1,,,,,,,,,0.56558614565333,1,-0.5753802354603386,0.32541019437187646,1.3862943611198906,-2.064841520112809,3.828641396489095,6.296658132950297,0.0,10.031176913677017,10.871826484872283
CVU,PRT,EU1,0.02095695555699348,-0.01075110212428921,0.0317080576812827,-0.00796800494521658,0.0227620215880631,0.04145237627525946,0.02095695555699348,,0.5552275180161119,1,-0.6285571463817304,0.06611954913488986,1.0986122886681098,-1.8019682893507694,2.8903717578961645,5.195927950689527,0.0,8.577347114235984,9.902465561885505
CWA,USA,NA1,0.002781909479008087,-0.004121097018390068,0.0069030064973981545,0.003663214393915249,-0.004967130782212945,0.0013476650399259203,0.002781909479008087,,,0,-0.2407639108223993,-0.24936167098710849,3.295836866004329,-1.6121326899973463,3.6722887996804996,5.9279357518555225,0.0,12.309396087762075,10.894689012037176
CWB,BRA,LA4,0.033453733852369834,0.025633222678699406,0.007820511173670427,0.007223194989011361,-0.013037423688970883,0.027127704906009853,0.0335261432875851,0.04931126286236079,0.5532957143853031,1,-0.14048900107139506,0.4376905685596317,3.4965075614664802,-2.0756402172433,4.8963304869164626,6.146914540815497,0.026748935456189955,15.038401775254679,8.987603389267655
CWC,UKR,EU2,,,,,,,,,0.6719108426010283,2,-0.45044578232292526,2.1726859099187426,1.0986122886681098,-1.765952744843488,3.9787208476882614,6.0865491978292905,0.04037325330582388,9.967682264578125,7.82338661381434
CWL,GBR,EU1,-0.04091575930918172,-0.012525251148940604,-0.028390508160241114,0.007651227142894462,0.001423068809706655,-0.03179836351879708,-0.022011085104964127,-0.048699582160439674,,0,-0.02015035104538194,1.5551681346157675,3.871201010907891,-2.433053399426129,4.7629863188154085,6.943558439280638,0.7241245149655413,14.18326341461852,10.711795251008132
CXB,BGD,AS1,-0.04594309037401297,-0.022370853978078028,-0.023572236395934934,0.021986027822942237,-0.03033168360147826,-0.05415945094864707,-0.04594309037401297,,,0,-0.5532121828688955,1.0843369909937899,0.6931471805599453,-1.1138649460331347,3.9888201524395117,4.9952887195720175,0.0,10.325645883585953,6.715999232982851
CXH,CAN,NA1,-0.061609309630877504,-0.05655417140217994,-0.005055138228697586,0.004570316170240741,0.011320457707967647,-0.046090289707657106,-0.06119218646275045,,,0,-0.4054316264379818,0.38499856396881116,1.0986122886681098,-1.1735728585261809,2.6014388115091616,4.497502451100629,0.0,12.56102310339716,10.64796624715158
CXI,KIR,SW1,,,,,,,,,,0,-0.48264707658416006,-0.03853901137615975,0.6931471805599453,-2.658263909271623,4.916396435647059,7.951383259317487,1.0,9.54136924893133,7.267774765509127
CXJ,BRA,LA4,0.022290282154263076,0.017817723163485736,0.004472558990777318,-0.0054782192126147065,-0.006823279543803769,0.010265328024075529,0.022290282154263076,,0.5925888999228688,1,-0.4446407286008965,-0.8125580429166407,1.0986122886681098,-2.321936410054622,4.8317717852072315,6.638185342593752,0.0,11.395627311739359,8.987603389267655
CXP,IDN,AS3,,,,,,,,,,0,,,,,,,,,7.764360911576746
CYB,CYM,LA1,-0.008660495241429002,-0.002761648515873594,-0.005898846725555408,-0.0041923362658134655,-0.0022362089405471687,-0.017329505361748748,-0.005406641683986054,,0.5508709713350474,1,-0.4537156149835712,0.0448023123216963,1.0986122886681098,-1.368872951170988,3.3807387033843073,4.793491854200218,0.0,11.138217469968486,
CYF,USA,NA1,-0.005426657217977186,-0.01846234031080165,0.01303568309282446,0.006217428572152826,-0.01859143794917504,-0.017839965674902265,-0.005426657217977186,,,0,-0.7160015221884471,-0.06840241549959601,1.6094379124341003,-0.6394885961383467,1.8012763785392152,4.218457115999169,0.0,9.709295823171686,10.894689012037176
CYI,TWN,AS4,,,,,,,,,0.6283710652512629,3,-0.6794449289452184,-1.4903652904753333,1.0986122886681098,-1.5749401250883241,4.02535169073515,5.199203106312858,0.0,12.027711236987857,
CYO,CUB,LA1,-0.03995401333802846,-0.04558137232184798,0.0056273589838195205,0.0372767481089957,-0.0005453643593006778,-0.0043059761609531705,-0.054645101242612605,-0.02927832914640536,0.5872733854886629,1,-0.33156404394315453,2.1318788233488726,1.9459101490553132,-2.405729395731772,4.5011614133187505,7.343904010662903,0.29548436896950986,10.8555314541161,8.734844252548541
CYS,USA,NA1,0.08561804542116228,0.0906257905965864,-0.0050077451754241345,-0.030413962992821186,0.007105868556709534,0.06179447820797139,0.08561804542116228,,0.5826813559739842,1,-0.4438997171004518,0.10695263599110244,0.0,-1.2384160684460477,3.026986387556595,4.976733742420574,0.0,10.830421444508763,10.894689012037176
CZE,VEN,LA3,,,,,,,,,0.5581023336000086,1,-0.5154175615695438,-1.3569155938219783,0.0,-1.6090030398595792,3.487420109210208,5.723585101952381,0.0,10.103485294343026,8.41113221940897
CZH,BLZ,LA2,,,,,,,,,,0,-0.7925444261653499,-0.26811229475635745,0.0,-1.3840869286282325,2.4277482359480516,4.276666119016055,0.0,10.524870166866762,8.774286490019918
CZL,DZA,AF1,-0.025308653345026494,-0.00964480655639963,-0.015663846788626874,0.003058085451601713,0.0018077213199575665,-0.02071133887033791,-0.027293420833404032,-0.025154312262483,0.5933484910310771,1,-0.2804351921556904,0.16741421996038075,2.70805020110221,-2.3392970788748246,4.869352235330088,6.564994303187586,0.5016615963074502,12.877717805643009,8.375456929632021
CZM,MEX,LA2,0.0047843981254119955,0.013031381162756438,-0.008246983037344436,-0.005488489863884132,-0.0002191943292408166,-0.0006822466010507165,0.018189350972673636,0.0057768281871590724,0.5980042510822262,1,-0.10870324586807603,-0.2001918970806994,3.4657359027997265,-2.4912434517681077,4.768259894444327,7.4976382853566035,0.872998362257701,12.590303902629946,9.19803449697713
CZS,BRA,LA4,0.008787480647042108,-0.011159334186736723,0.02454740020515641,-0.008354359001826782,-0.010987010230768392,-0.009011095387271285,0.010101295254983659,,0.5501817548184667,2,-0.5278977889035047,0.9381019308078838,1.6094379124341003,-2.0167886399590644,4.807507055816515,6.405228458030842,0.0,9.93740577073959,8.987603389267655
CZU,COL,LA3,-0.00683249666002451,-0.016512196551192095,0.009679699891167591,0.0015501696371099773,-0.007407558955472839,-0.01269138120186861,-0.00683249666002451,,0.583396717031432,1,-0.5206324096483155,1.0482171045040332,1.3862943611198906,-1.9227481370538417,3.8822467096570805,6.138265224029326,0.0,10.380528859133515,8.506587672816924
CZX,CHN,AS4,0.019348862373622794,0.01814836345213293,0.0012004989214898652,-0.0072427989460776675,0.0004619215944449199,0.012961762054561645,0.023988483058649163,,0.5730447005702054,1,-0.32808263813654065,1.067604726915955,2.4849066497880004,-2.491294761840374,4.969440962058695,7.060273655909018,0.0,12.808178521657977,8.391574866779688
DAB,USA,NA1,-0.026461000189767964,-0.014742568951289704,-0.011718431238478252,-0.011163910066946316,0.013379538371801059,-0.023953367931678134,-0.024794360795321158,,0.5806099383790434,1,-0.05405544425680756,-0.32288377069719876,3.8918202981106265,-2.121721387818366,4.396082331207096,6.545403821111562,0.0380170654382634,13.016553872076836,10.894689012037176
DAC,BGD,AS1,-0.007967891809671626,0.00418211721074225,-0.012150009020413875,0.0022924218468404695,0.001940944802903688,-0.003742775907372756,-0.02680249036331875,-0.00315132308547682,0.6299087778076762,2,0.029790241742648056,0.5227277198258731,3.58351893845611,-2.2295127342626384,5.038178848546476,7.745185182948747,0.8212950514652191,14.934188511226646,6.715999232982851
DAD,VNM,AS3,-0.009168223650260968,-0.009611470094593379,0.00044324644433241126,-0.012945728458501032,0.00460708464438662,-0.017007458209393714,9.12945532826055e-05,-0.026275401958830727,,0,-0.2985628624752838,0.9473911208005154,2.0794415416798357,-2.2041664452052183,5.066803659864528,6.391770346439288,0.03482401045543576,13.681486472558023,7.489383297681163
DAL,USA,NA1,-0.028648409828909187,-0.02920051628901516,0.0005521064601059777,-0.03401985947437318,0.012140404636740059,-0.04914198017109056,-0.028648409828909187,,0.6141637623429412,1,0.2058646725752925,0.41157971777549335,4.51085950651685,-2.099829277910054,4.752584028961657,6.2589313875811685,0.0,15.672479104706712,10.894689012037176
DAM,SYR,ME1,-0.13974221401471146,-0.1518434680328062,0.012101254018094788,-0.008545232526413957,0.006866611035019574,-0.142028685646823,,-0.1432041249859461,,0,0.11937016212199378,0.4231024620121491,4.0943445622221,-2.3329708462119654,5.107812351013237,7.415514148138667,0.8910800796524077,14.69157661688612,7.252542786111778
DAR,TZA,AF4,-0.006799267935428339,-0.017428655247707994,0.010629387312279661,-0.0021917282079760916,-0.004935917068805809,-0.013550931651396283,0.006487722699710512,-0.015152014484292804,0.5756300426169638,1,-0.06229872302448568,0.5601852147201006,3.4965075614664802,-2.25523405773772,4.6019268061111225,7.509036855275319,0.646545617870447,14.032526574221652,6.595124587865934
DAT,CHN,AS4,0.03302982389260059,0.03499587585207932,-0.001966051959478709,-0.05774550140525452,0.028709462490561735,0.006684212096957957,0.034225157105769934,,,0,-0.39662197409912364,2.8058680565688685,1.0986122886681098,-2.4796749210004942,4.914297135121957,6.989045489239932,0.0,10.966386304046374,8.391574866779688
DAU,PNG,SW1,0.006271264094723305,0.005029122853507653,0.0012421412412156458,-0.0009738965314992549,0.009226759364134035,0.015768722112790966,0.006271264094723305,,,0,-0.562385841882226,0.29299659277353046,2.3978952727983707,-1.6511517687220436,3.2923070353008046,5.848068534242746,0.0,10.144549604352683,
DAV,PAN,LA2,-0.02146260222502636,-0.02024283105760476,-0.001219771167421579,-0.0028236278114350468,0.007050508174528114,-0.017865835444914404,-0.021328873535980408,,0.5396173779446609,1,-0.528035714011714,-0.825716904032328,0.6931471805599453,-1.8037027473148575,3.912023005428146,5.74366609800943,0.13793103448275862,9.581903928408666,9.159851638232327
DAY,USA,NA1,-0.0015287216633372315,-0.011390589622287063,0.009861867958949827,0.001752652347539638,-0.009492672631319117,-0.009089462346924742,-0.0018179881053874795,,0.6254034999642208,2,0.32153699804282604,-0.22635649061987706,4.927253685157205,-1.9620890721124442,4.17642034342996,6.625793917770423,0.0,14.476634938130967,10.894689012037176
DBA,PAK,AS1,0.02715252910080495,0.03147568518809256,-0.004323156087287606,0.005192113176319593,0.005228324466823724,0.037177802270847264,0.02715252910080495,,,0,-0.502965633401644,-1.4170660197866443,0.6931471805599453,-2.007776137803841,3.8292368118088587,6.248042874508429,0.0,8.11969625295725,7.14310852796464
DBO,AUS,SW1,0.004512376211305565,-0.019768387117883028,0.024280763329188576,-0.00397639534616996,-0.022995317471596034,-0.022549768808983604,0.0045182220600097425,,0.5802509725254144,2,-0.434561696287296,-0.06911495837297188,0.6931471805599453,-1.4086391018431965,3.2899368654094205,5.831681090518723,0.0,11.749924583054879,10.871826484872283
DBQ,USA,NA1,-0.013073789874290276,-0.011665638011218653,-0.0014081518630716214,0.00121815630334261,-0.00018098605201031528,-0.011599063720224614,-0.013073789874290276,,0.5583350848699753,1,-0.38976520990826535,-0.49677549637703355,1.0986122886681098,-1.5605749122215706,3.872039585380512,5.5020208736094665,0.0,11.073210468662191,10.894689012037176
DBV,HRV,EU2,-0.012173861056541824,-0.006082627163523563,-0.006091233893018268,0.001552601798453569,0.0033180110446955173,-0.007437693830254775,-0.008914834706957538,-0.015193804174142178,,0,-0.09718106399897113,2.0378875536102674,3.58351893845611,-2.4862795017328887,4.98270023591748,6.95053232896469,0.6703409519755469,13.234103301298035,9.450772616814078
DCA,USA,NA1,-0.009467791927318189,-0.00475326803735491,-0.004714523889963283,0.00012890954835956115,0.0016984237924997944,-0.007744015626361473,-0.009605804391371363,-0.002893430495169125,0.6159212963557559,2,0.614147223823625,-0.2744846137470754,5.147494476813453,-2.2685995104386385,4.556469938416585,6.896376461223508,0.019322190829287048,16.413906668824637,10.894689012037176
DCM,FRA,EU1,0.03148643066560052,0.025273227597994354,0.006213203067606184,0.005758192447044447,0.0014098907645708142,0.039189748449565465,0.03148643066560052,,0.5898198244219268,2,-0.4961394059045796,-0.5490786044780107,1.0986122886681098,-1.7610402621441974,3.4793839722111852,6.0706932316385505,0.0,10.277324385186116,10.500183536717612
DDC,USA,NA1,0.006514513617308403,-0.011820750617644336,0.018335264234952728,-0.002439049363741683,-0.0012274137265432723,0.0029984954939542537,0.006514513617308403,,0.5901424204037543,1,-0.4507834284676075,0.614068195684203,1.6094379124341003,-1.6333609040441792,2.9444389791664403,5.619377301904322,0.0,10.502433937697246,10.894689012037176
DDG,CHN,AS4,-0.003962364990724323,0.004683629952029409,-0.008645994942753732,0.013832820735883848,-0.006084990890237845,0.003088944786921704,0.020564891383954776,,0.5840015814258861,1,-0.35781403619381924,0.6585359628733964,1.6094379124341003,-2.1946206695464325,4.998234325589602,6.547355407417978,0.3276653520398267,11.25590191347224,8.391574866779688
DEA,PAK,AS1,0.0113182830676863,-0.02825603330189149,0.03957431636957779,0.029839763748409194,-0.01890533027791195,0.020451289466582024,-0.011408772331655737,,0.586087907355801,1,-0.47453176445928646,0.6838424735483655,1.3862943611198906,-2.1406551347956517,4.2635702003987745,6.383519600376911,0.0,10.49010686968624,7.14310852796464
DEC,USA,NA1,-0.021926668669859917,-0.01756699390075615,-0.004359674769103766,-0.01614511939627413,-0.0112236660780985,-0.048581445813629706,-0.021926668669859917,,0.5540210343100508,2,-0.5276476851153473,-1.0567150777791776,1.0986122886681098,-1.5673817745592784,2.9444389791664403,5.372471184242697,0.0,10.386345707218064,10.894689012037176
DEL,IND,AS1,-0.004830916615449439,-0.005909527841197269,0.001078611225747835,0.001668821743316582,-0.0016998104879970724,-0.004925380012453548,-0.008059525753230535,0.003479468389630481,0.5984372144037464,1,0.5776912376183498,0.9013065661862777,4.736198448394496,-2.2369043540137303,5.072816345307346,7.6268551788166485,0.2948433093112133,16.64684631693086,6.97470991159236
DEN,USA,NA1,-0.004246727867490791,4.916634496651175e-06,-0.004251644501987442,-0.003953081995495789,0.0017989282776365162,-0.006291379044606787,-0.004090256618085871,-0.0075465756769790265,,0,0.9118312986323056,0.1719186858635665,5.365976015021851,-2.3874572432978214,4.657755342428298,7.31135163465237,0.042896376955558965,17.289785028221285,10.894689012037176
DEZ,SYR,ME1,,,,,,,,,0.5930307740344292,1,,,,,,,,,7.252542786111778
DFW,USA,NA1,-0.008953506094461949,-0.006466893440044652,-0.002486612654417296,-0.0004923165067964028,0.005978551321726592,-0.0035240310007980235,-0.009012400136695128,-0.007946624797709674,0.6176080376401505,2,0.909990120980535,-0.24813643024201998,5.43372200355424,-2.2525761329945593,4.710968776142442,7.405539250661876,0.09813463872854303,17.444833301091972,10.894689012037176
DGA,BLZ,LA2,,,,,,,,,,0,-0.5562167096124474,0.6400309285107784,1.3862943611198906,-1.3074565038636339,2.3895964699836756,4.196784149452263,0.0,11.786001385032646,8.774286490019918
DGE,AUS,SW1,,,,,,,,,0.5690398252930544,1,,,,,,,,,10.871826484872283
DGO,MEX,LA2,-0.061163858571190007,-0.052788233862861425,-0.008375624708328594,-0.007138622276467899,-0.003415527972939947,-0.07070814077956275,-0.0596582823699384,-0.07158724547557878,0.5806863124057253,2,-0.29867639732650464,-0.45177584439369445,2.3978952727983707,-2.0321752472442833,4.2330181661927435,6.676735832292692,0.0911900523229019,12.307355860282257,9.19803449697713
DGT,PHL,AS3,-0.011615798632486463,-0.01741452507518608,0.0057987264426996215,-0.0007227368753739065,-0.0074747800823096126,-0.020048666147064013,-0.011615798632486463,,0.6454918802395331,2,-0.42001903628965737,0.9117621894594699,0.0,-2.2940463213687137,4.902400210783565,6.439350371100098,0.0,12.09458226949681,7.700452054329457
DHN,USA,NA1,0.011285598094433236,-0.009830501651036544,0.021116099745469786,-0.0006483808707295571,-0.0011757430151344153,0.008289665470896606,0.011285598094433236,,0.6085039004363285,1,-0.18460882371749263,-0.24585445184459165,3.58351893845611,-1.5272784424517005,3.9083676842255355,5.62315414487115,0.0,11.390486607777651,10.894689012037176
DIB,IND,AS1,0.05530592981164349,0.0370508784964829,0.018255051315160625,0.011882414608587617,-0.014624583021147514,0.05170165044138669,0.05530592981164349,,,0,-0.42391969634073823,0.4957983152754997,1.6094379124341003,-2.087794890401679,4.663535573162788,6.286486196099563,0.0,11.44345748063504,6.97470991159236
DIE,MDG,AF4,0.019296754273942476,-0.013490740001274787,0.03278749427521727,-0.008830152461157502,0.010287084086778177,0.019752996155558682,0.015422397416767788,0.03424592704687468,0.5926314872708542,2,-0.5472463296938476,-0.011996580576834918,1.791759469228055,-2.163251548024893,4.74839537422926,6.440040598973434,0.2514068486590038,11.109697851802256,6.16075460811433
DIK,USA,NA1,0.06025856285275806,0.05628157847437299,0.003976984378385056,0.0009616218652389943,0.008795923487812923,0.06917733156545855,0.06025856285275806,,0.5840016414979133,1,-0.4594391763396056,0.5010357384934641,0.6931471805599453,-1.8818410966868364,3.4011973816621555,6.166467723094256,0.0,10.909984552296432,10.894689012037176
DIL,TLS,AS3,-0.01575567020113489,-0.015029079983476044,-0.0007265902176588365,0.01630925969286668,-0.0024182997510681396,-0.0026242433105867864,,-0.01575567020113489,0.5753917849949994,2,-0.5322361074200053,-1.1286896894435603,0.6931471805599453,-2.057850372464862,4.093506468615337,6.9235037483405,1.0,10.72154784479487,6.868856866028338
DIN,VNM,AS3,0.010533467472972244,0.011659920282864,-0.00112645280989176,-0.002241758561311681,0.0028348362174102845,0.010892663342839858,0.010533467472972244,,,0,-0.5238113458736585,1.2023577299506378,0.0,-1.9183842798280646,4.1588830833596715,5.707110264748875,0.0,10.523633840211582,7.489383297681163
DIQ,BRA,LA4,,,,,,,,,,0,,,,,,,,,8.987603389267655
DIR,ETH,AF4,-0.032950359100233584,-0.05371094816808029,0.020760589067846707,-0.004637262276982924,-0.013201989112122862,-0.048942555682302984,-0.020184250881602306,-0.06227520179025939,,0,-0.47211781906411887,0.10355668803400561,1.9459101490553132,-1.898567256842247,4.063765390162081,5.676370418493289,0.3296636085626911,11.350641801912781,
DIS,COG,AF3,,,,,,,,,0.5937821410325261,2,,,,,,,,,7.602950879905648
DIY,TUR,EU1,0.01564909786668276,0.019567389194131698,-0.003918291327448931,0.00036931642345144775,0.0017635332317536894,0.017719028965010496,0.01811574988285541,,0.6018349633650086,1,-0.4094551332313058,0.7967316662776476,1.791759469228055,-2.4668983216306817,5.0672318019077105,6.831855145692284,0.0,12.755687158457654,9.04517480014172
DJB,IDN,AS3,-0.04009875708015064,-0.05564804666436589,0.015549289584215243,0.004698008103245498,-0.007838563392480286,-0.04378787624518891,-0.04009875708015064,,0.6037149468973027,1,-0.4091840744141322,1.5383623460003715,0.6931471805599453,-2.08421301640499,4.824277600897077,6.3764145842185975,0.0,13.044142342809728,7.764360911576746
DJE,TUN,AF1,0.03747315014251386,0.04778347878617617,-0.010310328643662305,-0.015447682933051028,0.0022839424504820668,0.02492710903546013,0.13607406443753226,0.021489714256116947,0.5998742216840216,2,-0.1596712889587668,-0.26122754144043425,3.258096538021482,-2.5809608098876917,4.981528914748563,7.371494582425318,0.912417476249262,12.605170861260135,8.200321146745102
DJG,DZA,AF1,-0.009511689114225818,-0.013805017272238937,0.004293328158013091,0.0008271668614250672,0.0017622447214186217,-0.006812596337669051,-0.016909120147222182,,0.6136281889838358,1,-0.31465216008228775,-0.24602979645130524,1.791759469228055,-2.495171301814841,4.932553625291424,7.206575743325673,0.16830850552618934,10.125510476181635,8.375456929632021
DJJ,IDN,AS3,-0.026313411287419285,-0.010629409510268875,-0.01568400177715041,-0.01810895740694269,0.006928030470924178,-0.036084513855133386,-0.026371788739018662,,0.5490134800677584,1,-0.3826981831392968,0.7029285974038607,2.3978952727983707,-2.252722163955099,4.838177968882955,6.837170091077354,0.0,12.90092586996931,7.764360911576746
DKR,SEN,AF3,0.06672928499058856,0.05505130052376629,0.011677984466822265,0.01668355113862237,-0.009358227712627669,0.07373216323869024,,0.06851936203398107,0.6255513780315878,2,0.04772111662009429,0.6005945791022942,3.828641396489095,-2.105787680307458,4.937929492995461,8.111612169881546,0.9805737292400604,14.418754912594903,7.024647804058623
DLA,CMR,AF3,-0.008272436219057284,-0.003787932298584153,-0.004484503920473128,-0.006221274095266978,0.0019839034288365747,-0.01225729526536705,-0.013501427499842407,-0.003957903641054906,0.5800041884587548,1,-0.12301126998010872,0.6501472785633549,3.367295829986474,-2.370110263775723,5.055369254462284,7.51420143271116,0.849646784682738,13.859093856572906,7.166830042594613
DLC,CHN,AS4,0.008583586243661807,0.010529651660407261,-0.0019460654167454594,-0.002752608433250051,-0.0009586503671262065,0.005057798875043425,0.014062054074298521,-0.01230539473392131,0.6065478322163971,1,0.13632617617848986,1.2907682585200986,4.143134726391533,-2.3055808584634834,5.00668988952354,6.795702839919972,0.23855819120887303,15.368867311405129,8.391574866779688
DLG,USA,NA1,-0.0063579487365116195,-0.0065599919031811265,0.000202043166669505,-0.002433997316578945,0.011769022895954079,0.0012335357812919094,-0.0063579487365116195,,0.5628493104052088,1,-0.44533363451756,-0.05926228496245255,2.3978952727983707,-1.1234042738902408,2.3756036962415994,5.722339859440255,0.0,11.386761154348415,10.894689012037176
DLH,USA,NA1,-0.004613426750874693,-0.0021499549571416757,-0.002463471793733016,0.05103368554643417,-0.023011820914487266,0.02122589304801687,-0.004613426750874693,,0.5947785898042424,1,-0.029054292771578102,-0.09070471831558369,3.9889840465642745,-1.8251487295005295,4.296243134728846,6.105890008107417,0.0,12.53398693861978,10.894689012037176
DLI,VNM,AS3,0.019575677573247748,-0.011461015432771917,0.03103669300601966,-0.012441755490937815,-0.010360495546229835,-0.003955649427149926,0.02060076885316895,,,0,-0.4766380677713855,1.7847687151206524,0.6931471805599453,-2.013666707618289,4.366227638581555,6.395499274778044,0.0,11.069415751822417,7.489383297681163
DLM,TUR,EU1,-0.009933932331020362,-0.010359659927005193,0.0004257275959848314,-0.01983838473245099,0.0054057683754980684,-0.023258666966279047,0.007300230762884054,-0.07201337490097764,0.5914247912780966,1,-0.15070105109401102,0.9185499074252439,3.258096538021482,-2.6328653870936845,5.178807779108151,7.500740249208339,0.6373992736849109,13.25532310666048,9.04517480014172
DLU,CHN,AS4,-0.11636514350564078,-0.11444724309622015,-0.0019179004094206044,-0.038108357886902096,0.016633059747018234,-0.13624983725874512,-0.11636514350564078,,,0,-0.42133328732546527,2.5043258834443405,1.0986122886681098,-1.917465405348545,4.902967761574458,5.735566701298305,0.0,12.477526245776938,8.391574866779688
DMB,KAZ,AS2,,,,,,,,,,0,-0.44841125648822355,0.6340025688803977,1.6094379124341003,-1.997692627778341,3.9808207359251133,6.857551274280991,0.10655737704918032,10.33345013224468,8.99179572921663
DMD,AUS,SW1,0.0008553570761487966,-0.03112909117486744,0.031984448251016234,-0.0007315154501379352,-0.015252216163522177,-0.019134862255102535,0.0008553570761487966,,0.5821414954215274,2,-0.6023462006146416,0.126462710059579,1.3862943611198906,-1.2025762858101052,3.00743991794743,5.3382775970767025,0.0,9.224046019032295,10.871826484872283
DME,RUS,EU2,0.02023198960398856,0.01792968751345808,0.0023023020905304846,0.01134523156822184,-0.00613519559953371,0.025146025229942165,0.0073257025468746375,0.03444944447433511,0.6378778761144509,1,0.6657085345414987,1.0072633142501712,5.241747015059643,-2.253398625765093,4.908168313955473,7.781043756571931,0.44151191649575805,16.106520011005603,9.064204880368637
DMU,IND,AS1,-0.043448634436902354,-0.053582933987515347,0.010134299550613016,-0.015912742099488807,0.0007847233116997571,-0.05850902041282058,-0.043448634436902354,,,0,-0.5285059914893848,-0.07394903870408782,1.0986122886681098,-1.8749942621977895,3.9889531818904342,6.240068010263385,0.0,10.38588283710658,6.97470991159236
DND,GBR,EU1,-0.002130671570804525,0.0015714695909533685,-0.003702141161757899,-0.008171077960746991,0.004321016647023527,-0.005501336603205097,0.007992584902391882,,,0,-0.5630131617325069,-0.23692520077818177,0.0,-1.9565919587980358,3.4339872044851463,6.3684386720758805,0.0,10.56328475341452,10.711795251008132
DNH,CHN,AS4,-0.10878775647207284,-0.10995711409382951,0.0011693576217566871,0.01016385825134668,-0.004251554695778915,-0.10334533486825204,-0.10845587247882674,,0.6101627632894662,1,-0.2854683597615195,1.3462285949926993,2.833213344056216,-2.4565569247849974,4.901632061341774,7.045447869511941,0.0,12.488435596504354,8.391574866779688
DNK,UKR,EU2,0.03184009719486327,0.0327956700414719,-0.000955572846608645,0.00021480149082676284,-0.00528039601099106,0.02698709514801672,0.004409067693147264,0.053013965140513875,,0,-0.34276590778879185,1.263566411951077,2.302585092994046,-2.070929934972731,4.469568809580685,6.658333297999878,0.5295864562207918,12.555055581683531,7.82338661381434
DNR,FRA,EU1,-0.011871951644958956,0.0002925194790792422,-0.012164471124038203,-0.0004958365250539887,0.0009222874973652762,-0.011843149102865047,,-0.011871951644958956,0.5966417160278683,1,-0.4742000830270799,1.589045252309457,1.3862943611198906,-2.3067268672592296,4.707910211267072,5.99932843108764,1.0,11.712792200979932,10.500183536717612
DNZ,TUR,EU1,-0.0007551427074971109,-0.00137471627833765,0.0006195735708405468,-0.005131235209415911,0.00036290643559589515,-0.005165930282851567,0.0009909847287397024,,0.6043434663411087,1,-0.42571082651702924,1.7917223696713904,0.0,-2.0458396427174033,5.025737255755275,5.8916442118257715,0.0,11.588181349448995,9.04517480014172
DOG,SDN,AF1,,,,,,,,,,0,-0.5721140465795406,-0.3202582428863937,1.0986122886681098,-2.0155756213131073,4.177931278330366,6.193789507096082,0.0,9.227787285579904,
DOH,QAT,ME1,0.007750277477406456,0.008441364816777977,-0.0006910873393715159,-0.007303240889803121,-0.0021028155420154708,-0.0015579256661355759,,0.007750277477406456,0.6750977982071047,2,0.42002264890611957,1.1168636291666045,4.51085950651685,-2.332470496509974,5.228463811390989,7.932207908431081,1.0,15.857517330742562,11.02553985018389
DOK,UKR,EU2,,,,,,,,,0.5969948201926114,1,-0.22482737377050319,2.1566550550136956,2.995732273553991,-2.2005861812447614,4.7220522652086165,6.818268504413406,0.5750151848225267,13.044689362162556,7.82338661381434
DOL,FRA,EU1,,,,,,,,,0.5366032700225289,1,-0.5186253630227171,-2.01633057253345,0.0,-2.1226201479971736,5.241747015059643,5.627621113690637,1.0,8.930626469173578,10.500183536717612
DOM,DMA,LA1,0.05304196204854257,0.032469646575481015,0.020572315473061563,-0.006180844690839312,-0.012584763465031455,0.03579108308563152,,0.05304196204854257,,0,-0.37656673410166625,0.29951851047685346,2.70805020110221,-1.6514571181034974,3.8613655008361776,5.724856951887881,1.0,11.945927916071481,
DOU,BRA,LA4,0.054053661920800335,0.03563991855731981,0.018413743363480544,-0.013994227211972203,-0.017684229255900373,0.022583201876214022,0.054053661920800335,,,0,-0.6943352489984913,0.035401927050916,0.6931471805599453,-1.559935017054159,3.828641396489095,5.817111159963204,0.0,9.389323027504624,8.987603389267655
DPL,PHL,AS3,0.026376550341864178,0.027803758376165305,-0.0014272080343011113,-0.009353195093272568,-0.003561535574117073,0.01429671855194414,0.026376550341864178,,,0,-0.4498880358723504,0.38555062254489675,0.0,-2.3763616464413473,4.924624026958132,6.558197802812269,0.0,11.314864694023482,7.700452054329457
DPO,AUS,SW1,0.025619170733876484,-0.03326607706620216,0.058885247800078616,0.0004400616324351896,-0.06376600874925525,-0.03954994102439676,0.025619170733876484,,0.5916761883603336,2,-0.46994485831833244,-0.8551092064092508,0.0,-0.980596177076774,2.9262400323586593,6.013715156042802,0.0,10.91002110133611,10.871826484872283
DPS,IDN,AS3,0.012893527043890584,0.015318932106375041,-0.0024254050624844506,-0.002735932533672228,-0.004167773476803335,0.0061522040748971185,0.007964806602815361,0.017673069639830313,0.5922139959050816,2,0.23183245334037392,-0.15613324873832357,3.713572066704308,-2.4197043304255135,5.171376419472834,7.591465205647346,0.4588842377422517,15.423123606346348,7.764360911576746
DRG,USA,NA1,-0.02217044237897589,-0.026436100767877772,0.004265658388901873,-0.009424382926801606,0.012696579518919773,-0.018228613078945508,-0.02217044237897589,,0.6202692934465803,2,-0.7246328765282748,-0.24787062254215902,1.0986122886681098,-1.2012310106449757,1.9726127628262284,4.620190329034874,0.0,9.557893841465354,10.894689012037176
DRO,USA,NA1,0.021008224625999022,0.0038591281101102745,0.017149096515888744,-0.009414374354096542,-0.00890861510912405,0.003616437548010913,0.021008224625999022,,0.5804212235493345,2,-0.25500971627565816,0.057072288254901196,2.995732273553991,-1.713122564742588,3.743547312077145,6.116752078337003,0.0,12.02299079978981,10.894689012037176
DRS,DEU,EU1,-0.0027558351649606284,-0.0020030423209361457,-0.0007527928440244829,-0.0015727646056640063,-0.002231598368146937,-0.006470695363625231,-0.0004181810442341608,-0.010885303406550046,0.5913889622347039,2,-0.10759976621433527,-0.1223413584071519,3.6635616461296463,-2.2697530322407466,4.526294184032256,6.490415571884319,0.19641848729322323,14.081783328108548,10.56082813498111
DRT,USA,NA1,,,,,,,,,,0,-0.40432783561221547,0.6083427752641193,2.0794415416798357,-1.9661271836145142,3.5263605246161616,6.295266001439646,0.0,10.416969644763327,10.894689012037176
DRW,AUS,SW1,0.015950980245473055,0.0040554538855501815,0.01189552635992287,-0.001451995246380932,-0.013095411837661847,0.0012492600895688964,0.020565177680639642,-0.0009270898174545,0.6665642702113059,3,-0.04854888063151861,-0.3616605481467258,3.1354942159291497,-2.330006468969655,4.535959024491825,7.82827644212491,0.2198607300700639,14.008048086893284,10.871826484872283
DSK,PAK,AS1,,,,,,,,,0.5646246514922405,2,-0.6211431760732199,-4.843900717613565,0.0,-1.538990675130979,3.784189633918261,5.472270673671475,0.0,6.617402977974478,7.14310852796464
DSM,USA,NA1,-0.005120641430791306,-0.007397418250746434,0.0022767768199551293,0.00452607926793345,-0.00663454380507099,-0.007167927861008073,-0.005120641430791306,,0.6308846703358924,2,0.2945263183934351,-0.4460396488894092,4.875197323201151,-1.960761248497688,4.061956168991221,6.722332745641014,0.0,14.141621443560814,10.894689012037176
DTM,DEU,EU1,-0.009337740790786041,-0.026113203598465792,0.01677546280767974,-0.001082354365331889,-0.0002777624092264655,-0.010520802883988305,-0.007031700614832707,-0.009835272881292599,0.5984355832850285,1,-0.054624357854755924,1.002459932290179,3.9318256327243257,-2.6245664501295933,4.755828899801281,6.904025803437648,0.8745354779628973,14.118632814903933,10.56082813498111
DTW,USA,NA1,-0.012047329562610088,-0.001931007288419546,-0.010116322274190539,0.0018150137889865656,0.003042005319480433,-0.007332280302711438,-0.012156890799845914,-0.012007951191187798,0.5867127170987578,1,0.8667050130305233,-0.09648529465756002,5.476463551931511,-2.3064405139512973,4.63979383764114,7.323278297637424,0.10132537313818887,17.024071244245057,10.894689012037176
DUB,IRL,EU1,-0.018600576964786078,-0.015018387721614092,-0.003582189243171981,0.000353036030447797,-0.00011280537396426703,-0.01835735481848999,0.005112171047688984,-0.01826818739633685,,0,0.5779471028398393,0.8393972013444635,5.159055299214529,-2.5229823380569516,5.083540599739631,7.048435995828603,0.9284316340384604,16.5196066184128,10.875207217259875
DUD,NZL,SW1,0.0100572948779928,0.009392074049011136,0.0006652208289816612,0.008227844165319834,-0.005618894221549053,0.011842096801455095,0.009388799703397914,0.023987004838703495,0.617528253082215,2,-0.34453690375385493,-0.07814421190933596,2.0794415416798357,-2.341509024338104,4.5430262108214015,6.607575971419346,0.09992199637702182,13.050573025185834,10.502717308818164
DUE,AGO,AF2,,,,,,,,,0.5707992919872039,1,,,,,,,,,8.112636667815755
DUJ,USA,NA1,-0.004139331290664619,0.01205337451660215,-0.01619270580726677,0.015077087444045414,-0.013165713393796614,-0.008102390636896491,-0.004139331290664619,,,0,-0.5476739657979148,-0.7760087766399019,0.6931471805599453,-1.2180804302367563,2.9444389791664403,4.844743399231972,0.0,9.976180237929569,10.894689012037176
DUR,ZAF,AF2,-0.009600229480349786,-0.003658340758685744,-0.005941888721664043,0.010951562064413712,-0.0010376850143605293,-0.0002804478569630253,-0.010744163971146168,0.04526574388499949,0.5392517344608847,1,-0.3170589705603292,0.17092449336457058,2.3978952727983707,-2.182781260457689,4.778538013001128,6.48571181837475,0.009927167667409784,14.894027276432622,8.681252452011616
DUS,DEU,EU1,-0.0030234895751146884,-0.004947305076642754,0.0019238155015280673,-0.0023304622590650803,0.0018614268185238618,-0.0035422691611068603,0.0025691869787701155,-0.004405073952980238,0.5851937710061526,1,0.6080977965153704,0.12900994137582772,5.204006687076795,-2.4836888651138525,4.750380491582714,7.256715333438789,0.7189253437607971,16.386991537861938,10.56082813498111
DUT,USA,NA1,-0.0027734073716622247,0.00024532611947270465,-0.003018733491134926,-0.00884968076673042,0.005350545357377475,-0.006392946465504946,-0.0027734073716622247,,,0,-0.5030478863103399,-0.27796170147124377,0.0,-1.677074828103504,2.6595181843363784,6.980427466729218,0.0,10.770546022530057,10.894689012037176
DVL,USA,NA1,-0.006425568317016234,-0.007903935619085336,0.001478367302069102,0.0001381276354929361,0.0002589857429309047,-0.005996853447217813,-0.006425568317016234,,0.5511884914482923,1,-0.4834635867045295,-0.23256436844258566,1.0986122886681098,-1.6236495989187936,3.4965075614664802,5.668100466439508,0.0,9.942227380852058,10.894689012037176
DVO,PHL,AS3,0.0025828199349022278,0.003395222776501776,-0.0008124028415995434,-0.000590643688106073,-0.004222642914474964,-0.0023768154746174916,0.004096098319043364,-0.07276895328343423,,0,-0.24144720417812185,0.35506853494627905,2.302585092994046,-2.3902181934539417,5.1148468089815635,6.751066465968104,0.04577181994938886,13.83872891364005,7.700452054329457
DXB,ARE,ME1,0.0015244287442024815,0.00028756533035417483,0.0012368634138483076,0.0038984348205246535,-0.002468005763440692,0.0028963163439018856,,0.0016172779547932632,0.6175746973986509,1,0.8210161324375745,1.0969429182007733,5.170483995038151,-2.155046246525652,5.331131418016484,8.131430804523024,0.9960502341756421,16.90838288154296,10.859741336515528
DYG,CHN,AS4,-0.06259165130338384,-0.06870643768471527,0.006114786381331431,0.00020602066183501356,-0.0027985960479979923,-0.064986671707468,-0.0641310884173463,,,0,-0.21738563440992545,2.668364028966778,3.044522437723423,-2.4371509770191033,4.996230738698852,6.831017292035365,0.008173793398885838,13.91246847042033,8.391574866779688
DYR,RUS,AS4,-0.0018508259436233582,-0.013120011345665716,0.01126918540204239,-0.0003668239066373395,0.0011373004227361234,0.011676869604285158,-0.0018508259436233582,,0.6032433184023198,1,-0.48361697757472644,0.2673095120314355,0.6931471805599453,-2.284666258953788,5.423276732539652,8.715940596038465,0.0,10.535264520896195,9.064204880368637
DYU,TJK,AS2,-0.003217355086600502,0.005801427020756467,-0.009018782107356973,0.0008323972486584128,-0.01904639678111953,-0.02138190752504554,,-0.0014104810942729305,0.6631480945817392,2,-0.19386135958631534,2.0365546867419826,3.2188758248682006,-2.03708665949242,4.883981119498045,7.818812078426727,1.0,12.902606584543793,6.531578405336905
DZA,MYT,AF3,0.010158833986080154,-0.017761248255795888,0.027920082241876046,-0.0017132142945524712,0.0029261925624918996,0.011514219672150123,,0.010158833986080154,0.6800662365815695,2,-0.2428258943130561,1.387957560228689,2.8903717578961645,-2.3793631394366206,4.848412909848516,6.921198478768487,1.0,12.266593732575304,
DZN,KAZ,AS2,0.022929686276127195,-0.007118665751177816,0.030048352027305002,-0.021966403998760348,-0.017531287168357067,-0.014198781073744698,0.022929686276127195,,,0,-0.5558205621027398,0.21784743879066848,0.6931471805599453,-1.8168098107399668,3.863267323422818,6.425616329621626,0.0,9.715469803197292,8.99179572921663
EAM,SAU,ME1,,,,,,,,,,0,-0.43793844431661516,0.18313921783629905,1.791759469228055,-2.0657781981545096,4.196432590937004,6.67852285291255,0.0,12.40601307441258,9.96160515693424
EAR,USA,NA1,0.020253523421512095,0.035714759241318554,-0.015461235819806463,0.003807803178617849,0.00014034268600984556,0.0200287215632276,0.020253523421512095,,0.5639314357192057,1,-0.45656578759168603,-0.32280703397878163,0.0,-1.8872242919010564,3.4011973816621555,6.1903154058531475,0.0,10.299911915992144,10.894689012037176
EAS,ESP,EU1,-0.04276669168271424,-0.0424731897004981,-0.0002935019822161458,-0.0012463937491385946,-0.0016215527406409885,-0.04616242598720792,-0.043401939891653724,,0.5930329779011634,1,-0.3654823715017606,0.731919565877703,1.6094379124341003,-1.9509635135003607,4.395658670058916,5.9153529389141655,0.0,12.753621635904596,10.216062049970796
EAT,USA,NA1,0.0032369868235634707,-0.03252631517067977,0.03576330199424324,0.00047633433140139084,-0.01566839741968691,-0.014123137868328174,0.0032369868235634707,,,0,-0.4339372089711638,-0.7648545238682722,0.0,-1.06133766084826,3.6109179126442243,5.062595033026967,0.0,11.008479448168277,10.894689012037176
EAU,USA,NA1,-0.014326204354174525,-0.019877134168679894,0.005550929814505378,0.013594679108708763,-0.007315231449438975,-0.008981748137019779,-0.014326204354174525,,,0,-0.4052276413958496,0.022956655034789955,2.3978952727983707,-1.3928860348159553,3.5154352308684547,5.265179643279563,0.0,11.222947425468796,10.894689012037176
EBB,UGA,AF4,0.020102260711535452,0.026290539470341573,-0.006188278758806119,0.00046706607061101164,0.007679185228038887,0.027977221299854096,0.014726556742939677,0.020240015256573856,0.6054851258857339,2,-0.17456440602415865,0.11606106529552553,2.995732273553991,-2.3276051934703363,4.726023062888763,7.608765446346866,0.9825287356321839,13.283205902521159,6.528750354712275
EBD,SDN,AF1,,,,,,,,,0.6354483257460253,2,-0.5673260818803171,-0.206663222758212,1.0986122886681098,-1.6658767781676163,4.176701193026034,6.1363201420026225,0.0,9.733529254725571,
EBJ,DNK,EU1,-0.0891871267681408,-0.05538841750936263,-0.033798709258778155,-0.03529578960916519,0.033354069069345196,-0.08993582257510589,,-0.1457503279127631,0.5480892880006196,1,-0.4721117972515784,-0.3905337751067562,1.3862943611198906,-2.289190054574498,4.315289102204874,6.332160201771538,0.8321849201981287,11.416965073824317,10.898847789083996
EBU,FRA,EU1,,,,,,,,,0.5645471179812328,2,-0.5299941536368331,-2.7773471199293356,0.0,-1.7266874319048664,2.9444389791664403,5.942799375126701,0.0,8.425077902508432,10.500183536717612
ECN,CYP,EU1,0.0020526831997197403,0.0007637786907138348,0.0012889045090059086,-0.00037802073004599476,-0.002955552395041962,-0.0010945752743219456,,0.0020526831997197403,0.6378481585428761,2,-0.38411752902750235,1.4031067906404782,2.0794415416798357,-2.2383977743154344,4.932332846908693,6.397994296835081,1.0,13.591372762553167,10.209383430457788
EDI,GBR,EU1,-0.010898173019484486,-0.0072325921508496465,-0.003665580868634843,-0.007971515439099689,0.0006962338094529345,-0.017799461833723145,-0.0036929717791114158,-0.014897666060917848,,0,0.20872421614477457,0.5674307983390781,4.418840607796598,-2.286602481487791,4.692733476971983,6.66092296672894,0.3231265833178925,15.69526655764778,10.711795251008132
EDR,AUS,SW1,0.04679827531119441,-0.03539510277153476,0.08219337808272915,0.016411476076487394,0.002216918458258615,0.0715483404676967,0.04679827531119441,,0.5852843475856566,2,-0.6248990421721979,0.5203331293869874,0.6931471805599453,-1.6148455704796394,3.4654339248418227,5.6123584217773965,0.0,8.798152718107191,10.871826484872283
EEK,USA,NA1,0.007680780396590158,-0.002035190676647896,0.009715971073238055,-0.003037974925716198,-0.010432878617987723,-0.006410472390810312,0.007680780396590158,,,0,-0.7355849891702263,0.24984310215023892,1.0986122886681098,-0.6315988612974176,1.8583162859171254,4.053869729656382,0.0,10.110501721920453,10.894689012037176
EFL,GRC,EU1,0.018036686342248878,0.030368141609909936,-0.012331455267661069,-0.004555541337918298,0.003564385537440801,0.01784938397030133,0.04439665672289704,,0.6221584828578566,1,-0.32542413010728294,1.142266833987804,2.3978952727983707,-2.555813619453128,4.537707668682167,7.251397691378497,0.5753019260053824,11.556109467751368,10.08471240855404
EGC,FRA,EU1,0.013145860313931317,0.04490930856537095,-0.03176344825143962,-0.009951464154856884,0.0022454088113415763,0.0053994225376679614,,0.006439975852964736,0.6099682903937123,1,-0.34814849183793756,2.178874136689373,2.302585092994046,-2.4845455996191386,4.80809312792694,6.704992024584953,1.0,12.029198226109436,10.500183536717612
EGE,USA,NA1,-0.027433051951834767,-0.020848693499375962,-0.006584358452458815,-0.01927144511013862,0.011165368312408223,-0.0344814441409986,-0.027958400580542254,,0.5807060865764522,1,-0.17206765792782852,0.6775256110347821,3.258096538021482,-2.309057600492027,4.686833856883141,7.112829807871845,0.0,12.806232446495434,10.894689012037176
EGM,SLB,SW1,0.0087967441325669,0.014880029930468257,-0.006083285797901358,0.00015413270017386037,0.0034148683699103295,0.01251166436724535,0.0087967441325669,,0.6001857234365824,2,-0.6975734925824757,-0.15543588938619202,1.3862943611198906,-1.5813971402036195,2.8820190411204365,5.158471310663395,0.0,9.175438319966918,7.512198677091754
EGN,SDN,AF1,-0.02443825042805622,-0.02945439640937533,0.005016145981319109,0.048392959555720184,-0.0226482975817183,-0.001182975543469717,-0.024384464048788225,,,0,-0.5785250142272872,0.2577231901888968,0.6931471805599453,-1.4162104493709198,3.7175194402509373,5.726847747587197,0.0,8.714731714015052,
EGO,RUS,EU2,-0.03660114406537443,-0.01640916600378843,-0.020191978061586013,0.018175166858381504,0.0016223207121554197,-0.017528299488382155,-0.0386099249833973,,0.6129591251193742,1,-0.4063552247995195,1.603036455662922,1.9459101490553132,-1.8836828027662393,4.295777840334324,7.143252647548602,0.0,11.050381939822286,9.064204880368637
EGS,ISL,EU1,-0.006286257319277266,-0.011838011014583634,0.005551753695306371,-0.005267097799271451,-0.008165639577805995,-0.019389998745097475,-0.004437333348729831,,0.6219248589040955,2,-0.44941569043770524,0.7118027238943405,0.6931471805599453,-2.0338765243346137,3.9311827080875634,6.055632688956959,0.03259191831242332,11.52354883660736,10.923369718717666
EGX,USA,NA1,-0.03634131043324762,-0.057765188924612305,0.0214238784913647,-0.007246129472012128,-0.013362885259318252,-0.05782293232740813,-0.03634131043324762,,0.6073787857439095,1,-0.5053242630041125,-0.41112049360807684,1.3862943611198906,-1.2625826954448538,1.8199026234773688,4.498545314001764,0.0,8.547334348328224,10.894689012037176
EIN,NLD,EU1,0.01137793850621362,0.012470094811569308,-0.001092156305355686,0.002052019511427991,0.0010194199885132475,0.014423155401561489,,0.01082160898623565,0.6216942782208807,2,-0.20789956061928408,1.1167411818773016,3.044522437723423,-2.625591289151867,4.986970958113116,6.880620430074649,0.9906531295921918,13.602016549696858,10.724269588094538
EIS,VGB,LA1,-0.0320560787193101,-0.016346787195432113,-0.015709291523877997,-0.0025594658113505175,0.008121628898086947,-0.026355699376052324,,-0.02127727015499781,0.5761517013774206,1,-0.40857042602270854,-0.04752876961446315,2.5649493574615367,-1.5659674617163997,3.441811131188969,5.0971921054130735,1.0,12.710797698597885,
EJA,COL,LA3,0.03713863566896984,0.021758643274274424,0.01537999239469542,-0.00046319329964448125,0.003546878926102016,0.04055558728401447,0.03713863566896984,,0.5609491684450179,1,-0.5214597122384891,-0.12594776441442393,0.0,-1.8361214288938776,3.9512437185814275,5.564520407322694,0.0,10.615652738931836,8.506587672816924
EJH,SAU,ME1,-0.037760580016692136,-0.016706472990336438,-0.021054107026355687,-0.003748651001688712,0.0013181128656560767,-0.040266169589786696,-0.037760580016692136,,,0,-0.4585345702936561,0.24090726932901205,1.6094379124341003,-1.7666615071989675,4.676288506538785,6.025337860478352,0.0,11.020168940665116,9.96160515693424
EKO,USA,NA1,-0.017838090408849136,0.013643748590592614,-0.03148183899944174,-0.00041741979984838244,-0.012545629473325333,-0.026450884555895796,-0.017838090408849136,,0.5396070755108522,2,-0.480472874126766,-1.613996424787804,0.0,-1.6630496155009142,3.4011973816621555,5.7745515455444085,0.0,10.908338461389762,10.894689012037176
ELC,AUS,SW1,-0.0026695457490537784,-0.027611915382827427,0.024942369633773644,0.001985589403257215,-0.0050361697944806515,-0.006073802775803754,-0.0026695457490537784,,0.5683270242611279,2,-0.6204537694285589,-0.6924031239773205,1.6094379124341003,-1.0219026756686447,2.5572562721113403,4.8224791994848,0.0,9.245610986058102,10.871826484872283
ELD,USA,NA1,,,,,,,,,,0,-0.45997824096983436,0.034121913069257125,0.6931471805599453,-1.7183060405129602,2.9444389791664403,5.920237037819614,0.0,10.076936530826485,10.894689012037176
ELF,SDN,AF1,0.04164103635475065,0.03825245776106531,0.003388578593685336,-0.015477896347213698,-0.004014325055823597,0.021678770604059656,0.03957715496820138,,0.5906371564753394,1,-0.5712190936496362,0.024848448651151326,0.6931471805599453,-1.8851344364101426,4.556530170290222,6.572530389142301,0.0,10.302733360830375,
ELG,DZA,AF1,,,,,,,,,,0,-0.7776779448794878,-1.6578032903177418,0.6931471805599453,-1.6629208743462291,3.828641396489095,5.393627546352362,0.0,7.779885115070522,8.375456929632021
ELH,BHS,LA1,0.0002572996870806052,0.0046858664800393576,-0.004428566792958749,-0.03192462461040957,0.019098038229170448,-0.012800326491857247,0.013345347306584087,-0.03141667008728542,0.5609143839008233,1,-0.3717462475130581,0.13768166566592652,1.9459101490553132,-1.4218591032116454,3.3063765335923203,5.237160268606491,0.33381657079235477,11.364703840173277,10.420772350869472
ELI,USA,NA1,-0.04975598579682648,-0.04156654029878296,-0.008189445498043504,0.018191363131229526,-0.014094882115769123,-0.04474603413398098,-0.04975598579682648,,,0,-0.7063258977247614,0.2767806637482053,1.791759469228055,-1.0555792685873664,2.0902241409641418,4.284818025535084,0.0,10.044596413496008,10.894689012037176
ELM,USA,NA1,0.007954276969340503,0.0014479631656390511,0.006506313803701452,0.012380879166014066,-0.0028624217245726427,0.016759068948346657,0.007954276969340503,,0.6153156474050854,2,-0.2734581117187522,-0.7990062267102822,3.1780538303479458,-1.6266730163682381,3.7313654254917306,5.977863589525931,0.0,12.047176557375272,10.894689012037176
ELP,USA,NA1,-0.00421833453281387,-0.0008068802681982354,-0.0034114542646156336,0.0017012315824772384,0.003069212091884427,0.0003897057338805935,-0.00421833453281387,,0.5882464767297964,1,0.27972731402543627,-0.37167721647593266,4.736198448394496,-2.204105423448045,4.743238016639848,6.806373037023077,0.0,14.832084176127427,10.894689012037176
ELQ,SAU,ME1,-0.05230622965325839,-0.0541958826169939,0.001889652963735502,0.009854175410589147,-0.006013861002464728,-0.04864398576886986,-0.052989373679015135,,,0,-0.41718613929655624,0.15349710051554938,2.302585092994046,-1.8755515000603662,4.635529841163873,6.267182377620896,0.0,12.598293771331988,9.96160515693424
ELS,ZAF,AF2,-0.012033215087504717,-0.002440547454367246,-0.009592667633137469,7.57808660264256e-05,0.005897713898917748,-0.005888620229525108,-0.012033215087504717,,,0,-0.3949183818231949,0.33384594509760224,1.6094379124341003,-2.107324740382472,4.376132915578224,6.574340193032593,0.0,13.141279337217245,8.681252452011616
ELU,DZA,AF1,-0.044402656645299576,-0.051977645012172724,0.007574988366873144,-0.015851054309617335,0.004868889438820676,-0.05422859010606181,-0.03728543140587978,,,0,-0.5414548318393585,-1.015667886304545,1.0986122886681098,-1.9731038602759385,3.9907254488328103,6.094785249964206,0.0,9.531988993991236,8.375456929632021
ELY,USA,NA1,,,,,,,,,0.6147948294746437,2,-0.47144842127776565,0.9557439143508353,0.6931471805599453,-1.517146254805197,2.9444389791664403,5.4510384535657,0.0,8.70334075304372,10.894689012037176
EMA,GBR,EU1,-0.0005307544639448756,-0.0019887628257462923,0.0014580083618014167,0.004241117623237308,-0.021796012037846618,-0.017390830430609877,0.007614208489384799,-0.0028939668018109505,0.6260238397686451,1,0.1650875796026922,1.1571361215590976,4.454347296253507,-2.104423614794079,4.980442735268874,7.062821267234613,0.8078233290655152,14.909939106986053,10.711795251008132
EMD,AUS,SW1,0.02317653116126083,-0.020130765290424124,0.04330729645168497,0.0005304307806555097,-0.043933793117528076,-0.020367596310922404,0.02317653116126083,,0.6688859708209947,3,-0.5031318101206208,0.13199126098448014,0.0,-1.43860185800186,3.4369231894037697,6.476972362889683,0.0,11.164898731509329,10.871826484872283
EMK,USA,NA1,0.010690863901991587,-0.014120132813380988,0.024810996715372582,0.003279710332659281,-0.024608697645888498,-0.01053565453259088,0.010690863901991587,,,0,-0.4637913477623757,-0.3392620983411407,1.9459101490553132,0.35074599091245307,1.6897526441878326,4.993078406031163,0.0,9.851983709669012,10.894689012037176
ENA,USA,NA1,-0.0089739490463496,-0.003287824239113442,-0.005686124807236157,-0.0016720821048725302,-0.011488501799769407,-0.025937524570598385,-0.0089739490463496,,0.5673064415551605,1,-0.48526971892024917,-0.2332730953071345,0.6931471805599453,-0.8998840273927655,2.99674317016424,4.5760401776746855,0.0,12.044917491550033,10.894689012037176
ENE,IDN,AS3,-0.03828235914364917,-0.035651505984160475,-0.0026308531594887194,-0.009350460394206082,-0.013583975253986094,-0.0587262189452738,-0.03828235914364917,,,0,-0.5424487389712855,1.9641012474229043,1.6094379124341003,-1.61920125104489,4.334460383379593,5.861738381689379,0.0,10.430284945811817,7.764360911576746
ENH,CHN,AS4,0.02094851106997865,0.030297271542748215,-0.009348760472769554,-0.017933355712025364,0.009794429578612129,0.013460645159487545,0.021315099088623626,,,0,-0.5695675259527349,3.2051953248718874,0.6931471805599453,-2.1073242148225746,4.8380909907940115,6.164573854825271,0.0,11.829267877915221,8.391574866779688
ENT,MHL,SW1,,,,,,,,,,0,-0.7219531728255287,-1.8643702682104997,0.6931471805599453,-1.768969129305613,3.5263605246161616,6.489204931325317,0.0,6.522092798170152,8.132553254681103
ENY,CHN,AS4,0.035391334417554515,0.04668342993919791,-0.011292095521643387,-0.024248123772063448,0.02052157576650355,0.03274272861032847,0.035391334417554515,,,0,-0.39634556310572666,2.780028510720541,1.3862943611198906,-2.1673345065489444,3.9062279711292383,6.38205124195554,0.0,10.700814552005737,8.391574866779688
EOH,COL,LA3,0.027311770014775735,0.014159981998823113,0.013151788015952631,-0.002636725199461187,0.000985689998751773,0.026534405467832776,0.027311770014775735,,0.6190976720434191,1,-0.3989650810327384,0.2862472567761307,2.70805020110221,-1.5150429086800536,3.666812889692837,5.45317513661907,0.0,12.947052389048688,8.506587672816924
EPR,AUS,SW1,0.03169091301031431,0.01784226003868269,0.013848652971631622,-0.0003668876178095973,-0.006510659284103295,0.02383886163589452,0.03169091301031431,,0.5711234043588871,1,-0.5721796397312628,0.2694425730991987,0.0,-2.09022218049124,3.828641396489095,6.361302477572996,0.0,10.34778868442949,10.871826484872283
EQS,ARG,LA4,0.02841184803653658,0.03858158142513037,-0.010169733388593827,-0.0052318501266428695,0.0007482677133832606,0.02388305941106351,0.02841184803653658,,0.5573275095816155,1,-0.5185803864162318,-0.33597925820747526,2.0794415416798357,-1.8601947377424073,4.3396023519872005,6.320064356984594,0.0,10.581825617442366,9.45812987103844
ERC,TUR,EU1,0.034596912852602184,0.023192044994550305,0.011404867858051903,-0.002972003380892009,-0.005817434063489362,0.026336498293477593,0.03459989212512316,,0.5865835154617993,1,-0.4504643188242007,1.0572128758351595,0.6931471805599453,-2.327060734349948,4.842110474384761,6.682902379415486,0.0,10.708578531318057,9.04517480014172
ERF,DEU,EU1,0.005685121546186629,0.008862028067083206,-0.003176906520896575,0.006379100488783525,-0.0018960540653697943,0.009972581828445789,,0.01371804854872536,0.5817211003914844,1,-0.28992461956885895,0.03435715701866599,3.044522437723423,-2.5263643479217968,3.819370418261717,6.997937019877712,0.4376431793140076,11.745250734999278,10.56082813498111
ERI,USA,NA1,-0.0058551091894364984,-0.004936033967954612,-0.0009190752214818863,-0.015188703729433484,0.006855226809153614,-0.012417343484706907,-0.0058551091894364984,,0.5692876564544731,1,-0.18988312614613903,-0.3361533256254765,3.5263605246161616,-1.5626999644270816,3.6639022861161417,5.902081746479728,0.0,12.275314152771362,10.894689012037176
ERM,BRA,LA4,,,,,,,,,,0,,,,,,,,,8.987603389267655
ERS,NAM,AF2,0.023674034135722204,0.006134844070394128,0.017539190065328076,0.0028322220010042433,-0.004217317771578732,0.02303675733199273,0.023674034135722204,,0.5469870662666578,1,-0.5362201882950708,0.24232961383673499,1.6094379124341003,-1.8049370858608633,2.9444389791664403,6.170649184427828,0.0,9.89237604778141,8.29094932936793
ERZ,TUR,EU1,-0.007228582194068318,-0.005843415937864091,-0.0013851662562042225,-0.005077028357880784,0.0027305316379681137,-0.009492071908254613,-0.007198852491688454,,0.6031100590819836,1,-0.3954771364697983,1.0964027824774594,2.1972245773362196,-2.49367794350976,5.0452010609009506,6.893414739709868,0.0,12.536846534506083,9.04517480014172
ESB,TUR,EU1,0.008903528517747316,0.006031100176137819,0.0028724283416095026,-0.009816757052400595,0.002292708486496687,0.002085629359929344,0.015601719335425809,-0.017325261330413594,0.7284188549577237,3,0.04050205478923397,0.20785534843450013,4.02535169073515,-2.3733972939526704,4.980594875620063,6.677956756347371,0.2442650902342273,14.849076818957375,9.04517480014172
ESC,USA,NA1,0.023231575833708877,-0.011062905914236419,0.03429448174794529,0.00448540541320292,0.0037709583478089336,0.03796265722828463,0.02230610287918535,,0.6067053194842705,3,-0.5486505057027911,-2.0283400472793343,1.0986122886681098,-1.5569438146989838,2.9444389791664403,5.472431126994681,0.0,9.847181716325034,10.894689012037176
ESD,USA,NA1,-0.03441066243005672,-0.007611854565435332,-0.026798807864621396,0.035506162172325016,0.0053099019818988995,0.0071357246816387025,-0.03441066243005672,,,0,-0.45670698013521144,-1.4700192330392268,1.3862943611198906,-0.7853343710031424,2.1972245773362196,3.6499463708240962,0.0,9.260272740724393,10.894689012037176
ESL,RUS,EU2,,,,,,,,,0.6229732096117913,1,-0.49045827680764265,-0.1617424497354711,0.0,-1.9671880917665476,4.646368580249311,7.002155954403621,0.0,9.559023465985362,9.064204880368637
ESM,ECU,LA3,-0.009617140102949551,-0.0034664053167312216,-0.0061507347862183245,0.003910452165421972,0.009881950526021116,0.003909630474804084,-0.008194803441581725,,0.6360067760228998,1,-0.5254146998338853,1.0603579685681566,0.6931471805599453,-1.0911688757132492,4.311110307601169,5.1734066621843136,0.015732201550882344,11.045701967574116,8.458568582904595
ESR,CHL,LA4,,,,,,,,,,0,-0.48071113318957837,0.3249264857734961,1.3862943611198906,-1.7459597419035364,4.79409698195946,5.6123295981021855,0.0,10.614179912311823,9.310307425489734
ETH,ISR,ME1,0.006619219088015479,0.011481545525436222,-0.004862326437420746,0.006729368682445237,-0.011526682274691601,0.008951733385853342,0.005888113677977263,,0.5642209759399721,2,-0.4414180114385881,-0.35516590560376,1.0986122886681098,-1.8762271449089243,4.326154994121272,5.639157312730237,0.0,13.014103105959999,10.376709835655385
ETZ,FRA,EU1,0.019696631057686757,0.0024220406117338674,0.01727459044595289,0.09153833141282754,-0.009415492438649984,0.09861228572627481,0.01824230892045966,0.014454624173227586,0.6178438719950583,2,-0.37150641167360604,-0.13766842248891512,2.70805020110221,-2.051501604455721,3.8447514885819816,6.294744499589878,0.22142435693033882,11.978632376531188,10.500183536717612
EUA,TON,SW1,,,,,,,,,,0,-0.6413095517162649,0.464905087063533,0.0,-1.1337815892973264,2.833213344056216,3.6109179126442243,0.0,9.19624144759668,8.206827880199734
EUG,USA,NA1,-0.00774246273379872,-0.008775838803356355,0.0010333760695576389,-0.0062057720857647235,0.0065666678101558434,-0.007648446891997249,-0.007750734970792145,,0.5761914569156232,2,-0.13881042276369807,-0.29581896317134126,3.6109179126442243,-1.9326837293591361,3.9420529205442674,6.544739403500618,0.0,13.170036727693045,10.894689012037176
EUN,ESH,AF1,-0.03181789455838953,-0.03227031059600162,0.0004524160376120799,0.0004683366135851017,-0.005725001834633391,-0.037374250635470646,-0.0312320601080599,-0.010815699090580019,,0,-0.3611391466669143,0.1960930565739774,1.6094379124341003,-2.1835362759741366,4.081012757203771,6.495949799103478,0.28102808000521207,11.025099965433299,
EUX,BES,LA1,0.020245063199711325,0.023866205941894883,-0.0036211427421835537,-0.009631510806429076,0.015652547617203107,0.02527114664209562,,,0.6144239945749141,2,-0.5521552053121601,-0.21032565464404207,1.0986122886681098,-1.087082470714771,2.8647474884633044,4.081925694232004,0.014373288117907917,10.554118595992994,
EVE,NOR,EU1,0.003571520990633255,0.00036952047601115164,0.0032020005146221036,0.0013094867985800483,-0.004342897662742799,0.0005269536076268457,0.003258954171006435,,0.6226177751675004,2,-0.34810011873925206,-0.5302592039080097,1.791759469228055,-2.335068458828408,4.623298692129721,6.706681878704202,0.0023451577952067963,12.759816944245012,11.24000991778092
EVG,SWE,EU1,-0.010754419306544066,-0.006678766031245528,-0.004075653275298542,-0.013883491455472586,-0.005139773276997366,-0.030158722152932867,-0.010104861599940382,,0.6163316686019935,2,-0.4926686460578688,-1.153978908443296,0.0,-1.1914035156872056,2.9444389791664403,4.77912349311153,0.0,8.915700818956903,10.804911375886864
EVN,ARM,EU2,0.021476587232439254,0.02720480114200375,-0.005728213909564496,0.0007605863629271349,-0.0029511532103101736,0.019202157068786193,,0.0214804160193248,,0,0.009802164427045502,0.7102568358785032,3.9512437185814275,-2.3518662955113045,4.844319918173858,7.503911691059374,1.0,13.74677551038074,7.97912431526816
EVV,USA,NA1,-0.03374894377340494,-0.029728237239336725,-0.004020706534068193,0.000742696724353372,0.005987157569756983,-0.027537078250720375,-0.03374894377340494,,0.6734539432146558,2,-0.006347990670240162,0.006502250825703276,4.189654742026425,-1.756800244051478,3.825050267838186,6.198963750678558,0.0,12.788338543448484,10.894689012037176
EWB,USA,NA1,0.01066409264171829,0.013107173177097765,-0.002443080535379472,-0.010347872105007405,0.00681505084094137,0.007015264207986056,0.01066409264171829,,,0,-0.6253546054296683,-0.2622993483715223,0.6931471805599453,-1.0857932881612151,2.1972245773362196,4.148040868898342,0.0,9.899780690604802,10.894689012037176
EWN,USA,NA1,0.0003738098529091206,0.0018971338872811926,-0.0015233240343720705,0.003418276920926447,0.0047191813963378786,0.007593092325722758,0.0003738098529091206,,0.6897702276782418,2,-0.17157286658486323,0.7031451102732974,3.4965075614664802,-1.8119705024623736,3.939207948773242,6.008371770818612,0.0,12.049635186348267,10.894689012037176
EWR,USA,NA1,-0.01161060611109167,-0.008274841565513103,-0.0033357645455785708,0.0013646680401380713,0.0003666978370382238,-0.009956828609797663,-0.01468641453525995,-0.005209476979586829,0.6280436335690327,2,0.9663325578511018,-0.2910170351376392,5.501258210544727,-2.365661055005616,4.709003493708879,7.951917689765085,0.30709327454548974,17.017375474260746,10.894689012037176
EXT,GBR,EU1,-0.009729352722588236,-0.01687724301458865,0.0071478902920004165,0.013270804387786942,-0.0037256565088025534,-0.0008368215683381831,-0.023705331423250195,-0.0014760449933479546,0.6718064889305804,2,-0.09543709598267494,1.578331518225585,3.5553480614894135,-2.310916299706865,4.450741835003365,6.63307176769095,0.4584959024204307,13.393725500989014,10.711795251008132
EYP,COL,LA3,0.06914765215814038,0.05186366068714579,0.01728399147099456,-0.0016898391046664158,-0.007318177371618715,0.05982459086877911,0.06914765215814038,,0.5851974010520951,2,-0.5260338804406839,-0.6241218422967372,0.6931471805599453,-1.392573445224886,3.746509563627817,5.340546121474442,0.0,10.839914189496584,8.506587672816924
EYW,USA,NA1,-0.02556683609922767,-0.02733415671746131,0.001767320618233641,0.017985100862014942,-0.01229023084454277,-0.01956867808700192,-0.02556683609922767,,0.6557777229514057,2,-0.06645613426387446,-0.18957871389377431,3.970291913552122,-1.8249908003465896,3.4442037022955385,5.98054773474718,0.0,12.96701631553072,10.894689012037176
EZE,ARG,LA4,-0.0070757753295471485,-0.00986380847282784,0.002788033143280691,0.0016721170906212582,0.0030866070484134736,-0.0023940564990826653,0.034854166315660844,-0.004383372502022326,0.5755468458784414,1,0.40898755678244525,0.077374779952247,4.204692619390966,-2.3277515667667155,5.16970762930595,8.348602760232756,0.9920684303122308,15.546443541252703,9.45812987103844
EZS,TUR,EU1,0.050235224284484827,0.04304272897349409,0.007192495310990726,0.005338655428650096,-0.007276311855580033,0.04829362123040231,0.050456319583755856,,0.600734041870256,1,-0.443983498104859,0.8395379792937668,0.6931471805599453,-2.268213231485596,4.784094351256472,6.610979554247031,0.0,11.228225607956913,9.04517480014172
FAE,FRO,EU1,-0.02486923684406952,-0.02211834928056168,-0.002750887563507834,0.0034094797548547746,0.0018520333195598691,-0.019625506656519166,,-0.02486923684406952,,0,-0.38004729815434757,0.4538939351173883,2.0794415416798357,-2.0711637945171257,4.514739148657137,7.103565065586814,1.0,11.913525424077084,
FAI,USA,NA1,-0.014123188749615403,-0.01093763824638952,-0.0031855505032258847,0.00021204104738972425,-0.01461573692798531,-0.027873245742405628,-0.014046472419144099,,0.6098406095751061,2,0.1237125958591639,-0.3958877047682636,3.828641396489095,-2.0024631238169657,3.6478541892694056,6.9027366431159995,0.014420802635505086,13.622452369263486,10.894689012037176
FAO,PRT,EU1,-0.007449943091859413,-0.006158876411871416,-0.0012910666799879986,0.0012022651917428188,-0.00016078087531293668,-0.006438019100266671,-0.019666500828005168,-0.00680827838067945,0.5983769416003155,1,0.09186055870680775,1.2161222787735213,4.219507705176107,-2.677231050755929,5.139434391113508,7.401752189692734,0.8909182027103782,14.854904194310802,9.902465561885505
FAR,USA,NA1,0.014100343163423555,0.0014823839437167205,0.012617959219706836,0.021157902957473846,-0.022473583879466276,0.01248638429674717,0.014027878087107513,,0.7428534753932547,3,0.02061596568852387,-0.23766132936631634,4.204692619390966,-1.677930893880767,4.192493503545464,6.523949146579885,0.0,12.976502574732097,10.894689012037176
FAT,USA,NA1,-0.011006001533679744,-0.0021791539797007533,-0.008826847553978993,0.007065102969641017,-0.0020126121865717776,-0.006029178909805632,-0.013325175227866387,0.0033365530549573307,0.6429974127205638,2,0.01918431415773827,-0.3495311676450419,4.110873864173311,-2.104727063174968,3.970975886974139,6.764073381220239,0.041450379890814674,13.752521768705025,10.894689012037176
FAV,PYF,SW1,0.008351590046740687,0.0025955880090050235,0.00575600203773565,-0.007321296008595119,-2.0339025559498714e-05,0.0021352712407747576,0.008351590046740687,,,0,-0.4952571921747433,1.8254471891155226,2.4849066497880004,-2.0035780229906517,3.9608945663661714,5.897834300046031,0.0,10.109362862283819,9.982692936106211
FAY,USA,NA1,0.014716791031334948,0.014856887248095205,-0.00014009621676025307,-0.0028617807106780784,0.001373333575691253,0.013522618343986399,0.014716791031334948,,0.6030526096023789,2,-0.09249942197692088,-0.25910203270647675,3.912023005428146,-1.5258665501736355,3.9441582141612597,5.851981522728466,0.0,12.466935783871397,10.894689012037176
FBE,BRA,LA4,,,,,,,,,,0,,,,,,,,,8.987603389267655
FBM,COD,AF3,-0.011630488888478814,-0.01597168237699328,0.004341193488514469,0.0004118561552692115,-0.009185949817581189,-0.02022450983734329,-0.02490907265462334,0.002368282188907151,,0,-0.326675737149459,0.550393082434969,2.3978952727983707,-2.0715159299307806,4.607250682625805,7.251163046124212,0.5168784281796366,12.137194053227393,5.9334040464695645
FCA,USA,NA1,-0.011509234339675833,-0.017308534095837488,0.005799299756161653,0.014249081374490246,-0.012148791291556486,-0.00935824710919209,-0.011509234339675833,,0.7847426077690535,3,-0.07629967956718677,0.23347248882172694,3.912023005428146,-1.9815586190717314,4.00013450197844,6.717487048591528,0.0,12.564592885861792,10.894689012037176
FCO,ITA,EU1,-0.0021453994207876557,-0.003957789314228309,0.001812389893440652,0.0034582923874731117,-0.001722480200686952,-0.0005665267409632851,-0.005100756827102884,0.0007597370115960652,0.7171707650817899,3,0.7739182615993018,-0.023090232441927396,5.313205979041787,-2.346931491742076,4.924364867736554,7.2919719878250975,0.5267497665010572,17.037384284630946,10.438808040299792
FDE,NOR,EU1,0.0043465720199261215,0.004346210085258019,3.619346681049647e-07,0.0023136821155543847,-0.0012806142993861077,0.005237637125724981,0.0043465720199261215,,0.5774379512257815,1,-0.5033960251842078,-0.5663124460266985,1.3862943611198906,-1.6579181797402187,3.6635616461296463,5.541104433773671,0.0,11.172348816763924,11.24000991778092
FDF,MTQ,LA1,0.001513251530681698,-5.146425149852695e-06,0.0015183979558315514,-0.0069472036895871,-0.002800246153905122,-0.008110104015916022,,0.001513251530681698,0.5974327111624138,2,-0.14262964818282178,0.02795269714057707,3.367295829986474,-2.413770096665011,4.7296309124276235,8.12036963590544,1.0,13.855502127777356,
FDH,DEU,EU1,-0.029259557197525137,-0.007647097625647369,-0.021612459571877785,-0.03252443907554448,0.017158681072284195,-0.04222706649674898,0.006703977846988665,-0.07415094620834828,,0,-0.1390137074962861,0.5779441397860051,3.5263605246161616,-2.4030544153491062,4.343961046383882,6.73402695065551,0.5412913237429975,13.044808239827853,10.56082813498111
FEG,UZB,AS2,0.028784725536700546,0.0193165051112787,0.009468220425421855,0.019914221871027635,-0.01096027832012363,0.03691010253411837,-0.015129374619867235,0.053811642937344084,0.6664958991291929,2,-0.41414320936217097,-0.33294454201021667,1.9459101490553132,-2.19827632175881,4.777641033034906,7.361977539911212,0.4757910069322688,11.213791401404334,7.480855759504145
FEN,BRA,LA4,0.005713011471930041,-0.013917072653324862,0.019630084125254903,0.007722131200833092,-0.008914252199824061,0.0037315721726822525,0.005713011471930041,,0.6626674513783184,2,-0.44145821814541053,1.3204872761324897,1.3862943611198906,-1.9863832855092176,4.330733340286331,6.261458203112367,0.0,11.329242982536933,8.987603389267655
FEZ,MAR,AF1,-0.006254729915428564,-0.018469573158855262,0.012214843243426697,0.0029212999793217414,-0.004654473188294778,-0.008186128924675927,-0.05349664913500438,0.005781793065087887,0.5748787965306106,1,-0.28239275004993214,1.8316163247747401,2.302585092994046,-2.552153084777313,4.786974627452095,7.13039834231369,0.6839094437346067,12.584265900999567,7.84016154894035
FIH,COD,AF3,-0.018059932881478006,-0.014367535951144803,-0.0036923969303332025,0.013397285293005693,-0.0003426442290877685,-0.005343875328357235,-0.04034152606617815,-0.005642457183141028,0.6160993582547694,2,-0.10081036723562717,0.1862106055726289,3.4657359027997265,-2.230607481976783,4.979469516229543,7.668692001162673,0.674971384648804,13.302106613183483,5.9334040464695645
FJR,ARE,ME1,,,,,,,,,0.552187168293105,1,-0.47757136936255723,-0.46194547709997935,1.3862943611198906,-1.0544408937678629,4.537135627942951,7.475055749676106,1.0,9.54108193388841,10.859741336515528
FKL,USA,NA1,0.06873192914762474,0.032491991772008635,0.0362399373756161,0.024742038072424023,0.008030391031481718,0.09918735615366349,0.06873192914762474,,,0,-0.5486538467493235,-0.6908439165858522,0.6931471805599453,-1.117386194337209,2.9444389791664403,4.609077753462499,0.0,9.631547587032955,10.894689012037176
FKQ,IDN,AS3,0.06906695859699588,0.04186070615341176,0.027206252443584152,-0.013364359419608986,-0.023433155351353315,0.03253762404745974,0.06906695859699588,,,0,-0.6672635309027134,0.20652987855822535,1.3862943611198906,-1.9077896065161657,3.9889840465642745,5.790542497307653,0.0,8.97941663334301,7.764360911576746
FKS,JPN,AS4,-0.015599305249660293,0.004955515446837757,-0.020554820696498055,-0.006491672542683662,0.00845792114823582,-0.013029926401153032,-0.014428286785772931,,,0,-0.2928105481424542,-0.1299279125326606,2.0794415416798357,-2.263283687849676,4.679340594445936,6.723100959129964,0.11713396278754379,12.872187729038801,10.433822702828955
FLA,COL,LA3,0.023609860484474953,0.0018922269283058969,0.021717633556169052,0.01725131266151549,-0.0077458831438331,0.033326922132530364,0.023609860484474953,,0.5631966094206216,1,-0.53214694658614,-1.3039357295184208,1.3862943611198906,-1.5015087141436738,3.407501579057941,5.490548816629,0.0,10.03950335645357,8.506587672816924
FLG,USA,NA1,0.0035773251026730278,-0.005283139592408251,0.008860464695081283,-0.010675645236191699,0.0021434462911912758,-0.005797336052451274,0.0035773251026730278,,0.5724565618643895,1,-0.4650044295715495,-0.3453047361183151,0.0,-1.1889456646907628,3.6109179126442243,5.247024072160486,0.0,11.166299856884498,10.894689012037176
FLL,USA,NA1,-0.013753428541957846,-0.014617386173187759,0.0008639576312299212,-0.00043833368450926313,-0.0005752800556387067,-0.014760455789713014,-0.012727875744189612,-0.017291425778303015,0.5929504614640113,1,0.6401530021204048,0.45685120337885804,5.170483995038151,-2.478922976428772,4.820349692779311,7.313701069187011,0.17261816047323694,16.48172102460236,10.894689012037176
FLN,BRA,LA4,0.024008604114542392,0.02054659407825085,0.0034620100362915294,-0.0034541071798258466,-0.0039603261581378415,0.016674487144349687,0.02508409083607738,-0.02730206485924396,0.5577872140281808,1,-0.24189843012735093,0.38319169110372275,2.9444389791664403,-2.150577502121267,4.902275789410411,6.243493281356645,0.024318449063161357,14.32796944722574,8.987603389267655
FLO,USA,NA1,0.010606636558064474,0.013547405002558065,-0.002940768444493596,-0.0019278105171908124,0.0016881945000704497,0.010684145539717586,0.010606636558064474,,0.6426705020938608,2,-0.3320929600366342,-0.35197044418083245,2.70805020110221,-1.3793632644135323,3.6901173777898806,5.498388545413463,0.0,11.439870784064318,10.894689012037176
FLR,ITA,EU1,-0.00462237320956929,0.001626807537774879,-0.006249180747344171,-0.0005187310598446712,0.003697408384646498,-0.001358312638103331,-0.01942827468518819,0.0008488634105411853,0.6279267618013353,2,-0.11629055320623363,0.4845379363439014,3.332204510175204,-2.16599181807159,4.604299697320117,6.603077927087238,0.6899979026224059,14.377735510495972,10.438808040299792
FLW,PRT,EU1,-0.00925614309036279,-0.00294803997034734,-0.006308103120015456,-0.007084351428654383,0.009933770210837373,-0.006291892840243908,-0.00925614309036279,,0.5957773970851157,1,-0.5533981887952297,0.3643873465848116,1.3862943611198906,-1.9630308700272803,4.040974583628621,5.737516313310257,0.0,10.570393421890847,9.902465561885505
FMA,ARG,LA4,0.00608146123608898,-0.002093502505839926,0.008174963741928928,0.0757190790248341,-0.03874854143556044,0.039387889019495054,0.00608146123608898,,,0,-0.6835711638118271,-0.6447679734018787,1.3862943611198906,-1.3675609719516586,4.783641882396604,5.070901805397957,0.0,10.632966662343463,9.45812987103844
FMI,COD,AF3,,,,,,,,,,0,-0.6822377063735934,-0.1884944159010355,0.0,-1.6246765673021044,4.553876891600541,6.493753839851686,0.0,7.387090235656757,5.9334040464695645
FMN,USA,NA1,,,,,,,,,0.5709971961778184,1,-0.3921554557781225,-1.12905561702525,2.1972245773362196,-1.7325940911184414,2.9332603674313833,5.987194949860446,0.0,11.013188138189658,10.894689012037176
FMO,DEU,EU1,-0.022903141745144233,-0.016222397939775625,-0.006680743805368612,-0.016427337154646927,0.00646672176195395,-0.032034660426348935,-0.017650195394312437,-0.030055896915080905,0.5831540994815131,1,-0.08614195096249455,0.61377510301777,3.7376696182833684,-2.4751366435151483,4.675345688200649,6.815566629903335,0.4765876754803667,13.98299424264383,10.56082813498111
FNA,SLE,AF3,0.012489198833541514,0.016303974208607307,-0.003814775375065801,0.03466470133212257,-0.0027882253650314,0.042756479581286214,,0.012489198833541514,0.6030712647318988,1,-0.19779238439678903,0.7132454142343988,2.995732273553991,-2.372999721588678,5.059459964226596,7.5703146846267275,1.0,12.353837263515418,6.771578518851911
FNC,PRT,EU1,-0.01484020734522294,-0.011066438332967839,-0.0037737690122550994,0.0031862436287809657,-8.79916613522027e-05,-0.011797632349958304,-0.020897372999546283,-0.003913966043016678,0.5933157780247942,1,-0.014197748708647331,0.7370377742962129,3.828641396489095,-2.5767082355068296,4.874718624144159,7.357841017825007,0.33582206360098243,14.230370727280397,9.902465561885505
FNI,FRA,EU1,-0.0002670191062431231,0.0005914665513637328,-0.0008584856576068604,-0.004035628342006157,0.001198700077711035,-0.0031358009716023036,,-2.7763623802594633e-05,0.5247105369315768,1,-0.43338300787506384,-0.41368590601726113,1.6094379124341003,-2.6676489474670717,5.234598525522967,6.877908566367655,1.0,11.951193299043943,10.500183536717612
FNJ,PRK,AS4,0.018834058483627868,0.022438781768781644,-0.0036047232851537563,0.01761505662513644,-0.027627345072830288,0.0075944891013813584,,0.018834058483627868,0.5543845191748753,1,-0.37307120129740406,-0.3540332924563073,1.3862943611198906,-1.7466217131709758,4.9053561752070225,7.056906365064151,1.0,10.802510042843764,
FNT,USA,NA1,-0.004769284002608575,-0.0073226732190835725,0.0025533892164749956,0.019409733238164768,-0.013520288097150598,0.0008955242886301863,-0.004769284002608575,,0.6083321592708499,1,0.12957127021614667,1.041578046470246,4.499809670330265,-2.0941398459855938,4.247956328699111,6.6505059291883315,0.0,13.563557211332787,10.894689012037176
FOC,CHN,AS4,-0.007521381256977652,0.00030104113551699063,-0.007822422392494638,-0.0038208384435693206,0.00047379349521871957,-0.010543905691506067,-0.0034048055935999282,-0.035574278884793864,0.6073066996361514,1,-0.027380174015008762,0.9200838733862454,3.784189633918261,-2.3167791508215596,4.882558989613938,6.797371004515666,0.14907723639064416,14.926547341937631,8.391574866779688
FOD,USA,NA1,-0.008993839071416519,-0.017090188168471,0.008096349097054478,-0.027189121972062465,0.011111554897139497,-0.022929610069636387,-0.008993839071416519,,0.5368129232414703,1,-0.47671629723192277,-0.12243008863830461,0.6931471805599453,-0.8948639306758233,3.4965075614664802,4.574710978503383,0.0,10.351916360076409,10.894689012037176
FOE,USA,NA1,,,,,,,,,0.5731299399567573,2,-0.46588679303144054,-0.785769769340837,0.0,-2.3937643430441837,5.0106352940962555,7.465082736399547,0.0,9.259130536145614,10.894689012037176
FOR,BRA,LA4,0.034585918058248344,0.027805652280396075,0.006780265777852259,-0.002404780741710335,-0.004627326218922101,0.027485006370115285,0.03562514960391798,0.01414799570649264,0.5775413678769945,1,0.03949967550688677,0.12675412132833444,3.5553480614894135,-2.497021026356137,4.974251363743867,7.330311433130379,0.059832563271262955,14.666523935831059,8.987603389267655
FPO,BHS,LA1,-0.0036273399892451565,-0.00581971771689438,0.0021923777276492253,-0.0014755045467115678,-0.0004552373045245613,-0.00590591090744276,-0.01579691142947209,0.01308780010108632,,0,-0.08264483118404914,0.032275092427480875,3.8918202981106265,-1.8908841395689169,3.77583006965967,6.0579146886463695,0.7223414258363449,12.997604819261516,10.420772350869472
FRA,DEU,EU1,-0.006006454825904865,-0.006823846984523271,0.0008173921586184091,0.00024060373275119152,0.0013019074183344267,-0.0044416129188799515,-0.008864876959369973,-0.005525162779429974,0.6196719233387527,2,1.180977272544609,0.01326668382358539,5.783825182329737,-2.195421501395874,5.016799943795488,8.049329363012426,0.8550919587426056,17.499674436206163,10.56082813498111
FRC,BRA,LA4,,,,,,,,,0.5841926071023771,1,-0.46200582414481517,-0.15495210786913385,1.6094379124341003,-0.764438965848908,3.4011973816621555,4.455863893496327,0.0,9.564512185696797,8.987603389267655
FRD,USA,NA1,-0.059164511954235686,-0.03666880232679286,-0.022495709627442823,0.03678184836302944,0.002703149691062084,-0.019926573613333276,-0.059164511954235686,,,0,-0.42753718000468827,-0.9097689472651602,2.0794415416798357,-1.0957417310835091,1.9922122380434526,3.8852999393739625,0.0,10.328363054164116,10.894689012037176
FRO,NOR,EU1,0.0065033646483263,0.0044730569110166185,0.002030307737309685,0.00315478907583936,-0.019550624264488302,-0.010391167951723223,0.0065088702295749805,,0.6099650097537801,2,-0.4927459666095559,-0.9044611133225765,0.6931471805599453,-1.3822098228206068,3.828641396489095,5.492504896874537,0.0,11.75920725072306,11.24000991778092
FRS,GTM,LA2,-0.03327362974443569,-0.01929624374674,-0.013977385997695692,0.005079652176588808,0.00894559420832537,-0.019002727749616335,-0.03981820519039675,,0.6301881980671087,2,-0.46657352833452226,-0.24950508589314446,1.0986122886681098,-1.735219617766765,3.9715678760134616,5.6871640093312115,0.2223835836403136,12.03997083458316,8.168423567117761
FRU,KGZ,AS2,0.013465634604807285,0.02510018480631257,-0.011634550201505285,-0.010915075491383396,0.010027114959166318,0.012725657415217657,0.06471901267373958,0.005151505351083735,0.6272355341451308,2,-0.1934247764056629,0.8413457247882036,3.044522437723423,-2.3030027253025986,4.628097314806434,7.6892098932486075,0.9038649105434402,12.906525574005505,6.802425834949683
FRW,BWA,AF2,0.0037491310311652697,-0.00014023487437248824,0.0038893659055377508,0.004022499430382652,-0.0010071706471341322,0.0067438012943182805,-0.010493202639439685,,0.6158951391486114,1,-0.47463903793037965,0.7920831621361504,0.6931471805599453,-1.7249402695594298,3.8876972610172844,6.032709060188114,0.05263592794579408,10.094273187742212,8.713686428500589
FSC,FRA,EU1,0.0015372841803999195,0.00011202493101957573,0.0014252592493803435,0.008389576288381695,-0.0027250621916824675,0.006922593703947568,-0.004776833855254703,,0.5772841358172961,1,-0.30761713961080067,0.22862140188046468,2.3978952727983707,-2.3650078972140745,4.498273964883837,6.472529608896194,0.007020340012143291,12.258740994097257,10.500183536717612
FSD,USA,NA1,-0.0012141122469559126,-0.0028224022552627757,0.001608290008306861,0.008347810381819094,-0.010453128855871536,-0.0034088169853636677,-0.0012160857299919605,,0.5913235354608,2,0.06641592822036592,-0.41029847682089493,4.30406509320417,-1.6065342242790257,4.148784084979995,6.615788306963437,0.0,13.236730808742111,10.894689012037176
FSM,USA,NA1,-0.010788159498073217,-0.004561884788350151,-0.006226274709723073,0.001011347942508919,-0.0010827223522182734,-0.01047040684506369,-0.010788159498073217,,0.6531210966635896,2,-0.26650045413146217,-0.13048899080577406,3.1354942159291497,-1.76987043317907,3.7980128094066496,6.09544965948239,0.0,11.959673261462932,10.894689012037176
FSP,SPM,NA1,-0.007327550297133386,-0.001103924911591909,-0.006223625385541479,0.00546228639826689,0.0005862004650400421,-0.0017253557553649293,,-0.007327550297133386,,0,-0.4615213483312897,-0.2552093734850033,1.6094379124341003,-1.7278914049952223,3.4910686271405473,6.182609411085557,1.0,9.528939547062684,
FTA,VUT,SW1,0.0067305075286523824,0.007097813949365851,-0.0003673064207134715,-0.007381834790357774,-0.0087657068582153,-0.009377582079892973,0.0067305075286523824,,,0,-0.709406850814669,-0.9592684939051486,1.0986122886681098,-1.5395565410528467,2.2181677511814626,4.479489465245068,0.0,6.872128101338986,7.934420995814924
FTU,MDG,AF4,-0.02603033644490218,-0.017661979347058942,-0.008368357097843247,-0.011055369284964575,0.011550670025749388,-0.025481220113502647,-0.018094760887555992,,0.6050468188793949,2,-0.4491307586939245,0.43836104732881537,1.6094379124341003,-2.210623439415467,4.577017082691481,6.566002751660545,0.08279612892905702,11.0431618069291,6.16075460811433
FUE,ESP,EU1,-0.017928978725172826,-0.018127455676972732,0.0001984769517999076,0.0037411334081694347,0.0011834625838601448,-0.013142939477981695,-0.025922029891901843,-0.012629328305769516,,0,0.041846435714062734,0.9728709715337817,4.174387269895637,-2.715000488425549,4.835653902349058,7.529370868613762,0.4892733798733569,14.525700679032362,10.216062049970796
FUJ,JPN,AS4,0.04933313761677477,0.031188813548082082,0.018144324068692673,-0.0044380843099020755,-0.005438549563629909,0.04040076000499093,0.04933313761677477,,0.5867243976400507,2,-0.43510745803909523,-0.9486130790504073,0.6931471805599453,-1.3539830298778321,3.974463766542998,5.2686362287610535,0.0,11.19190719823953,10.433822702828955
FUK,JPN,AS4,-0.007310453118939569,-0.008504355017831498,0.0011939018988919292,0.00330819457454093,-0.0023153027997631437,-0.006602506851685671,-0.004424185597310364,-0.018237241763749197,,0,0.10386023244996404,-0.033302768827136384,3.6375861597263857,-2.174505109357524,5.238583285411514,6.758478207544616,0.146603962743947,16.275631907533203,10.433822702828955
FUN,TUV,SW1,-0.02481839731690147,0.01359913398015251,-0.038417531297053956,0.0002391123131308751,0.03672038175136895,0.013753533338773856,,-0.02481839731690147,,0,-0.7221002257338178,-1.6374271489735492,0.0,-2.280849736031677,3.912023005428146,6.9650803456014065,1.0,8.556413904569519,
FUO,CHN,AS4,,,,,,,,,,0,,,,,,,,,8.391574866779688
FWA,USA,NA1,-0.01257256938271167,-0.021734201542298787,0.009161632159587116,0.0015547143931926933,-0.004005218836190465,-0.015210700728689524,-0.01257256938271167,,0.7141335214631038,3,-0.02514786832382019,-0.4562123424223889,4.143134726391533,-0.856034750694479,3.5899482801757485,6.323746269804662,0.0,13.062114310058485,10.894689012037176
FYU,USA,NA1,-0.002936334942335096,0.0026161371598148755,-0.005552472102149968,0.00381580364899259,-0.010161057161910809,-0.009044871436818537,-0.002936334942335096,,0.5987959506300355,1,-0.5397843779717304,-0.13982645546265335,1.791759469228055,-1.3641456418283409,2.2141827877220557,5.144027534297541,0.0,10.479061050523804,10.894689012037176
FYV,USA,NA1,,,,,,,,,,0,,,,,,,,,10.894689012037176
GAJ,JPN,AS4,-0.019547952514228466,-0.01387510433563106,-0.005672848178597409,-0.0036752132368460338,0.009694363178985829,-0.014174356127533032,-0.019547952514228466,,0.5303401895163373,1,-0.5142222721116553,-1.22415388120286,1.3862943611198906,-1.6917789570945239,4.1287554427457716,6.1840247173278025,0.0,11.974562945383576,10.433822702828955
GAL,USA,NA1,-0.000369041367962293,0.0007278210245991186,-0.0010968623925614106,-0.010934607846956265,0.005869257773496072,-0.005454031350568456,-0.000369041367962293,,0.5599211802629747,1,-0.46485351638534567,-0.6233835616545437,2.0794415416798357,-1.1022775876080082,2.445112082595562,5.3465580561175035,0.0,10.83014437040946,10.894689012037176
GAM,USA,NA1,-0.01916972868610028,-0.022919837782906204,0.003750109096805926,-0.008829122666549932,-0.004831171916183562,-0.03257174901047966,-0.01916972868610028,,,0,-0.7358913586487857,0.6517910409976699,0.6931471805599453,-1.3007821519616878,2.6760998071456688,5.428804770355589,0.0,10.351181664862002,10.894689012037176
GAN,MDV,AS1,0.014295987678860657,0.004896226523259173,0.00939976115560148,-0.002948860490081193,-0.014738088210237529,-0.005148853255014657,0.01619712844486755,,,0,-0.34985916721065274,1.394683420425285,1.0986122886681098,-1.8678158546766972,3.633217327750966,6.407011884515656,0.021289415545290218,10.815569439636228,
GAO,CUB,LA1,-0.012611419609682407,-0.02022135947261263,0.007609939862930217,0.00012559220563110985,0.003987117375677068,-0.008666935651200334,-0.012611419609682407,,0.5766017986841457,1,-0.5391715424950836,0.11233573889136005,0.0,-1.9399605196389995,4.031462168032165,6.706862336602747,0.0,9.745194973541535,8.734844252548541
GAU,IND,AS1,-0.010617477528649936,-0.00849327643842563,-0.002124201090224305,-0.005064688723139083,-0.0012851284692255937,-0.016609723970688058,-0.010735896280858937,,0.614875958717813,1,-0.2247489426870543,1.4233361670816282,2.8903717578961645,-2.3941411865256956,4.90598867647811,6.5287712675117895,0.005285727204600406,14.170722532284625,6.97470991159236
GBD,USA,NA1,,,,,,,,,0.5666100281770641,2,-0.45946689806170027,-0.053238033826415114,1.3862943611198906,-1.5486644877978792,2.9444389791664403,5.41048375128092,0.0,9.608847999516849,10.894689012037176
GBE,BWA,AF2,0.005539276178943247,0.006463285473379423,-0.0009240092944361707,-0.02969667808468202,0.017612849766581486,-0.005695796092971333,-0.00733098148997479,0.009666787196950615,0.5407194822768269,1,-0.4296209918682616,0.016351478056186433,1.791759469228055,-1.7348712875019554,3.9065341861704983,5.918960368068267,0.7552414817056449,12.261914081424132,8.713686428500589
GBJ,GLP,LA1,,,,,,,,,0.5715661907286347,1,-0.5960912011862085,-2.8336105424885325,0.0,-1.3849015332702304,2.329571910993377,4.632947537743025,0.0,7.736743682453495,
GCC,USA,NA1,0.02194772538555116,0.05366861786393896,-0.031720892478387795,-0.0006997228399931889,-0.016938295329145262,0.008025685821862479,0.02194772538555116,,0.5687354531336702,1,-0.44618897669762303,-0.5492605145581174,0.0,-1.89196068278222,3.328066026070606,6.222576268071369,0.0,10.748045949732441,10.894689012037176
GCI,GGY,EU1,0.0076549738985534355,0.009731109250322494,-0.0020761353517690564,-0.011413847224028061,0.009642886481279938,0.007423551102055126,0.0070498759701355575,0.00825513412553192,0.5774804213787247,2,-0.2593567707814441,-0.1159757407108909,3.091042453358316,-1.7224870912314096,3.8084837209813465,5.3384843403357705,0.01059047760821081,13.53098881972475,
GCK,USA,NA1,0.005652853561424488,0.006227298340761861,-0.0005744447793373719,-0.0013718826031788368,0.004432257685961276,0.008651466412369207,0.005652853561424488,,0.562654246242253,1,-0.4557482377107178,-0.22793513653545863,1.3862943611198906,-1.7049114704752335,2.9444389791664403,5.831451839006955,0.0,10.38046679551829,10.894689012037176
GCM,CYM,LA1,-0.0001442677366027688,-0.0010227308015951621,0.0008784630649923956,0.0009759793569060404,-0.0007616763305146621,-0.00016715860808894632,-0.004424735865010403,0.0004267412129300009,0.7306216686736201,3,-0.033199037020178394,-0.1639869880452009,3.784189633918261,-2.319325495505494,4.5912655457285165,6.86262808261983,0.907873240616622,13.546197405803214,
GCN,USA,NA1,,,,,,,,,0.5424137250401198,2,,,,-1.4882799292997542,2.118342389907774,5.472169854696267,0.0,8.939449862164238,10.894689012037176
GDE,ETH,AF4,-0.012089898351317152,-0.017659074238246558,0.005569175886929411,-0.0028430891061173085,-0.004353736404465713,-0.019397962191186023,-0.012089898351317152,,,0,-0.49608008974546175,0.713935090001202,1.6094379124341003,-2.0704184307215545,3.9512437185814275,6.045174098077232,0.0,9.85114107216392,
GDL,MEX,LA2,-0.015494688407386777,-0.010763767522086168,-0.004730920885300606,0.0009865983944174093,0.003168861490354915,-0.011431590693433847,-0.01572021944622225,-0.014792417816550517,,0,0.15884294744772579,0.025882674198720725,4.454347296253507,-2.224169980899988,4.536708478369061,7.086445252854606,0.29431354890974903,15.490737896328216,9.19803449697713
GDN,POL,EU2,0.002044716536506179,0.001603897733993477,0.0004408188025126997,-0.006914508729886304,0.002510222819290113,-0.0021285450625810895,0.017527558639504448,-0.00045145648783201327,0.662828112728616,2,-0.1634548601854547,1.5842764670986549,3.258096538021482,-2.4833634151712696,4.664338897813758,6.7953150547906835,0.8384612151693027,13.883837207574707,9.186119834635363
GDQ,ETH,AF4,0.014579583006389115,-0.00420747400381619,0.018787057010205298,0.029585035928060076,-0.029221387288355022,0.013667179558622993,0.014579583006389115,,,0,-0.4917027813896102,0.6553425291642071,1.3862943611198906,-1.4266928116706203,3.9733910715998433,4.909443913033827,0.0,10.959957531006271,
GDT,TCA,LA1,-0.02174641407263858,0.004029386867655953,-0.02577580094029454,-0.009249130320613783,0.001978317679657981,-0.030841654068545582,-0.021540639274350924,,0.5539498650183181,1,-0.49389981334582106,0.8494385100121171,1.6094379124341003,-1.2355108830470602,2.962442584305582,4.6345276322939375,0.008988063424193836,11.62857288849619,
GDV,USA,NA1,-0.03419462627402747,-0.009714138037414147,-0.02448048823661333,-0.0023755775395026754,0.004936403861683451,-0.033350577158366174,-0.03419462627402747,,0.5733331336417636,1,-0.5847972002476051,0.36484264668113464,1.0986122886681098,-1.1599007022693881,2.9444389791664403,4.7047420013808035,0.0,9.534740027363126,10.894689012037176
GDX,RUS,AS4,0.01924068936510441,0.018175634722481834,0.0010650546426225877,0.009464056780533565,-0.017162004776336733,0.011188987914856674,0.019362867051546016,,0.592115174751322,2,-0.3881078931720633,-0.6411320952017198,2.1972245773362196,-1.8592271232306659,4.959807657458679,8.227820321449611,0.0,11.633105625226333,9.064204880368637
GDZ,RUS,EU2,,,,,,,,,0.6213581682352827,1,,,,,,,,,9.064204880368637
GEA,NCL,SW1,-0.0037576084896843017,-0.0015204962388503957,-0.002237112250833907,0.0011043045716988592,0.004936238069449884,0.001514154252398241,-0.0037576084896843017,,,0,,,,-1.2007327282002598,3.798860637083517,5.096594047048721,0.0,12.110013185085206,
GEG,USA,NA1,-0.0130948337744438,-0.01882640036018776,0.005731566585743958,0.0025845424669338132,-0.004743808732346448,-0.015182546555280629,-0.0130948337744438,,0.6192336649476313,2,0.22341998624466544,-0.2311242766405183,4.584967478670572,-2.2381166215933828,4.564205533616365,6.737079830173628,0.0,14.675073042287224,10.894689012037176
GEL,BRA,LA4,,,,,,,,,0.5452435795749617,1,-0.6674969464406075,-1.1227769156674074,1.6094379124341003,-1.7768141899845296,3.522320115079156,5.532197077070516,0.0,9.035748861244139,8.987603389267655
GEO,GUY,LA3,-0.004664696320790117,-0.011641079338544535,0.006976383017754419,-0.008502690804447894,-0.0015574140556160587,-0.014264578155517744,,-0.004664696320790117,0.5998370063745642,2,-0.3154827928428208,0.22076990625590265,2.4849066497880004,-2.2200045764276943,4.565885526394103,7.080155437459793,1.0,12.712884223784096,
GER,CUB,LA1,0.0031000942592255077,-0.0034134540701688735,0.006513548329394379,0.0032718360564826425,-0.00026989015106544813,0.005844279297656416,0.0031000942592255077,,,0,-0.5296263783149348,-0.09740873010641847,0.0,-1.0692504437986683,3.8535062033331355,4.897839799950911,0.0,10.695121679810727,8.734844252548541
GES,PHL,AS3,0.00980805554827407,0.002731901236940538,0.007076154311333531,0.0042550463493888045,-0.006794204700518334,0.006854417849149239,0.00979699163767601,,,0,-0.43308474926122603,1.93124806713223,0.6931471805599453,-2.3719565084357264,5.2316744972604425,6.831980293965688,0.0,12.213609174416831,7.700452054329457
GET,AUS,SW1,0.0012892017696987722,0.01947378838013619,-0.018184586610437425,0.00505252286269256,-0.0066847897906148306,-0.0009319216156681861,0.0012877715234093465,,0.5603751049690036,1,-0.5611343109904382,0.0515887156129953,1.6094379124341003,-1.8849518962943415,3.8287294498494884,5.915629873956644,0.0,11.41705312718471,10.871826484872283
GEV,SWE,EU1,-0.02042000658730197,0.058241578531768416,-0.07866158511907038,0.020756485321071366,-0.03411747088125815,-0.03249220947540142,-0.02042000658730197,,0.5950827162286589,2,-0.4610468249320349,0.9003822632090995,0.6931471805599453,-1.9236770589274155,4.713694113829914,6.3277715604515405,0.0,11.059330474658509,10.804911375886864
GFF,AUS,SW1,-0.013712046926755678,-0.00950047079576679,-0.004211576130988883,-0.005507935256849429,0.0026102656462299004,-0.016653042776276446,-0.013712046926755678,,0.571252311914683,1,-0.4386916272756331,-0.11233240927742975,1.0986122886681098,-1.7819610500922791,3.4965246238379795,5.955540548772985,0.0,10.978643547390096,10.871826484872283
GFK,USA,NA1,0.0026746508443013886,-0.0023244362502862796,0.0049990870945876694,0.0206428679257886,-0.014706327263900388,0.00794646834031458,0.0026481236146286683,,0.5867310612013503,2,-0.1917823389655283,-0.3164664302210943,3.4011973816621555,-1.622515775806142,4.200003441853033,6.082184022585153,0.0,11.924008098529098,10.894689012037176
GGG,USA,NA1,0.0006830794054719963,-0.015166960362409804,0.015850039767881803,-0.0008843860211910123,-0.002096813043603601,-0.0043604128817048,0.0006830794054719963,,0.5626456850876217,1,-0.43919005936239247,-0.6134023996098393,0.0,-1.4863792950472383,3.5263605246161616,5.4116460518550396,0.0,10.523956507598088,10.894689012037176
GGT,BHS,LA1,0.008154280413449356,0.021326853215126722,-0.013172572801677378,-0.02151702181303039,0.010708911862370104,-0.0015421428555870656,0.03536204464904688,-0.03617586728935895,0.5821319519847575,1,-0.36678009305849674,0.5725763314305466,2.0794415416798357,-1.9194865191847015,3.7526101555129334,6.032888962366904,0.5408719896557298,11.50279431777077,10.420772350869472
GGW,USA,NA1,-0.0014439802967260288,0.01038186570464315,-0.011825846001369187,0.027846982728874092,-0.021913975834505973,0.002452195276832471,-0.0014439802967260288,,0.5744066970172117,1,-0.5910237081911158,0.27394248168139196,0.6931471805599453,-0.9969558890959294,2.9219928744126116,4.3694478524670215,0.0,9.36134324551271,10.894689012037176
GHA,DZA,AF1,-0.02927900870199686,-0.030851581799507328,0.0015725730975104503,-0.005392571776521231,0.0006718036621710562,-0.033318559609786566,-0.030853888664967265,,0.5617742448428557,1,-0.5264862769061168,-1.6538050859627615,1.6094379124341003,-2.136118625534214,4.1140405366655965,6.417351029263797,0.0,10.175497455593613,8.375456929632021
GHB,BHS,LA1,0.011355107526291909,-0.0002874745988859193,0.011642582125177828,0.010810705573242166,-0.010387914881854886,0.013097911512063215,0.0040617141296700795,0.05291702206819773,0.556915377831861,1,-0.5016847539711996,-0.3345307173143939,1.3862943611198906,-1.317296729485024,3.341601923561609,5.031261042022396,0.13402884224356368,11.065606580237674,10.420772350869472
GHE,PAN,LA2,,,,,,,,,0.5833017974527557,1,-0.7676409405084772,-1.122220302453677,0.6931471805599453,-1.6784387735246469,2.995732273553991,5.111987788356544,0.0,6.684611727667927,9.159851638232327
GHT,LBY,AF1,,,,,,,,,,0,-0.562069691555355,0.32299365433038574,0.6931471805599453,-1.7787955251845935,4.664245620817697,6.180016653652572,0.0,9.688126141663973,9.526096668898754
GIB,GIB,EU1,-0.007752351140514791,-0.009814752723789507,0.0020624015832747247,0.014025287383712535,-0.0042843870579424865,0.001465335672216182,,-0.007752351140514791,0.5693981665104701,1,-0.33868626468721913,0.3763422188956479,1.3862943611198906,-2.5976379318751532,5.002064545306617,7.199264475312594,1.0,12.43158538809308,
GIG,BRA,LA4,0.01413605274613038,0.007026170645567991,0.007109882100562388,-0.00024991833419184007,-0.0022057572155672837,0.011493861422664231,0.016656298919443827,0.0064818121116609175,0.5743253379859742,1,0.3213437408762685,-0.09017842942569404,4.189654742026425,-2.4261163710935096,5.0090032422226205,7.431265716644521,0.16466211757080668,15.92137893930037,8.987603389267655
GIL,PAK,AS1,-0.05607756908157369,-0.04858729546722885,-0.0074902736143448645,-0.002273090927434513,0.01123693631233417,-0.04696160701505382,-0.05607756908157369,,0.5795763421759048,1,-0.5045769836433027,-0.1703281557863779,0.0,-1.8282931384452539,3.8678005798355604,5.627621113690637,0.0,10.502433937697246,7.14310852796464
GIS,NZL,SW1,-0.013850359228427894,-0.021102204711622306,0.0072518454831944175,-0.0006003242010828938,-0.003806437424954674,-0.017579788765241362,-0.013850359228427894,,0.5563019240372855,1,-0.48825247159614127,0.3323484267778893,0.6931471805599453,-1.7140542422816059,3.0064107370401025,5.886931003285513,0.0,11.342801217631655,10.502717308818164
GIZ,SAU,ME1,-0.027121502736026728,-0.022274808584406246,-0.004846694151620486,-0.006902902859231159,0.011703670658250325,-0.021812505507552198,-0.02173635663229817,,,0,-0.41057926297040453,0.49975071676701627,2.1972245773362196,-2.2090315889117327,4.8659366928934125,6.764275051066059,0.0,13.199927940088388,9.96160515693424
GJA,HND,LA2,,,,,,,,,0.5626743269896741,2,-0.7612480501923669,-0.047187131265733886,0.0,-1.3264667754267345,3.2578588483638247,4.844187086458591,0.0,10.13618531665515,7.6658449958021375
GJL,DZA,AF1,-0.031093397224811754,-0.04076600325167486,0.009672606026863092,0.011114947503429186,-0.00822682026278874,-0.028990949394283753,-0.040636234832906445,,0.5846339184975069,1,-0.5445622799307599,-0.3884637541085834,0.0,-1.6580135247461147,4.117125598272541,5.468415309320224,0.0,9.814219084777946,8.375456929632021
GJT,USA,NA1,0.007959185237141779,-0.004183042290522373,0.012142227527664149,0.017531919694951936,-0.013850348150686352,0.011436782208768575,0.007959185237141779,,0.59323661168587,1,-0.1438337521049354,0.2867419974112907,3.6635616461296463,-1.7120779245674007,3.6834384816962107,6.062040778975388,0.0,12.395704913831565,10.894689012037176
GKA,PNG,SW1,0.015869379238202107,-0.001784487980859552,0.01765386721906167,-0.008372627291650442,0.022332810479843555,0.031443483851147744,0.015869379238202107,,0.5551673310379419,1,-0.5931148106908878,-0.786496703389373,1.791759469228055,-1.6097866276693518,3.098189746773977,5.764828875893671,0.0,10.844490409005417,
GLA,GBR,EU1,-0.023156080186121114,-0.012490714154463407,-0.010665366031657702,0.006081689954630222,0.0029050857284653874,-0.014473738884652669,-0.02080929152372849,-0.02550862791696964,0.6022716608836765,1,0.3244938729099442,0.43442631212206,4.605170185988092,-2.4538663066607502,4.775121668825431,7.099182646173233,0.3233819143378132,15.564337647653074,10.711795251008132
GLD,USA,NA1,,,,,,,,,0.5529600581566388,1,,,,,,,,,10.894689012037176
GLF,CRI,LA2,0.02710533445063655,0.048188450663166287,-0.02108311621252973,0.0002707615452398419,0.003082666145015711,0.029200385934916404,0.02710533445063655,,0.5661582437490504,1,-0.5304591164652879,0.10460473562253808,0.6931471805599453,-1.7679132876630839,2.553212643730696,5.187385805840755,0.0,9.680906343078094,9.188044812282184
GLH,USA,NA1,0.0325168548864953,-0.02709301748982293,0.05960987237631822,-0.028524367729704642,0.00375119606060859,0.014852464169338803,0.0325168548864953,,0.6715842454638214,3,-0.5088673829038673,-0.21060661207627251,1.6094379124341003,-1.3724008650592878,3.4978623052685327,5.278114659230517,0.0,10.13118073854891,10.894689012037176
GLT,AUS,SW1,0.02365214876613289,-0.02346311550870113,0.04711526427483402,0.003810926898789057,-0.044085346954778656,-0.016307051231104396,0.02365214876613289,,0.5590635595796483,1,-0.463579330574338,0.04198823099441378,1.791759469228055,-1.2617605258726272,3.4826543588036225,5.949141436489548,0.0,12.071237546306532,10.871826484872283
GLV,USA,NA1,-0.05025337439360404,-0.04199246505019828,-0.008260909343405742,0.02978586468074614,-0.02772504482891382,-0.04685674536005476,-0.05025337439360404,,,0,-0.7063258977013043,0.2642018815413452,1.791759469228055,-0.755377958322215,2.0902241409641418,3.7370584538099174,0.0,10.044596413496008,10.894689012037176
GMA,COD,AF3,0.008172098227784778,-0.007076285085572643,0.015248383313357386,-0.039760158915409675,0.006973414527530785,-0.022325727699060563,0.008172098227784778,,0.5773156453926336,1,-0.6139919046715752,-0.1307192556934888,0.6931471805599453,-1.6398639600269609,4.570273444314864,6.509596800969566,0.0,9.620129451564402,5.9334040464695645
GMB,ETH,AF4,-0.03187783912945823,-0.03941211850997625,0.007534279380518034,0.022670389133505706,-0.02213832302667656,-0.03294152152273315,-0.03187783912945823,,,0,-0.5116250343568977,1.0907155450394626,1.0986122886681098,-1.7768532384835296,3.9512437185814275,5.463442590585165,0.0,9.229358377811945,
GMR,PYF,SW1,-0.04762865759669796,-0.036245023064582244,-0.011383634532115728,0.0016698252742779918,0.008575252749384595,-0.03775599697588318,-0.04762865759669796,,,0,-0.5676327053554957,0.7392551795094378,0.6931471805599453,-2.497612367940167,4.140116311784725,7.402451520818244,0.0,8.509564164251746,9.982692936106211
GNB,FRA,EU1,,,,,,,,,0.649190383447694,2,-0.23934270933045973,0.14125987221401656,3.1354942159291497,-2.5875949767387674,5.1543774114329635,6.793721771816167,1.0,12.394310002753432,10.500183536717612
GND,GRD,LA1,0.0003321618445878273,-0.006514511266031762,0.006846673110619594,0.01394764809632404,-0.01028391702064822,0.0032071920327571258,,0.0003321618445878273,0.7103590877168583,3,-0.1809187338012643,-0.20244260206826048,3.044522437723423,-2.0794494391873832,4.201234419651436,6.3442935847442135,1.0,12.734300960223964,
GNM,BRA,LA4,,,,,,,,,,0,,,,,,,,,8.987603389267655
GNV,USA,NA1,-0.00546265501251748,-0.004708113843764203,-0.0007545411687532692,-0.007542056663829377,0.015106879646756489,0.002358001461586314,-0.00546265501251748,,0.6466722841892492,2,-0.13146174093246416,-0.42179995083923005,3.8501476017100584,-1.9146384161228147,3.891018068030165,6.251504636150242,0.0,12.415980996710763,10.894689012037176
GOA,ITA,EU1,-0.004034484222792179,-0.01513231434114362,0.011097830118351446,0.008401987701191986,-0.00780182192617831,-0.004001633167741276,-0.009482288427148267,0.006433495266149991,0.5701748993260866,1,-0.19542892593852307,0.19864295042492905,3.044522437723423,-2.0847748649858673,4.535909575195242,6.2589861972696275,0.29978611805656113,13.896392605601143,10.438808040299792
GOH,GRL,NA1,0.0019053490268976687,-0.005052656938141616,0.006958005965039283,0.0014500116177331322,-0.0006391301653629266,0.0024794274716292775,0.001355008325370406,,0.5601129521033728,2,-0.4715024014202976,0.6413146261804442,2.1972245773362196,-1.5004057529954065,3.8722125987891776,5.871142366807269,0.028582788980403295,11.385376144023253,10.594053288134592
GOI,IND,AS1,-0.018106129941061234,-0.018099215019121533,-6.914921939700535e-06,0.009349628904415567,-0.0023060401869697874,-0.011426550729883671,-0.02010280802383777,0.014804135202548207,0.6261805601495041,1,-0.08389973169182986,1.4541562016603542,3.2188758248682006,-2.4485734397227845,5.063897616218612,6.714419195449586,0.053687069878900595,14.351569331131119,6.97470991159236
GOJ,RUS,EU2,0.01211241495006945,0.024649482467778844,-0.012537067517709392,0.00782231150395708,-0.011260701486782092,0.008428543768983823,0.00612764172894517,0.025788871223218626,,0,-0.252055332218456,1.3059706444293908,2.833213344056216,-2.0957894442886182,4.537839729971847,6.85583688157996,0.2123832980124864,12.252517203772774,9.064204880368637
GOM,COD,AF3,-0.05414142177090975,-0.056190702518420996,0.0020492807475112015,-0.04746904789121813,0.0038303277180220187,-0.09634341898891267,-0.04512761622374298,,,0,-0.5148141920458886,-1.1127712620065924,1.6094379124341003,-1.7180995078599217,4.494156707084275,6.410706530058912,0.17203525903594719,10.326039184367792,5.9334040464695645
GOQ,CHN,AS4,-0.023928279727012246,-0.020848760361627385,-0.003079519365384843,0.013864496657094967,-0.0034868788809219887,-0.01413910490891934,-0.023928279727012246,,,0,-0.5485041659578264,1.9689933192381868,1.0986122886681098,-1.9496860513507095,4.838431867467886,5.817111159963204,0.0,10.302263672493496,8.391574866779688
GOT,SWE,EU1,-0.014670542498574312,-0.012605013510097744,-0.0020655289884765624,-0.012153751302004686,0.0024863728064608553,-0.02397646198740276,-0.0028153804609681835,-0.019489147122209314,0.5908864482180607,1,0.048631268476665775,0.11235140393652482,3.9889840465642745,-1.7470298019446955,4.515997812218561,6.611474228336109,0.6871154756910842,14.83523078227041,10.804911375886864
GOU,CMR,AF3,,,,,,,,,0.5368578550227432,2,-0.5635329230336351,-0.18963400152633758,1.6094379124341003,-2.1184302402599746,4.940469026560222,6.219731890327896,0.17205678300779165,10.754599558385289,7.166830042594613
GOV,AUS,SW1,0.027505090399444623,-0.013369124223710293,0.04087421462315493,0.0014201761175860052,-0.042862970417685844,-0.011677668652231677,0.027505090399444623,,0.5557688988191005,2,-0.547355036573253,-0.5075504475814664,1.9459101490553132,-1.642607219381496,3.831799350453703,6.663343961464918,0.0,11.537061825320029,10.871826484872283
GPA,GRC,EU1,,,,,,,,,,0,-0.3112438417774475,2.604172796156826,2.1972245773362196,-2.6129441359641308,5.100796131935377,7.12768549546722,0.7465152297367063,10.564627936960987,10.08471240855404
GPI,COL,LA3,0.020678162381649698,0.012352671949723306,0.008325490431926395,0.03188792883512142,-0.01612074944725591,0.03529418968619943,0.012211561125171286,,0.606547844726935,2,-0.6036214259626094,-0.07968651888971723,0.6931471805599453,-1.3661304327812436,3.4657359027997265,5.236015026420567,0.0,9.65194452670022,8.506587672816924
GPS,ECU,LA3,-0.01310141452182561,-0.010252700621725867,-0.002848713900099741,-0.0015145711707290903,-0.007874891305967052,-0.022418413079834144,-0.01310141452182561,,,0,-0.4885802595102331,1.5922028861671138,1.0986122886681098,-2.310628059022892,5.0716389178675785,7.024021981553743,0.0,12.135542879339646,8.458568582904595
GPT,USA,NA1,0.00018534956273817964,0.008442192276241408,-0.008256842713503227,-0.0030472672294075097,0.0075322001621051585,0.004745161128738589,0.000224221844987909,,0.6843417073270546,2,0.11141772067861454,1.1997954234095891,4.48863636973214,-2.022753369311758,4.251111483628482,6.484770897567325,0.0,13.293979501660916,10.894689012037176
GPZ,USA,NA1,,,,,,,,,,0,,,,,,,,,10.894689012037176
GRB,USA,NA1,-0.0117287489972993,-0.0031499815242450714,-0.008578767473054224,-0.006562924229762516,0.006939581655123318,-0.011163289780169935,-0.0117287489972993,,0.6377651626573091,2,0.11965631857573387,0.03977704127485764,4.48863636973214,-1.7909081902908328,4.148999388988705,6.161396012656149,0.0,13.470433808470474,10.894689012037176
GRI,USA,NA1,0.05786078624366645,-0.0025336058564873636,0.06039439210015379,0.060026511508090234,-0.02859631101213196,0.09082682074057756,0.05774897471915084,,0.5355981312900238,1,-0.5380967203354452,-1.1658752514372501,1.0986122886681098,-1.524802775849224,2.9444389791664403,5.466370951544286,0.0,10.300080082140694,10.894689012037176
GRJ,ZAF,AF2,-0.021476814100016665,-0.015579449780709024,-0.0058973643193076415,-0.005237000376177406,0.0023404627733995594,-0.024417378279543607,-0.021476814100016665,,,0,-0.40485400618663053,0.7238959905117964,1.3862943611198906,-2.1704823393219494,4.369585406206709,6.849686842060981,0.0,12.934615927037107,8.681252452011616
GRO,ESP,EU1,0.014382716362962279,0.013492819780231473,0.0008898965827308019,0.0001811070531876889,-0.0006806949123868847,0.013879102316587292,,0.011590706995400983,,0,0.05521943476376203,6.03320957870188,4.2626798770413155,-2.6874122760094314,5.214974243961021,6.98626830435804,0.937792060215803,14.9014245636147,10.216062049970796
GRQ,NLD,EU1,-0.0369735871443016,-0.06454641167918646,0.027572824534884858,0.019732072041615242,0.0009556417265458319,-0.017834922687216342,,-0.032690028927900495,0.5568191138278327,1,-0.37462604660519866,0.855416078802511,1.3862943611198906,-1.9294703199777643,3.8743618598306533,6.029336373125176,0.4791136448471275,10.29109414234298,10.724269588094538
GRR,USA,NA1,-0.01091585257702361,-0.006835255002975691,-0.004080597574047919,0.0062929464101651915,-0.004680217592680459,-0.009661146402741686,-0.011413892969534776,,0.6283942647408725,2,0.2693525094400612,-0.37848357624649853,4.812184355372417,-1.8165802218597424,4.200057496191053,6.250224067338271,0.00010165442577956238,14.19114375320625,10.894689012037176
GRU,BRA,LA4,0.02289486596140148,0.02167536878891787,0.0012194971724836258,-0.009883381796904185,-0.00045915205853773596,0.01263052210204747,0.034933896808477916,0.006345349573823376,0.5731873842177639,1,0.5486360944522843,-0.13231462295977478,4.543294782270004,-2.3291156790612058,5.103924225680694,8.124065618082243,0.47632659050786863,16.330659837619077,8.987603389267655
GRV,RUS,EU2,-0.07704044058239322,-0.037828465171411245,-0.039211975410981995,0.012359537107785786,-0.012522320320909337,-0.0772734796242045,-0.07620161886246515,,,0,-0.6434687322791709,0.6337963499251477,0.0,-1.8235614306877996,4.307846769209801,7.305860032684009,0.0,10.366969964791599,9.064204880368637
GRW,PRT,EU1,-0.003420707750643156,-0.005738445771105275,0.002317738020462116,0.007705603634199644,-0.006595550038324979,-0.0032589668932883576,-0.003420707750643156,,0.5984065584330703,1,-0.5405721484288329,0.40230636253252144,1.791759469228055,-1.0979678305016545,4.1588830833596715,4.459642796872336,0.0,10.241101993736118,9.902465561885505
GRX,ESP,EU1,-0.0203854495225557,-0.012601282014779419,-0.007784167507776281,-0.005253857789371766,0.0021777258860547466,-0.023465610580205548,-0.013508661867247005,-0.04563628595683398,0.6038883421919834,1,-0.21667358802974063,1.1907544108352508,2.833213344056216,-2.4470577837043157,4.986021050868943,6.702134415206868,0.25242378975821717,13.81363580170645,10.216062049970796
GRY,ISL,EU1,,,,,,,,,0.6108566659152375,2,-0.7238584190321128,1.5986386714123402,0.0,-1.0760812898333476,3.1618983901256605,4.61512051684126,0.0,8.434897948689407,10.923369718717666
GRZ,AUT,EU1,0.0012292191491468248,0.003878657286741789,-0.002649438137594965,-0.003486270461166061,0.006697883943195995,0.004437335459769077,0.004811502037028305,0.000720638349843794,,0,-0.14177310033214008,0.5891058659757589,3.5263605246161616,-2.161395354775296,4.310966645672651,6.3518390109437615,0.7991746650260831,13.381240028751716,10.682097270561812
GSE,SWE,EU1,,,,,,,,,0.6305408925018463,1,-0.32604999528947504,3.985042189225169,2.4849066497880004,-2.7119498404622977,5.2276459776984,7.031079267574686,1.0,13.07735973530327,10.804911375886864
GSO,USA,NA1,-0.012015416595709283,-0.016084945208226606,0.0040695286125173175,-0.004897018309269039,0.006305869128364711,-0.010515589955443862,-0.012031620979616414,,0.6159585029627646,2,0.2999485333231237,-0.84221735751291,4.897839799950911,-1.942247105286876,4.078358305283516,6.520530937077752,0.0,14.267964208295242,10.894689012037176
GSP,USA,NA1,-0.008930340360080752,-0.011519944286168508,0.00258960392608776,0.000666472484580485,-0.005218577154633561,-0.013200324367808259,-0.008930340360080752,,0.6266312532379559,2,0.20829296248456902,-0.47795768734076,4.709530201312334,-1.8774351495831227,3.9973489213736,6.502344463640066,0.0,13.977010168132571,10.894689012037176
GST,USA,NA1,-0.008171215186260575,0.003127232464998918,-0.011298447651259508,-0.004692462573789244,0.019172682414012182,0.001194025766785272,-0.008171215186260575,,0.5904381412158515,1,-0.42098469656375503,-0.18938799924945543,1.6094379124341003,-0.9431964364579357,2.5412513440487645,4.205385595610015,0.0,9.957028319464158,10.894689012037176
GTE,AUS,SW1,0.013063139495670586,0.041726401323453184,-0.028663261827782588,-0.0023082695307516227,0.011712948834576064,0.019124747851670065,0.013063139495670586,,0.5506830005365073,2,-0.5793639846258978,-1.139558268062369,1.0986122886681098,-1.7654120504574666,3.1524510814869595,6.154820983213439,0.0,9.95484584481127,10.871826484872283
GTF,USA,NA1,0.022031774967569574,0.014956023931768064,0.0070757510358015144,-0.0022917080885503788,-0.002968871845984899,0.01664813195120704,0.02201432011911878,,0.5729200546228839,1,-0.1266144153949868,-0.27322381869941786,3.6888794541139363,-2.0192135154430026,4.123715532005576,6.659313786073256,0.0,12.594445849011473,10.894689012037176
GTO,IDN,AS3,-0.029926705509372452,-0.03773196297623983,0.007805257466867374,-0.002106480195789017,-0.010187602492550393,-0.04207655808441396,-0.029926705509372452,,,0,-0.44858772922558526,1.4989139424794877,1.3862943611198906,-2.201727545749991,4.945579226119097,6.545923730105889,0.0,11.635178495298064,7.764360911576746
GTR,USA,NA1,0.003682642068538835,0.001543851063412031,0.002138791005126803,-0.004052576504620466,0.002543026838543523,0.00211641848623623,0.003682642068538835,,0.7474244185809492,3,-0.3258752301814398,-1.0494476202519656,2.833213344056216,-1.5815343656823813,3.783016507401913,5.905361848054571,0.0,10.698739956033227,10.894689012037176
GUA,GTM,LA2,-0.007318841257008681,-0.00290570152430348,-0.004413139732705202,-3.9745700426759446e-05,5.7678372945460185e-05,-0.007289122073362341,-0.03679665156008056,-0.005874735905102358,0.6131753080152098,2,0.006910866406340265,-0.4833182535883015,3.828641396489095,-2.2822883302008625,4.751282160668703,7.313548548372715,0.9254901094394112,14.383813644668637,8.168423567117761
GUB,MEX,LA2,,,,,,,,,0.5498060233599986,2,,,,,,,,,9.19803449697713
GUC,USA,NA1,-0.01789782575595817,-0.01855476312028129,0.0006569373643231224,-0.010331610376255797,0.006710365386759156,-0.020929178040189653,-0.01789782575595817,,0.6041594511618256,2,-0.4026713860570706,-0.16147893522011905,1.6094379124341003,-2.009470650135709,4.019911255543299,6.272070754573446,0.0,11.17218011157584,10.894689012037176
GUM,GUM,SW1,-0.008741389489060029,-0.011144023647108158,0.0024026341580481326,-0.0010749827224253916,0.0008542116126704102,-0.008911720436530182,,-0.008780327283115105,0.5960866386768873,1,0.1994788471680869,-0.30686011668118746,3.713572066704308,-2.454651450820855,5.158449022941639,7.857452726757875,1.0,14.638434779883452,
GUR,PNG,SW1,-0.01732558560944434,0.0120126920554276,-0.029338277664871952,-0.0005900100951657379,0.012202250592387555,-0.004749045042682713,-0.01732558560944434,,0.5535368883792402,1,-0.6161673078473803,-0.2521659033692744,1.0986122886681098,-1.6386620221154657,3.955667889314794,5.800380370723083,0.0,10.587669666710424,
GUW,KAZ,AS2,-0.018648302092110096,-0.03379288391713735,0.015144581825027257,0.014618108468846924,0.0010534157977948261,-0.003557396645217894,-0.024670010093586547,-0.004086256669933052,0.5985492902473062,1,-0.28341277818936317,2.766314455406535,2.6390573296152584,-2.356932177124226,4.651146981005357,7.338645652778848,0.28410166320392466,12.815087935760364,8.99179572921663
GVA,CHE,EU1,-0.003259618124089773,-0.0031708491680889133,-8.876895600086026e-05,0.008217323961488582,-0.0008127199626691078,0.00391211270998392,-0.024057733159878775,-0.0011279532159228134,0.6162573979608332,2,0.3650279298920683,0.2772791650944452,4.770684624465665,-2.3617329203742656,4.821298098759952,6.871832321945384,0.8875301315181071,15.948355179368573,11.305337423201424
GVR,BRA,LA4,0.043139774302213815,0.04944623705535532,-0.006306462753141516,0.0005700093148802628,-0.01033237151089876,0.02674675963188979,0.043139774302213815,,0.648621842964948,2,-0.7550497608330077,-0.4595817410810156,0.6931471805599453,-1.0468531908255883,3.828641396489095,4.954576844333911,0.0,9.565213693968287,8.987603389267655
GWD,PAK,AS1,-0.06404531386754805,-0.0610704708100421,-0.002974843057505972,-0.01323324240439255,0.011897208007874329,-0.06416073600865692,-0.07641991929912452,-0.017725597456142075,0.5833475640698138,1,-0.4643728395700435,-0.3678345797411291,1.6094379124341003,-1.9606229745055683,3.8387018435149365,5.893663702480837,0.12312312312312312,10.37249068144828,7.14310852796464
GWL,IND,AS1,-0.04844197645571808,-0.06464338635102898,0.0162014098953109,0.024827658585903578,-0.010793766847888197,-0.0366574533316423,-0.04844197645571808,,,0,-0.47550285679005105,-1.037287631821337,0.6931471805599453,-1.611833547976407,3.828641396489095,5.915337921698701,0.0,10.378292138722905,6.97470991159236
GWT,DEU,EU1,0.036203018986104105,0.016276866563930507,0.019926152422173576,-0.003979287363882518,-0.004436602864106992,0.02827945539490578,0.03424291023422413,,0.5724615351699118,2,-0.37586906635226686,0.6929171053462478,2.0794415416798357,-2.0769576026681564,3.846090436269089,6.195895901863809,0.0,11.394119406204103,10.56082813498111
GWY,IRL,EU1,,,,,,,,,,0,-0.3566458470476425,1.3803578000500019,2.5649493574615367,-2.0845744924527323,4.137661922389335,5.966764844055499,0.6637823368663577,12.499603828534282,10.875207217259875
GXF,YEM,ME1,0.09181240193260118,0.10341982855166175,-0.011607426619060536,-0.03910744581034889,0.013444282468086361,0.06755593592884888,,0.035887468464399455,,0,-0.4374480987386631,0.202348391819873,1.3862943611198906,-2.347618693641722,5.0369526024136295,6.541077099017998,0.29080118694362017,10.857035532765991,7.7123323607144
GYA,BOL,LA3,0.03715194923615484,0.08728762023437209,-0.05013567099821724,-0.0053524485858532115,0.003948038713478774,0.038510367208376445,0.03715194923615484,,0.570386581335043,2,-0.8214807997592575,-1.3620950478900118,0.6931471805599453,-1.686150108706238,2.9444389791664403,6.1070228877422545,0.0,9.430599768110529,7.733432810667066
GYE,ECU,LA3,0.006399434033421856,0.01291112529103879,-0.006511691257616933,-0.002970767942003006,0.008243646578111313,0.011448029034326426,0.012381047149867024,-0.0008138247822127323,0.5644400714455269,1,-0.03501771974479986,0.633595921587197,3.1780538303479458,-2.160770157630065,4.921217288148366,7.4640241384703625,0.34105496387642104,14.81470500860616,8.458568582904595
GYL,AUS,SW1,-0.0018463113239724064,0.010870017925564078,-0.012716329249536536,0.028110889974445497,-0.005081018540378444,0.020516370170933107,-0.0018463113239724064,,0.5863347419822,2,-0.5815018895323334,0.09260273712608522,0.6931471805599453,-2.2678012096690185,4.605170185988092,7.000238957169136,0.0,9.259130536145614,10.871826484872283
GYM,MEX,LA2,,,,,,,,,0.5519755317027744,2,-0.5431004527979709,-2.2510210067407215,0.0,-1.8286549365037386,3.6109179126442243,6.421622267806518,1.0,9.474549088242322,9.19803449697713
GYN,BRA,LA4,0.023393585709002067,0.019572205386210777,0.0038213803227912847,0.0013227731973610435,-0.0067112107481666124,0.017714279403695115,0.023417826320968654,,0.5545226029440234,1,-0.27265082578715877,0.13850319798891184,3.1354942159291497,-2.2448841992317705,4.856770355207818,6.3495137460402225,0.0,13.900819987462574,8.987603389267655
GYY,USA,NA1,,,,,,,,,0.6549315848507433,2,-0.4138340403250299,2.4734390179196075,1.791759469228055,-2.730550566966637,5.166833843575593,7.618238280290363,0.0,10.574005615035713,10.894689012037176
GZO,SLB,SW1,0.0011603172492168864,-0.01029758821994691,0.0114579054691638,0.001951218111423964,0.0029948011947302754,0.008498946684705388,0.0011603172492168864,,0.6044946274100909,2,-0.7044241908396359,-0.6154619348174607,1.0986122886681098,-1.7238178643183313,2.8903717578961645,5.589444256373195,0.0,9.788076701024801,7.512198677091754
GZT,TUR,EU1,0.009988463505864064,0.011562388968830346,-0.0015739254629662735,-0.0031511990688227577,-3.0821866534856526e-05,0.006972916940702003,0.013333458497079797,-0.024480639278279367,0.6042426597713357,1,-0.3791597552579272,1.272600391978216,1.791759469228055,-2.422676387502039,5.036647245086639,6.755399420682113,0.09556315923422787,12.776006447775737,9.04517480014172
HAA,NOR,EU1,-0.009517420598518747,-0.008487488507993479,-0.0010299320905252706,0.0021348698377133928,-0.0006740775893987914,-0.008133956477343416,-0.009517420598518747,,0.5840030569960911,1,-0.565401563167888,0.22046675321146542,2.0794415416798357,-1.1032646797943182,3.6635616461296463,4.700316846864736,0.0,9.98432994038023,11.24000991778092
HAC,JPN,AS4,-0.016846187692263648,-0.012541109024670042,-0.004305078667593605,0.0031166997853215054,0.0022409765748095563,-0.011821295638301931,-0.016846187692263648,,0.549868787486647,1,-0.5579072441983026,-0.01904943524330289,0.6931471805599453,-1.8644600914405431,4.980699751952056,5.530591509636357,0.0,12.26894415297218,10.433822702828955
HAD,SWE,EU1,-0.008883251467671698,0.0238069615098947,-0.0326902129775664,-0.009943294034459742,0.0018606101267913495,-0.01702347784483774,-0.008904138440012716,,0.6148376440526244,2,-0.4576980518707208,-0.760914152766176,0.0,-1.923072569749992,4.103459900774628,6.095824562432225,0.0,11.394434678917609,10.804911375886864
HAH,COM,AF4,-0.0027608292679508185,-0.05350983162654932,0.05074900235859849,0.019385191123526255,-0.002662752040637961,0.013482155951458831,,0.013768720087114689,0.6306657499692292,2,-0.268204142966658,0.2652080549106032,2.833213344056216,-2.2388400209629724,4.296007450773299,7.147362751428513,0.8542286479809315,11.652287327324048,7.100601499068937
HAJ,DEU,EU1,-0.010887976942317324,-0.008961678741623447,-0.0019262982006938707,-0.007894363222950392,0.00034601628074962633,-0.01817343607015413,0.0015426792522425393,-0.016230150227013587,,0,0.29217329863121694,0.2510207419519919,4.736198448394496,-2.439173646254774,4.686139292522424,6.959760757536611,0.7248669478053497,15.159277825875678,10.56082813498111
HAK,CHN,AS4,-0.004729825765820132,-0.00017687516984433277,-0.0045529505959757965,0.00022880224658204093,0.00014522814984444839,-0.004463270058629964,-0.00442527763672174,-0.010022825980552225,0.6008470778333219,1,0.016045760765084117,0.8110392157726742,3.9512437185814275,-2.4535255015510717,5.002319436329827,6.995533383578697,0.06156816379732519,15.211009675035726,8.391574866779688
HAM,DEU,EU1,-0.004513278247815595,-0.0035604272955031564,-0.0009528509523124404,-0.004342361284104751,-0.002863148017636155,-0.011521068628108278,0.002379972871429383,-0.009708746082357743,0.5714345470028447,1,0.4401880600299936,0.28061939171982875,4.955827057601261,-2.338749858453926,4.751054077639777,6.913807067937459,0.5637837592197186,16.041673140788358,10.56082813498111
HAN,VNM,AS3,-0.005461405722114147,-0.00323225258047302,-0.0022291531416411253,-0.0008912685469103578,-0.0020307913778909183,-0.008227317899382384,0.0021352277638532298,-0.012486582921902804,0.5997800364498247,1,0.07959950445115177,1.0879438128365373,3.4011973816621555,-2.3662766623427762,5.217129197294273,7.358637267696147,0.5375292443442208,15.225021809185192,7.489383297681163
HAQ,MDV,AS1,0.016069543024900036,0.0024962613069448927,0.013573281717955134,-0.019010746554523065,0.0030228797304820126,0.0015772651804238419,0.00822039914546963,,,0,-0.5284755351474684,1.9896910522638394,0.0,-1.8007898048399562,3.1041423797630983,5.655991810819852,0.0,10.540170196114946,
HAS,SAU,ME1,-0.05503129973928928,-0.041634869897594545,-0.013396429841694738,0.0019647198626462207,0.0010055809814216966,-0.051888163140964574,-0.052324128070397144,,,0,-0.41581953199030947,0.11444403648603703,2.302585092994046,-1.918413538118017,4.650780697240144,6.356211834410933,0.0,12.70212163053312,9.96160515693424
HAU,NOR,EU1,0.016694739388037498,0.001784120867655811,0.014910618520381693,0.012703084263394606,-0.01032636710365398,0.01835537490326275,0.007190445871917087,0.06295042442367034,0.6083353814915669,2,-0.38148686043400176,0.04169292153405871,2.1972245773362196,-2.0278188425744874,4.539482586421215,5.907861174502892,0.12007950736612362,12.717560050270823,11.24000991778092
HAV,CUB,LA1,-0.017654689819412792,-0.019929302375230128,0.0022746125558173345,0.0012043611955908267,-0.0015079254564840101,-0.018010062008111304,-0.04003015692454938,-0.01363498009166194,0.5755361820665776,1,0.09707433527521431,0.45129048780918307,3.9318256327243257,-2.4510536892825634,4.982974450570163,8.25683351493806,0.7984885859402847,14.339577329524598,8.734844252548541
HBA,AUS,SW1,0.015081330281101875,0.005613657919533502,0.009467672361568364,-0.00388702427251387,-0.008190575568076636,0.003131799387995514,0.015082488086026314,,0.5823815417510838,2,-0.3263108112195676,-0.2672278054385409,1.3862943611198906,-2.32804525981081,4.857492756839287,6.756614900429395,0.0,13.810615597167509,10.871826484872283
HBT,LKA,ME1,,,,,,,,,,0,-0.5252987368125225,-1.3078227456783953,0.0,-1.725773765998994,4.624972813284271,5.840641657373398,0.0,8.595264726836392,7.853039069377382
HCR,USA,NA1,-0.026898611746969874,-0.03748185423975335,0.010583242492783465,0.00014186530071433513,-0.00156864769687993,-0.028922954020492102,-0.026898611746969874,,0.5861651985858796,1,-0.7230274875501046,0.08495454704721568,1.3862943611198906,-0.8230857334482501,1.8132818591619102,4.1074237341525865,0.0,9.505395198757377,10.894689012037176
HDD,PAK,AS1,,,,,,,,,,0,,,,,,,,,7.14310852796464
HDF,DEU,EU1,,,,,,,,,,0,-0.6954178752376219,-1.0206507471983979,0.6931471805599453,-1.6597748615566124,3.4339872044851463,5.750453993965348,0.0,7.528331766707247,10.56082813498111
HDN,USA,NA1,-0.023318254891882786,-0.042120325220291625,0.018802070328408832,-0.018293342921752505,0.011675125841439824,-0.030018269112794094,-0.023318254891882786,,0.5576992358331665,1,-0.15301220481850566,0.10737734276379896,3.4965075614664802,-2.2574051938933013,4.326258540413544,6.803605875607899,0.0,12.236849152670022,10.894689012037176
HDS,ZAF,AF2,-0.02359306803997338,-0.01989162036748345,-0.0037014476724899293,-0.011267988402882321,0.01586517976308604,-0.019062007214366187,-0.02359306803997338,,,0,-0.4637951355925374,0.5669853422699558,0.0,-1.8465268664218841,3.912023005428146,5.814130531825066,0.0,10.505067539570582,8.681252452011616
HDY,THA,AS3,-0.007682403674355532,0.0029609085331003607,-0.010643312207455895,-0.006795927022293388,0.007385118614381606,-0.006598339531111457,-0.00323235765955618,,,0,-0.28709897527157957,0.2546868711665854,1.6094379124341003,-2.31345806563024,5.074533987628695,6.661078758951869,0.07190679107997036,13.764166735984437,8.468143081239914
HEH,MMR,AS3,-0.07983790055762008,-0.08236138609369989,0.0025234855360798626,-0.0020310626574009047,0.0010053721382110967,-0.08050090089955676,-0.0798382388896511,,0.5636318145813645,1,-0.5501381740142026,1.5192301497570389,2.0794415416798357,-1.6668235902499253,4.086399812228887,5.640238037072407,0.0,12.634703998670178,
HEK,CHN,AS4,0.041495232431659555,-0.025734355302882372,0.06722958773454192,-0.00546212218676824,-0.031653922658047555,0.005953824887080655,0.041495232431659555,,0.591924468567335,1,-0.5589310729656495,1.5417336572196014,1.6094379124341003,-1.6820913320922228,3.8951786355332247,6.253828811575473,0.0,9.792332503169966,8.391574866779688
HEL,FIN,EU1,-0.007959220048344803,-0.00634321284601033,-0.0016160072023344734,-0.0007099142555596918,-0.0013717068165828923,-0.0100568255637202,-0.006918871211100725,-0.007293195375605742,0.5969339113632498,1,0.48153193544799694,0.29870283909762113,4.836281906951478,-2.2550108109487708,4.659507376365912,7.402675790678145,0.7204006580751302,16.025706201664974,10.741031351305583
HER,GRC,EU1,-0.012372113514060167,-0.004920572447684469,-0.0074515410663756965,-0.0016838226981126885,0.001337944931558519,-0.012714784023607102,-0.016039209368068966,-0.03062542493648769,0.6612713754011212,2,0.06441164116624178,1.1435834353752736,4.219507705176107,-2.6018857907204374,4.9957751245557835,7.171801890977006,0.5336358403497733,14.37678611058506,10.08471240855404
HET,CHN,AS4,-0.0007319297502118936,-0.0081939162236629,0.007461986473451,-0.002085171564026801,-0.0036765467793527153,-0.00613125115826708,-0.0004477950401348741,,0.6119029742817237,1,-0.13882240854792272,2.058864579699412,3.6109179126442243,-2.2259525935956,4.516310876869454,6.7175822501026925,0.00417222729507621,13.945626123287628,8.391574866779688
HFA,ISR,ME1,,,,,,,,,0.5971277094718985,3,-0.6965621225314892,-1.4806937781382423,0.6931471805599453,-1.691554490462945,3.9117164450333477,5.255370018584259,0.0,9.476236852356042,10.376709835655385
HFE,CHN,AS4,0.014153528807272518,0.008647711533243127,0.005505817274029404,-0.002060148473829359,-0.004108075675876802,0.008191887113488602,0.014308270958056578,0.04867983129394214,,0,-0.15151700831442327,1.1798608765747394,3.4965075614664802,-2.3438637939893234,4.821796608030138,6.787742161594877,0.011407114730951753,14.259909799704193,8.391574866779688
HFN,ISL,EU1,,,,,,,,,0.5951150398996075,2,,,,,,,,,10.923369718717666
HFS,SWE,EU1,0.002385097682017805,0.0023850976820178203,-1.356236258779818e-17,0.0017812608149390236,-0.0011954201210450108,0.002941780018898078,0.002385097682017805,,0.6236792119268058,2,-0.49072415264680846,0.33582267505241736,0.6931471805599453,-1.336023378486567,2.9444389791664403,4.941642422609304,0.0,9.418329675518715,10.804911375886864
HFT,NOR,EU1,-0.006031470733761705,-0.005192736829201717,-0.0008387339045599904,-0.0032262647841892872,0.002868351179196123,-0.006007839990609537,-0.006031470733761705,,0.5821467834154259,1,-0.5366067854966238,0.26375032096327783,2.3978952727983707,-1.3877091979183014,3.6635616461296463,5.106860166820122,0.0,12.082038864606726,11.24000991778092
HGA,SOM,AF4,-0.024245722229577903,-0.01271768429294029,-0.011528037936637606,-0.0602638527101742,0.035426780038802175,-0.04415823339962338,-0.0074276240790192485,-0.033534884547439976,,0,-0.41482295214056064,2.149315266311286,2.0794415416798357,-1.968266160992136,4.366121928242038,6.0928372447703945,0.6571275400796487,11.268864665400631,
HGD,AUS,SW1,,,,,,,,,0.566667296239647,1,-0.6940349434489816,-0.2649618544659726,1.3862943611198906,-1.1668726060183299,2.8903717578961645,5.376062031466586,0.0,8.636574948436317,10.871826484872283
HGH,CHN,AS4,6.50026755268121e-05,0.0012522493498491256,-0.0011872466743223142,-0.0019476125621812634,-0.0014767240478582798,-0.0031378128914619735,0.000241272901795401,-0.001318726410876053,,0,0.05589800305093601,2.0855145304618388,4.04305126783455,-2.3853930294753902,4.940127371079994,7.001908379708638,0.10197868232765037,15.901804443618284,8.391574866779688
HGL,DEU,EU1,,,,,,,,,0.5659544714998179,1,,,,-1.4286063763424086,2.1972245773362196,4.26419995281362,0.0,9.581834960513193,10.56082813498111
HGN,THA,AS3,-0.022343697640167873,0.05439949382640458,-0.07674319146657246,-0.005603714732331823,0.0050120345933743985,-0.027641308753485805,-0.022343697640167873,,0.5850063743990641,1,-0.41198443999487855,-0.7203428551725882,0.6931471805599453,-1.4275782788012288,4.181190732925891,4.884267704261113,0.0,11.17787222110243,8.468143081239914
HGR,USA,NA1,,,,,,,,,,0,-0.554632778028157,-2.0609260411460815,0.0,-1.5108551684824143,2.9444389791664403,5.438079308923196,0.0,9.092907275084087,10.894689012037176
HGU,PNG,SW1,0.0020446575329471943,-0.009705457199855903,0.011750114732803097,-0.002508874768706957,0.007839824641848597,0.007977143662317226,0.0020446575329471943,,0.637370879770666,3,-0.5519977702139928,-0.5842604637036614,2.3978952727983707,-1.8575797324618633,3.6897783927354784,6.023267899164928,0.0,11.659136134751824,
HHH,USA,NA1,-0.00626689167248346,0.006717031522799391,-0.01298392319528284,-0.001130992620492564,0.019035596755744753,0.012359479441223946,-0.00626689167248346,,0.6369983578311509,2,-0.3457885765111837,0.1274384066082809,2.4849066497880004,-1.7483648879677476,3.801158786854094,5.863323728655763,0.0,12.026126265768678,10.894689012037176
HHN,DEU,EU1,-0.006015577386887509,0.000244273262913125,-0.006259850649800631,0.0028550684484644233,0.050649542561111024,0.04618516921726316,,-0.010436367459391901,0.6407189908592923,1,-0.06975170191416281,7.948971625602707,4.007333185232471,-2.1736590891295573,5.147886558533307,6.931319951007746,1.0,14.815904910064589,10.56082813498111
HHQ,THA,AS3,,,,,,,,,,0,-0.434294186184795,-0.8343736094062684,0.0,-1.7385452843643638,2.4849066497880004,4.976733742420574,0.0,9.612600349135398,8.468143081239914
HIB,USA,NA1,-0.020334628009709137,-0.02308260967655574,0.002747981666846596,0.030346473134700118,-0.019828728481841907,-0.011052604396967645,-0.020334628009709137,,0.5587609912179443,1,-0.48391500707284574,0.08785504530930809,1.0986122886681098,-1.4769170056927825,3.4965075614664802,5.442854103294164,0.0,10.774446134412141,10.894689012037176
HID,AUS,SW1,-0.02529423816784236,-0.09718503149069097,0.07189079332284856,0.02669921958483883,-0.03598373831266886,-0.03419387162515873,-0.02529423816784236,,0.5749157828542217,1,-0.5037530007181894,1.3745789668651407,2.70805020110221,-1.6205148436985215,2.6533444083356326,6.1483455458802885,0.0,11.405451606664995,10.871826484872283
HIJ,JPN,AS4,0.002297158877062564,-0.0024572265444470077,0.004754385421509573,-0.004920447525172685,-0.0026193527853767026,-0.005087927050825168,0.004094285073202107,-0.010849624425263906,0.5682551290940602,1,-0.14406127835212565,0.07267546797690395,2.772588722239781,-2.1380479823089806,5.39569551482744,6.690883056956393,0.13740669393219213,14.51260394201107,10.433822702828955
HIL,ETH,AF4,,,,,,,,,,0,-0.5140777354152746,-0.6623524077207358,1.0986122886681098,-1.3759727839766935,3.9512437185814275,4.836281906951478,0.0,7.902487437162855,
HIN,KOR,AS4,0.0034715314522809344,0.003029472462173303,0.0004420589901076307,0.0005273816745393715,-0.0004133512221260489,0.0035452965849245084,0.003186711352086796,,0.5314703358954667,1,-0.5045348044758747,-1.0245750921756993,0.6931471805599453,-1.9267006443207606,5.013342623413168,5.673064372471579,0.0,12.080662472066644,10.102000858470229
HIR,SLB,SW1,-0.006416563358133139,-0.007628779814583805,0.0012122164564506628,0.002608407409147076,-0.0008390559666398607,-0.0038167386765307148,-0.004382578343292502,-0.007530064070782506,0.5830381248214886,2,-0.31613972784118044,-0.10778299705877564,2.70805020110221,-2.2278989882948177,3.6192239373590223,7.134181633648604,0.6758281297151745,11.769403207041348,7.512198677091754
HJR,IND,AS1,0.013399764234791313,0.0014900374111840315,0.011909726823607272,-0.0027980430351732134,-0.011289319370019455,0.0002499547897866763,0.013399764234791313,,,0,-0.40861996467254513,0.22396822263781285,1.0986122886681098,-1.9457038020466637,4.945138333400267,5.778741388875188,0.0,11.450922393528495,6.97470991159236
HKD,JPN,AS4,-0.02265322207416095,-0.029987730836557966,0.007334508762397017,0.004440508639502379,0.0029213452021743737,-0.015304409108224969,-0.022724766686407678,-0.006522953962384361,,0,-0.2851954809322912,-0.45830358206899824,1.9459101490553132,-2.1763597937353256,5.203377588519778,6.59018637397627,0.03408258247184209,13.858592077833391,10.433822702828955
HKG,HKG,AS4,-0.005626973015286302,-0.004795728075988498,-0.000831244939297804,-5.9200868644226876e-05,-0.0001358418470346753,-0.005795929039152334,,-0.005626973015286302,,0,0.9192027209787564,0.3278254207739833,4.948759890378168,-2.1175664552792197,5.409494895204778,8.070124734177629,1.0,17.298950871185056,10.501545892062753
HKK,NZL,SW1,-0.011532569000214736,0.007400676904052773,-0.01893324590426751,7.05752375648106e-18,0.010434455071895157,-0.0037892839953610007,-0.011532569000214736,,0.5591490434241017,1,-0.5946741563740333,0.41448335620029275,0.0,-1.4380276067198416,2.9444389791664403,5.017279836814924,0.0,10.252311759930146,10.502717308818164
HKN,PNG,SW1,-0.0568660925951774,-0.027155574847621523,-0.029710517747555884,0.028971099739074985,0.0032497047583268475,-0.023643002704105767,-0.0568660925951774,,0.5708046176279788,2,-0.5866294488957248,-0.4624297719054821,1.791759469228055,-1.7178154304186368,3.9042691197209782,5.670011355272568,0.0,11.373353004642214,
HKT,THA,AS3,-0.007277377088055501,-0.005614775910832592,-0.0016626011772229088,0.00687214256753684,-0.0014419920242105108,-0.0021712053602765138,-0.011434463681286535,0.00010692798853299563,0.599076124028459,1,0.1673269266630493,0.4344594877223748,3.7612001156935624,-2.41270017614566,5.274479132340819,7.124912863575232,0.3507924970932455,15.069880235011889,8.468143081239914
HLD,CHN,AS4,0.010253872542862096,-0.00016965389049787734,0.010423526433359967,0.004608155500459866,-0.0041432805061749995,0.0107153019335381,0.013019918435104654,-0.008678789939277858,0.6064707804355705,1,-0.335904125448638,1.409265249012393,2.3978952727983707,-2.280971570039558,4.689891498102296,6.917016208621851,0.08546920745801018,11.956020277658746,8.391574866779688
HLN,USA,NA1,0.019712782282086824,0.0035217874255341203,0.016190994856552707,0.0035995995822912553,-0.006896265791831138,0.01676801780231093,0.019712782282086824,,,0,-0.1543791183586498,-0.006908606640673532,3.713572066704308,-1.8215453689521428,3.7790349349017758,6.447518635463799,0.0,11.978224293979844,10.894689012037176
HLP,IDN,AS3,,,,,,,,,0.5816334437381646,1,,,,,,,,,7.764360911576746
HLZ,NZL,SW1,-0.006876359999360874,-0.0007824226976853064,-0.006093937301675569,0.00029020628201560737,-0.0022078985652329965,-0.009116113638934652,-0.009439651690076552,,0.6507717364167147,2,-0.34005236435610336,0.051480642631384105,2.302585092994046,-2.386100006321291,3.9280930270144507,6.70397805625165,0.2117192555094584,12.661203724653157,10.502717308818164
HME,DZA,AF1,-0.021285390636620032,-0.016281186070880922,-0.005004204565739107,0.006068559958291128,-0.005892244681720873,-0.02109396789945068,-0.015712914459671334,,0.6250468945031629,1,-0.3126579141383211,1.3368394773423586,1.9459101490553132,-2.442718497981029,4.885075430483706,7.0915448382098205,0.4446042005401846,11.910613745122227,8.375456929632021
HMO,MEX,LA2,-0.021113024511400208,-0.010402490602721855,-0.01071053390867836,0.004410549313407584,-0.0008625067400694673,-0.017785458143681328,-0.023316231484637566,0.012128137177653818,0.5740750624972735,1,-0.16716326150411523,0.03396896115283457,3.4965075614664802,-2.1935730799383757,4.387957259916088,6.87303265652557,0.08141565088679015,13.972616011003598,9.19803449697713
HMV,SWE,EU1,0.017671618988192715,0.009172332432727495,0.008499286555465233,-0.02320032678239659,0.01149321440764805,0.008297206672964031,0.017671618988192715,,0.6095524323762582,1,-0.4790226816222084,2.7916369172104756,1.0986122886681098,-2.0359647022916416,3.912023005428146,6.016249776588653,0.0,9.667765219015058,10.804911375886864
HNA,JPN,AS4,0.002380379957655181,0.014993680576893037,-0.012613300619237856,-0.00134895534347112,0.009216127384430528,0.010031869100703557,0.002988507840262666,,0.5659852752362683,1,-0.37272476381369485,-0.1872829324147874,1.791759469228055,-2.143123740082803,4.942911824429984,6.459075138500345,0.0,12.805409021660529,10.433822702828955
HND,JPN,AS4,0.001031071635206556,-0.00034296971405207034,0.001374041349258626,-0.004155739297014944,-0.003721830668591061,-0.006775465590277961,0.0029359759007889165,0.011416322774919375,0.778528512827743,3,0.3537148359853847,0.23387125120977637,3.9318256327243257,-2.1224637988179005,5.483259640452913,6.652570379642012,0.027606690065821286,17.483918135884938,10.433822702828955
HNL,USA,NA1,-0.015152581475103875,-0.01301428421826998,-0.002138297256833897,0.006042946577741274,-0.0009935170562536855,-0.010269635146034527,-0.01764046987513434,-0.006202287678014024,0.5969309540583168,2,0.5521196647660629,-0.48743178026703027,4.2626798770413155,-2.4042000090860407,4.849580398548382,7.980867413121588,0.1878543711832957,16.460920311003537,10.894689012037176
HNM,USA,NA1,-0.02592638066764013,-0.0212687135428401,-0.004657667124800036,-0.014165654492697872,0.012059734344685888,-0.0279252096004003,-0.02592638066764013,,0.5641756695471275,1,-0.48227538404956527,-0.5363522684227592,1.0986122886681098,-1.3350007855096993,2.1972245773362196,4.695083960795172,0.0,10.12635106464302,10.894689012037176
HNS,USA,NA1,0.013838027348960839,-0.005698167291112286,0.019536194640073095,0.002411788429210996,-0.0019164102997631237,0.014118911447096767,0.013838027348960839,,0.5681719376888372,1,-0.6869186461261406,-0.31931299676896174,1.0986122886681098,-1.1282296087584016,1.8086347808581733,4.323745816835954,0.0,10.571906494871117,10.894689012037176
HOB,USA,NA1,0.02934271936009157,0.02453831671427046,0.004804402645821108,0.06742715938548673,-0.02540878362997654,0.07174884053791454,0.02934271936009157,,0.633839331698872,3,-0.5493284054718786,-0.7842453868310999,1.3862943611198906,-1.2058726356524927,2.6695058760623285,4.696493864861125,0.0,9.17678358844734,10.894689012037176
HOD,YEM,ME1,,,,,,,,,0.5630400980150336,1,-0.43872092477012253,-0.4782692164709011,1.3862943611198906,-2.1643672997389087,5.124764427697018,6.461402330317562,0.24923987838054087,10.531936199157137,7.7123323607144
HOE,LAO,AS3,,,,,,,,,,0,-0.670973939339301,0.6237896339337188,0.6931471805599453,-1.9953755805711355,4.248495242049359,5.677302475042638,0.0,9.298351249298896,7.170954560494024
HOF,SAU,ME1,-0.03192232810148609,-0.0348058941772681,0.0028835660757820284,0.024256791493960077,-0.0025289504737235403,-0.020217561985756347,-0.032289948810567216,,,0,-0.47695050836827524,-0.21413774982101377,0.6931471805599453,-1.6132341578391718,4.615415145758273,5.700523768372908,0.0,9.739379125161532,9.96160515693424
HOG,CUB,LA1,-0.027310433508192164,-0.02174670998666399,-0.005563723521528181,0.012315586277761697,-0.000696416045761992,-0.016018009887473206,-0.04007951730645597,-0.00107032300678183,0.5812838236265409,1,-0.19568511379816036,0.9046705989270042,2.70805020110221,-2.5324572708600503,4.725547882928165,7.6696809938103225,0.3228829697481017,12.242525107532487,8.734844252548541
HOI,PYF,SW1,-0.0047355237182607965,0.016229176594241702,-0.020964700312502495,-0.010197205120421288,0.012677369010465376,-0.002415759844385513,-0.0047355237182607965,,,0,-0.5463380964225492,1.2920954821965884,1.6094379124341003,-2.2728963773760213,4.048614228123375,6.5277946383538055,0.0,9.428511581663834,9.982692936106211
HOM,USA,NA1,-0.013629780254719124,0.0012929798540000461,-0.01492276010871917,0.0005391283663593549,-0.00506543882442752,-0.02021368710481435,-0.013629780254719124,,,0,-0.4795581412261576,-0.006124584507896703,1.6094379124341003,-1.3596739509493603,2.711386651548154,5.136719298102732,0.0,11.225976457094276,10.894689012037176
HON,USA,NA1,,,,,,,,,0.5503156338402853,1,-0.4685311613244469,-0.4810427023861631,1.0986122886681098,-1.7992166635980738,3.2164423107174986,6.011386773047636,0.0,10.265697151973335,10.894689012037176
HOQ,DEU,EU1,,,,,,,,,,0,-0.3436507555807177,-0.5263924760598861,0.0,-1.8840213191558592,3.9889840465642745,5.459585514144159,0.0,10.705578820085252,10.56082813498111
HOR,PRT,EU1,-0.005089107998017777,0.0033861786216949916,-0.008475286619712762,0.0030714070131484224,0.004169707910013122,0.0018739227830780502,-0.005089107998017777,,,0,-0.44280680605165995,0.3494354115575728,2.1972245773362196,-2.4088538567671516,4.30953486605559,6.645792338304855,0.0,12.057131704748477,9.902465561885505
HOT,USA,NA1,,,,,,,,,0.5630878483226476,1,-0.4452175896106293,-0.42928360198503857,1.3862943611198906,-1.6296464207518977,2.9444389791664403,5.697093486505405,0.0,10.126791091051704,10.894689012037176
HOU,USA,NA1,-0.0030240458736150383,-0.0032918660592718106,0.0002678201856567703,0.0004899151988605801,0.0012833880333976192,-0.0013606970173739357,0.00034957253072452485,,0.7175455008640285,3,0.30100338751613165,-0.0727017245135273,4.6443908991413725,-2.3745412065330496,4.843263395725806,6.841158693281326,0.0,15.803672809875835,10.894689012037176
HOV,NOR,EU1,0.027136671573729416,0.0271366715737294,1.6255341602276664e-17,0.008575058196540196,-0.004957966315578287,0.030387382926737788,0.027136671573729416,,0.5720833050234972,1,-0.5107793750788311,-0.14986428222042655,1.0986122886681098,-1.5952192738483622,3.6635616461296463,5.430181365077632,0.0,10.801634680173994,11.24000991778092
HPA,TON,SW1,,,,,,,,,,0,-0.6326678821983093,0.25625732793126493,0.6931471805599453,-1.6370794973554617,2.8074179532014316,5.14332166037815,0.0,9.668081624649718,8.206827880199734
HPB,USA,NA1,0.020009656444744846,0.001027949629848345,0.018981706814896505,0.025948452978509128,-0.03343960438554208,0.012186581595397771,0.020009656444744846,,0.5803168949957294,1,-0.7375139081816433,-0.4968408434589167,1.0986122886681098,-0.5206278527110618,1.5725444846965257,4.120175722021652,0.0,9.311903687385623,10.894689012037176
HPH,VNM,AS3,0.0258946826861838,0.0324994108377146,-0.006604728151530806,0.0019126414554672575,-0.0023382529723720707,0.025688721666151246,0.02931026305460767,,,0,-0.4635775161796674,0.4674572795648364,0.6931471805599453,-2.5215867575945157,5.012707220248151,7.003692110418232,0.02424600827912478,11.384319067480007,7.489383297681163
HPN,USA,NA1,-0.010148044721667967,-0.00715885601464916,-0.002989188707018817,0.0002628803797747463,-2.1087285057110874e-05,-0.009810896744251778,-0.009948210484613891,,0.5742337461377628,1,0.09607050739846484,-0.15353477194169604,4.442651256490317,-2.2391728189665523,4.118245504441064,7.099171103359118,0.016883826769204288,14.09656219759784,10.894689012037176
HRB,CHN,AS4,0.0043066571655991995,0.0041348288700008866,0.00017182829559831187,0.00018679131930811403,-0.001256057434838238,0.0032715420137771622,0.004785839183575972,-0.007166162368731663,,0,0.02010223908093909,0.9681440576895303,3.9318256327243257,-2.474518359495252,4.968262701072956,7.164913693251195,0.06915798396890263,14.869447604546409,8.391574866779688
HRE,ZWE,AF2,-0.01795269062570066,-0.02688274592452298,0.008930055298822324,-0.0029807982459399388,-0.0017655569861817072,-0.022781831353017153,-0.04654746211851621,-0.013382786386620096,0.5752158793498945,2,-0.09663960684415868,-0.5975587651418934,3.1780538303479458,-2.1009836420721375,4.640105375637996,7.361347747428654,0.8771224091637853,13.33945344329109,6.894873020449412
HRG,EGY,AF1,0.027092647817878,0.025266319906413252,0.0018263279114647437,0.0008738845747319336,0.0030206435593975144,0.03095813164867048,0.027379417975028457,0.028903873875386274,0.5928343011715584,1,-0.0442154283243348,0.2148336900710849,3.784189633918261,-2.6293177783131685,5.1507644706471085,7.759740111962689,0.6800412137565144,13.462654028877466,7.97317803761651
HRK,UKR,EU2,-0.0067373686289040145,-0.00011404201913193233,-0.006623326609772074,0.0074733868188279215,-0.008667122736216122,-0.008317017549354457,-0.018087493334082258,-0.006895346891050726,,0,-0.3632138104319175,1.340843489402947,2.3978952727983707,-1.7803259025708902,4.019839181169138,6.546260140209629,0.5667965127063624,11.58821844900566,7.82338661381434
HRL,USA,NA1,0.0011815180368245884,0.008342068675148525,-0.007160550638323939,0.0075970328085870715,0.02326297121984852,0.030725442711320387,0.0011769040541348978,,0.5978245875992243,1,-0.002448984801722279,-0.08386054278578588,4.143134726391533,-1.885646524080345,4.5756471978766085,6.23137976061597,0.0,13.403848287048124,10.894689012037176
HRO,USA,NA1,,,,,,,,,0.56449172122121,1,-0.4452175896106293,-0.22231357560663134,1.3862943611198906,-1.534992495038101,2.9444389791664403,5.487296267234955,0.0,10.004056607457823,10.894689012037176
HSL,USA,NA1,0.004721000231894928,0.006575607598762592,-0.001854607366867663,-0.004016132563490558,-0.002050739895653479,-0.001130265727235475,0.004721000231894928,,,0,-0.5326925329962344,-0.0261794058142244,1.9459101490553132,-1.195575780927839,2.191331541242909,5.29165088173317,0.0,9.48774481001683,10.894689012037176
HSV,USA,NA1,-0.005298642212636923,-0.013739448069636978,0.00844080585700006,-0.003667019694616841,-0.0056430113210757665,-0.014133765251148416,-0.005298642212636923,,0.6632635800167677,2,0.22844280503743944,-0.08070142383667796,4.762173934797756,-1.8541070003927898,4.048478741731841,6.558089739124583,0.0,13.665550086937422,10.894689012037176
HTA,RUS,AS4,0.041752775808748505,0.02487588758353379,0.016876888225214725,0.05308465762347281,-0.0075727219983662795,0.08611863399848184,0.05857026782445095,-0.012528470493879756,0.5704593921827211,2,-0.42460066205400815,-1.24449423204581,2.1972245773362196,-2.232651731442526,4.752809647541915,7.617764211462294,0.2730302626316491,10.86870177302495,9.064204880368637
HTI,AUS,SW1,0.01662730983047671,0.0038455534387437144,0.012781756391733004,0.002161307061656498,-0.004942304942601103,0.01363943966566075,0.01662730983047671,,0.5570192480192176,1,-0.363955560274726,-0.5819239158619255,1.6094379124341003,-2.677215157096585,4.854730044853967,7.203555101911113,0.0,12.746808466102086,10.871826484872283
HTN,CHN,AS4,-0.003343624559241001,0.008864712484105901,-0.012208337043346887,-0.0005524907762433312,0.0014485283110935332,-0.0024640356248879502,-0.003343624559241001,,0.5954741994501549,1,-0.5897395025279336,1.4761123097713855,0.0,-2.344016994733448,5.014807369832756,6.903747257584598,0.0,11.289569391074695,8.391574866779688
HTO,USA,NA1,,,,,,,,,,0,,,,,,,,,10.894689012037176
HTS,USA,NA1,0.03518192268208656,0.013441661819262558,0.021740260862824004,0.030440524028260425,-0.025149021408203617,0.03799406983052678,0.03518192268208656,,0.6013154275340682,1,-0.35074276978607977,-0.3330161809530651,2.3978952727983707,-1.8215833663982113,3.817767697360609,6.181539774694415,0.0,11.506223053910553,10.894689012037176
HUH,PYF,SW1,-0.0008210438726590711,-0.0015333987249835635,0.0007123548523244929,0.0004866522408614368,-0.0005017447040661704,-0.000825357032273872,-0.0008210438726590711,,,0,-0.5205227164216417,-0.06286475195657136,1.791759469228055,-1.306969725055777,4.1721470001264205,4.6997460952113235,0.0,11.868359639472828,9.982692936106211
HUI,VNM,AS3,0.00484188366211249,0.0008527316571938538,0.003989152004918638,0.00154596078628432,-0.0005674540724608252,0.006231831697656559,0.004927099505174149,,,0,-0.4290161536298019,1.5341661705232013,0.6931471805599453,-2.3015695711436206,4.952165676176244,6.378913880930106,0.0,12.701488140836599,7.489383297681163
HUN,TWN,AS4,-0.03037208579257511,-0.004434442128484201,-0.0259376436640909,0.001982741665337318,0.001183557784607331,-0.026789568631718254,-0.027046607908763228,,0.5648222866242765,2,-0.4413544883139918,-0.630760551574929,1.3862943611198906,-1.4190809670617208,4.7187583352440345,4.904843482101523,0.0009895412531224289,13.198664941874256,
HUQ,LBY,AF1,,,,,,,,,,0,,,,,,,,,9.526096668898754
HUS,USA,NA1,0.006940664775871237,-0.0002940596958626661,0.007234724471733904,-0.0002589211815822787,-0.010226937646095162,-0.003214974693497426,0.006940664775871237,,0.5733489568278044,1,-0.5627502438092551,-0.6204005077360943,1.0986122886681098,-1.679240143515899,1.8816586056528486,5.4695470988566095,0.0,8.474703139795285,10.894689012037176
HUX,MEX,LA2,0.016447957585370557,0.010622045458508516,0.005825912126862046,-0.00945053580276428,0.0033783663428567264,0.011230363351054979,0.012715312227280505,0.013308403182996472,0.5820360769559569,1,-0.3313783121602525,-0.7717711711112188,1.3862943611198906,-2.2924954960721324,4.578619569125142,6.893690677592051,0.10606291202409465,11.734796206605758,9.19803449697713
HUY,GBR,EU1,-0.017348987610345735,-0.008878805962448878,-0.008470181647896856,0.012658070528325141,0.0030703884570979735,-0.0022218149267290684,0.002912249455773841,-0.020724035003557316,0.6103554397202668,2,-0.35315648842668945,0.01129827176736776,1.6094379124341003,-1.8465926616239308,4.179653307124057,6.115915528420686,0.8933998745644132,12.60538888805146,10.711795251008132
HUZ,CHN,AS4,,,,,,,,,,0,,,,,,,,,8.391574866779688
HVB,AUS,SW1,0.006010536894168095,-0.01263982634780093,0.01865036324196903,-0.010292173805931244,-0.003916826949640923,-0.009563259889359771,0.006010536894168095,,0.6003258789378405,1,-0.4122737431749648,0.14956406138299566,0.6931471805599453,-2.1781959836187634,3.9489014484071974,6.684793903058027,0.0,11.728786563477719,10.871826484872283
HVG,NOR,EU1,-0.001324951835229051,-0.00030782841187944934,-0.0010171234233496023,0.0007197270400710644,0.00031679094829184626,-0.00029347293064534857,-0.001324951835229051,,0.5802575181082512,1,-0.5614726830061457,0.06149033762571549,2.0794415416798357,-0.9177836317703933,3.6635616461296463,4.442137132346576,0.0,10.783197284147283,11.24000991778092
HVN,USA,NA1,-0.012406302448740032,-0.0013838169091176969,-0.011022485539622335,-0.0026987850110089502,0.01314696066430597,-5.0525123852376266e-05,-0.012406302448740032,,0.5628854846543376,2,-0.42591482610218734,-1.1163154136893718,1.3862943611198906,-1.479197947137252,3.4725343543293357,5.571137955416214,0.0,11.220994378229033,10.894689012037176
HVR,USA,NA1,-0.012280012579534323,-0.043457727855526124,-0.013576774535643444,-0.015174647533337918,-0.0021517454742413984,-0.05713829660522843,-0.012280012579534323,,0.5753307876891157,1,-0.5905444802005078,0.3554505862733909,0.6931471805599453,-0.9349773984031527,2.538973871058276,5.117993812416755,0.0,9.38378935026654,10.894689012037176
HWN,ZWE,AF2,,,,,,,,,0.5429421892184796,1,-0.5810656332817111,-3.026076973541347,1.0986122886681098,-1.5198148050460185,4.0943445622221,5.451280705820697,0.0,8.914626127827137,6.894873020449412
HYA,USA,NA1,-0.009586796066601386,-0.0020785473811184697,-0.007508248685482921,-0.010426684214530238,0.004245319124518697,-0.016626137617002885,-0.009586796066601386,,0.5896403986495455,2,-0.4020773911663987,-0.5909143057137549,1.791759469228055,-1.0105153232973,2.251677757961496,4.147198920024958,0.0,11.885323156174174,10.894689012037176
HYD,IND,AS1,-0.003204163838574499,-0.004663943432911966,0.0014597795943374643,-0.0008832549127021361,-0.002910273885693427,-0.006806225912755123,-0.0029299969366651645,-0.001485172221946966,0.6263484167896408,1,0.08224213381300809,1.7677588141225884,3.7376696182833684,-2.394042358956101,4.923308785178901,7.026401108565024,0.13250350683517334,15.577433821478,6.97470991159236
HYN,CHN,AS4,0.024032585759748315,0.01731183196650373,0.0067207537932445814,0.010106083863355068,-0.007436553983439922,0.026340845958355362,0.024032585759748315,,0.596098941869373,1,-0.36517547561169267,1.5669701158340414,1.3862943611198906,-2.2867031221628076,4.883718367772554,6.647635559191325,0.0,12.375363841377686,8.391574866779688
HYS,USA,NA1,-0.033816041994226505,-0.019412364849267807,-0.014403677144958703,0.019306469563809433,-0.008246556708818692,-0.023757994989016117,-0.033816041994226505,,0.576901320663286,1,-0.4617418660780824,0.21208528800746662,1.0986122886681098,-1.725303947046777,2.9444389791664403,5.8821944331736935,0.0,10.12755068090972,10.894689012037176
HZG,CHN,AS4,,,,,,,,,,0,-0.6070162866130959,0.5827318942404949,0.0,-1.4111238096679892,3.4342465321795554,5.365206166673946,0.0,10.336989269338149,8.391574866779688
IAA,RUS,AS4,-0.02797329701287008,-0.0209461335879244,-0.007027163424945687,4.718754293592356e-05,-0.006771085573251701,-0.03481978909491845,-0.02797329701287008,,0.5897399137446551,1,-0.6395368526555677,0.18922123918304326,0.6931471805599453,-2.0391196539335636,3.9217865076959972,7.1654923199069245,0.0,8.990690709916228,9.064204880368637
IAD,USA,NA1,-0.006682031930994958,-0.00024057197968094246,-0.006441459951314017,0.0009439916908349671,0.0017569334516502116,-0.003989577073493072,-0.006683366078186607,-0.006583019258251076,0.5916762294712763,1,0.8584803638470603,0.3071848578439399,5.351858133476067,-2.3693477866634374,4.649797873794747,7.940079738890828,0.26430086330184743,16.734352391889793,10.894689012037176
IAH,USA,NA1,-0.01107314253385271,-0.008442321420271785,-0.0026308211135809252,0.0055607011891524285,0.001070349034294549,-0.004643118699074423,-0.012288094181065204,-0.006176815621156578,0.5937896746689557,1,0.9269999542204558,-0.07389869620808119,5.556828061699537,-2.3189287094846702,4.503174508241329,7.523090729873563,0.19014622970606718,17.10626333668606,10.894689012037176
IAM,DZA,AF1,-0.03240162849645047,-0.0286371472289874,-0.0037644812674630657,0.0008341483735562439,0.00017827620172387426,-0.031265886202342705,-0.03240162849645047,,,0,-0.4801170411300912,0.02611238563586089,2.3978952727983707,-2.2467055793700403,4.207673247529104,6.746937582638703,0.0,10.5356100312583,8.375456929632021
IAN,USA,NA1,-0.022485657661857172,-0.028293333575792022,0.005807675913934862,-0.0010100724866921595,0.008917930479136351,-0.013881557232113893,-0.022485657661857172,,,0,-0.7359103584494695,-0.6147014188109693,1.0986122886681098,-0.9230147679980659,1.9512663482558383,4.116085720174615,0.0,9.674828820533808,10.894689012037176
IAS,ROU,EU2,-0.034937073208968106,-0.02176294443262397,-0.013174128776344139,-0.0036899887164858073,0.00401856463560986,-0.03422745255687615,-0.036656843194865826,-0.024264136691190444,0.6231585659806198,1,-0.4331728253614538,0.5140121218725715,1.0986122886681098,-1.8747844315161621,3.8962859743673204,6.250620126317703,0.3358418965590756,11.449048058581468,8.92051918100169
IBE,COL,LA3,0.0731260969945931,0.08979572445777079,-0.01666962746317767,0.0016432599803396098,0.005029610771018026,0.07975593749474602,0.0731260969945931,,,0,-0.5048551478922282,-0.31008403625097386,1.6094379124341003,-1.0712445827443005,3.754439526563686,4.804591345522584,0.0,11.239369809853347,8.506587672816924
IBZ,ESP,EU1,-0.01411631768955737,-0.01853584314003838,0.004419525450481009,0.005294559573754426,-0.005722084110059214,-0.014774249084554613,-0.01687486349488774,0.0394953960886643,0.6053181292174592,1,0.06811899255872954,0.8572114890881416,4.219507705176107,-2.4506434314068515,4.891359961439825,6.672985418286412,0.41920096496108,14.740549710568104,10.216062049970796
ICT,USA,NA1,-0.004768192279839635,-0.008558696073343874,0.003790503793504239,-0.0010726825278840777,-0.002634258925372393,-0.008363738547162663,-0.004765575428055777,,0.5876582821309344,1,0.25243211699562146,-0.2655167607455586,4.77912349311153,-2.0594811040215872,4.2487166762273265,6.8204754200578925,0.0,14.021297958915655,10.894689012037176
IDA,USA,NA1,-0.011756571092439251,-0.009319949405524986,-0.0024366216869142667,-0.007980970319826211,0.0008160815673868636,-0.01821414858619396,-0.011784709166701636,,0.610433324932335,1,-0.15651923650180938,-0.09634904643837947,3.6888794541139363,-1.7366074983413555,3.9741634111318076,6.258807571507066,0.0,12.404054274145249,10.894689012037176
IDR,IND,AS1,0.02192554074242795,0.022637682110580187,-0.0007121413681522372,-0.0013096492196991143,-0.006398759887350502,0.014960391798957917,0.022052592453743212,,,0,-0.3417144949832568,1.105391904428516,2.3978952727983707,-2.059467592478331,4.655097144520189,6.082328941169637,0.0,13.002687551550247,6.97470991159236
IEV,UKR,EU2,0.02254620747014625,-0.024234811064621626,0.030100725898788948,0.07923369487476417,-0.04306808400267577,0.03949366324672957,,0.021890041631374924,0.6524420910156626,3,-0.399123745400907,-0.4890680300791201,2.4849066497880004,-1.988702198481319,3.9014968022975687,6.694745017723378,0.21526344269194542,11.510863340251781,7.82338661381434
IFJ,ISL,EU1,0.02524287142076804,-0.004189039871920037,0.02943191129268807,0.0005359824920445815,-0.0245395336158198,0.0010990289650466868,0.02524287142076804,,0.6070156921527703,2,-0.886395671238729,0.13462009316753643,0.6931471805599453,-1.5192206419976197,3.7891912151899025,5.388334444518295,0.0,10.593805735252527,10.923369718717666
IFN,IRN,ME1,-0.02783287847742104,-0.028481836287780275,0.0006489578103592278,0.002533128042552363,-0.0025942491831804117,-0.027245356175580777,-0.01514662858176839,-0.06900603215934537,0.6109600363605927,1,-0.29943024867897344,0.4103195766812935,2.70805020110221,-1.805486871356458,4.840522866255919,6.137058610047336,0.10412174333880031,13.231926051613858,8.533994841936796
IFO,UKR,EU2,0.026642203002237238,0.05505891157937726,-0.02841670857713998,0.01792499462657998,-0.011112134908028414,0.03275346181482329,0.0055785021098626545,,0.545734679174422,1,-0.5012840846864075,1.1766185039076251,0.0,-1.7921956964512669,3.912023005428146,6.16541785423142,0.0,9.84161214881804,7.82338661381434
IFP,USA,NA1,,,,,,,,,0.6829181993197342,2,0.010921681981033902,-0.39443694822265385,4.343805421853684,-2.6517274161015836,5.081097936957829,7.448436522393189,0.0,11.181416888977894,10.894689012037176
IGA,BHS,LA1,0.006311761584587234,0.0035143297724218553,0.002797431812165376,0.011718095000974125,-0.0107090392928194,0.00693003725813776,0.006900641229937611,,,0,-0.5578474393520837,-0.00892574323724498,0.6931471805599453,-1.9799628170284376,3.9299741232155796,6.078476696274235,0.0,8.998878325435811,10.420772350869472
IGM,USA,NA1,,,,,,,,,,0,-0.451183610357479,0.7431164005495525,1.0986122886681098,-1.289936928884322,2.9444389791664403,5.0264581675187445,0.0,9.89141497130186,10.894689012037176
IGR,ARG,LA4,-0.001580217918690291,-0.0006597936219036549,-0.0009204242967866326,-0.0014265231247343737,-0.0039825291529671895,-0.006909305802068277,-0.002382008592092713,,0.6038656768153396,2,-0.4170799776649193,0.7159304431165117,0.6931471805599453,-2.3470872905514684,4.957465517307975,6.955800092362549,0.0,12.88406811648936,9.45812987103844
IGU,BRA,LA4,0.023584068218856027,0.019193489750441092,0.004390578468414939,-0.0017187287868162457,-0.0055270905132479235,0.01571192110635094,0.02361152148012586,,0.569922671028027,1,-0.3584706192292305,-0.20340527096068017,2.302585092994046,-2.412476759461042,4.974724461528176,6.681037391581401,0.0,13.144344023252026,8.987603389267655
IJK,RUS,EU2,,,,,,,,,,0,,,,,,,,,9.064204880368637
IKI,JPN,AS4,,,,,,,,,,0,,,,,,,,,10.433822702828955
IKS,RUS,AS4,0.010662148216782262,-0.01077583010979859,0.02143797832658085,0.014549276826134067,-0.013688088984290032,0.011625210704165216,0.010662148216782262,,,0,-0.6961200867195655,-0.1358562741986748,0.0,-2.016952177602407,3.912023005428146,6.974478911025045,0.0,8.66561319653451,9.064204880368637
IKT,RUS,AS4,-0.018904358623024333,-0.019174428692809786,0.00027007006978545494,-0.0014120073788107526,-0.01601009665608763,-0.036226850067197204,-0.020899615998606857,-0.004496098125913151,0.6461216846024769,2,-0.1349790277115629,-0.04074679700365683,3.4965075614664802,-2.053659979536749,4.906844038544944,8.062773517948203,0.11847493550459859,13.346508027451943,9.064204880368637
ILI,USA,NA1,0.054711812920079206,0.01335179685743914,0.031214825010597008,0.11033301065638924,-0.15532436184166562,0.006948997525957705,0.054711812920079206,,,0,,,,2.8266821275829015,1.1195301873297905,3.6635616461296463,0.0,7.828834527588089,10.894689012037176
ILM,USA,NA1,-0.006209513549453498,0.0034734621046871804,-0.00968297565414068,0.0034816697132618573,0.0013607760305952643,-0.0017040637222434795,-0.006188622662887904,,0.5963044686700487,1,0.10676769589066992,0.44073054575861137,4.48863636973214,-1.7833142171565375,4.167547082455907,6.14921961646814,0.0,13.153117581373296,10.894689012037176
ILO,PHL,AS3,0.0038551747415761393,-0.0028329454619704384,0.006688120203546581,0.003283557681494259,-0.010814602868452906,-0.003725958385956344,0.00339483647235588,,,0,-0.39318931756470205,0.4403866584776942,0.6931471805599453,-2.1233790383832356,4.940278423540216,6.014564599153112,0.0,13.369732700648447,7.700452054329457
ILP,NCL,SW1,-0.011663900211200257,-0.008479876201133284,-0.0031840240100669687,-3.5570521321268797e-17,0.0031840240100670276,-0.008763227800817409,-0.011663900211200257,,,0,,,,-0.8789125969544701,3.871201010907891,4.663439094112067,0.0,10.820098233221204,
ILQ,PER,LA3,,,,,,,,,,0,,,,,,,,,8.391128985115767
ILY,GBR,EU1,0.056067312195528414,0.04770143892782052,0.008365873267707883,0.0003785814025533575,0.0021976333007577053,0.05883336581776997,0.056067312195528414,,,0,-0.5186839081815419,-0.10405102947637161,0.0,-1.0403204423041938,3.5263605246161616,4.736198448394496,0.0,10.049922830765674,10.711795251008132
IMF,IND,AS1,-0.0239012539815344,-0.023880342108898812,-2.0911872635583778e-05,-0.006702303507562946,0.004438080157296429,-0.02594093568988804,-0.0239012539815344,,,0,-0.3459103371108969,1.9884161089860894,2.302585092994046,-2.008829647485478,4.829262599367485,5.6769171454366765,0.0,12.671148528352107,6.97470991159236
IMP,BRA,LA4,0.050930649634946853,0.04538949839908797,0.005541151235858881,-0.0025949465173953972,-0.0001846836582606201,0.048189906256139926,0.050930649634946853,,0.5903174545149457,3,-0.5596510855106027,0.49280582229616776,1.0986122886681098,-2.4144493198484556,4.964228571387007,6.710688832601396,0.0,12.228958749316874,8.987603389267655
IMT,USA,NA1,0.025565276560190243,-0.007080468287801045,0.0326457448479913,-0.0022159361222721164,0.002063709825656205,0.0325336170072645,0.025565276560190243,,0.5541019015669382,1,-0.548555026394023,-0.9616322137843554,1.0986122886681098,-1.5311139403149316,2.9444389791664403,5.410848921482022,0.0,10.079329830732325,10.894689012037176
INC,CHN,AS4,0.005208946039545423,-0.00122602101901293,0.006434967058558351,-0.0028778160802648885,-0.005478364735310662,-0.0027384758876750808,0.005912657778674889,,0.6141424999563498,1,-0.19052189979801193,2.3891136701779425,3.258096538021482,-2.3725505682551797,4.731316783071465,6.81994869168583,0.0,13.685732114209058,8.391574866779688
IND,USA,NA1,-0.015192409047836686,-0.009123841435836524,-0.006068567612000163,0.0004775373354992355,0.002282725926484432,-0.012605927467080644,-0.01529073371695087,-0.00675238341362365,0.7505007207246627,3,0.47378246858585116,-0.23310675936914071,5.075173815233827,-2.21422885678306,4.4700234036503455,6.899030716828871,0.00896858939594749,15.555253488870786,10.894689012037176
INL,USA,NA1,-0.017772675877913882,-0.01941288262080068,0.0016402067428868054,0.033621473477058884,-0.01999103469115237,-0.005323772721467914,-0.017772675877913882,,,0,-0.3493801140719871,0.5889205783400181,2.0794415416798357,-1.6318505475729967,3.6055957643916097,5.801777391652736,0.0,10.61771105869799,10.894689012037176
INN,AUT,EU1,0.0016989199783688075,-0.005077232663325577,0.0067761526416943805,0.007623057265332583,-0.0026324560489478974,0.006553860799395675,0.005037372936762461,-8.369751358274814e-05,0.6388239869582861,2,-0.13855250494366037,0.2596967364238669,3.367295829986474,-2.20175572507885,4.300352400189965,6.280216603600564,0.4773563370665145,12.880332579704968,10.682097270561812
INU,NRU,SW1,-0.007484236372794489,-0.006427561878146676,-0.0010566744946478267,0.011715254760987313,-0.0032592768658077226,0.0002716290920485838,,-0.007484236372794489,0.5637097912568058,2,-0.5099402090577406,-0.8807397476098361,1.3862943611198906,-2.365978076781907,4.912654885736052,6.904971747533514,1.0,10.088804618309881,
INV,GBR,EU1,-0.02222206299601754,-0.026866907223136872,0.004644844227119332,-0.0007150495329889907,-0.0025876883000141874,-0.02548195025795252,-0.018473866687728175,,,0,-0.23132499686448282,0.9680981380759387,2.995732273553991,-2.223199227122112,4.285312202569738,6.360547270179657,0.017579528674707023,13.28072517800305,10.711795251008132
INZ,DZA,AF1,-0.05966609141403036,-0.05827776396081499,-0.0013883274532154413,0.009332440666575487,-0.006318069153496912,-0.056917358414231844,-0.05966609141403036,,,0,-0.535365870590105,-0.8104875349225996,1.3862943611198906,-2.1879515503711877,4.020072211009901,6.665069601536186,0.0,9.069928218259438,8.375456929632021
IOA,GRC,EU1,0.023372215326250605,0.032653547724205145,-0.009281332397954539,-0.0014099783548165074,-0.0009644324947848515,0.021568320296246432,0.024075464681096167,,0.6211683781396968,2,-0.4410080522543768,0.2227701007705207,0.0,-1.8897964445808706,4.344690769410408,5.808142489980444,0.0,11.37377833356007,10.08471240855404
IOM,IMN,EU1,-0.01845340468214505,-0.020060854680334025,0.0016074499981889763,-0.004533114471392843,-0.000810639841769147,-0.024599379412318115,-0.018455169605754135,-0.01612358319135016,0.5662345676783402,1,-0.28022882154261014,0.19097071350710781,2.9444389791664403,-1.681739909404126,3.7945042669135858,5.561253475218734,0.053802030425975825,13.396346039980546,
IOS,BRA,LA4,0.005924112372108795,0.0036483392092782254,0.002275773162830569,-0.006525523209955651,-0.001348589490069678,-0.0014432029021151423,0.005924112372108795,,0.5574491985684576,1,-0.4037118884419735,0.5572113027278811,1.791759469228055,-2.336555086769098,4.946209012947513,6.520118503135292,0.0,12.748827076390185,8.987603389267655
IPC,CHL,LA4,-0.0028363440866701495,0.007938150102661341,-0.01077449418933148,-0.0006628241666218585,0.010212198739536583,0.006913002360769211,0.01194259395828652,-0.04721500737591295,,0,-0.44209967232547415,0.018170044238423583,0.6931471805599453,-2.390533027427964,5.366983619557156,8.263848369492987,0.26369355813319745,11.34333452885509,9.310307425489734
IPH,MYS,AS3,-0.045784506674818336,-0.02498632389336261,-0.020798182781455715,0.008749926474610497,-0.023270136823478033,-0.059468755479699306,,-0.0349617774334392,,0,-0.6280371810708886,-1.9517811788880997,0.6931471805599453,-1.9859928892260772,4.898301302920413,5.8922328926074785,0.4878498923408182,10.16615946198374,8.957973567306357
IPI,COL,LA3,,,,,,,,,0.5678503925903717,1,-0.5266193623971658,0.7839562274834787,1.3862943611198906,-1.277914944423988,3.518078580254652,5.20794585795877,0.0,9.452972775874239,8.506587672816924
IPL,USA,NA1,-0.027326072922076252,-0.016137379335586143,-0.011188693586490122,0.00010764751360894248,-0.0038111421928427856,-0.03219079075648408,-0.027326072922076252,,0.5859980214041418,2,-0.3868310143407671,-0.6839587545055391,0.6931471805599453,-1.3412012851320216,3.4011973816621555,5.2434630834891225,0.0,10.571316925111784,10.894689012037176
IPN,BRA,LA4,-0.02170330744821736,-0.0032443456029882193,-0.01845896184522913,0.005829461880932275,0.0007781317834726382,-0.010313143473568476,-0.02170330744821736,,,0,-0.5089671004932991,-0.27058577757279195,1.9459101490553132,-1.593309788663734,3.863059530786776,5.498070074107606,0.0,11.112985067504765,8.987603389267655
IPT,USA,NA1,-0.03203159421981529,-0.012771770645975213,-0.019259823573840075,-4.2340171288493004e-05,0.02127710614726904,-0.009130469911955706,-0.03203159421981529,,0.5837225358649919,1,-0.41555081047453235,-0.087652043304488,0.6931471805599453,-1.3404400688132028,3.676760202245988,5.337538079701318,0.0,11.135522894626948,10.894689012037176
IQM,CHN,AS4,,,,,,,,,0.5832605776473836,1,-0.6214462887749836,0.48038702088916,0.6931471805599453,-2.1984699119774787,4.248495242049359,5.996452088619021,0.0,8.892886141190731,8.391574866779688
IQQ,CHL,LA4,0.023266419614011567,0.022996585707780036,0.00026983390623152974,-0.0074855384597617555,0.002770989066338358,0.01882850218826454,0.021834607983113867,0.04636155526661667,0.5911715000867777,2,-0.38699069966852623,-0.06415549203293013,2.1972245773362196,-2.2397877402736706,4.854342051317826,6.509391603114184,0.06371478392288989,13.508685080881298,9.310307425489734
IQT,PER,LA3,0.00535005884209195,0.01148111764352092,-0.006131058801428967,-0.0018706417353782272,0.006766082392219616,0.010151538532430844,0.0072841964429780194,,0.5472183887110369,1,-0.4914038208240493,-0.5752688896656173,1.0986122886681098,-2.303634672666889,4.781355183657798,6.7494906564853,0.0,12.501373124090042,8.391128985115767
IRA,SLB,SW1,-0.019909602970538127,-0.029262048324132907,0.009352445353594783,-0.007242217616129515,0.010738331652485378,-0.013546892033912959,-0.019909602970538127,,0.6040046470048792,2,-0.7221423273520129,-0.0796913990452966,0.0,-1.701126387614,2.8903717578961645,5.5170219614830485,0.0,8.454892165218858,7.512198677091754
IRD,BGD,AS1,,,,,,,,,,0,,,,,,,,,6.715999232982851
IRJ,ARG,LA4,0.008466292333288838,0.0085039289834587,-3.763665016984566e-05,0.0021062604722969077,-0.0024625186831158316,0.007606195451541047,0.008341347842358793,,0.5657712797560794,2,-0.6907681160147742,-0.4501573328738049,0.6931471805599453,-2.3157259074924728,4.791868117381845,6.887435819461233,0.0,10.62667885444445,9.45812987103844
IRK,USA,NA1,,,,,,,,,0.5849591330903088,2,-0.5349973618816793,1.9117846582901283,1.0986122886681098,-1.3848819689961078,2.9444389791664403,5.163213724896464,0.0,9.88466144828608,10.894689012037176
IRP,COD,AF3,,,,,,,,,0.6003247817469451,1,,,,,,,,,5.9334040464695645
ISA,AUS,SW1,0.01810777677903469,-0.0026777330229018443,0.02078550980193653,0.005449415523505708,-0.034708058265092157,-0.010966581121294141,0.01810777677903469,,0.6371430688395753,3,-0.41982272803449705,-0.20712980392901828,2.772588722239781,-1.859218024785351,3.8150007353623727,7.017309799087012,0.0,11.698823950254525,10.871826484872283
ISB,PAK,AS1,-0.015754496164291622,-0.007980563851935072,-0.007773932312356548,0.0024026037193984003,-0.0009415981607891378,-0.01431286328010792,-0.020931671644864692,-0.010705065412991452,0.6215073895345731,2,0.13823519860629518,-0.05907612222241459,3.912023005428146,-2.329030013867373,5.147466092964233,7.70161317018336,0.4844866103107424,14.580549936233286,7.14310852796464
ISC,GBR,EU1,-0.03392422492268666,-0.04365881651094992,0.009734591588263283,-0.008074768765421474,0.0066383656743688076,-0.03557971912337783,-0.03392422492268666,,,0,-0.49447110150826257,0.4240366257277422,1.9459101490553132,-1.3035875788694298,2.979683075328708,4.5820903406780475,0.0,11.688818066915891,10.711795251008132
ISN,USA,NA1,0.04943084659113315,0.042619305988269976,0.006811540602863152,0.03624957194484434,-0.030321159630896048,0.05319996950268109,0.04943084659113315,,0.5530259503925197,1,-0.4594391763396056,-0.5344211435419891,0.6931471805599453,-1.2321723741922097,3.4011973816621555,5.111987788356544,0.0,10.216837371736487,10.894689012037176
ISP,USA,NA1,-0.028316493923974534,-0.023178437095755122,-0.005138056828219421,-0.007227508616786848,0.0037778580469620647,-0.03133722297387312,-0.027463313521266713,,0.5754734775133994,1,0.07223255021746902,0.8556255241171367,4.290459441148391,-2.4993646769465134,4.75057560355052,7.160426116650123,0.0,14.353025628587709,10.894689012037176
IST,TUR,EU1,0.0059080010306909155,0.00867891741824587,-0.002770916387554958,0.00011958894745637779,-0.002966365305616366,0.003050552689946783,0.006821983324701953,0.006591909175847835,0.5971331611704926,1,0.6534080480712301,0.656564975526337,5.10594547390058,-2.3655947023550703,5.015388221791624,7.394587495548486,0.6145499463911345,16.5189701717587,9.04517480014172
ITB,BRA,LA4,,,,,,,,,0.5591816764445645,2,-0.6613315713890514,-2.3191229823586843,1.0986122886681098,-1.3892293175339419,3.828641396489095,5.501258210544727,0.0,8.247482004285693,8.987603389267655
ITH,USA,NA1,-0.006123578871105347,-0.006292678054056837,0.00016909918295148982,-0.0010349884628687398,0.0040250927762369645,-0.00323851298392733,-0.006123578871105347,,0.570127459314418,2,-0.33488078351399203,-0.9764430858940283,2.772588722239781,-1.616781251334029,3.637520302228815,5.831618907318687,0.0,11.930569441997259,10.894689012037176
ITM,JPN,AS4,0.00013368282614357639,-0.0001821984333796224,0.00031588125952319857,-0.002649059872969746,-0.0013375312592628266,-0.0037419066798269796,0.00013401351563356622,,0.6205075580374324,2,-0.0002096561688977504,-0.07263878067682265,3.367295829986474,-1.9741839377872956,5.147132964224613,6.258522226613444,0.0,15.997188239519168,10.433822702828955
ITO,USA,NA1,-0.024585950551528537,-0.01891025603974745,-0.0056756945117811,-0.010817822366057172,0.008918812342225484,-0.026936287758038205,-0.024585950551528537,,0.63825493891974,3,-0.3624216021779635,-0.3756835475183173,2.0794415416798357,-1.945183792026375,4.494448357738151,6.136758307029823,0.0,14.049512542533312,10.894689012037176
IUE,NIU,SW1,-0.0026412123772449722,-0.0046802250902497735,0.0020390127130047774,0.00041003605069247486,-0.0022709693292106608,-0.004502886810858837,,-0.0026412123772449722,0.5883765794975206,2,-0.5239393859060736,0.3234123495066037,0.6931471805599453,-2.545194556344435,4.927527095958634,7.804369492611859,1.0,8.897819009510757,
IVC,NZL,SW1,-0.004189397277294796,0.003705912771531825,-0.007895310048826619,0.0019958220126282565,0.0008617050259834079,-0.002083061774775158,-0.004189397277294796,,0.5426568933383775,1,-0.5520565799230568,-0.5239208468453334,0.6931471805599453,-2.199436914482164,4.160359871851871,6.147222386706415,0.0,12.032052536175517,10.502717308818164
IVL,FIN,EU1,-0.009892607221466884,-0.00837313474094439,-0.0015194724805224825,0.010080430828283716,-0.008993039470267604,-0.009335986783597289,-0.008377798166550246,,0.6471529198985777,2,-0.3214825038018271,0.27223620661500036,1.6094379124341003,-2.3154718216410837,4.88995147669959,6.750261640763014,0.029619231444113003,11.356096200937209,10.741031351305583
IWD,USA,NA1,0.0025486791139069545,-0.014729013756117482,0.01727769287002444,-0.0052524879993864695,0.007467903955003941,0.007252253657710027,0.0025486791139069545,,0.5410679469069483,1,-0.5542403374335051,0.8246132373370925,0.6931471805599453,-1.2706186829701036,2.9444389791664403,4.897984897218155,0.0,9.523690191176541,10.894689012037176
IWJ,JPN,AS4,-0.007045150717747281,-0.0022475044298253173,-0.004797646287921952,-0.000856019018520756,0.004688682835127124,-0.003183778388512648,-0.007045150717747281,,0.5516000548683284,1,-0.580428601215959,-0.7141207479286009,0.6931471805599453,-2.1273116344092906,4.400603020246817,6.4636991980429315,0.0,10.993647554389254,10.433822702828955
IXA,IND,AS1,0.007365437878275889,0.011648571649828672,-0.004283133771552782,-0.0018944291532063113,-0.001898570734441253,0.003431852840825764,0.007365437878275889,,0.6041044427007416,1,-0.3889415202390331,1.3415060479103316,2.0794415416798357,-1.9625812260318085,4.78402787091429,5.691840523642483,0.0,12.671236456728222,6.97470991159236
IXB,IND,AS1,0.039551553622713814,0.03428067677773346,0.005270876844980363,-0.010227194972326093,-0.0012179592765538014,0.02882023757146321,0.0344449963772506,,,0,-0.41399651696981266,0.6862348356172637,1.0986122886681098,-2.328502188598326,4.911161323615142,6.407965202351123,0.0,12.487258664238253,6.97470991159236
IXC,IND,AS1,0.05484335567245234,0.03328958756890621,0.021553768103546124,0.04140471611734753,-0.03401029929120435,0.059767433226957586,0.05576131900568737,,0.6000954091119408,1,-0.40311552162734376,2.097201951496197,1.0986122886681098,-1.8305008943413739,4.557147551123234,5.706794016983582,0.0,11.942998629248443,6.97470991159236
IXD,IND,AS1,0.06291971350175855,0.0651967979879085,-0.0022770844861499957,-0.041133105745373814,0.008286008239101058,0.034392604005461035,0.06291971350175855,,,0,-0.4910619924241433,-0.009188426054406255,0.6931471805599453,-1.693485306624882,3.912023005428146,6.354370040797351,0.0,8.874867635688053,6.97470991159236
IXE,IND,AS1,0.016165132032893,0.007985634665574986,0.00817949736731802,0.019680389011167733,-0.014034744795989356,0.02076322797619004,0.009558610157567215,0.013697016762247117,,0,-0.30137809809490745,1.0021609357578856,2.4849066497880004,-2.3495040695315454,4.793145463025164,6.499962964675354,0.059924210486200925,12.947645638177105,6.97470991159236
IXI,IND,AS1,,,,,,,,,,0,-0.5267924588463334,1.455368037422853,0.6931471805599453,-1.9521388358836542,4.7033470662744925,5.641907070938114,0.0,10.212735402902469,6.97470991159236
IXJ,IND,AS1,-0.0032450700525396134,-0.010396099139404376,0.007151029086864762,0.023786165654537714,-0.01607160494260683,0.0032035363490527996,-0.0032450700525396134,,0.6072049451203347,1,-0.3356126941859413,1.2064352561867355,2.1972245773362196,-2.1175532540997803,4.91596397646099,5.924829696623283,0.0,13.336866507558941,6.97470991159236
IXL,IND,AS1,0.002724569904458185,0.0012926740563297917,0.0014318958481283933,0.006188114483971717,-0.0036646695780110906,0.0040161489963442005,0.002724569904458185,,,0,-0.44186193001249324,-0.11294858391543264,1.0986122886681098,-2.2870663435507748,4.975987891183314,6.324884415252418,0.0,11.677948257185854,6.97470991159236
IXM,IND,AS1,-0.02702694445712965,-0.02747760630498577,0.0004506618478561212,-0.003585744857589031,0.0007152028193633715,-0.029675642900635922,-0.03052026775557891,,0.6050134827482438,1,-0.38948326482543594,0.791347831320867,1.0986122886681098,-2.0401365268561635,4.473034870953435,6.005044463218967,0.0,12.590943813336589,6.97470991159236
IXR,IND,AS1,-0.011038075079600054,-0.01348609698361702,0.002448021904016962,0.02108221424049787,-0.014105500932487752,-0.004916091655534223,-0.011038075079600054,,0.6495734060388794,2,-0.3864149779355722,0.5470845295880814,1.791759469228055,-2.0333743889717417,4.4757755339112535,6.249148310043478,0.0,12.325099351951815,6.97470991159236
IXS,IND,AS1,-0.020447928683673115,-0.015438724465795778,-0.005009204217877335,0.0007509642452056075,-0.0063519640667229265,-0.025858617586804324,-0.020447928683673115,,0.5966748170186296,1,-0.5090576365491485,0.3428280183114358,1.3862943611198906,-1.6703925949831695,4.002508486774798,5.808095612737286,0.0,11.694621826370264,6.97470991159236
IXU,IND,AS1,0.035269282347631596,0.021608539614801216,0.013660742732830387,0.045163570930379614,-0.027602945894781898,0.0506362496799528,0.035269282347631596,,,0,-0.4085574892317888,0.3496864496488795,1.0986122886681098,-1.8882885886100562,4.537405361522339,5.648798584643106,0.0,11.844607676287078,6.97470991159236
IXZ,IND,AS1,-0.036560949107651335,-0.03485076903645912,-0.0017101800711922218,-0.0011609643490400005,0.0022848811110105435,-0.03507264805778042,-0.03655297747521644,,0.6110232852402181,1,-0.39001473730527747,2.459294819631394,1.0986122886681098,-2.635045517858627,5.079436224537234,7.194021204324507,0.0,13.06594116309123,6.97470991159236
IYK,USA,NA1,,,,,,,,,0.5653040531827154,1,-0.3767722942942771,-0.7215434934244269,0.0,-1.349333498973779,3.4011973816621555,5.278114659230517,0.0,10.289769841227518,10.894689012037176
IZO,JPN,AS4,-0.008089584204572352,-0.03465358275700702,0.026563998552434673,0.007902258868523436,-0.013130772774906914,-0.01240820192127831,-0.008028193714444999,,0.5618148565991623,1,-0.3374802454682736,-0.27641434099966133,1.6094379124341003,-2.221210394595143,5.442674245758315,6.4453068504982935,0.0015296866474212188,12.96885315910446,10.433822702828955
JAC,USA,NA1,-0.013232459124086894,-0.012497126661976787,-0.000735332462110111,-0.009572097816404713,0.006120255036898774,-0.016230164210930056,-0.013232459124086894,,,0,-0.043623143454688686,0.24877979807672676,3.912023005428146,-2.2446267322958784,4.660380653715985,6.857420951978168,0.0,12.858194685937187,10.894689012037176
JAI,IND,AS1,-0.026804487932611906,-0.02250730760720781,-0.0042971803254041,-0.001357003070296466,0.0008236160058720595,-0.02709948831472548,-0.03043382745516355,0.004182300088939559,,0,-0.17695967685787045,1.2638652712744105,3.1354942159291497,-2.5531626856284024,5.020107104122278,6.839928646865336,0.10046847838006433,13.922154449742555,6.97470991159236
JAN,USA,NA1,-0.010764414348263487,-0.008709252829755036,-0.002055161518508451,-0.0013655700854560977,-0.0025421363258915173,-0.014467330269987118,-0.010690485518597245,,0.596396968656743,1,0.2416725216624005,0.13215337308229289,4.762173934797756,-2.045613210115927,4.267104253921232,6.6418077883154645,0.0,13.920847573345972,10.894689012037176
JAV,GRL,NA1,-0.00019200753808774657,-0.010425284712220338,0.010233277174132593,0.010429922370001805,-0.015245844672917496,-0.004072467104213324,-0.003589853385300186,,0.6411944339124149,2,-0.6254618044380053,0.5474664791651964,1.9459101490553132,-1.2499871222246466,3.836097791274335,5.37737135102496,0.0,10.916124291196926,10.594053288134592
JAX,USA,NA1,-0.0115059739976451,-0.010795384982484682,-0.0007105890151604114,-0.0004441868108961817,0.00011684683464893695,-0.011657434461458609,-0.011920423682507397,,0.6209613742444757,2,0.3372481552583537,0.15983315629123648,4.8283137373023015,-2.2206817708563014,4.616138839028146,6.809235173906238,0.0,15.286488609946499,10.894689012037176
JBR,USA,NA1,,,,,,,,,,0,-0.45997824096983436,0.034121913069257125,0.6931471805599453,-1.6956488758892725,2.9444389791664403,5.860786223465865,0.0,9.38378935026654,10.894689012037176
JCB,BRA,LA4,,,,,,,,,,0,,,,,,,,,8.987603389267655
JCK,AUS,SW1,0.0017201265753590696,0.0019932067998270865,-0.0002730802244680175,-0.0002580943002973665,0.00026355106228767344,0.0017805886477366903,0.0017201265753590696,,0.5694786582178841,1,-0.6940349434489796,-0.2649618544659726,1.3862943611198906,-1.0635790635926994,2.8903717578961645,5.2424905220811695,0.0,8.636574948436317,10.871826484872283
JDF,BRA,LA4,,,,,,,,,0.5716937058497862,1,-0.6731828688101171,0.44281088649001377,1.3862943611198906,-1.9483212990810568,3.7676603319670505,5.999357322726428,0.0,10.874266469694353,8.987603389267655
JDH,IND,AS1,-0.027924909068920402,-0.010164421697132813,-0.01776048737178759,0.0028514134306397657,-0.002745370122981758,-0.02779470711075101,-0.02799571364527633,,,0,-0.3891887010594785,0.5300984163971717,2.0794415416798357,-2.1533986589455396,4.718400344273979,6.057180023713716,0.0,11.9977191796886,6.97470991159236
JDO,BRA,LA4,0.03733355445808072,0.03535712827477105,0.0019764261833096555,0.009236746776467583,-0.00199880514815581,0.09297688837031665,0.03733355445808072,,0.8066617821516067,3,-0.40962027074308865,-0.0809490805514623,2.0794415416798357,-2.151035103119074,4.846353142512815,6.258562076338252,0.0,11.211103899364726,8.987603389267655
JED,SAU,ME1,0.0028779129234727217,0.005883645355869249,-0.0030057324323965254,0.005120454827843344,-0.0026181149605114164,0.005203152786540279,-0.003005180733787355,0.008311339428894178,0.6368845108244214,2,0.5247298032104957,0.2809539293746702,4.859812404361672,-2.1712259214383107,5.2911368798293505,7.418663047518929,0.5175401092061179,16.03000875034591,9.96160515693424
JEG,GRL,NA1,0.016356890055992848,0.010507973514155786,0.005848916541837062,0.0022570974187817215,-0.006075775183894696,0.01338621529221945,0.016356890055992848,,0.6449970490691599,2,-0.6273051156547659,1.3700689800529893,1.9459101490553132,-1.085695994847744,3.828800839501843,5.083030518489629,0.0,10.53566317610459,10.594053288134592
JER,JEY,EU1,-0.004444620473998587,0.00933614125738107,-0.013780761731379657,-0.005695846279468929,0.0030897555550908696,-0.00666068660940947,-0.007054251922720013,0.11959264529525984,0.5807875667975595,2,-0.13409497078020222,0.013524540126409608,3.5553480614894135,-1.840412546608703,4.271847482778681,5.642569809208752,0.014078154079752386,14.078934261028456,
JFK,USA,NA1,-0.007140820603957449,-0.004108166303014872,-0.0030326543009425756,0.0008368548921116012,-0.0002826517866010716,-0.006588550704727577,-0.009360229598043836,-0.00462321053526654,0.6321147214859439,2,1.0731321399104867,0.05213375977724037,5.537334267018537,-2.2590495484221966,4.92932405367462,8.252441366907172,0.48012088807633446,17.285750178783665,10.894689012037176
JFR,GRL,NA1,0.04868212170675312,0.01105404228877849,0.03762807941797465,0.006707325207388856,0.0015643656764945486,0.06071769674479123,0.04868212170675312,,0.6144511128617249,2,-0.7083739457395344,0.3283842993211354,1.0986122886681098,-1.32449040362302,3.271036467867895,5.4083061668050645,0.0,8.512783482927537,10.594053288134592
JGA,IND,AS1,-0.045328383312688,-0.05242697761271261,0.007098594300024602,-0.00022679770348536457,0.0036084443504924226,-0.041751017718674246,-0.045328383312688,,0.6044628613850225,1,-0.4297352208747473,0.6931032351401496,0.0,-2.1098550327409678,4.548939701659241,6.173786103901937,0.0,11.122619868619887,6.97470991159236
JGN,CHN,AS4,0.030238820040801695,0.0006958520687470526,0.029542967972054624,0.027812151019637348,-0.01792275819372734,0.0382801859866988,0.030238820040801695,,,0,-0.38758695396498005,1.0402012170069754,1.6094379124341003,-2.2167500546768326,4.247789525718023,6.547950536879803,0.0,10.588148829445775,8.391574866779688
JGO,GRL,NA1,,,,,,,,,0.6323223976664734,2,-0.8761432300787002,-0.8506146130131975,0.6931471805599453,-0.804041836116303,3.0245804278916495,4.462907488999257,0.0,7.836764783264067,10.594053288134592
JGR,GRL,NA1,,,,,,,,,0.5786688172328571,1,-0.7291137258965653,-0.7378196206115378,0.6931471805599453,-1.0882343927326537,3.152989861684729,4.859064475891748,0.0,7.768110378525988,10.594053288134592
JHB,MYS,AS3,-0.0024966412769597056,-0.004489038949514886,0.0019923976725551833,-0.0023132189727819346,0.005455587993110978,0.00031181551349314504,-0.0016047640285957708,,0.6060073555421701,2,-0.2534936574705752,0.10019198800788287,2.5649493574615367,-2.3845513716971114,5.015103019515782,6.613638097418897,0.044594163709320095,13.78087356350304,8.957973567306357
JHG,CHN,AS4,-0.020915551054458248,-0.020618750779199876,-0.00029680027525836965,-0.0015001274275743184,0.0020593538283865433,-0.020399478194606736,-0.0201764745309823,,,0,-0.2629890487021262,1.322036161046848,2.302585092994046,-2.0424441489199614,4.8802899847176455,6.0035873063445555,0.010536210576607476,13.844857687319257,8.391574866779688
JHM,USA,NA1,-0.02592112880329392,-0.022568981564094162,-0.00335214723919977,-0.0003325131189928239,0.002700280975529295,-0.023733816615894982,-0.02592112880329392,,0.567790457053671,1,-0.46494244496053977,-0.7863475491598187,1.0986122886681098,-0.9762907909598549,3.3625929746399237,4.905144677218879,0.0,11.470915264813163,10.894689012037176
JHS,GRL,NA1,-0.003624958148165894,-0.004296990448983566,0.0006720323008176723,0.0007543440862235518,0.008697149744652693,0.004193939239325412,-0.0035755943932550714,,0.780967374313731,3,-0.6408214346872553,1.6847151850766682,1.6094379124341003,-1.2070058927449696,3.910953574592428,5.312278672915053,0.0,10.791337656778433,10.594053288134592
JHW,USA,NA1,-0.005181072487199947,-0.011921056506073799,0.006739984018873855,0.014681984912864541,-0.0147705352560519,-0.012136703011676372,-0.005181072487199947,,0.576247691534024,1,-0.4055212400244609,0.248639952322314,1.0986122886681098,-0.9115823811652315,3.5263605246161616,4.549516521797257,0.0,10.734220396048636,10.894689012037176
JIA,BRA,LA4,,,,,,,,,,0,,,,,,,,,8.987603389267655
JIB,DJI,AF4,-0.007803940088006349,-0.010189871285342553,0.002385931197336204,-0.007165331239231385,-0.010923790950301972,-0.025012671130384113,,-0.007450285738726721,0.5761194090355142,1,-0.22036528990226767,0.4167255591633449,2.772588722239781,-2.042967814211819,4.764142197212003,7.182451167523085,0.9910979602512109,12.667738486826304,
JIK,GRC,EU1,-0.07943059460259291,-0.021054353006744006,-0.05837624159584888,0.013409043534718303,-0.018087639064858503,-0.08832755913688599,-0.07943059460259291,,,0,-0.47027785177162706,0.47304104701657085,0.0,-1.7373015344595075,3.9840335414044183,5.356586274672012,0.0,9.582455500402792,10.08471240855404
JIM,ETH,AF4,-0.025810195855441267,-0.04550602025162963,0.01969582439618834,-0.008230783110653244,-0.004349251634713003,-0.03672396617046429,-0.025810195855441267,,,0,-0.5042576517375342,0.49747969467136777,1.3862943611198906,-1.8555488261598756,3.899647898098694,5.608734489421917,0.0,10.444997558433114,
JIU,CHN,AS4,,,,,,,,,,0,-0.6649808669355505,-1.707185965034672,0.0,-1.6692697740616367,3.912023005428146,6.2878585601617845,0.0,8.202482446576537,8.391574866779688
JKG,SWE,EU1,-0.028558895014772465,-0.035277528777770344,0.00671863376299788,-0.06195947214195073,0.017227810401484456,-0.06721388517560839,0.009203956685856048,,0.5822567299471408,2,-0.4408364137118616,-1.3119336744585075,0.6931471805599453,-1.7446690258047837,3.9292705029538437,5.6719168675955505,0.2681794923664576,11.339012457034768,10.804911375886864
JKH,GRC,EU1,0.032574197843770476,0.023830454126559174,0.008743743717211299,0.003673850315418517,-0.0024261640028430693,0.03229231027961713,0.032603426636841626,,,0,-0.3269317344739442,0.49978157946859647,2.1972245773362196,-1.551764506749211,4.273803089824684,5.288277867627101,0.0,11.996480606292687,10.08471240855404
JLN,USA,NA1,-0.021658393275127807,-0.040722094406131865,0.01906370113100407,0.008767213778537609,-0.0066958952788071955,-0.018379331930631647,-0.021658393275127807,,0.5639166058401549,2,-0.44514265932447034,-0.7816212969425975,1.3862943611198906,-1.5910239778694024,2.9444389791664403,5.608856221142745,0.0,10.257659366256743,10.894689012037176
JMK,GRC,EU1,0.022803888256992928,0.027534053097047536,-0.004730164840054611,0.0033414788213620037,-0.003946428898920088,0.022061461715829355,0.02126003697192358,,,0,-0.2750205362827439,0.6783342487960861,2.70805020110221,-2.2661398465737457,4.555698803926937,6.335574138826011,0.2548355112248975,12.219576062630408,10.08471240855404
JMO,NPL,AS1,,,,,,,,,0.5314840334857691,1,,,,-1.1176401593461132,2.70805020110221,4.23410650459726,0.0,9.334767950351235,6.450827592374355
JMS,USA,NA1,0.012010227459036387,0.013562387711219358,-0.001552160252182974,0.0021832550713537123,-0.0027891604421462764,0.010984513929462232,0.012010227459036387,,0.550265081913075,1,-0.48214203036313674,-0.04791682763088304,1.0986122886681098,-1.5130336942311005,3.4965075614664802,5.493810580881744,0.0,9.935857932566579,10.894689012037176
JMU,CHN,AS4,0.007138519581858355,0.005759041871113775,0.0013794777107445943,-0.00012952304118377675,0.0025763449597025886,0.00942021639014248,0.008048845030610652,,,0,-0.3852069769028496,2.091260014544351,1.3862943611198906,-2.4639580963218024,4.9089383961914965,7.300763646093978,0.0,11.004762958623722,8.391574866779688
JNB,ZAF,AF2,-0.00415131713422999,-0.004825889332680038,0.0006745721984500472,0.005352054154812562,-0.0006571656963817916,0.0004547451883260599,-0.01168995084229938,0.003792985526328494,0.6390815397990086,2,0.5670100238722223,0.37781289592606226,4.6913478822291435,-2.2450363058791893,4.859922213145181,7.971079525462606,0.45939327457741375,16.377347538540302,8.681252452011616
JNG,CHN,AS4,,,,,,,,,,0,,,,,,,,,8.391574866779688
JNU,USA,NA1,-0.015320931406353783,-0.0072898651215968155,-0.008031066284756963,-0.008444862146622618,0.012754952357796126,-0.010823119705651602,-0.015313001837266645,,0.5475840976095268,1,-0.3102948536796742,0.07154704378250089,2.5649493574615367,-2.038696795156254,3.6992261816179024,6.558723643065569,0.0,13.429490660345335,10.894689012037176
JNX,GRC,EU1,-0.032176428165576844,-0.021725193003524546,-0.010451235162052298,-0.010993456632798174,0.021210156533128008,-0.020579575519412287,-0.029120172262365844,,0.5765036017056996,1,-0.46768708479434107,0.3388849141234269,0.0,-1.5142343282455304,3.8945376910871263,5.062595033026967,0.0,9.821463717057537,10.08471240855404
JNZ,CHN,AS4,-0.00977532865810905,0.00214058292630496,-0.011915911584413994,-0.0027434726007685693,0.00828473834685332,-0.004097231908936951,-0.009369456357221813,,0.5660839420381265,1,-0.42907853300032234,0.575426893938816,1.0986122886681098,-2.398646273948509,4.874674337989712,6.937622827897459,0.0,10.263746067806213,8.391574866779688
JOE,FIN,EU1,0.008852854023934329,0.007028480059258322,0.0018243739646760088,-0.015233657091067672,0.00718681710041586,0.001818981465928542,0.013448053381234074,,,0,-0.4545379997808473,-0.20656783848389898,0.0,-1.965214736772004,4.3404280967346365,5.883322388488279,0.0,11.623876325491267,10.741031351305583
JOG,IDN,AS3,0.0013129260801270164,-0.008595523047057563,0.00990844912718458,0.004600986487983384,-0.01283904643799309,-0.007240243994953139,-0.003049128644821603,0.07397953870411617,0.6025730650770329,1,-0.2683299416146427,0.35730340687903805,2.302585092994046,-2.05080739320492,4.864414672325183,6.23096380749009,0.002222284497253671,14.17133714214761,7.764360911576746
JOI,BRA,LA4,-0.002651578968128795,-0.005656888592396031,0.00300530962426723,0.0008722517197050689,-0.005239859508236506,-0.007174025896428544,-0.002651578968128795,,0.6420612012518295,3,-0.4187005530907401,-0.6456274247158591,1.3862943611198906,-1.9899704611986668,4.844675904230687,5.8884179240239485,0.0,12.368697319436812,8.987603389267655
JPA,BRA,LA4,0.013801248824788882,0.0061569807793786235,0.007644268045410256,0.01929753664437584,-0.013470315439004295,0.019387965175889338,0.013801248824788882,,0.5962737839368664,2,-0.36419830165853817,0.0903908973114122,2.302585092994046,-2.4277803553271076,4.992296852176417,6.713174253659781,0.0,12.76125289671475,8.987603389267655
JPR,BRA,LA4,0.01555603823198406,0.0316295387058615,-0.016073500473877456,0.028958801084047178,-0.01633655051655982,0.023084117637587324,0.01555603823198406,,0.590677429085886,1,-0.5680711832265363,2.1814837897318373,2.3978952727983707,-2.002526874037297,4.253276127649701,6.334443262769775,0.0,10.6926264987498,8.987603389267655
JQE,PAN,LA2,,,,,,,,,0.5978836220490367,1,,,,,,,,,9.159851638232327
JRH,IND,AS1,0.014163487685135362,0.02843792900751994,-0.014274441322384533,0.02568442715837923,-0.010756607862001808,0.028269687021628895,0.014163487685135362,,,0,-0.4343661235746185,0.3146284959339819,1.6094379124341003,-2.2337339523849558,4.797468197278419,6.298129676666441,0.0,10.735004402360845,6.97470991159236
JRO,TZA,AF4,-0.025846922177309738,-0.01854745672332511,-0.007299465453984619,-0.015885875994651688,0.018061340835633256,-0.023660176319930715,-0.03216413627553402,-0.012504755457334003,,0,-0.22946299001985043,1.2310312801876286,2.4849066497880004,-1.9358364552286673,4.4229279198402365,6.134962471364985,0.29362825806595483,13.195848012466703,6.595124587865934
JSH,GRC,EU1,-0.00494943738221249,-0.01998040869274461,0.015030971310532099,-0.03275416149558775,0.03551928983700586,-0.0028341620604014094,-0.006390953826539784,,0.6006027668154208,1,-0.4254794407005093,2.7344495292957793,2.0794415416798357,-1.8132742602620193,3.797188709646373,5.792008899181593,0.0,10.640938658652598,10.08471240855404
JSI,GRC,EU1,-0.04258908529472086,-0.02416753201180675,-0.018421553282914102,0.008529037023082029,0.004118016605123518,-0.02872818741358602,-0.04851595752264254,,,0,-0.3049768536183729,1.1385155323235967,2.302585092994046,-2.545807154312518,4.688956671631193,7.326107601523113,0.6508075242257267,10.871041578347825,10.08471240855404
JSR,BGD,AS1,0.020346289015926337,0.028530985566597035,-0.008184696550670691,0.002979433337138264,-0.011359965408337811,0.012361613839777727,0.020346289015926337,,,0,-0.564477205130265,-0.15701200168063223,0.6931471805599453,-0.9833258967784361,3.6889474481758144,4.927253685157205,0.0,10.694736467429317,6.715999232982851
JST,USA,NA1,-0.01889038944135942,-0.029600314108457246,0.01070992466709782,-0.01575422150740485,0.009563961670417405,-0.02317618352739494,-0.01889038944135942,,,0,-0.40908833659345034,0.09790367282917356,1.0986122886681098,-1.0701413775847652,3.5263605246161616,4.77912349311153,0.0,10.654856470296197,10.894689012037176
JSU,GRL,NA1,-0.0009608123589815694,-0.007016228320763027,0.00605541596178146,0.001216280536171517,0.012763087791816254,0.009173576268556425,-0.0009608123589815694,,0.6401880438615897,2,-0.6427245012933503,1.7851185434009935,1.6094379124341003,-1.0887853686530053,3.912023005428146,5.131747462171337,0.0,10.221941283654663,10.594053288134592
JSY,GRC,EU1,0.01007342797393686,0.019163892373354165,-0.00909046439941731,0.004242704440006204,0.0069473983834189255,0.021915179048959853,0.01007342797393686,,0.56760986069196,1,-0.4759178888596351,-0.731466044862082,0.0,-1.0857116808721112,3.8022081394209395,4.663439094112067,0.0,8.938006576471201,10.08471240855404
JTR,GRC,EU1,-0.018035889493004983,-0.005471729521003806,-0.012564159972001183,0.006247495039443079,-0.006708853844698805,-0.018719133178255517,-0.024066259921632714,,,0,-0.2195133922422885,0.7455274885078399,2.833213344056216,-2.275967380540655,4.680875375214813,6.416614217675171,0.21191599700144495,12.528637912688422,10.08471240855404
JTY,GRC,EU1,-0.018843113750686938,-0.011046717419487956,-0.007796396331198992,0.0009314205760649671,0.006746855322620157,-0.01056912268609778,-0.018843113750686938,,0.5984007107006248,1,-0.4499638446879828,2.2015008260083255,1.6094379124341003,-1.350765575443142,3.715483199631912,5.237189411039877,0.0,9.949893925350283,10.08471240855404
JUJ,ARG,LA4,0.005708350555747081,0.003759636263840191,0.0019487142919068987,-0.0030913669926109833,0.00028246523327261225,0.0026424673542657364,0.006312601167682038,,0.5393758998125651,1,-0.6825172659436438,-1.006519853619894,0.6931471805599453,-2.2906738834895326,4.834039777949668,7.168402719630065,0.0,10.73393713153216,9.45812987103844
JUL,PER,LA3,0.025297811080844432,0.0236674453619486,0.001630365718895835,-0.0014847924062894292,-0.0036415621835045446,0.020566960713626556,0.025297811080844432,,0.5991145020080797,2,-0.45622130021314217,-0.6165319798587218,1.0986122886681098,-1.9229020052912045,4.8114514637770265,5.805422345812496,0.0,12.187959590103247,8.391128985115767
JUZ,CHN,AS4,0.024433451103682738,0.02889287950795039,-0.00445942840426766,-0.020787218815440208,0.006855208983244962,0.011267646400327343,0.024433451103682738,,0.6058902097107624,1,-0.6076647625417152,1.0063748996221582,0.6931471805599453,-2.410626920442944,4.886159654221441,6.982138294785786,0.0,10.332897025887751,8.391574866779688
JYV,FIN,EU1,-0.03137940798802729,-0.028572717657062326,-0.002806690330964952,-0.017146542806724247,0.008441310557188457,-0.038762785423665264,-0.026340250131017266,,0.5804823024179045,1,-0.45089585936039683,-0.050870973578263326,0.6931471805599453,-1.7688416019864142,4.168493380802369,5.4628324822503105,0.0014010530288975185,11.959602891412397,10.741031351305583
KAC,SYR,ME1,,,,,,,,,,0,-0.5383070245373963,0.6358901639215694,0.0,-1.4733045875202868,4.276666119016055,6.369900982828227,0.0,10.022869309556208,7.252542786111778
KAD,NGA,AF3,0.05031096689111511,0.06245141234010391,-0.012140445448988792,-0.014794521823819932,-0.008749113322839432,0.028006380630821524,0.05899175827161044,,0.6444038680295316,2,-0.4932003189406747,-0.6267227173275722,0.0,-1.626171343639351,4.867534450455582,6.452048954437226,0.0,11.30688482155568,
KAE,USA,NA1,-0.010160545756627773,-0.03336732687185753,0.023206781115229773,0.00848656175334198,-0.024891351929343882,-0.025299180680136892,-0.010160545756627773,,0.5612283734714627,1,-0.6986827895446032,-1.6309253662505983,0.6931471805599453,-1.4062324753787958,1.6094379124341003,4.99209924175399,0.0,8.858652969548489,10.894689012037176
KAJ,FIN,EU1,-0.00623583418401751,-0.002553942853133734,-0.0036818913308837788,0.005896676570064763,-0.003690214214002723,-0.0043326058976286205,-0.004694076523241884,,,0,-0.45598140954884053,-0.10245571412314926,1.3862943611198906,-1.9889305391854954,4.5604897471350885,6.0641771159290245,0.002775841308067685,11.27587313346977,10.741031351305583
KAL,USA,NA1,0.021701589043180605,0.019303260317255655,0.002398328725924939,0.0026259974794290244,-0.0007156539666285996,0.023586431164833548,0.021701589043180605,,0.5873872655855366,1,-0.5448914842708319,-0.48831483233926976,1.6094379124341003,-0.8085883975457077,2.4378471656751293,4.21877316829938,0.0,9.751733997308591,10.894689012037176
KAN,NGA,AF3,0.03517295340484048,0.03586331809470886,-0.0006903646898683577,-0.033135295942615384,-0.006548439242262383,-0.0032063108283314733,0.07717209387772887,-0.005676880040801801,0.6013898186931781,2,-0.2857671072636721,-0.31543574649284134,2.3978952727983707,-2.358397221998766,5.162043099769748,7.748322124649956,0.5695413335715243,12.318999464385385,
KAO,FIN,EU1,-0.020465276010724797,-0.020101317480144536,-0.00036395853058027606,-0.0021913008710880938,-0.0023800869239688303,-0.025078435919721736,-0.020101248165351998,,0.6035639710486352,1,-0.33548119967051154,0.24352819941607873,1.791759469228055,-2.19933658002217,4.728612144278084,6.513387631814994,0.03756057508090094,11.036710585787613,10.741031351305583
KAT,NZL,SW1,,,,,,,,,0.5605706769050767,1,-0.5215734237677686,-0.14618513915918044,0.0,-1.8867941843411087,2.946989056639327,5.536973881123517,0.0,9.406893511016861,10.502717308818164
KAW,MMR,AS3,-0.04260161365213741,-0.02508810830182659,-0.017513505350310845,-0.03258480870907008,0.023975915350014497,-0.04909644529032929,-0.04191265584410857,,0.5623884924751129,1,-0.6139959512845002,2.000715411420774,1.0986122886681098,-2.03494126229353,4.358414842977993,6.54813006687752,0.0,10.451984613023129,
KAX,AUS,SW1,,,,,,,,,0.5662218151097373,1,-0.5781246665100992,1.0886565543421296,1.3862943611198906,-1.8271686495437711,3.828641396489095,5.7749676720528695,0.0,9.501964663660587,10.871826484872283
KBC,USA,NA1,-0.020921461212277316,-0.02092146121227729,-2.2964984936083116e-17,-0.014453142312954968,0.007957686952432774,-0.026984612615221653,-0.020921461212277316,,0.5938765857127006,1,-0.5632732061134443,0.02631163215922428,1.0986122886681098,-1.2315141470325057,2.1972245773362196,4.7318028369214575,0.0,8.454892165218858,10.894689012037176
KBL,AFG,AS1,0.04158993494195245,0.04802990908497984,-0.0064399741430273775,-0.017210004671217374,-0.007043819975272706,0.018555037968803985,0.07836716725334858,0.02562268936333554,,0,-0.0892182607253061,2.389309060760438,3.332204510175204,-2.1379735668313837,4.91242734268289,7.3936668077739744,0.7888946355793699,13.088537684920231,
KBP,UKR,EU2,-0.003966818147491977,-0.0013819393458220017,-0.002584878801669974,-0.00740477907541084,0.0027519810634974665,-0.008580314092685695,-0.022401932901945282,-0.0008839828441651717,0.5965754992130157,1,0.31762106874807533,1.1447415975393564,4.574710978503383,-2.341390290000233,4.7034227466152325,7.336614416476726,0.7276717240307661,15.15981792329672,7.82338661381434
KBR,MYS,AS3,0.02043739907576274,0.02712648962367419,-0.006689090547911447,0.0010474176802994222,-0.0034689895378971804,0.01800591799312248,0.019405544819234184,,,0,-0.32689604597602695,0.15282542089210155,0.0,-2.133039589607283,5.0480135824859325,5.955837369464831,0.0,13.11139140485296,8.957973567306357
KCH,MYS,AS3,0.008802915563163977,0.012378916269216292,-0.00357600070605232,0.0002157417520735417,-0.0018160628217647476,0.007283636036091076,0.01097940007038049,-0.016536274259684694,,0,-0.18377592361664621,-0.016473819373967195,2.5649493574615367,-2.337811088648694,4.986025663294868,6.628240758580699,0.05926603116173893,14.653790882309925,8.957973567306357
KCL,USA,NA1,-0.01736123604980762,-0.039858279598574145,0.02249704354876653,0.005728229081701776,-0.03226609047584961,-0.044789347209107135,-0.01736123604980762,,0.5639733028397604,1,-0.7541627260620223,-0.2508955801072435,0.6931471805599453,0.14642344945618518,1.791759469228055,2.3978952727983707,0.0,8.471358655072438,10.894689012037176
KCQ,USA,NA1,-0.016901192638700747,-0.03939823618746727,0.02249704354876653,-0.019105757617135868,-0.014133589954931344,-0.05047309216563298,-0.016901192638700747,,0.5611008471075218,1,-0.7541627260620202,-0.25162844932289613,0.6931471805599453,-1.6666259724113706,1.791759469228055,5.049356591233679,0.0,8.471358655072438,10.894689012037176
KCZ,JPN,AS4,-0.004695589578851126,-0.026078674322746534,0.021383084743895407,0.003193739750709978,-0.00360857679828402,-0.00538798388524862,-0.004629035871044602,,0.5724670841138018,1,-0.3278812638360099,-0.4287914798961729,1.791759469228055,-1.963452066525914,4.549765546047395,6.184468951030545,0.0,13.723856785348456,10.433822702828955
KDI,IDN,AS3,-0.01537557658350202,0.0048012330984009465,-0.02017680968190297,0.015174054026641882,-0.010789496901848154,-0.01106954642826477,-0.01537557658350202,,0.6327448500837609,2,-0.4387324105887743,0.8749977983415406,1.0986122886681098,-1.8338020144084834,4.896627656892381,5.814130531825066,0.0,12.182819371594762,7.764360911576746
KDM,MDV,AS1,0.009569876853350555,0.008400629540058761,0.0011692473132917953,-0.02133298750885735,-0.001886196271411855,-0.013458727729977324,0.009569876853350555,,,0,-0.5326387129424629,1.49612255920207,0.0,-1.769033544545365,3.594827398374039,6.255750041753367,0.0,10.14733528540863,
KDO,MDV,AS1,-0.0046242454060202165,-0.035976645186126144,0.03135239978010594,-0.050218707208119794,0.024064612595315928,-0.026518234496633944,-0.005702013647900603,,,0,-0.5341449830025797,1.4710956112158728,0.0,-2.0464761137780054,3.1979307270191826,6.511745329644728,0.0,9.977852634491434,
KDU,PAK,AS1,-0.008248581622303545,0.06035096076584975,-0.0685995423881533,-0.0010981480955754924,0.026923583616573377,0.018794031027065866,-0.008248581622303545,,0.580490416731622,1,-0.5014760673259283,0.06159936302904886,0.0,-1.8103719053692566,4.835019967313588,5.68697535633982,0.0,10.73491732089608,7.14310852796464
KDV,FJI,SW1,-0.002316457191296928,0.014416252934786196,-0.01673271012608312,-0.0001439491754458743,0.00032076363367649437,-0.0018307925241234425,-0.002316457191296928,,0.550442947280141,1,-0.5797564939349225,-0.3047824514736706,0.6931471805599453,-1.6738216258521728,2.8663410266706086,4.952508492078866,0.0,9.459385560813045,
KEF,ISL,EU1,-0.02267788446522413,-0.017525450267941906,-0.0051524341972822175,-0.0025259938517852927,0.004449816105653787,-0.020634014730242428,,-0.02263310345211334,0.5685533577363923,1,0.05960713867433295,0.356269223100248,3.784189633918261,-2.4017040635193125,5.091858803729318,7.831120819738933,0.9991231115181881,14.1764091696472,10.923369718717666
KEJ,RUS,AS4,-0.03387997882069991,-0.02436895702077745,-0.009511021799922453,0.0034065871128831395,-0.010600631703042708,-0.04125549946586811,-0.03283791752303486,,0.6448321361824909,2,-0.3993875638264976,1.2102590459943308,1.9459101490553132,-2.074074889732593,4.803137667573083,7.697273018285904,0.0,12.584276177418097,9.064204880368637
KEK,USA,NA1,0.0270144358499625,0.007217782083900054,0.019796653766062447,-0.013261958657624189,0.0016447699621134151,0.013993715837730417,0.0270144358499625,,,0,-0.7419960747098643,0.3845013531553481,1.0986122886681098,-0.5903552635280237,1.887951872292071,3.534677332634361,0.0,9.230731061623917,10.894689012037176
KEM,FIN,EU1,0.027191667584725618,0.015428043200280364,0.011763624384445275,0.004547262420983525,-0.008132893038156848,0.02389457064923181,0.02748866302460351,,,0,-0.4639914373866689,-0.8111479506899995,0.0,-2.0579515113873406,3.9562100288953443,6.408528791059498,0.0,11.204714101265955,10.741031351305583
KEO,CIV,AF3,,,,,,,,,,0,,,,,,,,,7.258534604945706
KEP,NPL,AS1,-0.05077654354352965,-0.0312545904789545,-0.019521953064575145,-0.010386248743680344,0.0068659229784924225,-0.05210231279762456,-0.05039256192724002,,0.5607971745858753,1,-0.5792889713877301,0.07180885155233181,0.0,-1.8405889451432746,3.8854098604751712,5.856450497915821,0.0,10.599580390384643,6.450827592374355
KER,IRN,ME1,-0.06436909159873541,-0.04359571370114146,-0.02077337789759395,-0.01160467622867073,0.0038256789864961073,-0.07105152397131997,-0.01974193354102609,,,0,-0.36406226223600724,0.6824351889095791,1.9459101490553132,-2.2380690922018625,4.958100200286726,6.626099468504888,0.030061230294773717,12.208025737004714,8.533994841936796
KET,MMR,AS3,-0.09841186386581145,-0.09166643963851755,-0.006745424227293925,-0.01003133518836001,0.005494287137755665,-0.1019740603995038,-0.09841186386581145,,0.6902042598362432,3,-0.587371304027304,1.304178910484049,1.3862943611198906,-1.7959193087298062,4.255057331806348,5.737045824783671,0.0,10.772728604718623,
KGA,COD,AF3,-0.06898071369616944,-0.03664917553760895,-0.03233153815856049,0.01589751525449618,-0.01136232834449233,-0.06508655905521984,-0.06898071369616944,,0.5706385112433925,1,-0.5954500033666162,-0.850684115643758,1.0986122886681098,-1.586141646940548,4.752132110653631,6.215667070587121,0.0,10.624249900129048,5.9334040464695645
KGC,AUS,SW1,-0.02965335154944087,-0.02831839770417026,-0.0013349538452706164,-0.0028035787073686495,0.003042860163740906,-0.028492430968213203,-0.02965335154944087,,0.5946283673426849,2,-0.5974143658728402,0.4612391411382261,0.0,-1.079384858019229,3.4965075614664802,4.836281906951478,0.0,10.965591446387714,10.871826484872283
KGD,RUS,EU2,-0.014668324837194498,-0.012488774081828753,-0.0021795507553657506,-0.009046085257725642,-0.0016815732923359382,-0.025192803967877722,-0.003268680859943375,-0.043581974730300094,0.5978480850034363,1,-0.017680635711323132,1.7320944299363934,3.8501476017100584,-2.260707950364187,4.737267694735669,7.125031823837802,0.35374007280106634,13.85164767556594,9.064204880368637
KGF,KAZ,AS2,0.007001938897396634,0.03310867208646138,-0.026106733189064743,-0.0015650346770952166,0.033405723438493046,0.03889710880626555,0.018228804985801775,-0.005112618153148715,0.5730457532686172,1,-0.3136594880882637,0.6798861460997746,1.9459101490553132,-2.205532083939417,4.723046784518795,7.315340932671334,0.40396220236703,11.356365217799171,8.99179572921663
KGI,AUS,SW1,0.00795985218125496,-0.024115244267979084,0.03207509644923405,0.015422347511804393,-0.041373223024590025,-0.01911615237190043,0.00795985218125496,,0.6636490658801222,2,-0.4024919226512721,-0.23465322345099912,1.0986122886681098,-1.6341235922523847,4.215994855471494,6.321710980885686,0.0,11.935568844731074,10.871826484872283
KGK,USA,NA1,-0.006208103094431107,-0.02638309856975382,0.02017499547532272,0.046685965562342766,-0.03849521006836788,0.000625382911964836,-0.006208103094431107,,,0,-0.7418199383719682,0.4872766033780421,1.0986122886681098,-0.7524410270132607,1.898710614966029,3.7620540770300277,0.0,9.129997619293645,10.894689012037176
KGL,RWA,AF4,0.015393119105727344,0.027765226797310173,-0.012372107691582833,-0.038438823754742904,0.024665269876377058,0.002029540294888465,0.0196600611616304,0.016105824027771665,0.6037395068394664,2,-0.34278157000939946,0.9363582752791177,2.0794415416798357,-2.05643237992518,4.559112341408338,6.528629336028248,0.9794188609452027,12.569471930328122,6.208935282646764
KGS,GRC,EU1,0.0098550634147147,0.01146801600348309,-0.0016129525887683877,0.006833115472728024,-0.001714094298478095,0.014155852656757797,0.0020403385199305765,,0.6152032118737294,1,-0.07819823274564637,1.7413303753312608,3.784189633918261,-2.607338812001063,4.887560730291976,7.2572302005575935,0.574849031049196,13.104189223425418,10.08471240855404
KGX,USA,NA1,-0.02691766297418837,-0.03749919029817372,0.010581527323985337,0.002240422633955604,-0.00407401869315206,-0.02973361983349563,-0.02691766297418837,,0.5773152055786789,1,-0.7230274875501046,0.14846795276954147,1.3862943611198906,0.06353785641755412,1.8132818591619102,2.8580742807075423,0.0,9.505395198757377,10.894689012037176
KHG,CHN,AS4,-0.020747307703092077,-0.010426758346120248,-0.010320549356971829,-0.0018140068448350439,-0.003454743482358973,-0.025737042657092576,-0.018402893502830142,,0.6787361084792118,2,-0.43511317055271836,1.4431047799436623,0.6931471805599453,-2.3902987864248013,5.190380468602214,6.9503747493469055,0.045468467302172695,12.665719705168952,8.391574866779688
KHH,TWN,AS4,-0.0388225084868062,-0.038811120342248484,-1.1388144557695004e-05,0.0009181120659854471,0.0015628545027263712,-0.03648209733873781,-0.06822574528967096,-0.018670234330487145,0.6010509862557705,2,0.05183436492549115,-0.631888543424619,3.1354942159291497,-2.1548119148515568,4.963527087878064,6.418104622735962,0.42260226822683855,15.328986097962664,
KHI,PAK,AS1,-0.018432873453397634,-0.014040806171936478,-0.0043920672814611525,-0.0028410887260669334,-0.004398336777970429,-0.025598167904883007,-0.012861333552961773,-0.022265440300001202,0.7322400570190492,3,0.22644932639957263,-0.26529525863995845,4.143134726391533,-2.23310393499801,5.171914488854674,7.379937075441226,0.547812210681763,15.252794804948003,7.14310852796464
KHM,MMR,AS3,,,,,,,,,0.6516314552577156,2,-0.6243419700583056,1.7879643982595035,0.6931471805599453,-1.8446249953412333,3.784189633918261,6.113682179832232,0.0,8.438149984075784,
KHN,CHN,AS4,-0.0026891708044334242,-0.0006530166471122916,-0.0020361541573211323,-0.006506506917733844,0.0015188610363338461,-0.007346936816927266,0.00010124711281702368,-0.086589096093618,0.6092598613883325,1,-0.14193149536327093,1.7521290569180372,3.4965075614664802,-2.356569552806513,4.892300035729486,6.743467871903864,0.018447506094387684,14.664197167878017,8.391574866779688
KHS,OMN,ME1,-0.03094861262969301,-0.011178848633425298,-0.019769763996267713,0.006763360112112553,-0.012390759691234153,-0.036315308688191675,-0.009343508470545735,,0.6147561576854692,1,-0.4138424647039071,1.8025785934574938,0.6931471805599453,-1.4675967152391913,4.084388623876575,5.1770228869713275,0.8057390976024165,10.366655370772582,9.935119396596123
KHV,RUS,AS4,0.027053969666295197,0.022449485118975605,0.004604484547319593,0.007488291334247038,-0.0017201009622363115,0.032560963231552095,0.02947743712586487,0.007834213172401417,0.6029786579358221,2,-0.009054447226439583,-0.11719759911735401,3.8066624897703196,-2.240671658471292,4.827323092063626,7.99327724009468,0.14867041346143017,13.473437063546703,9.064204880368637
KID,SWE,EU1,-0.006179547712358755,-0.011628726989845333,0.005449179277486583,-0.0014167832072227151,0.004099950813250981,-0.005507646970653505,-0.008344656129863574,,0.5410822440465171,1,-0.4687667023187823,-1.0276966491907544,0.6931471805599453,-1.9641610620646386,3.897668883826648,6.149476363649113,0.0,11.033356230854793,10.804911375886864
KIJ,JPN,AS4,-0.011701294151981845,-0.011379471894270632,-0.0003218222577112092,0.003532324188351893,0.0009428213087650926,-0.007291184819356153,-0.016232322166980756,0.010101341174115333,0.5668392932747821,1,-0.23674013102639485,0.14464323969080323,2.70805020110221,-2.352085895583128,4.805445546398642,6.610656134767169,0.17355453213313796,13.769885379937998,10.433822702828955
KIM,ZAF,AF2,-0.0012202949448073487,0.0022927145291099203,-0.003513009473917272,-0.003822427408618231,0.010612519526726323,0.005568665245079921,-0.0012202949448073487,,,0,-0.44537875027046986,0.2687278659909015,0.6931471805599453,-1.946170387719879,3.829304023774275,6.283231531112137,0.0,11.397166629238157,8.681252452011616
KIN,JAM,LA1,-0.008303027546287272,-0.007802382011049104,-0.0005006455352381717,0.010766858921684566,-0.005158673932869188,-0.003028110528378956,0.025816621107753387,-0.0047425030030618445,,0,-0.023347156331730946,-0.2392665274379337,3.713572066704308,-2.297425316823347,5.0107196301986745,7.2435716791135025,0.7268085497868687,14.081223056987058,
KIO,MHL,SW1,,,,,,,,,,0,-0.7310403959588703,-0.647496100533673,0.0,-0.0732247943332644,3.5263605246161616,3.912023005428146,0.0,7.992268643270745,8.132553254681103
KIR,IRL,EU1,0.012466495689975921,-0.011753245404944199,0.024219741094920116,-0.010520992725198443,0.002433992164881623,0.004171525432407292,0.01622241155202851,-0.0010915790971030273,0.5385615348012928,1,-0.38876307384368775,1.461620902630375,1.9459101490553132,-2.4613377070463436,4.694418726957198,6.448970006891342,0.6715580588608303,12.4990780240133,10.875207217259875
KIS,KEN,AF4,0.000974213349230731,-0.02017073007049218,0.021144943419722895,-0.007743541095608314,-0.008318592540121007,-0.015002715998921154,0.0012059992876286433,,0.6030298693504521,1,-0.5183328289034257,1.5077429384094845,0.6931471805599453,-1.27353973935225,4.103213783987301,5.613975578990465,0.0,11.845181683807986,7.177714421121875
KIT,GRC,EU1,0.0182112161725461,0.03407278156851249,-0.015861565395966375,0.00019135200401706602,-0.002146299809837206,0.015976362034604192,0.0182112161725461,,0.5721401455409745,1,-0.46633993623156067,0.5405611970785621,0.0,-1.7231193018191895,4.157818275166522,5.288267030694535,0.0,9.935470598389179,10.08471240855404
KIV,MDA,EU2,-0.001643933053528657,-0.0038009334439050007,0.0021570003903763476,0.0009405861160456796,-0.0030483344042408714,-0.0036346660971805834,,-0.001643933053528657,0.5556945920420224,1,-0.18040407640385045,0.7206564746050387,3.044522437723423,-2.323863159587511,4.571098559293855,6.953223428552971,1.0,13.182692426131577,
KIX,JPN,AS4,-0.017948491875794653,-0.015449928812746101,-0.002498563063048554,0.00021209541300315794,7.697514057104562e-05,-0.017679661308050574,-0.0023101473908471093,-0.02455784561272077,0.603209940670935,2,0.575467880756676,-0.30632938776802693,4.454347296253507,-2.1851290263571594,5.288217334405873,7.870932953491265,0.6488681143795043,16.31973033617846,10.433822702828955
KJA,RUS,EU2,-0.009472237448172655,0.002806007192026476,-0.012278244640199127,0.004895590799801959,0.024596274821382283,0.019784756547040563,-0.0157528730889204,0.0353922220209452,0.6553178496949439,2,-0.08024935362597643,0.779618028446296,3.871201010907891,-1.612791175495268,4.814419751954155,7.7716946909820255,0.04227749513221531,14.057420906169886,9.064204880368637
KKA,USA,NA1,-0.00028020137211009176,-0.0014012414578995695,0.0011210400857894732,0.004384388609143642,-0.0038442579949782042,0.0009519442686872115,-0.00028020137211009176,,0.5788103018021971,1,-0.706665402954326,0.3411183725008985,1.791759469228055,-1.1605691208296205,2.0260056675867744,4.517370389047944,0.0,9.928862858867356,10.894689012037176
KKC,THA,AS3,-0.02541644632033778,-0.03882888567919292,0.013412439358855126,-0.0037267340271339325,0.006683648447864463,-0.022158163617295234,-0.0254092199934975,,0.5832682749867419,1,-0.3655207337049639,-0.08284336050061916,0.6931471805599453,-1.9448881043126034,5.313354199449251,5.914393737771968,0.0,12.578084377379119,8.468143081239914
KKE,NZL,SW1,-0.02369348068805352,0.012871067548787914,-0.036564548236841424,0.0001468598323789913,0.007472732459607147,-0.02094912639046569,-0.02369348068805352,,0.5703550154751345,1,-0.49559959076642984,0.7545153262389903,0.0,-1.5398879134207943,3.3174489603814483,5.341892579310927,0.0,10.766946965764298,10.502717308818164
KKH,USA,NA1,-0.003121214386609622,-0.018337179803205872,0.015215965416596245,-0.02923425782435783,0.005094073182332572,-0.039472854945951485,-0.003121214386609622,,,0,-0.6638418661595118,0.20195930300505407,1.6094379124341003,-0.4327811447714565,1.8000848455250735,3.692619263525448,0.0,9.842462850698354,10.894689012037176
KKI,USA,NA1,0.02951276199563893,0.014036039839146093,0.01547672215649282,-0.0004388963381157262,-0.0157006863392541,0.013174402600519745,0.02951276199563893,,,0,-0.7308673709259,-0.9059182829561838,1.3862943611198906,0.5826427681020251,1.791759469228055,2.412647580514428,0.0,8.83927669058535,10.894689012037176
KKN,NOR,EU1,0.003990367791749371,0.003223037167141663,0.0007673306246077082,-0.0019324319541987678,0.002722765382296972,0.004680559405271591,0.0057561490202583335,,0.664348487143336,2,-0.30119698894469443,-0.1926675065117461,2.772588722239781,-2.3267227695861608,4.152464699014727,6.693519783888474,0.03999881762332435,12.220867657584426,11.24000991778092
KKR,PYF,SW1,0.014562634715837354,0.018753311220015677,-0.0041906765041783145,-0.0027637392250642735,0.004832950648389735,0.0167806515482183,0.014562634715837354,,0.5944103089308992,1,-0.547808398976835,-0.0011567381278237553,1.6094379124341003,-1.9893888182829171,3.871201010907891,5.892100509339662,0.0,8.616133139271142,9.982692936106211
KKU,USA,NA1,,,,,,,,,,0,-0.7518924536013796,-0.5898239923430892,0.6931471805599453,-0.7943203329694866,2.1972245773362196,3.6635616461296463,0.0,8.716371865276615,10.894689012037176
KKX,JPN,AS4,,,,,,,,,0.5733062953151375,1,,,,,,,,,10.433822702828955
KLG,USA,NA1,-0.053691182529625556,-0.057025390946850905,0.0033342084172253397,-7.210337518606235e-05,0.004476372984714895,-0.05098931081019832,-0.053691182529625556,,0.5836766107074569,1,-0.7187094018783243,-0.06906731400782747,1.0986122886681098,-1.0396852091283015,1.9351426784295993,4.251144608066189,0.0,10.386623326480455,10.894689012037176
KLL,USA,NA1,-0.014588872874060028,-0.036520442659390265,0.021931569785330222,0.008531324127035885,-0.021710564706237955,-0.028409638975546075,-0.014588872874060028,,0.5715066769689936,1,-0.7434683873906796,0.9318798404941593,1.0986122886681098,-1.0780720762683444,1.791759469228055,3.979018611840805,0.0,8.126813720726114,10.894689012037176
KLO,PHL,AS3,0.0384199285595299,0.055988845147325945,-0.017568916587796087,0.009900382437439494,-0.004323118556846416,0.043972468861918856,0.04348626974863853,0.09374045019593452,,0,-0.35498159337806673,0.7101633950598775,1.6094379124341003,-2.11665823516127,5.010528470923066,5.915270606872438,0.01225390082509599,12.670642790096995,7.700452054329457
KLR,SWE,EU1,0.029584418851467946,0.04943515876725784,-0.01985073991578988,-0.018848276255106423,0.020025290858708397,0.0324534902498409,0.03223467230208164,,,0,-0.4592463975560983,-1.020072102962538,0.0,-1.8230949069721307,4.420518936623734,5.8377304471659395,0.0,11.325269706585573,10.804911375886864
KLU,AUT,EU1,0.004614583930127048,0.003859363062363729,0.0007552208677633196,-0.008028686809158818,0.005223759018370592,0.0019114435124474027,0.015491459608713301,-0.0031390737473585132,0.5693609064124756,1,-0.27729949713202373,0.753270063934414,2.3978952727983707,-2.338981785796803,4.448197027585629,6.41275354809902,0.7243073117658555,12.74499289335568,10.682097270561812
KLW,USA,NA1,0.0771342381881251,0.015865094126296244,0.06126914406182887,-0.12000397784516284,0.12338959497394551,0.07713328271560672,0.0771342381881251,,,0,-0.6900219240281152,-0.5705925959718936,0.6931471805599453,-1.0376089881642234,2.218277986534052,4.259796469319016,0.0,10.227308671603781,10.894689012037176
KLX,GRC,EU1,-0.01858589439728418,0.013047180855374577,-0.03163307525265875,-0.0249160799552781,0.028097443107646822,-0.007001225169384808,-0.021924657759968758,,0.570128358849477,1,-0.4348394847718239,-0.7173760260405927,1.0986122886681098,-2.698775726936224,4.477159241894947,7.27349587807788,0.5693482507547505,9.329189505814563,10.08471240855404
KMA,PNG,SW1,,,,,,,,,0.6374208856170759,3,-0.563006513898569,-0.9333104619333038,2.3978952727983707,-1.6351501817759932,2.8903717578961645,5.295190310454758,0.0,9.674828820533808,
KMG,CHN,AS4,-7.456028972623627e-05,0.0016502539909945793,-0.0017248142807208136,-0.002044091481656511,-0.00037000859652489416,-0.0023777554433595843,0.0010853777336743825,-0.015610174534527576,,0,0.2750298808912314,1.5632384115627256,4.430816798843313,-2.4029063969079396,4.948632571551974,6.975818182117239,0.06672873650059648,16.13656169915597,8.391574866779688
KMI,JPN,AS4,-0.0022029422035486127,-0.01170974902518494,0.009506806821636328,0.00551962499646637,-0.0099275878605215,-0.006838209095031043,-0.002022334664177036,0.003110185611971573,,0,-0.2516927794698239,-0.30182342790721417,1.9459101490553132,-2.183699040649891,5.121213429333171,6.459646966649649,0.012859207936200311,14.542624771389294,10.433822702828955
KMJ,JPN,AS4,-0.0037694145877646915,-0.008886889968176312,0.005117475380411622,-0.0007841255525336181,-0.005293177315342148,-0.009689266001183496,-0.0027244346674711716,-0.06425921785039972,,0,-0.2581687495966943,0.10092226651442085,1.9459101490553132,-2.2017577851880596,5.186923650086043,6.601058549521085,0.013293098867253375,14.609872271461052,10.433822702828955
KMO,USA,NA1,-0.009257147094800756,-0.029945700167264718,0.020688553072463964,-0.07284908687508962,0.029994933941361882,-0.052130699062126085,-0.009257147094800756,,,0,-0.7506554363901158,0.39509285090034574,0.6931471805599453,-1.0359404527328984,1.8663056441918733,4.109599043809077,0.0,9.70069794710231,10.894689012037176
KMQ,JPN,AS4,0.01598171996856483,0.003915380439513002,0.012066339529051825,-0.006697846672313469,-0.013910357428860622,-0.0034143649064124365,0.01571711136825565,0.02849077964768909,0.5911039556220781,1,-0.24230887010500743,-0.09292903804008112,2.0794415416798357,-1.8142280552550112,5.306111121726274,6.131228083559148,0.03959352517020312,14.214670496871173,10.433822702828955
KMV,MMR,AS3,-0.04259553299875991,-0.038463885902188334,-0.004131647096571579,0.0002390697687628778,0.006745988028733389,-0.035460102114319686,-0.04259553299875991,,0.5553813716793836,1,-0.6210245189830371,-0.43203213549288616,0.6931471805599453,-1.5645813552875343,3.784189633918261,5.517452896464707,0.0,9.12172771361958,
KND,COD,AF3,,,,,,,,,0.5986011255264145,1,-0.5978091501910983,-1.0818589269801258,1.3862943611198906,-1.7128413186687754,4.654866968533313,6.333981169709457,0.0,9.308827318690836,5.9334040464695645
KNG,IDN,AS3,0.047334389555557174,0.01768792335995005,0.029646466195607114,-0.019707433489389456,-0.021467378182840016,0.007869876547491435,0.047334389555557174,,,0,-0.7687833987971135,0.21980465004869512,0.6931471805599453,-1.9680179672166824,3.9889840465642745,5.90876205534274,0.0,8.633374945705647,7.764360911576746
KNH,TWN,AS4,-0.05361139330554804,-0.03560418815636287,-0.01800720514918516,0.006726084167815987,-0.004987620740845295,-0.052351151535433016,-0.045608925314540555,,0.5905432954708998,2,-0.4163346814754404,0.415363058049335,1.6094379124341003,-1.8798561743332367,4.642143498036131,5.708185134577055,0.0,14.030295271328383,
KNQ,NCL,SW1,0.019091246396334853,0.0017144225757101108,0.01737682382062474,0.005710978745010322,0.023142147594629157,0.049356289865522984,0.019091246396334853,,,0,,,,-1.7796608916254326,2.9444389791664403,5.030500464390768,0.0,8.286773231131251,
KNS,AUS,SW1,-0.013020261500010125,-0.019148244312470034,0.006127982812459904,0.01277414862595863,-0.008235191349730348,-0.00873041563223213,-0.013020261500010125,,0.5892753632522201,2,-0.5020113972622368,-1.0327353417392289,0.0,-1.5379200613902335,3.4965075614664802,5.54907608489522,0.0,9.485468978356344,10.871826484872283
KNW,USA,NA1,-0.027974477149507956,-0.048673761646650784,0.020699284497142825,-0.08141917289867184,0.03946508606364654,-0.07028790124851444,-0.027974477149507956,,,0,-0.7418199383719661,0.4872766033780421,1.0986122886681098,-0.479174820560982,1.8765467828378846,3.3163533449461533,0.0,9.351318965235755,10.894689012037176
KNX,AUS,SW1,0.0016702754124900885,-0.014015398072350239,0.01568567348484033,-0.01515531264552512,0.002941148222036839,-0.010412578307793324,0.0016702754124900885,,0.5838036380662308,2,-0.5388105993170712,-0.7428592020116099,1.3862943611198906,-2.1516758390239823,3.88146758325138,6.709073965030922,0.0,11.120682557031186,10.871826484872283
KOA,USA,NA1,-0.03400097504229252,-0.01824579026118974,-0.015755184781102785,0.0009700588094758512,0.0002446449300385827,-0.033194806031874344,-0.033529110009241365,,0.5882194424133906,1,0.003132233400634665,-0.07249094315836987,3.4965075614664802,-2.327577654243206,4.624385345808516,7.226573917752352,0.0018679309399006767,14.682908900444177,10.894689012037176
KOC,NCL,SW1,0.011750142901711263,-0.006088598294195221,0.017838741195906477,0.011674050571943335,0.04640298801317012,0.0676839414196166,0.011750142901711263,,,0,,,,-1.8184911675806317,2.9444389791664403,5.137757301535594,0.0,8.687442166975924,
KOE,IDN,AS3,-0.03200841547598093,-0.05082900352914216,0.01882058805316123,0.003437630211068305,-0.013576275446050907,-0.04286560536102481,-0.03158538677711829,,0.5845567641476868,2,-0.3957870208292868,0.3801858210333648,2.1972245773362196,-2.2097085552959577,4.67157474335794,6.847151744747125,0.005995891340032568,12.628752066817416,7.764360911576746
KOI,GBR,EU1,0.03864983959560289,0.0279836830559135,0.0106661565396894,0.01364358498946256,-0.0058900690030107145,0.045817832556492785,0.03857988403608721,,,0,-0.4361067524225124,0.06532158386960243,2.3978952727983707,-1.4623040906007738,3.1531118475662345,5.280123646619074,0.0,11.774304629000957,10.711795251008132
KOJ,JPN,AS4,-0.006089412434059995,-0.02410435776741661,0.01801494533335662,0.005850862227418218,-0.009293865502889003,-0.009757868505920322,-0.005496525578279105,-0.017811832531695077,0.5948951732289669,2,-0.14706114294204423,-0.36747751673416706,2.4849066497880004,-2.1561479284171376,5.231409063382546,6.5778064526413935,0.014754705196852793,15.004047337493681,10.433822702828955
KOK,FIN,EU1,-0.01247434212722287,-0.01095536912488319,-0.0015189730023396901,0.0008075843535372447,0.004020124170560711,-0.007302182408489212,-0.0026875079472634842,,0.5778210736630901,1,-0.46406409537419435,-0.05614478848961684,1.0986122886681098,-2.003938692301935,3.970402375393191,5.921913521150464,0.0,11.413480749741707,10.741031351305583
KOP,THA,AS3,0.01951944530440003,-0.0026862422336930173,0.022205687538093048,-0.0018609892268647672,-0.014602521070173168,0.003928628798854093,0.01951944530440003,,0.5699161668413988,1,-0.42888588186618826,-1.265913529651528,0.0,-2.042073353206554,3.912023005428146,6.391917113392602,0.0,9.945109227226947,8.468143081239914
KOS,KHM,AS3,,,,,,,,,,0,-0.6403786985252123,-1.239042903752904,0.0,-1.6182095046497267,3.912023005428146,5.7430031878094825,0.0,8.268731832117737,6.937538498960448
KOT,USA,NA1,-0.03540103085695756,-0.04272273075668275,0.007321699899725196,0.004727822972214491,-0.010587743197559252,-0.04093727016235077,-0.03540103085695756,,0.6336862489932478,2,-0.6615581435495672,-0.6206604971516766,2.1972245773362196,-0.8655100194124627,1.8744641267064026,4.510818263365785,0.0,9.679531170964893,10.894689012037176
KOU,GAB,AF3,,,,,,,,,,0,-0.644761125450193,-0.45901340972401333,0.0,-1.8169411789591194,3.6109179126442243,5.942799375126701,0.0,8.05356916913454,8.840533001332654
KOW,CHN,AS4,0.0003070977877499038,-0.003337817862164767,0.0036449156499146714,0.009508318518180686,-0.006592393653331316,0.002364391947081367,0.00031019077311519937,,0.6184858367496582,1,-0.38499509909045554,1.5701706924493615,2.1972245773362196,-2.0848912745086596,4.015773345956893,6.356616311028848,0.0,10.86801591500877,8.391574866779688
KPC,USA,NA1,,,,,,,,,,0,-0.7328938915596713,0.12723490186435585,1.3862943611198906,-1.2832315535860952,2.229182184104891,4.653960350157523,0.0,8.084254106307318,10.894689012037176
KPN,USA,NA1,0.000609871438912387,-0.017500258958609793,0.018110130397522177,-0.0022381747083702044,-0.016266794548928615,-0.017983196149011883,0.000609871438912387,,,0,-0.7267936196731879,-0.4653848025746268,1.3862943611198906,-0.6635891231132335,1.51057254826393,4.589818891772464,0.0,9.396653950039674,10.894689012037176
KPO,KOR,AS4,,,,,,,,,0.5442310650640632,1,-0.5437808900165656,-1.0031259151879466,0.0,-1.9074257645441497,4.980782849945032,5.673323267171493,0.0,12.33129902177903,10.102000858470229
KRF,SWE,EU1,0.035879282131989,0.057165555503491325,-0.021286273371502334,0.008195262610709474,-0.017243702932166264,0.02701630939521424,0.035879282131989,,0.6011130207549793,2,-0.4616553819785241,0.7435643140905219,0.6931471805599453,-1.800779579199845,4.7033734883491904,6.048346888165524,0.0,11.567176879802144,10.804911375886864
KRI,PNG,SW1,,,,,,,,,0.586105777817084,1,-0.5629028635416147,0.01695718383945808,2.3978952727983707,-1.5655608046530158,2.8903717578961645,5.098477400911711,0.0,9.494315582496638,
KRK,POL,EU2,-0.021221814913014652,-0.019304770609713907,-0.0019170443033007455,-0.00827485039647468,5.140798616837423e-06,-0.029013122514976897,-0.015908763821876903,-0.021765627137765583,0.6215368153653273,1,0.057068549614022246,2.197372640573821,4.07753744390572,-2.5197323826985856,4.727629676678812,7.179313349447628,0.9189760103841667,14.475749141981243,9.186119834635363
KRL,CHN,AS4,-0.0027451328025533024,-0.002418329719737715,-0.00032680308281558216,-0.013528893666046787,0.006643099820903223,-0.009480596984347275,-0.0027451328025533024,,0.6294554444886158,2,-0.6044153643559801,2.2651672982210616,0.6931471805599453,-1.9382773164223188,4.2431321007026455,5.603974931189869,0.0,11.804773846291425,8.391574866779688
KRN,SWE,EU1,0.0145066953856413,0.011292953982336776,0.003213741403304532,0.008207012693920747,-0.010563847118805068,0.011648770626274858,0.013788127062504995,,0.6481277894968909,2,-0.43194127266431326,-0.11059503730093347,1.6094379124341003,-2.1889124274904477,4.745893505316572,6.5909443057482875,0.006273290469754615,11.7598089801271,10.804911375886864
KRO,RUS,AS4,,,,,,,,,,0,-0.5062899681474949,0.33606974114385324,0.0,-1.8340745232541693,4.276666119016055,7.448333860897476,0.0,9.20391980417326,9.064204880368637
KRP,DNK,EU1,-0.019806933064442887,-0.027974229199998125,0.008167296135555242,-0.00296940822652838,-0.0014662451381182355,-0.02361813308705896,-0.019426071270250853,,0.5678313450646528,1,-0.44983363085670713,-0.5716147667536068,1.0986122886681098,-1.726650709629805,4.115204545840959,5.438902122760348,0.0,12.138756938245306,10.898847789083996
KRR,RUS,EU2,0.02012167957941654,0.022826433629532746,-0.0027047540501162056,-0.003839824003787375,-0.007575542928284192,0.008847453123883107,0.011260742144224432,0.06733240120051856,,0,-0.07743748176836217,0.5636953422568601,3.8066624897703196,-1.8924556153843524,4.669258151456904,7.3197167675870665,0.09123507016695045,13.597368229659551,9.064204880368637
KRS,NOR,EU1,0.007239158082601518,0.0024081081277846873,0.004831049954816827,-0.0033776109919986448,0.0022143762638170616,0.005809163562638858,0.005578705865005292,0.01058633428498083,0.6867736443686719,3,-0.27153348637613134,-0.5181018378086768,2.6390573296152584,-1.906974147051306,4.430846781423437,5.983429949182434,0.3441468884544811,13.410641272318648,11.24000991778092
KRT,SDN,AF1,-0.007656906101940214,-0.006303130240396542,-0.001353775861543665,0.0032653565691342463,-0.007692719897612919,-0.0121708958377482,-0.011409117454104787,-0.006532199496699674,0.5932486940161215,1,0.0018518618863565702,0.7690700393831018,3.7612001156935624,-2.1414533367456614,4.96410035871193,7.447745750219071,0.8541856929725462,14.16165939632338,
KRW,TKM,AS2,,,,,,,,,,0,,,,,,,,,8.04368367984642
KSA,FSM,SW1,-0.02071595481683619,-0.021695712595743218,0.0009797577789070226,-0.003285550006934889,0.0005903386187433046,-0.023184226874259868,-0.02152986833709296,-0.01998293586891546,0.5799928370004526,1,-0.43635478475096795,-0.11621177934893462,1.791759469228055,-2.269411347491191,5.0106352940962555,6.402406085153456,0.5032051282051282,10.753638481905739,7.940523905052037
KSC,SVK,EU2,-0.031520608230599274,-0.00919886698563245,-0.022321741244966824,0.009838634487327766,-0.0044150026074170606,-0.025877110259094702,-0.038687266168344524,-0.022656739552031194,0.6126911841089,2,-0.3886153670692053,1.1176463354141746,1.6094379124341003,-2.100607911626808,4.544535894645301,6.089397256934352,0.540636161214639,12.497502685568431,9.530317325613144
KSD,SWE,EU1,-0.04010962761498121,-0.021967206638155507,-0.018142420976825703,0.021033324308476015,0.005291386983237661,-0.014347888084890447,-0.07749744137213613,0.003408743766033415,0.5703476049364596,1,-0.4272216572941043,-0.5364797005912703,1.791759469228055,-1.8614827297227319,3.902601402698154,5.695193741089712,0.34093289907243396,11.561772770364213,10.804911375886864
KSH,IRN,ME1,0.0154453904080818,0.018633017178936458,-0.003187626770854648,0.007776124295258722,-0.005830835184158061,0.016676091527382298,0.012714504150815945,,,0,-0.4932826597265366,0.8264261586466823,1.0986122886681098,-1.9049384726787442,4.725646432805967,6.187277081906401,0.0,12.38528938737065,8.533994841936796
KSJ,GRC,EU1,-0.0114130216117417,-0.008950067980141734,-0.0024629536315999637,0.012817103011778942,-0.009748268703734771,-0.008468253701954233,-0.0114130216117417,,0.5444123463015906,1,-0.5540448629819237,1.1483170203705224,1.3862943611198906,-0.1390120892604715,3.6109179126442243,3.890462183166331,0.0,10.310418252805903,10.08471240855404
KSM,USA,NA1,-0.04088682627878985,-0.0654953571317982,0.024608530853008345,0.057858560622137595,-0.0288335122707951,-0.010282971934539373,-0.04088682627878985,,0.5634253998864214,1,-0.4438958475336296,-0.5906290178460769,2.1972245773362196,-0.027439586598940077,2.0590144272464173,4.595625660520469,0.0,10.634099097078431,10.894689012037176
KSN,KAZ,AS2,-0.0668604966479754,-0.05160435857269895,-0.015256138075276482,-0.037634808896314875,0.0030873283488737227,-0.10074485799163005,-0.06182246631228337,,0.6049824893849902,1,-0.2961764533265888,1.106473379769144,2.302585092994046,-2.3803204974985186,4.477368704436593,7.450904591384463,0.3770821153335105,11.451847615461638,8.99179572921663
KSO,GRC,EU1,,,,,,,,,0.6033561938924379,2,-0.47675873509489414,-0.9789615919202717,0.6931471805599453,-1.900675517031651,3.908431658594866,5.886104031450156,0.0,8.571870752706934,10.08471240855404
KSQ,UZB,AS2,0.04494881386482241,0.04638126415543501,-0.001432450290612604,0.042764460459205844,-0.02086980711128412,0.06573202082167565,0.009825987632607728,0.10553620888280987,0.6073696561100674,1,-0.46438480642847996,-0.17459498559909328,1.0986122886681098,-1.9011278049109968,4.1207012243499115,6.690789259407374,0.16089488804061233,10.836084610684592,7.480855759504145
KSU,NOR,EU1,0.0048978234395891185,-0.006913273459158306,0.011811096898747424,0.0031488878112136778,0.00010073779788964877,0.007793250500092889,0.003019767439101039,,0.6120138003602935,2,-0.44880606922711447,-0.5284412878308722,2.1972245773362196,-1.9599651378106493,4.122075605952893,5.921607180692323,0.0,12.296214949382364,11.24000991778092
KSY,TUR,EU1,0.0005254064550833314,0.005435773119410957,-0.004910366664327616,-0.0019535033984373522,-0.0007031242231522194,-0.002070366402462996,8.717006069908844e-05,,0.5846918031397098,1,-0.4388771397203495,0.300444947109081,1.3862943611198906,-2.461603784740858,5.066475587008922,6.975592077698633,0.0,11.137213315011412,9.04517480014172
KSZ,RUS,EU2,,,,,,,,,,0,-0.6976175538185767,0.6293601436389975,0.0,-1.572078724191241,3.6888794541139363,6.173786103901937,0.0,9.026417533815254,9.064204880368637
KTA,AUS,SW1,0.04691601546290392,0.001507951600858918,0.04540806386204502,0.0016253855889581889,-0.04389334731065055,0.004624681138356604,0.04691601546290392,,0.5415388706328311,1,-0.467841539817855,0.250389162892348,1.0986122886681098,-1.8786012696611012,4.287191434299888,7.142128277919186,0.0,12.28720552797796,10.871826484872283
KTD,JPN,AS4,,,,,,,,,,0,,,,,,,,,10.433822702828955
KTE,MYS,AS3,0.014432857127530672,-0.03233224820230868,0.04676510532983938,-0.0004294103677199341,-0.052381379098126936,-0.0392190763118103,0.014432857127530672,,,0,,,,,,,,,8.957973567306357
KTG,IDN,AS3,,,,,,,,,,0,-0.748069815430816,0.5538485842132649,0.6931471805599453,-2.0926700214666627,2.1972245773362196,5.761962352080323,0.0,9.19573421958682,7.764360911576746
KTM,NPL,AS1,0.02892586148583036,0.0399096074710899,-0.01098374598525953,0.007651301985339741,-0.007074788328878346,0.029610903560230564,0.0989934134039375,0.0292352808668026,0.5806459212470495,1,0.017596510873593176,0.19790636984392132,3.5553480614894135,-2.341961619620772,4.476289709997564,7.324526383244083,0.7733477627362841,14.243327329395795,6.450827592374355
KTN,USA,NA1,0.013586974271574551,0.015494695237544476,-0.001907720965969924,-0.019165459569870105,0.01412865328814093,0.007985910134245643,0.013586974271574551,,0.5752654253716731,1,-0.3420134585317257,-0.030622536231943318,2.1972245773362196,-2.0453282148102234,3.6990045639575073,6.361758061160522,0.0,12.894840249730809,10.894689012037176
KTP,JAM,LA1,,,,,,,,,,0,,,,,,,,,
KTS,USA,NA1,-0.016334061391888026,-0.014864081665889015,-0.0014699797259990115,-0.02203474978126045,0.011681673883879657,-0.025024431798136158,-0.016334061391888026,,,0,-0.7309407976058664,0.2898514806538972,1.3862943611198906,-1.0497526413074252,2.061966565577709,4.128294633921262,0.0,9.523032079931992,10.894689012037176
KTT,FIN,EU1,-0.006418511594454745,-0.006398678990331601,-1.9832604123147513e-05,-0.0016267830004759551,-0.0018913515477517503,-0.010059960084710027,-0.003139987427790639,,,0,-0.3045478206120524,0.6400526471786381,2.302585092994046,-2.3267805360840095,4.97413046630489,6.766829911656842,0.07476105547171537,11.602171842484424,10.741031351305583
KTW,POL,EU2,-0.01843663176623165,-0.022969991816217054,0.0045333600499854005,-0.007732047557694008,0.0018761606903985267,-0.023744437555330816,-0.15569406356182408,-0.0170281583020798,0.6132713411444755,1,-0.1144094877566764,2.493077670058252,3.6109179126442243,-2.5874602277236467,4.829835270315147,7.023257009007661,0.9643630103055311,13.8386712660806,9.186119834635363
KUA,MYS,AS3,0.02218557232745935,0.025544729859067545,-0.0033591575316081895,0.0032365557108374066,-0.0066711076686196405,0.018058459247649324,0.016660641470663935,,0.5681798705316732,1,-0.3912636192400997,-0.7110826558427694,0.0,-1.6702280333686406,4.969813299576001,5.313205979041787,0.0,12.030289665575802,8.957973567306357
KUD,MYS,AS3,,,,,,,,,,0,-0.6064706137400436,-0.2678437302321167,0.6931471805599453,-1.607331943552385,2.9444389791664403,5.063972925972634,0.0,8.57922858233569,8.957973567306357
KUF,RUS,EU2,-0.012926990572653181,-0.01300656616671172,7.957559405853698e-05,0.012110503433267677,-0.012486316792253562,-0.013830715395782924,-0.024292844380169945,0.03620995399768133,0.5933125086864234,1,-0.08612188406435509,1.0160313998889232,3.7376696182833684,-1.9797215902126468,4.607063152372916,7.116879367121142,0.13858210519850994,13.758290259856592,9.064204880368637
KUH,JPN,AS4,-0.0162525576694103,-0.018003070674185016,0.0017505130047747203,0.006344456756642951,-0.005355347268103653,-0.016158003916535914,-0.017103678075842756,,0.5642331689691331,1,-0.3523328491015722,-0.3901055880864283,1.6094379124341003,-2.3393693249581298,5.089195219632057,6.796425161175669,0.0,13.216895072449828,10.433822702828955
KUK,USA,NA1,0.03464614063659872,0.018744182662385138,0.015901957974213583,-0.1436033519237045,0.11339256477421655,0.004520038401316778,0.03464614063659872,,0.6120953407006382,2,-0.738245882160021,-0.7406737388062397,1.0986122886681098,0.07720384576938706,1.818636405966772,2.9921508427037313,0.0,9.097955241381392,10.894689012037176
KUL,MYS,AS3,0.009679080611800098,0.010717196352060886,-0.0010381157402607915,0.0013477261496436304,-0.0004509548339684058,0.01050806947694218,0.009409223727428903,0.009998179366525289,,0,0.7670632932537955,0.32480700784312355,4.718498871295094,-2.353188636993496,5.277367766382416,7.764994378844194,0.657963115224189,16.741733040737266,8.957973567306357
KUN,LTU,EU2,-0.0050524161187481135,0.0022537997623528717,-0.007306215881100984,0.0008360803649195342,-0.00027317623272593675,-0.0044589350524407,,-0.004922506774851465,0.5623260766405325,1,-0.42650916954536233,1.6537250502510097,2.302585092994046,-2.759743247628969,5.033387550908484,7.354722405901613,0.9938375603989109,12.399832699236084,9.383398700866026
KUO,FIN,EU1,-0.00253676622560541,0.0036420127885368556,-0.006178779014142264,-0.011685464279898831,0.006974467773440846,-0.006549569887194341,-0.003657420881998614,,0.6076220972298452,1,-0.40061878236508464,0.24209353583171797,1.0986122886681098,-1.8656160812918905,4.495330680639246,5.846739670826223,0.0025294135764444992,12.467451809560902,10.741031351305583
KUS,GRL,NA1,0.010299256487836476,-7.438918272495952e-05,0.01037364567056143,0.008813298126546302,-0.0255225253190832,-0.005995279825909891,0.018114951518522535,0.0038343738241819773,0.6346293501439567,3,-0.6479497336417939,0.2392280904023169,1.3862943611198906,-1.797731986063888,3.045973445147687,6.263248625765283,0.43763060258433195,10.062583129041906,10.594053288134592
KUV,KOR,AS4,-0.01650282278858206,-0.009195305294170784,-0.007307517494411268,0.0036353921968146,0.002579858789473254,-0.010520869882126124,-0.016734476874828864,,0.5591060549509856,2,-0.5424709979968058,-0.6622114618115521,0.0,-2.037069656533686,5.207461965473188,5.583496308781699,0.0,11.5722127223251,10.102000858470229
KVA,GRC,EU1,-0.010598166838894632,0.01427689968885762,-0.02487506652775226,-0.031388215240526166,0.012725485552040835,-0.02747448123463031,0.03343257402665836,,,0,-0.25598628716013516,0.4538107726071174,2.70805020110221,-2.419556881256493,4.709214684560025,6.668749879753278,0.377684591250311,12.012384735796825,10.08471240855404
KVB,SWE,EU1,,,,,,,,,0.5660565743125388,2,-0.6706293927437388,-4.554828211095532,0.0,-1.4932685548166331,2.9444389791664403,5.777652323222656,0.0,6.633318433280377,10.804911375886864
KVD,AZE,EU2,0.05190871191544319,0.053625748629554756,-0.0017170367141115764,-0.003926307461892381,-0.0027302647725599024,0.045394741858946985,,0.04309283326201356,,0,-0.4597139932419165,2.267151732581853,1.0986122886681098,-1.9010145029680803,4.977591318830412,7.395956415845512,1.0,11.013072751355168,8.392129449389108
KVG,PNG,SW1,-0.007712543085384985,-0.02553683574634783,0.017824292660962845,0.0030358383622314912,0.005624605782800558,0.0007119666043676537,-0.007712543085384985,,0.5667801306429081,1,-0.5814762599542682,0.04826896151283275,1.9459101490553132,-1.9375715475997224,4.106924880809295,6.080957821613683,0.0,10.62607216874969,
KVL,USA,NA1,-0.017863201366700575,-0.022010450787589637,0.004147249420889059,-0.00029758618759459683,-0.0032907452990253785,-0.02018652832459413,-0.017863201366700575,,,0,-0.7360014279254645,-0.3424693665770967,1.0986122886681098,-1.278455815526316,1.9706415932383674,4.83203344151208,0.0,9.558458813231795,10.894689012037176
KWA,MHL,SW1,-0.018718971435910774,-0.04446529369996938,0.025746322264058607,-0.0055474638119144175,-0.001149863378188828,-0.02557095187962706,-0.023690344296267117,-0.010773774842804095,,0,-0.40699196627816325,-0.16444955905363234,2.302585092994046,-2.2463486883877315,4.381330266357748,6.559058969596541,0.42705273041160613,11.097925039878724,8.132553254681103
KWE,CHN,AS4,0.007860535176467197,0.005640337464951364,0.002220197711515843,-0.00780285824784379,0.0012821032818277319,0.001677583269645221,0.008748981256563029,-0.04790695730965455,0.668353584866282,2,-0.03200710935057074,2.0324966742629424,3.8918202981106265,-2.3743833907569436,4.7986554796736245,6.861867036953121,0.01351499798157879,14.903286343244295,8.391574866779688
KWI,KWT,ME1,-0.004524950702047035,-0.00012576275847643424,-0.004399187943570601,-0.0030829617891978754,0.0009799304759469333,-0.006656908804427026,,-0.004518889609250183,0.5964265093652911,1,0.28554149501558707,0.5438156967580405,4.343805421853684,-2.1934051005495303,5.19023890869546,7.574182031881267,1.0,15.485869895223262,10.624100798407747
KWJ,KOR,AS4,-0.00010763815315591283,-0.00045858633656732303,0.0003509481834114062,-0.004630114537334352,0.0034920628766849007,-0.0012261079127085595,0.004568197803280813,,0.5931405396245737,2,-0.2369129053424626,-0.3761656432383037,2.0794415416798357,-1.939410595251921,5.0963503129694,5.588347517829277,0.08255369394333271,13.864457852645204,10.102000858470229
KWL,CHN,AS4,0.00892919000593969,0.013709727338747977,-0.004780537332808284,-0.0036443990250959743,0.0013364449400634078,0.0068264042775281735,0.010655913912970109,-0.00817179856815063,0.6038441337768363,1,-0.06297664509068969,1.1417198294944453,3.7612001156935624,-2.4215023963560736,5.027415332228004,6.810110240899739,0.10241243736906636,15.01386440547848,8.391574866779688
KWM,AUS,SW1,0.03044872190541141,-0.051692845991107156,0.08214156789651858,0.0002889306548618056,0.005097420621351041,0.04205595030132095,0.03044872190541141,,0.5850480795712023,2,-0.6260639016228204,0.35495525305920583,0.6931471805599453,-1.5913677814202416,3.4633291627691616,5.576733753241773,0.0,8.80086724247048,10.871826484872283
KWN,USA,NA1,0.019050664269562576,0.007761413425261456,0.01128925084430112,0.007222673071536557,-0.017277472918037193,0.008369954515030831,0.019050664269562576,,,0,-0.7356007178205056,0.4708010941890493,1.0986122886681098,-0.826645385874714,1.8439760946953723,4.379053894945852,0.0,10.097984685260217,10.894689012037176
KWT,USA,NA1,0.03629922205714226,0.020352384923056993,0.01594683713408527,0.0015505107126725882,-0.018157130070098275,0.019435825486196552,0.03629922205714226,,,0,-0.7308673709258938,-0.9059182829561838,1.3862943611198906,0.4096963218942067,1.791759469228055,2.614026150400905,0.0,8.83927669058535,10.894689012037176
KWY,KEN,AF4,,,,,,,,,0.5542156350078529,1,-0.7640419241132997,-4.159895302374592,0.6931471805599453,-0.8555982016291995,2.8903717578961645,3.8501476017100584,0.0,5.780743515792329,7.177714421121875
KXK,RUS,AS4,,,,,,,,,0.6191531425362157,3,-0.6152182176818375,-0.07914757158937971,1.0986122886681098,-1.8689033558187709,4.284933256720949,7.65350963075732,0.0,9.849453664043642,9.064204880368637
KYA,TUR,EU1,0.030008306724548135,0.03245381966200599,-0.0024455129374578535,-0.00563301882900143,0.0013353203983679984,0.02582841175474826,0.03109661276069981,,,0,-0.40892018926743934,2.715265100180645,0.6931471805599453,-2.2140146753809806,5.012548432511365,6.2652140686936,0.032057225177937215,11.850953633358708,9.04517480014172
KYP,MMR,AS3,-0.05797887229783642,-0.07586450259850519,0.017885630300668684,-0.02214947900527808,0.01452138489502942,-0.06343460713135957,-0.05797887229783642,,0.5987003735652079,2,-0.6160316724168445,-0.056089466651043585,1.0986122886681098,-1.3648206204595168,3.784189633918261,5.1647859739235145,0.0,9.344871264933788,
KYS,MLI,AF3,,,,,,,,,0.572948584226127,1,-0.6333950058507012,1.4812145361835003,0.0,-1.8114285271863109,3.372391382413074,6.066108090103747,0.0,8.865452825753623,6.665548568543968
KYU,USA,NA1,0.003878442137553609,-0.0044968070151540085,0.008375249152707617,0.10820020569585252,-0.03674007516814212,0.07255077687706418,0.003878442137553609,,,0,-0.5320900985222318,-0.5506692743940382,1.9459101490553132,-0.7659614570840108,2.1133926625168997,3.798809055592762,0.0,9.435242376305256,10.894689012037176
KZI,GRC,EU1,,,,,,,,,0.6039761563736001,2,-0.4766758259529342,-0.9468538101314358,0.6931471805599453,-1.1300304074667493,3.9541422713354386,4.563145255253738,0.0,8.617581365447506,10.08471240855404
KZN,RUS,EU2,-0.00570820986923025,0.007062160536024655,-0.012770370405254906,0.008497004740625758,-0.009822394110183623,-0.006701234174904911,-0.011257575255675452,0.01250574433739985,,0,-0.15559658414910427,1.1885457547225708,3.4657359027997265,-1.9805869313749256,4.615450783161954,6.948316535018087,0.16965116253973872,13.046214246579803,9.064204880368637
KZO,KAZ,AS2,-0.009905638603568693,-0.0013178794236023592,-0.00858775917996633,-0.0006852872663525199,-0.0031995164528428916,-0.013469033352050738,-0.011486985515864693,,,0,-0.5184818099305954,2.5604214960027707,1.791759469228055,-2.173129690618483,3.9240307884331314,6.80077649845051,0.0,11.201278515064615,8.99179572921663
KZS,GRC,EU1,-0.003482769272260643,-0.002338795793151932,-0.0011439734791087116,0.0013531992404522066,0.0001782645829572365,-0.002023606647727437,-0.003482769272260643,,,0,-0.5948169170085734,1.0389262725572748,0.0,-0.9344170299591487,3.6109179126442243,4.882801922586371,0.0,9.256364810287462,10.08471240855404
LAD,AGO,AF2,0.057832531568003276,0.07268174684932795,-0.014849215281324706,-0.018884015820519753,-0.0015383565336418927,0.03783122972374886,0.2221920535027495,0.032740963640093976,0.5690584528195743,1,-0.10871813313557281,-0.18630300156452032,3.1354942159291497,-2.1947247465796136,5.378577994091586,8.29082443542513,0.9779214912908877,13.207810531635177,8.112636667815755
LAE,PNG,SW1,0.0012564340870431514,-0.003360211413764801,0.004616645500807955,0.007804676107816711,0.005514618769253241,0.014821282516094377,0.0012564340870431514,,0.5381267537012776,2,-0.5180029475293586,-0.5007054541443567,2.70805020110221,-1.7097920009592622,3.895734197431763,5.711482223193176,0.0,12.145047943692399,
LAI,FRA,EU1,-0.0019178461319201865,0.018561074249262167,-0.020478920381182354,-0.0003652840859969136,0.01929009210971188,0.016641952163022115,-0.0019178461319201865,,0.5850830137322096,2,-0.4982411707967663,0.24177747486806003,0.0,-2.190530712584313,4.202590644465638,6.063785208687608,0.0,10.873356965311512,10.500183536717612
LAJ,BRA,LA4,,,,,,,,,,0,,,,,,,,,8.987603389267655
LAN,USA,NA1,0.003752861628953363,0.005472525207200641,-0.0017196635782472781,-0.008860042464283312,-0.0007380201905897654,-0.005555464020258635,0.0029763484598281315,,0.6053845795374122,2,-0.008657845434598318,-0.6499147691922604,4.110873864173311,-1.838322283963422,4.275434732182237,6.278533467854869,0.0,12.885207104891569,10.894689012037176
LAO,PHL,AS3,0.02615498211307173,0.026467194320968564,-0.0003122122078968348,0.01068616008895928,-0.00941992642799909,0.027137954146815045,0.020467732573282257,,0.605706257037657,1,-0.370928458712926,0.5514508516064612,1.0986122886681098,-2.192273096614866,5.001592407017744,6.056725609018287,0.03282200702716599,11.156450501034163,7.700452054329457
LAP,MEX,LA2,-0.011339153902963348,-0.009785404790403884,-0.0015537491125594666,0.007644560158130318,-0.011132993394657266,-0.014870801400080673,-0.007534538130106736,,0.6836452347442644,3,-0.1993164862508752,0.019715371090776677,3.332204510175204,-1.9719628108618192,4.200565467132589,6.622279369756336,0.07320015017053942,13.12389021120015,9.19803449697713
LAQ,LBY,AF1,,,,,,,,,,0,-0.5571378971112179,0.6479802694563012,0.0,-2.052818467957707,4.758518539024742,6.71174039505618,0.0,10.593329276087347,9.526096668898754
LAR,USA,NA1,-0.04353070876320879,-0.018517526236059127,-0.02501318252714966,-0.011916077113375952,-0.0017359640753654118,-0.049404746997948654,-0.04353070876320879,,0.5742147348887316,1,-0.4695864606144222,0.060218859993054666,0.6931471805599453,-1.5451640740908916,2.9444389791664403,5.508892468849222,0.0,10.332766838743547,10.894689012037176
LAS,USA,NA1,-0.014506830411765193,-0.014026651722236464,-0.0004801786895287264,-0.0026035955210955,0.002130234083152178,-0.014872762919900962,-0.014781361743268762,-0.010191295553600821,0.5977046444847862,1,0.875778941024187,0.15913685593690452,5.332718793265369,-2.4900064584710218,4.938193618695337,7.431587646364658,0.047009958475316596,17.221791960728602,10.894689012037176
LAU,KEN,AF4,-0.040651845432756364,-0.03815460104266761,-0.0024972443900887612,-0.03330891237186078,0.03433115374025366,-0.04341226373437357,-0.040651845432756364,,0.5853184772828866,1,-0.5205090641121637,-0.25250982575790504,1.3862943611198906,-1.4941061036177181,3.6336486656709552,5.663681816333392,0.0,10.511975133962281,7.177714421121875
LAW,USA,NA1,0.03536658500826867,0.008796297346808406,0.026570287661460246,0.0365206628575873,-0.022142569794216464,0.047823740501576714,0.03536658500826867,,0.5572788854490958,1,-0.41680358989658844,-0.5856979493058053,0.0,-1.4798032514357764,3.546411758679869,5.4116460518550396,0.0,11.303462900711883,10.894689012037176
LAX,USA,NA1,-0.012880581798948212,-0.009747182761869306,-0.003133399037078904,-3.5392947640954154e-05,0.0024802040003229792,-0.010439497703105819,-0.011843005822343069,-0.015579940126337326,0.7454384468369111,3,1.170171961642489,-0.31913841823622874,5.4638318050256105,-2.26156872127458,4.858357324309234,8.137901730500896,0.2712121276345615,17.547377588033402,10.894689012037176
LAZ,BRA,LA4,,,,,,,,,,0,,,,,,,,,8.987603389267655
LBA,GBR,EU1,-0.014093169907137132,-0.014654040116879975,0.0005608702097428403,0.013423729069749632,-0.001290129971245644,-0.0026833947129759304,-0.022890776521702506,-0.01046476324596086,0.6059647422076679,1,-0.028966196200949028,0.8678590157480794,3.912023005428146,-2.361575490400403,4.643420867573441,6.681305790572791,0.6370368756663659,14.666112667588047,10.711795251008132
LBB,USA,NA1,-0.01446815330475408,-0.015917251946174098,0.001449098641420015,0.00278212467290542,-0.0037785453683633775,-0.015098034793605126,-0.01446815330475408,,,0,0.0458952317536895,-0.18755197066553142,4.2626798770413155,-1.940587955393457,4.465977626442617,6.301551864528861,0.0,13.684980371497453,10.894689012037176
LBE,USA,NA1,,,,,,,,,,0,-0.4467087321616446,-0.6561004430696041,1.3862943611198906,-1.781912622995435,3.4965075614664802,5.973809611869261,0.0,10.085434038999999,10.894689012037176
LBF,USA,NA1,-0.010613141709179178,0.020353407532003723,-0.03096654924118291,-0.000673040020638955,-0.0015630013802521432,-0.0179509159281864,-0.010613141709179178,,0.5776538604642638,1,-0.4645443477215017,0.00853357820075479,0.0,-1.7096078117898554,2.9444389791664403,5.8971538676367405,0.0,9.87395574993009,10.894689012037176
LBJ,IDN,AS3,0.02671744057186428,0.02576743957553561,0.0009500009963286621,-0.011527361307342774,-0.03395553130280023,-0.016302109013779927,0.02671744057186428,,,0,-0.552798543960862,1.7764919970972666,1.3862943611198906,-1.6439390692094045,4.31748811353631,5.962293169807702,0.0,10.348173373797573,7.764360911576746
LBL,USA,NA1,-0.012672848590441078,0.004948618803418604,-0.017621467393859683,0.022350682347779347,-0.009671182682918276,-0.001681743829126019,-0.012672848590441078,,0.5596544260275744,1,-0.4701007958144185,-0.09912615425258921,1.0986122886681098,-1.5932846386278416,2.9444389791664403,5.558330814433071,0.0,9.843153513496429,10.894689012037176
LBS,FJI,SW1,-0.04094816290781844,-0.036815989240943744,-0.004132173666874693,0.0018776576004378566,0.005783361131784055,-0.03185290312810021,-0.04094816290781844,,0.5499117967829684,1,-0.5630915627990607,-0.21798739073357495,1.0986122886681098,-1.5911455298920454,3.2090479810834616,5.294617384548987,0.0,11.287115862898899,
LBU,MYS,AS3,0.025549783532476986,0.0219064223442796,0.0036433611881973834,0.0027339636210787885,-0.0007417006614048341,0.027291731245821904,0.025520050796800912,,,0,-0.38814138503025575,-0.3836080397406684,1.0986122886681098,-2.3053279255633066,4.669557395137762,6.496812561747473,0.0,12.933920724869429,8.957973567306357
LBV,GAB,AF3,0.004994915904265793,0.0025969477790364986,0.0023979681252292878,0.008953985079002955,-0.004270758177925262,0.009628436317086273,-0.03934509049626346,0.00697253667879189,,0,-0.1876842199856812,-0.07907823355687064,3.258096538021482,-2.0886192849761276,4.409107435531711,7.406625200291394,0.8066145887804603,13.116755683638624,8.840533001332654
LCA,CYP,EU1,-0.01521238831281797,-0.01478971041203083,-0.0004226779007871394,0.009838082952613217,-0.002219516880935749,-0.007947745138311733,,-0.014726417545828971,0.6059899836975586,2,0.08108152376718111,0.25367010403198564,4.127134385045092,-2.5143288898055536,5.072092008529195,7.443785121234274,0.9665705301142942,14.901879198135365,10.209383430457788
LCE,HND,LA2,-0.007561292006020424,-0.01634162592030728,0.008780333914286854,0.005068096174291068,-0.001107712791429244,-0.0007844778010828342,-0.009499573432740709,0.04454463526083248,0.5583870718450414,2,-0.4795704088649545,0.2047037645117918,2.0794415416798357,-1.3102262591766614,3.3690151574989673,4.978942507537826,0.02240146219717104,12.753560905666847,7.6658449958021375
LCG,ESP,EU1,-0.012219703423099207,-0.006798772677262028,-0.005420930745837175,0.0006312664111547215,-0.001863078718730652,-0.01357804275936051,-0.014341014020382261,0.0031951470350962663,0.5614861242707816,1,-0.26747996601324736,0.791867310415369,2.0794415416798357,-2.2654650373912575,4.88769325812448,6.487784619299442,0.08356178159034965,13.726535071555771,10.216062049970796
LCH,USA,NA1,0.022344861455727685,0.017833033814544583,0.0045118276411831,0.015480799627331135,-0.006027644911132139,0.030151167431682425,0.022344861455727685,,0.6179194866673856,1,-0.2754199780575223,-0.3226217143298312,3.295836866004329,-1.3254148145146494,3.637323841708006,5.313205979041787,0.0,11.423875648136718,10.894689012037176
LCR,COL,LA3,,,,,,,,,,0,-0.7687185959236945,-0.4959791156489963,1.0986122886681098,-1.824360907354036,3.1675825304806504,5.906766282284184,0.0,7.8119734296220225,8.506587672816924
LCY,GBR,EU1,-0.013539133769404375,-0.013057020159356643,-0.00048211361004772983,0.0009354109723407918,-8.519138725537968e-05,-0.012576655653195629,-0.03781771106757634,-0.007451042112461639,0.5934906751780085,1,-0.036452231218239144,1.1274785889898207,3.713572066704308,-1.991345119435751,4.238281915779893,6.408391669727574,0.7803350606109574,14.930931126059201,10.711795251008132
LDB,BRA,LA4,0.012420885375891876,0.010770057572385187,0.0016508278035066832,-0.00578606013695745,-0.002999369781676154,0.0041900312294968585,0.012420885375891876,,0.6492005035300329,3,-0.3847343275417995,-0.013455221586633566,2.302585092994046,-2.0904218019258236,4.893579996842898,6.033992999699979,0.0,13.101799380339733,8.987603389267655
LDE,FRA,EU1,0.031053553209356113,0.025669224934946715,0.005384328274409402,0.0009241180525263589,-0.0074482132018368185,0.025055345415924163,0.028892783376039753,0.05007364435532405,0.5482806800690542,1,-0.3734683351135167,-0.38019992445484857,1.6094379124341003,-2.048201415701145,4.28741213911031,6.501997767331784,0.07548577977983315,11.22569662312727,10.500183536717612
LDH,AUS,SW1,0.003274190037048736,-0.032785194104771515,0.03605938414182025,-0.00043129667034907476,-0.03588390630232305,-0.033007905741655935,0.003274190037048736,,0.5734362748086073,1,-0.4451630358092,0.3620297090763923,1.0986122886681098,-1.2195312477414766,2.9220199688469464,6.6494525372846995,0.0,10.048107242146072,10.871826484872283
LDI,TZA,AF4,,,,,,,,,,0,-0.6010007220250633,0.4306855087511106,0.6931471805599453,-0.9103751592141243,3.828641396489095,4.2626798770413155,0.0,8.463370384718731,6.595124587865934
LDU,MYS,AS3,0.01977412342975527,0.011205197828474692,0.008568925601280582,0.00022343191511070603,-0.003032360402382961,0.017627674085695877,0.01977412342975527,,,0,-0.5750768206716079,0.19463679012915905,0.0,-1.814120881321696,3.912023005428146,5.594711379601839,0.0,11.145478424049585,8.957973567306357
LDY,GBR,EU1,0.014819210722060923,-0.0032320261906848835,0.0180512369127458,0.015396159398494345,-0.012246512687791249,0.017232629409995315,0.009855226827324117,,0.555657149663041,1,-0.4236961864413046,-0.20125647231563246,1.9459101490553132,-2.27728126867715,4.866409432758525,6.011041830511509,0.06660821941531102,12.820079211408322,10.711795251008132
LEB,USA,NA1,-0.006700151333267244,0.014137011041209686,-0.020837162374476925,-0.01801342684877052,0.006716288915298916,-0.01820143596624888,-0.006700151333267244,,0.5453701481869984,1,-0.5057967694991479,-1.3664888158153683,0.6931471805599453,-1.708647094265245,3.1627573666875137,5.8377304471659395,0.0,10.247821660640062,10.894689012037176
LED,RUS,EU2,0.017154557210748718,0.018008479343348968,-0.0008539221326002519,0.0038871362831318906,-0.006360590341285658,0.014344352400197127,0.013210489939037447,0.023374689277372615,0.6485302169988167,2,0.39705844424689096,0.5673095943076225,4.836281906951478,-2.121237431186465,4.773028203253274,7.33281721918315,0.468940386808425,15.20059318523114,9.064204880368637
LEH,FRA,EU1,,,,,,,,,0.5724740849282702,2,-0.3613095560457591,-1.388816277134695,1.791759469228055,-2.023791425026671,3.524638693241376,6.239011630435179,0.1857442435064261,10.782346370401418,10.500183536717612
LEI,ESP,EU1,-0.01969804426717391,-0.01520429191064037,-0.004493752356533524,-0.008739377484920478,0.0033305938666392115,-0.024430605264466783,-0.015824328072943216,-0.033549890596650894,0.5925309452211038,1,-0.17636308713158383,0.8618338777989417,3.091042453358316,-2.544012859902559,4.706478731413143,6.978817563398884,0.4833890570547064,13.487727064650006,10.216062049970796
LEJ,DEU,EU1,-0.017721908991838526,-0.010286941753729201,-0.007434967238109335,-0.0049641539135192505,0.03241459151684781,0.009001090505399571,-0.015771998392135663,-0.020057215259270175,0.6125006080970132,2,0.012058025623955268,-0.004744328392662595,4.04305126783455,-2.3226013531346528,4.625645019488357,6.92454162054882,0.4386375360975266,14.270361843067125,10.56082813498111
LEQ,GBR,EU1,0.011750288897978963,0.0012429033894437657,0.010507385508535198,0.0012812940429100534,0.0014014395958182723,0.014636451057558711,0.011750288897978963,,0.5901704625333295,1,-0.7806343670633122,-0.5692611957792875,0.0,-1.153191895454711,2.2442495159810822,3.871201010907891,0.0,9.334326351757174,10.711795251008132
LER,AUS,SW1,,,,,,,,,0.5938916538082493,2,-0.5879281806854604,-1.6085155986075481,1.0986122886681098,-1.8769287211618966,3.303603895341989,6.217162947014515,0.0,8.645938147306799,10.871826484872283
LET,COL,LA3,0.04184320770165488,0.061377123836466124,-0.019533916134811244,-0.00017269726215070683,0.0028468859773451986,0.044628473941724506,0.04184320770165488,,0.5638531526627748,1,-0.5299100078752744,0.29737056927791305,1.3862943611198906,-2.286317921499806,4.724329310063109,6.960678721533661,0.0,11.014044880972106,8.506587672816924
LEV,FJI,SW1,,,,,,,,,,0,-0.7186386688094655,-0.25593337413720063,0.0,-1.2904983586177285,2.764257654892792,3.8501476017100584,0.0,9.283404942833188,
LEX,USA,NA1,-0.004557158839333895,-0.0024543438782948183,-0.0021028149610390788,0.0038069311812792923,-0.0002708992030303324,-0.0012625944000071321,-0.004557158839333895,,0.6043789770622299,1,0.13322865250935556,-0.3904615124568083,4.543294782270004,-1.7820477824456793,3.9074201396057937,6.288083466782972,0.0,13.531259924718462,10.894689012037176
LFT,USA,NA1,0.008734339512314903,0.011770281416553669,-0.003035941904238766,0.0009073708291332119,0.002770092719691481,0.011787938677206393,0.008743292980234728,,0.6080389537530737,1,-0.026035880100784815,-0.09827789689390981,4.110873864173311,-1.7420841366779267,3.7339109112694255,6.186930657006413,0.0,12.670209096497862,10.894689012037176
LFW,TGO,AF3,-0.012161566398882773,-0.017693530874197626,0.005531964475314859,0.035755558450762365,-0.017011332569292915,0.0055366262473735385,,-0.012161566398882773,0.5943862246642384,2,-0.25728283162990434,0.07895640214992615,2.833213344056216,-2.119188425968406,4.713697996850855,7.534873285812694,1.0,12.78021948732085,6.403305690680813
LGA,USA,NA1,-0.006719429376974536,-0.0038281317546925943,-0.0028912976222819414,-0.001404090345056523,0.0006486335798877303,-0.0074024052717789795,-0.006799006368776544,-0.004845755251127411,0.6191522204625535,2,0.6984040787869332,-0.11063675514490996,5.209486152841421,-2.2649602308700993,4.518945852613484,6.996891741885013,0.050061276507385,16.729777157741836,10.894689012037176
LGB,USA,NA1,-0.005228269879985049,0.0024935599016089943,-0.0077218297815940425,-0.002591319622797972,0.0009168579846613103,-0.006967459703022804,-0.005223377128136647,,,0,0.019770280621639477,1.3149873438929995,4.02535169073515,-2.5302362670378944,4.84255685767259,7.587909538653121,0.0,14.424253868123486,10.894689012037176
LGI,BHS,LA1,-0.00014123885427518793,0.005778799553078922,-0.0059200384073541095,-0.0027120802727973927,-0.000710823641867158,-0.003945038750084961,-0.00014123885427518793,,0.5696669823253535,1,-0.549472065501105,0.4180018966524874,1.0986122886681098,-1.7662644045160487,3.649564585315598,5.733341276897746,0.0,10.202072472350189,10.420772350869472
LGK,MYS,AS3,0.020754333683597238,0.02662811968994224,-0.005873786006345002,-0.005384196334349457,4.3704458745542625e-05,0.015562782305962978,0.022170826822243722,0.006340771522523472,0.6072351657905148,2,-0.27998136772101373,-0.12108302899712757,1.6094379124341003,-2.2258630846323495,5.069208389296263,6.177494776817994,0.11098821215663116,13.505191525286957,8.957973567306357
LGP,PHL,AS3,0.019966246402911374,0.01717336166425978,0.0027928847386515764,4.428499240593428e-05,-0.005029795753314108,0.014918682681185621,0.019966246402911374,,0.6003577327076763,2,-0.43269302717291785,0.401137588883312,0.0,-2.0866420944219786,5.02216082996675,5.793013608384144,0.0,11.794096385806352,7.700452054329457
LGW,GBR,EU1,-0.006537157082101909,-0.004353409228384583,-0.0021837478537173245,-0.012355526744282211,-0.0017304869181038827,-0.020346518154893512,-0.002556697326035587,-0.006716361951734574,0.5808939858789458,1,0.8861886157891229,0.2684982299530299,5.5093883366279774,-2.4184256160885607,5.09447881689532,7.852927476851588,0.8466181220347321,16.776243694957987,10.711795251008132
LHE,PAK,AS1,-0.011914356759928052,-0.007281457408411134,-0.004632899351516918,0.0018700594460623605,-0.003587845682841934,-0.01357756613891092,-0.008267689447131205,-0.010551095770963347,0.5864859349894346,1,0.11153260581784162,0.010342179471454218,3.828641396489095,-2.22106086522983,5.064008901703415,7.632253791670167,0.511323825990585,14.627397649562631,7.14310852796464
LHR,GBR,EU1,-0.007212112107490496,-0.005704493804107813,-0.0015076183033826819,0.002702100877282289,0.001988275638831069,-0.0025634697796989665,-0.00021941238012849725,-0.007396643174879982,0.5886686239210495,1,0.9839415169611992,0.04584205569608109,5.342334251964811,-2.258895847713866,5.213340508101333,8.20957691099194,0.8797019470577865,17.722118066021334,10.711795251008132
LHW,CHN,AS4,-0.020521136819814163,-0.025036094497327115,0.00451495767751295,-0.004138911105578458,-0.001039131359072553,-0.025453514191433133,-0.020254887405112797,,0.5933809751503536,1,-0.15613803242989097,1.5577729816732724,3.5263605246161616,-2.472366021731234,4.844662151982675,7.068819405455197,0.0,14.476669011405031,8.391574866779688
LIF,NCL,SW1,-0.003772926695898759,0.0006878171492754996,-0.0044607438451742575,0.002948177778191662,0.0018008187215870337,0.0002553563054143196,-0.003772926695898759,,,0,,,,-1.0833173347135445,3.8425238942879982,4.9376304628059495,0.0,11.558539160930586,
LIG,FRA,EU1,-0.005868731630751377,-0.008602723124125713,0.0027339914933743347,0.003191107427325242,-0.003261909975155219,-0.006079968181461658,-0.020373716260649193,0.0025883187723469286,,0,-0.29778544433504683,0.76099826743892,2.302585092994046,-2.2912330158164447,4.377658509743738,6.353062401683504,0.5772542944365973,12.561335092364395,10.500183536717612
LIH,USA,NA1,-0.019898230496763487,-0.010927831690050387,-0.0089703988067131,0.019445460348203485,-0.004751326472709972,-0.006396738300138212,-0.0204993069194333,,0.571891896653675,1,-0.1567605355960008,-0.35491383459406317,2.70805020110221,-2.2434905415559134,4.673737938085662,6.777352307842927,0.0,14.567225658543457,10.894689012037176
LIK,MHL,SW1,,,,,,,,,,0,-0.7203435687522732,-0.06302353329234668,0.6931471805599453,-0.9155459443710152,3.5263605246161616,4.967298319331812,0.0,8.069655306886165,8.132553254681103
LIL,FRA,EU1,-0.002224920794479388,-0.007168724032101413,0.004943803237622023,-0.00026069276303470316,-0.0032942695454900783,-0.0060814193232428294,0.0012741732544863083,-0.012293391504628283,0.5746867727073344,2,-0.3188766738584323,-0.0017159927506883758,3.091042453358316,-2.240292646606975,4.421021590499488,6.772549549274772,0.21758942568591813,13.394499739020523,10.500183536717612
LIM,PER,LA3,0.0032170005661325933,0.007046564194295115,-0.0038295636281625188,-0.0028392439709083806,0.0014132116304952681,0.0018255822915323125,0.0066351231840290174,0.001932207899379721,0.6162936768661011,2,0.2739512729993908,-0.08618001177121508,3.970291913552122,-2.3878470196135915,4.981445274669946,7.896549975855598,0.6288215654689305,15.484565714391875,8.391128985115767
LIN,ITA,EU1,0.022021681687946396,0.017767903364820772,0.00425377832312562,0.0022091834684867633,-0.002178459852935614,0.021869077007739095,0.026152177700980942,0.025804714579894444,0.5387807822867816,1,-0.03797970800492593,-0.5648148271633102,3.4965075614664802,-2.253475865718572,4.9387148102954095,6.592413150991908,0.2605172642080927,15.942646306328617,10.438808040299792
LIR,CRI,LA2,-0.020795780967236752,-0.006432556954290715,-0.01436322401294603,-0.0053146325744585984,0.0005216938087074478,-0.025343617687874652,-0.014917023546498086,-0.020246189872119034,0.6687424161671407,2,-0.11713252287128467,1.698434963823144,3.4965075614664802,-2.514183908241004,4.174566840721846,7.642390359690265,0.8295216099367686,12.556856269673283,9.188044812282184
LIS,PRT,EU1,-0.017217793078363672,-0.0136661724260277,-0.0035516206523359727,0.007816028454493498,0.001078120874732043,-0.008506212463958291,-0.034030931883429295,-0.013741645755324255,0.5876245252753955,1,0.3875394437006762,0.46344761458476774,4.584967478670572,-2.4534042058154397,4.909130497109339,7.561544232569382,0.7820143027006822,16.11434803741878,9.902465561885505
LIT,USA,NA1,-0.0010885969874527435,-0.006731691029543421,0.005643094042090675,0.0024732627728962387,-0.003733366727634385,-0.0025512745741516274,-0.0010885969874527435,,0.6442567959441967,2,0.3050649138490817,-0.3105645333086594,4.912654885736052,-2.106033716206658,4.354735346072156,6.631941802249411,0.0,14.404485405586536,10.894689012037176
LIW,MMR,AS3,,,,,,,,,0.5859951562273882,2,-0.6330110816162949,-1.486835590341768,0.0,-1.703857018819568,3.784189633918261,5.793013608384144,0.0,8.428580533059634,
LJG,CHN,AS4,-0.0034558718926238872,-0.004633944433613056,0.0011780725409891676,0.000526209736492063,0.00014386265234112993,-0.0021710340227405218,-0.004238220372365247,,0.6246083155074196,1,-0.2867919378312179,4.143255613533206,2.3978952727983707,-2.0982820334871466,4.860779254051693,6.140083193403343,0.0,13.993806522925206,8.391574866779688
LJU,SVN,EU2,-0.00976346363644326,-0.0038528802731342734,-0.005910583363308984,0.0018076940149711555,-0.0021354687785993037,-0.009908630000396521,,-0.00976346363644326,0.5922865694383266,1,-0.0859852042644128,0.6511836675040449,3.5553480614894135,-2.181179802655425,4.2708392536398945,6.719283090629757,1.0,13.901401974699148,9.975146646136327
LKL,NOR,EU1,0.006278599225236662,0.00038537297827033034,0.0058932262469663325,-0.001144377363076959,-0.0034723517017991854,0.001439474170739215,0.006278599225236662,,,0,-0.4989523625550371,-0.15751708398789332,1.3862943611198906,-1.819073687612928,3.84715263199867,5.594435688952057,0.0,11.018809454767185,11.24000991778092
LKN,NOR,EU1,-0.004109541323164276,-0.0036452179979750464,-0.00046432332518923025,-0.0038634718633746845,0.003193158646456515,-0.004587346962075232,-0.004109541323164276,,0.725307701292833,3,-0.7248240897183748,0.007687607544020388,0.6931471805599453,-0.9945612469129121,3.6635616461296463,4.546766932314848,0.0,11.356587394547535,11.24000991778092
LKO,IND,AS1,0.012876772084247189,-0.003457794592416608,0.016334566676663796,-0.0017254047232594053,-0.012915277025978809,-0.0015550946689585638,0.016332866051745477,0.0026376726930799578,,0,-0.28550310844848514,0.5875501560470544,2.302585092994046,-2.1789601226758766,4.661920001398652,6.5557761366136456,0.08267951461735527,13.069521516184796,6.97470991159236
LLA,SWE,EU1,0.006649381890376257,0.009556690782317771,-0.00290730889194151,-0.008737947482767995,0.003115249949809025,0.0008092456037289435,0.009463455711903325,,0.5910921249831402,1,-0.40238510837174507,-0.16012591479711047,1.9459101490553132,-2.1632038977483194,4.655482850344073,6.516186501448543,0.0,13.19012295536403,10.804911375886864
LLI,ETH,AF4,0.0036923194770325813,-0.004874263637051459,0.008566583114084042,0.0067690153583225094,-0.01412699075295897,-0.0046734979379915356,0.0036923194770325813,,,0,-0.49325801500009603,1.0817723125628298,1.3862943611198906,-1.7056187713235902,3.9512437185814275,5.347130369328426,0.0,10.677477120940175,
LLW,MWI,AF2,0.02399259095789931,0.017750023697482846,0.006242567260416464,-0.014247944360581934,-0.0020791871226046336,0.008480180088812066,0.03133441271308943,0.020600045886597126,0.5625807032229447,1,-0.26244012949612927,0.19169853749203564,2.4849066497880004,-2.24303634241166,4.757692397201473,7.251678683959043,0.8658817338683155,12.673770493504259,
LMC,COL,LA3,,,,,,,,,,0,-0.7794419766050196,0.23967285326542026,0.6931471805599453,-1.3753045966565347,3.081254446992153,4.808375554791185,0.0,8.285261134068948,8.506587672816924
LMM,MEX,LA2,-0.04402583162935002,-0.032348411000073296,-0.011677420629276698,-0.0019866139540446904,0.001499030751116538,-0.04460507232345215,-0.04315017620721494,,0.6951395693244193,3,-0.27256934917840864,-0.28111225743292806,2.995732273553991,-1.9087046695437608,4.21017755101479,6.635049493664929,0.013514567868209279,12.790721057931789,9.19803449697713
LMN,MYS,AS3,0.018667946147701196,-0.011222319538171474,0.029890265685872663,0.0033725823046092613,-0.003198047240524753,0.020769630197742552,0.018565238620016564,,,0,-0.5863056395616418,-0.3651955546382442,1.0986122886681098,-1.3380127053055002,3.7304154793678483,4.804242326382204,0.0,10.891261386032147,8.957973567306357
LMP,ITA,EU1,-0.030331564059689915,-0.03814870671255871,0.007817142652868803,-0.015830078766273945,-0.001786206215968708,-0.04732400009430808,-0.030194534788058267,,0.5700827839341296,1,-0.37226376574035164,-0.11690936091223883,2.0794415416798357,-1.9583608723293313,4.3382145893870465,6.170540601700847,0.0015735863635078725,11.572391769136894,10.438808040299792
LMT,USA,NA1,,,,,,,,,,0,-0.4468563549663824,-0.3910642014554999,1.0986122886681098,-1.6347644547857842,3.616766019325244,5.961190713437553,0.0,10.666020860581082,10.894689012037176
LNB,VUT,SW1,-0.012234818173277071,-0.004594145908467513,-0.007640672264809568,-0.034466704918633045,0.008911624080849402,-0.036772180127265644,-0.012234818173277071,,,0,-0.6836716498949135,-1.5756142974404712,1.791759469228055,-1.3776523077240672,2.9444389791664403,4.585480759831591,0.0,8.013343181386672,7.934420995814924
LNE,VUT,SW1,0.0325158768199469,0.03813392932325643,-0.005618052503309519,-0.06043297356343791,0.012411996060757657,-0.013814345922578688,0.0325158768199469,,0.5850041892583564,1,-0.6589319013112581,-0.5995756276786607,2.1972245773362196,-1.8551442071130388,2.9405327241993753,5.888141528163663,0.0,8.53895468319775,7.934420995814924
LNK,USA,NA1,-0.009631195986229456,-0.006067316780535049,-0.0035638792056944067,-0.004968812642749235,0.0049393484102986645,-0.009381543925274662,-0.009631195986229456,,0.5818953943375185,2,-0.22854116623321574,-0.9200529786426895,3.044522437723423,-1.8448555344141697,3.984477080389332,6.625019425360578,0.0,12.39564286716004,10.894689012037176
LNO,AUS,SW1,,,,,,,,,0.5660570343495153,1,-0.5874845096977163,-0.2779008310969208,1.0986122886681098,-1.9101386898750403,3.3370989482653064,6.267709329438374,0.0,9.08330213880546,10.871826484872283
LNS,USA,NA1,,,,,,,,,0.5500849044945645,1,-0.5518445660509425,-1.485724709960916,0.0,-1.6772808186808443,2.9444389791664403,5.814130531825066,0.0,9.498372383192251,10.894689012037176
LNV,PNG,SW1,-0.040056762579502615,-0.05215737134181747,0.012100608762314861,0.03604325970540716,-0.0012640357768068985,-0.0047366089423156775,-0.0373930912796422,,0.5567777779574932,1,-0.6167478014911868,-0.8283108406976594,1.0986122886681098,-1.8747022077578468,3.031610945289119,6.370594013257194,0.0,10.07651606241849,
LNY,USA,NA1,0.031164696398398396,0.013023326197286307,0.01814137020111209,0.010786380167894072,-0.03275253269143278,0.00722283275937593,0.031164696398398396,,0.5567448787734923,1,-0.4562623924847984,-0.9468731661867746,1.6094379124341003,-0.7954746211409149,3.226013962400302,4.7352444508740845,0.0,11.68875096802048,10.894689012037176
LNZ,AUT,EU1,0.017718443637406593,0.021980550965316415,-0.004262107327909822,-0.008692375513873887,0.0048194858681073,0.014353757857041035,0.054717978169096,0.012385511978621536,0.6087683065724132,2,-0.18660816097581995,0.12948309904200522,3.295836866004329,-2.1860169860232492,4.3470341764284814,6.4853095864480315,0.7685839981428741,13.180351113927802,10.682097270561812
LOD,VUT,SW1,-0.02011128540435866,-0.02446673136552912,0.004355445961170467,-0.06917866626412614,0.03565686991466293,-0.05174774970724265,-0.02011128540435866,,,0,-0.6507010383752736,-0.5627218749892318,2.302585092994046,-1.4750240445930412,2.787661471363431,4.744177186272325,0.0,9.252249775053393,7.934420995814924
LOH,ECU,LA3,0.025820146846314583,0.028321896725089828,-0.002501749878775242,-0.0014673163715768602,0.005921499355306866,0.030078401072276734,0.025820146846314583,,,0,-0.5170071084456266,1.9823001748098081,0.0,-1.6264407599708326,3.9679735570371344,6.052089168924417,0.0,11.195636055765789,8.458568582904595
LOS,NGA,AF3,0.01604390965053418,0.014634396972537475,0.0014095126779966995,-0.0031308872535392475,0.0011789393225694277,0.013979739295755324,0.022822713890791567,0.008632295283130387,,0,0.14424238343229864,0.7434777907773104,3.9318256327243257,-2.2449349996669286,4.973243721981446,7.646291684705419,0.5095907046422133,15.1615718136347,
LOV,MEX,LA2,,,,,,,,,0.6007699113291067,1,-0.4488542764194533,-1.8287877016537277,0.6931471805599453,-1.8110684760995734,3.6109179126442243,6.535241271013659,1.0,9.175438319966918,9.19803449697713
LPA,ESP,EU1,-0.013766658958363275,-0.01420337685519333,0.0004367178968300535,0.004770796320378946,-0.004982432651246623,-0.014165635199120927,-0.018095162777042005,-0.007964352574784523,,0,0.23788925635203748,0.5689659255925619,4.584967478670572,-2.592788207128491,4.75719306122039,7.349432830372487,0.3126079604720296,15.434416506748422,10.216062049970796
LPB,BOL,LA3,-0.007555316455740651,0.019841246946267606,-0.027396563402008252,0.005910991116497137,0.0037583130480310467,0.001649224303266208,-0.012807272671453557,0.02408297541742551,0.5854908538845764,2,-0.22376546030783726,-0.22483846697420112,2.772588722239781,-1.803345189599395,4.710868891156268,6.150993352372123,0.13095725573041236,13.66425036332351,7.733432810667066
LPD,COL,LA3,,,,,,,,,,0,-0.7910967133358217,-1.2261488312976634,0.0,-1.73378870838207,3.1675825304806504,5.7745515455444085,0.0,7.118826249062078,8.506587672816924
LPI,SWE,EU1,0.039205316349863586,0.005052455629090501,0.03415286072077309,0.05535161560244193,-0.0071205108554669785,0.08583909661945278,,0.054358606342623225,,0,-0.4369110931558157,-0.15349876734027837,1.6094379124341003,-1.9299029641152323,3.483691793973202,5.688504486449808,0.6649730904710149,11.243305944670105,10.804911375886864
LPK,RUS,EU2,,,,,,,,,,0,-0.46906906445822405,-0.29829701657406615,1.0986122886681098,-1.9442802959207872,3.4888208771232834,6.108430744016123,0.0,10.100861911956375,9.064204880368637
LPL,GBR,EU1,-0.006995802139521028,-0.011982686872078763,0.004986884732557734,0.0020708612156106246,-0.0015602560777141317,-0.006606319261329112,-0.0069677957979072756,-0.006897199422306089,,0,0.11000988704040733,2.435552374844165,4.330733340286331,-2.6565747584342194,5.062147017408618,6.97548823975631,0.8129757320294818,15.072468998858573,10.711795251008132
LPQ,LAO,AS3,0.0033326660882207135,0.00635412066269991,-0.0030214545744792,-0.007981858240568983,0.006275245312469762,0.0015587306872376664,-0.002564856047484833,0.008485975890955488,,0,-0.3720307299286401,1.7594284431981453,2.0794415416798357,-2.1381274778685304,4.244588832946442,5.999695989676354,0.49354577262933164,12.217744266390575,7.170954560494024
LPS,USA,NA1,,,,,,,,,,0,-0.42092077225476626,-1.3575594236633508,1.791759469228055,-2.5383630067318026,1.8222666685803328,5.793734579185103,0.030892932712653406,8.866299565855018,10.894689012037176
LPT,THA,AS3,-0.03428177756082018,-0.04479069904505668,0.010508921484236485,-0.002251992073504961,-0.011129290062606056,-0.0455989948738668,-0.043746552572632255,,0.592035263031327,2,-0.42008188370063904,-1.8559144812525843,0.0,-1.999706095287682,3.912023005428146,6.269096283706261,0.0,10.392067567354799,8.468143081239914
LRD,USA,NA1,-0.00986040100003395,-0.0170156337773343,0.007155232777300362,0.01219475835994999,-0.007408140381140406,-0.005128234833800039,-0.010029764113193368,,0.6559985173154794,2,-0.2848575822762284,-0.12492347092189784,3.1354942159291497,-1.565034435362453,3.764920619698203,6.540021593130123,0.0,12.023861082686663,10.894689012037176
LRE,AUS,SW1,0.01808916394357019,-0.027276619804577087,0.04536578374814727,-0.0007765572537278136,-0.037842930585053475,-0.0212102616099807,0.01808916394357019,,0.5833852591677504,2,-0.523955858310359,0.4048830147385068,1.3862943611198906,-1.6141885081590317,3.1721552878771115,6.817238425859459,0.0,9.900783900961812,10.871826484872283
LRH,FRA,EU1,-0.004844306872710277,0.015622605665734778,-0.020466912538445056,-0.0017429237281972225,-0.0016059749956842766,-0.008604291956567254,0.03083987465167136,-0.018962558310982706,0.6075444923387927,1,-0.3463574826216368,1.880934105096848,2.1972245773362196,-2.313817481210488,4.701786586928636,6.335655213728032,0.8397850532391282,12.048441750105175,10.500183536717612
LRM,DOM,LA1,-0.004338204946535005,0.0072628187053130604,-0.011601023651848057,0.008892070560734752,0.004157061244575254,0.008477558764501725,,-0.0036823589223970287,,0,-0.2161547061982206,0.03470352440587228,2.6390573296152584,-2.547029872018871,4.766776906644783,7.93787407445847,0.9671109515963261,11.716633361645556,8.557333675012996
LRS,GRC,EU1,-0.0027011642340701624,0.0005655310577155075,-0.00326669529178567,0.004576741794624334,-0.002681835370838109,-0.0008503279348439892,-0.0027011642340701624,,,0,-0.4568836643571369,1.4920933771136184,1.3862943611198906,-1.2271184725527733,3.6436063536327254,5.214711138196317,0.0,10.112856670428497,10.08471240855404
LRT,FRA,EU1,0.017833637597134147,0.03178517563096569,-0.013951538033831541,-0.001438784632119825,0.01830772817355472,0.03363824677868527,0.027675082909006908,,,0,-0.4696685881951994,0.17449454118922778,1.6094379124341003,-2.013336170061381,4.377284200796337,6.220762057482325,0.04021430061369899,12.112717553296026,10.500183536717612
LSA,PNG,SW1,-0.06721872120374839,-0.06134947434623773,-0.00586924685751063,-0.029615189712279236,0.02713408073709303,-0.06718968699158687,-0.06721872120374839,,0.5761750071311694,1,-0.6181931700384966,0.8679677008360025,1.0986122886681098,-1.4991979180869068,3.58351893845611,5.782731467032248,0.0,9.30054663986233,
LSC,CHL,LA4,0.0034785744485362168,0.010404272194521705,-0.006925697745985492,-0.009434625976495761,0.007716026792830571,0.0023846393559175108,0.0033234978072044187,,0.5574944276902118,1,-0.4562197935291922,-0.23417675585502606,1.6094379124341003,-2.095152881844347,4.838225033122577,6.172597267492225,0.0,12.375655069709087,9.310307425489734
LSE,USA,NA1,-0.011012121451840811,-0.006760705571169562,-0.0042514158806712535,0.012552407770516569,-0.01337379485167317,-0.012026104137824848,-0.010997874411245495,,0.614867174825497,2,-0.2230216595705264,-0.37217197169863014,3.2188758248682006,-1.4763599492255894,4.045852038428129,5.534766971757342,0.0,12.242288849663156,10.894689012037176
LSH,MMR,AS3,-0.04533685654359928,-0.03156352255067087,-0.013773333992928419,0.01973578102822981,0.010262921196808774,-0.015600269260851637,-0.04533685654359928,,0.5607247204573453,1,-0.6141002975470278,0.5012561727498399,1.0986122886681098,-1.6031237445260087,3.784189633918261,5.58724865840025,0.0,8.428580533059634,
LSI,GBR,EU1,0.048662118741951935,0.04775682593186714,0.0009052928100847802,0.003452890618904408,-0.0018493547419524007,0.05065512849708788,0.04880166065423294,,0.6242575534085346,2,-0.44369334072036554,-0.46439216575867986,1.791759469228055,-1.7181713898144801,3.4861327572096132,5.805940048230543,0.0,11.629650163007094,10.711795251008132
LSP,VEN,LA3,0.05274072070049515,0.06302867342599396,-0.010287952725498793,-0.008874869691700888,0.005170552908198375,0.048396228346872745,0.050239523623861165,0.06727338479598295,0.5607843120831375,1,-0.4692601624792269,-1.3207779597768223,1.3862943611198906,-1.3412659755771668,3.7578242186109327,5.547900894430705,0.3359852949430319,11.867349878363806,8.41113221940897
LST,AUS,SW1,0.01805917464755478,0.009293936042675942,0.008765238604878841,-0.004426381877439902,-0.006481377429653439,0.007861686440736392,0.018003257879987057,,0.5896300415909563,2,-0.34160061230918104,-0.2787813582979357,1.6094379124341003,-2.1023492766438285,4.499042417303197,6.4537268387268085,0.0,13.325042962786164,10.871826484872283
LSY,AUS,SW1,-0.001805543475398806,-0.002778573711460561,0.0009730302360617536,0.04040006678972574,-0.020152626895540083,0.015615754078238776,-0.001805543475398806,,0.5896207087183358,2,-0.43575305997276464,-1.6074685981906913,0.6931471805599453,-1.9674315000676303,3.4714139938688233,6.392545369676744,0.0,10.695438802154653,10.871826484872283
LTD,LBY,AF1,,,,,,,,,,0,-0.5705417092317566,-0.02991227923523235,0.0,-1.6888888143433551,4.442651256490317,6.063785208687608,0.0,9.09661160664784,9.526096668898754
LTK,SYR,ME1,,,,,,,,,,0,-0.31031682212834577,1.4181306129117928,1.9459101490553132,-1.948089217855055,4.211317764894923,5.938011978429894,0.19534462331869817,10.957729893468297,7.252542786111778
LTN,GBR,EU1,-0.020824876233399868,-0.020288484669473993,-0.0005363915639258713,0.005307600444380001,-0.004727151952884352,-0.02032115682623905,-0.020923867336616154,-0.020195887397334553,,0,0.19056828771338674,2.0570057370455377,4.499809670330265,-2.5575315794649716,5.0658336733103875,7.0635818271989805,0.8344408455974711,15.626141502146446,10.711795251008132
LTO,MEX,LA2,-0.11121531643675317,-0.082928600624439,-0.028286715812314164,-0.004153812113506208,0.01669305177565209,-0.09909404323588636,,-0.10050802615978394,0.6356786262062732,2,-0.3026518698504367,0.359270691696586,2.3978952727983707,-2.141563083898925,3.998043741558148,6.727062750215136,0.6440436097950796,11.157335646355712,9.19803449697713
LTT,FRA,EU1,,,,,,,,,0.5765205981852981,2,-0.523907474716078,-0.5741408695347124,0.0,-1.9978424958562035,3.912023005428146,5.808142489980444,1.0,8.422882511944996,10.500183536717612
LUA,NPL,AS1,,,,,,,,,0.5593675038066753,1,-0.5879090243950269,-0.5503235986838786,0.0,-1.5371186486371964,2.9444389791664403,4.897839799950911,0.0,10.453774245183032,6.450827592374355
LUD,NAM,AF2,,,,,,,,,,0,-0.5449409123413984,0.6796602645056015,1.3862943611198906,-1.6691288080149527,2.9444389791664403,5.793013608384144,0.0,9.38378935026654,8.29094932936793
LUG,CHE,EU1,-0.03579531483783234,-0.01671013191441929,-0.019085182923413057,-0.003228507153706485,0.01067733153573453,-0.027054289970773925,-0.03336929207277953,,0.5769417006987709,2,-0.3618654683097783,-1.0142049276785432,2.0794415416798357,-1.6820788188714475,3.949002707151536,5.568958295674605,0.21272690189679788,12.135188701377619,11.305337423201424
LUH,IND,AS1,,,,,,,,,,0,,,,,,,,,6.97470991159236
LUM,CHN,AS4,-0.0052627206971762215,-0.0056628623033068565,0.0004001416061306355,0.07418481771608959,-0.04382684714385685,0.021044065483454014,-0.00474536331262789,,0.6189874752755378,1,-0.4166490822033469,1.1532186405676397,0.6931471805599453,-1.2490238692715283,4.848636002259861,4.736198448394496,0.0,12.460478401840277,8.391574866779688
LUN,ZMB,AF2,-0.006195464299786536,0.0016230108305725123,-0.007818475130359041,0.002145034932622716,0.0005936392534034588,-0.0033727685390120624,0.018570274265809403,-0.009296621957243522,0.6695920106824945,3,-0.21388696617890943,0.48754911556851477,2.70805020110221,-2.2577102404131573,4.472107237318088,7.413148769609141,0.8693554272848285,13.42523007764631,6.920756075525709
LUO,AGO,AF2,,,,,,,,,,0,,,,,,,,,8.112636667815755
LUQ,ARG,LA4,-0.019576395273731652,-0.010537970189283027,-0.00903842508444859,0.04659423711652995,-0.028825309533352102,-0.004312517712198543,-0.019576395273731652,,0.5493477715700755,1,-0.6937655090201968,-0.7167300065431996,0.6931471805599453,-1.6539652166946135,4.800831426308438,5.480638923341991,0.0,10.491190880632498,9.45812987103844
LUW,IDN,AS3,,,,,,,,,,0,,,,,,,,,7.764360911576746
LUX,LUX,EU1,-0.013412559751321447,-0.009577831619781763,-0.00383472813153968,-0.0013195239158961993,0.015245945272168078,0.00038717153937730016,,-0.013410101673610363,0.5772612713133587,1,0.06696715744097881,-0.07716312706303737,4.174387269895637,0.032503849679103095,3.959887280530613,6.674933518962498,1.0,14.07561920351195,11.629978251743832
LVI,ZMB,AF2,0.014648418916426858,0.02004385966351597,-0.005395440747089097,-0.005964845025512096,-0.014712056910313194,-0.005651384062737651,0.054107509857503525,0.007977138138645888,0.564730461074413,1,-0.43667804509475855,1.4686985936001524,1.0986122886681098,-2.0106927795834326,4.436109232330641,6.812213513671645,0.909719339171922,11.9299831191142,6.920756075525709
LVO,AUS,SW1,,,,,,,,,0.5647434166500926,1,-0.5954736610587508,-1.4401521268372348,0.6931471805599453,-1.7652325820657888,3.119864536889033,6.116059770076888,0.0,8.176110342237342,10.871826484872283
LWB,USA,NA1,-0.06222389173519651,-0.04027730619196042,-0.0219465855432361,0.04341063605929751,-0.023419046290021443,-0.045014373490926476,-0.06222389173519651,,0.6022419974079729,1,-0.27888781601435264,-0.272068955405156,2.995732273553991,-1.8933295879408412,3.4375050000219134,6.197111849547842,0.0,10.413853070469662,10.894689012037176
LWN,ARM,EU2,-0.014685299359854069,-0.012671731562834323,-0.0020135677970197527,-0.015023219143254989,-0.00417175198322179,-0.03454532775944709,,-0.014500206913310238,0.6101053981111717,1,-0.46378180156111454,1.4781421323986,1.6094379124341003,-2.0343202114641814,4.7427558489406545,7.300462693280219,1.0,10.04107321548869,7.97912431526816
LWO,UKR,EU2,-0.013230536012816933,-0.00530258935156729,-0.007927946661249645,0.007233738881320896,-0.010311217305584883,-0.01614895018241043,-0.04333102353361415,0.0020310756942467116,0.5904541638292922,2,-0.2221476552366175,0.7791306851161856,2.772588722239781,-2.0235932074400673,4.45263819537629,6.519033841875672,0.4192175342611636,12.613156442853795,7.82338661381434
LWS,USA,NA1,0.009367989083804587,-0.021042357674045768,0.030410346757850364,-0.0326781174974865,0.002450375730421123,-0.022303945478720284,0.009367989083804587,,0.6129637097200173,2,-0.31218795268501504,-0.5044789433834816,2.70805020110221,-1.625328014787194,3.6906281684415085,6.057953252373027,0.0,11.72038668888233,10.894689012037176
LWT,USA,NA1,,,,,,,,,0.5749333892493347,1,-0.5905444802005078,0.3554505862733909,0.6931471805599453,-1.3230555168401696,2.9444389791664403,5.084505142662711,0.0,10.076936530826485,10.894689012037176
LWY,MYS,AS3,-0.003052047433797989,-0.0030520474337979637,-2.3678855546546766e-17,0.006666825814449054,-0.002901734658144195,0.0005033996704453872,-0.003052047433797989,,,0,-0.584558730924203,-0.581822202260952,1.3862943611198906,-1.5730315492883027,2.9444389791664403,4.985379560019775,0.0,10.464673535641069,8.957973567306357
LXA,CHN,AS4,-0.014752398112284557,-0.01289529653611169,-0.0018571015761728658,-0.0006327473377808518,0.0017820291666843639,-0.013789928747868347,-0.013512767918721556,-0.060741862107778835,,0,-0.2704008985626495,1.7022695686895355,2.5649493574615367,-2.4430426645452634,5.03745341800461,7.148632831434335,0.03156687957698697,13.658646199439332,8.391574866779688
LXG,LAO,AS3,-0.003928251314840226,0.0040785303582121825,-0.008006781673052391,-0.0010935818498999798,0.00594721479353895,0.001239915538914524,-0.003928251314840226,,,0,,,,,,,,,7.170954560494024
LXR,EGY,AF1,0.003288603766700847,0.010430153178703112,-0.007141549412002273,0.021653978385660563,-0.010814226860711186,0.013091116021497684,-0.0011059245667057608,0.013239638214964194,,0,-0.04478923205751782,-0.04447902510202663,3.6109179126442243,-2.343829181566408,5.033204977031952,6.876554853691427,0.27154510250457675,13.61092866818822,7.97317803761651
LXS,GRC,EU1,0.03986092316156154,0.056278235542837084,-0.016417312381275535,0.0053547850245453665,0.0013603829854734067,0.04588299031980464,0.03940146487378951,,,0,-0.43746502658480746,0.25670007402002887,1.791759469228055,-1.7685636520268546,4.206956331242893,5.4171361886705744,0.0,11.38014807372949,10.08471240855404
LYA,CHN,AS4,-0.01936343091718972,-0.019024208649214325,-0.0003392222679753944,-0.0017195314694200747,0.003860097201744228,-0.017146687229432665,-0.01419197638993311,,,0,-0.33116583346874007,0.38889977162732475,1.9459101490553132,-2.348180158495404,4.730759621637634,6.843318813772003,0.021605824178691647,11.652417805788762,8.391574866779688
LYB,CYM,LA1,0.004853100761686085,0.007097113541993601,-0.0022440127803075175,0.002482333817709261,0.0005215248553042936,0.0075915178968323236,0.004853100761686085,,0.6299533810458586,1,-0.5616083068465347,0.7435948306058411,0.6931471805599453,-1.3002903781717616,2.9444389791664403,4.448859361023525,0.0,10.624614619603031,
LYC,SWE,EU1,0.05677667598162041,0.024375674465447795,0.0324010015161726,0.007386703849164792,-0.025148125185413737,0.03917447790149882,0.05677667598162041,,0.5876544167975373,1,-0.47189028261176497,0.2929679346027982,0.6931471805599453,-1.724305162906479,3.959662025649003,5.815420845612671,0.0,11.203175000314484,10.804911375886864
LYG,CHN,AS4,-0.011828523794126054,0.012034348092539192,-0.02386287188666525,-0.015204841307138332,0.012818305768171764,-0.013652881097490955,-0.012554149744765203,,0.654319942270954,2,-0.34623585060219714,1.7551019671623356,2.3978952727983707,-2.3201774826408608,4.895434875257443,6.481656277783344,0.0,12.115808711981392,8.391574866779688
LYH,USA,NA1,-0.004460954151231504,-0.006147944926526271,0.001686990775294767,-0.0012470859469343783,0.014954113016614017,0.008063187334321384,-0.004460954151231504,,0.5902218401934529,2,-0.31753474474514454,-0.6345632596313908,2.8903717578961645,-1.800910775349941,3.8116544343908347,6.07634198818593,0.0,11.735364768360073,10.894689012037176
LYP,PAK,AS1,-0.07034940208199236,-0.07883821235345165,0.00848881027145931,-0.01668223270770359,-0.004184910480781467,-0.09124259191912099,0.005085464394195937,,0.650769180744766,2,-0.3941454581104629,-0.3884614956420839,1.3862943611198906,-2.003126506346608,4.508495007199781,6.500647815688005,0.0493174418257311,11.804908275973702,7.14310852796464
LYR,NOR,EU1,0.00839099361973808,0.0015419126335920396,0.006849080986146047,0.003980268527322568,-0.009016925219690795,0.0032114053627809247,0.008181781027891608,,0.5975086213460459,2,-0.49517429501197013,-0.12929811600577246,0.6931471805599453,-2.390015593340096,4.927825161767429,7.044094038426354,0.0,10.993933251871177,11.24000991778092
LYS,FRA,EU1,0.0007724631205750729,-0.0006049784082757417,0.0013774415288508109,-0.004737265509825573,0.0008894552398158006,-0.003100351155287939,0.012921453261756753,-0.007545331198595924,0.6369934519127818,2,0.2459009521959871,0.30817820444229527,4.5217885770490405,-2.1599752054422168,4.387370809818786,6.631534266169316,0.5679954928055555,15.609221787934231,10.500183536717612
LZC,MEX,LA2,-0.023587818928673378,-0.01920153182904081,-0.004386287099632571,-0.04571056103521136,0.024292157053282505,-0.042214417684339076,-0.023587818928673378,,0.5647065129598914,1,-0.47850814549016546,-0.37364292630896423,0.6931471805599453,-1.9538773692680091,3.867953944737222,6.653624787316247,0.0,10.641034320392757,9.19803449697713
LZH,CHN,AS4,-0.03885974103268186,-0.03216033704631025,-0.006699403986371605,-0.006996057386762296,0.004112498765972175,-0.04123980787822171,-0.038889666257139535,,,0,-0.34537986064750453,0.7919000386547586,2.302585092994046,-2.373030856562594,4.768873017046774,6.858143141787497,0.0,12.271059503649699,8.391574866779688
LZO,CHN,AS4,0.0484982322602683,0.03392555846086577,0.014572673799402544,0.007965048497622723,-0.0062292272891458795,0.05016346738265004,0.0484982322602683,,0.6637522016963435,2,-0.3871287304770871,1.5941696753749703,1.6094379124341003,-2.1269961055139546,4.338932860293025,6.790108791978607,0.0,11.2801229153614,8.391574866779688
MAA,IND,AS1,-0.007314753140643746,-0.006270646329713533,-0.0010441068109302118,0.002273671740103337,0.0037536619881242835,-0.0014610385607186178,-0.011481018288990855,0.0027319262304308506,0.6411276712535523,2,0.1416938062505369,1.1662462288373798,3.8918202981106265,-2.24597913477448,4.896978064721672,7.289550666891199,0.2625438465091313,15.855491677762988,6.97470991159236
MAB,BRA,LA4,0.05439742536966668,0.0439921968641193,0.01040522850554738,-0.014148896439408809,-0.004739472217892173,0.03634182699044068,0.05439742536966668,,0.5563809464719843,1,-0.5793626331991282,0.8351752730685281,1.0986122886681098,-2.402648294063251,4.953085333538752,6.696674377984718,0.0,11.993621723754707,8.987603389267655
MAD,ESP,EU1,-0.014389506043242559,-0.012247001213932445,-0.0021425048293101123,0.0019181440302815812,-0.00020994631735408846,-0.012789576813533049,-0.015279487297725,-0.012851850459457793,0.5737014778885113,1,0.8179362994817387,0.46432329291090213,5.313205979041787,-2.3638370784200857,4.997978859440378,7.56986870374664,0.54013252194392,17.412584845033788,10.216062049970796
MAF,USA,NA1,-0.009345951246021089,0.001108672860188774,-0.010454624106209866,0.0052784806740680465,0.00035594078545880706,-0.00393284037016904,-0.009345951246021089,,,0,0.030838291661737377,-0.18818173825664547,4.2626798770413155,-2.112925214515396,4.498705183944503,6.3912249327878135,0.0,13.593410212321762,10.894689012037176
MAG,PNG,SW1,-0.010528294516424555,-0.018853026763933352,0.008324732247508803,0.0055294011675176774,-0.004608751569940292,-0.00989969136246072,-0.010509490926113477,,0.563197366214176,2,-0.5495111699352162,-0.3593449265261573,2.3978952727983707,-1.7678735098871157,3.842154286677041,5.935224282069801,0.0,11.651695611330451,
MAH,ESP,EU1,-0.01866718199416683,-0.026378013686540996,0.007710831692374158,-0.0019942032094118906,-0.0019812541076986,-0.02285933910638471,-0.015247924743533064,-0.03812403666398184,0.6603876049179933,2,-0.050023913054998835,0.7779832894474592,3.8501476017100584,-2.3773999407060558,4.833931844074236,6.532356297743891,0.3404283850833242,14.2051998801567,10.216062049970796
MAJ,MHL,SW1,-0.02771817417766088,-0.06161049583643671,0.033892321658775884,0.011837680092400407,-0.007199567939855966,-0.023499342425068938,-0.03681521187399329,-0.020547566781245623,,0,-0.31154758911518493,-0.09342754368259258,2.772588722239781,-2.5429625210578126,4.325895126780373,7.474726390364547,0.5129904779974149,11.342504810674592,8.132553254681103
MAM,MEX,LA2,0.004413695870010108,0.0182244140432694,-0.013810718173259285,-0.0024759893609686136,0.000387984137448236,0.0027806853588578213,0.004413695870010108,,0.5809505072302235,2,-0.4629106507498623,-0.9543087990616759,0.0,-2.0925515059635473,4.186638428456198,6.580639137284949,0.0,10.669745779913397,9.19803449697713
MAN,GBR,EU1,-0.01384445049250959,-0.01645317318778274,0.0026087226952731415,-0.0007287160754709482,0.0038400978957109496,-0.010803131367280118,0.00010411617989409725,-0.015263616619097451,0.6757110797261641,2,0.7416497479172689,0.6304742928628997,5.337538079701318,-2.4617183614914,4.83558506862625,7.623367699007786,0.7484036649248565,16.341868524207932,10.711795251008132
MAO,BRA,LA4,0.03063425431320927,0.025520502166867638,0.005113752146341636,-0.0031373418249839424,-0.00417191728857561,0.023441020298505307,0.03544518920570883,-0.013166889101029058,0.5751612630714683,2,-0.09275274927262553,-0.08181787253354543,3.4011973816621555,-2.3361476427637387,4.936991506932517,7.473131517414844,0.11340069008552656,14.083752897265828,8.987603389267655
MAQ,THA,AS3,,,,,,,,,,0,-0.4357145961921016,-1.0779602441154406,0.0,-2.036383721823957,4.1588830833596715,6.013715156042802,0.0,9.515469358031684,8.468143081239914
MAR,VEN,LA3,0.024606868660410286,0.02594835461173637,-0.0013414859513260838,-0.002749759933050861,0.00863956943652895,0.030344668216783447,0.04223487673343437,-0.0041475551807077194,0.609164962052386,2,-0.23409551447796406,-0.27718725115470333,2.8903717578961645,-1.8236990121972338,4.552616047892207,6.422426127805771,0.15054707163276995,13.572038015848918,8.41113221940897
MAS,PNG,SW1,0.0166669786480037,0.025387809092398995,-0.008720830444395325,0.006405708643525618,-0.005381407335333082,0.018386892821254865,0.0166669786480037,,0.5950975150166951,2,-0.6175414715328835,-0.8652671002286964,1.0986122886681098,-2.019201825148673,4.605170185988092,6.262085028838831,0.0,9.947504437952903,
MAT,COD,AF3,,,,,,,,,0.5795813343027748,1,,,,,,,,,5.9334040464695645
MAU,PYF,SW1,-0.0026563714974053394,0.007945191641961459,-0.010601563139366794,0.00240674735911167,0.009550868655942091,0.00907673529832298,-0.0026563714974053394,,0.5729397437583021,1,-0.5463994142157452,-0.005589554686171634,1.3862943611198906,-1.285891658227148,3.871201010907891,4.71009487000799,0.0,9.636392113692736,9.982692936106211
MAY,BHS,LA1,,,,,,,,,,0,,,,,,,,,10.420772350869472
MAZ,PRI,LA1,-0.007901176275584385,-0.006148422432239226,-0.0017527538433451577,-1.4932881001552833e-17,0.0017527538433451634,-0.006145687251446853,-0.007901176275584385,,,0,-0.5520815452945235,-1.7644255660780157,0.0,-1.384835454913629,2.1967325032339913,4.795790545596741,0.0,9.562545340443464,
MBA,KEN,AF4,-0.004245293179184525,0.004697307328527349,-0.008942600507711881,-0.015406871399913164,0.005167993536103557,-0.014120302065871941,-0.011130778232738052,0.004914916741317569,0.6018491396816992,1,-0.10269766451045806,0.5756265214845051,3.295836866004329,-2.4712651416454863,4.713320552631836,7.571024278574056,0.3371493410472007,13.515993392944655,7.177714421121875
MBD,ZAF,AF2,,,,,,,,,,0,-0.47760912187834365,-0.017933467873476227,0.0,-1.5386722206147496,3.332204510175204,5.605802066295998,0.0,9.595602772766828,8.681252452011616
MBE,JPN,AS4,-0.002177743114793709,-0.0010267766627884618,-0.0011509664520052414,-0.007178444408318059,0.00408627823156766,-0.0048671616073328716,-0.002177743114793709,,0.5854701397031401,2,-0.5754733929560492,-0.018484336787013868,0.0,-2.3380732232764756,4.836281906951478,6.92461239604856,0.0,10.73617926053397,10.433822702828955
MBH,AUS,SW1,,,,,,,,,0.5582239686517187,1,-0.5546511356149599,-3.220161330965972,0.0,-1.419705266163154,3.4965075614664802,5.351858133476067,0.0,8.466320861042481,10.871826484872283
MBJ,JAM,LA1,-0.008464313883183526,-0.00346840021354467,-0.004995913669638862,0.00032060815116022117,0.00036570744562759586,-0.007730761246238454,0.03775589216015779,-0.0058002101750703194,,0,0.1894473793176409,-0.06336981355328299,4.30406509320417,-2.4805220445323934,5.109334463669613,7.662504281263238,0.830863878378163,14.630462896812052,
MBL,USA,NA1,0.008507339820512093,-0.00545299900534758,0.013960338825859675,0.025967173825655276,-0.014839114537747881,0.020431503746121994,0.008507339820512093,,0.5456258938496524,1,-0.5550613979220976,-0.42355158784567853,0.6931471805599453,-1.2232310586489252,2.9444389791664403,4.842503387536414,0.0,9.457669090078747,10.894689012037176
MBS,USA,NA1,-0.016232785697748088,0.0059719025603426346,-0.022204688258090726,-0.0008751949400161187,0.00037525987783434533,-0.01711170054208711,-0.016232785697748088,,0.5862490375729157,2,-0.12140633682462545,-0.8584011046833012,3.6888794541139363,-1.36723511731132,4.332738410317608,5.594537235936629,0.0,12.641183930703368,10.894689012037176
MCE,USA,NA1,-0.05309192323895453,-0.0925207584903953,0.03942883525144079,0.026049928452891488,-0.014469157999975335,-0.04203266255355227,-0.05309192323895453,,0.5549652922474859,2,-0.45789199020897126,0.6534226091481248,0.6931471805599453,-1.6248140754114895,2.9444389791664403,5.675950792740509,0.0,10.332766838743547,10.894689012037176
MCG,USA,NA1,0.005448987872591085,0.006689587800341221,-0.001240599927750138,-0.001436207898434129,0.0020495262414122217,0.0066060939436319455,0.005448987872591085,,0.5847486809584188,2,-0.5042367010379908,-0.27096417989951077,0.6931471805599453,-0.9704949969760149,2.818099307585747,5.774096820632756,0.0,9.436838291102966,10.894689012037176
MCI,USA,NA1,-0.014275702350473426,-0.013448084520832208,-0.0008276178296412187,-0.0046292719124913185,0.00018438449171931658,-0.018551447857345908,-0.014214410217312325,-0.017827906544074533,0.5797333676675733,1,0.6024980689855182,-0.10601269449378009,5.236441962829949,-2.2407669966649912,4.565688184234557,7.0215178779739,0.005619470887920968,15.989749648075422,10.894689012037176
MCK,USA,NA1,-0.02740560712366011,-0.04118071935596226,0.01377511223230216,0.022885001332779435,-0.01295679831503169,-0.017794858709914454,-0.02740560712366011,,0.548547031797921,1,-0.5389382727572628,0.24131142573349432,1.0986122886681098,-1.4630746106266705,2.9444389791664403,5.342334251964811,0.0,9.38378935026654,10.894689012037176
MCM,MCO,EU1,0.03299721978267041,0.03213298327877346,0.0008642365038969594,0.004400109537368819,-0.004341527506498341,0.03305580181354089,,0.03299721978267041,0.5831638339379813,1,-0.4845448060368971,-0.278805876309011,0.0,1.6458311661074987,1.5842857211311012,2.8903717578961645,1.0,11.371407982535963,
MCN,USA,NA1,,,,,,,,,0.6046358387499946,1,-0.2499135815717154,-0.3073584295852383,3.295836866004329,-1.1244214987482617,3.9986340398241813,4.858650814432441,0.0,10.922262667962608,10.894689012037176
MCO,USA,NA1,-0.016745746874460104,-0.01534379068847445,-0.0014019561859856533,-0.0013933910929810845,0.0021580491433782576,-0.01592355298122541,-0.017464764709186665,-0.008861172045997007,0.605659739208289,2,0.7940042378013737,0.174143089843292,5.220355825078324,-2.4399539400173453,4.913833321507221,7.375549113151791,0.09036640726130823,16.944706984382247,10.894689012037176
MCP,BRA,LA4,0.028885376590498037,0.02913701636290722,-0.00025163977240917276,-0.04174343557489759,0.003571581908889428,-0.006094988110980588,0.028556565944826508,,0.5657510527402181,1,-0.37704083861730225,0.9242249068721251,1.791759469228055,-2.0330319752560864,5.015383896077552,5.793463901927812,0.0,12.562358013594078,8.987603389267655
MCT,OMN,ME1,-0.007165270366807445,-0.003136996214227303,-0.004028274152580143,-0.0055388950497408905,-0.005942114936704568,-0.01851347533705542,0.009178132496384354,-0.008169073866871936,0.7382666808688964,3,0.1608036091762775,0.286825535482003,4.04305126783455,-2.365570778956383,5.139913916210043,7.333574460525281,0.9518936590164222,15.171706728899094,9.935119396596123
MCV,AUS,SW1,0.02536872491713183,-0.011081593469326342,0.036450318386458166,0.0002911312333465143,-0.003938455627251943,0.020507533394044857,0.02536872491713183,,0.5565835535739598,1,-0.6428190627200181,-0.48869869258914966,0.0,-2.0861791585026737,3.594671952521449,6.577861357721047,0.0,9.64911129879082,10.871826484872283
MCW,USA,NA1,-0.001050047977957824,-0.005819788044805766,0.004769740066847944,-0.0007073708434672162,-0.002935994202095585,-0.0038786923241016665,-0.001050047977957824,,,0,-0.4767162972317053,-0.865315007518135,0.6931471805599453,-1.1688084534762377,3.4965075614664802,4.959341999708705,0.0,11.045063540636354,10.894689012037176
MCX,RUS,EU2,-0.101836374526813,-0.06237250745879039,-0.03946386706802268,-0.0019250089910840503,0.011706577300836143,-0.09210362429587535,-0.10697105105473552,-0.002060372929532991,0.6703938943679604,2,-0.4240830118435059,0.9316563625507053,2.0794415416798357,-1.8783915788472094,4.8374021152955615,7.3658187887546624,0.11124191184944926,11.707455527093687,9.064204880368637
MCY,AUS,SW1,0.004854775448848582,0.0010772456873060215,0.00377752976154256,-0.0006417133877998167,-0.0017609220246566188,0.0022844974372771476,0.005405903110383378,,0.5685977312670345,1,-0.36334886017230034,0.3174301875855022,1.0986122886681098,-2.645500829245639,5.101475432205815,7.04432749186705,0.0,13.125027824610163,10.871826484872283
MCZ,BRA,LA4,0.022131531882957384,0.008762281799158993,0.013369250083798391,0.009205352273030548,-0.010911228522972712,0.019465283875611226,0.02257803285538057,,,0,-0.24932775875539026,-0.041548540984195526,2.772588722239781,-2.408350185062869,4.935952780331834,6.799422640951115,0.007649460650551227,13.382079523314212,8.987603389267655
MDC,IDN,AS3,-0.018804115788177513,-0.012393929283382867,-0.00641018650479464,-0.004875832639760353,-0.0028160587674236556,-0.026364838858579313,-0.018577070499941853,-0.00748865547103932,0.5835584269654099,1,-0.2334269171735259,0.6176743322343721,2.772588722239781,-2.4756328224605233,4.856907445486529,7.109667964225077,0.05497725951021143,13.458625591972455,7.764360911576746
MDE,COL,LA3,-0.0007556847454450114,-0.0002662557358632275,-0.0004894290095817824,-0.01142650381922449,-0.014678588985271135,-0.025745147515108882,-0.0016915771602017183,0.002521447775796163,0.5933471442076566,2,-0.1686946363730659,-0.10434568288865778,2.833213344056216,-1.5727655450936038,4.655563383481417,6.385758018072293,0.2013265107646448,14.350180043990054,8.506587672816924
MDG,CHN,AS4,-0.0019398670594590692,-0.006031291678011353,0.004091424618552281,-0.023134181976464677,-0.001947623570275244,-0.026110878696225113,-0.0024443510823977752,0.03950674927565536,0.6054951953669261,1,-0.32998442850747084,0.4826054947222505,2.1972245773362196,-2.4354359911389545,4.875077854597358,7.12123838241618,0.04641632516517521,11.334982308974894,8.391574866779688
MDK,COD,AF3,0.022042328241295803,0.02950605872426335,-0.007463730482967543,-0.007722222191614456,-0.001514768973866687,0.015314534054368533,0.022042328241295803,,0.5777599459261609,1,-0.613328873709503,-0.31316679197140396,0.6931471805599453,-1.635404989370304,4.619637886582391,6.260279178911525,0.0,9.912942711306883,5.9334040464695645
MDL,MMR,AS3,-0.04131636102683389,-0.05846050851655871,0.01714414748972482,0.014679583823017227,-0.013959196535855374,-0.04160055961802868,-0.0637381458442408,0.02393408075615152,0.6442752697869214,2,-0.41110558085313686,1.1238414230493075,2.6390573296152584,-1.7024762993187847,4.085002724648299,5.7441091769106984,0.020439770130244735,13.01853502072458,
MDQ,ARG,LA4,-0.00976768852595989,0.015425324393829973,-0.025193012919789863,-0.008488590926818999,0.0022319617740968727,-0.015423437058942285,-0.009802614548386235,,,0,-0.5009338009222012,-1.3456383804669838,2.3978952727983707,-1.8423248424943572,4.584620479697882,5.966890415035009,0.0,11.492375758680017,9.45812987103844
MDT,USA,NA1,-0.0019982883761930576,-0.004233331936137251,0.0022350435599441908,0.0026854828420732383,-0.007878432847724588,-0.007134666104297655,-0.0016738384494773264,-0.02439756932225007,0.6227152048944324,2,0.18040440760383455,-0.6835467427489351,4.6443908991413725,-1.8475121379290884,3.9155606559589398,6.5151164131415475,0.013340482035065037,13.72753580798896,10.894689012037176
MDU,PNG,SW1,-0.012518979322378644,-0.012487391864406915,-3.158745797173315e-05,0.012229464186758564,-0.013187654693943729,-0.01499971051989334,-0.012518979322378644,,0.5641372042855735,1,-0.6306181652293138,-1.6304374036842524,0.6931471805599453,-1.7376144673215168,3.58351893845611,6.261645766613143,0.0,8.664923303440572,
MDW,USA,NA1,-0.008448531073271917,-0.007227124712703757,-0.001221406360568166,-0.0027727414727388077,0.0006891090712063974,-0.010459485773467517,-0.008151330888090929,0.0002556011733010299,0.5914604396962304,1,0.5235053144380049,0.3837744137628371,4.983606621708336,-2.5010364437525006,4.869728365350421,7.188491513636735,0.005656733793475249,16.47092108503228,10.894689012037176
MDZ,ARG,LA4,0.014235045126503268,0.01587054779510381,-0.0016355026686005493,-0.006215350558604131,-0.0034714561437215858,0.0051726584513275,0.02132420093754621,-0.004942176631116643,0.5500235044499663,2,-0.43749037595089935,-0.6130999861160387,1.0986122886681098,-2.2673420143902057,4.961751038096727,6.6369869211802,0.2778811579701329,13.227915474709219,9.45812987103844
MEB,AUS,SW1,,,,,,,,,,0,,,,,,,,,10.871826484872283
MED,SAU,ME1,-0.006773567818229404,0.002829494496371613,-0.009603062314601018,-0.004441156623314988,-0.00018847248752987917,-0.010999860730507014,-0.008254656322154434,0.014540205686221599,,0,0.1167159542298249,0.40756179669373377,4.04305126783455,-2.088717414636584,5.017425287692801,6.696346110545283,0.20333284853233197,14.129049686729827,9.96160515693424
MEE,NCL,SW1,-0.03435648500130528,-0.03431439896010658,-4.208604119869402e-05,0.004961618956606501,0.0004794161923123124,-0.02828454360400699,-0.03435648500130528,,,0,,,,-1.1617973547427634,3.8447163748556474,5.060221786388161,0.0,10.9364584899508,
MEG,AGO,AF2,,,,,,,,,,0,,,,,,,,,8.112636667815755
MEH,NOR,EU1,-0.0005641201293111062,0.0004029488023820566,-0.0009670689316931631,0.0019513426257223587,-0.0006145133511969198,0.0006964620668981766,-0.0005641201293111062,,0.6238448910660062,2,-0.5480850022019335,0.21373122183188847,2.302585092994046,-0.9491946563251424,3.6635616461296463,4.480590206294666,0.0,10.773441109201919,11.24000991778092
MEI,USA,NA1,-0.0416082765668887,-0.02127777919991746,-0.020330497366971245,-0.0020316058005364745,-0.01503944030376333,-0.05559861742968736,-0.0416082765668887,,0.7147323714241226,3,-0.2930406998451615,-1.1093076853293107,3.1354942159291497,-1.614512752883507,3.846530312523404,6.059123195581797,0.0,10.4160117329377,10.894689012037176
MEL,AUS,SW1,0.01724153971699902,-0.00028298976907471416,0.017524529486073737,-0.005495095981530715,-0.012391826845667864,-0.00085848088575145,0.020799520397727575,0.007199301350255709,0.7438314731227648,3,0.5504362338588653,-0.07618994637949372,4.23410650459726,-2.159987407292476,4.725362379025501,7.625426407113923,0.20990031573254317,16.460262712666335,10.871826484872283
MEM,USA,NA1,-0.028041541122102165,-0.016379254777225346,-0.011662286344876812,0.00035253340494655625,0.0011147557799672876,-0.0266231816117389,-0.027650101602767423,,0.6157383541092742,2,0.5122479302220568,-0.12673412468418102,5.153291594497779,-2.109542989260035,4.34770579209519,6.894598764323795,0.032107102334014356,15.895042345571824,10.894689012037176
MES,IDN,AS3,,,,,,,,,0.5553964671650974,1,-0.1766371356879028,0.5528013285603016,2.3978952727983707,-2.371451108252094,4.944819060746106,6.921649984011786,0.20214687469769627,14.878302213317614,7.764360911576746
MEU,BRA,LA4,,,,,,,,,,0,,,,,,,,,8.987603389267655
MEX,MEX,LA2,-0.015874891711037044,-0.0072227865724620345,-0.008652105138575016,-0.0014517460751013558,0.0016915094182839436,-0.015615158035266183,-0.013536208440515698,-0.021330658679525494,0.6219176667342197,2,0.5862881676692082,0.0901906286877075,4.962844630259907,-2.2782789169110313,4.72279171703016,7.418735627982527,0.3124175153425575,16.814379008569947,9.19803449697713
MFE,USA,NA1,-0.018879982521312427,-0.017325572423895444,-0.0015544100974169757,0.00269354514751728,-0.0016484839402739915,-0.01774464578903085,-0.019067439112645794,,0.5780908200008744,1,0.021638143147758394,-0.5088154294543022,4.204692619390966,-2.1039352521974948,4.565140915587808,6.66725572934105,0.021862663211473527,13.236256189276302,10.894689012037176
MFM,MAC,AS4,-0.01707614992192759,-0.013019270407874883,-0.004056879514052711,0.011542287195877653,-0.0006558256629417523,-0.006664612169314642,,-0.01707614992192759,,0,0.14308351742570338,1.2847174981928289,3.784189633918261,-2.1617936990645186,4.967189617140763,7.0606951972838,1.0,15.152504637326876,10.974662140050928
MFR,USA,NA1,-0.010649886241623822,-0.016563774170726867,0.005913887929103037,-0.0032354053058098768,-0.0011217926685432858,-0.015342070292101767,-0.010649886241623822,,0.5776469892654941,1,-0.17026643199895888,0.11344834029811333,3.4339872044851463,-1.9321074399192821,3.8063702165817626,6.506743943256744,0.0,13.06492916082842,10.894689012037176
MFU,ZMB,AF2,0.026114057215103986,0.06467635549734144,-0.03856229828223748,-0.001986548494326907,-0.011549054212726739,0.007995238572059598,0.012457662671583006,,0.5554190983810909,1,-0.6108546209238934,0.2892270546995135,0.6931471805599453,-1.7843511144538027,3.368254890181067,5.993045287373689,0.01324066862380924,9.722624930978418,6.920756075525709
MGA,NIC,LA2,-0.029653901023979357,-0.018697963397352246,-0.010955937626627103,-0.004159537290208619,0.0021863870896164893,-0.0315052842769935,,-0.029433023817425623,0.5976750795947976,2,-0.15274717895455286,-0.4101768925211973,3.1780538303479458,-2.4259035185437745,4.846725545078008,7.048258388674247,0.9927871696127089,13.604037392014417,7.440268694941515
MGB,AUS,SW1,-0.01756729847186128,-0.026871491673430635,0.009304193201569354,-0.00019761864777416356,0.004295763313231717,-0.013100663924132939,-0.01756729847186128,,0.5628726337850959,1,-0.4611316291235365,-0.11950527751015841,0.6931471805599453,-1.828724841341582,3.321619805628118,5.899855365597858,0.0,11.52683823202353,10.871826484872283
MGF,BRA,LA4,0.02880013578493433,0.03384210218846292,-0.005041966403528579,-0.0022562682215174963,-0.002887237835844547,0.023945194212327908,0.02880013578493433,,0.5578835852552009,1,-0.40559149773592396,1.153585108998988,1.791759469228055,-2.0676657767009425,4.886770753666526,5.994634706588407,0.0,12.104947592069934,8.987603389267655
MGH,ZAF,AF2,,,,,,,,,,0,-0.4846834346885086,-0.42669390478547753,0.0,-1.9175804540756427,3.332204510175204,6.331501849893691,0.0,8.904358542352968,8.681252452011616
MGM,USA,NA1,-0.011045306361105801,-0.008309912794081137,-0.0027353935670246642,-0.0012213965830178758,0.0006282611752389173,-0.011440952365640477,-0.011045306361105801,,0.6467824171547876,2,-0.08137483590250279,-0.28847962104460456,3.9889840465642745,-1.6625603690494937,3.9633612406458143,6.001794698235361,0.0,12.607010856014611,10.894689012037176
MGQ,SOM,AF4,0.007227820462063202,0.0002567635967018094,0.006971056865361393,-0.0043399341565477315,-0.008606564407179251,-0.004798783591401585,0.024823177677921922,0.0017447829820793183,,0,-0.3519764571275403,0.742775246248268,2.1972245773362196,-2.0410114092087484,4.6845557131088205,7.05938094224624,0.48007838829667726,11.291205899307036,
MGT,AUS,SW1,,,,,,,,,0.5483741350040465,1,-0.6205794295323336,0.5354649392366325,1.6094379124341003,-0.5910316296676089,2.6002033721049562,4.298691082153952,0.0,9.152711259139547,10.871826484872283
MGW,USA,NA1,-0.007755968931981985,-0.017485741768083346,0.009729772836101363,0.018023243203087617,-0.01474975046348327,-0.0042974443826025634,-0.007755968931981985,,0.5430784021627967,1,-0.5143164713060936,-0.507187251505372,1.3862943611198906,-0.8305012344196061,3.5263605246161616,4.445180067518566,0.0,10.634604664347702,10.894689012037176
MGZ,MMR,AS3,-0.023959190899054836,0.006145634454696192,-0.03010482535375103,-0.03765321950278736,0.032887629844194036,-0.026224543924796548,-0.013852920839050414,,0.5634083744907665,1,-0.6073549002741582,0.1355558264282192,1.3862943611198906,-1.9485846765504513,4.437417750181122,6.274025405391421,0.0,10.810737539758135,
MHD,IRN,ME1,-0.008626120515821088,-0.003274707016189655,-0.0053514134996314345,0.005801149282934936,-0.0037347554191927354,-0.006662638781137919,-0.010381566413541097,0.0031026407985040366,0.6218099447933254,1,-0.14017400446651518,2.31870104654879,3.4657359027997265,-1.9356863958957755,4.998790821616955,6.789825059415673,0.15211050404737816,14.167162708770636,8.533994841936796
MHG,DEU,EU1,,,,,,,,,0.6518067378715535,2,-0.5030206476865896,1.2890503969516784,1.0986122886681098,-1.833709298114427,3.448634042440242,6.1083107353969055,0.0,11.22935492855816,10.56082813498111
MHH,BHS,LA1,-0.01577925228611568,-0.02538175502495941,0.009602502738843726,0.002141648774046568,0.00028600916623537024,-0.011742997679349818,-0.01814202951167071,-0.009198695602819836,0.5545997171577226,1,-0.40317208554065537,-0.054897330567947385,2.302585092994046,-1.494357347010573,3.0364738390563595,5.350860406036877,0.5144399549579387,12.261308657182994,10.420772350869472
MHK,USA,NA1,0.055895652339591304,0.040056160916025096,0.015839491423566172,0.048480950786384897,-0.024398897861701525,0.08196252521405098,0.055895652339591304,,0.6570725497465519,3,-0.5476875217327971,-0.751147620926699,0.6931471805599453,-1.2814894620822794,2.9444389791664403,4.961185497563511,0.0,10.13962629934515,10.894689012037176
MHP,BLR,EU2,,,,,,,,,0.5725345793338525,2,-0.49523700263453585,0.6208178833644485,1.0986122886681098,-1.9724590661149908,3.9656566962051487,6.745428729067361,1.0,9.283776690049365,8.451524809226617
MHQ,FIN,EU1,-0.011367150962003997,-0.01151577832859609,0.00014862736659208928,-0.003880880850316468,0.0013353476038551271,-0.013679051527092935,-0.018298338809024872,0.0002045771333606416,0.580471812553564,2,-0.4461232399725394,-1.2008405214909756,0.6931471805599453,-1.503568312467598,3.5085697610531454,5.464901933775042,0.2751403423660683,10.963289710417147,10.741031351305583
MHT,USA,NA1,-0.015290555971765051,-0.014952002588219446,-0.0003385533835456062,-0.0018465971707351588,-1.5272903017940953e-05,-0.017066429095973074,-0.015301460445463997,,,0,0.31022335467205947,1.3513839022344816,4.820281565605037,-2.34179878784159,4.532311233716303,6.944886447721431,0.006243346548044425,14.819733775810233,10.894689012037176
MIA,USA,NA1,-0.006223966452312194,-0.0041824354347220665,-0.0020415310175901273,0.000643520681624156,0.003487733104695992,-0.0021653529879002275,-0.012633068989765975,-0.00048490135271976674,0.7227639339519341,3,0.8212511065483404,-0.40054701748948124,5.2832037287379885,-2.152969450418518,4.873587062769098,7.762914582538254,0.5284478551561467,16.894143052608776,10.894689012037176
MID,MEX,LA2,-0.00822369004982345,-0.0019577887011577575,-0.006265901348665687,0.0009322405278119508,0.0052056367223601505,-0.0025932630351156905,-0.0060328593685307266,-0.03795479289756822,0.5683013619672916,1,-0.181972535848126,0.11174967877838565,3.258096538021482,-2.0879270659904927,4.538212261492525,6.810836048755234,0.06911121629206424,13.769433111048064,9.19803449697713
MII,BRA,LA4,0.019649802774315064,0.0060435602649313485,0.01360624250938372,-0.0005463444242941977,-0.006626381211664503,0.01253783255489886,0.019649802774315064,,0.5983035683368488,1,-0.6600674063143455,0.4154009041146508,1.0986122886681098,-1.746804243786788,3.8082327919791235,5.546138781344514,0.0,11.63905578711444,8.987603389267655
MIM,AUS,SW1,0.0007602220387309686,0.0004764011114633827,0.0002838209272675854,-0.0008942833383117691,0.0002234505497871918,4.906411083637624e-05,0.0007602220387309686,,0.569924106963946,1,-0.437360786998572,-0.4003212292207493,1.0986122886681098,-1.6208111321829595,3.4965075614664802,5.660453217962985,0.0,10.775136503787163,10.871826484872283
MIR,TUN,AF1,-0.031246448091034263,-0.02401605667310492,-0.007230391417929345,0.0025646615916887086,0.0006744592533163363,-0.028185056011643776,-0.002206122936901974,-0.03363434286912616,0.5789726585325767,1,-0.04501332858523654,0.4429761744171329,3.8066624897703196,-2.624232963609444,5.098593103787128,7.397263884570514,0.9831828515286035,12.944009140379613,8.200321146745102
MIS,PNG,SW1,0.026241859044161153,0.015542067619102599,0.010699791425058558,0.0019789698987849893,-0.005029752336307812,0.022234227910800073,0.03277251564354898,,0.5613634163143446,1,-0.5874696546687879,0.45320943926114715,1.3862943611198906,-1.5993878279973868,3.1570004211501135,6.114670205977675,0.23404255319148937,8.494538500851432,
MIU,NGA,AF3,,,,,,,,,0.5985918348374302,1,-0.49644706865105187,-0.7851433556742329,0.6931471805599453,-1.8461366387938938,5.043425116919247,6.565264970035361,0.0,10.498746232276948,
MJC,CIV,AF3,,,,,,,,,,0,-0.6184598814551105,-4.850600837926143,0.0,-1.61065953054798,4.204692619390966,6.131226489483141,0.0,5.5909869805108565,7.258534604945706
MJD,PAK,AS1,-0.024001711897503508,-0.016976095900677363,-0.007025615996826144,-0.03001908770983681,0.029766611719647045,-0.023110379589369002,-0.024001711897503508,,0.5600278094893376,1,-0.4978268265619767,-1.5795679428793816,0.6931471805599453,-1.76624246817883,3.864912845190702,5.5210007006613,0.0,9.285447844462988,7.14310852796464
MJF,NOR,EU1,0.011236349373570449,0.011534387476404588,-0.000298038102834139,-0.004925525066221273,0.0029774480615377204,0.009590600350642332,0.011236349373570449,,0.5609817487212636,2,-0.5735737344648131,-0.2650761962646671,1.791759469228055,-1.4256020988435625,3.6635616461296463,5.155207243844178,0.0,11.48239408993305,11.24000991778092
MJK,AUS,SW1,,,,,,,,,0.5703995253320182,1,-0.5783364911699408,0.10651070250797856,1.3862943611198906,-1.90498299295728,3.828641396489095,5.928356148288966,0.0,9.385469458188632,10.871826484872283
MJL,GAB,AF3,,,,,,,,,,0,-0.6470214563632664,-1.3753041415981684,0.0,-1.5159937430367563,3.6109179126442243,5.38357721049886,0.0,7.992944547318106,8.840533001332654
MJM,COD,AF3,0.0016891818331998783,-0.01280873654106511,0.014497918374265,0.0007214723391327045,-0.01431412386656944,-0.012548145592770099,0.0019583297034961727,,0.5497350296951569,1,-0.5869224131460836,-0.4846284406732887,1.3862943611198906,-1.6696810167261094,4.760257785939381,6.384999064520641,0.0,11.212306740376608,5.9334040464695645
MJN,MDG,AF4,0.007724526162879587,0.007583087918945129,0.00014143824393444417,-0.0022968569054123995,-0.005187478765747707,-0.00011940850515916352,0.005894124814244115,0.014792402911277014,0.5606165598569502,1,-0.5327871095652599,-0.6247984018926437,2.302585092994046,-1.931763189496167,4.066792369539936,5.97543761353683,0.3865580867951758,10.789422164395384,6.16075460811433
MJT,GRC,EU1,0.004445645590831167,0.005491415923376778,-0.0010457703325456099,0.005750120214711636,-0.0008691870576525062,0.008742358381675306,0.002133855986424781,,0.6102387125451645,1,-0.24575484888370633,0.7459122141166581,2.8903717578961645,-2.066249281622404,4.427081684958831,6.137411816378121,0.10615638648154843,12.634756109314113,10.08471240855404
MJV,ESP,EU1,-0.013564020535908699,-0.014392477916009953,0.0008284573801012528,0.002079531937193118,-0.00098834776466004,-0.012629733841845186,,-0.010502232867975102,0.6149831320214023,1,-0.1689309619538746,2.8535504574667616,3.4011973816621555,-2.6847311704144516,5.038242980813436,7.352719454126278,0.8891559407751912,14.02243529245511,10.216062049970796
MJZ,RUS,EU2,-0.002131324478299163,-0.006757111279205419,0.0046257868009062725,0.00031414712490062573,0.0018336586880478758,0.00012730245672851106,-0.002131324478299163,,0.5969296582184807,1,-0.5153444902214841,0.5839483032655857,1.9459101490553132,-1.9671973660836364,4.831636336351602,7.808501502622239,0.0,11.069960961391109,9.064204880368637
MKE,USA,NA1,0.0019571449329514913,-0.006710810894548801,0.008667955827500292,-0.0011156904950838798,-0.00537141022717187,-0.004391797884731355,0.0025171949051192312,-0.04195986848461519,0.6253710615544541,2,0.4696303944437603,-0.07923546907817847,5.099866427824199,-2.1506216988195264,4.2205509807199375,6.961159950842664,0.017576251254562532,15.496968993917823,10.894689012037176
MKG,USA,NA1,-0.010660532536893448,-0.03623363666082524,0.025573104123931784,0.018068608376987927,-0.007618663636691787,0.00015192532343865652,-0.010660532536893448,,0.5804231036487828,2,-0.4265892966294199,-0.5509912401370035,1.791759469228055,-1.4503852731686793,3.2365156514785967,5.331942895704528,0.0,11.018071610713937,10.894689012037176
MKK,USA,NA1,-0.028318408873879514,-0.02816960410778191,-0.00014880476609761264,-0.0030589023461185414,-0.011424900198707788,-0.04487112446580517,-0.028318408873879514,,0.5850373572207583,2,-0.4481967215102122,-0.7212457416823534,1.6094379124341003,-0.6568248230143668,2.9226067568564233,4.387138656964425,0.0,12.19159332426534,10.894689012037176
MKL,USA,NA1,,,,,,,,,0.5784174430629727,2,-0.4842497788973753,-1.8564796599092268,0.6931471805599453,-2.0434871546081745,2.9444389791664403,6.000070817544915,0.0,8.497398564088058,10.894689012037176
MKM,MYS,AS3,-0.006764980199761359,-0.006764980199761329,-2.9692694188097284e-17,0.020332632947441157,-0.006505942361608279,0.006456610064257716,-0.006764980199761359,,,0,-0.6165947980137579,-0.3305442379283754,1.3862943611198906,-1.697005415085778,2.9444389791664403,5.334889498109739,0.0,9.979707578447536,8.957973567306357
MKP,PYF,SW1,0.015470345286749978,0.035424348087634755,-0.019954002800884767,-0.0022166358472157422,0.007397875590390143,0.019232978146093628,0.015470345286749978,,,0,-0.5327944280034211,1.1559206854910395,1.9459101490553132,-2.1713306637467378,3.9915869660419623,6.270944204389957,0.0,8.896861744480391,9.982692936106211
MKQ,IDN,AS3,-0.008157570049338281,-0.01000556058528631,0.0018479905359480276,-0.027034720726889238,0.004853512058145276,-0.028328072618549326,-0.008157570049338281,,,0,-0.4496174218280538,1.9422966115083435,2.0794415416798357,-2.2434125375887164,4.912654885736052,6.489204931325317,0.0,10.812552239318544,7.764360911576746
MKR,AUS,SW1,,,,,,,,,0.6026370196694384,2,-0.5868511849115374,-0.3064481914011178,1.0986122886681098,-1.7059835414133648,3.271280322726692,5.919910448301798,0.0,9.017483513266844,10.871826484872283
MKU,GAB,AF3,,,,,,,,,,0,-0.6465876306704301,-1.6652512206808014,0.0,-1.8187281793132772,3.6109179126442243,5.948034989180646,0.0,8.041734711487537,8.840533001332654
MKW,IDN,AS3,-0.15168387011165738,-0.13047824289457227,-0.021205627217085042,-0.10074577032736629,0.05668145595829864,-0.19046231557841709,-0.15168387011165738,,,0,-0.4571145809470613,2.3900751775888565,1.791759469228055,-2.2992465488351552,4.822651085449022,6.928534828030927,0.0,11.869298363297778,7.764360911576746
MKY,AUS,SW1,0.04610646280944651,0.02330546538878358,0.022800997420662918,0.010549054004949335,-0.016786171632726585,0.0388905492709935,0.04610646280944651,,0.6148983269513242,2,-0.34970156272236064,0.22756837976426245,1.9459101490553132,-2.192970334576975,4.298109185013383,6.62443831063372,0.0,13.188795105294512,10.871826484872283
MKZ,MYS,AS3,,,,,,,,,0.5366385993882259,1,,,,,,,,,8.957973567306357
MLA,MLT,EU1,-0.007532784985904694,-0.009195931040000375,0.0016631460540956805,-0.00031666949300081476,-0.0018295867783739614,-0.009567449572127927,,-0.007495946478900511,0.6170142523414921,2,0.11496251549710898,0.3565869822569317,4.248495242049359,-2.5860255922442144,4.992106835780027,7.356418531146395,0.9984168196350918,14.375643926217606,9.870050994095813
MLB,USA,NA1,-0.010891846198767492,-0.012683322271735228,0.001791476072967734,-0.0019495710239971153,0.009758449241129582,-0.0031522443564123456,-0.008155670824679797,,0.609916251150646,2,-0.08643917423765543,-0.8672683089383453,3.871201010907891,-2.073379197079944,4.313555980607467,6.600394819873639,0.032886696638533115,12.331193140515945,10.894689012037176
MLE,MDV,AS1,0.006009613980070893,-0.0029768145149218737,0.008986428494992767,0.005005059440534011,-0.0018326759452562044,0.009018644677051133,-0.017322692633535735,0.011247839662307925,0.644801051271235,2,0.03539897957318328,0.6350428593658909,3.58351893845611,-2.4875236676302195,4.926008050178014,8.030598290163303,0.8998025636581488,14.098438849080978,
MLG,IDN,AS3,-0.026269200741988595,-0.019723725910792595,-0.006545474831196,-0.00035150001138758714,0.00511497189712009,-0.021768164189044058,-0.026269200741988595,,,0,-0.4565441401677597,1.566168504316362,0.0,-2.1019039383352442,4.8283137373023015,6.546785410760524,0.0,11.421358271444738,7.764360911576746
MLH,FRA,EU1,0.005778933335580475,0.0397031936848495,-0.03392426034926903,-0.03804256526826535,0.01234201832268851,-0.016790426618322397,0.035182981513769064,-0.0066981974623542655,0.5793300820323215,1,-0.26746194518868815,-0.2335899961524696,2.70805020110221,-2.0707399217490425,4.425867985390324,6.077878509586378,0.7838711275104628,13.49648641419137,10.500183536717612
MLI,USA,NA1,-0.007080349187327041,-0.005778620847095638,-0.0013017283402314062,-0.0008880130216684348,0.0009694315222364154,-0.007085201226966479,-0.007089447521843584,,0.6300499172010186,2,-0.022188054774821886,-0.03832234480830419,4.060443010546419,-1.9643762958366189,4.049428045205001,6.567585491876576,0.0,13.448320523725775,10.894689012037176
MLL,USA,NA1,0.017656239782339725,0.00012401256339510884,0.017532227218944617,-0.004488512944995832,-0.016156866348121142,-0.003014150361275318,0.017656239782339725,,0.5731597730297597,1,-0.7424059449407662,-0.37139910770016266,0.6931471805599453,-0.5289357197242511,1.791759469228055,4.026162565030054,0.0,9.214133170214879,10.894689012037176
MLM,MEX,LA2,-0.01803869650220386,-0.01271226585290226,-0.005326430649301599,0.012707960097556148,-0.006030924670931687,-0.011798280237634766,-0.03194210585974583,0.0075970759007169125,0.5968195447815237,1,-0.2021820440964422,-0.27273193400549145,3.1354942159291497,-2.4478949329921145,4.472382494340465,7.250787945942854,0.31660478926602503,13.009378313052883,9.19803449697713
MLN,ESP,EU1,-0.008679928172568858,-0.011398609508976656,0.0027186813364078037,0.027478033041427923,-0.006085978429914417,0.011222605935828498,-0.010043277091227418,,,0,-0.37586380872475084,0.26620961686732975,1.6094379124341003,-2.0361075721215367,4.134204790931532,5.738353588835931,0.0,12.527873496062272,10.216062049970796
MLO,GRC,EU1,-0.03764392468750483,-0.03522614842528314,-0.0024177762622216753,-0.003634091533752,0.006720772812649609,-0.034090336737017016,-0.03764392468750483,,0.5724470954078381,1,-0.4636627284316507,0.697477725495504,0.0,-1.0007575303707115,3.6109179126442243,4.976733742420574,0.0,10.144706750577567,10.08471240855404
MLS,USA,NA1,,,,,,,,,0.5733092477143684,1,-0.5847260846428289,0.4064225040644917,1.0986122886681098,-1.372335449997153,2.9444389791664403,5.13148556922248,0.0,10.064883351558928,10.894689012037176
MLU,USA,NA1,-0.00532177370706121,-0.01017497084655546,0.004853197139494257,0.0007760005980399314,0.003298331558697529,-0.001999142128220302,-0.00532177370706121,,0.572244553499139,2,-0.08809414619856566,-1.1715005832169247,3.9512437185814275,-1.8107601713487538,3.6309842009075886,6.222982276520421,0.0,12.186436104440917,10.894689012037176
MLW,LBR,AF3,,,,,,,,,,0,-0.5212410666967646,0.2754790251088301,1.6094379124341003,-2.323859336138341,4.855806021503899,6.814769856737696,1.0,9.40968291310444,
MLX,TUR,EU1,0.004663359194639818,0.005357158756505168,-0.0006937995618653521,-0.00874860749580431,-0.0002746946422109915,-0.003949603635562713,0.0067026393623681475,,0.6079597380553583,1,-0.4297783972976161,1.5482152617484874,1.0986122886681098,-2.3812241915948955,5.033173162489896,6.665934271486759,0.0,12.047088637300424,9.04517480014172
MMB,JPN,AS4,-0.002681490726819665,0.005214569385416928,-0.007896060112236591,-0.008375853174414364,-0.0030439523553924303,-0.013790978278596735,-0.0029557705135560405,,0.5687538803927673,1,-0.33991856739300974,0.02515830922365031,1.6094379124341003,-2.3346866128991857,5.06603257237433,6.7572158669698315,0.0,13.604204170175759,10.433822702828955
MMD,JPN,AS4,,,,,,,,,,0,,,,,,,,,10.433822702828955
MME,GBR,EU1,-0.0473346259625007,-0.04226729472362937,-0.005067331238871341,-0.01137692703350522,0.018127176416050206,-0.04084523031677762,-0.07631725859821628,-0.03325085385508449,0.5975450747669133,1,-0.22248475230833137,-0.13680195021401007,2.995732273553991,-2.18107026231535,4.395552655780034,6.453418235514072,0.5446964119026128,13.383499195332554,10.711795251008132
MMG,AUS,SW1,,,,,,,,,0.5807721685839504,1,-0.5940712635961296,1.021000417701003,0.6931471805599453,-1.7286386003992342,3.1997466549592053,6.007380905959893,0.0,8.542080906924017,10.871826484872283
MMJ,JPN,AS4,,,,,,,,,0.5459144381663168,1,-0.5804385098290775,-1.7880897403390927,0.0,-2.109468652982628,4.897839799950911,6.688354713946762,0.0,10.50731159513587,10.433822702828955
MMK,RUS,EU2,-0.0037249459608111163,0.0027326339640442333,-0.006457579924855355,-0.009708711642536796,0.00794179785755813,-0.005185546804590891,-0.0033465920876795813,,0.5589995325227607,1,-0.33569978063163247,-0.21809747167349253,2.3978952727983707,-2.1121644115101508,4.605877392837334,7.198292902274306,0.033868964594837306,12.474896769336357,9.064204880368637
MMO,CPV,AF3,0.041267748825957885,0.04389328476515633,-0.002625535939198513,0.02006008979230539,-0.006493968181165275,0.05433417301150532,0.041267748825957885,,,0,-0.5972455297451956,-0.16064515329158285,0.0,-0.24924997267679838,4.005802702831862,3.6109179126442243,0.0,8.678631537293768,8.025179844747967
MMX,SWE,EU1,-0.010575929142435554,-0.008403672895628262,-0.0021722562468072908,-0.014172438786994297,0.0013286225435396326,-0.022679670077356717,0.004076731801707417,-0.03568339144959052,0.5849809500289889,2,-0.2665428160854964,0.20368356768555593,2.833213344056216,-2.1908897959872906,4.683847924858345,6.498472182571387,0.24656211395043098,13.824087669155038,10.804911375886864
MMY,JPN,AS4,-0.012160938200986111,-0.018183124469661312,0.006022186268675197,-0.009983622665233342,0.0055397227860929064,-0.016106717467504424,-0.012142123901253988,,0.5643291008994975,1,-0.3217596949155614,0.28371821635761896,1.3862943611198906,-2.1953970128144373,5.010105222327835,6.272770180294888,0.0,13.728441724778614,10.433822702828955
MNB,COD,AF3,,,,,,,,,0.5789496773380463,1,,,,,,,,,5.9334040464695645
MNF,FJI,SW1,,,,,,,,,0.5467778869660879,1,-0.5844632415985049,-1.7216334366819417,0.0,-0.9124036671530477,2.157386606739647,3.5553480614894135,0.0,9.599879329534089,
MNG,AUS,SW1,0.026006376484054003,0.002073968362110117,0.02393240812194388,-0.002625020334763981,-0.00640744933081981,0.015566223277692049,0.026006376484054003,,0.5620635842003523,1,-0.6194881782444196,0.010133949050247271,1.6094379124341003,-1.2803812615844634,2.8203189714737724,5.380922924502293,0.0,10.202443337211285,10.871826484872283
MNI,MSR,LA1,0.012256840851389799,0.01264045076238098,-0.00038360991099118747,0.0006847381020806481,0.00690083433584659,0.0176987581923064,,0.012256840851389799,,0,-0.5444689083727294,-0.9237798605291695,0.6931471805599453,-1.032245134090001,2.9444389791664403,4.02535169073515,1.0,10.348109269178813,
MNK,KIR,SW1,,,,,,,,,,0,,,,,,,,,7.267774765509127
MNL,PHL,AS3,0.004866198382052432,0.005765758760357555,-0.0008995603783051244,-0.005030860626212955,-0.001030021879346971,-0.0011760026760701094,0.011133301247488299,-0.0015534457802776024,0.7585399871908782,3,0.6415848975438287,0.19769353808981527,4.477336814478207,-2.385275138652299,5.1429733684126315,7.6261596689881355,0.5274586207789609,16.38436566267045,7.700452054329457
MNU,MMR,AS3,,,,,,,,,0.5594679147914714,1,-0.6190746850986287,-0.03928234833466235,1.0986122886681098,-1.5641505437049044,3.784189633918261,5.520794028874543,0.0,9.527192821727743,
MOA,CUB,LA1,,,,,,,,,,0,-0.5406655320241955,-2.1980207557222267,0.6931471805599453,-2.1270110063677676,3.835411903056306,6.674857835009393,0.0,7.301147805856032,8.734844252548541
MOB,USA,NA1,0.005210058237855191,0.005385879521327139,-0.00017582128347194768,-0.0002077966854387315,0.0005105010440281811,0.004851752355599417,0.005010951223399007,,0.646412568313286,2,0.08353882133810413,-0.6411453736914032,4.430816798843313,-1.9109012205633464,4.020478499936655,6.47786260186937,0.0,12.999895133279665,10.894689012037176
MOC,BRA,LA4,0.006596914248218038,-0.004778756573406585,0.01137567082162462,-0.014754641958893578,0.0013271342175447674,-0.008745874769851525,0.006596914248218038,,0.554252141563267,1,-0.5167308803870959,-0.3073511527392152,1.791759469228055,-1.9153159455003783,3.8787147495278034,6.038204350834604,0.0,10.797409968548275,8.987603389267655
MOD,USA,NA1,,,,,,,,,0.598306750766854,1,-0.3548399250504352,0.8334740973178935,0.6931471805599453,-1.5940335117944506,3.4011973816621555,5.639763208660555,0.0,11.427367576608582,10.894689012037176
MOF,IDN,AS3,-0.07342948194964072,-0.06519216493052014,-0.00823731701912056,0.02456479354141499,-0.041556511684701786,-0.09033267408890448,-0.07342948194964072,,0.5573703674512069,1,-0.5413438965692356,0.6133849291784376,1.6094379124341003,-1.7011974609810492,4.341668463837193,5.993517776289523,0.0,11.26529709197562,7.764360911576746
MOG,MMR,AS3,,,,,,,,,0.5542491118147439,1,-0.625659325508865,-1.4715012263416614,0.6931471805599453,-1.58647309069217,3.784189633918261,5.556828061699537,0.0,7.7354333524996886,
MOL,NOR,EU1,0.0025729273950542723,-0.001060676639477699,0.003633604034531971,0.0004038400601726741,-0.0002145521637248091,0.002418222632238849,0.0038456266712095107,,0.6169693808981349,2,-0.4556633681186116,-0.40207262113802156,2.0794415416798357,-1.9471138192588981,4.525789613647425,5.7996654700482475,0.0,12.634713769622763,11.24000991778092
MON,NZL,SW1,,,,,,,,,0.5358601687434441,1,,,,,,,,,10.502717308818164
MOQ,MDG,AF4,-0.016425288014211864,-0.0022782606661712343,-0.014147027348040603,-0.002804679313748582,-0.003964804137093434,-0.02502742001186862,-0.016425288014211864,,0.6035485209731006,2,-0.5827989357600312,0.31887328900796896,1.6094379124341003,-1.889743551932652,3.963955754169789,5.8865450048323815,0.0,10.114558522616068,6.16075460811433
MOT,USA,NA1,-0.002404930645565337,0.00832789482951671,-0.010732825475082048,-0.0022609543288490846,-0.01610060392351917,-0.020450930888028903,-0.0024224734528257453,,0.5872911884631697,2,-0.22128427058548425,-0.29985390862295286,3.295836866004329,-1.8092797629325335,4.721298567702605,6.58260205109178,0.0,11.743274990774765,10.894689012037176
MOU,USA,NA1,-0.032575790312623844,-0.05660680280637062,0.008053776203331114,-0.02686447269026153,0.015522155666390106,-0.05464976080404492,-0.032575790312623844,,0.5860057244239811,1,-0.6970333833593335,-0.5699021376966853,1.9459101490553132,-0.6551117749193157,1.9412897240830271,3.870680256939945,0.0,9.990078007617226,10.894689012037176
MOZ,PYF,SW1,-0.028209802182097666,-0.029016454580302622,0.0008066523982049637,0.011450271778487836,0.000372537232561212,-0.015211342060798605,-0.028209802182097666,,,0,-0.5254965587094625,0.7739370483565114,1.3862943611198906,-1.2996068159567782,3.2361814113065335,4.441876056300574,0.0,12.214967964608537,9.982692936106211
MPH,PHL,AS3,-0.03289326679416195,-0.027786554810435363,-0.005106711983726585,-0.0005735769869558884,-0.0228214979070892,-0.05587826550693667,-0.03289449820488216,,0.6058930116987056,1,-0.42510698947851516,3.0365889579085863,1.3862943611198906,-1.5314441724209154,3.7770990488687914,5.722875767593869,0.0,13.06245412465042,7.700452054329457
MPL,FRA,EU1,-0.0060728974689133255,-0.010118573287742273,0.004045675818828951,0.005923792270698405,-0.003954738829574112,-0.00408416571886593,-0.007064248739764628,0.001676284088481703,0.5681312885235246,1,-0.23345311990270054,-0.3207092066748715,2.70805020110221,-2.320469708708464,4.786311640198516,6.475801813673988,0.1817563674738313,13.683720505469468,10.500183536717612
MPM,MOZ,AF2,0.004290935622008274,0.011937540086397412,-0.007646604464389136,-0.03051316090707064,-0.002018347789529529,-0.026987759466133455,0.016630111968558674,-0.004682402597352201,0.5605057946240296,1,-0.2689758102543092,0.929879397073104,2.9444389791664403,-2.221753337616399,4.630668959792344,7.486133157873223,0.6130688537097082,13.169819318560624,6.091422034290103
MPN,FLK,LA4,-0.03058149114472725,-0.019894880402535335,-0.010686610742191934,-0.04200640032294524,0.0007447135438688095,-0.07072201758903926,,-0.03058149114472725,,0,-0.47669927661347467,0.25930023865899837,1.6094379124341003,-2.518916111328157,5.527901670076847,8.552134719809247,1.0,10.577757677326384,
MPW,UKR,EU2,,,,,,,,,0.6617425292595602,2,-0.5063768359676407,-0.7204817622656904,0.0,-1.8817268790142447,3.9210777773791725,6.405228458030842,0.0,9.820975130961664,7.82338661381434
MQF,RUS,EU2,-0.018319067118688602,-0.010774656377868848,-0.007544410740819754,-0.0017809650426152826,-0.007926664723244286,-0.027853881368836212,-0.017196829345025907,,0.6046457352363954,1,-0.3852254705967366,1.062950967030943,2.1972245773362196,-1.88758011269955,4.630979338392299,7.162828640740561,0.00849760181873631,11.879483410762909,9.064204880368637
MQL,AUS,SW1,0.008194836690423106,-0.02725191628591915,0.03544675297634224,-0.00015232785907442093,-0.02912207606434337,-0.021429880767454605,0.008194836690423106,,0.6385650897319468,2,-0.40828264689631527,0.32121343533643903,1.6094379124341003,-1.428723257810562,3.1544225270218615,6.102220034606305,0.0,11.750981273818839,10.871826484872283
MQN,NOR,EU1,0.003123994306000067,0.003384537660040721,-0.0002605433540406547,-0.0027799812700764165,0.0015262115553011531,0.002056623467968887,0.003123994306000067,,0.5629715320796689,2,-0.5730173963360328,-0.3149209354875081,1.791759469228055,-1.285276629373179,3.6635616461296463,4.944265993408811,0.0,11.685802562936184,11.24000991778092
MQQ,TCD,AF3,,,,,,,,,,0,,,,,,,,,6.824757091826435
MQT,USA,NA1,-0.017916535962815235,-0.020305981788604304,0.00238944582578907,0.004062420261359088,-0.001794569070804069,-0.014946742009695644,-0.017916535962815235,,,0,-0.30884526591173733,-0.31985144898226275,2.833213344056216,-1.8937403261854504,3.5640948391963367,6.123130739390489,0.0,11.759152530091415,10.894689012037176
MQX,ETH,AF4,-0.01583887213372296,-0.0028809899836827386,-0.012957882150040217,-0.0026925089428358477,-0.009020337852800854,-0.026532843537445262,-0.015793802564285097,,,0,-0.504234557042818,-0.0848595869249512,1.0986122886681098,-1.891173205953017,4.5127339213112005,6.139115705421042,0.0,10.865363317630766,
MRA,LBY,AF1,0.07212859608488313,0.06202733162601517,0.010101264458867942,0.006493299939241439,-0.030875533030673693,0.047684602598466116,,,,0,-0.6386039470152596,-1.747615212515822,0.0,-1.7964930400784458,4.5670982380386835,6.192362489474872,0.0,9.726153537253213,9.526096668898754
MRD,VEN,LA3,,,,,,,,,0.5786400708624748,1,-0.4609872449766214,0.7992739905814878,1.791759469228055,-1.6769936857425192,3.5803976375146553,5.987986018361451,0.0,11.927039727735853,8.41113221940897
MRE,KEN,AF4,0.019477917236531854,-0.0054403457072068956,0.024918262943738757,-0.06437554249782276,0.032325556343829144,-0.010660993411623219,0.023284732877032616,,0.5531500949361168,1,-0.4922780095744746,0.8685398779950285,1.791759469228055,-1.5261976549016032,3.5117116888074253,5.701727646768356,0.0,10.573903321093981,7.177714421121875
MRS,FRA,EU1,-0.0030908511267109117,-0.004713865554657784,0.0016230144279468753,0.001955318271621032,-0.0025527829165869686,-0.003994043693530142,0.0020123275806128416,-0.00743830674023492,0.7719858314413702,3,0.20975015137319986,0.13521274642546977,4.430816798843313,-2.370563765528964,4.7191539401761,6.785523773394106,0.5204742106754611,15.472578724036362,10.500183536717612
MRU,MUS,AF4,-0.006280332173397496,-0.0063244281700422,4.4095996644702263e-05,0.0004355126950006545,-0.001763236185224771,-0.007623423486137012,-0.04259943661606723,-0.0042547993451359165,0.5861872360702214,1,0.06036791877394556,0.32157659866931554,3.4965075614664802,-2.4247093688476276,5.184978850163523,8.548440264679796,0.9446440026445728,14.302545821987351,8.882174933634513
MRV,RUS,EU2,0.014405806448957875,0.011012140219601063,0.0033936662293568127,-0.0033369556515427112,-0.002366430410943625,0.008854931379030458,0.006988391630523474,0.04894208367992749,0.6244381635155212,2,-0.20520402621982806,0.28332723948302896,3.332204510175204,-1.81881544868146,4.775494358837734,7.267112811110956,0.13122717983123316,13.020616325316338,9.064204880368637
MRY,USA,NA1,-0.003153521079946232,0.001820695644490052,-0.004974216724436289,-0.007482964298733037,0.015348769852068487,0.004076223749375288,-0.003153521079946232,,0.5894993186423829,2,-0.207892891459952,-0.7097229169212429,3.295836866004329,-1.9106973331776014,3.6508307023924296,6.351617968830667,0.0,12.768068456106288,10.894689012037176
MRZ,AUS,SW1,-0.043527025631352245,-0.09834810143992884,0.054821075808576605,0.0008525845070093895,-0.0549494696434994,-0.09920982450347185,-0.043527025631352245,,0.5532508804909193,1,-0.45964700701210065,-0.2352429091320607,0.6931471805599453,-1.0362496234814906,2.8936197307702276,6.2324480165505225,0.0,10.088056581870562,10.871826484872283
MSJ,JPN,AS4,-0.011651445691184247,-0.026396214771418416,0.014744769080234168,0.007300501155725617,-0.011088361520961074,-0.016294744940834528,-0.011604834316896606,,0.5605034027875646,2,-0.49429218472544284,-0.7369529186143384,1.0986122886681098,-2.0543309283606614,4.952729851359088,6.373462850681751,0.0,12.410339141074694,10.433822702828955
MSL,USA,NA1,0.02945238526980014,-0.03480458830343152,0.06425697357323164,0.054702241255078395,-0.041449303501495546,0.04631227875270186,0.02945238526980014,,0.6797993214700103,3,-0.521053099138821,0.5989729176936984,1.0986122886681098,-1.1709319783304017,3.4965075614664802,4.963543686562405,0.0,10.394212504595115,10.894689012037176
MSN,USA,NA1,-0.013492920771239515,-0.0050865626497708025,-0.008406358121468713,-0.0009124110905099996,0.008294433374654409,-0.006319297570232469,-0.013492469062067958,,0.630608668291526,2,0.17486653163685875,-0.035641668729645595,4.574710978503383,-1.8343006413036416,4.141792669347227,6.219724253935042,0.0,13.988762779048184,10.894689012037176
MSO,USA,NA1,0.0043547233341782385,-0.0070973145221441694,0.011452037856322405,0.004669343226375718,-0.0012134095789591674,0.00755850391405794,0.0043390210973892895,,0.6347940316088689,2,-0.014859587575184753,-0.07790592461622645,4.127134385045092,-2.1091363769157407,3.9763465727374356,6.878065196310882,0.0,12.973988651260948,10.894689012037176
MSP,USA,NA1,-0.009434802709920207,-0.004026708525096087,-0.005408094184824122,-0.0003183351860034546,0.0015997893173365437,-0.008177856281826188,-0.008744584664375015,-0.016959430868824035,,0,0.8196568281057136,-0.05938782004336499,5.455321115357702,-2.375334172181501,4.684830035049649,7.328053325599049,0.06939675883662996,16.969071325602112,10.894689012037176
MSQ,BLR,EU2,-0.0009887784742462567,0.004016206028690968,-0.005004984502937227,0.007562255977379931,-0.0025165686550882825,0.0036146852309558,,-0.0010024986289563305,0.5768037683594754,1,-0.09048229653357752,0.008989484363108632,3.5553480614894135,-2.072844777589766,4.339814261817493,7.083796138608051,1.0,13.1399282085838,8.451524809226617
MSR,TUR,EU1,0.055323790848772765,0.04912043311584053,0.006203357732932194,0.0011158323904019384,-0.004024516957009164,0.05259117911886317,0.05524606007831378,,0.5814347199304819,1,-0.45682712332538283,-0.4399826917781805,0.6931471805599453,-2.395841826641813,4.944093404228444,6.865131376402495,0.0,10.037843605035206,9.04517480014172
MSS,USA,NA1,-0.03787992575022303,-0.007304126371994985,-0.030575799378228047,0.038992951803706224,-0.021941931787862905,-0.022377012664423507,-0.03787992575022303,,,0,-0.42455949871288867,0.3690821655810976,1.3862943611198906,-1.0281013262495797,2.9444389791664403,4.422848629194137,0.0,9.789254458374703,10.894689012037176
MST,NLD,EU1,0.021226933362938346,-0.007069288792231711,0.028296222155170053,0.06615389164682808,-0.08021652159089215,0.0072006419098081965,,0.06127620730032313,0.577059989236489,1,-0.3357638193884992,-0.36218519248261855,1.9459101490553132,-0.5040749932890357,3.8036808741773025,5.98473504993412,0.24426749244267493,11.81768586895676,10.724269588094538
MSU,LSO,AF2,-0.018817807878162705,-0.023066984013456165,0.004249176135293465,0.004180187598955424,-0.0019824837092434723,-0.017643116486024436,,-0.018817807878162705,,0,-0.4621936867071235,0.14830408149668955,0.0,-1.7063604813916047,3.349362385688534,5.926926025970411,1.0,10.58857735946834,6.832243311366954
MSY,USA,NA1,-0.008478331963622387,-0.008076965605867358,-0.00040136635775502895,-0.003317436671973371,0.0024942495088449523,-0.009194174011533175,-0.008101193589448736,,0.6216293451310833,2,0.4261177355706177,-0.5394125721167069,4.9344739331306915,-2.348490184498468,4.78261603651789,6.98208213501003,0.00013967353715537334,15.463752750701685,10.894689012037176
MSZ,AGO,AF2,,,,,,,,,0.5740944311941591,1,,,,,,,,,8.112636667815755
MTJ,USA,NA1,-0.007903945816352455,-0.01720631123971829,0.009302365423365835,-0.013233188723424568,0.0036591042367076576,-0.01723782268745698,-0.007903945816352455,,0.6365986049103265,2,-0.19462882284105965,0.4192992984023992,3.2188758248682006,-2.066743552659103,3.8385431636544753,6.619897567377415,0.0,11.707562540153498,10.894689012037176
MTK,KIR,SW1,,,,,,,,,,0,,,,,,,,,7.267774765509127
MTR,COL,LA3,0.006459250271521907,0.026604944777613382,-0.020145694506091473,-0.0025385411867249745,-0.001534188161686224,0.0027786794110175816,0.006459250271521907,,0.5797875930246784,1,-0.5014590612152543,0.1747494754056801,1.3862943611198906,-1.9484436210818281,4.411043264221851,6.117363766548999,0.0,12.077733464301936,8.506587672816924
MTS,SWZ,AF2,,,,,,,,,0.5580305308203668,1,-0.4529813396380815,-0.18751610830889712,1.3862943611198906,-1.5319466972128464,3.384536744860069,5.759022870624004,1.0,11.13126965261369,
MTT,MEX,LA2,-0.015159335131815686,-0.039103498294832326,0.02394416316301663,0.025054050009796186,-0.021893095493081792,-0.012567700150741292,-0.015541804688347434,,,0,-0.4467546345340881,0.3124941643407049,1.6094379124341003,-1.9872596724443516,4.327338429387145,6.193714234906985,0.0,12.301182805331832,9.19803449697713
MTV,VUT,SW1,0.06011111206705427,0.03370438590343987,0.026406726163614398,-0.03762622258590981,0.0191574824002408,0.042846961727609746,0.06011111206705427,,0.5832923095767351,1,-0.7647071174221859,-1.1527219196586997,1.0986122886681098,-1.803244268361534,2.2244556676995457,5.021633468050505,0.0,7.305860032684009,7.934420995814924
MTY,MEX,LA2,-0.017031216400535946,-0.015503939306540253,-0.001527277093995687,-0.002591680826371174,-0.0018759548796229634,-0.021360219646177715,-0.014647102212655187,-0.03084806069125532,,0,0.19621041039772102,0.32038962314305514,4.61512051684126,-2.1481101619461147,4.466663490517375,6.759441952634675,0.16831959201366548,15.18263560620207,9.19803449697713
MUA,SLB,SW1,0.004139695405554641,-0.0095730375726379,0.013712732978192543,0.019532875074371736,0.002851128577143804,0.02965037011440575,0.004139695405554641,,0.6083703389170751,2,-0.69722919892563,-0.5312422252736106,1.3862943611198906,-1.2811269581365952,2.8903717578961645,4.526894238187787,0.0,9.448569560708433,7.512198677091754
MUB,BWA,AF2,-0.005850426101288932,0.003895175193040252,-0.009745601294329182,-0.0014466337248223969,-0.008491703138016546,-0.014429410412699115,-0.017864585458551085,0.0037916451439744875,0.5857621167236814,1,-0.43513645659160594,0.24098915503594479,1.791759469228055,-1.8102282200105309,4.004168379353478,6.573790240195744,0.5886899812928705,11.251248963939235,8.713686428500589
MUC,DEU,EU1,-0.004468081836074348,-0.008527711876787018,0.0040596300407126735,0.0007411340727264441,-0.0020254352340587597,-0.005800768963665788,-0.0076883614168765995,-0.0029295863852543645,0.5895307722720382,1,0.8579282080522541,0.4930221810170726,5.497168225293202,-2.3419751008246545,4.733441033738591,7.371275274899182,0.6926429921236683,17.077892056262954,10.56082813498111
MUE,USA,NA1,-0.06211509757459953,-0.031703520386095335,-0.030411577188504207,0.008025199480438805,0.04199010332128815,-0.012595245379164087,-0.06211509757459953,,,0,-0.48752610107441835,1.0400241068197313,1.0986122886681098,-0.8854554727216074,1.996854950670562,4.934172142237721,0.0,9.699411063939143,10.894689012037176
MUH,EGY,AF1,,,,,,,,,,0,,,,,,,,,7.97317803761651
MUN,VEN,LA3,0.05736800072649879,0.07434659389247766,-0.016978593165978873,-0.004336335021072811,0.007725404643571659,0.06174635354126591,0.056845638165950695,,0.5739346155127634,1,-0.4623852948838051,0.353605275073776,1.3862943611198906,-1.5208530400005,4.419817321863661,5.986500484114002,0.0,12.473068475412758,8.41113221940897
MUR,MYS,AS3,-0.00760228471641404,-0.00760228471641403,-1.1849394431514726e-17,-0.014363236928440173,0.009187078138926347,-0.012478245804725693,-0.00760228471641404,,,0,-0.6621411288887392,-0.39352192526399005,0.6931471805599453,-1.178883977660963,2.9444389791664403,4.249152134969579,0.0,10.367410230215862,8.957973567306357
MUW,DZA,AF1,,,,,,,,,,0,,,,,,,,,8.375456929632021
MUX,PAK,AS1,-0.08824836839319308,-0.05714930104310421,-0.031099067350088872,-0.02315436195598449,-0.007775836287919556,-0.11801283280019353,-0.03281613026589573,,0.5859719638730381,1,-0.377582264177301,-0.35590534059087836,1.6094379124341003,-1.2639150522586076,4.280207197306497,6.427635292170873,0.035316074589431916,12.138847852927288,7.14310852796464
MUZ,TZA,AF4,,,,,,,,,,0,-0.5959197828434488,0.5166907432183888,0.6931471805599453,-1.3941463847131064,3.828641396489095,4.955827057601261,0.0,9.170975648453906,6.595124587865934
MVB,GAB,AF3,,,,,,,,,0.5705775256042563,1,-0.6417644803593561,-1.8490653612903214,0.0,-1.7189831184871678,3.7793817545432833,6.142037405587356,0.0,9.509481537516857,8.840533001332654
MVD,URY,LA4,0.006647685055435086,0.03398863274856853,-0.02734094769313345,-0.021322354335446582,0.004202136722565303,-0.010074609844401566,,0.006918454412901384,0.5568279451809883,1,-0.0787398452570465,-0.17233698793650834,3.091042453358316,-2.2465441988000214,4.950803570709709,7.402516409335483,0.9937424331185315,13.839422378010587,9.418206433316357
MVP,COL,LA3,0.028895121901488977,-0.016833252177917007,0.04572837407940601,-0.002716446828558653,-0.011333801914566441,0.012604960553939998,0.028895121901488977,,,0,-0.7882147252512176,0.25566646137917387,0.0,-1.9357270527166455,3.55821476197149,6.2285110035911835,0.0,8.9005490139363,8.506587672816924
MVR,CMR,AF3,,,,,,,,,,0,-0.5768387080165576,-0.5570652831557881,1.3862943611198906,-2.064196880260678,4.949531129144446,6.174223678031335,0.0,10.425994681075956,7.166830042594613
MVS,BRA,LA4,,,,,,,,,0.6175268063983419,2,-0.711912154514362,-1.2044356601546113,0.6931471805599453,-2.069653604573009,3.8066624897703196,6.338594078203183,0.0,8.862908295118627,8.987603389267655
MVT,PYF,SW1,-0.016014943805784977,-0.011795386867267095,-0.0042195569385178565,0.007177566542394331,-0.0013958629900464843,-0.010657651974006688,-0.016014943805784977,,,0,-0.5530963664466572,0.21877945461235296,1.3862943611198906,-1.7865318022030519,4.100926626417741,5.419344120350141,0.0,8.764365720529808,9.982692936106211
MVY,USA,NA1,-5.1334528447337206e-05,0.011047999290125041,-0.011099333818572376,-0.008215279416856543,0.005373081068842867,-0.003526839416919378,-5.1334528447337206e-05,,0.5869884209324125,2,-0.3558395296435,-0.5912896841688551,2.5649493574615367,-1.4205331513592188,2.4423290019171504,5.002250839298408,0.0,11.328738168766431,10.894689012037176
MVZ,ZWE,AF2,,,,,,,,,,0,-0.5915132822444323,1.825146485260792,0.6931471805599453,-1.3658862166252226,4.0943445622221,5.207692194933971,0.0,8.922658299524402,6.894873020449412
MWA,USA,NA1,0.00694252572497331,0.03674998752661316,-0.02980746180163985,-0.022405248278525674,0.008373241406973275,-0.007625104986292578,0.008849905240137512,,0.5541788530585003,1,-0.5275028658291373,0.25674788200390164,1.0986122886681098,-1.5821383266386657,2.9444389791664403,5.279930417852697,0.0,9.992825387888324,10.894689012037176
MWF,VUT,SW1,0.027189154672118732,-0.0021978303933228877,0.029386985065441632,0.009960018303371567,0.002429179949285718,0.03904938052312933,0.027189154672118732,,0.6557782844612241,2,-0.6839778914638609,-1.880508307218985,1.791759469228055,-1.1801121571935276,2.237552622723191,3.9077186297156894,0.0,6.63200177739563,7.934420995814924
MWH,USA,NA1,,,,,,,,,,0,,,,,,,,,10.894689012037176
MWZ,TZA,AF4,0.025169311049844614,0.00339327938889865,0.02177603166094596,0.007815948484454188,0.013402261653560923,0.045110542940092604,0.013641552543716857,0.15129081011338225,,0,-0.46905661373603014,0.9292403125785622,1.9459101490553132,-2.0026689024952553,3.9499483816127423,6.461574994190914,0.056028466025225585,11.985874751504534,6.595124587865934
MXH,PNG,SW1,0.02831113944497711,0.023300912428415494,0.005010227016561598,-0.005771227836731409,-0.0059653348694409716,0.01668634566476824,0.031480896232725854,,0.5628304101312429,1,-0.5719951139463194,1.0359767176766248,1.791759469228055,-1.6944584322329121,3.58351893845611,6.1726648198896985,0.13507109004739337,9.628524252492122,
MXL,MEX,LA2,-0.049199864133633385,-0.030458526845659133,-0.018741337287974273,-0.001652651760944024,0.004787939439985159,-0.04602046238076948,-0.049199864133633385,,0.6032589078795314,2,-0.38414813734233627,0.46246922332220947,2.4849066497880004,-2.5290835413923527,4.755600363198198,7.437291163082716,0.0,12.853026661795411,9.19803449697713
MXP,ITA,EU1,-0.023030192022263425,-0.025290691948705254,0.0022604999264418404,-0.00629713911574294,0.0028934772207740932,-0.02641805371624223,-0.016554468799505374,-0.023784725268649172,0.6604694418245076,2,0.761314074132523,1.333429876891507,5.2832037287379885,-2.2130831692443405,4.760636181700532,7.558064433813294,0.8195681513638873,16.599608296665526,10.438808040299792
MXS,WSM,SW1,,,,,,,,,0.6055085933610409,2,-0.6516703242049185,-0.12062798778861475,0.0,-0.7524689648860902,2.1972245773362196,3.295836866004329,0.0,5.860786223465865,8.247548800913659
MXT,MDG,AF4,,,,,,,,,0.6084694469574174,2,-0.5894304033543317,2.111190239994416,1.6094379124341003,-1.7326604450430805,2.9444389791664403,5.438920469774699,0.0,7.4770384723196965,6.16075460811433
MXZ,CHN,AS4,0.019220339208183675,0.01803849710856137,0.0011818420996223102,-0.02697123172302883,0.016986319570249018,0.010439221677676037,0.007175560195492312,0.06475843958211135,,0,-0.40585496542261157,-1.2952453598553202,0.6931471805599453,-1.7554428112961389,3.912023005428146,5.768489900447497,0.02702702702702703,9.72016549540859,8.391574866779688
MYA,AUS,SW1,-0.002645632933092604,-0.002913560877478945,0.00026792794438634256,-0.004885867420780576,0.0028065598120601046,-0.005179804842184588,-0.002645632933092604,,0.5667282949097112,1,-0.45441110887544456,-0.5485095473340738,0.6931471805599453,-1.3317017019510384,3.4965075614664802,5.204645194656474,0.0,10.729962980087919,10.871826484872283
MYD,KEN,AF4,-0.05343214314845465,-0.030449245105513903,-0.022982898042940757,0.011210840986897305,0.0074775626302420765,-0.035564098142717424,-0.05343214314845465,,,0,-0.4950699283092673,0.07520450671305079,1.6094379124341003,-1.59986784612102,3.8174437077103955,5.814725267718784,0.0,11.379085453299176,7.177714421121875
MYE,JPN,AS4,,,,,,,,,,0,-0.6028937681018115,-0.5507011505343221,0.0,-1.0962196175790397,3.6109179126442243,5.111987788356544,0.0,10.203962446786662,10.433822702828955
MYG,BHS,LA1,-0.01718931109912344,0.006830144257076911,-0.02401945535620035,0.013121004787904214,-0.007058748696705623,-0.014710211761220898,-0.01718931109912344,,,0,-0.5505306225103956,0.2855611808826433,1.0986122886681098,-1.8292998260800462,3.912023005428146,5.789200225810553,0.0,8.968268810776454,10.420772350869472
MYJ,JPN,AS4,0.0009011318174735368,-0.009198445281755311,0.01009957709922885,0.003130186564782502,-0.006771069575166893,-0.002987606768237376,0.0012894699265722284,-0.02445418510636106,0.5681876641985022,1,-0.2397254667690489,-0.3269706668013166,2.4849066497880004,-1.9761350484098372,4.967317894284822,6.30582564859093,0.02929895217671775,14.215146710671995,10.433822702828955
MYR,USA,NA1,-0.01260027020561992,-0.010840549521961448,-0.0017597206836584781,-0.005533730368514856,0.003231961777534561,-0.01492315852639576,-0.012987192324658399,,0.6577575535520459,2,0.17758307957217234,0.1884523426614291,4.61512051684126,-2.219323558311626,4.55542214194885,6.498148384994239,0.0,13.882478313620993,10.894689012037176
MYT,MMR,AS3,-0.041925723977702056,-0.036277559932826824,-0.005648164044875217,0.006631251610852122,0.004317892859809703,-0.031557629195292765,-0.041925723977702056,,0.5565283246408568,1,-0.6084265049536189,0.3064110443423366,1.0986122886681098,-1.6760170398244407,4.0364223337905845,5.870556375330049,0.0,10.340871136212566,
MYU,USA,NA1,-0.01016181321178069,-0.01737821073800725,0.007216397526226558,0.03971075623991578,-0.025758877876605572,0.0029617930657006657,-0.01016181321178069,,,0,-0.7206368361951914,0.3108161994059519,1.6094379124341003,-0.891355340552703,1.6383810942301675,4.979856016322935,0.0,8.981807323377534,10.894689012037176
MYW,TZA,AF4,-0.01074623829709598,-0.001343709015917468,-0.009402529281178535,3.7087129449840196e-05,-0.013829601186845047,-0.022505788875448657,-0.011779463155608755,,,0,-0.5717174167425767,1.3693914171848978,1.3862943611198906,-1.8833053985155637,4.289753304349184,5.966748627641296,0.08428070020529348,10.721084386282662,6.595124587865934
MYY,MYS,AS3,0.010233488464574385,0.009067391539340938,0.0011660969252334495,-0.0011882802771215105,-0.0004578938865740628,0.009121326048916141,0.008454071191802703,,0.5834342200468667,1,-0.24957015790097872,-0.14300590725933957,2.70805020110221,-2.301484531357262,4.351866423266315,6.445404265798192,0.0,13.863347887378435,8.957973567306357
MZG,TWN,AS4,-0.053265021624040836,-0.03636092413186721,-0.016904097492173618,-0.017277139642087984,0.0012250370442524463,-0.06771638648521369,-0.052375931226959674,,0.5969283261753033,2,-0.3249323096641581,0.19118422664684107,1.791759469228055,-1.8390046571515182,4.679110373895126,5.528037978469812,0.010016269141776115,14.39319132991407,
MZI,MLI,AF3,,,,,,,,,0.5665530544644591,1,-0.6306383432722447,-0.7261055073576591,0.6931471805599453,-1.7497564570654975,3.4109230574894505,5.888235261089633,0.0,8.66319648553608,6.665548568543968
MZK,KIR,SW1,,,,,,,,,,0,,,,,,,,,7.267774765509127
MZL,COL,LA3,0.006384646567105946,-0.0035091327559834246,0.00989377932308937,-0.008024592439383709,0.0020701570563639686,0.001179708226109847,0.006384646567105946,,0.5580096342600975,1,-0.5142713638895529,-0.5829402189612845,0.6931471805599453,-1.5468214635743724,3.9345623653775736,5.136335629564147,0.0,11.810441524873884,8.506587672816924
MZO,CUB,LA1,0.004778575710577081,-0.023712365970202046,0.02849094168077914,0.029831613532872156,-0.016455685391158048,0.01975745200061696,0.0022356779855491303,,0.5649044431008485,1,-0.4613976045056484,-1.2332664168022511,1.3862943611198906,-2.1010492326166914,4.517051476764771,6.141044356846365,0.07122507122507123,7.652545692693921,8.734844252548541
MZT,MEX,LA2,-0.011119785550597588,0.0011221117212874695,-0.012241897271885056,-0.0023851627614075895,-0.002459480055522386,-0.015518442510005382,-0.004801253597158302,-0.02194549666678957,0.5858495484734971,1,-0.024354658241167112,-0.11144889452548606,4.02535169073515,-2.2825875964693707,4.528073029913599,6.9319026698286645,0.36824346640526123,13.537031342357084,9.19803449697713
MZV,MYS,AS3,0.03802436808733426,0.025630920774620255,0.012393447312714006,0.025925608728501616,-0.02043196797375292,0.04379297924992996,0.022990098364527912,,,0,-0.5852337459814716,0.33470263275453044,0.6931471805599453,-1.3335811728142288,3.8986893380091416,4.806810347016635,0.0,10.789298458156308,8.957973567306357
NAA,AUS,SW1,,,,,,,,,,0,-0.462799699223157,-0.21924517181527547,0.6931471805599453,0.05638496146094232,2.8909563822916526,4.5217885770490405,0.0,10.083890603507452,10.871826484872283
NAG,IND,AS1,-0.005360436246514391,-0.01430557485292839,0.008945138606414004,-0.004773800339988363,-0.004827472878041314,-0.014635125160576558,-0.0026300520225285094,-0.07767023861632423,0.6043450349887833,1,-0.2474471365125608,1.2801826993734986,2.6390573296152584,-2.432001340024054,4.845879296096486,6.72538708126103,0.07150600158595284,13.605861791073767,6.97470991159236
NAK,THA,AS3,,,,,,,,,0.5625083623981624,1,,,,,,,,,8.468143081239914
NAN,FJI,SW1,-0.010923288792565131,-0.01934723949980366,0.008423950707238533,0.0017232640427134534,-0.0016453970058164097,-0.01080755336746228,-0.02499659872033893,-0.00826879188572457,0.5932264191916468,2,0.058651806945204644,-0.3223829351777776,3.4339872044851463,-2.546604494313314,4.32884293116984,8.080278394076661,0.8167723936421493,13.969406062379914,
NAP,ITA,EU1,-0.01291391415911693,-0.020192475231211322,0.007278561072094389,-0.004452441624711919,-0.0036392907750659982,-0.020834352353640305,0.0045965893696186325,-0.027765326850678416,,0,0.0992271449814366,0.6511389750842951,4.219507705176107,-2.3168212798995658,4.809468955653161,6.709942411661565,0.36267996184219947,15.280937212456339,10.438808040299792
NAS,BHS,LA1,-0.0002688144221315497,-0.0045927130492417504,0.0043238986271102,0.0032326639827405784,-0.0013019412287310237,0.001542552750734368,0.0015875302701130309,-0.0007328381205102195,0.6352745091266556,2,0.22650960202096032,0.17803150538495394,4.553876891600541,-2.266736811493178,4.150893394455102,6.857813138090182,0.8142030647441746,14.60443689924889,10.420772350869472
NAT,BRA,LA4,0.03381200454100614,0.024898218868238942,0.0089137856727672,-0.002768069587363157,-0.0067487624167174385,0.02428315982404465,0.033843737783492825,0.02643011729673685,0.6463364905313465,2,-0.09521499435087778,-0.07634792929159138,3.1354942159291497,-2.4924154916996195,4.9645837148296685,7.350810200766256,0.06278355836887718,13.691551489821162,8.987603389267655
NAW,THA,AS3,-0.027370006529294937,-0.01947338013400043,-0.007896626395294506,0.002830211134191219,0.006554293711278446,-0.01762834121180913,-0.027370006529294937,,0.613741867648937,2,-0.4075350292850847,-0.3322054645418946,0.0,-2.395578764154231,4.997212273764115,6.688354713946762,0.0,10.897109627346607,8.468143081239914
NAY,CHN,AS4,0.04075152080576233,0.05079129016647413,-0.010039769360711798,-0.00013630517360100692,0.01099255672629718,0.05159465876820073,0.04075152080576233,,,0,-0.3113904947716176,1.1658097002813284,3.091042453358316,-2.5078303895514056,4.944363117654055,7.110542813176473,0.0,13.072948318028551,8.391574866779688
NBO,KEN,AF4,-0.0046742717678200235,-0.004815163028727706,0.0001408912609076813,0.005959172043662753,0.00072014543850527,0.0018067552076716075,-0.023023967847192524,-0.0007212422963767072,0.5991425719650589,1,0.2514686634763202,0.5743523069658082,4.290459441148391,-2.039255735049232,4.8521812419197285,7.8933036246934885,0.8224245843424115,15.190369027832356,7.177714421121875
NBX,IDN,AS3,0.059035048609325985,0.0205959736420942,0.03843907496723177,0.005549984164558146,-0.04587174357289291,0.01862522059500928,0.059035048609325985,,,0,,,,,,,,,7.764360911576746
NCA,TCA,LA1,,,,,,,,,0.5976132937617664,1,-0.5843361944515005,1.3170804133751481,0.0,-0.5708873390825232,2.9373409422674,3.5263605246161616,0.0,10.453774245183032,
NCE,FRA,EU1,-0.010259978356030972,-0.011356697780892142,0.0010967194248611685,0.0023570997267299528,-0.0010924294430626406,-0.009088193394213767,-0.006059535571423143,-0.012982099107266755,0.5819312089502564,1,0.29589490113586425,0.20839031091703458,4.605170185988092,-2.350557845625207,4.51455598521436,6.768568387481101,0.6178288431168971,15.816204708935214,10.500183536717612
NCL,GBR,EU1,-0.011568385045918044,-0.004599947307892066,-0.006968437738025975,0.007278801070550386,0.002420142794390468,-0.0024103540318855293,-0.006730997832437864,-0.014960697303548886,0.6557236090883418,2,0.09985479351087537,1.029014274175542,4.219507705176107,-2.43631403618572,4.764343588373247,6.87988405732847,0.5989749468549321,14.980193630755215,10.711795251008132
NCU,UZB,AS2,0.010008879908395224,0.03139419390022832,-0.0213853139918331,0.029906682330173268,0.00571193266486355,0.04467625807269576,-0.020981911328514683,,0.6063806071986876,1,-0.44591505308565194,-0.17897309497708552,1.6094379124341003,-1.8000991178584724,4.572936336286797,6.9605397849344675,0.1612741969793661,11.451262804578121,7.480855759504145
NCY,FRA,EU1,,,,,,,,,0.5821177100833415,2,-0.4941796393203652,0.21641176039861304,0.0,-2.1637287334497817,4.163537368276587,6.0330862217988015,0.0,11.049047038311404,10.500183536717612
NDB,MRT,AF3,0.0060487818202308455,-0.043843139446892825,0.04989192126712366,-0.0004511574956551625,-0.008110160644700527,-0.0004907555081109811,-0.030311491504317587,,0.5821123375129048,2,-0.537915704092022,-1.407334113131259,1.0986122886681098,-2.1054555959608745,4.065639112797828,6.319373570344126,0.44879072063178677,9.693260226488464,7.354750155176972
NDG,CHN,AS4,0.023767324543650756,0.02885610249845532,-0.005088777954804563,0.03553577594742562,0.0005993464395570367,0.05915898355221304,0.025288426642713586,,0.6509222512093307,2,-0.3876012291518069,0.005518142577978228,1.0986122886681098,-2.4396724832755536,4.9665687801849625,7.131097572955012,0.0,10.712771970725116,8.391574866779688
NDJ,TCD,AF3,-0.04550981138464648,-0.02659734021146321,-0.018912471173183284,0.010900932756475051,0.01583947205295736,-0.017198840581567884,,-0.043365183259062745,0.6079826406427689,2,-0.21837015807405724,0.1531471356918243,3.044522437723423,-2.0803329056203657,4.730121711123087,7.7051876433916915,0.9445177045177046,12.229545001715316,6.824757091826435
NEC,ARG,LA4,,,,,,,,,,0,-0.5324191065869668,-0.02597134740750515,2.0794415416798357,-1.6089034993867097,3.7376696182833684,5.688140606137199,0.0,8.793915423631676,9.45812987103844
NEG,JAM,LA1,,,,,,,,,,0,,,,,,,,,
NER,RUS,AS4,0.03759495686220847,0.025819661112077123,0.011775295750131334,0.021249531452664998,-0.014774382770802938,0.043605550579350706,0.03759495686220847,,0.5768874307772474,2,-0.4350116574483463,-0.5038876053761829,1.791759469228055,-2.0290533959045067,4.377510278433922,7.735634004068534,0.0,10.381397345540462,9.064204880368637
NEV,KNA,LA1,-0.020154003582203053,-0.021568979476721845,0.001414975894518786,-0.08839679323235677,0.07108670222957986,-0.02753572733186781,,-0.07210367017071853,0.6417969205056469,2,-0.4773752985566425,0.02550997742834172,1.9459101490553132,-1.9058154398728768,3.3620369985140206,5.536591479515572,0.8522804054054054,11.32514905749331,
NGB,CHN,AS4,0.0055856585696403005,0.005034465391757652,0.0005511931778826374,0.003468986324660816,-0.0023076042471905423,0.0066663927957853805,0.005882573722383808,0.0010490434983559628,0.6035455655151942,1,-0.1183037850027186,1.2424689538417102,3.58351893845611,-2.423733140538345,4.969461653777518,6.879348314181049,0.10914572067009559,14.634818912691113,8.391574866779688
NGD,VGB,LA1,,,,,,,,,,0,,,,,,,,,
NGE,CMR,AF3,,,,,,,,,,0,-0.5777833934143624,-0.19206060733983235,1.3862943611198906,-2.1168751515860076,4.9849755473156785,6.102244856637299,0.0,10.283292913863715,7.166830042594613
NGO,JPN,AS4,-0.011596172483028657,-0.017454278977282293,0.005858106494253634,-0.0022176166093891394,-0.005222418055832628,-0.01911515988918787,-0.0049979620510606495,-0.02031620669148435,0.571895149255215,1,0.3682943048842929,0.08679489350673149,4.127134385045092,-2.1964097217942053,5.130958199013243,7.561093952830796,0.43039498860291553,16.087485194922724,10.433822702828955
NGS,JPN,AS4,0.002533412091480505,0.014372202941138256,-0.011838790849657747,-0.004992613073624234,-0.006265184196872756,-0.008050863155161472,0.002699864990822097,0.0025159209108465176,0.597767026051665,2,-0.21061648120666132,-0.2996240214173823,2.1972245773362196,-2.223428850577693,5.203765779456174,6.7167543261036675,0.023481642026234126,14.435769791068383,10.433822702828955
NHV,PYF,SW1,-0.0075546620937009396,-0.002731339099032913,-0.004823322994668025,-0.004030108001764131,0.0023759214876134765,-0.008965709101428913,-0.0075546620937009396,,,0,-0.49170537144960325,1.1429894256560014,2.4849066497880004,-2.366472807224023,3.578493802253437,6.834863553989671,0.0,10.66606750781141,9.982692936106211
NIG,KIR,SW1,,,,,,,,,,0,,,,,,,,,7.267774765509127
NIM,NER,AF3,0.009687742622662674,0.011843355120316455,-0.0021556124976537757,-0.017265449592917616,0.009708811120494806,0.0024142974507450213,,0.007825896172874422,0.5920289520127258,2,-0.3206041370303238,-0.006719138425121711,2.1972245773362196,-2.265786226320291,4.931930053046883,7.442275428577446,1.0,11.959244567086659,6.02446191192748
NJC,RUS,AS4,0.020239898836466666,0.010685717108734321,0.009554181727732336,0.00354753321088662,-0.01170490751579107,0.012114985574188553,0.019462115404435713,,,0,-0.3033995105712062,0.2866862530429333,3.1354942159291497,-2.0793181037626596,4.394240652307901,7.569001184424959,0.015793434210645607,12.70956242768547,9.064204880368637
NKC,MRT,AF3,-0.026122107313666577,-0.026567101777523944,0.0004449944638573694,0.0038674157005837125,0.007261079982586451,-0.015215480814764776,0.007470136656296148,-0.0288691924937945,0.5635203010738443,1,-0.26492011569839613,0.19978878350502632,2.772588722239781,-2.445205636736828,4.7279974010485795,7.559466929330978,0.9668314147893426,12.439993908096248,7.354750155176972
NKG,CHN,AS4,-0.0009053583100805864,0.004737583662250465,-0.005642941972331042,-0.001078063945270503,-0.0007416887642131074,-0.0023387380479707523,-0.0003490131276367559,-0.00846484739148764,0.6114953858351266,1,0.005920893603056027,1.5751469516361698,3.9512437185814275,-2.2565574850258914,4.92276846011854,6.967841217461297,0.08481973050992901,15.509681086316377,8.391574866779688
NLA,ZMB,AF2,0.007172901477830625,0.02759913004534674,-0.02042622856751612,-0.00396808187563176,0.0008450772249917323,0.004409307596427385,-0.013984932379333119,0.0182937609726901,0.5910379721329218,2,-0.44483855500314473,0.21762981629071346,1.0986122886681098,-2.0507760678544695,3.8094221744791192,6.825468077464214,0.556111004294046,11.852443059777402,6.920756075525709
NLD,MEX,LA2,0.01735475978219749,0.03154239948835091,-0.014187639706153422,0.00016439394793508187,-0.003633952427731145,0.013940365384590588,0.01735475978219749,,0.5768337146709372,1,-0.4505079412710698,-0.6105416678957828,0.0,-2.2047008117542575,4.605170185988092,6.7912214627261855,0.0,11.115428526511241,9.19803449697713
NLK,NFK,SW1,-0.01887349956776118,-0.02839103873702527,0.009517539169264068,-0.002020511505428849,-0.009528660198908261,-0.03055741043861479,,-0.01887349956776118,0.5640583917375728,1,-0.3913474215518525,-0.33957009884641937,1.9459101490553132,-2.2802495432811356,4.789717945124296,7.286470182511492,1.0,11.035824710605858,
NLV,UKR,EU2,,,,,,,,,0.6311384825222734,2,-0.4397088822553417,-0.4618640739431347,1.0986122886681098,-1.9516211113178787,3.6196452407650677,6.7127086401298,0.7381124788800386,9.42778773074551,7.82338661381434
NMA,UZB,AS2,-0.0167284352323492,-0.02719144423920144,0.010463009006852202,0.011646787290229305,-0.013294935162871113,-0.018813644362873052,0.011822240040922445,-0.004424384107646026,0.6102398523413235,1,-0.44935715778199337,-0.4367451928355249,1.3862943611198906,-2.1533195169540997,4.998623137648252,7.474464776610284,0.5827593152064451,10.812753669473318,7.480855759504145
NME,USA,NA1,-0.012607946503140795,-0.020302338910616256,0.007694392407475459,-0.014965672406549967,-0.0016839237647087004,-0.03016724666448984,-0.012607946503140795,,,0,-0.7083768470801685,0.16957935853337464,1.791759469228055,-0.9219400095674755,1.9684282331173144,4.414209688939411,0.0,9.830540444780063,10.894689012037176
NNG,CHN,AS4,0.01899198160437179,0.016521317012597875,0.002470664591773906,-0.0012806044570084726,-0.0007150262334313697,0.017077493339840363,0.01947756275946228,0.02141440128104155,,0,-0.031507563450405555,1.6074476675112332,3.713572066704308,-2.4194010608577368,4.8271979264337475,6.947302794060873,0.05079262704790051,14.488359108238893,8.391574866779688
NNT,THA,AS3,-0.04212465151790065,-0.04181366432072674,-0.0003109871971739512,0.019834078371040263,0.010845348808157169,-0.007802809474911318,-0.04212465151790065,,,0,-0.4384441830927814,-2.16648670188259,0.0,-2.0253065099756533,3.912023005428146,6.342121418721152,0.0,9.314700387300425,8.468143081239914
NNY,CHN,AS4,0.017563049472591633,0.024993052381549134,-0.007430002908957503,-0.020240197431015697,0.013294486887884507,0.012062210241604282,0.017563049472591633,,,0,-0.3816823138250449,0.8833488570440285,1.791759469228055,-2.2968324653697714,4.511464445255006,6.767816824258986,0.0,11.3227088238563,8.391574866779688
NOB,CRI,LA2,-0.02400478782997046,0.028237061427382054,-0.05224184925735251,-0.04840806090524426,0.034120310302340924,-0.04121752361008542,-0.02400478782997046,,0.6090428262736063,2,-0.5115558903210794,0.26317341527113697,1.6094379124341003,-1.6498226370403422,2.7788122218178644,5.049856007249537,0.0,9.559869847754044,9.188044812282184
NOC,IRL,EU1,0.014775113977930989,0.011118979854185279,0.003656134123745703,-0.017911997879644277,0.0023169170914417616,-6.974719654679771e-05,,0.01653888197923741,0.6117928253331943,1,-0.2656094077123532,1.1979014806962966,2.3978952727983707,-2.4607436822568687,5.008965771279751,6.665878133228747,0.9465599624776478,12.740018915286878,10.875207217259875
NOJ,RUS,AS4,0.0035131535414092306,0.0055389334333701455,-0.002025779891960912,-0.0024751724036235897,-0.0004916694049940621,0.0006568844647667701,0.003609238193717405,,0.6071489746797303,1,-0.49900874150503993,0.14404935347268383,2.4849066497880004,-1.9073657551930998,4.528570424120564,7.518641108272553,0.0,11.387135458911928,9.064204880368637
NON,KIR,SW1,,,,,,,,,,0,,,,,,,,,7.267774765509127
NOS,MDG,AF4,-0.009278817391536071,-0.009412973829734496,0.0001341564381984265,-0.07111124818347536,0.018665276636454876,-0.05894826305014751,0.014649704001896685,-0.03968946037501721,0.6130544078186753,2,-0.2806954420086132,0.5318275366136515,2.6390573296152584,-2.4215092514454875,4.883688414471446,7.402250429032845,0.38583188468536717,11.903879122783371,6.16075460811433
NOU,NCL,SW1,0.002894200495177891,0.0002742569447332335,0.0026199435504446586,0.0008913025223253025,0.0016128622882930653,0.00534952838910128,,0.002894200495177891,0.5609313819934492,2,-0.19616082223241188,-0.234308024760156,2.4849066497880004,-2.5358120987745174,5.23081288266084,8.22053666628444,1.0,12.669196412705148,
NOV,AGO,AF2,,,,,,,,,0.5733915883382874,1,,,,,,,,,8.112636667815755
NPE,NZL,SW1,-0.03327391367192598,-0.03306153523193079,-0.00021237843999518703,0.0008984265336737371,0.0004472061236205627,-0.03209315373981289,-0.03327391367192598,,0.5820821703171672,2,-0.45519458323719386,0.33581893516360944,1.3862943611198906,-1.9868522717655432,3.9107127011001785,5.821696709828723,0.0,12.633292722241366,10.502717308818164
NPL,NZL,SW1,-0.021965993731223446,-0.023262874911494494,0.001296881180271046,0.005993000938429405,-0.002968077747667979,-0.019145453107815832,-0.021965993731223446,,0.5692896750043074,1,-0.4660332551214998,0.4972369204563773,1.3862943611198906,-1.8223043601515647,3.9020258678922026,5.499905897006649,0.0,12.283857421377764,10.502717308818164
NQN,ARG,LA4,0.03183429017457056,0.030617992202217337,0.0012162979723532477,-0.0009375520195173026,-0.006843616987119296,0.024152885227645884,0.03269235286851922,,0.5579122602342423,2,-0.5360572488104121,-1.038853806956835,1.3862943611198906,-2.211391166295274,4.872582103518205,6.868796010705978,0.0,12.03187400831577,9.45812987103844
NQY,GBR,EU1,-0.019901541929399566,-0.013489607486268155,-0.006411934443131408,0.0023340352309862197,0.0012764554554882098,-0.017055214813381726,-0.018781546535791848,,0.5964510631817053,1,-0.3179521140643611,1.4947105382265728,2.5649493574615367,-1.9231138497157538,4.06451494223069,5.7651636866715075,0.05439941921452456,12.691817356326958,10.711795251008132
NRA,AUS,SW1,-0.0037739839060458736,-0.004051071897167354,0.00027708799112147967,-0.012183512059906795,0.006305489943933702,-0.009401621131067453,-0.0037739839060458736,,0.5712550389274511,1,-0.45133440629170074,-0.023981646482024138,1.0986122886681098,-1.7191044611769384,3.4965075614664802,5.831722902815093,0.0,10.597359470410531,10.871826484872283
NRK,SWE,EU1,0.007802484380439284,0.06701462204467276,-0.05921213766423347,-0.06878576958039215,0.006581697946515249,-0.05028197505259434,,0.0047549480346267365,0.5839856991956616,2,-0.46148685997523364,-1.0744233307779614,1.3862943611198906,-1.5448738994532392,3.910354948327449,5.843897205522917,0.8168716568430378,10.98022907678602,10.804911375886864
NRT,JPN,AS4,-0.007372174118070868,-0.00598343389761574,-0.0013887402204551275,-0.00025814259110886227,0.00026595343616793703,-0.007364627225072416,0.012545440376616101,-0.009530141918055486,,0,0.822113493130284,0.06850689876899811,4.672828834461906,-2.197354562411639,5.526274652046074,8.53124674368844,0.945958428907888,17.024137239339257,10.433822702828955
NSB,BHS,LA1,,,,,,,,,,0,,,,,,,,,10.420772350869472
NSI,CMR,AF3,-0.0006906504454110788,0.00046549125810061483,-0.0011561417035116954,0.027502348363504077,-0.0038510555660658703,0.021907546615930334,0.01171003542681538,0.0019912058456068313,0.5844852361022101,1,-0.2621141442284828,0.4699660091438185,2.70805020110221,-2.304895639697049,5.173408306538563,6.9990941952507875,0.2715520507305928,12.745911291558947,7.166830042594613
NSK,RUS,AS4,0.017679687147200106,0.007347937845353717,0.010331749301846395,0.011410942079078591,-0.016455525862896447,0.012397584190394578,0.017679687147200106,,0.6166613131477958,2,-0.37066200300201163,0.4763264098418615,2.772588722239781,-2.0404425298166218,4.831791003674136,7.6295601455788535,0.0,12.588842145706149,9.064204880368637
NSN,NZL,SW1,-0.026150356511867784,-0.02990080843612529,0.003750451924257497,-0.006405133768626752,0.002408722998990402,-0.02992204325921875,-0.026150356511867784,,0.5901820470228025,2,-0.42720067524492356,0.20605805576538397,2.0794415416798357,-1.863465812907253,3.762876787605045,5.680052065263856,0.0,13.057466392026129,10.502717308818164
NST,THA,AS3,0.007207869752114654,0.008053485647571393,-0.0008456158954567426,9.61406036872729e-06,-0.0021557798295970187,0.005297907860365562,0.007207869752114654,,,0,-0.3690941303485061,2.1283619810048884,0.6931471805599453,-2.2355101857888426,4.978573142269771,6.3966287980572245,0.0,12.489550894283866,8.468143081239914
NTE,FRA,EU1,0.0017205199657620014,-0.0008256666562274317,0.002546186621989434,0.007626509310946419,-0.004794251609077646,0.004087996199499346,0.005841366552883509,0.0005735124010058268,0.5836935236925154,1,-0.06574930614093699,0.11903677177792657,3.6635616461296463,-2.230213808268614,4.481165733526108,6.601344933033298,0.30644490095183996,14.124845750376435,10.500183536717612
NTG,CHN,AS4,-0.013258045284848242,-0.011818157909315785,-0.0014398873755324722,-0.0048152031196453775,0.005876147991569812,-0.010502104858707638,-0.010046415686582724,,0.5966615228668748,1,-0.37183226187675944,0.24980632167847905,1.9459101490553132,-2.4205982785976174,4.775929985661323,6.989174818667279,0.0,11.614335186508667,8.391574866779688
NTL,AUS,SW1,0.01631374525410688,-0.011531435456332513,0.027845180710439402,0.003517233857620751,-0.015597583552714612,0.0035083259058441667,0.01616476149272863,,0.5791698395861402,1,-0.3430924755694841,0.7021181310606315,2.1972245773362196,-2.2126932396337575,4.153148691384974,6.464607534327525,0.005443928302013567,13.392173697221066,10.871826484872283
NTN,AUS,SW1,-0.009878338926445157,-0.043587604425856775,0.03370926549941161,-0.0025574235673995905,-0.0055071029446441926,-0.021359367632679146,-0.009878338926445157,,0.5819704887216037,2,-0.6020460577154524,0.17338660271349457,1.3862943611198906,-1.6373995718243026,3.0732905078998654,5.965166116445482,0.0,9.397649470281177,10.871826484872283
NTY,ZAF,AF2,,,,,,,,,,0,-0.5769640140865685,-6.304721384659325,0.0,-2.318182908045814,4.736198448394496,7.094234845924755,0.0,4.736198448394496,8.681252452011616
NUE,DEU,EU1,-0.009970084771104424,-0.009642860300551403,-0.000327224470553021,0.00013412574807251249,0.0006295229297005879,-0.00922985788987672,-0.009436858984434183,-0.008202610695831662,0.7632010731986352,3,0.11143211335786636,0.7778868036157187,4.343805421853684,-2.4013478871430505,4.639381180212812,6.669022808322929,0.5308052706147444,14.970519247992332,10.56082813498111
NUI,USA,NA1,0.0018054364076057192,-0.044461974434116806,0.046267410841722506,0.006373321113335267,-0.0005246328435544954,0.006331675150393453,0.0018054364076057192,,0.5742185944121706,1,-0.5432356258503271,0.7076911854605364,1.3862943611198906,-1.4148482166882717,2.5698272879855213,5.10596957396914,0.0,9.858071689005646,10.894689012037176
NUL,USA,NA1,0.02093211196806892,0.018096938831973067,0.0028351731360958584,0.009042560140293154,-0.0041196312057929525,0.025617806407777003,0.02093211196806892,,0.5934851932979774,1,-0.5313812106193626,-0.4349638925751961,1.9459101490553132,-0.6213663455038426,2.3707794045533364,3.771740146393821,0.0,9.957075711706057,10.894689012037176
NUP,USA,NA1,0.0330283369974195,0.017482206215644874,0.015546130781774622,0.06363972203006345,-0.06489948731547979,0.03141781988994929,0.0330283369974195,,0.5800425078571686,1,-0.738245882160021,-0.7134170222469304,1.0986122886681098,0.4044375910739987,1.818636405966772,2.586458309676396,0.0,9.097955241381392,10.894689012037176
NUS,VUT,SW1,0.02035671441340571,0.020680065753801456,-0.0003233513403957402,0.009087988600658174,-0.013698876666621448,0.01550938738821768,0.02035671441340571,,0.575145153482389,1,-0.6746675809337999,-0.9863464843801311,1.9459101490553132,-1.36615900020823,2.8021475244813256,4.535241543933388,0.0,9.422220731011683,7.934420995814924
NUX,RUS,AS4,-0.004741899314034383,-0.0034982104211246983,-0.0012436888929096823,0.002234757036756634,-0.0049564920674731875,-0.007485910675696046,-0.004574088111471572,,,0,-0.36210132215716573,0.7311696003619993,2.772588722239781,-1.9642148822745396,4.575519985783147,7.653262720228094,0.0,12.351215735698393,9.064204880368637
NVA,COL,LA3,0.014949213020475334,0.014118337712365876,0.0008308753081094577,0.00080482052348352,-0.0007568334866863625,0.015538575241629198,0.014949213020475334,,0.58077569422743,1,-0.4614592358701502,-0.4417536710056907,2.3978952727983707,-1.5281469884948573,3.6520944635015216,5.429263066282862,0.0,11.816889267746287,8.506587672816924
NVK,NOR,EU1,,,,,,,,,0.5449405484517238,1,-0.5807371380839805,-0.21994532473255618,1.3862943611198906,-1.4032082151315368,3.6635616461296463,5.145570571437365,0.0,10.662071288380247,11.24000991778092
NVT,BRA,LA4,0.00936853112663477,0.01147439004928571,-0.002105858922650948,-0.005229691622021004,0.00026475778730598566,0.00466601244713747,0.009793749920190015,,0.5975969664078369,2,-0.37302711753730483,-0.07172355938789989,1.9459101490553132,-2.1082682744379118,4.91111847658734,6.03552457394649,0.005593590677348871,12.640853807972391,8.987603389267655
NWI,GBR,EU1,-0.03828621517903265,-0.03168806677820184,-0.006598148400830807,-0.020987996138682387,0.018886051914967384,-0.03965641496623707,-0.03214311540118599,-0.042084462437856886,0.6374296608589709,2,-0.2373608431999928,0.9979294557917632,2.833213344056216,-1.9161498421966459,4.28826842606989,5.999741797450875,0.5936447060688944,13.313723958848954,10.711795251008132
NYK,KEN,AF4,0.024539944722529267,0.01499531415498109,0.00954463056754817,-0.03937028925246547,0.014937219402818336,0.0017779864216994476,0.025392346970038542,,0.5861706191090437,1,-0.7515855244118359,-0.45848551864179016,1.0986122886681098,-1.6237579598516632,2.8903717578961645,5.263472372081319,0.0,9.490242257109001,7.177714421121875
NYM,RUS,AS4,-0.0016679937664264765,0.01825630200982064,-0.019924295776247117,-0.01290892123311236,0.009170386967164637,-0.0049536617606495475,-0.0016242627305475968,,0.6142209599350315,1,-0.42391550291088204,0.1413249635252427,2.302585092994046,-1.940258309161735,4.2766858054117725,7.460810013908196,0.0,11.528739757264587,9.064204880368637
NYU,MMR,AS3,-0.07471679113431809,-0.07877897011308381,0.0040621789787656905,-0.006266076539778689,-0.00042698110023178175,-0.08188890585302994,-0.07471679113431809,,0.5853504614702829,1,-0.5660278304244186,1.3362678294954462,1.791759469228055,-1.7920762801657926,4.090921575994805,5.852957358468677,0.0,12.408931853541677,
OAG,AUS,SW1,-0.018119378510183984,-0.01837612469880299,0.00025674618861900163,-0.007933645814869219,0.004410886162876543,-0.021108116796067177,-0.018119378510183984,,0.5870530982709199,2,-0.438867038357876,-0.714405601484935,0.0,-1.37315925708633,3.4965322983281157,5.278114659230517,0.0,10.607228421306944,10.871826484872283
OAJ,USA,NA1,0.004379991584448693,0.0031381766095716183,0.0012418149748770727,0.001632411899033796,0.001580116447226961,0.00710440654454628,0.004379991584448693,,0.6880562226237255,2,-0.1275777734903533,0.6574970947247557,3.871201010907891,-1.712199278576337,3.954368198585485,6.006695157379297,0.0,12.253156593034687,10.894689012037176
OAK,USA,NA1,-0.025169065579066587,-0.024604212590791964,-0.0005648529882746297,-0.016268703971614104,0.003275364545974149,-0.03752837569111941,-0.02563593034806934,0.006558693084244303,0.589241134465148,1,0.49818879150812223,0.2812377698899263,4.882801922586371,-2.4568570278780837,4.882793055432497,7.17349464924177,0.012199922979369284,16.16575174374039,10.894689012037176
OAX,MEX,LA2,-0.01942645090298902,0.0038649192852136124,-0.023291370188202626,0.0058090606222610175,0.002954713670895508,-0.011778970834707803,-0.019019142270222708,-0.03522603520496,0.5729902724677588,1,-0.285232337339491,-0.29472536661464793,2.3978952727983707,-1.9331975510595363,4.590946401101026,5.959139158832092,0.02237988885802887,12.984615106231766,9.19803449697713
OBO,JPN,AS4,-0.006959810625544767,0.009370910316694375,-0.01633072094223914,-0.00017490565342662308,-0.0063705898350276055,-0.013416243748010686,-0.006806569792488674,,,0,-0.3287489587162606,-0.13101941523683472,1.791759469228055,-2.330762679955592,5.454860785885199,6.770422612471608,0.0012738713850336556,13.03044543744299,10.433822702828955
OBU,USA,NA1,0.0019499532720002775,-0.009511325955571578,0.011461279227571848,0.0003290650290835055,-0.004645945176658993,-0.0008750736789137475,0.0019499532720002775,,,0,-0.7382986633437426,-0.19130923672532904,1.0986122886681098,-1.0300257277002633,1.9042091589090757,5.001094980184753,0.0,9.22009266341886,10.894689012037176
OCC,ECU,LA3,0.015480445838175557,-0.001434930847110158,0.016915376685285713,0.0004122688942191073,-0.005698333882973411,0.01014406932851408,0.015480445838175557,,,0,-0.48745012988516223,3.412470563001683,0.0,-1.0653033784948263,3.9934564492685825,5.147494476813453,0.0,12.026790465148643,8.458568582904595
OCJ,JAM,LA1,,,,,,,,,,0,,,,,,,,,
OCV,COL,LA3,,,,,,,,,,0,,,,,,,,,8.506587672816924
ODS,UKR,EU2,-0.004697932623652326,-0.0032777973473858846,-0.0014201352762664413,0.002899193337135196,-0.0037838864713721746,-0.00598702046949177,0.009214416407950024,-0.0060900173497882674,0.5842700270380354,1,-0.2118728345506851,1.4244712822193475,3.1354942159291497,-2.1599969576461455,4.593505074590697,6.718278371068251,0.6837870141238658,13.389995281924275,7.82338661381434
ODY,LAO,AS3,-0.020227736306210952,-0.01828670833647976,-0.0019410279697312039,-0.005350986434873204,0.0032581622799842157,-0.02171008605924383,-0.020227736306210952,,,0,-0.6757604124815794,0.8317544424504201,0.0,-2.0836976608718003,4.248495242049359,5.808142489980444,0.0,9.45798139489078,7.170954560494024
OER,SWE,EU1,-0.016816652796765807,2.0694550253922426e-05,-0.01683734734701973,0.0017970283588005312,0.008821395360909052,-0.005071357719425339,-0.018264705692784725,,0.6095779714768843,2,-0.4669760602497289,-0.2899168148860772,0.6931471805599453,-1.9277497953042406,4.296865116439845,6.038866175317958,0.0,11.385273895115239,10.804911375886864
OGG,USA,NA1,-0.024380308250717422,-0.013336362620356722,-0.011043945630360695,-0.00016079666125921017,0.0011584117909311568,-0.02362997397028039,-0.025750772153340998,0.0591813379306336,0.6178182378390371,2,0.046466098592521536,-0.2687426205003584,3.6375861597263857,-2.414059795323382,4.649877089019004,7.454364006665012,0.0207946978305843,15.311011279989689,10.894689012037176
OGS,USA,NA1,-0.0620252290600769,-0.012568597308285748,-0.049456631751791144,0.04553238224728211,-0.019912669015739563,-0.03807625474570704,-0.0620252290600769,,,0,-0.4246633422830097,0.447216902788386,1.3862943611198906,-0.947697854002557,2.9444389791664403,4.268795241931101,0.0,10.110704953300079,10.894689012037176
OGX,DZA,AF1,-0.051877494636495144,-0.05670567815035764,0.004828183513862491,-0.005193512024908984,0.0017538078469507775,-0.05521899807681558,-0.051106421590916724,,,0,-0.5028707173788115,-0.9170501220619423,2.0794415416798357,-2.133632728680246,4.430441578396902,6.460106311898053,0.0,10.595859432628322,8.375456929632021
OGZ,RUS,EU2,-0.05002149386925005,-0.057228597890014776,0.007207104020764731,-0.0008627621402563006,-0.0013941300989827807,-0.052159473798318735,-0.0511174567487236,,0.6071377570414516,1,-0.47804706588753776,-0.5381434357558548,0.6931471805599453,-2.205729747252161,4.6443908991413725,7.273660222390468,0.0,10.568646696555904,9.064204880368637
OHD,MKD,EU2,,,,,,,,,0.5800533940853247,2,-0.3273776964769832,-0.4143827991075095,2.1972245773362196,-2.1387986359011912,4.549471268062965,6.435508568824161,0.5810230378758298,10.413102443661062,8.328604086051813
OIM,JPN,AS4,,,,,,,,,0.5564787410832972,1,-0.5796098177029934,0.5125488649086835,0.6931471805599453,-1.2645532863131292,4.67416792808723,4.864698253090378,0.0,11.67267757033783,10.433822702828955
OIR,JPN,AS4,,,,,,,,,,0,,,,,,,,,10.433822702828955
OIT,JPN,AS4,-5.6310456410847777e-05,0.0021004042070540095,-0.0021567146634648596,0.0027710252155567234,-0.008951366177217927,-0.006357086196261944,0.0009364924753514663,-0.0357255327136744,0.6090478637910886,2,-0.27036181388507735,-0.31608137068500586,1.791759469228055,-2.1924766339070176,5.267529789327353,6.5042753107699,0.018955774163951992,14.030019336698935,10.433822702828955
OKA,JPN,AS4,0.0011479278232793952,-0.00044685146963764774,0.0015947792929170439,0.0024549391962954354,-0.003031974509006457,0.0005090607930665808,0.004741154108634292,-0.03084954763949112,0.5977239757467108,2,0.022912450621030412,0.24712750256511737,3.5263605246161616,-2.205866852158956,5.2993708218110624,6.969013567899646,0.021656028054896467,15.989017641571598,10.433822702828955
OKC,USA,NA1,-0.006639901866263067,-0.013208458674883489,0.006568556808620417,-0.0017538409429075147,0.00040658668349613514,-0.007937393206741049,-0.006650936405627071,,0.596624437169786,1,0.38828481336239806,-0.17452021936083018,5.017279836814924,-2.1038960330798577,4.421531184402277,6.727669604300051,0.0,14.809479851273068,10.894689012037176
OKD,JPN,AS4,,,,,,,,,,0,-0.5954737125456362,-0.335641363617694,1.6094379124341003,-1.2941574364594857,3.6109179126442243,5.407000557970287,0.0,12.102177722033957,10.433822702828955
OKE,JPN,AS4,,,,,,,,,0.5683816475401137,1,,,,,,,,,10.433822702828955
OKI,JPN,AS4,,,,,,,,,,0,-0.6598793657928631,-2.118363648168117,0.0,-1.7900576127832144,5.093750200806762,5.5053315359323625,0.0,8.985570498917388,10.433822702828955
OKJ,JPN,AS4,0.008492804958968179,0.0031588820551902196,0.005333922903777962,-0.0038439774834529566,-0.00218843912311198,0.0026783566278146464,0.008463839556096876,0.006153461452885868,0.5919543484079453,1,-0.22490301339977403,0.6257490510690056,2.302585092994046,-2.2326709366244186,5.232545745944571,6.590223876509658,0.17513605270206745,13.742512892269069,10.433822702828955
OKR,AUS,SW1,,,,,,,,,0.5581242105354502,1,-0.5664557827870493,3.677149418750744,2.1972245773362196,-1.204656267740546,2.3455209806991903,4.682321487373634,0.0,9.873852747406437,10.871826484872283
OLB,ITA,EU1,-0.00570026351505667,-0.006874520610653247,0.0011742570955965764,-0.004711337751203869,0.004241449791420964,-0.005875320140014938,0.001358780771582973,-0.03617421273139058,0.5887269895459177,1,-0.03844024864234746,0.3419464562287123,3.871201010907891,-2.2369469770128436,4.913964821887349,6.400180856800208,0.30831442490212235,13.95895874127554,10.438808040299792
OLF,USA,NA1,,-0.03425869023801069,,,,-0.04452921555387623,,,0.5741380056763641,1,-0.5910237081911176,0.27394248168139196,0.6931471805599453,-1.3418170240129563,2.66996177100983,5.4914406166136205,0.0,9.843153513496429,10.894689012037176
OLP,AUS,SW1,0.08153932020676484,0.06597938288929252,0.015559937317472352,-0.005849384829546292,-0.005212823555192723,0.0701252878169481,0.08153932020676484,,0.5904763128024446,2,-0.6105114956300516,0.041359719406101135,0.0,-2.032277184379516,3.628689329340205,6.3526995288146955,0.0,10.457401400981889,10.871826484872283
OMA,USA,NA1,-0.007389175134200086,-0.009698301243869929,0.002309126109669841,-0.004938827821455327,0.00023790457620969402,-0.011892289426997365,-0.007406941473186842,,0.5969290255048625,1,0.44523687411289853,-0.08992443677826358,5.111987788356544,-2.1812251554572546,4.461974182110484,6.8888109457752895,0.0,14.915892613004962,10.894689012037176
OMD,NAM,AF2,,,,,,,,,,0,-0.544824841320584,0.6702628867263575,1.3862943611198906,-1.8587222832341979,3.055271128290033,6.167790907339436,0.4101945095875293,9.581765987860823,8.29094932936793
OME,USA,NA1,-0.009511113706455986,-0.018237589788572737,0.008726476082116756,0.0068418182526918106,-0.001864620602094009,-0.004745891025918854,-0.009483110206001774,,0.6112870041383154,2,-0.3229960812007084,0.24815767454603418,2.995732273553991,-1.2513615789034465,2.6615500222651938,6.033378415070022,0.0,12.20284745017448,10.894689012037176
OMH,IRN,ME1,0.01496940661284963,0.019560990744161063,-0.004591584131311428,0.005402528875631065,-0.009035451152429728,0.010833498300969833,0.011642482839641227,,,0,-0.4940805566277115,0.40921247786773135,0.6931471805599453,-2.010831903965224,4.881010577003487,6.446246240764413,0.0,12.000646215021122,8.533994841936796
OMO,BIH,EU2,,,,,,,,,,0,-0.5854145016432643,-0.21477530164369313,0.0,-2.051106100707387,4.276666119016055,5.726847747587197,1.0,7.454719949364001,8.20660807931343
OMR,ROU,EU2,-0.03481626545173484,-0.0194243936093629,-0.015391871842371944,-0.006093135689199277,-0.003875407775426955,-0.017823999152382718,-0.009460877907535983,,,0,-0.5226770062100958,-0.26632814291334195,1.3862943611198906,-1.595793883266357,3.8953029962804386,5.397011075560024,0.0,10.692126714555293,8.92051918100169
OMS,RUS,AS4,-0.0002732311261193572,0.012468322021691226,-0.012741553147810586,0.0012211459425296646,-0.011627922845930705,-0.010816994993186925,-0.003186792965120745,0.00814625110567475,0.6426411342783964,2,-0.17718485736434794,0.3611622004541183,3.332204510175204,-2.0861331010159043,4.817362718755036,7.6815472953785395,0.05862696163444863,13.015176750976238,9.064204880368637
ONB,PNG,SW1,,,,,,,,,,0,,,,,,,,,
OND,NAM,AF2,0.0293921994782122,0.006225753687628433,0.023166445790583773,0.00019816011921684455,-0.010180515840729591,0.02091914764038283,0.0293921994782122,,,0,-0.7961256914463273,0.7437426397638419,0.0,-1.839478231665205,2.9444389791664403,6.284134161070802,0.0,9.378985497953893,8.29094932936793
ONG,AUS,SW1,0.017519479203208746,-0.03695742441943374,0.05447690362264247,-0.006725411322105349,-0.016270801468519,-0.007528834530859318,0.017519479203208746,,0.5820604193773918,2,-0.602287927310843,0.055341317059824126,1.3862943611198906,-1.1737535513946693,3.0038076875595365,5.305501380882885,0.0,9.25378292981902,10.871826484872283
ONT,USA,NA1,-0.02462590388795182,-0.024497622245946187,-0.00012828164200562753,-0.011772223418219352,0.00842472944333398,-0.02766965882986852,-0.02382208570867679,-0.09420199594464107,,0,0.34901697516917046,-0.1444562646874679,4.762173934797756,-2.309717446732824,4.728450179964159,6.941711310801464,0.01302426480503228,15.439350659188577,10.894689012037176
OOK,USA,NA1,-0.009328079020432594,-0.01792956655293762,0.008601487532505024,0.027355864912632488,-0.03125233839643161,-0.013676054420678735,-0.009328079020432594,,,0,-0.7187278747081257,0.22872770461456413,1.6094379124341003,-0.44603973463979213,1.9736904566830709,3.579850648997926,0.0,9.849189749128278,10.894689012037176
OOL,AUS,SW1,0.02248053871972221,0.020660879773018816,0.001819658946703393,0.010870171734631517,-0.0003795389266935447,0.03250597116067436,0.02140028936550168,0.04524386682430911,0.6413411528555912,2,-0.19313013583744884,-0.06453032888057307,2.302585092994046,-2.5485861404692254,5.01861683820064,6.959173296144509,0.063541523198546,14.630012609796287,10.871826484872283
OOM,AUS,SW1,,,,,,,,,0.5618386074739822,1,-0.4600538512943853,-1.1770263673310015,0.0,-1.6845833794965641,3.4965075614664802,5.799092654460526,0.0,9.546241016698438,10.871826484872283
OPO,PRT,EU1,-0.010564780048351942,-0.010587319937730799,2.2539889378855226e-05,0.007538361005415318,0.000383920963471805,-0.0030993462609194304,-0.040388651150016684,-0.002151511722555049,0.5697508172140888,1,0.06491042310621647,0.2853791400921192,3.912023005428146,-2.413217518529499,4.79189893620319,7.137448894051771,0.72076684644838,14.9340489957112,9.902465561885505
OPS,BRA,LA4,0.04763223773647148,0.023167055189286506,0.024465182547184956,-0.012071630138143476,-0.01611455099708906,0.020177189449144796,0.04763223773647148,,0.5717108352959032,2,-0.7149321542976831,-1.3972255077232936,0.6931471805599453,-1.5451854970318644,3.828641396489095,5.786897381366708,0.0,10.267991767589194,8.987603389267655
OPU,PNG,SW1,,,,,,,,,,0,-0.6089127149873345,-0.6631382213646585,1.6094379124341003,-1.858937471121062,2.8903717578961645,5.5211305880800134,0.0,8.9680140012452,
ORB,SWE,EU1,-0.09690387495276107,-0.01013775171116027,-0.08676612324160081,-0.1088186169607554,0.026768018197865513,-0.17914535451599836,0.014551869334264673,,0.6041944724595325,2,-0.43116313168738346,-0.780640527637458,1.791759469228055,-1.5427732871417779,3.2317982327888988,5.6516412575470065,0.38058240422067885,10.789793191319704,10.804911375886864
ORD,USA,NA1,-0.013441846501431008,-0.006262535817323644,-0.007179310684107366,0.000604121123049085,0.001270404370049243,-0.011613100916570248,-0.014434320495640784,-0.008431003225825795,,0,1.0644649127054417,-0.14578533912993438,5.521460917862246,-2.1954021550078098,4.651859068506505,7.636547255653037,0.16995295367741625,17.757989400071448,10.894689012037176
ORF,USA,NA1,-0.015307206377826427,-0.01547576769336628,0.00016856131553985153,-0.0028257218599999686,0.002325974997880132,-0.01574905921349979,-0.015307206377826427,,0.6309233007402602,2,0.3639315430114864,-0.09305222049814736,4.969813299576001,-2.1059846461432796,4.331665290461249,6.688252568588925,0.0,14.8019428346808,10.894689012037176
ORH,USA,NA1,,,,,,,,,0.515519570073023,1,,,,,,,,,10.894689012037176
ORK,IRL,EU1,-0.006504421873353129,-0.011916369282570376,0.005411947409217246,0.000954710854851052,-0.001712290103333469,-0.00726164609868651,,-0.003920176994351522,0.6034720099399451,1,-0.055682188184114086,1.0497945110533193,3.7612001156935624,-2.4902311520142546,4.926277050940212,6.621795874688833,0.780304164807091,14.520245836415384,10.875207217259875
ORN,DZA,AF1,-0.012389937142021789,0.0052152698025718916,-0.01760520694459368,0.002536202341403688,0.000878103529829854,-0.009029652296654913,-0.02264290241940129,-0.009427479316780413,0.6358244075907995,2,-0.2058677321922714,0.3195114644288962,3.1354942159291497,-2.416255469946241,5.033719118325457,6.842788747847145,0.598960209380377,13.379886712689592,8.375456929632021
ORV,USA,NA1,-0.03138213108434081,-0.031179619296582063,-0.0002025117877587498,0.007128324765008456,0.0031077065931061033,-0.020609008206687162,-0.03138213108434081,,0.5718018695174741,1,-0.7355577684922705,-0.46442577749466185,1.0986122886681098,-0.6370018032447898,2.040090622654086,3.758766554247318,0.0,9.81536646914095,10.894689012037176
ORY,FRA,EU1,-0.0045622311303526435,-0.002034054876023248,-0.002528176254329397,0.001409390461431177,-0.0001010675684669436,-0.003297516051361236,-0.0013938659379911457,-0.006197750107669703,0.6014657191972448,2,0.5479652679251613,-0.23498728647221878,5.075173815233827,-2.4376295428957153,4.990110892030906,7.316295114650661,0.5216911430218614,16.67761131959626,10.500183536717612
OSD,SWE,EU1,0.01383090733832745,0.030357614877956428,-0.016526707539628975,-0.0012814395909370173,0.0008712064872742184,0.01391367435213025,0.014540521685331327,,0.5963410582546906,1,-0.40841942509513285,-0.16050019149872127,1.6094379124341003,-1.9969445253721962,4.772842269772464,6.0993163498737575,0.01302874356721476,12.53841135086978,10.804911375886864
OSH,USA,NA1,,,,,,,,,0.55980564473714,1,,,,,,,,,10.894689012037176
OSI,HRV,EU2,,,,,,,,,0.651494423213961,2,-0.5778518074144928,-1.252762968495368,0.6931471805599453,-1.7609110365290372,3.7376696182833684,5.733341276897746,0.0,6.733401891837359,9.450772616814078
OSK,SWE,EU1,,,,,,,,,0.5911328019009119,1,-0.47806668145550923,0.2303689067505392,1.0986122886681098,-1.9152907835208954,2.9808237782028644,5.441173490245242,0.0,9.62331057957012,10.804911375886864
OSR,CZE,EU2,0.00022791933886527182,0.006069692935844721,-0.00584177359697945,0.013979352277612492,-0.008514806516280721,0.005808037938734715,-0.004326242085379812,0.004357822143154996,0.5980806681130644,2,-0.40707791605587934,0.6084235346301693,1.3862943611198906,-1.8157369288199878,3.909375619299793,5.702045473220892,0.29034497682722304,11.616438274670266,9.734627552346245
OSS,KGZ,AS2,0.07672018938980019,0.0847836114341452,-0.008063422044344983,-0.01214387606750437,-0.0014307802577022913,0.0632793621735709,0.061799706135603295,0.07018020247719817,,0,-0.45275539798077785,-0.0022225374351995237,1.0986122886681098,-2.1162768197121564,4.215817322332211,7.445379417294077,0.5642156652820007,11.157007377400586,6.802425834949683
OST,BEL,EU1,-0.03493219647116357,0.058146795659991556,-0.034887889101484354,0.011745431776117773,0.11510325081301333,0.07781354661068333,,-0.031518517353041425,,0,-0.5103749180916423,1.6929136345914224,1.3862943611198906,1.7970394419654876,2.6697313368000732,7.535413486868515,0.59375,8.253227645581772,10.609553039325432
OSW,RUS,EU2,0.010212688483214837,-0.017029664303906462,0.02724235278712128,0.0005367383171685539,-0.012260110667250263,-0.0012793365299067021,0.010314833472652274,,0.6078309142600786,1,-0.4844040644482323,-0.4154331420960124,0.0,-1.6680770194099042,4.1619003428883055,7.275172319452771,0.0,10.211633798120262,9.064204880368637
OSY,NOR,EU1,-0.0012123810707115627,-0.0008867997636972074,-0.0003255813070143559,-0.006686684436042768,0.005104812074129326,-0.0024740338679946285,-0.0012123810707115627,,0.6504282200206226,2,-0.58598874577444,-0.1664507233416803,1.6094379124341003,-1.123415447744116,3.6635616461296463,4.726733453269117,0.0,10.931784667289213,11.24000991778092
OTD,PAN,LA2,0.04126203837315298,0.04418442373207244,-0.0029223853589194467,0.20856312632045815,-0.09233201221814763,0.1543837063840072,-0.034347617598041315,,,0,-0.7757100683963849,-1.9948622696588187,0.0,-0.6709193340866841,2.995732273553991,3.4657359027997265,0.0,7.649692623711514,9.159851638232327
OTH,USA,NA1,-0.00583379443040667,0.03534129651116472,-0.041175090941571395,0.016419224539270215,-0.01533910740456653,-0.007655460410274239,-0.00583379443040667,,,0,-0.47865762341352425,0.21642424801104093,0.0,-1.4196478788853546,3.6109179126442243,5.6131281063880705,0.0,10.831291749368175,10.894689012037176
OTP,ROU,EU2,-0.0018096747499070644,-0.00025270279348389073,-0.0015569719564231753,-0.0024584712305348844,-0.0014177114454704944,-0.00574984710739434,0.00850857542168168,-0.0027905621717231022,0.5685560502962393,1,0.1212339544572669,0.727046096989464,4.204692619390966,-2.380861087428399,4.655561448906735,7.1775321367487885,0.9056579984340173,14.957455925739122,8.92051918100169
OTZ,USA,NA1,-0.0062556872587799465,-0.014553085190413269,0.008297397931633314,-0.002111238106048313,0.005755806189868044,-0.0035719927330082014,-0.0062556872587799465,,0.6015877195665897,2,-0.3671114624451218,-0.12564944392327648,2.70805020110221,-0.8799846235046572,2.5725781836800916,5.909488425277033,0.0,12.010532101641935,10.894689012037176
OUA,BFA,AF3,-0.0010078197188135175,-0.01100784120846984,0.010000021489656324,0.002163332287476248,0.0005739741602020709,0.0018054131989801974,-0.000416031589366836,-0.0005618979454698578,0.5943702308630308,2,-0.27056719219752323,0.3896570378025271,2.70805020110221,-2.2580248795560984,4.676405890210358,7.311058860494568,0.9742593259730861,12.656087192598099,6.252406670397183
OUD,MAR,AF1,0.007647925941024649,0.005868788284185997,0.0017791376568386506,0.003674335234362015,-0.003723680031784119,0.007535722968102337,-0.009526719834020082,0.012281883170138213,0.583994238305652,2,-0.291558741621238,0.36574765347812727,2.1972245773362196,-2.4680865727632963,4.830830391658043,7.1558473497234045,0.7186209199725802,12.335221950819282,7.84016154894035
OUL,FIN,EU1,-0.01605637241206126,-0.009567529303764628,-0.006488843108296629,0.0006462715984732458,-0.001799314851287401,-0.016903284312145567,-0.017106752231338593,,0.6012490881790247,1,-0.33309238231240257,0.15578138416440013,2.302585092994046,-2.0940431076673676,4.820063100796825,6.296568249812856,0.018951869372905137,13.334051161264115,10.741031351305583
OVB,RUS,AS4,0.0018890872685378651,0.0036614208965076328,-0.00177233362796977,0.004150191300922326,0.03008299109434367,0.035488856619901143,-0.002108420105088534,0.012644609882582621,0.6290888095084723,2,0.032323897498223016,-0.0012749528312747808,3.9889840465642745,-1.7773559309871334,4.692793350231269,7.888243122863609,0.20175978274533768,13.998807472275734,9.064204880368637
OVD,ESP,EU1,-0.023833046692038708,-0.01587685118418728,-0.00795619550785143,0.0014673463579121676,-0.00229631770483753,-0.024979358262300716,-0.024660577251855158,-0.01704409477584866,0.5765768614066387,1,-0.28047765131853264,0.8720679832805661,2.5649493574615367,-2.2458248157292298,4.79637774302169,6.471382594786952,0.06631507679150483,13.879793421424207,10.216062049970796
OWB,USA,NA1,,,,,,,,,0.5477571706832857,1,-0.484264326682062,-2.6698032781162557,0.6931471805599453,-1.9409608198301258,2.9444389791664403,5.672145899255227,0.0,8.49351506406166,10.894689012037176
OXB,GNB,AF3,-0.028577897145318838,-0.01663467018071175,-0.01194322696460711,-0.036606362944508024,0.005077936497534548,-0.058738755233307335,,-0.028577897145318838,0.5403084440895527,1,-0.3896807525870894,0.0922182824115712,2.3978952727983707,-2.332092145765119,4.388707168682662,7.201495730379226,1.0,11.330863874382132,6.392724192869169
OXR,USA,NA1,,,,,,,,,0.5935720764516883,2,-0.38410975359352095,-1.4338281446102266,0.0,-0.6226308278840809,3.193788161185403,4.3694478524670215,0.0,10.614965689780798,10.894689012037176
OYE,GAB,AF3,,,,,,,,,,0,-0.644696521559264,-2.5154187906373995,0.0,-1.6404047220739475,3.790906834837218,5.598421958998375,0.0,8.767640577257792,8.840533001332654
OZH,UKR,EU2,-0.11150705341442294,-0.06951206841371345,-0.04199498500070947,-0.003804659897633294,0.02564258636025077,-0.09111254843890446,-0.09212102165495345,-0.11688559157752329,0.6085277146619652,1,-0.4833441593358201,0.36537451056746206,1.0986122886681098,-1.868682659869363,3.893427947481713,6.339247521135891,0.28564987036410777,10.476837169640477,7.82338661381434
OZZ,MAR,AF1,-0.004609750272702021,-0.027167406150478322,0.022557655877776302,-0.0037406958332899995,-0.002219701452267288,-0.010513421744780455,-4.3294669517876614e-05,-0.014439205110581596,0.5825598741269169,1,-0.35434548939263216,1.1103327270396774,1.6094379124341003,-2.234722351761743,4.486819350540585,6.495185216344009,0.21279526499865484,11.439547995165453,7.84016154894035
PAC,PAN,LA2,0.020210255285215986,0.01949253923865437,0.0007177160465616212,-0.01325440110528794,-0.0005015606349035483,0.006947879066189987,0.03642824758599058,,0.5453680327030135,1,-0.41239653853117164,-1.0036802063393513,2.9444389791664403,-1.714247402421775,3.471537504839258,5.552081388856987,0.0,10.633159507778446,9.159851638232327
PAD,DEU,EU1,-0.00535674564432072,-0.015215222242770087,0.009858476598449363,0.034575335279600605,-0.009762620879080317,0.017880856353345128,-0.04088260807730171,0.02882761174638928,0.5882020330511941,1,-0.14785461345012268,1.0044959057289709,3.4965075614664802,-2.652901152038718,4.74165184116806,7.123486093721169,0.7237075694471841,13.472665256437622,10.56082813498111
PAH,USA,NA1,-0.014439916540357048,-0.021453722187979418,0.007013805647622369,0.01817994540979504,-0.004306134740728975,-0.002409916451847082,-0.014439916540357048,,0.5785893206435844,2,-0.4945459285936933,-0.2806550275636588,1.9459101490553132,-1.5199539316300992,3.4968656240761753,5.517452896464707,0.0,10.499931082862638,10.894689012037176
PAP,HTI,LA1,0.0035637874014192317,-0.0024895536881097595,0.006053341089528992,0.008445002988082432,-0.0007530740365106934,0.011123892083953948,,0.003851330260540104,0.5716138484683178,1,-0.2297337944296638,0.14361840427604694,2.70805020110221,-2.333655265277121,4.99681091166587,7.223071029629431,1.0,13.353835350929286,7.203116129675107
PAS,GRC,EU1,-0.020298702992938563,-0.009533754650309624,-0.010764948342628936,0.0022086148602659906,0.0040521945024938975,-0.013589078870069153,-0.020298702992938563,,0.5740820565461419,1,-0.4615555103328,-0.10189166831974887,0.0,-1.005539201164222,3.6109179126442243,4.983606621708336,0.0,10.295529640312152,10.08471240855404
PAT,IND,AS1,-0.00894585632323348,-0.007803129313263189,-0.0011427270099702948,0.006223755911599149,-0.006233957392142317,-0.00974243083965157,-0.00894585632323348,,0.5923978980401361,1,-0.37466101517116,0.6354877596853985,1.791759469228055,-2.174702354315609,4.7547556976962655,6.321481220833289,0.0,12.708425476346063,6.97470991159236
PAV,BRA,LA4,,,,,,,,,,0,-0.5729413394966225,-2.0262419994227825,0.0,-1.9495849991784302,3.871201010907891,5.963579343618446,0.0,7.783224016336037,8.987603389267655
PAZ,MEX,LA2,0.06784593694696842,0.0654124829874894,0.0024334539594790174,0.013942559180077618,-0.006456041847665451,0.07344551132831659,0.06784593694696842,,0.6029987264686654,1,-0.3951842749373398,1.1094054788264334,2.302585092994046,-1.6602125312151645,3.8089963427967723,5.890739738942506,0.0,11.99629561295192,9.19803449697713
PBC,MEX,LA2,0.015849861996173404,0.0005008062321177091,0.015349055764055704,0.018453433026486412,-0.019938938411350526,0.013279750554315442,0.023951074753735396,-0.036367040113408564,0.657681460164653,2,-0.20846380937671521,1.120736836025178,3.1780538303479458,-2.0892204495702456,4.140954719299583,6.837101892057864,0.1687711093790595,12.504063895333106,9.19803449697713
PBD,IND,AS1,,,,,,,,,,0,-0.46562077322327033,0.9928524917113074,0.6931471805599453,-2.2621950782738125,4.276666119016055,6.0844994130751715,0.0,10.022869309556208,6.97470991159236
PBH,BTN,AS1,0.03488066106979244,0.03304602438691167,0.001834636682880754,0.001562432189720974,0.00020896687055115966,0.03714191714153336,,0.03523995524070146,,0,-0.3663372410097442,1.2667994762861863,1.791759469228055,-2.022923860509387,4.720674579837001,6.177637198364032,1.0,11.080248448509378,7.576741595392813
PBI,USA,NA1,-0.015759312802747852,-0.016089814932344203,0.0003305021295963488,0.0009026460199504044,0.0014235439707014261,-0.013423930309253342,-0.015311319647696895,-0.04458567895737435,0.614836333312548,2,0.25075903567012897,-0.15245199764298403,4.624972813284271,-2.4324152936055046,4.79978449397111,7.239052043750935,0.028416324464407818,15.319592176953856,10.894689012037176
PBJ,VUT,SW1,0.0020850899441298447,-0.016493396478123642,0.01857848642225349,-0.024663116898591134,0.01208179294161223,-0.009941096546890283,0.0020850899441298447,,,0,-0.6755240487029855,-1.2516580515028408,1.9459101490553132,-1.6030605841428514,2.2042767927415445,4.587331054929022,0.0,7.260522598089852,7.934420995814924
PBM,SUR,LA3,0.0012183637900665687,0.014299514142956004,-0.013081150352889426,-0.0055717801791679445,0.007799699963851187,0.0034008692606442015,,0.0012730237786376768,0.5636655927796691,1,-0.3027594297117027,0.1735905711115713,2.302585092994046,-2.3113172785887826,5.360773827834568,8.539549843335932,0.9986705840124434,12.32679801494068,8.974270698286118
PBO,AUS,SW1,0.03865038196604659,0.001347450761140295,0.0373029312049063,-0.00040760813321012756,-0.040161256603650684,-0.002077820461416622,0.03865038196604659,,0.5968390428433523,2,-0.5637850911601991,0.5321944100300825,1.0986122886681098,-1.7161554791929132,4.1146516936838635,6.876396983553755,0.0,11.320286870094227,10.871826484872283
PBP,CRI,LA2,,,,,,,,,0.6189607032361397,2,-0.4911999149951992,1.252102357406108,2.0794415416798357,-1.4891737153240734,2.7852948554728223,4.692988014203447,0.0,9.603125426926972,9.188044812282184
PBU,MMR,AS3,,,,,,,,,0.5620712181661357,1,-0.6130521855875619,-0.3157661226592524,1.0986122886681098,-1.4039961489668047,3.80348283685294,5.375278407684165,0.0,9.007489523929735,
PBZ,ZAF,AF2,,,,,,,,,,0,,,,,,,,,8.681252452011616
PCL,PER,LA3,0.007464195470832445,0.012321250554499043,-0.004857055083666599,0.0023774835916258114,0.0016294738541772842,0.010646026245463451,0.007464195470832445,,0.5956708430406417,2,-0.5043040566196916,-1.0890712628233976,1.0986122886681098,-2.0249773278311287,4.748482180817809,6.2085089611010815,0.0,11.876978126497846,8.391128985115767
PDG,IDN,AS3,-0.030717961050362428,-0.035239294638933466,0.0045213335885710354,-0.005961298513552483,-0.0021694280274713114,-0.038796279947057026,-0.033207371263353776,0.002775264215128896,0.5889350312125108,1,-0.28426264915582095,0.7751922272439091,1.791759469228055,-2.3121837735598945,4.941626099237548,6.725191267240741,0.07829521154782355,13.85611780942889,7.764360911576746
PDL,PRT,EU1,-0.01949246380862405,-0.012912567770911404,-0.00657989603771265,0.0027491274787998024,0.0041659912092636316,-0.012682745861195818,-0.02385397164257378,0.0015898748933393036,0.6017691265954486,1,-0.13984785549075873,0.5726046168997136,2.995732273553991,-2.4476705606290707,4.727286899041058,7.1864951161746875,0.14812662476661148,13.328269616186978,9.902465561885505
PDP,URY,LA4,-0.05199318283100127,0.03782604345439264,-0.08981922628539388,-0.04123955351536503,0.05803959478461998,-0.037700843105872905,,-0.041758252408646356,0.6358357321775376,2,-0.3768718406235418,-0.2795300591625581,2.0794415416798357,-1.9182268435951064,4.802651204389418,5.928409400874822,0.9643095954530257,11.692242512743885,9.418206433316357
PDS,MEX,LA2,,,,,,,,,0.5349436774274223,1,-0.5851488722027708,0.20910251080266062,0.6931471805599453,-1.6792336852445826,3.4965075614664802,5.7899601708972535,0.0,9.913239843978806,9.19803449697713
PDT,USA,NA1,-0.03281222547778808,-0.030887549978134008,-0.0019246754996540697,-0.007028689381267232,-0.004628640636074946,-0.04731887726002837,-0.03281222547778808,,0.558362181027018,1,-0.4920693752517557,-0.14567384995515623,0.6931471805599453,-1.0344107225311943,3.6109179126442243,5.00720489826698,0.0,10.505587952077706,10.894689012037176
PDX,USA,NA1,-0.013641721051896673,-0.011035265633959231,-0.002606455417937443,0.002258277415392736,0.0011949494988681552,-0.010368546373553049,-0.014042828148903617,-0.00564318596887723,0.5750726066488432,1,0.5424121818037202,-0.14825219273574358,4.90527477843843,-2.3509431000663468,4.594092592098698,7.386775169509121,0.0391321509971596,16.111667232883036,10.894689012037176
PEE,RUS,EU2,0.01551819117959139,0.014353630244332657,0.0011645609352587305,0.008461222276604823,-0.01657507847122865,0.00704844770875342,0.008528832871742402,,0.6108201046303853,1,-0.21553804774589042,1.0608055545567725,3.1354942159291497,-1.893411149349408,4.607804749286296,7.100978403795152,0.03474270329804809,12.697287223647049,9.064204880368637
PEG,ITA,EU1,-0.013085919681292312,-0.06521295079626879,0.05212703111497649,0.024494786125716005,-0.022551707258192173,-0.012987562834089642,,0.025341212476610506,0.5722421591349769,1,-0.4897790317922874,-0.06020537958236839,1.3862943611198906,-2.424173398297636,4.068225426280101,6.814605479263483,0.6121956376193665,10.946551894571426,10.438808040299792
PEI,COL,LA3,-0.007168283510436925,0.0031284578176762746,-0.010296741328113198,0.007900418788790296,-0.006838836032472661,-0.006449960701178724,-0.011491616296366492,0.03203956500815347,,0,-0.2897615832165964,0.2713204982948376,2.1972245773362196,-1.5796944018831751,4.5110749541100565,5.4154604126740225,0.0,13.161399458129477,8.506587672816924
PEK,CHN,AS4,0.004186731057561079,0.007164641415933085,-0.002977910358372007,-0.005116939793118469,-0.0020145110426659906,-0.002757676572388296,0.008340645710693272,-0.008292716300683052,,0,0.9237247920785394,1.0699234960148287,5.236441962829949,-2.27986293848278,5.193885128623441,7.646770231916226,0.2674385358404546,17.421220119856027,8.391574866779688
PEM,PER,LA3,-0.026701884971292465,-0.024951187273390928,-0.0017506976979015409,-0.015429940920767153,0.006348673786509811,-0.034714765557320296,-0.026701884971292465,,0.5953497579821942,1,-0.4602020228733186,0.23305492333535227,0.6931471805599453,-1.8824378344330528,4.804893972016113,5.792797543093124,0.0,11.888281819641408,8.391128985115767
PEN,MYS,AS3,0.018584471753378747,0.024294617366827267,-0.005710145613448528,-0.008057318073822447,0.0028614169805780843,0.013137359754465006,0.0153294770633427,0.022477354203903607,0.5718525405738581,1,-0.15595533387265811,-0.0519831912954909,2.5649493574615367,-1.5365993466202221,5.074480584285348,6.534947007839046,0.4630847645361663,14.64466088634342,8.957973567306357
PER,AUS,SW1,0.02025910654061857,-0.000957027297563504,0.021216133838182084,-0.0050345135043089444,-0.018764389430143653,-0.0035046684467682472,0.023075083206124978,0.012783097739080143,0.6252550714351464,2,0.25577093038303284,-0.004275609928459425,3.8501476017100584,-2.163151657205454,4.751500657571553,8.066038525511713,0.3089441718947257,15.500556003362853,10.871826484872283
PES,RUS,EU2,,,,,,,,,,0,-0.4572157461653338,-0.2780218741400705,1.6094379124341003,-1.7002440869966873,3.409893860287937,6.332493070725744,0.21337692171761796,9.334149657702469,9.064204880368637
PET,BRA,LA4,0.0542388456569523,0.0803619398925149,-0.026123094235562572,-0.002611064169707439,0.007010768366057724,0.05838442623257276,0.0542388456569523,,,0,-0.7043825603136217,-1.0967791075864486,0.6931471805599453,-1.4957601487109458,3.044522437723423,4.968939402814975,0.0,8.113426639943654,8.987603389267655
PEU,HND,LA2,0.008309096189653547,0.01205158535816697,-0.0037424891685134166,0.005596661876966041,-0.0017653649585673585,0.03246406117748732,0.008309096189653547,,0.6409924769500941,2,-0.6437063602427207,0.36147085104901794,1.0986122886681098,-1.550935739579225,2.9130690554504337,5.535561661809213,0.0,9.095153962167066,7.6658449958021375
PEW,PAK,AS1,-0.01955430073556179,-0.01750978227302833,-0.002044518462533457,-0.003719995086462736,0.001379952337122028,-0.021699199587453234,-0.019564061302675108,-0.018917506234617038,0.6521282635493693,2,-0.15714033311741363,-0.10021373336950327,3.1780538303479458,-2.295794016908786,4.900211682118569,7.323910603499332,0.6148486945978837,13.404724820377432,7.14310852796464
PEZ,RUS,EU2,-0.026213174389647122,-0.022770654706754982,-0.0034425196828921437,-0.015354374832145018,0.018397221826149265,-0.023445510579700554,-0.022535408191323675,,,0,-0.45094664644481,1.4764351647004288,1.791759469228055,-1.9681724921492671,3.780513909951258,6.423189173907008,0.0,10.286297970079486,9.064204880368637
PFB,BRA,LA4,0.04908278745175886,0.13057293758802554,-0.0814901501362667,-0.036777110965154826,0.013929984556538589,0.027496972293735995,0.04908278745175886,,0.5537790966293098,1,-0.6765259447566043,-0.00749869609112062,0.0,-2.160012760374254,4.605170185988092,6.638567789166521,0.0,10.236381967809457,8.987603389267655
PFN,USA,NA1,,,,,,,,,0.6668508811077558,2,-0.1277761537313009,-0.4548408160330431,3.7376696182833684,-1.8698674863109495,4.0387971932501605,6.145644291098641,0.0,12.467159170959782,10.894689012037176
PFO,CYP,EU1,0.010028629754474817,0.00875123105629252,0.0012773986981823057,0.005019489227576555,-0.001325942252684049,0.01361881629216197,,0.014469077158129787,0.5812965515556766,1,-0.1030145340666155,0.7080864086124673,3.4657359027997265,-2.6592908236909296,5.2376463082783,7.888436226541438,0.855593565535035,13.37270021688987,10.209383430457788
PGA,USA,NA1,0.009121896905458204,-0.008978817586465182,0.018100714491923388,0.01033712041661859,-0.012133578054031842,0.007774574047997248,0.009121896905458204,,,0,-0.45818364275354245,-0.07718531295451105,1.3862943611198906,-1.6905293622439808,2.917204136901369,5.914910807031003,0.0,10.11463949099796,10.894689012037176
PGF,FRA,EU1,-0.0007103060276003128,0.0062441240026407455,-0.006954430030241062,-0.005435492024476933,0.004198014780155419,-0.001535869999468112,0.006702615809929608,-0.028019572125508863,0.6081970226842712,2,-0.3849297681736473,-0.281370590277768,1.3862943611198906,-2.435741590868734,4.944275896378004,6.705345042758004,0.35905387451873544,12.5949204478149,10.500183536717612
PGK,IDN,AS3,-0.023933032861486236,-0.030200844394436068,0.00626781153294983,0.003800851440705283,-0.009152245630683476,-0.02994382067264601,-0.023933032861486236,,0.6034562551175033,1,-0.41298528924358696,0.9663790716624793,0.6931471805599453,-1.8928776000634193,4.804795159190046,6.048224648900406,0.0,12.8942776335508,7.764360911576746
PGV,USA,NA1,0.005247917423251163,0.0054276921310499205,-0.000179774707798758,0.00020317915139965413,0.011232142331795172,0.01559284422880455,0.005247917423251163,,0.5911829518079008,1,-0.4481073210770899,-0.23444996891979786,1.3862943611198906,-1.649347327926058,3.846115484217291,5.7745515455444085,0.0,11.322587865381196,10.894689012037176
PGX,FRA,EU1,,,,,,,,,0.5492781563808269,1,,,,,,,,,10.500183536717612
PGZ,BRA,LA4,,,,,,,,,,0,,,,,,,,,8.987603389267655
PHB,BRA,LA4,,,,,,,,,,0,,,,,,,,,8.987603389267655
PHC,NGA,AF3,0.041146416215632205,0.03258680902804796,0.008559607187584244,0.005674383764188051,-0.02279143858892836,0.02403652810578426,0.0402552056994715,,,0,-0.46461268039307696,1.2693462102711062,1.6094379124341003,-1.4872281079852272,4.78420544086356,6.101014396164936,0.009825993220064678,12.754254745839695,
PHE,AUS,SW1,0.05762154358013219,0.018768801211566793,0.03885274236856537,-0.0026713891461827366,-0.03746589817427179,0.017628945632976695,0.05894689658053735,,0.561805128332452,2,-0.5496742890730724,-0.32268292933578097,0.6931471805599453,-1.8420933917410083,4.188071614381579,7.148219701857648,0.0,11.7994193317852,10.871826484872283
PHF,USA,NA1,0.0014853909940912443,0.0065771813212452505,-0.005091790327154007,0.015471056555427048,-0.0045087056873266374,0.011784103632021377,0.0014853909940912443,,0.6639932711891985,2,0.015008343360128348,0.846192513144816,4.219507705176107,-2.144669996840713,4.383634979148442,6.57347365295106,0.0,13.63078932424734,10.894689012037176
PHL,USA,NA1,-0.005498289123438336,0.0005428434940872821,-0.00604113261752562,0.002721685511475196,0.0004893871287653,-0.0023395947166316854,-0.0062886498852584875,-0.0007426008466321967,0.6381666273501798,2,0.8042905437628399,0.04209106164547549,5.313205979041787,-2.3643628495710955,4.588864900308295,7.3665962098638875,0.12637797878110346,16.93014128930447,10.894689012037176
PHO,USA,NA1,0.004259562429947713,0.005529621859162836,-0.0012700594292151203,-0.00031729474012130113,-0.006981041056679744,-0.002694481853648927,0.004259562429947713,,0.5707291741905918,1,-0.7191775669802961,-0.6492842824426871,1.3862943611198906,-1.3760513010532693,2.2429428333910173,5.419302822510679,0.0,9.486455808056498,10.894689012037176
PHS,THA,AS3,0.011233933976311694,0.00961656043387888,0.0016173735424328194,-0.0005843898448554927,-0.0031842411150617223,0.0072488760291327566,0.011233933976311694,,0.596572861385692,2,-0.39828695117208873,-1.4105904144138817,0.6931471805599453,-1.9876783530236812,5.0106352940962555,5.789666885046193,0.0,11.603679828238693,8.468143081239914
PHW,ZAF,AF2,0.04207108829700472,0.04094592186538146,0.0011251664316232687,0.00016477769512047757,-0.001282136539997466,0.04095280129871475,0.04207108829700472,,,0,-0.4749335304920822,-0.42601240625320574,0.0,-1.725288655347238,3.332204510175204,5.940171252720432,0.0,9.806095206527479,8.681252452011616
PHX,USA,NA1,-0.008739023878269145,-0.008570159318215777,-0.0001688645600533737,3.867124183655474e-05,0.0013071938659533094,-0.00738606738801996,-0.00950450652517163,0.006346243645736622,0.6227694074622341,2,0.7246366150865076,-0.10511083525484602,5.0369526024136295,-2.4577519168999546,4.824676996508511,7.349770982984593,0.040796079438155816,17.17631644270656,10.894689012037176
PIA,USA,NA1,-0.003321929074447196,-0.004961455676915411,0.0016395266024682143,0.011589329899970713,-0.006953862054483002,0.0009823474829345105,-0.003334534365272669,,0.5823137151943993,1,-0.1341589754906925,-0.2256491436491006,3.6888794541139363,-2.0336190638568534,4.003504939446665,6.648346183275941,0.0,12.878652256300015,10.894689012037176
PIB,USA,NA1,-0.008519922647797364,-0.001093632003949087,-0.007426290643848275,0.044084022542407925,-0.03652715141924596,-0.0013196887297768126,-0.008519922647797364,,0.5993407920277833,2,-0.5154839750383141,0.35114183767505075,1.3862943611198906,-1.7656576615393538,3.4965075614664802,5.942799375126701,0.0,10.089552095608918,10.894689012037176
PIE,USA,NA1,-0.02528161679724259,-0.014464272221396176,-0.0108173445758464,-0.015633565364652813,0.03391948988639604,-0.006652660037169919,-0.023543181207746205,,0.6116475431641235,2,-0.1886501563173392,-0.3137324318511964,3.4657359027997265,-2.409395680709591,4.91485340143784,7.257479510668803,0.0,13.134987358589699,10.894689012037176
PIF,TWN,AS4,,,,,,,,,0.6349461295647991,3,-0.7477827064330911,-1.571869846709573,0.0,-1.9834123645073114,4.231567051028671,5.655991810819852,0.0,10.693035227382389,
PIH,USA,NA1,-0.02385355863425452,0.0007157288426964601,-0.024569287476950967,-0.0018777482162824135,-0.006253655344349809,-0.028361741432075482,-0.02385355863425452,,0.5780247940010141,1,-0.418414073103921,-1.061842770088951,1.6094379124341003,-1.50963693023944,3.3722684906558524,5.514441263747191,0.0,10.976166459177733,10.894689012037176
PIK,GBR,EU1,0.011294687353475302,0.007032187410404475,0.0042624999430708275,-0.007402881073998427,-0.0064791911633727455,-0.0025643242038628005,,0.007520704229474687,0.6036485029723783,1,-0.1563756100032559,1.175251706341799,3.4965075614664802,-2.1851295703051514,5.160163994839909,6.804019347858872,0.7129811441814672,14.302332586712758,10.711795251008132
PIP,USA,NA1,0.003212971615570587,-0.01804166890993667,0.021254640525507254,-0.01933918209372826,-0.0037292075838651134,-0.020518783302440773,0.003212971615570587,,0.6073641928920888,1,-0.5054463913445826,-0.22268468470665895,1.3862943611198906,-1.1762672516511512,1.8376965644150804,4.271472119773363,0.0,8.066207568006265,10.894689012037176
PIR,USA,NA1,0.053614820924140924,0.05426975839566351,-0.0006549374715225848,-0.011685845870238147,0.0005021144751946411,0.043613262042260376,0.053614820924140924,,0.5924999342896204,2,-0.4312334077269197,0.06646509680011659,1.791759469228055,-1.5609513525706877,3.004277195380776,5.793768245760915,0.0,10.90008557246396,10.894689012037176
PIS,FRA,EU1,0.020429065210400846,0.021958767925651608,-0.0015297027152507635,0.004952107259222492,-0.014178792655090491,0.010615430042326526,0.023268824925404587,0.009180993925600366,0.6029714786910945,1,-0.47069766832736765,0.682289527084328,1.0986122886681098,-2.0867959709656603,4.356837023600222,6.073346238679029,0.5423269206117559,11.526956567049849,10.500183536717612
PIT,USA,NA1,-0.018354752101428642,-0.02916676522927386,0.01081201312784522,0.0017174361842281073,-0.0003813261036143872,-0.017134106722627968,-0.017547128059493936,-0.06667299620340207,,0,0.573828408693312,-0.8479400988190132,5.2574953720277815,-2.2334538815329896,4.332069956705646,6.827707525954101,0.01579707726688658,15.763123542086953,10.894689012037176
PIU,PER,LA3,-0.004721774682652503,-0.0022519934335503192,-0.0024697812491021875,0.004345929591801934,-0.0015107509810836405,-0.001954802414629028,-0.004887318451214224,,0.5867794264437955,2,-0.4979111709789306,-0.7791738656880638,1.0986122886681098,-2.204823813116646,4.798916998052408,6.4478124160841315,0.0,12.257103155392896,8.391128985115767
PIX,PRT,EU1,-0.011667225188153664,-0.01112586310406324,-0.0005413620840904465,-0.011879522502052084,0.0065541233422613705,-0.01741556193475082,-0.011667225188153664,,0.6112528309798628,1,-0.4602867651240686,0.5553027946198671,1.9459101490553132,-1.5556210464237032,4.250809165179756,5.075537770565698,0.0,10.857459351377972,9.902465561885505
PJG,PAK,AS1,-0.012162943008689748,-0.0033262145744648156,-0.00883672843422494,0.015641015402672362,0.0029131028920420933,0.005530227327742584,-0.012162943008689748,,0.5672796618460528,1,-0.4965868442871186,-2.05025758188558,1.0986122886681098,-1.850707509898926,3.8697249958797704,5.630915258031101,0.0,8.59711281459211,7.14310852796464
PJM,CRI,LA2,-0.006125252183748729,0.027143373301285516,-0.03326862548503425,0.009802428662910447,-0.0007296886920058923,0.0015432015279156445,-0.004615833653363195,,0.5842263136936374,1,-0.4805269539898326,1.3782517490203576,2.1972245773362196,-1.6946971791022127,2.851165761338052,5.2501323234457,0.04471015879089344,10.864177871706968,9.188044812282184
PKA,USA,NA1,-0.014874067549905431,-0.013125582249471066,-0.001748485300434365,-0.0006490883507111775,0.0022589471778562877,-0.013313372351296631,-0.014874067549905431,,0.5720696625977097,1,-0.7464806544294866,-0.09223714528229927,0.6931471805599453,-0.07211042102329474,2.027924258042833,2.9188962246060135,0.0,9.096947684621092,10.894689012037176
PKB,USA,NA1,-0.03551192437176139,-0.019237835180229396,-0.016274089191531997,0.03881125871837245,-0.02891508973956062,-0.03297573341559149,-0.03551192437176139,,0.5462952965875296,1,-0.39710200430745546,-0.9292591629102256,1.6094379124341003,-1.3370987494323914,3.5263605246161616,5.176490091028305,0.0,10.37860309366804,10.894689012037176
PKC,RUS,EU2,0.018090158706363317,0.017765742092475667,0.0003244166138876527,-0.003851212144647404,-0.007135612742579572,0.007300338392436188,0.01775884101999234,,0.5913257942933958,2,-0.3305122770193451,-0.14262894498064863,2.772588722239781,-2.1784476596404265,5.200341893035507,8.437556805180675,0.0017210238796689713,12.506873291975012,9.064204880368637
PKE,AUS,SW1,-0.0025444673699285443,-0.0028123953143149227,0.00026792794438637834,-0.005273971403432352,0.0030989860888008852,-0.00547189245232643,-0.0025444673699285443,,0.5908791103894031,2,-0.4650210633805302,-0.5522981243646308,0.6931471805599453,-1.5959534301180938,3.4965075614664802,5.651882095042983,0.0,10.268443117306083,10.871826484872283
PKN,IDN,AS3,0.08540891357077834,0.05622865440386365,0.02918025916691465,0.013359608588526419,0.009477339543398716,0.1115486419939005,0.08445531379962881,,0.55839309222271,1,-0.733582329917265,0.4469729987347569,1.0986122886681098,-2.1605790684759465,2.9444389791664403,5.6160052542441115,0.0,9.789254458374703,7.764360911576746
PKR,NPL,AS1,-0.04148930448563857,-0.04187635475677733,0.00038705027113877127,-0.016557981311484102,0.02103925639672848,-0.03506188716820135,-0.03386843238844716,,0.5575784106417289,1,-0.5808790517018433,-1.4753434655056725,0.0,-1.2167380139285573,3.1978994038111117,4.9061156670234745,0.0,11.29105610153375,6.450827592374355
PKU,IDN,AS3,-0.018599664214599076,-0.033384101239575574,0.014784437024976508,-0.002909195972929028,-0.006552608277534849,-0.02840893751697182,-0.016514754561058397,-0.04021085916991375,0.6282928118791249,2,-0.2784394945997356,0.8119728104601064,1.6094379124341003,-2.221519549170978,4.871785708401077,6.655153419623354,0.06123420731926797,13.78748652735798,7.764360911576746
PKY,IDN,AS3,-0.06878635425086915,-0.07896304491223077,0.010176690661361662,0.012384255935289551,-0.0014815140000114717,-0.05725428861822573,-0.0688088601200678,,0.5799395499350513,1,-0.46058339930855385,-0.160441826204983,0.6931471805599453,-2.1751909047763553,4.804027697894007,6.716893153681338,0.0,11.920421841987473,7.764360911576746
PKZ,LAO,AS3,0.02006496911020508,0.016510301850774255,0.003554667259430817,-0.0019359352517252738,0.0007866041282305319,0.018772299328660223,0.028309379072858347,0.009580402268602723,0.5857781119993246,1,-0.4063098413905439,1.0936171592991608,1.6094379124341003,-2.1732790580038754,4.248495242049359,6.003825556493743,0.538552787663108,10.985462200051215,7.170954560494024
PLH,GBR,EU1,,,,,,,,,0.662216553609313,3,-0.38224485353874094,0.2713606110236549,1.791759469228055,-1.049249078571419,3.912023005428146,4.629699229500832,0.0,11.689396608086007,10.711795251008132
PLJ,BLZ,LA2,,,,,,,,,,0,-0.5557269554934475,0.27013890829569714,1.3862943611198906,-1.3657028636542536,2.3978952727983707,4.301889225546607,0.0,11.555889164402345,8.774286490019918
PLM,IDN,AS3,-0.013725176162361994,-0.02591969525700311,0.012194519094641115,-0.010069145892403542,-0.002766662676542236,-0.026745333158855966,-0.014526852656508894,0.008687877613613199,,0,-0.26934409228346623,0.5473871301970608,1.791759469228055,-1.9872344417530177,4.885939812209195,6.0438640966382335,0.053623612867819276,13.894653476333417,7.764360911576746
PLN,USA,NA1,-0.019051829365512807,-0.01618729451603922,-0.0028645348494735837,0.00985112095114848,-0.006696758963043212,-0.015267181800364009,-0.019051829365512807,,0.5869698338859293,1,-0.3219954816306579,-0.9279449770493811,2.4849066497880004,-1.6514933211673024,3.6893299795713475,5.973695192947077,0.0,10.840815443476084,10.894689012037176
PLO,AUS,SW1,0.03131432370644735,0.009559640514915653,0.02175468319153169,6.542951318829308e-05,0.0016046193946483156,0.03164991876093768,0.03131432370644735,,0.5854895083465548,2,-0.5838182964285298,0.22554667653199492,0.0,-1.5096913478897904,3.4965075614664802,5.5005324591467515,0.0,11.389333087717597,10.871826484872283
PLP,PAN,LA2,,,,,,,,,0.5995348265245586,1,,,,,,,,,9.159851638232327
PLQ,LTU,EU2,-0.016362840766175366,-0.007906011302185222,-0.008456829463990142,-0.028192683981689955,0.025742626275447593,-0.019117442025069598,,-0.018615264867832604,,0,-0.2736654593142274,0.5542567631777332,2.4849066497880004,-2.088138305132022,4.023796631621117,6.530835710668676,0.9840968777356288,11.317494352222555,9.383398700866026
PLS,TCA,LA1,-0.01476175232711031,-0.021481918324152246,0.006720165997041936,0.014335854062133486,-0.006048139220375165,-0.006715263237214658,-0.03923605895045893,-0.010078450900671118,0.6089427016531543,1,-0.054547139013615506,0.8791767669993306,3.7612001156935624,-2.25206022550499,3.7066803479880472,6.834920793657224,0.7259374117279388,13.12069598808304,
PLU,BRA,LA4,0.0793725139660711,0.10772257523263784,-0.028350061266566723,0.004208984383950683,-0.00399711321428141,0.07991898279137188,0.0793725139660711,,0.5783899605878993,2,-0.41271779134098835,-1.0835050149864411,2.5649493574615367,-1.9820016392021436,4.395956859327372,6.080202939072781,0.0,12.607168221120395,8.987603389267655
PLW,IDN,AS3,-0.007524669647093042,-0.01499606488083909,0.007471395233746042,0.0035701810534221326,-0.0065030918317432835,-0.01159236068209142,-0.007524669647093042,,,0,-0.4324646664977063,0.35602336022035785,1.3862943611198906,-1.9434282270584227,4.874524175136759,6.086565206287358,0.0,12.35945445842642,7.764360911576746
PLX,KAZ,AS2,0.011358652067975603,0.034034076766504724,-0.022675424698529116,-0.019104800979031552,0.007530253900254662,0.0005682263481475904,0.02297481733879727,,,0,-0.48507732663196823,-0.3800849740056646,0.6931471805599453,-1.9693352265460782,4.050559900140243,6.964987028495209,0.1953733970329394,9.67457740632758,8.99179572921663
PLZ,ZAF,AF2,-0.01864651579573852,-0.0015645502749938927,-0.017081965520744632,-0.001669692626073519,0.010804369009676644,-0.009625296354258135,-0.01864651579573852,,,0,-0.3791656890621572,0.11719007929335222,1.791759469228055,-2.148011076383065,4.55708791388766,6.678824689521134,0.0,13.835927702288535,8.681252452011616
PMA,TZA,AF4,,,,,,,,,0.5816009137965812,1,-0.6106912689620946,0.40663996628128873,0.0,-1.4265816408019905,3.044522437723423,4.836281906951478,0.0,9.63756697186586,6.595124587865934
PMC,CHL,LA4,-0.003696315519916002,0.0013275847607712682,-0.00502390028068727,-0.006557854542756734,0.0020825666559063463,-0.007710479423167209,-0.0032123912011372655,,,0,-0.3955430422932051,0.2446699855666768,2.3978952727983707,-2.438256107773082,4.92005492957802,6.826684926907273,0.007637309890894125,13.801891234582166,9.310307425489734
PMD,USA,NA1,,,,,,,,,,0,-0.4283216080566314,-1.371660959023948,0.0,-1.6467908369670243,3.912023005428146,6.2285110035911835,0.0,9.880730565413511,10.894689012037176
PMF,ITA,EU1,0.09125338835119515,0.04870230693963115,0.04255108141156404,-0.009960957346990026,-0.0048306156815975075,0.07645466465980319,0.13366229331177318,0.02824733527907097,0.5724209410389467,2,-0.4676830967523037,0.8405580110813939,1.791759469228055,-2.3736810916335513,4.166042014868647,6.6706701290574575,0.5575677056719469,11.491190972824223,10.438808040299792
PMI,ESP,EU1,-0.01012057692832228,-0.012153927799860985,0.0020333508715387034,0.00046580945633144905,-0.0013008094144486596,-0.011008324098504978,-0.012162148210622744,-0.00965382219553187,0.5989998462915385,1,0.2761776089596284,0.8586164184546288,4.709530201312334,-2.5783492241042705,5.080229446040628,6.935443011949534,0.6247856208532604,16.336661380015094,10.216062049970796
PMO,ITA,EU1,-0.0124931951840641,-0.013004586635997663,0.0005113914519335691,-0.0030324651148388327,-0.001534797611006015,-0.017368961484525203,-0.008928442043744914,-0.0295991880377926,,0,0.007821203978426342,0.5815146930039959,3.871201010907891,-2.3393550248069666,4.920010840421962,6.628856342984669,0.13664584529193666,15.08061815982723,10.438808040299792
PMR,NZL,SW1,-0.033704664500872256,-0.024011800336558135,-0.009692864164314124,-0.016399596198500083,0.009873532721772759,-0.03968698636886219,-0.029734087768396353,,0.600932584178101,1,-0.3482050974825158,-0.10292072569880933,2.1972245773362196,-2.296509454385376,3.9380528064718887,6.42055389370343,0.11770681328958295,12.826947475843482,10.502717308818164
PMV,VEN,LA3,0.038661050905317615,0.039052526057018366,-0.0003914751517007434,-0.024920239496974438,0.017785470861397853,0.032090206739339995,0.04436756881187846,0.00539808584818066,0.5658161836230382,1,-0.11344176106819095,0.016881095070786212,3.2188758248682006,-2.124332641641999,4.397227344239545,6.780842635697778,0.11705511793230461,13.788721925257676,8.41113221940897
PMW,BRA,LA4,0.013634289942229075,0.008990227067018791,0.004644062875210283,-0.013474332961676811,-0.0015319225730463836,-0.0008326688450059601,0.013634289942229075,,0.5641484266794212,1,-0.40887804199910793,1.7034078087485602,1.9459101490553132,-2.25562474722683,4.847806364393824,6.424848792237938,0.0,11.907423992685207,8.987603389267655
PMZ,CRI,LA2,0.02466087494207173,0.03371188972894093,-0.009051014786869212,-0.0029464137958591834,0.009101262057317015,0.029043549280779214,0.02466087494207173,,0.5730038904072443,1,-0.5038987079317901,0.6277500133104582,1.791759469228055,-1.496288543429745,2.7907620943063094,4.7115027276127295,0.0,9.64088826045181,9.188044812282184
PNA,ESP,EU1,-0.033418675294885514,-0.02871202526554564,-0.004706650029339865,-0.004479713437795373,0.0013265959591321273,-0.03701805141776173,-0.028669523639076638,,,0,-0.3615324924366471,0.41246453602476824,1.6094379124341003,-1.908370634595561,4.374279379707554,5.847767597484562,0.018173776580580357,12.835536938793489,10.216062049970796
PND,BLZ,LA2,,,,,,,,,,0,-0.5598229005738458,0.22383207730807567,1.3862943611198906,-1.2374837914269454,2.4277482359480516,4.007333185232471,0.0,10.524870166866762,8.774286490019918
PNG,BRA,LA4,,,,,,,,,,0,,,,,,,,,8.987603389267655
PNH,KHM,AS3,-0.012984693432736793,-0.010721542613365205,-0.0022631508193715916,0.004645657398792459,-0.0030930027892372117,-0.011615692752820289,-0.009718434579657934,-0.014451613625188233,0.5806149276138257,1,-0.11884196298458002,0.8236798597605165,2.995732273553991,-2.3746510993270467,4.819985492484553,6.84603922353101,0.7528721387862336,14.242853263311755,6.937538498960448
PNI,FSM,SW1,-0.01407994517647263,-0.014781538418208662,0.0007015932417359938,-0.0002248542013982656,-0.0027385780955260287,-0.01711454640713139,-0.015222878396071046,,0.5776122126994558,2,-0.4357714713722084,-0.5032179122209081,1.791759469228055,-2.294742096614637,5.0106352940962555,6.461511101256606,0.0,10.907789161732996,7.940523905052037
PNK,IDN,AS3,-0.05173606505917102,-0.051863402764954256,0.00012733770578323016,-0.0014876920522691626,0.0062152281717272025,-0.04661066380035087,-0.045521117700279064,,,0,-0.36388979900929436,0.8294411226689354,2.1972245773362196,-2.2444853150131454,4.690284504985634,6.54848578228496,0.05498607189886221,13.519071588899966,7.764360911576746
PNL,ITA,EU1,0.01703590726491522,0.005670338641717121,0.0113655686231981,-0.012019656866698071,-0.0024572801000297883,0.003307761149474105,0.01679744730302184,,0.5630758055523646,1,-0.38624329259618223,0.36036936296645466,1.6094379124341003,-1.696890187790971,4.19329295570196,5.687471995875955,0.0023506890193263235,11.864187787064077,10.438808040299792
PNP,PNG,SW1,0.004564187671799688,0.017813876996073466,-0.01324968932427377,0.00980178238414583,0.009774988689086338,0.023992290879837792,0.004564187671799688,,0.5435789678697394,1,-0.6303944481970675,-1.021516383666475,0.0,-0.9386407022156056,3.58351893845611,4.927253685157205,0.0,9.761463052506711,
PNQ,IND,AS1,-0.0074748096123168645,-0.003964287475685128,-0.0035105221366317444,0.013207358987549888,-0.004111858794646902,0.0012557217355867673,-0.009731534876749177,0.025171892454151634,0.6169521460781071,1,-0.22103342543909602,2.321780576201978,2.70805020110221,-2.481484203782457,4.933162172987767,6.711653606346247,0.01600845109969398,14.080562745190075,6.97470991159236
PNR,COG,AF3,0.015091952109624503,0.016261580583596676,-0.0011696284739721717,-0.003454419408768057,0.0025235736988174795,0.014240088159063167,0.028830932548234496,0.0001357645520851632,0.5617394160676127,1,-0.32308420461769016,0.38544990526676765,2.1972245773362196,-1.9731708839906006,4.61825798710982,6.85305722265048,0.4124378351346095,12.570521295766866,7.602950879905648
PNS,USA,NA1,-0.012470643621228482,-0.017361089687322022,0.004890446066093543,-0.005728097677501974,0.0012126732421904947,-0.017039733415702918,-0.012470643621228482,,0.5879136791547218,1,0.21054188539512558,-0.24854096771732706,4.672828834461906,-1.9667678394136112,4.211658982229711,6.406685345952612,0.0,13.889061160530709,10.894689012037176
PNZ,BRA,LA4,0.03901200563076504,0.02527898765221709,0.013733017978547958,-0.007061126879761647,-0.02217801237465215,0.008616876258638764,0.03901200563076504,,0.6528027162246626,2,-0.3937167137054284,-0.16020538142592866,2.1972245773362196,-1.492803318284324,4.739881057999685,6.405260829935999,0.0,11.556616938594653,8.987603389267655
POA,BRA,LA4,0.032469636836078966,0.029924307335152563,0.002545329500926401,0.006635874692705957,-0.007468898136074708,0.031108221476697714,0.032027906054253416,0.04700742367041845,0.5491415083151041,1,-0.08428235555423652,0.36435893848062234,3.6375861597263857,-2.358626138485853,4.917323415686597,6.700632319818479,0.11257716470281279,14.928408978820743,8.987603389267655
POG,GAB,AF3,-0.02067428119382765,-0.009223150991095835,-0.01145113020273182,0.01557807731575602,-0.03972706966996128,-0.0432338117718573,-0.03356894041926875,,,0,-0.5373390710615531,-0.6271472878594277,2.0794415416798357,-1.4373894974439467,3.6815126420745603,5.451203576647551,0.14197152174614963,11.439418850426307,8.840533001332654
POL,MOZ,AF2,-0.0005323850058938126,-0.00036160608579423,-0.00017077892009958497,0.010461273968323572,-0.00466819899278104,0.004694205825324396,-0.002076134905986478,0.0056752264255701046,,0,-0.38597390982750496,1.818650884798686,2.3978952727983707,-2.11371959195582,4.57620172842091,6.857387900573259,0.3154645106278059,11.485955010065721,6.091422034290103
POM,PNG,SW1,0.0038711745973225332,0.008076407359241844,-0.004205232761919314,0.005817917436488433,-0.00030825272303701054,0.00937802311896085,0.0025509742009097234,0.005583719924481542,0.5793044889857542,2,0.027789295128109855,-0.24829669240479166,3.784189633918261,-2.1905466625603336,4.21099980812285,6.922129028392415,0.284121039259531,13.490119695493858,
POP,DOM,LA1,0.013996223328285822,0.012288917666570028,0.0017073056617157977,-0.004830275884918251,0.006057157414143291,0.015319399436370597,,0.011926693669549546,0.7285028051835841,3,-0.009959351636316062,-0.48162002364214856,3.5553480614894135,-2.666979201814928,5.0719248414795075,8.285529507085592,0.9363876527787567,12.92746951939517,8.557333675012996
POR,FIN,EU1,,,,,,,,,0.5805968359038853,2,-0.4636937566850931,-0.7969085702190838,0.6931471805599453,-1.6513334281860546,3.790725655156161,5.3865669335952715,0.0033569906648067815,11.085782071618791,10.741031351305583
POS,TTO,LA1,0.02092292153497474,0.027537075618937926,-0.006614154083963174,0.004034805978688582,-0.003877494819554477,0.020974702031022203,0.07844882850855851,0.0091121454642771,0.6249304572313183,2,-0.05234858247387908,0.052806967457915396,3.6375861597263857,-2.3208088888782945,4.557929040874102,7.297262601693455,0.9705488249688015,14.129921948001796,
POX,FRA,EU1,,,,,,,,,0.5280123028237722,1,-0.8730882899411214,-1.0702817820418837,0.0,-2.081797536979866,2.105475836045712,5.53338948872752,1.0,7.489970898834801,10.500183536717612
POZ,POL,EU2,0.0030618719636876265,0.0072377163683696255,-0.004175844404682001,-0.0005176008054789435,0.003099148802398068,0.005561873901852045,0.008228632246027894,0.0028621622197578774,0.6107709065091926,1,-0.2292357059029609,1.0425166532548666,2.9444389791664403,-2.474372114039756,4.427206698098559,6.763221919577138,0.8280754585553463,13.062360687148361,9.186119834635363
PPB,BRA,LA4,0.08220325996882767,0.04320792524693253,0.03899533472189519,0.05216818021525159,-0.038978153044418436,0.09307409051268135,0.08220325996882767,,0.553822795409465,1,-0.667094248368687,-0.4995603848449193,0.6931471805599453,-1.6510675879810381,3.8631424116381643,5.347360561099561,0.0,11.045494523523427,8.987603389267655
PPG,ASM,SW1,-0.022734728713293923,0.038256196698733605,-0.06099092541202752,0.009855935225064578,-0.011495524831187539,-0.024383247165359712,,-0.02238227742856251,,0,-0.47739802279503013,0.7987319260188515,1.0986122886681098,-2.114639991664005,3.688423068152088,7.330947777107213,1.0,11.453143612923565,9.47978040094674
PPN,COL,LA3,0.05813299236344192,0.04535363222647444,0.012779360136967496,0.0025683692585386367,-0.005437077749389203,0.05485992704835803,0.05813299236344192,,,0,-0.5384942291026104,-0.24303292100000393,0.6931471805599453,-1.7495770899958007,3.6451189661883805,5.84493815024258,0.0,10.325973644978596,8.506587672816924
PPP,AUS,SW1,-0.0009746476517232747,0.00497788299854629,-0.005952530650269562,-0.01747018474464082,0.008399568577266585,-0.009180347500466932,-0.0009746476517232747,,0.5954472367557877,2,-0.40636814344679345,-0.010116715821947876,0.6931471805599453,-2.6179798166852635,5.092067883394694,6.945504471821562,0.0,11.93581783240092,10.871826484872283
PPS,PHL,AS3,0.007373944937462712,0.000849884023904365,0.0065240609135583435,-7.278477711862498e-05,-0.007211651053523707,0.0003617819877422515,0.006870905859884469,,0.5655622585376074,1,-0.45264501473957675,0.7667065078759335,1.3862943611198906,-2.2430635423291885,5.006191759644081,6.36478376230041,0.0,12.41532820356421,7.700452054329457
PPT,PYF,SW1,-0.012196470947676716,-0.016945907668190752,0.00474943672051404,-0.0025985517272366977,0.0005877339176150597,-0.014063707163471464,-0.011058182449587806,-0.01400930768421368,0.5835322536983948,1,0.1240031361782186,0.2846691276472429,3.6635616461296463,-2.3830923212588653,4.192393115167266,7.991585336371603,0.44000821111611493,13.91609589056141,9.982692936106211
PQC,VNM,AS3,-0.008959873191824267,-0.01491644947970791,0.0059565762878836335,-0.009222076290555568,0.00327820154740418,-0.014854641243439944,-0.006340451066068229,,,0,-0.47854387139915916,1.6472003407088718,0.6931471805599453,-1.850184904883799,4.1588830833596715,5.582291477537967,0.0,11.717399826405316,7.489383297681163
PQI,USA,NA1,0.0031706052615211424,-0.00020457472662781988,0.003375179988148962,0.0018694811050983596,-0.0025936763389665645,0.0022414175217507996,0.0031706052615211424,,0.5683567640681347,1,-0.43321699003262104,-0.5417408748363101,0.0,-1.9587208737705195,3.5263605246161616,6.278521424165844,0.0,10.432113800927626,10.894689012037176
PQM,MEX,LA2,,,,,,,,,,0,,,,,,,,,9.19803449697713
PQQ,AUS,SW1,0.031622496957089255,-0.017943315097583665,0.049565812054672934,0.007227875430666691,-0.04032612840100934,-0.002482118158841905,0.031622496957089255,,0.5964378700155513,2,-0.4186355756761881,-0.8173006635787456,1.6094379124341003,-1.0923598671499413,3.0801357331071815,5.621298978702357,0.0,11.475161290549211,10.871826484872283
PQS,USA,NA1,0.000359130696385525,-0.02404699713296695,0.007497795400263685,0.02664813200627031,-0.01838752920425974,-0.003812178295384815,0.000359130696385525,,0.5676261877457861,1,-0.7348852965699333,-0.9731005756400681,1.0986122886681098,-0.7377024829964203,1.9426322252586428,4.105896450427991,0.0,9.610725934341048,10.894689012037176
PRC,USA,NA1,0.04457291136059026,0.005280455870586489,0.03929245549000375,0.06251079967432757,-0.038076380063687444,0.0700451129921107,0.04457291136059026,,,0,-0.451183610357479,-0.1559090228512935,1.0986122886681098,-1.2743705766445128,2.9444389791664403,4.987346224315614,0.0,10.512818247002963,10.894689012037176
PRG,CZE,EU2,-0.01704888825104446,-0.01296663842508267,-0.004082249825961794,-0.002558908329615263,-4.783486029160182e-05,-0.019531803665129625,-0.02298213184477162,-0.017217221307523237,0.6605212626554124,2,0.4462991708416848,1.0648645034747237,4.912654885736052,-2.3998677427014004,4.7241615995429225,7.059969499122952,0.9875445918321913,15.964884562909756,9.734627552346245
PRH,THA,AS3,,,,,,,,,0.6006942383439029,2,,,,,,,,,8.468143081239914
PRI,SYC,AF4,-0.03382280422458616,-0.023196705471632825,-0.010626098752953317,-0.0014464709374855714,-0.009694116975027594,-0.04671209517059657,-0.03382280422458616,,,0,-0.5348577429812847,0.19902643202680548,0.0,-0.46008823146732014,3.3608975563058543,3.7612001156935624,0.0,12.36507439700251,9.481345733616072
PRN,XKX,EU2,0.008928043636660731,0.013939609525361803,-0.005011565888701081,-0.004743728200156111,0.0019995518594355865,0.006242718143609433,,0.008928043636660731,0.6029085220178493,1,-0.24992183751634858,1.8434258980790657,2.8903717578961645,-2.3730042835353022,4.869748375466553,6.772478281585742,1.0,12.734168280461118,
PSA,ITA,EU1,-0.0016109036840846191,-0.007209272057801237,0.005598368373716612,-0.004016383566534621,-0.0029976223830854316,-0.008306085868932604,0.0069430660289840716,-0.005549946744954711,0.6105070026908925,1,0.046605548873821914,1.2774822436906614,4.07753744390572,-2.4724988100519862,4.857985009674297,6.863102791392017,0.7184336144866722,14.808260723709184,10.438808040299792
PSC,USA,NA1,-0.00045843243170279216,-0.011372324686732665,0.010913892255029874,0.0009536002328923367,0.0004787636844307036,0.00012084186804607009,-0.0004708426287516321,,0.6245944905140093,2,-0.13214319121978957,-0.18605210516565981,3.6635616461296463,-1.8730570750681812,3.9238694247260963,6.514655616404909,0.0,12.731939579490634,10.894689012037176
PSE,PRI,LA1,-0.0324018129975505,-0.036086163666723334,0.003684350669172843,-0.0029175340413577313,0.0012207223372694693,-0.03408620030400235,,-0.032947398466925,0.5651215993103615,1,-0.3037210733030137,0.0925252714987263,2.1972245773362196,-2.6471893610458377,4.184520509586515,7.688627293980101,0.9181644073547934,12.066080426643413,
PSG,USA,NA1,-0.018420193549136096,-0.01922279050967575,0.000802596960539658,-0.00022628367359531042,0.02085908104196202,0.0034220712948998993,-0.018420193549136096,,,0,-0.3928935841468965,0.13994067609705108,1.791759469228055,-1.2248847221425014,4.227141962563811,4.909347603399648,0.0,11.41706413330962,10.894689012037176
PSI,PAK,AS1,,,,,,,,,0.5625930437522679,1,-0.4972233488042878,-2.6285035132298775,1.0986122886681098,-1.910555823648528,3.86938777378371,5.74565219598106,0.0,8.391176350832751,7.14310852796464
PSM,USA,NA1,,,,,,,,,,0,-0.6361251272173101,-1.2883220171276801,0.6931471805599453,-2.3298084533253807,3.432082771776589,6.774736609683536,0.0,9.353661191420406,10.894689012037176
PSO,COL,LA3,-0.010787468366254847,-0.01714039471847575,0.006352926352220888,0.0029025876640545404,0.0009059142939869486,-0.007138477230572052,-0.010787468366254847,,0.5928785727816517,2,-0.513032825893908,-0.4288859721529637,1.0986122886681098,-1.9745431625344616,4.147224218849676,6.0692073442732415,0.0,11.859220725897345,8.506587672816924
PSP,USA,NA1,-0.006198403832331787,0.0012655034702352824,-0.007463907302567066,-0.0001582675004977068,0.004940758565389093,-0.0013808316237713192,-0.0071957700573022625,0.016358488629543266,0.5797158680384675,1,0.08711884321100613,-0.07417809029485328,4.248495242049359,-2.2740367102103356,4.297564956385518,7.118661107522703,0.06200888882307318,13.89289558328048,10.894689012037176
PSR,ITA,EU1,0.0032390338358449437,-0.033053099008519646,0.03629213284436462,0.016042889981094637,-0.022107340860307294,-0.0038824584224145067,-0.00838661150452038,0.017417179081165753,0.6078764327129196,1,-0.22804599484428612,1.2853115150464405,2.70805020110221,-2.30906583585897,4.4164142389269445,6.671263060662038,0.4601150036975347,12.575502893594855,10.438808040299792
PSS,ARG,LA4,-0.02514843518107276,-0.014923412353111232,-0.01022502282796152,-0.027056372620419128,0.011423464153409023,-0.03975998343884999,-0.02514843518107276,,0.5601675935607674,1,-0.6836933206368925,-0.949480954467964,1.3862943611198906,-2.1974314779754724,4.847295653780811,6.643768210489129,0.0,10.922641684869495,9.45812987103844
PSZ,BOL,LA3,,,,,,,,,0.6026403217195169,2,-0.45155615511436453,0.06465446988835334,1.3862943611198906,-1.8868335902175881,5.0106352940962555,6.831953565565855,0.5,10.760028280004509,7.733432810667066
PTF,FJI,SW1,,,,,,,,,0.5451818107781774,1,-0.5827910087844554,-1.8293668746567915,0.0,-0.6319512986090634,2.171134723164213,3.1780538303479458,0.0,9.806921584559797,
PTG,ZAF,AF2,-0.016427972442965743,-0.0013622722365706783,-0.015065700206395069,0.001749604839349934,0.004840111197021428,-0.010429934079529024,-0.016427972442965743,,,0,-0.46271605049009185,0.3938953586341328,0.0,-1.5226239895904021,3.3748057723831555,5.616771097666572,0.0,10.561706792794787,8.681252452011616
PTH,USA,NA1,-0.03802047476347181,-0.03170239140002767,-0.006318083363444144,-0.028494153273820606,0.07428072088132226,0.00783762506120629,-0.03802047476347181,,0.556180475391632,1,-0.5058594259023492,-1.6523408095982488,1.3862943611198906,0.03919190146716469,1.2724541813855499,5.332166920585885,0.0,7.829232537543592,10.894689012037176
PTJ,AUS,SW1,,,,,,,,,0.5572184865626607,1,,,,,,,,,10.871826484872283
PTP,GLP,LA1,8.544380641203718e-05,-0.0012254627301760967,0.0013109065365881334,-0.00020933950514551825,-0.004887479798966116,-0.004948042227823739,,0.00596759785009976,0.557807168411155,1,-0.08672823114049247,-0.017953596235509895,3.367295829986474,-2.364166897599384,4.428634613987784,8.013336229881144,0.8502589977844457,13.965469034201137,
PTU,USA,NA1,0.034734074660874886,0.007668914838194669,0.02706515982268021,0.020818062981140993,-0.03855883430356033,0.01698416242936994,0.034734074660874886,,,0,-0.7388582577255007,-1.0066960432256695,1.0986122886681098,-0.4333023998940219,1.4563081617409492,4.568565476682461,0.0,8.34283980427146,10.894689012037176
PTY,PAN,LA2,0.012884103775042477,0.014799340671070957,-0.001915236896028477,-0.0018502525916314868,-0.001882348493417926,0.009186144940504088,,0.01333635440731376,0.6122585284219251,2,0.17059805774146855,0.07587535845841596,4.04305126783455,-2.407530804002079,4.795792075258489,7.649210205823676,1.0,14.999902604379198,9.159851638232327
PUB,USA,NA1,0.013157515761909658,0.019439840679196786,-0.006282324917287144,0.024017534134883837,-0.019636000003768143,0.01842847772285825,0.013157515761909658,,0.574326898284963,1,-0.4718350745686987,-1.3693789356443005,0.0,-1.36523265573487,2.9444389791664403,5.159055299214529,0.0,9.38378935026654,10.894689012037176
PUF,FRA,EU1,-0.00611501840460547,-0.0038992291549461103,-0.0022157892496593567,-0.0023209031064608653,0.005290652250824521,-0.00364482047273348,-0.0029800278002579737,,,0,-0.2825751568638671,0.014584582527292179,1.791759469228055,-2.2919580260483134,4.647893035731374,6.501653571789643,0.1312778625058658,13.432667627892389,10.500183536717612
PUJ,DOM,LA1,0.011955748830880988,0.0015246324023110496,0.010431116428569934,0.0030157854952962146,0.003282840366186399,0.018206229625147553,-0.006243188605368162,0.011396626550768393,0.6823140528777536,2,0.26497541209057046,0.9072666539150444,4.382026634673881,-2.605491401266948,5.115775437556148,8.188931756541983,0.9407531548860002,14.050098768611052,8.557333675012996
PUQ,CHL,LA4,-0.025893580990012766,-0.02816950933448735,0.002275928344474592,0.00026080986407948687,0.0019871777092788393,-0.024054925537917084,-0.024255841106918093,-0.05590191401015003,0.5857034322724004,1,-0.4185389509425044,0.33670295553700125,2.1972245773362196,-2.567913842068001,4.957428123526421,7.276267986004288,0.05435683717595393,13.008769056819398,9.310307425489734
PUS,KOR,AS4,-0.016697545803384607,-0.014108406906784207,-0.0025891388966004006,-0.001903398348996306,0.0005306105021862893,-0.017971847644764675,-0.00796236448274553,-0.024977425455331336,0.5984146621190051,1,0.08417637404544699,-0.012847942959245738,3.6375861597263857,-2.3406791744492117,5.158071165927145,6.612456752136909,0.3732974858047558,15.503612874802053,10.102000858470229
PUU,COL,LA3,0.05320610652698092,0.052978386483965606,0.00022772004301534025,0.0041259964940900135,-0.00032614437595561777,0.055995744171561446,0.05320610652698092,,0.5773522947929851,1,-0.5078082636858996,0.3068420379799915,1.791759469228055,-1.6223690146333312,3.476865723662974,5.704309491875457,0.0,10.51740211387893,8.506587672816924
PUW,USA,NA1,0.054250026746236114,0.013907168060896811,0.040342858685339315,0.025178577225312526,-0.04105556530991922,0.03539319589936187,0.054250026746236114,,0.5586077969884262,1,-0.4477506304175439,-1.108178856737703,1.3862943611198906,-1.1226902540461028,3.6109179126442243,5.113203486029797,0.0,11.085690095042095,10.894689012037176
PUY,HRV,EU2,-0.02667372403614924,-0.015906148504058543,-0.010767575532090698,-0.03674663368857914,0.02786849076392496,-0.03375306793360927,0.004814454922766467,,0.6069912369133972,1,-0.3124024445106512,1.2717000001185463,2.3978952727983707,-2.5746708452077636,4.67816778024865,6.938018926180866,0.6471855057001166,11.52511091983403,9.450772616814078
PUZ,NIC,LA2,,,,,,,,,0.5592487208675272,1,-0.6218522958086218,-3.497208202375477,0.0,-1.8166839935436336,3.044522437723423,5.91350300563827,0.0,7.293017679772782,7.440268694941515
PVA,COL,LA3,,,,,,,,,0.5747884515435158,1,-0.7481760595491567,-0.5805002630253294,0.0,-1.2871135125439626,3.044522437723423,4.5217885770490405,0.0,10.328657243918627,8.506587672816924
PVC,USA,NA1,-0.004533987297681519,-0.0027118193191034137,-0.001822167978578107,-0.003009715717327893,0.0031837171077707845,-0.004430654449848504,-0.004533987297681519,,,0,-0.4406013443447935,0.18120438226964863,0.0,-1.1535632700164,2.1972245773362196,4.276666119016055,0.0,9.94826969530802,10.894689012037176
PVD,USA,NA1,-0.016323116870248854,-0.01536740372818034,-0.0009557131420685136,-0.009935990194616832,0.0025826849584398522,-0.023235770829179263,-0.014325110926319879,,0.6437787188929249,2,0.4158209952893816,0.4216991118456302,5.017279836814924,-2.3459051140947835,4.5199375508181125,6.9470433920971635,0.0044707247454643,15.076323042006502,10.894689012037176
PVH,BRA,LA4,0.0365241776692649,0.028903758816631812,0.007620418852633114,-0.014714671486951967,-0.0029926005376614143,0.01956209468049438,0.0365241776692649,,0.6673258961223817,3,-0.34545478840282123,-0.3949964432148041,2.70805020110221,-2.4812311210006524,4.886712521740916,7.091505832801143,0.0,12.573333856685537,8.987603389267655
PVK,GRC,EU1,-0.04364591872238964,-0.0460724964651376,0.002426577742747953,0.018410573109109443,0.0009926826776553096,-0.024185827428082854,-0.041835239429935854,,,0,-0.3003120986690727,1.5546162703976705,2.3978952727983707,-2.474289303295359,4.299049661712489,6.921330140194249,0.439422836117051,10.857247464524757,10.08471240855404
PVO,ECU,LA3,,,,,,,,,,0,,,,,,,,,8.458568582904595
PVR,MEX,LA2,-0.028662355838160996,-0.02844827428735579,-0.00021408155080521123,0.0035821203631462998,-8.03102315373403e-05,-0.02512853379942928,-0.03919786326711436,-0.025352555755345285,0.5876011553190827,1,0.16928493230618025,0.2193441683200303,4.430816798843313,-2.481649418363358,4.725877434811885,7.407179881559349,0.6395791422698325,14.416171766886972,9.19803449697713
PWM,USA,NA1,9.073741480947976e-05,-0.006838461880533759,0.00692919929534324,0.0002994110232526055,-0.003765466444368316,-0.003290024368923965,0.00024217916380293728,,0.5652209601603807,1,0.13614077443972403,-0.4420820176439309,4.532599493153256,-2.01607039023941,4.16242473255839,6.698857349749628,0.0,13.919035089233757,10.894689012037176
PWQ,KAZ,AS2,1.5679400808764105e-05,-0.01458492065125322,0.014600600052061952,-0.013363882456824839,-0.009654044493391127,-0.022100142335629992,0.012750875933714621,-0.03394217716834691,,0,-0.4467523904048262,1.1269595678322726,1.6094379124341003,-2.1792661731717375,4.4515008717672995,7.2112643890653985,0.2603191056158146,10.897220691152878,8.99179572921663
PXM,MEX,LA2,-0.005285973467971064,0.006934753795727884,-0.012220727263698937,-0.0005619017551526505,0.010099028559322171,0.004160910852941621,-0.005285973467971064,,0.5859815863171574,1,-0.4659313794050789,-0.04132597708874371,0.0,-1.9492935403808764,4.605170185988092,6.102558594613569,0.0,10.505067539570582,9.19803449697713
PXO,PRT,EU1,-0.027481021321714795,-0.0100773500902676,-0.017403671231447194,-0.01802357744919936,0.007396300639499436,-0.036669320937034164,-0.019324607065998072,,0.5194874434672014,1,-0.4689737414627084,0.08818961099751356,1.0986122886681098,-1.4930374665331654,3.8156325156475943,5.176701226712253,0.0,11.84604207777808,9.902465561885505
PXU,VNM,AS3,-0.0172926317020165,0.01981979356389796,-0.03711242526591445,0.009657116278319026,0.0035439975485415513,-0.003881211144470907,-0.0172926317020165,,,0,-0.4862271857216212,0.1720322084103334,0.6931471805599453,-1.9480095511093338,4.1588830833596715,5.717027701406222,0.0,10.751927617502108,7.489383297681163
PYH,VEN,LA3,,,,,,,,,,0,-0.5217576258343501,-1.2925040702884516,0.0,-1.7932497272162633,3.828641396489095,6.324358962381311,0.0,9.574844587029249,8.41113221940897
PYJ,RUS,AS4,,,,,,,,,0.5838883891112128,2,-0.7003777378799431,-3.878362803935511,0.0,-1.997600326392382,3.912023005428146,6.882437470997847,0.0,5.991464547107982,9.064204880368637
PZB,ZAF,AF2,-0.003963342115804783,-0.020125149015789948,0.01616180689998515,-0.0011493200946661839,-0.0008243363410150447,-0.005933939953071481,-0.003963342115804783,,,0,-0.45945458724985827,-0.20468435927001488,0.0,-1.79949850084511,3.374472392425016,6.095824562432225,0.0,10.724346097163354,8.681252452011616
PZE,GBR,EU1,,,,,,,,,0.593583646227883,1,-0.7596664458723125,0.5416514541090104,0.6931471805599453,-0.7375524705350359,3.258096538021482,3.8977099233406785,0.0,11.403646169805066,10.711795251008132
PZH,PAK,AS1,,,,,,,,,0.5406730245119371,1,-0.6112604656233115,-3.6836575101327846,0.6931471805599453,-1.6769253998887996,3.784189633918261,5.736572297479192,0.0,7.367708572374371,7.14310852796464
PZO,VEN,LA3,0.047590456289927495,0.05471073296608873,-0.00712027667616124,-0.0009700631221266679,0.002061339480671481,0.048140565151632564,0.0469645887995863,,0.5638418856640152,1,-0.4481037563853817,0.08095022337213725,1.6094379124341003,-1.7028981411932187,4.63512440099487,6.200634298607845,0.0,13.00056403718357,8.41113221940897
PZU,SDN,AF1,-0.03388936078145806,-0.02561169484977029,-0.008277665931687765,-0.00039716457891113624,-0.0017390850510954944,-0.03654651478130708,-0.007736388148312824,-0.12235453161608716,0.575769659449206,1,-0.43548688993758533,0.059707639989804565,1.3862943611198906,-2.060855490126442,4.646001323323693,6.536094091247888,0.20157987126974838,10.909399585915317,
QBC,CAN,NA1,-0.004310695322445038,-0.004310695322445033,-4.222333882513683e-18,0.02613079499977323,-0.011250223249777657,0.016093346094527967,-0.004310695322445038,,0.5676055372986122,1,-0.457085154777473,-0.1665817907839996,0.6931471805599453,-1.363538682087763,2.9444389791664403,5.037162048429685,0.0,9.017483513266844,10.64796624715158
QRO,MEX,LA2,-0.046575870659267,-0.04102811553334904,-0.005547755125917956,0.034450670098362696,-0.009374499406040779,-0.023477898836133854,-0.0690003857756501,0.0017404383113000645,0.6605275176836847,2,-0.36196196057510516,0.36230991594024164,2.3978952727983707,-1.7230280798956332,3.89048262457099,6.149708579439118,0.09579951916515313,12.157417972181445,9.19803449697713
RAB,PNG,SW1,-0.02637735827403976,-0.03254045682574925,0.006163098551709502,0.014999125839629132,-0.0001714856623295413,-0.012151214735038303,-0.028707561797178507,,0.5539459436629894,1,-0.5430986272763962,-0.32612383667062544,2.0794415416798357,-1.9558399949461398,4.099656155853964,6.142307978976197,0.0023649607416516886,12.038458404008445,
RAE,SAU,ME1,-0.026680680450262662,-0.019564148457044704,-0.007116531993217965,0.010087597613179615,-0.005030527691017385,-0.022809645384470924,-0.026680680450262662,,0.6023810099397402,1,-0.43479157291089465,0.25028906898614556,2.0794415416798357,-1.9780719446387118,4.512820447336539,6.567866846885167,0.0,11.79213928275116,9.96160515693424
RAH,SAU,ME1,-0.036232249017830745,-0.018214431774254414,-0.01801781724357635,0.004841251963213772,-0.003338917432569714,-0.034796312395175916,-0.036232249017830745,,,0,-0.4471216031782656,0.1757845875526415,1.9459101490553132,-1.8975655650182506,4.4120274037584295,6.289251738136683,0.0,10.778497851489867,9.96160515693424
RAI,CPV,AF3,0.011206685487830602,0.009878766803243271,0.0013279186845873308,0.0066047203553720275,-0.004086718408243078,0.013435457010645848,0.0018293305265196852,0.01921238897321516,,0,-0.1868043314132059,0.8396067287608315,2.8903717578961645,-2.370653419971558,4.418878690439399,7.212893897740465,0.49536266102592685,12.573666263207919,8.025179844747967
RAJ,IND,AS1,-0.03924391730416706,-0.042452537464088023,0.003208620159920964,-0.010886578819331114,0.003924303409028551,-0.04462811622905963,-0.03924391730416706,,,0,-0.40178355385770137,0.7482296813145133,0.0,-2.1203604442309696,4.739744528703088,6.035481432524756,0.0,11.960849626885585,6.97470991159236
RAK,MAR,AF1,-0.0012372669116052948,-0.001973933572156061,0.0007366666605507665,0.00358893944799252,-0.0032461184485460927,-0.0009838254821611546,-0.018858757904449852,0.002252970381428982,0.5900570164101193,1,-0.049122013175408104,1.912125087599227,3.7376696182833684,-2.5842147421135486,5.055410028846582,7.3902304977839295,0.811775489978024,14.647332568467597,7.84016154894035
RAO,BRA,LA4,0.030383608707892258,0.036625340672079024,-0.006241731964186785,0.00783318911565232,-0.004943687814216802,0.03219167880546603,0.030383608707892258,,0.5723935244880616,2,-0.3466260543164498,-0.5463964885941474,2.772588722239781,-1.9246281087991282,4.465221574328488,5.8002591215696615,0.0,12.772434200956797,8.987603389267655
RAP,USA,NA1,0.010545796987037266,0.002184858208213197,0.008360938778824056,-0.0006694709752741875,-0.005595901452309334,0.004524357435170547,0.01053111417517392,,0.7581634924496136,3,0.015659420089616762,0.042519385591122116,4.174387269895637,-1.98218664466233,4.05728432475149,6.617853348898081,0.0,12.765428399659736,10.894689012037176
RAR,COK,SW1,-0.009087985364190067,-0.009119707593863595,3.172222967352898e-05,0.0011811233660191376,-0.0010623462721619315,-0.00893960955908058,-0.008174150777818481,-0.009008240879690417,0.563801116878144,1,-0.22279423249683264,0.06728186032941598,2.302585092994046,-2.524157665390432,4.226972110483385,7.805191434529163,0.7474169495545443,12.21788757357471,
RAS,IRN,ME1,0.019445568033345628,0.02503027696167323,-0.005584708928327601,0.01585917368793005,-0.005646232647315924,0.028511036849104526,0.01789730441548124,,0.6012713285885433,1,-0.4956456313906437,0.31284971020062274,1.0986122886681098,-1.806967092522505,4.576436820084086,5.957707129561901,0.0,11.7610659728014,8.533994841936796
RBA,MAR,AF1,0.019217709914856197,0.01995948235248155,-0.0007417724376253478,-0.012212867578629348,-0.006650531468300545,0.0007658298928965113,,0.01241450153580679,0.5933134735261125,2,-0.3344995929300386,0.7755949062495007,1.3862943611198906,-2.5969864801052696,4.953750700525747,7.512704135003238,1.0,12.094995822876239,7.84016154894035
RBQ,BOL,LA3,0.041120236313679434,0.025426948580504257,0.015693287733175184,-0.0046348320002447,0.008662439661553344,0.04396520531970296,0.041120236313679434,,,0,-0.6521027973274022,1.9928846068702606,0.6931471805599453,-1.3725353270530656,2.822992671605485,5.516661904742462,0.0,10.0462883511678,7.733432810667066
RBR,BRA,LA4,0.02250391533683338,0.015238536962400991,0.007265378374432406,-0.009434123311863872,-0.002494517526295488,0.010620300947204531,0.02307463724075695,,0.5598538387894287,1,-0.4032179647980746,0.6624176366097967,2.0794415416798357,-2.589536359480098,4.962875056223399,7.3891809869874265,0.0,12.1919889340167,8.987603389267655
RBY,USA,NA1,0.010282001557159675,0.007104720686398203,0.0031772808707614714,-0.00661846338243214,0.008183779584430492,0.01223427474190748,0.010282001557159675,,,0,-0.5322273005986556,0.03159551937721128,1.9459101490553132,-2.010279427916395,2.0888055202799354,5.472913502499423,0.0,9.731809155840653,10.894689012037176
RCB,ZAF,AF2,0.03419203896348405,0.060517320046155135,-0.026325281082671077,3.2415080696782315e-17,0.013363447406641145,0.048406321543332104,0.03419203896348405,,0.5829655115410853,1,-0.4542658985041991,-0.1350891430179277,0.0,-2.0256082880784407,3.912023005428146,6.16541785423142,0.0,10.958670283276902,8.681252452011616
RCH,COL,LA3,0.01022578148393618,0.010389796748504253,-0.00016401526456804753,-4.0561310378310286e-05,-0.0015658887346886236,0.008567326129576773,0.00771281590183339,,0.6931676270898636,3,-0.5310550911611938,-0.5179599813028459,0.6931471805599453,-2.1216728675958634,4.605170185988092,6.52392588396696,0.0,10.654903641220049,8.506587672816924
RCL,VUT,SW1,,,,,,,,,0.6497394743689917,2,-0.7008578927869951,-2.0986729036077234,1.3862943611198906,-1.3755589563373325,2.217591880160653,4.190387611242079,0.0,6.206575926724928,7.934420995814924
RCM,AUS,SW1,0.0006140565114930561,0.000887136735961071,-0.0002730802244680152,0.016415380386931057,-0.010881780238972676,0.005337025357482853,0.0006140565114930561,,0.5672056252663481,1,-0.6940349434489796,-0.2649618544659726,1.3862943611198906,-0.7647333417582021,2.8903717578961645,4.8602085910698385,0.0,8.636574948436317,10.871826484872283
RCU,ARG,LA4,,,,,,,,,0.5367440591749477,1,,,,,,,,,9.45812987103844
RDD,USA,NA1,-0.04762662670546916,-0.006798177553740594,-0.04082844915172857,-0.0021546137856511324,-0.00993794405655192,-0.054864661592906636,-0.04762662670546916,,0.574379799954504,1,-0.3203474098714003,-0.022079950496427057,1.9459101490553132,-1.8917865615478973,3.904648944975431,5.9686468190020765,0.0,11.986123985112483,10.894689012037176
RDG,USA,NA1,,,,,,,,,0.5694059617772557,2,,,,,,,,,10.894689012037176
RDM,USA,NA1,0.003053690414624311,-0.005204442079938912,0.008258132494563223,-0.006719998785304749,0.005197229654576346,0.0009549226847066312,0.003053690414624311,,0.78664877304458,3,-0.24232184415590757,0.44859920762986477,2.995732273553991,-1.8887357293181757,3.7749804522261896,6.263428921221644,0.0,12.786137910333006,10.894689012037176
RDU,USA,NA1,-0.017032877154640316,-0.015724327185404688,-0.0013085499692356256,-0.006819724275226413,0.0005439869325948655,-0.02300667680435218,-0.017073256536375866,-0.01504969952450199,0.5808654249599066,1,0.5174301028024186,0.18340309376138242,5.081404364984463,-2.1684801722002014,4.422873799105125,6.87692588737716,0.02033778346785918,15.77539574258233,10.894689012037176
RDV,USA,NA1,-0.03012596561017978,-0.047047942912402316,0.010413395542406492,-0.007131825900823744,-0.004847351230991574,-0.04881698451725582,-0.03012596561017978,,,0,-0.6630640116603796,0.2844903449294916,1.3862943611198906,0.36710035959046444,1.6057694656613477,2.8903717578961645,0.0,8.65067458279072,10.894689012037176
RDZ,FRA,EU1,0.028642186801761383,0.032584825955846344,-0.003942639154084977,0.0021842620045807093,-0.0054866730960711554,0.02649091751030343,,,0.62142044848566,2,-0.4450629044740781,0.49404456690341775,1.3862943611198906,-2.192316001003918,4.1123064538034,6.339982708921859,0.35922549963199907,11.725137484210757,10.500183536717612
REC,BRA,LA4,0.02628443696672365,0.014770744138096632,0.011513692828627003,0.0006486462914576106,-0.007835683169674496,0.01895860535176539,0.027373464304132077,0.01040940768902163,0.6677545488808861,3,-0.014675522585238902,-0.07864463925219485,3.4965075614664802,-2.4385277992608496,4.938254147341095,7.188181128497957,0.03168791223239644,14.86623917147761,8.987603389267655
REG,ITA,EU1,0.001425193788243255,-0.008844745388861696,0.010269939177104946,0.0003403603544620429,-0.006924558768517066,-0.005783920483202207,0.0003173127607000506,,0.6163242941838132,2,-0.3064451395263334,0.16346710067123799,2.3978952727983707,-2.1755153521448256,4.809348336642595,6.612318211075474,0.07787186033619875,13.14669690113977,10.438808040299792
REL,ARG,LA4,0.010666165658268459,0.04080720193388407,-0.030141036275615606,-0.00796637763652534,0.007893382893818534,0.010999019413299888,0.010500321693326443,,0.587305375169509,2,-0.4941180772756114,-0.5241009585383616,2.3978952727983707,-2.2523373023727444,4.856127198323856,7.013278602898061,0.0,12.298619921118297,9.45812987103844
REN,RUS,EU2,-0.013838104936861828,-0.023625789231375368,0.009787684294513547,0.0048167811903587505,-0.0021266771856011963,-0.011270835652707615,-0.02475522623219252,0.04826204581686728,0.627311438472768,2,-0.37527200199924665,0.24388123046449842,2.6390573296152584,-2.05927726421293,4.7044453727038205,7.202889072128086,0.19750764166470727,12.205527496963692,9.064204880368637
REP,KHM,AS3,-0.0023480265471368415,-0.0018603358279104525,-0.00048769071922638715,-0.004015249618570195,0.0013404716216072427,-0.004788134680873541,-0.01214651937753615,-0.00254240784187058,,0,-0.1271855421188535,2.1599099397026618,3.091042453358316,-2.3389444488455684,4.746062816284212,6.716139380224452,0.7160093721489591,14.184892425899356,6.937538498960448
RES,ARG,LA4,0.020167181853264403,0.02492746273650858,-0.004760280883244164,-0.005893294798158793,0.002525878507988426,0.017212790913122784,0.025307031781692357,,0.5586750861461718,2,-0.6532619737036008,-0.6819406085831152,1.3862943611198906,-2.2099316322113247,4.813035310620976,6.638934568084262,0.045932037596223364,11.163921027335716,9.45812987103844
RET,NOR,EU1,0.0049532468947247905,-0.0023961268767682875,0.007349373771493085,-0.012479641965115073,0.04130115163818734,0.036583747359902385,0.0049532468947247905,,0.5669743209380935,1,-0.7509545062210862,-0.669668728845884,0.0,-1.5548061242375615,2.9444389791664403,4.605170185988092,0.0,9.38378935026654,11.24000991778092
REU,ESP,EU1,0.02058634115233382,0.019567686793215494,0.001018654359118326,-0.013320473967458705,0.0031789457295922463,0.01097895895319505,,0.008593594925916059,,0,-0.2644792054298658,2.7818977734543613,2.833213344056216,-2.6990744023894533,5.212195369888878,7.1497293224783505,0.9794825876023265,13.15810496850201,10.216062049970796
REX,MEX,LA2,0.022001824064930862,0.03443604771079681,-0.012434223645865944,-0.0009953438976525663,0.002745449705429914,0.023872403765674774,0.022001824064930862,,0.5967105634356593,1,-0.39096033494574883,1.7181071773877237,2.302585092994046,-2.030867179359671,4.3767116599125355,6.528963591558274,0.0,12.11083296324084,9.19803449697713
RFD,USA,NA1,0.051862637719994636,-0.04014768416610891,0.0903929199720848,0.019203399700125617,-0.08309033745529494,-0.013999113461795686,0.04543357057511904,,0.5987018025158664,2,-0.3945392252585279,0.11539693837106225,1.9459101490553132,-1.8059999510326215,4.147227271644822,7.470816676656258,0.0,11.735044491638249,10.894689012037176
RFP,PYF,SW1,-0.0019910065851774005,-0.0023257564313253036,0.0003347498461479034,0.0022775513055076305,-0.001478674129158657,-0.001284774734483685,-0.0019910065851774005,,,0,-0.5079062506645793,0.40415655393446165,2.0794415416798357,-1.4484907081614058,4.123492069890769,4.906923067795786,0.0,12.05585422423052,9.982692936106211
RFS,NIC,LA2,,,,,,,,,,0,,,,,,,,,7.440268694941515
RGA,ARG,LA4,-0.019180459614440058,0.01751532558027259,-0.03669578519471265,-0.029113140295764,0.006301096983205651,-0.041520720392368725,-0.019180459614440058,,0.6375094320330946,3,-0.5522482439870672,-1.9881343087930383,1.0986122886681098,-2.334173119798159,4.215664741536042,7.574584636722685,0.0,10.993311335171159,9.45812987103844
RGI,PYF,SW1,-0.003480829949443335,-0.006186887325575627,0.002706057376132295,-0.0015734500858261308,0.0006775510457681869,-0.004034687532539003,-0.003480829949443335,,,0,-0.4853885732751409,0.40532789459161056,2.5649493574615367,-1.8832315320435808,4.061844222543617,5.595374359040458,0.0,11.399431966082213,9.982692936106211
RGL,ARG,LA4,0.020680832851827285,0.03484569866353013,-0.014164865811702843,0.0026559413288729282,1.4208274350005316e-05,0.023375583879655725,0.02097227262948112,0.003586231080614569,0.6547539763914373,3,-0.3876071457084706,-1.1497169004554382,2.5649493574615367,-2.129600789571672,4.3586511487966595,6.971092385847949,0.02105796001012402,12.088386480181711,9.45812987103844
RGN,MMR,AS3,-0.024745360159809625,-0.04065414884367023,0.01590878868386061,0.009087451168721289,-0.00799670927331597,-0.023773291106887223,-0.08018245164954517,-0.00866796088697024,0.5640501300386485,1,-0.007071903703748365,0.7451345452554345,3.4965075614664802,-2.2720899631119016,4.575223136802131,6.845892475671392,0.5824637259385523,14.131066275713795,
RHI,USA,NA1,0.0064858752167721535,-0.000847712656437826,0.007333587873209977,-0.009155888682294253,0.00919734087021372,0.007582657482510793,0.0064858752167721535,,0.5446848935247146,1,-0.4283139244751091,-0.12651580301113582,2.302585092994046,-1.5050509781184427,3.302478148000519,5.508757818528466,0.0,11.429587333346895,10.894689012037176
RHO,GRC,EU1,-0.009738310727424718,-0.0019206184026694583,-0.007817692324755262,-0.0008123194895669765,0.0005964964557256987,-0.01017446726107247,-0.010671099196496047,,,0,0.040029953156324675,1.070005326800321,4.204692619390966,-2.552780170556081,4.8211666466078205,7.107017040990356,0.43310170665293707,13.913736482849496,10.08471240855404
RIA,BRA,LA4,0.07909019892972968,0.10926319979193005,-0.030173000862200375,-0.0001034567765266524,0.008395761565149455,0.0858846399935917,0.07909019892972968,,0.5309401097390688,1,-0.6891652010196664,-1.7030848645780787,1.3862943611198906,-1.6726249591976314,3.044522437723423,5.483048299165304,0.0,8.697011617992073,8.987603389267655
RIB,BOL,LA3,0.028918809369183642,0.07464687239982343,-0.04572806303063978,0.027980626272007113,-0.019927430055252698,0.0390469277183963,0.028918809369183642,,0.5756366348864612,2,-0.8213938704279824,-1.2046780630827452,0.6931471805599453,-1.2878170026143674,2.9241634479189456,5.4602244794294235,0.0,9.486607541612665,7.733432810667066
RIC,USA,NA1,-0.007535206959743879,-0.00683095857714648,-0.0007042483825973949,0.0006894366350154351,0.00031368889004363407,-0.006626308105714916,-0.00811117304789381,,0.6307291700161155,2,0.35593122184381903,-0.13051601686325837,4.962844630259907,-2.0722973877259507,4.265136709835357,6.607649371847901,0.0,14.72500625579651,10.894689012037176
RIS,JPN,AS4,,,,,,,,,0.599260583731438,1,-0.5795544409153164,2.468587921598859,0.0,-1.7318016384762465,4.659255098388919,5.605802066295998,0.0,10.536990880168558,10.433822702828955
RIW,USA,NA1,0.04284913841398565,0.030166686288859525,0.012682452125126125,0.0032836982453277163,-0.005148090564787209,0.04374105005368793,0.04284913841398565,,0.5834106735547846,1,-0.45969393223429333,-0.3140553081738654,0.0,-1.833289758354405,3.120895416507997,6.163314804034641,0.0,10.14376350259064,10.894689012037176
RIX,LVA,EU2,0.008414213191927979,0.009537681386824742,-0.0011234681948967598,-0.004875706152227183,0.0019866020832928965,0.005702046715899471,,0.008470089321562617,0.612929848154387,1,0.11930582144345518,1.3330810369636152,4.23410650459726,-2.4313026550805463,4.693575183619129,7.109825670949182,0.9928382468241547,14.659286079335388,9.457984591626824
RIY,YEM,ME1,,,,,,,,,0.5987406766927879,1,-0.3714836088920013,0.011002006681788605,1.9459101490553132,-2.2122347446492987,5.094121697903038,6.544320659494192,0.21227528599963683,11.704817742620797,7.7123323607144
RJH,BGD,AS1,,,,,,,,,,0,-0.5745907322115952,-1.2312196967214042,0.6931471805599453,-1.2340127338009035,4.442651256490317,5.088758658220768,0.0,8.676757761087575,6.715999232982851
RKD,USA,NA1,-0.032300669360312326,-0.010945297726762532,-0.021355371633549784,0.012782778687058134,-0.004076396164713815,-0.024195998844199963,-0.032300669360312326,,,0,-0.4401199254531227,-0.10693585074225237,1.0986122886681098,-1.3411507301808037,2.9444389791664403,4.9854198220566435,0.0,10.375146061712408,10.894689012037176
RKS,USA,NA1,0.05500054822133037,0.07277875999414093,-0.01777821177281052,-0.013450132034441332,-0.01039173575252652,0.03894234788023347,0.05500054822133037,,0.5844583204506837,1,-0.4524122864214153,0.6030661222260575,0.0,-1.7704091447309336,3.0898542961054827,6.035481432524756,0.0,10.495957677342497,10.894689012037176
RKT,ARE,ME1,-0.12177697711574718,-0.12803103620674694,0.006254059090999748,0.032350160832863746,-0.010774512277580748,-0.10072703001734948,,-0.12014904140923287,0.5970363109748957,2,-0.2312616119225566,0.2626009318972042,2.833213344056216,-2.6605177954591333,5.305390913774036,7.86312335505882,1.0,11.38303315712307,10.859741336515528
RKV,ISL,EU1,0.005777056677673173,-0.0031190696079187175,0.008896126285591891,-0.002627764276736177,-0.011010729153583806,-0.007048177504263049,0.007246413354198941,-0.004078981888399478,0.6195111291435604,2,-0.5890322638834862,0.2883804782479935,2.1972245773362196,-1.81685548627494,3.897130947169954,5.797348513389695,0.10665761674985477,12.72898888236786,10.923369718717666
RLG,DEU,EU1,-0.014078777329911038,-0.06891582136681322,0.05483704403690218,-0.019465190295637418,-0.010141777022173216,-0.04364735572162004,0.0035402835935157053,,0.6108262343299142,1,-0.24676442778609944,1.4878119122649263,2.9444389791664403,-2.614883893594795,4.497553458233776,7.101038303410385,0.4444397751746599,11.463577645339889,10.56082813498111
RMA,AUS,SW1,0.07222229581006345,0.0322371345043926,0.03998516130567082,0.005204602268772085,-0.043175053920505246,0.0343872877695334,0.07222229581006345,,0.5619092324806537,1,-0.5321356660841127,0.5575389998445359,1.0986122886681098,-1.3217338199035222,3.208891349982221,5.893379842203331,0.0,10.639598432528189,10.871826484872283
RMI,ITA,EU1,0.03703547225387597,-0.0021173698838763333,0.03915284213775232,0.02740313740634119,-0.017921870605283677,0.04561277745181026,,0.06471751585640216,0.5942889019832018,1,-0.22855236825461275,3.456663209923076,3.044522437723423,-2.4030083822974855,4.460412132582887,6.732002709387184,0.8337847200352712,11.975211893071558,10.438808040299792
RNB,SWE,EU1,0.021239930546108524,0.034623330088557315,-0.013383399542448802,0.0076401971124286224,-0.002307081478929269,0.026993703053535968,0.01963959643081132,,0.581982126988261,2,-0.45588611524415623,-0.6663073274056374,0.6931471805599453,-1.8739139663598547,4.380831459385164,5.995715494596324,0.0,11.785110577422433,10.804911375886864
RNI,NIC,LA2,,,,,,,,,0.5617895057935899,1,-0.6198195538257701,-3.051145886914562,0.0,-1.326472328207707,3.044522437723423,4.605170185988092,0.0,7.6984827878809465,7.440268694941515
RNJ,JPN,AS4,,,,,,,,,0.5871355470531561,2,,,,,,,,,10.433822702828955
RNN,DNK,EU1,0.02770256508355016,0.029759175582437396,-0.0020566104988872327,-0.014356086090209831,0.005366955023866968,0.020488894776666933,-0.012821744457637016,,0.5639397409016322,1,-0.4206619386137136,0.09394683135554653,1.3862943611198906,-1.368789885176924,4.023955332361267,5.031167382227902,0.008182584941525989,11.975866714215455,10.898847789083996
RNO,USA,NA1,-0.019781902165764788,-0.016113543410754196,-0.0036683587550105975,-0.0035366927765523412,0.003976152596588501,-0.019285900708360296,-0.01918746098577651,,0.5895116267974716,1,0.29825264436442933,-0.31934554231567763,4.6913478822291435,-2.3053437438704587,4.790293364681815,6.780384063156928,0.0,15.119244711832797,10.894689012037176
RNS,FRA,EU1,-0.010725469035263386,-0.013819174202654837,0.003093705167391457,-0.0034959030976205886,-0.0020498418462889904,-0.016614866224458694,-0.0075288158053866735,-0.020096133389947285,0.5903356198513923,2,-0.2609961035368486,0.21074441694162435,2.772588722239781,-1.953650032368776,4.132881430346126,6.2571386557312465,0.0973971358401274,13.190070622828134,10.500183536717612
ROA,USA,NA1,-0.007882477413900489,-0.007506266539927013,-0.0003762108739734796,0.0008726662107076636,-0.0009071845555344654,-0.007998497375452957,-0.007882477413900489,,0.6110830113641192,2,-0.008684718417660787,-0.28429782841919604,4.1588830833596715,-1.7242310536152743,3.8484047682081375,6.2543827655724105,0.0,13.296422561275568,10.894689012037176
ROC,USA,NA1,-0.008197954164296918,-0.005458002101422315,-0.0027399520628746043,-0.00016022983390521703,-0.0011003660892393245,-0.009260904424169922,-0.007920478292785964,-0.0429267641099183,0.6201127481459912,2,0.2895063395576325,-0.3869787004268971,4.844187086458591,-2.0262648838703132,4.225688683894548,6.57080020781626,0.005539638229825635,14.566753518454828,10.894689012037176
ROK,AUS,SW1,0.027818556066485745,-0.005548472000107791,0.03336702806659354,0.0040895944795223856,-0.028410150047068955,0.0032927999476972006,0.027818556066485745,,0.564858479011356,2,-0.35163469530550573,0.0957487735771927,1.9459101490553132,-1.7839137198834107,3.9538178296165962,6.191370532493664,0.0,13.084790266209206,10.871826484872283
ROP,MNP,SW1,-0.02896006680989062,-0.05524688636213293,0.026286819552242314,0.03787469716526494,-0.02198195399893957,-0.011332388499464826,-0.03720403722816536,,,0,-0.5467298689919079,-1.003712691596389,0.6931471805599453,-1.1914894348945457,3.1887990060282014,4.6540506780970965,0.4996047974157187,10.971606268867896,9.909355489147975
ROR,PLW,SW1,-0.00815087706346684,-0.009995602406907788,0.0018447253434409573,-0.0003310693824659178,-0.00555620260235397,-0.013970288109649726,,-0.00815087706346684,0.645797156939093,2,-0.3136497379059541,0.1146152978925004,2.0794415416798357,-2.4319822295051043,4.995722027703829,7.543697673632159,1.0,12.146423485296355,9.58812456594742
ROS,ARG,LA4,-0.061353746723295105,-0.027816604846200167,-0.03353714187709493,0.02926883019356679,-0.01992641662483901,-0.05390025734247924,-0.09422173189934306,0.02643976866302642,0.5620112122836081,2,-0.3965399493628078,-0.16304928702136737,1.9459101490553132,-2.155987010321586,4.915933656631896,6.170200407795086,0.2165766346851568,11.728278750809375,9.45812987103844
ROT,NZL,SW1,-0.014882913969668985,0.002161445387933505,-0.01704435935760249,0.021889233192645255,-0.012348025441587529,-0.007580190706413635,-0.021202398866828755,,0.550544395540501,1,-0.4527158808051521,-0.1566502155026117,1.6094379124341003,-2.1400382895212307,3.919023321562434,6.265392412837999,0.0,12.441204054489711,10.502717308818164
ROV,RUS,EU2,0.009804684902942368,0.014291663368901864,-0.004486978465959489,-0.0048096971496191,-0.004656236999768755,0.00053242330270368,-0.002698453736275422,0.05046113606663113,0.6257831215176046,2,-0.0751986229308228,0.3040953402624116,3.6888794541139363,-2.1236907734677555,4.7930323860313715,7.3040737405985965,0.21717057401418338,13.487199527914967,9.064204880368637
ROW,USA,NA1,0.019185105795652673,-0.004635762029653562,0.02382086782530624,0.04535227171649084,-0.01872833430701063,0.04686803587134483,0.019185105795652673,,0.5610810837744449,2,-0.4457311386349347,-0.9164292456218659,1.3862943611198906,-1.8505507546769449,3.221302163452393,6.007365244391376,0.0,10.313044278547546,10.894689012037176
RPR,IND,AS1,-0.025303881028188126,-0.01833896204223743,-0.006964918985950697,-0.00815532933401953,0.002300259830993291,-0.03084323797814155,-0.025303881028188126,,,0,-0.33843025980207286,1.8293783948502536,2.4849066497880004,-2.3684163900489175,4.84016048050114,6.594648337176893,0.0,12.994373175415369,6.97470991159236
RRG,MUS,AF4,-0.02409044339883791,-0.026715146712982377,0.00262470331414447,-0.0006192051967094341,-0.005369630907857604,-0.03306241508175331,-0.02305509567675066,,,0,-0.5215437671839935,1.0012366119106437,0.0,-2.1680698778103262,4.156232418802124,6.391917113392602,0.0,11.204618827524007,8.882174933634513
RRS,NOR,EU1,0.030536499465229596,0.03362045130465716,-0.0030839518394275515,0.0024884483953021355,-0.011050384718016452,0.02250667379643261,0.023862866378460912,,0.5906394149519123,2,-0.515135055592564,-1.5321294922692243,1.0986122886681098,-1.5152391893538837,3.6728424552041194,5.554816177160348,0.0,9.471935109664646,11.24000991778092
RSA,ARG,LA4,-0.012482529204854109,-0.012360821376995488,-0.0001217078278586346,-0.00928376045252789,-0.0043682605282172925,-0.025820673869213127,-0.012482529204854109,,0.5244913270948597,1,-0.7063336760871507,-1.1755528840196223,0.6931471805599453,-2.0634305640739043,4.78904928218516,6.2447158230977236,0.0,9.723523215315852,9.45812987103844
RSD,BHS,LA1,0.01472877006617155,0.0202422064944852,-0.005513436428313652,0.007749686715409349,-0.007406112430879498,0.013745714369433434,0.01564795252794411,,0.566504502401692,1,-0.5339660107365393,0.09560309360497148,1.6094379124341003,-1.0844326192316793,3.912023005428146,4.677567344029794,0.0,10.322197887394314,10.420772350869472
RSH,USA,NA1,-0.018670066180226076,-0.03396737168960895,0.015297305509382866,0.0038161803165560016,-0.012188649609642662,-0.027576491701278325,-0.018670066180226076,,0.5754509341370037,1,-0.709231697000418,-0.019574383761224456,1.3862943611198906,-1.0778394473616693,1.894116137044683,4.560712337547666,0.0,9.91175329695316,10.894689012037176
RST,USA,NA1,-0.022128170507264545,-0.016154066740577226,-0.005974103766687321,0.025566849581475766,-0.02082833860607174,-0.018469008707680062,-0.022156029087491085,,0.7015796112568179,3,-0.15525645895435705,-0.5947192221224621,3.58351893845611,-1.40049796356108,3.929860834996668,5.848768698713084,0.0,12.568209147969373,10.894689012037176
RSU,KOR,AS4,0.008602563988645045,0.003594179966350001,0.005008384022295042,0.0020108565986853453,-0.0037303546139170448,0.006772615974625416,0.008602563988645045,,0.5422898153008658,1,-0.4330372953799749,-0.05935639682729063,0.6931471805599453,-1.9785784788714724,5.018289218649014,5.75948960800266,0.0,13.066438320314216,10.102000858470229
RSW,USA,NA1,-0.011552600109097888,-0.007967741218637851,-0.003584858890460039,0.0008702839796143108,0.0029151374817824264,-0.0077909174642846885,-0.01120490867178903,-0.02089073872565473,0.6247603850954537,2,0.3193477791672386,0.29526768756480104,4.6913478822291435,-2.484134114047017,4.859931490727993,7.35443264666971,0.02647965051841726,15.419227738168699,10.894689012037176
RTB,HND,LA2,0.008080998243104456,0.013105448214757776,-0.005024449971653319,-0.006389354688665506,0.014320226099948274,0.016361902207029856,0.01204981676765361,-0.0044970817737648204,0.5998593363181183,1,-0.2668008710110482,-0.008205185565792923,2.3978952727983707,-2.240208119242726,3.703489850321454,6.417643939581947,0.40360492297293493,12.086923051558166,7.6658449958021375
RTM,NLD,EU1,-0.003427635784470095,-0.0017310126585884445,-0.0016966231258816514,-0.0013404126311953363,0.004505426631420599,-0.00019316809999492365,,-0.004438590752481206,0.5691695099719309,1,-0.23367404795260785,0.6507482556345798,2.9444389791664403,-2.466050440471159,4.543400120127418,6.779159154363675,1.0,13.489123692582817,10.724269588094538
RTW,RUS,EU2,0.017658546053309587,0.030829317072978642,-0.013170771019669049,0.0008186108251259463,0.0006583011128978735,0.018858679491087434,0.01668715218810886,,0.6469830185384422,2,-0.3078079479519401,0.4370074737527218,2.0794415416798357,-1.8938416850543223,4.594737576695207,6.6420078048541455,0.09026498954399326,11.761003550828846,9.064204880368637
RUH,SAU,ME1,-0.0023405386346373987,-0.00028323034581695535,-0.0020573082888204423,0.0009415769110689195,0.0023996980892856544,0.0009337717336109705,-0.009176242158334182,0.005990004708799086,0.5909748892507034,1,0.28386143792633095,0.21253636978526036,4.3694478524670215,-2.0857575691748447,5.166428981884834,7.34272487964133,0.4147430429238986,15.943529384013388,9.96160515693424
RUI,USA,NA1,,,,,,,,,,0,,,,,,,,,10.894689012037176
RUN,REU,AF4,0.005780078868966462,0.002393076803378833,0.0033870020655876283,0.0020344504374322134,-0.003289723022550147,0.004487329811774007,,0.0057433093622080685,0.7281910027336714,3,-0.1111173633451395,0.2650837346287091,3.091042453358316,-2.4536521035333037,5.203855165311307,8.4779001250277,0.9796794921328154,13.811985351719647,
RUR,PYF,SW1,0.014003395801170151,0.015576341392302564,-0.001572945591132409,0.0045553708112625255,-0.0008392499619044767,0.017443489290022526,0.014003395801170151,,,0,-0.5518461089848687,0.4777470921287817,1.3862943611198906,-2.071637754065052,4.173718149763613,5.921287670316144,0.0,9.794119015480764,9.982692936106211
RUT,USA,NA1,-0.005109961487965341,0.029025704595612108,-0.034135666083577446,-0.0002958965759400515,-0.0017603603603349438,-0.008074818723377335,-0.005109961487965341,,,0,-0.44738260688020653,-0.783688121082212,1.0986122886681098,-1.462497296619121,2.7959526168473308,5.318119993844216,0.0,9.344171719609703,10.894689012037176
RVE,COL,LA3,-0.057994711570982724,-0.05260487139596937,-0.005389840175013367,-0.0054689175057536996,0.002873378055173513,-0.059656103323346144,-0.057994711570982724,,,0,-0.5428518763561452,-0.8888475245775517,0.6931471805599453,-1.5345582382157998,3.4657359027997265,5.5053315359323625,0.0,9.21512888870798,8.506587672816924
RVK,NOR,EU1,0.0042580143172772505,0.004521020073751219,-0.0002630057564739672,0.0024189917422738592,-0.0014323079469170607,0.00512086317288428,0.0042580143172772505,,0.6509652824500611,2,-0.5881100428091417,-0.29428079055584205,1.6094379124341003,-1.1742189548363682,3.6635616461296463,4.7966619744763435,0.0,10.724896013040084,11.24000991778092
RVN,FIN,EU1,-0.030165135563008746,-0.028917489513932977,-0.0012476460490757665,0.0003897650274913686,-0.0039399050452763465,-0.03363210963869926,-0.02928881275688332,,,0,-0.2473213757360857,-0.015288724191389347,2.772588722239781,-2.2261828791673453,4.8359265287775255,6.634311826327088,0.042984476783529395,12.586541261547934,10.741031351305583
RXS,PHL,AS3,0.009001099165526426,0.0016842229792038716,0.007316876186322549,-0.00280978952783208,-0.004991183441163935,0.0014901062037759307,0.009001099165526426,,,0,-0.4507202876944073,0.4427550363536373,0.0,-2.1026273785473033,4.939367108772169,5.942799375126701,0.0,11.288506100151967,7.700452054329457
RYK,PAK,AS1,0.008827109249488665,-0.018278148670025307,0.027105257919513973,-0.0010636817739764362,-0.0008054069311192716,0.006883917353634078,0.013728258394653674,,0.5755293008365783,1,-0.4661953621775992,-0.10421397755576321,1.6094379124341003,-2.0822305622567145,4.204061770878824,6.197752681817091,0.0,10.663966225256358,7.14310852796464
SAB,BES,LA1,0.002027360076744546,0.001980196154951946,4.7163921792600125e-05,-0.011441874366559442,0.018076152537198728,0.00796922696186348,,,0.5636758415786599,1,-0.5607053298618461,-0.30116576135155526,0.6931471805599453,-1.0011040284809751,2.9444389791664403,3.9799518449490656,0.0,10.458148227006145,
SAF,USA,NA1,,,,,,,,,,0,-0.4516644180104832,0.05619135124067448,1.791759469228055,-1.7824964423352392,2.8183982582710754,6.044063869305803,0.0,10.033638237001172,10.894689012037176
SAH,YEM,ME1,,0.13815343286174553,,,,0.0999492621170513,,,,0,-0.023478031111262468,0.7160504799527844,3.58351893845611,-2.3621752625312498,5.181269752657731,7.319322584611867,0.797560259599967,14.076214213614618,7.7123323607144
SAK,ISL,EU1,,,,,,,,,0.5985857827132328,2,,,,,,,,,10.923369718717666
SAL,SLV,LA2,0.00173513027994743,0.014462030378205929,-0.012726900098258491,-0.0022821903909256763,0.0017702903689905038,0.0012612938170717982,,0.00173513027994743,,0,-0.0383425751497276,-0.26581038828473885,3.4657359027997265,-2.5584823510088017,4.991805406921072,7.478372312119706,1.0,14.531089749097676,8.119446907115272
SAN,USA,NA1,-0.013021721047711807,-0.01277548229877331,-0.0002462387489384927,-0.0013681973468643248,-0.0004060876495208398,-0.014703839616939815,-0.01326427764600292,-0.0004599442165161647,0.6157842951681904,2,0.5708632143786236,-0.08504586190608325,4.90527477843843,-2.435282001562995,4.782133432298986,7.3704434389579045,0.015850146194209512,16.328280884760115,10.894689012037176
SAP,HND,LA2,-0.012003327365402237,-0.0024617436889583025,-0.009541583676443935,-0.004194600015720003,7.462124537757701e-05,-0.015826543599046016,-0.0016598850954520424,-0.015317365901721442,,0,-0.17144093980583505,-0.02517690455866633,3.091042453358316,-2.293479715459025,4.38455540166304,6.86621714194494,0.7766008329173714,13.416725587967745,7.6658449958021375
SAQ,BHS,LA1,,,,,,,,,0.5636067316888993,1,-0.5639809618931322,-2.0397586690536467,0.0,-0.8479941633889532,3.647406205907361,4.340885991878362,0.0,9.25320827220336,10.420772350869472
SAT,USA,NA1,-0.0063526686689642144,-0.005760091129541447,-0.0005925775394227671,-0.0012016032572492255,0.001356817658490239,-0.00609197353885001,-0.006299482496516288,-0.008085861470878971,0.6164982019348721,2,0.446208904042593,-0.0922808006414045,4.941642422609304,-2.285424263278636,4.727502055863598,6.94315893031202,0.031338306980962426,15.569530949208701,10.894689012037176
SAV,USA,NA1,-0.016231281130008636,-0.007922504378813446,-0.008308776751195193,-0.0001310474219191504,0.0013173244721259862,-0.015098915574538546,-0.016133527346974215,,0.6000259541330821,1,0.24583262132139164,0.2074436395216628,4.762173934797756,-1.9591126779307888,4.398896578371189,6.452666164572556,0.0,14.13189232586694,10.894689012037176
SAX,PAN,LA2,,,,,,,,,0.5827625447531493,1,-0.7676409405084772,-1.4434817097264099,0.6931471805599453,1.8811004369124387,2.995732273553991,0.6931471805599453,0.0,6.684611727667927,9.159851638232327
SBA,USA,NA1,-0.011578221753328469,0.006269307092751532,-0.017847528846080006,-0.014199064453905529,0.008812507058478063,-0.016062163912035424,-0.011578221753328469,,0.5824227408448976,1,-0.13733920878288902,-0.3615227236612502,3.58351893845611,-1.9135163336824188,3.7128941979800887,6.453267748258478,0.0,13.353001970587401,10.894689012037176
SBH,BLM,LA1,-0.009453219367501273,-0.007718849842644347,-0.0017343695248569222,0.0012253796556599855,0.005322161700954577,-0.0009807326265857549,,0.0023915042219423413,0.5521594833316865,1,-0.48376057091151814,-0.46286637721687474,1.9459101490553132,-1.3954248438991224,2.639254066247024,4.484398880652257,0.6980697116862359,11.9994788877605,
SBK,FRA,EU1,,,,,,,,,0.5571056229256659,1,,,,,,,,,10.500183536717612
SBN,USA,NA1,-0.005742587072453696,-0.007964711053996956,0.00222212398154326,0.002718120476897694,-0.0038614296384505372,-0.00694116744283805,-0.005756363915211721,,0.694958303342417,3,0.009458389781503818,-0.6415275417046217,4.2626798770413155,-1.7664539796915377,3.8693893589051265,6.265939949797281,0.0,13.163795105998977,10.894689012037176
SBP,USA,NA1,-0.029079615100321816,-0.006414598115365294,-0.022665016984956522,-0.009132508000010043,-0.007235223321855118,-0.042308874275806096,-0.029079615100321816,,0.6266969626731065,2,-0.2735611323196269,-0.2738246483583867,2.772588722239781,-1.695594762907443,3.587303101830675,6.087117000939544,0.0,12.48457521496466,10.894689012037176
SBW,MYS,AS3,0.02117715318466831,0.021392920113599365,-0.0002157669289310647,-0.002805885159338572,-0.0007771684109343735,0.01802570464534746,0.021343874720690076,,,0,-0.34957623097423507,0.16837502117505018,2.0794415416798357,-2.338713144010688,4.65835273750571,6.415257305853241,0.0016611917689309482,13.283682587526526,8.957973567306357
SBY,USA,NA1,-0.010031277946450357,-0.0024963443526066988,-0.007534933593843657,0.00509760812799933,0.0005997966542129302,-0.0036540254063372945,-0.010031277946450357,,,0,-0.4037506616407766,-0.43165959174108604,1.0986122886681098,-1.607819544679656,3.688342606435897,5.697680122399083,0.0,11.656662106448614,10.894689012037176
SBZ,ROU,EU2,0.023058571822026107,0.01308535504480021,0.00997321677722589,0.005015762260309529,0.0034443666413578487,0.031044412058560518,0.04433295707529934,0.021387955608467263,0.6582459081810412,2,-0.38383999798084073,1.0730894445720003,1.791759469228055,-2.1287183747214478,3.899565540729573,6.2937945747551165,0.5791831783259199,11.725210272949562,8.92051918100169
SCC,USA,NA1,-0.00531737775498421,-0.03714943129526854,0.03183205354028433,-0.01823478928909362,0.0007895385228968849,-0.021524926578013456,-0.00531737775498421,,0.5759045450914051,1,-0.47113969348698564,1.4194737022221535,1.6094379124341003,-1.234665252408538,3.4289961656013026,6.537135337082168,0.0,11.4796995470716,10.894689012037176
SCE,USA,NA1,-0.0008576573118364368,0.0004304026202057094,-0.001288059932042152,-0.012243910440557955,0.0009821444822081496,-0.011452065463790576,-0.0008576573118364368,,0.6152982084942167,1,-0.17050942951175033,0.1958024698031767,3.5263605246161616,-1.6656060445028475,3.728280046029417,5.920118611212916,0.0,12.312196869488563,10.894689012037176
SCL,CHL,LA4,-0.006500032055566221,-0.0017613020967227624,-0.004738729958843455,-0.005960293932801095,-0.0006163964494081409,-0.012972893522206035,0.0037194762113432513,-0.014415485379634111,0.6320062654575578,2,0.4300946545091511,0.21500303835750478,4.174387269895637,-2.269708820913248,5.031123264565302,7.856380446037946,0.5872544421218272,15.679828489952378,9.310307425489734
SCM,USA,NA1,-0.0010778753079711914,-0.009791608694931073,0.008713733386959882,0.02477921291227264,-0.021180071576753723,0.002487099677161309,-0.0010778753079711914,,0.5801692898549953,1,-0.7376989624166324,-0.35463129677829514,1.0986122886681098,-1.0412702221436245,1.6652148458012892,5.245079080009623,0.0,9.175645402179295,10.894689012037176
SCN,DEU,EU1,0.03267032466555092,0.014590028869234639,0.018080295796316273,-0.05484386090136471,0.01688015169896177,-0.002700855404967903,0.06134803552455406,0.008591507722140703,0.6154645725397379,2,-0.2556205222083863,-0.051992605272776916,3.2188758248682006,-2.1994107927551263,4.01429466267883,6.590331058499284,0.4309878643953701,12.496482244896251,10.56082813498111
SCO,KAZ,AS2,-0.017303563516839388,-0.016633677180879273,-0.0006698863359601124,0.0034766206106285513,-0.0011824703866874647,-0.015200563872713815,-0.015239957142237132,-0.023571202755140908,0.6612336044638389,2,-0.2682236615364576,1.7909814057544207,2.8903717578961645,-2.255352633465728,4.501041028869403,7.096529530113822,0.32773635559640074,12.668960391827218,8.99179572921663
SCQ,ESP,EU1,-0.013034016241892234,-0.016625355235848432,0.003591338993956199,-0.0046793235692138,0.0020557413579072965,-0.015465415513555542,-0.01141305431391446,-0.013990481762842255,0.5865188917402813,2,-0.17108751520536636,-0.20856109014837196,3.1780538303479458,-2.4883337689126415,4.911093177650577,6.786463233281864,0.15082558143036537,14.09939241874988,10.216062049970796
SCT,YEM,ME1,,,,,,,,,,0,-0.5571444682396745,1.5315382157957265,1.0986122886681098,-2.242456053955518,5.0369526024136295,6.284134161070802,0.0,9.690912952571152,7.7123323607144
SCU,CUB,LA1,-0.04057174881402768,-0.039137825905505644,-0.001433922908522046,-0.0066174851003959565,0.013079206511730451,-0.034270499386229246,-0.02723056737140313,-0.10611435787939975,0.5574930717580406,1,-0.2636582805669144,0.10859511477379505,2.1972245773362196,-2.3417839848393034,4.983594088573862,7.304910778498737,0.13948212763824133,11.980275576750401,8.734844252548541
SCV,ROU,EU2,,,,,,,,,0.6128118952824,1,-0.528439500156445,-0.019574960906446705,1.0986122886681098,-1.800226227975373,3.8923211913807454,5.675864143559204,0.0,10.30741815055234,8.92051918100169
SCW,RUS,EU2,0.009414078942435516,0.007659034201880327,0.0017550447405551934,0.0031553920511190893,-0.0016727928354512945,0.011248131059225742,0.0097142798876504,,0.5634815933107927,1,-0.4264612252775213,1.2511712735858385,2.6390573296152584,-1.7984800076913319,4.111052871704892,6.774535543101827,0.0,12.183520241059663,9.064204880368637
SCX,MEX,LA2,,,,,,,,,0.5685594695020206,1,-0.4699606045682814,-0.8646470594250956,0.0,-1.8242744239990374,3.8685778128512993,6.302618975744905,0.0,10.372865986387945,9.19803449697713
SCY,ECU,LA3,-0.007212306851946449,0.0004358885317145612,-0.007648195383661004,-0.00010217227904036808,-0.008100376049967809,-0.015260857073121744,-0.007212306851946449,,,0,-0.5109566389847631,2.3934220457984625,1.0986122886681098,-1.9805459050509995,5.028802598051705,6.993932975223189,0.0,10.91490662950186,8.458568582904595
SDD,AGO,AF2,0.11195311123422133,0.11404292311037595,-0.0020898118761546493,-0.02114908068807472,0.01204465055689588,0.10390511433702795,0.14244454594673855,0.04110438268781777,0.567029585313968,1,-0.5443864642257824,-0.9652560795487564,0.6931471805599453,-2.3597441478999337,4.882340348610948,6.677147807594863,0.46660510926438903,10.165544077348937,8.112636667815755
SDE,ARG,LA4,-0.016164934283462478,-0.03554768276882869,0.019382748485366235,0.00032025830372417984,-0.010870149740212312,-0.026746157774834273,-0.016164934283462478,,0.5506042499786044,1,-0.6793133468729177,-0.12295244613943981,0.6931471805599453,-1.241247864495539,4.874970107276882,4.859812404361672,0.0,10.692081267240086,9.45812987103844
SDF,USA,NA1,-0.008317742917139919,-0.007585452690271781,-0.0007322902268681428,-0.0024562516940876784,-0.00019752987162824213,-0.011053790257514764,-0.008214587918565887,,0.5844848125701527,1,0.37867122722262453,-0.25677203325095527,5.017279836814924,-2.0881278688664757,4.326539903775458,6.640568937235064,0.0,14.816396450126085,10.894689012037176
SDJ,JPN,AS4,-0.008587637070457278,-0.0028465761717685113,-0.005741060898688762,-0.0030667519339433887,-0.0011159884685089268,-0.012493319554705177,-0.0060529084088298615,-0.050071696252306404,0.5624342906680602,1,-0.12954718113370112,0.006060222400090206,2.995732273553991,-2.26311087527583,5.041879034275541,6.653159578682684,0.08564759334326771,14.767554845495543,10.433822702828955
SDK,MYS,AS3,0.007811511251177888,0.012634273125247043,-0.004822761874069154,0.0034444575543740603,-0.0009069004746328224,0.01025055796923087,0.008109581391900449,,,0,-0.3707172683439996,0.4286062063920588,1.791759469228055,-2.4462148085471958,4.7554553932034125,6.619948813864063,0.018830790958604952,13.036419793756785,8.957973567306357
SDL,SWE,EU1,0.015520640637423982,0.040637701954810715,-0.025117061317386717,0.010796353355990421,-0.0003312332593205636,0.026267780829444178,0.013857362217121638,,0.5939795469932494,2,-0.4362371876065973,-0.7291104726678458,1.6094379124341003,-1.8930469261951526,4.294203038947609,5.883488978769149,0.0,12.376296317125991,10.804911375886864
SDN,NOR,EU1,0.0062681431423804,0.0062681431423804446,-4.28235222988158e-17,0.010927757405420941,-0.00706052958632558,0.009499335727903438,0.0062681431423804,,0.5800622218547922,1,-0.4972543009870979,-0.3051672093900869,1.6094379124341003,-1.2974676362807658,3.6635616461296463,4.94839384598288,0.0,10.817395447708488,11.24000991778092
SDP,USA,NA1,-0.011217097556986159,0.0058397689907368,-0.017056866547722958,0.014791750821772469,0.008782754861685638,0.011915713864615568,-0.011217097556986159,,0.572806084875973,1,-0.5108037953672719,1.0047055840499612,0.6931471805599453,-1.4455190816270473,2.7523489297757373,6.277933488317434,0.0,9.927838643399959,10.894689012037176
SDQ,DOM,LA1,0.010320999499978622,0.0205127019155084,-0.010191702415529778,-0.004229116804227223,-0.0049094058973262,0.0013783231713461537,,0.010008867698322639,0.5718974453149462,1,0.06427767856171045,-0.028961381647784248,3.871201010907891,-2.424031418580632,5.099761756022537,7.819215677566348,0.9979243990776436,14.511735995825047,8.557333675012996
SDR,ESP,EU1,-0.005528652106926966,-0.016578470964772593,0.011049818857845634,-0.006150293838405991,-0.001227149183571065,-0.012556610194441792,0.003593541971075833,-0.027374707240283923,,0,-0.2469074638452054,1.1230134086937755,2.833213344056216,-2.355225730633368,4.384193391993781,6.603888927027929,0.3892555413121127,13.172634349398374,10.216062049970796
SDT,PAK,AS1,,,,,,,,,0.5722841666272728,1,-0.515293864880682,-1.9732303241416966,0.6931471805599453,-1.375520935731403,3.8447093954609146,4.9647670315083765,0.0,8.469682208745185,7.14310852796464
SDU,BRA,LA4,0.043461707563892935,0.03942229692790575,0.004039410635987164,0.013812391224724337,-0.010896077150442973,0.045751839277995345,0.043461707563892935,,0.5566199107217094,2,-0.5610848872606408,0.48328987870518336,2.1972245773362196,-1.974039209374861,4.831271150785075,5.871547832205324,0.0,14.907198260260706,8.987603389267655
SDV,ISR,ME1,0.010313664464265872,0.011888909880309287,-0.00157524541604342,0.0003721186512773299,-0.00854932980622324,0.0036995618422479572,0.010137851593333299,,0.580740024969185,2,-0.47192517803839806,-0.6440868287390573,1.3862943611198906,-1.9066099271601284,4.076496094222548,5.644743181782129,0.0,12.427398545917358,10.376709835655385
SDY,USA,NA1,0.0023413667595763897,0.01016366884150308,-0.007822302081926694,-0.007713306695447308,0.0077311539735264116,0.003941780491396741,0.0023413667595763897,,,0,-0.4594061936185221,0.6304478612019906,1.6094379124341003,-1.7030030689980895,2.9444389791664403,5.853033044606274,0.0,9.928228944424575,10.894689012037176
SEA,USA,NA1,-0.012828079692794574,-0.012724795275849132,-0.00010328441694544283,-0.0023705453499834155,0.0006811767238210403,-0.014509033218752028,-0.014014584501176174,-0.0019234623224973913,0.5786475634939705,1,0.8023283831510772,-0.1285263922263686,5.1647859739235145,-2.405173505112103,4.76013229306114,7.6592791766394654,0.08403874545042009,16.82787347259679,10.894689012037176
SEB,LBY,AF1,,,,,,,,,0.539530204006508,1,-0.4341096138961516,-0.7472165268967622,1.791759469228055,-2.0299655938856738,4.783788098943771,6.506935235035717,0.04577452578284842,11.878852476230902,9.526096668898754
SEY,MRT,AF3,,,,,,,,,0.5762351143532045,1,,,,,,,,,7.354750155176972
SEZ,SYC,AF4,-0.010918778479302078,-0.03131366176723352,0.020394883287931452,0.00863698005390997,0.006234557358674143,0.0037643169235033243,-0.034630184868379134,4.634040390833467e-05,0.5723391519871639,1,-0.1375869548439122,-0.1837562330550134,2.833213344056216,-2.4853859500239652,4.003086700199335,7.957618572584729,0.5602520852782885,13.16884802877755,9.481345733616072
SFA,TUN,AF1,0.09778029363799154,0.13192510279219427,-0.03414480915420276,-0.04220590374999364,0.005231918440855267,0.06260881393327072,0.011985373456915133,0.06741642367062059,,0,-0.3229288408410152,-0.8325486683765237,2.1972245773362196,-2.467900258072949,4.743802184740201,7.29582557659499,0.8101187111362351,9.780754787153832,8.200321146745102
SFG,MAF,LA1,0.002927307464158512,0.017343495806600412,-0.014416188342441889,0.0022095845778922728,-0.0012210410400062223,0.003057885799373036,,0.16885045850516028,0.5831125897131209,2,-0.513330541395745,0.8167277794550327,1.3862943611198906,-1.8515360157098395,3.8735897570219673,5.533298548435148,0.0005422489387413627,11.768280607447592,
SFJ,GRL,NA1,-0.004255429538643251,-0.008260705691547767,0.0040052761529045175,-0.001966142828418583,0.0029961975457869355,-0.003346970140947006,-0.005363226040382333,-0.0022175732403928406,0.6138363501309414,2,-0.3435715907401994,0.3523320318273459,2.1972245773362196,-2.24838512674251,4.2850720728199905,7.340940477598263,0.4068059554900779,12.09623545784527,10.594053288134592
SFL,CPV,AF3,0.0028696184511851357,0.017975434678999022,-0.015105816227813894,-0.0021419506476117287,0.0038380634749371747,0.002252915207889734,0.0028696184511851357,,,0,-0.5671234747966618,0.9427219094697202,0.6931471805599453,-1.1995856628109225,4.080287411748303,4.7237096634212135,0.0,10.160220606843893,8.025179844747967
SFN,ARG,LA4,0.05717086337709236,0.09844294126338002,-0.04127207788628764,0.0387786557485643,-0.02496133277140576,0.07092986715176589,0.05717086337709236,,0.5462708085512509,1,-0.6809246764558816,-0.587774241847414,0.6931471805599453,-1.364695742893042,4.7949311462343305,5.032634438045645,0.0,10.426142928055697,9.45812987103844
SFO,USA,NA1,-0.008238010301530905,-0.0021773300199066487,-0.006060680281624258,-0.003504251111869238,0.0018081256652184546,-0.009897860997542625,-0.0054150389373746975,-0.01816320405746235,0.5775738328701979,1,0.8932815249332293,-0.37580102338393007,5.220355825078324,-2.3042695169394585,4.898465706089623,8.146015022921997,0.23926145042298788,16.98681281431035,10.894689012037176
SFS,PHL,AS3,,,,,,,,,0.5635642492009831,1,-0.4958368934556622,-1.6278064967080768,0.0,-2.422559199771119,5.10594547390058,7.044905117129371,1.0,8.632305998516742,7.700452054329457
SFT,SWE,EU1,0.012658550865527748,0.009253667319607181,0.0034048835459205545,0.02156995836728582,-0.015259447435623266,0.01786986210043623,0.0026557886827662204,,0.6099326528021776,2,-0.4555493111056963,-0.24514825194557724,1.0986122886681098,-2.0581420860448665,4.176602733323572,6.3563036705543805,0.0,11.865973840853263,10.804911375886864
SGC,RUS,AS4,-0.012735270459784542,-0.01671817045012342,0.003982899990338882,0.0016862180302230278,-0.008821030758856731,-0.019869573106571087,-0.01737908622491203,0.03790481919253258,0.6218871069352883,1,-0.21205557478827292,1.2017391077134605,3.6375861597263857,-1.927067022133184,4.491786311016775,7.538425347544168,0.04483120847262266,13.347734845068794,9.064204880368637
SGD,DNK,EU1,-0.011683832691502687,-0.00952886676184913,-0.0021549659296535607,-0.0011530570766371438,0.0046340005449241,-0.008371749926249259,-0.011332992807711556,,,0,-0.4538447278749615,-0.34711790506692664,0.0,-1.6117480807445215,3.9431851377565454,5.262690188904886,0.0,11.031593916431941,10.898847789083996
SGF,USA,NA1,-0.025099222273641142,-0.024089601582503492,-0.0010096206911376485,0.010061091559863556,-0.008359775323345777,-0.02361344774726993,-0.025110483604306438,,0.7803248263688211,3,0.015738502210784405,-0.06653162632310926,4.1588830833596715,-1.8788690079419454,3.9519768863060127,6.700028311346,0.0,13.366970920282562,10.894689012037176
SGK,PNG,SW1,,,,,,,,,,0,,,,,,,,,
SGN,VNM,AS3,-0.003069948843678134,-0.0032170533507143804,0.0001471045070362479,-0.0024662305673942408,0.0010451587286509094,-0.004439119700621394,0.004555295338771774,-0.007395043244017765,,0,0.32669424286787846,0.9127603879507129,3.9318256327243257,-2.3337276907412132,5.182913859169246,7.443084702986769,0.611433068539159,15.733635535250913,7.489383297681163
SGO,AUS,SW1,0.038643653182141045,0.010416947278327246,0.02822670590381379,0.0015556652055102294,-0.01262341670494991,0.023353217053118134,0.038643653182141045,,0.5901448025802776,2,-0.5465935207429884,0.5136786927483972,1.0986122886681098,-1.4010374409974629,2.8903717578961645,5.713732805509369,0.0,8.227909837597483,10.871826484872283
SGU,USA,NA1,-0.03315563023213698,-0.03547404090583851,0.002318410673701523,-0.013139100609106948,0.005302256305828925,-0.04073504598949035,-0.03315563023213698,,0.6039589869557467,2,-0.35661327034499046,-0.04749584078553774,0.6931471805599453,-1.8567169716372656,3.4011973816621555,6.129789922791299,0.0,11.600661579274314,10.894689012037176
SGY,USA,NA1,0.04161788688660944,0.025778660925198423,0.015839225961411015,-0.003937268530136032,0.0038606062147286983,0.040105472657493674,0.04161788688660944,,0.5668457632702326,1,-0.6871441370354119,-0.48030989263939755,1.0986122886681098,-0.9937307501863151,1.890719517787489,4.058144408211571,0.0,9.857653016192328,10.894689012037176
SHA,CHN,AS4,0.001239177329740999,-0.0017674938140488372,0.0030066711437898323,0.0006639672797834045,-0.0006283501533962137,0.0013186261141327166,-0.00034248091995844096,0.002788173602467747,0.5436128509016482,2,0.12464198893098904,0.44582701233383515,4.30406509320417,-2.348916427026976,5.039145671200213,6.95401459297508,0.009400034516156489,16.514358884716522,8.391574866779688
SHB,JPN,AS4,-0.017488614591180635,-0.011357454274169732,-0.006131160317010909,0.01068673830630042,-0.0037591869959417426,-0.010686224641148726,-0.017228173373824773,,0.5941169402441167,1,-0.4633491588808622,0.24624928885468955,1.3862943611198906,-2.1788311448262205,4.511652709053421,6.3644889905557696,0.0018020182604517058,12.022630461067516,10.433822702828955
SHC,ETH,AF4,,,,,,,,,,0,-0.5071071901090162,0.8365595021660711,1.0986122886681098,-2.0037219186060073,3.9512437185814275,5.880746804388953,0.0,9.293577970546238,
SHD,USA,NA1,0.02562191702644639,0.0038871746188535927,0.0217347424075928,0.005603035885168212,-0.002213314808630406,0.03507551880027601,0.02562191702644639,,0.6420660240053704,2,-0.4264941250660073,-0.5815123231512559,0.6931471805599453,-1.2691075388850146,3.110838379386951,5.015454455688453,0.0,10.080629049288541,10.894689012037176
SHE,CHN,AS4,0.0036433793412106435,0.00498307907152043,-0.0013396997303097861,0.00048399264982246703,-0.003225722194369684,0.0009024628254901034,0.006560199383412497,-0.01606181987348186,0.6157307905215279,1,0.18495519374095296,1.1929432894056227,4.219507705176107,-2.346841077873285,4.987827694729986,6.962997058104832,0.14801559314745769,15.217953574828307,8.391574866779688
SHG,USA,NA1,0.0019472530204090307,-0.009511325955571578,0.011458578975980602,0.014386821059827408,-0.011187593482441697,0.008049012585587512,0.0019472530204090307,,,0,-0.7382986633437385,-0.45190409631522865,1.0986122886681098,0.6860415650032737,1.9042091589090757,2.302585092994046,0.0,9.22009266341886,10.894689012037176
SHH,USA,NA1,-0.04743737801773633,-0.04429585873701024,-0.0031415192807261,0.002731489671031864,-0.013816460143402718,-0.058061046477375505,-0.04743737801773633,,0.6025274593133001,2,-0.7455920637310686,0.19328616012804084,0.6931471805599453,-1.380313183105243,2.2049727526230853,5.215258272195612,0.0,9.926764529440621,10.894689012037176
SHJ,ARE,ME1,0.012856687183258794,0.013838732299393452,-0.0009820451161346526,0.0028951429680732868,-0.006028535185011617,0.009662105425172166,,0.012650364707691842,0.5828957077646698,1,0.15577952121702682,0.9324040868687251,4.1588830833596715,-1.4168894201302749,4.833158333117209,7.615120673390053,1.0,14.526727001667279,10.859741336515528
SHO,SWZ,AF2,,,,,,,,,,0,,,,,,,,,
SHR,USA,NA1,,,,,,,,,0.5728664881527823,1,-0.4656924733127526,-0.2598781054867063,1.0986122886681098,-1.8618400167059914,3.0604512056682553,6.246685748741509,0.0,10.740626846104846,10.894689012037176
SHV,USA,NA1,-0.010038485359009862,-0.012259260558693284,0.002220775199683421,-0.003920341463408927,-0.0006812850763056289,-0.014333294892805527,-0.010038485359009862,,0.6423499802542381,2,0.08832054494213837,-0.5314987199318225,4.465908118654584,-1.6939531660021372,3.7975657488096695,6.417779806429081,0.0,13.11685020777503,10.894689012037176
SHW,SAU,ME1,-0.013622945700603862,-0.009982978482774978,-0.0036399672178288817,0.006717886983641572,0.00013570476505175095,-0.007654329783300805,-0.013622945700603862,,,0,-0.44399064828253915,-0.371547938108619,1.9459101490553132,-2.018881237520269,4.194149131614265,6.547089036387315,0.0,10.80079931781248,9.96160515693424
SHX,USA,NA1,-0.026928801660301357,-0.03750741398809718,0.01057861232779581,0.0028799079618632762,-0.002027788500333364,-0.0269194496733262,-0.026928801660301357,,0.577315205578679,1,-0.7230274875501087,0.14846795276954147,1.3862943611198906,-0.8836656134209698,1.8132818591619102,4.298354470282221,0.0,9.505395198757377,10.894689012037176
SID,CPV,AF3,-0.01772654256494747,-0.012210486272542757,-0.005516056292404708,-0.0019319442370091032,0.0014825424199759818,-0.018401853770294817,0.012190823755784896,-0.022481910328317596,0.6115242162923835,2,-0.13364851017840246,-0.1371304048929632,3.258096538021482,-2.3710167580864705,4.553183535730487,7.549589304613006,0.5652327317139367,12.71169978053732,8.025179844747967
SIF,NPL,AS1,-0.03233205763528727,-0.0491660633058341,0.016834005670546815,-0.002172427869385374,0.010268007536936243,-0.01941176161433043,-0.03233205763528727,,,0,-0.5873877358487143,-0.04266377566049215,0.0,-1.1742050906171957,2.880851997555569,4.2626798770413155,0.0,9.820105943597078,6.450827592374355
SIG,PRI,LA1,,,,,,,,,,0,-0.9441742066280745,0.5108667497967175,0.6931471805599453,-1.4865347355078062,2.9165377369833507,4.8509018978698615,1.0,10.098889848868613,
SIN,SGP,AS3,0.002133738654399281,0.0058786182080813485,-0.0037448795536820702,-0.004150940652771255,0.0010166813278276669,-0.000938001176061674,,0.002129201526991959,0.594099950503076,1,0.8942751261836616,0.15367332039464235,4.875197323201151,-2.3228360445235645,5.458741738263787,8.244026794345293,1.0,17.079085600001285,10.740276399317946
SIP,UKR,EU2,-0.031920641824432563,-0.024149795569846932,-0.007770846254585644,-0.009614250876654412,-0.005072891683182082,-0.045089714025844566,,-0.026100977811399043,0.6599765031326608,2,-0.14157494699442644,0.6048207523495347,3.4657359027997265,-2.019312669030523,4.748202206666876,6.939163886323386,0.5208895384972646,13.280481035501154,7.82338661381434
SIT,USA,NA1,-0.007011074684615303,-0.018048797047195385,0.011037722362580077,-0.010214031104262826,-0.0041903438839853155,-0.020191107798631827,-0.007011074684615303,,,0,-0.3793067757155787,0.032020845278294185,1.6094379124341003,-1.7981542860262234,4.5673199618569935,6.008889736001542,0.0,12.176190591048252,10.894689012037176
SIU,NIC,LA2,,,,,,,,,,0,,,,,,,,,7.440268694941515
SJC,USA,NA1,-0.022211373975470912,-0.02346255392284077,0.0012511799473698716,-0.008231909231330013,0.002117095280781592,-0.027986693921108603,-0.02138568164839358,-0.045958326653703106,0.585869470553898,1,0.3895889192628093,-0.045810492307527574,4.727387818712341,-2.3562903930979453,4.751568034141462,7.119901156478895,0.016037925240437838,15.862656800357529,10.894689012037176
SJD,MEX,LA2,-0.013315588477288358,-0.010790899818848364,-0.0025246886584399924,-0.002469400502773606,0.002174772835233344,-0.013444527045963012,0.005604411535018562,-0.02166375319364871,0.597235109512672,1,0.08525828058895848,0.46661116290230886,4.204692619390966,-2.4559440463441593,4.907569436898492,7.380624491371112,0.7677787388187403,14.414229469722041,9.19803449697713
SJI,PHL,AS3,0.07179327480370448,0.058301975008376014,0.013491299795328432,0.001007641662648633,-0.000312058722934812,0.07081663415529377,0.07179327480370448,,,0,-0.48114954143358646,-0.23363195245811583,0.0,-1.6893674242621437,4.021710026113361,5.472270673671475,0.0,9.995519637982621,7.700452054329457
SJJ,BIH,EU2,0.027615268043211953,0.0262243861986987,0.001390881844513228,-0.018619452427569436,-0.0020503398318353037,0.00822352705754283,,0.02383439671276745,,0,-0.2919239089270807,2.9071901602054306,2.4849066497880004,-2.0823904372957505,4.338323153237067,6.403398885713802,1.0,12.711183973763385,8.20660807931343
SJK,BRA,LA4,,,,,,,,,0.5370596961743868,2,-0.6747379708888153,-2.7761313959692058,0.6931471805599453,-1.8264426891879844,3.809449300677499,5.733409321807412,0.0,9.873234509365107,8.987603389267655
SJO,CRI,LA2,-0.004598925739379527,0.00493983280180433,-0.009538758541183854,-0.0045271827695495415,0.004480039636828364,-0.004413292501504409,-0.028118459865612507,-0.0034377940341937304,0.6278622765388489,2,0.24641255517545832,-0.17419753364059426,4.290459441148391,-2.3818948128975292,4.471855340662224,7.492253906239994,0.9292632475591561,14.94059988245238,9.188044812282184
SJP,BRA,LA4,-0.00853903728604283,-0.004834198244711655,-0.0037048390413311743,-0.009211969724145534,0.00041568755146134597,-0.01707729329457188,-0.00853903728604283,,0.5903359540098392,2,-0.39194456376654657,0.11670178224688482,2.3978952727983707,-2.1978524241768618,4.814480257955784,6.286248429102319,0.0,12.65005950462575,8.987603389267655
SJT,USA,NA1,0.0009432337493249549,-0.009712148551655383,0.010655382300980334,-0.002313983359723634,-0.007665020375374335,-0.009071588036925756,0.0009432337493249549,,0.5901862377988192,1,-0.3612154386807697,-0.36475751935657397,2.3978952727983707,-1.7917073649380795,3.6961954184757007,6.018704529473979,0.0,11.562534341522245,10.894689012037176
SJU,PRI,LA1,-0.01309334048710432,0.0027012038559962744,-0.015794544343100594,0.0014835244919676315,0.0018607683092334369,-0.00975187311208943,0.00975441556261482,-0.013295931468663058,0.5767913436603905,1,0.29248923151304085,-0.17725243511048247,4.48863636973214,-2.340310859003337,4.5006826159716224,7.515479220028333,0.991979722721445,15.776378282652567,
SJW,CHN,AS4,0.00686278326490312,0.0047477586017442616,0.0021150246631588543,0.0011918294404848725,-0.022021356810148777,-0.01330118618952974,0.009203851644144704,-0.05722359942316957,0.5926912367776671,1,-0.23657270956526807,1.7337818114900834,3.1354942159291497,-1.9886991859467569,4.6538760142167535,7.103028519446709,0.030534731579966303,13.164849905819075,8.391574866779688
SJY,FIN,EU1,,,,,,,,,,0,-0.4747007732400083,1.3680466494516483,0.6931471805599453,-1.7618187791315314,3.8360616438180895,5.537910419472649,0.0,10.852671327712308,10.741031351305583
SJZ,PRT,EU1,-0.003150358734479332,-0.0027793199726754776,-0.0003710387618038525,-0.005269903881890735,0.0035472625869453376,-0.005017654261051106,-0.003150358734479332,,0.5970911844471123,1,-0.5396804076500319,0.3553689711254009,1.791759469228055,-1.406506590243482,4.150774454408347,4.869411516799233,0.0,10.5853209731958,9.902465561885505
SKB,KNA,LA1,0.01393440762706568,0.0030604242143526233,0.010873983412713055,0.01731161227496287,-0.008788420123065535,0.022315427213122983,,0.011408811599089151,0.6532327599114398,2,-0.2040548465391822,-0.20584758053615856,3.2188758248682006,-1.977241915901557,3.785700072481077,6.193670099139281,0.9719499753544941,12.474996120496938,
SKD,UZB,AS2,0.01078514796603799,0.006553382250874787,0.004231765715163203,0.0015439301541216215,-0.005794917937838881,0.006550887752264056,-0.0025073040539847213,0.025816016480177034,,0,-0.433021485182081,0.686968373182806,1.791759469228055,-2.274183074607429,5.061650292467542,7.559324098638986,0.6232844075396237,11.759918346582955,7.480855759504145
SKE,NOR,EU1,,,,,,,,,0.5562607061914933,2,-0.52401916098894,0.149412168193064,1.6094379124341003,-1.6176774506675706,3.5369437108070687,5.619634906926636,0.06653844856092048,10.989926040272529,11.24000991778092
SKG,GRC,EU1,-0.008704192895920861,-0.006933639120328066,-0.0017705537755927916,0.0022180990601917486,-0.003607803659741405,-0.010161848351416472,-0.015650500216541595,-0.0023179472767710214,0.6261582646279917,2,0.06212335164696925,0.33428932875799566,4.189654742026425,-2.3961934243471505,4.8963857451935775,6.832113534153485,0.5483175241886101,14.910833108037965,10.08471240855404
SKK,USA,NA1,-0.004230342938571274,-0.0008237808253126829,-0.003406562113258597,0.01704438335433744,-0.01923603458095275,-0.005857548407456694,-0.004230342938571274,,0.5816042569245188,1,-0.6849600488740779,0.563318688617068,2.0794415416798357,-1.0144660183028982,2.03986402863816,4.446854294492473,0.0,9.916502489613622,10.894689012037176
SKN,NOR,EU1,-0.006704423431263733,-0.006595307077575727,-0.00010911635368800728,-0.006859914188420753,0.0034893561067122466,-0.009834450642441924,-0.006704423431263733,,0.5781141201926258,1,-0.5727169422734749,-0.17794086468923068,1.3862943611198906,-1.2960857250931805,3.6635616461296463,4.985911074048949,0.0,11.514444310939497,11.24000991778092
SKO,NGA,AF3,0.021855202196871013,0.015081242946795219,0.006773959250075831,-0.0009236125256164949,0.0024283064182084846,0.023921848833640555,0.021855202196871013,,0.5972246809621866,1,-0.5061244239391075,-0.8960000267114528,0.6931471805599453,-1.9897913520218156,4.771736813114926,6.192362489474872,0.0,9.85314117809939,
SKP,MKD,EU2,-0.01587975035214573,-0.02097818517188688,0.005098434819741144,-0.009832266743436617,0.0008254250779676927,-0.024356937763377447,,-0.01489535938667547,0.5530136614008206,1,-0.2199648751443128,0.019383199673272844,2.995732273553991,-2.2032992483519354,4.498461030379454,6.73797861875588,0.9810325796469873,13.098707776930977,8.328604086051813
SKU,GRC,EU1,0.012444858525501614,0.01964742875369922,-0.00720257022819761,-0.004273763035842774,0.007267468472525575,0.015962629527308664,0.012459842076775422,,0.5818604990878202,1,-0.47012964614156466,1.4186596456219223,0.6931471805599453,-1.518051226244094,3.8608462317328605,5.144802909123963,0.0,9.462965052612562,10.08471240855404
SKZ,PAK,AS1,-0.0063163448069225095,-0.00043402514140874007,-0.005882319665513779,-0.015893640839569692,0.006962538708078801,-0.01434467205404576,-0.0063163448069225095,,0.5894424065373267,2,-0.4648004966110671,-0.3679229932260982,1.6094379124341003,-2.024590499769414,4.616087122978521,6.085856612820702,0.0,11.085337439774293,7.14310852796464
SLA,ARG,LA4,0.01862503943214392,0.016142101252137154,0.002482938180006758,-0.0009772613450434115,-0.004821773405592781,0.012955506497717022,0.01632060153842181,,0.56339113766152,2,-0.40837116059141787,-0.6591609281222323,1.791759469228055,-2.3416266456121995,4.946492510307321,7.087670797153673,0.004919737734569296,12.306596483296472,9.45812987103844
SLC,USA,NA1,-0.013155247918707817,-0.010938778876562399,-0.002216469042145419,-0.0019455082452704878,0.0003310640074670915,-0.01462673247026177,-0.012313698696691848,-0.04649658934153446,0.5617785409032306,1,0.6598820470019907,-0.22531952477000206,5.170483995038151,-2.292625631847201,4.49302982587951,7.220093342404606,0.02576640162968292,16.453745263602904,10.894689012037176
SLH,VUT,SW1,0.015698655082093265,0.008193777694551044,0.007504877387542215,-0.0006522928191514993,-0.00013118803335874038,0.014578712149899623,0.015698655082093265,,0.5896510024086035,1,-0.6912354207513975,-0.4510385413959275,1.6094379124341003,-1.6157281110657942,2.695627681103653,4.9886929793005805,0.0,8.294049640102028,7.934420995814924
SLK,USA,NA1,-0.06325525202719427,-0.01478631839385414,-0.048468933633340094,0.053775866293561556,-0.015532710632857008,-0.02659477871422266,-0.06325525202719427,,0.5764920229500107,2,-0.4224310320843655,-0.904393542249506,1.791759469228055,-1.304872069935866,2.9444389791664403,4.8912345870784435,0.0,10.170647989267112,10.894689012037176
SLL,OMN,ME1,0.0019432819750004162,0.007595317964619076,-0.005652035989618668,0.0037605359168993,-0.009003671613438744,-0.0034426203125748327,0.0087167640305671,-0.0057874948138246125,,0,-0.33967470806300815,0.8296630494995291,2.1972245773362196,-2.4710987654414676,5.037386589834806,6.834250922850469,0.20219426021198786,12.327679472281403,9.935119396596123
SLM,ESP,EU1,,,,,,,,,0.5358669199787164,1,-0.437488881295275,-0.8677213462510542,1.3862943611198906,-2.415121590760173,4.337934922513995,6.8652596599556945,0.0,9.293761980115255,10.216062049970796
SLN,USA,NA1,0.06372591549180928,0.07733036708637227,-0.01360445159456296,-0.020330041132820553,-0.0011344337876354317,0.0414450269535599,0.06446320504931663,,0.5411052275998961,1,-0.5483628332893595,-0.17088953219187702,0.6931471805599453,-1.3862590546092386,2.9444389791664403,5.103524708654743,0.0,9.573802232603889,10.894689012037176
SLP,MEX,LA2,-0.021215640772037032,-0.0015726065451136838,-0.019643034226923352,-0.004077762476372484,0.010887272817406198,-0.014160752143399432,-0.018680568129007258,-0.030662222244318544,0.6180525496649683,2,-0.26551047426476565,-0.42121057381425964,3.044522437723423,-1.5311644383336487,3.821071305967608,6.223155822471372,0.18141648649215977,12.563166501712919,9.19803449697713
SLQ,USA,NA1,-0.018023586221496333,-0.03971230515291056,0.014981407085371788,-0.03940478033997046,0.008616717130740081,-0.05501331424006675,-0.018023586221496333,,,0,-0.6630640116603796,0.2844903449294916,1.3862943611198906,-0.836316550907199,1.6057694656613477,4.726975766329386,0.0,8.65067458279072,10.894689012037176
SLU,LCA,LA1,-0.006690682996131671,-0.008815824211786002,0.002125141215654324,-0.009093713261471108,0.003640690200382027,-0.01230905731929845,,-0.008711939948119356,,0,-0.3840228707895523,-0.2997479855476414,2.833213344056216,-1.9602648935251812,3.9380514196275676,5.784889699019639,1.0,12.85281194702483,
SLW,MEX,LA2,0.015669018637382244,0.04799031590651531,-0.03232129726913305,0.0008796277998549528,0.00017579172532053238,0.016320215555759375,-0.005834024497972365,,,0,-0.3961265140605986,0.35817623446107,1.3862943611198906,-1.6916181329402127,4.216512196196308,6.564058256333662,0.121875,11.472103470449973,9.19803449697713
SLX,TCA,LA1,-0.0660825628594922,-0.06921319518967708,0.0031306323301848785,-0.1319243834619182,0.08333786896103869,-0.11592745790019052,-0.0660825628594922,,0.609015960286968,1,-0.5784885693285614,2.141896878920431,0.6931471805599453,-1.210788586615966,2.9444389791664403,4.299916187863587,0.0,10.195783962538654,
SLY,RUS,AS4,0.014041540664290326,0.021087131604842962,-0.007045590940552637,-0.01025012034246297,-0.005141245247486857,-0.001004717261671762,0.014028231725313773,,0.622229616608208,1,-0.40488138478863106,1.342125254625441,2.3978952727983707,-1.928922666890826,4.151223508065668,7.129041728980911,0.0,11.436044420634271,9.064204880368637
SLZ,BRA,LA4,0.029177443113139866,0.021234811312209344,0.007942631800930525,-0.005702321438069452,-0.0059053821531665305,0.017688739898240102,0.029151424184100033,,0.5832707415948115,2,-0.23987779457948402,0.14253291483642505,2.772588722239781,-2.3969081278842688,4.986783797698295,6.669295268945884,0.0,13.487034268384221,8.987603389267655
SMA,PRT,EU1,-0.012519720613031093,-0.010527252719034437,-0.0019924678939966705,0.03794624792660467,-0.02641344196681566,-0.0022540161485531058,-0.01249195566568228,,,0,-0.46058560105394597,0.198321266249028,1.9459101490553132,-1.6970833361480726,4.264855114131672,5.219876309589942,0.0,10.82305291694394,9.902465561885505
SMF,USA,NA1,-0.0163980674576965,-0.01688754511352864,0.0004894776558321354,-0.0024117732573854726,0.0014210017347650304,-0.01727999202062216,-0.016279214351916663,-0.015810048994816504,0.5904217841012269,1,0.45137922860276275,0.2787427902321666,4.852030263919617,-2.4035101024723278,4.784713635853676,7.112968817199386,0.015846617745729583,15.835921051164942,10.894689012037176
SMI,GRC,EU1,0.016956386086782932,0.016179693644437394,0.0007766924423455435,-0.008182952305450764,0.0004024245205019592,0.009314333091661391,0.023339144288530296,,,0,-0.24224539671362322,1.0239532483694278,2.833213344056216,-2.213993407314913,4.366868311515705,6.317280848368994,0.1773064857763359,12.318427642670956,10.08471240855404
SMK,USA,NA1,0.009764974294282552,1.0806617374331052e-05,0.009754167676908225,-0.04971339552925148,0.015163166830174648,-0.023447932734168876,0.009764974294282552,,0.6555630523164331,2,-0.46872154929288695,0.2376758347436799,1.791759469228055,-1.1334554063578404,2.0835533676210036,4.828568221305391,0.0,9.839748711569122,10.894689012037176
SML,BHS,LA1,0.04966556398535791,0.07157946295671253,-0.021913898971354612,0.018813705307168936,-0.013092794008395388,0.05127784907574812,0.04966556398535791,,0.5472326813813585,1,-0.5522889477336254,-2.0835460100391203,1.0986122886681098,-1.3795336351009233,3.912023005428146,5.070930956055479,0.0,8.039157390473237,10.420772350869472
SMR,COL,LA3,-0.0041449938417210605,-0.004511811789949105,0.000366817948228042,-7.348161538529529e-05,-0.0052151332140171446,-0.009283797396600783,-0.004172661570278152,,0.5921171824687932,2,-0.4802592622640046,0.1835741136302291,1.0986122886681098,-2.1526155863710543,4.74235706238587,6.563287091344353,0.0,12.768527257332297,8.506587672816924
SMS,MDG,AF4,-0.0222572338802801,-0.013918893507022752,-0.00833834037325735,-0.006238357371147053,0.002250370787168081,-0.02660418564096964,-0.023188718289425404,,0.5962422683562998,2,-0.5679346399844736,0.6473965302366521,1.3862943611198906,-1.7585940537332736,4.155214252046134,5.466749311395108,0.0,10.511321912742025,6.16075460811433
SMX,USA,NA1,0.01933506895486841,0.05175225701764205,-0.03241718806277363,-0.004499711629476672,-0.00752312571525572,0.009906381793850437,0.01933506895486841,,0.5944578218755925,2,-0.36624915418653514,-0.807665746560335,1.0986122886681098,-1.6939408475566302,3.5614247987608216,5.771435225223949,0.0,11.280110293959288,10.894689012037176
SNA,USA,NA1,-0.016616282121210454,-0.018277077821865835,0.0016607957006553758,-0.003981378624951978,0.001116114773961899,-0.019401062856431783,-0.017010529008603243,,0.5859522460225008,1,0.37392907698461414,-0.017771023374594432,4.709530201312334,-2.423595378827934,4.85128558468814,7.200968987458451,0.0,15.739376509280511,10.894689012037176
SNE,CPV,AF3,0.009189607871737813,-0.01956909282328273,0.028758700695020543,-0.01894583184174876,0.009543430972212604,0.004199463245288428,0.009189607871737813,,0.5689498136234548,1,-0.5618005243912589,-0.07187939703437544,1.0986122886681098,-1.4545471461566368,3.3754256472061583,4.956807642787138,0.0,9.48910782703839,8.025179844747967
SNN,IRL,EU1,-0.023904913559750877,-0.010095270832269689,-0.013809642727481187,-0.015776640644751372,0.003849244795295521,-0.03554692534444348,,-0.022678994060656755,0.7237307059381614,3,0.0797226752151163,0.6099712110281379,4.007333185232471,-2.548139056312088,5.3040419968518435,7.530293827384125,0.8702954805945479,14.652142308532513,10.875207217259875
SNO,THA,AS3,-0.05061730758971353,-0.08121637423953006,0.030599066649816528,-0.0023860351369905178,-0.009316911086366859,-0.06139336904837731,-0.05061730758971353,,0.5698867974794148,1,-0.4278448985034855,-1.2132195141911337,0.0,-2.0090201297587416,3.912023005428146,6.295266001439646,0.0,10.003332887505843,8.468143081239914
SNP,USA,NA1,-0.029473268004107756,-0.011505070693563588,-0.01796819731054417,0.0151424036560996,-0.011503575406533014,-0.025982089353500278,-0.029473268004107756,,0.5587307628988571,1,-0.5181746976184239,-0.04580561688843683,0.6931471805599453,-1.1767889164337508,2.335199584879444,6.726991267133188,0.0,9.15957325492253,10.894689012037176
SNV,VEN,LA3,,,,,,,,,,0,,,,,,,,,8.41113221940897
SNW,MMR,AS3,-0.1410335810584647,-0.13907813853452544,-0.0019554425239392734,9.631936594660303e-05,-0.0012119604751734164,-0.14193143043772422,-0.1410335810584647,,0.5721107258650915,1,-0.5688758682971953,1.865956306194717,1.9459101490553132,-1.5480501768502013,3.942229477617045,5.505160540473624,0.0,11.569286894635978,
SOC,IDN,AS3,0.009050253920901677,0.0008586960476444311,0.008191557873257248,-0.010674272040015035,0.0011538311514242517,-0.0004592108964308573,0.013240923949848823,0.015335195198852486,,0,-0.3305751442719855,0.8097767842859637,1.0986122886681098,-2.243829869846257,4.861774595719477,6.567613139877322,0.2402727901690113,12.805557288178102,7.764360911576746
SOF,BGR,EU2,-0.007143290691032889,-0.006299358246393097,-0.0008439324446397932,-0.0007467578567141128,-0.00279261708270432,-0.010672362780065371,0.009519033884373685,-0.007811701117941011,0.7040860328735122,3,0.050218988993854005,0.5306751473258517,4.060443010546419,-2.348356702895169,4.705408273564013,7.098636972493185,0.962295100603555,14.56274717007416,8.70760564801422
SOG,NOR,EU1,-0.0030347263696652036,-0.003034726369665186,-1.702265607868563e-17,0.004848205916610582,-0.003148626764089008,-0.0015831511879723019,-0.0030347263696652036,,0.5829404701117755,1,-0.49335500937368665,-0.2619012681138553,1.6094379124341003,-1.3535263007486873,3.6635616461296463,5.057931694536453,0.0,11.589080625916573,11.24000991778092
SOJ,NOR,EU1,0.004424629262783432,0.0054293750310640656,-0.0010047457682806332,0.003436093722031081,-0.0015409397785246881,0.00618137724344007,0.004424629262783432,,0.5915640378238602,1,-0.5648572818850435,0.027121864690302516,2.0794415416798357,-1.1139607978900716,3.6635616461296463,4.70498105441374,0.0,10.486847768485333,11.24000991778092
SOM,VEN,LA3,,,,,,,,,0.5784444489235396,1,-0.49857081259821623,-0.18322713912367883,1.0986122886681098,-1.4747281832998056,4.055905318222581,5.534915570198814,0.0,10.782138720581328,8.41113221940897
SON,VUT,SW1,0.002262738497400535,-8.239830512350634e-05,0.0023451368025240414,-0.011079234797666518,0.0017277559376405074,-0.0061799719431614684,0.007638558864124737,-0.02094460579309585,0.6197189251496045,2,-0.4102150863980781,-0.07894129852705291,2.8903717578961645,-1.9338237614562268,3.3522579526219336,6.070265437114328,0.2081674150639668,11.167868484657124,7.934420995814924
SOP,USA,NA1,,,,,,,,,0.6457657699473751,2,-0.397432135905443,-1.5102074776941332,1.791759469228055,-1.6716488204293398,3.7258750417905313,6.163314804034641,0.0,9.019179866515024,10.894689012037176
SOQ,IDN,AS3,-0.04032443082942609,-0.03150238091967178,-0.00882204990975431,-0.017729176466985654,0.00470558021765962,-0.05224118822804645,-0.04032443082942609,,0.6302904796947317,2,-0.4340281453560807,0.24427073037195868,2.302585092994046,-2.0484446372208804,4.508665429641851,6.8581338119849855,0.0,11.776888450801417,7.764360911576746
SOU,GBR,EU1,-0.004650820549962951,-0.005830304228179912,0.0011794836782169594,-0.00042194219259063476,-0.0018886006382662578,-0.006840023852180144,-0.00020473702020635512,-0.011850103990403076,,0,-0.06331197780828247,1.4271314559376838,3.7376696182833684,-2.071026332635001,4.185954642720077,6.196452306314792,0.38936414934128666,14.346484631575875,10.711795251008132
SOW,USA,NA1,0.019107390611794704,-0.02210766100541155,0.04121505161720626,0.016938312466083235,-0.01321216354746663,0.022432889684377316,0.019107390611794704,,0.563784908954795,1,-0.5042158232764241,0.4267770631937829,0.0,-1.4469673379517876,2.9444389791664403,5.311052699854738,0.0,9.94477343944167,10.894689012037176
SPC,ESP,EU1,-0.024132538621923043,-0.0220243326083708,-0.002108206013552238,0.003138737616373133,-0.0022736403723396578,-0.023197546890576494,-0.02812407029324108,-0.00993992592628028,,0,-0.18564195167434697,1.502745114261775,3.1354942159291497,-2.422365304907332,4.405957168772371,6.593779860052159,0.1274068378630212,13.55069178365056,10.216062049970796
SPD,BGD,AS1,,,,,,,,,,0,-0.5745907322115952,-1.068905706254985,0.6931471805599453,-1.3455016923023155,4.442651256490317,5.241210102295066,0.0,8.676757761087575,6.715999232982851
SPI,USA,NA1,-0.0007575475958742119,-0.0018474604730634512,0.001089912877189238,-0.012996953655907896,0.006488027650287054,-0.006595350161898838,-0.0007575475958742119,,0.5564561017147727,1,-0.3376967904992898,-0.8551747454123689,1.9459101490553132,-1.6964216180593525,3.753645923455649,6.101212119794361,0.0,11.644602639594568,10.894689012037176
SPN,MNP,SW1,-0.0018316025996922827,-0.023479341269719466,0.021647738670027193,0.0015252669539321082,0.0016663416884524478,0.0014051110392476742,,-0.0004324937992776991,0.579658526362193,1,-0.16274886648510972,-1.2045744391614202,3.1354942159291497,-2.357753573070557,4.090065658683016,7.632067342760598,0.9035081739225284,13.28234388784079,9.909355489147975
SPP,AGO,AF2,0.03453602924911406,0.03351289050289516,0.001023138746218896,-0.02913740725362024,0.013790222006060887,0.019484961081370038,0.03453602924911406,,,0,,,,,,,,,8.112636667815755
SPR,BLZ,LA2,,,,,,,,,,0,-0.5463643675758618,-0.07521099151052131,1.3862943611198906,-1.194810352075087,2.4667988615988423,3.863450791947523,0.0,12.135639451562332,8.774286490019918
SPS,USA,NA1,0.023841803644242127,0.006088580088811742,0.01775322355543038,-0.0016563402180350445,-0.002641934016812919,0.016658013539870672,0.023841803644242127,,0.5561116643046562,1,-0.42797712326333187,-0.46806454620699584,1.0986122886681098,-1.4160358356610063,3.5408222378659784,5.274652159218081,0.0,11.292727570944589,10.894689012037176
SPU,HRV,EU2,-0.010236885188525781,-0.011825078474319024,0.0015881932857932362,0.00204931724127306,0.003196639264649955,-0.005007581715751323,-0.006348889561950803,-0.01085691320057532,0.6067589141928191,1,-0.08120053426726444,0.8986055578713796,3.6635616461296463,-2.42404079924553,4.915605784467655,6.663516661973573,0.7134223882229452,13.325436457555393,9.450772616814078
SQO,SWE,EU1,,,,,,,,,0.6346276964424069,2,-0.47575506412957863,0.21576640295101568,1.0986122886681098,-1.815121349220536,3.912023005428146,5.545976459672628,0.0,10.896739325546411,10.804911375886864
SQS,BLZ,LA2,,,,,,,,,,0,,,,,,,,,8.774286490019918
SRE,BOL,LA3,-0.030173784339806838,0.004338346306839176,-0.034512130646646,0.001277706175065165,0.007643206160458847,-0.024235566927272592,-0.030173784339806838,,0.6563860496807956,2,-0.5558904552450783,0.11568526589276364,1.6094379124341003,-1.3285615816488217,4.869883653498246,5.7661036497189135,0.0,11.596117055856993,7.733432810667066
SRG,IDN,AS3,-0.011099404250316585,-0.011926680844049683,0.0008272765937330931,-0.0027952125912291056,-0.0003877896513810575,-0.014151661556071057,-0.008733667379070638,-0.0004745147914488585,0.6006096838012331,1,-0.27842168253607336,0.22315238263561293,1.0986122886681098,-1.943809895685417,4.799145388941393,6.059924174966946,0.02663063453844552,13.856684170659612,7.764360911576746
SRH,TCD,AF3,,,,,,,,,,0,,,,,,,,,6.824757091826435
SRI,IDN,AS3,,,,,,,,,,0,-0.645500331616,0.4680125120310126,1.6094379124341003,-2.164040346022803,3.0367841962529574,5.5841254975391585,0.0,10.629150324772754,7.764360911576746
SRP,NOR,EU1,,,,,,,,,0.5817665690425573,1,-0.5154158581446233,0.14507017514152745,1.0986122886681098,-1.6286641274483047,3.7126382271350336,5.7925557778388495,0.011698757007068,10.11123316167024,11.24000991778092
SRQ,USA,NA1,-0.01838921176510485,-0.020959917527522028,0.00257070576241718,-0.002803059643502248,0.002663386847546431,-0.01852582628923175,-0.01779420334429363,,0.7236489953976192,3,0.08701457496000121,-0.532434444947776,4.330733340286331,-2.3348024597475385,4.6157942153433345,6.999972341837708,0.011732584506411273,13.831022621392293,10.894689012037176
SRX,LBY,AF1,,,,,,,,,,0,-0.5740549557202316,-2.3937904008470365,0.0,-1.617161260031346,4.442651256490317,5.8916442118257715,0.0,8.412943170042439,9.526096668898754
SRY,IRN,ME1,0.004270785585244568,7.678968413375254e-05,0.0041939959011108325,0.017931264595600804,-0.012703111828062101,0.008330225658983472,-0.00040626366253403417,,,0,-0.5158602238484363,0.4861009128472078,0.6931471805599453,-1.6369342898641366,4.783429448773167,6.018431710744635,0.0,10.473788903097228,8.533994841936796
SSA,BRA,LA4,0.03823039791631634,0.03187078892184475,0.006359608994471586,-0.009202273600600904,-0.0036797623746001812,0.02561301553517515,0.04053440081647419,-0.012610904664758352,0.7182560497612674,3,0.13923480867220625,0.23324958751938588,3.9318256327243257,-2.4650772942482915,4.955996944516759,7.182454984896595,0.05643856042505871,15.154353183819024,8.987603389267655
SSG,GNQ,AF3,-0.016273261923250754,-0.031251842983277066,0.014978581060026305,-0.002849035845114443,-0.005834501787638553,-0.024799612121745043,0.0964465422780933,-0.011339971652279946,,0,-0.22994155078496814,1.1711645535108492,2.833213344056216,-2.4890809460805885,4.951203248634238,7.925993784338023,0.9546441888279161,12.334571395626622,9.358322109245476
SSH,EGY,AF1,0.047029341667729666,0.03616540468637102,0.010863936981358631,0.05296304011259208,-0.013563985330478878,0.08429860164187375,0.005106457067646434,0.07401216859027893,0.6229793710523528,1,0.049709250368362955,1.46206350725126,4.127134385045092,-2.554898039009786,5.019041605168286,7.519641181956939,0.5990635339648108,13.733116504709807,7.97317803761651
SSJ,NOR,EU1,0.005166063010234928,0.004751128670597512,0.0004149343396374159,-0.0019532353964154406,0.0015267205985752424,0.004786775867662106,0.005166063010234928,,0.5611243216618361,2,-0.5772141451229675,-0.22043254837156295,1.6094379124341003,-1.2005999630115143,3.6635616461296463,4.82522212107277,0.0,11.683174440529914,11.24000991778092
SSR,VUT,SW1,-0.041312220027243066,-0.040950319856098864,-0.00036190017114421606,-0.02172367443529343,0.00817747253127084,-0.05408766661274114,-0.041312220027243066,,0.5825942535224079,1,-0.6834251530707398,-0.8605487488659198,1.791759469228055,-1.6672634563676063,2.8656581013133264,5.22033833547735,0.0,8.441607204459642,7.934420995814924
SSX,ZAF,AF2,,,,,,,,,,0,,,,,,,,,8.681252452011616
SSY,AGO,AF2,,,,,,,,,,0,,,,,,,,,8.112636667815755
STB,VEN,LA3,,,,,,,,,0.5660291178612963,1,,,,,,,,,8.41113221940897
STD,VEN,LA3,0.025576034248397023,0.017460467034909354,0.008115567213487692,-0.00023282345245448268,-0.006538399314821575,0.019017831059756893,0.026427219159633274,,0.5722304548989057,1,-0.4774209974149516,-0.49459191359808446,0.0,-1.6429555131761586,4.5789798537359,6.476972362889683,0.0,11.871997533508683,8.41113221940897
STG,USA,NA1,-0.006573818333647354,-0.0045742856709167865,-0.0019995326627305667,-0.027477668869152927,0.02928247131569925,-0.004687098391842938,-0.006573818333647354,,0.5665021834957222,1,-0.5193322925400986,0.328724549830387,0.6931471805599453,-1.7917783935892224,2.3923220099647255,6.707301459534947,0.0,8.51919119407891,10.894689012037176
STI,DOM,LA1,-0.006091748336664909,-0.0004928670507211607,-0.005598881285943742,-0.0019450162317616098,-0.004091267606002211,-0.012049688348144526,,-0.006106772345697564,0.6273940499063798,1,-0.22471623487075393,3.226819379435716,2.70805020110221,-2.4724249567534033,5.0317873862398,7.637166251560098,1.0,13.339739931510818,8.557333675012996
STL,USA,NA1,-0.015114815988366986,-0.012840661642921865,-0.0022741543454451165,-0.0037027103520009003,0.002732004199193282,-0.015989620876822774,-0.015083405333061843,-0.022729727516065994,0.6081605403411579,2,0.6078415962973456,-0.6874089337922692,5.220355825078324,-2.241754407425907,4.501333179508404,6.969117707506305,0.011153251975279957,16.198495033477357,10.894689012037176
STM,BRA,LA4,0.04462607830191931,0.04211977361344876,0.0025063046884705544,-0.008592827346298001,-0.006235514399579222,0.030370327474301795,0.04462607830191931,,0.5901591539020554,2,-0.42336852459497687,0.8823656525764233,2.5649493574615367,-2.319823248035314,4.863314476576649,6.429564392177522,0.0,12.9354697847649,8.987603389267655
STN,GBR,EU1,-0.014686850195401096,-0.01570512942700659,0.0010182792316054874,4.911838194542956e-05,-0.0066765046049955985,-0.02115271882961602,-0.035240114229538336,-0.012844205851227409,0.6261597125019851,1,0.6196912770185606,1.5828780876163338,5.3230099791384085,-2.4312254414737344,5.126316398813534,6.9588454836845575,0.8739611545609859,16.544733362549284,10.711795251008132
STR,DEU,EU1,-0.01619244381240871,-0.01693555767156623,0.000743113859157515,0.0012307840481727177,-0.0004216326150778579,-0.01554218617683629,-0.006344882951906773,-0.021025657060923054,0.5933446112211073,1,0.34195802377563234,0.3938451656206871,4.8283137373023015,-2.3884519508902753,4.677226355653133,6.819666756846545,0.6321199214000557,15.809813377232777,10.56082813498111
STS,USA,NA1,-0.0015112790580651537,-0.004163929319650884,0.0026526502615857248,0.0020508061841646493,-0.0027582990736070632,-0.0018473865668461138,-0.0015112790580651537,,,0,-0.3559979619323532,0.5246753373828158,1.0986122886681098,-2.2151509565439107,4.30406509320417,6.62819786229103,0.0,11.18342089766461,10.894689012037176
STT,VIR,LA1,0.014616290138013905,0.010459187458646515,0.004157102679367388,0.02530140897859582,0.0044897925095310634,0.043518745494461414,0.008265571920184137,0.015798166635947585,0.5866291194640172,1,-0.1004890991180722,-0.011484115471783449,3.6109179126442243,-2.3453996095452334,3.8102827797181673,7.148430668828045,0.9646831567693653,13.716167456854016,
STW,RUS,EU2,-0.003679111927460472,-0.0015256033205831294,-0.002153508606877352,0.0005844741530504051,-0.0031866334550414025,-0.006346465421324438,-0.002976338779751486,,0.6063640357615223,1,-0.5497854480644488,0.21978928016904806,0.6931471805599453,-1.7921667276056772,4.9312828243441835,7.01461340449033,0.15774822146613052,11.259219608073378,9.064204880368637
STX,VIR,LA1,-0.009711977831409657,0.011688856343845443,-0.021400834175255106,0.007810040831353194,0.0005332015153685784,-0.0021797814782358368,0.010627009936210175,-0.011905008014241956,0.6114030860396433,2,-0.21241755246659866,-0.6813359792462691,3.044522437723423,-2.1325950635664905,3.4369846730876765,6.267877192002293,0.9085346262392359,12.752675560671685,
SUB,IDN,AS3,-0.00639179341276218,-0.009757226445271987,0.003365433032509805,-0.0008587089364922507,-0.0028505730288116626,-0.01008168575211409,-0.008918336967139905,0.013055751931524756,0.5768662956219615,1,0.046920536108902476,0.3303472048259375,3.4657359027997265,-2.258690897703425,4.903013165458824,6.707836947047425,0.11403301811246365,15.51357545825231,7.764360911576746
SUF,ITA,EU1,0.020532566565791333,0.013645930954425173,0.00688663561136617,-0.002073363810717044,-0.00522696074305723,0.013277999573090619,0.02259314297024696,-0.01491664104192001,,0,-0.16470056816708153,0.933784431385383,3.1354942159291497,-2.287729148775804,4.884791748851596,6.646982711798486,0.09016890455829771,13.774513548129732,10.438808040299792
SUJ,ROU,EU2,-0.06985692065113022,-0.053499067168767615,-0.01635785348236264,0.055879040085479476,-0.05528626776232021,-0.07318707647634287,-0.06420553010692848,,0.5227600942278562,1,-0.5306088965975472,-0.21380986594809606,1.0986122886681098,-1.2554932434605073,3.903511044828791,4.947457174926623,0.0,9.49822242443063,8.92051918100169
SUN,USA,NA1,-0.019029254398876382,-0.02648735771570812,0.007458103316831743,-0.017756777920567096,0.009636373164442946,-0.025952254783938887,-0.019029254398876382,,,0,-0.33898126864853373,-0.02959951489631498,1.6094379124341003,-1.9770202868191469,3.6097480858298745,6.270723417793519,0.0,11.89197814912656,10.894689012037176
SUV,FJI,SW1,-0.04007626485862537,-0.031074722780229123,-0.009001542078396263,-0.005779780684867697,0.01872497037986296,-0.02562618750892607,-0.03785481359088045,-0.041271150877596224,0.5649435061854076,1,-0.3613817946784769,0.11011114980941074,2.3978952727983707,-1.8846508581019819,3.3328031805147913,5.712421896040395,0.09395523916022239,12.444979303703743,
SUX,USA,NA1,-0.01711645490346493,-0.014676864921042348,-0.0024395899824225724,-0.007356631875814761,-0.0017937473869538607,-0.024983501029613484,-0.017210141728950412,,0.5359627228817399,1,-0.29687912321328924,-1.378258639467251,2.6390573296152584,-1.7753786919743495,3.740272182959746,6.07818377205267,0.0,11.275568885403835,10.894689012037176
SVA,USA,NA1,-0.01917572933393105,-0.0229220529676323,0.0037463236337012644,0.010916091062108755,-0.017737764661375013,-0.025922312844905468,-0.01917572933393105,,,0,-0.7358913586487836,0.6437292722075902,0.6931471805599453,-1.0442764202345876,2.6760998071456688,4.867103702521036,0.0,10.351181664862002,10.894689012037176
SVB,MDG,AF4,-0.015296790828777464,-0.041914882078353526,0.0266180912495761,-0.004327726224409989,0.01072486531855976,-0.01017595371954331,-0.015296790828777464,,0.700686595180688,3,-0.5892343094681809,-0.4152333122486656,1.3862943611198906,-1.992050569173466,4.743174732204015,5.952905412533799,0.0,10.080712811905334,6.16075460811433
SVC,USA,NA1,-0.03407928269189768,-0.07988430110294087,0.0458050184110432,0.011250257047058803,-0.011937401314182347,-0.035273415766702565,-0.03407928269189768,,0.5626299423665475,1,-0.47172664053997393,0.2653608758101019,1.0986122886681098,-1.6326209802007998,2.9398040743115375,5.716753147290937,0.0,9.379154445411636,10.894689012037176
SVD,VCT,LA1,0.0018054744099218769,0.001695811854215077,0.0001096625557067983,-0.023904466539393814,0.001977677692782255,-0.018039484113625114,,0.000344438301949791,0.5953379092209539,2,-0.4122753609719996,-0.23333070391894734,2.5649493574615367,-1.7401219364613005,3.8845798348074236,5.548371360240593,1.0,12.470365817689272,
SVG,NOR,EU1,0.00635084304885424,0.0018783872814056284,0.00447245576744861,0.006573545620434841,-0.0036529431021647078,0.00888552682236899,0.0013883098817760423,0.014087010263042862,0.5813109905278299,1,-0.07907381899844809,-0.1877872480134137,3.5263605246161616,-2.048166383829668,4.678263585130525,6.07336507312714,0.32960825511925684,14.81087676065841,11.24000991778092
SVJ,NOR,EU1,-0.006937962730095052,-0.0065682480668271806,-0.0003697146632678712,-0.001584342260390232,0.0014084924933499853,-0.007010798504333875,-0.006937962730095052,,0.5767104601923582,1,-0.714878597584601,-0.1399427406767601,1.3862943611198906,-1.027628213653025,3.6635616461296463,4.5927568732642206,0.0,11.2891567182621,11.24000991778092
SVL,FIN,EU1,0.0634738957776958,0.004718858779554193,0.05875503699814158,-0.02419719146584769,-0.016336924745631254,0.022771235295483482,0.06520656642263319,,,0,-0.4273754411118112,-0.8638479199831534,1.3862943611198906,-1.7548379000644456,3.669632331123753,5.695658241952709,0.01035509953189276,9.95934790203275,10.741031351305583
SVO,RUS,EU2,-0.005114238967145303,-0.005509063349652563,0.00039482438250726057,-0.0012624475137444915,0.0010515483873304442,-0.005443533400003993,-0.004271990052965595,-0.0055249458352898875,0.692550383928093,3,0.4965679844972496,0.17074975871224962,4.844187086458591,-2.105898929968433,4.848729011694046,7.806864363941312,0.6443035014829204,16.179352919670322,9.064204880368637
SVQ,ESP,EU1,-0.020436913378412448,-0.01831055562807425,-0.0021263577503382036,-0.003386221829595638,-0.0006039975587124877,-0.02424651588212766,-0.013984278980124113,-0.028857503193403473,0.5864655376757124,1,-0.012749704302416337,0.7248341871619809,3.8501476017100584,-2.5270166407802526,4.92248700300938,6.864699434396484,0.26204711920043117,14.99900306542787,10.216062049970796
SVU,FJI,SW1,-0.06462500619866803,-0.062105518658996335,-0.0025194875396716983,0.012396635087036147,0.00046957502722348786,-0.05168043869342327,-0.06462500619866803,,0.5509063255389021,1,-0.5647112357386868,-0.03388657199989123,1.0986122886681098,-1.7262515767059319,2.8540594955771525,5.011521467989208,0.0,10.990870359252689,
SVX,RUS,AS4,0.021676574956117627,0.021294057003526556,0.0003825179525910749,0.01692753663580592,-0.0009379519022911567,0.03735410123625471,0.0012325699052908564,0.07933664044140544,,0,-0.0032703963585424263,0.9802770201903513,4.04305126783455,-2.163065908504647,4.793233137856929,7.446563394913726,0.16160766764468795,14.049884412696361,9.064204880368637
SVZ,VEN,LA3,,,,,,,,,0.5684233677182751,2,-0.484252220202082,-1.0430254890190938,1.6094379124341003,-1.5708939988672754,4.1572663582688465,6.139586417490358,0.0,11.180134444351488,8.41113221940897
SWA,CHN,AS4,-0.004535750165707676,-0.003632524489195636,-0.0009032256765120377,-0.006450211284937688,0.0005065641771435199,-0.010272314121724906,-0.0006265960370921745,-0.04252981723806702,0.568916633641795,1,-0.16795455273527715,-0.3130887392222227,3.4011973816621555,-2.3561977796233484,4.95008661356698,6.694508785576995,0.11866996964516241,13.664489974270923,8.391574866779688
SWF,USA,NA1,-0.055481420075919184,-0.03259234848113671,-0.02288907159478247,-0.03294783346760237,0.022830375382703025,-0.06474799773587213,-0.043463140510073384,,0.5563539891982578,2,-0.17818817608651982,-0.6069170282728686,3.4965075614664802,-2.35417142667156,4.433079596917023,7.190919113438345,0.0,13.379844971784658,10.894689012037176
SWQ,IDN,AS3,,,,,,,,,0.5789797406754247,2,,,,,,,,,7.764360911576746
SWT,RUS,AS4,,,,,,,,,0.5664640261537048,1,,,,,,,,,9.064204880368637
SXB,FRA,EU1,-0.005819226522863425,-0.0053749717102657794,-0.00044425481259764644,-0.005571535978745571,0.0008635925021137354,-0.010758312304901659,-0.0062011219891980095,-0.0033663357350953113,0.5650349229082879,1,-0.1075273857673745,-0.28482354766802703,3.4339872044851463,-2.0264453833521436,4.346743941795845,6.321794871425038,0.21277869949310432,14.149084312327016,10.500183536717612
SXF,DEU,EU1,-0.016826948408773076,-0.017347557650054184,0.0005206092412811114,0.0042508458380293435,-0.0018293366261774757,-0.014560810771363973,,-0.009949140574956564,0.6227288984090775,2,0.23318449087887064,1.3756774490719579,4.61512051684126,-2.600908235636728,5.033453886041559,7.0461646865455965,0.7913798004001865,15.174224553445615,10.56082813498111
SXL,IRL,EU1,,,,,,,,,,0,-0.4384949921571817,0.8736863278876996,0.6931471805599453,-1.761724933093887,3.9275121824706063,5.400566418376759,0.16746717899455651,10.685606686898337,10.875207217259875
SXM,SXM,LA1,0.017936133415783394,-0.0043912194072287134,0.022327352823012108,0.023394902780598643,-0.0059819863988862815,0.03486427622342234,,0.017744605392386304,0.6154982818998584,2,0.04426607734575253,0.032283110640092504,3.9889840465642745,-2.3048660967514087,3.862059373614167,7.239444076663204,0.8779798010433095,14.092293449547055,
SXP,USA,NA1,-0.009905687659638805,-0.020476914172787467,0.010571226513148662,0.005366302303837502,-0.022700158363489306,-0.026259749174743774,-0.009877880401899297,,0.6168825791036732,2,-0.7065412397628184,-0.5187737261899625,1.791759469228055,-0.5596887131160071,1.8621917174147735,3.8739596769579903,0.0,9.667258761673263,10.894689012037176
SXR,IND,AS1,0.0036393966565859267,0.006613358101802072,-0.0029739614452161433,-0.004513931317764997,0.0013753329080454166,0.0009670371372079365,0.0032165709232118153,,0.606662445639031,1,-0.35692972067944573,1.4039815997716467,1.3862943611198906,-2.231688064383457,5.092930742233887,6.00697094563118,0.0,13.384978379665242,6.97470991159236
SYD,AUS,SW1,0.011626202127669755,-0.0041988890657536256,0.01582509119342337,-0.009288489809110408,-0.007329786650210933,-0.005061082340636032,0.01697911457793573,0.0006302990395949651,0.6206589154848292,2,0.8415542152208223,-0.08400375869467928,4.6913478822291435,-2.254621712230846,4.756976382291251,7.977183845152374,0.3568182260549177,16.872801511084553,10.871826484872283
SYM,CHN,AS4,0.005588942210337612,0.00493004425549726,0.0006588979548403641,-0.00902574479853518,0.007676947792819302,0.004571553197721812,0.005588942210337612,,0.5922910279653852,1,-0.5630324794136372,1.7313171406473866,1.0986122886681098,-1.8696564749954,4.891649372200652,5.69035945432406,0.0,11.29024430673586,8.391574866779688
SYO,JPN,AS4,0.0038105838965825285,-0.00722121184431501,0.011031795740897538,-0.0015960697595463755,-0.0015851493064455802,0.0010326729071805226,0.0038000983739788457,,,0,-0.483247076572173,0.07765636820301193,1.0986122886681098,-1.853044386545072,5.074486178972975,5.933269412617206,0.0,12.609782881417063,10.433822702828955
SYQ,CRI,LA2,,,,,,,,,,0,,,,,,,,,9.188044812282184
SYR,USA,NA1,-0.012969830722204454,-0.00790411403805782,-0.005065716684146633,-0.0009834198022077069,-0.0005118056940758501,-0.014276498722413163,-0.012645872331455553,,0.6156221775963411,2,0.26845323503895513,-0.4729510514602626,4.812184355372417,-1.9765238214977257,4.154334310912124,6.489155813102173,0.0,14.346715701415556,10.894689012037176
SYW,PAK,AS1,,,,,,,,,,0,,,,,,,,,7.14310852796464
SYX,CHN,AS4,0.017489212158954576,0.020030647291145724,-0.002541435132191129,-0.0010202199848856727,-0.0019136736094938734,0.014576826300728431,0.022033144745159352,-0.07469823782293994,,0,0.04982610593249136,2.7378948623048087,3.871201010907891,-2.48528909547489,5.047960022092583,7.298027020146523,0.09590562023770935,14.883382843714582,8.391574866779688
SYY,GBR,EU1,0.026270040725335064,0.028280033693101607,-0.002009992967766549,0.007525316593657041,-0.0022089369208796263,0.031246058535128324,0.026270040725335064,,,0,-0.4782822522881976,0.2649728887614603,1.6094379124341003,-1.5671120869619393,3.3606350728539356,5.424910250929482,0.0,11.650676691558424,10.711795251008132
SYZ,IRN,ME1,-0.021482800772577505,-0.014380331041405976,-0.007102469731171531,0.0021653993908783914,-0.00814105145834226,-0.02707274278426818,-0.02430003408718099,-0.007040579806479097,0.6040472502968732,1,-0.2525562578488655,0.5177754802631289,2.9444389791664403,-1.9119023741180876,4.863417302944278,6.4078839841277535,0.185711625883472,13.897020496420406,8.533994841936796
SZA,AGO,AF2,,,,,,,,,0.5692438572985833,1,,,,,,,,,8.112636667815755
SZG,AUT,EU1,-0.0037350286310406195,-0.0009790645078895893,-0.00275596412315103,-0.0024395655267203105,0.0010332937015042714,-0.0053397380661194625,0.005615122627192708,-0.004661249062897099,0.5920221508679591,1,0.009839941254292188,0.37996088710973586,4.007333185232471,-2.452217554308712,4.761565945079088,6.758521168130921,0.8817279313120472,13.821780858477632,10.682097270561812
SZK,ZAF,AF2,,,,,,,,,,0,,,,,,,,,8.681252452011616
SZX,CHN,AS4,0.0011110006926155964,-0.001213797191160824,0.0023247978837764196,-0.0008093572498115108,-0.002957400017664761,-0.0025087733004519087,0.0024629795484127207,-0.014719611209817433,0.6139432009431762,1,0.19833033072440884,1.5918693623644955,4.394449154672439,-2.347097221189369,4.99421772139244,7.083303818648867,0.03603966239321099,16.40819539847703,8.391574866779688
SZZ,POL,EU2,-0.03706816624438991,-0.037538190096260596,0.00047002385187068334,-0.00035286882093886777,0.0009751898703598708,-0.036604374736585274,-0.04726123766569813,-0.02579985053228709,,0,-0.44551599265802855,0.7816629981777797,1.791759469228055,-2.4187531852344577,4.431300334465132,6.673964735817725,0.49964779491995964,11.883122570993063,9.186119834635363
TAB,TTO,LA1,0.06361961910176529,0.10367375069597141,-0.040054131594206115,-0.05751209033095998,0.012420059718544228,0.02090838450445431,0.07741319130653405,-0.03714372465675485,0.6566113251023094,2,-0.1805180370037141,-0.15876969500310895,2.833213344056216,-2.263081969152387,4.604066202424999,7.201995251601766,0.7826203523973961,12.136154345966721,
TAC,PHL,AS3,0.0018812514437512107,0.0024753483126844127,-0.000594096868933202,-0.0024236151905767532,-0.0032439830373727106,-0.0034516756644156917,0.0018812514437512107,,0.5760700877385223,1,-0.4240286814594592,0.232857999759722,0.6931471805599453,-2.3411108376253695,5.004922683209534,6.328799287187598,0.0,12.639259918837855,7.700452054329457
TAE,KOR,AS4,-0.030543134750637812,-0.027551076660380577,-0.0029920580902572397,-0.03481867702118707,0.017162450492619753,-0.046651329557048676,-0.007665259837414028,-0.1146180534059986,,0,-0.21745460095222222,-0.15844939230239843,2.4849066497880004,-2.352283770129488,5.126784121411625,6.405195976780529,0.26394109398396526,13.760337113944058,10.102000858470229
TAG,PHL,AS3,-0.0034296660507759326,-0.012674852204178098,0.009245186153402158,-0.0071900534006923665,-0.0009964414428153413,-0.011236633073837588,-0.0009272625761187934,,,0,-0.41484581596799286,1.565260817553231,0.0,-2.3558011075335266,4.948049915197476,6.431331081933479,0.0,12.198685427096155,7.700452054329457
TAH,VUT,SW1,0.010981699685789312,0.00768341809748173,0.0032982815883075907,0.005085365521803671,-0.0004415811655343496,0.015762090330665234,0.010981699685789312,,,0,-0.7073500484484917,0.268374938743944,1.0986122886681098,-1.4091283993175068,3.0623861379718247,5.226665668866124,0.0,10.19088208365186,7.934420995814924
TAI,YEM,ME1,,,,,,,,,0.5672032955764572,1,-0.43832169024852635,-0.7295237443428171,1.3862943611198906,-2.2829624251289227,5.047847728550507,6.278015985537099,0.1882814415297867,10.616192232311604,7.7123323607144
TAJ,PNG,SW1,,,,,,,,,0.5261732257968632,1,-0.6058960744434991,-0.6897334797837984,1.6094379124341003,-1.435164957379188,2.70805020110221,4.941642422609304,0.0,9.147400572202308,
TAK,JPN,AS4,0.004757612397806291,0.0010956597054674745,0.0036619526923388187,-0.0014305198434646348,-0.002176735480435025,0.0011749340858122838,0.0061918437703993735,-0.014297430629177476,0.6038092561145105,2,-0.29020232652781014,-0.12052669149228172,1.791759469228055,-2.0955175479551555,5.489178160990151,6.3778656788395445,0.02855608650672447,13.830349908160914,10.433822702828955
TAL,USA,NA1,-0.007430418941459686,0.00018348194472947075,-0.00761390088618916,-0.0014285152998746407,-0.0020825847651408814,-0.010686126729891212,-0.007430418941459686,,0.5942217210316838,1,-0.5326144622422152,-0.786461187224796,1.9459101490553132,-1.6419730501987748,2.137375665092265,5.31287935121517,0.0,9.942034962148368,10.894689012037176
TAM,MEX,LA2,-0.01172865915570844,-0.008441229021444077,-0.0032874301342643592,0.0008740600225286874,-0.00040914224239203345,-0.011243117495153578,-0.014684030718483317,0.0440859031665076,0.6031262311515617,2,-0.25108878921869904,0.4385155115115793,3.044522437723423,-1.8592905408968639,4.300223834939195,5.97243625227206,0.036601239027149096,13.119593544957667,9.19803449697713
TAO,CHN,AS4,0.0009859733347031287,0.0028239868653953046,-0.0018380135306921743,-0.004110003470597024,0.001508157952624579,-0.0013412800236605438,0.0055866243270694844,-0.022139929764384253,0.6016619521750124,1,0.04461780836671294,1.8171186812802667,4.060443010546419,-2.3266992856313915,4.945823715720585,6.724795004353764,0.20336756779588994,15.5896044048736,8.391574866779688
TAP,MEX,LA2,-0.00908648092304717,0.012898691159922503,-0.021985172082969677,0.006625527367692591,-0.006669260816379369,-0.00904410566500611,-0.01212661789455758,,0.6029794699077493,2,-0.4449403387555278,-0.054994684466871294,1.3862943611198906,-2.2353620421467877,4.609682995783443,6.778784897685177,0.0,12.095174603814197,9.19803449697713
TAS,UZB,AS2,0.003266431488803615,0.0049025933789583085,-0.001636161890154693,0.00017944894826649947,0.003355317310772334,0.006752465446336349,0.000784768816174477,0.004620164150350209,0.5862973116984636,1,0.1465727548307206,0.13354401995827866,4.143134726391533,-2.2217183691567404,4.850396039981965,7.736973754693578,0.7378206848832979,14.332212880062995,7.480855759504145
TBB,VNM,AS3,-0.03702021255617617,0.015267012552895774,-0.052287225109071946,0.030954189289687413,-0.00351837485998994,-0.009945652892604264,-0.03702021255617617,,,0,-0.507332663118866,2.3036540401829506,0.0,-2.1864011657795412,4.260136817064844,5.940171252720432,0.0,9.469622969906265,7.489383297681163
TBF,KIR,SW1,,,,,,,,,,0,,,,,,,,,7.267774765509127
TBG,PNG,SW1,0.026036001833947352,0.029756284033035842,-0.003720282199088489,0.01774331354616472,-0.011625776538958832,0.03158172408452844,0.026773460488022174,,0.5639253682171974,1,-0.5935526917426206,0.4002731365657784,1.791759469228055,-1.5925920206949735,3.58351893845611,5.954642491366174,0.0,10.244094088295796,
TBI,BHS,LA1,0.0002281008662919047,0.009048360987112442,-0.008820260120820534,-0.06367207897795096,0.04432626956750849,-0.01772887343222461,0.004989957819220327,,,0,-0.49486654662451984,0.30687506065798836,1.791759469228055,-1.591434075851431,3.2962725009491405,5.608231012842112,0.3123911149825784,9.125218118559348,10.420772350869472
TBN,USA,NA1,0.007149719515945846,0.024111421228230144,-0.016961701712284293,0.010337472133762926,-0.009120693915047468,0.006816470505138159,0.007149719515945846,,0.5701546692767326,2,-0.5481067636846841,-0.4460042660903387,0.0,-1.7065054053163282,2.9444389791664403,5.2574953720277815,0.0,9.09504174761272,10.894689012037176
TBO,TZA,AF4,-0.009025700103962767,-0.004104759896705495,-0.004920940207257271,0.024951138514297276,0.0003025815628746361,0.016037256504988936,-0.009025700103962767,,0.5728820224165992,1,-0.5902460272449173,0.7814697205003929,1.0986122886681098,-1.9556325493873226,3.828641396489095,5.935075378016402,0.0,9.728538750071586,6.595124587865934
TBP,PER,LA3,-0.0018654686913131746,-0.004717202704647039,0.002851734013333865,0.0555855428066831,-0.028778358067472275,0.0217576234007923,-0.0018654686913131746,,0.5644403781610883,1,-0.5120010369402659,-0.37043644500011147,1.0986122886681098,-1.589520809342483,4.780580975669148,5.38702719857465,0.0,11.223121142137346,8.391128985115767
TBS,GEO,EU2,0.015968218432640572,0.023712433257598045,-0.007744214824957471,-0.008517367703060257,0.0125979309073223,0.020380024291471902,,0.01493511149288042,0.5951828388623335,1,-0.072748079485159,0.8524060210124572,3.6109179126442243,-2.355868395668575,4.639298514611204,7.499614340166644,0.9965087957809824,13.095892083898512,7.969405137405952
TBT,BRA,LA4,,,,,,,,,0.5792548582918164,2,,,,,,,,,8.987603389267655
TBU,TON,SW1,-0.034177845456301856,-0.11867959606782541,0.08450175061152357,0.023358928184040693,-0.00671291598551877,-0.01779708190991204,,-0.011726131448721509,0.5719289983060319,1,-0.23469525307214142,0.20003438872926715,2.4849066497880004,-2.5307647058045015,3.846656404699552,7.26763456296248,0.7162816724080647,12.052694167478366,8.206827880199734
TBZ,IRN,ME1,0.005576853373931693,0.013565054798810082,-0.007988201424878388,0.001988047397734334,-0.003490132306651101,0.0037528735921805506,0.0051179349835835854,0.007995747549231816,0.6173830003317433,1,-0.33186622805043403,0.3983512454317545,2.0794415416798357,-1.9524616414453488,5.088479767458597,6.565015208753082,0.15234446522645048,12.974937038436286,8.533994841936796
TCB,BHS,LA1,-0.05064804853777472,-0.04617146708785827,-0.004476581449916454,0.029329209184911893,-0.015397448655825123,-0.038705380328964194,,0.006173035338790237,0.5590438164992202,1,-0.4010618429860302,-0.4183747097887603,2.302585092994046,-1.4902936733031809,2.8759584587550795,5.469665110804653,0.6261618972909659,11.440988979585477,10.420772350869472
TCO,COL,LA3,-0.013580788427729838,-0.016234528174478315,0.0026537397467484764,-0.0029736979390256194,-0.0019244793831406396,-0.017426791542651546,-0.013580788427729838,,0.6747823946607919,3,-0.5969358556029962,-0.6292966958893201,0.0,-1.8321159341425994,3.737342959671376,5.777652323222656,0.0,10.329016691680033,8.506587672816924
TCP,EGY,AF1,,,,,,,,,0.600707713799782,1,-0.3808808820402319,1.7661468933713287,1.3862943611198906,-2.6805371710683508,5.434547816141724,8.241153227369912,0.9829009433962265,9.738612909345894,7.97317803761651
TCQ,PER,LA3,0.01310726496966436,0.014824750197957303,-0.001717485228292944,0.014448127555420983,-0.004465950869479263,0.02205885329286266,0.01310726496966436,,0.5612609034199167,1,-0.4878967352431075,-1.072706093117702,0.6931471805599453,-2.2019925951750756,4.804425850229746,6.415831624267014,0.0,11.618968747489705,8.391128985115767
TCR,IND,AS1,0.027656944884557083,0.012492035495502572,0.015164909389054501,-0.00010082487732314546,-0.015653403899363778,0.012058844023240216,0.027656944884557083,,,0,-0.5298215720764083,2.9833024005872244,0.0,-1.7711672468198585,3.828641396489095,6.270988431858299,0.0,9.728538750071586,6.97470991159236
TDD,BOL,LA3,0.020548330734446348,0.12760412909222274,-0.10705579835777637,0.007986038388724668,0.009377548391682856,0.04351167041551004,0.020548330734446348,,0.6076944943358795,2,-0.5342254920571742,-0.38724855525596574,2.1972245773362196,-1.616082316372198,3.1979949858485943,5.9335504749321615,0.0,11.565527402710426,7.733432810667066
TEE,DZA,AF1,-0.03211793327252608,-0.03630585227702032,0.004187919004494223,-0.0023785104930095446,0.0006307836305303686,-0.03396543932920981,-0.03211793327252608,,,0,-0.5472907374589032,-1.1217493504863838,0.6931471805599453,-2.0387023331200447,4.0351380165857975,6.28712534031548,0.0,9.367856809851165,8.375456929632021
TEF,AUS,SW1,,,,,,,,,,0,,,,,,,,,10.871826484872283
TER,PRT,EU1,0.0006078844707052554,-0.002223369481523872,0.002831253952229127,-0.0017179058234570994,0.00010645422548776637,-0.0009477408851614042,0.001646249658545605,,0.5543860781984447,1,-0.26712751758022685,0.24366474874166158,2.6390573296152584,-2.2620381740067455,4.393256860344854,6.607421271429149,0.02952824535599499,12.813498525684642,9.902465561885505
TET,MOZ,AF2,0.02255557655653656,0.03380702518865829,-0.011251448632121757,0.006955959864003155,-0.005021830249434192,0.024000970648713482,0.013074231612950677,,0.5690011868970246,1,-0.6354441086161373,1.5083307959697163,1.791759469228055,-2.0264436968269828,4.7285004700486875,6.554503756097783,0.0,10.879103238494967,6.091422034290103
TEX,USA,NA1,,,,,,,,,0.5696269655929318,1,-0.4544971321891626,-0.6048837175057934,0.6931471805599453,-1.7328595680994725,3.064847753328054,6.029810168132707,0.0,10.356503962502515,10.894689012037176
TEZ,IND,AS1,,,,,,,,,0.5760451496032106,1,-0.5460460760598682,-0.7979065540295455,1.0986122886681098,-1.5515187467406673,3.871201010907891,5.706002231394514,0.0,8.921057018157429,6.97470991159236
TFF,BRA,LA4,,,,,,,,,0.5765850624085571,2,,,,,,,,,8.987603389267655
TFI,PNG,SW1,-0.014612880069024007,-0.006344354139761554,-0.008268525929262454,0.016656510871330247,-0.011373904424159444,-0.011691151648817712,-0.014612880069024007,,,0,-0.6381960159623455,-1.0141875659918915,0.0,-1.3239593513191492,2.8903717578961645,4.608497976080766,0.0,7.940227765145702,
TFN,ESP,EU1,-0.014531798279907606,-0.013753988944682551,-0.0007778093352250515,0.002423244899674841,-0.007721020234133021,-0.01969437911412469,-0.013407976627228757,-0.06826280898245725,0.6452588325472548,2,-0.07296198658051121,0.8503846754369506,3.4965075614664802,-2.351228463990311,4.571235830118141,6.862749775578892,0.03374606134707351,14.913300842212635,10.216062049970796
TFS,ESP,EU1,0.0017675443254582032,0.001834338306363174,-6.679398090497097e-05,0.002584492810288156,0.005524130295656079,0.00969776367460147,-0.021469700698641004,0.008025546069883155,0.6472262192863925,2,0.19885654955793153,0.778963894048097,4.553876891600541,-2.7511157182419104,5.185309505819786,7.883784468551032,0.6842036613973727,14.936111970690266,10.216062049970796
TGD,MNE,EU2,0.004841055947051854,0.00797569513438157,-0.0031346391873297167,0.0024947178083629474,-0.0009266424000853038,0.006234679259821011,,0.004841055947051854,0.5900602841157079,1,-0.25839955083415145,1.532008886056706,2.302585092994046,-2.0802177369337844,4.541133174434744,6.352335792544932,1.0,12.720613359793637,8.659220454626048
TGG,MYS,AS3,0.01999572936755726,0.02595090510546878,-0.005955175737911514,0.0002929697748563166,-0.006213133922692763,0.014384899236566287,0.01686195197367707,,,0,-0.3646683229272943,0.19835815973834262,0.0,-2.0450556715510166,5.038561268104525,5.808142489980444,0.0,12.542402014803477,8.957973567306357
TGI,PER,LA3,,,,,,,,,,0,,,,,,,,,8.391128985115767
TGJ,NCL,SW1,0.03479450737182487,0.01719519688357223,0.017599310488252626,-0.0159587680958933,0.051188551022290675,0.05407589586554296,0.03479450737182487,,,0,,,,-1.567869619974492,2.9444389791664403,4.608597548372595,0.0,8.84980082722101,
TGM,ROU,EU2,,,,,,,,,0.6151143414555351,1,-0.26884144616244243,1.2546301037328977,2.5649493574615367,-2.3934956691878093,4.631804942891245,6.6641989171826905,0.8975412508967586,11.940347740430434,8.92051918100169
TGR,DZA,AF1,-0.026448845772523023,-0.030551591969285176,0.004102746196762148,-0.022606741812344764,0.013056174429451207,-0.03479775573315905,-0.026448845772523023,,0.5730671928251743,1,-0.5420118133823435,-0.12873565434652015,1.0986122886681098,-1.8172586336983372,3.970382186628238,5.721108785764913,0.0,9.31271643859305,8.375456929632021
TGU,HND,LA2,-0.00937071030907615,0.012702681245261298,-0.02207339155433745,-0.009418673731837333,0.01620732627686731,-0.0016240361856929544,0.008331120818826705,-0.0160011766547664,0.5709248590082971,1,-0.2616331876458972,0.1595575603726027,2.772588722239781,-2.169444121910543,4.324988842455572,6.511200135980839,0.6429300341921346,13.106083577658188,7.6658449958021375
TGZ,MEX,LA2,-0.005623840580996201,-0.00589334235360854,0.0002695017726123333,0.0067491087712958035,-0.009420902275457615,-0.008984724933879817,-0.005304481195421693,,,0,-0.35467846399928443,-0.3616661468467612,2.6390573296152584,-2.085037168698208,4.560438977402901,6.450871570383093,0.0,13.187383032778259,9.19803449697713
THE,BRA,LA4,0.006878045095199913,-0.0003655069020036489,0.007243551997203564,0.007465985518949388,-0.010037012455384766,0.004129325292593199,0.006878045095199913,,0.6006922601365345,2,-0.3743344744285842,0.484298311202389,2.1972245773362196,-2.409515133605692,4.947155995199612,6.780705212705891,0.0,12.952189339836721,8.987603389267655
THF,DEU,EU1,,,,,,,,,0.6432902551315788,3,-0.3847819046937013,-1.66727081164801,2.1972245773362196,-1.9106128738589432,3.8627304319672766,6.334621003830222,0.5339516043065772,12.547639027788106,10.56082813498111
THG,AUS,SW1,,,,,,,,,0.5881191807121819,2,,,,,,,,,10.871826484872283
THL,MMR,AS3,-0.08008931696271693,-0.07626031290093079,-0.0038290040617861487,-0.012075194299066498,0.01697092557598711,-0.07466463511158894,-0.08008931696271693,,0.6101540280934787,2,-0.5812514007944901,2.7216465679311774,1.6094379124341003,-1.5215362450745904,4.020043054166865,5.3286287284965645,0.0,10.629392297334245,
THN,SWE,EU1,-0.016937554834524696,-0.008376138061970656,-0.00856141677255405,-0.00020656865931166114,0.0016391537796160152,-0.015275937572469507,-0.016817943613128238,,0.5867073181264795,2,-0.4726852166790545,-0.7582948617191713,0.6931471805599453,-1.709357494117472,3.4965075614664802,5.841845251699941,0.0,10.74073507706983,10.804911375886864
THO,ISL,EU1,,,,,,,,,0.611646739261527,2,-0.7180441310667152,0.9110136747733113,0.6931471805599453,-1.5068682053559344,3.08611633502226,4.927253685157205,0.0,8.642944396721798,10.923369718717666
THR,IRN,ME1,-0.007723812312693994,-0.003150693868940483,-0.004573118443753514,-0.02115019223202648,0.0027676041554724,-0.025237379937141605,0.0013118466115028156,,,0,0.2967360333179429,0.5025116087873367,4.343805421853684,-2.128490655358939,4.954080611119998,7.063555124576681,0.18157734881209503,15.574724796676422,8.533994841936796
THS,THA,AS3,0.0065642853895820094,0.006849952560183486,-0.0002856671706014692,0.010539549058082305,-0.007788074050812174,0.009144882548554275,0.0065642853895820094,,,0,-0.4174794382262925,0.7125115477417364,0.6931471805599453,-2.0318570556409017,4.248495242049359,5.703782474656201,0.0,10.841539776191796,8.468143081239914
TIA,ALB,EU2,0.022434817641773828,0.011278552672377207,0.01115626496939662,0.0001481645146551224,-0.0053530080353251155,0.017122654807181437,,0.022431809879725623,,0,-0.1077584831952416,1.1769629713049645,3.6109179126442243,-2.149429714186431,4.6134555067171075,6.7127354539173245,1.0,13.739870643755529,8.041052263627465
TID,DZA,AF1,,,,,,,,,,0,,,,,,,,,8.375456929632021
TIF,SAU,ME1,-0.029411507784867463,-0.028253004297901636,-0.0011585034869658194,0.0018482804468883478,0.005720405404663545,-0.022463295973146086,-0.018109626564120525,,,0,-0.4111290981156165,-0.1628372647693914,2.302585092994046,-2.100299865640579,4.737116750983102,6.522176326667228,0.0,12.670196522863517,9.96160515693424
TIH,PYF,SW1,-0.014562464063625356,-0.01623574686633308,0.001673282802707724,-0.013402149460027029,0.010286952336518215,-0.01672283897513689,-0.014562464063625356,,,0,-0.53281167798433,1.4964422381259415,1.791759469228055,-1.7656379851529924,4.123782501501952,5.384006410691949,0.0,10.707191723660717,9.982692936106211
TIJ,MEX,LA2,-0.01730542415158123,-0.019109461228726456,0.0018040370771452228,0.004062601738765118,-0.005460736379614308,-0.018852487603842175,-0.018069952518900603,0.013519863533166405,,0,-0.0987141482691337,0.003809071310248787,3.5553480614894135,-2.3761304729372035,4.73505601580511,7.531721943522998,0.01798111401542041,14.654072369958866,9.19803449697713
TIM,IDN,AS3,-0.00944552500038898,-0.01403174743754633,0.004586222437157352,-0.011481462016438551,0.0008641718720678367,-0.019607977954888292,-0.00944552500038898,,,0,-0.42225865368521825,0.3958163213072975,2.0794415416798357,-2.2569173208126116,4.739534067818193,7.132267031823452,0.0,12.16310251207736,7.764360911576746
TIN,DZA,AF1,-0.004734278072907461,-0.0023505498801369,-0.002383728192770575,0.0066941847437381324,0.0003805116505668783,0.002216171087054448,-0.004956053487520554,,0.537359909757716,2,-0.5434819905560953,-0.793836109087775,0.6931471805599453,-2.2471074455366877,4.628756495794233,7.070957644632877,0.0,9.639391789890489,8.375456929632021
TIP,LBY,AF1,0.09793993005545243,0.11091029628426638,-0.01297036622881398,0.015079847310392875,0.0073729898048768665,0.11962425155324159,0.07019117668210625,0.10267068666992976,,0,0.060644111132418105,0.5649926257598633,3.970291913552122,-2.434537459445222,5.022820760699671,7.391046869540336,0.7397247858929291,14.571417491090568,9.526096668898754
TIQ,MNP,SW1,,,,,,,,,,0,-0.6398314657108491,-1.561809349424821,0.0,-0.1790472198351321,1.791759469228055,2.772588722239781,0.0,10.256606180272083,9.909355489147975
TIR,IND,AS1,-0.023219943221468878,-0.03329680512967413,0.010076861908205247,0.0068413137170501345,-0.00042128281783444305,-0.01682723552325271,-0.026357144538842126,,0.595077326854222,1,-0.42361698876601933,4.139453307090347,1.6094379124341003,-2.072666068981995,4.5884303811892515,6.02336328153988,0.0,12.24524047266963,6.97470991159236
TIU,NZL,SW1,-0.0213199013938917,0.010716244825014092,-0.0320361462189058,0.00027370425322645846,0.01222202806489256,-0.011847283892591591,-0.0213199013938917,,0.538752004482236,1,-0.6883201226057293,0.23782781916758222,0.0,-1.79725629951947,2.9462160394079238,6.0844994130751715,0.0,10.117872862176439,10.502717308818164
TIV,MNE,EU2,0.008803329436692677,0.008544802198155219,0.00025852723853744786,0.01794936320480554,-0.006907955029424335,0.018934523872766694,,0.008855924678010104,0.6106954355348444,1,-0.2720113395547867,1.455640666273194,2.1972245773362196,-2.071221053167394,4.612455368447385,6.292974031746327,1.0,12.413846688738872,8.659220454626048
TIZ,PNG,SW1,0.05586553229083121,0.01638476068350018,0.03948077160733103,0.00059460991821488,-0.0314816785053337,0.02619983151622746,0.05586553229083121,,0.5637559233172079,1,-0.6125836709595772,-0.864787894917265,1.3862943611198906,-1.765288765120964,3.2386784521643803,6.170348830692022,0.0,8.988071438072634,
TJA,BOL,LA3,0.021182268470910218,0.10140083949969715,-0.0802185710287869,-0.004226222955470817,0.02810982240024525,0.04572722911336308,0.021089188175959353,,0.620261677052943,2,-0.5606174487330916,-0.042956928064167926,1.6094379124341003,-1.7258403202009411,5.0382728661599065,6.287641984937143,0.0,11.294022907913273,7.733432810667066
TJH,JPN,AS4,,,,,,,,,,0,,,,,,,,,10.433822702828955
TJM,RUS,EU2,0.0015888181215252058,-0.0018453614870944449,0.0034341796086196467,0.0008883642134000181,-0.01000438606649439,-0.007612599250484093,-2.2869203484240675e-05,0.03003261435811424,,0,-0.17324008649293557,1.3083843564362996,3.6375861597263857,-1.9835830989658028,4.358496284018631,7.320205990775194,0.05566458631765604,13.359596009849595,9.064204880368637
TJQ,IDN,AS3,-0.026708425828288966,-0.032171176952018696,0.00546275112372974,0.0024333502082279357,-0.004053694662114191,-0.028593619616341534,-0.026646126261334085,,0.5957536724999553,1,-0.4591227421004346,0.5213036163019847,0.0,-1.7986255480004547,4.774912960575186,5.976350909297934,0.0,11.367957494717622,7.764360911576746
TKG,IDN,AS3,-0.004436615263908611,-0.014061377346102471,0.009624762082193865,-0.0011737585421894557,-0.0030068592149682023,-0.008090379342687413,-0.0044255020077092755,,,0,-0.4004834363822361,0.6623780216795585,0.0,-1.415365390997572,4.790287378544355,5.2574953720277815,0.0,12.347237950557254,7.764360911576746
TKJ,USA,NA1,-0.038935187230049746,-0.030280426345193324,-0.008654760884856432,-0.0012850771647670255,0.008926062592631772,-0.031290200882377765,-0.038935187230049746,,0.5972933694923717,1,-0.5776108579494238,0.26295732566901925,0.0,-1.4474026641533073,2.0794415416798357,5.472138328515114,0.0,8.022240916806537,10.894689012037176
TKK,FSM,SW1,-0.010661467047559417,-0.009737670357910606,-0.0009237966896488201,0.0017466731574698414,5.425669310825864e-05,-0.008879172735171989,-0.013979616474456034,-0.00932814423108398,,0,-0.43576589699096335,-0.34661005320971133,1.791759469228055,-2.4048060196080314,5.0106352940962555,6.761572768804055,0.5,11.041320554357519,7.940523905052037
TKN,JPN,AS4,,,,,,,,,0.6246147160707045,2,-0.5566288687291042,-0.26348789965619623,0.0,-2.113776651184484,5.091590337143135,6.163314804034641,0.0,11.704974555522695,10.433822702828955
TKP,PYF,SW1,-0.03701037190667332,-0.008763823798900599,-0.02824654810777272,-0.2128603783928675,0.15045274929129,-0.08860286973792597,-0.03701037190667332,,,0,-0.5329830615535365,0.33485154782620336,1.9459101490553132,-2.2558289190506686,3.871201010907891,6.89879956569244,0.0,9.052984561199976,9.982692936106211
TKQ,TZA,AF4,0.005168612619615225,0.03588687502044173,-0.030718262400826493,-0.020662193390902504,0.0028538126980476404,-0.00842021549989,-0.011984221528128596,,0.571145174776343,1,-0.5969816382217967,0.9786759623184651,0.6931471805599453,-2.227103205766951,3.828641396489095,6.981934677156389,0.0,9.728538750071586,6.595124587865934
TKS,JPN,AS4,0.0011902691684079695,-0.00835977001413243,0.009550039182540403,-6.136490883248078e-05,-0.0018751078075640735,-0.0006640589425871558,0.0013310154970552876,,0.5966788936879106,1,-0.35109070484837035,-0.32198295459168313,1.0986122886681098,-2.173104639930616,5.381483656199262,6.190802758398144,0.0,13.372737586039461,10.433822702828955
TKU,FIN,EU1,0.0012099889531919225,0.00040579451202640403,0.0008041944411655079,-0.009591838431618349,9.362802120967036e-05,-0.007087310542222607,-0.0012806133954919685,0.0043519652470226785,0.5642444738563362,2,-0.40694731393380157,-0.7119305299979211,1.0986122886681098,-1.6934723376573424,4.338633917501704,5.659120904757623,0.5017823092587981,12.588470402927406,10.741031351305583
TKX,PYF,SW1,-0.004809637796145244,-0.002112041051748032,-0.0026975967443972114,-0.05280361913063321,0.02086631108999884,-0.033666232911544136,-0.004809637796145244,,,0,-0.5259193023996915,0.3805137138849154,2.0794415416798357,-2.213203240764806,3.8722421354163012,6.6724767411195485,0.0,9.758346166866458,9.982692936106211
TLA,USA,NA1,-0.01840481278184502,-0.016451638044598677,-0.001953174737246346,0.016107709809487704,-0.01511074026874434,-0.016177641048862015,-0.01840481278184502,,,0,-0.7309407976058623,0.2898514806538972,1.3862943611198906,-0.3239231684651664,2.061966565577709,3.2269391978927575,0.0,9.523032079931992,10.894689012037176
TLE,MDG,AF4,-0.021361441640461463,-0.025330635328316118,0.003969193687854629,-0.00608619626419802,0.00873643347497089,-0.019109103256944922,-0.021323100330980116,,0.5852518694188507,2,-0.5665998414189065,0.2592146534730808,1.3862943611198906,-2.1805150661533674,4.465396463438835,6.353751517660003,0.0,11.103964252605355,6.16075460811433
TLH,USA,NA1,-0.008647145403842347,-0.016246720621091826,0.007599575217249483,0.0016852472715799198,-0.0005364767853088009,-0.007784676548284892,-0.008647145403842347,,0.6588335916047903,2,0.15057648229434809,-0.398408784194722,4.59511985013459,-1.777441481690456,3.8796971798425552,6.220081393748365,0.0,13.365242102759407,10.894689012037176
TLL,EST,EU2,-0.01314132709707556,-0.014851220437647314,0.001709893340571751,-0.012373354812822552,-0.0016290940559941928,-0.026596383578163893,0.029585747716440774,-0.013706820174693001,0.6024131683901224,1,-0.08901694959203559,0.8801023425244324,3.4339872044851463,-2.2894606996363622,4.453296648972765,6.842976076243196,0.9810541149030596,14.026403374523996,9.772436862056836
TLM,DZA,AF1,0.005337542629957729,0.010927030990632169,-0.005589488360674417,0.0014492037941714656,0.0041392700336346224,0.033419754057102825,-0.04291050305661766,0.012040470910098912,,0,-0.48179286655991976,0.02232312946422862,1.0986122886681098,-2.50402121478512,4.987996531980855,7.046034875795741,0.662020905923345,11.00658974647709,8.375456929632021
TLN,FRA,EU1,-0.009882477104000514,-0.013923626019624397,0.004041148915623871,5.727184632174523e-05,-0.0015288145151458325,-0.011326573669338523,-0.011305941945043715,-0.005570762647915442,0.6034556370495815,1,-0.32380909940963376,-0.3554864469041575,2.1972245773362196,-2.4321655126465753,4.948636540186819,6.6507241100093415,0.2544229938937889,12.91244449341827,10.500183536717612
TLS,FRA,EU1,-0.0027268340374711074,-0.0033286120246332545,0.0006017779871621442,-0.00048454167633575466,0.0001256406792353625,-0.003257738953861091,0.0016268733172833017,-0.007886719634568957,,0,0.04973834153240554,0.14739577714469895,3.9512437185814275,-2.2981537802794128,4.663152709580256,6.6277562255395175,0.3839327765015715,15.241419785318145,10.500183536717612
TLT,USA,NA1,0.02950952675416613,0.014034770366896019,0.015474756387270097,0.003150951383175967,-0.017578537343129096,0.014915993183939746,0.02950952675416613,,0.5781611298379743,1,-0.7308673709258979,-0.43969382043165667,1.3862943611198906,-0.5852515766383941,1.791759469228055,3.9793727886541608,0.0,8.83927669058535,10.894689012037176
TLV,ISR,ME1,-0.004107708513494499,-0.0026000373290039104,-0.0015076711844905935,0.00037653714728261354,-0.00245760792443446,-0.0062224710447161494,-0.013799678861170185,-0.003482103474554918,0.5960456292324161,2,0.28225695838401393,0.003434961554035124,4.356708826689592,-2.2918311385224386,5.139748954307026,8.26960385655542,0.9599536473184221,15.429926459624985,10.376709835655385
TMC,IDN,AS3,-0.0004741945338834724,0.01416711589282583,-0.014641310426709292,-0.00952711044977192,-0.01847118317477121,-0.02679287067603649,-0.0004741945338834724,,0.6167592597322045,1,-0.5417519646870117,2.069529296038917,1.0986122886681098,-1.9679805146317542,4.599171839668308,6.157276778701214,0.0,10.322756941620689,7.764360911576746
TME,COL,LA3,0.05172116955530708,0.04253938039807372,0.009181789157233375,-0.02073327475040175,0.00887723229031473,0.04367609622938682,0.05172116955530708,,0.553478052757336,1,-0.5534919379413944,-2.7771978657721896,0.0,-1.7618949654508356,3.327165380031907,5.799092654460526,0.0,8.232440158470336,8.506587672816924
TMI,NPL,AS1,,,,,,,,,,0,-0.5989980601921153,-1.6312728410373003,0.0,-1.5975972870812847,2.70805020110221,5.220355825078324,0.0,7.725330037917135,6.450827592374355
TMJ,UZB,AS2,-0.003437573965019782,0.013296987254588038,-0.016734561219607817,0.002766316428298057,-0.0013889446774981145,-0.0015815517873159187,-0.00343420141654382,-0.0055374958773228644,0.5968728840246015,1,-0.4653197139367536,0.03749252238860671,0.6931471805599453,-2.0492853607491623,4.040819533493404,6.909610153961652,0.20998668645844493,11.08746681134216,7.480855759504145
TMM,MDG,AF4,-0.015829522384605957,-0.004404599680945844,-0.01142492270366011,-0.002734874124667173,0.0003722960511272182,-0.0188300010153106,-0.014144488761236956,-0.018222508189133624,0.5955705147205712,2,-0.5452581348119901,-0.17816686657223504,1.9459101490553132,-1.8943864104988672,4.223184057919556,5.756968547273575,0.18383784857918792,11.231689240001836,6.16075460811433
TMP,FIN,EU1,0.020502356650297808,0.01345450757005677,0.007047849080241033,0.046981203615042516,-0.025198147899612514,0.03999124347266209,0.009418316849079834,0.03723520833475569,0.57054062977302,1,-0.3423155771054184,0.7690045725316488,2.3978952727983707,-2.516430948283146,4.5969372088371685,6.813306460562408,0.7398102593817594,13.227994656402453,10.741031351305583
TMR,DZA,AF1,-0.018261630294376427,-0.018686925232365398,0.00042529493798898347,-0.014185100341298832,0.0066327696867162465,-0.025376808522564933,-0.012433985244444909,,0.6184819629047826,1,-0.30189858020271787,-0.7864722623387388,2.0794415416798357,-2.502712761141827,4.7909278615440085,7.19787550440735,0.12466149124390684,10.69901079971294,8.375456929632021
TMS,STP,AF3,-0.026136785928196855,-0.09709101412620123,0.07095422819800436,0.010384649818301589,0.0009598532818199884,-0.014526907662936798,,-0.015202760937400387,0.6064425105680322,1,-0.41484857719908014,0.3306404253517348,1.9459101490553132,-2.4775184847411866,4.076182019325536,7.904681806203617,0.8942052005068442,10.933696081870927,
TMT,BRA,LA4,,,,,,,,,0.5638968069026277,2,-0.61359202923061,0.08714309534528458,1.9459101490553132,-0.9634846727651197,3.828641396489095,4.848116364598481,0.0,10.05517806577656,8.987603389267655
TMU,CRI,LA2,0.02196617066547306,0.05190235187254828,-0.0299361812070752,-0.002464239156276125,0.007613169114785347,0.016984401295988782,0.02196617066547306,,0.5681462990718034,1,-0.4977486808306338,-0.4161688482941604,1.9459101490553132,-1.447772205802098,2.6875093064084665,4.527673061266239,0.0,9.766693701018134,9.188044812282184
TMW,AUS,SW1,0.014761633499778888,-0.03035765444593668,0.04511928794571558,-0.0007433836765693134,-0.04057394788544694,-0.02706115658997211,0.014761633499778888,,0.6055191581142993,2,-0.4218123116037553,-0.36482761102346706,0.0,-1.1750227872057395,3.145009828621773,5.75890177387728,0.0,11.188994259843327,10.871826484872283
TMX,DZA,AF1,,,,,,,,,0.5841947525218396,1,,,,,,,,,8.375456929632021
TNA,CHN,AS4,-0.001106267071771178,0.0020279378503049736,-0.003134204922076153,-0.002651427591443492,4.994450180202309e-05,-0.0034521663975116785,-0.00029415687806216183,-0.02067901917335519,0.6640336835428771,2,-0.06716017952448007,1.678549575892245,3.784189633918261,-2.3981874209416967,4.912799976706801,6.9039921665995,0.032035923153048755,14.990954867100024,8.391574866779688
TNE,JPN,AS4,,,,,,,,,0.557066139685068,1,,,,,,,,,10.433822702828955
TNG,MAR,AF1,0.029392672089273042,0.01689280775641136,0.012499864332861708,0.00526047350165453,-0.0067687488876904504,0.0275192152137071,0.041420748239141825,0.03355364971651197,0.5569955033616687,1,-0.2667337731054172,0.2720981822508926,2.3978952727983707,-2.286772765616216,4.5735192278449555,6.8260286053419605,0.6958724423673566,12.542876969861302,7.84016154894035
TNJ,IDN,AS3,-0.013906699868850306,-0.030998212912783943,0.017091513043933637,0.011355584925112374,-0.002767783891080005,-0.00617686130324277,-0.01397548292912641,,,0,,,,,,,,,7.764360911576746
TNK,USA,NA1,-0.010604921583495524,-0.018451639558609043,0.007846717975113519,0.00298063338992037,-0.007819934962147512,-0.01643714592397811,-0.010604921583495524,,,0,-0.718754861779572,0.2174142697907364,1.6094379124341003,-0.4400741204366514,1.9684282331173144,3.8078844252744566,0.0,9.830540444780063,10.894689012037176
TNN,TWN,AS4,-0.12459592155098374,-0.11869491089912762,-0.005901010651856147,-0.007165631427610209,0.00405123601069302,-0.1287158233387946,,,0.5547992507608233,2,-0.5959257418607098,-1.044226405591061,1.0986122886681098,-1.7708231649501232,4.608612584313059,5.507457388951413,0.0,13.364507665959358,
TNO,CRI,LA2,-0.03858167808703943,-0.006153384721447171,-0.032428293365592255,-0.0060375749683469326,0.00749062715008753,-0.03849709603330268,-0.037367987205071465,,0.5746470351096609,1,-0.4673166219846356,1.0164650967944748,2.3978952727983707,-1.6494938482179982,2.7742313435343715,5.07930955618334,0.03394384813141803,11.139670979723071,9.188044812282184
TNR,MDG,AF4,-0.015720263403089,-0.01720905957074207,0.0014887961676530717,0.015006049579672474,-0.003633375290792347,-0.004692239297633321,-0.028618749819683872,-0.007296956793818772,0.7071087082538391,3,-0.14794014548262302,0.33660629872807174,3.258096538021482,-2.3654606800795466,4.793315518931714,7.916597557012436,0.5587228116345698,13.444514990195685,6.16075460811433
TOB,LBY,AF1,,,,,,,,,,0,-0.5552441845798132,-0.35797326304641053,0.6931471805599453,-1.987942742390721,4.7718247825825,6.888491145773404,0.0,10.109362862283819,9.526096668898754
TOD,MYS,AS3,,,,,,,,,0.5490177555224136,1,-0.8538470114903646,-0.6821748201039429,0.6931471805599453,-1.2262512081153614,3.871201010907891,5.427507178083141,0.39847715736040606,10.54069910076577,8.957973567306357
TOE,TUN,AF1,0.06180899218791479,0.07305158601376498,-0.011242593825850179,-0.022661955378399278,-0.004968475287081225,0.034658912542032315,0.05053025970288916,,0.5629405385538688,1,-0.38794783005176026,-0.13202010401856812,2.1972245773362196,-2.4658460582878647,5.038332864882587,7.207579418780617,0.7938199731303179,10.929977076708358,8.200321146745102
TOF,RUS,AS4,0.011870609399959202,-0.0022156260131358033,0.014086235413095012,0.007875759088710896,-0.003654542332973758,0.015993337733919505,0.012463195057242457,,0.5813534236777118,1,-0.4369649570998574,-0.0392685948593592,1.9459101490553132,-2.36615144793766,4.90086931708659,7.962693328037667,0.0,11.782280620729125,9.064204880368637
TOL,USA,NA1,-0.05556411162432314,-0.07326705098523228,0.017702939360909144,0.011423738877392982,0.0008238884724950969,-0.044076948493188856,-0.05566864426731169,,0.5931294687998905,2,-0.13712782576921156,-0.9141240880272061,3.784189633918261,0.20446298345157574,3.213560065623456,6.172540192829334,0.0,12.490717610636956,10.894689012037176
TOM,MLI,AF3,,,,,,,,,0.5681609927342048,1,-0.62421019629031,-0.6376531099851699,1.0986122886681098,-1.7666548508515947,3.4157254822250653,5.945805094131238,0.0,8.227909837597483,6.665548568543968
TOS,NOR,EU1,-0.002450239747082132,-0.004117066388893085,0.0016668266418109522,0.0003757831381649686,-0.0014632560849773962,-0.0036059131085010364,-0.0029445356290725036,0.07268182974742722,0.5681548993442626,1,-0.0928783258162575,-0.15398271346929585,3.367295829986474,-2.2683313190890084,4.457722147499974,6.526816063518766,0.00719724551648977,14.03402420780662,11.24000991778092
TOU,NCL,SW1,0.0221711802751397,-0.001479358431359313,0.023650538706499018,0.015021692458520378,0.04022917594885066,0.09059028899586807,0.0221711802751397,,,0,,,,-1.6896554601883724,2.9444389791664403,4.850983065080557,0.0,8.286773231131251,
TOW,BRA,LA4,,,,,,,,,,0,,,,,,,,,8.987603389267655
TOY,JPN,AS4,0.02500618243157835,0.0003043750559208574,0.024701807375657497,-0.02071929626912246,0.008711297707000784,0.014188778900736393,0.029173408780011796,0.0010818031315101193,0.611713273965065,2,-0.2832254749161919,-0.02992709170514107,2.1972245773362196,-1.9220887471823138,5.282442017389746,6.141474686237079,0.11576778709112974,13.471131141833949,10.433822702828955
TPA,USA,NA1,-0.01190489747143329,-0.009925632265685817,-0.0019792652057474664,-0.0019347868911340689,0.001400944925632217,-0.012403340927948921,-0.011752647788636623,-0.014279235018011007,0.6228712636849612,2,0.5750115714733846,0.13595973929592212,4.983606621708336,-2.4335585327093154,4.826256643957225,7.224737886596943,0.02894592865362775,16.35936701608655,10.894689012037176
TPE,TWN,AS4,-0.011346815089183355,-0.009739134407075984,-0.0016076806821073654,-0.00556257929475029,0.0047296436530991125,-0.012140623786485038,,-0.010606162349344604,0.6334453771883304,2,0.5569064420810402,0.25166670642808703,4.204692619390966,-1.9772679899607686,5.412085439526323,7.8500583461267786,0.9749177590098249,16.674637461921126,
TPP,PER,LA3,0.01301655176466512,0.016404322942996884,-0.0033877711783317577,0.005418867374469477,-0.0028841708028617048,0.014863911258526626,0.01301655176466512,,0.585088311743861,2,-0.5019031136911958,-0.6269767683271747,1.0986122886681098,-2.0564585693909443,4.724896546077763,6.310007705458116,0.0,12.000068865530535,8.391128985115767
TPQ,MEX,LA2,-0.04333058709518592,-0.02096756357317154,-0.022363023522014386,-0.01568444704194421,0.01658410667061592,-0.042755746914351286,-0.04333058709518592,,0.5682391627900726,2,-0.45256044220242386,-0.7849932257115915,0.6931471805599453,-1.9802920724074398,4.227521053166794,6.860257217907864,0.0,11.573531263080087,9.19803449697713
TPS,ITA,EU1,0.05333773149685758,0.026644523790826415,0.026693207706031175,0.024267829517241473,-0.021648806200022387,0.05427260238009147,0.03322373570965974,0.10819592496865259,0.6320657586577738,2,-0.3254926379224134,2.0804257200724305,2.6390573296152584,-2.262175419412602,4.637215551446102,6.455998400437837,0.11952527789061634,12.97910252096229,10.438808040299792
TRA,JPN,AS4,,,,,,,,,,0,,,,,,,,,10.433822702828955
TRC,MEX,LA2,-0.01514224702591847,-0.0024966668388220967,-0.012645580187096384,-0.003924866087599346,-0.0032649194352993606,-0.021722366285392553,-0.015308960401368716,-0.009631519942109056,0.6126589568089102,2,-0.1413724649628715,0.25298888806067166,3.6375861597263857,-1.9882489451618388,4.238192145188197,6.618261100367459,0.09378726311238439,13.384633791314148,9.19803449697713
TRD,NOR,EU1,0.0005615585915775884,-0.0012563439194120574,0.001817902510989647,-0.0017546823495335857,-0.0005728811879380343,-0.0017849458615309232,-0.00011421932253565946,0.006323690135846707,0.6502265104246079,2,-0.0921843128596132,-0.05341649213398699,3.4011973816621555,-2.126811653833704,4.68993061486002,6.193577093052021,0.11738963742142156,14.723963857242792,11.24000991778092
TRE,GBR,EU1,0.03909005551907097,0.04116615050407631,-0.00207609498500531,-0.0045154309499857714,0.006667575376399663,0.04230957015546266,0.03909005551907097,,,0,-0.528101813424041,-0.17883751409155313,0.0,-1.4697276611268983,3.1534825696174402,5.110079503741455,0.0,8.886823846515187,10.711795251008132
TRF,NOR,EU1,0.019636516993138155,0.01318256736502935,0.006453949628108802,0.002968400513113799,-0.00355820894354146,0.018746599512862852,0.021966470745526524,0.015295022568401833,0.6090307825908956,1,-0.2155871164628778,2.074409457420228,2.995732273553991,-2.521397320108725,4.648983250560166,6.825985387229455,0.7718701923157583,13.991228693416287,11.24000991778092
TRG,NZL,SW1,-0.016298063875788464,-0.017405315265058813,0.0011072513892703448,0.008132358594028338,-0.004464092017359421,-0.013125714344028287,-0.016298063875788464,,0.5622795566550073,1,-0.4747957552669846,0.8453520230863363,1.0986122886681098,-1.8787395774490303,3.498920904084361,5.7137248729184416,0.0,11.888735166170768,10.502717308818164
TRI,USA,NA1,-0.003244935870072423,-0.01901655648147018,0.015771620611397752,0.0038134872523618996,-0.005086739131154839,-0.00535766475757639,-0.003190709347575135,,0.5952739075073203,1,-0.009388622717455875,-0.025536198333776704,4.204692619390966,-1.5696426920013038,3.76713681934986,5.933550243641892,0.0,12.818481459835585,10.894689012037176
TRK,IDN,AS3,0.020720285836683148,0.0023409325321497895,0.01837935330453337,0.009417506566561588,0.003541087914246497,0.033784927504410214,0.019261015963377176,,0.6132209475806096,1,-0.44187130675582287,0.5599804749670229,2.0794415416798357,-2.0310655505556228,4.1497083411135085,6.086416048198844,0.0,11.916548878199022,7.764360911576746
TRN,ITA,EU1,-0.012271828042780611,-0.01959713384426709,0.007325305801486467,-0.001633661969937119,-0.004583152634967435,-0.018441887590186726,-0.00334009143447011,-0.021613306427906688,,0,-0.02475468448104765,0.31205495630380725,3.8501476017100584,-2.192733632867254,4.679969003704125,6.515716570734332,0.4127381388280812,14.972927774594067,10.438808040299792
TRS,ITA,EU1,0.010092909791070205,0.005019119933977528,0.005073789857092673,0.008405011666466143,-0.002727797014376271,0.014658427247347705,0.003342589408630011,0.026919951455593907,0.5941634896294867,2,-0.2954926102528466,0.41930037761579453,2.5649493574615367,-2.1212442186094282,4.4796605876818525,6.216490997296091,0.27669899129090136,13.371584727836392,10.438808040299792
TRU,PER,LA3,0.016844309989584496,0.01615368764598551,0.0006906223435989923,0.029120429708158813,-0.01722939775746385,0.026780090599812616,0.01694092835303807,,0.5577200510302461,1,-0.5080816768138386,-1.1703188666750861,0.6931471805599453,-1.8219795892491641,4.76380722650353,5.710614869277994,0.0,11.654416346650697,8.391128985115767
TRV,IND,AS1,-0.0051619972446423105,-0.006083482626397097,0.000921485381754784,0.008749022117804747,-0.0026702195004870903,0.0004930566802642073,-0.01522767633589108,0.003152678202077773,0.5774170657125031,1,-0.11445524868999356,0.70705245626745,3.295836866004329,-2.460470591573387,4.989347541723021,7.357749495174717,0.5231340818621415,14.314444150997392,6.97470991159236
TRW,KIR,SW1,-0.05246602821705528,-0.07139794933559694,0.01893192111854161,0.022128305988890734,-0.005579930561416915,-0.03691933358596802,,-0.04597839672383011,0.6200313365800261,3,-0.4891226425065994,-0.35707717633391867,1.6094379124341003,-2.503842546081733,4.889709673867661,7.2034972140057825,1.0,10.399098010495639,7.267774765509127
TRZ,IND,AS1,0.019557061216833288,0.006974991238235927,0.012582069978597375,0.04883958802581444,-0.025508270064713852,0.04022417282330726,0.002931067554606759,0.03083904794889255,0.6104586313801377,1,-0.29249915029801027,2.3034992423924847,2.3978952727983707,-2.0773252540298617,4.7838730491192685,5.96327515642669,0.40437402521275223,12.565846283553652,6.97470991159236
TSA,TWN,AS4,-0.05197056265679752,-0.043318865584061554,-0.008651697072735972,0.01344583042343711,-0.004898143553912314,-0.04396635272289946,-0.07754093155570402,0.024476586953448665,0.6395632350214409,3,-0.26248323127146206,-0.881389605018724,2.3978952727983707,-1.8260490764372528,4.81067086906981,5.600050223025845,0.0,15.27628533972748,
TSE,KAZ,AS2,-0.0003614698337125518,-0.018732906279215936,0.018371436445503393,-0.0010583372635293183,-0.06436026534368157,-0.0649827753764893,0.0005579588175778343,-0.0008424424602871069,,0,-0.12861819663880514,3.1808368176757176,3.4011973816621555,-0.9347192452699024,4.388182181294544,7.381604116942652,0.3012354055744417,13.672330480415447,8.99179572921663
TSH,COD,AF3,,,,,,,,,0.6011472166634948,1,,,,,,,,,5.9334040464695645
TSJ,JPN,AS4,0.02076511846893521,0.024235265205147356,-0.003470146736212141,0.0032969792026249292,-0.0028898414886196523,0.02084488752248535,0.02076511846893521,,,0,-0.49438515413274714,-0.49775617690851487,0.0,-1.1935357417830224,4.431282979194485,4.859812404361672,0.0,12.065620214822806,10.433822702828955
TSN,CHN,AS4,0.010175394152369645,0.012459989186361153,-0.0022845950339915027,-0.003614134286598211,0.01544278170616518,0.021781139792772745,0.015278259025272028,-0.019902127726515898,0.6400804334032695,2,-0.03435188323492928,1.6113599281393063,3.8501476017100584,-2.169477146544933,4.74415212576638,7.085732714514014,0.18432988556503863,14.79161014371254,8.391574866779688
TSR,ROU,EU2,-0.020318820916796036,-0.023941254112199113,0.003622433195403079,0.0006643861911470536,0.0003542178607987347,-0.019221456384306397,0.010642515988521119,-0.03129301397918008,0.6230337896710225,2,-0.14817709112601027,1.556166346834731,3.4339872044851463,-2.067236531827759,4.018161461089989,6.419462295801868,0.7394802928822478,13.483609059585774,8.92051918100169
TST,THA,AS3,0.0729750528494636,0.06522850344188881,0.0037340491045489057,0.0005363545373621732,-0.001437996831229871,0.0669344463307741,0.0729750528494636,,,0,-0.4150638973252462,0.07440299910780324,0.6931471805599453,-2.1925415335912453,4.8627126674181325,6.56201757703767,0.0,10.821137360447914,8.468143081239914
TSV,AUS,SW1,0.020688321257280526,-0.014131258924516707,0.03481958018179721,-0.0006702834795012997,-0.02221143221028663,-0.0021630691595882863,0.021804841656019813,,0.6589159683393951,3,-0.28406142967093867,-0.21396314424662874,2.772588722239781,-2.087613746542239,3.963568615931305,6.940203730390035,0.0,13.608220670573232,10.871826484872283
TTB,ITA,EU1,,,,,,,,,0.5672216068159346,2,,,,,,,,,10.438808040299792
TTE,IDN,AS3,0.013635957218949248,0.020589724888002908,-0.006953767669053662,-0.0038132619555932895,0.00922771825556198,0.01914121643638987,0.013635957218949248,,0.6083174901257588,1,-0.6360852895970726,0.8194482121565992,0.6931471805599453,-2.076317513784069,4.287320335219847,6.360370329811862,0.0,11.533688415322308,7.764360911576746
TTJ,JPN,AS4,0.0012599938625390682,-0.0009556184161661127,0.00221561227870518,-0.00022208502226946536,-0.0004225909249158505,0.0007157535169672463,0.0012277897933700751,,,0,-0.4353223173192294,0.2694737313650628,0.0,-2.356742489877408,5.114291618719066,6.2285110035911835,0.0,12.400483333421448,10.433822702828955
TTN,USA,NA1,,,,,,,,,,0,-0.3671623928132137,-1.798861457013436,1.9459101490553132,-1.7779469251874505,3.3828430774245453,6.144125640622486,0.0,11.161891722350102,10.894689012037176
TTQ,CRI,LA2,-0.08638959241993734,-0.08232837780904777,-0.00406121461088953,0.10596506285428439,-0.006819310316962208,0.013018385858680235,-0.1279750661493604,,0.576169055951707,1,-0.4908470427310012,1.7018646623345086,2.0794415416798357,-1.5161494724725804,2.859318784380928,4.81148721600526,0.0,10.266636494850344,9.188044812282184
TTR,IDN,AS3,,,,,,,,,,0,,,,,,,,,7.764360911576746
TTT,TWN,AS4,-0.060903829141471744,-0.06369806877555179,0.0027942396340800415,-0.00257450042973607,0.005518417375489674,-0.05923462000591841,-0.0602888761759969,,0.5075936982253205,1,-0.5461702860375907,-0.6884327270831938,0.6931471805599453,-1.7648591591308322,5.007190558380369,5.560561218161241,0.0,12.750893816554123,
TUA,ECU,LA3,,,,,,,,,,0,-0.5389725194250545,1.0226533028515683,0.6931471805599453,-1.2743486182738597,4.237700150482672,5.4680601411351315,0.5,9.987093136390925,8.458568582904595
TUB,PYF,SW1,0.001675924786415665,0.011342652747384115,-0.009666727960968452,-0.009207435530364596,0.014526761751557465,0.00742935600835356,0.001675924786415665,,,0,-0.5518117304477276,0.49440501156000966,1.3862943611198906,-2.1410254859367863,4.175724168490478,6.078848057586166,0.0,9.796125034207629,9.982692936106211
TUC,ARG,LA4,0.017671909414581077,0.01965683921886336,-0.0019849298042822735,0.0009691576852379007,-0.0032214824767063796,0.0155348565743029,0.015494948943739829,,0.5439099523736717,2,-0.6661885894899081,-0.8927499824073246,0.6931471805599453,-2.2656373043113773,4.908357942260885,6.9752519893849785,0.0,12.02556344542523,9.45812987103844
TUF,FRA,EU1,0.031898093967630006,0.0311769948509535,0.0007210991166764975,0.01759352320739243,-0.007608226251745729,0.04095027949562841,,0.006451361353038148,,0,-0.49518064818581703,0.22335266788836952,0.0,-2.410429670478068,5.241747015059643,6.206575926724928,1.0,10.915070282231135,10.500183536717612
TUG,PHL,AS3,0.05198470554864881,0.08018156231356145,-0.028196856764912633,0.0016378247868028474,-0.004713718296246628,0.04860118887045287,0.05128329232090592,,,0,-0.4832034248680312,-0.9474456460379893,0.0,-1.8466538027601749,4.770684624465665,5.863631175598097,0.0,9.870551052289864,7.700452054329457
TUI,SAU,ME1,-0.05944091304310705,-0.03243703393989271,-0.027003879103214338,0.02165727515171988,-0.009529323332129878,-0.04822148004022768,-0.05944091304310705,,,0,-0.44104044242464446,0.5832515097367278,2.0794415416798357,-1.8130938484704953,4.505507691444903,6.122550678210331,0.0,10.768905954036526,9.96160515693424
TUK,PAK,AS1,0.01214548415787714,0.018013095850300392,-0.005867611692423268,-0.0016096367557465313,0.009421181982938984,0.020015254086100685,0.013638271639887905,0.0193588325122908,0.559994697484687,1,-0.4514180496887275,-1.0880980354148588,1.791759469228055,-2.0058608169787697,3.868759347969641,5.983032435252039,0.13913529370678215,10.262350101920273,7.14310852796464
TUL,USA,NA1,-0.011116845879519338,-0.012316211849323126,0.0011993659698037852,-0.0023213878924364796,-0.0013190403474494636,-0.014613299088577763,-0.011115232407975696,,0.6552107743656617,2,0.3839362701298772,-0.16077260250302378,5.017279836814924,-2.066769989972897,4.443756019791763,6.6559739682942665,0.0,14.734918027760829,10.894689012037176
TUN,TUN,AF1,0.007474982634541403,0.016002659055130233,-0.008527676420588819,-0.004682060710212502,0.0016540969246101448,0.004547392172592141,0.18981660290219807,0.004049133057656176,0.5770125224354526,1,0.09044766525230308,0.21438353265502233,4.110873864173311,-2.480446471748465,5.031747876211557,7.326487028618977,0.9938887818079545,14.748544339435787,8.200321146745102
TUO,NZL,SW1,-0.026685491989674147,-0.010746708486896888,-0.015938783502777262,0.00580738575134486,0.007672452639807677,-0.018336602968375137,-0.026685491989674147,,0.5832291465653461,2,-0.5004967667161924,-0.6625411051753564,0.6931471805599453,-1.6034638394066154,2.944748919394735,5.604254908363193,0.0,10.71834338675493,10.502717308818164
TUP,USA,NA1,-0.020364775943883442,-0.019541586743613858,-0.0008231892002696153,0.026984822529123747,-0.004991379219613185,0.006701726527685694,-0.020364775943883442,,0.6235596063221627,2,-0.30007967841930117,1.1025663668881347,3.044522437723423,-1.3757293218139937,3.573227410742592,5.365427166977751,0.0,11.364750229893325,10.894689012037176
TUS,USA,NA1,-0.009382016452247496,-0.008552346993294008,-0.0008296694589534864,-0.004899667724758963,0.0035232463124190067,-0.010735851710332832,-0.00942866972345807,,0.5837176088143514,1,0.3272965344983635,-0.38241958928699293,4.844187086458591,-2.2958970953304165,4.597333914444356,7.059228501244691,0.004176995606511659,14.877303940164165,10.894689012037176
TUU,SAU,ME1,-0.033327710663214646,-0.02907212955157419,-0.0042555811116404595,0.00068641967887465,0.004583745457473544,-0.027959183148419706,-0.02774645283168809,,,0,-0.38865980040804776,0.1099507825239011,2.5649493574615367,-2.0331683473225968,4.73042281921919,6.663626056284079,0.0,12.993497655021788,9.96160515693424
TVC,USA,NA1,-0.024278379549522063,-0.00509694937788731,-0.01918143017163474,-0.0019420373633659061,0.008785563480038124,-0.01770657104097229,-0.024278379549522063,,0.7781222305165828,3,-0.09557831880148773,-0.16388609168731158,3.828641396489095,-1.6593613790653858,4.165784833207576,5.9562031013339105,0.0,12.62195332278604,10.894689012037176
TVF,USA,NA1,0.06406751662298533,-0.04127532383152925,0.10534284045451457,-0.08164092688577866,0.023963021018861653,0.014031522055323879,0.06406751662298533,,,0,-0.4839367606660664,-0.07914863309286713,1.0986122886681098,-1.274915472612478,3.4965075614664802,5.114102645046198,0.0,9.935857932566579,10.894689012037176
TVU,FJI,SW1,-0.03896476065205556,-0.0375878718867827,-0.0013768887652728663,0.011952205118899169,-0.0018854607178147458,-0.029039504932345882,-0.03896476065205556,,0.5525763909029427,1,-0.5574869334539263,-0.12082785054144585,1.3862943611198906,-1.7594620921970898,2.8322836303410517,5.167539663391772,0.0,10.669048413605118,
TVY,MMR,AS3,-0.038458421154488207,-0.022480370889404966,-0.01597805026508324,-0.01106022621869259,0.015983384539489224,-0.03202576288231879,-0.038458421154488207,,0.5616205043318605,1,-0.6091328488086769,-0.03495653944158092,1.3862943611198906,-1.6285710860134697,4.04433174079946,5.694207849485256,0.0,10.324727579759655,
TWA,USA,NA1,0.0007925457753723745,-0.021297155351460775,0.02208970112683315,0.007573123721465685,-0.024414832988006008,-0.01637484889018879,0.0007925457753723745,,,0,-0.7515134090196468,-0.07684577400442331,0.6931471805599453,-0.9218361845676692,1.688683719337212,4.0163830207523885,0.0,9.068315871946766,10.894689012037176
TWB,AUS,SW1,,,,,,,,,,0,,,,,,,,,10.871826484872283
TWF,USA,NA1,-0.04307132376456837,-0.028123484508677184,-0.014947839255891177,-0.0087953377664187,0.0028810720806004774,-0.04705283952614114,-0.04307132376456837,,0.575396364690405,2,-0.4786395498196454,-0.48189678980363937,0.0,-1.584743900068782,3.4011973816621555,5.641907070938114,0.0,10.991544327264721,10.894689012037176
TWU,MYS,AS3,0.011220145579120128,0.013747655757357067,-0.002527510178236941,0.008122783430430968,-0.00281239781441243,0.015945444272280743,0.008756935996972198,,,0,-0.3798746587232813,0.2431032587968961,1.3862943611198906,-2.468477869106351,4.9226128542066965,6.698361934117144,0.0,13.106847628301518,8.957973567306357
TXK,USA,NA1,-0.011838596845842032,-0.020731976187629765,0.008893379341787726,-0.005125991052893745,-0.007870613753035789,-0.02456682088723417,-0.011838596845842032,,0.7404970724538086,3,-0.38536239919992565,-0.3934667274876552,1.9459101490553132,-1.6868800191995585,3.6374462467520274,5.800786743357705,0.0,11.177005076053058,10.894689012037176
TXL,DEU,EU1,0.005855337891027596,0.0021289928920013345,0.0037263449990262605,0.007029009913251295,-0.0038853824168198475,0.008638020695580496,0.003863385468437595,0.008114454293120224,0.5999450665649944,1,0.36547966163241896,0.3102507441389325,4.74493212836325,-2.337718280715339,4.8618659657411945,6.72982489691456,0.4888616115946733,16.113868127560334,10.56082813498111
TXN,CHN,AS4,0.01648196952286339,0.012710863155019545,0.0037711063678438415,-0.012468096639211699,0.005296655629079439,0.00981156897592936,0.02326254575835482,,0.5869014327486339,1,-0.28261550991227374,0.6454793929900225,2.4849066497880004,-2.393915545493906,4.918004489803203,6.6590803713383195,0.13191877794336812,12.500233684079664,8.391574866779688
TYF,SWE,EU1,0.009407410062099376,0.00940741006209941,-3.58857392496459e-17,0.054023322311450184,-0.03740856940497543,0.02479295017478475,0.006299399945654609,,0.6238529326858957,2,-0.49072415264681013,0.33582267505241736,0.6931471805599453,-0.48033255769840555,2.9444389791664403,3.5263605246161616,0.0,8.72518249495877,10.804911375886864
TYL,PER,LA3,,,,,,,,,0.5582262121250109,1,-0.5363703277618527,-1.1687567989664018,0.6931471805599453,-2.225926217182226,4.775650347604041,6.648350964952887,0.0,9.73849497786395,8.391128985115767
TYN,CHN,AS4,-0.0014762396746483696,0.0016264136353021912,-0.0031026533099505647,-0.0024212109357444325,0.0022131824716586294,-0.0015838639359840251,-0.0023659900439431895,0.0413343668579677,0.6768667235263726,2,-0.09506592847034588,3.776945678298986,3.7376696182833684,-2.392191681135715,4.751364356485288,6.929591476130984,0.006390626902171368,14.623103210706835,8.391574866779688
TYR,USA,NA1,0.018852862446314636,0.009900340876658741,0.008952521569655895,-0.006512825011262005,0.00892525480737698,0.01946749636685302,0.018852862446314636,,0.6220491824056538,2,-0.34893973467341594,-0.39188732826243244,2.5649493574615367,-1.4750519353725924,3.528505189747979,5.3896839420130975,0.0,11.691021439888157,10.894689012037176
TYS,USA,NA1,-0.008964831399735721,-0.007917219251806626,-0.001047612147929093,-0.00017467668865368268,-0.0008185085143454369,-0.009958641147077195,-0.008979646405875341,,0.6374288256682248,2,0.20975076408240378,-0.13496192858928502,4.718498871295094,-1.9069704396273044,4.010537871743734,6.557072784711494,0.0,14.078013274385313,10.894689012037176
TZA,BLZ,LA2,,,,,,,,,0.5713509100600471,1,-0.5307340965916576,-0.03441285593460255,1.791759469228055,-0.8332702191786984,2.4423470353692043,3.322147203275941,0.0,11.925763327407806,8.774286490019918
TZN,BHS,LA1,,,,,,,,,,0,-0.5225293726778933,-1.306298530277489,0.6931471805599453,-1.0477763394530264,3.6258421529993416,4.641868934428198,0.023157697356084757,9.274816391160547,10.420772350869472
TZX,TUR,EU1,0.005777302925899756,0.00313177154415371,0.002645531381746045,-0.006760964689424024,-0.02364095425945055,-0.023515015791351387,0.006110068715473552,0.033811820663496514,0.590156942267781,1,-0.2711356051189586,0.5547787597753985,2.4849066497880004,-1.902331157067903,4.938831521073178,6.813664685772428,0.04297598205394601,13.229124112297493,9.04517480014172
UAK,GRL,NA1,0.011693498046965744,0.020657548598278754,-0.00896405055131301,0.0018369632049293342,0.003414315373204438,0.016776111920326506,0.008160303578775794,,0.5667553756177851,1,-0.4465213962802728,0.09231413464572796,1.791759469228055,-2.252719149494566,3.684863302998621,7.050789617694715,0.3564692492175115,10.803689552060698,10.594053288134592
UAQ,ARG,LA4,0.014846716343358187,0.01429286220919269,0.0005538541341654896,0.0031137855450443282,-0.002037608904920187,0.015587089093534399,0.019957172989398725,,0.5129406510369701,1,-0.6741926004622798,-1.2767860222471894,0.6931471805599453,-2.2712840644319736,4.782331392222736,6.897782043620953,0.0,10.793598566626898,9.45812987103844
UAS,KEN,AF4,0.02551860481302797,0.016766847663779935,0.008751757149248031,-0.03758014341661159,0.017452231302369066,0.009211372929842839,0.02551860481302797,,0.5889220572431331,1,-0.7513335603106445,-0.06709186923280802,1.0986122886681098,-1.725317959358136,2.8903717578961645,5.595546189171222,0.0,9.483416292038601,7.177714421121875
UBA,BRA,LA4,0.05727978468283611,0.06978725955196793,-0.01250747486913183,0.002461478246322053,-0.002211142185993709,0.058041035765388146,0.05727978468283611,,0.6341001500244711,3,-0.5771644889673155,-0.45997365362202103,2.1972245773362196,-1.5818201183923215,3.901770628963795,5.563508269511564,0.0,11.340154159008103,8.987603389267655
UBJ,JPN,AS4,-0.0006286753293514609,-0.007071022435314489,0.006442347105963029,0.0003301241161160081,0.0004867920650503693,0.0002972919491245425,-0.0003026346199009103,,,0,-0.3143341485961476,0.28377259119998405,0.0,-2.2077813821206136,5.303575777115987,6.678342114654332,0.0,13.282914672378315,10.433822702828955
UBP,THA,AS3,-0.026254094308439523,-0.02782421258399665,0.0015701182755571174,-0.00085253484330378,0.0013268862410547786,-0.02571431622888567,-0.026610328654344467,,0.5854817597629105,1,-0.37385093916057643,0.027968338979361393,0.6931471805599453,-2.1659968910471425,5.0064684182850545,6.170414945968643,0.0,12.369113688702878,8.468143081239914
UCT,RUS,EU2,0.08258703447647059,0.048683229194165754,0.03390380528230484,0.006108102875102671,0.0033390752012207674,0.09071082616573511,0.08258500289404672,,0.5523965391174727,1,-0.5720119405070972,1.0911713633683398,1.6094379124341003,-1.773850853779959,4.075411992965592,6.615799782119781,0.0,11.317494352222555,9.064204880368637
UDI,BRA,LA4,0.020334405388672983,0.028200987176760294,-0.007866581788087319,-0.004798101583934164,-0.005008015163365943,0.011206011856249493,0.020334405388672983,,0.6495178921510186,3,-0.35614148928906286,0.2325990844684036,2.70805020110221,-2.056373244271983,4.478986188251936,6.163077817916803,0.0,12.824916450230951,8.987603389267655
UDJ,UKR,EU2,,,,,,,,,,0,-0.497086822331588,0.8395310052893552,0.6931471805599453,-1.888740740691709,3.900655292247026,6.462442969404002,0.0,10.665694269027568,7.82338661381434
UDR,IND,AS1,-0.023560299247740578,-0.008133497850915408,-0.015426801396825184,0.005055751573900355,0.00032136557435368874,-0.018222186221930028,-0.023562332344338806,,,0,-0.38344614255391984,0.18076937118339748,1.791759469228055,-2.191655072824664,4.711969199455777,6.156665325816079,0.0,12.494359535043236,6.97470991159236
UEL,MOZ,AF2,-0.006989929424041604,0.017727676545807373,-0.02471760596984899,0.021138267536926478,-0.012243539088683954,0.0011835567314214409,-0.006989929424041604,,0.5744616402220648,1,-0.6415850637773808,0.9175098452732356,1.6094379124341003,-1.9107258438719108,4.708790057168134,6.312995946802666,0.0,11.140121139101613,6.091422034290103
UEO,JPN,AS4,-0.06347761319254339,-0.1004406918763129,0.03696307868376949,-0.016475756514101957,0.013348169120233861,-0.06620372456368778,-0.06347761319254339,,0.5964103044759004,1,-0.5186296382813623,-0.051817282255350344,0.6931471805599453,-1.3595142136173415,5.049856007249537,4.709530201312334,0.0,11.914703785220398,10.433822702828955
UET,PAK,AS1,-0.019106481840074338,-0.01494272739982459,-0.0041637544402497485,-0.007103215390508304,0.00563545600248172,-0.019391764727706567,-0.014737085395937835,-0.036261253874340385,0.5993746861878744,1,-0.36400682539208373,-0.5587865847629533,2.1972245773362196,-2.1050862173452387,4.931706151510488,6.519635802213849,0.036430204905645316,12.074533552672108,7.14310852796464
UFA,RUS,EU2,0.0005716180550146884,-0.0010221494219841694,0.001593767476998858,0.005451876633750713,-0.009221512357856612,-0.0033436934401878163,-0.00232704241661757,0.04688088496836726,0.6401507895362359,2,-0.17298536192565947,-0.09135810233647318,3.4011973816621555,-1.9598897916463522,4.710129631128879,7.136576783906918,0.015856193159963484,13.314234194534412,9.064204880368637
UGC,UZB,AS2,0.016654514509276616,0.013905734834676184,0.0027487796746004365,0.013826010343965555,-0.009074388289607842,0.02117631910280026,0.006910535628215739,0.04092456406208003,0.6406448242230158,2,-0.4579071809072236,-0.10305822023103148,1.0986122886681098,-1.993878107236669,4.5677723291659165,6.90468295586759,0.1805168442420354,11.462442368599397,7.480855759504145
UIB,COL,LA3,0.02643054550006387,0.013899570173774507,0.012530975326289343,0.0018980285002668964,-0.001007659900904643,0.027810705024868976,0.02643054550006387,,0.6020768959614129,2,-0.5095100308166727,-0.5920118358449303,1.6094379124341003,-1.2846261391123035,3.408328276449134,5.09013883483192,0.0,11.287241188746266,8.506587672816924
UIH,VNM,AS3,-0.011538032052178784,-0.04602931514321433,0.03449128309103554,0.0008600625281042463,0.005727788323960256,-0.0061562656610070375,-0.011538032052178784,,,0,-0.49075964162888686,0.45592807993407786,0.6931471805599453,-2.1309597865380034,4.210307855779624,5.956070740134217,0.0,10.77978927619392,7.489383297681163
UII,HND,LA2,-0.011179003856649914,-0.01486439049173935,0.0036853866350894417,0.005651042094831416,-0.008699560801596878,-0.014430035093774364,-0.011179003856649914,,0.5848957231535072,2,-0.7745158285433414,-0.4348496763847325,0.0,-0.5917568294339064,2.8898166649038375,3.6109179126442243,0.0,9.693321922512176,7.6658449958021375
UIN,USA,NA1,-0.02111900318473542,0.04011956978953246,-0.061238572974267866,-0.0446834304370476,0.012980175114074878,-0.05452157697477864,-0.02111900318473542,,0.5401286729172081,1,-0.5093093677649283,-0.8536162926834775,1.3862943611198906,-1.60385194936654,2.9444389791664403,5.373010683913384,0.0,10.220303579712972,10.894689012037176
UIO,ECU,LA3,0.007751486424427359,0.009389458190755207,-0.0016379717663278473,-0.0016762526380225606,-0.00020409748832541676,0.005678458057344847,0.008641091943035036,0.007892517950565245,0.6206132636752866,2,0.092013392929743,0.5500368362056159,3.5553480614894135,-1.8896080487785094,4.7303507880435625,6.454603411819942,0.26467238282096034,15.077401737286515,8.458568582904595
UIP,FRA,EU1,0.02535825328434714,0.03411626386852039,-0.008758010584173243,0.0012809138831947602,0.020837211369449802,0.04539864653640322,0.03041782736806421,,0.5759144001920955,2,-0.4955343455823127,0.4145025601070288,0.6931471805599453,-2.071611644293469,4.6420830211314925,6.223374606039257,0.0,11.767366112642204,10.500183536717612
UKK,KAZ,AS2,0.002542101632260643,-0.007854203192504624,0.010396304824765262,-0.007599802698136222,0.000491718845448934,-0.004156430548382528,0.01144063263867234,-0.04992611809450158,0.618738510898325,1,-0.4263669359907184,0.9208395389684503,1.791759469228055,-2.2718290650168442,4.541583195300339,7.107000660112157,0.195332487930766,11.406430973271199,8.99179572921663
ULB,VUT,SW1,0.03518547907979748,0.018730184018049358,0.016455295061748126,0.030678701081383625,-0.02599691844459347,0.03893219792947813,0.03518547907979748,,0.5765801929515083,1,-0.6919837042572643,-1.178830891207226,1.6094379124341003,-1.0110005733703253,2.2042767927415445,3.642658895026205,0.0,7.260522598089852,7.934420995814924
ULD,ZAF,AF2,,,,,,,,,,0,,,,,,,,,8.681252452011616
ULG,MNG,AS4,,,,,,,,,,0,,,,,,,,,7.784774548051303
ULN,MNG,AS4,0.006707612448608123,0.011413160400750156,-0.004705547952142033,-0.0009291709881274601,-0.008224109082224181,-0.0023849901487408565,0.027620019443268647,0.002467515920245635,,0,-0.1845814536077174,1.0539799127089062,3.091042453358316,-2.2522328617735927,4.6862393936572175,7.5657887586941275,0.875562312302957,12.679183940975323,7.784774548051303
ULP,AUS,SW1,0.03127735138791919,0.019221439636372618,0.012055911751546577,0.0003121707636236016,-0.006161332511562129,0.022636260278594375,0.03127735138791919,,0.5881436783269136,2,-0.513592198838972,0.47761205499806797,1.9459101490553132,-1.1186378259482725,2.8903717578961645,5.315842329225857,0.0,8.232706009860976,10.871826484872283
ULY,RUS,EU2,,,,,,,,,0.5990799519008829,1,-0.44649593049788194,0.13482512292842874,1.791759469228055,-2.170173429793778,3.92969256483739,6.471856876177931,0.0,10.692422071769268,9.064204880368637
UME,SWE,EU1,0.0037047246987644625,-0.0023415190979852976,0.006046243796749756,0.003708041297707093,-0.004257531052951211,0.0026200178661680467,0.004040573660717358,,0.573216257529978,1,-0.3272152772197005,0.23176621527588823,2.1972245773362196,-2.025413640729903,4.678073702886199,6.174040038604196,0.0018225210734816668,13.194066173725918,10.804911375886864
UNG,PNG,SW1,0.02483170870173384,0.029692083957619214,-0.004860375255885376,0.006247140869316907,0.005991299527329379,0.036769042721938136,0.024519499907151476,,0.5990863155266453,1,-0.5440381976614032,0.6642373467832006,2.5649493574615367,-1.2514088796642793,3.5094109663023882,5.316610559595362,0.0,10.099712014499074,
UNK,USA,NA1,0.015278636643441496,-0.007205797784504882,0.022484434427946363,0.026930999579255408,-0.03397452870749263,0.009688011187534595,0.015278636643441496,,0.6327701157645391,2,-0.4366697333089425,0.42453965200323274,2.302585092994046,-0.3558658827806616,1.994905252256101,5.288638695011606,0.0,10.487600812071937,10.894689012037176
UNN,THA,AS3,,,,,,,,,,0,-0.43429719098375436,-0.5630215810702556,0.0,-1.8393882875223004,4.59511985013459,6.180016653652572,0.0,9.612399686949514,8.468143081239914
UPG,IDN,AS3,-0.011339746324166924,-0.012279747791797753,0.0009400014676308329,-0.00110863914365219,-0.0028651900683170964,-0.015347373732098933,-0.011864358984876132,-0.01591930016896467,0.5537027678155639,1,-0.27444362950465834,0.6120982615428803,2.833213344056216,-2.342018434187232,4.925697232489205,6.982685021310334,0.0,14.91476597311554,7.764360911576746
UPN,MEX,LA2,-0.025031813354917082,-0.034535076790333304,0.00950326343541623,0.05427445677943009,-0.026222541346719426,0.0006457050811869102,-0.030322308169376908,,0.5740787097479185,1,-0.46297481416165603,0.18444385188795948,1.3862943611198906,-2.13552191282318,4.7376375799309,6.131921990686823,0.0,10.88824034837718,9.19803449697713
URA,KAZ,AS2,0.0005126631877348424,-0.007020316860692592,0.009705863696227314,-0.02315127024873262,-0.0017346886418915302,-0.022708722855306535,0.0015055031995047188,,0.624347903215004,1,-0.3677700841345501,1.8769826862088665,1.791759469228055,-2.233832589133767,4.492630078560695,7.356874873515036,0.20730312753272417,11.40835352719201,8.99179572921663
URC,CHN,AS4,-0.008805682573895812,-0.006325082008048592,-0.002480600565847217,0.0007402113862408149,-0.0006635982081645461,-0.008683808072284754,-0.009596861772399287,0.007557775077313988,,0,0.2082204139141919,1.4621453619147062,4.204692619390966,-2.3766667445494276,4.922855379473867,7.534649205863527,0.07943003975393415,15.219904135615336,8.391574866779688
URG,BRA,LA4,-0.07486584002880926,0.005889918929584717,-0.08075575895839396,-0.10762307190828015,0.052086186580615784,-0.13498169042677371,-0.07486584002880926,,0.5568553103051159,1,-0.6984815265486771,-1.5063788937645533,1.0986122886681098,-2.0147857791666306,3.044522437723423,7.988882253309227,0.0,7.171656822768514,8.987603389267655
URJ,RUS,AS4,-0.02069118054191436,-0.008946330682259519,-0.011744849859654852,0.005418086868387474,-0.013088253662319856,-0.02573846759021046,-0.02069118054191436,,0.6165395669418796,1,-0.451735866341459,1.1493721074495165,1.9459101490553132,-1.6271814441847383,3.8323034053342933,6.269025284235487,0.0,10.154868645261578,9.064204880368637
URO,FRA,EU1,,,,,,,,,0.5580432692285733,2,-0.537544109337529,-1.2243047150893511,0.6931471805599453,-2.066102763717421,3.871201010907891,6.123347335768759,0.0,10.587795784428868,10.500183536717612
URT,THA,AS3,0.00292132858560677,0.013621350914891108,-0.010700022329284343,-0.0033397475780387077,0.00411823101393109,0.004196060778508125,0.0033061760385443926,,,0,-0.2967127506372301,0.398923026899279,1.791759469228055,-2.2241379387649873,5.034942162170707,6.303828786281076,0.0017642975962899343,12.460300049197858,8.468143081239914
URY,SAU,ME1,-0.05303946727840484,-0.03402679402064423,-0.019012673257760616,0.00613632411769254,-0.00018224688834406669,-0.04741037248726883,-0.05303946727840484,,,0,-0.43181029474068683,0.3237434821454549,2.0794415416798357,-2.026959578522119,4.724120116402472,6.82964699767522,0.0,11.781157098100364,9.96160515693424
USH,ARG,LA4,-0.007593178530089834,-0.011906987188071594,0.004313808657981766,0.004390613262015925,-0.005450565785260892,-0.008664650488236472,-0.005732257091783184,,0.5478085153845456,1,-0.3544916225151629,0.369790229860451,2.3978952727983707,-2.2971553316138715,4.899190021735702,7.236606577618429,0.04073561300665107,12.89415954443358,9.45812987103844
USK,RUS,EU2,-0.009186482305595378,-0.01590835558477172,0.006721873279176336,0.016236227315860177,-0.0029599092912059757,0.003633559360888624,-0.009186482305595378,,0.5543746813287286,1,-0.538292329471434,2.3189870237946497,2.1972245773362196,-1.8533850581788542,3.899144277955241,6.578312629568255,0.0,11.31552275714817,9.064204880368637
USM,THA,AS3,-0.0019277595907376476,-0.007563245224539541,0.0056354856338018955,-0.0024095893589340836,-0.0019733725040460737,-0.006269572274916037,0.00031014338757315296,-0.008008834088193794,,0,-0.23121973533031448,0.941900990846237,2.1972245773362196,-2.2592396422393453,4.574917033224793,6.2815107455850105,0.09581653374949177,13.723913774959923,8.468143081239914
USN,KOR,AS4,-0.01749614928916252,-0.01903582787704678,0.0015396785878842652,-0.0006281963652729581,0.00010014017256512509,-0.018002463930961443,-0.01748293826473984,,0.5546440202272415,1,-0.3913652768270273,-0.2729872811837723,0.6931471805599453,-1.9796414077193036,5.025507744009578,5.754908491856907,0.0,13.496656996924408,10.102000858470229
USU,PHL,AS3,0.043114780341490355,-0.020722685766967227,0.06383746610845761,0.0020687641250103314,-0.022205733601823954,0.027715621040799936,0.043114780341490355,,,0,-0.472766969481213,2.5784066223166975,1.3862943611198906,-1.574673491288478,2.920009159337393,5.5828835217447415,0.0,10.292755525741722,7.700452054329457
UTH,THA,AS3,-0.0033897227343260804,0.005670818582092705,-0.009060541316418787,-0.005632065563363311,0.012892412820343794,0.004198395989813032,-0.0015630128841748916,,0.5937758003184742,1,-0.3370423013767006,0.22149220570009812,1.6094379124341003,-2.218523618572128,4.97844592425948,6.273212633900427,0.055554208341508475,13.024995281542559,8.468143081239914
UTN,ZAF,AF2,0.006623539875887532,-0.00958124829636057,0.016204788172248106,6.264327280004003e-05,0.0018847993906165998,0.0075815820640120855,0.006619837303245616,,,0,-0.46338352035613434,0.19720549776577007,0.6931471805599453,-1.9157584107342664,3.437995095283225,6.564758090639537,0.0,10.333677793031093,8.681252452011616
UTP,THA,AS3,-0.13450262917360184,-0.08699120950172626,-0.04751141967187561,-0.08124351880770239,0.02815461368611656,-0.18215211765594294,-0.08365726642946847,,0.6304336374791801,1,-0.3259073054144068,1.8497739828915343,2.1972245773362196,-2.4189871955920923,4.555440837467578,7.72288709796944,0.37447037978584086,11.417152177948308,8.468143081239914
UTT,ZAF,AF2,0.006262346049678198,-0.0035118631691163143,0.00977420921879452,7.534536403994563e-05,0.000715935204102827,0.0064385735090728684,0.006262346049678198,,0.5716310825265483,1,-0.4752032746828809,-0.9621304875519153,0.0,-1.9474362028325514,3.332204510175204,6.400257445308821,0.0,9.785829509067895,8.681252452011616
UUA,RUS,EU2,,,,,,,,,,0,-0.44773816756031193,0.6329159166199545,2.0794415416798357,-2.2268467187303504,3.4953752722343534,6.90876282762925,0.0,9.673319386284954,9.064204880368637
UUD,RUS,AS4,0.001114296774160692,-0.0011740728534549633,0.0022883696276156324,0.0028824936472047788,-0.01641766007951781,-0.012912089115957114,0.003933205041212922,,0.5800412225132994,2,-0.48083192959945387,-0.15784535116152942,1.0986122886681098,-2.0288094354044994,4.916662191020802,8.359226535825655,0.0,11.271032231818152,9.064204880368637
UUS,RUS,AS4,0.004058348829789903,0.007186696776665925,-0.003128347946876024,0.0032008606500098704,0.0023724196436715854,0.009623333072012677,0.0050305278774054945,0.001338153698938107,0.5825656535416143,1,-0.1774381220275433,0.26011277321981274,3.1354942159291497,-2.3155086615874585,4.8482305785212825,8.013086141536037,0.18066896984924624,12.948695469550644,9.064204880368637
UVE,NCL,SW1,-0.022650078275641316,-0.013741060220798379,-0.00890901805484294,-0.0005559945902525275,0.004299862780504501,-0.02042536486088401,-0.022650078275641316,,,0,,,,-1.0993529598102192,3.871201010907891,4.976667720232016,0.0,11.084969319026532,
UVF,LCA,LA1,0.012802982735568527,0.026668782910351265,-0.013865800174782728,-0.0006796098226475244,0.005083914040583786,0.01723925340139496,,0.010410135182522677,0.6287842343905661,2,-0.08471797029503204,-0.1988202394975043,3.5263605246161616,-2.3978895994066733,5.147141385050063,8.095819569899572,1.0,12.512954222259536,
UVL,EGY,AF1,,,,,,,,,,0,,,,,,,,,7.97317803761651
UYL,SDN,AF1,0.016562769580153645,-0.003299437079870524,0.019862206660024178,-0.009045174212469715,-0.01238324412965693,-0.005514910612470314,0.016185848912406913,,0.5975398825371996,1,-0.5570963478775632,1.2608055272242622,1.3862943611198906,-1.8513909558955504,4.257448547813905,6.647460095580363,0.0,11.037370455286156,
UYN,CHN,AS4,0.05996288166099161,0.01924155108337238,0.04072133057761919,-0.007636786197587015,-0.006492007485130966,0.04572108903897606,0.05986511960975032,,0.6178346310239405,1,-0.4115164468381065,0.873787395424256,0.6931471805599453,-1.8616884273852463,3.4378233511267924,6.169180100255169,0.0,10.976850406950787,8.391574866779688
VAA,FIN,EU1,-0.006507057038629097,-0.00425411908151554,-0.002252937957113556,-0.018897424966691508,0.005259754313931263,-0.01851019094817015,0.0008963000483793717,-0.03199785117872127,0.5851194650070624,1,-0.41649479148498153,0.05302917348048586,0.6931471805599453,-1.8300274610023568,4.2935445694364995,5.916094633227969,0.2971445933453575,12.642319109227774,10.741031351305583
VAG,BRA,LA4,,,,,,,,,,0,,,,,,,,,8.987603389267655
VAI,PNG,SW1,0.04584258147593785,-0.025780340768155066,0.07162292224409295,0.04054020085762302,-0.02537277860397083,0.060270293597600735,0.04584258147593785,,0.5800881457588604,2,-0.6036377208333972,-0.8814642694879865,1.6094379124341003,-1.4290539754445792,3.228868286706608,5.410960826892136,0.0,9.381600981410713,
VAK,USA,NA1,0.006319545422990625,-0.005443615448915463,0.011763160871906085,-0.017955238127969633,-0.0032152808189934694,-0.014001309177283792,0.006319545422990625,,0.5796694043115569,1,-0.7375035948159501,-0.49133688977849616,1.0986122886681098,-0.6875906532242905,1.5725444846965257,4.327323049916925,0.0,9.311903687385623,10.894689012037176
VAN,TUR,EU1,0.008090117712401524,0.008468630787286335,-0.00037851307488480823,-0.0017919203480952764,0.0010586058508198358,0.007504580908738537,0.008075241023287091,,0.5981945110306777,1,-0.40763794105534695,0.5379446984276954,1.9459101490553132,-2.5547906573094092,5.068091503096997,7.059823053335218,0.0,12.494640575494302,9.04517480014172
VAR,BGR,EU2,-0.0435551728750132,-0.03662829150830588,-0.006926881366707324,-0.018439894892341605,0.012413448852012524,-0.04893818977707906,0.012431102464037537,-0.06288624251376596,0.6120070494819754,1,-0.09221659181159392,1.1136326278473816,3.6375861597263857,-2.435384885980657,4.610077994763219,7.203560992052849,0.8099414738386465,12.837987832360701,8.70760564801422
VAS,TUR,EU1,-0.008482084032724886,-0.0058065394479102864,-0.002675544584814624,0.0014256517128421887,0.0016021007747664957,-0.005510747632568814,-0.008756317851297653,,0.6088850491622111,1,-0.4432375612959121,2.097126351111568,1.0986122886681098,-2.4235682034832875,5.081668012401513,6.591083854805737,0.0,11.13140146763347,9.04517480014172
VAV,TON,SW1,,,,,,,,,0.5724076408370025,2,-0.5674883362932681,0.25058401287581855,1.0986122886681098,-1.8400170284935733,2.8803044611384245,5.798294617436667,0.05117557609077085,10.439863957146125,8.206827880199734
VAW,NOR,EU1,-0.0003975046470162009,0.0003669709389552676,-0.0007644755859714677,-0.00019006100408258035,0.0007890700613864398,0.00023151148999283428,-0.0003975046470162009,,0.5935601127044292,1,-0.5563618743796632,0.10976431940457769,2.1972245773362196,-0.7605405175926543,3.6635616461296463,4.235963735019494,0.0,10.773441109201919,11.24000991778092
VBY,SWE,EU1,0.05861833282622525,0.05798742072013433,0.0006309121060909534,-0.006462917245653882,-0.0001337677217190705,0.052709613530243594,0.06029577655019469,,0.6239237651689398,2,-0.37662103332813995,-0.49429366107309247,2.1972245773362196,-1.5723077691678649,3.808979274820787,5.3407224870649905,0.011317411820006147,12.019375529925561,10.804911375886864
VCE,ITA,EU1,-0.008169832119524458,-0.01579175026058279,0.007621918141058328,-0.0001976732963863471,-0.002866838908217546,-0.011343432700204596,0.002529234108659966,-0.010072447789243693,0.6603314535277967,2,0.216275181692695,0.8614450142952204,4.418840607796598,-2.340611282781004,4.774431511401075,6.894009840482314,0.669654448557584,15.484863569975191,10.438808040299792
VCT,USA,NA1,-0.028472357815859876,0.043407395835425744,-0.0718797536512856,-0.013740595107066097,0.008526271623226594,-0.03970336677352869,-0.028472357815859876,,,0,-0.391516174616099,-0.21195509571678248,2.302585092994046,-1.4094738795990223,3.5263605246161616,5.288267030694535,0.0,10.119405058758598,10.894689012037176
VDA,ISR,ME1,,,,,,,,,0.5903823361008524,2,-0.31909480456756234,-0.8071908187912324,1.6094379124341003,-2.3068166349153834,4.9731730339578375,7.31221350934975,0.3840707022307406,9.84070748441342,10.376709835655385
VDB,NOR,EU1,,,,,,,,,0.539088544055187,1,-0.527733018706235,-0.48013267736658444,0.6931471805599453,-1.7332588677441485,2.8903717578961645,4.971863506506747,0.0,9.256842205627603,11.24000991778092
VDC,BRA,LA4,-0.05544657864793799,-0.037052948422627546,-0.018393630225310452,-0.007529678869270832,0.0076010444013103525,-0.053430733728589495,-0.05544657864793799,,0.6464480687325699,3,-0.5018900644088553,0.4926956238539483,2.0794415416798357,-1.9164748272821557,3.7859888092647775,5.925566561851959,0.0,10.38176932322609,8.987603389267655
VDE,ESP,EU1,0.0050691987050262505,-4.207134787233074e-05,0.005111270052898582,-9.38285991904193e-05,-0.0010089953517526716,-0.02228256289229684,0.0050691987050262505,,,0,-0.5145047320205399,3.5162654292257547,1.0986122886681098,-1.70218694930256,4.152900399522357,5.1835270441496455,0.0,11.799254121968357,10.216062049970796
VDM,ARG,LA4,0.003600191415782277,0.0023833568831102187,0.0012168345326720557,-0.06341292568514173,0.0259386932510543,-0.03146505163367508,0.003600191415782277,,0.6084648643535271,1,-0.5116335295255217,-0.463456406132034,2.302585092994046,-2.049698660820248,4.294831850769297,6.273568092243164,0.0,10.144156630716155,9.45812987103844
VDS,NOR,EU1,-0.000835623273859169,-1.1229823005864085e-05,-0.0008243934508533038,-0.000805025742117141,0.0010676541470647251,-0.0005303609663435771,-0.000835623273859169,,0.5756416558536119,1,-0.537259814515729,0.17009382707580203,2.3978952727983707,-1.2372798504351201,3.6635616461296463,4.862003662048496,0.0,11.697868582469134,11.24000991778092
VDZ,USA,NA1,-0.00030326794974560727,-0.004625561435969236,0.004322293486223627,8.883527768467617e-05,-0.0003749306292282323,-5.159051289838957e-05,-0.00030326794974560727,,,0,-0.5076981096460886,-0.5255631754527339,0.0,-1.2538644548961866,3.473866028882977,5.298317366548036,0.0,10.361418600547594,10.894689012037176
VEE,USA,NA1,-0.0036512123675705496,-0.008226193590022555,0.0045749812224520035,7.344938421864492e-05,-0.006444840482355765,-0.009572497699675778,-0.0036512123675705496,,0.5962209464736439,1,-0.5480588248502697,-0.032445176199857796,1.6094379124341003,-1.2200690877480715,1.903281588787187,4.869511261152158,0.0,9.49514330367712,10.894689012037176
VEL,USA,NA1,-0.027125763774786035,-0.018758376924634314,-0.008367386850151719,0.03756219093243703,-0.021558256796874363,-0.011238353126376355,-0.027125763774786035,,0.5645462245013474,1,-0.5051153652657331,-0.2866123500243059,0.6931471805599453,-1.531473256602455,2.8677249537063236,5.408421758629246,0.0,9.532133974056732,10.894689012037176
VER,MEX,LA2,-0.002455014942615951,0.014390332106375983,-0.016845347048991932,0.0017555538098871992,0.0020661627020867046,0.0007822089763274212,-0.0028155835349757577,0.014525925663303903,0.5751882108307163,1,-0.22232079692985235,0.7732174345457209,3.1780538303479458,-1.9459981258587766,4.408955188505904,6.130652919403627,0.021612058225845415,13.64642422787034,9.19803449697713
VEY,ISL,EU1,,,,,,,,,0.6191961295817747,2,-0.6985040784981197,-0.2942110679593782,0.6931471805599453,-1.0204076949317238,3.745700774107101,4.7383370699124,0.0,10.365773980637456,10.923369718717666
VFA,ZWE,AF2,-0.035816622658193624,-0.03394583027830917,-0.0018707923798844586,0.003990682019024665,0.003589577167414282,-0.028817572490051683,-0.06057287118494491,-0.024646437732329697,0.5810186227654868,2,-0.42392986467736277,-0.6479908316818008,1.9459101490553132,-2.2018511489006345,4.477633729532991,6.664213763180266,0.757258495457874,11.928875414520668,6.894873020449412
VGO,ESP,EU1,-0.018459768482864403,-0.01149870787108196,-0.006961060611782443,0.005394521342033566,0.0008196195471096414,-0.012842819308857212,-0.028968123875447165,0.05759203448573872,0.574281107083282,1,-0.2754698086790666,0.7892302428643385,2.302585092994046,-2.2464891834317253,4.778570776186777,6.534983303208929,0.12719250133171392,13.94610802583765,10.216062049970796
VGT,USA,NA1,,,,,,,,,,0,,,,,,,,,10.894689012037176
VHC,AGO,AF2,,,,,,,,,,0,,,,,,,,,8.112636667815755
VHM,SWE,EU1,0.020528256573187326,0.013893229831543015,0.006635026741644315,0.02064977692667149,-0.012509969454282104,0.028124816654759598,0.020528256573187326,,0.6258749927482359,2,-0.47565329808375006,0.07536358107925877,1.0986122886681098,-1.6370368752677518,3.912023005428146,5.228877352466744,0.0,10.500949482961666,10.804911375886864
VIE,AUT,EU1,9.720959288371013e-05,0.0001028207285692995,-5.611135685591273e-06,-0.005090940040310906,0.002325926922588013,-0.002530820553312538,0.010822849681363045,-0.0003044098291211518,0.5968737010578212,1,0.7132154520713359,0.4753757212662939,5.298317366548036,-2.3987719941850623,4.659407751077288,7.294899729838199,0.9636238898541636,16.507804952335146,10.682097270561812
VIG,VEN,LA3,0.12657157335667307,0.09862101371641314,0.0279505596402599,0.004453059537040047,0.010701189187534368,0.14095756739812543,0.12918622645845274,,0.5958001851398202,2,-0.5160288854809232,-1.8224717782482185,0.6931471805599453,-1.7079404824776587,3.828641396489095,6.118955067058194,0.0,9.924465958921319,8.41113221940897
VII,VNM,AS3,0.047153284420430736,0.04539180653094872,0.0017614778894820293,-0.0007624027871369931,-0.0008609923263745945,0.04562679844636125,0.04627153461370782,,0.5856030467979201,1,-0.4798991754973946,0.9646672113481578,0.0,-2.4588716939009254,5.0400837636847395,6.782192056006791,0.0,10.903714939282837,7.489383297681163
VIJ,VGB,LA1,-0.04349486593205211,-0.025441470089934554,-0.018053395842117556,0.029853443478537838,-0.018503456594730835,-0.03329799096658764,,-0.018554788154064625,0.5511438619720125,1,-0.5275704615954502,-0.9661228341425395,1.3862943611198906,-1.3284016741523137,2.2199231452917023,4.721093892101609,1.0,10.389825792650848,
VIL,ESH,AF1,-0.011170838108537478,-0.021767064756427854,0.01059622664789038,0.011486402644032062,-0.010958170328077079,-0.010998544655833652,-0.005434960894627887,,,0,-0.5199590041737426,0.508568151175511,1.0986122886681098,-2.3346894311572304,4.606484063508735,7.008649503280797,0.0,10.13193700264052,
VIS,USA,NA1,,,,,,,,,,0,-0.4578919902089728,0.6450621331396638,0.6931471805599453,-1.5594980675669061,2.9444389791664403,5.530873350618312,0.0,10.076936530826485,10.894689012037176
VIT,ESP,EU1,,,,,,,,,0.5419791010471364,1,-0.3694810127040971,-0.024806204725736598,1.6094379124341003,-1.2058445793145318,4.285162899037368,6.717674219263159,0.6435240261532459,11.562410625668852,10.216062049970796
VIX,BRA,LA4,0.0247034187102724,0.0171028770109707,0.007600541699301688,-0.0018559686819987235,-0.006197762832810316,0.016733100944395052,0.02466802384197718,,0.5611859289343728,1,-0.31641338328496216,0.39032540378349884,2.5649493574615367,-2.2083938396914577,4.885446488404834,6.314649466867988,0.0,14.095086615266624,8.987603389267655
VKG,VNM,AS3,-0.03101909148671758,-0.029769559030726978,-0.001249532455990597,0.004001091905067007,-0.001274245085214209,-0.028532196703203894,-0.03101909148671758,,,0,-0.4903480493052051,0.6012675358524097,0.6931471805599453,-1.5255967204338332,4.1588830833596715,5.058006011611462,0.0,10.71708088617194,7.489383297681163
VKO,RUS,EU2,0.019315205075466118,0.017896847544450537,0.0014183575310155782,0.021660523781498943,-0.007552463938792048,0.03275158328205168,-0.0014212221137726146,0.06204338556229312,0.7756546898362692,3,0.06463334884296648,0.15714599181797728,4.356708826689592,-1.9955493208537014,4.644518997949543,7.3594845436293825,0.12611673769619516,14.91080769090434,9.064204880368637
VKT,RUS,EU2,,,,,,,,,,0,-0.7553370976831826,-0.2789582166468673,0.0,-1.9692012626732567,3.9016242982072473,6.802394763324311,0.0,9.90797745780898,9.064204880368637
VLC,ESP,EU1,-0.028327211789556613,-0.021240999444107594,-0.00708621234544902,-0.0024583738638148255,0.0007369661688312178,-0.029982956143148908,-0.017703707574524243,-0.036987749045142494,0.6561268551734474,2,0.0766117362663776,0.7704531491043352,4.219507705176107,-2.4346769383988116,4.771186630297714,6.7358105070650085,0.5297151797105224,15.277787240689806,10.216062049970796
VLD,USA,NA1,-0.0025178335367542063,-0.006346219979864333,0.0038283864431101276,0.00022727670393982776,0.002129255094368167,-0.0006064298444042595,-0.0025178335367542063,,0.605747090203524,1,-0.27663430794018323,0.4430806844802172,3.2188758248682006,-1.5693683994744148,3.9469488985129835,5.813684021081243,0.0,10.91202924411439,10.894689012037176
VLG,ARG,LA4,,,,,,,,,,0,,,,,,,,,9.45812987103844
VLI,VUT,SW1,0.013729233900057428,0.005630211013099474,0.008099022886957961,0.009738248263625876,-0.018161073474565692,0.005199507602644817,0.010644247216999615,0.01578703477694597,0.5719838772414335,1,-0.2781690938639645,-0.16094752142890942,3.1354942159291497,-2.388785168563018,4.06784418669089,7.123470563117276,0.6679995930446014,12.328595541391403,7.934420995814924
VLL,ESP,EU1,-0.002697414634950635,-0.0047178744211805795,0.0020204597862299423,0.010541156315902009,-0.008965442731297528,-0.0013489386435790278,0.006056804162432282,,,0,-0.3395123221222069,0.6568470762076319,2.4849066497880004,-2.3395034475333385,4.338654244809622,6.894457804908688,0.6909699778804896,12.637442639258824,10.216062049970796
VLN,VEN,LA3,-0.0176529229473285,-0.03164504482629893,0.013992121878970448,-0.010668307472808891,0.009603249633173477,-0.016953541615105035,-0.005994736388284372,-0.023029821139235865,0.5933963098207267,2,-0.31542222069991555,0.19414140094064028,2.70805020110221,-1.6939673229074352,4.269686443332779,6.341635939979852,0.29920873790293534,13.121779206809908,8.41113221940897
VLP,BRA,LA4,,,,,,,,,,0,,,,,,,,,8.987603389267655
VLV,VEN,LA3,,,,,,,,,0.6001239065963564,2,-0.5102746085697074,-1.0588565874987983,0.0,-1.742467067458849,4.027697036590386,6.040254711277414,0.0,10.450944000123906,8.41113221940897
VME,ARG,LA4,,,,,,,,,,0,,,,,,,,,9.45812987103844
VNO,LTU,EU2,0.012083211572352308,0.008382885710771247,0.003700325861581068,0.002488946060247045,-0.006087052656797732,0.008288705729427248,,0.011980471621479475,,0,-0.06529909600292558,0.8620868313604987,3.6109179126442243,-2.295339256597224,4.410614775042577,7.016682669247555,0.9988236320450545,13.921578123603341,9.383398700866026
VNS,IND,AS1,-0.02927125299656574,-0.03747917373314601,0.00820792073658027,-0.0009807880648708004,-0.0031369342566111083,-0.033187232281631854,-0.033323995689840624,0.007434553594722015,0.6277937475720781,2,-0.2971321359055061,0.36334040156876246,2.302585092994046,-2.268902429914733,4.923905862577523,6.440850081005093,0.11305665059766279,12.998243556667036,6.97470991159236
VOG,RUS,EU2,0.033427233737587214,0.04370340104043376,-0.010276167302846546,0.00541476378477731,-0.01370290580612792,0.02459876946706535,0.025925250170474104,,0.5792474576937997,2,-0.40744813765421506,-0.27242273591639343,1.791759469228055,-1.8836171367660377,4.488231986697438,6.925965922383136,0.012315047901914266,12.01763844453445,9.064204880368637
VPN,ISL,EU1,,,,,,,,,0.6074688253221066,2,-0.7180441310667152,0.5619332860757852,0.6931471805599453,-0.9550626241145593,3.08611633502226,4.02535169073515,0.0,8.642944396721798,10.923369718717666
VPS,USA,NA1,-0.009076854997455017,-0.003384155697735767,-0.005692699299719249,-0.0011542796766769161,0.000560968927891069,-0.009514139459181978,-0.009118347589726204,,0.6118435986448796,1,0.0916095004510411,0.3972807544256933,4.454347296253507,-1.912113762845377,4.15584584684661,6.427573831905224,0.0,13.283021977562024,10.894689012037176
VQS,PRI,LA1,0.0008752292500023469,0.04842454855991268,-0.04754931930991034,0.014901474170327417,0.18632013167397896,0.20056324171800677,0.012328700924871972,0.03837327521059618,,0,-0.5323627517654118,-0.01743690997593438,1.3862943611198906,-1.1186938160653097,2.1403570181956244,4.335552910554474,0.4094223219293326,10.78188948386747,
VRA,CUB,LA1,0.01045652697782476,0.012202615030672832,-0.0017460880528480662,-0.01166393835250172,0.00019221412841521207,-0.0008574373200728109,-0.12050120785557719,0.01819686228566953,,0,-0.0742457117303478,0.41588513190847987,3.367295829986474,-2.646590760006486,5.427047494421835,8.366558525460631,0.8695124850409184,12.421897480254906,8.734844252548541
VRB,USA,NA1,,,,,,,,,,0,,,,,,,,,10.894689012037176
VRC,PHL,AS3,0.05204875078871398,0.06922033880417186,-0.017171588015457893,-0.0002826840067087353,-0.019026513483162442,0.034735317697390224,0.05204875078871398,,0.5683901195200822,1,-0.4852649728983268,-0.46862954600832496,0.0,-1.5857893433797459,4.418840607796598,5.877735781779639,0.0,9.736960601640813,7.700452054329457
VRK,FIN,EU1,,,,,,,,,,0,-0.49007198119365214,-1.9792123741484626,0.6931471805599453,-1.5677730245399146,3.5263605246161616,5.54907608489522,0.0,8.673855001429615,10.741031351305583
VRN,ITA,EU1,-0.013462652062308206,-0.010680886696285856,-0.0027817653660223546,-0.00408223656098455,0.002003964088315039,-0.015559864758020903,-0.016065019512992093,-0.012632586465513627,,0,-0.022493783018868282,1.0460845166995842,3.8066624897703196,-2.27658251294921,4.737325272914825,6.6246897739988055,0.461067279884403,14.461207576151226,10.438808040299792
VSA,MEX,LA2,-0.009772724045207293,-0.0038683545086778326,-0.005904369536529463,-0.00031858883003221464,-0.0007195757665642666,-0.010406199379356412,-0.009678475486565835,-0.008102568947041104,0.6480852481481403,2,-0.27398148879329365,0.07863706658798726,3.091042453358316,-2.0931585987759367,4.438781935100562,6.509819490889075,0.024792183170482717,13.620517050066411,9.19803449697713
VST,SWE,EU1,0.00030900390818431114,0.008105202575607493,-0.00779619866742318,-0.004799366383019395,-0.0007716712954323542,-0.00491254386228664,,-0.005071626499272259,0.59496183246653,1,-0.42349850430699737,-0.08195145773681628,1.0986122886681098,-2.743991042816439,5.151950187151028,7.236215069010787,1.0,11.562125069117196,10.804911375886864
VTE,LAO,AS3,0.004924935248198425,0.007968205092153574,-0.00304326984395515,-0.004600470739638559,-0.0014979778556364293,-0.0011063287832342224,0.00733458815521674,0.00479737052587015,0.5605338812887509,1,-0.2714315825640778,0.5958126438463779,2.6390573296152584,-2.1105222854969696,4.480120857695162,6.139612153362548,0.6546734518022339,12.972816417511,7.170954560494024
VTU,CUB,LA1,,,,,,,,,,0,-0.5507968135860131,-1.833701100312733,0.0,-2.002273287157473,3.8435794335979616,6.408528791059498,0.0,7.101675971619444,8.734844252548541
VTZ,IND,AS1,-0.014163587320135937,-0.01891650728676343,0.0047529199666275,-0.00851330969806724,0.0021342774814401447,-0.020733559351327133,-0.012631107651267938,,,0,-0.35961520125739554,1.3020993739157625,2.0794415416798357,-2.156082154233192,4.589996701903156,6.370684717171557,0.0,12.837216754648386,6.97470991159236
VUP,COL,LA3,-0.00451815963453631,-0.004685934810204995,0.0001677751756686857,-0.0012024990873146344,-0.0005285545319925665,-0.006463467572851539,-0.00451815963453631,,0.5694577965357134,1,-0.5175725948935327,0.03624085002859437,1.0986122886681098,-2.054879356792447,4.420123990502414,6.396593101608178,0.0,11.359377936543922,8.506587672816924
VVC,COL,LA3,0.0695652770794282,0.07279288495306907,-0.0032276078736408467,-0.015510468617277727,0.006901250521872565,0.06204207315698755,0.0695652770794282,,0.5867474808293629,2,-0.5213775035984102,-0.9874455974998603,1.6094379124341003,-1.5742600609881459,3.626164803086824,5.559974854361421,0.0,10.677154250154869,8.506587672816924
VVI,BOL,LA3,-0.007890088240800968,0.006619750655845504,-0.014509838896646476,-0.0018765808596327197,-0.0010771523047165624,-0.010022868494318193,-0.012501699064048664,-0.0004974370554283682,0.6187508849617556,2,-0.05119196496153765,-0.03338032051365248,3.258096538021482,-2.2216526265704344,4.9922037018590215,7.528855777606705,0.49085095834175235,13.93191575594925,7.733432810667066
VVO,RUS,AS4,0.01586794536023181,-0.0037689978052405926,0.01963694316547241,0.01227181370909286,-0.01405774735047961,0.013782063243351763,0.02305251421352468,-0.003838705445828498,0.5973972372800676,2,-0.10619113260418364,-0.14045920687633423,3.4011973816621555,-2.2142391488582516,4.856187299120063,8.119747083923322,0.21627449355477668,13.330055365797927,9.064204880368637
VVZ,DZA,AF1,-0.0982890405711378,-0.0863324795014955,-0.011956561069642317,0.000553806749932147,-0.000927968310670711,-0.13226022381170185,-0.0982890405711378,,0.5734841398842715,1,-0.540394575421489,-0.5946896302707894,1.0986122886681098,-2.1742547826015586,4.494560876747157,6.5502900202186165,0.0,9.138951775888529,8.375456929632021
VXC,MOZ,AF2,-0.013090058856112032,-0.005029108467775725,-0.008060950388336324,0.0017431995559479309,-0.0038965229027071177,-0.015284337340371646,-0.013090058856112032,,0.5886926868195712,2,-0.6349712159137374,1.928737297018655,1.791759469228055,-1.8390698331120152,4.7195431586639325,6.130860081196234,0.0,10.361450229602047,6.091422034290103
VXE,CPV,AF3,0.010431067557577715,0.009273351863256176,0.0011577156943215366,-0.011079144557509022,0.004444824800606783,0.004319443792555935,0.01556373319747861,,,0,-0.5565723650293293,0.589526562513335,1.0986122886681098,-1.6893255115665216,3.980292373659512,5.479476851597857,0.0,11.444228978128438,8.025179844747967
VXO,SWE,EU1,0.022362786544961804,0.08396504410144094,-0.061602257556479155,-0.013432224948762601,0.019791297006765497,0.03138810668698155,0.03143895088388436,0.014250837531537868,0.5656944131154367,1,-0.45558937545278283,-0.9922931491672558,1.3862943611198906,-1.9178090578813223,4.200991087550072,5.975543926818438,0.10297161805535117,11.532051392768706,10.804911375886864
WAA,USA,NA1,-0.01780215954666063,-0.016205725464915326,-0.0015964340817453148,-0.024002349456572994,0.016567204925758108,-0.023997960129746334,-0.01780215954666063,,,0,-0.7220805076540693,-0.005667237964124747,1.6094379124341003,-1.5778796419885561,2.032827906234923,5.033990139998589,0.0,9.363233118079325,10.894689012037176
WAE,SAU,ME1,-0.06489383791488633,-0.011120758632789314,-0.05377307928209702,0.004742708954718469,-0.00010122181972947147,0.005505729143317721,-0.06489383791488633,,,0,-0.46889922192612143,-0.06749181464961598,0.6931471805599453,-1.8832604992598656,4.716167760943489,6.324794669747149,0.0,10.90443188402608,9.96160515693424
WAG,NZL,SW1,-0.015385435896925693,0.017392436895713514,-0.032777872792639204,0.001759743911691695,0.012577681445840986,-0.003502448019112697,-0.015385435896925693,,0.5823348933650612,2,-0.5058860361865473,0.26416255138354533,0.6931471805599453,-1.6438162686641458,2.944848112282031,5.703175323951028,0.0,10.366623905926678,10.502717308818164
WAI,MDG,AF4,,,,,,,,,0.6003288982884702,2,-0.6125564750440042,0.8109302162163288,0.6931471805599453,-1.7336358008650516,2.9444389791664403,5.428091710294847,0.0,5.988961416889864,6.16075460811433
WAW,POL,EU2,-0.013622098424275648,-0.014502807448145904,0.0008807090238702564,-0.004011017188305523,-0.001427582620320326,-0.01888126756005197,-0.0028641307271467862,-0.01526015018678208,0.6479716976140146,2,0.3124895065843313,0.7152216894075011,4.727387818712341,-2.3664842331177836,4.514472128036178,7.186532593347796,0.8722219584160529,15.631848161685618,9.186119834635363
WBB,USA,NA1,0.017178488630554267,0.007069014764389427,0.010109473866164839,0.013458519041085833,-0.008932157697061615,0.021732650865013952,0.017178488630554267,,0.59684850547926,2,-0.706891389334947,0.15522211681979506,1.6094379124341003,-1.0278857796428504,2.04237753730191,4.386727682939583,0.0,9.680093969966709,10.894689012037176
WBQ,USA,NA1,-0.011357161600407858,0.002176941146204478,-0.013534102746612337,0.0009438383927818446,0.008717409906098676,-0.0011732713269948165,-0.011357161600407858,,0.5973527767648632,1,-0.5564747608244808,-0.9125458894748065,1.3862943611198906,-1.6311025873802327,2.0330046273870774,4.73280902303807,0.0,8.383890344101816,10.894689012037176
WDH,NAM,AF2,-0.0054977027202111955,-0.0037485875596243528,-0.0017491151605868408,-0.01574024020678822,0.0023937642850622998,-0.018330636135596646,-0.05798308291585684,-0.002848005270030794,0.6011469856113845,2,-0.2386822368030058,0.14282975937610096,2.302585092994046,-2.3801258552549522,4.779186919948214,7.979970483643126,1.0,13.162162769244643,8.29094932936793
WEH,CHN,AS4,-0.040051499545704465,-0.03073724953068173,-0.009314250015022738,0.0011014992026911643,0.0011362324497581379,-0.037960356762605584,-0.020351063917859725,-0.06713557788349313,,0,-0.30303543679374456,2.6373746459371765,2.3978952727983707,-2.1975989507261877,4.814955673708305,6.40376702169085,0.49857998125989866,13.08650404846382,8.391574866779688
WEI,AUS,SW1,0.00804843487068395,-0.03130568912983099,0.03935412400051493,0.0009052471173692409,-0.03838682240469064,-0.02947639639390894,0.00804843487068395,,0.5493342388299123,2,-0.6075400426916979,-0.793330150253565,0.6931471805599453,-1.5343853358819455,3.233868305179231,6.384958633387735,0.0,10.589509408153484,10.871826484872283
WGA,AUS,SW1,-0.006267369929195482,-0.023410830984584928,0.017143461055389435,-0.001954811880680969,-0.020386381240761607,-0.02849671401922309,-0.006267369929195482,,0.5652878047493962,1,-0.4193791053316579,-0.09596139211460254,1.0986122886681098,-1.5373037552882227,3.355063164584288,5.896712067626695,0.0,11.962279858648113,10.871826484872283
WGP,IDN,AS3,-0.06749907290788455,-0.059598863070514964,-0.007900209837369571,0.010995377425203645,-0.037353200726950475,-0.09366036308432416,-0.06749907290788455,,0.5588646360660997,1,-0.5268416305219932,0.7976722179926714,1.6094379124341003,-1.8272195783385135,4.466371489220309,6.075008761189855,0.0,10.896090967259447,7.764360911576746
WHK,NZL,SW1,,,,,,,,,0.5617421649787,1,-0.5087586645542466,-0.37191505507193706,0.0,-1.5397422832254979,2.9444389791664403,5.366750634261792,0.0,10.187951953831922,10.502717308818164
WIC,GBR,EU1,0.03904977185689214,0.032702007416834065,0.006347764440058079,0.009322353699265179,-0.001203926361355375,0.04729188573617387,0.03904977185689214,,0.5685697697593057,1,-0.5285176564046961,-0.9628160410540213,1.0986122886681098,-1.425980769678609,3.278687281931176,5.196440339014359,0.0,10.281752740717637,10.711795251008132
WIL,KEN,AF4,0.0002045194006883187,0.0042779064383801305,-0.004073387037691802,-0.003876614415195324,0.015916501971299145,0.009618371949544955,0.001776985693228351,-0.015709138155736116,0.5987464532874138,1,-0.5124198400067574,0.1538339942047904,2.1972245773362196,-1.7299792724814318,3.464700205096891,5.967092122626279,0.22584809825538926,11.676183121541957,7.177714421121875
WKA,NZL,SW1,,,,,,,,,0.5922561597587777,2,-0.6038254921872465,0.6083813170121639,0.6931471805599453,-1.5410664569338481,2.4645284600621418,5.076344872444304,0.0,9.78571701680162,10.502717308818164
WKJ,JPN,AS4,0.00652773878099019,-0.0013884473513644153,0.007916186132354603,-0.002849137103667946,-0.012276194583346316,-0.008135229467235832,0.00652773878099019,,0.5709642403685231,1,-0.3907471851232785,0.2696743688728603,1.6094379124341003,-2.271281171889832,4.862077894380766,6.765460791456119,0.0,12.116962704458105,10.433822702828955
WLG,NZL,SW1,0.0009668407996555541,-0.0077313231649183915,0.008698163964573947,0.007870421376585803,-0.0043518111420944375,0.0039945865467349,-0.002482243034173286,0.017495021330386582,0.5984368350551728,2,-0.1592798557304608,-0.07813731613629375,3.2188758248682006,-2.2760904836794866,4.353799004366392,6.570725520373481,0.16294404038498264,15.061662004148175,10.502717308818164
WLH,VUT,SW1,-0.0017368868358186252,-0.01703507797700601,0.01529819114118739,-0.014825684790253271,0.009882579984649174,-0.0065285687114981245,-0.0017368868358186252,,0.5776539298530665,1,-0.675153775542247,-0.957773245179698,1.9459101490553132,-1.1047633946809143,2.486505138829959,3.9503385945120577,0.0,8.837390855544697,7.934420995814924
WLK,USA,NA1,-0.032170698669338055,-0.03186672366745279,-0.00030397500188527465,0.004988233313666405,0.002025362136573375,-0.02466507555490597,-0.032170698669338055,,0.5736388778217867,1,-0.7358341794518808,-0.4936269082666013,1.0986122886681098,-1.1682162984336484,2.040090622654086,4.667392266897146,0.0,9.81536646914095,10.894689012037176
WLS,WLF,SW1,-0.0005491301676021369,0.0022651047881409943,-0.0028142349557431275,-0.010341696312290078,0.002802472097135974,-0.007645138726738072,-0.0017783624929993977,0.0008913794403534412,0.6190111330157332,3,-0.5524320174966205,0.09055151988076138,1.0986122886681098,-2.384754428630398,3.8424007723521996,6.672863918896228,0.6812576380402178,10.203703249925194,
WMN,MDG,AF4,-0.019067229394468012,-0.007231276132286149,-0.011835953262181856,0.007982290485015166,-0.009077581260370286,-0.021612882647271896,-0.019067229394468012,,0.5971172694084348,2,-0.5921966339034846,0.1246826175703504,1.3862943611198906,-1.7036235982093761,4.098073234260412,5.4714451532519295,0.0,9.544810605926722,6.16075460811433
WMO,USA,NA1,-0.05030073572468398,-0.042027620550663315,-0.008273115174020658,-0.003594038422940346,-0.005712565706087976,-0.057843894027123394,-0.05030073572468398,,,0,-0.7063258977013023,0.2642018815413452,1.791759469228055,-0.9568256305729306,2.0902241409641418,4.046819391540844,0.0,10.044596413496008,10.894689012037176
WNA,USA,NA1,-0.014880679388221903,-0.013131721369701846,-0.0017489580185200537,-0.017314239805468666,0.0166348848193794,-0.015569336507736592,-0.014880679388221903,,0.5741394712854544,1,-0.7464806544294887,-0.01555932700632745,0.6931471805599453,-0.13186105170919285,2.027924258042833,2.9833576354735927,0.0,9.096947684621092,10.894689012037176
WNP,PHL,AS3,0.08253932570931664,0.09382398979138463,-0.011284664082068003,-0.0008550282511242594,-0.010499244730868796,0.07035981841158427,0.08253932570931664,,0.5714268581861788,1,-0.4690846357570819,2.0749743287224036,0.0,-1.7307548233208128,4.823825418984711,5.568344503761097,0.0,10.731908357153642,7.700452054329457
WNR,AUS,SW1,0.03123964329902089,0.019183731547474315,0.012055911751546577,0.009510696090506199,-0.0106895842652322,0.0268341491388254,0.03123964329902089,,0.593912402977433,2,-0.513592198838972,0.4732137583535938,1.9459101490553132,-1.3288726418229833,2.8903717578961645,5.612394417823409,0.0,8.232706009860976,10.871826484872283
WNZ,CHN,AS4,0.0013775728240549095,0.003309245019499415,-0.0019316721954445119,-0.0005553706963643784,0.00023902521785672232,0.0011639790141888676,0.0011876715799982891,0.0023071168367839344,,0,-0.12711602255507054,1.0656137045857914,3.5553480614894135,-2.3916548798064405,4.902567497637471,6.834929849930381,0.017976113473984416,14.70163853325317,8.391574866779688
WRE,NZL,SW1,0.0011476361256218788,0.00023395457211452544,0.0009136815535073577,0.005516807025362315,-0.003112215590132597,0.0031753267911923447,0.0011476361256218788,,,0,-0.49265268867576156,-1.0788230626907365,0.6931471805599453,-1.4719693612647518,2.94534174284929,5.339866756583878,0.0,11.13763547399693,10.502717308818164
WRG,USA,NA1,-0.025428562384446643,0.0003144769949731843,-0.025743039379419824,-0.007421424818844704,0.034158267985876886,0.0016269589527489984,-0.025428562384446643,,,0,-0.3960470522144539,0.26513155383024745,1.6094379124341003,-0.873593257583111,4.455130390410252,4.448318599514195,0.0,11.401144381509479,10.894689012037176
WRL,USA,NA1,,,,,,,,,0.5785851875181912,1,-0.47151440478165885,-0.04375698035710022,0.6931471805599453,-1.6923084705060183,2.9444389791664403,5.8522024797744745,0.0,9.38378935026654,10.894689012037176
WRO,POL,EU2,0.0033021821106104907,0.0041204273906689974,-0.000818245280058506,-0.0037180755643273344,0.0016350114245404944,0.0014831509945228073,0.003569226320262893,0.003252593261968156,,0,-0.19238723783880865,1.8581681890673352,3.044522437723423,-2.522147425287704,4.631491822723302,6.817794472160077,0.787917507460012,13.554283446692938,9.186119834635363
WSN,USA,NA1,-0.08457234982671527,-0.10652821338436783,0.02195586355765257,0.05364839814707701,-0.05429059247502784,-0.08687188344970663,-0.08457234982671527,,0.5685619565984437,1,-0.7434061025735947,-0.9328200338253656,1.0986122886681098,-0.46745163758038094,1.791759469228055,3.1236269123336067,0.0,7.91644286012226,10.894689012037176
WST,USA,NA1,,,,,,,,,,0,,,,-0.6233894209050079,2.1972245773362196,3.1354942159291497,0.0,10.55776395870708,10.894689012037176
WSZ,NZL,SW1,0.013463552470442067,-0.024908518524546987,0.03837207099498905,2.7553287308555194e-05,0.0005359154254759168,0.013958956104128995,0.013463552470442067,,0.5715312526244675,2,-0.7010782054235355,0.6997478645912975,0.0,-1.5904705136164783,2.9444389791664403,5.598421958998375,0.0,9.327945614050446,10.502717308818164
WTE,MHL,SW1,,,,,,,,,,0,-0.7203435687522732,-0.06302353329234668,0.6931471805599453,-1.1094977013017986,3.5263605246161616,5.242116086848294,0.0,7.980707820869669,8.132553254681103
WTK,USA,NA1,-0.03353618591084561,-0.02913915122810391,-0.0043970346827417045,-0.038676813297810864,0.017797028194543513,-0.052428745933381204,-0.03353618591084561,,,0,-0.7355326594959064,-0.02549952906066733,1.0986122886681098,-1.038556639688022,2.108095516905051,4.626248705914459,0.0,9.807031716718498,10.894689012037176
WTL,USA,NA1,-0.0012825856181109367,-0.018851515339002707,0.01756892972089177,0.0019882586277845593,-0.01888889057948604,-0.018048356992829175,-0.0012825856181109367,,0.5700336440048387,1,-0.7260833357737109,-0.10523485989163199,1.3862943611198906,-0.5395433161657601,1.8000848455250735,3.9009607683710197,0.0,9.842462850698354,10.894689012037176
WUH,CHN,AS4,0.007668377002168634,0.008020890426075313,-0.0003525134239066821,-0.005201332005065265,-0.0005095696370676677,0.0022575366452875327,0.00897222303205947,0.005819133383058859,0.5840526206372336,1,-0.0014524447989668003,1.186584230132666,3.9512437185814275,-2.3477342955797016,4.848160180047815,6.773020474341045,0.021558481389795606,15.557006903750816,8.391574866779688
WUN,AUS,SW1,,,,,,,,,0.5706801229930945,1,-0.5877020263305238,-0.5433889691055372,1.0986122886681098,-1.8413546628915194,3.3055362630930425,6.140995939828547,0.0,8.647870515057853,10.871826484872283
WUS,CHN,AS4,0.03557540817720959,0.03856349582343079,-0.002988087646221209,-0.004363123729466618,0.003535274336785025,0.03518520268127077,0.03566661941914001,,0.6106051745255259,1,-0.2592344142752789,2.046903775578854,2.833213344056216,-2.1192094450609735,4.853563641352299,6.234951264106064,0.03799363700007225,12.902671362678705,8.391574866779688
WUX,CHN,AS4,0.012738014507876726,0.00807813853456027,0.004659875973316466,-0.001286707875431415,0.004104635310626032,0.015483585645096849,0.020847560536192633,-0.04234640471272396,,0,-0.20171236224790057,3.879735743440416,3.1780538303479458,-2.547362932072912,4.922375658346521,7.050129255939135,0.1281659459635205,13.73507027126667,8.391574866779688
WVB,NAM,AF2,-0.039535012214695665,-0.045750914601631304,0.006215902386935602,-0.0021813220321079034,-0.0028434335117428246,-0.044327613650510314,-0.024443649360708607,-0.042665346852456355,,0,-0.452174772202575,0.14588908338974052,1.6094379124341003,-1.881612742629692,3.541179413579895,6.974167709241946,0.7244782135328592,10.672877924046807,8.29094932936793
WWK,PNG,SW1,0.009266015691336251,-0.031221696453664786,0.04048771214500102,0.015586515888563596,-0.011037466898238408,0.01274018073804763,0.009074897990090893,,0.5903761473458256,2,-0.5845948366860535,-0.6667245601908047,1.9459101490553132,-1.6953866717839372,3.311858798595439,5.955393236908443,0.0,10.985546927863169,
WWT,USA,NA1,-0.0101508363912376,-0.018632956327231526,0.008482119935993924,0.003965398517401208,-0.012560542759092467,-0.01935647962588165,-0.0101508363912376,,,0,-0.718754861779572,0.2379872636392115,1.6094379124341003,-1.162638543545313,1.968043247549518,4.917105847356195,0.0,9.830540444780063,10.894689012037176
WXN,CHN,AS4,-0.028053767406609833,-0.03311716089885257,0.005063393492242735,0.0024798490877819433,0.0023727502179485428,-0.02301164548429222,-0.02729656375317774,,,0,-0.377265648702473,1.3564999326384286,1.6094379124341003,-2.3644865308621816,4.668962690287923,6.904137241718343,0.0,11.63120615455413,8.391574866779688
WYA,AUS,SW1,-0.07450166715244122,-0.06834969068016372,-0.006151976472277472,-0.00022759284861994958,0.014925282313190303,-0.05859314482529675,-0.07450166715244122,,0.5883290169002438,2,-0.5933587699531736,0.12577950745038008,0.0,-1.576881559951904,3.323738103218884,5.437795419283894,0.0,11.100692506541325,10.871826484872283
WYS,USA,NA1,,,,,,,,,0.553498840310665,1,-0.5070817883767887,0.0863280834884972,0.0,-1.8320968155623867,3.4011973816621555,6.082218910376446,0.0,8.984693690443855,10.894689012037176
XAP,BRA,LA4,0.04077162243542895,0.04956100793672154,-0.008789385501292596,-0.014253826130533869,0.002178726804661556,0.028858140011284835,0.04077162243542895,,0.5783165360496636,2,-0.4215478810439561,0.22627614906901986,1.791759469228055,-2.06216580402365,4.654478283614654,6.232800868289961,0.0,11.660267302868156,8.987603389267655
XCH,CXR,SW1,,,,,,,,,0.5901919396098616,2,-0.41227813345433956,-0.613549857594807,1.0986122886681098,-2.0501584835743487,4.459767363722847,7.380187838450939,1.0,9.674703121331833,
XFN,CHN,AS4,0.010856734801954995,0.02548349889845339,-0.014626764096498398,-0.0033571316802877347,0.002221128150354807,0.009610096533864645,0.010856734801954995,,,0,-0.35708330039763025,0.21341951680592933,2.0794415416798357,-2.2900458755838313,4.535300035542582,6.885979835519671,0.0,11.267510742009788,8.391574866779688
XIC,CHN,AS4,0.018439255191164954,-0.004207817499606179,0.02264707269077112,-0.024927488100416312,0.0047846842412759385,-0.00032114495631946826,0.018439255191164954,,0.6597909790028571,2,-0.39333055004238215,1.6582059793535342,1.0986122886681098,-1.8908088825130274,4.4997482810917795,5.829726501781677,0.0,11.644155461412918,8.391574866779688
XIY,CHN,AS4,0.004446371263710227,0.0023920505532884083,0.0020543207104218256,-0.007776330382386596,0.0020699345342102436,-0.0009498127616043511,0.00651856647855085,-0.04845395007231905,0.5944239556370943,1,0.12428421937273627,1.282753877965279,4.248495242049359,-2.458164278566971,4.896002072505655,6.976487563046765,0.029188118980780078,15.830875338545628,8.391574866779688
XKH,LAO,AS3,0.010976985405633643,0.008412530243306616,0.0025644551623270253,0.0010874668669486735,0.0043307370852092315,0.016519438288648006,0.010976985405633643,,,0,-0.6692350905047313,-0.25050860736654074,0.6931471805599453,-1.649875765440387,4.248495242049359,5.112304795808873,0.0,9.6778408710038,7.170954560494024
XMH,PYF,SW1,-0.009691410425484527,-0.018719766752049113,0.009028356326564593,0.008430132579116642,-0.004394954477848364,-0.005791092713731835,-0.009691410425484527,,0.5851638809604369,1,-0.5166285592068716,-0.3992270660090891,2.1972245773362196,-1.729513247763184,3.9083186738643936,5.394019675937239,0.0,10.073736528095813,9.982692936106211
XMN,CHN,AS4,0.005206393191593882,0.010168399815202636,-0.004962006623608751,-0.00417280203443998,-0.0011319973978495181,0.00021487828176442,0.0084544658059725,-0.009872036180716024,,0,0.13335778421809646,1.0261098693111197,4.174387269895637,-2.264387523118894,4.894511648592775,6.936817612490644,0.19939905251776271,15.58174091483356,8.391574866779688
XNN,CHN,AS4,0.016190608720401477,0.011887333484758653,0.004303275235642813,-0.00136044212574174,-0.004215526818781583,0.010824074564045653,0.016339101035476988,,0.6096363125698329,1,-0.2472593525048076,2.589911270758425,2.995732273553991,-2.387910845195141,4.939535046519968,6.868914614178638,0.0,13.449502192844465,8.391574866779688
XQP,CRI,LA2,0.01027393405612672,0.03996218948190685,-0.029688255425780127,-0.02055020681772328,0.010668216897923,-0.0018155677209542075,0.012227274050577826,,0.5807748553482164,1,-0.47426717147543906,1.1771624511046404,2.302585092994046,-1.441400496711526,2.8351537466054455,4.643683865036149,0.053619232240112884,11.23626245900088,9.188044812282184
XQU,CAN,NA1,,,,,,,,,,0,-0.45133630879706055,0.56018170434924,0.6931471805599453,-1.6127428913849828,2.1972245773362196,4.19563732569755,0.0,10.366277727263562,10.64796624715158
XRY,ESP,EU1,-0.036188997367606904,-0.03284947285112877,-0.0033395245164781384,3.092134091642264e-05,-0.002894648801610041,-0.03920605662230618,-0.03959135077252417,-0.0270561280093652,0.5968227474076604,1,-0.1524798087902269,1.1979560213651366,3.295836866004329,-2.4638308628667898,5.0237199977968405,6.850518287623419,0.28761243670895426,13.830742953722318,10.216062049970796
XSC,TCA,LA1,0.03044078970801663,0.06711904641750871,3.2749461612598726e-05,-0.020039401686790477,0.002383316305429828,0.01884166817572257,0.03044078970801663,,,0,-0.5760436320166559,-0.029614727137769317,0.6931471805599453,-0.7985818280932371,2.9383769414837007,4.112046327514886,0.0,10.61206507075143,
XSP,SGP,AS3,,,,,,,,,0.5821618934922461,1,-1.0224865104563365,0.24585990214160555,0.6931471805599453,-1.324796381631847,3.871201010907891,5.626299593531312,1.0,10.07171018495058,10.740276399317946
XTG,AUS,SW1,0.038643653182141,0.010416947278327277,0.02822670590381372,0.0014296510686086766,-0.01634406109144141,0.019486328430314455,0.038643653182141,,0.5905814039820374,2,-0.5465935207429884,0.5136786927483972,1.0986122886681098,-0.9972367508583359,2.8903717578961645,5.159055299214529,0.0,7.534762657037537,10.871826484872283
XUZ,CHN,AS4,0.00264995304596,-0.0008039670954511277,0.0034539201414111246,-0.001321671559381262,0.0027819542232964526,0.004584656848014285,0.0023172188876097333,,0.6195036884462845,1,-0.2769621108867508,3.373089306792362,3.044522437723423,-2.338400079117276,4.6224227358113845,6.688858191416655,0.0,12.58239726389192,8.391574866779688
YAA,CAN,NA1,-0.018831112903462014,-0.018831112903462018,7.279035689473533e-18,-0.03740588092766145,0.015710086466456115,-0.040036775844871086,-0.018831112903462014,,0.5731886238519039,1,-0.45708515477746675,0.22229246216568282,0.6931471805599453,-1.68463567162283,2.9444389791664403,5.803172927241166,0.0,9.07783702216309,10.64796624715158
YAC,CAN,NA1,0.029228994681972934,0.02121612666956985,0.008012868012403083,0.0019512314005676217,-0.01029845629213504,0.015532444157436098,0.029228994681972934,,0.6152907705767874,2,-0.8000438791198135,-2.126980883832083,0.0,-1.2988498120637304,2.756784275303318,5.059300802626728,0.0,8.402231172946555,10.64796624715158
YAG,CAN,NA1,-0.0036350723628008445,-0.0036350723628008346,-1.0059582605795745e-17,-0.0021465630359604046,0.001483150428174602,-0.004161992709527891,-0.0036350723628008445,,0.6180778095536028,2,-0.55173306556479,0.418798785425432,1.0986122886681098,-1.2578581347838715,2.9444389791664403,5.43349480254348,0.0,10.043640722719532,10.64796624715158
YAK,USA,NA1,-0.031700364543600874,-0.014416870525083472,-0.01728349401851741,-6.235053775258175e-05,0.031333837001005026,-0.0001840470086484007,-0.031700364543600874,,,0,-0.4065181942754802,0.5111785658487902,1.3862943611198906,-1.638893031197526,4.1491044740780785,5.790012847443997,0.0,11.358444730680988,10.894689012037176
YAM,CAN,NA1,0.009699975496513899,0.007720297942752121,0.0019796775537617804,0.0019474485295422428,0.0001265056699633276,0.011539080319467017,0.009699975496513899,,0.5873857580013522,2,-0.36577658236133764,-0.5456090933841814,1.6094379124341003,-1.8824625662921621,3.4304712903807264,6.101249771930315,0.0,11.746771539417574,10.64796624715158
YAP,FSM,SW1,0.03115387682875651,0.02500147570613643,0.006152401122620105,-0.009328051412967983,-0.0005625007998923139,0.021398357769580927,,0.03115387682875651,0.5732637298182663,1,-0.4626399953629992,-0.07293386675459262,1.0986122886681098,-2.3455457187473945,5.0106352940962555,6.589340263928285,1.0,10.431170293368542,7.940523905052037
YAT,CAN,NA1,-0.033254566568786614,-0.0740481689765201,0.04079360240773349,-0.019246498331874896,0.01669603895676036,-0.03182304074511495,-0.033254566568786614,,0.5816430959227215,2,-0.6340981361673454,-0.8584504614205365,1.6094379124341003,-1.0240247951285355,3.6109179126442243,4.996377556005721,0.0,9.634365505605258,10.64796624715158
YAV,CAN,NA1,,,,,,,,,,0,,,,,,,,,10.64796624715158
YAX,CAN,NA1,-0.0392806953808637,-0.03493032077201073,-0.00435037460885297,0.05430685816338452,-0.03304751636722977,-0.02192705526468825,-0.0392806953808637,,,0,-0.781777865962029,-0.09809974546120427,1.0986122886681098,-1.2459197977469856,2.7833708566445505,4.769064245292831,0.0,8.929700114313448,10.64796624715158
YAY,CAN,NA1,0.009202308868434601,0.01593179451389526,-0.006729485645460659,-0.004971497712122118,0.007155562021947372,0.011508894851653033,0.009202308868434601,,0.6067602574600508,2,-0.50388570312962,-0.6860938564160786,2.5649493574615367,-1.5681094323656808,3.1748132913507443,5.756960252847997,0.0,10.32551474894327,10.64796624715158
YBB,CAN,NA1,-0.0003913845206222188,0.006089903420407587,-0.0064812879410298075,-0.022730784611116717,0.017666359489671102,-0.0038743470345007857,-0.0003913845206222188,,0.6172027975604233,2,-0.6714610311100566,0.4265709772936961,1.3862943611198906,-1.3979356176534583,3.6695229156461457,5.4929777148053445,0.0,9.76984186766621,10.64796624715158
YBC,CAN,NA1,0.04345461399046167,0.05403988609426122,-0.010585272103799552,-0.009078943185664205,0.0029044258518389873,0.034589937937012885,0.04345461399046167,,0.5488142596080391,1,-0.4777630230601067,-1.6899454349774363,1.0986122886681098,-1.7318473034936899,3.2429680903225457,5.892077381797684,0.0,10.228609907961754,10.64796624715158
YBG,CAN,NA1,0.023054215082879203,0.026286237967969063,-0.003232022885089861,-0.010584188672012875,0.001577312892289314,0.013948201889142087,0.025167211689161483,,0.5720408083017283,2,-0.4815609575442238,-1.1568237792086378,0.0,-1.844446156081774,3.6442509082410877,5.942799375126701,0.0,10.586407613940557,10.64796624715158
YBI,CAN,NA1,,,,,,,,,0.5989607354794009,2,-0.6664627183756415,-0.7995448939912033,2.1972245773362196,-1.2929228353922193,2.9444389791664403,4.436254550143443,0.0,8.512783482927537,10.64796624715158
YBK,CAN,NA1,-0.006012693266476708,-0.011701106837249174,0.0056884135707724725,0.004985518938091382,0.0024312086016200552,-0.0002898836077873876,-0.006012693266476708,,0.6195426541880831,2,-0.5190291596077898,0.5167256384019846,2.0794415416798357,-1.6468153511786534,3.119375601217394,5.67665070760126,0.0,10.324268111422066,10.64796624715158
YBL,CAN,NA1,-0.014985596690227082,0.00035220710395358445,-0.015337803794180664,0.0035199830205336897,-0.012731498921104683,-0.028684195973949222,-0.015846024601007425,,0.5885588494848997,1,-0.42750563075800463,-0.4878962325379077,0.6931471805599453,-0.7535376760772734,3.252652966891447,4.340447605826421,0.0,11.485358976752423,10.64796624715158
YBP,CHN,AS4,0.00047227928303227246,-0.005707956477899392,0.006180235760931656,0.002241461188883469,-0.002278367555666547,0.0005155418390334643,0.00047227928303227246,,,0,-0.3783921910680809,0.23350965968028042,1.6094379124341003,-2.3385697058282924,4.8065750811157,6.950992154426622,0.0,11.562344003099955,8.391574866779688
YBX,CAN,NA1,0.012247801516576645,0.01566814681418765,-0.003420345297611008,-0.017213742008079673,0.01603862723389709,0.01148581441092925,0.012247801516576645,,0.5827978753063194,1,-0.3402862417728815,-0.3194707513372119,3.1780538303479458,-1.2577905584464153,3.0462247106683167,5.122584313790839,0.0,10.470986472491525,10.64796624715158
YCB,CAN,NA1,0.025088491006316927,0.027901017070029465,-0.0028125260637125358,-0.012895202697742041,0.008229097996105997,0.021155035071802906,0.025088491006316927,,0.5417935910338147,1,-0.4906456398471945,-0.36083218568953473,1.9459101490553132,-1.6509977356682846,3.6293332262663514,6.47279864075568,0.0,10.583017437136888,10.64796624715158
YCD,CAN,NA1,-0.017769045814115984,-0.006963025004678677,-0.010806020809437305,-0.02575168923976112,0.010038899516356694,-0.03189601177970996,-0.019235024729507163,,0.5629240303777601,1,-0.4215064764223599,-0.8122849280422615,0.0,-0.6991040322690142,3.827522358744679,3.970291913552122,0.0,11.513225419979227,10.64796624715158
YCG,CAN,NA1,0.006617971637630552,0.004555024413725387,0.0020629472239051677,-0.001695796259399981,-0.0024003196004580354,0.002559425411795577,0.006617971637630552,,0.5904704348711878,2,-0.432976171779463,-1.1825151179182267,0.6931471805599453,-1.9800818486026608,3.765041286555108,5.942491992379541,0.0,11.019219133011626,10.64796624715158
YCL,CAN,NA1,,,,,,,,,0.5606967677619275,1,,,,,,,,,10.64796624715158
YCO,CAN,NA1,0.05324041640684196,0.04112389382806377,0.012116522578778207,-0.0007352326987484334,0.009634961758654519,0.06201044087762599,0.05324041640684196,,0.6017912046929359,2,-0.6862569055043723,-0.003533432607616387,0.6931471805599453,-1.7584839698799506,3.767197874783828,6.240602326560257,0.0,10.561784455660327,10.64796624715158
YCR,CAN,NA1,,,,,,,,,0.6133729442772542,2,-0.5677193672673636,0.14585666524118202,0.0,-0.2520946852394491,2.904304064362101,4.219507705176107,0.0,9.69214904667168,10.64796624715158
YCS,CAN,NA1,0.022746808819484526,0.00517258359138846,0.01757422522809605,0.02737789850525373,-0.013465863048629146,0.03565804636063878,0.022746808819484526,,0.5856418394221192,1,-0.5152721741940186,0.10357181509926358,2.1972245773362196,-1.4227002886172788,2.8597212159254957,5.314126702112921,0.0,9.711963784977375,10.64796624715158
YCY,CAN,NA1,0.06158190910546486,0.08036478903112261,-0.018782879925657754,-0.0013273255550880706,0.010406529638763089,0.07159375248591285,0.06158190910546486,,0.6069671554501486,2,-0.7039266764980362,0.08402847344688402,1.3862943611198906,-1.8187064188295599,3.8253516621836026,6.393554542839852,0.0,10.146119956434184,10.64796624715158
YDA,CAN,NA1,,,,,,,,,,0,-0.5365229646602822,0.5527834838212675,1.3862943611198906,-1.695369051679049,3.6888794541139363,6.0381263258569495,0.0,10.128229825214035,10.64796624715158
YDF,CAN,NA1,-0.014925272685678118,-0.008335328445938692,-0.006589944239739432,0.00583890218642563,0.0002651230111848042,-0.00918292377589453,-0.014560806553225296,,0.5735995299364801,1,-0.25783986140089377,-0.17338598512667347,2.772588722239781,-2.0723723322557888,3.795311821966187,6.691855284529794,0.009297822254906671,12.508400690203496,10.64796624715158
YDL,CAN,NA1,,,,,,,,,,0,,,,,,,,,10.64796624715158
YDP,CAN,NA1,0.008548293799942954,0.008734023091804254,-0.0001857292918612985,-0.0036974969552673554,0.0006101177983504906,0.005657450914446967,0.008548293799942954,,0.6043029495584722,2,-0.6695796080804806,-0.04591288254303923,1.9459101490553132,-1.6643801614392844,2.9404837993235127,5.2599578412506975,0.0,9.88745979145893,10.64796624715158
YDQ,CAN,NA1,0.03890397633634548,0.01622932461849895,0.022674651717846536,0.02538889460789137,-0.019878543117514913,0.04641325109999432,0.03890397633634548,,0.5623088003586483,1,-0.4408316808579685,-1.4920234658867275,1.3862943611198906,-1.7532649171614325,3.452177995146468,6.017665185533296,0.0,10.122944315992342,10.64796624715158
YEG,CAN,NA1,0.00434030682510676,0.00599999919024239,-0.0016596923651356287,0.0025754748142066746,-0.0032586305779110543,0.0035886246947256723,-0.0020543991604950254,0.03195563819614801,,0,0.28103984912119023,0.3033555464833186,4.532599493153256,-2.348536180171628,4.498281285154478,7.222905256677764,0.1523336732606845,15.2482377831942,10.64796624715158
YEK,CAN,NA1,-0.006552200289728853,-0.00964975465473362,0.003097554365004771,0.005348986170682999,0.001493238060371326,0.0013595320949701143,-0.006552200289728853,,0.6266989953723632,2,-0.5125407315140462,0.4733604778542314,2.1972245773362196,-1.5160117360425593,3.2238535920203155,5.451344643461025,0.0,10.842595969690729,10.64796624715158
YER,CAN,NA1,-0.011554250099011783,-0.0097103225466161,-0.0018439275523956821,0.017062829465018487,-0.0055525361580394525,-0.000882984934284198,-0.011581317996135983,,0.623033992733951,2,-0.8001041169058423,-0.5103588793001078,0.0,-1.80390048659375,2.751535313041949,6.214339488928196,0.0,7.96102146588337,10.64796624715158
YEV,CAN,NA1,-0.030187831731739268,-0.008855272796395676,-0.02133255893534359,-0.023840046388000247,0.03151575809430209,-0.022550739003764197,-0.030187831731739268,,0.6017794036304587,1,-0.40850725708581936,0.3267818996642053,2.1972245773362196,-1.7809813159850763,3.578657926050159,6.299795603101802,0.0,11.59695406456568,10.64796624715158
YFA,CAN,NA1,-0.02344547766892665,-0.05787041579303863,0.03442493812411197,-0.005007638598249651,0.010581173614405345,-0.015588306385516764,-0.02344547766892665,,0.581568047705654,2,-0.6340981361673454,-0.8553752706417971,1.6094379124341003,-0.4607971813901945,3.6109179126442243,4.269697449699962,0.0,10.040637390683361,10.64796624715158
YFB,CAN,NA1,0.023538898921850838,0.026056085923881644,-0.0025171870020308258,-0.00792101565756557,0.005428324751642029,0.021573389779476003,0.02321674898930897,,0.5775742737794771,2,-0.3777153756589055,-0.3142261652321857,2.6390573296152584,-1.641441109103628,3.544537665584403,7.056121204357244,0.0,11.72821424820506,10.64796624715158
YFC,CAN,NA1,-0.019691316234123225,-0.017947336933062285,-0.0017439793010609328,-0.0030699396033032392,0.0016892651891126543,-0.020436860448701924,-0.01451135954449398,,0.5885855474883774,2,-0.3265030826853733,-0.9598480396450857,2.0794415416798357,-1.8996390506632963,3.709835959391929,6.591622227209617,0.09123340439965114,12.014330857355496,10.64796624715158
YFH,CAN,NA1,-0.02487127544898434,-0.014671332474298741,-0.010199942974685603,0.04607377590776987,-0.019431802040367,0.0013498349051230276,-0.02487127544898434,,0.5713458077297174,1,-0.6026440022711513,0.25629702209250177,1.791759469228055,-1.46326143375765,2.5428178263875907,5.213106635558701,0.0,10.34788487064608,10.64796624715158
YFO,CAN,NA1,4.894762504553934e-06,0.0025247794457536068,-0.0025198846832490537,0.006197692545821064,-0.021909365286469744,-0.01631378381698216,4.894762504553934e-06,,0.6083592460244982,2,-0.5547458045743833,0.06981589897487722,1.0986122886681098,-1.5278654212927472,3.2235554122457635,5.627651528527557,0.0,10.55984107226706,10.64796624715158
YFX,CAN,NA1,,,,,,,,,0.5977068412799056,2,-0.6664627183756396,-1.0064418288684525,2.1972245773362196,-0.10996406587784384,2.9444389791664403,2.854538008183899,0.0,8.512783482927537,10.64796624715158
YGB,CAN,NA1,,,,,,,,,,0,-0.45250695907223953,0.5254413457203428,0.6931471805599453,-1.275862167433287,2.1972245773362196,3.6635616461296463,0.0,9.361944956108077,10.64796624715158
YGH,CAN,NA1,-0.023140588791813542,-0.018103366763042177,-0.0050372220287713656,-0.03315788041455412,0.013887708986874987,-0.039481842351981,-0.023140588791813542,,0.5902130598029856,1,-0.7244469085333044,0.4441091264796927,0.6931471805599453,-1.6460378967215334,2.9041158621820995,5.2838098305363514,0.0,9.631547587032955,10.64796624715158
YGJ,JPN,AS4,0.03694509755552633,0.037491326536560385,-0.0005462289810340837,0.0005198829723801096,0.001832410977803965,0.03955783553552812,0.040099942638141664,-0.014344107527558596,0.5841616612786948,1,-0.3345316957473013,0.09012100308423218,1.3862943611198906,-2.3573812420928575,4.901297072261391,6.340492270307752,0.08022507074352948,12.812621091224743,10.433822702828955
YGK,CAN,NA1,-0.012362559498744187,0.0004969067912160509,-0.012859466289960233,-0.0004168839689672757,0.0025386202901278333,-0.012299950877735466,-0.01244848366430887,,0.5596326874272725,1,-0.3837221115123231,-0.615625960098942,0.0,-1.5616334730857553,3.058720278917012,5.5254529391317835,0.0,11.011687069840143,10.64796624715158
YGL,CAN,NA1,-0.008216419244528764,-0.01518929746055735,0.006972878216028583,0.002602708541204134,-0.0032766342228792685,-0.009046971811230375,-0.008216419244528764,,,0,-0.41222713072040557,0.018878588590480538,2.5649493574615367,-1.8280399029252332,3.4638783992803726,6.335988492325349,0.0,10.31294468191383,10.64796624715158
YGO,CAN,NA1,,,,,,,,,0.6359924766896619,3,-0.5559441801754299,0.11928885556347744,1.0986122886681098,-1.2966131365944706,2.88458876486737,5.515299306177521,0.0,10.433144744037243,10.64796624715158
YGP,CAN,NA1,-0.014183655525557153,-0.0021282412447238704,-0.012055414280833286,0.00026903005330666216,0.010434764026675359,-0.003338271384180343,-0.014183655525557153,,0.5813906153050867,2,-0.47100719759696164,-0.694423118493238,1.0986122886681098,-1.930775922742573,3.7450623161544287,6.003957411520412,0.0,11.031254030856811,10.64796624715158
YGQ,CAN,NA1,,,,,,,,,0.5779441611743317,1,,,,,,,,,10.64796624715158
YGR,CAN,NA1,-0.0038428656015724386,0.02756440766559959,-0.03140727326717202,0.004957471507237217,0.012259906206757515,0.012506898494084309,-0.003781620088791659,,0.6700529799829346,3,-0.47032253849122296,-0.6108796572854541,1.0986122886681098,-1.8312950323250676,3.7238552034074894,5.867703883434742,0.0,10.553648940919915,10.64796624715158
YGT,CAN,NA1,0.04699954633246503,0.04920389408932552,-0.0022043477568604772,0.01663961436398024,-0.0045853732612467875,0.05902923881120152,0.04737212173571761,,0.5781313796290335,1,-0.694002945946405,0.3412416567611577,1.6094379124341003,-1.4713516662365662,3.478490113476078,5.796509453738222,0.0,9.734240155229445,10.64796624715158
YGV,CAN,NA1,,,,,,,,,,0,-0.7014185440354154,-1.3955657295747488,1.6094379124341003,-1.4576091229550683,2.9444389791664403,5.3176400571347635,0.0,9.572480355345974,10.64796624715158
YGW,CAN,NA1,-5.567061185952915e-05,-0.002594396781884573,0.002538726170025044,0.008416783962555411,0.0006125022509746783,0.009213262184408067,-5.567061185952915e-05,,,0,-0.41807406832414923,0.09285900451231374,2.4849066497880004,-1.7051784362397262,3.520244824431504,6.072465791529774,0.0,10.742810843253675,10.64796624715158
YGX,CAN,NA1,0.003588980392852534,0.010474051501449574,-0.006885071108597024,-0.008611032546925182,9.743775010919611e-05,-0.0045108278796188285,0.003588980392852534,,0.6109973326827824,2,-0.5607489255606553,0.4805262783132785,0.6931471805599453,-1.9788286999247244,3.6456214047958,6.228686315651326,0.0,9.951896691743816,10.64796624715158
YHA,CAN,NA1,,,,,,,,,0.6042093838015532,2,-0.6664627183756396,-1.0064418288684525,2.1972245773362196,-0.541178254122649,2.9444389791664403,3.367295829986474,0.0,8.512783482927537,10.64796624715158
YHD,CAN,NA1,0.0031702456090497684,-0.002107852619673379,0.005278098228723148,0.023942893341139488,-0.019865594045090258,0.005998721728882795,0.0031702456090497684,,0.5898128257640951,2,-0.536263900359886,0.012605535063290488,1.6094379124341003,-0.7499050467231161,2.913762127411021,4.715731586991583,0.0,10.53789271307231,10.64796624715158
YHG,CAN,NA1,,,,,,,,,0.5995801948759796,2,-0.6664627183756396,-1.0064418288684525,2.1972245773362196,-1.0357607976806884,2.9444389791664403,4.030518255592939,0.0,8.512783482927537,10.64796624715158
YHK,CAN,NA1,0.018196273960402805,0.019829453537802938,-0.0016331795774001336,0.01691397826847601,-0.002295570741465895,0.03148110570805018,0.018196273960402805,,0.5974625442730572,2,-0.6702472860096518,0.47560378502471884,1.3862943611198906,-1.7615880109027808,3.7420603265439936,6.211038802389046,0.0,10.650815105859214,10.64796624715158
YHM,CAN,NA1,-0.00044425238745994826,-0.022307014961977727,0.021862762574517774,-0.007772091527476738,-0.016832125911882365,-0.024697874324552796,0.017996531280058136,,,0,-0.08722523692294144,3.308475129299625,3.4011973816621555,-2.1006222340281724,4.300042399317431,7.8457392511004,0.22027236007886522,13.081137134520047,10.64796624715158
YHO,CAN,NA1,0.02872937257809919,0.029127818982701302,-0.00039844640460211397,0.0011327476891300884,-0.0015777790448903756,0.028322692220425716,0.02872937257809919,,0.5959704960748129,2,-0.6849465232105887,-0.0037648196920093955,1.791759469228055,-1.2047777255409886,2.9404723344210817,4.2967122535671445,0.0,9.884559542650608,10.64796624715158
YHP,CAN,NA1,0.004855724951323604,0.010230311448525974,-0.005374586497202366,0.004336687919688281,-0.0010016711761640109,0.008148346409489821,0.004855724951323604,,0.6228182836386713,2,-0.792635822267229,0.27102338314949637,0.6931471805599453,-1.0942763336148302,2.1972245773362196,4.696897202806733,0.0,7.4067107301776405,10.64796624715158
YHR,CAN,NA1,-0.0019886194015718657,0.001858726067372782,-0.0038473454689446477,-0.016906154317941922,0.008978230923923275,-0.011057829871420934,-0.0019886194015718657,,0.6056336504454325,2,-0.4129292502698655,-0.5132017559256189,2.5649493574615367,-1.32290514868712,3.0446363524014526,4.99894786664854,0.0,10.4664121460461,10.64796624715158
YHU,CAN,NA1,0.03436739965461004,0.029489855259361722,0.004877544395248331,-0.011616580452348736,0.0038962720288879464,0.04471472166691722,0.034233322069148545,,,0,,,,,,,,,10.64796624715158
YHY,CAN,NA1,-0.004356265552164477,0.002368325133670432,-0.006724590685834908,-0.009033530031022651,0.001547665504466484,-0.013189871332609002,-0.004356265552164477,,,0,-0.4850495663887195,-0.25466157710830795,1.0986122886681098,-1.5580747986380818,3.7315321740679237,5.8181022674481095,0.0,10.710677449136734,10.64796624715158
YHZ,CAN,NA1,-0.005519591681369376,-0.002569959999269405,-0.0029496316820999723,-0.003462781836687778,0.005213903371429406,-0.0037084849904612483,-0.0060024493981559205,-0.0024282430689367574,0.6305249812550233,2,0.17970420143321164,-0.17262191295422588,4.30406509320417,-2.323495601554053,4.368386496668036,7.204050042744512,0.18043409559312013,14.671723418526692,10.64796624715158
YIF,CAN,NA1,0.014887626604714517,0.016996534579709382,-0.0021089079749948675,-0.004324963727601073,0.005565073546137155,0.015504867313109285,0.014887626604714517,,0.6004453333085378,2,-0.4129814865726285,-0.4401152849782312,2.5649493574615367,-1.226012008053685,3.0446363524014526,4.832753349342063,0.0,10.4664121460461,10.64796624715158
YIK,CAN,NA1,0.02222253250256227,0.0013315462635442794,0.020890986239017993,0.008162477788829826,0.015222506078130249,0.049327630167004526,0.02222253250256227,,,0,-0.7192116501037695,0.2218606775013206,1.0986122886681098,-1.5042177704164712,2.9444389791664403,4.860284971829471,0.0,9.548382803766913,10.64796624715158
YIN,CHN,AS4,-0.013877673987455168,-0.00031279833224736285,-0.01356487565520782,-0.004713726275128289,0.007339002177070156,-0.011253510414565827,-0.013877673987455168,,0.6030261340051197,1,-0.5556694517355307,2.498762201126078,0.6931471805599453,-2.182725993671991,4.554232981734672,6.261909117470699,0.0,12.33495386785259,8.391574866779688
YIO,CAN,NA1,0.051207669697402855,0.06070015084094629,-0.009492481143543424,-0.01573054633190543,0.013180225553795956,0.05080678495593137,0.051207669697402855,,0.6118553374211237,2,-0.6680631239932692,0.036491423155689776,2.0794415416798357,-1.7201916079840707,3.4734150710221243,6.285021701198952,0.0,9.740615619563487,10.64796624715158
YIW,CHN,AS4,0.012573609754216345,0.01295873503353621,-0.00038512527931986373,0.0023107953522214023,-0.0009259163454648956,0.01383451205328386,0.0146810289356726,,0.6645380303897559,2,-0.25641463318030333,1.9466013664298967,2.833213344056216,-2.38061469357308,4.935228941656759,6.830036378913591,0.009581201263506346,12.745987058186115,8.391574866779688
YJT,CAN,NA1,0.021723704506032344,0.02524349551178818,-0.0035197910057558303,0.03873823977557833,-0.014633120380741282,0.04408814875448483,0.021723704506032344,,0.5832383688837919,1,-0.5833374380368103,-1.8504021788376128,0.6931471805599453,-1.4484581486746186,3.404588652398545,5.549821742462268,0.0,9.1539816383068,10.64796624715158
YKA,CAN,NA1,0.011164284543547738,-0.008003295812199916,0.019167580355747657,-0.0034345562694220186,-0.009827352965116078,-0.0005896644096901173,0.01233769623096892,,0.5659994865333849,1,-0.38469432868475123,-0.858344205848721,1.791759469228055,-1.7403738976661265,3.617603992351789,5.763363733429461,0.05283423675591961,11.854818695701278,10.64796624715158
YKG,CAN,NA1,-0.0025836264432029347,0.0003124006906244531,-0.0028960271338273873,-0.005216159115936444,0.005584493548061668,-0.001939965904779102,-0.0025836264432029347,,,0,-0.43984993839164144,0.3870413908934691,2.1972245773362196,-1.184621749324442,3.4732116887400983,5.141511929363979,0.0,10.36788172817358,10.64796624715158
YKL,CAN,NA1,0.015212528264743107,0.013739094493382793,0.0014734337713603219,-0.0069344710438668695,0.005035305016714856,0.013983152477965926,0.015212528264743107,,0.6501249178824566,2,-0.43753707883713255,0.5462309946336198,2.1972245773362196,-1.8010800212200595,3.005771899090836,6.3792258228479115,0.0,9.793616881400416,10.64796624715158
YKM,USA,NA1,0.01003403176943704,-0.03381091421298371,0.04384494598242078,-0.026903083940077673,-0.005269300323211863,-0.02507323385643189,0.01003403176943704,,0.5588748993795751,1,-0.360915647600582,-0.5946009242160344,2.4849066497880004,-1.479230126255031,3.672363167889822,5.790660177420697,0.0,11.532933953428486,10.894689012037176
YKQ,CAN,NA1,0.01706763116506086,0.015050523610341565,0.0020171075547192985,-0.006554330501444963,0.0064229853512599066,0.018161653138877798,0.01706763116506086,,0.5849300990526405,1,-0.4291338069727915,0.5048307659276388,2.302585092994046,-1.3908763683339287,3.403547862526308,5.464475373588938,0.0,10.565169865465496,10.64796624715158
YKS,RUS,AS4,0.015579288509858426,0.010143160327675947,0.005436128182182476,0.005190979071992782,-0.007888079785277145,0.012401213734344196,0.014978034870085685,0.02530292347217051,0.6056502474496215,2,-0.2679375389436702,-0.30484078484706184,3.2188758248682006,-2.1571190562213425,4.742182355778179,8.031396394606713,0.03586467315604293,12.422819783339115,9.064204880368637
YKU,CAN,NA1,0.00667097640633508,0.011247470982529886,-0.004576494576194806,-0.0013471954237194348,0.0033639135184776025,0.008682198498364883,0.00667097640633508,,,0,-0.44199102599116313,0.7345205363167183,2.1972245773362196,-1.178634118954316,3.5235426763913416,5.185244063839086,0.0,10.301189270026459,10.64796624715158
YLH,CAN,NA1,-0.0052010215051677255,-0.0070559261319707665,0.0018549046268030386,0.008978879904000385,-0.0033464342843059934,0.0002487824263708938,-0.0052010215051677255,,0.5709449467149463,1,-0.6030206464063257,0.05171674883058024,1.791759469228055,-1.111305219252872,2.6185810527810185,4.455786653763564,0.0,10.084808608996498,10.64796624715158
YLW,CAN,NA1,-0.005236710249210037,-0.008362143256180263,0.0031254330069702277,0.005190156975042767,-0.0011722009701424724,-0.0015318223049206692,-0.01097310132724132,0.05044842915205423,0.6005058983983442,1,-0.21075464910766256,0.31702156544441773,2.9444389791664403,-2.0820562551487205,4.40689520431314,6.374895704673386,0.07739850088760267,13.695214617605911,10.64796624715158
YMH,CAN,NA1,,,,,,,,,0.5992123430174359,2,-0.6664627183756396,-1.0064418288684525,2.1972245773362196,-1.017270299593576,2.9444389791664403,4.003439424228921,0.0,8.512783482927537,10.64796624715158
YMM,CAN,NA1,0.026073597614583,0.019828649457396715,0.006244948157186283,0.01786052480158874,-0.0016699885068734292,0.04125403218843818,0.024811132353801647,,0.6561763197226862,2,-0.2828166103143357,1.2292107395933851,2.5649493574615367,-2.181938608899878,4.240264476903598,6.581161296815443,0.0,12.820620243277476,10.64796624715158
YMN,CAN,NA1,0.029364019131041946,0.02976246553564406,-0.00039844640460211527,-0.006475472202586404,0.0033132286706108786,0.02646436105653085,0.029364019131041946,,0.5959947337875768,2,-0.6849465232105887,-0.0037648196920093955,1.791759469228055,-1.1633531590166448,2.9404723344210817,4.230402060915445,0.0,9.884559542650608,10.64796624715158
YMO,CAN,NA1,-0.02097135019195586,-0.0407357783800531,0.019764428188097236,-0.0002111757930917034,0.0017780184308586649,-0.01771021355939533,-0.02097135019195586,,0.5597908428618619,2,-0.6115194042292023,-0.9036325606843361,1.791759469228055,-1.3579785304351146,3.282483061431047,5.412604050548623,0.0,10.31068449348905,10.64796624715158
YMT,CAN,NA1,0.015271957395984028,-0.003782379199190501,0.01905433659517453,0.0006874631048983116,0.004483934758826436,0.022467234873071076,0.015271957395984028,,,0,-0.45640869656753463,0.43389782521609227,1.9459101490553132,-1.6242650749105148,3.0977538879463027,5.800235881002281,0.0,9.794788135612787,10.64796624715158
YNA,CAN,NA1,0.054950453049193444,0.05366368040252555,0.001286772646667893,0.016944851763300205,-0.005594939866906278,0.06676955699930744,0.054950453049193444,,0.54466756945528,2,-0.41381158346035,-1.1246961821553998,2.5649493574615367,-1.193167490417211,3.019093623467165,4.779153344748894,0.0,9.665484138314895,10.64796624715158
YNB,SAU,ME1,-0.023750287121349172,-0.0195833991758154,-0.004166887945533768,0.0034930580044282007,-0.000741671261930181,-0.02066138001994386,-0.011231513085857259,,,0,-0.4552484979366061,-0.0811951663467661,0.6931471805599453,-1.8204361417420454,4.464562411384001,6.164296542755376,0.0,11.679066825535145,9.96160515693424
YNC,CAN,NA1,0.02929783722518156,0.020400150005376084,0.008897687219805476,-0.021275628793101586,0.02122250146275473,0.032621484078342616,0.02929783722518156,,,0,-0.442601437357753,0.5527112214267459,2.1972245773362196,-0.7489628196799625,3.3409651949103014,4.477240930616812,0.0,9.77229627684378,10.64796624715158
YND,CAN,NA1,,,,,,,,,,0,,,,,,,,,10.64796624715158
YNJ,CHN,AS4,-0.010927594867170147,-0.015314822043382552,0.004387227176212404,0.0024434622579160795,-0.0032866461261528254,-0.011926047452980737,-0.01175974433161596,-0.006728475724427123,0.609154131269025,1,-0.27761611136252684,1.088729292100395,2.70805020110221,-2.346146511646967,4.992920953478562,6.679850252587879,0.20771417391910266,13.235150844850793,8.391574866779688
YNL,CAN,NA1,,,,,,,,,0.5963767324436884,1,,,,,,,,,10.64796624715158
YNO,CAN,NA1,-0.026007351092334548,-0.020151428454029823,-0.00585592263830472,0.01598154754909734,-0.010427756420508022,-0.021770967991522422,-0.026007351092334548,,0.5954812073669427,2,-0.7924119480997623,-1.6238648137862777,0.6931471805599453,-1.0792541173428722,2.1972245773362196,4.663439094112067,0.0,7.4067107301776405,10.64796624715158
YNS,CAN,NA1,0.037616680497044634,0.025826402097493123,0.011790278399551511,0.0018807016949030108,0.004041366755819823,0.04653239724563181,0.037616680497044634,,,0,-0.45657919824867466,0.3985442002544799,1.9459101490553132,-1.3295433719271603,3.2765971578238045,5.333084229364151,0.0,9.524640032332234,10.64796624715158
YNT,CHN,AS4,-0.00687792212918311,-0.006562069516459518,-0.0003158526127235886,-0.004450909765237426,-0.0005470686418559944,-0.011411263349404406,-0.005167328951428174,-0.008015680041242755,0.6001986167746156,1,-0.14622253390032433,1.1812641342829726,3.4011973816621555,-2.2596770494238396,4.8629752641231585,6.443342140416161,0.2327709539680712,14.052908826321678,8.391574866779688
YNZ,CHN,AS4,-0.012032975284584175,-0.015037646587493025,0.0030046713029088447,0.013777053964248732,-0.0044234744643782695,-0.0033625489574168675,-0.024044545336294007,0.045251580170885576,,0,-0.40244504622271965,1.8718021769015913,1.0986122886681098,-1.918477631043494,4.79015486020153,5.754327262031904,0.0,10.899402442965895,8.391574866779688
YOC,CAN,NA1,,,,,,,,,,0,-0.5371143851971484,0.8905856187105068,1.3862943611198906,-1.6817058938102392,3.6888794541139363,5.972524327384182,0.4984025559105431,9.43508264465409,10.64796624715158
YOH,CAN,NA1,,,,,,,,,0.5991603603994324,2,-0.5558160126522917,0.0875026203020345,1.0986122886681098,-1.4961615771625165,2.880692162423933,5.8421444482778915,0.0,10.249662564618726,10.64796624715158
YOJ,CAN,NA1,-0.01920930327498331,-0.018472574344140902,-0.0007367289308424011,0.0031521350214300833,0.0037815745265558014,-0.0123678402895245,-0.01920930327498331,,,0,-0.4776730810929392,-0.5026571519702312,1.6094379124341003,-1.760858073992439,2.8949418513761884,6.082742554900693,0.0,9.639001037687535,10.64796624715158
YOL,NGA,AF3,,,,,,,,,0.6465411127618801,2,-0.5112906337787385,-1.4166896147503778,0.6931471805599453,-1.776850641280078,4.991282565580441,6.338594078203183,0.0,9.961095865156441,
YOP,CAN,NA1,,,,,,,,,,0,-0.49562693114159495,-1.2690496834845852,1.0986122886681098,-1.5584226899460194,2.8903717578961645,5.61243489749648,0.0,8.869257522797287,10.64796624715158
YOW,CAN,NA1,0.0015775723365482153,0.0028033531827234854,-0.0012257808461752684,0.007429751427364038,0.00020133696847294245,0.008922327983000524,0.00017815260166831673,0.0067404122642985625,0.6188434527656255,2,0.23519499210173267,-0.21819245864928966,4.532599493153256,-2.251640799295231,4.385482667132196,7.010801374898187,0.23667402052910255,14.92591735054007,10.64796624715158
YPA,CAN,NA1,,,,,,,,,0.6184143154199377,2,,,,,,,,,10.64796624715158
YPE,CAN,NA1,,,,,,,,,0.6088994991800862,2,-0.5497622167670563,-5.066555960901042,0.0,-2.1547591179488896,2.9444389791664403,6.0063531596017325,0.0,6.499787040655854,10.64796624715158
YPH,CAN,NA1,0.0014975712935908418,0.00344062818638466,-0.0019430568927938218,-0.02639373490431692,0.023715611389819535,0.0005637844189646673,0.0014975712935908418,,,0,-0.4602836112317319,0.46418038041028736,1.791759469228055,-1.5411009138253715,3.4066309854188974,5.796886365644988,0.0,10.299272626590986,10.64796624715158
YPJ,CAN,NA1,0.00631410818934974,0.0078029986028588915,-0.001488890413509155,-0.0146049256164179,0.006303782388057498,-0.0015468474421668024,0.00631410818934974,,,0,-0.6906812985210261,-0.7446042695879233,1.791759469228055,-1.7204711958518206,3.067296094741446,5.69596411799939,0.0,9.62832676063802,10.64796624715158
YPL,CAN,NA1,-0.027822160798127677,-0.04337847668641678,0.015556315888289101,0.008811801064495734,-0.005577591890980735,-0.024511905747949102,-0.027822160798127677,,0.5814738199529266,2,-0.7638129166409621,-1.2734269265512383,1.6094379124341003,-1.38772378793817,2.498699971920336,5.273346354763,0.0,8.672486075822272,10.64796624715158
YPN,CAN,NA1,,,,,,,,,0.5342599851946523,1,,,,,,,,,10.64796624715158
YPO,CAN,NA1,-0.002968177293065949,-0.0020586481641307196,-0.0009095291289352286,0.00036828923402465545,9.474151805304086e-05,-0.002543714555413298,-0.002968177293065949,,0.5445680459515047,1,-0.6362169159256159,-0.1648515518714143,1.6094379124341003,-1.4781040012410296,3.6109179126442243,5.707110264748875,0.0,8.24564690087386,10.64796624715158
YPR,CAN,NA1,0.018949480140146406,0.018733454162268244,0.00021602597787815834,0.004870269591025931,-0.004606838371905004,0.019311484143838063,0.018949480140146406,,0.5528696085955318,1,-0.4443854994471834,-1.3520626826751208,0.6931471805599453,-2.148882395827974,3.806638671456417,6.528995716557508,0.0,10.645043872303761,10.64796624715158
YPW,CAN,NA1,0.021424417109269546,0.0008783807631666442,0.02054603634610292,-0.00610580910715413,0.011275618262065645,0.0388810876087298,0.021424417109269546,,,0,-0.4468395956418852,0.19417256876812097,0.0,-1.2390153556269958,2.905059951895426,4.836281906951478,0.0,10.16558254998528,10.64796624715158
YPX,CAN,NA1,0.003485015358619654,-0.0004657863821195024,0.003950801740739155,-0.0033539609132093194,0.003728306057172953,0.004430759880484925,0.003485015358619654,,,0,-0.4368616316187183,0.6595344831425063,2.1972245773362196,-1.6047127939363997,3.260578185453717,5.8335365176214475,0.0,10.564421410731422,10.64796624715158
YPY,CAN,NA1,,,,,,,,,,0,,,,,,,,,10.64796624715158
YQB,CAN,NA1,0.003402024605772729,0.0020059614949659473,0.0013960631108067814,0.009151530357604505,-0.007106134002925131,0.005135123312674233,0.001980286924666608,0.008168903340460486,0.6026812558892758,1,0.0032646545244639966,-0.2738209712509645,3.912023005428146,-1.994790354906231,3.7641826986533466,6.501265808370898,0.21722755865929377,13.509026157749878,10.64796624715158
YQC,CAN,NA1,-0.0036033948398531005,-0.0006683799134819694,-0.0029350149263711314,-0.005499054695390708,0.006877253613975404,-0.001934950833194535,-0.0036033948398531005,,,0,-0.4402366195593696,0.21911167103055293,2.1972245773362196,-0.9634727374397758,3.6109179126442243,4.923623917106626,0.0,10.19846792746902,10.64796624715158
YQD,CAN,NA1,0.0001786558438815031,4.2866930863270925e-05,0.0001357889130182313,-0.0069497964611622085,-0.014716113106080314,-0.020782514099007714,0.0001786558438815031,,0.6096042234914278,2,-0.5548193549680197,0.3028644461801483,1.0986122886681098,-1.6970943519433528,3.2254725347409146,5.920364053949135,0.0,10.553909887636076,10.64796624715158
YQG,CAN,NA1,-0.011105126532041121,-0.005968345383703295,-0.005136781148337831,-0.010512560716191754,0.0070213909574657184,-0.01417051304294713,-0.007046386080964619,,0.5653523350610412,1,-0.3758243644141731,-1.0457264713791188,0.0,-1.758974457997618,3.664409578074561,5.7430031878094825,0.0,11.39062222858209,10.64796624715158
YQH,CAN,NA1,,,,,,,,,,0,,,,,,,,,10.64796624715158
YQK,CAN,NA1,0.008541461793421905,0.007865504509890665,0.0006759572835312457,0.0018975162346924611,-0.0007898643232974507,0.009332695736271903,0.008541461793421905,,0.5316528675495515,1,-0.5297487906124106,0.47243832626807114,1.791759469228055,-1.047521881066258,2.922901101063004,5.1183273657082164,0.0,10.198765701609537,10.64796624715158
YQL,CAN,NA1,0.012119737121348187,-0.0010342403631257019,0.013153977484473887,0.0006545154880079816,-0.00015290534554207935,0.016031268983744656,0.012119737121348187,,,0,,,,-1.3929872435150281,2.9444389791664403,5.209486152841421,0.0,10.532762656501662,10.64796624715158
YQM,CAN,NA1,-0.004107732402725738,-0.017215218744556997,0.013107486341831263,-0.0010402471629889385,-0.028661399607890867,-0.0338209684443121,-0.004907033646763712,,0.5660202363096737,1,-0.21870773480050576,-0.023986400614085985,2.772588722239781,-1.7089247021717717,3.8580775620739876,6.94755251395604,0.06433802851157884,12.70356679882726,10.64796624715158
YQN,CAN,NA1,,,,,,,,,,0,-0.6187522553406902,2.3792199230687263,1.3862943611198906,-1.5083347900404493,2.666988714304436,5.160128437834935,0.0,9.61780348274702,10.64796624715158
YQQ,CAN,NA1,-0.027116193073184188,-0.012763002460810626,-0.014353190612373553,0.010700827702729314,-0.009412396338387002,-0.027302468865249643,-0.028554878354847713,,,0,-0.30527263780030484,0.517932960025193,2.302585092994046,-2.03517518476888,3.8262815349398616,6.256551017528861,0.0,12.51877166821309,10.64796624715158
YQR,CAN,NA1,0.011714062386981982,0.0210408685146031,-0.009326806127621127,0.009700323808246043,-0.005576877409965812,0.015007216403830122,0.003215151901410102,0.0747384746318652,0.5597197629193524,1,-0.19271440376416618,-0.4052431815398617,3.258096538021482,-2.028307161435491,4.287852048371225,6.838126632379353,0.07787527657794333,13.29668804413668,10.64796624715158
YQT,CAN,NA1,0.007121399468359206,-0.0028244205078751575,0.009945819976234362,0.00297031243534759,-0.006272596532595035,0.003855251963388367,0.00708973630106751,,0.5938678930685986,2,-0.16996070078575679,0.04753721144179007,3.295836866004329,-1.9742702223298905,3.712968645720137,6.597988220748777,0.05164686632994238,13.047383332798246,10.64796624715158
YQU,CAN,NA1,0.0005269467388504524,0.008393445849918827,-0.007866499111068376,-0.0014558561522336078,-0.0003154152859278257,-0.0005098825789486152,0.0005269467388504524,,0.5873179245025737,1,-0.33564467841170115,-0.039561337302575106,2.0794415416798357,-2.0142413695851022,4.140608769787847,6.089199406982924,0.0,12.254634212144603,10.64796624715158
YQX,CAN,NA1,-0.007272087175087412,-0.0200214921026615,0.012749404927574086,0.0320259921988587,-0.06092603336596459,-0.03641441521735318,-0.007409545279078783,,0.643924940477968,3,-0.5273114346764068,-1.798446178271373,0.6931471805599453,-0.7096966957665456,3.155248957589899,6.044294115127128,0.0,10.753146908111683,10.64796624715158
YQY,CAN,NA1,-0.009384946880528097,-0.006910282956256135,-0.002474663924271958,0.012335271316003333,0.003378464264324011,0.006219486914090563,-0.00916073047914696,,0.5527053992945652,1,-0.47035098991288654,-1.0519285361303858,1.0986122886681098,-1.738236395868753,3.5165796613367406,5.951007674927852,0.0021714906140175433,11.156221949194753,10.64796624715158
YQZ,CAN,NA1,0.008250203500419379,0.008172837485479452,7.736601493992707e-05,-0.05712470077230268,0.020826416168537677,-0.027370512909213517,0.008250203500419379,,0.5693008165154287,1,-0.4530479019378431,-1.4307513594984134,0.6931471805599453,-1.6603792095826768,2.8903717578961645,5.877971362290368,0.0,9.642642134037906,10.64796624715158
YRB,CAN,NA1,0.011154164605682203,-0.006393611043972267,0.017547775649654474,-0.019029932956295,-0.013495074134583934,-0.019613282518156992,0.011154164605682203,,0.55765318098987,2,-0.6370113649588266,-1.3848560992249548,1.6094379124341003,-1.4129857392046237,3.0223544790606014,6.146216741881047,0.0,9.319463798994537,10.64796624715158
YRF,CAN,NA1,,,,,,,,,0.5997521323695223,2,-0.6664627183756396,-0.9974358795328575,2.1972245773362196,-1.6162742403318835,2.9444389791664403,5.108440623517805,0.0,8.512783482927537,10.64796624715158
YRG,CAN,NA1,0.009742401278711517,0.009715202358439246,2.7198920272266557e-05,-0.004436950208657343,0.0019198151168530043,0.007372464711879674,0.009742401278711517,,0.5970681032527223,2,-0.6863493266720287,-0.29605651747122386,1.791759469228055,-1.5657612941176422,2.9428182332687074,4.974249715877419,0.0,9.314430080500564,10.64796624715158
YRL,CAN,NA1,0.015231828748768515,0.010547546810411342,0.004684281938357176,0.002056260827162818,-0.0034885643161542967,0.012834487700911959,0.015231828748768515,,0.5910406015493126,2,-0.5018773673541855,0.010033845579908463,2.302585092994046,-1.24719392080977,2.830907646041759,5.300984960494309,0.0,10.85871049441207,10.64796624715158
YRT,CAN,NA1,-0.02335712419249303,-0.022779947379140054,-0.0005771768133529714,0.017203226666451188,0.004071925154855074,-0.002603756077645467,-0.02335712419249303,,0.5786224753749512,2,-0.4199756872595275,0.10643032874766287,2.5649493574615367,-1.432391717060222,3.3658088761481606,6.338216300197584,0.0,11.74672404927177,10.64796624715158
YSB,CAN,NA1,-0.008206915012585282,-0.013973813978051794,0.005766898965466505,-0.0012377339007755765,0.0018868133495958176,-0.006819158960307252,-0.008206915012585282,,0.5862585031952374,2,-0.35143204830912533,-0.3380703987124688,1.9459101490553132,-1.7107931631089848,3.2343902774992643,5.81568810031077,0.0,12.139970235488915,10.64796624715158
YSF,CAN,NA1,,,,,,,,,0.6367768666658071,2,,,,,,,,,10.64796624715158
YSJ,CAN,NA1,-0.01358007304427478,-0.004420968302844956,-0.009159104741429825,-0.003108684435786229,0.005140615499984364,-0.011623651537201768,-0.013241569564356888,,0.5795870802755568,2,-0.32326891822592946,-1.0915045611505576,1.791759469228055,-1.9635268319407497,3.7141147664595295,6.697384360950708,0.0,11.973572961791938,10.64796624715158
YSK,CAN,NA1,0.029618910458107786,0.01147278720213526,0.018146123255972535,0.014099281946107146,0.0020756527241404792,0.04778661284991052,0.029618910458107786,,0.5730208910695259,1,-0.7236134396423658,-1.0898793215164118,1.0986122886681098,-1.4839171965526865,3.152288695136335,5.117993812416755,0.0,8.299783171949787,10.64796624715158
YSM,CAN,NA1,0.005024257241682466,0.005097380391715261,-7.31231500327959e-05,-0.007335979323197701,0.0019210708181099227,-0.00046758782209973003,0.005024257241682466,,0.5579560376965259,1,-0.5228770644496085,-0.9326092698334715,1.0986122886681098,-2.161229840453016,2.9444389791664403,6.0801762848934064,0.0,9.76117485976141,10.64796624715158
YSO,CAN,NA1,0.02884415142188288,0.02924259782648499,-0.00039844640460211397,0.011428441366863249,-0.008238245037050531,0.03176780444018378,0.02884415142188288,,0.596282538292211,2,-0.6849465232105887,0.2099841858952817,1.791759469228055,-1.2496657511100357,2.9404723344210817,4.376586385610699,0.0,9.884559542650608,10.64796624715158
YST,CAN,NA1,,,,,,,,,0.6259548782433131,3,-0.5607899369075566,0.3905488996179399,0.0,-1.708808794017012,3.467689089949981,6.1463292576688975,0.0,10.366403624279968,10.64796624715158
YTE,CAN,NA1,0.05306087420183539,0.049456750578454306,0.003604123623381067,0.0012874845894798323,-0.0038846040247678456,0.05085625089666543,0.05306087420183539,,0.6079064444353972,2,-0.6899132368594697,-0.06046130936150565,1.6094379124341003,-1.570615155695531,3.220118575649521,5.970830328016357,0.0,9.581421053222517,10.64796624715158
YTH,CAN,NA1,-0.04524085492805635,-0.059971563524965105,0.014730708596908759,0.014561433350794043,-0.02050604381209204,-0.055123244353170286,-0.04524085492805635,,0.5686394433369437,2,-0.4781056639668189,-0.12007618921607459,2.5649493574615367,-1.651559099336003,3.127997973354053,6.011236571897639,0.0,11.927508874722921,10.64796624715158
YTQ,CAN,NA1,0.007524387402589083,0.009133773423805397,-0.0016093860212163186,-0.02530429439244807,0.010970169585929293,-0.005898858263660742,0.007524387402589083,,,0,-0.6907599092269635,-0.7894646403358888,1.791759469228055,-1.8995020231767499,3.065682380840303,6.333157080344309,0.0,9.640758221439924,10.64796624715158
YTS,CAN,NA1,0.0006955162974191167,-0.002869056677217027,0.0035645729746361446,0.002619046460250814,-3.598370860931951e-05,0.003295382863650161,0.0006955162974191167,,0.6030416234060108,2,-0.3245330740889239,-0.4678687816226816,2.3978952727983707,-1.793865328379497,3.3707027309275537,6.044033879520831,0.0,11.795122522191436,10.64796624715158
YTZ,CAN,NA1,0.05800033965479588,0.057326783663157695,0.000673555991638182,0.0106757881784847,-0.004817644626649787,0.0633037920331334,0.043233629992195294,0.03504783211452561,0.5525024342540029,1,-0.447993610894422,0.17923538571656525,1.3862943611198906,-1.9403289714064709,4.248495242049359,6.035943919234881,0.0,12.45834772335063,10.64796624715158
YUB,CAN,NA1,0.0015763332335959794,0.0015763332335959762,3.6082539778678544e-18,-1.1275346027820668e-17,4.692810822123674e-18,0.0017729104440165695,0.0015763332335959794,,0.5885536610896935,1,-0.7341054304894492,-0.03399375581571258,0.0,-1.511460724083037,2.9444389791664403,4.844187086458591,0.0,9.527848201325206,10.64796624715158
YUD,CAN,NA1,0.015287637886654219,0.005460738614176257,0.00982689927247796,-0.031031233070700902,0.028124110773271774,0.01565664700936703,0.015287637886654219,,0.5697469092320855,1,-0.46284841714880465,0.28832472170082946,1.791759469228055,-1.5478957389267547,3.61788813630849,5.810668387761658,0.0,9.797904789961063,10.64796624715158
YUL,CAN,NA1,-0.008193718679095071,-0.003800252697104131,-0.004393465981990941,-0.0015199490659076062,0.0011195885368462824,-0.008571567012600638,-0.01036998571539468,-0.0060088445296830615,0.5908009438115751,1,0.7461945485959574,0.048917860861544565,5.337538079701318,-2.3807243681764225,4.568356468101326,7.6882585333782325,0.5148900368914351,15.927022914042483,10.64796624715158
YUM,USA,NA1,0.02002726244676284,0.02814066136842118,-0.008113398921658337,0.007062358440625768,-0.0037785420157061805,0.022958042555368822,0.02002726244676284,,0.6913680878536436,3,-0.30612769186508193,-0.5705109052362997,2.5649493574615367,-1.4663484275191765,3.563905472231146,5.6044662077706615,0.0,11.731257459287216,10.894689012037176
YUT,CAN,NA1,-0.03797403885900377,-0.05731742600569325,0.019343387146689456,-0.004966606070565659,0.014518278349361757,-0.027175684656786474,-0.03797403885900377,,0.6528487419695534,2,-0.5144428266416089,0.4437024592957906,2.1972245773362196,-1.8010824344325325,3.0612181361165685,5.995090584187969,0.0,9.419060402624668,10.64796624715158
YUX,CAN,NA1,0.022498167816336925,0.03378516756006318,-0.011286999743726248,-0.003937423249211503,-0.0007477315913787463,0.017225745663741934,0.022498167816336925,,0.5873812474567071,2,-0.7032801287163168,0.1502860631415813,1.3862943611198906,-1.8630740951220854,3.8257200617273446,6.497356244183644,0.0,9.571923252267498,10.64796624715158
YUY,CAN,NA1,0.016031207869464395,0.021624088393348125,-0.00559288052388373,-0.0005554394768554835,0.004934367524152716,0.020340969650718098,0.015637919808088534,,0.5525730893833756,1,-0.4763826724289944,-1.4363120817517911,1.0986122886681098,-1.8194329199516566,3.42722419069677,6.044812188953483,0.0,10.824785726220822,10.64796624715158
YVB,CAN,NA1,-0.003084007372962402,0.0738883581245552,-0.0769723654975176,-0.047645710950924784,0.06004159379649654,0.00881662331185052,-0.003084007372962402,,,0,,,,,,,,,10.64796624715158
YVC,CAN,NA1,,,,,,,,,0.6341694345481872,2,,,,,,,,,10.64796624715158
YVM,CAN,NA1,0.05181837332017124,0.02672825196287737,0.02509012135729383,-0.017259866453495025,-0.00397409003492649,0.03482092672792799,0.05181837332017124,,0.6033418408304019,2,-0.7048161409652012,-0.6731019865334019,1.3862943611198906,-0.5409911209381408,2.473557771979346,5.163535976898297,0.0,8.829665432675236,10.64796624715158
YVO,CAN,NA1,0.005866958344158998,0.023184564444350488,-0.017317606100191486,0.006867792006150976,0.0005738578558808246,0.012449360461483,0.005866958344158998,,0.5685634131039636,2,-0.4432127929925992,-1.2868185915917092,2.0794415416798357,-1.7893831211801776,3.6258457223784943,6.0197169862044415,0.0,10.988490992796319,10.64796624715158
YVP,CAN,NA1,-0.010841723943386398,0.0046571364474200004,-0.0154988603908064,-0.013951884639706992,0.020459961308059826,-0.004368286378733107,-0.010841723943386398,,,0,-0.377247284520368,-0.21673285116209956,2.772588722239781,-0.6636225129631873,2.995298832541622,6.103879294803768,0.0,10.788060553358148,10.64796624715158
YVQ,CAN,NA1,-0.007462234730573796,0.006957863117656132,-0.014420097848229924,0.0007546069067024997,0.022344706683220732,0.015599318506408064,-0.007462234730573796,,0.601634752933943,1,-0.4430121415138758,0.47863055714606745,1.9459101490553132,-2.0455820239219102,3.9872326126063076,6.121347576461415,0.0,11.78452388615378,10.64796624715158
YVR,CAN,NA1,-0.010449391041416602,-0.008036574147991556,-0.0024128168934250465,-0.0026381510718812683,0.0022863003328316435,-0.01078116338822847,-0.00783392927028945,-0.013332403812038724,0.6254683908953431,2,0.7231585819936864,-0.10128896000336729,5.043425116919247,-2.3814381471128234,4.567893111401553,8.022888963695674,0.4708722834416515,16.273040957842998,10.64796624715158
YVZ,CAN,NA1,-0.009214939386762929,-0.022850611282818845,0.01363567189605591,-0.0395981238013886,0.01937973026136921,-0.028804951518653258,-0.009214939386762929,,0.6035493827960575,3,-0.5444238656092536,-1.6861740554313895,1.6094379124341003,-1.0696733058020935,2.738539311394003,4.536174267722423,0.0,8.676075516476429,10.64796624715158
YWB,CAN,NA1,-0.003613059318417446,-0.0006780443920463149,-0.0029350149263711314,0.0023265681979145773,0.0013751885863136771,-4.74765722627029e-05,-0.003613059318417446,,,0,-0.4402366195593696,0.21911167103055293,2.1972245773362196,-1.0944835448431576,3.6109179126442243,5.10594547390058,0.0,10.19846792746902,10.64796624715158
YWG,CAN,NA1,-0.004753165087474373,-0.011620044072968794,0.006866878985494422,0.00660209007334123,-0.008605400240504794,-0.007028014321388125,-0.010604228650162445,0.01952817528074661,0.6166241147760629,2,0.27337409337689444,0.053966149445343864,4.59511985013459,-2.06804606961052,4.204159760973351,7.135448644580907,0.1372947725198497,14.761741766805724,10.64796624715158
YWH,CAN,NA1,-0.041380626661031615,-0.03213875390358014,-0.009241872757451456,-0.0005714784583333561,0.0137517108339008,-0.028277130224998857,-0.04453506701953831,,,0,-0.37708324692198736,0.3675504361442019,1.0986122886681098,-1.1399732074251465,2.647610842827085,4.616768428638326,0.03455647967639108,12.468694569108397,10.64796624715158
YWJ,CAN,NA1,0.012464192537764748,0.026877006892311463,-0.01441281435454672,0.01816285669163814,0.008251084775793555,0.038471005175645556,0.012464192537764748,,0.5720821666685592,1,-0.6778886734072558,-0.02014119608105317,1.0986122886681098,-1.6909121568504595,2.8903717578961645,5.475811922835771,0.0,9.61780348274702,10.64796624715158
YWK,CAN,NA1,0.023738675890200456,0.024984110364104695,-0.0012454344739042363,0.008259226178606091,-0.004996276964522983,0.027392710149117212,0.023738675890200456,,0.5688772128352184,1,-0.416103433638644,-0.15344548391082988,2.3978952727983707,-1.6285895794593659,3.53923327256699,5.846113967002408,0.0,11.442460081297723,10.64796624715158
YWL,CAN,NA1,0.009743194060250319,0.010596275753299423,-0.0008530816930491017,-0.014874767628394221,0.005251568579081086,0.00015472379594971022,0.009743194060250319,,,0,-0.4497520760655146,-0.7865242562387446,0.6931471805599453,-1.6386514395982745,2.916920636740145,5.77025006519255,0.0,10.503724171902725,10.64796624715158
YWM,CAN,NA1,,,,,,,,,0.5796512302382979,1,-0.6664627183756396,2.0832222645197422,2.1972245773362196,-0.43207069102177853,2.9444389791664403,3.2334259451534426,0.0,8.512783482927537,10.64796624715158
YWP,CAN,NA1,0.007839036039974502,0.0017738200282731808,0.0060652160117013135,0.00998092742009819,-0.0014561169804568484,0.01617057549626297,0.007839036039974502,,0.5712958633573276,1,-0.587940354473996,0.07527735037617006,2.0794415416798357,-1.4497431645752845,2.6096083252672737,5.166264883753415,0.0,9.7603097828598,10.64796624715158
YXC,CAN,NA1,-0.0051218490885574335,-0.003064042290321499,-0.0020578067982359328,0.001935809375032594,-0.0004928835467133122,-0.0038247071167630577,-0.006911144050019448,,0.5606218817686371,1,-0.43566656828386097,-1.546837417891015,0.0,-1.9381402719579381,3.285546218291802,6.131859374773173,0.0,11.142253011387643,10.64796624715158
YXD,CAN,NA1,,,,,,,,,0.4734095384539177,1,,,,,,,,,10.64796624715158
YXE,CAN,NA1,0.012648116973875717,0.02366177494248218,-0.011013657968606472,0.024094865985760414,-0.00597138838375675,0.029623078369695247,-0.0013272070039443374,0.10067149784353832,0.582401231242788,1,-0.14944261196574318,-0.2705304031234859,3.4657359027997265,-2.107661840527978,4.3692341566886705,6.819683701524228,0.07345402624646455,13.399610191444577,10.64796624715158
YXH,CAN,NA1,0.0006048229633051772,0.004175248855434031,-0.0035704258921288546,-1.2499515383596013e-17,0.001500410703835731,0.0018718387501470478,0.0006048229633051772,,0.5629917793603885,1,,,,-1.5704477537006913,2.9444389791664403,5.564520407322694,0.0,10.116095801934955,10.64796624715158
YXJ,CAN,NA1,0.004295055414908858,0.007434703049126107,-0.003139647634217248,-5.339497470288688e-06,-0.0005856452948246749,0.003464893487826094,0.004295055414908858,,0.5610104072486636,1,-0.4129233339288867,-0.526053246789481,1.791759469228055,-1.7711472377825446,3.6010395766626653,6.447977870659965,0.0,11.572815699543293,10.64796624715158
YXK,CAN,NA1,,,,,,,,,,0,,,,,,,,,10.64796624715158
YXL,CAN,NA1,0.0026991129964739325,-0.0031595030574001247,0.005858616053874061,-0.0035188145307089537,0.001078586267728996,0.000173220738271557,0.0026371278993098744,,0.5872296593707693,2,-0.45007233755609627,-0.025019616404901395,2.833213344056216,-1.4555669588266447,2.8259396817428635,5.572761863390321,0.0,11.475213213516309,10.64796624715158
YXN,CAN,NA1,-0.00042734284554594125,-0.02257432398541278,0.022146981139866843,-0.019739219807208663,0.027849295731460673,0.009392607672900757,-0.00042734284554594125,,0.5991709661732831,1,-0.5143553582159106,0.2636628637370287,2.1972245773362196,-1.4895423195002617,3.0581179999969557,5.311070222112948,0.0,10.103894576876467,10.64796624715158
YXP,CAN,NA1,0.05909324445818584,0.035436384080826555,0.023656860377359305,-0.0010640525669296436,-0.01419169222870646,0.04567586021538794,0.05909324445818584,,0.6098153710616718,2,-0.7047042683131466,-0.6433216789996883,1.3862943611198906,-0.6512399187748074,2.4656091074249717,5.481301827522131,0.0,9.594105053105007,10.64796624715158
YXS,CAN,NA1,-0.0024569977194885,-0.016970717185666395,0.014513719466177896,0.00804710157010612,-0.01086242683200141,-0.005209015060646301,-0.005903478576156144,,0.6175264009872949,2,-0.33360286681408535,0.06806957157766831,2.70805020110221,-1.889932279610068,4.037231481047347,6.249043343070291,0.0,12.513810989578287,10.64796624715158
YXT,CAN,NA1,0.001406232593964082,0.0021465325207683066,-0.0007402999268042225,-0.0014918560610899627,-0.004016972556677163,-0.0035525423347175923,0.001406232593964082,,,0,-0.42890810169944915,-0.7148615615975572,1.3862943611198906,-2.0289659205784107,3.5880133280439495,6.436494527937714,0.0,11.568379093155196,10.64796624715158
YXU,CAN,NA1,-0.005204067167238497,0.004323778725142568,-0.009527845892381063,-0.011294657574017068,0.013969460195480956,-0.002575542306674169,-0.015105329586026835,0.017925174336834444,0.5931294740344424,1,-0.26924963762941817,-0.3304463038184543,2.6390573296152584,-2.330720239414112,3.9211405106580832,6.848600070833358,0.14687422464414038,12.69607189815303,10.64796624715158
YXX,CAN,NA1,-0.010697386783681003,-0.016976030477819936,0.006278643694138929,0.009933876509228013,-0.0018509803385865224,-0.00305829598086455,-0.010433707757851586,,,0,-0.29736563737951915,6.073237327854485,2.4849066497880004,-2.2285906244035516,4.751522806870379,6.500373355095385,0.0,12.715678525711317,10.64796624715158
YXY,CAN,NA1,0.00048794239432116675,-0.003903422546181816,0.004391364940502983,0.01135577214293431,-0.0019765853124196764,0.009312418685264976,0.0017972015905115767,,0.5832879733238672,1,-0.22714182736152008,0.1431879431481905,2.302585092994046,-2.267479863772428,4.381645021171036,7.204813521358372,0.07659778137249557,12.01404614777249,10.64796624715158
YYB,CAN,NA1,-0.02516813541722259,-0.017216448504866748,-0.00795168691235584,-0.0020947847029905184,0.006796645302671127,-0.019024509735668625,-0.024860390884660202,,0.613273141577416,2,-0.35691630620026543,-0.25812209329814373,1.9459101490553132,-1.6011671845901556,3.362744231000259,5.572742032480271,0.0,11.076975375849345,10.64796624715158
YYC,CAN,NA1,-0.0039429808527868156,-0.002489521260974367,-0.001453459591812448,0.0043161289062958455,0.0010114974699981308,0.001214800880157489,-0.008346832884871955,0.007131220808423515,0.5883695557095484,1,0.4156042493247022,0.09534864543612466,4.7535901911063645,-2.3661368965484737,4.583382167949563,7.497568864922727,0.26652101357614405,15.904553731094847,10.64796624715158
YYD,CAN,NA1,0.019725211782353175,0.01648939624948351,0.003235815532869664,-0.005192713144694043,-0.00017020675307673588,0.015565724743809444,0.019725211782353175,,,0,-0.43975965365955244,-0.7099488926655761,1.0986122886681098,-2.123879195396941,3.660853322247812,6.406773067956329,0.0,10.754257948116578,10.64796624715158
YYE,CAN,NA1,0.039782578623185696,0.03738360949103034,0.0023989691321553526,-0.020929707223299655,0.0003833198830420565,0.01872056383608856,0.039782578623185696,,0.6493192101364647,2,-0.4179301119927503,-0.8254586900327155,1.791759469228055,-1.625954585815905,3.226510160429817,5.804512922464269,0.0,9.97878053657156,10.64796624715158
YYF,CAN,NA1,-0.015812773615037024,-0.00841488783140888,-0.007397885783628141,-0.009011397427555091,0.0018703751212453164,-0.022524974161436243,-0.015812773615037024,,0.5889937506130982,2,-0.42999962781631745,-1.2902280786326763,1.0986122886681098,-1.7944416248977368,3.5854357364646408,5.637134616827206,0.0,10.985445253627333,10.64796624715158
YYG,CAN,NA1,-0.0028553426017712165,0.00814215466210685,-0.010997497263878064,0.0071247510520491475,0.005719545203801419,0.009391541233322814,-0.003880469962189048,,0.6027784571906929,2,-0.29218234005342386,-0.29181183237068514,2.302585092994046,-2.0569864139780094,3.940441867517006,6.724883161532754,0.0530002479543764,11.991145248987305,10.64796624715158
YYH,CAN,NA1,0.005800058093790183,0.012868935509883554,-0.007068877416093364,0.00904265464752451,-0.0014467217483714221,0.013515879276156603,0.005800058093790183,,0.5946928994251104,2,-0.6712053679211433,0.2589901725716722,1.3862943611198906,-1.5848152048581097,3.663206865456403,5.831133412854012,0.0,9.889743534743868,10.64796624715158
YYJ,CAN,NA1,0.0010035094260899525,-0.0064964335956509914,0.007499943021740946,0.012224829722498528,-0.007148568761767261,0.005315511523547983,-0.0058614186732611605,0.0303844378448821,0.6085886382883336,2,-0.16636350580208156,-0.05163699406454287,3.1780538303479458,-2.1938775686013865,4.121455040848745,6.532498866221075,0.13364276342705586,13.807843239054975,10.64796624715158
YYL,CAN,NA1,,,,,,,,,0.6203003938932306,2,-0.5533722266952676,-0.6106428534533171,1.3862943611198906,-1.231053490631203,2.9096295745005794,5.440166928115851,0.0,8.61341204915678,10.64796624715158
YYQ,CAN,NA1,-0.010212229848299555,0.02897375592391943,-0.03918598577221898,-0.013125850273977195,0.0042708257211395775,-0.01833337447323821,-0.010212229848299555,,0.6036541807636417,2,-0.5112169196918788,0.31466763538435016,2.1972245773362196,-1.9761537912699358,3.2982374066041737,6.368559910354741,0.0,11.215044897541777,10.64796624715158
YYR,CAN,NA1,-0.003981502364516667,0.0009733358249307401,-0.004954838189447405,-9.344039881381333e-05,0.005519669922971673,0.0013063029728612222,-0.004186016014773909,,0.571660330585471,2,-0.3301476032536422,-0.12744066608741272,3.1354942159291497,-1.752882690720676,3.4496975704774604,6.197656703415333,0.0,11.918330571278322,10.64796624715158
YYT,CAN,NA1,0.0013866231018954019,0.0019126184450663723,-0.0005259953431709719,-0.005163213441368756,0.00026797685281329655,-0.003388718327082766,0.0026134228549230965,-0.002843187177324989,0.7543433217828978,3,-0.0943565036684791,-0.0021436417470651406,3.4339872044851463,-2.381469991205186,4.280411187677563,7.291155141498799,0.05939000304053105,13.5705788595133,10.64796624715158
YYU,CAN,NA1,,,,,,,,,0.5931030398980052,1,-0.5160178129963131,0.09603860867189762,1.6094379124341003,-0.7755302540535995,2.9441271320937163,4.804021044733257,0.0,9.682279626689674,10.64796624715158
YYY,CAN,NA1,0.05151750837450808,0.05628955519280686,-0.004772046818298773,0.004960765273223837,-0.005129787939552456,0.05065843005317919,0.05151750837450808,,0.6664820851005508,3,-0.48502963409503846,-2.0187084347929,0.6931471805599453,-1.6483845976185028,3.6476993758494145,5.602887872761607,0.0,10.06279633502101,10.64796624715158
YYZ,CAN,NA1,-0.008021756093815422,-0.004675753513322951,-0.0033460025804924703,0.0019996303647252613,0.002853858536690626,-0.003265224593103076,-0.008980774217729514,-0.0072179050934024795,0.6420967312790102,2,0.9992850078126774,0.061877733625233994,5.602118820879701,-2.40106991115941,4.662401787289171,7.828205222545053,0.5306262937607011,16.824741956954337,10.64796624715158
YZF,CAN,NA1,-0.006021288214538481,0.001452699815935151,-0.007473988030473631,-0.00416336069762125,0.011003541772328727,0.0008979539745375637,-0.005954618850552275,,0.5904377379687613,2,-0.2698412041794913,-0.13294236415454458,3.044522437723423,-1.6912153713753195,3.7524858704237785,6.6998426376214075,0.0,12.858132171285295,10.64796624715158
YZG,CAN,NA1,0.0012837232548485902,-0.006023110489137273,0.007306833743985865,0.004000575737259015,0.005335644464291813,0.01232686733024239,0.0012837232548485902,,,0,-0.39090747091632433,0.3868365752833249,2.70805020110221,-1.196391450942065,3.3858613788295857,5.071518915797999,0.0,10.186031447131786,10.64796624715158
YZP,CAN,NA1,0.0014593536092743034,-0.0004677297651245922,0.0019270833743988984,2.498969960327546e-17,-0.00632207314703811,-0.004768709511641133,0.0014593536092743034,,0.6033793299510701,2,-0.44960643290022523,-0.8500017083073985,0.0,-2.254527320525209,3.871201010907891,6.620073206530356,0.0,9.939626599152001,10.64796624715158
YZR,CAN,NA1,0.0019286685690302454,0.004776987706687816,-0.0028483191376575717,0.0005186795656969575,0.001704856850468463,0.004079334509565981,0.0019286685690302454,,0.6027873757288358,2,-0.39961199252841617,-2.224272524100701,0.0,-1.5044386970023047,2.9444389791664403,5.424950017481403,0.0,9.919852906622392,10.64796624715158
YZS,CAN,NA1,-0.02334073502859107,-0.03917333013768064,0.015832595109089558,0.0016561549592566597,0.012361096782045642,-0.007967609962199935,-0.02334073502859107,,0.5953517866265028,1,-0.5222598549389889,0.41865652436290973,2.0794415416798357,-1.7270752980186335,3.0954078185829843,5.8481358045980425,0.0,9.513772754519195,10.64796624715158
YZT,CAN,NA1,0.0029842032958885224,0.008179594391346285,-0.005195391095457764,0.00055545151925944,0.0019017521635786771,0.005132158935103333,0.0021658747102560414,,,0,-0.44924815339069907,0.18941879511761667,0.6931471805599453,-1.5476091279086472,3.318411188042868,5.626925297173676,0.0,10.499242387087424,10.64796624715158
YZV,CAN,NA1,0.006608092930427587,0.013422246684428027,-0.006814153754000442,-0.005379860802950491,0.002252717667819368,0.003179408356650731,0.006608092930427587,,0.5865827668701415,2,-0.391089261381957,-0.49832272327938143,2.70805020110221,-1.8109991706976314,3.4638720393103584,6.131026136360092,0.0,11.981265210729262,10.64796624715158
ZAD,HRV,EU2,0.002177210872016973,0.0045473040439378025,-0.002370093171920814,0.008983834201445526,-0.0010642090383016166,0.009728592043828642,-0.003588206627978771,,,0,-0.35775656128000927,1.1348253135885797,2.1972245773362196,-2.28607332599986,4.348447796078438,6.28287861169298,0.44538247583105633,11.309743841988604,9.450772616814078
ZAG,HRV,EU2,-0.00866266476504195,-0.00797873494257451,-0.0006839298224674399,-0.013948668865490425,0.003851641665901305,-0.01790583158871202,-0.006788412110981117,-0.008789959853547255,0.615529076533645,2,-0.07355359729333719,0.7070893978939033,3.6109179126442243,-2.2365621208822914,4.5521524173217705,6.481660338907174,0.7682310356850589,14.32786341491574,9.450772616814078
ZAH,IRN,ME1,0.026495236050523625,0.03127059088277961,-0.004775354832255979,0.006730555031982595,-0.006095467046815925,0.027242310343718837,0.026224702948492447,,,0,-0.37043202570807604,0.2740628073796876,1.791759469228055,-2.025620455650916,5.180943347739613,6.825439828726251,0.0,12.257597163183565,8.533994841936796
ZAL,CHL,LA4,0.019445519671986006,0.02858098521755285,-0.00913546554556684,0.08831061899657511,-0.04346042091776094,0.05926094774154072,0.019445519671986006,,,0,-0.4664911447046055,0.1434671289448305,1.6094379124341003,-1.4869207288781465,4.8409194171951375,5.06170149093271,0.0,11.667464640751732,9.310307425489734
ZAM,PHL,AS3,0.008270605158637579,0.00968831257095896,-0.0014177074123213843,0.0046501405271493585,-0.005534941593223026,0.007201129722745045,0.008582448705064537,,,0,-0.3993470849670851,0.5989955535112981,1.9459101490553132,-2.341315486527945,4.6106848175431026,6.510338511064896,0.027593078736083698,12.654348169937046,7.700452054329457
ZAT,CHN,AS4,-0.006458952726408136,-0.009201349650258565,0.002742396923850427,-0.0259237684783342,0.014017156890306075,-0.017725595983001587,-0.006458952726408136,,,0,-0.5798998599009894,0.4050800237057419,0.0,-1.7960037843195684,4.849593896746637,5.634789603169249,0.0,10.752227230148003,8.391574866779688
ZAZ,ESP,EU1,0.010830404043789238,-0.008016190737487704,0.018846594781276947,-0.0019115668031284153,0.00669599813239025,0.015168655633073042,-0.015254557365699035,0.012081781272280757,,0,-0.21091275525773653,0.3190524259816548,2.833213344056216,-1.697425760205671,4.645643017532829,6.877804277011362,0.6293149951010792,12.515426920062975,10.216062049970796
ZBF,CAN,NA1,0.02497963005262354,0.02247972133519078,0.0024999087174327637,0.014932921002259661,-0.013236197172161925,0.0255137694022738,0.02497963005262354,,0.5469054970038382,1,-0.48725352811995937,-0.7456169574010638,0.0,-1.9733975329544482,3.6109179126442243,6.493753839851686,0.0,10.050268283744323,10.64796624715158
ZBR,IRN,ME1,-0.025022829113073623,-0.009239230265406535,-0.015783598847667096,0.0029899437780671924,-0.004077749815533721,-0.025260875636938154,-0.019038110572400783,-0.0787646480531039,,0,-0.3682035685283149,0.3300929561770709,1.791759469228055,-1.9281294532307067,4.888295547737154,6.553705430351979,0.06346083860370418,11.529477717477745,8.533994841936796
ZCL,MEX,LA2,-0.0279607481564777,-0.011301080262913803,-0.016659667893563917,0.006172417392323799,-5.269020476375276e-05,-0.02209839365256301,-0.03623297369495933,0.006400176657305044,,0,-0.27996118296564637,-0.18741475816559336,2.3978952727983707,-2.4420991776244776,4.771796752333438,7.019480278174681,0.20305260977421197,12.888810840070748,9.19803449697713
ZCO,CHL,LA4,-0.014004701479582696,-0.007374449046093873,-0.0066302524334888235,0.0015414868522721228,0.0018933803951521702,-0.010476889309689694,-0.013984383132407376,,0.5680063786746905,1,-0.43858215377322196,-0.3136007059004509,2.0794415416798357,-2.0530792315655852,4.797199910141856,6.139292687193532,0.0,12.734931685401964,9.310307425489734
ZEL,CAN,NA1,0.03674954609421694,0.05831704931749975,-0.021567503223282818,-0.0336468217269448,0.016012287052504074,0.021011717976517,0.03674954609421694,,0.5857339307148219,1,-0.45083051938109675,0.35746178116331256,0.6931471805599453,-1.2964850109105608,3.447057355470438,5.232765542717684,0.0,9.520101889570842,10.64796624715158
ZEM,CAN,NA1,0.03532795340075785,0.02643026618095238,0.008897687219805472,0.0015802920356782248,0.005579693803446223,0.04464133612669892,0.03532795340075785,,,0,-0.442601437357753,0.5527112214267459,2.1972245773362196,-0.719734109601716,3.3409651949103014,4.436764015609634,0.0,9.77229627684378,10.64796624715158
ZFD,CAN,NA1,,,,,,,,,0.633781594045955,2,,,,,,,,,10.64796624715158
ZFN,CAN,NA1,0.02639135123036701,0.032754919391370624,-0.0063635681610036176,0.02362505244834415,-0.007883485434117241,0.039557362670769675,0.02639135123036701,,0.5716070755900942,1,-0.6775183561443576,-0.023594847315300198,1.0986122886681098,-1.2520791558575053,2.8903717578961645,4.458925590726818,0.0,10.064330077652958,10.64796624715158
ZGS,CAN,NA1,0.05866565378429035,0.05965272130738182,-0.0009870675230914453,-0.0004479272012319524,0.011460878388338492,0.06885185306721109,0.05866565378429035,,0.6154270233430705,1,-0.43552484096910843,-0.13983123118191773,2.302585092994046,-1.3020706193421079,2.9796833496049704,4.579248112191905,0.0,9.344434106456882,10.64796624715158
ZGU,VUT,SW1,0.028351702143511757,0.009599114266836534,0.018752587876675223,-0.007923050962610298,0.0027378717844770114,0.023189364018010153,0.028351702143511757,,0.5834439952373351,1,-0.7644629370351531,-0.6957347952118572,1.0986122886681098,-1.5702673225957753,2.4109923222196126,4.689386252850804,0.0,8.213110697596676,7.934420995814924
ZHA,CHN,AS4,-0.007755230954817392,0.0026429786741233494,-0.010398209628940749,0.013573392120088684,-0.00326475751568114,0.0017565837333865513,-0.007175371037493914,,,0,-0.340639693516772,-0.20348696525690574,2.302585092994046,-2.1712880697257737,4.795884128340152,6.166761739058177,0.0,12.534807885779609,8.391574866779688
ZIG,SEN,AF3,,,,,,,,,0.6042534096286065,2,-0.5486615001024032,0.2922194827289468,0.0,-1.894086608405614,3.912023005428146,5.6240175061873385,0.0,9.975808214115753,7.024647804058623
ZIH,MEX,LA2,-0.023474936234464967,-0.025380784384534102,0.0019058481500691324,-0.007051954996450397,6.0885745615721614e-05,-0.029940311384235654,-0.022170690826453343,-0.034646591803280315,0.6320109090086892,2,-0.09035900524722512,-0.08776683464130003,3.6888794541139363,-2.37441528095738,4.529859241950147,7.068561529376819,0.40706494238839563,12.89226821956552,9.19803449697713
ZKE,CAN,NA1,-0.022928037217223175,-0.056581355771078354,0.033653318553855165,-0.012250377439852163,0.01807247937851878,-0.014785779736765155,-0.022928037217223175,,0.5817953787561536,2,-0.6340981361673454,-0.8553752706417971,1.6094379124341003,-0.2855131803101913,3.6109179126442243,4.060443010546419,0.0,10.040637390683361,10.64796624715158
ZKG,CAN,NA1,0.0016755022787676755,0.0016755022787676894,-1.3549274571727489e-17,-0.0005110716321679347,0.0003824680602209761,0.0015592248008486583,0.0016755022787676755,,0.5577331747305344,1,-0.6863301060042952,-0.2456971933606558,1.9459101490553132,-0.8097771452534496,2.9444389791664403,3.713572066704308,0.0,9.202106567049078,10.64796624715158
ZLO,MEX,LA2,0.003965312077725731,0.008153927286303785,-0.004188615208578061,-0.012357501918006834,0.005962912943315558,-0.002145120899477483,0.021592173307813205,-0.03994792296938867,0.6204324366794691,2,-0.26018534813406874,-0.5594774597050955,2.70805020110221,-2.282446049374669,4.223720144256602,7.1366034595476044,0.44397053386825136,11.891813853339007,9.19803449697713
ZLT,CAN,NA1,0.0011518105941822183,0.0011518105941822324,-1.347401208415606e-17,-0.0018523096949386148,0.0013557951053215153,0.0007004994827771525,0.0011518105941822183,,0.5794938055718478,1,-0.6863301060042952,0.9052038579646451,1.9459101490553132,-0.9172501592689418,2.9444389791664403,3.8607297110405954,0.0,9.202106567049078,10.64796624715158
ZNA,CAN,NA1,,,,,,,,,,0,-0.4239591818530425,1.7506267416721089,0.6931471805599453,-1.460741840582642,2.256488496813886,4.054969463403163,0.0,11.65173042784741,10.64796624715158
ZNE,AUS,SW1,0.03239763001754453,-0.008053173625815663,0.04045080364336019,0.0010593845819856468,-0.0365388493854171,-0.003193385059154999,0.03239763001754453,,0.6214372323889132,2,-0.5646935133098406,0.6133193921948052,0.6931471805599453,-1.7949430736255985,4.142686898350013,6.895965419553951,0.0,11.448546931034022,10.871826484872283
ZNZ,TZA,AF4,-0.03638419130950351,-0.07007750131275606,0.033693310003252555,-0.0004266858319313539,-0.0029172713553781006,-0.03920793481105986,-0.04100814426904678,-0.02949201824884793,0.6051072275925853,1,-0.20318823527816424,0.9884263322173253,2.833213344056216,-2.0531221202807215,4.0913214467707935,6.098436136137927,0.3371212043248005,13.093653155017035,6.595124587865934
ZOS,CHL,LA4,-0.03035193392603442,-0.024197239200708914,-0.006154694725325503,-0.15397807135629532,0.08532062453854566,-0.09290603965309502,-0.03035193392603442,,0.5723560784134305,1,-0.47647954510478774,0.022264479344725203,1.3862943611198906,-2.251836045551841,4.847944995481225,6.437430062433884,0.0,11.533805942549584,9.310307425489734
ZPB,CAN,NA1,-0.014461053303386717,-0.026337939767075106,0.011876886463688386,-0.008513259134855367,3.5522686536442784e-05,-0.026354318149046953,-0.01437915011961685,,0.5787995444477795,1,-0.7914717728401417,-1.949410603131382,0.6931471805599453,-1.5976320164455393,2.668900913969458,5.497259549494179,0.0,8.773694146384443,10.64796624715158
ZQN,NZL,SW1,-0.001598100890632569,-0.011286672476510204,0.009688571585877635,0.0072128147543851565,-0.008006452633557898,-0.002665098073899913,-0.007044223681108259,0.03621095447825255,0.5624382609874891,1,-0.3389650653183403,-0.04988496692513981,2.0794415416798357,-2.2910376563335944,4.4847443100222275,6.599882233965892,0.07971538857758935,13.080563821893655,10.502717308818164
ZRH,CHE,EU1,-0.003896722348068122,-0.0018515980102673168,-0.0020451243378008066,-0.00558304803947946,0.002145491650591219,-0.0072334287820584875,-0.009839758758103377,-0.003461483034611138,0.7185030765456406,3,0.6858236979406682,0.004517639468130324,5.19295685089021,-2.2945918903563856,4.88647637931448,7.543888361363003,0.943485089860647,16.59200371048622,11.305337423201424
ZSA,BHS,LA1,0.032759157999577695,0.007910046251692927,0.024849111747884775,0.03639115134147043,-0.025314883538417002,0.04190354874913671,0.003870007892107017,0.059300126617888256,0.5446512938884721,1,-0.5000877322075582,0.4299171189584679,1.6094379124341003,-1.9186651093378575,4.098225908930073,5.807854667700265,0.281866814240915,10.389795048488393,10.420772350869472
ZSJ,CAN,NA1,-0.038023047056428325,-0.035946327889667194,-0.002076719166761128,-0.026621803203751244,0.009471734742269717,-0.058011335932188164,-0.038023047056428325,,0.5954411989235283,3,-0.5439114094563611,-1.4763475301187718,1.6094379124341003,-1.157074540641305,2.5922225478127086,4.6636878543951275,0.0,8.9237243977064,10.64796624715158
ZTB,CAN,NA1,-0.0008304169901286011,-0.000830416990128587,-1.3470064777293018e-17,-0.0020976983100077264,0.001648694043093564,-0.0012362144209319345,-0.0008304169901286011,,0.5804141121353373,1,-0.6863301060042952,0.9052038579646451,1.9459101490553132,-0.707955724784903,2.9444389791664403,3.57909238260278,0.0,9.202106567049078,10.64796624715158
ZTH,GRC,EU1,-0.012786050205965321,-0.005122119184165102,-0.0076639310218002315,-0.020706731939971502,0.0057542956134003466,-0.026795469222098554,0.0015599966835642565,,,0,-0.15979504019366614,1.6362708090458211,3.367295829986474,-2.655456357304485,4.873390598648691,7.490754860242198,0.8178297529304109,12.120471183234448,10.08471240855404
ZUH,CHN,AS4,0.01442094404142773,0.016496647768427866,-0.0020757037270001505,-0.001508279424339136,0.0006885967124173304,0.01362313777485603,0.014534311365134708,,0.5909212494447722,2,-0.26385981122767227,0.52783742011664,2.995732273553991,-2.52737062859717,4.99197712360805,7.0886719352425445,0.0,13.406251261016447,8.391574866779688
ZUM,CAN,NA1,0.01664499913424592,0.015070076256692374,0.0015749228775535462,-0.004188128879373009,0.007803621841572967,0.021350079878713506,0.01664499913424592,,,0,-0.44799821224438113,-0.38471464003141204,2.0794415416798357,-1.4272348628145182,3.4518315441413066,5.485171438708679,0.0,8.59932602095476,10.64796624715158
ZVK,LAO,AS3,0.1329289903205131,0.13466681960703458,-0.001737829286521456,0.00943453587588893,-0.0032196923835955695,0.1384814773882967,0.13254136263124497,,0.5703709414604693,1,,,,,,,,,7.170954560494024
ZWL,CAN,NA1,,,,,,,,,0.5937372544393686,1,,,,,,,,,10.64796624715158
ZYL,BGD,AS1,-0.061369154472919185,-0.03563127945841897,-0.02573787501450024,-0.006235959478587801,0.016032856443732656,-0.05003508488860294,-0.06124025302518905,,,0,-0.3129512242924388,1.2037247340586157,1.791759469228055,-1.417477705242437,4.470546605053726,5.298317366548036,0.0,12.32841416438553,6.715999232982851
ZZU,MWI,AF2,,,,,,,,,0.5684675428194833,1,-0.6280532824760292,-0.6785893956896424,0.6931471805599453,-1.4645389028956832,3.542073530280718,5.556828061699537,0.0,8.18646442942209,
