
  ___  ____  ____  ____  ____ (R)
 /__    /   ____/   /   ____/
___/   /   /___/   /   /___/   16.1   Copyright 1985-2019 StataCorp LLC
  Statistics/Data analysis            StataCorp
                                      4905 Lakeway Drive
     MP - Parallel Edition            College Station, Texas 77845 USA
                                      800-STATA-PC        https://www.stata.com
                                      979-696-4600        stata@stata.com
                                      979-696-4601 (fax)

Stata license: Single-user 12-core  perpetual
Serial number: 501606210961
  Licensed to: Sunbin Yoo
               Kyushu University

Notes:
      1. Stata is running in batch mode.
      2. Unicode is supported; see help unicode_advice.
      3. More than 2 billion observations are allowed; see help obs_advice.
      4. Maximum number of variables is set to 5,000; see help set_maxvar.

. do "C:\Users\sunbi\managi-lab Dropbox\Sunbin Yoo\Research Box ^-^\2026\GACI\G
> ACI_CO2\co2_spill_bands.do" 

. *============================================================================
> ==
. * co2_spill_bands.do   (LZ comment 3, 2026-09-03)
. * Formal spillover analysis.
. *   A  first-order neighbour effect with own GACI controlled
. *      (own exogenous control; hybrid RF control; joint IV under W variants w
> ith
. *       Sanderson-Windmeijer conditional F)
. *   B  distance decay: bands entered jointly and singly; kernel grid; far ban
> d alone
. *   C  regional: within vs out-of-region (UN sub-region; aviation bloc);
. *      region-by-year FE; heterogeneity by receiving region and international
>  share
. *   D  mechanisms of the neighbour effect (own-vs-neighbour table), incl. dom
> estic CO2
. *   E  standard-error variants (cluster sub-region; two-way)
. * Inputs: gaci_panel_combined.csv, co2_country_year.csv, spillover_vars.csv,
. *         spillover_bands.csv
. * Export: _spill_bands.csv (panel item var b se p kpf swf nn)
. *============================================================================
> ==
. clear all

. set more off

. set varabbrev off

. set linesize 255

. version 14

. cd "C:/Users/sunbi/managi-lab Dropbox/Sunbin Yoo/Research Box ^-^/2026/GACI/GACI_CO2"
C:\Users\sunbi\managi-lab Dropbox\Sunbin Yoo\Research Box ^-^\2026\GACI\GACI_CO2

. 
. import delimited "co2_country_year.csv", clear varnames(1) encoding("utf-8")
(20 vars, 6,107 obs)

. keep iso3 year co2_bunker co2_bunker_intl dep_seat_km n_dep_flights dep_seats dep_seat_km_intl

. rename iso3 c

. rename year y

. tempfile co2

. save `co2'
file C:\Users\sunbi\AppData\Local\Temp\ST_9794_000001.tmp saved

. import delimited "spillover_vars.csv", clear varnames(1) encoding("utf-8")
(4 vars, 4,624 obs)

. tempfile sv

. save `sv'
file C:\Users\sunbi\AppData\Local\Temp\ST_9794_000002.tmp saved

. import delimited "spillover_bands.csv", clear varnames(1) encoding("utf-8")
(48 vars, 4,624 obs)

. ds c subregion unregion bloc, not
y             nbr_g_inv     nbr_f_contig  nbr_g_b2      nbr_f_b3      nbr_g_b5      nbr_f_k250    nbr_g_k1000   nbr_f_k2000   nbr_g_knn5    nbr_f_inreg   nbr_g_inbloc  nbr_f_outb~c  has_b1        has_b4
has_contig    nbr_f_inv     nbr_g_b1      nbr_f_b2      nbr_g_b4      nbr_f_b5      nbr_g_k500    nbr_f_k1000   nbr_g_k5000   nbr_f_knn5    nbr_g_outreg  nbr_f_inbloc  has_inreg     has_b2        has_b5
has_bloc      nbr_g_contig  nbr_f_b1      nbr_g_b3      nbr_f_b4      nbr_g_k250    nbr_f_k500    nbr_g_k2000   nbr_f_k5000   nbr_g_inreg   nbr_f_outreg  nbr_g_outb~c  has_inbloc    has_b3

. destring `r(varlist)', replace force
y already numeric; no replace
has_contig already numeric; no replace
has_bloc already numeric; no replace
nbr_g_inv already numeric; no replace
nbr_f_inv already numeric; no replace
nbr_g_contig already numeric; no replace
nbr_f_contig already numeric; no replace
nbr_g_b1 already numeric; no replace
nbr_f_b1 already numeric; no replace
nbr_g_b2 already numeric; no replace
nbr_f_b2 already numeric; no replace
nbr_g_b3 already numeric; no replace
nbr_f_b3 already numeric; no replace
nbr_g_b4 already numeric; no replace
nbr_f_b4 already numeric; no replace
nbr_g_b5 already numeric; no replace
nbr_f_b5 already numeric; no replace
nbr_g_k250 already numeric; no replace
nbr_f_k250 already numeric; no replace
nbr_g_k500 already numeric; no replace
nbr_f_k500 already numeric; no replace
nbr_g_k1000 already numeric; no replace
nbr_f_k1000 already numeric; no replace
nbr_g_k2000 already numeric; no replace
nbr_f_k2000 already numeric; no replace
nbr_g_k5000 already numeric; no replace
nbr_f_k5000 already numeric; no replace
nbr_g_knn5 already numeric; no replace
nbr_f_knn5 already numeric; no replace
nbr_g_inreg already numeric; no replace
nbr_f_inreg already numeric; no replace
nbr_g_outreg already numeric; no replace
nbr_f_outreg already numeric; no replace
nbr_g_inbloc already numeric; no replace
nbr_f_inbloc already numeric; no replace
nbr_g_outbloc already numeric; no replace
nbr_f_outbloc already numeric; no replace
has_inreg already numeric; no replace
has_inbloc already numeric; no replace
has_b1 already numeric; no replace
has_b2 already numeric; no replace
has_b3 already numeric; no replace
has_b4 already numeric; no replace
has_b5 already numeric; no replace

. tempfile sb

. save `sb'
file C:\Users\sunbi\AppData\Local\Temp\ST_9794_000003.tmp saved

. 
. import delimited "../gaci_panel_combined.csv", clear varnames(1) encoding("utf-8")
(44 vars, 4,643 obs)

. ds c reg, not
y             lngdp         ln_gaci_mean  gaci_mean     unesco_cum~t  lnpc          abslat        deg_mean      close_sum     betw_mean     cap_sum       nat_endow     tourism_int   feyrer_int
trade_share   lng           lncap         ln_unesco     lnz           lnpop         n_air         eig_sum       close_mean    regimp_sum    cap_mean      merch_share   tourism_cum   ln_sea_ma
ln_tradevol   ln_gaci_cwm   gaci_cwmean   unesco_cum    lnz_own       lnland        deg_sum       eig_mean      betw_sum      regimp_mean   tour_shift    merch_inte~y  ln_remote     ln_air_ma

. destring `r(varlist)', replace force
y already numeric; no replace
trade_share already numeric; no replace
ln_tradevol already numeric; no replace
lngdp already numeric; no replace
lng already numeric; no replace
ln_gaci_cwm already numeric; no replace
ln_gaci_mean already numeric; no replace
lncap already numeric; no replace
gaci_cwmean already numeric; no replace
gaci_mean already numeric; no replace
ln_unesco already numeric; no replace
unesco_cum already numeric; no replace
unesco_cum_nat already numeric; no replace
lnz already numeric; no replace
lnz_own already numeric; no replace
lnpc already numeric; no replace
lnpop already numeric; no replace
lnland already numeric; no replace
abslat already numeric; no replace
n_air already numeric; no replace
deg_sum already numeric; no replace
deg_mean already numeric; no replace
eig_sum already numeric; no replace
eig_mean already numeric; no replace
close_sum already numeric; no replace
close_mean already numeric; no replace
betw_sum already numeric; no replace
betw_mean already numeric; no replace
regimp_sum already numeric; no replace
regimp_mean already numeric; no replace
cap_sum already numeric; no replace
cap_mean already numeric; no replace
tour_shift already numeric; no replace
nat_endow already numeric; no replace
merch_share already numeric; no replace
merch_intensity already numeric; no replace
tourism_int already numeric; no replace
tourism_cum already numeric; no replace
ln_remote already numeric; no replace
feyrer_int already numeric; no replace
ln_sea_ma already numeric; no replace
ln_air_ma already numeric; no replace

. merge 1:1 c y using `co2', keep(1 3) nogenerate

    Result                           # of obs.
    -----------------------------------------
    not matched                             0
    matched                             4,643  
    -----------------------------------------

. merge 1:1 c y using `sv', keep(1 3) nogenerate

    Result                           # of obs.
    -----------------------------------------
    not matched                            19
        from master                        19  
        from using                          0  

    matched                             4,624  
    -----------------------------------------

. merge 1:1 c y using `sb', keep(1 3) nogenerate

    Result                           # of obs.
    -----------------------------------------
    not matched                            19
        from master                        19  
        from using                          0  

    matched                             4,624  
    -----------------------------------------

. encode c, gen(isocode)

. xtset isocode y
       panel variable:  isocode (unbalanced)
        time variable:  y, 1996 to 2023, but with gaps
                delta:  1 unit

. 
. gen ln_co2_tot = ln(co2_bunker) if co2_bunker > 0

. gen ln_co2_intl = ln(co2_bunker_intl) if co2_bunker_intl > 0
(1 missing value generated)

. gen co2_dom = co2_bunker - co2_bunker_intl

. gen ln_co2_dom = ln(co2_dom) if co2_dom > 0
(1,066 missing values generated)

. gen ln_skm = ln(dep_seat_km) if dep_seat_km > 0

. gen ln_intensity = ln_co2_tot - ln_skm

. gen ln_flights = ln(n_dep_flights) if n_dep_flights > 0

. gen ln_gauge = ln(dep_seats/n_dep_flights) if n_dep_flights > 0 & dep_seats > 0

. gen ln_stage = ln(dep_seat_km/dep_seats) if dep_seats > 0 & dep_seat_km > 0

. gen intl_share = dep_seat_km_intl/dep_seat_km if dep_seat_km > 0

. replace intl_share = 1 if intl_share > 1 & !missing(intl_share)
(0 real changes made)

. 
. encode subregion, gen(srid)

. encode unregion, gen(urid)

. egen sry = group(srid y)
(19 missing values generated)

. * baseline international share tercile (earliest observed)
. bysort isocode (y): gen byte first_i = sum(!missing(intl_share)) == 1 & !missing(intl_share)

. gen i0_ = intl_share if first_i
(4,459 missing values generated)

. bysort isocode (i0_): gen intl0 = i0_[1]

. drop i0_ first_i

. preserve

. bysort isocode: keep if _n == 1
(4,459 observations deleted)

. xtile int3 = intl0, nq(3)

. keep isocode int3

. tempfile grp

. save `grp'
file C:\Users\sunbi\AppData\Local\Temp\ST_9794_000005.tmp saved

. restore

. merge m:1 isocode using `grp', nogenerate
(label isocode already defined)

    Result                           # of obs.
    -----------------------------------------
    not matched                             0
    matched                             4,643  
    -----------------------------------------

. 
. capture which ivreghdfe

. if _rc {
.     ssc install ftools, replace
.     ssc install reghdfe, replace
.     ssc install ivreghdfe, replace
. }

. 
. tempname R

. postfile `R' str10 panel str32 item str16 var double(b se p kpf swf) long(nn) using "_spill_tmp", replace
(note: file _spill_tmp.dta not found)

. global RH `R'

. 
. program define postone
  1.     * post coefficient on `v' from the last estimation, with optional swf
.     args panel item v kpf swf
  2.     local bb = _b[`v']
  3.     local sse = _se[`v']
  4.     local pp = 2*normal(-abs(`bb'/`sse'))
  5.     di "SPL [`panel'] `item' `v': b = " %9.3f `bb' " (se " %8.3f `sse' ")  KP F = " %7.1f `kpf' "  SWF = " %7.1f `swf' "  N = " %7.0f e(N)
  6.     post $RH ("`panel'") ("`item'") ("`v'") (`bb') (`sse') (`pp') (`kpf') (`swf') (e(N))
  7. end

. 
. * =====================================================================
. * A) first-order effect with own GACI controlled
. * =====================================================================
. di _n "===== A) own-controlled ====="

===== A) own-controlled =====

. * A1 own as exogenous control (reference column)
. ivreghdfe ln_co2_tot ln_gaci_cwm lnpop ln_sea_ma (nbr_g_inv = nbr_f_inv), absorb(isocode y) robust
(dropped 1 singleton observations)
(MWFE estimator converged in 5 iterations)

IV (2SLS) estimation
--------------------

Estimates efficient for homoskedasticity only
Statistics robust to heteroskedasticity

                                                      Number of obs =     4623
                                                      F(  4,  4411) =   152.04
                                                      Prob > F      =   0.0000
Total (centered) SS     =  833.4217532                Centered R2   =   0.4039
Total (uncentered) SS   =  833.4217532                Uncentered R2 =   0.4039
Residual SS             =  496.7739992                Root MSE      =    .3356

------------------------------------------------------------------------------
             |               Robust
  ln_co2_tot |      Coef.   Std. Err.      t    P>|t|     [95% Conf. Interval]
-------------+----------------------------------------------------------------
   nbr_g_inv |   3.322681   .8476597     3.92   0.000     1.660842    4.984519
 ln_gaci_cwm |    3.40963    .203052    16.79   0.000     3.011546    3.807713
       lnpop |  -.0354515   .0697871    -0.51   0.611    -.1722693    .1013663
   ln_sea_ma |   1.997647   .3241891     6.16   0.000     1.362073     2.63322
------------------------------------------------------------------------------
Underidentification test (Kleibergen-Paap rk LM statistic):            480.827
                                                   Chi-sq(1) P-val =    0.0000
------------------------------------------------------------------------------
Weak identification test (Cragg-Donald Wald F statistic):             1323.002
                         (Kleibergen-Paap rk Wald F statistic):        959.256
Stock-Yogo weak ID test critical values: 10% maximal IV size             16.38
                                         15% maximal IV size              8.96
                                         20% maximal IV size              6.66
                                         25% maximal IV size              5.53
Source: Stock-Yogo (2005).  Reproduced by permission.
NB: Critical values are for Cragg-Donald F statistic and i.i.d. errors.
------------------------------------------------------------------------------
Hansen J statistic (overidentification test of all instruments):         0.000
                                                 (equation exactly identified)
------------------------------------------------------------------------------
Instrumented:         nbr_g_inv
Included instruments: ln_gaci_cwm lnpop ln_sea_ma
Excluded instruments: nbr_f_inv
Partialled-out:       _cons
                      nb: total SS, model F and R2s are after partialling-out;
                          any small-sample adjustments include partialled-out
                          variables in regressor count K
------------------------------------------------------------------------------

Absorbed degrees of freedom:
-----------------------------------------------------+
 Absorbed FE | Categories  - Redundant  = Num. Coefs |
-------------+---------------------------------------|
     isocode |       181           0         181     |
           y |        28           1          27     |
-----------------------------------------------------+

. postone A own_exog_control nbr_g_inv e(widstat) .
SPL [A] own_exog_control nbr_g_inv: b =     3.323 (se    0.848)  KP F =   959.3  SWF =       .  N =    4623

. postone A own_exog_control ln_gaci_cwm e(widstat) .
SPL [A] own_exog_control ln_gaci_cwm: b =     3.410 (se    0.203)  KP F =   959.3  SWF =       .  N =    4623

. * A2 hybrid: own shifter in reduced form (current manuscript specification)
. ivreghdfe ln_co2_tot feyrer_int lnpop ln_sea_ma (nbr_g_inv = nbr_f_inv), absorb(isocode y) robust
(dropped 1 singleton observations)
(MWFE estimator converged in 5 iterations)

IV (2SLS) estimation
--------------------

Estimates efficient for homoskedasticity only
Statistics robust to heteroskedasticity

                                                      Number of obs =     4623
                                                      F(  4,  4411) =    57.26
                                                      Prob > F      =   0.0000
Total (centered) SS     =  833.4217532                Centered R2   =   0.0675
Total (uncentered) SS   =  833.4217532                Uncentered R2 =   0.0675
Residual SS             =  777.1527327                Root MSE      =    .4197

------------------------------------------------------------------------------
             |               Robust
  ln_co2_tot |      Coef.   Std. Err.      t    P>|t|     [95% Conf. Interval]
-------------+----------------------------------------------------------------
   nbr_g_inv |   7.453843   1.993673     3.74   0.000     3.545243    11.36244
  feyrer_int |   .2544531    .122261     2.08   0.037     .0147602     .494146
       lnpop |      .6609    .121901     5.42   0.000     .4219127    .8998872
   ln_sea_ma |  -.8516464   .4051219    -2.10   0.036    -1.645889   -.0574042
------------------------------------------------------------------------------
Underidentification test (Kleibergen-Paap rk LM statistic):             98.483
                                                   Chi-sq(1) P-val =    0.0000
------------------------------------------------------------------------------
Weak identification test (Cragg-Donald Wald F statistic):              168.426
                         (Kleibergen-Paap rk Wald F statistic):        134.142
Stock-Yogo weak ID test critical values: 10% maximal IV size             16.38
                                         15% maximal IV size              8.96
                                         20% maximal IV size              6.66
                                         25% maximal IV size              5.53
Source: Stock-Yogo (2005).  Reproduced by permission.
NB: Critical values are for Cragg-Donald F statistic and i.i.d. errors.
------------------------------------------------------------------------------
Hansen J statistic (overidentification test of all instruments):         0.000
                                                 (equation exactly identified)
------------------------------------------------------------------------------
Instrumented:         nbr_g_inv
Included instruments: feyrer_int lnpop ln_sea_ma
Excluded instruments: nbr_f_inv
Partialled-out:       _cons
                      nb: total SS, model F and R2s are after partialling-out;
                          any small-sample adjustments include partialled-out
                          variables in regressor count K
------------------------------------------------------------------------------

Absorbed degrees of freedom:
-----------------------------------------------------+
 Absorbed FE | Categories  - Redundant  = Num. Coefs |
-------------+---------------------------------------|
     isocode |       181           0         181     |
           y |        28           1          27     |
-----------------------------------------------------+

. postone A hybrid_rf_control nbr_g_inv e(widstat) .
SPL [A] hybrid_rf_control nbr_g_inv: b =     7.454 (se    1.994)  KP F =   134.1  SWF =       .  N =    4623

. postone A hybrid_rf_control feyrer_int e(widstat) .
SPL [A] hybrid_rf_control feyrer_int: b =     0.254 (se    0.122)  KP F =   134.1  SWF =       .  N =    4623

. * A3.. joint IV under alternative W (with SW conditional F)
. foreach W in inv contig knn5 b1 k500 k1000 {
  2.     capture noisily ivreghdfe ln_co2_tot lnpop ln_sea_ma has_contig (ln_gaci_cwm nbr_g_`W' = feyrer_int nbr_f_`W'), absorb(isocode y) robust ffirst
  3.     if _rc == 0 {
  4.         local sw_own = .
  5.         local sw_nbr = .
  6.         capture matrix FS = e(first)
  7.         if _rc == 0 {
  8.             local rn : rownames FS
  9.             local cn : colnames FS
 10.             local ri = 0
 11.             local k = 1
 12.             foreach r of local rn {
 13.                 if "`r'" == "SWF" local ri = `k'
 14.                 local k = `k' + 1
 15.             }
 16.             if `ri' > 0 {
 17.                 local sw_own = FS[`ri', 1]
 18.                 local sw_nbr = FS[`ri', 2]
 19.             }
 20.         }
 21.         postone A joint_`W' ln_gaci_cwm e(widstat) `sw_own'
 22.         postone A joint_`W' nbr_g_`W' e(widstat) `sw_nbr'
 23.     }
 24.     else di as err "JOINT IV FAILED for W = `W'"
 25. }
(dropped 1 singleton observations)
(MWFE estimator converged in 5 iterations)


Summary results for first-stage regressions
-------------------------------------------

                                           (Underid)            (Weak id)
Variable     | F(  2,  4410)  P-val | SW Chi-sq(  1) P-val | SW F(  1,  4410)
ln_gaci_cwm  |      97.85    0.0000 |       10.87   0.0010 |       10.37
nbr_g_inv    |     662.73    0.0000 |       11.93   0.0006 |       11.38

NB: first-stage test statistics heteroskedasticity-robust

Stock-Yogo weak ID F test critical values for single endogenous regressor:
                                   10% maximal IV size             19.93
                                   15% maximal IV size             11.59
                                   20% maximal IV size              8.75
                                   25% maximal IV size              7.25
Source: Stock-Yogo (2005).  Reproduced by permission.
NB: Critical values are for i.i.d. errors only.

Underidentification test
Ho: matrix of reduced form coefficients has rank=K1-1 (underidentified)
Ha: matrix has rank=K1 (identified)
Kleibergen-Paap rk LM statistic          Chi-sq(1)=11.01    P-val=0.0009

Weak identification test
Ho: equation is weakly identified
Cragg-Donald Wald F statistic                                       6.77
Kleibergen-Paap Wald rk F statistic                                 5.14

Stock-Yogo weak ID test critical values for K1=2 and L1=2:
                                   10% maximal IV size              7.03
                                   15% maximal IV size              4.58
                                   20% maximal IV size              3.95
                                   25% maximal IV size              3.63
Source: Stock-Yogo (2005).  Reproduced by permission.
NB: Critical values are for Cragg-Donald F statistic and i.i.d. errors.

Weak-instrument-robust inference
Tests of joint significance of endogenous regressors B1 in main equation
Ho: B1=0 and orthogonality conditions are valid
Anderson-Rubin Wald test           F(2,4410)=     82.58     P-val=0.0000
Anderson-Rubin Wald test           Chi-sq(2)=    173.13     P-val=0.0000
Stock-Wright LM S statistic        Chi-sq(2)=    168.29     P-val=0.0000

NB: Underidentification, weak identification and weak-identification-robust
    test statistics heteroskedasticity-robust

Number of observations               N  =       4623
Number of regressors                 K  =          5
Number of endogenous regressors      K1 =          2
Number of instruments                L  =          5
Number of excluded instruments       L1 =          2

IV (2SLS) estimation
--------------------

Estimates efficient for homoskedasticity only
Statistics robust to heteroskedasticity

                                                      Number of obs =     4623
                                                      F(  5,  4410) =    24.61
                                                      Prob > F      =   0.0000
Total (centered) SS     =  833.4217532                Centered R2   =  -0.6032
Total (uncentered) SS   =  833.4217532                Uncentered R2 =  -0.6032
Residual SS             =  1336.139033                Root MSE      =    .5504

------------------------------------------------------------------------------
             |               Robust
  ln_co2_tot |      Coef.   Std. Err.      t    P>|t|     [95% Conf. Interval]
-------------+----------------------------------------------------------------
 ln_gaci_cwm |  -2.346525   1.693896    -1.39   0.166     -5.66741    .9743612
   nbr_g_inv |   16.17894    3.73603     4.33   0.000     8.854449    23.50344
       lnpop |   1.158306   .3760194     3.08   0.002     .4211195    1.895493
   ln_sea_ma |  -2.902155   1.500294    -1.93   0.053    -5.843484    .0391743
  has_contig |  -.6887478   .1761152    -3.91   0.000    -1.034022   -.3434736
------------------------------------------------------------------------------
Underidentification test (Kleibergen-Paap rk LM statistic):             11.008
                                                   Chi-sq(1) P-val =    0.0009
------------------------------------------------------------------------------
Weak identification test (Cragg-Donald Wald F statistic):                6.768
                         (Kleibergen-Paap rk Wald F statistic):          5.136
Stock-Yogo weak ID test critical values: 10% maximal IV size              7.03
                                         15% maximal IV size              4.58
                                         20% maximal IV size              3.95
                                         25% maximal IV size              3.63
Source: Stock-Yogo (2005).  Reproduced by permission.
NB: Critical values are for Cragg-Donald F statistic and i.i.d. errors.
------------------------------------------------------------------------------
Hansen J statistic (overidentification test of all instruments):         0.000
                                                 (equation exactly identified)
------------------------------------------------------------------------------
Instrumented:         ln_gaci_cwm nbr_g_inv
Included instruments: lnpop ln_sea_ma has_contig
Excluded instruments: feyrer_int nbr_f_inv
Partialled-out:       _cons
                      nb: total SS, model F and R2s are after partialling-out;
                          any small-sample adjustments include partialled-out
                          variables in regressor count K
------------------------------------------------------------------------------

Absorbed degrees of freedom:
-----------------------------------------------------+
 Absorbed FE | Categories  - Redundant  = Num. Coefs |
-------------+---------------------------------------|
     isocode |       181           0         181     |
           y |        28           1          27     |
-----------------------------------------------------+
SPL [A] joint_inv ln_gaci_cwm: b =    -2.347 (se    1.694)  KP F =     5.1  SWF =    10.4  N =    4623
SPL [A] joint_inv nbr_g_inv: b =    16.179 (se    3.736)  KP F =     5.1  SWF =    11.4  N =    4623
(dropped 1 singleton observations)
(MWFE estimator converged in 5 iterations)


Summary results for first-stage regressions
-------------------------------------------

                                           (Underid)            (Weak id)
Variable     | F(  2,  4410)  P-val | SW Chi-sq(  1) P-val | SW F(  1,  4410)
ln_gaci_cwm  |      77.17    0.0000 |       68.92   0.0000 |       65.75
nbr_g_contig |     907.58    0.0000 |      130.13   0.0000 |      124.13

NB: first-stage test statistics heteroskedasticity-robust

Stock-Yogo weak ID F test critical values for single endogenous regressor:
                                   10% maximal IV size             19.93
                                   15% maximal IV size             11.59
                                   20% maximal IV size              8.75
                                   25% maximal IV size              7.25
Source: Stock-Yogo (2005).  Reproduced by permission.
NB: Critical values are for i.i.d. errors only.

Underidentification test
Ho: matrix of reduced form coefficients has rank=K1-1 (underidentified)
Ha: matrix has rank=K1 (identified)
Kleibergen-Paap rk LM statistic          Chi-sq(1)=62.03    P-val=0.0000

Weak identification test
Ho: equation is weakly identified
Cragg-Donald Wald F statistic                                      43.39
Kleibergen-Paap Wald rk F statistic                                32.66

Stock-Yogo weak ID test critical values for K1=2 and L1=2:
                                   10% maximal IV size              7.03
                                   15% maximal IV size              4.58
                                   20% maximal IV size              3.95
                                   25% maximal IV size              3.63
Source: Stock-Yogo (2005).  Reproduced by permission.
NB: Critical values are for Cragg-Donald F statistic and i.i.d. errors.

Weak-instrument-robust inference
Tests of joint significance of endogenous regressors B1 in main equation
Ho: B1=0 and orthogonality conditions are valid
Anderson-Rubin Wald test           F(2,4410)=     94.56     P-val=0.0000
Anderson-Rubin Wald test           Chi-sq(2)=    198.26     P-val=0.0000
Stock-Wright LM S statistic        Chi-sq(2)=    192.43     P-val=0.0000

NB: Underidentification, weak identification and weak-identification-robust
    test statistics heteroskedasticity-robust

Number of observations               N  =       4623
Number of regressors                 K  =          5
Number of endogenous regressors      K1 =          2
Number of instruments                L  =          5
Number of excluded instruments       L1 =          2

IV (2SLS) estimation
--------------------

Estimates efficient for homoskedasticity only
Statistics robust to heteroskedasticity

                                                      Number of obs =     4623
                                                      F(  5,  4410) =    79.62
                                                      Prob > F      =   0.0000
Total (centered) SS     =  833.4217532                Centered R2   =   0.3849
Total (uncentered) SS   =  833.4217532                Uncentered R2 =   0.3849
Residual SS             =  512.6723851                Root MSE      =     .341

------------------------------------------------------------------------------
             |               Robust
  ln_co2_tot |      Coef.   Std. Err.      t    P>|t|     [95% Conf. Interval]
-------------+----------------------------------------------------------------
 ln_gaci_cwm |   3.482854   .4735287     7.36   0.000       2.5545    4.411208
nbr_g_contig |   1.933864   .2727585     7.09   0.000      1.39912    2.468607
       lnpop |  -.1076617   .1237107    -0.87   0.384    -.3501968    .1348734
   ln_sea_ma |   2.483277   .5382273     4.61   0.000     1.428081    3.538473
  has_contig |  -.6473838   .1108726    -5.84   0.000    -.8647497   -.4300179
------------------------------------------------------------------------------
Underidentification test (Kleibergen-Paap rk LM statistic):             62.031
                                                   Chi-sq(1) P-val =    0.0000
------------------------------------------------------------------------------
Weak identification test (Cragg-Donald Wald F statistic):               43.389
                         (Kleibergen-Paap rk Wald F statistic):         32.657
Stock-Yogo weak ID test critical values: 10% maximal IV size              7.03
                                         15% maximal IV size              4.58
                                         20% maximal IV size              3.95
                                         25% maximal IV size              3.63
Source: Stock-Yogo (2005).  Reproduced by permission.
NB: Critical values are for Cragg-Donald F statistic and i.i.d. errors.
------------------------------------------------------------------------------
Hansen J statistic (overidentification test of all instruments):         0.000
                                                 (equation exactly identified)
------------------------------------------------------------------------------
Instrumented:         ln_gaci_cwm nbr_g_contig
Included instruments: lnpop ln_sea_ma has_contig
Excluded instruments: feyrer_int nbr_f_contig
Partialled-out:       _cons
                      nb: total SS, model F and R2s are after partialling-out;
                          any small-sample adjustments include partialled-out
                          variables in regressor count K
------------------------------------------------------------------------------

Absorbed degrees of freedom:
-----------------------------------------------------+
 Absorbed FE | Categories  - Redundant  = Num. Coefs |
-------------+---------------------------------------|
     isocode |       181           0         181     |
           y |        28           1          27     |
-----------------------------------------------------+
SPL [A] joint_contig ln_gaci_cwm: b =     3.483 (se    0.474)  KP F =    32.7  SWF =    65.7  N =    4623
SPL [A] joint_contig nbr_g_contig: b =     1.934 (se    0.273)  KP F =    32.7  SWF =   124.1  N =    4623
(dropped 1 singleton observations)
(MWFE estimator converged in 5 iterations)


Summary results for first-stage regressions
-------------------------------------------

                                           (Underid)            (Weak id)
Variable     | F(  2,  4410)  P-val | SW Chi-sq(  1) P-val | SW F(  1,  4410)
ln_gaci_cwm  |     129.39    0.0000 |       50.76   0.0000 |       48.42
nbr_g_knn5   |     309.32    0.0000 |       51.53   0.0000 |       49.16

NB: first-stage test statistics heteroskedasticity-robust

Stock-Yogo weak ID F test critical values for single endogenous regressor:
                                   10% maximal IV size             19.93
                                   15% maximal IV size             11.59
                                   20% maximal IV size              8.75
                                   25% maximal IV size              7.25
Source: Stock-Yogo (2005).  Reproduced by permission.
NB: Critical values are for i.i.d. errors only.

Underidentification test
Ho: matrix of reduced form coefficients has rank=K1-1 (underidentified)
Ha: matrix has rank=K1 (identified)
Kleibergen-Paap rk LM statistic          Chi-sq(1)=48.63    P-val=0.0000

Weak identification test
Ho: equation is weakly identified
Cragg-Donald Wald F statistic                                      23.47
Kleibergen-Paap Wald rk F statistic                                23.52

Stock-Yogo weak ID test critical values for K1=2 and L1=2:
                                   10% maximal IV size              7.03
                                   15% maximal IV size              4.58
                                   20% maximal IV size              3.95
                                   25% maximal IV size              3.63
Source: Stock-Yogo (2005).  Reproduced by permission.
NB: Critical values are for Cragg-Donald F statistic and i.i.d. errors.

Weak-instrument-robust inference
Tests of joint significance of endogenous regressors B1 in main equation
Ho: B1=0 and orthogonality conditions are valid
Anderson-Rubin Wald test           F(2,4410)=     90.28     P-val=0.0000
Anderson-Rubin Wald test           Chi-sq(2)=    189.29     P-val=0.0000
Stock-Wright LM S statistic        Chi-sq(2)=    185.36     P-val=0.0000

NB: Underidentification, weak identification and weak-identification-robust
    test statistics heteroskedasticity-robust

Number of observations               N  =       4623
Number of regressors                 K  =          5
Number of endogenous regressors      K1 =          2
Number of instruments                L  =          5
Number of excluded instruments       L1 =          2

IV (2SLS) estimation
--------------------

Estimates efficient for homoskedasticity only
Statistics robust to heteroskedasticity

                                                      Number of obs =     4623
                                                      F(  5,  4410) =    55.66
                                                      Prob > F      =   0.0000
Total (centered) SS     =  833.4217532                Centered R2   =   0.1389
Total (uncentered) SS   =  833.4217532                Uncentered R2 =   0.1389
Residual SS             =  717.6242897                Root MSE      =    .4034

------------------------------------------------------------------------------
             |               Robust
  ln_co2_tot |      Coef.   Std. Err.      t    P>|t|     [95% Conf. Interval]
-------------+----------------------------------------------------------------
 ln_gaci_cwm |   1.226469   .6407661     1.91   0.056     -.029754    2.482692
  nbr_g_knn5 |   3.505629   .6624766     5.29   0.000     2.206843    4.804416
       lnpop |   .4745713    .178244     2.66   0.008     .1251236     .824019
   ln_sea_ma |   .0966431   .6849869     0.14   0.888    -1.246275    1.439561
  has_contig |  -.9454081   .1831765    -5.16   0.000    -1.304526   -.5862902
------------------------------------------------------------------------------
Underidentification test (Kleibergen-Paap rk LM statistic):             48.629
                                                   Chi-sq(1) P-val =    0.0000
------------------------------------------------------------------------------
Weak identification test (Cragg-Donald Wald F statistic):               23.475
                         (Kleibergen-Paap rk Wald F statistic):         23.522
Stock-Yogo weak ID test critical values: 10% maximal IV size              7.03
                                         15% maximal IV size              4.58
                                         20% maximal IV size              3.95
                                         25% maximal IV size              3.63
Source: Stock-Yogo (2005).  Reproduced by permission.
NB: Critical values are for Cragg-Donald F statistic and i.i.d. errors.
------------------------------------------------------------------------------
Hansen J statistic (overidentification test of all instruments):         0.000
                                                 (equation exactly identified)
------------------------------------------------------------------------------
Instrumented:         ln_gaci_cwm nbr_g_knn5
Included instruments: lnpop ln_sea_ma has_contig
Excluded instruments: feyrer_int nbr_f_knn5
Partialled-out:       _cons
                      nb: total SS, model F and R2s are after partialling-out;
                          any small-sample adjustments include partialled-out
                          variables in regressor count K
------------------------------------------------------------------------------

Absorbed degrees of freedom:
-----------------------------------------------------+
 Absorbed FE | Categories  - Redundant  = Num. Coefs |
-------------+---------------------------------------|
     isocode |       181           0         181     |
           y |        28           1          27     |
-----------------------------------------------------+
SPL [A] joint_knn5 ln_gaci_cwm: b =     1.226 (se    0.641)  KP F =    23.5  SWF =    48.4  N =    4623
SPL [A] joint_knn5 nbr_g_knn5: b =     3.506 (se    0.662)  KP F =    23.5  SWF =    49.2  N =    4623
(dropped 1 singleton observations)
(MWFE estimator converged in 5 iterations)


Summary results for first-stage regressions
-------------------------------------------

                                           (Underid)            (Weak id)
Variable     | F(  2,  4410)  P-val | SW Chi-sq(  1) P-val | SW F(  1,  4410)
ln_gaci_cwm  |      78.20    0.0000 |      108.72   0.0000 |      103.71
nbr_g_b1     |     328.13    0.0000 |      234.33   0.0000 |      223.53

NB: first-stage test statistics heteroskedasticity-robust

Stock-Yogo weak ID F test critical values for single endogenous regressor:
                                   10% maximal IV size             19.93
                                   15% maximal IV size             11.59
                                   20% maximal IV size              8.75
                                   25% maximal IV size              7.25
Source: Stock-Yogo (2005).  Reproduced by permission.
NB: Critical values are for i.i.d. errors only.

Underidentification test
Ho: matrix of reduced form coefficients has rank=K1-1 (underidentified)
Ha: matrix has rank=K1 (identified)
Kleibergen-Paap rk LM statistic          Chi-sq(1)=95.90    P-val=0.0000

Weak identification test
Ho: equation is weakly identified
Cragg-Donald Wald F statistic                                      63.29
Kleibergen-Paap Wald rk F statistic                                51.24

Stock-Yogo weak ID test critical values for K1=2 and L1=2:
                                   10% maximal IV size              7.03
                                   15% maximal IV size              4.58
                                   20% maximal IV size              3.95
                                   25% maximal IV size              3.63
Source: Stock-Yogo (2005).  Reproduced by permission.
NB: Critical values are for Cragg-Donald F statistic and i.i.d. errors.

Weak-instrument-robust inference
Tests of joint significance of endogenous regressors B1 in main equation
Ho: B1=0 and orthogonality conditions are valid
Anderson-Rubin Wald test           F(2,4410)=     85.70     P-val=0.0000
Anderson-Rubin Wald test           Chi-sq(2)=    179.68     P-val=0.0000
Stock-Wright LM S statistic        Chi-sq(2)=    170.80     P-val=0.0000

NB: Underidentification, weak identification and weak-identification-robust
    test statistics heteroskedasticity-robust

Number of observations               N  =       4623
Number of regressors                 K  =          5
Number of endogenous regressors      K1 =          2
Number of instruments                L  =          5
Number of excluded instruments       L1 =          2

IV (2SLS) estimation
--------------------

Estimates efficient for homoskedasticity only
Statistics robust to heteroskedasticity

                                                      Number of obs =     4623
                                                      F(  5,  4410) =    62.20
                                                      Prob > F      =   0.0000
Total (centered) SS     =  833.4217532                Centered R2   =   0.3467
Total (uncentered) SS   =  833.4217532                Uncentered R2 =   0.3467
Residual SS             =  544.4963352                Root MSE      =    .3514

------------------------------------------------------------------------------
             |               Robust
  ln_co2_tot |      Coef.   Std. Err.      t    P>|t|     [95% Conf. Interval]
-------------+----------------------------------------------------------------
 ln_gaci_cwm |   4.891379    .524525     9.33   0.000     3.863046    5.919711
    nbr_g_b1 |   .6243074    .256156     2.44   0.015      .122113    1.126502
       lnpop |  -.3873661   .1280351    -3.03   0.002    -.6383791    -.136353
   ln_sea_ma |   3.481225   .5797358     6.00   0.000     2.344652    4.617798
  has_contig |  -.1843882   .0890583    -2.07   0.038    -.3589871   -.0097892
------------------------------------------------------------------------------
Underidentification test (Kleibergen-Paap rk LM statistic):             95.899
                                                   Chi-sq(1) P-val =    0.0000
------------------------------------------------------------------------------
Weak identification test (Cragg-Donald Wald F statistic):               63.294
                         (Kleibergen-Paap rk Wald F statistic):         51.235
Stock-Yogo weak ID test critical values: 10% maximal IV size              7.03
                                         15% maximal IV size              4.58
                                         20% maximal IV size              3.95
                                         25% maximal IV size              3.63
Source: Stock-Yogo (2005).  Reproduced by permission.
NB: Critical values are for Cragg-Donald F statistic and i.i.d. errors.
------------------------------------------------------------------------------
Hansen J statistic (overidentification test of all instruments):         0.000
                                                 (equation exactly identified)
------------------------------------------------------------------------------
Instrumented:         ln_gaci_cwm nbr_g_b1
Included instruments: lnpop ln_sea_ma has_contig
Excluded instruments: feyrer_int nbr_f_b1
Partialled-out:       _cons
                      nb: total SS, model F and R2s are after partialling-out;
                          any small-sample adjustments include partialled-out
                          variables in regressor count K
------------------------------------------------------------------------------

Absorbed degrees of freedom:
-----------------------------------------------------+
 Absorbed FE | Categories  - Redundant  = Num. Coefs |
-------------+---------------------------------------|
     isocode |       181           0         181     |
           y |        28           1          27     |
-----------------------------------------------------+
SPL [A] joint_b1 ln_gaci_cwm: b =     4.891 (se    0.525)  KP F =    51.2  SWF =   103.7  N =    4623
SPL [A] joint_b1 nbr_g_b1: b =     0.624 (se    0.256)  KP F =    51.2  SWF =   223.5  N =    4623
(dropped 1 singleton observations)
(MWFE estimator converged in 5 iterations)


Summary results for first-stage regressions
-------------------------------------------

                                           (Underid)            (Weak id)
Variable     | F(  2,  4410)  P-val | SW Chi-sq(  1) P-val | SW F(  1,  4410)
ln_gaci_cwm  |     125.19    0.0000 |       11.20   0.0008 |       10.68
nbr_g_k500   |     401.22    0.0000 |       11.64   0.0006 |       11.10

NB: first-stage test statistics heteroskedasticity-robust

Stock-Yogo weak ID F test critical values for single endogenous regressor:
                                   10% maximal IV size             19.93
                                   15% maximal IV size             11.59
                                   20% maximal IV size              8.75
                                   25% maximal IV size              7.25
Source: Stock-Yogo (2005).  Reproduced by permission.
NB: Critical values are for i.i.d. errors only.

Underidentification test
Ho: matrix of reduced form coefficients has rank=K1-1 (underidentified)
Ha: matrix has rank=K1 (identified)
Kleibergen-Paap rk LM statistic          Chi-sq(1)=11.08    P-val=0.0009

Weak identification test
Ho: equation is weakly identified
Cragg-Donald Wald F statistic                                       7.09
Kleibergen-Paap Wald rk F statistic                                 5.32

Stock-Yogo weak ID test critical values for K1=2 and L1=2:
                                   10% maximal IV size              7.03
                                   15% maximal IV size              4.58
                                   20% maximal IV size              3.95
                                   25% maximal IV size              3.63
Source: Stock-Yogo (2005).  Reproduced by permission.
NB: Critical values are for Cragg-Donald F statistic and i.i.d. errors.

Weak-instrument-robust inference
Tests of joint significance of endogenous regressors B1 in main equation
Ho: B1=0 and orthogonality conditions are valid
Anderson-Rubin Wald test           F(2,4410)=     88.94     P-val=0.0000
Anderson-Rubin Wald test           Chi-sq(2)=    186.47     P-val=0.0000
Stock-Wright LM S statistic        Chi-sq(2)=    180.72     P-val=0.0000

NB: Underidentification, weak identification and weak-identification-robust
    test statistics heteroskedasticity-robust

Number of observations               N  =       4623
Number of regressors                 K  =          5
Number of endogenous regressors      K1 =          2
Number of instruments                L  =          5
Number of excluded instruments       L1 =          2

IV (2SLS) estimation
--------------------

Estimates efficient for homoskedasticity only
Statistics robust to heteroskedasticity

                                                      Number of obs =     4623
                                                      F(  5,  4410) =    23.42
                                                      Prob > F      =   0.0000
Total (centered) SS     =  833.4217532                Centered R2   =  -0.8161
Total (uncentered) SS   =  833.4217532                Uncentered R2 =  -0.8161
Residual SS             =  1513.541899                Root MSE      =    .5858

------------------------------------------------------------------------------
             |               Robust
  ln_co2_tot |      Coef.   Std. Err.      t    P>|t|     [95% Conf. Interval]
-------------+----------------------------------------------------------------
 ln_gaci_cwm |  -2.290881   1.874234    -1.22   0.222    -5.965321    1.383559
  nbr_g_k500 |   6.438491   1.771096     3.64   0.000     2.966254    9.910728
       lnpop |   1.009661   .3854486     2.62   0.009     .2539882    1.765334
   ln_sea_ma |  -2.211161   1.430051    -1.55   0.122    -5.014779    .5924579
  has_contig |   -.951191   .2557344    -3.72   0.000    -1.452559   -.4498231
------------------------------------------------------------------------------
Underidentification test (Kleibergen-Paap rk LM statistic):             11.085
                                                   Chi-sq(1) P-val =    0.0009
------------------------------------------------------------------------------
Weak identification test (Cragg-Donald Wald F statistic):                7.088
                         (Kleibergen-Paap rk Wald F statistic):          5.322
Stock-Yogo weak ID test critical values: 10% maximal IV size              7.03
                                         15% maximal IV size              4.58
                                         20% maximal IV size              3.95
                                         25% maximal IV size              3.63
Source: Stock-Yogo (2005).  Reproduced by permission.
NB: Critical values are for Cragg-Donald F statistic and i.i.d. errors.
------------------------------------------------------------------------------
Hansen J statistic (overidentification test of all instruments):         0.000
                                                 (equation exactly identified)
------------------------------------------------------------------------------
Instrumented:         ln_gaci_cwm nbr_g_k500
Included instruments: lnpop ln_sea_ma has_contig
Excluded instruments: feyrer_int nbr_f_k500
Partialled-out:       _cons
                      nb: total SS, model F and R2s are after partialling-out;
                          any small-sample adjustments include partialled-out
                          variables in regressor count K
------------------------------------------------------------------------------

Absorbed degrees of freedom:
-----------------------------------------------------+
 Absorbed FE | Categories  - Redundant  = Num. Coefs |
-------------+---------------------------------------|
     isocode |       181           0         181     |
           y |        28           1          27     |
-----------------------------------------------------+
SPL [A] joint_k500 ln_gaci_cwm: b =    -2.291 (se    1.874)  KP F =     5.3  SWF =    10.7  N =    4623
SPL [A] joint_k500 nbr_g_k500: b =     6.438 (se    1.771)  KP F =     5.3  SWF =    11.1  N =    4623
(dropped 1 singleton observations)
(MWFE estimator converged in 5 iterations)


Summary results for first-stage regressions
-------------------------------------------

                                           (Underid)            (Weak id)
Variable     | F(  2,  4410)  P-val | SW Chi-sq(  1) P-val | SW F(  1,  4410)
ln_gaci_cwm  |     136.08    0.0000 |       43.07   0.0000 |       41.08
nbr_g_k1000  |     678.01    0.0000 |       51.09   0.0000 |       48.73

NB: first-stage test statistics heteroskedasticity-robust

Stock-Yogo weak ID F test critical values for single endogenous regressor:
                                   10% maximal IV size             19.93
                                   15% maximal IV size             11.59
                                   20% maximal IV size              8.75
                                   25% maximal IV size              7.25
Source: Stock-Yogo (2005).  Reproduced by permission.
NB: Critical values are for i.i.d. errors only.

Underidentification test
Ho: matrix of reduced form coefficients has rank=K1-1 (underidentified)
Ha: matrix has rank=K1 (identified)
Kleibergen-Paap rk LM statistic          Chi-sq(1)=40.30    P-val=0.0000

Weak identification test
Ho: equation is weakly identified
Cragg-Donald Wald F statistic                                      26.71
Kleibergen-Paap Wald rk F statistic                                20.53

Stock-Yogo weak ID test critical values for K1=2 and L1=2:
                                   10% maximal IV size              7.03
                                   15% maximal IV size              4.58
                                   20% maximal IV size              3.95
                                   25% maximal IV size              3.63
Source: Stock-Yogo (2005).  Reproduced by permission.
NB: Critical values are for Cragg-Donald F statistic and i.i.d. errors.

Weak-instrument-robust inference
Tests of joint significance of endogenous regressors B1 in main equation
Ho: B1=0 and orthogonality conditions are valid
Anderson-Rubin Wald test           F(2,4410)=     87.24     P-val=0.0000
Anderson-Rubin Wald test           Chi-sq(2)=    182.90     P-val=0.0000
Stock-Wright LM S statistic        Chi-sq(2)=    180.13     P-val=0.0000

NB: Underidentification, weak identification and weak-identification-robust
    test statistics heteroskedasticity-robust

Number of observations               N  =       4623
Number of regressors                 K  =          5
Number of endogenous regressors      K1 =          2
Number of instruments                L  =          5
Number of excluded instruments       L1 =          2

IV (2SLS) estimation
--------------------

Estimates efficient for homoskedasticity only
Statistics robust to heteroskedasticity

                                                      Number of obs =     4623
                                                      F(  5,  4410) =    46.46
                                                      Prob > F      =   0.0000
Total (centered) SS     =  833.4217532                Centered R2   =   0.0219
Total (uncentered) SS   =  833.4217532                Uncentered R2 =   0.0219
Residual SS             =  815.1341142                Root MSE      =    .4299

------------------------------------------------------------------------------
             |               Robust
  ln_co2_tot |      Coef.   Std. Err.      t    P>|t|     [95% Conf. Interval]
-------------+----------------------------------------------------------------
 ln_gaci_cwm |  -.0815203   .6571999    -0.12   0.901    -1.369962    1.206921
 nbr_g_k1000 |   4.969101   .7707624     6.45   0.000     3.458019    6.480182
       lnpop |   .6457088   .1768724     3.65   0.000     .2989501    .9924675
   ln_sea_ma |  -.9458939    .657394    -1.44   0.150    -2.234716    .3429284
  has_contig |  -.5787956   .1345045    -4.30   0.000     -.842492   -.3150991
------------------------------------------------------------------------------
Underidentification test (Kleibergen-Paap rk LM statistic):             40.303
                                                   Chi-sq(1) P-val =    0.0000
------------------------------------------------------------------------------
Weak identification test (Cragg-Donald Wald F statistic):               26.712
                         (Kleibergen-Paap rk Wald F statistic):         20.528
Stock-Yogo weak ID test critical values: 10% maximal IV size              7.03
                                         15% maximal IV size              4.58
                                         20% maximal IV size              3.95
                                         25% maximal IV size              3.63
Source: Stock-Yogo (2005).  Reproduced by permission.
NB: Critical values are for Cragg-Donald F statistic and i.i.d. errors.
------------------------------------------------------------------------------
Hansen J statistic (overidentification test of all instruments):         0.000
                                                 (equation exactly identified)
------------------------------------------------------------------------------
Instrumented:         ln_gaci_cwm nbr_g_k1000
Included instruments: lnpop ln_sea_ma has_contig
Excluded instruments: feyrer_int nbr_f_k1000
Partialled-out:       _cons
                      nb: total SS, model F and R2s are after partialling-out;
                          any small-sample adjustments include partialled-out
                          variables in regressor count K
------------------------------------------------------------------------------

Absorbed degrees of freedom:
-----------------------------------------------------+
 Absorbed FE | Categories  - Redundant  = Num. Coefs |
-------------+---------------------------------------|
     isocode |       181           0         181     |
           y |        28           1          27     |
-----------------------------------------------------+
SPL [A] joint_k1000 ln_gaci_cwm: b =    -0.082 (se    0.657)  KP F =    20.5  SWF =    41.1  N =    4623
SPL [A] joint_k1000 nbr_g_k1000: b =     4.969 (se    0.771)  KP F =    20.5  SWF =    48.7  N =    4623

. * A4 single-endogenous neighbour effect under each W, hybrid control (for comparability)
. foreach W in inv contig knn5 b1 k500 k1000 {
  2.     capture noisily ivreghdfe ln_co2_tot feyrer_int lnpop ln_sea_ma has_contig (nbr_g_`W' = nbr_f_`W'), absorb(isocode y) robust
  3.     if _rc == 0 postone A single_`W' nbr_g_`W' e(widstat) .
  4. }
(dropped 1 singleton observations)
(MWFE estimator converged in 5 iterations)

IV (2SLS) estimation
--------------------

Estimates efficient for homoskedasticity only
Statistics robust to heteroskedasticity

                                                      Number of obs =     4623
                                                      F(  5,  4410) =    46.76
                                                      Prob > F      =   0.0000
Total (centered) SS     =  833.4217532                Centered R2   =   0.0677
Total (uncentered) SS   =  833.4217532                Uncentered R2 =   0.0677
Residual SS             =     777.0107                Root MSE      =    .4198

------------------------------------------------------------------------------
             |               Robust
  ln_co2_tot |      Coef.   Std. Err.      t    P>|t|     [95% Conf. Interval]
-------------+----------------------------------------------------------------
   nbr_g_inv |   7.470005   1.995397     3.74   0.000     3.558025    11.38199
  feyrer_int |   .2537477   .1223333     2.07   0.038     .0139131    .4935823
       lnpop |   .6609495   .1219051     5.42   0.000     .4219542    .8999447
   ln_sea_ma |  -.8474817   .4051375    -2.09   0.037    -1.641755   -.0532087
  has_contig |  -.4743777   .1196254    -3.97   0.000    -.7089034   -.2398519
------------------------------------------------------------------------------
Underidentification test (Kleibergen-Paap rk LM statistic):             98.384
                                                   Chi-sq(1) P-val =    0.0000
------------------------------------------------------------------------------
Weak identification test (Cragg-Donald Wald F statistic):              168.252
                         (Kleibergen-Paap rk Wald F statistic):        133.964
Stock-Yogo weak ID test critical values: 10% maximal IV size             16.38
                                         15% maximal IV size              8.96
                                         20% maximal IV size              6.66
                                         25% maximal IV size              5.53
Source: Stock-Yogo (2005).  Reproduced by permission.
NB: Critical values are for Cragg-Donald F statistic and i.i.d. errors.
------------------------------------------------------------------------------
Hansen J statistic (overidentification test of all instruments):         0.000
                                                 (equation exactly identified)
------------------------------------------------------------------------------
Instrumented:         nbr_g_inv
Included instruments: feyrer_int lnpop ln_sea_ma has_contig
Excluded instruments: nbr_f_inv
Partialled-out:       _cons
                      nb: total SS, model F and R2s are after partialling-out;
                          any small-sample adjustments include partialled-out
                          variables in regressor count K
------------------------------------------------------------------------------

Absorbed degrees of freedom:
-----------------------------------------------------+
 Absorbed FE | Categories  - Redundant  = Num. Coefs |
-------------+---------------------------------------|
     isocode |       181           0         181     |
           y |        28           1          27     |
-----------------------------------------------------+
SPL [A] single_inv nbr_g_inv: b =     7.470 (se    1.995)  KP F =   134.0  SWF =       .  N =    4623
(dropped 1 singleton observations)
(MWFE estimator converged in 5 iterations)

IV (2SLS) estimation
--------------------

Estimates efficient for homoskedasticity only
Statistics robust to heteroskedasticity

                                                      Number of obs =     4623
                                                      F(  5,  4410) =    55.95
                                                      Prob > F      =   0.0000
Total (centered) SS     =  833.4217532                Centered R2   =   0.0675
Total (uncentered) SS   =  833.4217532                Uncentered R2 =   0.0675
Residual SS             =  777.1347188                Root MSE      =    .4198

------------------------------------------------------------------------------
             |               Robust
  ln_co2_tot |      Coef.   Std. Err.      t    P>|t|     [95% Conf. Interval]
-------------+----------------------------------------------------------------
nbr_g_contig |   2.051417   .2559878     8.01   0.000     1.549552    2.553282
  feyrer_int |   .4280611   .0609072     7.03   0.000     .3086524    .5474698
       lnpop |   .5935708   .1215409     4.88   0.000     .3552897    .8318519
   ln_sea_ma |  -.4352914   .4224178    -1.03   0.303    -1.263442    .3928595
  has_contig |   -.771856   .1153097    -6.69   0.000    -.9979209   -.5457912
------------------------------------------------------------------------------
Underidentification test (Kleibergen-Paap rk LM statistic):            389.260
                                                   Chi-sq(1) P-val =    0.0000
------------------------------------------------------------------------------
Weak identification test (Cragg-Donald Wald F statistic):              566.968
                         (Kleibergen-Paap rk Wald F statistic):       1456.393
Stock-Yogo weak ID test critical values: 10% maximal IV size             16.38
                                         15% maximal IV size              8.96
                                         20% maximal IV size              6.66
                                         25% maximal IV size              5.53
Source: Stock-Yogo (2005).  Reproduced by permission.
NB: Critical values are for Cragg-Donald F statistic and i.i.d. errors.
------------------------------------------------------------------------------
Hansen J statistic (overidentification test of all instruments):         0.000
                                                 (equation exactly identified)
------------------------------------------------------------------------------
Instrumented:         nbr_g_contig
Included instruments: feyrer_int lnpop ln_sea_ma has_contig
Excluded instruments: nbr_f_contig
Partialled-out:       _cons
                      nb: total SS, model F and R2s are after partialling-out;
                          any small-sample adjustments include partialled-out
                          variables in regressor count K
------------------------------------------------------------------------------

Absorbed degrees of freedom:
-----------------------------------------------------+
 Absorbed FE | Categories  - Redundant  = Num. Coefs |
-------------+---------------------------------------|
     isocode |       181           0         181     |
           y |        28           1          27     |
-----------------------------------------------------+
SPL [A] single_contig nbr_g_contig: b =     2.051 (se    0.256)  KP F =  1456.4  SWF =       .  N =    4623
(dropped 1 singleton observations)
(MWFE estimator converged in 5 iterations)

IV (2SLS) estimation
--------------------

Estimates efficient for homoskedasticity only
Statistics robust to heteroskedasticity

                                                      Number of obs =     4623
                                                      F(  5,  4410) =    30.13
                                                      Prob > F      =   0.0000
Total (centered) SS     =  833.4217532                Centered R2   =  -0.4640
Total (uncentered) SS   =  833.4217532                Uncentered R2 =  -0.4640
Residual SS             =  1220.105044                Root MSE      =     .526

------------------------------------------------------------------------------
             |               Robust
  ln_co2_tot |      Coef.   Std. Err.      t    P>|t|     [95% Conf. Interval]
-------------+----------------------------------------------------------------
  nbr_g_knn5 |   7.042933   1.929255     3.65   0.000     3.260625    10.82524
  feyrer_int |  -.4202804    .323116    -1.30   0.193     -1.05375    .2131893
       lnpop |   .8045107   .1362352     5.91   0.000     .5374214      1.0716
   ln_sea_ma |  -1.094432   .5036867    -2.17   0.030    -2.081911   -.1069536
  has_contig |  -1.618691   .3777871    -4.28   0.000    -2.359344   -.8780389
------------------------------------------------------------------------------
Underidentification test (Kleibergen-Paap rk LM statistic):             13.548
                                                   Chi-sq(1) P-val =    0.0002
------------------------------------------------------------------------------
Weak identification test (Cragg-Donald Wald F statistic):               30.374
                         (Kleibergen-Paap rk Wald F statistic):         14.269
Stock-Yogo weak ID test critical values: 10% maximal IV size             16.38
                                         15% maximal IV size              8.96
                                         20% maximal IV size              6.66
                                         25% maximal IV size              5.53
Source: Stock-Yogo (2005).  Reproduced by permission.
NB: Critical values are for Cragg-Donald F statistic and i.i.d. errors.
------------------------------------------------------------------------------
Hansen J statistic (overidentification test of all instruments):         0.000
                                                 (equation exactly identified)
------------------------------------------------------------------------------
Instrumented:         nbr_g_knn5
Included instruments: feyrer_int lnpop ln_sea_ma has_contig
Excluded instruments: nbr_f_knn5
Partialled-out:       _cons
                      nb: total SS, model F and R2s are after partialling-out;
                          any small-sample adjustments include partialled-out
                          variables in regressor count K
------------------------------------------------------------------------------

Absorbed degrees of freedom:
-----------------------------------------------------+
 Absorbed FE | Categories  - Redundant  = Num. Coefs |
-------------+---------------------------------------|
     isocode |       181           0         181     |
           y |        28           1          27     |
-----------------------------------------------------+
SPL [A] single_knn5 nbr_g_knn5: b =     7.043 (se    1.929)  KP F =    14.3  SWF =       .  N =    4623
(dropped 1 singleton observations)
(MWFE estimator converged in 5 iterations)

IV (2SLS) estimation
--------------------

Estimates efficient for homoskedasticity only
Statistics robust to heteroskedasticity

                                                      Number of obs =     4623
                                                      F(  5,  4410) =    45.95
                                                      Prob > F      =   0.0000
Total (centered) SS     =  833.4217532                Centered R2   =   0.0538
Total (uncentered) SS   =  833.4217532                Uncentered R2 =   0.0538
Residual SS             =  788.6228143                Root MSE      =    .4229

------------------------------------------------------------------------------
             |               Robust
  ln_co2_tot |      Coef.   Std. Err.      t    P>|t|     [95% Conf. Interval]
-------------+----------------------------------------------------------------
    nbr_g_b1 |   .0212394   .3685161     0.06   0.954    -.7012372     .743716
  feyrer_int |   .7252101   .0903334     8.03   0.000     .5481113    .9023089
       lnpop |   .6398014   .1235516     5.18   0.000     .3975782    .8820246
   ln_sea_ma |  -.7785608   .4066526    -1.91   0.056    -1.575804    .0186825
  has_contig |  -.3476204   .1089414    -3.19   0.001    -.5612003   -.1340405
------------------------------------------------------------------------------
Underidentification test (Kleibergen-Paap rk LM statistic):            373.260
                                                   Chi-sq(1) P-val =    0.0000
------------------------------------------------------------------------------
Weak identification test (Cragg-Donald Wald F statistic):              564.377
                         (Kleibergen-Paap rk Wald F statistic):        439.289
Stock-Yogo weak ID test critical values: 10% maximal IV size             16.38
                                         15% maximal IV size              8.96
                                         20% maximal IV size              6.66
                                         25% maximal IV size              5.53
Source: Stock-Yogo (2005).  Reproduced by permission.
NB: Critical values are for Cragg-Donald F statistic and i.i.d. errors.
------------------------------------------------------------------------------
Hansen J statistic (overidentification test of all instruments):         0.000
                                                 (equation exactly identified)
------------------------------------------------------------------------------
Instrumented:         nbr_g_b1
Included instruments: feyrer_int lnpop ln_sea_ma has_contig
Excluded instruments: nbr_f_b1
Partialled-out:       _cons
                      nb: total SS, model F and R2s are after partialling-out;
                          any small-sample adjustments include partialled-out
                          variables in regressor count K
------------------------------------------------------------------------------

Absorbed degrees of freedom:
-----------------------------------------------------+
 Absorbed FE | Categories  - Redundant  = Num. Coefs |
-------------+---------------------------------------|
     isocode |       181           0         181     |
           y |        28           1          27     |
-----------------------------------------------------+
SPL [A] single_b1 nbr_g_b1: b =     0.021 (se    0.369)  KP F =   439.3  SWF =       .  N =    4623
(dropped 1 singleton observations)
(MWFE estimator converged in 5 iterations)

IV (2SLS) estimation
--------------------

Estimates efficient for homoskedasticity only
Statistics robust to heteroskedasticity

                                                      Number of obs =     4623
                                                      F(  5,  4410) =    45.55
                                                      Prob > F      =   0.0000
Total (centered) SS     =  833.4217532                Centered R2   =   0.0013
Total (uncentered) SS   =  833.4217532                Uncentered R2 =   0.0013
Residual SS             =  832.3787603                Root MSE      =    .4345

------------------------------------------------------------------------------
             |               Robust
  ln_co2_tot |      Coef.   Std. Err.      t    P>|t|     [95% Conf. Interval]
-------------+----------------------------------------------------------------
  nbr_g_k500 |   3.187098   .7122212     4.47   0.000     1.790787    4.583409
  feyrer_int |   .2230171   .1230272     1.81   0.070     -.018178    .4642122
       lnpop |   .5943634   .1244185     4.78   0.000     .3504407    .8382861
   ln_sea_ma |  -.5333061   .4166206    -1.28   0.201    -1.350092    .2834794
  has_contig |  -.6141651   .1365874    -4.50   0.000    -.8819449   -.3463853
------------------------------------------------------------------------------
Underidentification test (Kleibergen-Paap rk LM statistic):             65.914
                                                   Chi-sq(1) P-val =    0.0000
------------------------------------------------------------------------------
Weak identification test (Cragg-Donald Wald F statistic):              152.775
                         (Kleibergen-Paap rk Wald F statistic):         82.868
Stock-Yogo weak ID test critical values: 10% maximal IV size             16.38
                                         15% maximal IV size              8.96
                                         20% maximal IV size              6.66
                                         25% maximal IV size              5.53
Source: Stock-Yogo (2005).  Reproduced by permission.
NB: Critical values are for Cragg-Donald F statistic and i.i.d. errors.
------------------------------------------------------------------------------
Hansen J statistic (overidentification test of all instruments):         0.000
                                                 (equation exactly identified)
------------------------------------------------------------------------------
Instrumented:         nbr_g_k500
Included instruments: feyrer_int lnpop ln_sea_ma has_contig
Excluded instruments: nbr_f_k500
Partialled-out:       _cons
                      nb: total SS, model F and R2s are after partialling-out;
                          any small-sample adjustments include partialled-out
                          variables in regressor count K
------------------------------------------------------------------------------

Absorbed degrees of freedom:
-----------------------------------------------------+
 Absorbed FE | Categories  - Redundant  = Num. Coefs |
-------------+---------------------------------------|
     isocode |       181           0         181     |
           y |        28           1          27     |
-----------------------------------------------------+
SPL [A] single_k500 nbr_g_k500: b =     3.187 (se    0.712)  KP F =    82.9  SWF =       .  N =    4623
(dropped 1 singleton observations)
(MWFE estimator converged in 5 iterations)

IV (2SLS) estimation
--------------------

Estimates efficient for homoskedasticity only
Statistics robust to heteroskedasticity

                                                      Number of obs =     4623
                                                      F(  5,  4410) =    47.62
                                                      Prob > F      =   0.0000
Total (centered) SS     =  833.4217532                Centered R2   =   0.0415
Total (uncentered) SS   =  833.4217532                Uncentered R2 =   0.0415
Residual SS             =  798.7949973                Root MSE      =    .4256

------------------------------------------------------------------------------
             |               Robust
  ln_co2_tot |      Coef.   Std. Err.      t    P>|t|     [95% Conf. Interval]
-------------+----------------------------------------------------------------
 nbr_g_k1000 |    4.76612   1.020664     4.67   0.000     2.765107    6.767134
  feyrer_int |   .0197705   .1573344     0.13   0.900    -.2886839     .328225
       lnpop |    .629719   .1219522     5.16   0.000     .3906314    .8688065
   ln_sea_ma |  -.8732801   .4128921    -2.12   0.034    -1.682756   -.0638043
  has_contig |  -.5671351   .1299731    -4.36   0.000    -.8219477   -.3123226
------------------------------------------------------------------------------
Underidentification test (Kleibergen-Paap rk LM statistic):             74.838
                                                   Chi-sq(1) P-val =    0.0000
------------------------------------------------------------------------------
Weak identification test (Cragg-Donald Wald F statistic):              158.191
                         (Kleibergen-Paap rk Wald F statistic):        116.606
Stock-Yogo weak ID test critical values: 10% maximal IV size             16.38
                                         15% maximal IV size              8.96
                                         20% maximal IV size              6.66
                                         25% maximal IV size              5.53
Source: Stock-Yogo (2005).  Reproduced by permission.
NB: Critical values are for Cragg-Donald F statistic and i.i.d. errors.
------------------------------------------------------------------------------
Hansen J statistic (overidentification test of all instruments):         0.000
                                                 (equation exactly identified)
------------------------------------------------------------------------------
Instrumented:         nbr_g_k1000
Included instruments: feyrer_int lnpop ln_sea_ma has_contig
Excluded instruments: nbr_f_k1000
Partialled-out:       _cons
                      nb: total SS, model F and R2s are after partialling-out;
                          any small-sample adjustments include partialled-out
                          variables in regressor count K
------------------------------------------------------------------------------

Absorbed degrees of freedom:
-----------------------------------------------------+
 Absorbed FE | Categories  - Redundant  = Num. Coefs |
-------------+---------------------------------------|
     isocode |       181           0         181     |
           y |        28           1          27     |
-----------------------------------------------------+
SPL [A] single_k1000 nbr_g_k1000: b =     4.766 (se    1.021)  KP F =   116.6  SWF =       .  N =    4623

. 
. * =====================================================================
. * B) distance decay
. * =====================================================================
. di _n "===== B) distance bands ====="

===== B) distance bands =====

. * bands jointly (own shifter RF-controlled; band-presence flags as controls)
. capture noisily ivreghdfe ln_co2_tot feyrer_int lnpop ln_sea_ma has_b1 has_b2 has_b3 has_b4 has_b5 (nbr_g_b1 nbr_g_b2 nbr_g_b3 nbr_g_b4 nbr_g_b5 = nbr_f_b1 nbr_f_b2 nbr_f_b3 nbr_f_b4 nbr_f_b5), absorb(isocode y) robust
(dropped 1 singleton observations)
Warning - collinearities detected
Vars dropped:       has_b5
(MWFE estimator converged in 5 iterations)

IV (2SLS) estimation
--------------------

Estimates efficient for homoskedasticity only
Statistics robust to heteroskedasticity

                                                      Number of obs =     4623
                                                      F( 11,  4404) =    28.32
                                                      Prob > F      =   0.0000
Total (centered) SS     =  833.4217532                Centered R2   =   0.0673
Total (uncentered) SS   =  833.4217532                Uncentered R2 =   0.0673
Residual SS             =  777.3032451                Root MSE      =    .4201

------------------------------------------------------------------------------
             |               Robust
  ln_co2_tot |      Coef.   Std. Err.      t    P>|t|     [95% Conf. Interval]
-------------+----------------------------------------------------------------
    nbr_g_b1 |  -.1623726   .4008133    -0.41   0.685    -.9481682    .6234229
    nbr_g_b2 |  -.9959803   .9429831    -1.06   0.291    -2.844701    .8527407
    nbr_g_b3 |   .2876673    1.68754     0.17   0.865    -3.020759    3.596093
    nbr_g_b4 |   3.129958   1.545614     2.03   0.043     .0997763    6.160139
    nbr_g_b5 |  -8.602408   2.986262    -2.88   0.004    -14.45698   -2.747833
  feyrer_int |   .1667485   .2654997     0.63   0.530    -.3537643    .6872614
       lnpop |   .7915395   .1205059     6.57   0.000     .5552873    1.027792
   ln_sea_ma |  -.8488151   .4358368    -1.95   0.052    -1.703274    .0056442
      has_b1 |  -.1114489   .0738829    -1.51   0.132    -.2562965    .0333987
      has_b2 |  -.5688596   .2378089    -2.39   0.017    -1.035085   -.1026346
      has_b3 |    .035997   .7424531     0.05   0.961    -1.419584    1.491578
      has_b4 |          0  (omitted)
      has_b5 |          0  (omitted)
------------------------------------------------------------------------------
Underidentification test (Kleibergen-Paap rk LM statistic):             11.812
                                                   Chi-sq(1) P-val =    0.0006
------------------------------------------------------------------------------
Weak identification test (Cragg-Donald Wald F statistic):                3.766
                         (Kleibergen-Paap rk Wald F statistic):          2.233
Stock-Yogo weak ID test critical values:                       <not available>
------------------------------------------------------------------------------
Warning: estimated covariance matrix of moment conditions not of full rank.
         overidentification statistic not reported, and standard errors and
         model tests should be interpreted with caution.
Possible causes:
         singleton dummy variable (dummy with one 1 and N-1 0s or vice versa)
partial option may address problem.
------------------------------------------------------------------------------
Collinearities detected among instruments: 1 instrument(s) dropped
Instrumented:         nbr_g_b1 nbr_g_b2 nbr_g_b3 nbr_g_b4 nbr_g_b5
Included instruments: feyrer_int lnpop ln_sea_ma has_b1 has_b2 has_b3 has_b4
Excluded instruments: nbr_f_b1 nbr_f_b2 nbr_f_b3 nbr_f_b4 nbr_f_b5
Partialled-out:       _cons
                      nb: total SS, model F and R2s are after partialling-out;
                          any small-sample adjustments include partialled-out
                          variables in regressor count K
Dropped collinear:    has_b5
------------------------------------------------------------------------------

Absorbed degrees of freedom:
-----------------------------------------------------+
 Absorbed FE | Categories  - Redundant  = Num. Coefs |
-------------+---------------------------------------|
     isocode |       181           0         181     |
           y |        28           1          27     |
-----------------------------------------------------+

. if _rc == 0 {
.     foreach b in b1 b2 b3 b4 b5 {
  2.         postone B bands_joint nbr_g_`b' e(widstat) .
  3.     }
SPL [B] bands_joint nbr_g_b1: b =    -0.162 (se    0.401)  KP F =     2.2  SWF =       .  N =    4623
SPL [B] bands_joint nbr_g_b2: b =    -0.996 (se    0.943)  KP F =     2.2  SWF =       .  N =    4623
SPL [B] bands_joint nbr_g_b3: b =     0.288 (se    1.688)  KP F =     2.2  SWF =       .  N =    4623
SPL [B] bands_joint nbr_g_b4: b =     3.130 (se    1.546)  KP F =     2.2  SWF =       .  N =    4623
SPL [B] bands_joint nbr_g_b5: b =    -8.602 (se    2.986)  KP F =     2.2  SWF =       .  N =    4623
. }

. * contiguity plus bands
. capture noisily ivreghdfe ln_co2_tot feyrer_int lnpop ln_sea_ma has_contig has_b1 has_b2 has_b3 has_b4 has_b5 (nbr_g_contig nbr_g_b1 nbr_g_b2 nbr_g_b3 nbr_g_b4 nbr_g_b5 = nbr_f_contig nbr_f_b1 nbr_f_b2 nbr_f_b3 nbr_f_b4 nbr_f_b5), absorb(isocode y) robu
> st
(dropped 1 singleton observations)
Warning - collinearities detected
Vars dropped:       has_b5
(MWFE estimator converged in 5 iterations)

IV (2SLS) estimation
--------------------

Estimates efficient for homoskedasticity only
Statistics robust to heteroskedasticity

                                                      Number of obs =     4623
                                                      F( 13,  4402) =    27.41
                                                      Prob > F      =   0.0000
Total (centered) SS     =  833.4217532                Centered R2   =   0.0707
Total (uncentered) SS   =  833.4217532                Uncentered R2 =   0.0707
Residual SS             =  774.5380841                Root MSE      =    .4195

------------------------------------------------------------------------------
             |               Robust
  ln_co2_tot |      Coef.   Std. Err.      t    P>|t|     [95% Conf. Interval]
-------------+----------------------------------------------------------------
nbr_g_contig |    2.03722   .3777723     5.39   0.000     1.296597    2.777844
    nbr_g_b1 |  -.1352246    .415989    -0.33   0.745    -.9507724    .6803231
    nbr_g_b2 |  -1.061875   .9872802    -1.08   0.282    -2.997441     .873691
    nbr_g_b3 |  -1.901085   1.947743    -0.98   0.329    -5.719642    1.917471
    nbr_g_b4 |   3.173216    1.58375     2.00   0.045     .0682696    6.278161
    nbr_g_b5 |   -6.03183   3.100717    -1.95   0.052     -12.1108    .0471349
  feyrer_int |   .2916051   .2819873     1.03   0.301    -.2612319    .8444421
       lnpop |   .6950414   .1202714     5.78   0.000     .4592489    .9308338
   ln_sea_ma |  -.4618638   .4491239    -1.03   0.304    -1.342373    .4186449
  has_contig |  -.4281967   .3299782    -1.30   0.194     -1.07512    .2187266
      has_b1 |  -.2442249   .0812069    -3.01   0.003    -.4034313   -.0850186
      has_b2 |  -.3191761   .2322966    -1.37   0.170    -.7745944    .1362421
      has_b3 |  -.8526935    .846544    -1.01   0.314    -2.512346    .8069585
      has_b4 |          0  (omitted)
      has_b5 |          0  (omitted)
------------------------------------------------------------------------------
Underidentification test (Kleibergen-Paap rk LM statistic):             11.427
                                                   Chi-sq(1) P-val =    0.0007
------------------------------------------------------------------------------
Weak identification test (Cragg-Donald Wald F statistic):                2.701
                         (Kleibergen-Paap rk Wald F statistic):          1.808
Stock-Yogo weak ID test critical values:                       <not available>
------------------------------------------------------------------------------
Warning: estimated covariance matrix of moment conditions not of full rank.
         overidentification statistic not reported, and standard errors and
         model tests should be interpreted with caution.
Possible causes:
         singleton dummy variable (dummy with one 1 and N-1 0s or vice versa)
partial option may address problem.
------------------------------------------------------------------------------
Collinearities detected among instruments: 1 instrument(s) dropped
Instrumented:         nbr_g_contig nbr_g_b1 nbr_g_b2 nbr_g_b3 nbr_g_b4 nbr_g_b5
Included instruments: feyrer_int lnpop ln_sea_ma has_contig has_b1 has_b2
                      has_b3 has_b4
Excluded instruments: nbr_f_contig nbr_f_b1 nbr_f_b2 nbr_f_b3 nbr_f_b4 nbr_f_b5
Partialled-out:       _cons
                      nb: total SS, model F and R2s are after partialling-out;
                          any small-sample adjustments include partialled-out
                          variables in regressor count K
Dropped collinear:    has_b5
------------------------------------------------------------------------------

Absorbed degrees of freedom:
-----------------------------------------------------+
 Absorbed FE | Categories  - Redundant  = Num. Coefs |
-------------+---------------------------------------|
     isocode |       181           0         181     |
           y |        28           1          27     |
-----------------------------------------------------+

. if _rc == 0 {
.     foreach b in contig b1 b2 b3 b4 b5 {
  2.         postone B bands_joint_contig nbr_g_`b' e(widstat) .
  3.     }
SPL [B] bands_joint_contig nbr_g_contig: b =     2.037 (se    0.378)  KP F =     1.8  SWF =       .  N =    4623
SPL [B] bands_joint_contig nbr_g_b1: b =    -0.135 (se    0.416)  KP F =     1.8  SWF =       .  N =    4623
SPL [B] bands_joint_contig nbr_g_b2: b =    -1.062 (se    0.987)  KP F =     1.8  SWF =       .  N =    4623
SPL [B] bands_joint_contig nbr_g_b3: b =    -1.901 (se    1.948)  KP F =     1.8  SWF =       .  N =    4623
SPL [B] bands_joint_contig nbr_g_b4: b =     3.173 (se    1.584)  KP F =     1.8  SWF =       .  N =    4623
SPL [B] bands_joint_contig nbr_g_b5: b =    -6.032 (se    3.101)  KP F =     1.8  SWF =       .  N =    4623
. }

. * each band alone
. foreach b in contig b1 b2 b3 b4 b5 {
  2.     capture noisily ivreghdfe ln_co2_tot feyrer_int lnpop ln_sea_ma has_`b' (nbr_g_`b' = nbr_f_`b'), absorb(isocode y) robust
  3.     if _rc == 0 postone B band_single nbr_g_`b' e(widstat) .
  4. }
(dropped 1 singleton observations)
(MWFE estimator converged in 5 iterations)

IV (2SLS) estimation
--------------------

Estimates efficient for homoskedasticity only
Statistics robust to heteroskedasticity

                                                      Number of obs =     4623
                                                      F(  5,  4410) =    55.95
                                                      Prob > F      =   0.0000
Total (centered) SS     =  833.4217532                Centered R2   =   0.0675
Total (uncentered) SS   =  833.4217532                Uncentered R2 =   0.0675
Residual SS             =  777.1347188                Root MSE      =    .4198

------------------------------------------------------------------------------
             |               Robust
  ln_co2_tot |      Coef.   Std. Err.      t    P>|t|     [95% Conf. Interval]
-------------+----------------------------------------------------------------
nbr_g_contig |   2.051417   .2559878     8.01   0.000     1.549552    2.553282
  feyrer_int |   .4280611   .0609072     7.03   0.000     .3086524    .5474698
       lnpop |   .5935708   .1215409     4.88   0.000     .3552897    .8318519
   ln_sea_ma |  -.4352914   .4224178    -1.03   0.303    -1.263442    .3928595
  has_contig |   -.771856   .1153097    -6.69   0.000    -.9979209   -.5457912
------------------------------------------------------------------------------
Underidentification test (Kleibergen-Paap rk LM statistic):            389.260
                                                   Chi-sq(1) P-val =    0.0000
------------------------------------------------------------------------------
Weak identification test (Cragg-Donald Wald F statistic):              566.968
                         (Kleibergen-Paap rk Wald F statistic):       1456.393
Stock-Yogo weak ID test critical values: 10% maximal IV size             16.38
                                         15% maximal IV size              8.96
                                         20% maximal IV size              6.66
                                         25% maximal IV size              5.53
Source: Stock-Yogo (2005).  Reproduced by permission.
NB: Critical values are for Cragg-Donald F statistic and i.i.d. errors.
------------------------------------------------------------------------------
Hansen J statistic (overidentification test of all instruments):         0.000
                                                 (equation exactly identified)
------------------------------------------------------------------------------
Instrumented:         nbr_g_contig
Included instruments: feyrer_int lnpop ln_sea_ma has_contig
Excluded instruments: nbr_f_contig
Partialled-out:       _cons
                      nb: total SS, model F and R2s are after partialling-out;
                          any small-sample adjustments include partialled-out
                          variables in regressor count K
------------------------------------------------------------------------------

Absorbed degrees of freedom:
-----------------------------------------------------+
 Absorbed FE | Categories  - Redundant  = Num. Coefs |
-------------+---------------------------------------|
     isocode |       181           0         181     |
           y |        28           1          27     |
-----------------------------------------------------+
SPL [B] band_single nbr_g_contig: b =     2.051 (se    0.256)  KP F =  1456.4  SWF =       .  N =    4623
(dropped 1 singleton observations)
(MWFE estimator converged in 5 iterations)

IV (2SLS) estimation
--------------------

Estimates efficient for homoskedasticity only
Statistics robust to heteroskedasticity

                                                      Number of obs =     4623
                                                      F(  5,  4410) =    45.18
                                                      Prob > F      =   0.0000
Total (centered) SS     =  833.4217532                Centered R2   =   0.0555
Total (uncentered) SS   =  833.4217532                Uncentered R2 =   0.0555
Residual SS             =  787.1574432                Root MSE      =    .4225

------------------------------------------------------------------------------
             |               Robust
  ln_co2_tot |      Coef.   Std. Err.      t    P>|t|     [95% Conf. Interval]
-------------+----------------------------------------------------------------
    nbr_g_b1 |   .0871971    .365889     0.24   0.812     -.630129    .8045232
  feyrer_int |   .7144292   .0895954     7.97   0.000     .5387772    .8900811
       lnpop |   .6249142   .1234587     5.06   0.000     .3828731    .8669552
   ln_sea_ma |  -.7119636   .4114926    -1.73   0.084    -1.518696    .0947685
      has_b1 |  -.1391718   .0762524    -1.83   0.068    -.2886647    .0103212
------------------------------------------------------------------------------
Underidentification test (Kleibergen-Paap rk LM statistic):            458.316
                                                   Chi-sq(1) P-val =    0.0000
------------------------------------------------------------------------------
Weak identification test (Cragg-Donald Wald F statistic):              583.076
                         (Kleibergen-Paap rk Wald F statistic):        603.402
Stock-Yogo weak ID test critical values: 10% maximal IV size             16.38
                                         15% maximal IV size              8.96
                                         20% maximal IV size              6.66
                                         25% maximal IV size              5.53
Source: Stock-Yogo (2005).  Reproduced by permission.
NB: Critical values are for Cragg-Donald F statistic and i.i.d. errors.
------------------------------------------------------------------------------
Hansen J statistic (overidentification test of all instruments):         0.000
                                                 (equation exactly identified)
------------------------------------------------------------------------------
Instrumented:         nbr_g_b1
Included instruments: feyrer_int lnpop ln_sea_ma has_b1
Excluded instruments: nbr_f_b1
Partialled-out:       _cons
                      nb: total SS, model F and R2s are after partialling-out;
                          any small-sample adjustments include partialled-out
                          variables in regressor count K
------------------------------------------------------------------------------

Absorbed degrees of freedom:
-----------------------------------------------------+
 Absorbed FE | Categories  - Redundant  = Num. Coefs |
-------------+---------------------------------------|
     isocode |       181           0         181     |
           y |        28           1          27     |
-----------------------------------------------------+
SPL [B] band_single nbr_g_b1: b =     0.087 (se    0.366)  KP F =   603.4  SWF =       .  N =    4623
(dropped 1 singleton observations)
(MWFE estimator converged in 5 iterations)

IV (2SLS) estimation
--------------------

Estimates efficient for homoskedasticity only
Statistics robust to heteroskedasticity

                                                      Number of obs =     4623
                                                      F(  5,  4410) =    47.52
                                                      Prob > F      =   0.0000
Total (centered) SS     =  833.4217532                Centered R2   =   0.0544
Total (uncentered) SS   =  833.4217532                Uncentered R2 =   0.0544
Residual SS             =  788.1052168                Root MSE      =    .4227

------------------------------------------------------------------------------
             |               Robust
  ln_co2_tot |      Coef.   Std. Err.      t    P>|t|     [95% Conf. Interval]
-------------+----------------------------------------------------------------
    nbr_g_b2 |   -.114355   .4055528    -0.28   0.778    -.9094421    .6807322
  feyrer_int |   .7360534   .0814771     9.03   0.000     .5763174    .8957894
       lnpop |   .6221794   .1248623     4.98   0.000     .3773865    .8669722
   ln_sea_ma |  -.7053895   .4242772    -1.66   0.096    -1.537186    .1264069
      has_b2 |  -.2621597   .1126222    -2.33   0.020    -.4829558   -.0413636
------------------------------------------------------------------------------
Underidentification test (Kleibergen-Paap rk LM statistic):            210.218
                                                   Chi-sq(1) P-val =    0.0000
------------------------------------------------------------------------------
Weak identification test (Cragg-Donald Wald F statistic):              256.582
                         (Kleibergen-Paap rk Wald F statistic):        394.426
Stock-Yogo weak ID test critical values: 10% maximal IV size             16.38
                                         15% maximal IV size              8.96
                                         20% maximal IV size              6.66
                                         25% maximal IV size              5.53
Source: Stock-Yogo (2005).  Reproduced by permission.
NB: Critical values are for Cragg-Donald F statistic and i.i.d. errors.
------------------------------------------------------------------------------
Hansen J statistic (overidentification test of all instruments):         0.000
                                                 (equation exactly identified)
------------------------------------------------------------------------------
Instrumented:         nbr_g_b2
Included instruments: feyrer_int lnpop ln_sea_ma has_b2
Excluded instruments: nbr_f_b2
Partialled-out:       _cons
                      nb: total SS, model F and R2s are after partialling-out;
                          any small-sample adjustments include partialled-out
                          variables in regressor count K
------------------------------------------------------------------------------

Absorbed degrees of freedom:
-----------------------------------------------------+
 Absorbed FE | Categories  - Redundant  = Num. Coefs |
-------------+---------------------------------------|
     isocode |       181           0         181     |
           y |        28           1          27     |
-----------------------------------------------------+
SPL [B] band_single nbr_g_b2: b =    -0.114 (se    0.406)  KP F =   394.4  SWF =       .  N =    4623
(dropped 1 singleton observations)
(MWFE estimator converged in 5 iterations)

IV (2SLS) estimation
--------------------

Estimates efficient for homoskedasticity only
Statistics robust to heteroskedasticity

                                                      Number of obs =     4623
                                                      F(  5,  4410) =    48.12
                                                      Prob > F      =   0.0000
Total (centered) SS     =  833.4217532                Centered R2   =   0.0200
Total (uncentered) SS   =  833.4217532                Uncentered R2 =   0.0200
Residual SS             =  816.7935545                Root MSE      =    .4304

------------------------------------------------------------------------------
             |               Robust
  ln_co2_tot |      Coef.   Std. Err.      t    P>|t|     [95% Conf. Interval]
-------------+----------------------------------------------------------------
    nbr_g_b3 |   2.505924   .8017386     3.13   0.002      .934114    4.077734
  feyrer_int |   .3853361   .1300773     2.96   0.003     .1303193    .6403529
       lnpop |   .6681275   .1277625     5.23   0.000     .4176489    .9186061
   ln_sea_ma |  -.8376667   .4307931    -1.94   0.052    -1.682238    .0069041
      has_b3 |   .9725764   .3525234     2.76   0.006     .2814535    1.663699
------------------------------------------------------------------------------
Underidentification test (Kleibergen-Paap rk LM statistic):             49.709
                                                   Chi-sq(1) P-val =    0.0000
------------------------------------------------------------------------------
Weak identification test (Cragg-Donald Wald F statistic):               62.919
                         (Kleibergen-Paap rk Wald F statistic):        122.044
Stock-Yogo weak ID test critical values: 10% maximal IV size             16.38
                                         15% maximal IV size              8.96
                                         20% maximal IV size              6.66
                                         25% maximal IV size              5.53
Source: Stock-Yogo (2005).  Reproduced by permission.
NB: Critical values are for Cragg-Donald F statistic and i.i.d. errors.
------------------------------------------------------------------------------
Hansen J statistic (overidentification test of all instruments):         0.000
                                                 (equation exactly identified)
------------------------------------------------------------------------------
Instrumented:         nbr_g_b3
Included instruments: feyrer_int lnpop ln_sea_ma has_b3
Excluded instruments: nbr_f_b3
Partialled-out:       _cons
                      nb: total SS, model F and R2s are after partialling-out;
                          any small-sample adjustments include partialled-out
                          variables in regressor count K
------------------------------------------------------------------------------

Absorbed degrees of freedom:
-----------------------------------------------------+
 Absorbed FE | Categories  - Redundant  = Num. Coefs |
-------------+---------------------------------------|
     isocode |       181           0         181     |
           y |        28           1          27     |
-----------------------------------------------------+
SPL [B] band_single nbr_g_b3: b =     2.506 (se    0.802)  KP F =   122.0  SWF =       .  N =    4623
(dropped 1 singleton observations)
(MWFE estimator converged in 5 iterations)

IV (2SLS) estimation
--------------------

Estimates efficient for homoskedasticity only
Statistics robust to heteroskedasticity

                                                      Number of obs =     4623
                                                      F(  4,  4411) =    60.61
                                                      Prob > F      =   0.0000
Total (centered) SS     =  833.4217532                Centered R2   =   0.0791
Total (uncentered) SS   =  833.4217532                Uncentered R2 =   0.0791
Residual SS             =  767.5202006                Root MSE      =    .4171

------------------------------------------------------------------------------
             |               Robust
  ln_co2_tot |      Coef.   Std. Err.      t    P>|t|     [95% Conf. Interval]
-------------+----------------------------------------------------------------
    nbr_g_b4 |   3.060432   2.021693     1.51   0.130    -.9031006    7.023965
  feyrer_int |   .4162687   .2178568     1.91   0.056      -.01084    .8433774
       lnpop |   .7507901   .1411355     5.32   0.000     .4740937    1.027486
   ln_sea_ma |  -1.240228   .5305714    -2.34   0.019    -2.280414   -.2000415
      has_b4 |          0  (omitted)
------------------------------------------------------------------------------
Underidentification test (Kleibergen-Paap rk LM statistic):             36.313
                                                   Chi-sq(1) P-val =    0.0000
------------------------------------------------------------------------------
Weak identification test (Cragg-Donald Wald F statistic):               49.708
                         (Kleibergen-Paap rk Wald F statistic):         38.009
Stock-Yogo weak ID test critical values: 10% maximal IV size             16.38
                                         15% maximal IV size              8.96
                                         20% maximal IV size              6.66
                                         25% maximal IV size              5.53
Source: Stock-Yogo (2005).  Reproduced by permission.
NB: Critical values are for Cragg-Donald F statistic and i.i.d. errors.
------------------------------------------------------------------------------
Warning: estimated covariance matrix of moment conditions not of full rank.
         overidentification statistic not reported, and standard errors and
         model tests should be interpreted with caution.
Possible causes:
         singleton dummy variable (dummy with one 1 and N-1 0s or vice versa)
partial option may address problem.
------------------------------------------------------------------------------
Collinearities detected among instruments: 1 instrument(s) dropped
Instrumented:         nbr_g_b4
Included instruments: feyrer_int lnpop ln_sea_ma has_b4
Excluded instruments: nbr_f_b4
Partialled-out:       _cons
                      nb: total SS, model F and R2s are after partialling-out;
                          any small-sample adjustments include partialled-out
                          variables in regressor count K
------------------------------------------------------------------------------

Absorbed degrees of freedom:
-----------------------------------------------------+
 Absorbed FE | Categories  - Redundant  = Num. Coefs |
-------------+---------------------------------------|
     isocode |       181           0         181     |
           y |        28           1          27     |
-----------------------------------------------------+
SPL [B] band_single nbr_g_b4: b =     3.060 (se    2.022)  KP F =    38.0  SWF =       .  N =    4623
(dropped 1 singleton observations)
(MWFE estimator converged in 5 iterations)

IV (2SLS) estimation
--------------------

Estimates efficient for homoskedasticity only
Statistics robust to heteroskedasticity

                                                      Number of obs =     4623
                                                      F(  4,  4411) =    63.63
                                                      Prob > F      =   0.0000
Total (centered) SS     =  833.4217532                Centered R2   =   0.0860
Total (uncentered) SS   =  833.4217532                Uncentered R2 =   0.0860
Residual SS             =   761.732591                Root MSE      =    .4156

------------------------------------------------------------------------------
             |               Robust
  ln_co2_tot |      Coef.   Std. Err.      t    P>|t|     [95% Conf. Interval]
-------------+----------------------------------------------------------------
    nbr_g_b5 |  -6.999684   2.318665    -3.02   0.003    -11.54543   -2.453936
  feyrer_int |   .4275477   .0857903     4.98   0.000     .2593556    .5957398
       lnpop |   .7189107   .1182604     6.08   0.000      .487061    .9507605
   ln_sea_ma |  -.7394424   .4053702    -1.82   0.068    -1.534171    .0552866
      has_b5 |          0  (omitted)
------------------------------------------------------------------------------
Underidentification test (Kleibergen-Paap rk LM statistic):            444.779
                                                   Chi-sq(1) P-val =    0.0000
------------------------------------------------------------------------------
Weak identification test (Cragg-Donald Wald F statistic):              698.438
                         (Kleibergen-Paap rk Wald F statistic):        991.093
Stock-Yogo weak ID test critical values: 10% maximal IV size             16.38
                                         15% maximal IV size              8.96
                                         20% maximal IV size              6.66
                                         25% maximal IV size              5.53
Source: Stock-Yogo (2005).  Reproduced by permission.
NB: Critical values are for Cragg-Donald F statistic and i.i.d. errors.
------------------------------------------------------------------------------
Warning: estimated covariance matrix of moment conditions not of full rank.
         overidentification statistic not reported, and standard errors and
         model tests should be interpreted with caution.
Possible causes:
         singleton dummy variable (dummy with one 1 and N-1 0s or vice versa)
partial option may address problem.
------------------------------------------------------------------------------
Collinearities detected among instruments: 1 instrument(s) dropped
Instrumented:         nbr_g_b5
Included instruments: feyrer_int lnpop ln_sea_ma has_b5
Excluded instruments: nbr_f_b5
Partialled-out:       _cons
                      nb: total SS, model F and R2s are after partialling-out;
                          any small-sample adjustments include partialled-out
                          variables in regressor count K
------------------------------------------------------------------------------

Absorbed degrees of freedom:
-----------------------------------------------------+
 Absorbed FE | Categories  - Redundant  = Num. Coefs |
-------------+---------------------------------------|
     isocode |       181           0         181     |
           y |        28           1          27     |
-----------------------------------------------------+
SPL [B] band_single nbr_g_b5: b =    -7.000 (se    2.319)  KP F =   991.1  SWF =       .  N =    4623

. * kernel grid
. foreach lam in 250 500 1000 2000 5000 {
  2.     capture noisily ivreghdfe ln_co2_tot feyrer_int lnpop ln_sea_ma (nbr_g_k`lam' = nbr_f_k`lam'), absorb(isocode y) robust
  3.     if _rc == 0 {
  4.         postone B kernel nbr_g_k`lam' e(widstat) .
  5.         di "KERNEL lambda=`lam': rmse = " %8.4f e(rmse)
  6.         post $RH ("B") ("kernel_rmse") ("k`lam'") (e(rmse)) (.) (.) (e(widstat)) (.) (e(N))
  7.     }
  8. }
(dropped 1 singleton observations)
(MWFE estimator converged in 5 iterations)

IV (2SLS) estimation
--------------------

Estimates efficient for homoskedasticity only
Statistics robust to heteroskedasticity

                                                      Number of obs =     4623
                                                      F(  4,  4411) =    54.98
                                                      Prob > F      =   0.0000
Total (centered) SS     =  833.4217532                Centered R2   =  -0.0053
Total (uncentered) SS   =  833.4217532                Uncentered R2 =  -0.0053
Residual SS             =  837.8007583                Root MSE      =    .4358

------------------------------------------------------------------------------
             |               Robust
  ln_co2_tot |      Coef.   Std. Err.      t    P>|t|     [95% Conf. Interval]
-------------+----------------------------------------------------------------
  nbr_g_k250 |   2.218217   .6286234     3.53   0.000     .9857994    3.450634
  feyrer_int |   .3781636   .1133018     3.34   0.001     .1560352    .6002919
       lnpop |   .6020494   .1266306     4.75   0.000     .3537898     .850309
   ln_sea_ma |  -.5177133   .4169827    -1.24   0.214    -1.335209    .2997821
------------------------------------------------------------------------------
Underidentification test (Kleibergen-Paap rk LM statistic):             59.555
                                                   Chi-sq(1) P-val =    0.0000
------------------------------------------------------------------------------
Weak identification test (Cragg-Donald Wald F statistic):               91.652
                         (Kleibergen-Paap rk Wald F statistic):         62.225
Stock-Yogo weak ID test critical values: 10% maximal IV size             16.38
                                         15% maximal IV size              8.96
                                         20% maximal IV size              6.66
                                         25% maximal IV size              5.53
Source: Stock-Yogo (2005).  Reproduced by permission.
NB: Critical values are for Cragg-Donald F statistic and i.i.d. errors.
------------------------------------------------------------------------------
Hansen J statistic (overidentification test of all instruments):         0.000
                                                 (equation exactly identified)
------------------------------------------------------------------------------
Instrumented:         nbr_g_k250
Included instruments: feyrer_int lnpop ln_sea_ma
Excluded instruments: nbr_f_k250
Partialled-out:       _cons
                      nb: total SS, model F and R2s are after partialling-out;
                          any small-sample adjustments include partialled-out
                          variables in regressor count K
------------------------------------------------------------------------------

Absorbed degrees of freedom:
-----------------------------------------------------+
 Absorbed FE | Categories  - Redundant  = Num. Coefs |
-------------+---------------------------------------|
     isocode |       181           0         181     |
           y |        28           1          27     |
-----------------------------------------------------+
SPL [B] kernel nbr_g_k250: b =     2.218 (se    0.629)  KP F =    62.2  SWF =       .  N =    4623
KERNEL lambda=250: rmse =   0.4358
(dropped 1 singleton observations)
(MWFE estimator converged in 5 iterations)

IV (2SLS) estimation
--------------------

Estimates efficient for homoskedasticity only
Statistics robust to heteroskedasticity

                                                      Number of obs =     4623
                                                      F(  4,  4411) =    55.91
                                                      Prob > F      =   0.0000
Total (centered) SS     =  833.4217532                Centered R2   =   0.0011
Total (uncentered) SS   =  833.4217532                Uncentered R2 =   0.0011
Residual SS             =  832.5053113                Root MSE      =    .4344

------------------------------------------------------------------------------
             |               Robust
  ln_co2_tot |      Coef.   Std. Err.      t    P>|t|     [95% Conf. Interval]
-------------+----------------------------------------------------------------
  nbr_g_k500 |   3.181537   .7114871     4.47   0.000     1.786666    4.576409
  feyrer_int |   .2234822   .1229535     1.82   0.069    -.0175684    .4645328
       lnpop |   .5944364   .1244109     4.78   0.000     .3505286    .8383441
   ln_sea_ma |  -.5393131   .4165692    -1.29   0.196    -1.355998    .2773716
------------------------------------------------------------------------------
Underidentification test (Kleibergen-Paap rk LM statistic):             66.008
                                                   Chi-sq(1) P-val =    0.0000
------------------------------------------------------------------------------
Weak identification test (Cragg-Donald Wald F statistic):              152.923
                         (Kleibergen-Paap rk Wald F statistic):         82.987
Stock-Yogo weak ID test critical values: 10% maximal IV size             16.38
                                         15% maximal IV size              8.96
                                         20% maximal IV size              6.66
                                         25% maximal IV size              5.53
Source: Stock-Yogo (2005).  Reproduced by permission.
NB: Critical values are for Cragg-Donald F statistic and i.i.d. errors.
------------------------------------------------------------------------------
Hansen J statistic (overidentification test of all instruments):         0.000
                                                 (equation exactly identified)
------------------------------------------------------------------------------
Instrumented:         nbr_g_k500
Included instruments: feyrer_int lnpop ln_sea_ma
Excluded instruments: nbr_f_k500
Partialled-out:       _cons
                      nb: total SS, model F and R2s are after partialling-out;
                          any small-sample adjustments include partialled-out
                          variables in regressor count K
------------------------------------------------------------------------------

Absorbed degrees of freedom:
-----------------------------------------------------+
 Absorbed FE | Categories  - Redundant  = Num. Coefs |
-------------+---------------------------------------|
     isocode |       181           0         181     |
           y |        28           1          27     |
-----------------------------------------------------+
SPL [B] kernel nbr_g_k500: b =     3.182 (se    0.711)  KP F =    83.0  SWF =       .  N =    4623
KERNEL lambda=500: rmse =   0.4344
(dropped 1 singleton observations)
(MWFE estimator converged in 5 iterations)

IV (2SLS) estimation
--------------------

Estimates efficient for homoskedasticity only
Statistics robust to heteroskedasticity

                                                      Number of obs =     4623
                                                      F(  4,  4411) =    58.46
                                                      Prob > F      =   0.0000
Total (centered) SS     =  833.4217532                Centered R2   =   0.0415
Total (uncentered) SS   =  833.4217532                Uncentered R2 =   0.0415
Residual SS             =   798.839084                Root MSE      =    .4256

------------------------------------------------------------------------------
             |               Robust
  ln_co2_tot |      Coef.   Std. Err.      t    P>|t|     [95% Conf. Interval]
-------------+----------------------------------------------------------------
 nbr_g_k1000 |   4.752104   1.019279     4.66   0.000     2.753807    6.750402
  feyrer_int |   .0214703    .157172     0.14   0.891    -.2866657    .3296063
       lnpop |   .6297446    .121951     5.16   0.000     .3906595    .8688298
   ln_sea_ma |  -.8781577   .4128816    -2.13   0.033    -1.687613   -.0687025
------------------------------------------------------------------------------
Underidentification test (Kleibergen-Paap rk LM statistic):             74.998
                                                   Chi-sq(1) P-val =    0.0000
------------------------------------------------------------------------------
Weak identification test (Cragg-Donald Wald F statistic):              158.492
                         (Kleibergen-Paap rk Wald F statistic):        116.912
Stock-Yogo weak ID test critical values: 10% maximal IV size             16.38
                                         15% maximal IV size              8.96
                                         20% maximal IV size              6.66
                                         25% maximal IV size              5.53
Source: Stock-Yogo (2005).  Reproduced by permission.
NB: Critical values are for Cragg-Donald F statistic and i.i.d. errors.
------------------------------------------------------------------------------
Hansen J statistic (overidentification test of all instruments):         0.000
                                                 (equation exactly identified)
------------------------------------------------------------------------------
Instrumented:         nbr_g_k1000
Included instruments: feyrer_int lnpop ln_sea_ma
Excluded instruments: nbr_f_k1000
Partialled-out:       _cons
                      nb: total SS, model F and R2s are after partialling-out;
                          any small-sample adjustments include partialled-out
                          variables in regressor count K
------------------------------------------------------------------------------

Absorbed degrees of freedom:
-----------------------------------------------------+
 Absorbed FE | Categories  - Redundant  = Num. Coefs |
-------------+---------------------------------------|
     isocode |       181           0         181     |
           y |        28           1          27     |
-----------------------------------------------------+
SPL [B] kernel nbr_g_k1000: b =     4.752 (se    1.019)  KP F =   116.9  SWF =       .  N =    4623
KERNEL lambda=1000: rmse =   0.4256
(dropped 1 singleton observations)
(MWFE estimator converged in 5 iterations)

IV (2SLS) estimation
--------------------

Estimates efficient for homoskedasticity only
Statistics robust to heteroskedasticity

                                                      Number of obs =     4623
                                                      F(  4,  4411) =    59.55
                                                      Prob > F      =   0.0000
Total (centered) SS     =  833.4217532                Centered R2   =   0.0777
Total (uncentered) SS   =  833.4217532                Uncentered R2 =   0.0777
Residual SS             =  768.6894357                Root MSE      =    .4175

------------------------------------------------------------------------------
             |               Robust
  ln_co2_tot |      Coef.   Std. Err.      t    P>|t|     [95% Conf. Interval]
-------------+----------------------------------------------------------------
 nbr_g_k2000 |   5.070934    1.63566     3.10   0.002      1.86422    8.277648
  feyrer_int |   .1500806   .1919857     0.78   0.434    -.2263078     .526469
       lnpop |   .6815816   .1214598     5.61   0.000     .4434595    .9197036
   ln_sea_ma |  -1.190248    .430806    -2.76   0.006    -2.034844    -.345652
------------------------------------------------------------------------------
Underidentification test (Kleibergen-Paap rk LM statistic):             75.133
                                                   Chi-sq(1) P-val =    0.0000
------------------------------------------------------------------------------
Weak identification test (Cragg-Donald Wald F statistic):              113.821
                         (Kleibergen-Paap rk Wald F statistic):        104.357
Stock-Yogo weak ID test critical values: 10% maximal IV size             16.38
                                         15% maximal IV size              8.96
                                         20% maximal IV size              6.66
                                         25% maximal IV size              5.53
Source: Stock-Yogo (2005).  Reproduced by permission.
NB: Critical values are for Cragg-Donald F statistic and i.i.d. errors.
------------------------------------------------------------------------------
Hansen J statistic (overidentification test of all instruments):         0.000
                                                 (equation exactly identified)
------------------------------------------------------------------------------
Instrumented:         nbr_g_k2000
Included instruments: feyrer_int lnpop ln_sea_ma
Excluded instruments: nbr_f_k2000
Partialled-out:       _cons
                      nb: total SS, model F and R2s are after partialling-out;
                          any small-sample adjustments include partialled-out
                          variables in regressor count K
------------------------------------------------------------------------------

Absorbed degrees of freedom:
-----------------------------------------------------+
 Absorbed FE | Categories  - Redundant  = Num. Coefs |
-------------+---------------------------------------|
     isocode |       181           0         181     |
           y |        28           1          27     |
-----------------------------------------------------+
SPL [B] kernel nbr_g_k2000: b =     5.071 (se    1.636)  KP F =   104.4  SWF =       .  N =    4623
KERNEL lambda=2000: rmse =   0.4175
(dropped 1 singleton observations)
(MWFE estimator converged in 5 iterations)

IV (2SLS) estimation
--------------------

Estimates efficient for homoskedasticity only
Statistics robust to heteroskedasticity

                                                      Number of obs =     4623
                                                      F(  4,  4411) =    57.98
                                                      Prob > F      =   0.0000
Total (centered) SS     =  833.4217532                Centered R2   =   0.0767
Total (uncentered) SS   =  833.4217532                Uncentered R2 =   0.0767
Residual SS             =  769.5060239                Root MSE      =    .4177

------------------------------------------------------------------------------
             |               Robust
  ln_co2_tot |      Coef.   Std. Err.      t    P>|t|     [95% Conf. Interval]
-------------+----------------------------------------------------------------
 nbr_g_k5000 |   6.183995   3.021726     2.05   0.041     .2598953    12.10809
  feyrer_int |   .3910243   .1682796     2.32   0.020     .0611118    .7209368
       lnpop |   .6891218   .1234754     5.58   0.000      .447048    .9311956
   ln_sea_ma |   -1.14168   .4434649    -2.57   0.010    -2.011094   -.2722665
------------------------------------------------------------------------------
Underidentification test (Kleibergen-Paap rk LM statistic):            108.426
                                                   Chi-sq(1) P-val =    0.0000
------------------------------------------------------------------------------
Weak identification test (Cragg-Donald Wald F statistic):              149.531
                         (Kleibergen-Paap rk Wald F statistic):        140.410
Stock-Yogo weak ID test critical values: 10% maximal IV size             16.38
                                         15% maximal IV size              8.96
                                         20% maximal IV size              6.66
                                         25% maximal IV size              5.53
Source: Stock-Yogo (2005).  Reproduced by permission.
NB: Critical values are for Cragg-Donald F statistic and i.i.d. errors.
------------------------------------------------------------------------------
Hansen J statistic (overidentification test of all instruments):         0.000
                                                 (equation exactly identified)
------------------------------------------------------------------------------
Instrumented:         nbr_g_k5000
Included instruments: feyrer_int lnpop ln_sea_ma
Excluded instruments: nbr_f_k5000
Partialled-out:       _cons
                      nb: total SS, model F and R2s are after partialling-out;
                          any small-sample adjustments include partialled-out
                          variables in regressor count K
------------------------------------------------------------------------------

Absorbed degrees of freedom:
-----------------------------------------------------+
 Absorbed FE | Categories  - Redundant  = Num. Coefs |
-------------+---------------------------------------|
     isocode |       181           0         181     |
           y |        28           1          27     |
-----------------------------------------------------+
SPL [B] kernel nbr_g_k5000: b =     6.184 (se    3.022)  KP F =   140.4  SWF =       .  N =    4623
KERNEL lambda=5000: rmse =   0.4177

. 
. * =====================================================================
. * C) regional spillovers
. * =====================================================================
. di _n "===== C) regional ====="

===== C) regional =====

. capture noisily ivreghdfe ln_co2_tot feyrer_int lnpop ln_sea_ma has_inreg (nbr_g_inreg nbr_g_outreg = nbr_f_inreg nbr_f_outreg), absorb(isocode y) robust
(dropped 1 singleton observations)
(MWFE estimator converged in 5 iterations)

IV (2SLS) estimation
--------------------

Estimates efficient for homoskedasticity only
Statistics robust to heteroskedasticity

                                                      Number of obs =     4623
                                                      F(  6,  4409) =    33.32
                                                      Prob > F      =   0.0000
Total (centered) SS     =  833.4217532                Centered R2   =  -0.1034
Total (uncentered) SS   =  833.4217532                Uncentered R2 =  -0.1034
Residual SS             =  919.6117238                Root MSE      =    .4567

------------------------------------------------------------------------------
             |               Robust
  ln_co2_tot |      Coef.   Std. Err.      t    P>|t|     [95% Conf. Interval]
-------------+----------------------------------------------------------------
 nbr_g_inreg |   4.188499   3.533337     1.19   0.236    -2.738616    11.11561
nbr_g_outreg |   8.226182   8.171771     1.01   0.314    -7.794593    24.24696
  feyrer_int |  -.1891787   .3362548    -0.56   0.574    -.8484069    .4700496
       lnpop |   .7058708   .3870119     1.82   0.068    -.0528669    1.464609
   ln_sea_ma |  -.7641906   1.236002    -0.62   0.536    -3.187375    1.658994
   has_inreg |   1.191989   1.209846     0.99   0.325    -1.179917    3.563895
------------------------------------------------------------------------------
Underidentification test (Kleibergen-Paap rk LM statistic):             14.240
                                                   Chi-sq(1) P-val =    0.0002
------------------------------------------------------------------------------
Weak identification test (Cragg-Donald Wald F statistic):                2.348
                         (Kleibergen-Paap rk Wald F statistic):          0.830
Stock-Yogo weak ID test critical values: 10% maximal IV size              7.03
                                         15% maximal IV size              4.58
                                         20% maximal IV size              3.95
                                         25% maximal IV size              3.63
Source: Stock-Yogo (2005).  Reproduced by permission.
NB: Critical values are for Cragg-Donald F statistic and i.i.d. errors.
------------------------------------------------------------------------------
Hansen J statistic (overidentification test of all instruments):         0.000
                                                 (equation exactly identified)
------------------------------------------------------------------------------
Instrumented:         nbr_g_inreg nbr_g_outreg
Included instruments: feyrer_int lnpop ln_sea_ma has_inreg
Excluded instruments: nbr_f_inreg nbr_f_outreg
Partialled-out:       _cons
                      nb: total SS, model F and R2s are after partialling-out;
                          any small-sample adjustments include partialled-out
                          variables in regressor count K
------------------------------------------------------------------------------

Absorbed degrees of freedom:
-----------------------------------------------------+
 Absorbed FE | Categories  - Redundant  = Num. Coefs |
-------------+---------------------------------------|
     isocode |       181           0         181     |
           y |        28           1          27     |
-----------------------------------------------------+

. if _rc == 0 {
.     postone C subregion_inout nbr_g_inreg e(widstat) .
SPL [C] subregion_inout nbr_g_inreg: b =     4.188 (se    3.533)  KP F =     0.8  SWF =       .  N =    4623
.     postone C subregion_inout nbr_g_outreg e(widstat) .
SPL [C] subregion_inout nbr_g_outreg: b =     8.226 (se    8.172)  KP F =     0.8  SWF =       .  N =    4623
. }

. capture noisily ivreghdfe ln_co2_tot feyrer_int lnpop ln_sea_ma has_inbloc (nbr_g_inbloc nbr_g_outbloc = nbr_f_inbloc nbr_f_outbloc), absorb(isocode y) robust
(dropped 1 singleton observations)
(MWFE estimator converged in 5 iterations)

IV (2SLS) estimation
--------------------

Estimates efficient for homoskedasticity only
Statistics robust to heteroskedasticity

                                                      Number of obs =     4623
                                                      F(  5,  4410) =    60.36
                                                      Prob > F      =   0.0000
Total (centered) SS     =  833.4217532                Centered R2   =   0.0274
Total (uncentered) SS   =  833.4217532                Uncentered R2 =   0.0274
Residual SS             =  810.5584293                Root MSE      =    .4287

-------------------------------------------------------------------------------
              |               Robust
   ln_co2_tot |      Coef.   Std. Err.      t    P>|t|     [95% Conf. Interval]
--------------+----------------------------------------------------------------
 nbr_g_inbloc |   2.349098   .3190909     7.36   0.000      1.72352    2.974677
nbr_g_outbloc |   13.62424   2.170731     6.28   0.000     9.368519    17.87996
   feyrer_int |  -.0692482   .1023259    -0.68   0.499    -.2698583    .1313619
        lnpop |   .7172634   .1121555     6.40   0.000     .4973822    .9371446
    ln_sea_ma |  -1.548119   .4178922    -3.70   0.000    -2.367397   -.7288402
   has_inbloc |          0  (omitted)
-------------------------------------------------------------------------------
Underidentification test (Kleibergen-Paap rk LM statistic):            167.669
                                                   Chi-sq(1) P-val =    0.0000
------------------------------------------------------------------------------
Weak identification test (Cragg-Donald Wald F statistic):              152.286
                         (Kleibergen-Paap rk Wald F statistic):        107.308
Stock-Yogo weak ID test critical values: 10% maximal IV size              7.03
                                         15% maximal IV size              4.58
                                         20% maximal IV size              3.95
                                         25% maximal IV size              3.63
Source: Stock-Yogo (2005).  Reproduced by permission.
NB: Critical values are for Cragg-Donald F statistic and i.i.d. errors.
------------------------------------------------------------------------------
Warning: estimated covariance matrix of moment conditions not of full rank.
         overidentification statistic not reported, and standard errors and
         model tests should be interpreted with caution.
Possible causes:
         singleton dummy variable (dummy with one 1 and N-1 0s or vice versa)
partial option may address problem.
------------------------------------------------------------------------------
Collinearities detected among instruments: 1 instrument(s) dropped
Instrumented:         nbr_g_inbloc nbr_g_outbloc
Included instruments: feyrer_int lnpop ln_sea_ma has_inbloc
Excluded instruments: nbr_f_inbloc nbr_f_outbloc
Partialled-out:       _cons
                      nb: total SS, model F and R2s are after partialling-out;
                          any small-sample adjustments include partialled-out
                          variables in regressor count K
------------------------------------------------------------------------------

Absorbed degrees of freedom:
-----------------------------------------------------+
 Absorbed FE | Categories  - Redundant  = Num. Coefs |
-------------+---------------------------------------|
     isocode |       181           0         181     |
           y |        28           1          27     |
-----------------------------------------------------+

. if _rc == 0 {
.     postone C bloc_inout nbr_g_inbloc e(widstat) .
SPL [C] bloc_inout nbr_g_inbloc: b =     2.349 (se    0.319)  KP F =   107.3  SWF =       .  N =    4623
.     postone C bloc_inout nbr_g_outbloc e(widstat) .
SPL [C] bloc_inout nbr_g_outbloc: b =    13.624 (se    2.171)  KP F =   107.3  SWF =       .  N =    4623
. }

. * region-by-year fixed effects (UN sub-region x year)
. capture noisily ivreghdfe ln_co2_tot feyrer_int lnpop ln_sea_ma (nbr_g_inv = nbr_f_inv), absorb(isocode sry) robust
(dropped 3 singleton observations)
(MWFE estimator converged in 8 iterations)

IV (2SLS) estimation
--------------------

Estimates efficient for homoskedasticity only
Statistics robust to heteroskedasticity

                                                      Number of obs =     4621
                                                      F(  4,  3844) =    10.17
                                                      Prob > F      =   0.0000
Total (centered) SS     =  668.8047673                Centered R2   =  -0.1214
Total (uncentered) SS   =  668.8047673                Uncentered R2 =  -0.1214
Residual SS             =  750.0266201                Root MSE      =    .4417

------------------------------------------------------------------------------
             |               Robust
  ln_co2_tot |      Coef.   Std. Err.      t    P>|t|     [95% Conf. Interval]
-------------+----------------------------------------------------------------
   nbr_g_inv |   16.54499   3.809921     4.34   0.000     9.075325    24.01464
  feyrer_int |  -.2230888   .1884587    -1.18   0.237    -.5925774    .1463999
       lnpop |   .8128336   .1705752     4.77   0.000      .478407     1.14726
   ln_sea_ma |  -2.335614   .8099438    -2.88   0.004    -3.923575   -.7476532
------------------------------------------------------------------------------
Underidentification test (Kleibergen-Paap rk LM statistic):            130.101
                                                   Chi-sq(1) P-val =    0.0000
------------------------------------------------------------------------------
Weak identification test (Cragg-Donald Wald F statistic):              175.754
                         (Kleibergen-Paap rk Wald F statistic):        167.165
Stock-Yogo weak ID test critical values: 10% maximal IV size             16.38
                                         15% maximal IV size              8.96
                                         20% maximal IV size              6.66
                                         25% maximal IV size              5.53
Source: Stock-Yogo (2005).  Reproduced by permission.
NB: Critical values are for Cragg-Donald F statistic and i.i.d. errors.
------------------------------------------------------------------------------
Hansen J statistic (overidentification test of all instruments):         0.000
                                                 (equation exactly identified)
------------------------------------------------------------------------------
Instrumented:         nbr_g_inv
Included instruments: feyrer_int lnpop ln_sea_ma
Excluded instruments: nbr_f_inv
Partialled-out:       _cons
                      nb: total SS, model F and R2s are after partialling-out;
                          any small-sample adjustments include partialled-out
                          variables in regressor count K
------------------------------------------------------------------------------

Absorbed degrees of freedom:
-----------------------------------------------------+
 Absorbed FE | Categories  - Redundant  = Num. Coefs |
-------------+---------------------------------------|
     isocode |       181           0         181     |
         sry |       614          22         592     |
-----------------------------------------------------+

. if _rc == 0 postone C regionXyear_inv nbr_g_inv e(widstat) .
SPL [C] regionXyear_inv nbr_g_inv: b =    16.545 (se    3.810)  KP F =   167.2  SWF =       .  N =    4621

. capture noisily ivreghdfe ln_co2_tot feyrer_int lnpop ln_sea_ma has_contig (nbr_g_contig = nbr_f_contig), absorb(isocode sry) robust
(dropped 3 singleton observations)
(MWFE estimator converged in 8 iterations)

IV (2SLS) estimation
--------------------

Estimates efficient for homoskedasticity only
Statistics robust to heteroskedasticity

                                                      Number of obs =     4621
                                                      F(  5,  3843) =    24.95
                                                      Prob > F      =   0.0000
Total (centered) SS     =  668.8047673                Centered R2   =  -0.0084
Total (uncentered) SS   =  668.8047673                Uncentered R2 =  -0.0084
Residual SS             =   674.405911                Root MSE      =    .4189

------------------------------------------------------------------------------
             |               Robust
  ln_co2_tot |      Coef.   Std. Err.      t    P>|t|     [95% Conf. Interval]
-------------+----------------------------------------------------------------
nbr_g_contig |    2.07294   .2844094     7.29   0.000     1.515333    2.630548
  feyrer_int |   .1677395   .1519225     1.10   0.270     -.130117    .4655959
       lnpop |   .7164662   .1557107     4.60   0.000     .4111826     1.02175
   ln_sea_ma |    -1.6863   .7180046    -2.35   0.019    -3.094007   -.2785939
  has_contig |  -.7599833   .1410764    -5.39   0.000    -1.036575   -.4833916
------------------------------------------------------------------------------
Underidentification test (Kleibergen-Paap rk LM statistic):            246.335
                                                   Chi-sq(1) P-val =    0.0000
------------------------------------------------------------------------------
Weak identification test (Cragg-Donald Wald F statistic):              713.803
                         (Kleibergen-Paap rk Wald F statistic):        651.785
Stock-Yogo weak ID test critical values: 10% maximal IV size             16.38
                                         15% maximal IV size              8.96
                                         20% maximal IV size              6.66
                                         25% maximal IV size              5.53
Source: Stock-Yogo (2005).  Reproduced by permission.
NB: Critical values are for Cragg-Donald F statistic and i.i.d. errors.
------------------------------------------------------------------------------
Hansen J statistic (overidentification test of all instruments):         0.000
                                                 (equation exactly identified)
------------------------------------------------------------------------------
Instrumented:         nbr_g_contig
Included instruments: feyrer_int lnpop ln_sea_ma has_contig
Excluded instruments: nbr_f_contig
Partialled-out:       _cons
                      nb: total SS, model F and R2s are after partialling-out;
                          any small-sample adjustments include partialled-out
                          variables in regressor count K
------------------------------------------------------------------------------

Absorbed degrees of freedom:
-----------------------------------------------------+
 Absorbed FE | Categories  - Redundant  = Num. Coefs |
-------------+---------------------------------------|
     isocode |       181           0         181     |
         sry |       614          22         592     |
-----------------------------------------------------+

. if _rc == 0 postone C regionXyear_contig nbr_g_contig e(widstat) .
SPL [C] regionXyear_contig nbr_g_contig: b =     2.073 (se    0.284)  KP F =   651.8  SWF =       .  N =    4621

. capture noisily ivreghdfe ln_co2_tot feyrer_int lnpop ln_sea_ma has_b1 has_b2 has_b3 has_b4 has_b5 (nbr_g_b1 nbr_g_b2 nbr_g_b3 nbr_g_b4 nbr_g_b5 = nbr_f_b1 nbr_f_b2 nbr_f_b3 nbr_f_b4 nbr_f_b5), absorb(isocode sry) robust
(dropped 3 singleton observations)
Warning - collinearities detected
Vars dropped:       has_b5
(MWFE estimator converged in 8 iterations)

IV (2SLS) estimation
--------------------

Estimates efficient for homoskedasticity only
Statistics robust to heteroskedasticity

                                                      Number of obs =     4621
                                                      F( 11,  3837) =    11.16
                                                      Prob > F      =   0.0000
Total (centered) SS     =  668.8047673                Centered R2   =  -0.0120
Total (uncentered) SS   =  668.8047673                Uncentered R2 =  -0.0120
Residual SS             =  676.7995668                Root MSE      =      .42

------------------------------------------------------------------------------
             |               Robust
  ln_co2_tot |      Coef.   Std. Err.      t    P>|t|     [95% Conf. Interval]
-------------+----------------------------------------------------------------
    nbr_g_b1 |   .8484792   .5986901     1.42   0.156     -.325302    2.022261
    nbr_g_b2 |  -.1439269   .5754757    -0.25   0.803    -1.272194    .9843407
    nbr_g_b3 |   1.844134   1.086237     1.70   0.090    -.2855224    3.973791
    nbr_g_b4 |   4.421966      2.214     2.00   0.046     .0812357    8.762696
    nbr_g_b5 |   2.553695   5.694322     0.45   0.654    -8.610493    13.71788
  feyrer_int |    -.26613   .2224997    -1.20   0.232     -.702359     .170099
       lnpop |     .77205   .1551198     4.98   0.000     .4679249    1.076175
   ln_sea_ma |  -1.710292   .7735085    -2.21   0.027    -3.226819   -.1937649
      has_b1 |  -.0564793   .0818181    -0.69   0.490    -.2168903    .1039318
      has_b2 |  -.4356891   .1640841    -2.66   0.008    -.7573895   -.1139886
      has_b3 |    .558009    .595875     0.94   0.349    -.6102529    1.726271
      has_b4 |          0  (omitted)
      has_b5 |          0  (omitted)
------------------------------------------------------------------------------
Underidentification test (Kleibergen-Paap rk LM statistic):             16.791
                                                   Chi-sq(1) P-val =    0.0000
------------------------------------------------------------------------------
Weak identification test (Cragg-Donald Wald F statistic):                6.284
                         (Kleibergen-Paap rk Wald F statistic):          3.242
Stock-Yogo weak ID test critical values:                       <not available>
------------------------------------------------------------------------------
Warning: estimated covariance matrix of moment conditions not of full rank.
         overidentification statistic not reported, and standard errors and
         model tests should be interpreted with caution.
Possible causes:
         singleton dummy variable (dummy with one 1 and N-1 0s or vice versa)
partial option may address problem.
------------------------------------------------------------------------------
Collinearities detected among instruments: 1 instrument(s) dropped
Instrumented:         nbr_g_b1 nbr_g_b2 nbr_g_b3 nbr_g_b4 nbr_g_b5
Included instruments: feyrer_int lnpop ln_sea_ma has_b1 has_b2 has_b3 has_b4
Excluded instruments: nbr_f_b1 nbr_f_b2 nbr_f_b3 nbr_f_b4 nbr_f_b5
Partialled-out:       _cons
                      nb: total SS, model F and R2s are after partialling-out;
                          any small-sample adjustments include partialled-out
                          variables in regressor count K
Dropped collinear:    has_b5
------------------------------------------------------------------------------

Absorbed degrees of freedom:
-----------------------------------------------------+
 Absorbed FE | Categories  - Redundant  = Num. Coefs |
-------------+---------------------------------------|
     isocode |       181           0         181     |
         sry |       614          22         592     |
-----------------------------------------------------+

. if _rc == 0 {
.     foreach b in b1 b2 b3 b4 b5 {
  2.         postone C regionXyear_bands nbr_g_`b' e(widstat) .
  3.     }
SPL [C] regionXyear_bands nbr_g_b1: b =     0.848 (se    0.599)  KP F =     3.2  SWF =       .  N =    4621
SPL [C] regionXyear_bands nbr_g_b2: b =    -0.144 (se    0.575)  KP F =     3.2  SWF =       .  N =    4621
SPL [C] regionXyear_bands nbr_g_b3: b =     1.844 (se    1.086)  KP F =     3.2  SWF =       .  N =    4621
SPL [C] regionXyear_bands nbr_g_b4: b =     4.422 (se    2.214)  KP F =     3.2  SWF =       .  N =    4621
SPL [C] regionXyear_bands nbr_g_b5: b =     2.554 (se    5.694)  KP F =     3.2  SWF =       .  N =    4621
. }

. capture noisily ivreghdfe ln_co2_tot feyrer_int lnpop ln_sea_ma (nbr_g_k500 = nbr_f_k500), absorb(isocode sry) robust
(dropped 3 singleton observations)
(MWFE estimator converged in 8 iterations)

IV (2SLS) estimation
--------------------

Estimates efficient for homoskedasticity only
Statistics robust to heteroskedasticity

                                                      Number of obs =     4621
                                                      F(  4,  3844) =    10.30
                                                      Prob > F      =   0.0000
Total (centered) SS     =  668.8047673                Centered R2   =  -0.1032
Total (uncentered) SS   =  668.8047673                Uncentered R2 =  -0.1032
Residual SS             =  737.8000499                Root MSE      =    .4381

------------------------------------------------------------------------------
             |               Robust
  ln_co2_tot |      Coef.   Std. Err.      t    P>|t|     [95% Conf. Interval]
-------------+----------------------------------------------------------------
  nbr_g_k500 |   3.493841   1.074273     3.25   0.001     1.387641    5.600041
  feyrer_int |   .0001915   .1921374     0.00   0.999    -.3765095    .3768925
       lnpop |   .8258679   .1603874     5.15   0.000     .5114154     1.14032
   ln_sea_ma |  -2.256463   .7921361    -2.85   0.004     -3.80951   -.7034155
------------------------------------------------------------------------------
Underidentification test (Kleibergen-Paap rk LM statistic):             65.784
                                                   Chi-sq(1) P-val =    0.0000
------------------------------------------------------------------------------
Weak identification test (Cragg-Donald Wald F statistic):              122.480
                         (Kleibergen-Paap rk Wald F statistic):         76.018
Stock-Yogo weak ID test critical values: 10% maximal IV size             16.38
                                         15% maximal IV size              8.96
                                         20% maximal IV size              6.66
                                         25% maximal IV size              5.53
Source: Stock-Yogo (2005).  Reproduced by permission.
NB: Critical values are for Cragg-Donald F statistic and i.i.d. errors.
------------------------------------------------------------------------------
Hansen J statistic (overidentification test of all instruments):         0.000
                                                 (equation exactly identified)
------------------------------------------------------------------------------
Instrumented:         nbr_g_k500
Included instruments: feyrer_int lnpop ln_sea_ma
Excluded instruments: nbr_f_k500
Partialled-out:       _cons
                      nb: total SS, model F and R2s are after partialling-out;
                          any small-sample adjustments include partialled-out
                          variables in regressor count K
------------------------------------------------------------------------------

Absorbed degrees of freedom:
-----------------------------------------------------+
 Absorbed FE | Categories  - Redundant  = Num. Coefs |
-------------+---------------------------------------|
     isocode |       181           0         181     |
         sry |       614          22         592     |
-----------------------------------------------------+

. if _rc == 0 postone C regionXyear_k500 nbr_g_k500 e(widstat) .
SPL [C] regionXyear_k500 nbr_g_k500: b =     3.494 (se    1.074)  KP F =    76.0  SWF =       .  N =    4621

. * heterogeneity by receiving region (UN region) and by baseline international share
. levelsof unregion, local(regs)
`"Africa"' `"Americas"' `"Asia"' `"Europe"' `"Oceania"'

. foreach r of local regs {
  2.     capture noisily ivreghdfe ln_co2_tot feyrer_int lnpop ln_sea_ma (nbr_g_inv = nbr_f_inv) if unregion == "`r'", absorb(isocode y) robust
  3.     if _rc == 0 postone C het_`r' nbr_g_inv e(widstat) .
  4. }
(MWFE estimator converged in 5 iterations)

IV (2SLS) estimation
--------------------

Estimates efficient for homoskedasticity only
Statistics robust to heteroskedasticity

                                                      Number of obs =     1219
                                                      F(  4,  1140) =    20.12
                                                      Prob > F      =   0.0000
Total (centered) SS     =  126.3928853                Centered R2   =   0.0520
Total (uncentered) SS   =  126.3928853                Uncentered R2 =   0.0520
Residual SS             =  119.8174043                Root MSE      =    .3242

------------------------------------------------------------------------------
             |               Robust
  ln_co2_tot |      Coef.   Std. Err.      t    P>|t|     [95% Conf. Interval]
-------------+----------------------------------------------------------------
   nbr_g_inv |   2.936146   10.51762     0.28   0.780    -17.69992    23.57221
  feyrer_int |   .8271734   1.111256     0.74   0.457    -1.353163     3.00751
       lnpop |   .8982368   .2429621     3.70   0.000     .4215337     1.37494
   ln_sea_ma |   .3636116   .6905554     0.53   0.599    -.9912907    1.718514
------------------------------------------------------------------------------
Underidentification test (Kleibergen-Paap rk LM statistic):             19.641
                                                   Chi-sq(1) P-val =    0.0000
------------------------------------------------------------------------------
Weak identification test (Cragg-Donald Wald F statistic):               21.847
                         (Kleibergen-Paap rk Wald F statistic):         22.280
Stock-Yogo weak ID test critical values: 10% maximal IV size             16.38
                                         15% maximal IV size              8.96
                                         20% maximal IV size              6.66
                                         25% maximal IV size              5.53
Source: Stock-Yogo (2005).  Reproduced by permission.
NB: Critical values are for Cragg-Donald F statistic and i.i.d. errors.
------------------------------------------------------------------------------
Hansen J statistic (overidentification test of all instruments):         0.000
                                                 (equation exactly identified)
------------------------------------------------------------------------------
Instrumented:         nbr_g_inv
Included instruments: feyrer_int lnpop ln_sea_ma
Excluded instruments: nbr_f_inv
Partialled-out:       _cons
                      nb: total SS, model F and R2s are after partialling-out;
                          any small-sample adjustments include partialled-out
                          variables in regressor count K
------------------------------------------------------------------------------

Absorbed degrees of freedom:
-----------------------------------------------------+
 Absorbed FE | Categories  - Redundant  = Num. Coefs |
-------------+---------------------------------------|
     isocode |        48           0          48     |
           y |        28           1          27     |
-----------------------------------------------------+
SPL [C] het_Africa nbr_g_inv: b =     2.936 (se   10.518)  KP F =    22.3  SWF =       .  N =    1219
(MWFE estimator converged in 6 iterations)

IV (2SLS) estimation
--------------------

Estimates efficient for homoskedasticity only
Statistics robust to heteroskedasticity

                                                      Number of obs =      760
                                                      F(  4,   698) =    10.02
                                                      Prob > F      =   0.0000
Total (centered) SS     =  40.37837552                Centered R2   =   0.0709
Total (uncentered) SS   =  40.37837552                Uncentered R2 =   0.0709
Residual SS             =  37.51590965                Root MSE      =    .2318

------------------------------------------------------------------------------
             |               Robust
  ln_co2_tot |      Coef.   Std. Err.      t    P>|t|     [95% Conf. Interval]
-------------+----------------------------------------------------------------
   nbr_g_inv |  -9.676231    3.08055    -3.14   0.002    -15.72449   -3.627976
  feyrer_int |  -.6988608   .2081367    -3.36   0.001     -1.10751   -.2902118
       lnpop |  -.0286322   .2645489    -0.11   0.914    -.5480392    .4907749
   ln_sea_ma |   6.051513   2.022944     2.99   0.003     2.079729     10.0233
------------------------------------------------------------------------------
Underidentification test (Kleibergen-Paap rk LM statistic):             24.537
                                                   Chi-sq(1) P-val =    0.0000
------------------------------------------------------------------------------
Weak identification test (Cragg-Donald Wald F statistic):               94.978
                         (Kleibergen-Paap rk Wald F statistic):         44.010
Stock-Yogo weak ID test critical values: 10% maximal IV size             16.38
                                         15% maximal IV size              8.96
                                         20% maximal IV size              6.66
                                         25% maximal IV size              5.53
Source: Stock-Yogo (2005).  Reproduced by permission.
NB: Critical values are for Cragg-Donald F statistic and i.i.d. errors.
------------------------------------------------------------------------------
Hansen J statistic (overidentification test of all instruments):         0.000
                                                 (equation exactly identified)
------------------------------------------------------------------------------
Instrumented:         nbr_g_inv
Included instruments: feyrer_int lnpop ln_sea_ma
Excluded instruments: nbr_f_inv
Partialled-out:       _cons
                      nb: total SS, model F and R2s are after partialling-out;
                          any small-sample adjustments include partialled-out
                          variables in regressor count K
------------------------------------------------------------------------------

Absorbed degrees of freedom:
-----------------------------------------------------+
 Absorbed FE | Categories  - Redundant  = Num. Coefs |
-------------+---------------------------------------|
     isocode |        31           0          31     |
           y |        28           1          27     |
-----------------------------------------------------+
SPL [C] het_Americas nbr_g_inv: b =    -9.676 (se    3.081)  KP F =    44.0  SWF =       .  N =     760
(MWFE estimator converged in 5 iterations)

IV (2SLS) estimation
--------------------

Estimates efficient for homoskedasticity only
Statistics robust to heteroskedasticity

                                                      Number of obs =     1231
                                                      F(  4,  1153) =     6.97
                                                      Prob > F      =   0.0000
Total (centered) SS     =  429.2909732                Centered R2   =  -0.2889
Total (uncentered) SS   =  429.2909732                Uncentered R2 =  -0.2889
Residual SS             =  553.3240577                Root MSE      =    .6927

------------------------------------------------------------------------------
             |               Robust
  ln_co2_tot |      Coef.   Std. Err.      t    P>|t|     [95% Conf. Interval]
-------------+----------------------------------------------------------------
   nbr_g_inv |   26.37571   9.068027     2.91   0.004     8.584023    44.16739
  feyrer_int |  -.4471044   .2882107    -1.55   0.121    -1.012581    .1183718
       lnpop |   .8687641   .2362539     3.68   0.000     .4052284      1.3323
   ln_sea_ma |  -5.961078   1.745022    -3.42   0.001    -9.384852   -2.537305
------------------------------------------------------------------------------
Underidentification test (Kleibergen-Paap rk LM statistic):             26.942
                                                   Chi-sq(1) P-val =    0.0000
------------------------------------------------------------------------------
Weak identification test (Cragg-Donald Wald F statistic):               32.805
                         (Kleibergen-Paap rk Wald F statistic):         28.283
Stock-Yogo weak ID test critical values: 10% maximal IV size             16.38
                                         15% maximal IV size              8.96
                                         20% maximal IV size              6.66
                                         25% maximal IV size              5.53
Source: Stock-Yogo (2005).  Reproduced by permission.
NB: Critical values are for Cragg-Donald F statistic and i.i.d. errors.
------------------------------------------------------------------------------
Hansen J statistic (overidentification test of all instruments):         0.000
                                                 (equation exactly identified)
------------------------------------------------------------------------------
Instrumented:         nbr_g_inv
Included instruments: feyrer_int lnpop ln_sea_ma
Excluded instruments: nbr_f_inv
Partialled-out:       _cons
                      nb: total SS, model F and R2s are after partialling-out;
                          any small-sample adjustments include partialled-out
                          variables in regressor count K
------------------------------------------------------------------------------

Absorbed degrees of freedom:
-----------------------------------------------------+
 Absorbed FE | Categories  - Redundant  = Num. Coefs |
-------------+---------------------------------------|
     isocode |        47           0          47     |
           y |        28           1          27     |
-----------------------------------------------------+
SPL [C] het_Asia nbr_g_inv: b =    26.376 (se    9.068)  KP F =    28.3  SWF =       .  N =    1231
(MWFE estimator converged in 5 iterations)

IV (2SLS) estimation
--------------------

Estimates efficient for homoskedasticity only
Statistics robust to heteroskedasticity

                                                      Number of obs =     1052
                                                      F(  4,   982) =     8.63
                                                      Prob > F      =   0.0000
Total (centered) SS     =  119.9344515                Centered R2   =   0.0622
Total (uncentered) SS   =  119.9344515                Uncentered R2 =   0.0622
Residual SS             =   112.476737                Root MSE      =    .3384

------------------------------------------------------------------------------
             |               Robust
  ln_co2_tot |      Coef.   Std. Err.      t    P>|t|     [95% Conf. Interval]
-------------+----------------------------------------------------------------
   nbr_g_inv |  -.4911555   36.41439    -0.01   0.989    -71.95012    70.96781
  feyrer_int |  -.4072117   .7618767    -0.53   0.593    -1.902305    1.087882
       lnpop |  -1.372688    2.69975    -0.51   0.611    -6.670632    3.925255
   ln_sea_ma |  -2.653479    8.37838    -0.32   0.752    -19.09507    13.78811
------------------------------------------------------------------------------
Underidentification test (Kleibergen-Paap rk LM statistic):              1.191
                                                   Chi-sq(1) P-val =    0.2751
------------------------------------------------------------------------------
Weak identification test (Cragg-Donald Wald F statistic):                1.438
                         (Kleibergen-Paap rk Wald F statistic):          1.108
Stock-Yogo weak ID test critical values: 10% maximal IV size             16.38
                                         15% maximal IV size              8.96
                                         20% maximal IV size              6.66
                                         25% maximal IV size              5.53
Source: Stock-Yogo (2005).  Reproduced by permission.
NB: Critical values are for Cragg-Donald F statistic and i.i.d. errors.
------------------------------------------------------------------------------
Hansen J statistic (overidentification test of all instruments):         0.000
                                                 (equation exactly identified)
------------------------------------------------------------------------------
Instrumented:         nbr_g_inv
Included instruments: feyrer_int lnpop ln_sea_ma
Excluded instruments: nbr_f_inv
Partialled-out:       _cons
                      nb: total SS, model F and R2s are after partialling-out;
                          any small-sample adjustments include partialled-out
                          variables in regressor count K
------------------------------------------------------------------------------

Absorbed degrees of freedom:
-----------------------------------------------------+
 Absorbed FE | Categories  - Redundant  = Num. Coefs |
-------------+---------------------------------------|
     isocode |        39           0          39     |
           y |        28           1          27     |
-----------------------------------------------------+
SPL [C] het_Europe nbr_g_inv: b =    -0.491 (se   36.414)  KP F =     1.1  SWF =       .  N =    1052
(dropped 1 singleton observations)
(MWFE estimator converged in 6 iterations)

IV (2SLS) estimation
--------------------

Estimates efficient for homoskedasticity only
Statistics robust to heteroskedasticity

                                                      Number of obs =      361
                                                      F(  4,   314) =    19.68
                                                      Prob > F      =   0.0000
Total (centered) SS     =  32.36539197                Centered R2   =   0.2665
Total (uncentered) SS   =  32.36539197                Uncentered R2 =   0.2665
Residual SS             =   23.7393314                Root MSE      =     .275

------------------------------------------------------------------------------
             |               Robust
  ln_co2_tot |      Coef.   Std. Err.      t    P>|t|     [95% Conf. Interval]
-------------+----------------------------------------------------------------
   nbr_g_inv |   1.446492   2.511757     0.58   0.565    -3.495509    6.388494
  feyrer_int |   .5199872   .2425964     2.14   0.033     .0426671    .9973072
       lnpop |    1.09738   .2737378     4.01   0.000     .5587884    1.635973
   ln_sea_ma |   16.82629   5.011649     3.36   0.001     6.965634    26.68695
------------------------------------------------------------------------------
Underidentification test (Kleibergen-Paap rk LM statistic):             26.673
                                                   Chi-sq(1) P-val =    0.0000
------------------------------------------------------------------------------
Weak identification test (Cragg-Donald Wald F statistic):               88.509
                         (Kleibergen-Paap rk Wald F statistic):         31.763
Stock-Yogo weak ID test critical values: 10% maximal IV size             16.38
                                         15% maximal IV size              8.96
                                         20% maximal IV size              6.66
                                         25% maximal IV size              5.53
Source: Stock-Yogo (2005).  Reproduced by permission.
NB: Critical values are for Cragg-Donald F statistic and i.i.d. errors.
------------------------------------------------------------------------------
Hansen J statistic (overidentification test of all instruments):         0.000
                                                 (equation exactly identified)
------------------------------------------------------------------------------
Instrumented:         nbr_g_inv
Included instruments: feyrer_int lnpop ln_sea_ma
Excluded instruments: nbr_f_inv
Partialled-out:       _cons
                      nb: total SS, model F and R2s are after partialling-out;
                          any small-sample adjustments include partialled-out
                          variables in regressor count K
------------------------------------------------------------------------------

Absorbed degrees of freedom:
-----------------------------------------------------+
 Absorbed FE | Categories  - Redundant  = Num. Coefs |
-------------+---------------------------------------|
     isocode |        16           0          16     |
           y |        28           1          27     |
-----------------------------------------------------+
SPL [C] het_Oceania nbr_g_inv: b =     1.446 (se    2.512)  KP F =    31.8  SWF =       .  N =     361

. foreach g in 1 2 3 {
  2.     capture noisily ivreghdfe ln_co2_tot feyrer_int lnpop ln_sea_ma (nbr_g_inv = nbr_f_inv) if int3 == `g', absorb(isocode y) robust
  3.     if _rc == 0 postone C het_intl`g' nbr_g_inv e(widstat) .
  4. }
(MWFE estimator converged in 5 iterations)

IV (2SLS) estimation
--------------------

Estimates efficient for homoskedasticity only
Statistics robust to heteroskedasticity

                                                      Number of obs =     1643
                                                      F(  4,  1550) =    30.07
                                                      Prob > F      =   0.0000
Total (centered) SS     =  276.1070181                Centered R2   =  -0.0139
Total (uncentered) SS   =  276.1070181                Uncentered R2 =  -0.0139
Residual SS             =  279.9528283                Root MSE      =     .425

------------------------------------------------------------------------------
             |               Robust
  ln_co2_tot |      Coef.   Std. Err.      t    P>|t|     [95% Conf. Interval]
-------------+----------------------------------------------------------------
   nbr_g_inv |   17.56228   4.648748     3.78   0.000     8.443785    26.68078
  feyrer_int |  -.0487603      .2319    -0.21   0.833    -.5036311    .4061106
       lnpop |   .4772058   .1864997     2.56   0.011     .1113875    .8430242
   ln_sea_ma |  -.1706451   .6595138    -0.26   0.796    -1.464279    1.122988
------------------------------------------------------------------------------
Underidentification test (Kleibergen-Paap rk LM statistic):             41.942
                                                   Chi-sq(1) P-val =    0.0000
------------------------------------------------------------------------------
Weak identification test (Cragg-Donald Wald F statistic):               59.443
                         (Kleibergen-Paap rk Wald F statistic):         58.088
Stock-Yogo weak ID test critical values: 10% maximal IV size             16.38
                                         15% maximal IV size              8.96
                                         20% maximal IV size              6.66
                                         25% maximal IV size              5.53
Source: Stock-Yogo (2005).  Reproduced by permission.
NB: Critical values are for Cragg-Donald F statistic and i.i.d. errors.
------------------------------------------------------------------------------
Hansen J statistic (overidentification test of all instruments):         0.000
                                                 (equation exactly identified)
------------------------------------------------------------------------------
Instrumented:         nbr_g_inv
Included instruments: feyrer_int lnpop ln_sea_ma
Excluded instruments: nbr_f_inv
Partialled-out:       _cons
                      nb: total SS, model F and R2s are after partialling-out;
                          any small-sample adjustments include partialled-out
                          variables in regressor count K
------------------------------------------------------------------------------

Absorbed degrees of freedom:
-----------------------------------------------------+
 Absorbed FE | Categories  - Redundant  = Num. Coefs |
-------------+---------------------------------------|
     isocode |        62           0          62     |
           y |        28           1          27     |
-----------------------------------------------------+
SPL [C] het_intl1 nbr_g_inv: b =    17.562 (se    4.649)  KP F =    58.1  SWF =       .  N =    1643
(dropped 1 singleton observations)
(MWFE estimator converged in 5 iterations)

IV (2SLS) estimation
--------------------

Estimates efficient for homoskedasticity only
Statistics robust to heteroskedasticity

                                                      Number of obs =     1533
                                                      F(  4,  1442) =    26.99
                                                      Prob > F      =   0.0000
Total (centered) SS     =  223.9427768                Centered R2   =   0.0630
Total (uncentered) SS   =  223.9427768                Uncentered R2 =   0.0630
Residual SS             =  209.8383043                Root MSE      =    .3815

------------------------------------------------------------------------------
             |               Robust
  ln_co2_tot |      Coef.   Std. Err.      t    P>|t|     [95% Conf. Interval]
-------------+----------------------------------------------------------------
   nbr_g_inv |    1.43382   5.927104     0.24   0.809    -10.19285    13.06049
  feyrer_int |   .3244603   .4200132     0.77   0.440     -.499442    1.148363
       lnpop |   .8795566   .3102992     2.83   0.005     .2708705    1.488243
   ln_sea_ma |  -5.058173   .9708523    -5.21   0.000    -6.962607   -3.153739
------------------------------------------------------------------------------
Underidentification test (Kleibergen-Paap rk LM statistic):              8.059
                                                   Chi-sq(1) P-val =    0.0045
------------------------------------------------------------------------------
Weak identification test (Cragg-Donald Wald F statistic):               13.120
                         (Kleibergen-Paap rk Wald F statistic):          9.030
Stock-Yogo weak ID test critical values: 10% maximal IV size             16.38
                                         15% maximal IV size              8.96
                                         20% maximal IV size              6.66
                                         25% maximal IV size              5.53
Source: Stock-Yogo (2005).  Reproduced by permission.
NB: Critical values are for Cragg-Donald F statistic and i.i.d. errors.
------------------------------------------------------------------------------
Hansen J statistic (overidentification test of all instruments):         0.000
                                                 (equation exactly identified)
------------------------------------------------------------------------------
Instrumented:         nbr_g_inv
Included instruments: feyrer_int lnpop ln_sea_ma
Excluded instruments: nbr_f_inv
Partialled-out:       _cons
                      nb: total SS, model F and R2s are after partialling-out;
                          any small-sample adjustments include partialled-out
                          variables in regressor count K
------------------------------------------------------------------------------

Absorbed degrees of freedom:
-----------------------------------------------------+
 Absorbed FE | Categories  - Redundant  = Num. Coefs |
-------------+---------------------------------------|
     isocode |        60           0          60     |
           y |        28           1          27     |
-----------------------------------------------------+
SPL [C] het_intl2 nbr_g_inv: b =     1.434 (se    5.927)  KP F =     9.0  SWF =       .  N =    1533
(MWFE estimator converged in 6 iterations)

IV (2SLS) estimation
--------------------

Estimates efficient for homoskedasticity only
Statistics robust to heteroskedasticity

                                                      Number of obs =     1447
                                                      F(  4,  1357) =    20.68
                                                      Prob > F      =   0.0000
Total (centered) SS     =  316.1756848                Centered R2   =   0.0536
Total (uncentered) SS   =  316.1756848                Uncentered R2 =   0.0536
Residual SS             =  299.2402625                Root MSE      =    .4696

------------------------------------------------------------------------------
             |               Robust
  ln_co2_tot |      Coef.   Std. Err.      t    P>|t|     [95% Conf. Interval]
-------------+----------------------------------------------------------------
   nbr_g_inv |   10.69349   2.808496     3.81   0.000     5.184025    16.20296
  feyrer_int |   .0384862   .2104966     0.18   0.855    -.3744479    .4514203
       lnpop |   .4988881   .1696789     2.94   0.003     .1660267    .8317494
   ln_sea_ma |   1.685256   .6308219     2.67   0.008     .4477645    2.922748
------------------------------------------------------------------------------
Underidentification test (Kleibergen-Paap rk LM statistic):             31.050
                                                   Chi-sq(1) P-val =    0.0000
------------------------------------------------------------------------------
Weak identification test (Cragg-Donald Wald F statistic):              115.332
                         (Kleibergen-Paap rk Wald F statistic):         52.787
Stock-Yogo weak ID test critical values: 10% maximal IV size             16.38
                                         15% maximal IV size              8.96
                                         20% maximal IV size              6.66
                                         25% maximal IV size              5.53
Source: Stock-Yogo (2005).  Reproduced by permission.
NB: Critical values are for Cragg-Donald F statistic and i.i.d. errors.
------------------------------------------------------------------------------
Hansen J statistic (overidentification test of all instruments):         0.000
                                                 (equation exactly identified)
------------------------------------------------------------------------------
Instrumented:         nbr_g_inv
Included instruments: feyrer_int lnpop ln_sea_ma
Excluded instruments: nbr_f_inv
Partialled-out:       _cons
                      nb: total SS, model F and R2s are after partialling-out;
                          any small-sample adjustments include partialled-out
                          variables in regressor count K
------------------------------------------------------------------------------

Absorbed degrees of freedom:
-----------------------------------------------------+
 Absorbed FE | Categories  - Redundant  = Num. Coefs |
-------------+---------------------------------------|
     isocode |        59           0          59     |
           y |        28           1          27     |
-----------------------------------------------------+
SPL [C] het_intl3 nbr_g_inv: b =    10.693 (se    2.808)  KP F =    52.8  SWF =       .  N =    1447

. 
. * =====================================================================
. * D) mechanisms of the neighbour effect (own vs neighbour table)
. * =====================================================================
. di _n "===== D) neighbour mechanisms ====="

===== D) neighbour mechanisms =====

. foreach yv in ln_co2_tot ln_co2_intl ln_co2_dom ln_skm ln_flights ln_gauge ln_stage ln_intensity intl_share {
  2.     capture noisily ivreghdfe `yv' feyrer_int lnpop ln_sea_ma (nbr_g_inv = nbr_f_inv), absorb(isocode y) robust
  3.     if _rc == 0 postone D mech_`yv' nbr_g_inv e(widstat) .
  4. }
(dropped 1 singleton observations)
(MWFE estimator converged in 5 iterations)

IV (2SLS) estimation
--------------------

Estimates efficient for homoskedasticity only
Statistics robust to heteroskedasticity

                                                      Number of obs =     4623
                                                      F(  4,  4411) =    57.26
                                                      Prob > F      =   0.0000
Total (centered) SS     =  833.4217532                Centered R2   =   0.0675
Total (uncentered) SS   =  833.4217532                Uncentered R2 =   0.0675
Residual SS             =  777.1527327                Root MSE      =    .4197

------------------------------------------------------------------------------
             |               Robust
  ln_co2_tot |      Coef.   Std. Err.      t    P>|t|     [95% Conf. Interval]
-------------+----------------------------------------------------------------
   nbr_g_inv |   7.453843   1.993673     3.74   0.000     3.545243    11.36244
  feyrer_int |   .2544531    .122261     2.08   0.037     .0147602     .494146
       lnpop |      .6609    .121901     5.42   0.000     .4219127    .8998872
   ln_sea_ma |  -.8516464   .4051219    -2.10   0.036    -1.645889   -.0574042
------------------------------------------------------------------------------
Underidentification test (Kleibergen-Paap rk LM statistic):             98.483
                                                   Chi-sq(1) P-val =    0.0000
------------------------------------------------------------------------------
Weak identification test (Cragg-Donald Wald F statistic):              168.426
                         (Kleibergen-Paap rk Wald F statistic):        134.142
Stock-Yogo weak ID test critical values: 10% maximal IV size             16.38
                                         15% maximal IV size              8.96
                                         20% maximal IV size              6.66
                                         25% maximal IV size              5.53
Source: Stock-Yogo (2005).  Reproduced by permission.
NB: Critical values are for Cragg-Donald F statistic and i.i.d. errors.
------------------------------------------------------------------------------
Hansen J statistic (overidentification test of all instruments):         0.000
                                                 (equation exactly identified)
------------------------------------------------------------------------------
Instrumented:         nbr_g_inv
Included instruments: feyrer_int lnpop ln_sea_ma
Excluded instruments: nbr_f_inv
Partialled-out:       _cons
                      nb: total SS, model F and R2s are after partialling-out;
                          any small-sample adjustments include partialled-out
                          variables in regressor count K
------------------------------------------------------------------------------

Absorbed degrees of freedom:
-----------------------------------------------------+
 Absorbed FE | Categories  - Redundant  = Num. Coefs |
-------------+---------------------------------------|
     isocode |       181           0         181     |
           y |        28           1          27     |
-----------------------------------------------------+
SPL [D] mech_ln_co2_tot nbr_g_inv: b =     7.454 (se    1.994)  KP F =   134.1  SWF =       .  N =    4623
(dropped 1 singleton observations)
(MWFE estimator converged in 5 iterations)

IV (2SLS) estimation
--------------------

Estimates efficient for homoskedasticity only
Statistics robust to heteroskedasticity

                                                      Number of obs =     4622
                                                      F(  4,  4410) =    53.09
                                                      Prob > F      =   0.0000
Total (centered) SS     =  933.3103982                Centered R2   =   0.0517
Total (uncentered) SS   =  933.3103982                Uncentered R2 =   0.0517
Residual SS             =  885.0175996                Root MSE      =     .448

------------------------------------------------------------------------------
             |               Robust
 ln_co2_intl |      Coef.   Std. Err.      t    P>|t|     [95% Conf. Interval]
-------------+----------------------------------------------------------------
   nbr_g_inv |    10.2366   2.092474     4.89   0.000     6.134305     14.3389
  feyrer_int |   .0761242   .1276193     0.60   0.551    -.1740737    .3263222
       lnpop |   .6964572   .1228829     5.67   0.000      .455545    .9373694
   ln_sea_ma |  -1.325457   .4263701    -3.11   0.002    -2.161357   -.4895577
------------------------------------------------------------------------------
Underidentification test (Kleibergen-Paap rk LM statistic):             98.430
                                                   Chi-sq(1) P-val =    0.0000
------------------------------------------------------------------------------
Weak identification test (Cragg-Donald Wald F statistic):              168.300
                         (Kleibergen-Paap rk Wald F statistic):        134.049
Stock-Yogo weak ID test critical values: 10% maximal IV size             16.38
                                         15% maximal IV size              8.96
                                         20% maximal IV size              6.66
                                         25% maximal IV size              5.53
Source: Stock-Yogo (2005).  Reproduced by permission.
NB: Critical values are for Cragg-Donald F statistic and i.i.d. errors.
------------------------------------------------------------------------------
Hansen J statistic (overidentification test of all instruments):         0.000
                                                 (equation exactly identified)
------------------------------------------------------------------------------
Instrumented:         nbr_g_inv
Included instruments: feyrer_int lnpop ln_sea_ma
Excluded instruments: nbr_f_inv
Partialled-out:       _cons
                      nb: total SS, model F and R2s are after partialling-out;
                          any small-sample adjustments include partialled-out
                          variables in regressor count K
------------------------------------------------------------------------------

Absorbed degrees of freedom:
-----------------------------------------------------+
 Absorbed FE | Categories  - Redundant  = Num. Coefs |
-------------+---------------------------------------|
     isocode |       181           0         181     |
           y |        28           1          27     |
-----------------------------------------------------+
SPL [D] mech_ln_co2_intl nbr_g_inv: b =    10.237 (se    2.092)  KP F =   134.0  SWF =       .  N =    4622
(dropped 9 singleton observations)
(MWFE estimator converged in 6 iterations)

IV (2SLS) estimation
--------------------

Estimates efficient for homoskedasticity only
Statistics robust to heteroskedasticity

                                                      Number of obs =     3567
                                                      F(  4,  3378) =     6.43
                                                      Prob > F      =   0.0000
Total (centered) SS     =   2152.92524                Centered R2   =   0.0113
Total (uncentered) SS   =   2152.92524                Uncentered R2 =   0.0113
Residual SS             =  2128.600202                Root MSE      =    .7938

------------------------------------------------------------------------------
             |               Robust
  ln_co2_dom |      Coef.   Std. Err.      t    P>|t|     [95% Conf. Interval]
-------------+----------------------------------------------------------------
   nbr_g_inv |  -1.628831   5.017043    -0.32   0.745    -11.46558    8.207916
  feyrer_int |   .0549293   .2941012     0.19   0.852    -.5217051    .6315637
       lnpop |   .2578517   .2920593     0.88   0.377    -.3147792    .8304826
   ln_sea_ma |   2.996826   .9713594     3.09   0.002     1.092314    4.901337
------------------------------------------------------------------------------
Underidentification test (Kleibergen-Paap rk LM statistic):             80.299
                                                   Chi-sq(1) P-val =    0.0000
------------------------------------------------------------------------------
Weak identification test (Cragg-Donald Wald F statistic):              116.759
                         (Kleibergen-Paap rk Wald F statistic):        106.719
Stock-Yogo weak ID test critical values: 10% maximal IV size             16.38
                                         15% maximal IV size              8.96
                                         20% maximal IV size              6.66
                                         25% maximal IV size              5.53
Source: Stock-Yogo (2005).  Reproduced by permission.
NB: Critical values are for Cragg-Donald F statistic and i.i.d. errors.
------------------------------------------------------------------------------
Hansen J statistic (overidentification test of all instruments):         0.000
                                                 (equation exactly identified)
------------------------------------------------------------------------------
Instrumented:         nbr_g_inv
Included instruments: feyrer_int lnpop ln_sea_ma
Excluded instruments: nbr_f_inv
Partialled-out:       _cons
                      nb: total SS, model F and R2s are after partialling-out;
                          any small-sample adjustments include partialled-out
                          variables in regressor count K
------------------------------------------------------------------------------

Absorbed degrees of freedom:
-----------------------------------------------------+
 Absorbed FE | Categories  - Redundant  = Num. Coefs |
-------------+---------------------------------------|
     isocode |       158           0         158     |
           y |        28           1          27     |
-----------------------------------------------------+
SPL [D] mech_ln_co2_dom nbr_g_inv: b =    -1.629 (se    5.017)  KP F =   106.7  SWF =       .  N =    3567
(dropped 1 singleton observations)
(MWFE estimator converged in 5 iterations)

IV (2SLS) estimation
--------------------

Estimates efficient for homoskedasticity only
Statistics robust to heteroskedasticity

                                                      Number of obs =     4623
                                                      F(  4,  4411) =    53.57
                                                      Prob > F      =   0.0000
Total (centered) SS     =  982.1836015                Centered R2   =   0.0693
Total (uncentered) SS   =  982.1836015                Uncentered R2 =   0.0693
Residual SS             =  914.1561131                Root MSE      =    .4552

------------------------------------------------------------------------------
             |               Robust
      ln_skm |      Coef.   Std. Err.      t    P>|t|     [95% Conf. Interval]
-------------+----------------------------------------------------------------
   nbr_g_inv |   6.141496   2.082869     2.95   0.003     2.058028    10.22496
  feyrer_int |    .388846    .128539     3.03   0.002      .136845    .6408469
       lnpop |   .5319502   .1275025     4.17   0.000     .2819812    .7819192
   ln_sea_ma |   -.754019   .4330941    -1.74   0.082    -1.603101    .0950628
------------------------------------------------------------------------------
Underidentification test (Kleibergen-Paap rk LM statistic):             98.483
                                                   Chi-sq(1) P-val =    0.0000
------------------------------------------------------------------------------
Weak identification test (Cragg-Donald Wald F statistic):              168.426
                         (Kleibergen-Paap rk Wald F statistic):        134.142
Stock-Yogo weak ID test critical values: 10% maximal IV size             16.38
                                         15% maximal IV size              8.96
                                         20% maximal IV size              6.66
                                         25% maximal IV size              5.53
Source: Stock-Yogo (2005).  Reproduced by permission.
NB: Critical values are for Cragg-Donald F statistic and i.i.d. errors.
------------------------------------------------------------------------------
Hansen J statistic (overidentification test of all instruments):         0.000
                                                 (equation exactly identified)
------------------------------------------------------------------------------
Instrumented:         nbr_g_inv
Included instruments: feyrer_int lnpop ln_sea_ma
Excluded instruments: nbr_f_inv
Partialled-out:       _cons
                      nb: total SS, model F and R2s are after partialling-out;
                          any small-sample adjustments include partialled-out
                          variables in regressor count K
------------------------------------------------------------------------------

Absorbed degrees of freedom:
-----------------------------------------------------+
 Absorbed FE | Categories  - Redundant  = Num. Coefs |
-------------+---------------------------------------|
     isocode |       181           0         181     |
           y |        28           1          27     |
-----------------------------------------------------+
SPL [D] mech_ln_skm nbr_g_inv: b =     6.141 (se    2.083)  KP F =   134.1  SWF =       .  N =    4623
(dropped 1 singleton observations)
(MWFE estimator converged in 5 iterations)

IV (2SLS) estimation
--------------------

Estimates efficient for homoskedasticity only
Statistics robust to heteroskedasticity

                                                      Number of obs =     4623
                                                      F(  4,  4411) =    68.99
                                                      Prob > F      =   0.0000
Total (centered) SS     =   994.443975                Centered R2   =   0.0931
Total (uncentered) SS   =   994.443975                Uncentered R2 =   0.0931
Residual SS             =  901.8899201                Root MSE      =    .4522

------------------------------------------------------------------------------
             |               Robust
  ln_flights |      Coef.   Std. Err.      t    P>|t|     [95% Conf. Interval]
-------------+----------------------------------------------------------------
   nbr_g_inv |   2.730185   2.215705     1.23   0.218    -1.613709    7.074079
  feyrer_int |   .7224598   .1431187     5.05   0.000     .4418753    1.003044
       lnpop |   .6672139    .114592     5.82   0.000     .4425561    .8918717
   ln_sea_ma |    .985774   .4233872     2.33   0.020     .1557227    1.815825
------------------------------------------------------------------------------
Underidentification test (Kleibergen-Paap rk LM statistic):             98.483
                                                   Chi-sq(1) P-val =    0.0000
------------------------------------------------------------------------------
Weak identification test (Cragg-Donald Wald F statistic):              168.426
                         (Kleibergen-Paap rk Wald F statistic):        134.142
Stock-Yogo weak ID test critical values: 10% maximal IV size             16.38
                                         15% maximal IV size              8.96
                                         20% maximal IV size              6.66
                                         25% maximal IV size              5.53
Source: Stock-Yogo (2005).  Reproduced by permission.
NB: Critical values are for Cragg-Donald F statistic and i.i.d. errors.
------------------------------------------------------------------------------
Hansen J statistic (overidentification test of all instruments):         0.000
                                                 (equation exactly identified)
------------------------------------------------------------------------------
Instrumented:         nbr_g_inv
Included instruments: feyrer_int lnpop ln_sea_ma
Excluded instruments: nbr_f_inv
Partialled-out:       _cons
                      nb: total SS, model F and R2s are after partialling-out;
                          any small-sample adjustments include partialled-out
                          variables in regressor count K
------------------------------------------------------------------------------

Absorbed degrees of freedom:
-----------------------------------------------------+
 Absorbed FE | Categories  - Redundant  = Num. Coefs |
-------------+---------------------------------------|
     isocode |       181           0         181     |
           y |        28           1          27     |
-----------------------------------------------------+
SPL [D] mech_ln_flights nbr_g_inv: b =     2.730 (se    2.216)  KP F =   134.1  SWF =       .  N =    4623
(dropped 1 singleton observations)
(MWFE estimator converged in 5 iterations)

IV (2SLS) estimation
--------------------

Estimates efficient for homoskedasticity only
Statistics robust to heteroskedasticity

                                                      Number of obs =     4623
                                                      F(  4,  4411) =    61.17
                                                      Prob > F      =   0.0000
Total (centered) SS     =  170.9558932                Centered R2   =  -0.0582
Total (uncentered) SS   =  170.9558932                Uncentered R2 =  -0.0582
Residual SS             =  180.9062193                Root MSE      =    .2025

------------------------------------------------------------------------------
             |               Robust
    ln_gauge |      Coef.   Std. Err.      t    P>|t|     [95% Conf. Interval]
-------------+----------------------------------------------------------------
   nbr_g_inv |   5.437023   1.170035     4.65   0.000     3.143167    7.730879
  feyrer_int |  -.3846398   .0767131    -5.01   0.000     -.535036   -.2342436
       lnpop |  -.2446398   .0433606    -5.64   0.000    -.3296483   -.1596313
   ln_sea_ma |  -1.057911   .1861118    -5.68   0.000    -1.422784   -.6930388
------------------------------------------------------------------------------
Underidentification test (Kleibergen-Paap rk LM statistic):             98.483
                                                   Chi-sq(1) P-val =    0.0000
------------------------------------------------------------------------------
Weak identification test (Cragg-Donald Wald F statistic):              168.426
                         (Kleibergen-Paap rk Wald F statistic):        134.142
Stock-Yogo weak ID test critical values: 10% maximal IV size             16.38
                                         15% maximal IV size              8.96
                                         20% maximal IV size              6.66
                                         25% maximal IV size              5.53
Source: Stock-Yogo (2005).  Reproduced by permission.
NB: Critical values are for Cragg-Donald F statistic and i.i.d. errors.
------------------------------------------------------------------------------
Hansen J statistic (overidentification test of all instruments):         0.000
                                                 (equation exactly identified)
------------------------------------------------------------------------------
Instrumented:         nbr_g_inv
Included instruments: feyrer_int lnpop ln_sea_ma
Excluded instruments: nbr_f_inv
Partialled-out:       _cons
                      nb: total SS, model F and R2s are after partialling-out;
                          any small-sample adjustments include partialled-out
                          variables in regressor count K
------------------------------------------------------------------------------

Absorbed degrees of freedom:
-----------------------------------------------------+
 Absorbed FE | Categories  - Redundant  = Num. Coefs |
-------------+---------------------------------------|
     isocode |       181           0         181     |
           y |        28           1          27     |
-----------------------------------------------------+
SPL [D] mech_ln_gauge nbr_g_inv: b =     5.437 (se    1.170)  KP F =   134.1  SWF =       .  N =    4623
(dropped 1 singleton observations)
(MWFE estimator converged in 5 iterations)

IV (2SLS) estimation
--------------------

Estimates efficient for homoskedasticity only
Statistics robust to heteroskedasticity

                                                      Number of obs =     4623
                                                      F(  4,  4411) =     5.96
                                                      Prob > F      =   0.0001
Total (centered) SS     =  162.6557051                Centered R2   =  -0.0075
Total (uncentered) SS   =  162.6557051                Uncentered R2 =  -0.0075
Residual SS             =  163.8779796                Root MSE      =    .1927

------------------------------------------------------------------------------
             |               Robust
    ln_stage |      Coef.   Std. Err.      t    P>|t|     [95% Conf. Interval]
-------------+----------------------------------------------------------------
   nbr_g_inv |  -2.025708   1.008332    -2.01   0.045    -4.002545    -.048871
  feyrer_int |   .0510257   .0652391     0.78   0.434    -.0768757    .1789272
       lnpop |    .109376   .0546777     2.00   0.046     .0021802    .2165718
   ln_sea_ma |  -.6818812    .217078    -3.14   0.002    -1.107463   -.2562994
------------------------------------------------------------------------------
Underidentification test (Kleibergen-Paap rk LM statistic):             98.483
                                                   Chi-sq(1) P-val =    0.0000
------------------------------------------------------------------------------
Weak identification test (Cragg-Donald Wald F statistic):              168.426
                         (Kleibergen-Paap rk Wald F statistic):        134.142
Stock-Yogo weak ID test critical values: 10% maximal IV size             16.38
                                         15% maximal IV size              8.96
                                         20% maximal IV size              6.66
                                         25% maximal IV size              5.53
Source: Stock-Yogo (2005).  Reproduced by permission.
NB: Critical values are for Cragg-Donald F statistic and i.i.d. errors.
------------------------------------------------------------------------------
Hansen J statistic (overidentification test of all instruments):         0.000
                                                 (equation exactly identified)
------------------------------------------------------------------------------
Instrumented:         nbr_g_inv
Included instruments: feyrer_int lnpop ln_sea_ma
Excluded instruments: nbr_f_inv
Partialled-out:       _cons
                      nb: total SS, model F and R2s are after partialling-out;
                          any small-sample adjustments include partialled-out
                          variables in regressor count K
------------------------------------------------------------------------------

Absorbed degrees of freedom:
-----------------------------------------------------+
 Absorbed FE | Categories  - Redundant  = Num. Coefs |
-------------+---------------------------------------|
     isocode |       181           0         181     |
           y |        28           1          27     |
-----------------------------------------------------+
SPL [D] mech_ln_stage nbr_g_inv: b =    -2.026 (se    1.008)  KP F =   134.1  SWF =       .  N =    4623
(dropped 1 singleton observations)
(MWFE estimator converged in 5 iterations)

IV (2SLS) estimation
--------------------

Estimates efficient for homoskedasticity only
Statistics robust to heteroskedasticity

                                                      Number of obs =     4623
                                                      F(  4,  4411) =    11.53
                                                      Prob > F      =   0.0000
Total (centered) SS     =  68.60594132                Centered R2   =  -0.0319
Total (uncentered) SS   =  68.60594132                Uncentered R2 =  -0.0319
Residual SS             =  70.79646737                Root MSE      =    .1267

------------------------------------------------------------------------------
             |               Robust
ln_intensity |      Coef.   Std. Err.      t    P>|t|     [95% Conf. Interval]
-------------+----------------------------------------------------------------
   nbr_g_inv |   1.312346   .5343794     2.46   0.014     .2646945    2.359998
  feyrer_int |  -.1343929   .0367308    -3.66   0.000    -.2064036   -.0623821
       lnpop |   .1289497   .0302002     4.27   0.000     .0697422    .1881573
   ln_sea_ma |  -.0976274   .1235936    -0.79   0.430    -.3399328     .144678
------------------------------------------------------------------------------
Underidentification test (Kleibergen-Paap rk LM statistic):             98.483
                                                   Chi-sq(1) P-val =    0.0000
------------------------------------------------------------------------------
Weak identification test (Cragg-Donald Wald F statistic):              168.426
                         (Kleibergen-Paap rk Wald F statistic):        134.142
Stock-Yogo weak ID test critical values: 10% maximal IV size             16.38
                                         15% maximal IV size              8.96
                                         20% maximal IV size              6.66
                                         25% maximal IV size              5.53
Source: Stock-Yogo (2005).  Reproduced by permission.
NB: Critical values are for Cragg-Donald F statistic and i.i.d. errors.
------------------------------------------------------------------------------
Hansen J statistic (overidentification test of all instruments):         0.000
                                                 (equation exactly identified)
------------------------------------------------------------------------------
Instrumented:         nbr_g_inv
Included instruments: feyrer_int lnpop ln_sea_ma
Excluded instruments: nbr_f_inv
Partialled-out:       _cons
                      nb: total SS, model F and R2s are after partialling-out;
                          any small-sample adjustments include partialled-out
                          variables in regressor count K
------------------------------------------------------------------------------

Absorbed degrees of freedom:
-----------------------------------------------------+
 Absorbed FE | Categories  - Redundant  = Num. Coefs |
-------------+---------------------------------------|
     isocode |       181           0         181     |
           y |        28           1          27     |
-----------------------------------------------------+
SPL [D] mech_ln_intensity nbr_g_inv: b =     1.312 (se    0.534)  KP F =   134.1  SWF =       .  N =    4623
(dropped 1 singleton observations)
(MWFE estimator converged in 5 iterations)

IV (2SLS) estimation
--------------------

Estimates efficient for homoskedasticity only
Statistics robust to heteroskedasticity

                                                      Number of obs =     4623
                                                      F(  4,  4411) =     7.95
                                                      Prob > F      =   0.0000
Total (centered) SS     =  14.69987651                Centered R2   =  -0.0258
Total (uncentered) SS   =  14.69987651                Uncentered R2 =  -0.0258
Residual SS             =  15.07842884                Root MSE      =   .05847

------------------------------------------------------------------------------
             |               Robust
  intl_share |      Coef.   Std. Err.      t    P>|t|     [95% Conf. Interval]
-------------+----------------------------------------------------------------
   nbr_g_inv |   1.045645   .2809998     3.72   0.000      .494744    1.596545
  feyrer_int |  -.0543192   .0194784    -2.79   0.005    -.0925066   -.0161317
       lnpop |   .0197491   .0106793     1.85   0.064    -.0011877    .0406858
   ln_sea_ma |  -.2093608    .057808    -3.62   0.000    -.3226934   -.0960281
------------------------------------------------------------------------------
Underidentification test (Kleibergen-Paap rk LM statistic):             98.483
                                                   Chi-sq(1) P-val =    0.0000
------------------------------------------------------------------------------
Weak identification test (Cragg-Donald Wald F statistic):              168.426
                         (Kleibergen-Paap rk Wald F statistic):        134.142
Stock-Yogo weak ID test critical values: 10% maximal IV size             16.38
                                         15% maximal IV size              8.96
                                         20% maximal IV size              6.66
                                         25% maximal IV size              5.53
Source: Stock-Yogo (2005).  Reproduced by permission.
NB: Critical values are for Cragg-Donald F statistic and i.i.d. errors.
------------------------------------------------------------------------------
Hansen J statistic (overidentification test of all instruments):         0.000
                                                 (equation exactly identified)
------------------------------------------------------------------------------
Instrumented:         nbr_g_inv
Included instruments: feyrer_int lnpop ln_sea_ma
Excluded instruments: nbr_f_inv
Partialled-out:       _cons
                      nb: total SS, model F and R2s are after partialling-out;
                          any small-sample adjustments include partialled-out
                          variables in regressor count K
------------------------------------------------------------------------------

Absorbed degrees of freedom:
-----------------------------------------------------+
 Absorbed FE | Categories  - Redundant  = Num. Coefs |
-------------+---------------------------------------|
     isocode |       181           0         181     |
           y |        28           1          27     |
-----------------------------------------------------+
SPL [D] mech_intl_share nbr_g_inv: b =     1.046 (se    0.281)  KP F =   134.1  SWF =       .  N =    4623

. 
. * =====================================================================
. * E) standard errors
. * =====================================================================
. di _n "===== E) SE variants ====="

===== E) SE variants =====

. ivreghdfe ln_co2_tot feyrer_int lnpop ln_sea_ma (nbr_g_inv = nbr_f_inv), absorb(isocode y) cluster(isocode)
(dropped 1 singleton observations)
(MWFE estimator converged in 5 iterations)

IV (2SLS) estimation
--------------------

Estimates efficient for homoskedasticity only
Statistics robust to heteroskedasticity and clustering on isocode

Number of clusters (isocode) =     181                Number of obs =     4623
                                                      F(  4,   180) =     6.21
                                                      Prob > F      =   0.0001
Total (centered) SS     =  833.4217532                Centered R2   =   0.0675
Total (uncentered) SS   =  833.4217532                Uncentered R2 =   0.0675
Residual SS             =  777.1527327                Root MSE      =    .4114

------------------------------------------------------------------------------
             |               Robust
  ln_co2_tot |      Coef.   Std. Err.      t    P>|t|     [95% Conf. Interval]
-------------+----------------------------------------------------------------
   nbr_g_inv |   7.453843   5.664688     1.32   0.190    -3.723894    18.63158
  feyrer_int |   .2544531   .3520744     0.72   0.471    -.4402709    .9491771
       lnpop |      .6609   .3438837     1.92   0.056    -.0176619    1.339462
   ln_sea_ma |  -.8516464   1.194595    -0.71   0.477    -3.208858    1.505565
------------------------------------------------------------------------------
Underidentification test (Kleibergen-Paap rk LM statistic):             25.252
                                                   Chi-sq(1) P-val =    0.0000
------------------------------------------------------------------------------
Weak identification test (Cragg-Donald Wald F statistic):              175.337
                         (Kleibergen-Paap rk Wald F statistic):         56.819
Stock-Yogo weak ID test critical values: 10% maximal IV size             16.38
                                         15% maximal IV size              8.96
                                         20% maximal IV size              6.66
                                         25% maximal IV size              5.53
Source: Stock-Yogo (2005).  Reproduced by permission.
NB: Critical values are for Cragg-Donald F statistic and i.i.d. errors.
------------------------------------------------------------------------------
Hansen J statistic (overidentification test of all instruments):         0.000
                                                 (equation exactly identified)
------------------------------------------------------------------------------
Instrumented:         nbr_g_inv
Included instruments: feyrer_int lnpop ln_sea_ma
Excluded instruments: nbr_f_inv
Partialled-out:       _cons
                      nb: total SS, model F and R2s are after partialling-out;
                          any small-sample adjustments include partialled-out
                          variables in regressor count K
------------------------------------------------------------------------------

Absorbed degrees of freedom:
-----------------------------------------------------+
 Absorbed FE | Categories  - Redundant  = Num. Coefs |
-------------+---------------------------------------|
     isocode |       181         181           0    *|
           y |        28           1          27     |
-----------------------------------------------------+
* = FE nested within cluster; treated as redundant for DoF computation

. postone E cluster_country nbr_g_inv e(widstat) .
SPL [E] cluster_country nbr_g_inv: b =     7.454 (se    5.665)  KP F =    56.8  SWF =       .  N =    4623

. ivreghdfe ln_co2_tot feyrer_int lnpop ln_sea_ma (nbr_g_inv = nbr_f_inv), absorb(isocode y) cluster(srid)
(dropped 1 singleton observations)
(MWFE estimator converged in 5 iterations)

IV (2SLS) estimation
--------------------

Estimates efficient for homoskedasticity only
Statistics robust to heteroskedasticity and clustering on srid

Number of clusters (srid) =         22                Number of obs =     4623
                                                      F(  4,    21) =    13.60
                                                      Prob > F      =   0.0000
Total (centered) SS     =  833.4217532                Centered R2   =   0.0675
Total (uncentered) SS   =  833.4217532                Uncentered R2 =   0.0675
Residual SS             =  777.1527327                Root MSE      =    .4114

------------------------------------------------------------------------------
             |               Robust
  ln_co2_tot |      Coef.   Std. Err.      t    P>|t|     [95% Conf. Interval]
-------------+----------------------------------------------------------------
   nbr_g_inv |   7.453843   5.034526     1.48   0.154    -3.016028    17.92371
  feyrer_int |   .2544531   .3954853     0.64   0.527    -.5680035     1.07691
       lnpop |      .6609   .3417459     1.93   0.067    -.0497996    1.371599
   ln_sea_ma |  -.8516464   1.784151    -0.48   0.638    -4.561992    2.858699
------------------------------------------------------------------------------
Underidentification test (Kleibergen-Paap rk LM statistic):              7.904
                                                   Chi-sq(1) P-val =    0.0049
------------------------------------------------------------------------------
Weak identification test (Cragg-Donald Wald F statistic):              175.337
                         (Kleibergen-Paap rk Wald F statistic):         26.489
Stock-Yogo weak ID test critical values: 10% maximal IV size             16.38
                                         15% maximal IV size              8.96
                                         20% maximal IV size              6.66
                                         25% maximal IV size              5.53
Source: Stock-Yogo (2005).  Reproduced by permission.
NB: Critical values are for Cragg-Donald F statistic and i.i.d. errors.
------------------------------------------------------------------------------
Hansen J statistic (overidentification test of all instruments):         0.000
                                                 (equation exactly identified)
------------------------------------------------------------------------------
Instrumented:         nbr_g_inv
Included instruments: feyrer_int lnpop ln_sea_ma
Excluded instruments: nbr_f_inv
Partialled-out:       _cons
                      nb: total SS, model F and R2s are after partialling-out;
                          any small-sample adjustments include partialled-out
                          variables in regressor count K
------------------------------------------------------------------------------

Absorbed degrees of freedom:
-----------------------------------------------------+
 Absorbed FE | Categories  - Redundant  = Num. Coefs |
-------------+---------------------------------------|
     isocode |       181         181           0    *|
           y |        28           1          27     |
-----------------------------------------------------+
* = FE nested within cluster; treated as redundant for DoF computation

. postone E cluster_subregion nbr_g_inv e(widstat) .
SPL [E] cluster_subregion nbr_g_inv: b =     7.454 (se    5.035)  KP F =    26.5  SWF =       .  N =    4623

. ivreghdfe ln_co2_tot feyrer_int lnpop ln_sea_ma (nbr_g_inv = nbr_f_inv), absorb(isocode y) cluster(isocode y)
(dropped 1 singleton observations)
(MWFE estimator converged in 5 iterations)

IV (2SLS) estimation
--------------------

Estimates efficient for homoskedasticity only
Statistics robust to heteroskedasticity and clustering on isocode and y

Number of clusters (isocode) =     181                Number of obs =     4623
Number of clusters (y) =            28                F(  4,    27) =     5.86
                                                      Prob > F      =   0.0016
Total (centered) SS     =  833.4217532                Centered R2   =   0.0675
Total (uncentered) SS   =  833.4217532                Uncentered R2 =   0.0675
Residual SS             =  777.1527327                Root MSE      =    .4102

------------------------------------------------------------------------------
             |               Robust
  ln_co2_tot |      Coef.   Std. Err.      t    P>|t|     [95% Conf. Interval]
-------------+----------------------------------------------------------------
   nbr_g_inv |   7.453843   5.622516     1.33   0.196    -4.082606    18.99029
  feyrer_int |   .2544531   .3485292     0.73   0.472    -.4606698     .969576
       lnpop |      .6609   .3374434     1.96   0.061    -.0314768    1.353277
   ln_sea_ma |  -.8516464   1.181045    -0.72   0.477     -3.27495    1.571657
------------------------------------------------------------------------------
Underidentification test (Kleibergen-Paap rk LM statistic):              5.223
                                                   Chi-sq(1) P-val =    0.0223
------------------------------------------------------------------------------
Weak identification test (Cragg-Donald Wald F statistic):              176.329
                         (Kleibergen-Paap rk Wald F statistic):         14.567
Stock-Yogo weak ID test critical values: 10% maximal IV size             16.38
                                         15% maximal IV size              8.96
                                         20% maximal IV size              6.66
                                         25% maximal IV size              5.53
Source: Stock-Yogo (2005).  Reproduced by permission.
NB: Critical values are for Cragg-Donald F statistic and i.i.d. errors.
------------------------------------------------------------------------------
Hansen J statistic (overidentification test of all instruments):         0.000
                                                 (equation exactly identified)
------------------------------------------------------------------------------
Instrumented:         nbr_g_inv
Included instruments: feyrer_int lnpop ln_sea_ma
Excluded instruments: nbr_f_inv
Partialled-out:       _cons
                      nb: total SS, model F and R2s are after partialling-out;
                          any small-sample adjustments include partialled-out
                          variables in regressor count K
------------------------------------------------------------------------------

Absorbed degrees of freedom:
-----------------------------------------------------+
 Absorbed FE | Categories  - Redundant  = Num. Coefs |
-------------+---------------------------------------|
     isocode |       181         181           0    *|
           y |        28          28           0    *|
-----------------------------------------------------+
* = FE nested within cluster; treated as redundant for DoF computation

. postone E cluster_twoway nbr_g_inv e(widstat) .
SPL [E] cluster_twoway nbr_g_inv: b =     7.454 (se    5.623)  KP F =    14.6  SWF =       .  N =    4623

. 
. postclose `R'

. preserve

. use "_spill_tmp", clear

. list, clean noobs

    panel                 item             var            b          se           p         kpf         swf     nn  
        A     own_exog_control       nbr_g_inv    3.3226806   .84765966   .00008861   959.25562           .   4623  
        A     own_exog_control     ln_gaci_cwm    3.4096295   .20305196   2.797e-63   959.25562           .   4623  
        A    hybrid_rf_control       nbr_g_inv    7.4538426   1.9936727   .00018494   134.14243           .   4623  
        A    hybrid_rf_control      feyrer_int     .2544531   .12226101   .03741299   134.14243           .   4623  
        A            joint_inv     ln_gaci_cwm   -2.3465246   1.6938956   .16596599   5.1361529   10.370193   4623  
        A            joint_inv       nbr_g_inv    16.178943   3.7360299   .00001488   5.1361529   11.382912   4623  
        A         joint_contig     ln_gaci_cwm    3.4828544   .47352866   1.908e-13   32.657426   65.746758   4623  
        A         joint_contig    nbr_g_contig    1.9338636   .27275848   1.341e-12   32.657426   124.13455   4623  
        A           joint_knn5     ln_gaci_cwm    1.2264692   .64076607    .0556116   23.522452   48.423708   4623  
        A           joint_knn5      nbr_g_knn5    3.5056294   .66247665   1.212e-07   23.522452   49.158336   4623  
        A             joint_b1     ln_gaci_cwm    4.8913787   .52452501   1.106e-20   51.235076   103.70754   4623  
        A             joint_b1        nbr_g_b1    .62430736   .25615601   .01480086   51.235076   223.53096   4623  
        A           joint_k500     ln_gaci_cwm   -2.2908813   1.8742342   .22159324   5.3218899   10.682153   4623  
        A           joint_k500      nbr_g_k500     6.438491   1.7710958   .00027764   5.3218899   11.099766   4623  
        A          joint_k1000     ln_gaci_cwm   -.08152032   .65719989   .90128211   20.528224    41.08387   4623  
        A          joint_k1000     nbr_g_k1000    4.9691005   .77076237   1.141e-10   20.528224   48.732407   4623  
        A           single_inv       nbr_g_inv    7.4700049   1.9953971   .00018139   133.96414           .   4623  
        A        single_contig    nbr_g_contig    2.0514169   .25598779   1.113e-15   1456.3926           .   4623  
        A          single_knn5      nbr_g_knn5    7.0429331   1.9292549   .00026163   14.268949           .   4623  
        A            single_b1        nbr_g_b1    .02123939   .36851613   .95403944   439.28943           .   4623  
        A          single_k500      nbr_g_k500    3.1870983    .7122212   7.646e-06   82.867578           .   4623  
        A         single_k1000     nbr_g_k1000    4.7661204   1.0206638   3.017e-06   116.60646           .   4623  
        B          bands_joint        nbr_g_b1   -.16237263   .40081328    .6853982   2.2333309           .   4623  
        B          bands_joint        nbr_g_b2   -.99598025   .94298309   .29087612   2.2333309           .   4623  
        B          bands_joint        nbr_g_b3     .2876673   1.6875395   .86464405   2.2333309           .   4623  
        B          bands_joint        nbr_g_b4    3.1299575   1.5456143   .04286148   2.2333309           .   4623  
        B          bands_joint        nbr_g_b5   -8.6024081   2.9862619   .00396842   2.2333309           .   4623  
        B   bands_joint_contig    nbr_g_contig    2.0372203   .37777227   6.940e-08   1.8076824           .   4623  
        B   bands_joint_contig        nbr_g_b1   -.13522462   .41598902   .74512979   1.8076824           .   4623  
        B   bands_joint_contig        nbr_g_b2   -1.0618749   .98728023   .28212599   1.8076824           .   4623  
        B   bands_joint_contig        nbr_g_b3   -1.9010854    1.947743   .32904201   1.8076824           .   4623  
        B   bands_joint_contig        nbr_g_b4    3.1732156   1.5837496   .04511192   1.8076824           .   4623  
        B   bands_joint_contig        nbr_g_b5   -6.0318305   3.1007171   .05173867   1.8076824           .   4623  
        B          band_single    nbr_g_contig    2.0514169   .25598779   1.113e-15   1456.3926           .   4623  
        B          band_single        nbr_g_b1    .08719709     .365889   .81163626   603.40206           .   4623  
        B          band_single        nbr_g_b2   -.11435499   .40555283   .77796413   394.42585           .   4623  
        B          band_single        nbr_g_b3    2.5059241   .80173856   .00177435   122.04432           .   4623  
        B          band_single        nbr_g_b4    3.0604322   2.0216929   .13007738   38.009307           .   4623  
        B          band_single        nbr_g_b5   -6.9996841   2.3186654   .00253743   991.09345           .   4623  
        B               kernel      nbr_g_k250    2.2182168   .62862339   .00041762   62.224839           .   4623  
        B          kernel_rmse            k250    .43581467           .           .   62.224839           .   4623  
        B               kernel      nbr_g_k500    3.1815374    .7114871   7.761e-06   82.986527           .   4623  
        B          kernel_rmse            k500    .43443517           .           .   82.986527           .   4623  
        B               kernel     nbr_g_k1000    4.7521045   1.0192785   3.128e-06   116.91155           .   4623  
        B          kernel_rmse           k1000    .42556032           .           .   116.91155           .   4623  
        B               kernel     nbr_g_k2000    5.0709338   1.6356597   .00193365    104.3565           .   4623  
        B          kernel_rmse           k2000    .41745237           .           .    104.3565           .   4623  
        B               kernel     nbr_g_k5000    6.1839947   3.0217259   .04070614   140.41009           .   4623  
        B          kernel_rmse           k5000    .41767404           .           .   140.41009           .   4623  
        C      subregion_inout     nbr_g_inreg    4.1884994   3.5333373   .23585023   .83039374           .   4623  
        C      subregion_inout    nbr_g_outreg    8.2261816   8.1717709   .31409898   .83039374           .   4623  
        C           bloc_inout    nbr_g_inbloc    2.3490985   .31909088   1.814e-13    107.3081           .   4623  
        C           bloc_inout   nbr_g_outbloc    13.624241   2.1707308   3.466e-10    107.3081           .   4623  
        C      regionXyear_inv       nbr_g_inv    16.544985   3.8099209   .00001408   167.16534           .   4621  
        C   regionXyear_contig    nbr_g_contig    2.0729404   .28440942   3.132e-13   651.78521           .   4621  
        C    regionXyear_bands        nbr_g_b1    .84847925   .59869008   .15641682   3.2415888           .   4621  
        C    regionXyear_bands        nbr_g_b2   -.14392687   .57547573   .80250949   3.2415888           .   4621  
        C    regionXyear_bands        nbr_g_b3    1.8441344   1.0862368   .08955915   3.2415888           .   4621  
        C    regionXyear_bands        nbr_g_b4     4.421966   2.2140004    .0457954   3.2415888           .   4621  
        C    regionXyear_bands        nbr_g_b5    2.5536949   5.6943224   .65381883   3.2415888           .   4621  
        C     regionXyear_k500      nbr_g_k500    3.4938413   1.0742733   .00114482   76.018188           .   4621  
        C           het_Africa       nbr_g_inv    2.9361458    10.51762    .7801186   22.280326           .   1219  
        C         het_Americas       nbr_g_inv   -9.6762309   3.0805501    .0016833   44.009736           .    760  
        C             het_Asia       nbr_g_inv    26.375706   9.0680272   .00362994   28.283076           .   1231  
        C           het_Europe       nbr_g_inv    -.4911555   36.414386    .9892385   1.1083834           .   1052  
        C          het_Oceania       nbr_g_inv    1.4464925   2.5117569   .56469039   31.762883           .    361  
        C            het_intl1       nbr_g_inv    17.562284   4.6487483   .00015819   58.088089           .   1643  
        C            het_intl2       nbr_g_inv    1.4338199   5.9271038   .80885065   9.0299012           .   1533  
        C            het_intl3       nbr_g_inv    10.693491   2.8084965   .00014035   52.787305           .   1447  
        D      mech_ln_co2_tot       nbr_g_inv    7.4538426   1.9936727   .00018494   134.14243           .   4623  
        D     mech_ln_co2_intl       nbr_g_inv    10.236604   2.0924736   9.976e-07   134.04901           .   4622  
        D      mech_ln_co2_dom       nbr_g_inv   -1.6288312   5.0170427    .7454387   106.71883           .   3567  
        D          mech_ln_skm       nbr_g_inv    6.1414962   2.0828686   .00319242   134.14243           .   4623  
        D      mech_ln_flights       nbr_g_inv     2.730185    2.215705   .21787552   134.14243           .   4623  
        D        mech_ln_gauge       nbr_g_inv    5.4370232    1.170035   3.370e-06   134.14243           .   4623  
        D        mech_ln_stage       nbr_g_inv    -2.025708   1.0083321   .04454041   134.14243           .   4623  
        D    mech_ln_intensity       nbr_g_inv    1.3123463   .53437937   .01405586   134.14243           .   4623  
        D      mech_intl_share       nbr_g_inv    1.0456447   .28099979   .00019831   134.14243           .   4623  
        E      cluster_country       nbr_g_inv    7.4538426   5.6646877   .18822657   56.818855           .   4623  
        E    cluster_subregion       nbr_g_inv    7.4538426   5.0345261   .13872786   26.489028           .   4623  
        E       cluster_twoway       nbr_g_inv    7.4538426   5.6225156   .18493475    14.56734           .   4623  

. export delimited "_spill_bands.csv", replace
(note: file _spill_bands.csv not found)
file _spill_bands.csv saved

. restore

. erase "_spill_tmp.dta"

. 
. di _n "DONE_SPILL_BANDS"

DONE_SPILL_BANDS

. 
end of do-file
