
  ___  ____  ____  ____  ____ (R)
 /__    /   ____/   /   ____/
___/   /   /___/   /   /___/   16.1   Copyright 1985-2019 StataCorp LLC
  Statistics/Data analysis            StataCorp
                                      4905 Lakeway Drive
     MP - Parallel Edition            College Station, Texas 77845 USA
                                      800-STATA-PC        https://www.stata.com
                                      979-696-4600        stata@stata.com
                                      979-696-4601 (fax)

Stata license: Single-user 12-core  perpetual
Serial number: 501606210961
  Licensed to: Sunbin Yoo
               Kyushu University

Notes:
      1. Stata is running in batch mode.
      2. Unicode is supported; see help unicode_advice.
      3. More than 2 billion observations are allowed; see help obs_advice.
      4. Maximum number of variables is set to 5,000; see help set_maxvar.

. do co2_spill_bands_cl.do 

. * COUNTRY-CLUSTERED COPY generated by _make_cl_dofiles.py on 2026-09-03 from 
> co2_spill_bands.do (vce -> cluster(isocode); outputs *_cl.csv)
. *============================================================================
> ==
. * co2_spill_bands.do   (LZ comment 3, 2026-09-03)
. * Formal spillover analysis.
. *   A  first-order neighbour effect with own GACI controlled
. *      (own exogenous control; hybrid RF control; joint IV under W variants w
> ith
. *       Sanderson-Windmeijer conditional F)
. *   B  distance decay: bands entered jointly and singly; kernel grid; far ban
> d alone
. *   C  regional: within vs out-of-region (UN sub-region; aviation bloc);
. *      region-by-year FE; heterogeneity by receiving region and international
>  share
. *   D  mechanisms of the neighbour effect (own-vs-neighbour table), incl. dom
> estic CO2
. *   E  standard-error variants (cluster sub-region; two-way)
. * Inputs: gaci_panel_combined.csv, co2_country_year.csv, spillover_vars.csv,
. *         spillover_bands.csv
. * Export: _spill_bands.csv (panel item var b se p kpf swf nn)
. *============================================================================
> ==
. clear all

. set more off

. set varabbrev off

. set linesize 255

. version 14

. cd "C:/Users/sunbi/managi-lab Dropbox/Sunbin Yoo/Research Box ^-^/2026/GACI/GACI_CO2"
C:\Users\sunbi\managi-lab Dropbox\Sunbin Yoo\Research Box ^-^\2026\GACI\GACI_CO2

. 
. import delimited "co2_country_year.csv", clear varnames(1) encoding("utf-8")
(20 vars, 6,777 obs)

. keep iso3 year co2_bunker co2_bunker_intl dep_seat_km n_dep_flights dep_seats dep_seat_km_intl

. rename iso3 c

. rename year y

. tempfile co2

. save `co2'
file C:\Users\sunbi\AppData\Local\Temp\ST_b314_000001.tmp saved

. import delimited "spillover_vars.csv", clear varnames(1) encoding("utf-8")
(4 vars, 4,624 obs)

. tempfile sv

. save `sv'
file C:\Users\sunbi\AppData\Local\Temp\ST_b314_000002.tmp saved

. import delimited "spillover_bands.csv", clear varnames(1) encoding("utf-8")
(48 vars, 4,635 obs)

. ds c subregion unregion bloc, not
y             nbr_g_inv     nbr_f_contig  nbr_g_b2      nbr_f_b3      nbr_g_b5      nbr_f_k250    nbr_g_k1000   nbr_f_k2000   nbr_g_knn5    nbr_f_inreg   nbr_g_inbloc  nbr_f_outb~c  has_b1        has_b4
has_contig    nbr_f_inv     nbr_g_b1      nbr_f_b2      nbr_g_b4      nbr_f_b5      nbr_g_k500    nbr_f_k1000   nbr_g_k5000   nbr_f_knn5    nbr_g_outreg  nbr_f_inbloc  has_inreg     has_b2        has_b5
has_bloc      nbr_g_contig  nbr_f_b1      nbr_g_b3      nbr_f_b4      nbr_g_k250    nbr_f_k500    nbr_g_k2000   nbr_f_k5000   nbr_g_inreg   nbr_f_outreg  nbr_g_outb~c  has_inbloc    has_b3

. destring `r(varlist)', replace force
y already numeric; no replace
has_contig already numeric; no replace
has_bloc already numeric; no replace
nbr_g_inv already numeric; no replace
nbr_f_inv already numeric; no replace
nbr_g_contig already numeric; no replace
nbr_f_contig already numeric; no replace
nbr_g_b1 already numeric; no replace
nbr_f_b1 already numeric; no replace
nbr_g_b2 already numeric; no replace
nbr_f_b2 already numeric; no replace
nbr_g_b3 already numeric; no replace
nbr_f_b3 already numeric; no replace
nbr_g_b4 already numeric; no replace
nbr_f_b4 already numeric; no replace
nbr_g_b5 already numeric; no replace
nbr_f_b5 already numeric; no replace
nbr_g_k250 already numeric; no replace
nbr_f_k250 already numeric; no replace
nbr_g_k500 already numeric; no replace
nbr_f_k500 already numeric; no replace
nbr_g_k1000 already numeric; no replace
nbr_f_k1000 already numeric; no replace
nbr_g_k2000 already numeric; no replace
nbr_f_k2000 already numeric; no replace
nbr_g_k5000 already numeric; no replace
nbr_f_k5000 already numeric; no replace
nbr_g_knn5 already numeric; no replace
nbr_f_knn5 already numeric; no replace
nbr_g_inreg already numeric; no replace
nbr_f_inreg already numeric; no replace
nbr_g_outreg already numeric; no replace
nbr_f_outreg already numeric; no replace
nbr_g_inbloc already numeric; no replace
nbr_f_inbloc already numeric; no replace
nbr_g_outbloc already numeric; no replace
nbr_f_outbloc already numeric; no replace
has_inreg already numeric; no replace
has_inbloc already numeric; no replace
has_b1 already numeric; no replace
has_b2 already numeric; no replace
has_b3 already numeric; no replace
has_b4 already numeric; no replace
has_b5 already numeric; no replace

. tempfile sb

. save `sb'
file C:\Users\sunbi\AppData\Local\Temp\ST_b314_000003.tmp saved

. 
. import delimited "../gaci_panel_combined.csv", clear varnames(1) encoding("utf-8")
(44 vars, 4,643 obs)

. ds c reg, not
y             lngdp         ln_gaci_mean  gaci_mean     unesco_cum~t  lnpc          abslat        deg_mean      close_sum     betw_mean     cap_sum       nat_endow     tourism_int   feyrer_int
trade_share   lng           lncap         ln_unesco     lnz           lnpop         n_air         eig_sum       close_mean    regimp_sum    cap_mean      merch_share   tourism_cum   ln_sea_ma
ln_tradevol   ln_gaci_cwm   gaci_cwmean   unesco_cum    lnz_own       lnland        deg_sum       eig_mean      betw_sum      regimp_mean   tour_shift    merch_inte~y  ln_remote     ln_air_ma

. destring `r(varlist)', replace force
y already numeric; no replace
trade_share already numeric; no replace
ln_tradevol already numeric; no replace
lngdp already numeric; no replace
lng already numeric; no replace
ln_gaci_cwm already numeric; no replace
ln_gaci_mean already numeric; no replace
lncap already numeric; no replace
gaci_cwmean already numeric; no replace
gaci_mean already numeric; no replace
ln_unesco already numeric; no replace
unesco_cum already numeric; no replace
unesco_cum_nat already numeric; no replace
lnz already numeric; no replace
lnz_own already numeric; no replace
lnpc already numeric; no replace
lnpop already numeric; no replace
lnland already numeric; no replace
abslat already numeric; no replace
n_air already numeric; no replace
deg_sum already numeric; no replace
deg_mean already numeric; no replace
eig_sum already numeric; no replace
eig_mean already numeric; no replace
close_sum already numeric; no replace
close_mean already numeric; no replace
betw_sum already numeric; no replace
betw_mean already numeric; no replace
regimp_sum already numeric; no replace
regimp_mean already numeric; no replace
cap_sum already numeric; no replace
cap_mean already numeric; no replace
tour_shift already numeric; no replace
nat_endow already numeric; no replace
merch_share already numeric; no replace
merch_intensity already numeric; no replace
tourism_int already numeric; no replace
tourism_cum already numeric; no replace
ln_remote already numeric; no replace
feyrer_int already numeric; no replace
ln_sea_ma already numeric; no replace
ln_air_ma already numeric; no replace

. merge 1:1 c y using `co2', keep(1 3) nogenerate

    Result                           # of obs.
    -----------------------------------------
    not matched                             0
    matched                             4,643  
    -----------------------------------------

. merge 1:1 c y using `sv', keep(1 3) nogenerate

    Result                           # of obs.
    -----------------------------------------
    not matched                            19
        from master                        19  
        from using                          0  

    matched                             4,624  
    -----------------------------------------

. merge 1:1 c y using `sb', keep(1 3) nogenerate

    Result                           # of obs.
    -----------------------------------------
    not matched                             8
        from master                         8  
        from using                          0  

    matched                             4,635  
    -----------------------------------------

. encode c, gen(isocode)

. xtset isocode y
       panel variable:  isocode (unbalanced)
        time variable:  y, 1996 to 2023, but with gaps
                delta:  1 unit

. 
. gen ln_co2_tot = ln(co2_bunker) if co2_bunker > 0

. gen ln_co2_intl = ln(co2_bunker_intl) if co2_bunker_intl > 0

. gen co2_dom = co2_bunker - co2_bunker_intl

. gen ln_co2_dom = ln(co2_dom) if co2_dom > 0
(1,066 missing values generated)

. gen ln_skm = ln(dep_seat_km) if dep_seat_km > 0

. gen ln_intensity = ln_co2_tot - ln_skm

. gen ln_flights = ln(n_dep_flights) if n_dep_flights > 0

. gen ln_gauge = ln(dep_seats/n_dep_flights) if n_dep_flights > 0 & dep_seats > 0

. gen ln_stage = ln(dep_seat_km/dep_seats) if dep_seats > 0 & dep_seat_km > 0

. gen intl_share = dep_seat_km_intl/dep_seat_km if dep_seat_km > 0

. replace intl_share = 1 if intl_share > 1 & !missing(intl_share)
(0 real changes made)

. 
. encode subregion, gen(srid)

. encode unregion, gen(urid)

. egen sry = group(srid y)
(8 missing values generated)

. * baseline international share tercile (earliest observed)
. bysort isocode (y): gen byte first_i = sum(!missing(intl_share)) == 1 & !missing(intl_share)

. gen i0_ = intl_share if first_i
(4,459 missing values generated)

. bysort isocode (i0_): gen intl0 = i0_[1]

. drop i0_ first_i

. preserve

. bysort isocode: keep if _n == 1
(4,459 observations deleted)

. xtile int3 = intl0, nq(3)

. keep isocode int3

. tempfile grp

. save `grp'
file C:\Users\sunbi\AppData\Local\Temp\ST_b314_000005.tmp saved

. restore

. merge m:1 isocode using `grp', nogenerate
(label isocode already defined)

    Result                           # of obs.
    -----------------------------------------
    not matched                             0
    matched                             4,643  
    -----------------------------------------

. 
. capture which ivreghdfe

. if _rc {
.     ssc install ftools, replace
.     ssc install reghdfe, replace
.     ssc install ivreghdfe, replace
. }

. 
. tempname R

. postfile `R' str10 panel str32 item str16 var double(b se p kpf swf) long(nn) using "_spill_tmp_cl", replace
(note: file _spill_tmp_cl.dta not found)

. global RH `R'

. 
. program define postone
  1.     * post coefficient on `v' from the last estimation, with optional swf
.     args panel item v kpf swf
  2.     local bb = _b[`v']
  3.     local sse = _se[`v']
  4.     local pp = 2*normal(-abs(`bb'/`sse'))
  5.     di "SPL [`panel'] `item' `v': b = " %9.3f `bb' " (se " %8.3f `sse' ")  KP F = " %7.1f `kpf' "  SWF = " %7.1f `swf' "  N = " %7.0f e(N)
  6.     post $RH ("`panel'") ("`item'") ("`v'") (`bb') (`sse') (`pp') (`kpf') (`swf') (e(N))
  7. end

. 
. * =====================================================================
. * A) first-order effect with own GACI controlled
. * =====================================================================
. di _n "===== A) own-controlled ====="

===== A) own-controlled =====

. * A1 own as exogenous control (reference column)
. ivreghdfe ln_co2_tot ln_gaci_cwm lnpop ln_sea_ma (nbr_g_inv = nbr_f_inv), absorb(isocode y) cluster(isocode)
(dropped 1 singleton observations)
(MWFE estimator converged in 5 iterations)

IV (2SLS) estimation
--------------------

Estimates efficient for homoskedasticity only
Statistics robust to heteroskedasticity and clustering on isocode

Number of clusters (isocode) =     182                Number of obs =     4634
                                                      F(  4,   181) =    25.00
                                                      Prob > F      =   0.0000
Total (centered) SS     =   776.026185                Centered R2   =   0.3897
Total (uncentered) SS   =   776.026185                Uncentered R2 =   0.3897
Residual SS             =  473.6126021                Root MSE      =    .3208

------------------------------------------------------------------------------
             |               Robust
  ln_co2_tot |      Coef.   Std. Err.      t    P>|t|     [95% Conf. Interval]
-------------+----------------------------------------------------------------
   nbr_g_inv |   2.949797    1.83137     1.61   0.109    -.6637841    6.563378
 ln_gaci_cwm |   3.225205   .4034422     7.99   0.000      2.42915     4.02126
       lnpop |  -.0005013   .1660814    -0.00   0.998     -.328206    .3272034
   ln_sea_ma |   1.921432   .8290552     2.32   0.022     .2855756    3.557288
------------------------------------------------------------------------------
Underidentification test (Kleibergen-Paap rk LM statistic):             60.515
                                                   Chi-sq(1) P-val =    0.0000
------------------------------------------------------------------------------
Weak identification test (Cragg-Donald Wald F statistic):             1375.116
                         (Kleibergen-Paap rk Wald F statistic):        176.434
Stock-Yogo weak ID test critical values: 10% maximal IV size             16.38
                                         15% maximal IV size              8.96
                                         20% maximal IV size              6.66
                                         25% maximal IV size              5.53
Source: Stock-Yogo (2005).  Reproduced by permission.
NB: Critical values are for Cragg-Donald F statistic and i.i.d. errors.
------------------------------------------------------------------------------
Hansen J statistic (overidentification test of all instruments):         0.000
                                                 (equation exactly identified)
------------------------------------------------------------------------------
Instrumented:         nbr_g_inv
Included instruments: ln_gaci_cwm lnpop ln_sea_ma
Excluded instruments: nbr_f_inv
Partialled-out:       _cons
                      nb: total SS, model F and R2s are after partialling-out;
                          any small-sample adjustments include partialled-out
                          variables in regressor count K
------------------------------------------------------------------------------

Absorbed degrees of freedom:
-----------------------------------------------------+
 Absorbed FE | Categories  - Redundant  = Num. Coefs |
-------------+---------------------------------------|
     isocode |       182         182           0    *|
           y |        28           1          27     |
-----------------------------------------------------+
* = FE nested within cluster; treated as redundant for DoF computation

. postone A own_exog_control nbr_g_inv e(widstat) .
SPL [A] own_exog_control nbr_g_inv: b =     2.950 (se    1.831)  KP F =   176.4  SWF =       .  N =    4634

. postone A own_exog_control ln_gaci_cwm e(widstat) .
SPL [A] own_exog_control ln_gaci_cwm: b =     3.225 (se    0.403)  KP F =   176.4  SWF =       .  N =    4634

. * A2 hybrid: own shifter in reduced form (current manuscript specification)
. ivreghdfe ln_co2_tot feyrer_int lnpop ln_sea_ma (nbr_g_inv = nbr_f_inv), absorb(isocode y) cluster(isocode)
(dropped 1 singleton observations)
(MWFE estimator converged in 5 iterations)

IV (2SLS) estimation
--------------------

Estimates efficient for homoskedasticity only
Statistics robust to heteroskedasticity and clustering on isocode

Number of clusters (isocode) =     182                Number of obs =     4634
                                                      F(  4,   181) =     5.99
                                                      Prob > F      =   0.0002
Total (centered) SS     =   776.026185                Centered R2   =   0.0682
Total (uncentered) SS   =   776.026185                Uncentered R2 =   0.0682
Residual SS             =  723.0632495                Root MSE      =    .3963

------------------------------------------------------------------------------
             |               Robust
  ln_co2_tot |      Coef.   Std. Err.      t    P>|t|     [95% Conf. Interval]
-------------+----------------------------------------------------------------
   nbr_g_inv |   6.730448   5.640909     1.19   0.234    -4.399951    17.86085
  feyrer_int |   .2457274   .3579902     0.69   0.493    -.4606436    .9520984
       lnpop |    .654188    .346677     1.89   0.061    -.0298603    1.338236
   ln_sea_ma |  -.7015079   1.181022    -0.59   0.553    -3.031851    1.628835
------------------------------------------------------------------------------
Underidentification test (Kleibergen-Paap rk LM statistic):             25.447
                                                   Chi-sq(1) P-val =    0.0000
------------------------------------------------------------------------------
Weak identification test (Cragg-Donald Wald F statistic):              167.887
                         (Kleibergen-Paap rk Wald F statistic):         52.919
Stock-Yogo weak ID test critical values: 10% maximal IV size             16.38
                                         15% maximal IV size              8.96
                                         20% maximal IV size              6.66
                                         25% maximal IV size              5.53
Source: Stock-Yogo (2005).  Reproduced by permission.
NB: Critical values are for Cragg-Donald F statistic and i.i.d. errors.
------------------------------------------------------------------------------
Hansen J statistic (overidentification test of all instruments):         0.000
                                                 (equation exactly identified)
------------------------------------------------------------------------------
Instrumented:         nbr_g_inv
Included instruments: feyrer_int lnpop ln_sea_ma
Excluded instruments: nbr_f_inv
Partialled-out:       _cons
                      nb: total SS, model F and R2s are after partialling-out;
                          any small-sample adjustments include partialled-out
                          variables in regressor count K
------------------------------------------------------------------------------

Absorbed degrees of freedom:
-----------------------------------------------------+
 Absorbed FE | Categories  - Redundant  = Num. Coefs |
-------------+---------------------------------------|
     isocode |       182         182           0    *|
           y |        28           1          27     |
-----------------------------------------------------+
* = FE nested within cluster; treated as redundant for DoF computation

. postone A hybrid_rf_control nbr_g_inv e(widstat) .
SPL [A] hybrid_rf_control nbr_g_inv: b =     6.730 (se    5.641)  KP F =    52.9  SWF =       .  N =    4634

. postone A hybrid_rf_control feyrer_int e(widstat) .
SPL [A] hybrid_rf_control feyrer_int: b =     0.246 (se    0.358)  KP F =    52.9  SWF =       .  N =    4634

. * A3.. joint IV under alternative W (with SW conditional F)
. foreach W in inv contig knn5 b1 k500 k1000 {
  2.     capture noisily ivreghdfe ln_co2_tot lnpop ln_sea_ma has_contig (ln_gaci_cwm nbr_g_`W' = feyrer_int nbr_f_`W'), absorb(isocode y) cluster(isocode) ffirst
  3.     if _rc == 0 {
  4.         local sw_own = .
  5.         local sw_nbr = .
  6.         capture matrix FS = e(first)
  7.         if _rc == 0 {
  8.             local rn : rownames FS
  9.             local cn : colnames FS
 10.             local ri = 0
 11.             local k = 1
 12.             foreach r of local rn {
 13.                 if "`r'" == "SWF" local ri = `k'
 14.                 local k = `k' + 1
 15.             }
 16.             if `ri' > 0 {
 17.                 local sw_own = FS[`ri', 1]
 18.                 local sw_nbr = FS[`ri', 2]
 19.             }
 20.         }
 21.         postone A joint_`W' ln_gaci_cwm e(widstat) `sw_own'
 22.         postone A joint_`W' nbr_g_`W' e(widstat) `sw_nbr'
 23.     }
 24.     else di as err "JOINT IV FAILED for W = `W'"
 25. }
(dropped 1 singleton observations)
(MWFE estimator converged in 5 iterations)


Summary results for first-stage regressions
-------------------------------------------

                                           (Underid)            (Weak id)
Variable     | F(  2,   181)  P-val | SW Chi-sq(  1) P-val | SW F(  1,   181)
ln_gaci_cwm  |      11.67    0.0000 |        1.50   0.2211 |        1.48
nbr_g_inv    |     147.79    0.0000 |        1.71   0.1910 |        1.69

NB: first-stage test statistics cluster-robust

Stock-Yogo weak ID F test critical values for single endogenous regressor:
                                   10% maximal IV size             19.93
                                   15% maximal IV size             11.59
                                   20% maximal IV size              8.75
                                   25% maximal IV size              7.25
Source: Stock-Yogo (2005).  Reproduced by permission.
NB: Critical values are for i.i.d. errors only.

Underidentification test
Ho: matrix of reduced form coefficients has rank=K1-1 (underidentified)
Ha: matrix has rank=K1 (identified)
Kleibergen-Paap rk LM statistic          Chi-sq(1)=1.47     P-val=0.2258

Weak identification test
Ho: equation is weakly identified
Cragg-Donald Wald F statistic                                       7.88
Kleibergen-Paap Wald rk F statistic                                 0.72

Stock-Yogo weak ID test critical values for K1=2 and L1=2:
                                   10% maximal IV size              7.03
                                   15% maximal IV size              4.58
                                   20% maximal IV size              3.95
                                   25% maximal IV size              3.63
Source: Stock-Yogo (2005).  Reproduced by permission.
NB: Critical values are for Cragg-Donald F statistic and i.i.d. errors.

Weak-instrument-robust inference
Tests of joint significance of endogenous regressors B1 in main equation
Ho: B1=0 and orthogonality conditions are valid
Anderson-Rubin Wald test           F(2,181)=      10.41     P-val=0.0001
Anderson-Rubin Wald test           Chi-sq(2)=     21.08     P-val=0.0000
Stock-Wright LM S statistic        Chi-sq(2)=     19.27     P-val=0.0001

NB: Underidentification, weak identification and weak-identification-robust
    test statistics cluster-robust

Number of clusters             N_clust  =        182
Number of observations               N  =       4634
Number of regressors                 K  =          5
Number of endogenous regressors      K1 =          2
Number of instruments                L  =          5
Number of excluded instruments       L1 =          2

IV (2SLS) estimation
--------------------

Estimates efficient for homoskedasticity only
Statistics robust to heteroskedasticity and clustering on isocode

Number of clusters (isocode) =     182                Number of obs =     4634
                                                      F(  5,   181) =    11.12
                                                      Prob > F      =   0.0000
Total (centered) SS     =   776.026185                Centered R2   =  -0.5324
Total (uncentered) SS   =   776.026185                Uncentered R2 =  -0.5324
Residual SS             =  1189.175131                Root MSE      =    .5083

------------------------------------------------------------------------------
             |               Robust
  ln_co2_tot |      Coef.   Std. Err.      t    P>|t|     [95% Conf. Interval]
-------------+----------------------------------------------------------------
 ln_gaci_cwm |  -2.097706   4.321692    -0.49   0.628    -10.62508    6.429672
   nbr_g_inv |   14.62352   9.215289     1.59   0.114    -3.559688    32.80674
       lnpop |    1.09231   .9344666     1.17   0.244    -.7515395    2.936159
   ln_sea_ma |  -2.394825   3.641903    -0.66   0.512    -9.580871    4.791221
  has_contig |  -.6476721   .2915379    -2.22   0.028    -1.222922   -.0724219
------------------------------------------------------------------------------
Underidentification test (Kleibergen-Paap rk LM statistic):              1.467
                                                   Chi-sq(1) P-val =    0.2258
------------------------------------------------------------------------------
Weak identification test (Cragg-Donald Wald F statistic):                7.883
                         (Kleibergen-Paap rk Wald F statistic):          0.720
Stock-Yogo weak ID test critical values: 10% maximal IV size              7.03
                                         15% maximal IV size              4.58
                                         20% maximal IV size              3.95
                                         25% maximal IV size              3.63
Source: Stock-Yogo (2005).  Reproduced by permission.
NB: Critical values are for Cragg-Donald F statistic and i.i.d. errors.
------------------------------------------------------------------------------
Hansen J statistic (overidentification test of all instruments):         0.000
                                                 (equation exactly identified)
------------------------------------------------------------------------------
Instrumented:         ln_gaci_cwm nbr_g_inv
Included instruments: lnpop ln_sea_ma has_contig
Excluded instruments: feyrer_int nbr_f_inv
Partialled-out:       _cons
                      nb: total SS, model F and R2s are after partialling-out;
                          any small-sample adjustments include partialled-out
                          variables in regressor count K
------------------------------------------------------------------------------

Absorbed degrees of freedom:
-----------------------------------------------------+
 Absorbed FE | Categories  - Redundant  = Num. Coefs |
-------------+---------------------------------------|
     isocode |       182         182           0    *|
           y |        28           1          27     |
-----------------------------------------------------+
* = FE nested within cluster; treated as redundant for DoF computation
SPL [A] joint_inv ln_gaci_cwm: b =    -2.098 (se    4.322)  KP F =     0.7  SWF =     1.5  N =    4634
SPL [A] joint_inv nbr_g_inv: b =    14.624 (se    9.215)  KP F =     0.7  SWF =     1.7  N =    4634
(dropped 1 singleton observations)
(MWFE estimator converged in 5 iterations)


Summary results for first-stage regressions
-------------------------------------------

                                           (Underid)            (Weak id)
Variable     | F(  2,   181)  P-val | SW Chi-sq(  1) P-val | SW F(  1,   181)
ln_gaci_cwm  |       9.59    0.0001 |        6.75   0.0094 |        6.67
nbr_g_contig |     129.96    0.0000 |       13.21   0.0003 |       13.05

NB: first-stage test statistics cluster-robust

Stock-Yogo weak ID F test critical values for single endogenous regressor:
                                   10% maximal IV size             19.93
                                   15% maximal IV size             11.59
                                   20% maximal IV size              8.75
                                   25% maximal IV size              7.25
Source: Stock-Yogo (2005).  Reproduced by permission.
NB: Critical values are for i.i.d. errors only.

Underidentification test
Ho: matrix of reduced form coefficients has rank=K1-1 (underidentified)
Ha: matrix has rank=K1 (identified)
Kleibergen-Paap rk LM statistic          Chi-sq(1)=5.87     P-val=0.0154

Weak identification test
Ho: equation is weakly identified
Cragg-Donald Wald F statistic                                      44.99
Kleibergen-Paap Wald rk F statistic                                 3.29

Stock-Yogo weak ID test critical values for K1=2 and L1=2:
                                   10% maximal IV size              7.03
                                   15% maximal IV size              4.58
                                   20% maximal IV size              3.95
                                   25% maximal IV size              3.63
Source: Stock-Yogo (2005).  Reproduced by permission.
NB: Critical values are for Cragg-Donald F statistic and i.i.d. errors.

Weak-instrument-robust inference
Tests of joint significance of endogenous regressors B1 in main equation
Ho: B1=0 and orthogonality conditions are valid
Anderson-Rubin Wald test           F(2,181)=      15.18     P-val=0.0000
Anderson-Rubin Wald test           Chi-sq(2)=     30.74     P-val=0.0000
Stock-Wright LM S statistic        Chi-sq(2)=     23.25     P-val=0.0000

NB: Underidentification, weak identification and weak-identification-robust
    test statistics cluster-robust

Number of clusters             N_clust  =        182
Number of observations               N  =       4634
Number of regressors                 K  =          5
Number of endogenous regressors      K1 =          2
Number of instruments                L  =          5
Number of excluded instruments       L1 =          2

IV (2SLS) estimation
--------------------

Estimates efficient for homoskedasticity only
Statistics robust to heteroskedasticity and clustering on isocode

Number of clusters (isocode) =     182                Number of obs =     4634
                                                      F(  5,   181) =    31.48
                                                      Prob > F      =   0.0000
Total (centered) SS     =   776.026185                Centered R2   =   0.3712
Total (uncentered) SS   =   776.026185                Uncentered R2 =   0.3712
Residual SS             =  487.9356262                Root MSE      =    .3256

------------------------------------------------------------------------------
             |               Robust
  ln_co2_tot |      Coef.   Std. Err.      t    P>|t|     [95% Conf. Interval]
-------------+----------------------------------------------------------------
 ln_gaci_cwm |   3.212629   1.234496     2.60   0.010     .7767743    5.648484
nbr_g_contig |   1.854442   .6593129     2.81   0.005     .5535144     3.15537
       lnpop |  -.0485682   .2953999    -0.16   0.870    -.6314386    .5343022
   ln_sea_ma |   2.270667   1.380565     1.64   0.102    -.4534051    4.994739
  has_contig |  -.6273087   .1624593    -3.86   0.000    -.9478665    -.306751
------------------------------------------------------------------------------
Underidentification test (Kleibergen-Paap rk LM statistic):              5.868
                                                   Chi-sq(1) P-val =    0.0154
------------------------------------------------------------------------------
Weak identification test (Cragg-Donald Wald F statistic):               44.990
                         (Kleibergen-Paap rk Wald F statistic):          3.287
Stock-Yogo weak ID test critical values: 10% maximal IV size              7.03
                                         15% maximal IV size              4.58
                                         20% maximal IV size              3.95
                                         25% maximal IV size              3.63
Source: Stock-Yogo (2005).  Reproduced by permission.
NB: Critical values are for Cragg-Donald F statistic and i.i.d. errors.
------------------------------------------------------------------------------
Hansen J statistic (overidentification test of all instruments):         0.000
                                                 (equation exactly identified)
------------------------------------------------------------------------------
Instrumented:         ln_gaci_cwm nbr_g_contig
Included instruments: lnpop ln_sea_ma has_contig
Excluded instruments: feyrer_int nbr_f_contig
Partialled-out:       _cons
                      nb: total SS, model F and R2s are after partialling-out;
                          any small-sample adjustments include partialled-out
                          variables in regressor count K
------------------------------------------------------------------------------

Absorbed degrees of freedom:
-----------------------------------------------------+
 Absorbed FE | Categories  - Redundant  = Num. Coefs |
-------------+---------------------------------------|
     isocode |       182         182           0    *|
           y |        28           1          27     |
-----------------------------------------------------+
* = FE nested within cluster; treated as redundant for DoF computation
SPL [A] joint_contig ln_gaci_cwm: b =     3.213 (se    1.234)  KP F =     3.3  SWF =     6.7  N =    4634
SPL [A] joint_contig nbr_g_contig: b =     1.854 (se    0.659)  KP F =     3.3  SWF =    13.0  N =    4634
(dropped 1 singleton observations)
(MWFE estimator converged in 5 iterations)


Summary results for first-stage regressions
-------------------------------------------

                                           (Underid)            (Weak id)
Variable     | F(  2,   181)  P-val | SW Chi-sq(  1) P-val | SW F(  1,   181)
ln_gaci_cwm  |      17.13    0.0000 |        7.22   0.0072 |        7.13
nbr_g_knn5   |      44.24    0.0000 |        6.79   0.0092 |        6.71

NB: first-stage test statistics cluster-robust

Stock-Yogo weak ID F test critical values for single endogenous regressor:
                                   10% maximal IV size             19.93
                                   15% maximal IV size             11.59
                                   20% maximal IV size              8.75
                                   25% maximal IV size              7.25
Source: Stock-Yogo (2005).  Reproduced by permission.
NB: Critical values are for i.i.d. errors only.

Underidentification test
Ho: matrix of reduced form coefficients has rank=K1-1 (underidentified)
Ha: matrix has rank=K1 (identified)
Kleibergen-Paap rk LM statistic          Chi-sq(1)=6.55     P-val=0.0105

Weak identification test
Ho: equation is weakly identified
Cragg-Donald Wald F statistic                                      25.32
Kleibergen-Paap Wald rk F statistic                                 3.39

Stock-Yogo weak ID test critical values for K1=2 and L1=2:
                                   10% maximal IV size              7.03
                                   15% maximal IV size              4.58
                                   20% maximal IV size              3.95
                                   25% maximal IV size              3.63
Source: Stock-Yogo (2005).  Reproduced by permission.
NB: Critical values are for Cragg-Donald F statistic and i.i.d. errors.

Weak-instrument-robust inference
Tests of joint significance of endogenous regressors B1 in main equation
Ho: B1=0 and orthogonality conditions are valid
Anderson-Rubin Wald test           F(2,181)=      11.69     P-val=0.0000
Anderson-Rubin Wald test           Chi-sq(2)=     23.68     P-val=0.0000
Stock-Wright LM S statistic        Chi-sq(2)=     21.36     P-val=0.0000

NB: Underidentification, weak identification and weak-identification-robust
    test statistics cluster-robust

Number of clusters             N_clust  =        182
Number of observations               N  =       4634
Number of regressors                 K  =          5
Number of endogenous regressors      K1 =          2
Number of instruments                L  =          5
Number of excluded instruments       L1 =          2

IV (2SLS) estimation
--------------------

Estimates efficient for homoskedasticity only
Statistics robust to heteroskedasticity and clustering on isocode

Number of clusters (isocode) =     182                Number of obs =     4634
                                                      F(  5,   181) =    19.26
                                                      Prob > F      =   0.0000
Total (centered) SS     =   776.026185                Centered R2   =   0.1389
Total (uncentered) SS   =   776.026185                Uncentered R2 =   0.1389
Residual SS             =  668.2333437                Root MSE      =    .3811

------------------------------------------------------------------------------
             |               Robust
  ln_co2_tot |      Coef.   Std. Err.      t    P>|t|     [95% Conf. Interval]
-------------+----------------------------------------------------------------
 ln_gaci_cwm |   1.130408   1.782858     0.63   0.527     -2.38745    4.648266
  nbr_g_knn5 |   3.264871   1.819777     1.79   0.074    -.3258338    6.855576
       lnpop |   .4827602   .4744827     1.02   0.310    -.4534687    1.418989
   ln_sea_ma |   .1106347   1.918395     0.06   0.954    -3.674661     3.89593
  has_contig |   -.892837   .3872517    -2.31   0.022    -1.656945   -.1287286
------------------------------------------------------------------------------
Underidentification test (Kleibergen-Paap rk LM statistic):              6.552
                                                   Chi-sq(1) P-val =    0.0105
------------------------------------------------------------------------------
Weak identification test (Cragg-Donald Wald F statistic):               25.315
                         (Kleibergen-Paap rk Wald F statistic):          3.393
Stock-Yogo weak ID test critical values: 10% maximal IV size              7.03
                                         15% maximal IV size              4.58
                                         20% maximal IV size              3.95
                                         25% maximal IV size              3.63
Source: Stock-Yogo (2005).  Reproduced by permission.
NB: Critical values are for Cragg-Donald F statistic and i.i.d. errors.
------------------------------------------------------------------------------
Hansen J statistic (overidentification test of all instruments):         0.000
                                                 (equation exactly identified)
------------------------------------------------------------------------------
Instrumented:         ln_gaci_cwm nbr_g_knn5
Included instruments: lnpop ln_sea_ma has_contig
Excluded instruments: feyrer_int nbr_f_knn5
Partialled-out:       _cons
                      nb: total SS, model F and R2s are after partialling-out;
                          any small-sample adjustments include partialled-out
                          variables in regressor count K
------------------------------------------------------------------------------

Absorbed degrees of freedom:
-----------------------------------------------------+
 Absorbed FE | Categories  - Redundant  = Num. Coefs |
-------------+---------------------------------------|
     isocode |       182         182           0    *|
           y |        28           1          27     |
-----------------------------------------------------+
* = FE nested within cluster; treated as redundant for DoF computation
SPL [A] joint_knn5 ln_gaci_cwm: b =     1.130 (se    1.783)  KP F =     3.4  SWF =     7.1  N =    4634
SPL [A] joint_knn5 nbr_g_knn5: b =     3.265 (se    1.820)  KP F =     3.4  SWF =     6.7  N =    4634
(dropped 1 singleton observations)
(MWFE estimator converged in 5 iterations)


Summary results for first-stage regressions
-------------------------------------------

                                           (Underid)            (Weak id)
Variable     | F(  2,   181)  P-val | SW Chi-sq(  1) P-val | SW F(  1,   181)
ln_gaci_cwm  |       9.65    0.0001 |       13.57   0.0002 |       13.40
nbr_g_b1     |      44.10    0.0000 |       26.71   0.0000 |       26.39

NB: first-stage test statistics cluster-robust

Stock-Yogo weak ID F test critical values for single endogenous regressor:
                                   10% maximal IV size             19.93
                                   15% maximal IV size             11.59
                                   20% maximal IV size              8.75
                                   25% maximal IV size              7.25
Source: Stock-Yogo (2005).  Reproduced by permission.
NB: Critical values are for i.i.d. errors only.

Underidentification test
Ho: matrix of reduced form coefficients has rank=K1-1 (underidentified)
Ha: matrix has rank=K1 (identified)
Kleibergen-Paap rk LM statistic          Chi-sq(1)=11.18    P-val=0.0008

Weak identification test
Ho: equation is weakly identified
Cragg-Donald Wald F statistic                                      66.92
Kleibergen-Paap Wald rk F statistic                                 6.65

Stock-Yogo weak ID test critical values for K1=2 and L1=2:
                                   10% maximal IV size              7.03
                                   15% maximal IV size              4.58
                                   20% maximal IV size              3.95
                                   25% maximal IV size              3.63
Source: Stock-Yogo (2005).  Reproduced by permission.
NB: Critical values are for Cragg-Donald F statistic and i.i.d. errors.

Weak-instrument-robust inference
Tests of joint significance of endogenous regressors B1 in main equation
Ho: B1=0 and orthogonality conditions are valid
Anderson-Rubin Wald test           F(2,181)=      10.52     P-val=0.0000
Anderson-Rubin Wald test           Chi-sq(2)=     21.30     P-val=0.0000
Stock-Wright LM S statistic        Chi-sq(2)=     18.91     P-val=0.0001

NB: Underidentification, weak identification and weak-identification-robust
    test statistics cluster-robust

Number of clusters             N_clust  =        182
Number of observations               N  =       4634
Number of regressors                 K  =          5
Number of endogenous regressors      K1 =          2
Number of instruments                L  =          5
Number of excluded instruments       L1 =          2

IV (2SLS) estimation
--------------------

Estimates efficient for homoskedasticity only
Statistics robust to heteroskedasticity and clustering on isocode

Number of clusters (isocode) =     182                Number of obs =     4634
                                                      F(  5,   181) =    27.00
                                                      Prob > F      =   0.0000
Total (centered) SS     =   776.026185                Centered R2   =   0.3554
Total (uncentered) SS   =   776.026185                Uncentered R2 =   0.3554
Residual SS             =  500.2338969                Root MSE      =    .3297

------------------------------------------------------------------------------
             |               Robust
  ln_co2_tot |      Coef.   Std. Err.      t    P>|t|     [95% Conf. Interval]
-------------+----------------------------------------------------------------
 ln_gaci_cwm |   4.294524    1.21673     3.53   0.001     1.893724    6.695324
    nbr_g_b1 |   .8181641   .6151087     1.33   0.185    -.3955418     2.03187
       lnpop |  -.2778422   .2840441    -0.98   0.329    -.8383058    .2826214
   ln_sea_ma |   3.042464   1.366213     2.23   0.027      .346711    5.738216
  has_contig |  -.1826229   .0326218    -5.60   0.000    -.2469909   -.1182549
------------------------------------------------------------------------------
Underidentification test (Kleibergen-Paap rk LM statistic):             11.180
                                                   Chi-sq(1) P-val =    0.0008
------------------------------------------------------------------------------
Weak identification test (Cragg-Donald Wald F statistic):               66.918
                         (Kleibergen-Paap rk Wald F statistic):          6.650
Stock-Yogo weak ID test critical values: 10% maximal IV size              7.03
                                         15% maximal IV size              4.58
                                         20% maximal IV size              3.95
                                         25% maximal IV size              3.63
Source: Stock-Yogo (2005).  Reproduced by permission.
NB: Critical values are for Cragg-Donald F statistic and i.i.d. errors.
------------------------------------------------------------------------------
Hansen J statistic (overidentification test of all instruments):         0.000
                                                 (equation exactly identified)
------------------------------------------------------------------------------
Instrumented:         ln_gaci_cwm nbr_g_b1
Included instruments: lnpop ln_sea_ma has_contig
Excluded instruments: feyrer_int nbr_f_b1
Partialled-out:       _cons
                      nb: total SS, model F and R2s are after partialling-out;
                          any small-sample adjustments include partialled-out
                          variables in regressor count K
------------------------------------------------------------------------------

Absorbed degrees of freedom:
-----------------------------------------------------+
 Absorbed FE | Categories  - Redundant  = Num. Coefs |
-------------+---------------------------------------|
     isocode |       182         182           0    *|
           y |        28           1          27     |
-----------------------------------------------------+
* = FE nested within cluster; treated as redundant for DoF computation
SPL [A] joint_b1 ln_gaci_cwm: b =     4.295 (se    1.217)  KP F =     6.6  SWF =    13.4  N =    4634
SPL [A] joint_b1 nbr_g_b1: b =     0.818 (se    0.615)  KP F =     6.6  SWF =    26.4  N =    4634
(dropped 1 singleton observations)
(MWFE estimator converged in 5 iterations)


Summary results for first-stage regressions
-------------------------------------------

                                           (Underid)            (Weak id)
Variable     | F(  2,   181)  P-val | SW Chi-sq(  1) P-val | SW F(  1,   181)
ln_gaci_cwm  |      16.91    0.0000 |        1.35   0.2444 |        1.34
nbr_g_k500   |      61.07    0.0000 |        1.36   0.2442 |        1.34

NB: first-stage test statistics cluster-robust

Stock-Yogo weak ID F test critical values for single endogenous regressor:
                                   10% maximal IV size             19.93
                                   15% maximal IV size             11.59
                                   20% maximal IV size              8.75
                                   25% maximal IV size              7.25
Source: Stock-Yogo (2005).  Reproduced by permission.
NB: Critical values are for i.i.d. errors only.

Underidentification test
Ho: matrix of reduced form coefficients has rank=K1-1 (underidentified)
Ha: matrix has rank=K1 (identified)
Kleibergen-Paap rk LM statistic          Chi-sq(1)=1.31     P-val=0.2518

Weak identification test
Ho: equation is weakly identified
Cragg-Donald Wald F statistic                                       8.11
Kleibergen-Paap Wald rk F statistic                                 0.66

Stock-Yogo weak ID test critical values for K1=2 and L1=2:
                                   10% maximal IV size              7.03
                                   15% maximal IV size              4.58
                                   20% maximal IV size              3.95
                                   25% maximal IV size              3.63
Source: Stock-Yogo (2005).  Reproduced by permission.
NB: Critical values are for Cragg-Donald F statistic and i.i.d. errors.

Weak-instrument-robust inference
Tests of joint significance of endogenous regressors B1 in main equation
Ho: B1=0 and orthogonality conditions are valid
Anderson-Rubin Wald test           F(2,181)=      11.56     P-val=0.0000
Anderson-Rubin Wald test           Chi-sq(2)=     23.40     P-val=0.0000
Stock-Wright LM S statistic        Chi-sq(2)=     20.57     P-val=0.0000

NB: Underidentification, weak identification and weak-identification-robust
    test statistics cluster-robust

Number of clusters             N_clust  =        182
Number of observations               N  =       4634
Number of regressors                 K  =          5
Number of endogenous regressors      K1 =          2
Number of instruments                L  =          5
Number of excluded instruments       L1 =          2

IV (2SLS) estimation
--------------------

Estimates efficient for homoskedasticity only
Statistics robust to heteroskedasticity and clustering on isocode

Number of clusters (isocode) =     182                Number of obs =     4634
                                                      F(  5,   181) =     8.34
                                                      Prob > F      =   0.0000
Total (centered) SS     =   776.026185                Centered R2   =  -0.7847
Total (uncentered) SS   =   776.026185                Uncentered R2 =  -0.7847
Residual SS             =  1384.951865                Root MSE      =    .5486

------------------------------------------------------------------------------
             |               Robust
  ln_co2_tot |      Coef.   Std. Err.      t    P>|t|     [95% Conf. Interval]
-------------+----------------------------------------------------------------
 ln_gaci_cwm |  -2.193743   5.374231    -0.41   0.684    -12.79794    8.410458
  nbr_g_k500 |   5.987737   5.030797     1.19   0.236    -3.938814    15.91429
       lnpop |   .9823477   1.093322     0.90   0.370    -1.174949    3.139645
   ln_sea_ma |  -1.995334   3.877869    -0.51   0.607    -9.646978     5.65631
  has_contig |  -.8993195   .5878972    -1.53   0.128    -2.059333    .2606939
------------------------------------------------------------------------------
Underidentification test (Kleibergen-Paap rk LM statistic):              1.313
                                                   Chi-sq(1) P-val =    0.2518
------------------------------------------------------------------------------
Weak identification test (Cragg-Donald Wald F statistic):                8.108
                         (Kleibergen-Paap rk Wald F statistic):          0.657
Stock-Yogo weak ID test critical values: 10% maximal IV size              7.03
                                         15% maximal IV size              4.58
                                         20% maximal IV size              3.95
                                         25% maximal IV size              3.63
Source: Stock-Yogo (2005).  Reproduced by permission.
NB: Critical values are for Cragg-Donald F statistic and i.i.d. errors.
------------------------------------------------------------------------------
Hansen J statistic (overidentification test of all instruments):         0.000
                                                 (equation exactly identified)
------------------------------------------------------------------------------
Instrumented:         ln_gaci_cwm nbr_g_k500
Included instruments: lnpop ln_sea_ma has_contig
Excluded instruments: feyrer_int nbr_f_k500
Partialled-out:       _cons
                      nb: total SS, model F and R2s are after partialling-out;
                          any small-sample adjustments include partialled-out
                          variables in regressor count K
------------------------------------------------------------------------------

Absorbed degrees of freedom:
-----------------------------------------------------+
 Absorbed FE | Categories  - Redundant  = Num. Coefs |
-------------+---------------------------------------|
     isocode |       182         182           0    *|
           y |        28           1          27     |
-----------------------------------------------------+
* = FE nested within cluster; treated as redundant for DoF computation
SPL [A] joint_k500 ln_gaci_cwm: b =    -2.194 (se    5.374)  KP F =     0.7  SWF =     1.3  N =    4634
SPL [A] joint_k500 nbr_g_k500: b =     5.988 (se    5.031)  KP F =     0.7  SWF =     1.3  N =    4634
(dropped 1 singleton observations)
(MWFE estimator converged in 5 iterations)


Summary results for first-stage regressions
-------------------------------------------

                                           (Underid)            (Weak id)
Variable     | F(  2,   181)  P-val | SW Chi-sq(  1) P-val | SW F(  1,   181)
ln_gaci_cwm  |      18.13    0.0000 |        5.40   0.0202 |        5.33
nbr_g_k1000  |     121.01    0.0000 |        6.18   0.0129 |        6.11

NB: first-stage test statistics cluster-robust

Stock-Yogo weak ID F test critical values for single endogenous regressor:
                                   10% maximal IV size             19.93
                                   15% maximal IV size             11.59
                                   20% maximal IV size              8.75
                                   25% maximal IV size              7.25
Source: Stock-Yogo (2005).  Reproduced by permission.
NB: Critical values are for i.i.d. errors only.

Underidentification test
Ho: matrix of reduced form coefficients has rank=K1-1 (underidentified)
Ha: matrix has rank=K1 (identified)
Kleibergen-Paap rk LM statistic          Chi-sq(1)=4.70     P-val=0.0302

Weak identification test
Ho: equation is weakly identified
Cragg-Donald Wald F statistic                                      29.13
Kleibergen-Paap Wald rk F statistic                                 2.65

Stock-Yogo weak ID test critical values for K1=2 and L1=2:
                                   10% maximal IV size              7.03
                                   15% maximal IV size              4.58
                                   20% maximal IV size              3.95
                                   25% maximal IV size              3.63
Source: Stock-Yogo (2005).  Reproduced by permission.
NB: Critical values are for Cragg-Donald F statistic and i.i.d. errors.

Weak-instrument-robust inference
Tests of joint significance of endogenous regressors B1 in main equation
Ho: B1=0 and orthogonality conditions are valid
Anderson-Rubin Wald test           F(2,181)=      11.32     P-val=0.0000
Anderson-Rubin Wald test           Chi-sq(2)=     22.92     P-val=0.0000
Stock-Wright LM S statistic        Chi-sq(2)=     20.49     P-val=0.0000

NB: Underidentification, weak identification and weak-identification-robust
    test statistics cluster-robust

Number of clusters             N_clust  =        182
Number of observations               N  =       4634
Number of regressors                 K  =          5
Number of endogenous regressors      K1 =          2
Number of instruments                L  =          5
Number of excluded instruments       L1 =          2

IV (2SLS) estimation
--------------------

Estimates efficient for homoskedasticity only
Statistics robust to heteroskedasticity and clustering on isocode

Number of clusters (isocode) =     182                Number of obs =     4634
                                                      F(  5,   181) =    16.83
                                                      Prob > F      =   0.0000
Total (centered) SS     =   776.026185                Centered R2   =  -0.0139
Total (uncentered) SS   =   776.026185                Uncentered R2 =  -0.0139
Residual SS             =  786.8021988                Root MSE      =    .4135

------------------------------------------------------------------------------
             |               Robust
  ln_co2_tot |      Coef.   Std. Err.      t    P>|t|     [95% Conf. Interval]
-------------+----------------------------------------------------------------
 ln_gaci_cwm |   -.257514   1.940636    -0.13   0.895    -4.086694    3.571666
 nbr_g_k1000 |   4.749825    2.24547     2.12   0.036     .3191599    9.180491
       lnpop |   .6737986   .5069368     1.33   0.185    -.3264673    1.674064
   ln_sea_ma |  -.9382038   1.845048    -0.51   0.612    -4.578774    2.702366
  has_contig |  -.5636547   .1761566    -3.20   0.002    -.9112393   -.2160701
------------------------------------------------------------------------------
Underidentification test (Kleibergen-Paap rk LM statistic):              4.696
                                                   Chi-sq(1) P-val =    0.0302
------------------------------------------------------------------------------
Weak identification test (Cragg-Donald Wald F statistic):               29.130
                         (Kleibergen-Paap rk Wald F statistic):          2.655
Stock-Yogo weak ID test critical values: 10% maximal IV size              7.03
                                         15% maximal IV size              4.58
                                         20% maximal IV size              3.95
                                         25% maximal IV size              3.63
Source: Stock-Yogo (2005).  Reproduced by permission.
NB: Critical values are for Cragg-Donald F statistic and i.i.d. errors.
------------------------------------------------------------------------------
Hansen J statistic (overidentification test of all instruments):         0.000
                                                 (equation exactly identified)
------------------------------------------------------------------------------
Instrumented:         ln_gaci_cwm nbr_g_k1000
Included instruments: lnpop ln_sea_ma has_contig
Excluded instruments: feyrer_int nbr_f_k1000
Partialled-out:       _cons
                      nb: total SS, model F and R2s are after partialling-out;
                          any small-sample adjustments include partialled-out
                          variables in regressor count K
------------------------------------------------------------------------------

Absorbed degrees of freedom:
-----------------------------------------------------+
 Absorbed FE | Categories  - Redundant  = Num. Coefs |
-------------+---------------------------------------|
     isocode |       182         182           0    *|
           y |        28           1          27     |
-----------------------------------------------------+
* = FE nested within cluster; treated as redundant for DoF computation
SPL [A] joint_k1000 ln_gaci_cwm: b =    -0.258 (se    1.941)  KP F =     2.7  SWF =     5.3  N =    4634
SPL [A] joint_k1000 nbr_g_k1000: b =     4.750 (se    2.245)  KP F =     2.7  SWF =     6.1  N =    4634

. * A4 single-endogenous neighbour effect under each W, hybrid control (for comparability)
. foreach W in inv contig knn5 b1 k500 k1000 {
  2.     capture noisily ivreghdfe ln_co2_tot feyrer_int lnpop ln_sea_ma has_contig (nbr_g_`W' = nbr_f_`W'), absorb(isocode y) cluster(isocode)
  3.     if _rc == 0 postone A single_`W' nbr_g_`W' e(widstat) .
  4. }
(dropped 1 singleton observations)
(MWFE estimator converged in 5 iterations)

IV (2SLS) estimation
--------------------

Estimates efficient for homoskedasticity only
Statistics robust to heteroskedasticity and clustering on isocode

Number of clusters (isocode) =     182                Number of obs =     4634
                                                      F(  5,   181) =    18.86
                                                      Prob > F      =   0.0000
Total (centered) SS     =   776.026185                Centered R2   =   0.0684
Total (uncentered) SS   =   776.026185                Uncentered R2 =   0.0684
Residual SS             =  722.9301102                Root MSE      =    .3963

------------------------------------------------------------------------------
             |               Robust
  ln_co2_tot |      Coef.   Std. Err.      t    P>|t|     [95% Conf. Interval]
-------------+----------------------------------------------------------------
   nbr_g_inv |   6.746123    5.64464     1.20   0.234    -4.391638    17.88388
  feyrer_int |   .2450123   .3581151     0.68   0.495    -.4616049    .9516296
       lnpop |   .6542233   .3466365     1.89   0.061     -.029745    1.338191
   ln_sea_ma |   -.697266   1.180935    -0.59   0.556    -3.027437    1.632905
  has_contig |  -.4523345   .1111074    -4.07   0.000    -.6715667   -.2331022
------------------------------------------------------------------------------
Underidentification test (Kleibergen-Paap rk LM statistic):             25.424
                                                   Chi-sq(1) P-val =    0.0000
------------------------------------------------------------------------------
Weak identification test (Cragg-Donald Wald F statistic):              167.709
                         (Kleibergen-Paap rk Wald F statistic):         52.842
Stock-Yogo weak ID test critical values: 10% maximal IV size             16.38
                                         15% maximal IV size              8.96
                                         20% maximal IV size              6.66
                                         25% maximal IV size              5.53
Source: Stock-Yogo (2005).  Reproduced by permission.
NB: Critical values are for Cragg-Donald F statistic and i.i.d. errors.
------------------------------------------------------------------------------
Hansen J statistic (overidentification test of all instruments):         0.000
                                                 (equation exactly identified)
------------------------------------------------------------------------------
Instrumented:         nbr_g_inv
Included instruments: feyrer_int lnpop ln_sea_ma has_contig
Excluded instruments: nbr_f_inv
Partialled-out:       _cons
                      nb: total SS, model F and R2s are after partialling-out;
                          any small-sample adjustments include partialled-out
                          variables in regressor count K
------------------------------------------------------------------------------

Absorbed degrees of freedom:
-----------------------------------------------------+
 Absorbed FE | Categories  - Redundant  = Num. Coefs |
-------------+---------------------------------------|
     isocode |       182         182           0    *|
           y |        28           1          27     |
-----------------------------------------------------+
* = FE nested within cluster; treated as redundant for DoF computation
SPL [A] single_inv nbr_g_inv: b =     6.746 (se    5.645)  KP F =    52.8  SWF =       .  N =    4634
(dropped 1 singleton observations)
(MWFE estimator converged in 5 iterations)

IV (2SLS) estimation
--------------------

Estimates efficient for homoskedasticity only
Statistics robust to heteroskedasticity and clustering on isocode

Number of clusters (isocode) =     182                Number of obs =     4634
                                                      F(  5,   181) =    20.28
                                                      Prob > F      =   0.0000
Total (centered) SS     =   776.026185                Centered R2   =   0.0673
Total (uncentered) SS   =   776.026185                Uncentered R2 =   0.0673
Residual SS             =  723.8346344                Root MSE      =    .3966

------------------------------------------------------------------------------
             |               Robust
  ln_co2_tot |      Coef.   Std. Err.      t    P>|t|     [95% Conf. Interval]
-------------+----------------------------------------------------------------
nbr_g_contig |   1.958525   .6077142     3.22   0.002     .7594092     3.15764
  feyrer_int |   .3960861   .1706971     2.32   0.021     .0592739    .7328983
       lnpop |   .5980043   .3223492     1.86   0.065    -.0380412     1.23405
   ln_sea_ma |  -.4188783   1.191293    -0.35   0.726    -2.769487     1.93173
  has_contig |  -.7412985   .1385001    -5.35   0.000    -1.014581    -.468016
------------------------------------------------------------------------------
Underidentification test (Kleibergen-Paap rk LM statistic):             30.371
                                                   Chi-sq(1) P-val =    0.0000
------------------------------------------------------------------------------
Weak identification test (Cragg-Donald Wald F statistic):              578.562
                         (Kleibergen-Paap rk Wald F statistic):        168.002
Stock-Yogo weak ID test critical values: 10% maximal IV size             16.38
                                         15% maximal IV size              8.96
                                         20% maximal IV size              6.66
                                         25% maximal IV size              5.53
Source: Stock-Yogo (2005).  Reproduced by permission.
NB: Critical values are for Cragg-Donald F statistic and i.i.d. errors.
------------------------------------------------------------------------------
Hansen J statistic (overidentification test of all instruments):         0.000
                                                 (equation exactly identified)
------------------------------------------------------------------------------
Instrumented:         nbr_g_contig
Included instruments: feyrer_int lnpop ln_sea_ma has_contig
Excluded instruments: nbr_f_contig
Partialled-out:       _cons
                      nb: total SS, model F and R2s are after partialling-out;
                          any small-sample adjustments include partialled-out
                          variables in regressor count K
------------------------------------------------------------------------------

Absorbed degrees of freedom:
-----------------------------------------------------+
 Absorbed FE | Categories  - Redundant  = Num. Coefs |
-------------+---------------------------------------|
     isocode |       182         182           0    *|
           y |        28           1          27     |
-----------------------------------------------------+
* = FE nested within cluster; treated as redundant for DoF computation
SPL [A] single_contig nbr_g_contig: b =     1.959 (se    0.608)  KP F =   168.0  SWF =       .  N =    4634
(dropped 1 singleton observations)
(MWFE estimator converged in 5 iterations)

IV (2SLS) estimation
--------------------

Estimates efficient for homoskedasticity only
Statistics robust to heteroskedasticity and clustering on isocode

Number of clusters (isocode) =     182                Number of obs =     4634
                                                      F(  5,   181) =    10.48
                                                      Prob > F      =   0.0000
Total (centered) SS     =   776.026185                Centered R2   =  -0.4443
Total (uncentered) SS   =   776.026185                Uncentered R2 =  -0.4443
Residual SS             =  1120.806835                Root MSE      =    .4935

------------------------------------------------------------------------------
             |               Robust
  ln_co2_tot |      Coef.   Std. Err.      t    P>|t|     [95% Conf. Interval]
-------------+----------------------------------------------------------------
  nbr_g_knn5 |   6.676463   5.652967     1.18   0.239    -4.477728    17.83065
  feyrer_int |  -.4196417   .9596318    -0.44   0.662    -2.313146    1.473863
       lnpop |   .7833735   .3763762     2.08   0.039     .0407242    1.526023
   ln_sea_ma |   -.930391   1.514948    -0.61   0.540    -3.919621    2.058839
  has_contig |  -1.540445    1.02474    -1.50   0.135    -3.562418    .4815267
------------------------------------------------------------------------------
Underidentification test (Kleibergen-Paap rk LM statistic):              1.240
                                                   Chi-sq(1) P-val =    0.2655
------------------------------------------------------------------------------
Weak identification test (Cragg-Donald Wald F statistic):               27.977
                         (Kleibergen-Paap rk Wald F statistic):          1.389
Stock-Yogo weak ID test critical values: 10% maximal IV size             16.38
                                         15% maximal IV size              8.96
                                         20% maximal IV size              6.66
                                         25% maximal IV size              5.53
Source: Stock-Yogo (2005).  Reproduced by permission.
NB: Critical values are for Cragg-Donald F statistic and i.i.d. errors.
------------------------------------------------------------------------------
Hansen J statistic (overidentification test of all instruments):         0.000
                                                 (equation exactly identified)
------------------------------------------------------------------------------
Instrumented:         nbr_g_knn5
Included instruments: feyrer_int lnpop ln_sea_ma has_contig
Excluded instruments: nbr_f_knn5
Partialled-out:       _cons
                      nb: total SS, model F and R2s are after partialling-out;
                          any small-sample adjustments include partialled-out
                          variables in regressor count K
------------------------------------------------------------------------------

Absorbed degrees of freedom:
-----------------------------------------------------+
 Absorbed FE | Categories  - Redundant  = Num. Coefs |
-------------+---------------------------------------|
     isocode |       182         182           0    *|
           y |        28           1          27     |
-----------------------------------------------------+
* = FE nested within cluster; treated as redundant for DoF computation
SPL [A] single_knn5 nbr_g_knn5: b =     6.676 (se    5.653)  KP F =     1.4  SWF =       .  N =    4634
(dropped 1 singleton observations)
(MWFE estimator converged in 5 iterations)

IV (2SLS) estimation
--------------------

Estimates efficient for homoskedasticity only
Statistics robust to heteroskedasticity and clustering on isocode

Number of clusters (isocode) =     182                Number of obs =     4634
                                                      F(  5,   181) =    19.08
                                                      Prob > F      =   0.0000
Total (centered) SS     =   776.026185                Centered R2   =   0.0590
Total (uncentered) SS   =   776.026185                Uncentered R2 =   0.0590
Residual SS             =  730.2507191                Root MSE      =    .3983

------------------------------------------------------------------------------
             |               Robust
  ln_co2_tot |      Coef.   Std. Err.      t    P>|t|     [95% Conf. Interval]
-------------+----------------------------------------------------------------
    nbr_g_b1 |   .2826786   .8539531     0.33   0.741    -1.402305    1.967662
  feyrer_int |   .6382928   .1951827     3.27   0.001     .2531667    1.023419
       lnpop |   .6238327   .3557392     1.75   0.081    -.0780965    1.325762
   ln_sea_ma |  -.6951011   1.209187    -0.57   0.566    -3.081018    1.690816
  has_contig |  -.3262291   .0511929    -6.37   0.000    -.4272407   -.2252175
------------------------------------------------------------------------------
Underidentification test (Kleibergen-Paap rk LM statistic):             36.655
                                                   Chi-sq(1) P-val =    0.0000
------------------------------------------------------------------------------
Weak identification test (Cragg-Donald Wald F statistic):              594.382
                         (Kleibergen-Paap rk Wald F statistic):         49.192
Stock-Yogo weak ID test critical values: 10% maximal IV size             16.38
                                         15% maximal IV size              8.96
                                         20% maximal IV size              6.66
                                         25% maximal IV size              5.53
Source: Stock-Yogo (2005).  Reproduced by permission.
NB: Critical values are for Cragg-Donald F statistic and i.i.d. errors.
------------------------------------------------------------------------------
Hansen J statistic (overidentification test of all instruments):         0.000
                                                 (equation exactly identified)
------------------------------------------------------------------------------
Instrumented:         nbr_g_b1
Included instruments: feyrer_int lnpop ln_sea_ma has_contig
Excluded instruments: nbr_f_b1
Partialled-out:       _cons
                      nb: total SS, model F and R2s are after partialling-out;
                          any small-sample adjustments include partialled-out
                          variables in regressor count K
------------------------------------------------------------------------------

Absorbed degrees of freedom:
-----------------------------------------------------+
 Absorbed FE | Categories  - Redundant  = Num. Coefs |
-------------+---------------------------------------|
     isocode |       182         182           0    *|
           y |        28           1          27     |
-----------------------------------------------------+
* = FE nested within cluster; treated as redundant for DoF computation
SPL [A] single_b1 nbr_g_b1: b =     0.283 (se    0.854)  KP F =    49.2  SWF =       .  N =    4634
(dropped 1 singleton observations)
(MWFE estimator converged in 5 iterations)

IV (2SLS) estimation
--------------------

Estimates efficient for homoskedasticity only
Statistics robust to heteroskedasticity and clustering on isocode

Number of clusters (isocode) =     182                Number of obs =     4634
                                                      F(  5,   181) =    16.42
                                                      Prob > F      =   0.0000
Total (centered) SS     =   776.026185                Centered R2   =   0.0114
Total (uncentered) SS   =   776.026185                Uncentered R2 =   0.0114
Residual SS             =  767.1623992                Root MSE      =    .4083

------------------------------------------------------------------------------
             |               Robust
  ln_co2_tot |      Coef.   Std. Err.      t    P>|t|     [95% Conf. Interval]
-------------+----------------------------------------------------------------
  nbr_g_k500 |   2.822977   2.159444     1.31   0.193    -1.437946    7.083899
  feyrer_int |    .229545   .3845041     0.60   0.551    -.5291421     .988232
       lnpop |   .5935058    .348914     1.70   0.091    -.0949564    1.281968
   ln_sea_ma |  -.4694392    1.19734    -0.39   0.695    -2.831979    1.893101
  has_contig |  -.5722126    .186458    -3.07   0.002    -.9401236   -.2043016
------------------------------------------------------------------------------
Underidentification test (Kleibergen-Paap rk LM statistic):              6.309
                                                   Chi-sq(1) P-val =    0.0120
------------------------------------------------------------------------------
Weak identification test (Cragg-Donald Wald F statistic):              150.947
                         (Kleibergen-Paap rk Wald F statistic):          9.181
Stock-Yogo weak ID test critical values: 10% maximal IV size             16.38
                                         15% maximal IV size              8.96
                                         20% maximal IV size              6.66
                                         25% maximal IV size              5.53
Source: Stock-Yogo (2005).  Reproduced by permission.
NB: Critical values are for Cragg-Donald F statistic and i.i.d. errors.
------------------------------------------------------------------------------
Hansen J statistic (overidentification test of all instruments):         0.000
                                                 (equation exactly identified)
------------------------------------------------------------------------------
Instrumented:         nbr_g_k500
Included instruments: feyrer_int lnpop ln_sea_ma has_contig
Excluded instruments: nbr_f_k500
Partialled-out:       _cons
                      nb: total SS, model F and R2s are after partialling-out;
                          any small-sample adjustments include partialled-out
                          variables in regressor count K
------------------------------------------------------------------------------

Absorbed degrees of freedom:
-----------------------------------------------------+
 Absorbed FE | Categories  - Redundant  = Num. Coefs |
-------------+---------------------------------------|
     isocode |       182         182           0    *|
           y |        28           1          27     |
-----------------------------------------------------+
* = FE nested within cluster; treated as redundant for DoF computation
SPL [A] single_k500 nbr_g_k500: b =     2.823 (se    2.159)  KP F =     9.2  SWF =       .  N =    4634
(dropped 1 singleton observations)
(MWFE estimator converged in 5 iterations)

IV (2SLS) estimation
--------------------

Estimates efficient for homoskedasticity only
Statistics robust to heteroskedasticity and clustering on isocode

Number of clusters (isocode) =     182                Number of obs =     4634
                                                      F(  5,   181) =    18.11
                                                      Prob > F      =   0.0000
Total (centered) SS     =   776.026185                Centered R2   =   0.0499
Total (uncentered) SS   =   776.026185                Uncentered R2 =   0.0499
Residual SS             =  737.3313961                Root MSE      =    .4003

------------------------------------------------------------------------------
             |               Robust
  ln_co2_tot |      Coef.   Std. Err.      t    P>|t|     [95% Conf. Interval]
-------------+----------------------------------------------------------------
 nbr_g_k1000 |   4.098511   2.949802     1.39   0.166    -1.721911    9.918933
  feyrer_int |   .0654599   .4752411     0.14   0.891    -.8722654    1.003185
       lnpop |   .6245439   .3443818     1.81   0.071    -.0549754    1.304063
   ln_sea_ma |  -.7261583   1.205237    -0.60   0.548    -3.104279    1.651963
  has_contig |  -.5261461   .1414821    -3.72   0.000    -.8053124   -.2469798
------------------------------------------------------------------------------
Underidentification test (Kleibergen-Paap rk LM statistic):              7.355
                                                   Chi-sq(1) P-val =    0.0067
------------------------------------------------------------------------------
Weak identification test (Cragg-Donald Wald F statistic):              156.323
                         (Kleibergen-Paap rk Wald F statistic):         14.924
Stock-Yogo weak ID test critical values: 10% maximal IV size             16.38
                                         15% maximal IV size              8.96
                                         20% maximal IV size              6.66
                                         25% maximal IV size              5.53
Source: Stock-Yogo (2005).  Reproduced by permission.
NB: Critical values are for Cragg-Donald F statistic and i.i.d. errors.
------------------------------------------------------------------------------
Hansen J statistic (overidentification test of all instruments):         0.000
                                                 (equation exactly identified)
------------------------------------------------------------------------------
Instrumented:         nbr_g_k1000
Included instruments: feyrer_int lnpop ln_sea_ma has_contig
Excluded instruments: nbr_f_k1000
Partialled-out:       _cons
                      nb: total SS, model F and R2s are after partialling-out;
                          any small-sample adjustments include partialled-out
                          variables in regressor count K
------------------------------------------------------------------------------

Absorbed degrees of freedom:
-----------------------------------------------------+
 Absorbed FE | Categories  - Redundant  = Num. Coefs |
-------------+---------------------------------------|
     isocode |       182         182           0    *|
           y |        28           1          27     |
-----------------------------------------------------+
* = FE nested within cluster; treated as redundant for DoF computation
SPL [A] single_k1000 nbr_g_k1000: b =     4.099 (se    2.950)  KP F =    14.9  SWF =       .  N =    4634

. 
. * =====================================================================
. * B) distance decay
. * =====================================================================
. di _n "===== B) distance bands ====="

===== B) distance bands =====

. * bands jointly (own shifter RF-controlled; band-presence flags as controls)
. capture noisily ivreghdfe ln_co2_tot feyrer_int lnpop ln_sea_ma has_b1 has_b2 has_b3 has_b4 has_b5 (nbr_g_b1 nbr_g_b2 nbr_g_b3 nbr_g_b4 nbr_g_b5 = nbr_f_b1 nbr_f_b2 nbr_f_b3 nbr_f_b4 nbr_f_b5), absorb(isocode y) cluster(isocode)
(dropped 1 singleton observations)
Warning - collinearities detected
Vars dropped:       has_b5
(MWFE estimator converged in 5 iterations)

IV (2SLS) estimation
--------------------

Estimates efficient for homoskedasticity only
Statistics robust to heteroskedasticity and clustering on isocode

Number of clusters (isocode) =     182                Number of obs =     4634
                                                      F( 11,   181) =     7.17
                                                      Prob > F      =   0.0000
Total (centered) SS     =   776.026185                Centered R2   =   0.0742
Total (uncentered) SS   =   776.026185                Uncentered R2 =   0.0742
Residual SS             =  718.4652825                Root MSE      =    .3954

------------------------------------------------------------------------------
             |               Robust
  ln_co2_tot |      Coef.   Std. Err.      t    P>|t|     [95% Conf. Interval]
-------------+----------------------------------------------------------------
    nbr_g_b1 |   .0654573   1.018211     0.06   0.949    -1.943633    2.074547
    nbr_g_b2 |  -1.012485    2.55343    -0.40   0.692    -6.050803    4.025833
    nbr_g_b3 |   .3278094   4.196069     0.08   0.938    -7.951693    8.607312
    nbr_g_b4 |   2.693045   3.802775     0.71   0.480    -4.810427    10.19652
    nbr_g_b5 |  -5.280683   7.474728    -0.71   0.481    -20.02949    9.468129
  feyrer_int |   .2628159   .6794827     0.39   0.699     -1.07791    1.603542
       lnpop |   .7280337   .3599376     2.02   0.045     .0178202    1.438247
   ln_sea_ma |  -.6470801   1.281738    -0.50   0.614     -3.17615     1.88199
      has_b1 |   -.097925   .1290015    -0.76   0.449    -.3524652    .1566151
      has_b2 |  -.5369433   .6388187    -0.84   0.402    -1.797433    .7235463
      has_b3 |   .0369458   1.841448     0.02   0.984    -3.596519    3.670411
      has_b4 |          0  (omitted)
      has_b5 |          0  (omitted)
------------------------------------------------------------------------------
Underidentification test (Kleibergen-Paap rk LM statistic):              1.802
                                                   Chi-sq(1) P-val =    0.1795
------------------------------------------------------------------------------
Weak identification test (Cragg-Donald Wald F statistic):                3.942
                         (Kleibergen-Paap rk Wald F statistic):          0.338
Stock-Yogo weak ID test critical values:                       <not available>
------------------------------------------------------------------------------
Warning: estimated covariance matrix of moment conditions not of full rank.
         overidentification statistic not reported, and standard errors and
         model tests should be interpreted with caution.
Possible causes:
         number of clusters insufficient to calculate robust covariance matrix
         singleton dummy variable (dummy with one 1 and N-1 0s or vice versa)
partial option may address problem.
------------------------------------------------------------------------------
Collinearities detected among instruments: 1 instrument(s) dropped
Instrumented:         nbr_g_b1 nbr_g_b2 nbr_g_b3 nbr_g_b4 nbr_g_b5
Included instruments: feyrer_int lnpop ln_sea_ma has_b1 has_b2 has_b3 has_b4
Excluded instruments: nbr_f_b1 nbr_f_b2 nbr_f_b3 nbr_f_b4 nbr_f_b5
Partialled-out:       _cons
                      nb: total SS, model F and R2s are after partialling-out;
                          any small-sample adjustments include partialled-out
                          variables in regressor count K
Dropped collinear:    has_b5
------------------------------------------------------------------------------

Absorbed degrees of freedom:
-----------------------------------------------------+
 Absorbed FE | Categories  - Redundant  = Num. Coefs |
-------------+---------------------------------------|
     isocode |       182         182           0    *|
           y |        28           1          27     |
-----------------------------------------------------+
* = FE nested within cluster; treated as redundant for DoF computation

. if _rc == 0 {
.     foreach b in b1 b2 b3 b4 b5 {
  2.         postone B bands_joint nbr_g_`b' e(widstat) .
  3.     }
SPL [B] bands_joint nbr_g_b1: b =     0.065 (se    1.018)  KP F =     0.3  SWF =       .  N =    4634
SPL [B] bands_joint nbr_g_b2: b =    -1.012 (se    2.553)  KP F =     0.3  SWF =       .  N =    4634
SPL [B] bands_joint nbr_g_b3: b =     0.328 (se    4.196)  KP F =     0.3  SWF =       .  N =    4634
SPL [B] bands_joint nbr_g_b4: b =     2.693 (se    3.803)  KP F =     0.3  SWF =       .  N =    4634
SPL [B] bands_joint nbr_g_b5: b =    -5.281 (se    7.475)  KP F =     0.3  SWF =       .  N =    4634
. }

. * contiguity plus bands
. capture noisily ivreghdfe ln_co2_tot feyrer_int lnpop ln_sea_ma has_contig has_b1 has_b2 has_b3 has_b4 has_b5 (nbr_g_contig nbr_g_b1 nbr_g_b2 nbr_g_b3 nbr_g_b4 nbr_g_b5 = nbr_f_contig nbr_f_b1 nbr_f_b2 nbr_f_b3 nbr_f_b4 nbr_f_b5), absorb(isocode y) clus
> ter(isocode)
(dropped 1 singleton observations)
Warning - collinearities detected
Vars dropped:       has_b5
(MWFE estimator converged in 5 iterations)

IV (2SLS) estimation
--------------------

Estimates efficient for homoskedasticity only
Statistics robust to heteroskedasticity and clustering on isocode

Number of clusters (isocode) =     182                Number of obs =     4634
                                                      F( 13,   181) =     9.71
                                                      Prob > F      =   0.0000
Total (centered) SS     =   776.026185                Centered R2   =   0.0657
Total (uncentered) SS   =   776.026185                Uncentered R2 =   0.0657
Residual SS             =  725.0147432                Root MSE      =    .3973

------------------------------------------------------------------------------
             |               Robust
  ln_co2_tot |      Coef.   Std. Err.      t    P>|t|     [95% Conf. Interval]
-------------+----------------------------------------------------------------
nbr_g_contig |   1.950558   .9122926     2.14   0.034     .1504614    3.750655
    nbr_g_b1 |   .1152616   1.077141     0.11   0.915    -2.010106    2.240629
    nbr_g_b2 |  -1.079639   2.671103    -0.40   0.687    -6.350145    4.190868
    nbr_g_b3 |  -1.755711   4.738623    -0.37   0.711    -11.10576    7.594336
    nbr_g_b4 |   2.686077   3.897797     0.69   0.492    -5.004888    10.37704
    nbr_g_b5 |  -3.019733   7.852859    -0.38   0.701    -18.51466    12.47519
  feyrer_int |   .3788408   .7318186     0.52   0.605    -1.065152    1.822834
       lnpop |   .6325295   .3394662     1.86   0.064    -.0372906     1.30235
   ln_sea_ma |  -.2838009   1.299412    -0.22   0.827    -2.847746    2.280144
  has_contig |  -.3781752    .814959    -0.46   0.643    -1.986217    1.229867
      has_b1 |  -.2164532   .1502694    -1.44   0.151    -.5129582    .0800519
      has_b2 |  -.2975868   .6279361    -0.47   0.636    -1.536603    .9414296
      has_b3 |  -.8076721   2.062792    -0.39   0.696    -4.877884     3.26254
      has_b4 |          0  (omitted)
      has_b5 |          0  (omitted)
------------------------------------------------------------------------------
Underidentification test (Kleibergen-Paap rk LM statistic):              1.868
                                                   Chi-sq(1) P-val =    0.1717
------------------------------------------------------------------------------
Weak identification test (Cragg-Donald Wald F statistic):                2.867
                         (Kleibergen-Paap rk Wald F statistic):          0.292
Stock-Yogo weak ID test critical values:                       <not available>
------------------------------------------------------------------------------
Warning: estimated covariance matrix of moment conditions not of full rank.
         overidentification statistic not reported, and standard errors and
         model tests should be interpreted with caution.
Possible causes:
         number of clusters insufficient to calculate robust covariance matrix
         singleton dummy variable (dummy with one 1 and N-1 0s or vice versa)
partial option may address problem.
------------------------------------------------------------------------------
Collinearities detected among instruments: 1 instrument(s) dropped
Instrumented:         nbr_g_contig nbr_g_b1 nbr_g_b2 nbr_g_b3 nbr_g_b4 nbr_g_b5
Included instruments: feyrer_int lnpop ln_sea_ma has_contig has_b1 has_b2
                      has_b3 has_b4
Excluded instruments: nbr_f_contig nbr_f_b1 nbr_f_b2 nbr_f_b3 nbr_f_b4 nbr_f_b5
Partialled-out:       _cons
                      nb: total SS, model F and R2s are after partialling-out;
                          any small-sample adjustments include partialled-out
                          variables in regressor count K
Dropped collinear:    has_b5
------------------------------------------------------------------------------

Absorbed degrees of freedom:
-----------------------------------------------------+
 Absorbed FE | Categories  - Redundant  = Num. Coefs |
-------------+---------------------------------------|
     isocode |       182         182           0    *|
           y |        28           1          27     |
-----------------------------------------------------+
* = FE nested within cluster; treated as redundant for DoF computation

. if _rc == 0 {
.     foreach b in contig b1 b2 b3 b4 b5 {
  2.         postone B bands_joint_contig nbr_g_`b' e(widstat) .
  3.     }
SPL [B] bands_joint_contig nbr_g_contig: b =     1.951 (se    0.912)  KP F =     0.3  SWF =       .  N =    4634
SPL [B] bands_joint_contig nbr_g_b1: b =     0.115 (se    1.077)  KP F =     0.3  SWF =       .  N =    4634
SPL [B] bands_joint_contig nbr_g_b2: b =    -1.080 (se    2.671)  KP F =     0.3  SWF =       .  N =    4634
SPL [B] bands_joint_contig nbr_g_b3: b =    -1.756 (se    4.739)  KP F =     0.3  SWF =       .  N =    4634
SPL [B] bands_joint_contig nbr_g_b4: b =     2.686 (se    3.898)  KP F =     0.3  SWF =       .  N =    4634
SPL [B] bands_joint_contig nbr_g_b5: b =    -3.020 (se    7.853)  KP F =     0.3  SWF =       .  N =    4634
. }

. * each band alone
. foreach b in contig b1 b2 b3 b4 b5 {
  2.     capture noisily ivreghdfe ln_co2_tot feyrer_int lnpop ln_sea_ma has_`b' (nbr_g_`b' = nbr_f_`b'), absorb(isocode y) cluster(isocode)
  3.     if _rc == 0 postone B band_single nbr_g_`b' e(widstat) .
  4. }
(dropped 1 singleton observations)
(MWFE estimator converged in 5 iterations)

IV (2SLS) estimation
--------------------

Estimates efficient for homoskedasticity only
Statistics robust to heteroskedasticity and clustering on isocode

Number of clusters (isocode) =     182                Number of obs =     4634
                                                      F(  5,   181) =    20.28
                                                      Prob > F      =   0.0000
Total (centered) SS     =   776.026185                Centered R2   =   0.0673
Total (uncentered) SS   =   776.026185                Uncentered R2 =   0.0673
Residual SS             =  723.8346344                Root MSE      =    .3966

------------------------------------------------------------------------------
             |               Robust
  ln_co2_tot |      Coef.   Std. Err.      t    P>|t|     [95% Conf. Interval]
-------------+----------------------------------------------------------------
nbr_g_contig |   1.958525   .6077142     3.22   0.002     .7594092     3.15764
  feyrer_int |   .3960861   .1706971     2.32   0.021     .0592739    .7328983
       lnpop |   .5980043   .3223492     1.86   0.065    -.0380412     1.23405
   ln_sea_ma |  -.4188783   1.191293    -0.35   0.726    -2.769487     1.93173
  has_contig |  -.7412985   .1385001    -5.35   0.000    -1.014581    -.468016
------------------------------------------------------------------------------
Underidentification test (Kleibergen-Paap rk LM statistic):             30.371
                                                   Chi-sq(1) P-val =    0.0000
------------------------------------------------------------------------------
Weak identification test (Cragg-Donald Wald F statistic):              578.562
                         (Kleibergen-Paap rk Wald F statistic):        168.002
Stock-Yogo weak ID test critical values: 10% maximal IV size             16.38
                                         15% maximal IV size              8.96
                                         20% maximal IV size              6.66
                                         25% maximal IV size              5.53
Source: Stock-Yogo (2005).  Reproduced by permission.
NB: Critical values are for Cragg-Donald F statistic and i.i.d. errors.
------------------------------------------------------------------------------
Hansen J statistic (overidentification test of all instruments):         0.000
                                                 (equation exactly identified)
------------------------------------------------------------------------------
Instrumented:         nbr_g_contig
Included instruments: feyrer_int lnpop ln_sea_ma has_contig
Excluded instruments: nbr_f_contig
Partialled-out:       _cons
                      nb: total SS, model F and R2s are after partialling-out;
                          any small-sample adjustments include partialled-out
                          variables in regressor count K
------------------------------------------------------------------------------

Absorbed degrees of freedom:
-----------------------------------------------------+
 Absorbed FE | Categories  - Redundant  = Num. Coefs |
-------------+---------------------------------------|
     isocode |       182         182           0    *|
           y |        28           1          27     |
-----------------------------------------------------+
* = FE nested within cluster; treated as redundant for DoF computation
SPL [B] band_single nbr_g_contig: b =     1.959 (se    0.608)  KP F =   168.0  SWF =       .  N =    4634
(dropped 1 singleton observations)
(MWFE estimator converged in 5 iterations)

IV (2SLS) estimation
--------------------

Estimates efficient for homoskedasticity only
Statistics robust to heteroskedasticity and clustering on isocode

Number of clusters (isocode) =     182                Number of obs =     4634
                                                      F(  5,   181) =     5.27
                                                      Prob > F      =   0.0002
Total (centered) SS     =   776.026185                Centered R2   =   0.0602
Total (uncentered) SS   =   776.026185                Uncentered R2 =   0.0602
Residual SS             =  729.3307353                Root MSE      =    .3981

------------------------------------------------------------------------------
             |               Robust
  ln_co2_tot |      Coef.   Std. Err.      t    P>|t|     [95% Conf. Interval]
-------------+----------------------------------------------------------------
    nbr_g_b1 |   .3424441   .8480378     0.40   0.687    -1.330868    2.015756
  feyrer_int |   .6285549   .1944192     3.23   0.001     .2449354    1.012174
       lnpop |   .6103254   .3559567     1.71   0.088    -.0920332    1.312684
   ln_sea_ma |   -.634766   1.218433    -0.52   0.603    -3.038926    1.769394
      has_b1 |  -.1262761   .1266624    -1.00   0.320     -.376201    .1236487
------------------------------------------------------------------------------
Underidentification test (Kleibergen-Paap rk LM statistic):             51.881
                                                   Chi-sq(1) P-val =    0.0000
------------------------------------------------------------------------------
Weak identification test (Cragg-Donald Wald F statistic):              613.471
                         (Kleibergen-Paap rk Wald F statistic):         89.037
Stock-Yogo weak ID test critical values: 10% maximal IV size             16.38
                                         15% maximal IV size              8.96
                                         20% maximal IV size              6.66
                                         25% maximal IV size              5.53
Source: Stock-Yogo (2005).  Reproduced by permission.
NB: Critical values are for Cragg-Donald F statistic and i.i.d. errors.
------------------------------------------------------------------------------
Hansen J statistic (overidentification test of all instruments):         0.000
                                                 (equation exactly identified)
------------------------------------------------------------------------------
Instrumented:         nbr_g_b1
Included instruments: feyrer_int lnpop ln_sea_ma has_b1
Excluded instruments: nbr_f_b1
Partialled-out:       _cons
                      nb: total SS, model F and R2s are after partialling-out;
                          any small-sample adjustments include partialled-out
                          variables in regressor count K
------------------------------------------------------------------------------

Absorbed degrees of freedom:
-----------------------------------------------------+
 Absorbed FE | Categories  - Redundant  = Num. Coefs |
-------------+---------------------------------------|
     isocode |       182         182           0    *|
           y |        28           1          27     |
-----------------------------------------------------+
* = FE nested within cluster; treated as redundant for DoF computation
SPL [B] band_single nbr_g_b1: b =     0.342 (se    0.848)  KP F =    89.0  SWF =       .  N =    4634
(dropped 1 singleton observations)
(MWFE estimator converged in 5 iterations)

IV (2SLS) estimation
--------------------

Estimates efficient for homoskedasticity only
Statistics robust to heteroskedasticity and clustering on isocode

Number of clusters (isocode) =     182                Number of obs =     4634
                                                      F(  5,   181) =     5.11
                                                      Prob > F      =   0.0002
Total (centered) SS     =   776.026185                Centered R2   =   0.0514
Total (uncentered) SS   =   776.026185                Uncentered R2 =   0.0514
Residual SS             =  736.1687481                Root MSE      =       .4

------------------------------------------------------------------------------
             |               Robust
  ln_co2_tot |      Coef.   Std. Err.      t    P>|t|     [95% Conf. Interval]
-------------+----------------------------------------------------------------
    nbr_g_b2 |  -.3015281   1.066258    -0.28   0.778    -2.405423    1.802366
  feyrer_int |   .7219274   .2270316     3.18   0.002     .2739585    1.169896
       lnpop |   .6153459   .3630079     1.70   0.092    -.1009257    1.331617
   ln_sea_ma |  -.6340469   1.236263    -0.51   0.609    -3.073389    1.805295
      has_b2 |  -.3034333   .3022383    -1.00   0.317    -.8997971    .2929304
------------------------------------------------------------------------------
Underidentification test (Kleibergen-Paap rk LM statistic):             18.005
                                                   Chi-sq(1) P-val =    0.0000
------------------------------------------------------------------------------
Weak identification test (Cragg-Donald Wald F statistic):              250.412
                         (Kleibergen-Paap rk Wald F statistic):         40.591
Stock-Yogo weak ID test critical values: 10% maximal IV size             16.38
                                         15% maximal IV size              8.96
                                         20% maximal IV size              6.66
                                         25% maximal IV size              5.53
Source: Stock-Yogo (2005).  Reproduced by permission.
NB: Critical values are for Cragg-Donald F statistic and i.i.d. errors.
------------------------------------------------------------------------------
Hansen J statistic (overidentification test of all instruments):         0.000
                                                 (equation exactly identified)
------------------------------------------------------------------------------
Instrumented:         nbr_g_b2
Included instruments: feyrer_int lnpop ln_sea_ma has_b2
Excluded instruments: nbr_f_b2
Partialled-out:       _cons
                      nb: total SS, model F and R2s are after partialling-out;
                          any small-sample adjustments include partialled-out
                          variables in regressor count K
------------------------------------------------------------------------------

Absorbed degrees of freedom:
-----------------------------------------------------+
 Absorbed FE | Categories  - Redundant  = Num. Coefs |
-------------+---------------------------------------|
     isocode |       182         182           0    *|
           y |        28           1          27     |
-----------------------------------------------------+
* = FE nested within cluster; treated as redundant for DoF computation
SPL [B] band_single nbr_g_b2: b =    -0.302 (se    1.066)  KP F =    40.6  SWF =       .  N =    4634
(dropped 1 singleton observations)
(MWFE estimator converged in 5 iterations)

IV (2SLS) estimation
--------------------

Estimates efficient for homoskedasticity only
Statistics robust to heteroskedasticity and clustering on isocode

Number of clusters (isocode) =     182                Number of obs =     4634
                                                      F(  5,   181) =    12.19
                                                      Prob > F      =   0.0000
Total (centered) SS     =   776.026185                Centered R2   =   0.0193
Total (uncentered) SS   =   776.026185                Uncentered R2 =   0.0193
Residual SS             =  761.0712891                Root MSE      =    .4067

------------------------------------------------------------------------------
             |               Robust
  ln_co2_tot |      Coef.   Std. Err.      t    P>|t|     [95% Conf. Interval]
-------------+----------------------------------------------------------------
    nbr_g_b3 |   2.448944    1.78314     1.37   0.171    -1.069471    5.967358
  feyrer_int |   .3462273   .3346931     1.03   0.302    -.3141747    1.006629
       lnpop |   .6731587   .3709243     1.81   0.071    -.0587332    1.405051
   ln_sea_ma |  -.8055836   1.274185    -0.63   0.528    -3.319751    1.708584
      has_b3 |   .9575225   .7707985     1.24   0.216    -.5633839    2.478429
------------------------------------------------------------------------------
Underidentification test (Kleibergen-Paap rk LM statistic):              4.175
                                                   Chi-sq(1) P-val =    0.0410
------------------------------------------------------------------------------
Weak identification test (Cragg-Donald Wald F statistic):               62.950
                         (Kleibergen-Paap rk Wald F statistic):         13.409
Stock-Yogo weak ID test critical values: 10% maximal IV size             16.38
                                         15% maximal IV size              8.96
                                         20% maximal IV size              6.66
                                         25% maximal IV size              5.53
Source: Stock-Yogo (2005).  Reproduced by permission.
NB: Critical values are for Cragg-Donald F statistic and i.i.d. errors.
------------------------------------------------------------------------------
Hansen J statistic (overidentification test of all instruments):         0.000
                                                 (equation exactly identified)
------------------------------------------------------------------------------
Instrumented:         nbr_g_b3
Included instruments: feyrer_int lnpop ln_sea_ma has_b3
Excluded instruments: nbr_f_b3
Partialled-out:       _cons
                      nb: total SS, model F and R2s are after partialling-out;
                          any small-sample adjustments include partialled-out
                          variables in regressor count K
------------------------------------------------------------------------------

Absorbed degrees of freedom:
-----------------------------------------------------+
 Absorbed FE | Categories  - Redundant  = Num. Coefs |
-------------+---------------------------------------|
     isocode |       182         182           0    *|
           y |        28           1          27     |
-----------------------------------------------------+
* = FE nested within cluster; treated as redundant for DoF computation
SPL [B] band_single nbr_g_b3: b =     2.449 (se    1.783)  KP F =    13.4  SWF =       .  N =    4634
(dropped 1 singleton observations)
(MWFE estimator converged in 5 iterations)

IV (2SLS) estimation
--------------------

Estimates efficient for homoskedasticity only
Statistics robust to heteroskedasticity and clustering on isocode

Number of clusters (isocode) =     182                Number of obs =     4634
                                                      F(  4,   181) =     6.59
                                                      Prob > F      =   0.0001
Total (centered) SS     =   776.026185                Centered R2   =   0.0775
Total (uncentered) SS   =   776.026185                Uncentered R2 =   0.0775
Residual SS             =  715.9223147                Root MSE      =    .3944

------------------------------------------------------------------------------
             |               Robust
  ln_co2_tot |      Coef.   Std. Err.      t    P>|t|     [95% Conf. Interval]
-------------+----------------------------------------------------------------
    nbr_g_b4 |   2.270933   5.955527     0.38   0.703    -9.480257    14.02212
  feyrer_int |   .4522017   .6405632     0.71   0.481    -.8117301    1.716134
       lnpop |   .7216382   .3995619     1.81   0.073    -.0667601    1.510036
   ln_sea_ma |  -1.043553   1.463979    -0.71   0.477    -3.932214    1.845107
      has_b4 |          0  (omitted)
------------------------------------------------------------------------------
Underidentification test (Kleibergen-Paap rk LM statistic):              4.535
                                                   Chi-sq(1) P-val =    0.0332
------------------------------------------------------------------------------
Weak identification test (Cragg-Donald Wald F statistic):               48.497
                         (Kleibergen-Paap rk Wald F statistic):          4.997
Stock-Yogo weak ID test critical values: 10% maximal IV size             16.38
                                         15% maximal IV size              8.96
                                         20% maximal IV size              6.66
                                         25% maximal IV size              5.53
Source: Stock-Yogo (2005).  Reproduced by permission.
NB: Critical values are for Cragg-Donald F statistic and i.i.d. errors.
------------------------------------------------------------------------------
Warning: estimated covariance matrix of moment conditions not of full rank.
         overidentification statistic not reported, and standard errors and
         model tests should be interpreted with caution.
Possible causes:
         number of clusters insufficient to calculate robust covariance matrix
         singleton dummy variable (dummy with one 1 and N-1 0s or vice versa)
partial option may address problem.
------------------------------------------------------------------------------
Collinearities detected among instruments: 1 instrument(s) dropped
Instrumented:         nbr_g_b4
Included instruments: feyrer_int lnpop ln_sea_ma has_b4
Excluded instruments: nbr_f_b4
Partialled-out:       _cons
                      nb: total SS, model F and R2s are after partialling-out;
                          any small-sample adjustments include partialled-out
                          variables in regressor count K
------------------------------------------------------------------------------

Absorbed degrees of freedom:
-----------------------------------------------------+
 Absorbed FE | Categories  - Redundant  = Num. Coefs |
-------------+---------------------------------------|
     isocode |       182         182           0    *|
           y |        28           1          27     |
-----------------------------------------------------+
* = FE nested within cluster; treated as redundant for DoF computation
SPL [B] band_single nbr_g_b4: b =     2.271 (se    5.956)  KP F =     5.0  SWF =       .  N =    4634
(dropped 1 singleton observations)
(MWFE estimator converged in 5 iterations)

IV (2SLS) estimation
--------------------

Estimates efficient for homoskedasticity only
Statistics robust to heteroskedasticity and clustering on isocode

Number of clusters (isocode) =     182                Number of obs =     4634
                                                      F(  4,   181) =     6.92
                                                      Prob > F      =   0.0000
Total (centered) SS     =   776.026185                Centered R2   =   0.0766
Total (uncentered) SS   =   776.026185                Uncentered R2 =   0.0766
Residual SS             =  716.5537126                Root MSE      =    .3946

------------------------------------------------------------------------------
             |               Robust
  ln_co2_tot |      Coef.   Std. Err.      t    P>|t|     [95% Conf. Interval]
-------------+----------------------------------------------------------------
    nbr_g_b5 |  -4.336735   5.655112    -0.77   0.444    -15.49516    6.821688
  feyrer_int |   .4903513    .230218     2.13   0.035     .0360952    .9446075
       lnpop |   .6903667   .3463945     1.99   0.048     .0068759    1.373858
   ln_sea_ma |  -.6954484   1.183749    -0.59   0.558    -3.031172    1.640275
      has_b5 |          0  (omitted)
------------------------------------------------------------------------------
Underidentification test (Kleibergen-Paap rk LM statistic):             57.159
                                                   Chi-sq(1) P-val =    0.0000
------------------------------------------------------------------------------
Weak identification test (Cragg-Donald Wald F statistic):              825.233
                         (Kleibergen-Paap rk Wald F statistic):        621.261
Stock-Yogo weak ID test critical values: 10% maximal IV size             16.38
                                         15% maximal IV size              8.96
                                         20% maximal IV size              6.66
                                         25% maximal IV size              5.53
Source: Stock-Yogo (2005).  Reproduced by permission.
NB: Critical values are for Cragg-Donald F statistic and i.i.d. errors.
------------------------------------------------------------------------------
Warning: estimated covariance matrix of moment conditions not of full rank.
         overidentification statistic not reported, and standard errors and
         model tests should be interpreted with caution.
Possible causes:
         number of clusters insufficient to calculate robust covariance matrix
         singleton dummy variable (dummy with one 1 and N-1 0s or vice versa)
partial option may address problem.
------------------------------------------------------------------------------
Collinearities detected among instruments: 1 instrument(s) dropped
Instrumented:         nbr_g_b5
Included instruments: feyrer_int lnpop ln_sea_ma has_b5
Excluded instruments: nbr_f_b5
Partialled-out:       _cons
                      nb: total SS, model F and R2s are after partialling-out;
                          any small-sample adjustments include partialled-out
                          variables in regressor count K
------------------------------------------------------------------------------

Absorbed degrees of freedom:
-----------------------------------------------------+
 Absorbed FE | Categories  - Redundant  = Num. Coefs |
-------------+---------------------------------------|
     isocode |       182         182           0    *|
           y |        28           1          27     |
-----------------------------------------------------+
* = FE nested within cluster; treated as redundant for DoF computation
SPL [B] band_single nbr_g_b5: b =    -4.337 (se    5.655)  KP F =   621.3  SWF =       .  N =    4634

. * kernel grid
. foreach lam in 250 500 1000 2000 5000 {
  2.     capture noisily ivreghdfe ln_co2_tot feyrer_int lnpop ln_sea_ma (nbr_g_k`lam' = nbr_f_k`lam'), absorb(isocode y) cluster(isocode)
  3.     if _rc == 0 {
  4.         postone B kernel nbr_g_k`lam' e(widstat) .
  5.         di "KERNEL lambda=`lam': rmse = " %8.4f e(rmse)
  6.         post $RH ("B") ("kernel_rmse") ("k`lam'") (e(rmse)) (.) (.) (e(widstat)) (.) (e(N))
  7.     }
  8. }
(dropped 1 singleton observations)
(MWFE estimator converged in 5 iterations)

IV (2SLS) estimation
--------------------

Estimates efficient for homoskedasticity only
Statistics robust to heteroskedasticity and clustering on isocode

Number of clusters (isocode) =     182                Number of obs =     4634
                                                      F(  4,   181) =     5.71
                                                      Prob > F      =   0.0002
Total (centered) SS     =   776.026185                Centered R2   =  -0.0027
Total (uncentered) SS   =   776.026185                Uncentered R2 =  -0.0027
Residual SS             =  778.1507532                Root MSE      =    .4112

------------------------------------------------------------------------------
             |               Robust
  ln_co2_tot |      Coef.   Std. Err.      t    P>|t|     [95% Conf. Interval]
-------------+----------------------------------------------------------------
  nbr_g_k250 |      2.071   1.975219     1.05   0.296    -1.826417    5.968416
  feyrer_int |   .3538624   .3570232     0.99   0.323    -.3506004    1.058325
       lnpop |   .6008318   .3591553     1.67   0.096     -.107838    1.309502
   ln_sea_ma |  -.4745288   1.197672    -0.40   0.692    -2.837723    1.888666
------------------------------------------------------------------------------
Underidentification test (Kleibergen-Paap rk LM statistic):              5.960
                                                   Chi-sq(1) P-val =    0.0146
------------------------------------------------------------------------------
Weak identification test (Cragg-Donald Wald F statistic):               90.556
                         (Kleibergen-Paap rk Wald F statistic):          6.678
Stock-Yogo weak ID test critical values: 10% maximal IV size             16.38
                                         15% maximal IV size              8.96
                                         20% maximal IV size              6.66
                                         25% maximal IV size              5.53
Source: Stock-Yogo (2005).  Reproduced by permission.
NB: Critical values are for Cragg-Donald F statistic and i.i.d. errors.
------------------------------------------------------------------------------
Hansen J statistic (overidentification test of all instruments):         0.000
                                                 (equation exactly identified)
------------------------------------------------------------------------------
Instrumented:         nbr_g_k250
Included instruments: feyrer_int lnpop ln_sea_ma
Excluded instruments: nbr_f_k250
Partialled-out:       _cons
                      nb: total SS, model F and R2s are after partialling-out;
                          any small-sample adjustments include partialled-out
                          variables in regressor count K
------------------------------------------------------------------------------

Absorbed degrees of freedom:
-----------------------------------------------------+
 Absorbed FE | Categories  - Redundant  = Num. Coefs |
-------------+---------------------------------------|
     isocode |       182         182           0    *|
           y |        28           1          27     |
-----------------------------------------------------+
* = FE nested within cluster; treated as redundant for DoF computation
SPL [B] kernel nbr_g_k250: b =     2.071 (se    1.975)  KP F =     6.7  SWF =       .  N =    4634
KERNEL lambda=250: rmse =   0.4112
(dropped 1 singleton observations)
(MWFE estimator converged in 5 iterations)

IV (2SLS) estimation
--------------------

Estimates efficient for homoskedasticity only
Statistics robust to heteroskedasticity and clustering on isocode

Number of clusters (isocode) =     182                Number of obs =     4634
                                                      F(  4,   181) =     5.88
                                                      Prob > F      =   0.0002
Total (centered) SS     =   776.026185                Centered R2   =   0.0113
Total (uncentered) SS   =   776.026185                Uncentered R2 =   0.0113
Residual SS             =  767.2803168                Root MSE      =    .4083

------------------------------------------------------------------------------
             |               Robust
  ln_co2_tot |      Coef.   Std. Err.      t    P>|t|     [95% Conf. Interval]
-------------+----------------------------------------------------------------
  nbr_g_k500 |   2.817732    2.15781     1.31   0.193    -1.439967     7.07543
  feyrer_int |   .2300027   .3843484     0.60   0.550    -.5283772    .9883825
       lnpop |   .5935873   .3489551     1.70   0.091     -.094956    1.282131
   ln_sea_ma |  -.4751626   1.197482    -0.40   0.692    -2.837982    1.887657
------------------------------------------------------------------------------
Underidentification test (Kleibergen-Paap rk LM statistic):              6.318
                                                   Chi-sq(1) P-val =    0.0119
------------------------------------------------------------------------------
Weak identification test (Cragg-Donald Wald F statistic):              151.097
                         (Kleibergen-Paap rk Wald F statistic):          9.193
Stock-Yogo weak ID test critical values: 10% maximal IV size             16.38
                                         15% maximal IV size              8.96
                                         20% maximal IV size              6.66
                                         25% maximal IV size              5.53
Source: Stock-Yogo (2005).  Reproduced by permission.
NB: Critical values are for Cragg-Donald F statistic and i.i.d. errors.
------------------------------------------------------------------------------
Hansen J statistic (overidentification test of all instruments):         0.000
                                                 (equation exactly identified)
------------------------------------------------------------------------------
Instrumented:         nbr_g_k500
Included instruments: feyrer_int lnpop ln_sea_ma
Excluded instruments: nbr_f_k500
Partialled-out:       _cons
                      nb: total SS, model F and R2s are after partialling-out;
                          any small-sample adjustments include partialled-out
                          variables in regressor count K
------------------------------------------------------------------------------

Absorbed degrees of freedom:
-----------------------------------------------------+
 Absorbed FE | Categories  - Redundant  = Num. Coefs |
-------------+---------------------------------------|
     isocode |       182         182           0    *|
           y |        28           1          27     |
-----------------------------------------------------+
* = FE nested within cluster; treated as redundant for DoF computation
SPL [B] kernel nbr_g_k500: b =     2.818 (se    2.158)  KP F =     9.2  SWF =       .  N =    4634
KERNEL lambda=500: rmse =   0.4083
(dropped 1 singleton observations)
(MWFE estimator converged in 5 iterations)

IV (2SLS) estimation
--------------------

Estimates efficient for homoskedasticity only
Statistics robust to heteroskedasticity and clustering on isocode

Number of clusters (isocode) =     182                Number of obs =     4634
                                                      F(  4,   181) =     6.33
                                                      Prob > F      =   0.0001
Total (centered) SS     =   776.026185                Centered R2   =   0.0498
Total (uncentered) SS   =   776.026185                Uncentered R2 =   0.0498
Residual SS             =  737.3930895                Root MSE      =    .4002

------------------------------------------------------------------------------
             |               Robust
  ln_co2_tot |      Coef.   Std. Err.      t    P>|t|     [95% Conf. Interval]
-------------+----------------------------------------------------------------
 nbr_g_k1000 |    4.08532    2.94723     1.39   0.167    -1.730028    9.900667
  feyrer_int |   .0670967   .4749482     0.14   0.888    -.8700506    1.004244
       lnpop |    .624592   .3444501     1.81   0.071    -.0550621    1.304246
   ln_sea_ma |  -.7310278   1.205426    -0.61   0.545    -3.109522    1.647467
------------------------------------------------------------------------------
Underidentification test (Kleibergen-Paap rk LM statistic):              7.372
                                                   Chi-sq(1) P-val =    0.0066
------------------------------------------------------------------------------
Weak identification test (Cragg-Donald Wald F statistic):              156.628
                         (Kleibergen-Paap rk Wald F statistic):         14.969
Stock-Yogo weak ID test critical values: 10% maximal IV size             16.38
                                         15% maximal IV size              8.96
                                         20% maximal IV size              6.66
                                         25% maximal IV size              5.53
Source: Stock-Yogo (2005).  Reproduced by permission.
NB: Critical values are for Cragg-Donald F statistic and i.i.d. errors.
------------------------------------------------------------------------------
Hansen J statistic (overidentification test of all instruments):         0.000
                                                 (equation exactly identified)
------------------------------------------------------------------------------
Instrumented:         nbr_g_k1000
Included instruments: feyrer_int lnpop ln_sea_ma
Excluded instruments: nbr_f_k1000
Partialled-out:       _cons
                      nb: total SS, model F and R2s are after partialling-out;
                          any small-sample adjustments include partialled-out
                          variables in regressor count K
------------------------------------------------------------------------------

Absorbed degrees of freedom:
-----------------------------------------------------+
 Absorbed FE | Categories  - Redundant  = Num. Coefs |
-------------+---------------------------------------|
     isocode |       182         182           0    *|
           y |        28           1          27     |
-----------------------------------------------------+
* = FE nested within cluster; treated as redundant for DoF computation
SPL [B] kernel nbr_g_k1000: b =     4.085 (se    2.947)  KP F =    15.0  SWF =       .  N =    4634
KERNEL lambda=1000: rmse =   0.4002
(dropped 1 singleton observations)
(MWFE estimator converged in 5 iterations)

IV (2SLS) estimation
--------------------

Estimates efficient for homoskedasticity only
Statistics robust to heteroskedasticity and clustering on isocode

Number of clusters (isocode) =     182                Number of obs =     4634
                                                      F(  4,   181) =     6.40
                                                      Prob > F      =   0.0001
Total (centered) SS     =   776.026185                Centered R2   =   0.0783
Total (uncentered) SS   =   776.026185                Uncentered R2 =   0.0783
Residual SS             =  715.2628487                Root MSE      =    .3942

------------------------------------------------------------------------------
             |               Robust
  ln_co2_tot |      Coef.   Std. Err.      t    P>|t|     [95% Conf. Interval]
-------------+----------------------------------------------------------------
 nbr_g_k2000 |   4.396444   5.069094     0.87   0.387    -5.605674    14.39856
  feyrer_int |   .1765763   .6076313     0.29   0.772    -1.022376    1.375528
       lnpop |   .6725019    .348435     1.93   0.055    -.0150151    1.360019
   ln_sea_ma |   -.990843   1.251152    -0.79   0.429    -3.459563    1.477877
------------------------------------------------------------------------------
Underidentification test (Kleibergen-Paap rk LM statistic):              8.817
                                                   Chi-sq(1) P-val =    0.0030
------------------------------------------------------------------------------
Weak identification test (Cragg-Donald Wald F statistic):              103.420
                         (Kleibergen-Paap rk Wald F statistic):         16.081
Stock-Yogo weak ID test critical values: 10% maximal IV size             16.38
                                         15% maximal IV size              8.96
                                         20% maximal IV size              6.66
                                         25% maximal IV size              5.53
Source: Stock-Yogo (2005).  Reproduced by permission.
NB: Critical values are for Cragg-Donald F statistic and i.i.d. errors.
------------------------------------------------------------------------------
Hansen J statistic (overidentification test of all instruments):         0.000
                                                 (equation exactly identified)
------------------------------------------------------------------------------
Instrumented:         nbr_g_k2000
Included instruments: feyrer_int lnpop ln_sea_ma
Excluded instruments: nbr_f_k2000
Partialled-out:       _cons
                      nb: total SS, model F and R2s are after partialling-out;
                          any small-sample adjustments include partialled-out
                          variables in regressor count K
------------------------------------------------------------------------------

Absorbed degrees of freedom:
-----------------------------------------------------+
 Absorbed FE | Categories  - Redundant  = Num. Coefs |
-------------+---------------------------------------|
     isocode |       182         182           0    *|
           y |        28           1          27     |
-----------------------------------------------------+
* = FE nested within cluster; treated as redundant for DoF computation
SPL [B] kernel nbr_g_k2000: b =     4.396 (se    5.069)  KP F =    16.1  SWF =       .  N =    4634
KERNEL lambda=2000: rmse =   0.3942
(dropped 1 singleton observations)
(MWFE estimator converged in 5 iterations)

IV (2SLS) estimation
--------------------

Estimates efficient for homoskedasticity only
Statistics robust to heteroskedasticity and clustering on isocode

Number of clusters (isocode) =     182                Number of obs =     4634
                                                      F(  4,   181) =     6.13
                                                      Prob > F      =   0.0001
Total (centered) SS     =   776.026185                Centered R2   =   0.0742
Total (uncentered) SS   =   776.026185                Uncentered R2 =   0.0742
Residual SS             =  718.4745296                Root MSE      =    .3951

------------------------------------------------------------------------------
             |               Robust
  ln_co2_tot |      Coef.   Std. Err.      t    P>|t|     [95% Conf. Interval]
-------------+----------------------------------------------------------------
 nbr_g_k5000 |   5.046754   9.791452     0.52   0.607    -14.27332    24.36683
  feyrer_int |   .4071214   .5468055     0.74   0.458    -.6718118    1.486055
       lnpop |   .6805203   .3601763     1.89   0.060     -.030164    1.391205
   ln_sea_ma |  -.9701639   1.283362    -0.76   0.451    -3.502439    1.562111
------------------------------------------------------------------------------
Underidentification test (Kleibergen-Paap rk LM statistic):             19.511
                                                   Chi-sq(1) P-val =    0.0000
------------------------------------------------------------------------------
Weak identification test (Cragg-Donald Wald F statistic):              127.542
                         (Kleibergen-Paap rk Wald F statistic):         38.683
Stock-Yogo weak ID test critical values: 10% maximal IV size             16.38
                                         15% maximal IV size              8.96
                                         20% maximal IV size              6.66
                                         25% maximal IV size              5.53
Source: Stock-Yogo (2005).  Reproduced by permission.
NB: Critical values are for Cragg-Donald F statistic and i.i.d. errors.
------------------------------------------------------------------------------
Hansen J statistic (overidentification test of all instruments):         0.000
                                                 (equation exactly identified)
------------------------------------------------------------------------------
Instrumented:         nbr_g_k5000
Included instruments: feyrer_int lnpop ln_sea_ma
Excluded instruments: nbr_f_k5000
Partialled-out:       _cons
                      nb: total SS, model F and R2s are after partialling-out;
                          any small-sample adjustments include partialled-out
                          variables in regressor count K
------------------------------------------------------------------------------

Absorbed degrees of freedom:
-----------------------------------------------------+
 Absorbed FE | Categories  - Redundant  = Num. Coefs |
-------------+---------------------------------------|
     isocode |       182         182           0    *|
           y |        28           1          27     |
-----------------------------------------------------+
* = FE nested within cluster; treated as redundant for DoF computation
SPL [B] kernel nbr_g_k5000: b =     5.047 (se    9.791)  KP F =    38.7  SWF =       .  N =    4634
KERNEL lambda=5000: rmse =   0.3951

. 
. * =====================================================================
. * C) regional spillovers
. * =====================================================================
. di _n "===== C) regional ====="

===== C) regional =====

. capture noisily ivreghdfe ln_co2_tot feyrer_int lnpop ln_sea_ma has_inreg (nbr_g_inreg nbr_g_outreg = nbr_f_inreg nbr_f_outreg), absorb(isocode y) cluster(isocode)
(dropped 1 singleton observations)
(MWFE estimator converged in 5 iterations)

IV (2SLS) estimation
--------------------

Estimates efficient for homoskedasticity only
Statistics robust to heteroskedasticity and clustering on isocode

Number of clusters (isocode) =     182                Number of obs =     4634
                                                      F(  6,   181) =     3.51
                                                      Prob > F      =   0.0026
Total (centered) SS     =   776.026185                Centered R2   =  -0.1325
Total (uncentered) SS   =   776.026185                Uncentered R2 =  -0.1325
Residual SS             =  878.8492075                Root MSE      =     .437

------------------------------------------------------------------------------
             |               Robust
  ln_co2_tot |      Coef.   Std. Err.      t    P>|t|     [95% Conf. Interval]
-------------+----------------------------------------------------------------
 nbr_g_inreg |   4.259503   4.524832     0.94   0.348    -4.668702    13.18771
nbr_g_outreg |   6.396318   15.66234     0.41   0.683    -24.50795    37.30058
  feyrer_int |  -.1993353   .7076952    -0.28   0.779    -1.595729    1.197059
       lnpop |   .6424786   .6912161     0.93   0.354    -.7213994    2.006357
   ln_sea_ma |  -.3852152    2.13799    -0.18   0.857    -4.603804    3.833374
   has_inreg |   1.223114   1.523056     0.80   0.423    -1.782114    4.228342
------------------------------------------------------------------------------
Underidentification test (Kleibergen-Paap rk LM statistic):              2.679
                                                   Chi-sq(1) P-val =    0.1017
------------------------------------------------------------------------------
Weak identification test (Cragg-Donald Wald F statistic):                2.583
                         (Kleibergen-Paap rk Wald F statistic):          0.555
Stock-Yogo weak ID test critical values: 10% maximal IV size              7.03
                                         15% maximal IV size              4.58
                                         20% maximal IV size              3.95
                                         25% maximal IV size              3.63
Source: Stock-Yogo (2005).  Reproduced by permission.
NB: Critical values are for Cragg-Donald F statistic and i.i.d. errors.
------------------------------------------------------------------------------
Hansen J statistic (overidentification test of all instruments):         0.000
                                                 (equation exactly identified)
------------------------------------------------------------------------------
Instrumented:         nbr_g_inreg nbr_g_outreg
Included instruments: feyrer_int lnpop ln_sea_ma has_inreg
Excluded instruments: nbr_f_inreg nbr_f_outreg
Partialled-out:       _cons
                      nb: total SS, model F and R2s are after partialling-out;
                          any small-sample adjustments include partialled-out
                          variables in regressor count K
------------------------------------------------------------------------------

Absorbed degrees of freedom:
-----------------------------------------------------+
 Absorbed FE | Categories  - Redundant  = Num. Coefs |
-------------+---------------------------------------|
     isocode |       182         182           0    *|
           y |        28           1          27     |
-----------------------------------------------------+
* = FE nested within cluster; treated as redundant for DoF computation

. if _rc == 0 {
.     postone C subregion_inout nbr_g_inreg e(widstat) .
SPL [C] subregion_inout nbr_g_inreg: b =     4.260 (se    4.525)  KP F =     0.6  SWF =       .  N =    4634
.     postone C subregion_inout nbr_g_outreg e(widstat) .
SPL [C] subregion_inout nbr_g_outreg: b =     6.396 (se   15.662)  KP F =     0.6  SWF =       .  N =    4634
. }

. capture noisily ivreghdfe ln_co2_tot feyrer_int lnpop ln_sea_ma has_inbloc (nbr_g_inbloc nbr_g_outbloc = nbr_f_inbloc nbr_f_outbloc), absorb(isocode y) cluster(isocode)
(dropped 1 singleton observations)
(MWFE estimator converged in 5 iterations)

IV (2SLS) estimation
--------------------

Estimates efficient for homoskedasticity only
Statistics robust to heteroskedasticity and clustering on isocode

Number of clusters (isocode) =     182                Number of obs =     4634
                                                      F(  5,   181) =     8.27
                                                      Prob > F      =   0.0000
Total (centered) SS     =   776.026185                Centered R2   =   0.0250
Total (uncentered) SS   =   776.026185                Uncentered R2 =   0.0250
Residual SS             =  756.6009479                Root MSE      =    .4055

-------------------------------------------------------------------------------
              |               Robust
   ln_co2_tot |      Coef.   Std. Err.      t    P>|t|     [95% Conf. Interval]
--------------+----------------------------------------------------------------
 nbr_g_inbloc |   2.380289   .7935828     3.00   0.003     .8144255    3.946153
nbr_g_outbloc |   13.06126   5.346259     2.44   0.016     2.512249    23.61027
   feyrer_int |  -.0971851    .278745    -0.35   0.728    -.6471927    .4528225
        lnpop |   .7076079   .3238881     2.18   0.030     .0685258     1.34669
    ln_sea_ma |  -1.357406   1.199842    -1.13   0.259    -3.724882     1.01007
   has_inbloc |          0  (omitted)
-------------------------------------------------------------------------------
Underidentification test (Kleibergen-Paap rk LM statistic):             37.033
                                                   Chi-sq(1) P-val =    0.0000
------------------------------------------------------------------------------
Weak identification test (Cragg-Donald Wald F statistic):              163.822
                         (Kleibergen-Paap rk Wald F statistic):         35.956
Stock-Yogo weak ID test critical values: 10% maximal IV size              7.03
                                         15% maximal IV size              4.58
                                         20% maximal IV size              3.95
                                         25% maximal IV size              3.63
Source: Stock-Yogo (2005).  Reproduced by permission.
NB: Critical values are for Cragg-Donald F statistic and i.i.d. errors.
------------------------------------------------------------------------------
Warning: estimated covariance matrix of moment conditions not of full rank.
         overidentification statistic not reported, and standard errors and
         model tests should be interpreted with caution.
Possible causes:
         number of clusters insufficient to calculate robust covariance matrix
         singleton dummy variable (dummy with one 1 and N-1 0s or vice versa)
partial option may address problem.
------------------------------------------------------------------------------
Collinearities detected among instruments: 1 instrument(s) dropped
Instrumented:         nbr_g_inbloc nbr_g_outbloc
Included instruments: feyrer_int lnpop ln_sea_ma has_inbloc
Excluded instruments: nbr_f_inbloc nbr_f_outbloc
Partialled-out:       _cons
                      nb: total SS, model F and R2s are after partialling-out;
                          any small-sample adjustments include partialled-out
                          variables in regressor count K
------------------------------------------------------------------------------

Absorbed degrees of freedom:
-----------------------------------------------------+
 Absorbed FE | Categories  - Redundant  = Num. Coefs |
-------------+---------------------------------------|
     isocode |       182         182           0    *|
           y |        28           1          27     |
-----------------------------------------------------+
* = FE nested within cluster; treated as redundant for DoF computation

. if _rc == 0 {
.     postone C bloc_inout nbr_g_inbloc e(widstat) .
SPL [C] bloc_inout nbr_g_inbloc: b =     2.380 (se    0.794)  KP F =    36.0  SWF =       .  N =    4634
.     postone C bloc_inout nbr_g_outbloc e(widstat) .
SPL [C] bloc_inout nbr_g_outbloc: b =    13.061 (se    5.346)  KP F =    36.0  SWF =       .  N =    4634
. }

. * region-by-year fixed effects (UN sub-region x year)
. capture noisily ivreghdfe ln_co2_tot feyrer_int lnpop ln_sea_ma (nbr_g_inv = nbr_f_inv), absorb(isocode sry) cluster(isocode)
(dropped 3 singleton observations)
(MWFE estimator converged in 8 iterations)

IV (2SLS) estimation
--------------------

Estimates efficient for homoskedasticity only
Statistics robust to heteroskedasticity and clustering on isocode

Number of clusters (isocode) =     182                Number of obs =     4632
                                                      F(  4,   181) =     1.51
                                                      Prob > F      =   0.2017
Total (centered) SS     =   625.459737                Centered R2   =  -0.1121
Total (uncentered) SS   =   625.459737                Uncentered R2 =  -0.1121
Residual SS             =   695.578166                Root MSE      =    .4162

------------------------------------------------------------------------------
             |               Robust
  ln_co2_tot |      Coef.   Std. Err.      t    P>|t|     [95% Conf. Interval]
-------------+----------------------------------------------------------------
   nbr_g_inv |   15.94228   9.168763     1.74   0.084    -2.149127    34.03369
  feyrer_int |  -.2506978    .563659    -0.44   0.657    -1.362886      .86149
       lnpop |   .8807968   .5489417     1.60   0.110    -.2023512    1.963945
   ln_sea_ma |  -2.301886   2.286069    -1.01   0.315    -6.812659    2.208888
------------------------------------------------------------------------------
Underidentification test (Kleibergen-Paap rk LM statistic):             18.479
                                                   Chi-sq(1) P-val =    0.0000
------------------------------------------------------------------------------
Weak identification test (Cragg-Donald Wald F statistic):              201.265
                         (Kleibergen-Paap rk Wald F statistic):         29.817
Stock-Yogo weak ID test critical values: 10% maximal IV size             16.38
                                         15% maximal IV size              8.96
                                         20% maximal IV size              6.66
                                         25% maximal IV size              5.53
Source: Stock-Yogo (2005).  Reproduced by permission.
NB: Critical values are for Cragg-Donald F statistic and i.i.d. errors.
------------------------------------------------------------------------------
Hansen J statistic (overidentification test of all instruments):         0.000
                                                 (equation exactly identified)
------------------------------------------------------------------------------
Instrumented:         nbr_g_inv
Included instruments: feyrer_int lnpop ln_sea_ma
Excluded instruments: nbr_f_inv
Partialled-out:       _cons
                      nb: total SS, model F and R2s are after partialling-out;
                          any small-sample adjustments include partialled-out
                          variables in regressor count K
------------------------------------------------------------------------------

Absorbed degrees of freedom:
-----------------------------------------------------+
 Absorbed FE | Categories  - Redundant  = Num. Coefs |
-------------+---------------------------------------|
     isocode |       182         182           0    *|
         sry |       614           1         613     |
-----------------------------------------------------+
* = FE nested within cluster; treated as redundant for DoF computation

. if _rc == 0 postone C regionXyear_inv nbr_g_inv e(widstat) .
SPL [C] regionXyear_inv nbr_g_inv: b =    15.942 (se    9.169)  KP F =    29.8  SWF =       .  N =    4632

. capture noisily ivreghdfe ln_co2_tot feyrer_int lnpop ln_sea_ma has_contig (nbr_g_contig = nbr_f_contig), absorb(isocode sry) cluster(isocode)
(dropped 3 singleton observations)
(MWFE estimator converged in 8 iterations)

IV (2SLS) estimation
--------------------

Estimates efficient for homoskedasticity only
Statistics robust to heteroskedasticity and clustering on isocode

Number of clusters (isocode) =     182                Number of obs =     4632
                                                      F(  5,   181) =     3.06
                                                      Prob > F      =   0.0111
Total (centered) SS     =   625.459737                Centered R2   =  -0.0065
Total (uncentered) SS   =   625.459737                Uncentered R2 =  -0.0065
Residual SS             =  629.5524839                Root MSE      =     .396

------------------------------------------------------------------------------
             |               Robust
  ln_co2_tot |      Coef.   Std. Err.      t    P>|t|     [95% Conf. Interval]
-------------+----------------------------------------------------------------
nbr_g_contig |   2.030625    .829389     2.45   0.015     .3941103     3.66714
  feyrer_int |   .1544308    .411929     0.37   0.708    -.6583698    .9672313
       lnpop |   .7895132   .4817548     1.64   0.103    -.1610647    1.740091
   ln_sea_ma |  -1.686434   1.973228    -0.85   0.394    -5.579923    2.207056
  has_contig |  -.7502162   .2670894    -2.81   0.006    -1.277226   -.2232067
------------------------------------------------------------------------------
Underidentification test (Kleibergen-Paap rk LM statistic):             20.548
                                                   Chi-sq(1) P-val =    0.0000
------------------------------------------------------------------------------
Weak identification test (Cragg-Donald Wald F statistic):              720.121
                         (Kleibergen-Paap rk Wald F statistic):         88.090
Stock-Yogo weak ID test critical values: 10% maximal IV size             16.38
                                         15% maximal IV size              8.96
                                         20% maximal IV size              6.66
                                         25% maximal IV size              5.53
Source: Stock-Yogo (2005).  Reproduced by permission.
NB: Critical values are for Cragg-Donald F statistic and i.i.d. errors.
------------------------------------------------------------------------------
Hansen J statistic (overidentification test of all instruments):         0.000
                                                 (equation exactly identified)
------------------------------------------------------------------------------
Instrumented:         nbr_g_contig
Included instruments: feyrer_int lnpop ln_sea_ma has_contig
Excluded instruments: nbr_f_contig
Partialled-out:       _cons
                      nb: total SS, model F and R2s are after partialling-out;
                          any small-sample adjustments include partialled-out
                          variables in regressor count K
------------------------------------------------------------------------------

Absorbed degrees of freedom:
-----------------------------------------------------+
 Absorbed FE | Categories  - Redundant  = Num. Coefs |
-------------+---------------------------------------|
     isocode |       182         182           0    *|
         sry |       614           1         613     |
-----------------------------------------------------+
* = FE nested within cluster; treated as redundant for DoF computation

. if _rc == 0 postone C regionXyear_contig nbr_g_contig e(widstat) .
SPL [C] regionXyear_contig nbr_g_contig: b =     2.031 (se    0.829)  KP F =    88.1  SWF =       .  N =    4632

. capture noisily ivreghdfe ln_co2_tot feyrer_int lnpop ln_sea_ma has_b1 has_b2 has_b3 has_b4 has_b5 (nbr_g_b1 nbr_g_b2 nbr_g_b3 nbr_g_b4 nbr_g_b5 = nbr_f_b1 nbr_f_b2 nbr_f_b3 nbr_f_b4 nbr_f_b5), absorb(isocode sry) cluster(isocode)
(dropped 3 singleton observations)
Warning - collinearities detected
Vars dropped:       has_b5
(MWFE estimator converged in 8 iterations)

IV (2SLS) estimation
--------------------

Estimates efficient for homoskedasticity only
Statistics robust to heteroskedasticity and clustering on isocode

Number of clusters (isocode) =     182                Number of obs =     4632
                                                      F( 11,   181) =     1.55
                                                      Prob > F      =   0.1159
Total (centered) SS     =   625.459737                Centered R2   =  -0.0046
Total (uncentered) SS   =   625.459737                Uncentered R2 =  -0.0046
Residual SS             =  628.3553351                Root MSE      =    .3959

------------------------------------------------------------------------------
             |               Robust
  ln_co2_tot |      Coef.   Std. Err.      t    P>|t|     [95% Conf. Interval]
-------------+----------------------------------------------------------------
    nbr_g_b1 |   1.106106   1.436028     0.77   0.442    -1.727402    3.939614
    nbr_g_b2 |  -.2315183   1.590121    -0.15   0.884    -3.369076     2.90604
    nbr_g_b3 |   1.612535   2.812312     0.57   0.567      -3.9366    7.161669
    nbr_g_b4 |   4.262312   5.297796     0.80   0.422    -6.191071     14.7157
    nbr_g_b5 |   1.265427   12.86905     0.10   0.922    -24.12723    26.65809
  feyrer_int |  -.3272492   .5830835    -0.56   0.575    -1.477764    .8232661
       lnpop |    .830838   .5018605     1.66   0.100    -.1594116    1.821088
   ln_sea_ma |  -1.675213   2.161394    -0.78   0.439    -5.939983    2.589558
      has_b1 |     -.0567   .1968034    -0.29   0.774     -.445024    .3316241
      has_b2 |  -.4358813   .4460234    -0.98   0.330    -1.315956    .4441929
      has_b3 |   .3899982   1.392843     0.28   0.780    -2.358299    3.138295
      has_b4 |          0  (omitted)
      has_b5 |          0  (omitted)
------------------------------------------------------------------------------
Underidentification test (Kleibergen-Paap rk LM statistic):              2.275
                                                   Chi-sq(1) P-val =    0.1314
------------------------------------------------------------------------------
Weak identification test (Cragg-Donald Wald F statistic):                5.547
                         (Kleibergen-Paap rk Wald F statistic):          0.451
Stock-Yogo weak ID test critical values:                       <not available>
------------------------------------------------------------------------------
Warning: estimated covariance matrix of moment conditions not of full rank.
         overidentification statistic not reported, and standard errors and
         model tests should be interpreted with caution.
Possible causes:
         number of clusters insufficient to calculate robust covariance matrix
         singleton dummy variable (dummy with one 1 and N-1 0s or vice versa)
partial option may address problem.
------------------------------------------------------------------------------
Collinearities detected among instruments: 1 instrument(s) dropped
Instrumented:         nbr_g_b1 nbr_g_b2 nbr_g_b3 nbr_g_b4 nbr_g_b5
Included instruments: feyrer_int lnpop ln_sea_ma has_b1 has_b2 has_b3 has_b4
Excluded instruments: nbr_f_b1 nbr_f_b2 nbr_f_b3 nbr_f_b4 nbr_f_b5
Partialled-out:       _cons
                      nb: total SS, model F and R2s are after partialling-out;
                          any small-sample adjustments include partialled-out
                          variables in regressor count K
Dropped collinear:    has_b5
------------------------------------------------------------------------------

Absorbed degrees of freedom:
-----------------------------------------------------+
 Absorbed FE | Categories  - Redundant  = Num. Coefs |
-------------+---------------------------------------|
     isocode |       182         182           0    *|
         sry |       614           1         613     |
-----------------------------------------------------+
* = FE nested within cluster; treated as redundant for DoF computation

. if _rc == 0 {
.     foreach b in b1 b2 b3 b4 b5 {
  2.         postone C regionXyear_bands nbr_g_`b' e(widstat) .
  3.     }
SPL [C] regionXyear_bands nbr_g_b1: b =     1.106 (se    1.436)  KP F =     0.5  SWF =       .  N =    4632
SPL [C] regionXyear_bands nbr_g_b2: b =    -0.232 (se    1.590)  KP F =     0.5  SWF =       .  N =    4632
SPL [C] regionXyear_bands nbr_g_b3: b =     1.613 (se    2.812)  KP F =     0.5  SWF =       .  N =    4632
SPL [C] regionXyear_bands nbr_g_b4: b =     4.262 (se    5.298)  KP F =     0.5  SWF =       .  N =    4632
SPL [C] regionXyear_bands nbr_g_b5: b =     1.265 (se   12.869)  KP F =     0.5  SWF =       .  N =    4632
. }

. capture noisily ivreghdfe ln_co2_tot feyrer_int lnpop ln_sea_ma (nbr_g_k500 = nbr_f_k500), absorb(isocode sry) cluster(isocode)
(dropped 3 singleton observations)
(MWFE estimator converged in 8 iterations)

IV (2SLS) estimation
--------------------

Estimates efficient for homoskedasticity only
Statistics robust to heteroskedasticity and clustering on isocode

Number of clusters (isocode) =     182                Number of obs =     4632
                                                      F(  4,   181) =     1.27
                                                      Prob > F      =   0.2843
Total (centered) SS     =   625.459737                Centered R2   =  -0.0917
Total (uncentered) SS   =   625.459737                Uncentered R2 =  -0.0917
Residual SS             =  682.7921407                Root MSE      =    .4124

------------------------------------------------------------------------------
             |               Robust
  ln_co2_tot |      Coef.   Std. Err.      t    P>|t|     [95% Conf. Interval]
-------------+----------------------------------------------------------------
  nbr_g_k500 |   3.294088   3.029599     1.09   0.278    -2.683787    9.271963
  feyrer_int |   .0006862    .591533     0.00   0.999    -1.166501    1.167874
       lnpop |   .8893845   .5130816     1.73   0.085    -.1230061    1.901775
   ln_sea_ma |  -2.219076   2.254069    -0.98   0.326    -6.666709    2.228557
------------------------------------------------------------------------------
Underidentification test (Kleibergen-Paap rk LM statistic):              7.961
                                                   Chi-sq(1) P-val =    0.0048
------------------------------------------------------------------------------
Weak identification test (Cragg-Donald Wald F statistic):              129.202
                         (Kleibergen-Paap rk Wald F statistic):         10.631
Stock-Yogo weak ID test critical values: 10% maximal IV size             16.38
                                         15% maximal IV size              8.96
                                         20% maximal IV size              6.66
                                         25% maximal IV size              5.53
Source: Stock-Yogo (2005).  Reproduced by permission.
NB: Critical values are for Cragg-Donald F statistic and i.i.d. errors.
------------------------------------------------------------------------------
Hansen J statistic (overidentification test of all instruments):         0.000
                                                 (equation exactly identified)
------------------------------------------------------------------------------
Instrumented:         nbr_g_k500
Included instruments: feyrer_int lnpop ln_sea_ma
Excluded instruments: nbr_f_k500
Partialled-out:       _cons
                      nb: total SS, model F and R2s are after partialling-out;
                          any small-sample adjustments include partialled-out
                          variables in regressor count K
------------------------------------------------------------------------------

Absorbed degrees of freedom:
-----------------------------------------------------+
 Absorbed FE | Categories  - Redundant  = Num. Coefs |
-------------+---------------------------------------|
     isocode |       182         182           0    *|
         sry |       614           1         613     |
-----------------------------------------------------+
* = FE nested within cluster; treated as redundant for DoF computation

. if _rc == 0 postone C regionXyear_k500 nbr_g_k500 e(widstat) .
SPL [C] regionXyear_k500 nbr_g_k500: b =     3.294 (se    3.030)  KP F =    10.6  SWF =       .  N =    4632

. * heterogeneity by receiving region (UN region) and by baseline international share
. levelsof unregion, local(regs)
`"Africa"' `"Americas"' `"Asia"' `"Europe"' `"Oceania"'

. foreach r of local regs {
  2.     capture noisily ivreghdfe ln_co2_tot feyrer_int lnpop ln_sea_ma (nbr_g_inv = nbr_f_inv) if unregion == "`r'", absorb(isocode y) cluster(isocode)
  3.     if _rc == 0 postone C het_`r' nbr_g_inv e(widstat) .
  4. }
(MWFE estimator converged in 5 iterations)

IV (2SLS) estimation
--------------------

Estimates efficient for homoskedasticity only
Statistics robust to heteroskedasticity and clustering on isocode

Number of clusters (isocode) =      49                Number of obs =     1230
                                                      F(  4,    48) =     3.32
                                                      Prob > F      =   0.0176
Total (centered) SS     =  132.2829292                Centered R2   =   0.0651
Total (uncentered) SS   =  132.2829292                Uncentered R2 =   0.0651
Residual SS             =   123.664886                Root MSE      =    .3212

------------------------------------------------------------------------------
             |               Robust
  ln_co2_tot |      Coef.   Std. Err.      t    P>|t|     [95% Conf. Interval]
-------------+----------------------------------------------------------------
   nbr_g_inv |  -.7983239   23.12803    -0.03   0.973    -47.30034    45.70369
  feyrer_int |   .8750223   3.177989     0.28   0.784    -5.514753    7.264797
       lnpop |   1.119864   .6660952     1.68   0.099    -.2194097    2.459138
   ln_sea_ma |   .6248564   1.540515     0.41   0.687    -2.472557     3.72227
------------------------------------------------------------------------------
Underidentification test (Kleibergen-Paap rk LM statistic):              2.116
                                                   Chi-sq(1) P-val =    0.1458
------------------------------------------------------------------------------
Weak identification test (Cragg-Donald Wald F statistic):               16.015
                         (Kleibergen-Paap rk Wald F statistic):          2.366
Stock-Yogo weak ID test critical values: 10% maximal IV size             16.38
                                         15% maximal IV size              8.96
                                         20% maximal IV size              6.66
                                         25% maximal IV size              5.53
Source: Stock-Yogo (2005).  Reproduced by permission.
NB: Critical values are for Cragg-Donald F statistic and i.i.d. errors.
------------------------------------------------------------------------------
Hansen J statistic (overidentification test of all instruments):         0.000
                                                 (equation exactly identified)
------------------------------------------------------------------------------
Instrumented:         nbr_g_inv
Included instruments: feyrer_int lnpop ln_sea_ma
Excluded instruments: nbr_f_inv
Partialled-out:       _cons
                      nb: total SS, model F and R2s are after partialling-out;
                          any small-sample adjustments include partialled-out
                          variables in regressor count K
------------------------------------------------------------------------------

Absorbed degrees of freedom:
-----------------------------------------------------+
 Absorbed FE | Categories  - Redundant  = Num. Coefs |
-------------+---------------------------------------|
     isocode |        49          49           0    *|
           y |        28           1          27     |
-----------------------------------------------------+
* = FE nested within cluster; treated as redundant for DoF computation
SPL [C] het_Africa nbr_g_inv: b =    -0.798 (se   23.128)  KP F =     2.4  SWF =       .  N =    1230
(MWFE estimator converged in 6 iterations)

IV (2SLS) estimation
--------------------

Estimates efficient for homoskedasticity only
Statistics robust to heteroskedasticity and clustering on isocode

Number of clusters (isocode) =      31                Number of obs =      760
                                                      F(  4,    30) =     1.29
                                                      Prob > F      =   0.2971
Total (centered) SS     =  40.45966886                Centered R2   =   0.0704
Total (uncentered) SS   =  40.45966886                Uncentered R2 =   0.0704
Residual SS             =   37.6122045                Root MSE      =    .2271

------------------------------------------------------------------------------
             |               Robust
  ln_co2_tot |      Coef.   Std. Err.      t    P>|t|     [95% Conf. Interval]
-------------+----------------------------------------------------------------
   nbr_g_inv |  -10.10093   8.108616    -1.25   0.223    -26.66094    6.459071
  feyrer_int |  -.6736632   .5384362    -1.25   0.221    -1.773297    .4259702
       lnpop |  -.0285589   .6837783    -0.04   0.967    -1.425021    1.367903
   ln_sea_ma |   5.909895   5.347212     1.11   0.278    -5.010569    16.83036
------------------------------------------------------------------------------
Underidentification test (Kleibergen-Paap rk LM statistic):              5.298
                                                   Chi-sq(1) P-val =    0.0214
------------------------------------------------------------------------------
Weak identification test (Cragg-Donald Wald F statistic):               92.611
                         (Kleibergen-Paap rk Wald F statistic):         26.063
Stock-Yogo weak ID test critical values: 10% maximal IV size             16.38
                                         15% maximal IV size              8.96
                                         20% maximal IV size              6.66
                                         25% maximal IV size              5.53
Source: Stock-Yogo (2005).  Reproduced by permission.
NB: Critical values are for Cragg-Donald F statistic and i.i.d. errors.
------------------------------------------------------------------------------
Hansen J statistic (overidentification test of all instruments):         0.000
                                                 (equation exactly identified)
------------------------------------------------------------------------------
Instrumented:         nbr_g_inv
Included instruments: feyrer_int lnpop ln_sea_ma
Excluded instruments: nbr_f_inv
Partialled-out:       _cons
                      nb: total SS, model F and R2s are after partialling-out;
                          any small-sample adjustments include partialled-out
                          variables in regressor count K
------------------------------------------------------------------------------

Absorbed degrees of freedom:
-----------------------------------------------------+
 Absorbed FE | Categories  - Redundant  = Num. Coefs |
-------------+---------------------------------------|
     isocode |        31          31           0    *|
           y |        28           1          27     |
-----------------------------------------------------+
* = FE nested within cluster; treated as redundant for DoF computation
SPL [C] het_Americas nbr_g_inv: b =   -10.101 (se    8.109)  KP F =    26.1  SWF =       .  N =     760
(MWFE estimator converged in 5 iterations)

IV (2SLS) estimation
--------------------

Estimates efficient for homoskedasticity only
Statistics robust to heteroskedasticity and clustering on isocode

Number of clusters (isocode) =      47                Number of obs =     1231
                                                      F(  4,    46) =     0.75
                                                      Prob > F      =   0.5608
Total (centered) SS     =  373.4191055                Centered R2   =  -0.2253
Total (uncentered) SS   =  373.4191055                Uncentered R2 =  -0.2253
Residual SS             =  457.5414172                Root MSE      =    .6175

------------------------------------------------------------------------------
             |               Robust
  ln_co2_tot |      Coef.   Std. Err.      t    P>|t|     [95% Conf. Interval]
-------------+----------------------------------------------------------------
   nbr_g_inv |   22.65234   23.58519     0.96   0.342    -24.82219    70.12687
  feyrer_int |  -.3477299   .8196716    -0.42   0.673    -1.997643    1.302183
       lnpop |   .9756224    .792929     1.23   0.225    -.6204609    2.571706
   ln_sea_ma |    -5.7424   4.208287    -1.36   0.179    -14.21324    2.728443
------------------------------------------------------------------------------
Underidentification test (Kleibergen-Paap rk LM statistic):              4.723
                                                   Chi-sq(1) P-val =    0.0298
------------------------------------------------------------------------------
Weak identification test (Cragg-Donald Wald F statistic):               37.543
                         (Kleibergen-Paap rk Wald F statistic):          6.341
Stock-Yogo weak ID test critical values: 10% maximal IV size             16.38
                                         15% maximal IV size              8.96
                                         20% maximal IV size              6.66
                                         25% maximal IV size              5.53
Source: Stock-Yogo (2005).  Reproduced by permission.
NB: Critical values are for Cragg-Donald F statistic and i.i.d. errors.
------------------------------------------------------------------------------
Hansen J statistic (overidentification test of all instruments):         0.000
                                                 (equation exactly identified)
------------------------------------------------------------------------------
Instrumented:         nbr_g_inv
Included instruments: feyrer_int lnpop ln_sea_ma
Excluded instruments: nbr_f_inv
Partialled-out:       _cons
                      nb: total SS, model F and R2s are after partialling-out;
                          any small-sample adjustments include partialled-out
                          variables in regressor count K
------------------------------------------------------------------------------

Absorbed degrees of freedom:
-----------------------------------------------------+
 Absorbed FE | Categories  - Redundant  = Num. Coefs |
-------------+---------------------------------------|
     isocode |        47          47           0    *|
           y |        28           1          27     |
-----------------------------------------------------+
* = FE nested within cluster; treated as redundant for DoF computation
SPL [C] het_Asia nbr_g_inv: b =    22.652 (se   23.585)  KP F =     6.3  SWF =       .  N =    1231
(MWFE estimator converged in 5 iterations)

IV (2SLS) estimation
--------------------

Estimates efficient for homoskedasticity only
Statistics robust to heteroskedasticity and clustering on isocode

Number of clusters (isocode) =      39                Number of obs =     1052
                                                      F(  4,    38) =     1.94
                                                      Prob > F      =   0.1231
Total (centered) SS     =  120.9594017                Centered R2   =   0.0334
Total (uncentered) SS   =  120.9594017                Uncentered R2 =   0.0334
Residual SS             =  116.9212774                Root MSE      =    .3384

------------------------------------------------------------------------------
             |               Robust
  ln_co2_tot |      Coef.   Std. Err.      t    P>|t|     [95% Conf. Interval]
-------------+----------------------------------------------------------------
   nbr_g_inv |  -8.091196   58.21599    -0.14   0.890    -125.9433    109.7609
  feyrer_int |  -.4735625   1.000697    -0.47   0.639    -2.499367    1.552242
       lnpop |  -1.904555   4.068092    -0.47   0.642    -10.13998    6.330867
   ln_sea_ma |   -3.97159     14.246    -0.28   0.782    -32.81112    24.86794
------------------------------------------------------------------------------
Underidentification test (Kleibergen-Paap rk LM statistic):              0.350
                                                   Chi-sq(1) P-val =    0.5540
------------------------------------------------------------------------------
Weak identification test (Cragg-Donald Wald F statistic):                1.931
                         (Kleibergen-Paap rk Wald F statistic):          0.333
Stock-Yogo weak ID test critical values: 10% maximal IV size             16.38
                                         15% maximal IV size              8.96
                                         20% maximal IV size              6.66
                                         25% maximal IV size              5.53
Source: Stock-Yogo (2005).  Reproduced by permission.
NB: Critical values are for Cragg-Donald F statistic and i.i.d. errors.
------------------------------------------------------------------------------
Hansen J statistic (overidentification test of all instruments):         0.000
                                                 (equation exactly identified)
------------------------------------------------------------------------------
Instrumented:         nbr_g_inv
Included instruments: feyrer_int lnpop ln_sea_ma
Excluded instruments: nbr_f_inv
Partialled-out:       _cons
                      nb: total SS, model F and R2s are after partialling-out;
                          any small-sample adjustments include partialled-out
                          variables in regressor count K
------------------------------------------------------------------------------

Absorbed degrees of freedom:
-----------------------------------------------------+
 Absorbed FE | Categories  - Redundant  = Num. Coefs |
-------------+---------------------------------------|
     isocode |        39          39           0    *|
           y |        28           1          27     |
-----------------------------------------------------+
* = FE nested within cluster; treated as redundant for DoF computation
SPL [C] het_Europe nbr_g_inv: b =    -8.091 (se   58.216)  KP F =     0.3  SWF =       .  N =    1052
(dropped 1 singleton observations)
(MWFE estimator converged in 6 iterations)

IV (2SLS) estimation
--------------------

Estimates efficient for homoskedasticity only
Statistics robust to heteroskedasticity and clustering on isocode

Number of clusters (isocode) =      16                Number of obs =      361
                                                      F(  4,    15) =    15.26
                                                      Prob > F      =   0.0000
Total (centered) SS     =  32.36539197                Centered R2   =   0.2667
Total (uncentered) SS   =  32.36539197                Uncentered R2 =   0.2667
Residual SS             =  23.73257991                Root MSE      =    .2682

------------------------------------------------------------------------------
             |               Robust
  ln_co2_tot |      Coef.   Std. Err.      t    P>|t|     [95% Conf. Interval]
-------------+----------------------------------------------------------------
   nbr_g_inv |   1.488072   2.353301     0.63   0.537     -3.52787    6.504013
  feyrer_int |   .5187049   .2396759     2.16   0.047     .0078479    1.029562
       lnpop |   1.097168   .4968757     2.21   0.043      .038102    2.156233
   ln_sea_ma |   16.85236   7.897434     2.13   0.050     .0193744    33.68534
------------------------------------------------------------------------------
Underidentification test (Kleibergen-Paap rk LM statistic):              5.459
                                                   Chi-sq(1) P-val =    0.0195
------------------------------------------------------------------------------
Weak identification test (Cragg-Donald Wald F statistic):               89.093
                         (Kleibergen-Paap rk Wald F statistic):         45.143
Stock-Yogo weak ID test critical values: 10% maximal IV size             16.38
                                         15% maximal IV size              8.96
                                         20% maximal IV size              6.66
                                         25% maximal IV size              5.53
Source: Stock-Yogo (2005).  Reproduced by permission.
NB: Critical values are for Cragg-Donald F statistic and i.i.d. errors.
------------------------------------------------------------------------------
Hansen J statistic (overidentification test of all instruments):         0.000
                                                 (equation exactly identified)
------------------------------------------------------------------------------
Instrumented:         nbr_g_inv
Included instruments: feyrer_int lnpop ln_sea_ma
Excluded instruments: nbr_f_inv
Partialled-out:       _cons
                      nb: total SS, model F and R2s are after partialling-out;
                          any small-sample adjustments include partialled-out
                          variables in regressor count K
------------------------------------------------------------------------------

Absorbed degrees of freedom:
-----------------------------------------------------+
 Absorbed FE | Categories  - Redundant  = Num. Coefs |
-------------+---------------------------------------|
     isocode |        16          16           0    *|
           y |        28           1          27     |
-----------------------------------------------------+
* = FE nested within cluster; treated as redundant for DoF computation
SPL [C] het_Oceania nbr_g_inv: b =     1.488 (se    2.353)  KP F =    45.1  SWF =       .  N =     361

. foreach g in 1 2 3 {
  2.     capture noisily ivreghdfe ln_co2_tot feyrer_int lnpop ln_sea_ma (nbr_g_inv = nbr_f_inv) if int3 == `g', absorb(isocode y) cluster(isocode)
  3.     if _rc == 0 postone C het_intl`g' nbr_g_inv e(widstat) .
  4. }
(MWFE estimator converged in 5 iterations)

IV (2SLS) estimation
--------------------

Estimates efficient for homoskedasticity only
Statistics robust to heteroskedasticity and clustering on isocode

Number of clusters (isocode) =      62                Number of obs =     1644
                                                      F(  4,    61) =     2.80
                                                      Prob > F      =   0.0333
Total (centered) SS     =   207.099118                Centered R2   =  -0.0093
Total (uncentered) SS   =   207.099118                Uncentered R2 =  -0.0093
Residual SS             =  209.0312981                Root MSE      =      .36

------------------------------------------------------------------------------
             |               Robust
  ln_co2_tot |      Coef.   Std. Err.      t    P>|t|     [95% Conf. Interval]
-------------+----------------------------------------------------------------
   nbr_g_inv |   12.90947   12.14561     1.06   0.292    -11.37718    37.19612
  feyrer_int |   .0207529   .6116134     0.03   0.973    -1.202244     1.24375
       lnpop |   .4432271   .4686538     0.95   0.348    -.4939041    1.380358
   ln_sea_ma |  -.1649839   1.767069    -0.09   0.926    -3.698456    3.368488
------------------------------------------------------------------------------
Underidentification test (Kleibergen-Paap rk LM statistic):              6.144
                                                   Chi-sq(1) P-val =    0.0132
------------------------------------------------------------------------------
Weak identification test (Cragg-Donald Wald F statistic):               56.810
                         (Kleibergen-Paap rk Wald F statistic):          8.402
Stock-Yogo weak ID test critical values: 10% maximal IV size             16.38
                                         15% maximal IV size              8.96
                                         20% maximal IV size              6.66
                                         25% maximal IV size              5.53
Source: Stock-Yogo (2005).  Reproduced by permission.
NB: Critical values are for Cragg-Donald F statistic and i.i.d. errors.
------------------------------------------------------------------------------
Hansen J statistic (overidentification test of all instruments):         0.000
                                                 (equation exactly identified)
------------------------------------------------------------------------------
Instrumented:         nbr_g_inv
Included instruments: feyrer_int lnpop ln_sea_ma
Excluded instruments: nbr_f_inv
Partialled-out:       _cons
                      nb: total SS, model F and R2s are after partialling-out;
                          any small-sample adjustments include partialled-out
                          variables in regressor count K
------------------------------------------------------------------------------

Absorbed degrees of freedom:
-----------------------------------------------------+
 Absorbed FE | Categories  - Redundant  = Num. Coefs |
-------------+---------------------------------------|
     isocode |        62          62           0    *|
           y |        28           1          27     |
-----------------------------------------------------+
* = FE nested within cluster; treated as redundant for DoF computation
SPL [C] het_intl1 nbr_g_inv: b =    12.909 (se   12.146)  KP F =     8.4  SWF =       .  N =    1644
(dropped 1 singleton observations)
(MWFE estimator converged in 5 iterations)

IV (2SLS) estimation
--------------------

Estimates efficient for homoskedasticity only
Statistics robust to heteroskedasticity and clustering on isocode

Number of clusters (isocode) =      60                Number of obs =     1532
                                                      F(  4,    59) =     3.90
                                                      Prob > F      =   0.0071
Total (centered) SS     =  230.2474624                Centered R2   =   0.0322
Total (uncentered) SS   =  230.2474624                Uncentered R2 =   0.0322
Residual SS             =  222.8230036                Root MSE      =    .3853

------------------------------------------------------------------------------
             |               Robust
  ln_co2_tot |      Coef.   Std. Err.      t    P>|t|     [95% Conf. Interval]
-------------+----------------------------------------------------------------
   nbr_g_inv |  -1.969634   17.42513    -0.11   0.910    -36.83723    32.89797
  feyrer_int |   .6367741    1.27216     0.50   0.619    -1.908811     3.18236
       lnpop |   .7976146   .6720728     1.19   0.240       -.5472    2.142429
   ln_sea_ma |  -4.603964   2.774334    -1.66   0.102    -10.15539    .9474651
------------------------------------------------------------------------------
Underidentification test (Kleibergen-Paap rk LM statistic):              2.590
                                                   Chi-sq(1) P-val =    0.1075
------------------------------------------------------------------------------
Weak identification test (Cragg-Donald Wald F statistic):               12.029
                         (Kleibergen-Paap rk Wald F statistic):          4.272
Stock-Yogo weak ID test critical values: 10% maximal IV size             16.38
                                         15% maximal IV size              8.96
                                         20% maximal IV size              6.66
                                         25% maximal IV size              5.53
Source: Stock-Yogo (2005).  Reproduced by permission.
NB: Critical values are for Cragg-Donald F statistic and i.i.d. errors.
------------------------------------------------------------------------------
Hansen J statistic (overidentification test of all instruments):         0.000
                                                 (equation exactly identified)
------------------------------------------------------------------------------
Instrumented:         nbr_g_inv
Included instruments: feyrer_int lnpop ln_sea_ma
Excluded instruments: nbr_f_inv
Partialled-out:       _cons
                      nb: total SS, model F and R2s are after partialling-out;
                          any small-sample adjustments include partialled-out
                          variables in regressor count K
------------------------------------------------------------------------------

Absorbed degrees of freedom:
-----------------------------------------------------+
 Absorbed FE | Categories  - Redundant  = Num. Coefs |
-------------+---------------------------------------|
     isocode |        60          60           0    *|
           y |        28           1          27     |
-----------------------------------------------------+
* = FE nested within cluster; treated as redundant for DoF computation
SPL [C] het_intl2 nbr_g_inv: b =    -1.970 (se   17.425)  KP F =     4.3  SWF =       .  N =    1532
(MWFE estimator converged in 6 iterations)

IV (2SLS) estimation
--------------------

Estimates efficient for homoskedasticity only
Statistics robust to heteroskedasticity and clustering on isocode

Number of clusters (isocode) =      60                Number of obs =     1458
                                                      F(  4,    59) =     2.22
                                                      Prob > F      =   0.0771
Total (centered) SS     =  322.2720448                Centered R2   =   0.0555
Total (uncentered) SS   =  322.2720448                Uncentered R2 =   0.0555
Residual SS             =  304.3829508                Root MSE      =    .4618

------------------------------------------------------------------------------
             |               Robust
  ln_co2_tot |      Coef.   Std. Err.      t    P>|t|     [95% Conf. Interval]
-------------+----------------------------------------------------------------
   nbr_g_inv |   10.69387   7.394299     1.45   0.153    -4.102089    25.48983
  feyrer_int |   .0304803   .5564275     0.05   0.956    -1.082929    1.143889
       lnpop |   .5235311   .5858898     0.89   0.375    -.6488316    1.695894
   ln_sea_ma |    1.71236   1.827703     0.94   0.353    -1.944865    5.369584
------------------------------------------------------------------------------
Underidentification test (Kleibergen-Paap rk LM statistic):             12.480
                                                   Chi-sq(1) P-val =    0.0004
------------------------------------------------------------------------------
Weak identification test (Cragg-Donald Wald F statistic):              116.518
                         (Kleibergen-Paap rk Wald F statistic):         22.448
Stock-Yogo weak ID test critical values: 10% maximal IV size             16.38
                                         15% maximal IV size              8.96
                                         20% maximal IV size              6.66
                                         25% maximal IV size              5.53
Source: Stock-Yogo (2005).  Reproduced by permission.
NB: Critical values are for Cragg-Donald F statistic and i.i.d. errors.
------------------------------------------------------------------------------
Hansen J statistic (overidentification test of all instruments):         0.000
                                                 (equation exactly identified)
------------------------------------------------------------------------------
Instrumented:         nbr_g_inv
Included instruments: feyrer_int lnpop ln_sea_ma
Excluded instruments: nbr_f_inv
Partialled-out:       _cons
                      nb: total SS, model F and R2s are after partialling-out;
                          any small-sample adjustments include partialled-out
                          variables in regressor count K
------------------------------------------------------------------------------

Absorbed degrees of freedom:
-----------------------------------------------------+
 Absorbed FE | Categories  - Redundant  = Num. Coefs |
-------------+---------------------------------------|
     isocode |        60          60           0    *|
           y |        28           1          27     |
-----------------------------------------------------+
* = FE nested within cluster; treated as redundant for DoF computation
SPL [C] het_intl3 nbr_g_inv: b =    10.694 (se    7.394)  KP F =    22.4  SWF =       .  N =    1458

. 
. * =====================================================================
. * D) mechanisms of the neighbour effect (own vs neighbour table)
. * =====================================================================
. di _n "===== D) neighbour mechanisms ====="

===== D) neighbour mechanisms =====

. foreach yv in ln_co2_tot ln_co2_intl ln_co2_dom ln_skm ln_flights ln_gauge ln_stage ln_intensity intl_share {
  2.     capture noisily ivreghdfe `yv' feyrer_int lnpop ln_sea_ma (nbr_g_inv = nbr_f_inv), absorb(isocode y) cluster(isocode)
  3.     if _rc == 0 postone D mech_`yv' nbr_g_inv e(widstat) .
  4. }
(dropped 1 singleton observations)
(MWFE estimator converged in 5 iterations)

IV (2SLS) estimation
--------------------

Estimates efficient for homoskedasticity only
Statistics robust to heteroskedasticity and clustering on isocode

Number of clusters (isocode) =     182                Number of obs =     4634
                                                      F(  4,   181) =     5.99
                                                      Prob > F      =   0.0002
Total (centered) SS     =   776.026185                Centered R2   =   0.0682
Total (uncentered) SS   =   776.026185                Uncentered R2 =   0.0682
Residual SS             =  723.0632495                Root MSE      =    .3963

------------------------------------------------------------------------------
             |               Robust
  ln_co2_tot |      Coef.   Std. Err.      t    P>|t|     [95% Conf. Interval]
-------------+----------------------------------------------------------------
   nbr_g_inv |   6.730448   5.640909     1.19   0.234    -4.399951    17.86085
  feyrer_int |   .2457274   .3579902     0.69   0.493    -.4606436    .9520984
       lnpop |    .654188    .346677     1.89   0.061    -.0298603    1.338236
   ln_sea_ma |  -.7015079   1.181022    -0.59   0.553    -3.031851    1.628835
------------------------------------------------------------------------------
Underidentification test (Kleibergen-Paap rk LM statistic):             25.447
                                                   Chi-sq(1) P-val =    0.0000
------------------------------------------------------------------------------
Weak identification test (Cragg-Donald Wald F statistic):              167.887
                         (Kleibergen-Paap rk Wald F statistic):         52.919
Stock-Yogo weak ID test critical values: 10% maximal IV size             16.38
                                         15% maximal IV size              8.96
                                         20% maximal IV size              6.66
                                         25% maximal IV size              5.53
Source: Stock-Yogo (2005).  Reproduced by permission.
NB: Critical values are for Cragg-Donald F statistic and i.i.d. errors.
------------------------------------------------------------------------------
Hansen J statistic (overidentification test of all instruments):         0.000
                                                 (equation exactly identified)
------------------------------------------------------------------------------
Instrumented:         nbr_g_inv
Included instruments: feyrer_int lnpop ln_sea_ma
Excluded instruments: nbr_f_inv
Partialled-out:       _cons
                      nb: total SS, model F and R2s are after partialling-out;
                          any small-sample adjustments include partialled-out
                          variables in regressor count K
------------------------------------------------------------------------------

Absorbed degrees of freedom:
-----------------------------------------------------+
 Absorbed FE | Categories  - Redundant  = Num. Coefs |
-------------+---------------------------------------|
     isocode |       182         182           0    *|
           y |        28           1          27     |
-----------------------------------------------------+
* = FE nested within cluster; treated as redundant for DoF computation
SPL [D] mech_ln_co2_tot nbr_g_inv: b =     6.730 (se    5.641)  KP F =    52.9  SWF =       .  N =    4634
(dropped 1 singleton observations)
(MWFE estimator converged in 5 iterations)

IV (2SLS) estimation
--------------------

Estimates efficient for homoskedasticity only
Statistics robust to heteroskedasticity and clustering on isocode

Number of clusters (isocode) =     182                Number of obs =     4634
                                                      F(  4,   181) =     5.70
                                                      Prob > F      =   0.0002
Total (centered) SS     =  796.8170565                Centered R2   =   0.0580
Total (uncentered) SS   =  796.8170565                Uncentered R2 =   0.0580
Residual SS             =   750.587878                Root MSE      =    .4038

------------------------------------------------------------------------------
             |               Robust
 ln_co2_intl |      Coef.   Std. Err.      t    P>|t|     [95% Conf. Interval]
-------------+----------------------------------------------------------------
   nbr_g_inv |   8.860047   5.598014     1.58   0.115    -2.185713    19.90581
  feyrer_int |   .0869688   .3514506     0.25   0.805    -.6064984    .7804359
       lnpop |   .6735311    .342791     1.96   0.051    -.0028494    1.349912
   ln_sea_ma |  -1.036573   1.180591    -0.88   0.381    -3.366065    1.292918
------------------------------------------------------------------------------
Underidentification test (Kleibergen-Paap rk LM statistic):             25.447
                                                   Chi-sq(1) P-val =    0.0000
------------------------------------------------------------------------------
Weak identification test (Cragg-Donald Wald F statistic):              167.887
                         (Kleibergen-Paap rk Wald F statistic):         52.919
Stock-Yogo weak ID test critical values: 10% maximal IV size             16.38
                                         15% maximal IV size              8.96
                                         20% maximal IV size              6.66
                                         25% maximal IV size              5.53
Source: Stock-Yogo (2005).  Reproduced by permission.
NB: Critical values are for Cragg-Donald F statistic and i.i.d. errors.
------------------------------------------------------------------------------
Hansen J statistic (overidentification test of all instruments):         0.000
                                                 (equation exactly identified)
------------------------------------------------------------------------------
Instrumented:         nbr_g_inv
Included instruments: feyrer_int lnpop ln_sea_ma
Excluded instruments: nbr_f_inv
Partialled-out:       _cons
                      nb: total SS, model F and R2s are after partialling-out;
                          any small-sample adjustments include partialled-out
                          variables in regressor count K
------------------------------------------------------------------------------

Absorbed degrees of freedom:
-----------------------------------------------------+
 Absorbed FE | Categories  - Redundant  = Num. Coefs |
-------------+---------------------------------------|
     isocode |       182         182           0    *|
           y |        28           1          27     |
-----------------------------------------------------+
* = FE nested within cluster; treated as redundant for DoF computation
SPL [D] mech_ln_co2_intl nbr_g_inv: b =     8.860 (se    5.598)  KP F =    52.9  SWF =       .  N =    4634
(dropped 9 singleton observations)
(MWFE estimator converged in 6 iterations)

IV (2SLS) estimation
--------------------

Estimates efficient for homoskedasticity only
Statistics robust to heteroskedasticity and clustering on isocode

Number of clusters (isocode) =     158                Number of obs =     3567
                                                      F(  4,   157) =     1.06
                                                      Prob > F      =   0.3765
Total (centered) SS     =  2156.685239                Centered R2   =   0.0118
Total (uncentered) SS   =  2156.685239                Uncentered R2 =   0.0118
Residual SS             =   2131.25918                Root MSE      =    .7764

------------------------------------------------------------------------------
             |               Robust
  ln_co2_dom |      Coef.   Std. Err.      t    P>|t|     [95% Conf. Interval]
-------------+----------------------------------------------------------------
   nbr_g_inv |  -2.458409   12.27102    -0.20   0.841      -26.696    21.77919
  feyrer_int |   .0963583   .7712995     0.12   0.901    -1.427104    1.619821
       lnpop |   .2689172   .8194854     0.33   0.743    -1.349721    1.887556
   ln_sea_ma |   2.946802   2.596121     1.14   0.258    -2.181028    8.074632
------------------------------------------------------------------------------
Underidentification test (Kleibergen-Paap rk LM statistic):             19.650
                                                   Chi-sq(1) P-val =    0.0000
------------------------------------------------------------------------------
Weak identification test (Cragg-Donald Wald F statistic):              118.860
                         (Kleibergen-Paap rk Wald F statistic):         40.941
Stock-Yogo weak ID test critical values: 10% maximal IV size             16.38
                                         15% maximal IV size              8.96
                                         20% maximal IV size              6.66
                                         25% maximal IV size              5.53
Source: Stock-Yogo (2005).  Reproduced by permission.
NB: Critical values are for Cragg-Donald F statistic and i.i.d. errors.
------------------------------------------------------------------------------
Hansen J statistic (overidentification test of all instruments):         0.000
                                                 (equation exactly identified)
------------------------------------------------------------------------------
Instrumented:         nbr_g_inv
Included instruments: feyrer_int lnpop ln_sea_ma
Excluded instruments: nbr_f_inv
Partialled-out:       _cons
                      nb: total SS, model F and R2s are after partialling-out;
                          any small-sample adjustments include partialled-out
                          variables in regressor count K
------------------------------------------------------------------------------

Absorbed degrees of freedom:
-----------------------------------------------------+
 Absorbed FE | Categories  - Redundant  = Num. Coefs |
-------------+---------------------------------------|
     isocode |       158         158           0    *|
           y |        28           1          27     |
-----------------------------------------------------+
* = FE nested within cluster; treated as redundant for DoF computation
SPL [D] mech_ln_co2_dom nbr_g_inv: b =    -2.458 (se   12.271)  KP F =    40.9  SWF =       .  N =    3567
(dropped 1 singleton observations)
(MWFE estimator converged in 5 iterations)

IV (2SLS) estimation
--------------------

Estimates efficient for homoskedasticity only
Statistics robust to heteroskedasticity and clustering on isocode

Number of clusters (isocode) =     182                Number of obs =     4634
                                                      F(  4,   181) =     5.52
                                                      Prob > F      =   0.0003
Total (centered) SS     =  910.2152703                Centered R2   =   0.0680
Total (uncentered) SS   =  910.2152703                Uncentered R2 =   0.0680
Residual SS             =  848.2929478                Root MSE      =    .4293

------------------------------------------------------------------------------
             |               Robust
      ln_skm |      Coef.   Std. Err.      t    P>|t|     [95% Conf. Interval]
-------------+----------------------------------------------------------------
   nbr_g_inv |   5.411809   5.829864     0.93   0.354    -6.091429    16.91505
  feyrer_int |   .3693922   .3734999     0.99   0.324    -.3675817    1.106366
       lnpop |   .5314733   .3641758     1.46   0.146    -.1871028    1.250049
   ln_sea_ma |  -.6603032   1.252689    -0.53   0.599    -3.132055    1.811449
------------------------------------------------------------------------------
Underidentification test (Kleibergen-Paap rk LM statistic):             25.447
                                                   Chi-sq(1) P-val =    0.0000
------------------------------------------------------------------------------
Weak identification test (Cragg-Donald Wald F statistic):              167.887
                         (Kleibergen-Paap rk Wald F statistic):         52.919
Stock-Yogo weak ID test critical values: 10% maximal IV size             16.38
                                         15% maximal IV size              8.96
                                         20% maximal IV size              6.66
                                         25% maximal IV size              5.53
Source: Stock-Yogo (2005).  Reproduced by permission.
NB: Critical values are for Cragg-Donald F statistic and i.i.d. errors.
------------------------------------------------------------------------------
Hansen J statistic (overidentification test of all instruments):         0.000
                                                 (equation exactly identified)
------------------------------------------------------------------------------
Instrumented:         nbr_g_inv
Included instruments: feyrer_int lnpop ln_sea_ma
Excluded instruments: nbr_f_inv
Partialled-out:       _cons
                      nb: total SS, model F and R2s are after partialling-out;
                          any small-sample adjustments include partialled-out
                          variables in regressor count K
------------------------------------------------------------------------------

Absorbed degrees of freedom:
-----------------------------------------------------+
 Absorbed FE | Categories  - Redundant  = Num. Coefs |
-------------+---------------------------------------|
     isocode |       182         182           0    *|
           y |        28           1          27     |
-----------------------------------------------------+
* = FE nested within cluster; treated as redundant for DoF computation
SPL [D] mech_ln_skm nbr_g_inv: b =     5.412 (se    5.830)  KP F =    52.9  SWF =       .  N =    4634
(dropped 1 singleton observations)
(MWFE estimator converged in 5 iterations)

IV (2SLS) estimation
--------------------

Estimates efficient for homoskedasticity only
Statistics robust to heteroskedasticity and clustering on isocode

Number of clusters (isocode) =     182                Number of obs =     4634
                                                      F(  4,   181) =    12.02
                                                      Prob > F      =   0.0000
Total (centered) SS     =   963.997444                Centered R2   =   0.0876
Total (uncentered) SS   =   963.997444                Uncentered R2 =   0.0876
Residual SS             =  879.5931507                Root MSE      =    .4371

------------------------------------------------------------------------------
             |               Robust
  ln_flights |      Coef.   Std. Err.      t    P>|t|     [95% Conf. Interval]
-------------+----------------------------------------------------------------
   nbr_g_inv |   1.660943    5.30291     0.31   0.754    -8.802531    12.12442
  feyrer_int |   .7572225    .358178     2.11   0.036      .050481    1.463964
       lnpop |   .6622336   .2451418     2.70   0.008     .1785304    1.145937
   ln_sea_ma |   1.086541   1.175701     0.92   0.357    -1.233301    3.406384
------------------------------------------------------------------------------
Underidentification test (Kleibergen-Paap rk LM statistic):             25.447
                                                   Chi-sq(1) P-val =    0.0000
------------------------------------------------------------------------------
Weak identification test (Cragg-Donald Wald F statistic):              167.887
                         (Kleibergen-Paap rk Wald F statistic):         52.919
Stock-Yogo weak ID test critical values: 10% maximal IV size             16.38
                                         15% maximal IV size              8.96
                                         20% maximal IV size              6.66
                                         25% maximal IV size              5.53
Source: Stock-Yogo (2005).  Reproduced by permission.
NB: Critical values are for Cragg-Donald F statistic and i.i.d. errors.
------------------------------------------------------------------------------
Hansen J statistic (overidentification test of all instruments):         0.000
                                                 (equation exactly identified)
------------------------------------------------------------------------------
Instrumented:         nbr_g_inv
Included instruments: feyrer_int lnpop ln_sea_ma
Excluded instruments: nbr_f_inv
Partialled-out:       _cons
                      nb: total SS, model F and R2s are after partialling-out;
                          any small-sample adjustments include partialled-out
                          variables in regressor count K
------------------------------------------------------------------------------

Absorbed degrees of freedom:
-----------------------------------------------------+
 Absorbed FE | Categories  - Redundant  = Num. Coefs |
-------------+---------------------------------------|
     isocode |       182         182           0    *|
           y |        28           1          27     |
-----------------------------------------------------+
* = FE nested within cluster; treated as redundant for DoF computation
SPL [D] mech_ln_flights nbr_g_inv: b =     1.661 (se    5.303)  KP F =    52.9  SWF =       .  N =    4634
(dropped 1 singleton observations)
(MWFE estimator converged in 5 iterations)

IV (2SLS) estimation
--------------------

Estimates efficient for homoskedasticity only
Statistics robust to heteroskedasticity and clustering on isocode

Number of clusters (isocode) =     182                Number of obs =     4634
                                                      F(  4,   181) =     7.80
                                                      Prob > F      =   0.0000
Total (centered) SS     =  167.5044366                Centered R2   =  -0.0768
Total (uncentered) SS   =  167.5044366                Uncentered R2 =  -0.0768
Residual SS             =  180.3729003                Root MSE      =     .198

------------------------------------------------------------------------------
             |               Robust
    ln_gauge |      Coef.   Std. Err.      t    P>|t|     [95% Conf. Interval]
-------------+----------------------------------------------------------------
   nbr_g_inv |   5.741428   2.510611     2.29   0.023     .7875979    10.69526
  feyrer_int |  -.4175078   .1747256    -2.39   0.018    -.7622688   -.0727468
       lnpop |  -.2503779   .1250388    -2.00   0.047     -.497099   -.0036568
   ln_sea_ma |  -.9803837   .5725166    -1.71   0.089    -2.110049    .1492814
------------------------------------------------------------------------------
Underidentification test (Kleibergen-Paap rk LM statistic):             25.447
                                                   Chi-sq(1) P-val =    0.0000
------------------------------------------------------------------------------
Weak identification test (Cragg-Donald Wald F statistic):              167.887
                         (Kleibergen-Paap rk Wald F statistic):         52.919
Stock-Yogo weak ID test critical values: 10% maximal IV size             16.38
                                         15% maximal IV size              8.96
                                         20% maximal IV size              6.66
                                         25% maximal IV size              5.53
Source: Stock-Yogo (2005).  Reproduced by permission.
NB: Critical values are for Cragg-Donald F statistic and i.i.d. errors.
------------------------------------------------------------------------------
Hansen J statistic (overidentification test of all instruments):         0.000
                                                 (equation exactly identified)
------------------------------------------------------------------------------
Instrumented:         nbr_g_inv
Included instruments: feyrer_int lnpop ln_sea_ma
Excluded instruments: nbr_f_inv
Partialled-out:       _cons
                      nb: total SS, model F and R2s are after partialling-out;
                          any small-sample adjustments include partialled-out
                          variables in regressor count K
------------------------------------------------------------------------------

Absorbed degrees of freedom:
-----------------------------------------------------+
 Absorbed FE | Categories  - Redundant  = Num. Coefs |
-------------+---------------------------------------|
     isocode |       182         182           0    *|
           y |        28           1          27     |
-----------------------------------------------------+
* = FE nested within cluster; treated as redundant for DoF computation
SPL [D] mech_ln_gauge nbr_g_inv: b =     5.741 (se    2.511)  KP F =    52.9  SWF =       .  N =    4634
(dropped 1 singleton observations)
(MWFE estimator converged in 5 iterations)

IV (2SLS) estimation
--------------------

Estimates efficient for homoskedasticity only
Statistics robust to heteroskedasticity and clustering on isocode

Number of clusters (isocode) =     182                Number of obs =     4634
                                                      F(  4,   181) =     1.20
                                                      Prob > F      =   0.3128
Total (centered) SS     =  160.8745078                Centered R2   =  -0.0063
Total (uncentered) SS   =  160.8745078                Uncentered R2 =  -0.0063
Residual SS             =  161.8811133                Root MSE      =    .1875

------------------------------------------------------------------------------
             |               Robust
    ln_stage |      Coef.   Std. Err.      t    P>|t|     [95% Conf. Interval]
-------------+----------------------------------------------------------------
   nbr_g_inv |  -1.990559   2.398859    -0.83   0.408    -6.723885    2.742767
  feyrer_int |   .0296773   .1561896     0.19   0.850    -.2785093    .3378639
       lnpop |   .1196175   .1833314     0.65   0.515    -.2421241    .4813591
   ln_sea_ma |  -.7664606   .6636027    -1.15   0.250    -2.075853    .5429318
------------------------------------------------------------------------------
Underidentification test (Kleibergen-Paap rk LM statistic):             25.447
                                                   Chi-sq(1) P-val =    0.0000
------------------------------------------------------------------------------
Weak identification test (Cragg-Donald Wald F statistic):              167.887
                         (Kleibergen-Paap rk Wald F statistic):         52.919
Stock-Yogo weak ID test critical values: 10% maximal IV size             16.38
                                         15% maximal IV size              8.96
                                         20% maximal IV size              6.66
                                         25% maximal IV size              5.53
Source: Stock-Yogo (2005).  Reproduced by permission.
NB: Critical values are for Cragg-Donald F statistic and i.i.d. errors.
------------------------------------------------------------------------------
Hansen J statistic (overidentification test of all instruments):         0.000
                                                 (equation exactly identified)
------------------------------------------------------------------------------
Instrumented:         nbr_g_inv
Included instruments: feyrer_int lnpop ln_sea_ma
Excluded instruments: nbr_f_inv
Partialled-out:       _cons
                      nb: total SS, model F and R2s are after partialling-out;
                          any small-sample adjustments include partialled-out
                          variables in regressor count K
------------------------------------------------------------------------------

Absorbed degrees of freedom:
-----------------------------------------------------+
 Absorbed FE | Categories  - Redundant  = Num. Coefs |
-------------+---------------------------------------|
     isocode |       182         182           0    *|
           y |        28           1          27     |
-----------------------------------------------------+
* = FE nested within cluster; treated as redundant for DoF computation
SPL [D] mech_ln_stage nbr_g_inv: b =    -1.991 (se    2.399)  KP F =    52.9  SWF =       .  N =    4634
(dropped 1 singleton observations)
(MWFE estimator converged in 5 iterations)

IV (2SLS) estimation
--------------------

Estimates efficient for homoskedasticity only
Statistics robust to heteroskedasticity and clustering on isocode

Number of clusters (isocode) =     182                Number of obs =     4634
                                                      F(  4,   181) =     1.78
                                                      Prob > F      =   0.1346
Total (centered) SS     =  66.90864822                Centered R2   =  -0.0361
Total (uncentered) SS   =  66.90864822                Uncentered R2 =  -0.0361
Residual SS             =  69.32310468                Root MSE      =    .1227

------------------------------------------------------------------------------
             |               Robust
ln_intensity |      Coef.   Std. Err.      t    P>|t|     [95% Conf. Interval]
-------------+----------------------------------------------------------------
   nbr_g_inv |   1.318639   1.225076     1.08   0.283    -1.098629    3.735907
  feyrer_int |  -.1236648   .0839384    -1.47   0.142    -.2892884    .0419588
       lnpop |   .1227147   .0709979     1.73   0.086    -.0173753    .2628046
   ln_sea_ma |  -.0412047   .3069416    -0.13   0.893    -.6468488    .5644394
------------------------------------------------------------------------------
Underidentification test (Kleibergen-Paap rk LM statistic):             25.447
                                                   Chi-sq(1) P-val =    0.0000
------------------------------------------------------------------------------
Weak identification test (Cragg-Donald Wald F statistic):              167.887
                         (Kleibergen-Paap rk Wald F statistic):         52.919
Stock-Yogo weak ID test critical values: 10% maximal IV size             16.38
                                         15% maximal IV size              8.96
                                         20% maximal IV size              6.66
                                         25% maximal IV size              5.53
Source: Stock-Yogo (2005).  Reproduced by permission.
NB: Critical values are for Cragg-Donald F statistic and i.i.d. errors.
------------------------------------------------------------------------------
Hansen J statistic (overidentification test of all instruments):         0.000
                                                 (equation exactly identified)
------------------------------------------------------------------------------
Instrumented:         nbr_g_inv
Included instruments: feyrer_int lnpop ln_sea_ma
Excluded instruments: nbr_f_inv
Partialled-out:       _cons
                      nb: total SS, model F and R2s are after partialling-out;
                          any small-sample adjustments include partialled-out
                          variables in regressor count K
------------------------------------------------------------------------------

Absorbed degrees of freedom:
-----------------------------------------------------+
 Absorbed FE | Categories  - Redundant  = Num. Coefs |
-------------+---------------------------------------|
     isocode |       182         182           0    *|
           y |        28           1          27     |
-----------------------------------------------------+
* = FE nested within cluster; treated as redundant for DoF computation
SPL [D] mech_ln_intensity nbr_g_inv: b =     1.319 (se    1.225)  KP F =    52.9  SWF =       .  N =    4634
(dropped 1 singleton observations)
(MWFE estimator converged in 5 iterations)

IV (2SLS) estimation
--------------------

Estimates efficient for homoskedasticity only
Statistics robust to heteroskedasticity and clustering on isocode

Number of clusters (isocode) =     182                Number of obs =     4634
                                                      F(  4,   181) =     0.90
                                                      Prob > F      =   0.4666
Total (centered) SS     =  10.41864177                Centered R2   =  -0.0217
Total (uncentered) SS   =  10.41864177                Uncentered R2 =  -0.0217
Residual SS             =  10.64472548                Root MSE      =   .04809

------------------------------------------------------------------------------
             |               Robust
  intl_share |      Coef.   Std. Err.      t    P>|t|     [95% Conf. Interval]
-------------+----------------------------------------------------------------
   nbr_g_inv |   .7698165   .6325559     1.22   0.225    -.4783156    2.017949
  feyrer_int |  -.0477668   .0470587    -1.02   0.311    -.1406209    .0450874
       lnpop |   .0152685   .0234757     0.65   0.516    -.0310528    .0615897
   ln_sea_ma |  -.1652719   .1435066    -1.15   0.251    -.4484329    .1178891
------------------------------------------------------------------------------
Underidentification test (Kleibergen-Paap rk LM statistic):             25.447
                                                   Chi-sq(1) P-val =    0.0000
------------------------------------------------------------------------------
Weak identification test (Cragg-Donald Wald F statistic):              167.887
                         (Kleibergen-Paap rk Wald F statistic):         52.919
Stock-Yogo weak ID test critical values: 10% maximal IV size             16.38
                                         15% maximal IV size              8.96
                                         20% maximal IV size              6.66
                                         25% maximal IV size              5.53
Source: Stock-Yogo (2005).  Reproduced by permission.
NB: Critical values are for Cragg-Donald F statistic and i.i.d. errors.
------------------------------------------------------------------------------
Hansen J statistic (overidentification test of all instruments):         0.000
                                                 (equation exactly identified)
------------------------------------------------------------------------------
Instrumented:         nbr_g_inv
Included instruments: feyrer_int lnpop ln_sea_ma
Excluded instruments: nbr_f_inv
Partialled-out:       _cons
                      nb: total SS, model F and R2s are after partialling-out;
                          any small-sample adjustments include partialled-out
                          variables in regressor count K
------------------------------------------------------------------------------

Absorbed degrees of freedom:
-----------------------------------------------------+
 Absorbed FE | Categories  - Redundant  = Num. Coefs |
-------------+---------------------------------------|
     isocode |       182         182           0    *|
           y |        28           1          27     |
-----------------------------------------------------+
* = FE nested within cluster; treated as redundant for DoF computation
SPL [D] mech_intl_share nbr_g_inv: b =     0.770 (se    0.633)  KP F =    52.9  SWF =       .  N =    4634

. 
. * =====================================================================
. * E) standard errors
. * =====================================================================
. di _n "===== E) SE variants ====="

===== E) SE variants =====

. ivreghdfe ln_co2_tot feyrer_int lnpop ln_sea_ma (nbr_g_inv = nbr_f_inv), absorb(isocode y) cluster(isocode)
(dropped 1 singleton observations)
(MWFE estimator converged in 5 iterations)

IV (2SLS) estimation
--------------------

Estimates efficient for homoskedasticity only
Statistics robust to heteroskedasticity and clustering on isocode

Number of clusters (isocode) =     182                Number of obs =     4634
                                                      F(  4,   181) =     5.99
                                                      Prob > F      =   0.0002
Total (centered) SS     =   776.026185                Centered R2   =   0.0682
Total (uncentered) SS   =   776.026185                Uncentered R2 =   0.0682
Residual SS             =  723.0632495                Root MSE      =    .3963

------------------------------------------------------------------------------
             |               Robust
  ln_co2_tot |      Coef.   Std. Err.      t    P>|t|     [95% Conf. Interval]
-------------+----------------------------------------------------------------
   nbr_g_inv |   6.730448   5.640909     1.19   0.234    -4.399951    17.86085
  feyrer_int |   .2457274   .3579902     0.69   0.493    -.4606436    .9520984
       lnpop |    .654188    .346677     1.89   0.061    -.0298603    1.338236
   ln_sea_ma |  -.7015079   1.181022    -0.59   0.553    -3.031851    1.628835
------------------------------------------------------------------------------
Underidentification test (Kleibergen-Paap rk LM statistic):             25.447
                                                   Chi-sq(1) P-val =    0.0000
------------------------------------------------------------------------------
Weak identification test (Cragg-Donald Wald F statistic):              167.887
                         (Kleibergen-Paap rk Wald F statistic):         52.919
Stock-Yogo weak ID test critical values: 10% maximal IV size             16.38
                                         15% maximal IV size              8.96
                                         20% maximal IV size              6.66
                                         25% maximal IV size              5.53
Source: Stock-Yogo (2005).  Reproduced by permission.
NB: Critical values are for Cragg-Donald F statistic and i.i.d. errors.
------------------------------------------------------------------------------
Hansen J statistic (overidentification test of all instruments):         0.000
                                                 (equation exactly identified)
------------------------------------------------------------------------------
Instrumented:         nbr_g_inv
Included instruments: feyrer_int lnpop ln_sea_ma
Excluded instruments: nbr_f_inv
Partialled-out:       _cons
                      nb: total SS, model F and R2s are after partialling-out;
                          any small-sample adjustments include partialled-out
                          variables in regressor count K
------------------------------------------------------------------------------

Absorbed degrees of freedom:
-----------------------------------------------------+
 Absorbed FE | Categories  - Redundant  = Num. Coefs |
-------------+---------------------------------------|
     isocode |       182         182           0    *|
           y |        28           1          27     |
-----------------------------------------------------+
* = FE nested within cluster; treated as redundant for DoF computation

. postone E cluster_country nbr_g_inv e(widstat) .
SPL [E] cluster_country nbr_g_inv: b =     6.730 (se    5.641)  KP F =    52.9  SWF =       .  N =    4634

. ivreghdfe ln_co2_tot feyrer_int lnpop ln_sea_ma (nbr_g_inv = nbr_f_inv), absorb(isocode y) cluster(srid)
(dropped 1 singleton observations)
(MWFE estimator converged in 5 iterations)

IV (2SLS) estimation
--------------------

Estimates efficient for homoskedasticity only
Statistics robust to heteroskedasticity and clustering on srid

Number of clusters (srid) =         22                Number of obs =     4634
                                                      F(  4,    21) =    13.94
                                                      Prob > F      =   0.0000
Total (centered) SS     =   776.026185                Centered R2   =   0.0682
Total (uncentered) SS   =   776.026185                Uncentered R2 =   0.0682
Residual SS             =  723.0632495                Root MSE      =    .3963

------------------------------------------------------------------------------
             |               Robust
  ln_co2_tot |      Coef.   Std. Err.      t    P>|t|     [95% Conf. Interval]
-------------+----------------------------------------------------------------
   nbr_g_inv |   6.730448   4.962903     1.36   0.189    -3.590474    17.05137
  feyrer_int |   .2457274   .3883367     0.63   0.534     -.561863    1.053318
       lnpop |    .654188    .361935     1.81   0.085    -.0984971    1.406873
   ln_sea_ma |  -.7015079   1.758113    -0.40   0.694    -4.357703    2.954687
------------------------------------------------------------------------------
Underidentification test (Kleibergen-Paap rk LM statistic):              8.336
                                                   Chi-sq(1) P-val =    0.0039
------------------------------------------------------------------------------
Weak identification test (Cragg-Donald Wald F statistic):              167.887
                         (Kleibergen-Paap rk Wald F statistic):         22.829
Stock-Yogo weak ID test critical values: 10% maximal IV size             16.38
                                         15% maximal IV size              8.96
                                         20% maximal IV size              6.66
                                         25% maximal IV size              5.53
Source: Stock-Yogo (2005).  Reproduced by permission.
NB: Critical values are for Cragg-Donald F statistic and i.i.d. errors.
------------------------------------------------------------------------------
Hansen J statistic (overidentification test of all instruments):         0.000
                                                 (equation exactly identified)
------------------------------------------------------------------------------
Instrumented:         nbr_g_inv
Included instruments: feyrer_int lnpop ln_sea_ma
Excluded instruments: nbr_f_inv
Partialled-out:       _cons
                      nb: total SS, model F and R2s are after partialling-out;
                          any small-sample adjustments include partialled-out
                          variables in regressor count K
------------------------------------------------------------------------------

Absorbed degrees of freedom:
-----------------------------------------------------+
 Absorbed FE | Categories  - Redundant  = Num. Coefs |
-------------+---------------------------------------|
     isocode |       182         182           0    *|
           y |        28           1          27     |
-----------------------------------------------------+
* = FE nested within cluster; treated as redundant for DoF computation

. postone E cluster_subregion nbr_g_inv e(widstat) .
SPL [E] cluster_subregion nbr_g_inv: b =     6.730 (se    4.963)  KP F =    22.8  SWF =       .  N =    4634

. ivreghdfe ln_co2_tot feyrer_int lnpop ln_sea_ma (nbr_g_inv = nbr_f_inv), absorb(isocode y) cluster(isocode y)
(dropped 1 singleton observations)
(MWFE estimator converged in 5 iterations)

IV (2SLS) estimation
--------------------

Estimates efficient for homoskedasticity only
Statistics robust to heteroskedasticity and clustering on isocode and y

Number of clusters (isocode) =     182                Number of obs =     4634
Number of clusters (y) =            28                F(  4,    27) =     5.66
                                                      Prob > F      =   0.0019
Total (centered) SS     =   776.026185                Centered R2   =   0.0682
Total (uncentered) SS   =   776.026185                Uncentered R2 =   0.0682
Residual SS             =  723.0632495                Root MSE      =    .3952

------------------------------------------------------------------------------
             |               Robust
  ln_co2_tot |      Coef.   Std. Err.      t    P>|t|     [95% Conf. Interval]
-------------+----------------------------------------------------------------
   nbr_g_inv |   6.730448   5.580964     1.21   0.238    -4.720745    18.18164
  feyrer_int |   .2457274   .3536031     0.69   0.493    -.4798062     .971261
       lnpop |    .654188   .3406329     1.92   0.065     -.044733    1.353109
   ln_sea_ma |  -.7015079   1.171873    -0.60   0.554    -3.105993    1.702978
------------------------------------------------------------------------------
Underidentification test (Kleibergen-Paap rk LM statistic):              5.223
                                                   Chi-sq(1) P-val =    0.0223
------------------------------------------------------------------------------
Weak identification test (Cragg-Donald Wald F statistic):              168.836
                         (Kleibergen-Paap rk Wald F statistic):         14.173
Stock-Yogo weak ID test critical values: 10% maximal IV size             16.38
                                         15% maximal IV size              8.96
                                         20% maximal IV size              6.66
                                         25% maximal IV size              5.53
Source: Stock-Yogo (2005).  Reproduced by permission.
NB: Critical values are for Cragg-Donald F statistic and i.i.d. errors.
------------------------------------------------------------------------------
Hansen J statistic (overidentification test of all instruments):         0.000
                                                 (equation exactly identified)
------------------------------------------------------------------------------
Instrumented:         nbr_g_inv
Included instruments: feyrer_int lnpop ln_sea_ma
Excluded instruments: nbr_f_inv
Partialled-out:       _cons
                      nb: total SS, model F and R2s are after partialling-out;
                          any small-sample adjustments include partialled-out
                          variables in regressor count K
------------------------------------------------------------------------------

Absorbed degrees of freedom:
-----------------------------------------------------+
 Absorbed FE | Categories  - Redundant  = Num. Coefs |
-------------+---------------------------------------|
     isocode |       182         182           0    *|
           y |        28          28           0    *|
-----------------------------------------------------+
* = FE nested within cluster; treated as redundant for DoF computation

. postone E cluster_twoway nbr_g_inv e(widstat) .
SPL [E] cluster_twoway nbr_g_inv: b =     6.730 (se    5.581)  KP F =    14.2  SWF =       .  N =    4634

. 
. postclose `R'

. preserve

. use "_spill_tmp_cl", clear

. list, clean noobs

    panel                 item             var            b          se           p         kpf         swf     nn  
        A     own_exog_control       nbr_g_inv    2.9497967   1.8313701   .10724407   176.43413           .   4634  
        A     own_exog_control     ln_gaci_cwm    3.2252049   .40344219   1.304e-15   176.43413           .   4634  
        A    hybrid_rf_control       nbr_g_inv    6.7304481   5.6409091   .23281081   52.918936           .   4634  
        A    hybrid_rf_control      feyrer_int     .2457274   .35799024   .49245579   52.918936           .   4634  
        A            joint_inv     ln_gaci_cwm   -2.0977061   4.3216924   .62739975   .72035692    1.479245   4634  
        A            joint_inv       nbr_g_inv    14.623524   9.2152887   .11254065   .72035692   1.6889471   4634  
        A         joint_contig     ln_gaci_cwm    3.2126291   1.2344961    .0092579   3.2866097   6.6692921   4634  
        A         joint_contig    nbr_g_contig    1.8544423   .65931287   .00491291   3.2866097   13.045967   4634  
        A           joint_knn5     ln_gaci_cwm     1.130408   1.7828578   .52605294   3.3932158   7.1295414   4634  
        A           joint_knn5      nbr_g_knn5    3.2648712   1.8197766   .07279633   3.3932158    6.709781   4634  
        A             joint_b1     ln_gaci_cwm    4.2945238   1.2167302   .00041625   6.6496507   13.401295   4634  
        A             joint_b1        nbr_g_b1    .81816414   .61510866   .18348098   6.6496507   26.387359   4634  
        A           joint_k500     ln_gaci_cwm   -2.1937427   5.3742306   .68312933   .65661744   1.3385264   4634  
        A           joint_k500      nbr_g_k500    5.9877374   5.0307965   .23396128   .65661744   1.3398253   4634  
        A          joint_k1000     ln_gaci_cwm   -.25751402   1.9406363   .89443407   2.6548352   5.3309661   4634  
        A          joint_k1000     nbr_g_k1000    4.7498254   2.2454703   .03440507   2.6548352   6.1092174   4634  
        A           single_inv       nbr_g_inv    6.7461232   5.6446399   .23203315   52.842256           .   4634  
        A        single_contig    nbr_g_contig    1.9585248   .60771425   .00126956    168.0019           .   4634  
        A          single_knn5      nbr_g_knn5    6.6764633   5.6529668   .23758098   1.3885678           .   4634  
        A            single_b1        nbr_g_b1    .28267857   .85395315   .74062672   49.191828           .   4634  
        A          single_k500      nbr_g_k500    2.8229767   2.1594442   .19112102   9.1813087           .   4634  
        A         single_k1000     nbr_g_k1000    4.0985112   2.9498018   .16470531   14.924138           .   4634  
        B          bands_joint        nbr_g_b1    .06545735   1.0182109     .948742   .33797112           .   4634  
        B          bands_joint        nbr_g_b2   -1.0124848   2.5534297   .69172179   .33797112           .   4634  
        B          bands_joint        nbr_g_b3    .32780939   4.1960688   .93773023   .33797112           .   4634  
        B          bands_joint        nbr_g_b4    2.6930446   3.8027747    .4788342   .33797112           .   4634  
        B          bands_joint        nbr_g_b5    -5.280683   7.4747279    .4798949   .33797112           .   4634  
        B   bands_joint_contig    nbr_g_contig    1.9505581   .91229263   .03250995   .29203041           .   4634  
        B   bands_joint_contig        nbr_g_b1     .1152616   1.0771407   .91478342   .29203041           .   4634  
        B   bands_joint_contig        nbr_g_b2   -1.0796386   2.6711034   .68607153   .29203041           .   4634  
        B   bands_joint_contig        nbr_g_b3   -1.7557108   4.7386229   .71100196   .29203041           .   4634  
        B   bands_joint_contig        nbr_g_b4    2.6860768   3.8977968   .49074339   .29203041           .   4634  
        B   bands_joint_contig        nbr_g_b5   -3.0197326    7.852859   .70057881   .29203041           .   4634  
        B          band_single    nbr_g_contig    1.9585248   .60771425   .00126956    168.0019           .   4634  
        B          band_single        nbr_g_b1    .34244412   .84803779   .68635419   89.037312           .   4634  
        B          band_single        nbr_g_b2   -.30152807    1.066258   .77733712   40.590914           .   4634  
        B          band_single        nbr_g_b3    2.4489437   1.7831397   .16963158   13.409169           .   4634  
        B          band_single        nbr_g_b4    2.2709326   5.9555267   .70296941   4.9971265           .   4634  
        B          band_single        nbr_g_b5   -4.3367353   5.6551119   .44315884   621.26098           .   4634  
        B               kernel      nbr_g_k250    2.0709998   1.9752186   .29441226   6.6776258           .   4634  
        B          kernel_rmse            k250     .4111605           .           .   6.6776258           .   4634  
        B               kernel      nbr_g_k500    2.8177315   2.1578102   .19161065   9.1931909           .   4634  
        B          kernel_rmse            k500    .40827853           .           .   9.1931909           .   4634  
        B               kernel     nbr_g_k1000    4.0853196   2.9472297   .16569934   14.969233           .   4634  
        B          kernel_rmse           k1000    .40024788           .           .   14.969233           .   4634  
        B               kernel     nbr_g_k2000     4.396444   5.0690938   .38577561   16.080997           .   4634  
        B          kernel_rmse           k2000    .39419612           .           .   16.080997           .   4634  
        B               kernel     nbr_g_k5000    5.0467544   9.7914522   .60625641   38.682941           .   4634  
        B          kernel_rmse           k5000    .39508014           .           .   38.682941           .   4634  
        C      subregion_inout     nbr_g_inreg    4.2595026   4.5248323   .34651967   .55544178           .   4634  
        C      subregion_inout    nbr_g_outreg    6.3963182   15.662344   .68298861   .55544178           .   4634  
        C           bloc_inout    nbr_g_inbloc    2.3802891   .79358284   .00270493   35.955928           .   4634  
        C           bloc_inout   nbr_g_outbloc    13.061258   5.3462591   .01456312   35.955928           .   4634  
        C      regionXyear_inv       nbr_g_inv    15.942283   9.1687631    .0820769   29.817296           .   4632  
        C   regionXyear_contig    nbr_g_contig    2.0306251     .829389   .01435167   88.090439           .   4632  
        C    regionXyear_bands        nbr_g_b1    1.1061063   1.4360275   .44114909   .45056639           .   4632  
        C    regionXyear_bands        nbr_g_b2   -.23151831   1.5901209    .8842388   .45056639           .   4632  
        C    regionXyear_bands        nbr_g_b3    1.6125345   2.8123125   .56638483   .45056639           .   4632  
        C    regionXyear_bands        nbr_g_b4    4.2623124   5.2977961   .42108261   .45056639           .   4632  
        C    regionXyear_bands        nbr_g_b5    1.2654273   12.869053   .92166943   .45056639           .   4632  
        C     regionXyear_k500      nbr_g_k500     3.294088   3.0295991   .27690353    10.63126           .   4632  
        C           het_Africa       nbr_g_inv   -.79832388   23.128027   .97246441     2.36625           .   1230  
        C         het_Americas       nbr_g_inv   -10.100932    8.108616   .21287323   26.062725           .    760  
        C             het_Asia       nbr_g_inv    22.652341   23.585193      .33683     6.34091           .   1231  
        C           het_Europe       nbr_g_inv   -8.0911958    58.21599   .88946137   .33260305           .   1052  
        C          het_Oceania       nbr_g_inv    1.4880716   2.3533008    .5271688   45.143061           .    361  
        C            het_intl1       nbr_g_inv    12.909466   12.145611   .28783119   8.4018671           .   1644  
        C            het_intl2       nbr_g_inv    -1.969634   17.425127    .9100035   4.2722812           .   1532  
        C            het_intl3       nbr_g_inv    10.693869   7.3942991   .14811224   22.448369           .   1458  
        D      mech_ln_co2_tot       nbr_g_inv    6.7304481   5.6409091   .23281081   52.918936           .   4634  
        D     mech_ln_co2_intl       nbr_g_inv    8.8600474   5.5980139   .11348697   52.918936           .   4634  
        D      mech_ln_co2_dom       nbr_g_inv   -2.4584086   12.271025   .84121267   40.940632           .   3567  
        D          mech_ln_skm       nbr_g_inv     5.411809   5.8298644   .35325679   52.918936           .   4634  
        D      mech_ln_flights       nbr_g_inv    1.6609428   5.3029099   .75411849   52.918936           .   4634  
        D        mech_ln_gauge       nbr_g_inv     5.741428   2.5106111   .02220372   52.918936           .   4634  
        D        mech_ln_stage       nbr_g_inv   -1.9905589   2.3988591   .40665525   52.918936           .   4634  
        D    mech_ln_intensity       nbr_g_inv    1.3186391   1.2250762   .28176045   52.918936           .   4634  
        D      mech_intl_share       nbr_g_inv    .76981648   .63255588   .22360664   52.918936           .   4634  
        E      cluster_country       nbr_g_inv    6.7304481   5.6409091   .23281081   52.918936           .   4634  
        E    cluster_subregion       nbr_g_inv    6.7304481    4.962903   .17505099   22.829045           .   4634  
        E       cluster_twoway       nbr_g_inv    6.7304481   5.5809644   .22783097   14.172543           .   4634  

. export delimited "_spill_bands_cl.csv", replace
file _spill_bands_cl.csv saved

. restore

. erase "_spill_tmp_cl.dta"

. 
. di _n "DONE_SPILL_BANDS"

DONE_SPILL_BANDS

. 
end of do-file
