ym,jet_nom,brent_nom,cpi,kz,kz_pre,kz_surprise,bh_neg,jet_real,brent_real,brent_gal_real,lnjet,lnbrent,lnjet_nom,lncrack,kz_cum,kz_s12,kz_pre_cum,kz_pre_s12,bh_neg_cum,bh_neg_s12,lnjet_ma6,lnjet_l1,lnjet_l3,lnjet_l6,lnjet_l9,lnjet_l12,lnbrent_ma6,lnbrent_l1,lnbrent_l3,lnbrent_l6,lnbrent_l9,lnbrent_l12,lncrack_ma6,lncrack_l1,lncrack_l3,lncrack_l6,lncrack_l9,lncrack_l12,lnjet_nom_ma6,lnjet_nom_l1,lnjet_nom_l3,lnjet_nom_l6,lnjet_nom_l9,lnjet_nom_l12,d12_lnjet,d12_lnbrent,d12_lnjet_nom,d12_lncrack,d12_kz_cum,d12_kz_pre_cum,d12_bh_neg_cum,d12_lnjet_ma6,d12_lnjet_l1,d12_lnjet_l3,d12_lnjet_l6,d12_lnjet_l9,d12_lnjet_l12,d12_lnbrent_ma6,d12_lnbrent_l1,d12_lnbrent_l3,d12_lnbrent_l6,d12_lnbrent_l9,d12_lnbrent_l12,d12_lncrack_ma6,d12_lncrack_l1,d12_lncrack_l3,d12_lncrack_l6,d12_lncrack_l9,d12_lncrack_l12,d12_lnjet_nom_ma6,d12_lnjet_nom_l1,d12_lnjet_nom_l3,d12_lnjet_nom_l6,d12_lnjet_nom_l9,d12_lnjet_nom_l12,kz_s12_l1,kz_s12_l3,kz_s12_l6,kz_pre_s12_l1,kz_pre_s12_l3,kz_pre_s12_l6,bh_neg_s12_l1,bh_neg_s12_l3,bh_neg_s12_l6,year,month
1990-01,,21.25,127.5,0.8643394768988054,0.36779746373678746,0.0,0.195960410521729,,42.608763888888895,1.0144943783068785,,3.752059957208109,,,3.310902669773301,2.4826383409710777,3.3418647909123407,3.4048624070051656,-28.918012622863312,-1.4702898974663954,,,,,,,3.6175985686265606,3.692859498936445,3.6520016809077096,3.588548331039435,3.742428015956037,3.5895410277103337,,,,,,,,,,,,,,0.16251892949777513,,,2.482638340971078,3.404862407005165,-1.4702898974663974,,,,,,,0.22584409018413165,0.21384199093417466,0.37633771728849874,0.11760973640181005,0.15308777130028783,-0.019086465890540527,,,,,,,,,,,,,1.572442240446767,1.6449750383650728,0.6404595024505819,3.3283455070030517,3.05822203975751,1.6311242076750032,3.9490188235296957,3.439690484993622,0.9372834032200741,1990,1
1990-02,,19.81,128.0,-0.8149931107537178,-0.8908924680960286,0.0,-1.79346956105398,,39.56623184244792,0.9420531391059028,,3.677976023227006,,,2.495909559019583,2.0582219060993494,2.450972322816312,3.05117417066183,-30.71148218391729,-4.784848098159076,,,,,,,3.64485050632134,3.752059957208109,3.638458001841859,3.5391052863665187,3.6507333316512183,3.5698041877238054,,,,,,,,,,,,,,0.10817183550320042,,,2.0582219060993494,3.05117417066183,-4.784848098159074,,,,,,,0.2333289557001268,0.16251892949777513,0.3181405616059054,0.07371950634596658,0.08157382216634579,0.025727888635266094,,,,,,,,,,,,,2.4826383409710777,2.0201808894349913,-0.33302622683931715,3.4048624070051656,3.7748794753081674,1.513431858169908,-1.4702898974663954,3.099015589508732,0.979194523974164,1990,2
1990-03,,18.39,128.6,-0.13691377606032246,-0.029882415349288326,0.0,-1.60770410801707,,36.55871701010887,0.8704456430978302,,3.5989196532488745,,,2.3589957829592603,1.6144321406581845,2.4210899074670236,2.6437417179802063,-32.31918629193436,-6.5113529390526415,,,,,,,3.6679956291314206,3.677976023227006,3.692859498936445,3.594618612667396,3.5946000205572073,3.6666839035592096,,,,,,,,,,,,,,-0.06776425031033506,,,1.6144321406581845,2.643741717980206,-6.511352939052639,,,,,,,0.23907101055966473,0.10817183550320042,0.21384199093417466,0.25541502852843667,0.07804787364720722,0.19086951965426247,,,,,,,,,,,,,2.0582219060993494,1.572442240446767,0.9639558884896617,3.05117417066183,3.3283455070030517,2.6102217512230146,-4.784848098159076,3.9490188235296957,1.575274372464992,1990,3
1990-04,0.54,16.61,128.9,-0.028735515550997445,-0.10519277242353503,0.0,-0.426504290919268,1.071003840186191,32.94328478794932,0.7843639235226028,0.06859637706720491,3.4947874401162253,-0.616186139423817,0.3114785552343479,2.3302602674082626,0.7623446070095348,2.3158971350434885,1.5160583615444814,-32.745690582853626,-8.45509943060313,,,,,,,3.6687124692283337,3.5989196532488745,3.752059957208109,3.6520016809077096,3.588548331039435,3.742428015956037,,,,,,,,,,,,,,-0.24764057583981147,,,0.7623446070095345,1.516058361544481,-8.455099430603127,,,,,,,0.18520779741987026,-0.06776425031033506,0.16251892949777513,0.37633771728849874,0.11760973640181005,0.15308777130028783,,,,,,,,,,,,,1.6144321406581845,2.4826383409710777,1.6449750383650728,2.6437417179802063,3.4048624070051656,3.05822203975751,-6.5113529390526415,-1.4702898974663954,3.439690484993622,1990,4
1990-05,0.515,16.35,129.1,-0.7690739243278211,-0.482121116833692,0.0,-0.77285834613663,1.0198379583010588,32.377379841208366,0.7708899962192468,0.019643750265165953,3.477460025926829,-0.6635883783184009,0.2798533426217052,1.5611863430804416,0.19996063283896792,1.8337760182097964,1.1081723020438512,-33.518548928990256,-9.131598159178518,,0.06859637706720491,,,,,3.642510095763086,3.4947874401162253,3.677976023227006,3.638458001841859,3.5391052863665187,3.6507333316512183,,0.3114785552343479,,,,,,-0.616186139423817,,,,,,-0.17327330572438937,,,0.1999606328389678,1.1081723020438505,-9.131598159178516,,,,,,,0.08121141523181796,-0.24764057583981147,0.10817183550320042,0.3181405616059054,0.07371950634596658,0.08157382216634579,,,,,,,,,,,,,0.7623446070095348,2.0582219060993494,2.0201808894349913,1.5160583615444814,3.05117417066183,3.7748794753081674,-8.45509943060313,-4.784848098159076,3.099015589508732,1990,5
1990-06,0.494,15.1,129.9,0.07473265293207976,-0.21525538106003608,0.0,0.0965660799018252,0.9722276841159866,29.71789074929433,0.7075688273641507,-0.02816525903460501,3.3917492465804884,-0.7052197617942145,0.31775511266827505,1.6359189960125213,0.6280025067166943,1.6185206371497602,1.2724993964688442,-33.42198284908843,-8.12085983480876,,0.019643750265165953,,,,,3.615677099777248,3.477460025926829,3.5989196532488745,3.692859498936445,3.594618612667396,3.5946000205572073,,0.2798533426217052,,,,,,-0.6635883783184009,,,,,,-0.2028507739767189,,,0.6280025067166941,1.2724993964688436,-8.120859834808758,,,,,,,-0.0006908959898979106,-0.17327330572438937,-0.06776425031033506,0.21384199093417466,0.25541502852843667,0.07804787364720722,,,,,,,,,,,,,0.19996063283896792,1.6144321406581845,1.572442240446767,1.1081723020438512,2.6437417179802063,3.3283455070030517,-9.131598159178518,-6.5113529390526415,3.9490188235296957,1990,6
1990-07,0.535,17.17,130.5,0.5588182053153697,0.4217854713787586,0.45974167493349005,1.41979351368529,1.048077640485313,33.636435676883785,0.8008675161162806,0.04695766758728489,3.5156098745827995,-0.6254885320861304,0.2690174112878535,2.194737201327891,0.5644638504932884,2.040306108528519,1.2858849431990715,-32.00218933540314,-6.588411367246969,,-0.02816525903460501,0.06859637706720491,,,,3.565492057717922,3.3917492465804884,3.4947874401162253,3.752059957208109,3.6520016809077096,3.588548331039435,,0.31775511266827505,0.3114785552343479,,,,,-0.7052197617942145,-0.616186139423817,,,,,-0.07293845645663533,,,0.5644638504932882,1.2858849431990709,-6.588411367246966,,,,,,,-0.07013969014171328,-0.2028507739767189,-0.24764057583981147,0.16251892949777513,0.37633771728849874,0.11760973640181005,,,,,,,,,,,,,0.6280025067166943,0.7623446070095348,2.4826383409710777,1.2724993964688442,1.5160583615444814,3.4048624070051656,-8.12085983480876,-8.45509943060313,-1.4702898974663954,1990,7
1990-08,0.791,27.17,131.6,1.5830017114823967,1.439067476054062,0.0,8.93440056703977,1.5366352083333337,52.78176815476192,1.2567087655895695,0.42959509633046367,3.9661658309832033,-0.23445731121448313,0.20109888363062872,3.777738912810288,3.0138737132095663,3.479373584582581,2.789047214225077,-23.067788768363368,4.224485062429561,,0.04695766758728489,0.019643750265165953,,,,3.526083710613704,3.5156098745827995,3.477460025926829,3.677976023227006,3.638458001841859,3.5391052863665187,,0.2690174112878535,0.2798533426217052,,,,,-0.6254885320861304,-0.6635883783184009,,,,,0.42706054461668463,,,3.0138737132095668,2.7890472142250764,4.224485062429565,,,,,,,-0.10938258780078103,-0.07293845645663533,-0.17327330572438937,0.10817183550320042,0.3181405616059054,0.07371950634596658,,,,,,,,,,,,,0.5644638504932884,0.19996063283896792,2.0582219060993494,1.2858849431990715,1.1081723020438512,3.05117417066183,-6.588411367246969,-9.131598159178518,-4.784848098159076,1990,8
1990-09,1.012,34.9,132.5,0.7019361155182646,0.3275202370794283,0.0,-1.79110970649825,1.9526069006289308,67.33792572327044,1.6032839457921535,0.6691653518751604,4.209723610218268,0.011928570865273812,0.19711135994026052,4.479675028328552,2.855228042737548,3.806893821662009,2.521767513009929,-24.85889847486162,2.7521227965878765,,0.42959509633046367,-0.02816525903460501,,,,3.5741153452397363,3.9661658309832033,3.3917492465804884,3.5989196532488745,3.692859498936445,3.594618612667396,,0.20109888363062872,0.31775511266827505,,,,,-0.23445731121448313,-0.7052197617942145,,,,,0.6151049975508722,,,2.8552280427375476,2.5217675130099284,2.75212279658788,,,,,,,-0.05623446961520129,0.42706054461668463,-0.2028507739767189,-0.06776425031033506,0.21384199093417466,0.25541502852843667,,,,,,,,,,,,,3.0138737132095663,0.6280025067166943,1.6144321406581845,2.789047214225077,1.2724993964688442,2.6437417179802063,4.224485062429561,-8.12085983480876,-6.5113529390526415,1990,9
1990-10,1.196,36.02,133.4,0.3157318910325642,0.1509362250371983,0.0,1.08146993146848,2.292057643678161,69.03003037231385,1.6435721517217583,0.8294499484830801,4.2345416327024505,0.17898265552843995,0.33257793406399816,4.795406919361117,2.825832080724999,3.9578300466992076,2.2919604486590703,-23.77742854339314,5.084726004167816,0.2009654973484458,0.6691653518751604,0.04695766758728489,0.06859637706720491,,,3.6759160047346353,4.209723610218268,3.5156098745827995,3.4947874401162253,3.752059957208109,3.6520016809077096,0.2627191108971785,0.19711135994026052,0.2690174112878535,0.3114785552343479,,,-0.4721685919952954,0.011928570865273812,-0.6254885320861304,-0.616186139423817,,,,0.5825399517947409,,,2.8258320807249984,2.2919604486590694,5.08472600416782,,,,,,,0.05757707169499948,0.6151049975508722,-0.07293845645663533,-0.24764057583981147,0.16251892949777513,0.37633771728849874,,,,,,,,,,,,,2.855228042737548,0.5644638504932884,0.7623446070095348,2.521767513009929,1.2858849431990715,1.5160583615444814,2.7521227965878765,-6.588411367246969,-8.45509943060313,1990,10
1990-11,0.971,33.07,133.7,-0.772271872524165,-0.8580435013779668,0.0,-0.94884708075901,1.8566840569683374,63.23433755297932,1.5055794655471266,0.618792131637454,4.146847469321967,-0.029428810690812168,0.20961428059885467,4.023135046836952,1.9988049676443838,3.0997865453212405,0.8855602469358305,-24.726275624152148,6.084572393062766,0.32777442591775835,0.8294499484830801,0.42959509633046367,0.019643750265165953,,,3.799208370165674,4.2345416327024505,3.9661658309832033,3.477460025926829,3.677976023227006,3.638458001841859,0.2662356740354535,0.33257793406399816,0.20109888363062872,0.2798533426217052,,,-0.33964045950325256,0.17898265552843995,-0.23445731121448313,-0.6635883783184009,,,,0.5083894674801082,,,1.998804967644384,0.8855602469358299,6.084572393062771,,,,,,,0.19594049296742622,0.5825399517947409,0.42706054461668463,-0.17327330572438937,0.10817183550320042,0.3181405616059054,,,,,,,,,,,,,2.825832080724999,3.0138737132095663,0.19996063283896792,2.2919604486590703,2.789047214225077,1.1081723020438512,5.084726004167816,4.224485062429561,-9.131598159178518,1990,11
1990-12,0.803,28.27,134.2,-0.2803490157845171,-0.2578558101605501,2.775527058324618,-1.10930201019981,1.5297244740437164,53.85468353825137,1.282254369958366,0.425087636863207,3.986289373604081,-0.21940056503537533,0.1764678815424942,3.742786031052435,1.2962228381779397,2.8419307351606906,-0.13213659201486222,-25.835577634351957,3.278395399033076,0.4276324894798063,0.618792131637454,0.6691653518751604,-0.02816525903460501,,,3.910772944064863,4.146847469321967,4.209723610218268,3.3917492465804884,3.5989196532488745,3.692859498936445,0.25452916369831174,0.20961428059885467,0.19711135994026052,0.31775511266827505,,,-0.23394719823198776,-0.029428810690812168,0.011928570865273812,-0.7052197617942145,,,,0.29342987466763626,,,1.2962228381779397,-0.1321365920148625,3.2783953990330836,,,,,,,0.30955095516817543,0.5083894674801082,0.6151049975508722,-0.2028507739767189,-0.06776425031033506,0.21384199093417466,,,,,,,,,,,,,1.9988049676443838,2.855228042737548,0.6280025067166943,0.8855602469358305,2.521767513009929,1.2724993964688442,6.084572393062766,2.7521227965878765,-8.12085983480876,1990,12
1991-01,0.741,23.57,134.7,-0.15765055936533373,-0.0366381294807143,0.0,-0.104781414674728,1.406373899406088,44.73445723212077,1.065106124574304,0.3410146893337952,3.8007440599678852,-0.2997546536860502,0.2779402476492784,3.585135471687101,0.27423280191380056,2.8052926056799765,-0.5365721852323639,-25.940359049026686,2.9776535738366188,0.5031746387961084,0.425087636863207,0.8294499484830801,0.04695766758728489,0.06859637706720491,,4.009862965235461,3.986289373604081,4.2345416327024505,3.5156098745827995,3.4947874401162253,3.752059957208109,0.23098129184401497,0.1764678815424942,0.33257793406399816,0.2690174112878535,0.3114785552343479,,-0.15297733210551454,-0.21940056503537533,0.17898265552843995,-0.6254885320861304,-0.616186139423817,,,0.048684102759776415,,,0.2742328019138003,-0.5365721852323642,2.9776535738366263,,,,,,,0.3922643966089008,0.29342987466763626,0.5825399517947409,-0.07293845645663533,-0.24764057583981147,0.16251892949777513,,,,,,,,,,,,,1.2962228381779397,2.825832080724999,0.5644638504932884,-0.13213659201486222,2.2919604486590703,1.2858849431990715,3.278395399033076,5.084726004167816,-6.588411367246969,1991,1
1991-02,0.637,19.54,134.8,-1.1249882005419258,-0.9656299630264183,0.0,-0.695817772129729,1.2080912135262118,37.05824538822947,0.8823391759102256,0.18904160454798324,3.612490874572593,-0.45098562340997367,0.3142203482587581,2.4601472711451753,-0.035762287874407495,1.839662642653558,-0.6113096801627537,-26.636176821156415,4.07530536276087,0.5521841424205267,0.3410146893337952,0.618792131637454,0.42959509633046367,0.019643750265165953,,4.057385329466309,3.8007440599678852,4.146847469321967,3.9661658309832033,3.477460025926829,3.677976023227006,0.23246843123758576,0.2779402476492784,0.20961428059885467,0.20109888363062872,0.2798533426217052,,-0.09868835237216785,-0.2997546536860502,-0.029428810690812168,-0.23445731121448313,-0.6635883783184009,,,-0.06548514865441257,,,-0.035762287874407495,-0.611309680162754,4.075305362760876,,,,,,,0.4125348231449695,0.048684102759776415,0.5083894674801082,0.42706054461668463,-0.17327330572438937,0.10817183550320042,,,,,,,,,,,,,0.27423280191380056,1.9988049676443838,3.0138737132095663,-0.5365721852323639,0.8855602469358305,2.789047214225077,2.9776535738366188,6.084572393062766,4.224485062429561,1991,2
1991-03,0.558,19.08,134.8,0.48690163660136737,0.6565739599968118,3.114776650422142,-0.293815451028281,1.0582651446587539,36.185840430267056,0.8615676292920728,0.056630911357130845,3.588667893978097,-0.583396316600826,0.20563263566240209,2.9470489077465425,0.5880531247872823,2.4962366026503697,0.07514669518334649,-26.929992272184695,5.389194019749659,0.5120918937901132,0.18904160454798324,0.425087636863207,0.6691653518751604,-0.02816525903460501,,3.9984395033978744,3.612490874572593,3.986289373604081,4.209723610218268,3.3917492465804884,3.5989196532488745,0.25132200867560733,0.3142203482587581,0.1764678815424942,0.19711135994026052,0.31775511266827505,,-0.1347764044047496,-0.45098562340997367,-0.21940056503537533,0.011928570865273812,-0.7052197617942145,,,-0.010251759270777594,,,0.5880531247872822,0.07514669518334616,5.389194019749663,,,,,,,0.3304438742664537,-0.06548514865441257,0.29342987466763626,0.6151049975508722,-0.2028507739767189,-0.06776425031033506,,,,,,,,,,,,,-0.035762287874407495,1.2962228381779397,2.855228042737548,-0.6113096801627537,-0.13213659201486222,2.521767513009929,4.07530536276087,3.278395399033076,2.7521227965878765,1991,3
1991-04,0.552,19.18,135.1,-0.20007685393445102,-0.37602833997583346,0.0,1.20573895339256,1.0445612583271653,36.294719084628674,0.8641599782054447,0.04359694876496876,3.5916722509253027,-0.5942072327050416,0.18959431612303446,2.7469720538120916,0.4167117864038287,2.120208262674536,-0.195688872368952,-25.724253318792133,7.021437264061487,0.4100028203704417,0.056630911357130845,0.3410146893337952,0.8294499484830801,0.04695766758728489,0.06859637706720491,3.894930217357846,3.588667893978097,3.8007440599678852,4.2345416327024505,3.5156098745827995,3.4947874401162253,0.2527422212959643,0.20563263566240209,0.2779402476492784,0.33257793406399816,0.2690174112878535,0.3114785552343479,-0.2339972189824329,-0.583396316600826,-0.2997546536860502,0.17898265552843995,-0.6254885320861304,-0.616186139423817,-0.02499942830223615,0.0968848108090774,0.021978906718775337,-0.12188423911131346,0.416711786403829,-0.19568887236895227,7.021437264061493,,,,,,,0.22621774812951223,-0.010251759270777594,0.048684102759776415,0.5825399517947409,-0.07293845645663533,-0.24764057583981147,,,,,,,,,,,,,0.5880531247872823,0.27423280191380056,2.825832080724999,0.07514669518334649,-0.5365721852323639,2.2919604486590703,5.389194019749659,2.9776535738366188,5.084726004167816,1991,4
1991-05,0.569,19.19,135.6,-0.49090189919318217,-0.15806736162857557,0.0,-0.538166855463741,1.0727604713618486,36.17974243485743,0.8614224389251769,0.07023520607406215,3.588499360949477,-0.5638748448558062,0.21940546340795347,2.2560701546189095,0.6948838115384677,1.9621409010459607,0.12836488283616446,-26.262420174255872,7.256128754734376,0.2790273204174232,0.04359694876496876,0.18904160454798324,0.618792131637454,0.42959509633046367,0.019643750265165953,3.787785320394988,3.5916722509253027,3.612490874572593,4.146847469321967,3.9661658309832033,3.477460025926829,0.22891161830580364,0.18959431612303446,0.3142203482587581,0.20961428059885467,0.20109888363062872,0.2798533426217052,-0.3628622003546798,-0.5942072327050416,-0.45098562340997367,-0.029428810690812168,-0.23445731121448313,-0.6635883783184009,0.0505914558088962,0.11103933502264818,0.0997135334625947,-0.06044787921375172,0.6948838115384679,0.12836488283616432,7.256128754734384,,-0.02499942830223615,,,,,0.1452752246319018,0.0968848108090774,-0.06548514865441257,0.5083894674801082,0.42706054461668463,-0.17327330572438937,,-0.12188423911131346,,,,,,0.021978906718775337,,,,,0.4167117864038287,-0.035762287874407495,1.9988049676443838,-0.195688872368952,-0.6113096801627537,0.8855602469358305,7.021437264061487,4.07530536276087,6.084572393062766,1991,5
1991-06,0.547,18.17,136.0,-0.45309861900218196,-0.310615304932498,-0.601656224758682,0.00980577913639041,1.0282497285539218,34.15593705269608,0.8132365964927638,0.027858064139955854,3.5309364231081912,-0.6033064765601558,0.23459125931513286,1.8029715356167275,0.16705253960420596,1.6515255961134627,0.033004958963702535,-26.252614395119483,7.16936845396894,0.18760116615685787,0.07023520607406215,0.056630911357130845,0.425087636863207,0.6691653518751604,-0.02816525903460501,3.694727302332906,3.588499360949477,3.588667893978097,3.986289373604081,4.209723610218268,3.3917492465804884,0.23054348210732012,0.21940546340795347,0.20563263566240209,0.1764678815424942,0.19711135994026052,0.31775511266827505,-0.4519365393821788,-0.5638748448558062,-0.583396316600826,-0.21940056503537533,0.011928570865273812,-0.7052197617942145,0.056023323174560866,0.13918717652770285,0.10191328523405874,-0.08316385335314219,0.16705253960420618,0.03300495896370248,7.169368453968946,,0.0505914558088962,,,,,0.07905020255565809,0.11103933502264818,-0.010251759270777594,0.29342987466763626,0.6151049975508722,-0.2028507739767189,,-0.06044787921375172,,,,,,0.0997135334625947,,,,,0.6948838115384677,0.5880531247872823,1.2962228381779397,0.12836488283616446,0.07514669518334649,-0.13213659201486222,7.256128754734376,5.389194019749659,3.278395399033076,1991,6
1991-07,0.586,19.4,136.2,0.03117427442934132,0.20103566604885445,0.0,-0.432513876025011,1.0999443012726382,36.41453830151738,0.8670128167027948,0.09525954331562696,3.594968098790034,-0.5344354894051245,0.23796106280896118,1.8341458100460688,-0.36059139128182244,1.852561262162317,-0.18774484636620162,-26.685128271144496,5.31706106425864,0.12139623736964933,0.027858064139955854,0.04359694876496876,0.3410146893337952,0.8294499484830801,0.04695766758728489,3.618835143916925,3.5309364231081912,3.5916722509253027,3.8007440599678852,4.2345416327024505,3.5156098745827995,0.24023071173609323,0.23459125931513286,0.18959431612303446,0.2779402476492784,0.33257793406399816,0.2690174112878535,-0.5159208579696423,-0.6033064765601558,-0.5942072327050416,-0.2997546536860502,0.17898265552843995,-0.6254885320861304,0.04830187572834207,0.0793582242072346,0.09105304268100589,-0.031056348478892326,-0.3605913912818224,-0.1877448463662017,5.317061064258642,,0.056023323174560866,-0.02499942830223615,,,,0.053343086199002965,0.13918717652770285,0.0968848108090774,0.048684102759776415,0.5825399517947409,-0.07293845645663533,,-0.08316385335314219,-0.12188423911131346,,,,,0.10191328523405874,0.021978906718775337,,,,0.16705253960420596,0.4167117864038287,0.27423280191380056,0.033004958963702535,-0.195688872368952,-0.5365721852323639,7.16936845396894,7.021437264061487,2.9776535738366188,1991,7
1991-08,0.623,19.77,136.6,-0.12992176507794995,-0.2207723123944376,0.0,0.670731194671287,1.165970420326989,37.00037754392387,0.8809613700934255,0.15355371910479002,3.6109281164819995,-0.4732087601946839,0.2802952209061589,1.704224044968119,-2.073514867842169,1.6317889497678795,-1.8475846348147014,-26.01439707647321,-2.946608308109843,0.0804370463666213,0.09525954331562696,0.07023520607406215,0.18904160454798324,0.618792131637454,0.42959509633046367,3.5845391503872825,3.594968098790034,3.588499360949477,3.612490874572593,4.146847469321967,3.9661658309832033,0.23356751426270705,0.23796106280896118,0.21940546340795347,0.3142203482587581,0.20961428059885467,0.20109888363062872,-0.5550343305894879,-0.5344354894051245,-0.5638748448558062,-0.45098562340997367,-0.029428810690812168,-0.23445731121448313,-0.2760413772256737,-0.3552377145012038,-0.23875144898020076,0.07919633727553016,-2.073514867842169,-1.8475846348147014,-2.946608308109841,,0.04830187572834207,0.0505914558088962,,,,0.058455439773578366,0.0793582242072346,0.11103933502264818,-0.06548514865441257,0.5083894674801082,0.42706054461668463,,-0.031056348478892326,-0.06044787921375172,,,,,0.09105304268100589,0.0997135334625947,,,,-0.36059139128182244,0.6948838115384677,-0.035762287874407495,-0.18774484636620162,0.12836488283616446,-0.6113096801627537,5.31706106425864,7.256128754734376,4.07530536276087,1991,8
1991-09,0.635,20.5,137.0,0.28889605242135125,0.2380742071391031,0.08597460867791094,-0.767499448871329,1.1849590541362531,38.25458363746959,0.910823419939752,0.16970822051859322,3.6442633867524012,-0.4541302800894454,0.2631144520495605,1.9931200973894703,-2.486554930939082,1.8698631569069826,-1.9370306647550264,-26.78189652534454,-1.9229980504829216,0.07452239879275575,0.15355371910479002,0.027858064139955854,0.056630911357130845,0.425087636863207,0.6691653518751604,3.584278690705517,3.6109281164819995,3.5309364231081912,3.588667893978097,3.986289373604081,4.209723610218268,0.22791332637060716,0.2802952209061589,0.23459125931513286,0.20563263566240209,0.1764678815424942,0.19711135994026052,-0.5587381867202731,-0.4732087601946839,-0.6033064765601558,-0.583396316600826,-0.21940056503537533,0.011928570865273812,-0.4994571313565671,-0.565460223465867,-0.4660588509547192,0.0660030921093,-2.486554930939082,-1.9370306647550266,-1.9229980504829207,,-0.2760413772256737,0.056023323174560866,,,,0.010163345465780793,-0.3552377145012038,0.13918717652770285,-0.010251759270777594,0.29342987466763626,0.6151049975508722,,0.07919633727553016,-0.08316385335314219,,,,,-0.23875144898020076,0.10191328523405874,,,,-2.073514867842169,0.16705253960420596,0.5880531247872823,-1.8475846348147014,0.033004958963702535,0.07514669518334649,-2.946608308109843,7.16936845396894,5.389194019749659,1991,9
1991-10,0.671,22.21,137.2,0.534866673837987,0.4959487997102519,0.0,0.215668143828258,1.2503125613459671,41.38515944484938,0.9853609391630804,0.2233935691339235,3.722922349050715,-0.3989861420104552,0.23814083836657687,2.5279867712274573,-2.2674201481336596,2.3658119566172346,-1.592018090081973,-26.566228381516282,-2.788799838123144,0.09336861698633282,0.16970822051859322,0.09525954331562696,0.04359694876496876,0.3410146893337952,0.8294499484830801,3.593544606167901,3.6442633867524012,3.594968098790034,3.5916722509253027,3.8007440599678852,4.2345416327024505,0.23749362910180025,0.2631144520495605,0.23796106280896118,0.18959431612303446,0.2779402476492784,0.33257793406399816,-0.5371938473017095,-0.4541302800894454,-0.5344354894051245,-0.5942072327050416,-0.2997546536860502,0.17898265552843995,-0.6060563793491566,-0.5116192836517355,-0.5779687975388952,-0.09443709569742129,-2.2674201481336596,-1.592018090081973,-2.7887998381231434,-0.10759688036211297,-0.4994571313565671,0.04830187572834207,-0.02499942830223615,,,-0.08237139856673448,-0.565460223465867,0.0793582242072346,0.0968848108090774,0.048684102759776415,0.5825399517947409,-0.02522548179537823,0.0660030921093,-0.031056348478892326,-0.12188423911131346,,,-0.06502525530641412,-0.4660588509547192,0.09105304268100589,0.021978906718775337,,,-2.486554930939082,-0.36059139128182244,0.4167117864038287,-1.9370306647550264,-0.18774484636620162,-0.195688872368952,-1.9229980504829216,5.31706106425864,7.021437264061487,1991,10
1991-11,0.645,21.11,137.8,0.06246343722856878,-0.09227050543065776,1.626626440127349,-0.297356050190864,1.1966321933962265,39.1641947327044,0.9324808269691525,0.17951110567024078,3.6677629297168344,-0.43850496218636453,0.24941779423677457,2.590450208456026,-1.4326848383809259,2.273541451186577,-0.8262450941346638,-26.863584431707146,-2.1373088075549975,0.12333472038115861,0.2233935691339235,0.15355371910479002,0.07023520607406215,0.18904160454798324,0.618792131637454,3.6154196225221362,3.722922349050715,3.6109281164819995,3.588499360949477,3.612490874572593,4.146847469321967,0.24558471614239064,0.23814083836657687,0.2802952209061589,0.21940546340795347,0.3142203482587581,0.20961428059885467,-0.5046569988526118,-0.3989861420104552,-0.4732087601946839,-0.5638748448558062,-0.45098562340997367,-0.029428810690812168,-0.4392810259672132,-0.47908453960513286,-0.4090761514955524,0.039803513637919896,-1.432684838380926,-0.8262450941346637,-2.137308807554998,-0.20443970553659974,-0.6060563793491566,-0.2760413772256737,0.0505914558088962,,,-0.1837887476435376,-0.5116192836517355,-0.3552377145012038,0.11103933502264818,-0.06548514865441257,0.5083894674801082,-0.02065095789306287,-0.09443709569742129,0.07919633727553016,-0.06044787921375172,,,-0.16501653934935928,-0.5779687975388952,-0.23875144898020076,0.0997135334625947,,,-2.2674201481336596,-2.073514867842169,0.6948838115384677,-1.592018090081973,-1.8475846348147014,0.12836488283616446,-2.788799838123144,-2.946608308109843,7.256128754734376,1991,11
1991-12,0.522,18.41,138.2,-0.5500010864129096,-0.9835565067591764,0.0,-1.93751045840415,0.9656342149059337,34.056179878195856,0.8108614256713299,-0.03497017599690411,3.5280115103475804,-0.6500876910994983,0.17468793193888363,2.0404491220431162,-1.7023369090093183,1.2899849444274003,-1.5519457907332903,-28.801094890111298,-2.965517255759338,0.14154737031385503,0.17951110567024078,0.16970822051859322,0.027858064139955854,0.056630911357130845,0.425087636863207,3.6286302173166955,3.6677629297168344,3.6442633867524012,3.5309364231081912,3.588667893978097,3.986289373604081,0.2505867712805275,0.24941779423677457,0.2631144520495605,0.23459125931513286,0.20563263566240209,0.1764678815424942,-0.48376201840770494,-0.43850496218636453,-0.4541302800894454,-0.6033064765601558,-0.583396316600826,-0.21940056503537533,-0.4600578128601111,-0.4582778632565008,-0.43068712606412296,-0.001779949603610581,-1.7023369090093188,-1.5519457907332903,-2.965517255759341,-0.28608511916595125,-0.4392810259672132,-0.4994571313565671,0.056023323174560866,,,-0.2821427267481673,-0.47908453960513286,-0.565460223465867,0.13918717652770285,-0.010251759270777594,0.29342987466763626,-0.003942392417784268,0.039803513637919896,0.0660030921093,-0.08316385335314219,,,-0.24981482017571718,-0.4090761514955524,-0.4660588509547192,0.10191328523405874,,,-1.4326848383809259,-2.486554930939082,0.16705253960420596,-0.8262450941346638,-1.9370306647550264,0.033004958963702535,-2.1373088075549975,-1.9229980504829216,7.16936845396894,1991,12
1992-01,0.509,18.16,138.3,-0.0616374277007404,0.11312507486148377,0.0,-1.22201468853641,0.9409050247047482,33.569420920703784,0.7992719266834234,-0.06091307466616326,3.5136155609385984,-0.6753072624316143,0.16314098267860694,1.978811694342376,-1.606323777344725,1.4031100192888841,-1.4021825863910922,-30.02310957864771,-4.08275052962102,0.13107599695771172,-0.03497017599690411,0.2233935691339235,0.09525954331562696,0.04359694876496876,0.3410146893337952,3.628142731856594,3.5280115103475804,3.722922349050715,3.594968098790034,3.5916722509253027,3.8007440599678852,0.24060288338448596,0.17468793193888363,0.23814083836657687,0.23796106280896118,0.18959431612303446,0.2779402476492784,-0.4915588874975953,-0.6500876910994983,-0.3989861420104552,-0.5344354894051245,-0.5942072327050416,-0.2997546536860502,-0.40192776399995844,-0.28712849902928683,-0.3755526087455641,-0.11479926497067144,-1.6063237773447252,-1.4021825863910924,-4.082750529621023,-0.37209864183839664,-0.4600578128601111,-0.6060563793491566,0.04830187572834207,-0.02499942830223615,,-0.3817202333788674,-0.4582778632565008,-0.5116192836517355,0.0793582242072346,0.0968848108090774,0.048684102759776415,0.009621591540470986,-0.001779949603610581,-0.09443709569742129,-0.031056348478892326,-0.12188423911131346,,-0.3385815553920808,-0.43068712606412296,-0.5779687975388952,0.09105304268100589,0.021978906718775337,,-1.7023369090093183,-2.2674201481336596,-0.36059139128182244,-1.5519457907332903,-1.592018090081973,-0.18774484636620162,-2.965517255759338,-2.788799838123144,5.31706106425864,1992,1
1992-02,0.543,18.05,138.6,0.11632628257897802,0.5422260808776853,-5.54622149206003,1.54115190426403,1.0015826316738818,33.29386096079847,0.7927109752571064,0.001581380632159153,3.5053730244592507,-0.6106459590482015,0.23387797445627664,2.095137976921354,-0.3650092942238212,1.9453361001665694,0.10567345751301149,-28.48195767438368,-1.845780853227261,0.10504722729408002,-0.06091307466616326,0.17951110567024078,0.15355371910479002,0.07023520607406215,0.18904160454798324,3.614583975548021,3.5136155609385984,3.6677629297168344,3.6109281164819995,3.588499360949477,3.612490874572593,0.22813287002942687,0.16314098267860694,0.24941779423677457,0.2802952209061589,0.21940546340795347,0.3142203482587581,-0.5150375163353437,-0.6753072624316143,-0.43850496218636453,-0.4732087601946839,-0.5638748448558062,-0.45098562340997367,-0.1874602239158241,-0.10711785011334252,-0.15966033563822785,-0.08034237380248146,-0.36500929422382145,0.10567345751301138,-1.8457808532272644,-0.4471369151264467,-0.40192776399995844,-0.4392810259672132,-0.2760413772256737,0.0505914558088962,,-0.44280135391828823,-0.28712849902928683,-0.47908453960513286,-0.3552377145012038,0.11103933502264818,-0.06548514865441257,-0.0043355612081588946,-0.11479926497067144,0.039803513637919896,0.07919633727553016,-0.06044787921375172,,-0.41634916396317584,-0.3755526087455641,-0.4090761514955524,-0.23875144898020076,0.0997135334625947,,-1.606323777344725,-1.4326848383809259,-2.073514867842169,-1.4021825863910922,-0.8262450941346638,-1.8475846348147014,-4.08275052962102,-2.1373088075549975,-2.946608308109843,1992,2
1992-03,0.514,17.63,139.1,-0.2612841699202302,-0.40612584070179514,0.0,1.02399383044885,0.9446831619937696,32.40226487538941,0.7714824970330812,-0.05690568602020562,3.4782283239165452,-0.6655320135269719,0.20253560834661744,1.8338538070011237,-1.1131951007454188,1.5392102594647743,-0.9570263431855954,-27.457963843934827,-0.5279715717501299,0.07971850421530823,0.001581380632159153,-0.03497017599690411,0.16970822051859322,0.027858064139955854,0.056630911357130845,3.5969914602108966,3.5053730244592507,3.5280115103475804,3.6442633867524012,3.5309364231081912,3.588667893978097,0.22039666228777985,0.23387797445627664,0.17468793193888363,0.2631144520495605,0.23459125931513286,0.20563263566240209,-0.5379437161442632,-0.6106459590482015,-0.6500876910994983,-0.4541302800894454,-0.6033064765601558,-0.583396316600826,-0.11353659737733646,-0.1104395700615517,-0.08213569692614586,-0.0030970273157846506,-1.1131951007454188,-0.9570263431855954,-0.5279715717501325,-0.432373389574805,-0.1874602239158241,-0.4600578128601111,-0.4994571313565671,0.056023323174560866,,-0.4014480431869778,-0.10711785011334252,-0.4582778632565008,-0.565460223465867,0.13918717652770285,-0.010251759270777594,-0.030925346387827485,-0.08034237380248146,-0.001779949603610581,0.0660030921093,-0.08316385335314219,,-0.4031673117395136,-0.15966033563822785,-0.43068712606412296,-0.4660588509547192,0.10191328523405874,,-0.3650092942238212,-1.7023369090093183,-2.486554930939082,0.10567345751301149,-1.5519457907332903,-1.9370306647550264,-1.845780853227261,-2.965517255759338,-1.9229980504829216,1992,3
1992-04,0.543,18.92,139.4,0.3514136458631188,0.39247298354882765,0.0,-0.875453954567332,0.9958346682209469,34.69832766618843,0.8261506587187722,-0.004174030938461675,3.546691491733472,-0.6106459590482015,0.18680409561143424,2.1852674528642426,-0.561704600947849,1.931683243013602,-0.18852501966093427,-28.333417798502158,-2.6091644797100217,0.04194951979217507,-0.05690568602020562,-0.06091307466616326,0.2233935691339235,0.09525954331562696,0.04359694876496876,3.569318949738254,3.4782283239165452,3.5136155609385984,3.722922349050715,3.594968098790034,3.5916722509253027,0.21030018833728933,0.20253560834661744,0.16314098267860694,0.23814083836657687,0.23796106280896118,0.18959431612303446,-0.5731773383838509,-0.6655320135269719,-0.6753072624316143,-0.3989861420104552,-0.5344354894051245,-0.5942072327050416,-0.04777097970343043,-0.04498075919183053,-0.016438726343159904,-0.0027902205116002166,-0.561704600947849,-0.18852501966093427,-2.6091644797100244,-0.36805330057826663,-0.11353659737733646,-0.40192776399995844,-0.6060563793491566,0.04830187572834207,-0.02499942830223615,-0.32561126761959214,-0.1104395700615517,-0.28712849902928683,-0.5116192836517355,0.0793582242072346,0.0968848108090774,-0.04244203295867496,-0.0030970273157846506,-0.11479926497067144,-0.09443709569742129,-0.031056348478892326,-0.12188423911131346,-0.339180119401418,-0.08213569692614586,-0.3755526087455641,-0.5779687975388952,0.09105304268100589,0.021978906718775337,-1.1131951007454188,-1.606323777344725,-2.2674201481336596,-0.9570263431855954,-1.4021825863910922,-1.592018090081973,-0.5279715717501299,-4.08275052962102,-2.788799838123144,1992,4
1992-05,0.579,19.89,139.7,0.39711152727576665,-0.0037635705672227184,4.104434625768728,2.59918778235643,1.0595765622763065,36.398925429491776,0.8666410816545661,0.057869358764105615,3.5945392530391285,-0.5464528014091419,0.20099972400834554,2.5823789801400094,0.32630882552109985,1.9279196724463792,-0.034221228599581474,-25.734230016145727,0.5281901581101494,0.004021586446777545,-0.004174030938461675,0.001581380632159153,0.17951110567024078,0.15355371910479002,0.07023520607406215,3.53994714018538,3.546691491733472,3.5053730244592507,3.6677629297168344,3.6109281164819995,3.588499360949477,0.20174406454476557,0.18680409561143424,0.23387797445627664,0.24941779423677457,0.2802952209061589,0.21940546340795347,-0.6084539745568087,-0.6106459590482015,-0.6106459590482015,-0.43850496218636453,-0.4732087601946839,-0.5638748448558062,-0.012365847309956539,0.006039892089651389,0.017422043446664315,-0.018405739399607934,0.32630882552109997,-0.034221228599581544,0.5281901581101458,-0.27500573397064565,-0.04777097970343043,-0.1874602239158241,-0.4392810259672132,-0.2760413772256737,0.0505914558088962,-0.2478381802096079,-0.04498075919183053,-0.10711785011334252,-0.47908453960513286,-0.3552377145012038,0.11103933502264818,-0.027167553761038077,-0.0027902205116002166,-0.08034237380248146,0.039803513637919896,0.07919633727553016,-0.06044787921375172,-0.2455917742021289,-0.016438726343159904,-0.15966033563822785,-0.4090761514955524,-0.23875144898020076,0.0997135334625947,-0.561704600947849,-0.3650092942238212,-1.4326848383809259,-0.18852501966093427,0.10567345751301149,-0.8262450941346638,-2.6091644797100217,-1.845780853227261,-2.1373088075549975,1992,5
1992-06,0.615,21.16,140.1,0.44424548950761816,0.4024417496602976,0.0,0.487318590045549,1.1222436741613133,38.612481536997386,0.9193447984999378,0.11532996191758293,3.653575580083301,-0.4861330111756192,0.19942400011765038,3.0266244696476274,1.2236529340309,2.3303614221066766,0.6788358259932141,-25.246911426100176,1.0057029690193078,-0.016252038037578315,0.057869358764105615,-0.05690568602020562,-0.03497017599690411,0.16970822051859322,0.027858064139955854,3.5277431940724298,3.5945392530391285,3.4782283239165452,3.5280115103475804,3.6442633867524012,3.5309364231081912,0.19367438617336075,0.20099972400834554,0.20253560834661744,0.17468793193888363,0.2631144520495605,0.23459125931513286,-0.6264452810939382,-0.5464528014091419,-0.6655320135269719,-0.6500876910994983,-0.4541302800894454,-0.6033064765601558,0.08747189777762708,0.12263915697510974,0.1171734653845366,-0.03516725919748248,1.2236529340309,0.6788358259932139,1.005702969019307,-0.2038532041944362,-0.012365847309956539,-0.11353659737733646,-0.4600578128601111,-0.4994571313565671,0.056023323174560866,-0.16698410826047638,0.006039892089651389,-0.1104395700615517,-0.4582778632565008,-0.565460223465867,0.13918717652770285,-0.03686909593395937,-0.018405739399607934,-0.0030970273157846506,-0.001779949603610581,0.0660030921093,-0.08316385335314219,-0.17450874171175934,0.017422043446664315,-0.08213569692614586,-0.43068712606412296,-0.4660588509547192,0.10191328523405874,0.32630882552109985,-1.1131951007454188,-1.7023369090093183,-0.034221228599581474,-0.9570263431855954,-1.5519457907332903,0.5281901581101494,-0.5279715717501299,-2.965517255759338,1992,6
1992-07,0.611,20.24,140.5,-0.7319730235514855,-0.6721601999154573,0.0,-0.731316534489836,1.1117703090154212,36.828528730723605,0.8768697316838954,0.10595361785182132,3.6062727820816276,-0.49265831981054176,0.23735045405356187,2.294651446096142,0.4605056360500732,1.6582012221912192,-0.19436003997109763,-25.97822796059001,0.7069003105544828,0.008797984948169524,0.11532996191758293,-0.004174030938461675,-0.06091307466616326,0.2233935691339235,0.09525954331562696,3.5486705390283824,3.653575580083301,3.546691491733472,3.5136155609385984,3.722922349050715,3.594968098790034,0.1977970642031552,0.19942400011765038,0.18680409561143424,0.16314098267860694,0.23814083836657687,0.23796106280896118,-0.599119501106625,-0.4861330111756192,-0.6106459590482015,-0.6753072624316143,-0.3989861420104552,-0.5344354894051245,0.010694074536194365,0.01130468329159351,0.041777169594582775,-0.0006106087553993111,0.460505636050073,-0.19436003997109785,0.7069003105544844,-0.1125982524214798,0.08747189777762708,-0.04777097970343043,-0.40192776399995844,-0.6060563793491566,0.04830187572834207,-0.07016460488854248,0.12263915697510974,-0.04498075919183053,-0.28712849902928683,-0.5116192836517355,0.0793582242072346,-0.04243364753293802,-0.03516725919748248,-0.0027902205116002166,-0.11479926497067144,-0.09443709569742129,-0.031056348478892326,-0.08319864313698278,0.1171734653845366,-0.016438726343159904,-0.3755526087455641,-0.5779687975388952,0.09105304268100589,1.2236529340309,-0.561704600947849,-1.606323777344725,0.6788358259932141,-0.18852501966093427,-1.4021825863910922,1.0057029690193078,-2.6091644797100217,-4.08275052962102,1992,7
1992-08,0.59,19.74,140.8,0.6652651257912868,0.545478319221315,0.0,0.669412058188303,1.0712714784564394,35.84220166903408,0.853385754024621,0.06884624062984956,3.5791260167175567,-0.527632742082372,0.22738984219566113,2.9599165718874287,1.25569252691931,2.203679541412534,0.5718905916446549,-25.308815902401708,0.7055811740714989,0.03660910036783362,0.10595361785182132,0.057869358764105615,0.001581380632159153,0.17951110567024078,0.15355371910479002,3.5641134092188875,3.6062727820816276,3.5945392530391285,3.5053730244592507,3.6677629297168344,3.6109281164819995,0.21016530943231435,0.23735045405356187,0.20099972400834554,0.23387797445627664,0.24941779423677457,0.2802952209061589,-0.5686780106697796,-0.49265831981054176,-0.5464528014091419,-0.6106459590482015,-0.43850496218636453,-0.4732087601946839,-0.08470747847494045,-0.031802099764442815,-0.0544239818876881,-0.05290537871049775,1.2556925269193098,0.5718905916446546,0.7055811740715008,-0.04382794599878768,0.010694074536194365,-0.012365847309956539,-0.1874602239158241,-0.4392810259672132,-0.2760413772256737,-0.020425741168395017,0.01130468329159351,0.006039892089651389,-0.10711785011334252,-0.47908453960513286,-0.3552377145012038,-0.02340220483039271,-0.0006106087553993111,-0.018405739399607934,-0.08034237380248146,0.039803513637919896,0.07919633727553016,-0.013643680080291709,0.041777169594582775,0.017422043446664315,-0.15966033563822785,-0.4090761514955524,-0.23875144898020076,0.4605056360500732,0.32630882552109985,-0.3650092942238212,-0.19436003997109763,-0.034221228599581474,0.10567345751301149,0.7069003105544828,0.5281901581101494,-1.845780853227261,1992,8
1992-09,0.623,20.27,141.1,0.11823961791990234,0.2726991510401832,-0.6051766679289712,-0.49875843587318,1.1287849710607136,36.72627827191118,0.8744351969502662,0.1211418073827114,3.6034925280413037,-0.4732087601946839,0.2553188976247758,3.078156189807331,1.085036092417861,2.4763786924527174,0.606515535545735,-25.80757433827489,0.9743221870696479,0.04781991036744868,0.06884624062984956,0.11532996191758293,-0.05690568602020562,-0.03497017599690411,0.16970822051859322,3.5764055745952716,3.5791260167175567,3.653575580083301,3.4782283239165452,3.5280115103475804,3.6442633867524012,0.2090839540555451,0.22738984219566113,0.19942400011765038,0.20253560834661744,0.17468793193888363,0.2631144520495605,-0.554842474508808,-0.527632742082372,-0.4861330111756192,-0.6655320135269719,-0.6500876910994983,-0.4541302800894454,-0.04856641313588182,-0.040770858711097535,-0.019078480105238493,-0.007795554424784745,1.0850360924178608,0.6065155355457348,0.9743221870696495,-0.02670248842530707,-0.08470747847494045,0.08747189777762708,-0.11353659737733646,-0.4600578128601111,-0.4994571313565671,-0.007873116110245437,-0.031802099764442815,0.12263915697510974,-0.1104395700615517,-0.4582778632565008,-0.565460223465867,-0.018829372315062043,-0.05290537871049775,-0.03516725919748248,-0.0030970273157846506,-0.001779949603610581,0.0660030921093,0.003895712211465119,-0.0544239818876881,0.1171734653845366,-0.08213569692614586,-0.43068712606412296,-0.4660588509547192,1.25569252691931,1.2236529340309,-1.1131951007454188,0.5718905916446549,0.6788358259932141,-0.9570263431855954,0.7055811740714989,1.0057029690193078,-0.5279715717501299,1992,9
1992-10,0.621,20.26,141.7,-0.011908256434374404,-0.20013696251674118,0.0,-1.09797281902669,1.120396995412844,36.552726452599394,0.870303010776176,0.11368308269087048,3.5987557785600663,-0.4764241970486583,0.25259692241417264,3.066247933372957,0.5382611621454996,2.2762417299359763,-0.08957022668125803,-26.90554715730158,-0.3393187757853,0.07749449260126819,0.1211418073827114,0.10595361785182132,-0.004174030938461675,-0.06091307466616326,0.2233935691339235,3.5972829419493983,3.6034925280413037,3.6062727820816276,3.546691491733472,3.5136155609385984,3.722922349050715,0.21788116893523815,0.2553188976247758,0.23735045405356187,0.18680409561143424,0.16314098267860694,0.23814083836657687,-0.5227885989534267,-0.4732087601946839,-0.49265831981054176,-0.6106459590482015,-0.6753072624316143,-0.3989861420104552,-0.10971048644305302,-0.12416657049064872,-0.07743805503820311,0.014456084047595769,0.5382611621454996,-0.08957022668125836,-0.3393187757852978,-0.015874124385064636,-0.04856641313588182,0.010694074536194365,-0.04777097970343043,-0.40192776399995844,-0.6060563793491566,0.003738335781497515,-0.040770858711097535,0.01130468329159351,-0.04498075919183053,-0.28712849902928683,-0.5116192836517355,-0.019612460166562096,-0.007795554424784745,-0.0006106087553993111,-0.0027902205116002166,-0.11479926497067144,-0.09443709569742129,0.014405248348282829,-0.019078480105238493,0.041777169594582775,-0.016438726343159904,-0.3755526087455641,-0.5779687975388952,1.085036092417861,0.4605056360500732,-0.561704600947849,0.606515535545735,-0.19436003997109763,-0.18852501966093427,0.9743221870696479,0.7069003105544828,-2.6091644797100217,1992,10
1992-11,0.561,19.21,142.1,0.1240989352251288,-0.2997559045131888,-1.494526239264358,0.139544664836061,1.0092969686840256,34.56077498827118,0.8228755949588376,0.009254017873668061,3.542719368113574,-0.5780343734594406,0.2042042680434624,3.190346868598086,0.5998966601420597,1.9764858254227875,-0.2970556257637891,-26.766002492465518,0.09758193924162492,0.09713734487282355,0.11368308269087048,0.06884624062984956,0.057869358764105615,0.001581380632159153,0.17951110567024078,3.6059603230871637,3.5987557785600663,3.5791260167175567,3.5945392530391285,3.5053730244592507,3.6677629297168344,0.22884664006902788,0.25259692241417264,0.22738984219566113,0.20099972400834554,0.23387797445627664,0.24941779423677457,-0.5004183052868362,-0.4764241970486583,-0.527632742082372,-0.5464528014091419,-0.6106459590482015,-0.43850496218636453,-0.17025708779657273,-0.12504356160326058,-0.1395294112730761,-0.045213526193312176,0.5998966601420599,-0.2970556257637893,0.09758193924162839,-0.026197375508335063,-0.10971048644305302,-0.08470747847494045,-0.012365847309956539,-0.1874602239158241,-0.4392810259672132,-0.009459299434972479,-0.12416657049064872,-0.031802099764442815,0.006039892089651389,-0.10711785011334252,-0.47908453960513286,-0.01673807607336275,0.014456084047595769,-0.05290537871049775,-0.018405739399607934,-0.08034237380248146,0.039803513637919896,0.004238693565775664,-0.07743805503820311,-0.0544239818876881,0.017422043446664315,-0.15966033563822785,-0.4090761514955524,0.5382611621454996,1.25569252691931,0.32630882552109985,-0.08957022668125803,0.5718905916446549,-0.034221228599581474,-0.3393187757853,0.7055811740714989,0.5281901581101494,1992,11
1992-12,0.544,18.14,142.3,0.3305530809021596,0.4211132338211076,0.0,-1.33651669411276,0.9773366502693841,32.58986550714454,0.7759491787415366,-0.02292411078583748,3.4840013660273477,-0.6088060321261943,0.23074414147018332,3.5208999495002455,1.4804508274571286,2.397599059243895,1.1076141148164949,-28.102519186578277,0.6985757035330151,0.08903478805775063,0.009254017873668061,0.1211418073827114,0.11532996191758293,-0.05690568602020562,-0.03497017599690411,3.5973236755995717,3.542719368113574,3.6034925280413037,3.653575580083301,3.4782283239165452,3.5280115103475804,0.22938073074154733,0.2042042680434624,0.2553188976247758,0.19942400011765038,0.20253560834661744,0.17468793193888363,-0.5056819006285527,-0.5780343734594406,-0.4732087601946839,-0.4861330111756192,-0.6655320135269719,-0.6500876910994983,0.012046065211066628,-0.04401014432023276,0.041281658973303936,0.056056209531299694,1.4804508274571293,1.1076141148164949,0.6985757035330202,-0.052512582256104404,-0.17025708779657273,-0.04856641313588182,0.08747189777762708,-0.11353659737733646,-0.4600578128601111,-0.03130654171712388,-0.12504356160326058,-0.040770858711097535,0.12263915697510974,-0.1104395700615517,-0.4582778632565008,-0.021206040538980148,-0.045213526193312176,-0.007795554424784745,-0.03516725919748248,-0.0030970273157846506,-0.001779949603610581,-0.02191988222084773,-0.1395294112730761,-0.019078480105238493,0.1171734653845366,-0.08213569692614586,-0.43068712606412296,0.5998966601420597,1.085036092417861,1.2236529340309,-0.2970556257637891,0.606515535545735,0.6788358259932141,0.09758193924162492,0.9743221870696479,1.0057029690193078,1992,12
1993-01,0.534,17.39,142.8,0.14802294782474723,0.25972688729008175,0.0,0.120837923928849,0.9560117612044818,31.133042186041084,0.7412629091914544,-0.044985063491262724,3.438269704896871,-0.6273594400219421,0.25441484989523433,3.6689228973249928,1.6901112029826164,2.6573259465339767,1.2542159272450928,-27.981681262649428,2.041428315998274,0.06599244260718055,-0.02292411078583748,0.11368308269087048,0.10595361785182132,-0.004174030938461675,-0.06091307466616326,3.569061306590246,3.4840013660273477,3.5987557785600663,3.6062727820816276,3.546691491733472,3.5136155609385984,0.23460075430030283,0.23074414147018332,0.25259692241417264,0.23735045405356187,0.18680409561143424,0.16314098267860694,-0.5261274041203151,-0.6088060321261943,-0.4764241970486583,-0.49265831981054176,-0.6106459590482015,-0.6753072624316143,0.015928011174900537,-0.07534585604172728,0.047947822409672214,0.09127386721662739,1.6901112029826169,1.2542159272450926,2.0414283159982816,-0.06508355435053116,0.012046065211066628,-0.10971048644305302,0.010694074536194365,-0.04777097970343043,-0.40192776399995844,-0.05908142526634785,-0.04401014432023276,-0.12416657049064872,0.01130468329159351,-0.04498075919183053,-0.28712849902928683,-0.006002129084183128,0.056056209531299694,0.014456084047595769,-0.0006106087553993111,-0.0027902205116002166,-0.11479926497067144,-0.034568516622719814,0.041281658973303936,-0.07743805503820311,0.041777169594582775,-0.016438726343159904,-0.3755526087455641,1.4804508274571286,0.5382611621454996,0.4605056360500732,1.1076141148164949,-0.08957022668125803,-0.19436003997109763,0.6985757035330151,-0.3393187757853,0.7069003105544828,1993,1
1993-02,0.553,18.47,143.1,0.07875711955115962,0.3395909666119249,-0.15661004410084348,-0.277772605375151,0.9879516323084093,32.99722721290473,0.7856482669739222,-0.01212153758604373,3.496423534084907,-0.5923972774598022,0.22912454661241763,3.7476800168761524,1.6525420399547979,2.9969169131459017,1.0515808129793325,-28.25945386802458,0.2225038063590929,0.040835995716666545,-0.044985063491262724,0.009254017873668061,0.06884624062984956,0.057869358764105615,0.001581380632159153,3.54106079372612,3.438269704896871,3.542719368113574,3.5791260167175567,3.5945392530391285,3.5053730244592507,0.23744482027391492,0.25441484989523433,0.2042042680434624,0.22738984219566113,0.20099972400834554,0.23387797445627664,-0.5485775908222152,-0.6273594400219421,-0.5780343734594406,-0.527632742082372,-0.5464528014091419,-0.6106459590482015,-0.013702918218202884,-0.008949490374343672,0.018248681588399318,-0.004753427843859015,1.6525420399547985,1.0515808129793323,0.22250380635910005,-0.06421123157741347,0.015928011174900537,-0.17025708779657273,-0.08470747847494045,-0.012365847309956539,-0.1874602239158241,-0.07352318182190132,-0.07534585604172728,-0.12504356160326058,-0.031802099764442815,0.006039892089651389,-0.10711785011334252,0.009311950244488054,0.09127386721662739,-0.045213526193312176,-0.05290537871049775,-0.018405739399607934,-0.08034237380248146,-0.033540074486871574,0.047947822409672214,-0.1395294112730761,-0.0544239818876881,0.017422043446664315,-0.15966033563822785,1.6901112029826164,0.5998966601420597,1.25569252691931,1.2542159272450928,-0.2970556257637891,0.5718905916446549,2.041428315998274,0.09758193924162492,0.7055811740714989,1993,2
1993-03,0.558,18.79,143.3,-0.15332422608050444,0.102248751836852,0.0,0.653412543793675,0.995492962316818,33.52206588160037,0.7981444257523898,-0.004517224998788633,3.512203905027411,-0.583396316600826,0.22094848825716853,3.594355790795648,1.760501983794524,3.0991656649827535,1.5599554055179796,-27.606041324230905,-0.14807748029608214,0.027341366014017668,-0.01212153758604373,-0.02292411078583748,0.1211418073827114,0.11532996191758293,-0.05690568602020562,3.5272770466206786,3.496423534084907,3.4840013660273477,3.6034925280413037,3.653575580083301,3.4782283239165452,0.2377339376767077,0.22912454661241763,0.23074414147018332,0.2553188976247758,0.19942400011765038,0.20253560834661744,-0.559371680051787,-0.5923972774598022,-0.6088060321261943,-0.4732087601946839,-0.4861330111756192,-0.6655320135269719,0.052388461021416984,0.03397558111086596,0.08213569692614586,0.0184128799105511,1.7605019837945242,1.5599554055179792,-0.14807748029607737,-0.05237713820129056,-0.013702918218202884,0.012046065211066628,-0.04856641313588182,0.08747189777762708,-0.11353659737733646,-0.0697144135902179,-0.008949490374343672,-0.04401014432023276,-0.040770858711097535,0.12263915697510974,-0.1104395700615517,0.017337275388927847,-0.004753427843859015,0.056056209531299694,-0.007795554424784745,-0.03516725919748248,-0.0030970273157846506,-0.021427963907523773,0.018248681588399318,0.041281658973303936,-0.019078480105238493,0.1171734653845366,-0.08213569692614586,1.6525420399547979,1.4804508274571286,1.085036092417861,1.0515808129793325,1.1076141148164949,0.606515535545735,0.2225038063590929,0.6985757035330151,0.9743221870696479,1993,3
1993-04,0.551,18.67,143.8,0.07121655620532015,-0.23113355954477038,0.0,0.659367378632341,0.9795867414232732,33.192167808298564,0.7902897097213943,-0.020624488680005305,3.5023139387028484,-0.5960204698292225,0.21473119090051462,3.665572347000968,1.4803048941367252,2.868032105437983,0.9363488624243815,-26.946673945598565,1.386743852903591,0.006398193950434328,-0.004517224998788633,-0.044985063491262724,0.11368308269087048,0.10595361785182132,-0.004174030938461675,3.5120622761183626,3.512203905027411,3.438269704896871,3.5987557785600663,3.6062727820816276,3.546691491733472,0.23200553611543984,0.22094848825716853,0.25441484989523433,0.25259692241417264,0.23735045405356187,0.18680409561143424,-0.577736272786144,-0.583396316600826,-0.6273594400219421,-0.4764241970486583,-0.49265831981054176,-0.6106459590482015,-0.01645045774154363,-0.04437755303062385,0.014625489218978993,0.027927095289080384,1.4803048941367254,0.9363488624243812,1.3867438529035923,-0.03555132584174074,0.052388461021416984,0.015928011174900537,-0.10971048644305302,0.010694074536194365,-0.04777097970343043,-0.057256673619891174,0.03397558111086596,-0.07534585604172728,-0.12416657049064872,0.01130468329159351,-0.04498075919183053,0.021705347778150502,0.0184128799105511,0.09127386721662739,0.014456084047595769,-0.0006106087553993111,-0.0027902205116002166,-0.004558934402293158,0.08213569692614586,0.047947822409672214,-0.07743805503820311,0.041777169594582775,-0.016438726343159904,1.760501983794524,1.6901112029826164,0.5382611621454996,1.5599554055179796,1.2542159272450928,-0.08957022668125803,-0.14807748029608214,2.041428315998274,-0.3393187757853,1993,4
1993-05,0.553,18.51,144.2,0.22157201137927676,0.05929270639653426,0.0,-0.643373580341669,0.9804152467637544,32.81643077323163,0.7813435898388483,-0.01977907587448718,3.490929328170721,-0.5923972774598022,0.22696121423816001,3.8871443583802447,1.3047653782402353,2.9273248118345174,0.9994051393881386,-27.590047525940236,-1.8558175097945082,-0.01598640127804497,-0.020624488680005305,-0.01212153758604373,0.009254017873668061,0.06884624062984956,0.057869358764105615,3.4959886361421595,3.5023139387028484,3.496423534084907,3.542719368113574,3.5791260167175567,3.5945392530391285,0.2256945808631635,0.21473119090051462,0.22912454661241763,0.2042042680434624,0.22738984219566113,0.20099972400834554,-0.597668984916238,-0.5960204698292225,-0.5923972774598022,-0.5780343734594406,-0.527632742082372,-0.5464528014091419,-0.07764843463859279,-0.10360992486840725,-0.04594447605066032,0.025961490229814477,1.3047653782402353,0.9994051393881382,-1.8558175097945089,-0.020007987724822516,-0.01645045774154363,-0.013702918218202884,-0.17025708779657273,-0.08470747847494045,-0.012365847309956539,-0.04395850404322044,-0.04437755303062385,-0.008949490374343672,-0.12504356160326058,-0.031802099764442815,0.006039892089651389,0.023950516318397924,0.027927095289080384,-0.004753427843859015,-0.045213526193312176,-0.05290537871049775,-0.018405739399607934,0.01078498964057073,0.014625489218978993,0.018248681588399318,-0.1395294112730761,-0.0544239818876881,0.017422043446664315,1.4803048941367252,1.6525420399547979,0.5998966601420597,0.9363488624243815,1.0515808129793325,-0.2970556257637891,1.386743852903591,0.2225038063590929,0.09758193924162492,1993,5
1993-06,0.526,17.65,144.3,-0.5599347052052265,-0.327272107672878,-1.3152768715984233,0.217402633813438,0.9319006156156157,31.27004917417417,0.7445249803374802,-0.07052910558808888,3.442660744035644,-0.6424540662444271,0.2244797686596356,3.3272096531750184,0.3005851835273905,2.6000527041616395,0.2696912820549629,-27.372644892126797,-2.1257334660266194,-0.02082525023607084,-0.01977907587448718,-0.004517224998788633,-0.02292411078583748,0.1211418073827114,0.11532996191758293,3.487356962818351,3.490929328170721,3.512203905027411,3.4840013660273477,3.6034925280413037,3.653575580083301,0.22948740522894642,0.22696121423816001,0.22094848825716853,0.23074414147018332,0.2553188976247758,0.19942400011765038,-0.6000628022496315,-0.5923972774598022,-0.583396316600826,-0.6088060321261943,-0.4732087601946839,-0.4861330111756192,-0.18585906750567183,-0.21091483604765715,-0.15632105506880795,0.025055768541985213,0.30058518352739094,0.26969128205496284,-2.1257334660266203,-0.004573212198492525,-0.07764843463859279,0.052388461021416984,0.012046065211066628,-0.04856641313588182,0.08747189777762708,-0.04038623125407881,-0.10360992486840725,0.03397558111086596,-0.04401014432023276,-0.040770858711097535,0.12263915697510974,0.035813019055585676,0.025961490229814477,0.0184128799105511,0.056056209531299694,-0.007795554424784745,-0.03516725919748248,0.026382478844306667,-0.04594447605066032,0.08213569692614586,0.041281658973303936,-0.019078480105238493,0.1171734653845366,1.3047653782402353,1.760501983794524,1.4804508274571286,0.9994051393881386,1.5599554055179796,1.1076141148164949,-1.8558175097945082,-0.14807748029608214,0.6985757035330151,1993,6
1993-07,0.494,16.78,144.5,-0.16076110430309568,-0.3481976027984201,0.0,-1.24157124989915,0.8739956828143022,29.687545663206464,0.7068463253144396,-0.13467984291053794,3.3907276199227367,-0.7052197617942145,0.2122621554500935,3.1664485488719225,0.8717971027757805,2.2518551013632195,0.5936538791720001,-28.614216142025946,-2.635988181435933,-0.028759416036446075,-0.07052910558808888,-0.020624488680005305,-0.044985063491262724,0.11368308269087048,0.10595361785182132,3.480466859153067,3.442660744035644,3.5023139387028484,3.438269704896871,3.5987557785600663,3.6062727820816276,0.22844334309385514,0.2244797686596356,0.21473119090051462,0.25441484989523433,0.25259692241417264,0.23735045405356187,-0.6056708079360037,-0.6424540662444271,-0.5960204698292225,-0.6273594400219421,-0.4764241970486583,-0.49265831981054176,-0.24063346076235925,-0.21554516215889086,-0.21256144198367277,-0.025088298603468367,0.8717971027757807,0.5936538791720003,-2.635988181435934,-0.0375574009846156,-0.18585906750567183,-0.01645045774154363,0.015928011174900537,-0.10971048644305302,0.010694074536194365,-0.06820367987531517,-0.21091483604765715,-0.04437755303062385,-0.07534585604172728,-0.12416657049064872,0.01130468329159351,0.03064627889069993,0.025055768541985213,0.027927095289080384,0.09127386721662739,0.014456084047595769,-0.0006106087553993111,-0.006551306829378656,-0.15632105506880795,0.014625489218978993,0.047947822409672214,-0.07743805503820311,0.041777169594582775,0.3005851835273905,1.4803048941367252,1.6901112029826164,0.2696912820549629,0.9363488624243815,1.2542159272450928,-2.1257334660266194,1.386743852903591,2.041428315998274,1993,7
1993-08,0.501,16.7,144.8,0.17398664222173893,0.14872614992199978,0.0,-0.074069855231172,0.8845438138812155,29.484793796040513,0.7020188999057265,-0.12268323141272475,3.383874665907257,-0.6911491778972723,0.23111172096338672,3.3404351910936616,0.38051861920623253,2.400581251285219,0.19690170987268485,-28.68828599725712,-3.379470094855408,-0.043708545939658616,-0.13467984291053794,-0.01977907587448718,-0.01212153758604373,0.009254017873668061,0.06884624062984956,3.472543178324045,3.3907276199227367,3.490929328170721,3.496423534084907,3.542719368113574,3.5791260167175567,0.22141789401966497,0.2122621554500935,0.22696121423816001,0.22912454661241763,0.2042042680434624,0.22738984219566113,-0.6186475282313825,-0.7052197617942145,-0.5923972774598022,-0.5923972774598022,-0.5780343734594406,-0.527632742082372,-0.1915294720425743,-0.19525135081029976,-0.16351643581490027,0.0037218787677255893,0.38051861920623287,0.19690170987268507,-3.37947009485541,-0.08031764630749225,-0.24063346076235925,-0.07764843463859279,-0.013702918218202884,-0.17025708779657273,-0.08470747847494045,-0.09157023089484273,-0.21554516215889086,-0.10360992486840725,-0.008949490374343672,-0.12504356160326058,-0.031802099764442815,0.011252584587350623,-0.025088298603468367,0.025961490229814477,-0.004753427843859015,-0.045213526193312176,-0.05290537871049775,-0.04996951756160284,-0.21256144198367277,-0.04594447605066032,0.018248681588399318,-0.1395294112730761,-0.0544239818876881,0.8717971027757805,1.3047653782402353,1.6525420399547979,0.5936538791720001,0.9994051393881386,1.0515808129793325,-2.635988181435933,-1.8558175097945082,0.2225038063590929,1993,8
1993-09,0.535,16.01,145.0,-0.43787347139513866,-0.1947571152261085,0.2377332666881135,-0.0402444753893755,0.9432698764367816,28.22757144252874,0.6720850343459224,-0.05840284807054144,3.3402992110242127,-0.6254885320861304,0.3389675591886143,2.902561719698523,-0.17559447010880846,2.2058241360591104,-0.27055455639360687,-28.728530472646494,-2.920956134371604,-0.06213549491077212,-0.12268323141272475,-0.07052910558808888,-0.004517224998788633,-0.02292411078583748,0.1211418073827114,3.4537850336277693,3.383874665907257,3.442660744035644,3.512203905027411,3.4840013660273477,3.6034925280413037,0.22174908974482652,0.23111172096338672,0.2244797686596356,0.22094848825716853,0.23074414147018332,0.2553188976247758,-0.6351061783042941,-0.6911491778972723,-0.6424540662444271,-0.583396316600826,-0.6088060321261943,-0.4732087601946839,-0.17954465545325282,-0.26319331701709103,-0.15227977189144654,0.08364866156383854,-0.17559447010880813,-0.2705545563936069,-2.920956134371604,-0.1099554052782208,-0.1915294720425743,-0.18585906750567183,0.052388461021416984,0.012046065211066628,-0.04856641313588182,-0.1226205409675023,-0.19525135081029976,-0.21091483604765715,0.03397558111086596,-0.04401014432023276,-0.040770858711097535,0.012665135689281404,0.0037218787677255893,0.025055768541985213,0.0184128799105511,0.056056209531299694,-0.007795554424784745,-0.08026370379548609,-0.16351643581490027,-0.15632105506880795,0.08213569692614586,0.041281658973303936,-0.019078480105238493,0.38051861920623253,0.3005851835273905,1.760501983794524,0.19690170987268485,0.2696912820549629,1.5599554055179796,-3.379470094855408,-2.1257334660266194,-0.14807748029608214,1993,9
1993-10,0.568,16.61,145.6,0.4458608840560716,0.10585584495770042,0.0,-0.215671915924929,0.9973260119047619,29.164762425595242,0.6943991053713153,-0.0026775695874078553,3.3729612142987815,-0.5656338602609858,0.3620308343971789,3.3484226037545946,0.28217467038163757,2.3116799810168107,0.03543825108083473,-28.944202388571423,-2.0386552312698427,-0.07111643208939758,-0.05840284807054144,-0.13467984291053794,-0.020624488680005305,-0.044985063491262724,0.11368308269087048,3.4251342512939034,3.3402992110242127,3.3907276199227367,3.5023139387028484,3.438269704896871,3.5987557785600663,0.2414189349000675,0.3389675591886143,0.2122621554500935,0.21473119090051462,0.25441484989523433,0.25259692241417264,-0.6421215475518448,-0.6254885320861304,-0.7052197617942145,-0.5960204698292225,-0.6273594400219421,-0.4764241970486583,-0.11636065227827833,-0.22579456426128486,-0.08920966321232754,0.10943391198300628,0.2821746703816377,0.035438251080834426,-2.0386552312698427,-0.14861092469066578,-0.17954465545325282,-0.24063346076235925,-0.01645045774154363,0.015928011174900537,-0.10971048644305302,-0.17214869065549498,-0.26319331701709103,-0.21554516215889086,-0.04437755303062385,-0.07534585604172728,-0.12416657049064872,0.023537765964829344,0.08364866156383854,-0.025088298603468367,0.027927095289080384,0.09127386721662739,0.014456084047595769,-0.11933294859841814,-0.15227977189144654,-0.21256144198367277,0.014625489218978993,0.047947822409672214,-0.07743805503820311,-0.17559447010880846,0.8717971027757805,1.4803048941367252,-0.27055455639360687,0.5936538791720001,0.9363488624243815,-2.920956134371604,-2.635988181435933,1.386743852903591,1993,10
1993-11,0.533,15.2,146.0,-0.5989887687832489,-0.7383548475378326,-5.267852793433339,-0.895781939934853,0.9333070336757991,26.615885388127854,0.633711556860187,-0.06902105008846543,3.2815082325800575,-0.6292338548162925,0.3871403356148452,2.7494338349713456,-0.44091303362674017,1.5733251334789782,-0.4031606919438091,-29.839984328506276,-3.073981836040757,-0.06812527890729801,-0.0026775695874078553,-0.12268323141272475,-0.01977907587448718,-0.01212153758604373,0.009254017873668061,3.4035754638932256,3.3729612142987815,3.383874665907257,3.490929328170721,3.496423534084907,3.542719368113574,0.2659688754828448,0.3620308343971789,0.23111172096338672,0.22696121423816001,0.22912454661241763,0.2042042680434624,-0.6370571126238054,-0.5656338602609858,-0.6911491778972723,-0.5923972774598022,-0.5923972774598022,-0.5780343734594406,-0.07827506796213349,-0.26121113553351627,-0.05119948135685182,0.18293606757138278,-0.44091303362674017,-0.4031606919438093,-3.0739818360407583,-0.16526262378012158,-0.11636065227827833,-0.1915294720425743,-0.07764843463859279,-0.013702918218202884,-0.17025708779657273,-0.20238485919393812,-0.22579456426128486,-0.19525135081029976,-0.10360992486840725,-0.008949490374343672,-0.12504356160326058,0.03712223541381693,0.10943391198300628,0.0037218787677255893,0.025961490229814477,-0.004753427843859015,-0.045213526193312176,-0.1366388073369692,-0.08920966321232754,-0.16351643581490027,-0.04594447605066032,0.018248681588399318,-0.1395294112730761,0.28217467038163757,0.38051861920623253,1.3047653782402353,0.03543825108083473,0.19690170987268485,0.9994051393881386,-2.0386552312698427,-3.379470094855408,-1.8558175097945082,1993,11
1993-12,0.446,13.73,146.3,-0.62807035612903,-0.7368180278891449,0.0,-1.33803481890964,0.779364676463887,23.992549344953293,0.5712511748798403,-0.24927620855198818,3.1777433381899645,-0.807436326962073,0.31065007154141555,2.1213634788423157,-1.3995364706579299,0.8365071055898333,-1.5610919536540617,-31.178019147415917,-3.0754999608376368,-0.07633227460962771,-0.06902105008846543,-0.05840284807054144,-0.07052910558808888,-0.004517224998788633,-0.02292411078583748,3.3686719479614484,3.2815082325800575,3.3402992110242127,3.442660744035644,3.512203905027411,3.4840013660273477,0.2926653957122924,0.3871403356148452,0.3389675591886143,0.2244797686596356,0.22094848825716853,0.23074414147018332,-0.6431965421832205,-0.6292338548162925,-0.6254885320861304,-0.6424540662444271,-0.583396316600826,-0.6088060321261943,-0.2263520977661507,-0.3062580278373832,-0.19863029483587868,0.07990593007123223,-1.3995364706579299,-1.5610919536540617,-3.0754999608376394,-0.16536706266737833,-0.07827506796213349,-0.17954465545325282,-0.18585906750567183,0.052388461021416984,0.012046065211066628,-0.22865172763812325,-0.26121113553351627,-0.26319331701709103,-0.21091483604765715,0.03397558111086596,-0.04401014432023276,0.06328466497074506,0.18293606757138278,0.08364866156383854,0.025055768541985213,0.0184128799105511,0.056056209531299694,-0.13751464155466786,-0.05119948135685182,-0.15227977189144654,-0.15632105506880795,0.08213569692614586,0.041281658973303936,-0.44091303362674017,-0.17559447010880846,0.3005851835273905,-0.4031606919438091,-0.27055455639360687,0.2696912820549629,-3.073981836040757,-2.920956134371604,-2.1257334660266194,1993,12
1994-01,0.528,14.29,146.3,0.4781004623000811,0.8576137375858924,0.0,0.216995175297677,0.922655939849624,24.971123826611983,0.5945505673002853,-0.0804988768657908,3.217720110351861,-0.6386589952758756,0.4394506310657167,2.599463941142397,-1.0694589561825958,1.6941208431757258,-0.9632051033582509,-30.96102397211824,-2.9793427094688085,-0.10612345843694426,-0.24927620855198818,-0.0026775695874078553,-0.13467984291053794,-0.020624488680005305,-0.044985063491262724,3.324519046987168,3.1777433381899645,3.3729612142987815,3.3907276199227367,3.5023139387028484,3.438269704896871,0.3070271128592557,0.31065007154141555,0.3620308343971789,0.2122621554500935,0.21473119090051462,0.25441484989523433,-0.6706935856361613,-0.807436326962073,-0.5656338602609858,-0.7052197617942145,-0.5960204698292225,-0.6273594400219421,-0.03551381337452807,-0.22054959454501022,-0.011299555253933447,0.18503578117048236,-1.0694589561825958,-0.9632051033582509,-2.9793427094688134,-0.17211590104412483,-0.2263520977661507,-0.11636065227827833,-0.24063346076235925,-0.01645045774154363,0.015928011174900537,-0.24454225960307818,-0.3062580278373832,-0.22579456426128486,-0.21554516215889086,-0.04437755303062385,-0.07534585604172728,0.07242635855895288,0.07990593007123223,0.10943391198300628,-0.025088298603468367,0.027927095289080384,0.09127386721662739,-0.14456618151584621,-0.19863029483587868,-0.08920966321232754,-0.21256144198367277,0.014625489218978993,0.047947822409672214,-1.3995364706579299,0.28217467038163757,0.8717971027757805,-1.5610919536540617,0.03543825108083473,0.5936538791720001,-3.0754999608376368,-2.0386552312698427,-2.635988181435933,1994,1
1994-02,0.501,13.8,146.7,-0.37845379296164094,-0.5531278647363524,0.0,-0.322673652822369,0.8730875545330609,24.04911826857533,0.5725980540136983,-0.1357194366100446,3.1800983334503865,-0.6911491778972723,0.421851848222937,2.2210101481807563,-1.5266698686953966,1.1409929784393733,-1.8559239347065282,-31.28369762494061,-3.0242437569160265,-0.0970932974294864,-0.0804988768657908,-0.06902105008846543,-0.12268323141272475,-0.01977907587448718,-0.01212153758604373,3.295684462058689,3.217720110351861,3.2815082325800575,3.383874665907257,3.490929328170721,3.496423534084907,0.34489185879519285,0.4394506310657167,0.3871403356148452,0.23111172096338672,0.22696121423816001,0.22912454661241763,-0.6596001245497716,-0.6386589952758756,-0.6292338548162925,-0.6911491778972723,-0.5923972774598022,-0.5923972774598022,-0.12359789902400087,-0.3163252006345205,-0.09875190043747006,0.19272730161051935,-1.5266698686953961,-1.8559239347065284,-3.0242437569160323,-0.13792929314615293,-0.03551381337452807,-0.07827506796213349,-0.1915294720425743,-0.07764843463859279,-0.013702918218202884,-0.24537633166743067,-0.22054959454501022,-0.26121113553351627,-0.19525135081029976,-0.10360992486840725,-0.008949490374343672,0.10744703852127793,0.18503578117048236,0.18293606757138278,0.0037218787677255893,0.025961490229814477,-0.004753427843859015,-0.11102253372755633,-0.011299555253933447,-0.05119948135685182,-0.16351643581490027,-0.04594447605066032,0.018248681588399318,-1.0694589561825958,-0.44091303362674017,0.38051861920623253,-0.9632051033582509,-0.4031606919438091,0.19690170987268485,-2.9793427094688085,-3.073981836040757,-3.379470094855408,1994,2
1994-03,0.451,13.82,147.1,-0.5088294343231813,-0.48461417860961165,-4.958656019916131,-0.106426748887902,0.7838158741219126,24.01848199637435,0.571868618961294,-0.24358114065068703,3.1788236171682955,-0.7962879394794586,0.31526486046438573,1.7121807138575749,-1.8821750769380732,0.6563787998297617,-2.442786865152992,-31.390124373828513,-3.784083049597603,-0.09926599829570637,-0.1357194366100446,-0.24927620855198818,-0.05840284807054144,-0.07052910558808888,-0.004517224998788633,3.261721739982544,3.1800983334503865,3.1777433381899645,3.3402992110242127,3.442660744035644,3.512203905027411,0.37668188000511793,0.421851848222937,0.31065007154141555,0.3389675591886143,0.2244797686596356,0.22094848825716853,-0.6596001245497716,-0.6911491778972723,-0.807436326962073,-0.6254885320861304,-0.6424540662444271,-0.583396316600826,-0.2390639156518984,-0.33338028785911566,-0.2128916228786326,0.0943163722072172,-1.882175076938073,-2.442786865152992,-3.7840830495976086,-0.12660736430972402,-0.12359789902400087,-0.2263520977661507,-0.17954465545325282,-0.18585906750567183,0.052388461021416984,-0.2655553066381344,-0.3163252006345205,-0.3062580278373832,-0.26319331701709103,-0.21091483604765715,0.03397558111086596,0.13894794232841023,0.19272730161051935,0.07990593007123223,0.08364866156383854,0.025055768541985213,0.0184128799105511,-0.10022844449798463,-0.09875190043747006,-0.19863029483587868,-0.15227977189144654,-0.15632105506880795,0.08213569692614586,-1.5266698686953966,-1.3995364706579299,-0.17559447010880846,-1.8559239347065282,-1.5610919536540617,-0.27055455639360687,-3.0242437569160265,-3.0754999608376368,-2.920956134371604,1994,3
1994-04,0.469,15.23,147.2,0.37786892522692267,0.7242492582758243,0.0,2.00433925211208,0.814545255321558,26.451011169610513,0.6297859802288217,-0.20512529039447008,3.2752943870484583,-0.7571525105358577,0.25724994084044,2.0900496390844974,-1.5755227079164706,1.3806280581055859,-1.4874040473323973,-29.385785121716435,-2.4391111761178643,-0.13012904705906397,-0.24358114065068703,-0.0804988768657908,-0.0026775695874078553,-0.13467984291053794,-0.020624488680005305,3.234809141006558,3.1788236171682955,3.217720110351861,3.3729612142987815,3.3907276199227367,3.5023139387028484,0.37273143021774646,0.31526486046438573,0.4394506310657167,0.3620308343971789,0.2122621554500935,0.21473119090051462,-0.6880666924486597,-0.7962879394794586,-0.6386589952758756,-0.5656338602609858,-0.7052197617942145,-0.5960204698292225,-0.18450080171446478,-0.22701955165439003,-0.16113204070663523,0.04251874993992538,-1.5755227079164706,-1.4874040473323973,-2.439111176117869,-0.1365272410094983,-0.2390639156518984,-0.03551381337452807,-0.11636065227827833,-0.24063346076235925,-0.01645045774154363,-0.2772531351118048,-0.33338028785911566,-0.22054959454501022,-0.22579456426128486,-0.21554516215889086,-0.04437755303062385,0.14072589410230663,0.0943163722072172,0.18503578117048236,0.10943391198300628,-0.025088298603468367,0.027927095289080384,-0.11033041966251567,-0.2128916228786326,-0.011299555253933447,-0.08920966321232754,-0.21256144198367277,0.014625489218978993,-1.8821750769380732,-1.0694589561825958,0.28217467038163757,-2.442786865152992,-0.9632051033582509,0.03543825108083473,-3.784083049597603,-2.9793427094688085,-2.0386552312698427,1994,4
1994-05,0.472,16.19,147.5,0.22983901534262782,0.19731736252736412,0.0,0.00104086249376184,0.8180882666666667,28.061120841807917,0.6681219248049504,-0.2007850427402927,3.334385018345833,-0.7507762933965817,0.2024995571972427,2.319888654427125,-1.5672557039531196,1.57794542063295,-1.3493793912015672,-29.38474425922267,-1.7946967332824335,-0.16387033386024102,-0.20512529039447008,-0.1357194366100446,-0.06902105008846543,-0.12268323141272475,-0.01977907587448718,3.2185313364648374,3.2752943870484583,3.1800983334503865,3.2815082325800575,3.383874665907257,3.490929328170721,0.35526794795829003,0.25724994084044,0.421851848222937,0.3871403356148452,0.23111172096338672,0.22696121423816001,-0.7199864674944716,-0.7571525105358577,-0.6911491778972723,-0.6292338548162925,-0.6911491778972723,-0.5923972774598022,-0.18100596686580553,-0.1565443098248882,-0.1583790159367795,-0.024461657040917323,-1.5672557039531196,-1.3493793912015675,-1.7946967332824357,-0.14788393258219606,-0.18450080171446478,-0.12359789902400087,-0.07827506796213349,-0.1915294720425743,-0.07764843463859279,-0.27745729967732213,-0.22701955165439003,-0.3163252006345205,-0.26121113553351627,-0.19525135081029976,-0.10360992486840725,0.12957336709512654,0.04251874993992538,0.19272730161051935,0.18293606757138278,0.0037218787677255893,0.025961490229814477,-0.1223174825782336,-0.16113204070663523,-0.09875190043747006,-0.05119948135685182,-0.16351643581490027,-0.04594447605066032,-1.5755227079164706,-1.5266698686953966,-0.44091303362674017,-1.4874040473323973,-1.8559239347065282,-0.4031606919438091,-2.4391111761178643,-3.0242437569160265,-3.073981836040757,1994,5
1994-06,0.493,16.76,147.9,-0.03774499425208429,0.03431749023311757,-0.6222004316540268,-0.395501581400017,0.8521752777777778,28.97050234392608,0.6897738653315733,-0.15996304822003757,3.366278151773346,-0.707246104939447,0.2114284182899844,2.282143660175041,-1.0450659929999775,1.6122629108660675,-0.9877897932955718,-29.780245840622687,-2.4076009484958885,-0.18583099930221222,-0.2007850427402927,-0.24358114065068703,-0.24927620855198818,-0.05840284807054144,-0.07052910558808888,3.227344134092467,3.334385018345833,3.1788236171682955,3.1777433381899645,3.3402992110242127,3.442660744035644,0.3244944848886896,0.2024995571972427,0.31526486046438573,0.31065007154141555,0.3389675591886143,0.2244797686596356,-0.7402435405911865,-0.7507762933965817,-0.7962879394794586,-0.807436326962073,-0.6254885320861304,-0.6424540662444271,-0.08943394263194869,-0.0763825922622976,-0.06479203869501982,-0.013051350369651188,-1.0450659929999775,-0.9877897932955719,-2.4076009484958902,-0.16500574906614138,-0.18100596686580553,-0.2390639156518984,-0.2263520977661507,-0.17954465545325282,-0.18585906750567183,-0.26001282872588405,-0.1565443098248882,-0.33338028785911566,-0.3062580278373832,-0.26319331701709103,-0.21091483604765715,0.09500707965974317,-0.024461657040917323,0.0943163722072172,0.07990593007123223,0.08364866156383854,0.025055768541985213,-0.14018073834155498,-0.1583790159367795,-0.2128916228786326,-0.19863029483587868,-0.15227977189144654,-0.15632105506880795,-1.5672557039531196,-1.8821750769380732,-1.3995364706579299,-1.3493793912015672,-2.442786865152992,-1.5610919536540617,-1.7946967332824335,-3.784083049597603,-3.0754999608376368,1994,6
1994-07,0.509,17.6,148.4,0.46534058716849724,0.4274155579166929,0.0,1.51760586936804,0.8768676881177,30.319982929020664,0.721904355452873,-0.13139916672873084,3.4118069977469894,-0.6753072624316143,0.19446345380764793,2.747484247343538,-0.41896430152838465,2.0396784687827605,-0.21217663258045877,-28.262639971254647,0.35157617077130143,-0.17094547258022044,-0.15996304822003757,-0.20512529039447008,-0.0804988768657908,-0.0026775695874078553,-0.13467984291053794,3.2587666030230302,3.366278151773346,3.2752943870484583,3.217720110351861,3.3729612142987815,3.3907276199227367,0.3079575426801177,0.2114284182899844,0.25724994084044,0.4394506310657167,0.3620308343971789,0.2122621554500935,-0.7235451702540822,-0.707246104939447,-0.7571525105358577,-0.6386589952758756,-0.5656338602609858,-0.7052197617942145,0.0032806761818071073,0.02107937782425262,0.02991249936260021,-0.01779870164244557,-0.4189643015283844,-0.21217663258045905,0.351576170771299,-0.14218605654377436,-0.08943394263194869,-0.18450080171446478,-0.03551381337452807,-0.11636065227827833,-0.24063346076235925,-0.22170025613003697,-0.0763825922622976,-0.22701955165439003,-0.22054959454501022,-0.22579456426128486,-0.21554516215889086,0.07951419958626257,-0.013051350369651188,0.04251874993992538,0.18503578117048236,0.10943391198300628,-0.025088298603468367,-0.11787436231807846,-0.06479203869501982,-0.16113204070663523,-0.011299555253933447,-0.08920966321232754,-0.21256144198367277,-1.0450659929999775,-1.5755227079164706,-1.0694589561825958,-0.9877897932955718,-1.4874040473323973,-0.9632051033582509,-2.4076009484958885,-2.4391111761178643,-2.9793427094688085,1994,7
1994-08,0.498,16.89,149.0,-0.6520674737255634,-0.4680411784447231,0.0,0.0030262323475396,0.8544629966442954,28.979678741610737,0.6899923509907319,-0.15728208146677974,3.366594851310413,-0.6971552019574841,0.21379268550617553,2.0954167736179747,-1.2450184174756869,1.5716372903380373,-0.8289439609471816,-28.259613738907106,0.42867225835001305,-0.17942885422404378,-0.13139916672873084,-0.2007850427402927,-0.1357194366100446,-0.06902105008846543,-0.12268323141272475,3.2911144175888847,3.4118069977469894,3.334385018345833,3.1800983334503865,3.2815082325800575,3.383874665907257,0.2671263464704396,0.19446345380764793,0.2024995571972427,0.421851848222937,0.3871403356148452,0.23111172096338672,-0.7296532147800386,-0.6753072624316143,-0.7507762933965817,-0.6911491778972723,-0.6292338548162925,-0.6911491778972723,-0.034598850054055,-0.017279814596844023,-0.00600602406021189,-0.017319035457211196,-1.2450184174756869,-0.8289439609471818,0.4286722583500122,-0.13572030828438517,0.0032806761818071073,-0.18100596686580553,-0.12359789902400087,-0.07827506796213349,-0.1915294720425743,-0.18142876073516012,0.02107937782425262,-0.1565443098248882,-0.3163252006345205,-0.26121113553351627,-0.19525135081029976,0.04570845245077462,-0.01779870164244557,-0.024461657040917323,0.19272730161051935,0.18293606757138278,0.0037218787677255893,-0.11100568654865617,0.02991249936260021,-0.1583790159367795,-0.09875190043747006,-0.05119948135685182,-0.16351643581490027,-0.41896430152838465,-1.5672557039531196,-1.5266698686953966,-0.21217663258045877,-1.3493793912015672,-1.8559239347065282,0.35157617077130143,-1.7946967332824335,-3.0242437569160265,1994,8
1994-09,0.49,15.9,149.3,-0.16942852893407812,-0.15482787285029215,0.0,-0.208178619740564,0.8390473264121455,27.22622957133289,0.6482435612222117,-0.17548816598644607,3.3041808311172045,-0.7133498878774648,0.25800062117971745,1.9259882446838965,-0.9765734750146264,1.4168094174877452,-0.7890147185713653,-28.46779235864767,0.2607381139988245,-0.183022628366833,-0.15728208146677974,-0.15996304822003757,-0.24358114065068703,-0.24927620855198818,-0.05840284807054144,3.322197170565556,3.366594851310413,3.366278151773346,3.1788236171682955,3.1777433381899645,3.3402992110242127,0.2324498193509794,0.21379268550617553,0.2114284182899844,0.31526486046438573,0.31065007154141555,0.3389675591886143,-0.730654218790074,-0.6971552019574841,-0.707246104939447,-0.7962879394794586,-0.807436326962073,-0.6254885320861304,-0.11708531791590462,-0.03611837990700817,-0.08786135579133436,-0.08096693800889687,-0.9765734750146264,-0.7890147185713652,0.26073811399882274,-0.12088713345606089,-0.034598850054055,-0.08943394263194869,-0.2390639156518984,-0.2263520977661507,-0.17954465545325282,-0.13158786306221337,-0.017279814596844023,-0.0763825922622976,-0.33338028785911566,-0.3062580278373832,-0.26319331701709103,0.01070072960615287,-0.017319035457211196,-0.013051350369651188,0.0943163722072172,0.07990593007123223,0.08364866156383854,-0.09554804048577992,-0.00600602406021189,-0.06479203869501982,-0.2128916228786326,-0.19863029483587868,-0.15227977189144654,-1.2450184174756869,-1.0450659929999775,-1.8821750769380732,-0.8289439609471816,-0.9877897932955718,-2.442786865152992,0.42867225835001305,-2.4076009484958885,-3.784083049597603,1994,9
1994-10,0.509,16.49,149.4,-0.1172347442316178,0.33155820659869367,0.0,0.316817638202922,0.8709984264837127,28.217611105533244,0.6718478834650773,-0.13811510869416765,3.339946290308954,-0.6753072624316143,0.2596082192802465,1.8087535004522788,-1.5396691033023158,1.748367624086439,-0.563312356930372,-28.150974720444747,0.7932276681266756,-0.17167379925612614,-0.17548816598644607,-0.13139916672873084,-0.20512529039447008,-0.0804988768657908,-0.0026775695874078553,3.3430900395570404,3.3041808311172045,3.4118069977469894,3.2752943870484583,3.217720110351861,3.3729612142987815,0.22290577947020132,0.25800062117971745,0.19446345380764793,0.25724994084044,0.4394506310657167,0.3620308343971789,-0.7168312101897416,-0.7133498878774648,-0.6753072624316143,-0.7571525105358577,-0.6386589952758756,-0.5656338602609858,-0.1354375391067598,-0.033014923989827416,-0.10967340217062849,-0.1024226151169324,-1.5396691033023158,-0.5633123569303717,0.7932276681266757,-0.10055736716672856,-0.11708531791590462,0.0032806761818071073,-0.18450080171446478,-0.03551381337452807,-0.11636065227827833,-0.08204421173686294,-0.03611837990700817,0.02107937782425262,-0.22701955165439003,-0.22054959454501022,-0.22579456426128486,-0.018513155429866174,-0.08096693800889687,-0.01779870164244557,0.04251874993992538,0.18503578117048236,0.10943391198300628,-0.0747096626378968,-0.08786135579133436,0.02991249936260021,-0.16113204070663523,-0.011299555253933447,-0.08920966321232754,-0.9765734750146264,-0.41896430152838465,-1.5755227079164706,-0.7890147185713653,-0.21217663258045877,-1.4874040473323973,0.2607381139988245,0.35157617077130143,-2.4391111761178643,1994,10
1994-11,0.513,17.19,149.8,-0.021668111296842842,-0.07829269311592764,1.7201532821127614,-0.587233184893345,0.875499167222964,29.33690191922564,0.6984976647434676,-0.13296107845832317,3.3788461747478022,-0.6674794338113675,0.22586236507724267,1.787085389155436,-0.9623484458159097,1.6700749309705114,0.096749797491533,-28.738207905338093,1.1017764231681837,-0.16050543563940908,-0.13811510869416765,-0.15728208146677974,-0.2007850427402927,-0.1357194366100446,-0.06902105008846543,3.3538653567671233,3.339946290308954,3.366594851310413,3.334385018345833,3.1800983334503865,3.2815082325800575,0.22329882587683572,0.2596082192802465,0.21379268550617553,0.2024995571972427,0.421851848222937,0.3871403356148452,-0.7031903355057011,-0.6753072624316143,-0.6971552019574841,-0.7507762933965817,-0.6911491778972723,-0.6292338548162925,-0.06394002836985774,0.09733794216774472,-0.03824557899507508,-0.1612779705376025,-0.9623484458159097,0.09674979749153323,1.1017764231681824,-0.09238015673211107,-0.1354375391067598,-0.034598850054055,-0.18100596686580553,-0.12359789902400087,-0.07827506796213349,-0.049710107126102354,-0.033014923989827416,-0.017279814596844023,-0.1565443098248882,-0.3163252006345205,-0.26121113553351627,-0.04267004960600909,-0.1024226151169324,-0.017319035457211196,-0.024461657040917323,0.19272730161051935,0.18293606757138278,-0.06613322288189571,-0.10967340217062849,-0.00600602406021189,-0.1583790159367795,-0.09875190043747006,-0.05119948135685182,-1.5396691033023158,-1.2450184174756869,-1.5672557039531196,-0.563312356930372,-0.8289439609471816,-1.3493793912015672,0.7932276681266756,0.42867225835001305,-1.7946967332824335,1994,11
1994-12,0.487,15.93,150.1,-0.5054376787329347,-0.5863996113906729,0.0,-0.565543971906583,0.8294657433932934,27.13221620586276,0.6460051477586372,-0.18697346810280005,3.3007218117187045,-0.7194911558995473,0.24997433846186382,1.2816477104225013,-0.8397157684198144,1.0836753195798385,0.247168213990005,-29.303751877244675,1.8742672701712406,-0.14920144159241416,-0.13296107845832317,-0.17548816598644607,-0.15996304822003757,-0.24358114065068703,-0.24927620855198818,3.361275549500785,3.3788461747478022,3.3041808311172045,3.366278151773346,3.1788236171682955,3.1777433381899645,0.22719262719016908,0.22586236507724267,0.25800062117971745,0.2114284182899844,0.31526486046438573,0.31065007154141555,-0.689307525574832,-0.6674794338113675,-0.7133498878774648,-0.707246104939447,-0.7962879394794586,-0.807436326962073,0.062302740449188126,0.12297847352874003,0.08794517106252575,-0.060675733079551736,-0.8397157684198144,0.24716821399000521,1.8742672701712415,-0.07286916698278645,-0.06394002836985774,-0.11708531791590462,-0.08943394263194869,-0.2390639156518984,-0.2263520977661507,-0.007396398460663534,0.09733794216774472,-0.03611837990700817,-0.0763825922622976,-0.33338028785911566,-0.3062580278373832,-0.0654727685221233,-0.1612779705376025,-0.08096693800889687,-0.013051350369651188,0.0943163722072172,0.07990593007123223,-0.04611098339161146,-0.03824557899507508,-0.08786135579133436,-0.06479203869501982,-0.2128916228786326,-0.19863029483587868,-0.9623484458159097,-0.9765734750146264,-1.0450659929999775,0.096749797491533,-0.7890147185713653,-0.9877897932955718,1.1017764231681837,0.2607381139988245,-2.4076009484958885,1994,12
1995-01,0.472,16.55,150.5,0.32222317306956605,0.40594933799996447,0.0,1.7042523005602,0.8017808593576966,28.113290725359917,0.6693640648895218,-0.2209199511493486,3.3362424440703053,-0.7507762933965817,0.18050722306371458,1.6038708834920672,-0.9955930576503295,1.4896246575798031,-0.20449618559592297,-27.599499576684476,3.3615243954337637,-0.15370317823954124,-0.18697346810280005,-0.13811510869416765,-0.13139916672873084,-0.20512529039447008,-0.0804988768657908,3.350349492825011,3.3007218117187045,3.339946290308954,3.4118069977469894,3.2752943870484583,3.217720110351861,0.23361694721881565,0.24997433846186382,0.2596082192802465,0.19446345380764793,0.25724994084044,0.4394506310657167,-0.6913483674015154,-0.7194911558995473,-0.6753072624316143,-0.6753072624316143,-0.7571525105358577,-0.6386589952758756,-0.1404210742835578,0.11852233371844445,-0.11211729812070614,-0.2589434080020021,-0.9955930576503298,-0.20449618559592264,3.361524395433765,-0.04757971980259698,0.062302740449188126,-0.1354375391067598,0.0032806761818071073,-0.18450080171446478,-0.03551381337452807,0.025830445837843108,0.12297847352874003,-0.033014923989827416,0.02107937782425262,-0.22701955165439003,-0.22054959454501022,-0.07341016564044006,-0.060675733079551736,-0.1024226151169324,-0.01779870164244557,0.04251874993992538,0.18503578117048236,-0.02065478176535407,0.08794517106252575,-0.10967340217062849,0.02991249936260021,-0.16113204070663523,-0.011299555253933447,-0.8397157684198144,-1.5396691033023158,-0.41896430152838465,0.247168213990005,-0.563312356930372,-0.21217663258045877,1.8742672701712406,0.7932276681266756,0.35157617077130143,1995,1
1995-02,0.467,17.11,150.9,0.2581398831214029,0.19375940693208485,0.0,-0.645715061037489,0.7911846018334439,28.98751292798763,0.6901788792378007,-0.23422396065087941,3.3668651485664625,-0.7614260213132397,0.13658050906602648,1.8620107666134702,-0.3589993815672856,1.683384064511888,0.5423910860725143,-28.245214637721965,3.038482987218644,-0.16862330897631087,-0.2209199511493486,-0.13296107845832317,-0.15728208146677974,-0.2007850427402927,-0.1357194366100446,3.3377554005455643,3.3362424440703053,3.3788461747478022,3.366594851310413,3.334385018345833,3.1800983334503865,0.2312909087614934,0.18050722306371458,0.22586236507724267,0.21379268550617553,0.2024995571972427,0.421851848222937,-0.7039265392290099,-0.7507762933965817,-0.6674794338113675,-0.6971552019574841,-0.7507762933965817,-0.6911491778972723,-0.09850452404083482,0.18676681511607596,-0.0702768434159674,-0.2852713391569105,-0.35899938156728606,0.5423910860725147,3.0384829872186465,-0.07153001154682447,-0.1404210742835578,-0.06394002836985774,-0.034598850054055,-0.18100596686580553,-0.12359789902400087,0.042070938486875153,0.11852233371844445,0.09733794216774472,-0.017279814596844023,-0.1565443098248882,-0.3163252006345205,-0.11360095003369944,-0.2589434080020021,-0.1612779705376025,-0.017319035457211196,-0.024461657040917323,0.19272730161051935,-0.04432641467923837,-0.11211729812070614,-0.03824557899507508,-0.00600602406021189,-0.1583790159367795,-0.09875190043747006,-0.9955930576503295,-0.9623484458159097,-1.2450184174756869,-0.20449618559592297,0.096749797491533,-0.8289439609471816,3.3615243954337637,1.1017764231681837,0.42867225835001305,1995,2
1995-03,0.449,17.01,151.2,-0.47533395653034605,-0.4951893886089216,0.0,0.866628729077256,0.7591799597663141,28.76091562500001,0.6847837053571431,-0.27551642854915165,3.3590173690985017,-0.8007323912398827,0.10313582063571514,1.3866768100831242,-0.3255039037744504,1.1881946759029665,0.5318158760732044,-27.37858590864471,4.0115384651838015,-0.18144695550699416,-0.23422396065087941,-0.18697346810280005,-0.17548816598644607,-0.15996304822003757,-0.24358114065068703,3.337800450088239,3.3668651485664625,3.3007218117187045,3.3041808311172045,3.366278151773346,3.1788236171682955,0.21842221268813525,0.13658050906602648,0.24997433846186382,0.25800062117971745,0.2114284182899844,0.31526486046438573,-0.7146383424549692,-0.7614260213132397,-0.7194911558995473,-0.7133498878774648,-0.707246104939447,-0.7962879394794586,-0.031935287898464615,0.18019375193020615,-0.004444451760424073,-0.2121290398286706,-0.3255039037744507,0.5318158760732048,4.011538465183804,-0.08218095721128779,-0.09850452404083482,0.062302740449188126,-0.11708531791590462,-0.08943394263194869,-0.2390639156518984,0.07607871010569456,0.18676681511607596,0.12297847352874003,-0.03611837990700817,-0.0763825922622976,-0.33338028785911566,-0.15825966731698268,-0.2852713391569105,-0.060675733079551736,-0.08096693800889687,-0.013051350369651188,0.0943163722072172,-0.055038217905197584,-0.0702768434159674,0.08794517106252575,-0.08786135579133436,-0.06479203869501982,-0.2128916228786326,-0.3589993815672856,-0.8397157684198144,-0.9765734750146264,0.5423910860725143,0.247168213990005,-0.7890147185713653,3.038482987218644,1.8742672701712406,0.2607381139988245,1995,3
1995-04,0.5,18.65,151.8,0.6301790361731673,0.6879401009996381,0.0,0.19500227071397,0.842070432586737,31.409227135485285,0.7478387413210782,-0.17189161908531136,3.4471017075644586,-0.6931471805599453,0.11867629163359861,2.0168558462562913,-0.0731937928282057,1.8761347769026044,0.49550671879701813,-27.183583637930738,2.2022014837856916,-0.1981183326007784,-0.27551642854915165,-0.2209199511493486,-0.13811510869416765,-0.13139916672873084,-0.20512529039447008,3.346939873085122,3.3590173690985017,3.3362424440703053,3.339946290308954,3.4118069977469894,3.2752943870484583,0.1926114125974682,0.10313582063571514,0.18050722306371458,0.2596082192802465,0.19446345380764793,0.25724994084044,-0.7292020930153722,-0.8007323912398827,-0.7507762933965817,-0.6753072624316143,-0.6753072624316143,-0.7571525105358577,0.03323367130915872,0.17180732051600023,0.06400532997591246,-0.1385736492068414,-0.07319379282820604,0.4955067187970186,2.2022014837856965,-0.06798928554171443,-0.031935287898464615,-0.1404210742835578,-0.1354375391067598,0.0032806761818071073,-0.18450080171446478,0.11213073207856405,0.18019375193020615,0.11852233371844445,-0.033014923989827416,0.02107937782425262,-0.22701955165439003,-0.18012001762027827,-0.2121290398286706,-0.2589434080020021,-0.1024226151169324,-0.01779870164244557,0.04251874993992538,-0.0411354005667125,-0.004444451760424073,-0.11211729812070614,-0.10967340217062849,0.02991249936260021,-0.16113204070663523,-0.3255039037744504,-0.9955930576503295,-1.5396691033023158,0.5318158760732044,-0.20449618559592297,-0.563312356930372,4.0115384651838015,3.3615243954337637,0.7932276681266756,1995,4
1995-05,0.511,18.35,152.1,-0.5774617885053497,-0.3125859144419676,0.0,-0.536324554385526,0.8588985541310542,30.843030270655277,0.7343578635870304,-0.15210446160751626,3.428910801671496,-0.6713856887784326,0.15665435500435634,1.4393940577509416,-0.8804945966761832,1.5635488624606368,-0.014396558172313556,-27.719908192316264,1.6648360669064037,-0.20374775099930234,-0.17189161908531136,-0.23422396065087941,-0.13296107845832317,-0.15728208146677974,-0.2007850427402927,3.3647991092943723,3.4471017075644586,3.3668651485664625,3.3788461747478022,3.366594851310413,3.334385018345833,0.16912275798969356,0.11867629163359861,0.13658050906602648,0.22586236507724267,0.21379268550617553,0.2024995571972427,-0.7321754127034273,-0.6931471805599453,-0.7614260213132397,-0.6674794338113675,-0.6971552019574841,-0.7507762933965817,0.04868058113277646,0.09452578332566297,0.07939060461814906,-0.04584520219288635,-0.8804945966761835,-0.014396558172313112,1.6648360669064068,-0.039877417139061316,0.03323367130915872,-0.09850452404083482,-0.06394002836985774,-0.034598850054055,-0.18100596686580553,0.14626777282953496,0.17180732051600023,0.18676681511607596,0.09733794216774472,-0.017279814596844023,-0.1565443098248882,-0.18614518996859647,-0.1385736492068414,-0.2852713391569105,-0.1612779705376025,-0.017319035457211196,-0.024461657040917323,-0.012188945208955748,0.06400532997591246,-0.0702768434159674,-0.03824557899507508,-0.00600602406021189,-0.1583790159367795,-0.0731937928282057,-0.3589993815672856,-0.9623484458159097,0.49550671879701813,0.5423910860725143,0.096749797491533,2.2022014837856916,3.038482987218644,1.1017764231681837,1995,5
1995-06,0.478,17.31,152.4,-0.29523854416074446,-0.44262495713065575,0.38945682625939493,1.04335219602219,0.8018499660979878,29.037704839238845,0.691373924743782,-0.2208337633070635,3.3685951523717352,-0.7381445464906811,0.1482407026045694,1.144155513590197,-1.1379881465848434,1.120923905329981,-0.4913390055360869,-26.676555996294073,3.1036898443286107,-0.20693831485750122,-0.15210446160751626,-0.27551642854915165,-0.18697346810280005,-0.17548816598644607,-0.15996304822003757,3.3731432137816544,3.428910801671496,3.3590173690985017,3.3007218117187045,3.3041808311172045,3.366278151773346,0.1575880896442125,0.15665435500435634,0.10313582063571514,0.24997433846186382,0.25800062117971745,0.2114284182899844,-0.7328264551979382,-0.6713856887784326,-0.8007323912398827,-0.7194911558995473,-0.7133498878774648,-0.707246104939447,-0.060870715087025934,0.0023170005983890185,-0.030898441551234113,-0.06318771568541501,-1.1379881465848438,-0.49133900553608645,3.1036898443286134,-0.021107315555288997,0.04868058113277646,-0.031935287898464615,0.062302740449188126,-0.11708531791590462,-0.08943394263194869,0.14579907968918748,0.09452578332566297,0.18019375193020615,0.12297847352874003,-0.03611837990700817,-0.0763825922622976,-0.1669063952444771,-0.04584520219288635,-0.2121290398286706,-0.060675733079551736,-0.08096693800889687,-0.013051350369651188,0.007417085393248257,0.07939060461814906,-0.004444451760424073,0.08794517106252575,-0.08786135579133436,-0.06479203869501982,-0.8804945966761832,-0.3255039037744504,-0.8397157684198144,-0.014396558172313556,0.5318158760732044,0.247168213990005,1.6648360669064037,4.0115384651838015,1.8742672701712406,1995,6
1995-07,0.467,15.85,152.6,0.07301677199437423,-0.00620461241415713,0.0,-1.49258268444779,0.7823706187199652,26.553692305591966,0.632230769180761,-0.24542671372743277,3.279168807909097,-0.7614260213132397,0.213074096646839,1.2171722855845712,-1.5303119617589664,1.114719292915824,-0.924959175866937,-28.169138680741863,0.09350129051278078,-0.21258169739154512,-0.2208337633070635,-0.17189161908531136,-0.2209199511493486,-0.13811510869416765,-0.13139916672873084,3.3844554372238265,3.3685951523717352,3.4471017075644586,3.3362424440703053,3.339946290308954,3.4118069977469894,0.14063248366799674,0.1482407026045694,0.11867629163359861,0.18050722306371458,0.2596082192802465,0.19446345380764793,-0.7359353536297939,-0.7381445464906811,-0.6931471805599453,-0.7507762933965817,-0.6753072624316143,-0.6753072624316143,-0.11402754699870193,-0.13263818983789255,-0.08611875888162535,0.01861064283919106,-1.5303119617589669,-0.9249591758669364,0.09350129051278344,-0.041636224811324674,-0.060870715087025934,0.03323367130915872,-0.1404210742835578,-0.1354375391067598,0.0032806761818071073,0.12568883420079624,0.0023170005983890185,0.17180732051600023,0.11852233371844445,-0.033014923989827416,0.02107937782425262,-0.16732505901212097,-0.06318771568541501,-0.1385736492068414,-0.2589434080020021,-0.1024226151169324,-0.01779870164244557,-0.012390183375711739,-0.030898441551234113,0.06400532997591246,-0.11211729812070614,-0.10967340217062849,0.02991249936260021,-1.1379881465848434,-0.0731937928282057,-0.9955930576503295,-0.4913390055360869,0.49550671879701813,-0.20449618559592297,3.1036898443286107,2.2022014837856916,3.3615243954337637,1995,7
1995-08,0.496,16.1,152.9,-0.22524158679404524,0.021801244987807604,0.0,0.0449360000336529,0.8293242729452802,26.91959837584478,0.6409428184724948,-0.18714403875606264,3.2928545854915643,-0.7011793522572096,0.25767099403574145,0.991930698790526,-1.1034860748274484,1.1365205379036316,-0.43511675243440623,-28.124202680708212,0.13541105819889407,-0.2166661578212258,-0.24542671372743277,-0.15210446160751626,-0.23422396065087941,-0.13296107845832317,-0.15728208146677974,3.3749431645302916,3.279168807909097,3.428910801671496,3.3668651485664625,3.3788461747478022,3.366594851310413,0.14606029593185083,0.213074096646839,0.15665435500435634,0.13658050906602648,0.22586236507724267,0.21379268550617553,-0.7377103082825701,-0.7614260213132397,-0.6713856887784326,-0.7614260213132397,-0.6674794338113675,-0.6971552019574841,-0.029861957289282898,-0.07374026581884863,-0.004024150299725471,0.043878308529565924,-1.1034860748274489,-0.43511675243440573,0.1354110581988941,-0.037237303597182025,-0.11402754699870193,0.04868058113277646,-0.09850452404083482,-0.06394002836985774,-0.034598850054055,0.08382874694140696,-0.13263818983789255,0.09452578332566297,0.18676681511607596,0.09733794216774472,-0.017279814596844023,-0.12106605053858877,0.01861064283919106,-0.04584520219288635,-0.2852713391569105,-0.1612779705376025,-0.017319035457211196,-0.008057093502531476,-0.08611875888162535,0.07939060461814906,-0.0702768434159674,-0.03824557899507508,-0.00600602406021189,-1.5303119617589664,-0.8804945966761832,-0.3589993815672856,-0.924959175866937,-0.014396558172313556,0.5423910860725143,0.09350129051278078,1.6648360669064037,3.038482987218644,1995,8
1995-09,0.513,16.7,153.1,0.30624438110053653,0.37622869815536275,0.0,-0.0714160475369733,0.8566281858262574,27.88633665360331,0.6639603965143644,-0.15475131003884202,3.3281368431952347,-0.6674794338113675,0.25478146504929156,1.2981750798910625,-0.6278131647928337,1.5127492360589945,0.09593981857124867,-28.195618728245186,0.27217363040248477,-0.2088195041720897,-0.18714403875606264,-0.2208337633070635,-0.27551642854915165,-0.18697346810280005,-0.17548816598644607,3.3626080706844754,3.2928545854915643,3.3685951523717352,3.3590173690985017,3.3007218117187045,3.3041808311172045,0.16624204342680332,0.25767099403574145,0.1482407026045694,0.10313582063571514,0.24997433846186382,0.25800062117971745,-0.7276691967732317,-0.7011793522572096,-0.7381445464906811,-0.8007323912398827,-0.7194911558995473,-0.7133498878774648,0.02073685594760405,0.02395601207803022,0.045870454066097244,-0.003219156130425893,-0.627813164792834,0.09593981857124922,0.27217363040248443,-0.02579687580525669,-0.029861957289282898,-0.060870715087025934,-0.031935287898464615,0.062302740449188126,-0.11708531791590462,0.04041090011891946,-0.07374026581884863,0.0023170005983890185,0.18019375193020615,0.12297847352874003,-0.03611837990700817,-0.06620777592417607,0.043878308529565924,-0.06318771568541501,-0.2121290398286706,-0.060675733079551736,-0.08096693800889687,0.0029850220168422537,-0.004024150299725471,-0.030898441551234113,-0.004444451760424073,0.08794517106252575,-0.08786135579133436,-1.1034860748274484,-1.1379881465848434,-0.3255039037744504,-0.43511675243440623,-0.4913390055360869,0.5318158760732044,0.13541105819889407,3.1036898443286107,4.0115384651838015,1995,9
1995-10,0.502,16.11,153.5,-0.1585085619506295,-0.18753425072540045,0.0,0.357203973978372,0.8360755494028231,26.831030081433223,0.6388340495579339,-0.1790362998814961,3.2895590565977946,-0.6891551592904078,0.2690742618040776,1.139666517940433,-0.6690869825118453,1.325214985333594,-0.4231526387528455,-27.838414754266815,0.3125599661779348,-0.1886919844203714,-0.15475131003884202,-0.24542671372743277,-0.17189161908531136,-0.2209199511493486,-0.13811510869416765,3.357461316367264,3.3281368431952347,3.279168807909097,3.4471017075644586,3.3362424440703053,3.339946290308954,0.19151631749573272,0.25478146504929156,0.213074096646839,0.11867629163359861,0.18050722306371458,0.2596082192802465,-0.705460370535146,-0.6674794338113675,-0.7614260213132397,-0.6931471805599453,-0.7507762933965817,-0.6753072624316143,-0.040921191187328454,-0.050387233711159496,-0.013847896858793507,0.009466042523831097,-0.6690869825118457,-0.42315263875284503,0.3125599661779326,-0.017018185164245275,0.02073685594760405,-0.11402754699870193,0.03323367130915872,-0.1404210742835578,-0.1354375391067598,0.014371276810223765,0.02395601207803022,-0.13263818983789255,0.17180732051600023,0.11852233371844445,-0.033014923989827416,-0.0313894619744686,-0.003219156130425893,0.01861064283919106,-0.1385736492068414,-0.2589434080020021,-0.1024226151169324,0.011370839654595621,0.045870454066097244,-0.08611875888162535,0.06400532997591246,-0.11211729812070614,-0.10967340217062849,-0.6278131647928337,-1.5303119617589664,-0.0731937928282057,0.09593981857124867,-0.924959175866937,0.49550671879701813,0.27217363040248477,0.09350129051278078,2.2022014837856916,1995,10
1995-11,0.524,16.86,153.7,-0.07114965928699887,0.3413711625729126,-0.09486315291733903,0.274893950422025,0.8715807004988074,28.04360803513338,0.6677049532174615,-0.13744681876948134,3.333760728465323,-0.6462635946610948,0.26646207104856406,1.0685168586534342,-0.7185685305020014,1.6665861479065065,-0.0034887830640051853,-27.56352080384479,1.174687101493305,-0.18988276455306885,-0.1790362998814961,-0.18714403875606264,-0.15210446160751626,-0.23422396065087941,-0.13296107845832317,3.3312042078728203,3.2895590565977946,3.2928545854915643,3.428910801671496,3.3668651485664625,3.3788461747478022,0.21658264585747922,0.2690742618040776,0.25767099403574145,0.15665435500435634,0.13658050906602648,0.22586236507724267,-0.7047950336568897,-0.6891551592904078,-0.7011793522572096,-0.6713856887784326,-0.7614260213132397,-0.6674794338113675,-0.004485740311158171,-0.045085446282479236,0.021215839150272697,0.0405997059713214,-0.7185685305020018,-0.003488783064004908,1.174687101493305,-0.029377328913659767,-0.040921191187328454,-0.029861957289282898,0.04868058113277646,-0.09850452404083482,-0.06394002836985774,-0.02266114889430293,-0.050387233711159496,-0.07374026581884863,0.09452578332566297,0.18676681511607596,0.09733794216774472,-0.006716180019356505,0.009466042523831097,0.043878308529565924,-0.04584520219288635,-0.2852713391569105,-0.1612779705376025,-0.0016046981511885772,-0.013847896858793507,-0.004024150299725471,0.07939060461814906,-0.0702768434159674,-0.03824557899507508,-0.6690869825118453,-1.1034860748274484,-0.8804945966761832,-0.4231526387528455,-0.43511675243440623,-0.014396558172313556,0.3125599661779348,0.13541105819889407,1.6648360669064037,1995,11
1995-12,0.553,17.93,153.9,0.21049160938934747,0.06596510636792655,0.0,-0.0512567421382858,0.9186216931990472,29.78460571258393,0.709157278871046,-0.08488089186847214,3.3939916732083715,-0.5923972774598022,0.2587970532065247,1.2790084680427816,-0.0026392423797193254,1.732551254274433,0.6488759346945943,-27.614777545983074,1.6889743312616021,-0.18743982408006307,-0.13744681876948134,-0.15475131003884202,-0.2208337633070635,-0.27551642854915165,-0.18697346810280005,3.3153458623384586,3.333760728465323,3.3281368431952347,3.3685951523717352,3.3590173690985017,3.3007218117187045,0.23488393186484716,0.26646207104856406,0.25478146504929156,0.1482407026045694,0.10313582063571514,0.24997433846186382,-0.7006080179706667,-0.6462635946610948,-0.6674794338113675,-0.7381445464906811,-0.8007323912398827,-0.7194911558995473,0.10209257623432791,0.09326986148966698,0.12709387843974507,0.00882271474466087,-0.0026392423797196862,0.6488759346945945,1.6889743312616012,-0.03823838248764891,-0.004485740311158171,0.02073685594760405,-0.060870715087025934,-0.031935287898464615,0.062302740449188126,-0.04592968716232626,-0.045085446282479236,0.02395601207803022,0.0023170005983890185,0.18019375193020615,0.12297847352874003,0.007691304674678073,0.0405997059713214,-0.003219156130425893,-0.06318771568541501,-0.2121290398286706,-0.060675733079551736,-0.01130049239583475,0.021215839150272697,0.045870454066097244,-0.030898441551234113,-0.004444451760424073,0.08794517106252575,-0.7185685305020014,-0.6278131647928337,-1.1379881465848434,-0.0034887830640051853,0.09593981857124867,-0.4913390055360869,1.174687101493305,0.27217363040248477,3.1036898443286107,1995,12
1996-01,0.55,17.85,154.7,0.07229422856025022,-0.18458292071188154,0.0,0.259708622504022,0.9089135154061626,29.49837500000001,0.7023422619047621,-0.09550533189847726,3.3843351770827916,-0.5978370007556204,0.2578291093020996,1.3513026966030317,-0.25256818688903515,1.5479683335625514,0.05834367598274828,-27.355068923479053,0.24443065320542395,-0.16478101217363114,-0.08488089186847214,-0.1790362998814961,-0.24542671372743277,-0.17189161908531136,-0.2209199511493486,3.3195786158112313,3.3939916732083715,3.2895590565977946,3.279168807909097,3.4471017075644586,3.3362424440703053,0.25330999029850637,0.2587970532065247,0.2690742618040776,0.213074096646839,0.11867629163359861,0.18050722306371458,-0.6763168064655202,-0.5923972774598022,-0.6891551592904078,-0.7614260213132397,-0.6931471805599453,-0.7507762933965817,0.12541461925087133,0.04809273301248629,0.1529392926409613,0.07732188623838504,-0.2525681868890355,0.058343675982748255,0.24443065320542345,-0.011077833934089898,0.10209257623432791,-0.040921191187328454,-0.11402754699870193,0.03323367130915872,-0.1404210742835578,-0.030770877013779785,0.09326986148966698,-0.050387233711159496,-0.13263818983789255,0.17180732051600023,0.11852233371844445,0.01969304307969072,0.00882271474466087,0.009466042523831097,0.01861064283919106,-0.1385736492068414,-0.2589434080020021,0.015031560935995225,0.12709387843974507,-0.013847896858793507,-0.08611875888162535,0.06400532997591246,-0.11211729812070614,-0.0026392423797193254,-0.6690869825118453,-1.5303119617589664,0.6488759346945943,-0.4231526387528455,-0.924959175866937,1.6889743312616021,0.3125599661779348,0.09350129051278078,1996,1
1996-02,0.557,18.0,155.0,-0.3528933090254415,0.022049382909566293,0.0,-0.330921416574596,0.9186999284946238,29.688687096774196,0.7068735023041475,-0.08479572953793606,3.3907660674130815,-0.5851900390548529,0.2621078213323507,0.9984093875775901,-0.8636013790358796,1.5700177164721176,-0.11336634803977028,-27.68599034005365,0.559224297668317,-0.13979411520213858,-0.09550533189847726,-0.13744681876948134,-0.18714403875606264,-0.15210446160751626,-0.23422396065087941,3.3371063440068465,3.3843351770827916,3.333760728465323,3.2928545854915643,3.428910801671496,3.3668651485664625,0.2607691590743832,0.2578291093020996,0.26646207104856406,0.25767099403574145,0.15665435500435634,0.13658050906602648,-0.649051969705917,-0.5978370007556204,-0.6462635946610948,-0.7011793522572096,-0.6713856887784326,-0.7614260213132397,0.14942823111294334,0.023900918846619046,0.17623598225838677,0.12552731226632424,-0.8636013790358801,-0.11336634803977041,0.5592242976683153,0.028829193774172285,0.12541461925087133,-0.004485740311158171,-0.029861957289282898,0.04868058113277646,-0.09850452404083482,-0.0006490565387178293,0.04809273301248629,-0.045085446282479236,-0.07374026581884863,0.09452578332566297,0.18676681511607596,0.02947825031288978,0.07732188623838504,0.0405997059713214,0.043878308529565924,-0.04584520219288635,-0.2852713391569105,0.054874569523092886,0.1529392926409613,0.021215839150272697,-0.004024150299725471,0.07939060461814906,-0.0702768434159674,-0.25256818688903515,-0.7185685305020014,-1.1034860748274484,0.05834367598274828,-0.0034887830640051853,-0.43511675243440623,0.24443065320542395,1.174687101493305,0.13541105819889407,1996,2
1996-03,0.586,19.85,155.5,1.100395032519619,0.7297165012665442,0.0,1.40820484871647,0.9634238831725616,32.63475099142551,0.7770178807482265,-0.03726179458824988,3.4853777019500742,-0.5344354894051245,0.21503012174504424,2.098804420097209,0.7121276100140854,2.2997342177386617,1.1115395418356955,-26.27778549133718,1.100800417307531,-0.12273606366578414,-0.08479572953793606,-0.08488089186847214,-0.15475131003884202,-0.2208337633070635,-0.27551642854915165,3.3534249243270993,3.3907660674130815,3.3939916732083715,3.3281368431952347,3.3685951523717352,3.3590173690985017,0.2615086302904847,0.2621078213323507,0.2587970532065247,0.25478146504929156,0.1482407026045694,0.10313582063571514,-0.6297204175055243,-0.5851900390548529,-0.5923972774598022,-0.6674794338113675,-0.7381445464906811,-0.8007323912398827,0.23825463396090177,0.12636033285157255,0.2662969018347582,0.1118943011093291,0.7121276100140848,1.1115395418356953,1.1008004173075285,0.05871089184121002,0.14942823111294334,0.10209257623432791,0.02073685594760405,-0.060870715087025934,-0.031935287898464615,0.015624474238860486,0.023900918846619046,0.09326986148966698,0.02395601207803022,0.0023170005983890185,0.18019375193020615,0.043086417602349464,0.12552731226632424,0.00882271474466087,-0.003219156130425893,-0.06318771568541501,-0.2121290398286706,0.08491792494944483,0.17623598225838677,0.12709387843974507,0.045870454066097244,-0.030898441551234113,-0.004444451760424073,-0.8636013790358796,-0.0026392423797193254,-0.6278131647928337,-0.11336634803977028,0.6488759346945943,0.09593981857124867,0.559224297668317,1.6889743312616021,0.27217363040248477,1996,3
1996-04,0.617,20.9,156.1,0.33365436457190756,0.3829275691935489,0.0,0.327857404540585,1.0104909924193894,34.22894933803118,0.8149749842388376,0.010436343838028002,3.5330717578855424,-0.48288625507674926,0.2150342042358538,2.4324587846691164,0.4156029384128257,2.6826617869322105,0.8065270100296063,-25.949928086796596,1.233655551134146,-0.1031544777573521,-0.03726179458824988,-0.09550533189847726,-0.1790362998814961,-0.24542671372743277,-0.17189161908531136,3.3796317341195725,3.4853777019500742,3.3843351770827916,3.2895590565977946,3.279168807909097,3.4471017075644586,0.2548834064064435,0.21503012174504424,0.2578291093020996,0.2690742618040776,0.213074096646839,0.11867629163359861,-0.6075464267711504,-0.5344354894051245,-0.5978370007556204,-0.6891551592904078,-0.7614260213132397,-0.6931471805599453,0.18232796292333936,0.08597005032108385,0.21026092548319603,0.09635791260225518,0.41560293841282503,0.806527010029606,1.2336555511341416,0.0949638548434263,0.23825463396090177,0.12541461925087133,-0.040921191187328454,-0.11402754699870193,0.03323367130915872,0.03269186103445065,0.12636033285157255,0.04809273301248629,-0.050387233711159496,-0.13263818983789255,0.17180732051600023,0.06227199380897533,0.1118943011093291,0.07732188623838504,0.009466042523831097,0.01861064283919106,-0.1385736492068414,0.12165566624422175,0.2662969018347582,0.1529392926409613,-0.013847896858793507,-0.08611875888162535,0.06400532997591246,0.7121276100140854,-0.25256818688903515,-0.6690869825118453,1.1115395418356955,0.05834367598274828,-0.4231526387528455,1.100800417307531,0.24443065320542395,0.3125599661779348,1996,4
1996-05,0.557,19.15,156.4,-1.2003061712875924,-1.306383180839059,0.0,-0.819992479534536,0.9104762718456948,31.302729992540495,0.745303095060488,-0.09378744072990028,3.443705313951608,-0.5851900390548529,0.20017686360186024,1.232152613381524,-0.20724144436941705,1.3762786060931516,-0.18727025636748507,-26.769920566331134,0.9499876259851359,-0.0715757038040981,0.010436343838028002,-0.08479572953793606,-0.13744681876948134,-0.18714403875606264,-0.15210446160751626,3.4202171843341973,3.5330717578855424,3.3907660674130815,3.333760728465323,3.2928545854915643,3.428910801671496,0.24587673014507286,0.2150342042358538,0.2621078213323507,0.26646207104856406,0.25767099403574145,0.15665435500435634,-0.573168276068874,-0.48288625507674926,-0.5851900390548529,-0.6462635946610948,-0.7011793522572096,-0.6713856887784326,0.05831702087761598,0.01479451228011186,0.08619564972357974,0.043522508597503895,-0.20724144436941772,-0.1872702563674853,0.9499876259851305,0.13217204719520426,0.18232796292333936,0.14942823111294334,-0.004485740311158171,-0.029861957289282898,0.04868058113277646,0.05541807503982499,0.08597005032108385,0.023900918846619046,-0.045085446282479236,-0.07374026581884863,0.09452578332566297,0.0767539721553793,0.09635791260225518,0.12552731226632424,0.0405997059713214,0.043878308529565924,-0.04584520219288635,0.15900713663455335,0.21026092548319603,0.17623598225838677,0.021215839150272697,-0.004024150299725471,0.07939060461814906,0.4156029384128257,-0.8636013790358796,-0.7185685305020014,0.8065270100296063,-0.11336634803977028,-0.0034887830640051853,1.233655551134146,0.559224297668317,1.174687101493305,1996,5
1996-06,0.516,18.46,156.7,0.35281032706000215,0.48373194668757147,0.9854875585384643,0.0816192555173264,0.8418425845564775,30.11708161029569,0.7170733716737069,-0.17216223642638578,3.4050925061488946,-0.6616485135005743,0.16041487570808788,1.584962940441526,0.44080742685132956,1.860010552780723,0.7390866474507422,-26.688301310813806,-0.011745314519727823,-0.06429914079750125,-0.09378744072990028,-0.03726179458824988,-0.08488089186847214,-0.15475131003884202,-0.2208337633070635,3.4385412819152443,3.443705313951608,3.4853777019500742,3.3939916732083715,3.3281368431952347,3.3685951523717352,0.2348291955706222,0.20017686360186024,0.21503012174504424,0.2587970532065247,0.25478146504929156,0.1482407026045694,-0.5629893501345004,-0.5851900390548529,-0.5344354894051245,-0.5923972774598022,-0.6674794338113675,-0.7381445464906811,0.04867152688067772,0.03649735377715935,0.07649603299010677,0.012174173103518482,0.4408074268513289,0.7390866474507418,-0.011745314519732375,0.14263917405999998,0.05831702087761598,0.23825463396090177,0.10209257623432791,0.02073685594760405,-0.060870715087025934,0.06539806813358995,0.01479451228011186,0.12636033285157255,0.09326986148966698,0.02395601207803022,0.0023170005983890185,0.0772411059264097,0.043522508597503895,0.1118943011093291,0.00882271474466087,-0.003219156130425893,-0.06318771568541501,0.16983710506343785,0.08619564972357974,0.2662969018347582,0.12709387843974507,0.045870454066097244,-0.030898441551234113,-0.20724144436941705,0.7121276100140854,-0.0026392423797193254,-0.18727025636748507,1.1115395418356955,0.6488759346945943,0.9499876259851359,1.100800417307531,1.6889743312616021,1996,6
1996-07,0.556,19.57,157.0,0.2093832346355249,0.4131877256540167,0.0,-0.0296672386610359,0.9053683842887474,31.867013094479834,0.7587384070114246,-0.09941336364369917,3.4615714024958404,-0.5869869847315546,0.17668485214382879,1.7943461750770509,0.5771738894924803,2.2731982784347395,1.158478985518916,-26.717968549474843,1.4511701312670262,-0.07884603155715351,-0.17216223642638578,0.010436343838028002,-0.09550533189847726,-0.1790362998814961,-0.24542671372743277,3.4403914207386657,3.4050925061488946,3.5330717578855424,3.3843351770827916,3.2895590565977946,3.279168807909097,0.21843216598754941,0.16041487570808788,0.2150342042358538,0.2578291093020996,0.2690742618040776,0.213074096646839,-0.5745312228079623,-0.6616485135005743,-0.48288625507674926,-0.5978370007556204,-0.6891551592904078,-0.7614260213132397,0.14601335008373362,0.18240259458674357,0.17443903658168503,-0.036389244503010204,0.5771738894924796,1.1584789855189155,1.4511701312670198,0.13373566583439161,0.04867152688067772,0.18232796292333936,0.12541461925087133,-0.040921191187328454,-0.11402754699870193,0.055935983514839194,0.03649735377715935,0.08597005032108385,0.04809273301248629,-0.050387233711159496,-0.13263818983789255,0.07779968231955267,0.012174173103518482,0.09635791260225518,0.07732188623838504,0.009466042523831097,0.01861064283919106,0.16140413082183158,0.07649603299010677,0.21026092548319603,0.1529392926409613,-0.013847896858793507,-0.08611875888162535,0.44080742685132956,0.4156029384128257,-0.25256818688903515,0.7390866474507422,0.8065270100296063,0.05834367598274828,-0.011745314519727823,1.233655551134146,0.24443065320542395,1996,7
1996-08,0.615,20.51,157.2,0.015049603658869704,0.25436421090431627,0.0,1.10516867185647,1.0001675493002544,33.35518119698898,0.79417098088069,0.00016753526543807418,3.5072131185253466,-0.4861330111756192,0.2306240350234596,1.8093957787359205,0.8174650799453952,2.527562489339056,1.3910419514354246,-25.61279987761837,2.511402803089843,-0.07949737018135718,-0.09941336364369917,-0.09378744072990028,-0.08479572953793606,-0.13744681876948134,-0.18714403875606264,3.4532641249741736,3.4615714024958404,3.443705313951608,3.3907660674130815,3.333760728465323,3.2928545854915643,0.2049081231278376,0.17668485214382879,0.20017686360186024,0.2621078213323507,0.26646207104856406,0.25767099403574145,-0.5727228868039514,-0.5869869847315546,-0.5851900390548529,-0.5851900390548529,-0.6462635946610948,-0.7011793522572096,0.18731157402150073,0.21435853303378227,0.21504634108159043,-0.02704695901228185,0.8174650799453945,1.3910419514354244,2.5114028030898403,0.13716878763986862,0.14601335008373362,0.05831702087761598,0.14942823111294334,-0.004485740311158171,-0.029861957289282898,0.07832096044388193,0.18240259458674357,0.01479451228011186,0.023900918846619046,-0.045085446282479236,-0.07374026581884863,0.058847827195986774,-0.036389244503010204,0.043522508597503895,0.12552731226632424,0.0405997059713214,0.043878308529565924,0.16498742147861867,0.17443903658168503,0.08619564972357974,0.17623598225838677,0.021215839150272697,-0.004024150299725471,0.5771738894924803,-0.20724144436941705,-0.8636013790358796,1.158478985518916,-0.18727025636748507,-0.11336634803977028,1.4511701312670262,0.9499876259851359,0.559224297668317,1996,8
1996-09,0.682,22.63,157.7,0.5039968471372894,0.3073809336818056,0.0,0.478708826027798,1.105612313464384,36.68622676495456,0.8734815896417752,0.10039931132849599,3.602401392112617,-0.38272562113867487,0.2356675374992474,2.31339262587321,1.0152175459821482,2.8349434230208614,1.3221941869618674,-25.134091051590573,3.0615276766546144,-0.06533682604746148,0.00016753526543807418,-0.17216223642638578,-0.03726179458824988,-0.08488089186847214,-0.15475131003884202,3.4726719668262174,3.5072131185253466,3.4050925061488946,3.4853777019500742,3.3939916732083715,3.3281368431952347,0.1996608254096891,0.2306240350234596,0.16041487570808788,0.21503012174504424,0.2587970532065247,0.25478146504929156,-0.5562133821574125,-0.4861330111756192,-0.6616485135005743,-0.5344354894051245,-0.5923972774598022,-0.6674794338113675,0.255150621367338,0.2742645489173823,0.2847538126726927,-0.019113927550044152,1.0152175459821475,1.322194186961867,3.061527676654613,0.14348267812462823,0.18731157402150073,0.04867152688067772,0.23825463396090177,0.10209257623432791,0.02073685594760405,0.11006389614174195,0.21435853303378227,0.03649735377715935,0.12636033285157255,0.09326986148966698,0.02395601207803022,0.03341878198288578,-0.02704695901228185,0.012174173103518482,0.1118943011093291,0.00882271474466087,-0.003219156130425893,0.17145581461581927,0.21504634108159043,0.07649603299010677,0.2662969018347582,0.12709387843974507,0.045870454066097244,0.8174650799453952,0.44080742685132956,0.7121276100140854,1.3910419514354246,0.7390866474507422,1.1115395418356955,2.511402803089843,-0.011745314519727823,1.100800417307531,1996,9
1996-10,0.703,24.16,158.2,0.207834564878484,0.1387416634814654,0.0,0.197904013845642,1.13605414717657,39.042771260008436,0.9295897919049627,0.127560983931138,3.6646577441692245,-0.3523983871714722,0.200572858045282,2.521227190751694,1.3815606728112615,2.9736850865023268,1.6484701011687333,-24.936187037744933,2.9022277165218844,-0.04239330839467051,0.10039931132849599,-0.09941336364369917,0.010436343838028002,-0.09550533189847726,-0.1790362998814961,3.492175915186641,3.602401392112617,3.4615714024958404,3.5330717578855424,3.3843351770827916,3.2895590565977946,0.2031003947020563,0.2356675374992474,0.17668485214382879,0.2150342042358538,0.2578291093020996,0.2690742618040776,-0.5309284041130041,-0.38272562113867487,-0.5869869847315546,-0.48288625507674926,-0.5978370007556204,-0.6891551592904078,0.30659728381263407,0.37509868757142995,0.3367567721189356,-0.06850140375879563,1.381560672811261,1.6484701011687328,2.9022277165218817,0.1462986760257009,0.255150621367338,0.14601335008373362,0.18232796292333936,0.12541461925087133,-0.040921191187328454,0.13471459881937697,0.2742645489173823,0.18240259458674357,0.08597005032108385,0.04809273301248629,-0.050387233711159496,0.011584077206323568,-0.019113927550044152,-0.036389244503010204,0.09635791260225518,0.07732188623838504,0.009466042523831097,0.17453196642214186,0.2847538126726927,0.17443903658168503,0.21026092548319603,0.1529392926409613,-0.013847896858793507,1.0152175459821482,0.5771738894924803,0.4156029384128257,1.3221941869618674,1.158478985518916,0.8065270100296063,3.0615276766546144,1.4511701312670262,1.233655551134146,1996,10
1996-11,0.696,22.76,158.7,-0.5874078599344624,-0.6120760769607446,4.022731169314811,-0.802473222543922,1.121198475110271,36.6644788699853,0.8729637826186977,0.11439818025608274,3.6018084081619306,-0.3624056186477175,0.25025939037752065,1.9338193308172316,0.8653024721637981,2.3616090095415823,0.695022861635076,-25.738660260288853,1.8248605435559373,-0.022872535045818838,0.127560983931138,0.00016753526543807418,-0.09378744072990028,-0.08479572953793606,-0.13744681876948134,3.514106912900589,3.6646577441692245,3.5072131185253466,3.443705313951608,3.3907660674130815,3.333760728465323,0.20069017033696102,0.200572858045282,0.2306240350234596,0.20017686360186024,0.2621078213323507,0.26646207104856406,-0.5091804261287913,-0.3523983871714722,-0.4861330111756192,-0.5851900390548529,-0.5851900390548529,-0.6462635946610948,0.25184499902556406,0.2680476796966076,0.28385797601337737,-0.016202680671043412,0.8653024721637974,0.6950228616350758,1.8248605435559355,0.16701022950725,0.30659728381263407,0.18731157402150073,0.05831702087761598,0.14942823111294334,-0.004485740311158171,0.1829027050277685,0.37509868757142995,0.21435853303378227,0.01479451228011186,0.023900918846619046,-0.045085446282479236,-0.0158924755205182,-0.06850140375879563,-0.02704695901228185,0.043522508597503895,0.12552731226632424,0.0405997059713214,0.19561460752809834,0.3367567721189356,0.21504634108159043,0.08619564972357974,0.17623598225838677,0.021215839150272697,1.3815606728112615,0.8174650799453952,-0.20724144436941705,1.6484701011687333,1.3910419514354246,-0.18727025636748507,2.9022277165218844,2.511402803089843,0.9499876259851359,1996,11
1996-12,0.693,23.78,159.1,0.5415333949055373,0.6323043812858955,0.0,0.277927427319762,1.1135590210559396,38.21130378168868,0.9097929471830637,0.10756121130018842,3.643131382355058,-0.3667252797922339,0.20209944722849843,2.475352725722769,1.1963442576799879,2.993913390827478,1.261362136553045,-25.46073283296909,2.1540447130139855,0.011825068451844993,0.11439818025608274,0.10039931132849599,-0.17216223642638578,-0.03726179458824988,-0.08488089186847214,3.540457428602309,3.6018084081619306,3.602401392112617,3.4050925061488946,3.4853777019500742,3.3939916732083715,0.20903725813290439,0.25025939037752065,0.2356675374992474,0.16041487570808788,0.21503012174504424,0.2587970532065247,-0.4720496893942687,-0.3624056186477175,-0.38272562113867487,-0.6616485135005743,-0.5344354894051245,-0.5923972774598022,0.19244210316866056,0.2491397091466867,0.2256719976675683,-0.056697605978026255,1.1963442576799874,1.261362136553045,2.1540447130139846,0.19926489253190807,0.25184499902556406,0.255150621367338,0.04867152688067772,0.23825463396090177,0.10209257623432791,0.22511156626385054,0.2680476796966076,0.2742645489173823,0.03649735377715935,0.12636033285157255,0.09326986148966698,-0.02584667373194277,-0.016202680671043412,-0.019113927550044152,0.012174173103518482,0.1118943011093291,0.00882271474466087,0.22855832857639802,0.28385797601337737,0.2847538126726927,0.07649603299010677,0.2662969018347582,0.12709387843974507,0.8653024721637981,1.0152175459821482,0.44080742685132956,0.695022861635076,1.3221941869618674,0.7390866474507422,1.8248605435559373,3.0615276766546144,-0.011745314519727823,1996,12
1997-01,0.68,23.54,159.4,-0.1943554846367105,0.03156561683659552,0.0,-0.058089993663196,1.0906132789627774,37.75446556879967,0.8989158468761825,0.08674017926806439,3.6311037619121795,-0.3856624808119846,0.19330603563925322,2.2809972410860584,0.9296945444830274,3.0254790076640736,1.477510674101522,-25.518822826632285,1.8362460968467673,0.058445643072940694,0.10756121130018842,0.127560983931138,-0.09941336364369917,0.010436343838028002,-0.09550533189847726,3.5801305746366694,3.643131382355058,3.6646577441692245,3.4615714024958404,3.5330717578855424,3.3843351770827916,0.21598468671963947,0.20209944722849843,0.200572858045282,0.17668485214382879,0.2150342042358538,0.2578291093020996,-0.4228958171095454,-0.3667252797922339,-0.3523983871714722,-0.5869869847315546,-0.48288625507674926,-0.5978370007556204,0.18224551116654164,0.2467685848293879,0.2121745199436358,-0.0645230736628464,0.9296945444830267,1.4775106741015223,1.836246096846768,0.22322665524657184,0.19244210316866056,0.30659728381263407,0.14601335008373362,0.18232796292333936,0.12541461925087133,0.26055195882543813,0.2491397091466867,0.37509868757142995,0.18240259458674357,0.08597005032108385,0.04809273301248629,-0.0373253035788669,-0.056697605978026255,-0.06850140375879563,-0.036389244503010204,0.09635791260225518,0.07732188623838504,0.2534209893559748,0.2256719976675683,0.3367567721189356,0.17443903658168503,0.21026092548319603,0.1529392926409613,1.1963442576799879,1.3815606728112615,0.5771738894924803,1.261362136553045,1.6484701011687333,1.158478985518916,2.1540447130139855,2.9022277165218844,1.4511701312670262,1997,1
1997-02,0.619,20.85,159.7,-1.1746107439254956,-1.2275434103075638,0.0,-1.23802497816544,0.9909138953245671,33.37730972135254,0.7946978505083938,-0.009127635082344052,3.5078763194600073,-0.47965000629754095,0.22066566374101698,1.1063864971605628,0.10797710958297313,1.7979355973565099,0.22791788088439202,-26.756847804797726,0.9291425352559233,0.08947123355823462,0.08674017926806439,0.11439818025608274,0.00016753526543807418,-0.09378744072990028,-0.08479572953793606,3.608385967872726,3.6311037619121795,3.6018084081619306,3.5072131185253466,3.443705313951608,3.3907660674130815,0.21875488396887688,0.19330603563925322,0.25025939037752065,0.2306240350234596,0.20017686360186024,0.2621078213323507,-0.38934173312295045,-0.3856624808119846,-0.3624056186477175,-0.4861330111756192,-0.5851900390548529,-0.5851900390548529,0.075668094455592,0.11711025204692582,0.10554003275731194,-0.04144215759133374,0.10797710958297269,0.22791788088439224,0.9291425352559237,0.2292653487603732,0.18224551116654164,0.25184499902556406,0.18731157402150073,0.05831702087761598,0.14942823111294334,0.27127962386587967,0.2467685848293879,0.2680476796966076,0.21435853303378227,0.01479451228011186,0.023900918846619046,-0.042014275105506316,-0.0645230736628464,-0.016202680671043412,-0.02704695901228185,0.043522508597503895,0.12552731226632424,0.2597102365829666,0.2121745199436358,0.28385797601337737,0.21504634108159043,0.08619564972357974,0.17623598225838677,0.9296945444830274,0.8653024721637981,0.8174650799453952,1.477510674101522,0.695022861635076,1.3910419514354246,1.8362460968467673,1.8248605435559373,2.511402803089843,1997,2
1997-03,0.557,19.13,159.8,-0.07860689517213407,-0.08645005092323664,0.0,-0.294118225253331,0.8911044362745099,30.60471789215686,0.7286837593370681,-0.1152936459508638,3.4211541765561506,-0.5851900390548529,0.20122179577635393,1.0277796019884287,-1.07102481810878,1.7114855464332732,-0.5882486713053888,-27.050966030051057,-0.7731805387138777,0.08792203850027093,-0.009127635082344052,0.10756121130018842,0.10039931132849599,-0.17216223642638578,-0.03726179458824988,3.608496501361836,3.5078763194600073,3.643131382355058,3.602401392112617,3.4050925061488946,3.4853777019500742,0.21709515542180313,0.22066566374101698,0.20209944722849843,0.2356675374992474,0.16041487570808788,0.21503012174504424,-0.3882612323099373,-0.47965000629754095,-0.3667252797922339,-0.38272562113867487,-0.6616485135005743,-0.5344354894051245,-0.07803185136261392,-0.06422352539392362,-0.050754549649728364,-0.013808325968690305,-1.0710248181087803,-0.5882486713053885,-0.773180538713877,0.21065810216605507,0.075668094455592,0.19244210316866056,0.255150621367338,0.04867152688067772,0.23825463396090177,0.25507157703473693,0.11711025204692582,0.2491397091466867,0.2742645489173823,0.03649735377715935,0.12636033285157255,-0.04441347486868158,-0.04144215759133374,-0.056697605978026255,-0.019113927550044152,0.012174173103518482,0.1118943011093291,0.241459185195587,0.10554003275731194,0.2256719976675683,0.2847538126726927,0.07649603299010677,0.2662969018347582,0.10797710958297313,1.1963442576799879,1.0152175459821482,0.22791788088439202,1.261362136553045,1.3221941869618674,0.9291425352559233,2.1540447130139855,3.0615276766546144,1997,3
1997-04,0.541,17.56,159.9,-0.5243877387877715,-0.2189703649942367,0.0,-1.81550464055797,0.864965901084011,28.075418157181574,0.6684623370757518,-0.1450651935394005,3.3348943948032255,-0.6143360001356555,0.2577100299407422,0.5033918632006572,-1.929066921468459,1.4925151814390365,-1.1901466054931744,-28.866470670609026,-2.916542583812433,0.0519732122870443,-0.1152936459508638,0.08674017926806439,0.127560983931138,-0.09941336364369917,0.010436343838028002,3.5782886321024248,3.4211541765561506,3.6311037619121795,3.6646577441692245,3.4615714024958404,3.5330717578855424,0.21135419846798753,0.20122179577635393,0.19330603563925322,0.200572858045282,0.17668485214382879,0.2150342042358538,-0.4220053019626337,-0.5851900390548529,-0.3856624808119846,-0.3523983871714722,-0.5869869847315546,-0.48288625507674926,-0.1555015373774285,-0.19817736308231693,-0.13144974505890622,0.042675825704888426,-1.929066921468459,-1.190146605493174,-2.9165425838124293,0.15512769004439642,-0.07803185136261392,0.18224551116654164,0.30659728381263407,0.14601335008373362,0.18232796292333936,0.19865689798285224,-0.06422352539392362,0.2467685848293879,0.37509868757142995,0.18240259458674357,0.08597005032108385,-0.043529207938455994,-0.013808325968690305,-0.0645230736628464,-0.06850140375879563,-0.036389244503010204,0.09635791260225518,0.18554112480851676,-0.050754549649728364,0.2121745199436358,0.3367567721189356,0.17443903658168503,0.21026092548319603,-1.07102481810878,0.9296945444830274,1.3815606728112615,-0.5882486713053888,1.477510674101522,1.6484701011687333,-0.7731805387138777,1.8362460968467673,2.9022277165218844,1997,4
1997-05,0.549,19.02,159.9,0.017922952551572897,0.18388621620302367,0.0,1.54693285663663,0.877756524390244,30.409706910569103,0.7240406407278358,-0.13038603087635142,3.414761863713499,-0.5996568374726063,0.19252172369351778,0.5213148157522302,-0.7108377976292937,1.6764013976420602,0.3001227915489082,-27.319537813972396,-0.5496172476412666,0.0065355160419545465,-0.1450651935394005,-0.009127635082344052,0.11439818025608274,0.00016753526543807418,-0.09378744072990028,3.523328073874758,3.3348943948032255,3.5078763194600073,3.6018084081619306,3.5072131185253466,3.443705313951608,0.22087706045056424,0.2577100299407422,0.22066566374101698,0.25025939037752065,0.2306240350234596,0.20017686360186024,-0.46566157078999754,-0.6143360001356555,-0.47965000629754095,-0.3624056186477175,-0.4861330111756192,-0.5851900390548529,-0.03659859014645114,-0.02894345023810896,-0.014466798417753446,-0.007655139908342462,-0.7108377976292938,0.30012279154890864,-0.5496172476412617,0.07811121984605264,-0.1555015373774285,0.075668094455592,0.25184499902556406,0.18731157402150073,0.05831702087761598,0.1031108895405608,-0.19817736308231693,0.11711025204692582,0.2680476796966076,0.21435853303378227,0.01479451228011186,-0.02499966969450862,0.042675825704888426,-0.04144215759133374,-0.016202680671043412,-0.02704695901228185,0.043522508597503895,0.10750670527887646,-0.13144974505890622,0.10554003275731194,0.28385797601337737,0.21504634108159043,0.08619564972357974,-1.929066921468459,0.10797710958297313,0.8653024721637981,-1.1901466054931744,0.22791788088439202,0.695022861635076,-2.916542583812433,0.9291425352559233,1.8248605435559373,1997,5
1997-06,0.523,17.58,160.2,-1.1567450999790352,-1.5673775271392751,-2.131879204059382,-0.0543734465811994,0.8346211053890972,28.054759144818977,0.6679704558290233,-0.18077742311530928,3.3341582840589354,-0.6481738149172142,0.22273391110912347,-0.635430284226805,-2.220393224668331,0.10902387050278506,-1.7509866822779383,-27.373911260553594,-0.6856099497397924,-0.034261852480117816,-0.13038603087635142,-0.1152936459508638,0.10756121130018842,0.10039931132849599,-0.17216223642638578,3.49215364980002,3.414761863713499,3.4211541765561506,3.643131382355058,3.602401392112617,3.4050925061488946,0.2112541160032304,0.19252172369351778,0.20122179577635393,0.20209944722849843,0.2356675374992474,0.16041487570808788,-0.5052034405941458,-0.5996568374726063,-0.5851900390548529,-0.3667252797922339,-0.38272562113867487,-0.6616485135005743,-0.008615186688923498,-0.07093422208995914,0.013474698583360145,0.06231903540103559,-2.220393224668331,-1.7509866822779379,-0.6856099497397885,0.030037288317383434,-0.03659859014645114,-0.07803185136261392,0.19244210316866056,0.255150621367338,0.04867152688067772,0.05361236788477575,-0.02894345023810896,-0.06422352539392362,0.2491397091466867,0.2742645489173823,0.03649735377715935,-0.0235750795673918,-0.007655139908342462,-0.013808325968690305,-0.056697605978026255,-0.019113927550044152,0.012174173103518482,0.05778590954035456,-0.014466798417753446,-0.050754549649728364,0.2256719976675683,0.2847538126726927,0.07649603299010677,-0.7108377976292937,-1.07102481810878,1.1963442576799879,0.3001227915489082,-0.5882486713053888,1.261362136553045,-0.5496172476412666,-0.7731805387138777,2.1540447130139855,1997,6
1997-07,0.536,18.46,160.4,-0.2769364022700021,-0.04462760664337641,0.0,0.592485311793718,0.8543004031587699,29.422360899833752,0.7005324023769941,-0.15747238690758558,3.3817549600784553,-0.623621117911335,0.19844227129732717,-0.9123666864968072,-2.706712861573858,0.06439626385940865,-2.2088020145753315,-26.781425948759875,-0.06345739928503846,-0.08231829154936743,-0.18077742311530928,-0.1450651935394005,0.08674017926806439,0.127560983931138,-0.09941336364369917,3.440658133417333,3.3341582840589354,3.3348943948032255,3.6311037619121795,3.6646577441692245,3.4615714024958404,0.21469319331666792,0.22273391110912347,0.2577100299407422,0.19330603563925322,0.200572858045282,0.17668485214382879,-0.5521115297816425,-0.6481738149172142,-0.6143360001356555,-0.3856624808119846,-0.3523983871714722,-0.5869869847315546,-0.058059023263886414,-0.07981644241738506,-0.03663413317978037,0.02175741915349838,-2.706712861573858,-2.208802014575331,-0.06345739928503136,-0.0034722599922139136,-0.008615186688923498,-0.1555015373774285,0.18224551116654164,0.30659728381263407,0.14601335008373362,0.00026671267866751336,-0.07093422208995914,-0.19817736308231693,0.2467685848293879,0.37509868757142995,0.18240259458674357,-0.0037389726708814963,0.06231903540103559,0.042675825704888426,-0.0645230736628464,-0.06850140375879563,-0.036389244503010204,0.022419693026319854,0.013474698583360145,-0.13144974505890622,0.2121745199436358,0.3367567721189356,0.17443903658168503,-2.220393224668331,-1.929066921468459,0.9296945444830274,-1.7509866822779383,-1.1901466054931744,1.477510674101522,-0.6856099497397924,-2.916542583812433,1.8362460968467673,1997,7
1997-08,0.559,18.6,160.8,-0.2130988477482633,-0.3523874908959409,0.0,-0.231807094846333,0.8887425005182422,29.571754042288557,0.7040893819592513,-0.11794773613574032,3.386819650410453,-0.5816058058270378,0.232902231737175,-1.1254655342450706,-2.934861312980991,-0.28799122703653224,-2.815553716375589,-27.013233043606206,-1.4004331659878413,-0.12302038591197577,-0.15747238690758558,-0.13038603087635142,-0.009127635082344052,0.11439818025608274,0.00016753526543807418,3.399099999778379,3.3817549600784553,3.414761863713499,3.5078763194600073,3.6018084081619306,3.5072131185253466,0.21554923259301362,0.19844227129732717,0.19252172369351778,0.22066566374101698,0.25025939037752065,0.2306240350234596,-0.5917713026315341,-0.623621117911335,-0.5996568374726063,-0.47965000629754095,-0.3624056186477175,-0.4861330111756192,-0.11811527140117839,-0.12039346811489349,-0.09547279465141861,0.0022781967137154024,-2.934861312980991,-2.815553716375588,-1.4004331659878346,-0.04352301573061859,-0.058059023263886414,-0.03659859014645114,0.075668094455592,0.25184499902556406,0.18731157402150073,-0.05416412519579472,-0.07981644241738506,-0.02894345023810896,0.11711025204692582,0.2680476796966076,0.21435853303378227,0.010641109465176019,0.02175741915349838,-0.007655139908342462,-0.04144215759133374,-0.016202680671043412,-0.02704695901228185,-0.019048415827582654,-0.03663413317978037,-0.014466798417753446,0.10554003275731194,0.28385797601337737,0.21504634108159043,-2.706712861573858,-0.7108377976292937,0.10797710958297313,-2.2088020145753315,0.3001227915489082,0.22791788088439202,-0.06345739928503846,-0.5496172476412666,0.9291425352559233,1997,8
1997-09,0.541,18.46,161.2,-0.1874412723680217,-0.28381029257360746,0.0,-0.0871243876592123,0.857990369623656,29.276344220430115,0.6970558147721456,-0.15316240377201984,3.376779825438342,-0.6143360001356555,0.20772738907300653,-1.3129068066130922,-3.6262994324863023,-0.5718015196101397,-3.406744942631002,-27.10035743126542,-1.9662663796748518,-0.14115706942087516,-0.11794773613574032,-0.18077742311530928,-0.1152936459508638,0.10756121130018842,0.10039931132849599,3.3789238882701205,3.386819650410453,3.3341582840589354,3.4211541765561506,3.643131382355058,3.602401392112617,0.21758866059237325,0.232902231737175,0.22273391110912347,0.20122179577635393,0.20209944722849843,0.2356675374992474,-0.6087639358864503,-0.5816058058270378,-0.6481738149172142,-0.5851900390548529,-0.3667252797922339,-0.38272562113867487,-0.25356171510051584,-0.2256215666742749,-0.23161037899698061,-0.027940148426240874,-3.6262994324863023,-3.406744942631001,-1.9662663796748454,-0.07582024337341368,-0.11811527140117839,-0.008615186688923498,-0.07803185136261392,0.19244210316866056,0.255150621367338,-0.0937480785560969,-0.12039346811489349,-0.07093422208995914,-0.06422352539392362,0.2491397091466867,0.2742645489173823,0.01792783518268415,0.0022781967137154024,0.06231903540103559,-0.013808325968690305,-0.056697605978026255,-0.019113927550044152,-0.05255055372903783,-0.09547279465141861,0.013474698583360145,-0.050754549649728364,0.2256719976675683,0.2847538126726927,-2.934861312980991,-2.220393224668331,-1.07102481810878,-2.815553716375589,-1.7509866822779383,-0.5882486713053888,-1.4004331659878413,-0.6856099497397924,-0.7731805387138777,1997,9
1997-10,0.571,19.87,161.5,0.07013899570548413,0.3694518554763703,0.0,0.370241378449854,0.9038862234262125,31.45397418472653,0.7489041472553936,-0.10105178555267472,3.448525340337178,-0.5603660693261269,0.18809249239351564,-1.2427678109076081,-3.763995001659302,-0.20234966413376937,-3.176034750636097,-26.730116052815564,-1.7939290150706397,-0.14746852905773447,-0.15316240377201984,-0.15747238690758558,-0.1450651935394005,0.08674017926806439,0.127560983931138,3.3715281630838185,3.376779825438342,3.3817549600784553,3.3348943948032255,3.6311037619121795,3.6646577441692245,0.21867292614181535,0.20772738907300653,0.19844227129732717,0.2577100299407422,0.19330603563925322,0.200572858045282,-0.6136215960665841,-0.6143360001356555,-0.623621117911335,-0.6143360001356555,-0.3856624808119846,-0.3523983871714722,-0.2286127694838127,-0.21613240383204646,-0.20796768215465467,-0.012480365651766356,-3.7639950016593025,-3.176034750636096,-1.7939290150706313,-0.10507522066306396,-0.25356171510051584,-0.058059023263886414,-0.1555015373774285,0.18224551116654164,0.30659728381263407,-0.12064775210282264,-0.2256215666742749,-0.07981644241738506,-0.19817736308231693,0.2467685848293879,0.37509868757142995,0.015572531439759063,-0.027940148426240874,0.02175741915349838,0.042675825704888426,-0.0645230736628464,-0.06850140375879563,-0.08269319195357994,-0.23161037899698061,-0.03663413317978037,-0.13144974505890622,0.2121745199436358,0.3367567721189356,-3.6262994324863023,-2.706712861573858,-1.929066921468459,-3.406744942631002,-2.2088020145753315,-1.1901466054931744,-1.9662663796748518,-0.06345739928503846,-2.916542583812433,1997,10
1997-11,0.549,19.17,161.7,-0.12551342964589762,-0.1503486528432524,0.0,0.401816905839175,0.8679855797773657,30.308348933209654,0.7216273555526108,-0.14158017761950392,3.4114232169106558,-0.5996568374726063,0.18466622375320874,-1.3682812405535056,-3.302100571370737,-0.3526983169770218,-2.714307326518605,-26.328299146976388,-0.5896388866875428,-0.14013296105994685,-0.10105178555267472,-0.11794773613574032,-0.13038603087635142,-0.009127635082344052,0.11439818025608274,3.3904666540061434,3.448525340337178,3.386819650410453,3.414761863713499,3.5078763194600073,3.6018084081619306,0.20707000321727762,0.18809249239351564,0.232902231737175,0.19252172369351778,0.22066566374101698,0.25025939037752065,-0.6046266075983293,-0.5603660693261269,-0.5816058058270378,-0.5996568374726063,-0.47965000629754095,-0.3624056186477175,-0.25597835787558665,-0.19038519125127484,-0.23725121882488887,-0.06559316662431192,-3.302100571370737,-2.714307326518604,-0.5896388866875348,-0.11726042601412802,-0.2286127694838127,-0.11811527140117839,-0.03659859014645114,0.075668094455592,0.25184499902556406,-0.12364025889444541,-0.21613240383204646,-0.12039346811489349,-0.02894345023810896,0.11711025204692582,0.2680476796966076,0.006379832880316599,-0.012480365651766356,0.0022781967137154024,-0.007655139908342462,-0.04144215759133374,-0.016202680671043412,-0.09544618146953798,-0.20796768215465467,-0.09547279465141861,-0.014466798417753446,0.10554003275731194,0.28385797601337737,-3.763995001659302,-2.934861312980991,-0.7108377976292937,-3.176034750636097,-2.815553716375589,0.3001227915489082,-1.7939290150706397,-1.4004331659878413,-0.5496172476412666,1997,11
1997-12,0.496,17.18,161.8,-0.3447464944421127,-0.6236095219703242,-0.7243565712090988,-0.509526920790961,0.7837063123197363,27.14531138236506,0.6463169376753586,-0.2437209304454374,3.3012043383678815,-0.7011793522572096,0.19274434947004943,-1.7130277349956184,-4.188380460718387,-0.976307838947346,-3.9702212297748245,-26.83782606776735,-1.3770932347982658,-0.1419986521838056,-0.14158017761950392,-0.15316240377201984,-0.18077742311530928,-0.1152936459508638,0.10756121130018842,3.3899102128723366,3.4114232169106558,3.376779825438342,3.3341582840589354,3.4211541765561506,3.643131382355058,0.2057607532272261,0.18466622375320874,0.20772738907300653,0.22273391110912347,0.20122179577635393,0.20209944722849843,-0.6046266075983292,-0.5996568374726063,-0.6143360001356555,-0.6481738149172142,-0.5851900390548529,-0.3667252797922339,-0.35128214174562583,-0.34192704398717666,-0.3344540724649757,-0.009355097758449005,-4.188380460718387,-3.970221229774824,-1.3770932347982594,-0.1538237206356506,-0.25597835787558665,-0.25356171510051584,-0.008615186688923498,-0.07803185136261392,0.19244210316866056,-0.15054721572997254,-0.19038519125127484,-0.2256215666742749,-0.07093422208995914,-0.06422352539392362,0.2491397091466867,-0.0032765049056782958,-0.06559316662431192,-0.027940148426240874,0.06231903540103559,-0.013808325968690305,-0.056697605978026255,-0.13257691820406048,-0.23725121882488887,-0.23161037899698061,0.013474698583360145,-0.050754549649728364,0.2256719976675683,-3.302100571370737,-3.6262994324863023,-2.220393224668331,-2.714307326518605,-3.406744942631002,-1.7509866822779383,-0.5896388866875428,-1.9662663796748518,-0.6856099497397924,1997,12
1998-01,0.476,15.19,162.0,-0.3989368182690842,-0.4483579389305851,0.0,-2.98659364950639,0.7511767263374486,23.97137494341564,0.5707470224622772,-0.2861143335469376,3.176860407811461,-0.7423374247507171,0.27469487692496974,-2.111964553264703,-4.392961794350761,-1.424665777877931,-4.4501447855420055,-29.824419717273738,-4.30559689064146,-0.15248923673882694,-0.2437209304454374,-0.10105178555267472,-0.15747238690758558,-0.1450651935394005,0.08674017926806439,3.3844178885904945,3.3012043383678815,3.448525340337178,3.3817549600784553,3.3348943948032255,3.6311037619121795,0.2007624929540471,0.19274434947004943,0.18809249239351564,0.19844227129732717,0.2577100299407422,0.19330603563925322,-0.6134608638216618,-0.7011793522572096,-0.5603660693261269,-0.623621117911335,-0.6143360001356555,-0.3856624808119846,-0.372854512815002,-0.4542433541007185,-0.35667494393873245,0.08138884128571652,-4.392961794350761,-4.450144785542005,-4.3055968906414535,-0.21093487981176764,-0.35128214174562583,-0.2286127694838127,-0.058059023263886414,-0.1555015373774285,0.18224551116654164,-0.19571268604617487,-0.34192704398717666,-0.21613240383204646,-0.07981644241738506,-0.19817736308231693,0.2467685848293879,-0.015222193765592362,-0.009355097758449005,-0.012480365651766356,0.02175741915349838,0.042675825704888426,-0.0645230736628464,-0.19056504671211638,-0.3344540724649757,-0.20796768215465467,-0.03663413317978037,-0.13144974505890622,0.2121745199436358,-4.188380460718387,-3.763995001659302,-2.706712861573858,-3.9702212297748245,-3.176034750636097,-2.2088020145753315,-1.3770932347982658,-1.7939290150706397,-0.06345739928503846,1998,1
1998-02,0.449,14.07,162.0,0.009781085200290049,-0.07333158541033095,0.0,-0.918792454323675,0.7085679624485598,22.20390029320988,0.5286642926954733,-0.3445093000361032,3.100267962330077,-0.8007323912398827,0.29289235591718793,-2.1021834680644127,-3.2085699652249753,-1.497997363288262,-3.2959329606447723,-30.743212171597413,-3.9863643667996946,-0.17392956117871897,-0.2861143335469376,-0.14158017761950392,-0.11794773613574032,-0.13038603087635142,-0.009127635082344052,3.350268796545995,3.176860407811461,3.4114232169106558,3.386819650410453,3.414761863713499,3.5078763194600073,0.21347126055865417,0.27469487692496974,0.18466622375320874,0.232902231737175,0.19252172369351778,0.22066566374101698,-0.6332469149615588,-0.7423374247507171,-0.5996568374726063,-0.5816058058270378,-0.5996568374726063,-0.47965000629754095,-0.33538166495375915,-0.40760835712993027,-0.32108238494234176,0.07222669217617095,-3.2085699652249753,-3.295932960644772,-3.9863643667996875,-0.2634007947369536,-0.372854512815002,-0.25597835787558665,-0.11811527140117839,-0.03659859014645114,0.075668094455592,-0.25811717132673095,-0.4542433541007185,-0.19038519125127484,-0.12039346811489349,-0.02894345023810896,0.11711025204692582,-0.005283623410222704,0.08138884128571652,-0.06559316662431192,0.0022781967137154024,-0.007655139908342462,-0.04144215759133374,-0.24390518183860838,-0.35667494393873245,-0.23725121882488887,-0.09547279465141861,-0.014466798417753446,0.10554003275731194,-4.392961794350761,-3.302100571370737,-2.934861312980991,-4.4501447855420055,-2.714307326518605,-2.815553716375589,-4.30559689064146,-0.5896388866875428,-1.4004331659878413,1998,2
1998-03,0.413,13.1,162.0,-0.7322380221105949,-0.830687354021502,-2.4001352563022373,-1.58950321536925,0.6517562772633745,20.673140997942387,0.49221764280815206,-0.4280845948173249,3.0288353214108854,-0.8843076860211043,0.2807497020551582,-2.8344214901750076,-3.862201092163436,-2.328684717309764,-4.040170263743038,-32.33271538696666,-5.281749356915614,-0.21168982182877946,-0.3445093000361032,-0.2437209304454374,-0.15316240377201984,-0.18077742311530928,-0.1152936459508638,3.3025101818659324,3.100267962330077,3.3012043383678815,3.376779825438342,3.3341582840589354,3.4211541765561506,0.22346961458865633,0.29289235591718793,0.19274434947004943,0.20772738907300653,0.22273391110912347,0.20122179577635393,-0.6697680125303664,-0.8007323912398827,-0.7011793522572096,-0.6143360001356555,-0.6481738149172142,-0.5851900390548529,-0.3127909488664611,-0.3923188551452652,-0.2991176469662514,0.07952790627880427,-3.862201092163436,-4.040170263743037,-5.281749356915604,-0.2996118603290504,-0.33538166495375915,-0.35128214174562583,-0.25356171510051584,-0.008615186688923498,-0.07803185136261392,-0.3059863194959038,-0.40760835712993027,-0.34192704398717666,-0.2256215666742749,-0.07093422208995914,-0.06422352539392362,0.006374459166853197,0.07222669217617095,-0.009355097758449005,-0.027940148426240874,0.06231903540103559,-0.013808325968690305,-0.28150678022042913,-0.32108238494234176,-0.3344540724649757,-0.23161037899698061,0.013474698583360145,-0.050754549649728364,-3.2085699652249753,-4.188380460718387,-3.6262994324863023,-3.2959329606447723,-3.9702212297748245,-3.406744942631002,-3.9863643667996946,-1.3770932347982658,-1.9662663796748518,1998,3
1998-04,0.426,13.53,162.2,0.17188118932127644,0.3460714042743213,0.0,-0.120155147340459,0.6714426664611591,21.325397364364985,0.5077475562944044,-0.3983266479579156,3.059898726937548,-0.8533159327127666,0.27944424338790497,-2.662540300853731,-3.1659321640543885,-1.9826133130354426,-3.47512849447448,-32.452870534307124,-3.586399863698103,-0.25751018700299694,-0.4280845948173249,-0.2861143335469376,-0.10105178555267472,-0.15747238690758558,-0.1450651935394005,3.2445194311946897,3.0288353214108854,3.176860407811461,3.448525340337178,3.3817549600784553,3.3348943948032255,0.23564000008568162,0.2807497020551582,0.27469487692496974,0.18809249239351564,0.19844227129732717,0.2577100299407422,-0.7147632935112744,-0.8843076860211043,-0.7423374247507171,-0.5603660693261269,-0.623621117911335,-0.6143360001356555,-0.2532614544185151,-0.27499566786567753,-0.23897993257711114,0.021734213447162753,-3.1659321640543885,-3.475128494474479,-3.586399863698098,-0.30948339929004126,-0.3127909488664611,-0.372854512815002,-0.2286127694838127,-0.058059023263886414,-0.1555015373774285,-0.3337692009077351,-0.3923188551452652,-0.4542433541007185,-0.21613240383204646,-0.07981644241738506,-0.19817736308231693,0.024285801617694086,0.07952790627880427,0.08138884128571652,-0.012480365651766356,0.02175741915349838,0.042675825704888426,-0.29275799154864074,-0.2991176469662514,-0.35667494393873245,-0.20796768215465467,-0.03663413317978037,-0.13144974505890622,-3.862201092163436,-4.392961794350761,-3.763995001659302,-4.040170263743038,-4.4501447855420055,-3.176034750636097,-5.281749356915614,-4.30559689064146,-1.7939290150706397,1998,4
1998-05,0.416,14.36,162.6,-0.19754962606025642,-0.25270600165927937,0.0,0.0560342154940924,0.6540681098810989,22.57792802378024,0.5375697148519105,-0.4245437893984204,3.1169727929425317,-0.8770700187208739,0.1961530359424164,-2.8600899269139877,-3.3814047426662173,-2.235319314694722,-3.9117207123367828,-32.39683631881303,-5.07729850484064,-0.30705599740387046,-0.3983266479579156,-0.3445093000361032,-0.14158017761950392,-0.11794773613574032,-0.13038603087635142,3.179748328961418,3.059898726937548,3.100267962330077,3.4114232169106558,3.386819650410453,3.414761863713499,0.2508652919180798,0.27944424338790497,0.29289235591718793,0.18466622375320874,0.232902231737175,0.19252172369351778,-0.7635882707423812,-0.8533159327127666,-0.8007323912398827,-0.5996568374726063,-0.5816058058270378,-0.5996568374726063,-0.294157758522069,-0.29778907077096717,-0.2774131812482675,0.0036313122488986216,-3.3814047426662177,-3.9117207123367823,-5.077298504840634,-0.31359151344582503,-0.2532614544185151,-0.33538166495375915,-0.25597835787558665,-0.11811527140117839,-0.03659859014645114,-0.34357974491334,-0.27499566786567753,-0.40760835712993027,-0.19038519125127484,-0.12039346811489349,-0.02894345023810896,0.029988231467515586,0.021734213447162753,0.07222669217617095,-0.06559316662431192,0.0022781967137154024,-0.007655139908342462,-0.2979266999523837,-0.23897993257711114,-0.32108238494234176,-0.23725121882488887,-0.09547279465141861,-0.014466798417753446,-3.1659321640543885,-3.2085699652249753,-3.302100571370737,-3.47512849447448,-3.2959329606447723,-2.714307326518605,-3.586399863698103,-3.9863643667996946,-0.5896388866875428,1998,5
1998-06,0.389,12.21,162.8,-0.2729259653714979,-0.6953120633440415,-0.31879532673724803,-0.923902927280558,0.6108652021908272,19.17394375,0.4565224702380952,-0.49287896249596724,2.9535522609903366,-0.9441759353636907,0.2912383947970642,-3.1330158922854854,-2.4975856080586807,-2.9306313780387634,-3.039655248541549,-33.32073924609359,-5.946827985539999,-0.3542165993670232,-0.4245437893984204,-0.4280845948173249,-0.2437209304454374,-0.15316240377201984,-0.18077742311530928,3.1306732583000643,3.1169727929425317,3.0288353214108854,3.3012043383678815,3.376779825438342,3.3341582840589354,0.2527797606162811,0.1961530359424164,0.2807497020551582,0.19274434947004943,0.20772738907300653,0.22273391110912347,-0.8098238009504257,-0.8770700187208739,-0.8843076860211043,-0.7011793522572096,-0.6143360001356555,-0.6481738149172142,-0.312101539380658,-0.3806060230685988,-0.29600212044647656,0.06850448368794074,-2.4975856080586802,-3.0396552485415484,-5.9468279855399935,-0.3199547468869054,-0.294157758522069,-0.3127909488664611,-0.35128214174562583,-0.25356171510051584,-0.008615186688923498,-0.3614803914999558,-0.29778907077096717,-0.3923188551452652,-0.34192704398717666,-0.2256215666742749,-0.07093422208995914,0.041525644613050694,0.0036313122488986216,0.07952790627880427,-0.009355097758449005,-0.027940148426240874,0.06231903540103559,-0.30462036035627993,-0.2774131812482675,-0.2991176469662514,-0.3344540724649757,-0.23161037899698061,0.013474698583360145,-3.3814047426662173,-3.862201092163436,-4.188380460718387,-3.9117207123367828,-4.040170263743038,-3.9702212297748245,-5.07729850484064,-5.281749356915614,-1.3770932347982658,1998,6
1998-07,0.386,12.08,163.2,0.16772418812241624,0.2939723927170352,0.0,0.466246825865724,0.6046684875408498,18.923303962418302,0.4505548562480548,-0.5030749256111492,2.9403941764128256,-0.9519179095173061,0.29420051625939336,-2.9652917041630693,-2.052925017666262,-2.6366589853217284,-2.7010552491811373,-32.854492420227864,-6.073066471467993,-0.3957429380421115,-0.49287896249596724,-0.3983266479579156,-0.2861143335469376,-0.10105178555267472,-0.15747238690758558,3.0727312454038067,2.9535522609903366,3.059898726937548,3.176860407811461,3.448525340337178,3.3817549600784553,0.26919543483745023,0.2912383947970642,0.27944424338790497,0.27469487692496974,0.18809249239351564,0.19844227129732717,-0.8503232314681726,-0.9441759353636907,-0.8533159327127666,-0.7423374247507171,-0.5603660693261269,-0.623621117911335,-0.3456025387035636,-0.4413607836656297,-0.32829679160597114,0.0957582449620662,-2.0529250176662623,-2.701055249181137,-6.073066471467989,-0.3134246464927441,-0.312101539380658,-0.2532614544185151,-0.372854512815002,-0.2286127694838127,-0.058059023263886414,-0.36792688801352647,-0.3806060230685988,-0.27499566786567753,-0.4542433541007185,-0.21613240383204646,-0.07981644241738506,0.05450224152078231,0.06850448368794074,0.021734213447162753,0.08138884128571652,-0.012480365651766356,0.02175741915349838,-0.2982117016865301,-0.29600212044647656,-0.23897993257711114,-0.35667494393873245,-0.20796768215465467,-0.03663413317978037,-2.4975856080586807,-3.1659321640543885,-4.392961794350761,-3.039655248541549,-3.47512849447448,-4.4501447855420055,-5.946827985539999,-3.586399863698103,-4.30559689064146,1998,7
1998-08,0.372,11.91,163.4,-1.0127973411958293,-1.1151621156339282,0.0,2.00044007567565,0.582024241126071,18.63416320379437,0.4436705524712945,-0.5412431806987296,2.9249966273774697,-0.9888614247089905,0.27142981020716905,-3.9780890453588986,-2.852623511113828,-3.751821100955657,-3.4638298739191247,-30.854052344552215,-3.84081930094601,-0.43190303671948005,-0.5030749256111492,-0.4245437893984204,-0.3445093000361032,-0.14158017761950392,-0.11794773613574032,3.033320206837368,2.9403941764128256,3.1169727929425317,3.100267962330077,3.4114232169106558,3.386819650410453,0.27244637472652083,0.29420051625939336,0.1961530359424164,0.29289235591718793,0.18466622375320874,0.232902231737175,-0.8852533122626042,-0.9519179095173061,-0.8770700187208739,-0.8007323912398827,-0.5996568374726063,-0.5816058058270378,-0.42329544456298923,-0.4618230230329834,-0.4072556188819527,0.03852757846999405,-2.852623511113828,-3.4638298739191247,-3.840819300946009,-0.30888265080750427,-0.3456025387035636,-0.294157758522069,-0.33538166495375915,-0.25597835787558665,-0.11811527140117839,-0.36577979294101093,-0.4413607836656297,-0.29778907077096717,-0.40760835712993027,-0.19038519125127484,-0.12039346811489349,0.05689714213350722,0.0957582449620662,0.0036313122488986216,0.07222669217617095,-0.06559316662431192,0.0022781967137154024,-0.2934820096310701,-0.32829679160597114,-0.2774131812482675,-0.32108238494234176,-0.23725121882488887,-0.09547279465141861,-2.052925017666262,-3.3814047426662173,-3.2085699652249753,-2.7010552491811373,-3.9117207123367828,-3.2959329606447723,-6.073066471467993,-5.07729850484064,-3.9863643667996946,1998,8
1998-09,0.42,13.34,163.5,0.6602275578934282,0.45806745046836206,0.0,1.59682337897309,0.6567222324159022,20.85874900101937,0.49663688097665165,-0.42049413160586757,3.037773476586333,-0.8675005677047231,0.2794020100911676,-3.3178614874654704,-2.004954680852378,-3.293753650487295,-2.7219521308771553,-29.257228965579124,-2.1568715343137077,-0.4646920168299178,-0.5412431806987296,-0.49287896249596724,-0.4280845948173249,-0.2437209304454374,-0.15316240377201984,3.0041083176786,2.9249966273774697,2.9535522609903366,3.0288353214108854,3.3012043383678815,3.376779825438342,0.26886928377485103,0.27142981020716905,0.2912383947970642,0.2807497020551582,0.19274434947004943,0.20772738907300653,-0.9166081511741221,-0.9888614247089905,-0.9441759353636907,-0.8843076860211043,-0.7011793522572096,-0.6143360001356555,-0.26733172783384773,-0.339006348852009,-0.2531645675690676,0.07167462101816108,-2.004954680852378,-2.7219521308771553,-2.156871534313705,-0.32353494740904265,-0.42329544456298923,-0.312101539380658,-0.3127909488664611,-0.35128214174562583,-0.25356171510051584,-0.3748155705915206,-0.4618230230329834,-0.3806060230685988,-0.3923188551452652,-0.34192704398717666,-0.2256215666742749,0.05128062318247778,0.03852757846999405,0.06850448368794074,0.07952790627880427,-0.009355097758449005,-0.027940148426240874,-0.3078442152876718,-0.4072556188819527,-0.29600212044647656,-0.2991176469662514,-0.3344540724649757,-0.23161037899698061,-2.852623511113828,-2.4975856080586807,-3.862201092163436,-3.4638298739191247,-3.039655248541549,-4.040170263743038,-3.84081930094601,-5.946827985539999,-5.281749356915614,1998,9
1998-10,0.42,12.7,163.9,-0.4917073708972357,-0.37025384450516446,0.0,-0.521352767705302,0.6551194935936547,19.809565639617652,0.4716563247528012,-0.42293762701834353,2.986164934150925,-0.8675005677047231,0.3285670571140998,-3.809568858362706,-2.5668010474550984,-3.6640074949924593,-3.46165783085869,-29.778581733284426,-3.0484656804688637,-0.46342693962800824,-0.42049413160586757,-0.5030749256111492,-0.3983266479579156,-0.2861143335469376,-0.10105178555267472,3.005598010207841,3.037773476586333,2.9403941764128256,3.059898726937548,3.176860407811461,3.448525340337178,0.2686446684475193,0.2794020100911676,0.29420051625939336,0.27944424338790497,0.27469487692496974,0.18809249239351564,-0.9138069647880585,-0.8675005677047231,-0.9519179095173061,-0.8533159327127666,-0.7423374247507171,-0.5603660693261269,-0.3218858414656688,-0.46236040618625296,-0.3071344983785962,0.14047456472058414,-2.5668010474550975,-3.46165783085869,-3.048465680468862,-0.31595841057027374,-0.26733172783384773,-0.3456025387035636,-0.2532614544185151,-0.372854512815002,-0.2286127694838127,-0.36593015287597774,-0.339006348852009,-0.4413607836656297,-0.27499566786567753,-0.4542433541007185,-0.21613240383204646,0.04997174230570392,0.07167462101816108,0.0957582449620662,0.021734213447162753,0.08138884128571652,-0.012480365651766356,-0.3001853687214744,-0.2531645675690676,-0.32829679160597114,-0.23897993257711114,-0.35667494393873245,-0.20796768215465467,-2.004954680852378,-2.052925017666262,-3.1659321640543885,-2.7219521308771553,-2.7010552491811373,-3.47512849447448,-2.1568715343137077,-6.073066471467993,-3.586399863698103,1998,10
1998-11,0.371,11.04,164.1,-0.4931711542541287,-0.9393970029512587,-2.6942767934376715,-1.28451183122588,0.5779835979077799,17.199296282754418,0.40950705435129564,-0.5482097880345835,2.8448684691890676,-0.991553216374702,0.3445913610597173,-4.302740012616835,-2.934458772063329,-4.603404497943718,-4.250706180966696,-31.063093564510307,-4.734794417533919,-0.4675287694714128,-0.42293762701834353,-0.5412431806987296,-0.4245437893984204,-0.3445093000361032,-0.14158017761950392,2.9933090447434036,2.986164934150925,2.9249966273774697,3.1169727929425317,3.100267962330077,3.4114232169106558,0.27683180406855173,0.3285670571140998,0.27142981020716905,0.1961530359424164,0.29289235591718793,0.18466622375320874,-0.9161710706200513,-0.8675005677047231,-0.9888614247089905,-0.8770700187208739,-0.8007323912398827,-0.5996568374726063,-0.4066296104150796,-0.5665547477215882,-0.3918963789020956,0.1599251373065086,-2.934458772063329,-4.250706180966696,-4.734794417533919,-0.327395808411466,-0.3218858414656688,-0.42329544456298923,-0.294157758522069,-0.33538166495375915,-0.25597835787558665,-0.3971576092627398,-0.46236040618625296,-0.4618230230329834,-0.29778907077096717,-0.40760835712993027,-0.19038519125127484,0.06976180085127412,0.14047456472058414,0.03852757846999405,0.0036313122488986216,0.07222669217617095,-0.06559316662431192,-0.311544463021722,-0.3071344983785962,-0.4072556188819527,-0.2774131812482675,-0.32108238494234176,-0.23725121882488887,-2.5668010474550984,-2.852623511113828,-3.3814047426662173,-3.46165783085869,-3.4638298739191247,-3.9117207123367828,-3.0484656804688637,-3.84081930094601,-5.07729850484064,1998,11
1998-12,0.304,9.82,164.4,-0.7238794382458733,-0.87354321843391,0.0,-1.39644539959161,0.47273957015409573,15.270732167477698,0.3635888611304214,-0.7492106337618314,2.7259380661804586,-1.1907275775759154,0.2625209183410784,-5.026619450862708,-3.31359171586709,-5.4769477163776275,-4.500639877430282,-32.45953896410192,-5.621712896334568,-0.48813976924410674,-0.5482097880345835,-0.42049413160586757,-0.49287896249596724,-0.4280845948173249,-0.2437209304454374,2.947958324117826,2.8448684691890676,3.037773476586333,2.9535522609903366,3.0288353214108854,3.3012043383678815,0.30157152492143524,0.3445913610597173,0.2794020100911676,0.2912383947970642,0.2807497020551582,0.19274434947004943,-0.9352516035623558,-0.991553216374702,-0.8675005677047231,-0.9441759353636907,-0.8843076860211043,-0.7011793522572096,-0.505489703316394,-0.5752662721874229,-0.4895482253187058,0.06977656887102895,-3.31359171586709,-4.500639877430282,-5.621712896334568,-0.34614111706030115,-0.4066296104150796,-0.26733172783384773,-0.312101539380658,-0.3127909488664611,-0.35128214174562583,-0.4419518887545104,-0.5665547477215882,-0.339006348852009,-0.3806060230685988,-0.3923188551452652,-0.34192704398717666,0.09581077169420915,0.1599251373065086,0.07167462101816108,0.06850448368794074,0.07952790627880427,-0.009355097758449005,-0.3306249959640266,-0.3918963789020956,-0.2531645675690676,-0.29600212044647656,-0.2991176469662514,-0.3344540724649757,-2.934458772063329,-2.004954680852378,-2.4975856080586807,-4.250706180966696,-2.7219521308771553,-3.039655248541549,-4.734794417533919,-2.1568715343137077,-5.946827985539999,1998,12
1999-01,0.334,11.11,164.7,0.9188443792207768,1.2128631774874932,0.0,1.18028451171078,0.5184454331107065,17.24529569419146,0.41060227843312996,-0.6569204967528676,2.8475393929041073,-1.0966142860054366,0.23320972862639333,-4.107775071641932,-1.9958105183772283,-4.264084538890135,-2.8394187610122033,-31.279254452391136,-1.4548347351173978,-0.5308617144550841,-0.7492106337618314,-0.42293762701834353,-0.5030749256111492,-0.3983266479579156,-0.2861143335469376,2.910022624982847,2.7259380661804586,2.986164934150925,2.9403941764128256,3.059898726937548,3.176860407811461,0.2967852788454376,0.2625209183410784,0.3285670571140998,0.29420051625939336,0.27944424338790497,0.27469487692496974,-0.97634354393106,-1.1907275775759154,-0.8675005677047231,-0.9519179095173061,-0.8533159327127666,-0.7423374247507171,-0.37080616320592996,-0.32932101490735377,-0.3542768612547196,-0.04148514829857641,-1.9958105183772288,-2.8394187610122037,-1.454834735117398,-0.37837247771625715,-0.505489703316394,-0.3218858414656688,-0.3456025387035636,-0.2532614544185151,-0.372854512815002,-0.4743952636076476,-0.5752662721874229,-0.46236040618625296,-0.4413607836656297,-0.27499566786567753,-0.4542433541007185,0.09602278589139049,0.06977656887102895,0.14047456472058414,0.0957582449620662,0.021734213447162753,0.08138884128571652,-0.3628826801093983,-0.4895482253187058,-0.3071344983785962,-0.32829679160597114,-0.23897993257711114,-0.35667494393873245,-3.31359171586709,-2.5668010474550984,-2.052925017666262,-4.500639877430282,-3.46165783085869,-2.7010552491811373,-5.621712896334568,-3.0484656804688637,-6.073066471467993,1999,1
1999-02,0.309,10.27,164.7,-0.766499461057214,-0.8884650516113222,0.0,-0.833340584001236,0.47963963721918645,15.941420952236392,0.3795576417199141,-0.7347202128318226,2.7689208131930356,-1.1744140020843916,0.23402859225850992,-4.874274532699146,-2.7720910646347328,-5.152549590501457,-3.6545522272131947,-32.11259503639237,-1.3693828647949589,-0.5565026429787038,-0.6569204967528676,-0.5482097880345835,-0.5412431806987296,-0.4245437893984204,-0.3445093000361032,2.8945468277313933,2.8475393929041073,2.8448684691890676,2.9249966273774697,3.1169727929425317,3.100267962330077,0.2866201475732709,0.23320972862639333,0.3445913610597173,0.27142981020716905,0.1961530359424164,0.29289235591718793,-1.0004596066790816,-1.0966142860054366,-0.991553216374702,-0.9888614247089905,-0.8770700187208739,-0.8007323912398827,-0.39021091279571946,-0.33134714913704144,-0.3736816108445089,-0.058863763658678014,-2.772091064634733,-3.654552227213195,-1.3693828647949573,-0.38257308179998484,-0.37080616320592996,-0.4066296104150796,-0.42329544456298923,-0.294157758522069,-0.33538166495375915,-0.4557219688146019,-0.32932101490735377,-0.5665547477215882,-0.4618230230329834,-0.29778907077096717,-0.40760835712993027,0.07314888701461675,-0.04148514829857641,0.1599251373065086,0.03852757846999405,0.0036313122488986216,0.07222669217617095,-0.3672126917175228,-0.3542768612547196,-0.3918963789020956,-0.4072556188819527,-0.2774131812482675,-0.32108238494234176,-1.9958105183772283,-2.934458772063329,-2.852623511113828,-2.8394187610122033,-4.250706180966696,-3.4638298739191247,-1.4548347351173978,-4.734794417533919,-3.84081930094601,1999,2
1999-03,0.378,12.51,164.8,0.7958875565809924,0.8157259020351315,-1.716209043130105,1.70868530332835,0.5863876001213593,19.40663724211165,0.4620627914788488,-0.5337742744017572,2.965615133439612,-0.9728610833625494,0.2382802104419992,-4.0783869761181535,-1.2439654859431455,-4.336823688466326,-2.008138971156561,-30.40390973306402,1.9288056539026412,-0.588748815000886,-0.7347202128318226,-0.7492106337618314,-0.42049413160586757,-0.49287896249596724,-0.4280845948173249,2.8685341920339877,2.7689208131930356,2.7259380661804586,3.037773476586333,2.9535522609903366,3.0288353214108854,0.2803866112484944,0.23402859225850992,0.2625209183410784,0.2794020100911676,0.2912383947970642,0.2807497020551582,-1.0313850362416486,-1.1744140020843916,-1.1907275775759154,-0.8675005677047231,-0.9441759353636907,-0.8843076860211043,-0.10568967958443226,-0.06322018797127349,-0.08855339734144507,-0.042469491613158994,-1.243965485943146,-2.0081389711565616,1.9288056539026428,-0.37705899317210656,-0.39021091279571946,-0.505489703316394,-0.26733172783384773,-0.312101539380658,-0.3127909488664611,-0.43397598983194463,-0.33134714913704144,-0.5752662721874229,-0.339006348852009,-0.3806060230685988,-0.3923188551452652,0.05691699665983807,-0.058863763658678014,0.06977656887102895,0.07167462101816108,0.06850448368794074,0.07952790627880427,-0.3616170237112821,-0.3736816108445089,-0.4895482253187058,-0.2531645675690676,-0.29600212044647656,-0.2991176469662514,-2.7720910646347328,-3.31359171586709,-2.004954680852378,-3.6545522272131947,-4.500639877430282,-2.7219521308771553,-1.3693828647949589,-5.621712896334568,-2.1568715343137077,1999,3
1999-04,0.43,15.29,165.9,0.6930099816573883,0.3832428501169622,0.0,3.20761996986585,0.6626317711472776,23.561952978702028,0.5609988804452863,-0.41153584105476415,3.1596332491807355,-0.843970070294529,0.16650052804786875,-3.3853769944607652,-0.7228366936070337,-3.9535808383493634,-1.9709675253139205,-27.19628976319817,5.2565807711089505,-0.6076288388002009,-0.5337742744017572,-0.6569204967528676,-0.42293762701834353,-0.5030749256111492,-0.3983266479579156,2.8565078015095344,2.965615133439612,2.8475393929041073,2.986164934150925,2.9403941764128256,3.059898726937548,0.27353297797363296,0.2382802104419992,0.23320972862639333,0.3285670571140998,0.29420051625939336,0.27944424338790497,-1.0489451221846198,-0.9728610833625494,-1.0966142860054366,-0.8675005677047231,-0.9519179095173061,-0.8533159327127666,-0.013209193096848537,0.09973452224318757,0.00934586241823765,-0.11294371534003622,-0.7228366936070341,-1.9709675253139207,5.256580771108954,-0.350118651797204,-0.10568967958443226,-0.37080616320592996,-0.3218858414656688,-0.3456025387035636,-0.2532614544185151,-0.38801162968515523,-0.06322018797127349,-0.32932101490735377,-0.46236040618625296,-0.4413607836656297,-0.27499566786567753,0.037892977887951346,-0.042469491613158994,-0.04148514829857641,0.14047456472058414,0.0957582449620662,0.021734213447162753,-0.33418182867334534,-0.08855339734144507,-0.3542768612547196,-0.3071344983785962,-0.32829679160597114,-0.23897993257711114,-1.2439654859431455,-1.9958105183772283,-2.5668010474550984,-2.008138971156561,-2.8394187610122033,-3.46165783085869,1.9288056539026412,-1.4548347351173978,-3.0484656804688637,1999,4
1999-05,0.415,15.23,166.0,-0.32673855940408364,-0.19207268294392116,0.0,0.49918309478446,0.6391314583333333,23.455354482931728,0.558460821022184,-0.4476451206718186,3.155098804986691,-0.8794767587514388,0.13492569262485898,-3.712115553864849,-0.8520256269508608,-4.145653521293284,-1.9103342065985622,-26.69710666841371,5.699729650399318,-0.6057285411396044,-0.41153584105476415,-0.7347202128318226,-0.5482097880345835,-0.5412431806987296,-0.4245437893984204,2.885419187347836,3.1596332491807355,2.7689208131930356,2.8448684691890676,2.9249966273774697,3.1169727929425317,0.24652188979592782,0.16650052804786875,0.23402859225850992,0.3445913610597173,0.27142981020716905,0.1961530359424164,-1.045023372616254,-0.843970070294529,-1.1744140020843916,-0.991553216374702,-0.9888614247089905,-0.8770700187208739,-0.023101331273398196,0.03812601204415911,-0.0024067400305649578,-0.061227343317557414,-0.8520256269508613,-1.9103342065985625,5.69972965039932,-0.29867254373573393,-0.013209193096848537,-0.39021091279571946,-0.4066296104150796,-0.42329544456298923,-0.294157758522069,-0.29432914161358203,0.09973452224318757,-0.33134714913704144,-0.5665547477215882,-0.4618230230329834,-0.29778907077096717,-0.004343402122152007,-0.11294371534003622,-0.058863763658678014,0.1599251373065086,0.03852757846999405,0.0036313122488986216,-0.2814351018738729,0.00934586241823765,-0.3736816108445089,-0.3918963789020956,-0.4072556188819527,-0.2774131812482675,-0.7228366936070337,-2.7720910646347328,-2.934458772063329,-1.9709675253139205,-3.6545522272131947,-4.250706180966696,5.2565807711089505,-1.3693828647949589,-4.734794417533919,1999,5
1999-06,0.44,15.86,166.0,-0.37747602247155965,-0.1487798417923751,0.0,2.2356160284805,0.6776333534136546,24.425602238955822,0.5815619580703767,-0.38914891399021,3.1956318542863222,-0.8209805520698302,0.15288885000683627,-4.089591576336408,-0.9565756840509227,-4.294433363085659,-1.3638019850468959,-24.46149063993321,8.859248606160376,-0.5889677632458102,-0.4476451206718186,-0.5337742744017572,-0.7492106337618314,-0.42049413160586757,-0.49287896249596724,2.937124243314107,3.155098804986691,2.965615133439612,2.7259380661804586,3.037773476586333,2.9535522609903366,0.21157761172345144,0.13492569262485898,0.2382802104419992,0.2625209183410784,0.2794020100911676,0.2912383947970642,-1.026343963012377,-0.8794767587514388,-0.9728610833625494,-1.1907275775759154,-0.8675005677047231,-0.9441759353636907,0.10373004850575723,0.2420795932959856,0.12319538329386048,-0.13834954479022793,-0.956575684050923,-1.3638019850468956,8.859248606160378,-0.23475116387878703,-0.023101331273398196,-0.10568967958443226,-0.505489703316394,-0.26733172783384773,-0.312101539380658,-0.19354901498595733,0.03812601204415911,-0.06322018797127349,-0.5752662721874229,-0.339006348852009,-0.3806060230685988,-0.041202148892829665,-0.061227343317557414,-0.042469491613158994,0.06977656887102895,0.07167462101816108,0.06850448368794074,-0.21652016206195124,-0.0024067400305649578,-0.08855339734144507,-0.4895482253187058,-0.2531645675690676,-0.29600212044647656,-0.8520256269508608,-1.2439654859431455,-3.31359171586709,-1.9103342065985622,-2.008138971156561,-4.500639877430282,5.699729650399318,1.9288056539026412,-5.621712896334568,1999,6
1999-07,0.512,19.08,166.7,1.0262755382077762,1.0640747763880238,0.0,0.497172026639029,0.7852076944611078,29.26125548890222,0.6966965592595766,-0.24180701726321407,3.3762643026995556,-0.6694306539426292,0.11959829832059865,-3.063316038128632,-0.09802433396556287,-3.230358586697635,-0.5936996013759073,-23.964318613294182,8.890173806933682,-0.5289574766172066,-0.38914891399021,-0.41153584105476415,-0.6569204967528676,-0.42293762701834353,-0.5030749256111492,3.015406541331751,3.1956318542863222,3.1596332491807355,2.8475393929041073,2.986164934150925,2.9403941764128256,0.19330560033441105,0.15288885000683627,0.16650052804786875,0.23320972862639333,0.3285670571140998,0.29420051625939336,-0.9647194587613627,-0.8209805520698302,-0.843970070294529,-1.0966142860054366,-0.8675005677047231,-0.9519179095173061,0.2612679083479351,0.43587012628672994,0.2824872555746769,-0.1746022179387947,-0.09802433396556287,-0.5936996013759068,8.890173806933682,-0.13321453857509508,0.10373004850575723,-0.013209193096848537,-0.37080616320592996,-0.3218858414656688,-0.3456025387035636,-0.0573247040720557,0.2420795932959856,0.09973452224318757,-0.32932101490735377,-0.46236040618625296,-0.4413607836656297,-0.07588983450303918,-0.13834954479022793,-0.11294371534003622,-0.04148514829857641,0.14047456472058414,0.0957582449620662,-0.1143962272931901,0.12319538329386048,0.00934586241823765,-0.3542768612547196,-0.3071344983785962,-0.32829679160597114,-0.9565756840509227,-0.7228366936070337,-1.9958105183772283,-1.3638019850468959,-1.9709675253139205,-2.8394187610122033,8.859248606160376,5.2565807711089505,-1.4548347351173978,1999,7
1999-08,0.564,20.22,167.1,-0.060089721942724175,0.08658208383461456,0.0,0.684245777183405,0.8628848414123279,30.935339527229207,0.7365557030292669,-0.14747403664926279,3.431899204427141,-0.5727010274840783,0.1582963772069646,-3.1234057600713565,0.8546832852875422,-3.1437765028630205,0.6080445980926354,-23.280072836110776,7.573979508441436,-0.45977189670226437,-0.24180701726321407,-0.4476451206718186,-0.7347202128318226,-0.5482097880345835,-0.5412431806987296,3.103527359630992,3.3762643026995556,3.155098804986691,2.7689208131930356,2.8448684691890676,2.9249966273774697,0.174370361950112,0.11959829832059865,0.13492569262485898,0.23402859225850992,0.3445913610597173,0.27142981020716905,-0.8935221867508948,-0.6694306539426292,-0.8794767587514388,-1.1744140020843916,-0.991553216374702,-0.9888614247089905,0.3937691440494668,0.5069025770496713,0.41616039722491227,-0.11313343300020445,0.8546832852875421,0.6080445980926363,7.57397950844144,-0.027868859982784322,0.2612679083479351,-0.023101331273398196,-0.39021091279571946,-0.4066296104150796,-0.42329544456298923,0.07020715279362388,0.43587012628672994,0.03812601204415911,-0.33134714913704144,-0.5665547477215882,-0.4618230230329834,-0.09807601277640884,-0.1746022179387947,-0.061227343317557414,-0.058863763658678014,0.1599251373065086,0.03852757846999405,-0.008268874488290612,0.2824872555746769,-0.0024067400305649578,-0.3736816108445089,-0.3918963789020956,-0.4072556188819527,-0.09802433396556287,-0.8520256269508608,-2.7720910646347328,-0.5936996013759073,-1.9103342065985622,-3.6545522272131947,8.890173806933682,5.699729650399318,-1.3693828647949589,1999,8
1999-09,0.614,22.54,167.8,1.0725975293466847,0.8601756980362885,-1.203779080609284,1.60610954078377,0.9354629688120778,34.340936998410804,0.8176413571050192,-0.066713718431937,3.5363381410146877,-0.4877603508349946,0.13461775883674343,-2.0508082307246718,1.2670532567407986,-2.2836008048267322,1.0101528456605617,-21.673963295327006,7.583265670252116,-0.3618975340051711,-0.14747403664926279,-0.38914891399021,-0.5337742744017572,-0.7492106337618314,-0.42049413160586757,3.2140237581700095,3.431899204427141,3.1956318542863222,2.965615133439612,2.7259380661804586,3.037773476586333,0.16174832610818776,0.1582963772069646,0.15288885000683627,0.2382802104419992,0.2625209183410784,0.2794020100911676,-0.7932366909841759,-0.5727010274840783,-0.8209805520698302,-0.9728610833625494,-1.1907275775759154,-0.8675005677047231,0.35378041317393055,0.49856466442835456,0.3797402168697285,-0.14478425125442418,1.2670532567407986,1.0101528456605626,7.583265670252118,0.10279448282474668,0.3937691440494668,0.10373004850575723,-0.10568967958443226,-0.505489703316394,-0.26733172783384773,0.20991544049140964,0.5069025770496713,0.2420795932959856,-0.06322018797127349,-0.5752662721874229,-0.339006348852009,-0.10712095766666327,-0.11313343300020445,-0.13834954479022793,-0.042469491613158994,0.06977656887102895,0.07167462101816108,0.12337146018994616,0.41616039722491227,0.12319538329386048,-0.08855339734144507,-0.4895482253187058,-0.2531645675690676,0.8546832852875422,-0.9565756840509227,-1.2439654859431455,0.6080445980926354,-1.3638019850468959,-2.008138971156561,7.573979508441436,8.859248606160376,1.9288056539026412,1999,9
1999-10,0.595,22.0,168.1,-1.0813700522541563,-1.0057152058016288,0.0,-0.198207121074573,0.9048976031132263,33.458398770573076,0.7966285421565018,-0.09993348741491369,3.5103028393799094,-0.5191938734365074,0.1274332914885451,-3.132178282978828,0.677390575383878,-3.2893160106283608,0.3746914843640976,-21.87217041640158,7.906411316882846,-0.2840541080102011,-0.066713718431937,-0.24180701726321407,-0.41153584105476415,-0.6569204967528676,-0.42293762701834353,3.309144259432522,3.5363381410146877,3.3762643026995556,3.1596332491807355,2.8475393929041073,2.986164934150925,0.14447125084064513,0.13461775883674343,0.11959829832059865,0.16650052804786875,0.23320972862639333,0.3285670571140998,-0.71238656889625,-0.4877603508349946,-0.6694306539426292,-0.843970070294529,-1.0966142860054366,-0.8675005677047231,0.32300413960342983,0.5241379052289843,0.3483066942682157,-0.20113376562555468,0.6773905753838778,0.3746914843640985,7.906411316882846,0.17937283161780715,0.35378041317393055,0.2612679083479351,-0.013209193096848537,-0.37080616320592996,-0.3218858414656688,0.3035462492246812,0.49856466442835456,0.43587012628672994,0.09973452224318757,-0.32932101490735377,-0.46236040618625296,-0.12417341760687414,-0.14478425125442418,-0.1746022179387947,-0.11294371534003622,-0.04148514829857641,0.14047456472058414,0.2014203958918085,0.3797402168697285,0.2824872555746769,0.00934586241823765,-0.3542768612547196,-0.3071344983785962,1.2670532567407986,-0.09802433396556287,-0.7228366936070337,1.0101528456605617,-0.5936996013759073,-1.9709675253139205,7.583265670252116,8.890173806933682,5.2565807711089505,1999,10
1999-11,0.661,24.58,168.4,0.6216826843231569,0.5909100462418422,0.0,2.04412279829965,1.0034819333927159,37.315561153998416,0.8884657417618671,0.0034758854974864355,3.6194104287658257,-0.41400143913045073,0.12173507501502882,-2.5104955986556714,1.7922444139611635,-2.6984059643865184,1.9049985335571986,-19.82804761810193,11.235045946408375,-0.23212038240355934,-0.09993348741491369,-0.14747403664926279,-0.4476451206718186,-0.7347202128318226,-0.5482097880345835,3.3675891911323848,3.5103028393799094,3.431899204427141,3.155098804986691,2.7689208131930356,2.8448684691890676,0.1379600447474245,0.1274332914885451,0.1582963772069646,0.13492569262485898,0.23402859225850992,0.3445913610597173,-0.6582572027532464,-0.5191938734365074,-0.5727010274840783,-0.8794767587514388,-1.1744140020843916,-0.991553216374702,0.55168567353207,0.7745419595767582,0.5775517772442512,-0.2228562860446885,1.7922444139611633,1.9049985335571993,11.235045946408377,0.23540838706785347,0.32300413960342983,0.3937691440494668,-0.023101331273398196,-0.39021091279571946,-0.4066296104150796,0.3742801463889811,0.5241379052289843,0.5069025770496713,0.03812601204415911,-0.33134714913704144,-0.5665547477215882,-0.13887175932112725,-0.20113376562555468,-0.11313343300020445,-0.061227343317557414,-0.058863763658678014,0.1599251373065086,0.2579138678668049,0.3483066942682157,0.41616039722491227,-0.0024067400305649578,-0.3736816108445089,-0.3918963789020956,0.677390575383878,0.8546832852875422,-0.8520256269508608,0.3746914843640976,0.6080445980926354,-1.9103342065985622,7.906411316882846,7.573979508441436,5.699729650399318,1999,11
1999-12,0.701,25.47,168.8,-0.18669250624461267,-0.04195523241439545,0.0,2.14385424300963,1.0616851950039494,38.57506692831753,0.9184539744837508,0.059857452326759736,3.6526061332656723,-0.355247391947547,0.14492093734445577,-2.697188104900284,2.329431345962424,-2.740361196800914,2.736586519576713,-17.6841933750923,14.775345589009614,-0.15693354804200849,0.0034758854974864355,-0.066713718431937,-0.38914891399021,-0.5337742744017572,-0.7492106337618314,3.4449744617622406,3.6194104287658257,3.5363381410146877,3.1956318542863222,2.965615133439612,2.7259380661804586,0.13576160847911947,0.12173507501502882,0.13461775883674343,0.15288885000683627,0.2382802104419992,0.2625209183410784,-0.580677982816415,-0.41400143913045073,-0.4877603508349946,-0.8209805520698302,-0.9728610833625494,-1.1907275775759154,0.8090680860885912,0.9266680670852137,0.8354801856283685,-0.11759998099662261,2.329431345962424,2.7365865195767136,14.775345589009618,0.33120622120209825,0.55168567353207,0.35378041317393055,0.10373004850575723,-0.10568967958443226,-0.505489703316394,0.49701613764441444,0.7745419595767582,0.49856466442835456,0.2420795932959856,-0.06322018797127349,-0.5752662721874229,-0.16580991644231577,-0.2228562860446885,-0.14478425125442418,-0.13834954479022793,-0.042469491613158994,0.06977656887102895,0.3545736207459408,0.5775517772442512,0.3797402168697285,0.12319538329386048,-0.08855339734144507,-0.4895482253187058,1.7922444139611635,1.2670532567407986,-0.9565756840509227,1.9049985335571986,1.0101528456605617,-1.3638019850468959,11.235045946408375,7.583265670252116,8.859248606160376,1999,12
2000-01,0.781,25.51,169.3,0.5720319888525257,0.42929104247236205,0.0,-0.671348496264451,1.1793542089978344,38.52154400964757,0.917179619277323,0.16496700815462287,3.651217669450794,-0.24718012914245105,0.2514189569871973,-2.1251561160477586,1.9826189555941733,-2.3110701543285517,1.9530143845615822,-18.35554187135675,12.923712581034383,-0.08209915365584686,0.059857452326759736,-0.09993348741491369,-0.24180701726321407,-0.41153584105476415,-0.6569204967528676,3.521136841592132,3.6526061332656723,3.5103028393799094,3.3762643026995556,3.1596332491807355,2.8475393929041073,0.1344336230353894,0.14492093734445577,0.1274332914885451,0.11959829832059865,0.16650052804786875,0.23320972862639333,-0.5030557894627012,-0.355247391947547,-0.5191938734365074,-0.6694306539426292,-0.843970070294529,-1.0966142860054366,0.8218875049074904,0.8036782765466866,0.8494341568629856,0.018209228360803964,1.9826189555941731,1.953014384561583,12.923712581034387,0.44876256079923726,0.8090680860885912,0.32300413960342983,0.2612679083479351,-0.013209193096848537,-0.37080616320592996,0.6111142166092849,0.9266680670852137,0.5241379052289843,0.43587012628672994,0.09973452224318757,-0.32932101490735377,-0.1623516558100482,-0.11759998099662261,-0.20113376562555468,-0.1746022179387947,-0.11294371534003622,-0.04148514829857641,0.4732877544683588,0.8354801856283685,0.3483066942682157,0.2824872555746769,0.00934586241823765,-0.3542768612547196,2.329431345962424,0.677390575383878,-0.09802433396556287,2.736586519576713,0.3746914843640976,-0.5936996013759073,14.775345589009614,7.906411316882846,8.890173806933682,2000,1
2000-02,0.78,27.78,170.0,0.164629715541791,0.4662065356780301,0.0,0.190503134185367,1.172994205882353,41.77663979411765,0.994681899859944,0.15955963008740215,3.7323373267120994,-0.2484613592984996,0.164891921658671,-1.9605264005059675,2.913748132193178,-1.8448636186505216,3.3076859718509346,-18.165038737171383,13.947556299220986,-0.014303482752874038,0.16496700815462287,0.0034758854974864355,-0.14747403664926279,-0.4476451206718186,-0.7347202128318226,3.5669624027173383,3.651217669450794,3.6194104287658257,3.431899204427141,3.155098804986691,2.7689208131930356,0.15640373281315587,0.2514189569871973,0.12173507501502882,0.1582963772069646,0.13492569262485898,0.23402859225850992,-0.43268070199600484,-0.24718012914245105,-0.41400143913045073,-0.5727010274840783,-0.8794767587514388,-1.1744140020843916,0.8942798429192248,0.9634165135190638,0.925952642785892,-0.06913667059983891,2.913748132193178,3.3076859718509355,13.947556299220988,0.5421991602258297,0.8218875049074904,0.55168567353207,0.3937691440494668,-0.023101331273398196,-0.39021091279571946,0.6724155749859451,0.8036782765466866,0.7745419595767582,0.5069025770496713,0.03812601204415911,-0.33134714913704144,-0.13021641476011506,0.018209228360803964,-0.2228562860446885,-0.11313343300020445,-0.061227343317557414,-0.058863763658678014,0.5677789046830768,0.8494341568629856,0.5775517772442512,0.41616039722491227,-0.0024067400305649578,-0.3736816108445089,1.9826189555941733,1.7922444139611635,0.8546832852875422,1.9530143845615822,1.9049985335571986,0.6080445980926354,12.923712581034383,11.235045946408375,7.573979508441436,2000,2
2000-03,0.771,27.49,171.0,0.18723768806232038,-0.14043997023099053,0.7402862809004258,0.166822407912747,1.152679191520468,41.09876909844055,0.9785421213914416,0.14208896451469613,3.715978172110658,-0.26006690541880756,0.16378041068740645,-1.7732887124436472,2.3050982636745063,-1.985303588881512,2.3515200995848122,-17.998216329258636,12.405693403805383,0.03686879503657012,0.15955963008740215,0.059857452326759736,-0.066713718431937,-0.38914891399021,-0.5337742744017572,3.6170354230981645,3.7323373267120994,3.6526061332656723,3.5363381410146877,3.1956318542863222,2.965615133439612,0.15750299022177358,0.164891921658671,0.14492093734445577,0.13461775883674343,0.15288885000683627,0.2382802104419992,-0.37864075729840835,-0.2484613592984996,-0.355247391947547,-0.4877603508349946,-0.8209805520698302,-0.9728610833625494,0.6758632389164533,0.750363038671046,0.7127941779437419,-0.07449979975459275,2.3050982636745063,2.3515200995848136,12.405693403805383,0.6256176100374562,0.8942798429192248,0.8090680860885912,0.35378041317393055,0.10373004850575723,-0.10568967958443226,0.7485012310641768,0.9634165135190638,0.9266680670852137,0.49856466442835456,0.2420795932959856,-0.06322018797127349,-0.12288362102672082,-0.06913667059983891,-0.11759998099662261,-0.14478425125442418,-0.13834954479022793,-0.042469491613158994,0.6527442789432403,0.925952642785892,0.8354801856283685,0.3797402168697285,0.12319538329386048,-0.08855339734144507,2.913748132193178,2.329431345962424,1.2670532567407986,3.3076859718509346,2.736586519576713,1.0101528456605617,13.947556299220986,14.775345589009614,7.583265670252116,2000,3
2000-04,0.719,22.76,170.9,-1.568341170298865,-1.3356835183297207,0.0,-1.99168413767334,1.0755658713672713,34.04711993368442,0.8106457127067719,0.07284691505352792,3.5277454455727484,-0.3298939212610904,0.2827710877641477,-3.341629882742512,0.04374711171825307,-3.3209871072112325,0.6325937311381293,-19.989900466931974,7.2063892962661935,0.0716692421943423,0.14208896451469613,0.16496700815462287,-0.09993348741491369,-0.24180701726321407,-0.41153584105476415,3.6469754282808267,3.715978172110658,3.651217669450794,3.5103028393799094,3.3762643026995556,3.1596332491807355,0.16236343219688407,0.16378041068740645,0.2514189569871973,0.1274332914885451,0.11959829832059865,0.16650052804786875,-0.34069184972904387,-0.26006690541880756,-0.24718012914245105,-0.5191938734365074,-0.6694306539426292,-0.843970070294529,0.48438275610829207,0.36811219639201287,0.5140761490334386,0.11627055971627898,0.04374711171825307,0.6325937311381309,7.206389296266195,0.6792980809945433,0.6758632389164533,0.8218875049074904,0.32300413960342983,0.2612679083479351,-0.013209193096848537,0.7904676267712922,0.750363038671046,0.8036782765466866,0.5241379052289843,0.43587012628672994,0.09973452224318757,-0.1111695457767489,-0.07449979975459275,0.018209228360803964,-0.20113376562555468,-0.1746022179387947,-0.11294371534003622,0.7082532724555759,0.7127941779437419,0.8494341568629856,0.3483066942682157,0.2824872555746769,0.00934586241823765,2.3050982636745063,1.9826189555941733,0.677390575383878,2.3515200995848122,1.9530143845615822,0.3746914843640976,12.405693403805383,12.923712581034383,7.906411316882846,2000,4
2000-05,0.762,27.74,171.2,0.8327763493903348,0.9583436041770398,0.0,0.854271518712263,1.1378929234813087,41.42408096767913,0.9862876420875983,0.12917823943303117,3.7238623776152076,-0.2718087232954908,0.14298548010119216,-2.5088535333521773,1.2032620205126714,-2.362643503034193,1.7830100182590902,-19.13562894821971,7.561477720193997,0.10046597593908257,0.07284691505352792,0.15955963008740215,0.0034758854974864355,-0.14747403664926279,-0.4476451206718186,3.649882529312966,3.5277454455727484,3.7323373267120994,3.6194104287658257,3.431899204427141,3.155098804986691,0.18825306490948454,0.2827710877641477,0.164891921658671,0.12173507501502882,0.1582963772069646,0.13492569262485898,-0.30914185769980773,-0.3298939212610904,-0.2484613592984996,-0.41400143913045073,-0.5727010274840783,-0.8794767587514388,0.5768233601048498,0.5687635726285167,0.607668035455948,0.00805978747633318,1.2032620205126716,1.7830100182590916,7.561477720193999,0.706194517078687,0.48438275610829207,0.8942798429192248,0.55168567353207,0.3937691440494668,-0.023101331273398196,0.7644633419651301,0.36811219639201287,0.9634165135190638,0.7745419595767582,0.5069025770496713,0.03812601204415911,-0.05826882488644328,0.11627055971627898,-0.06913667059983891,-0.2228562860446885,-0.11313343300020445,-0.061227343317557414,0.7358815149164464,0.5140761490334386,0.925952642785892,0.5775517772442512,0.41616039722491227,-0.0024067400305649578,0.04374711171825307,2.913748132193178,1.7922444139611635,0.6325937311381293,3.3076859718509346,1.9049985335571986,7.2063892962661935,13.947556299220986,11.235045946408375,2000,5
2000-06,0.785,29.8,172.2,0.5255805160119474,0.6086885924118626,-0.692776416042095,0.685448277573446,1.1654313467866824,44.241852400309725,1.0533774381026124,0.15309127324280458,3.789671227953892,-0.24207156119972859,0.101089663572281,-1.9832730173402298,2.1063185589961786,-1.7539549106223302,2.540478452463328,-18.450180670646265,6.011309969286943,0.12141636826167336,0.12917823943303117,0.14208896451469613,0.059857452326759736,-0.066713718431937,-0.38914891399021,3.66729118745453,3.7238623776152076,3.715978172110658,3.6526061332656723,3.5363381410146877,3.1956318542863222,0.19179479909051175,0.14298548010119216,0.16378041068740645,0.14492093734445577,0.13461775883674343,0.15288885000683627,-0.2854430717273144,-0.2718087232954908,-0.26006690541880756,-0.355247391947547,-0.4877603508349946,-0.8209805520698302,0.5422401872330146,0.5940393736675698,0.5789089908701016,-0.05179918643455528,2.1063185589961786,2.540478452463329,6.011309969286945,0.7103841315074836,0.5768233601048498,0.6758632389164533,0.8090680860885912,0.35378041317393055,0.10373004850575723,0.7301669441404233,0.5687635726285167,0.750363038671046,0.9266680670852137,0.49856466442835456,0.2420795932959856,-0.019782812632939684,0.00805978747633318,-0.07449979975459275,-0.11759998099662261,-0.14478425125442418,-0.13834954479022793,0.7409008912850625,0.607668035455948,0.7127941779437419,0.8354801856283685,0.3797402168697285,0.12319538329386048,1.2032620205126714,2.3050982636745063,2.329431345962424,1.7830100182590902,2.3515200995848122,2.736586519576713,7.561477720193997,12.405693403805383,14.775345589009614,2000,6
2000-07,0.796,28.68,172.7,-0.41243300144163114,-0.5873935380367286,0.0,-1.33720984500413,1.1783408010036676,42.45579669947887,1.0108523023685445,0.16410734814577677,3.74846345701495,-0.22815609313775398,0.15331350941419483,-2.395706018781861,0.6676100193467711,-2.341348448659059,0.8890101380385756,-19.787390515650394,4.176928097643784,0.1369553384143475,0.15309127324280458,0.07284691505352792,0.16496700815462287,-0.09993348741491369,-0.24180701726321407,3.690135369902567,3.789671227953892,3.5277454455727484,3.651217669450794,3.5103028393799094,3.3762643026995556,0.18448958679514926,0.101089663572281,0.2827710877641477,0.2514189569871973,0.1274332914885451,0.11959829832059865,-0.26658043326934466,-0.24207156119972859,-0.3298939212610904,-0.24718012914245105,-0.5191938734365074,-0.6694306539426292,0.40591436540899084,0.3721991543153944,0.44127456080487526,0.03371521109359618,0.6676100193467711,0.8890101380385764,4.176928097643788,0.6659128150315541,0.5422401872330146,0.48438275610829207,0.8218875049074904,0.32300413960342983,0.2612679083479351,0.674728828570816,0.5940393736675698,0.36811219639201287,0.8036782765466866,0.5241379052289843,0.43587012628672994,-0.008816013539261786,-0.05179918643455528,0.11627055971627898,0.018209228360803964,-0.20113376562555468,-0.1746022179387947,0.698139025492018,0.5789089908701016,0.5140761490334386,0.8494341568629856,0.3483066942682157,0.2824872555746769,2.1063185589961786,0.04374711171825307,1.9826189555941733,2.540478452463328,0.6325937311381293,1.9530143845615822,6.011309969286943,7.2063892962661935,12.923712581034383,2000,7
2000-08,0.9,30.2,172.7,0.15126265071974263,0.7749747195656821,0.0,-0.211710971728423,1.3322948755066593,44.70589471144567,1.0644260645582304,0.28690292562570446,3.8001053656643546,-0.10536051565782628,0.22446717824471804,-2.2444433680621185,0.878962392009238,-1.5663737290933768,1.5774027737696432,-19.999101487378816,3.2809713487319554,0.1368120617462065,0.16410734814577677,0.12917823943303117,0.15955963008740215,0.0034758854974864355,-0.14747403664926279,3.7063430011632597,3.74846345701495,3.7238623776152076,3.7323373267120994,3.6194104287658257,3.431899204427141,0.1681386788663155,0.15331350941419483,0.14298548010119216,0.164891921658671,0.12173507501502882,0.1582963772069646,-0.26340976060189514,-0.22815609313775398,-0.2718087232954908,-0.2484613592984996,-0.41400143913045073,-0.5727010274840783,0.43437696227496725,0.3682061612372136,0.46734051182625197,0.06617080103775344,0.878962392009238,1.5774027737696437,3.28097134873196,0.5965839584484709,0.40591436540899084,0.5768233601048498,0.8942798429192248,0.55168567353207,0.3937691440494668,0.6028156415322679,0.3721991543153944,0.5687635726285167,0.9634165135190638,0.7745419595767582,0.5069025770496713,-0.006231683083796485,0.03371521109359618,0.00805978747633318,-0.06913667059983891,-0.2228562860446885,-0.11313343300020445,0.6301124261489996,0.44127456080487526,0.607668035455948,0.925952642785892,0.5775517772442512,0.41616039722491227,0.6676100193467711,1.2032620205126714,2.913748132193178,0.8890101380385756,1.7830100182590902,3.3076859718509346,4.176928097643784,7.561477720193997,13.947556299220986,2000,8
2000-09,1.017,33.14,173.6,0.7832890635945663,0.8082718840868496,3.9388345631040704,1.11053544729732,1.4976882330069126,48.803724721582185,1.1619934457519567,0.40392274127633665,3.887806636208331,0.016857117066422806,0.2537857233513744,-1.4611543044675521,0.5896539262571195,-0.7581018450065272,1.5254989598202044,-18.888566040081496,2.7853972552455057,0.15803594433592352,0.28690292562570446,0.15309127324280458,0.14208896451469613,0.059857452326759736,-0.066713718431937,3.717637674321969,3.8001053656643546,3.789671227953892,3.715978172110658,3.6526061332656723,3.5363381410146877,0.17806788829732337,0.22446717824471804,0.101089663572281,0.16378041068740645,0.14492093734445577,0.13461775883674343,-0.23955961999511624,-0.10536051565782628,-0.24207156119972859,-0.26006690541880756,-0.355247391947547,-0.4877603508349946,0.47063645970827367,0.3514684951936431,0.5046174679014174,0.11916796451463096,0.5896539262571197,1.525498959820205,2.7853972552455097,0.5199334783410946,0.43437696227496725,0.5422401872330146,0.6758632389164533,0.8090680860885912,0.35378041317393055,0.5036139161519593,0.3682061612372136,0.5940393736675698,0.750363038671046,0.9266680670852137,0.49856466442835456,0.016319562189135606,0.06617080103775344,-0.05179918643455528,-0.07449979975459275,-0.11759998099662261,-0.14478425125442418,0.5536770709890597,0.46734051182625197,0.5789089908701016,0.7127941779437419,0.8354801856283685,0.3797402168697285,0.878962392009238,2.1063185589961786,2.3050982636745063,1.5774027737696432,2.540478452463328,2.3515200995848122,3.2809713487319554,6.011309969286943,12.405693403805383,2000,9
2000-10,0.982,30.96,173.9,-0.4738891645920751,-0.3806710374172575,0.0,-1.33502410198158,1.4436505855855855,45.51468648648649,1.0836830115830116,0.36717503444825483,3.8180350537974523,-0.01816397062767118,0.28680959893417063,-1.9350434690596272,1.1971348139192008,-1.1387728824237846,2.1505431282045753,-20.223590142063077,1.6485802743384987,0.2016749071295303,0.40392274127633665,0.16410734814577677,0.07284691505352792,0.16496700815462287,-0.09993348741491369,3.7462757516715803,3.887806636208331,3.74846345701495,3.5277454455727484,3.651217669450794,3.5103028393799094,0.19306877374131803,0.2537857233513744,0.15331350941419483,0.2827710877641477,0.2514189569871973,0.1274332914885451,-0.1934056162475779,0.016857117066422806,-0.22815609313775398,-0.3298939212610904,-0.24718012914245105,-0.5191938734365074,0.46710852186316854,0.30773221441754295,0.5010299028088362,0.15937630744562553,1.1971348139192008,2.150543128204576,1.648580274338503,0.4857290151397314,0.47063645970827367,0.40591436540899084,0.48438275610829207,0.8218875049074904,0.32300413960342983,0.43713149223905834,0.3514684951936431,0.3721991543153944,0.36811219639201287,0.8036782765466866,0.5241379052289843,0.0485975229006729,0.11916796451463096,0.03371521109359618,0.11627055971627898,0.018209228360803964,-0.20113376562555468,0.5189809526486721,0.5046174679014174,0.44127456080487526,0.5140761490334386,0.8494341568629856,0.3483066942682157,0.5896539262571195,0.6676100193467711,0.04374711171825307,1.5254989598202044,0.8890101380385756,0.6325937311381293,2.7853972552455057,4.176928097643784,7.2063892962661935,2000,10
2000-11,1.028,32.55,174.2,0.131407829965241,0.35246522284091414,0.6626806652475867,-0.0878466474649499,1.5086731094527364,47.76975652985075,1.137375155472637,0.41123052905073443,3.8663927306723394,0.02761516703297339,0.28250741666176327,-1.8036356390943862,0.706859959561285,-0.7863076595828704,1.9120983048036475,-20.311436789528027,-0.4833891714261013,0.2507295936953181,0.36717503444825483,0.28690292562570446,0.12917823943303117,0.15955963008740215,0.0034758854974864355,3.7946573530423646,3.8180350537974523,3.8001053656643546,3.7238623776152076,3.7323373267120994,3.6194104287658257,0.19374185893632187,0.28680959893417063,0.22446717824471804,0.14298548010119216,0.164891921658671,0.12173507501502882,-0.14145062447534132,-0.01816397062767118,-0.10536051565782628,-0.2718087232954908,-0.2484613592984996,-0.41400143913045073,0.407754643553248,0.2469823019065136,0.44161660616342413,0.16077234164673443,0.7068599595612852,1.912098304803648,-0.48338917142609716,0.4828499760988775,0.46710852186316854,0.43437696227496725,0.5768233601048498,0.8942798429192248,0.55168567353207,0.42706816190997987,0.30773221441754295,0.3682061612372136,0.5687635726285167,0.9634165135190638,0.7745419595767582,0.05578181418889738,0.15937630744562553,0.06617080103775344,0.00805978747633318,-0.06913667059983891,-0.2228562860446885,0.5168065782779051,0.5010299028088362,0.46734051182625197,0.607668035455948,0.925952642785892,0.5775517772442512,1.1971348139192008,0.878962392009238,1.2032620205126714,2.1505431282045753,1.5774027737696432,1.7830100182590902,1.6485802743384987,3.2809713487319554,7.561477720193997,2000,11
2000-12,0.863,25.66,174.6,-1.1547877445935013,-1.383543356897473,0.0,0.476809795756988,1.2636207297632684,37.5718515941199,0.8945678950980929,0.23398119513195254,3.626255142218152,-0.14734058789870913,0.34539567119716863,-2.9584233836878875,-0.26123527878760366,-2.1698510164803437,0.5705101803205699,-19.83462699377104,-2.150433618678743,0.297738308631602,0.41123052905073443,0.40392274127633665,0.15309127324280458,0.14208896451469613,0.059857452326759736,3.8184124118852196,3.8663927306723394,3.887806636208331,3.789671227953892,3.715978172110658,3.6526061332656723,0.21699551502975037,0.28250741666176327,0.2537857233513744,0.101089663572281,0.16378041068740645,0.14492093734445577,-0.09154664275393064,0.02761516703297339,0.016857117066422806,-0.24207156119972859,-0.26006690541880756,-0.355247391947547,0.1741237428051928,-0.026350991047520367,0.20790680404883788,0.20047473385271286,-0.26123527878760333,0.5705101803205701,-2.15043361867874,0.4546718566736105,0.407754643553248,0.47063645970827367,0.5422401872330146,0.6758632389164533,0.8090680860885912,0.373437950122979,0.2469823019065136,0.3514684951936431,0.5940393736675698,0.750363038671046,0.9266680670852137,0.0812339065506309,0.16077234164673443,0.11916796451463096,-0.05179918643455528,-0.07449979975459275,-0.11759998099662261,0.4891313400624844,0.44161660616342413,0.5046174679014174,0.5789089908701016,0.7127941779437419,0.8354801856283685,0.706859959561285,0.5896539262571195,2.1063185589961786,1.9120983048036475,1.5254989598202044,2.540478452463328,-0.4833891714261013,2.7853972552455057,6.011309969286943,2000,12
2001-01,0.87,25.62,175.6,0.9121579019933282,0.6118063500354135,-1.2654289453625536,0.634340852374585,1.266615874145786,37.29965367312074,0.8880869922171604,0.23634867790163963,3.6189840417037358,-0.13926206733350766,0.3550342544812724,-2.0462654816945594,0.07889063435319887,-1.5580446664449301,0.7530254878836213,-19.200286141396454,-0.8447442700397071,0.3112199622797933,0.23398119513195254,0.36717503444825483,0.16410734814577677,0.07284691505352792,0.16496700815462287,3.79117639759593,3.626255142218152,3.8180350537974523,3.74846345701495,3.5277454455727484,3.651217669450794,0.2577131829672316,0.34539567119716863,0.28680959893417063,0.15331350941419483,0.2827710877641477,0.2514189569871973,-0.07575814720376073,-0.14734058789870913,-0.01816397062767118,-0.22815609313775398,-0.3298939212610904,-0.24718012914245105,0.07138166974701676,-0.03223362774705807,0.1079180618089434,0.10361529749407511,0.07889063435319921,0.7530254878836216,-0.8447442700397048,0.3933191159356402,0.1741237428051928,0.46710852186316854,0.40591436540899084,0.48438275610829207,0.8218875049074904,0.27003955600379825,-0.026350991047520367,0.30773221441754295,0.3721991543153944,0.36811219639201287,0.8036782765466866,0.12327955993184223,0.20047473385271286,0.15937630744562553,0.03371521109359618,0.11627055971627898,0.018209228360803964,0.4272976422589405,0.20790680404883788,0.5010299028088362,0.44127456080487526,0.5140761490334386,0.8494341568629856,-0.26123527878760366,1.1971348139192008,0.6676100193467711,0.5705101803205699,2.1505431282045753,0.8890101380385756,-2.150433618678743,1.6485802743384987,4.176928097643784,2001,1
2001-02,0.815,27.5,176.0,-0.23496841446135236,-0.41747231175891164,0.0,0.438652152083694,1.1838457694128788,39.94571614583334,0.9510884796626985,0.16876826565673733,3.6875214360705373,-0.2045671657412744,0.21891644786956826,-2.2812338961559115,-0.3207074956499445,-1.9755169782038418,-0.13065335955332041,-18.76163398931276,-0.5965952521413799,0.3232601839057705,0.23634867790163963,0.41123052905073443,0.28690292562570446,0.12917823943303117,0.15955963008740215,3.769596495044061,3.6189840417037358,3.8663927306723394,3.8001053656643546,3.7238623776152076,3.7323373267120994,0.2913333071450779,0.3550342544812724,0.28250741666176327,0.22446717824471804,0.14298548010119216,0.164891921658671,-0.06094247623638634,-0.13926206733350766,0.02761516703297339,-0.10536051565782628,-0.2718087232954908,-0.2484613592984996,0.009208635569335183,-0.044815890641562106,0.04389419355722521,0.05402452621089726,-0.32070749564994405,-0.13065335955332014,-0.5965952521413769,0.3375636666586445,0.07138166974701676,0.407754643553248,0.43437696227496725,0.5768233601048498,0.8942798429192248,0.20263409232672247,-0.03223362774705807,0.2469823019065136,0.3682061612372136,0.5687635726285167,0.9634165135190638,0.13492957433192201,0.10361529749407511,0.16077234164673443,0.06617080103775344,0.00805978747633318,-0.06913667059983891,0.3717382257596185,0.1079180618089434,0.44161660616342413,0.46734051182625197,0.607668035455948,0.925952642785892,0.07889063435319887,0.706859959561285,0.878962392009238,0.7530254878836213,1.9120983048036475,1.5774027737696432,-0.8447442700397071,-0.4833891714261013,3.2809713487319554,2001,2
2001-03,0.748,24.5,176.1,-0.28232111592355175,-0.07007910846780958,-0.43707052420210213,-1.63713506588595,1.085906486844596,35.56779268408102,0.8468522067638338,0.08241510992634332,3.5714405284846844,-0.2903523010076598,0.24864419972502722,-2.5635550120794632,-0.7902662996358165,-2.0455960866716514,-0.06029249779013947,-20.39876905519871,-2.400552725940077,0.3035710739109426,0.16876826565673733,0.23398119513195254,0.40392274127633665,0.15309127324280458,0.14208896451469613,3.7508325067784245,3.6875214360705373,3.626255142218152,3.887806636208331,3.789671227953892,3.715978172110658,0.29040818541588626,0.21891644786956826,0.34539567119716863,0.2537857233513744,0.101089663572281,0.16378041068740645,-0.07747691791696103,-0.2045671657412744,-0.14734058789870913,0.016857117066422806,-0.24207156119972859,-0.26006690541880756,-0.05967385458835281,-0.14453764362597354,-0.030285395588852237,0.08486378903762076,-0.7902662996358161,-0.06029249779013934,-2.4005527259400736,0.2667022788743725,0.009208635569335183,0.1741237428051928,0.47063645970827367,0.5422401872330146,0.6758632389164533,0.13379708368026,-0.044815890641562106,-0.026350991047520367,0.3514684951936431,0.5940393736675698,0.750363038671046,0.13290519519411267,0.05402452621089726,0.20047473385271286,0.11916796451463096,-0.05179918643455528,-0.07449979975459275,0.3011638393814473,0.04389419355722521,0.20790680404883788,0.5046174679014174,0.5789089908701016,0.7127941779437419,-0.3207074956499445,-0.26123527878760366,0.5896539262571195,-0.13065335955332041,0.5705101803205699,1.5254989598202044,-0.5965952521413799,-2.150433618678743,2.7853972552455057,2001,3
2001-04,0.77,25.66,176.4,-0.13350104994165551,-0.010501248975795607,0.0,1.35566683899783,1.115943816137566,37.18846535336357,0.8854396512705611,0.10970051872906499,3.615998642050963,-0.2613647641344075,0.23137149496147041,-2.697056062021119,0.6445738207213929,-2.056097335647447,1.2648897715637855,-19.04310221620088,0.946798250731093,0.24998646868594374,0.08241510992634332,0.23634867790163963,0.36717503444825483,0.16410734814577677,0.07284691505352792,3.6981048221578168,3.5714405284846844,3.6189840417037358,3.8180350537974523,3.74846345701495,3.5277454455727484,0.28955126481149507,0.24864419972502722,0.3550342544812724,0.28680959893417063,0.15331350941419483,0.2827710877641477,-0.1286784875959748,-0.2903523010076598,-0.13926206733350766,-0.01816397062767118,-0.22815609313775398,-0.3298939212610904,0.03685360367553707,0.0882531964782145,0.0685291571266829,-0.05139959280267731,0.6445738207213934,1.2648897715637855,0.9467982507310957,0.17831722649160142,-0.05967385458835281,0.07138166974701676,0.46710852186316854,0.40591436540899084,0.48438275610829207,0.051129393876990115,-0.14453764362597354,-0.03223362774705807,0.30773221441754295,0.3721991543153944,0.36811219639201287,0.127187832614611,0.08486378903762076,0.10361529749407511,0.15937630744562553,0.03371521109359618,0.11627055971627898,0.21201336213306907,-0.030285395588852237,0.1079180618089434,0.5010299028088362,0.44127456080487526,0.5140761490334386,-0.7902662996358165,0.07889063435319887,1.1971348139192008,-0.06029249779013947,0.7530254878836213,2.1505431282045753,-2.400552725940077,-0.8447442700397071,1.6485802743384987,2001,4
2001-05,0.821,28.31,177.3,0.382852075927612,-0.10738722540807734,0.0,1.47450308759353,1.1838170948486557,40.82078191859372,0.9719233790141362,0.16874404382629238,3.7091913124798093,-0.1972321695297089,0.19722234962985125,-2.314203986093507,0.19464954725867006,-2.1634845610555242,0.19915894197866835,-17.56859912860735,1.56702981961236,0.20707404939941207,0.10970051872906499,0.16876826565673733,0.41123052905073443,0.28690292562570446,0.12917823943303117,3.6644320868667353,3.615998642050963,3.6875214360705373,3.8663927306723394,3.8001053656643546,3.7238623776152076,0.28031158081604507,0.23137149496147041,0.21891644786956826,0.28250741666176327,0.22446717824471804,0.14298548010119216,-0.16921195318043084,-0.2613647641344075,-0.2045671657412744,0.02761516703297339,-0.10536051565782628,-0.2718087232954908,0.03956580439326121,-0.014671065135398287,0.07457655376578187,0.05423686952865908,0.19464954725867045,0.19915894197866857,1.5670298196123618,0.1066080734603295,0.03685360367553707,0.009208635569335183,0.407754643553248,0.43437696227496725,0.5768233601048498,0.014549557553769077,0.0882531964782145,-0.044815890641562106,0.2469823019065136,0.3682061612372136,0.5687635726285167,0.09205851590656053,-0.05139959280267731,0.05402452621089726,0.16077234164673443,0.06617080103775344,0.00805978747633318,0.1399299045193769,0.0685291571266829,0.04389419355722521,0.44161660616342413,0.46734051182625197,0.607668035455948,0.6445738207213929,-0.3207074956499445,0.706859959561285,1.2648897715637855,-0.13065335955332041,1.9120983048036475,0.946798250731093,-0.5965952521413799,-0.4833891714261013,2001,5
2001-06,0.767,27.85,177.7,-0.13117614844802208,-0.5153722593958544,0.9911487859559469,0.875359902148032,1.1034638796661043,40.06710436597262,0.9539786753803005,0.09845421366067725,3.690555657648851,-0.26526847761488087,0.14556817429519456,-2.445380134541529,-0.4621071172012995,-2.6788568204513785,-0.9249019098290486,-16.69323922645932,1.7569414441869462,0.1666596351953384,0.16874404382629238,0.08241510992634332,0.23398119513195254,0.40392274127633665,0.15309127324280458,3.6382318505013136,3.7091913124798093,3.5714405284846844,3.626255142218152,3.887806636208331,3.789671227953892,0.26609740297739304,0.19722234962985125,0.24864419972502722,0.34539567119716863,0.2537857233513744,0.101089663572281,-0.20668650927421126,-0.1972321695297089,-0.2903523010076598,-0.14734058789870913,0.016857117066422806,-0.24207156119972859,-0.054637059582127334,-0.09911557030504081,-0.023196916415152286,0.04447851072291356,-0.4621071172012994,-0.9249019098290483,1.7569414441869462,0.04524326693366505,0.03956580439326121,-0.05967385458835281,0.1741237428051928,0.47063645970827367,0.5422401872330146,-0.029059336953216608,-0.014671065135398287,-0.14453764362597354,-0.026350991047520367,0.3514684951936431,0.5940393736675698,0.07430260388688129,0.05423686952865908,0.08486378903762076,0.20047473385271286,0.11916796451463096,-0.05179918643455528,0.07875656245310317,0.07457655376578187,-0.030285395588852237,0.20790680404883788,0.5046174679014174,0.5789089908701016,0.19464954725867006,-0.7902662996358165,-0.26123527878760366,0.19915894197866835,-0.06029249779013947,0.5705101803205699,1.56702981961236,-2.400552725940077,-2.150433618678743,2001,6
2001-07,0.711,24.61,177.4,-0.23823527068152017,0.03085633965245646,2.059923297420696,-2.2532549288076,1.0246278847237882,35.46567122792184,0.8444207435219485,0.0243295073817883,3.568565220963649,-0.3410828491788962,0.19343390470150765,-2.6836154052230494,-0.28790938644118846,-2.648000480798922,-0.3066520321398636,-18.94649415526692,0.8408963603834767,0.14407180495012586,0.09845421366067725,0.10970051872906499,0.23634867790163963,0.36717503444825483,0.16410734814577677,3.6489486030730967,3.690555657648851,3.615998642050963,3.6189840417037358,3.8180350537974523,3.74846345701495,0.23279282016039735,0.14556817429519456,0.23137149496147041,0.3550342544812724,0.28680959893417063,0.15331350941419483,-0.22634115756023987,-0.26526847761488087,-0.2613647641344075,-0.13926206733350766,-0.01816397062767118,-0.22815609313775398,-0.13977784076398847,-0.17989823605130084,-0.11292675604114222,0.040120395287312816,-0.28790938644118835,-0.30665203213986336,0.8408963603834749,0.007116466535778354,-0.054637059582127334,0.03685360367553707,0.07138166974701676,0.46710852186316854,0.40591436540899084,-0.04118676682947031,-0.09911557030504081,0.0882531964782145,-0.03223362774705807,0.30773221441754295,0.3721991543153944,0.04830323336524808,0.04447851072291356,-0.05139959280267731,0.10361529749407511,0.15937630744562553,0.03371521109359618,0.040239275709104794,-0.023196916415152286,0.0685291571266829,0.1079180618089434,0.5010299028088362,0.44127456080487526,-0.4621071172012995,0.6445738207213929,0.07889063435319887,-0.9249019098290486,1.2648897715637855,0.7530254878836213,1.7569414441869462,0.946798250731093,-0.8447442700397071,2001,7
2001-08,0.764,25.68,177.4,-0.08262419124504695,-0.048676025002647214,0.0,0.643690628431223,1.1010066159338594,37.00765693348366,0.881134688892468,0.09622486674506774,3.6111248353824448,-0.2691874898156165,0.22276964964599116,-2.7662395964680964,-0.5217962284059781,-2.696676505801569,-1.130302776708193,-18.302803526835696,1.6962979605431223,0.10873527653015064,0.0243295073817883,0.16874404382629238,0.16876826565673733,0.41123052905073443,0.28690292562570446,3.6405454662830823,3.568565220963649,3.7091913124798093,3.6875214360705373,3.8663927306723394,3.8001053656643546,0.20585942853043657,0.19343390470150765,0.19722234962985125,0.21891644786956826,0.28250741666176327,0.22446717824471804,-0.2599779545344713,-0.3410828491788962,-0.1972321695297089,-0.2045671657412744,0.02761516703297339,-0.10536051565782628,-0.1906780588806367,-0.18898053028190986,-0.16382697415779024,-0.0016975285987268773,-0.5217962284059778,-1.1303027767081923,1.69629796054312,-0.02807678521605586,-0.13977784076398847,0.03956580439326121,0.009208635569335183,0.407754643553248,0.43437696227496725,-0.06579753488017737,-0.17989823605130084,-0.014671065135398287,-0.044815890641562106,0.2469823019065136,0.3682061612372136,0.03772074966412106,0.040120395287312816,0.05423686952865908,0.05402452621089726,0.16077234164673443,0.06617080103775344,0.003431806067423826,-0.11292675604114222,0.07457655376578187,0.04389419355722521,0.44161660616342413,0.46734051182625197,-0.28790938644118846,0.19464954725867006,-0.3207074956499445,-0.3066520321398636,0.19915894197866835,-0.13065335955332041,0.8408963603834767,1.56702981961236,-0.5965952521413799,2001,8
2001-09,0.738,25.62,178.1,0.0844665510672671,-0.2606491339693606,1.780250650915509,0.11952310330198,1.059357700729927,36.77607627737227,0.8756208637469588,0.057662781758883,3.604847532609136,-0.30381145438166457,0.19048486743311546,-2.681773045400829,-1.2206187409332772,-2.9573256397709295,-2.199223794764403,-18.183280423533716,0.7052856165477825,0.09664471004487236,0.09622486674506774,0.09845421366067725,0.08241510992634332,0.23398119513195254,0.40392274127633665,3.6278126995017335,3.6111248353824448,3.690555657648851,3.5714405284846844,3.626255142218152,3.887806636208331,0.20650162882650705,0.22276964964599116,0.14556817429519456,0.24864419972502722,0.34539567119716863,0.2537857233513744,-0.27074800854686165,-0.2691874898156165,-0.26526847761488087,-0.2903523010076598,-0.14734058789870913,0.016857117066422806,-0.34625995951745364,-0.28295910359919496,-0.32066857144808736,-0.06330085591825893,-1.220618740933277,-2.199223794764402,0.7052856165477799,-0.06139123429105116,-0.1906780588806367,-0.054637059582127334,-0.05967385458835281,0.1741237428051928,0.47063645970827367,-0.08982497482023533,-0.18898053028190986,-0.09911557030504081,-0.14453764362597354,-0.026350991047520367,0.3514684951936431,0.028433740529183682,-0.0016975285987268773,0.04447851072291356,0.08486378903762076,0.20047473385271286,0.11916796451463096,-0.03118838855174541,-0.16382697415779024,-0.023196916415152286,-0.030285395588852237,0.20790680404883788,0.5046174679014174,-0.5217962284059781,-0.4621071172012995,-0.7902662996358165,-1.130302776708193,-0.9249019098290486,-0.06029249779013947,1.6962979605431223,1.7569414441869462,-2.400552725940077,2001,9
2001-10,0.622,20.54,177.6,-0.8934200544951337,-0.483351706244397,0.0,-2.23990694975732,0.8953598357732733,29.56702737424925,0.7039768422440298,-0.11052959036486384,3.386659800378506,-0.4748151862429576,0.24048022753999845,-3.5751930998959627,-1.640149630836336,-3.4406773460153266,-2.3019044635915424,-20.423187373291036,-0.19959723122795703,0.09251932201696232,0.057662781758883,0.0243295073817883,0.10970051872906499,0.23634867790163963,0.36717503444825483,3.6333805335224754,3.604847532609136,3.568565220963649,3.615998642050963,3.6189840417037358,3.8180350537974523,0.19680840677785508,0.19048486743311546,0.19343390470150765,0.23137149496147041,0.3550342544812724,0.28680959893417063,-0.2729912007758624,-0.30381145438166457,-0.3410828491788962,-0.2613647641344075,-0.13926206733350766,-0.01816397062767118,-0.4777046248131187,-0.43137525341894634,-0.45665121561528643,-0.046329371394172175,-1.6401496308363355,-2.301904463591542,-0.19959723122795836,-0.10915558511256797,-0.34625995951745364,-0.13977784076398847,0.03685360367553707,0.07138166974701676,0.46710852186316854,-0.11289521814910497,-0.28295910359919496,-0.17989823605130084,0.0882531964782145,-0.03223362774705807,0.30773221441754295,0.0037396330365370434,-0.06330085591825893,0.040120395287312816,-0.05139959280267731,0.10361529749407511,0.15937630744562553,-0.07958558452828451,-0.32066857144808736,-0.11292675604114222,0.0685291571266829,0.1079180618089434,0.5010299028088362,-1.2206187409332772,-0.28790938644118846,0.6445738207213929,-2.199223794764403,-0.3066520321398636,1.2648897715637855,0.7052856165477825,0.8408963603834767,0.946798250731093,2001,10
2001-11,0.543,18.8,177.5,-0.33380428820602753,-0.9647423220166947,-7.153274834858876,-1.54234776590863,0.7820808605633803,27.077569389671368,0.6447040330874135,-0.2457971415275086,3.2987056873565965,-0.6106459590482015,0.19316678939926296,-3.9089973881019904,-2.1053617490076046,-4.405419668032021,-3.6191120084491515,-21.965535139199666,-1.6540983496716373,0.05581430383464084,-0.11052959036486384,0.09622486674506774,0.16874404382629238,0.16876826565673733,0.41123052905073443,3.5951573932437326,3.386659800378506,3.6111248353824448,3.7091913124798093,3.6875214360705373,3.8663927306723394,0.1983265288742764,0.24048022753999845,0.22276964964599116,0.19722234962985125,0.21891644786956826,0.28250741666176327,-0.30856627112728746,-0.4748151862429576,-0.2691874898156165,-0.1972321695297089,-0.2045671657412744,0.02761516703297339,-0.657027670578243,-0.5676870433157428,-0.6382611260811749,-0.0893406272625003,-2.105361749007604,-3.6191120084491506,-1.6540983496716386,-0.19491528986067727,-0.4777046248131187,-0.1906780588806367,0.03956580439326121,0.009208635569335183,0.407754643553248,-0.199499959798632,-0.43137525341894634,-0.18898053028190986,-0.014671065135398287,-0.044815890641562106,0.2469823019065136,0.004584669937954533,-0.046329371394172175,-0.0016975285987268773,0.05423686952865908,0.05402452621089726,0.16077234164673443,-0.16711564665194614,-0.45665121561528643,-0.16382697415779024,0.07457655376578187,0.04389419355722521,0.44161660616342413,-1.640149630836336,-0.5217962284059781,0.19464954725867006,-2.3019044635915424,-1.130302776708193,0.19915894197866835,-0.19959723122795703,1.6962979605431223,1.56702981961236,2001,11
2001-12,0.515,18.71,177.4,0.11088930918140441,0.2641467632372229,-1.864152959457222,0.940719367997674,0.7421706900601279,26.963133225291244,0.6419793625069344,-0.29817602175771635,3.2944704968466825,-0.6635883783184009,0.14502309967896926,-3.798108078920586,-0.8396846952326987,-4.141272904794798,-1.9714218883144552,-21.024815771201993,-1.1901887774309514,-0.01327589372432599,-0.2457971415275086,0.057662781758883,0.09845421366067725,0.08241510992634332,0.23398119513195254,3.5267431223898638,3.2987056873565965,3.604847532609136,3.690555657648851,3.5714405284846844,3.626255142218152,0.19765060216917837,0.19316678939926296,0.19048486743311546,0.14556817429519456,0.24864419972502722,0.34539567119716863,-0.3774685693803696,-0.6106459590482015,-0.30381145438166457,-0.26526847761488087,-0.2903523010076598,-0.14734058789870913,-0.5321572168896689,-0.33178464537146946,-0.5162477904196918,-0.20037257151819937,-0.8396846952326986,-1.9714218883144543,-1.1901887774309543,-0.31101420235592797,-0.657027670578243,-0.34625995951745364,-0.054637059582127334,-0.05967385458835281,0.1741237428051928,-0.29166928949535587,-0.5676870433157428,-0.28295910359919496,-0.09911557030504081,-0.14453764362597354,-0.026350991047520367,-0.019344912860571994,-0.0893406272625003,-0.06330085591825893,0.04447851072291356,0.08486378903762076,0.20047473385271286,-0.28592192662643895,-0.6382611260811749,-0.32066857144808736,-0.023196916415152286,-0.030285395588852237,0.20790680404883788,-2.1053617490076046,-1.2206187409332772,-0.4621071172012995,-3.6191120084491515,-2.199223794764403,-0.9249019098290486,-1.6540983496716373,0.7052856165477825,1.7569414441869462,2001,12
2002-01,0.533,19.42,177.7,-0.43652717969587573,-0.35991009278390557,0.0,0.91496571598912,0.7668138824798351,27.93907241605703,0.6652160099061197,-0.2655111635407345,3.330026154138737,-0.6292338548162925,0.14213230060389698,-4.2346352586164615,-2.1883697769219026,-4.501182997578703,-2.9431383311337744,-20.109850055212874,-0.9095639138164162,-0.07938093296072492,-0.29817602175771635,-0.11052959036486384,0.0243295073817883,0.10970051872906499,0.23634867790163963,3.4607289289228356,3.2944704968466825,3.386659800378506,3.568565220963649,3.615998642050963,3.6189840417037358,0.1975597563998075,0.14502309967896926,0.24048022753999845,0.19343390470150765,0.23137149496147041,0.3550342544812724,-0.44385521949762285,-0.6635883783184009,-0.4748151862429576,-0.3410828491788962,-0.2613647641344075,-0.13926206733350766,-0.5018598414423742,-0.28895788756499874,-0.4899717874827848,-0.21290195387737543,-2.188369776921902,-2.943138331133773,-0.9095639138164202,-0.3906008952405182,-0.5321572168896689,-0.4777046248131187,-0.13977784076398847,0.03685360367553707,0.07138166974701676,-0.3304474686730945,-0.33178464537146946,-0.43137525341894634,-0.17989823605130084,0.0882531964782145,-0.03223362774705807,-0.06015342656742412,-0.20037257151819937,-0.046329371394172175,0.040120395287312816,-0.05139959280267731,0.10361529749407511,-0.3680970722938621,-0.5162477904196918,-0.45665121561528643,-0.11292675604114222,0.0685291571266829,0.1079180618089434,-0.8396846952326987,-1.640149630836336,-0.28790938644118846,-1.9714218883144552,-2.3019044635915424,-0.3066520321398636,-1.1901887774309514,-0.19959723122795703,0.8408963603834767,2002,1
2002-02,0.551,20.28,178.0,0.5805748370697893,0.7240526164839592,0.0,0.527459813272712,0.7913740079588016,29.127159494382028,0.6935037974852863,-0.23398459368514407,3.3716710548670608,-0.5960204698292225,0.13201396973116336,-3.654060421546672,-1.372826525390761,-3.777130381094744,-1.8016134028909034,-19.58239024194016,-0.8207562526273984,-0.12768771144781207,-0.2655111635407345,-0.2457971415275086,0.09622486674506774,0.16874404382629238,0.16876826565673733,3.42097241778535,3.330026154138737,3.2987056873565965,3.6111248353824448,3.7091913124798093,3.6875214360705373,0.18900948905020573,0.14213230060389698,0.19316678939926296,0.22276964964599116,0.19722234962985125,0.21891644786956826,-0.49188038710385557,-0.6292338548162925,-0.6106459590482015,-0.2691874898156165,-0.1972321695297089,-0.2045671657412744,-0.40275285934188143,-0.3158503812034765,-0.3914533040879481,-0.0869024781384049,-1.3728265253907606,-1.801613402890902,-0.820756252627401,-0.4509478953535826,-0.5018598414423742,-0.657027670578243,-0.1906780588806367,0.03956580439326121,0.009208635569335183,-0.3486240772587106,-0.28895788756499874,-0.5676870433157428,-0.18898053028190986,-0.014671065135398287,-0.044815890641562106,-0.10232381809487215,-0.21290195387737543,-0.0893406272625003,-0.0016975285987268773,0.05423686952865908,0.05402452621089726,-0.43093791086746924,-0.4899717874827848,-0.6382611260811749,-0.16382697415779024,0.07457655376578187,0.04389419355722521,-2.1883697769219026,-2.1053617490076046,-0.5217962284059781,-2.9431383311337744,-3.6191120084491515,-1.130302776708193,-0.9095639138164162,-1.6540983496716373,1.6962979605431223,2002,2
2002-03,0.63,23.7,178.5,0.47071460575224844,0.3589300591416047,0.060959232725170426,1.334873276838,0.9023032352941178,33.94378837535014,0.8081854375083366,-0.1028046343800888,3.524705873357555,-0.4620354595965587,0.11015911054572439,-3.1833458157944237,-0.6197908037149609,-3.4182003219531394,-1.3726042352814893,-18.24751696510216,2.151252090096552,-0.18272262151951402,-0.23398459368514407,-0.29817602175771635,0.057662781758883,0.09845421366067725,0.08241510992634332,3.3810634543661195,3.3716710548670608,3.2944704968466825,3.604847532609136,3.690555657648851,3.5714405284846844,0.1738835423977344,0.13201396973116336,0.14502309967896926,0.19048486743311546,0.14556817429519456,0.24864419972502722,-0.5463525504394565,-0.5960204698292225,-0.6635883783184009,-0.30381145438166457,-0.26526847761488087,-0.2903523010076598,-0.18521974430643212,-0.046734655127129265,-0.17168315858889888,-0.13848508917930283,-0.6197908037149604,-1.372604235281488,2.1512520900965484,-0.48629369543045664,-0.40275285934188143,-0.5321572168896689,-0.34625995951745364,-0.054637059582127334,-0.05967385458835281,-0.36976905241230495,-0.3158503812034765,-0.33178464537146946,-0.28295910359919496,-0.09911557030504081,-0.14453764362597354,-0.11652464301815185,-0.0869024781384049,-0.20037257151819937,-0.06330085591825893,0.04447851072291356,0.08486378903762076,-0.4688756325224955,-0.3914533040879481,-0.5162477904196918,-0.32066857144808736,-0.023196916415152286,-0.030285395588852237,-1.372826525390761,-0.8396846952326987,-1.2206187409332772,-1.8016134028909034,-1.9714218883144552,-2.199223794764403,-0.8207562526273984,-1.1901887774309514,0.7052856165477825,2002,3
2002-04,0.669,25.73,179.3,0.20330681040741025,-0.4564868015191562,0.0,0.0674929040215235,0.9538849874511992,36.68678733500651,0.873494936547774,-0.04721217302883223,3.602416672118729,-0.4019712188539085,0.08804077313580697,-2.9800390053870136,-0.28298294336589513,-3.8746871234722957,-1.81858978782485,-18.180024061080637,0.8630781551202453,-0.20946719087600932,-0.1028046343800888,-0.2655111635407345,-0.11052959036486384,0.0243295073817883,0.10970051872906499,3.367706511157523,3.524705873357555,3.330026154138737,3.386659800378506,3.568565220963649,3.615998642050963,0.16049591624983592,0.11015911054572439,0.14213230060389698,0.24048022753999845,0.19343390470150765,0.23137149496147041,-0.5727232179752723,-0.4620354595965587,-0.6292338548162925,-0.4748151862429576,-0.3410828491788962,-0.2613647641344075,-0.1569126917578972,-0.013581969932233928,-0.140606454719501,-0.14333072182566345,-0.2829829433658948,-1.8185897878248487,0.8630781551202418,-0.45945365956195305,-0.18521974430643212,-0.5018598414423742,-0.4777046248131187,-0.13977784076398847,0.03685360367553707,-0.3303983110002937,-0.046734655127129265,-0.28895788756499874,-0.43137525341894634,-0.17989823605130084,0.0882531964782145,-0.12905534856165915,-0.13848508917930283,-0.21290195387737543,-0.046329371394172175,0.040120395287312816,-0.05139959280267731,-0.4440447303792975,-0.17168315858889888,-0.4899717874827848,-0.45665121561528643,-0.11292675604114222,0.0685291571266829,-0.6197908037149609,-2.1883697769219026,-1.640149630836336,-1.3726042352814893,-2.9431383311337744,-2.3019044635915424,2.151252090096552,-0.9095639138164162,-0.19959723122795703,2002,4
2002-05,0.666,25.35,179.5,-0.14838047495415302,0.025584347469114737,0.0,-0.411584928306408,0.9485494178272983,36.10469630919221,0.8596356264093382,-0.052821389933917766,3.5864229485450223,-0.40646560844174784,0.09842527980442833,-3.1284194803411665,-0.8142154942476602,-3.849102776003181,-1.685618214947658,-18.591608989387044,-1.023009860779693,-0.19891428798667068,-0.04721217302883223,-0.23398459368514407,-0.2457971415275086,0.09622486674506774,0.16874404382629238,3.403665989780894,3.602416672118729,3.3716710548670608,3.2987056873565965,3.6111248353824448,3.7091913124798093,0.13508934051580399,0.08804077313580697,0.13201396973116336,0.19316678939926296,0.22276964964599116,0.19722234962985125,-0.5605825567437641,-0.4019712188539085,-0.5960204698292225,-0.6106459590482015,-0.2691874898156165,-0.1972321695297089,-0.22156543376021015,-0.12276836393478696,-0.20923343891203894,-0.09879706982542291,-0.8142154942476596,-1.6856182149476568,-1.0230098607796947,-0.40598833738608275,-0.1569126917578972,-0.40275285934188143,-0.657027670578243,-0.1906780588806367,0.03956580439326121,-0.2607660970858414,-0.013581969932233928,-0.3158503812034765,-0.5676870433157428,-0.18898053028190986,-0.014671065135398287,-0.14522224030024108,-0.14333072182566345,-0.0869024781384049,-0.0893406272625003,-0.0016975285987268773,0.05423686952865908,-0.3913706035633333,-0.140606454719501,-0.3914533040879481,-0.6382611260811749,-0.16382697415779024,0.07457655376578187,-0.28298294336589513,-1.372826525390761,-2.1053617490076046,-1.81858978782485,-1.8016134028909034,-3.6191120084491515,0.8630781551202453,-0.8207562526273984,-1.6540983496716373,2002,5
2002-06,0.653,24.08,179.6,-0.4702354485716006,-0.7215148709329352,1.1455581232954777,0.367410541992509,0.9295163525426876,34.27680515961396,0.816114408562237,-0.07309087913764159,3.5344688910086846,-0.42617814970570594,0.1301098481370422,-3.598654928912767,-1.1532747943712387,-4.570617646936117,-1.8917608264847388,-18.224198447394535,-1.5309592209352159,-0.16675166272107225,-0.052821389933917766,-0.1028046343800888,-0.29817602175771635,0.057662781758883,0.09845421366067725,3.451618866645631,3.5864229485450223,3.524705873357555,3.2944704968466825,3.604847532609136,3.690555657648851,0.1192990889166649,0.09842527980442833,0.11015911054572439,0.14502309967896926,0.19048486743311546,0.14556817429519456,-0.5265524983093551,-0.40646560844174784,-0.4620354595965587,-0.6635883783184009,-0.30381145438166457,-0.26526847761488087,-0.17154509279831884,-0.15608676664016663,-0.16090967209082507,-0.015458326158152347,-1.1532747943712378,-1.891760826484738,-1.530959220935216,-0.33341129791641066,-0.22156543376021015,-0.18521974430643212,-0.5321572168896689,-0.34625995951745364,-0.054637059582127334,-0.18661298385568248,-0.12276836393478696,-0.046734655127129265,-0.33178464537146946,-0.28295910359919496,-0.09911557030504081,-0.14679831406072813,-0.09879706982542291,-0.13848508917930283,-0.20037257151819937,-0.06330085591825893,0.04447851072291356,-0.31986598903514385,-0.20923343891203894,-0.17168315858889888,-0.5162477904196918,-0.32066857144808736,-0.023196916415152286,-0.8142154942476602,-0.6197908037149609,-0.8396846952326987,-1.685618214947658,-1.3726042352814893,-1.9714218883144552,-1.023009860779693,2.151252090096552,-1.1901887774309514,2002,6
2002-07,0.691,25.74,180.0,0.26085053817494863,0.17759138928145982,0.0,0.567757834716637,0.9814218615740741,36.55831941666667,0.8704361765873017,-0.018752879668514074,3.598908777713934,-0.36961545521446726,0.12000796090092047,-3.3378043907378183,-0.6541889855147698,-4.393026257654657,-1.7450257768557353,-17.656440612677898,1.290053542589021,-0.1292374722843931,-0.07309087913764159,-0.04721217302883223,-0.2655111635407345,-0.11052959036486384,0.0243295073817883,3.491618599005965,3.5344688910086846,3.602416672118729,3.330026154138737,3.386659800378506,3.568565220963649,0.11681354699301039,0.1301098481370422,0.08804077313580697,0.14213230060389698,0.24048022753999845,0.19343390470150765,-0.4869841268739061,-0.42617814970570594,-0.4019712188539085,-0.6292338548162925,-0.4748151862429576,-0.3410828491788962,-0.04308238705030237,0.030343556750284773,-0.028532606035571062,-0.07342594380058717,-0.6541889855147689,-1.7450257768557345,1.2900535425890212,-0.273309277234519,-0.17154509279831884,-0.1569126917578972,-0.5018598414423742,-0.4777046248131187,-0.13977784076398847,-0.1573300040671315,-0.15608676664016663,-0.013581969932233928,-0.28895788756499874,-0.43137525341894634,-0.17989823605130084,-0.11597927316738696,-0.015458326158152347,-0.14333072182566345,-0.21290195387737543,-0.046329371394172175,0.040120395287312816,-0.2606429693136662,-0.16090967209082507,-0.140606454719501,-0.4899717874827848,-0.45665121561528643,-0.11292675604114222,-1.1532747943712387,-0.28298294336589513,-2.1883697769219026,-1.8917608264847388,-1.81858978782485,-2.9431383311337744,-1.5309592209352159,0.8630781551202453,-0.9095639138164162,2002,7
2002-08,0.722,26.65,180.5,0.4341383730394186,0.4737358461631059,0.0,0.368637611838447,1.0226103333333334,37.74593543397969,0.8987127484280878,0.02235850857391709,3.6308777992750816,-0.32573014008931084,0.12915032758220396,-2.9036660176983995,-0.13742642123030424,-3.9192904114915508,-1.222613905689982,-17.28780300083945,1.015000525996245,-0.08811109163902305,-0.018752879668514074,-0.052821389933917766,-0.23398459368514407,-0.2457971415275086,0.09622486674506774,3.5364323696018314,3.598908777713934,3.5864229485450223,3.3716710548670608,3.2987056873565965,3.6111248353824448,0.11312615704251429,0.12000796090092047,0.09842527980442833,0.13201396973116336,0.19316678939926296,0.22276964964599116,-0.44371439360693515,-0.36961545521446726,-0.40646560844174784,-0.5960204698292225,-0.6106459590482015,-0.2691874898156165,-0.07386635817115064,0.01975296389263681,-0.05654265027369432,-0.0936193220637872,-0.13742642123030313,-1.2226139056899816,1.0150005259962462,-0.19684636816917367,-0.04308238705030237,-0.22156543376021015,-0.40275285934188143,-0.657027670578243,-0.1906780588806367,-0.1041130966812509,0.030343556750284773,-0.12276836393478696,-0.3158503812034765,-0.5676870433157428,-0.18898053028190986,-0.09273327148792228,-0.07342594380058717,-0.09879706982542291,-0.0869024781384049,-0.0893406272625003,-0.0016975285987268773,-0.18373643907246384,-0.028532606035571062,-0.20923343891203894,-0.3914533040879481,-0.6382611260811749,-0.16382697415779024,-0.6541889855147698,-0.8142154942476602,-1.372826525390761,-1.7450257768557353,-1.685618214947658,-1.8016134028909034,1.290053542589021,-1.023009860779693,-0.8207562526273984,2002,8
2002-09,0.8,28.4,180.8,0.15397994398388445,-0.13206885318146566,0.8155868868967283,0.442189765746039,1.1312061209439528,40.15781729351032,0.9561385069883409,0.12328442716387757,3.6928171236452476,-0.2231435513142097,0.16813692180199835,-2.749686073714515,-0.0679130283136869,-4.0513592646730165,-1.0940336249020874,-16.84561323509341,1.337667188440304,-0.04538724126251286,0.02235850857391709,-0.07309087913764159,-0.1028046343800888,-0.29817602175771635,0.057662781758883,3.5796334936698346,3.6308777992750816,3.5344688910086846,3.524705873357555,3.2944704968466825,3.604847532609136,0.11264888335102104,0.12915032758220396,0.1301098481370422,0.11015911054572439,0.14502309967896926,0.19048486743311546,-0.3986660053169498,-0.32573014008931084,-0.42617814970570594,-0.4620354595965587,-0.6635883783184009,-0.30381145438166457,0.06562164540499457,0.0879695910361118,0.08066790306745486,-0.02234794563111711,-0.06791302831368595,-1.094033624902087,1.3376671884403066,-0.14203195130738522,-0.07386635817115064,-0.17154509279831884,-0.18521974430643212,-0.5321572168896689,-0.34625995951745364,-0.04817920583189883,0.01975296389263681,-0.15608676664016663,-0.046734655127129265,-0.33178464537146946,-0.28295910359919496,-0.09385274547548601,-0.0936193220637872,-0.015458326158152347,-0.13848508917930283,-0.20037257151819937,-0.06330085591825893,-0.12791799677008814,-0.05654265027369432,-0.16090967209082507,-0.17168315858889888,-0.5162477904196918,-0.32066857144808736,-0.13742642123030424,-1.1532747943712387,-0.6197908037149609,-1.222613905689982,-1.8917608264847388,-1.3726042352814893,1.015000525996245,-1.5309592209352159,2.151252090096552,2002,9
2002-10,0.79,27.54,181.2,0.033168315587465066,0.12681804162557084,0.0,-2.52552896430704,1.114600114974246,38.855806539735106,0.9251382509460739,0.10849569930621478,3.6598575261277935,-0.23572233352106983,0.18630779146178963,-2.71651775812705,0.8586753417689118,-3.924541223047446,-0.4838638770321194,-19.37114219940045,1.0520451738905838,-0.0077057310051851305,0.12328442716387757,-0.018752879668514074,-0.04721217302883223,-0.2655111635407345,-0.11052959036486384,3.6076520353844495,3.6928171236452476,3.598908777713934,3.602416672118729,3.330026154138737,3.386659800378506,0.12231185189373338,0.16813692180199835,0.12000796090092047,0.08804077313580697,0.14213230060389698,0.24048022753999845,-0.3588506872698917,-0.2231435513142097,-0.36961545521446726,-0.4019712188539085,-0.6292338548162925,-0.4748151862429576,0.21902528967107862,0.27319772574928747,0.23909285272188777,-0.05417243607820882,0.8586753417689126,-0.4838638770321193,1.052045173890587,-0.10022505302214746,0.06562164540499457,-0.04308238705030237,-0.1569126917578972,-0.5018598414423742,-0.4777046248131187,-0.025728498138025913,0.0879695910361118,0.030343556750284773,-0.013581969932233928,-0.28895788756499874,-0.43137525341894634,-0.0744965548841217,-0.02234794563111711,-0.07342594380058717,-0.14333072182566345,-0.21290195387737543,-0.046329371394172175,-0.0858594864940293,0.08066790306745486,-0.028532606035571062,-0.140606454719501,-0.4899717874827848,-0.45665121561528643,-0.0679130283136869,-0.6541889855147698,-0.28298294336589513,-1.0940336249020874,-1.7450257768557353,-1.81858978782485,1.337667188440304,1.290053542589021,0.8630781551202453,2002,10
2002-11,0.708,24.34,181.5,-0.5642238349118681,-0.4605660726121297,0.0,-0.335286499501478,0.9972563581267218,34.28420869605143,0.8162906832393197,-0.0027474125571593125,3.534684860290639,-0.34531118528841737,0.2002373454355697,-3.2807415930389183,0.6282557950630713,-4.385107295659576,0.020312372372445542,-19.706428698901927,2.2591064402977357,0.018245581050656035,0.10849569930621478,0.02235850857391709,-0.052821389933917766,-0.23398459368514407,-0.2457971415275086,3.6172255110526272,3.6598575261277935,3.6308777992750816,3.5864229485450223,3.3716710548670608,3.2987056873565965,0.13868968828139716,0.18630779146178963,0.12915032758220396,0.09842527980442833,0.13201396973116336,0.19316678939926296,-0.3311425397144186,-0.23572233352106983,-0.32573014008931084,-0.40646560844174784,-0.5960204698292225,-0.6106459590482015,0.24304972897034927,0.23597917293404258,0.26533477375978415,0.007070556036306741,0.628255795063072,0.02031237237244543,2.2591064402977388,-0.037568722783984806,0.21902528967107862,-0.07386635817115064,-0.22156543376021015,-0.40275285934188143,-0.657027670578243,0.022068117808894616,0.27319772574928747,0.01975296389263681,-0.12276836393478696,-0.3158503812034765,-0.5676870433157428,-0.05963684059287924,-0.05417243607820882,-0.0936193220637872,-0.09879706982542291,-0.0869024781384049,-0.0893406272625003,-0.022576268587131132,0.23909285272188777,-0.05654265027369432,-0.20923343891203894,-0.3914533040879481,-0.6382611260811749,0.8586753417689118,-0.13742642123030424,-0.8142154942476602,-0.4838638770321194,-1.222613905689982,-1.685618214947658,1.0520451738905838,1.015000525996245,-1.023009860779693,2002,11
2002-12,0.811,28.33,181.8,1.308359094608761,1.1875645107666295,1.6933051824510181,4.32757029999965,1.1404523931976533,39.83849112119545,0.9485355028856061,0.13142501982606108,3.6848335585352103,-0.20948722486672405,0.18426107957421917,-1.9723824984301572,1.825725580490428,-3.197542784892946,0.9437301199018522,-15.378858398902278,5.645957372299712,0.026591243946782445,-0.0027474125571593125,0.12328442716387757,-0.07309087913764159,-0.1028046343800888,-0.29817602175771635,3.6086024963435634,3.534684860290639,3.6928171236452476,3.5344688910086846,3.524705873357555,3.2944704968466825,0.1556583658865874,0.2002373454355697,0.16813692180199835,0.1301098481370422,0.11015911054572439,0.14502309967896926,-0.32095013585553017,-0.34531118528841737,-0.2231435513142097,-0.42617814970570594,-0.4620354595965587,-0.6635883783184009,0.42960104158377743,0.39036306168852786,0.45410115345167684,0.03923797989524991,1.8257255804904289,0.943730119901852,5.645957372299716,0.03986713767110844,0.24304972897034927,0.06562164540499457,-0.17154509279831884,-0.18521974430643212,-0.5321572168896689,0.08185937395369969,0.23597917293404258,0.0879695910361118,-0.15608676664016663,-0.046734655127129265,-0.33178464537146946,-0.04199223628259097,0.007070556036306741,-0.02234794563111711,-0.015458326158152347,-0.13848508917930283,-0.20037257151819937,0.05651843352483943,0.26533477375978415,0.08066790306745486,-0.16090967209082507,-0.17168315858889888,-0.5162477904196918,0.6282557950630713,-0.0679130283136869,-1.1532747943712387,0.020312372372445542,-1.0940336249020874,-1.8917608264847388,2.2591064402977357,1.337667188440304,-1.5309592209352159,2002,12
2003-01,0.887,31.18,182.6,0.44788792665105626,0.8255842821932533,2.014295337134362,-0.750689293267006,1.241861124954363,43.65414867652428,1.0393844922981972,0.21661116160273786,3.776298321904926,-0.11991029667255755,0.1779824579811803,-1.524494571779101,2.7101406868373603,-2.3719585026996928,2.1292244948790113,-16.129547692169282,3.9803023630435863,0.060677227107399555,0.13142501982606108,0.10849569930621478,-0.018752879668514074,-0.04721217302883223,-0.2655111635407345,3.633663274264651,3.6848335585352103,3.6598575261277935,3.598908777713934,3.602416672118729,3.330026154138737,0.16468357112611687,0.18426107957421917,0.18630779146178963,0.12000796090092047,0.08804077313580697,0.14213230060389698,-0.2848349817156998,-0.20948722486672405,-0.23572233352106983,-0.36961545521446726,-0.4019712188539085,-0.6292338548162925,0.48212232514347236,0.44627216776618894,0.5093235581437349,0.03585015737728331,2.7101406868373603,2.1292244948790104,3.9803023630435916,0.14005816006812447,0.42960104158377743,0.21902528967107862,-0.04308238705030237,-0.1569126917578972,-0.5018598414423742,0.1729343453418153,0.39036306168852786,0.27319772574928747,0.030343556750284773,-0.013581969932233928,-0.28895788756499874,-0.03287618527369063,0.03923797989524991,-0.05417243607820882,-0.07342594380058717,-0.14333072182566345,-0.21290195387737543,0.15902023778192304,0.45410115345167684,0.23909285272188777,-0.028532606035571062,-0.140606454719501,-0.4899717874827848,1.825725580490428,0.8586753417689118,-0.6541889855147698,0.9437301199018522,-0.4838638770321194,-1.7450257768557353,5.645957372299712,1.0520451738905838,1.290053542589021,2003,1
2003-02,1.055,32.77,183.6,0.48096775905832195,0.45341583884768416,0.0,-1.15051789656027,1.4690276438816268,45.63036577251271,1.0864372802979216,0.3846007151778032,3.8205734109604967,0.05354076692802976,0.3016969225006749,-1.043526812720779,2.6105336088258926,-1.9185426638520087,1.8585877172427359,-17.280065588729553,2.3023246532106043,0.09990456731927488,0.21661116160273786,-0.0027474125571593125,0.02235850857391709,-0.052821389933917766,-0.23398459368514407,3.663228198296483,3.776298321904926,3.534684860290639,3.6308777992750816,3.5864229485450223,3.3716710548670608,0.17434598730616016,0.1779824579811803,0.2002373454355697,0.12915032758220396,0.09842527980442833,0.13201396973116336,-0.24321745529204822,-0.11991029667255755,-0.34531118528841737,-0.32573014008931084,-0.40646560844174784,-0.5960204698292225,0.6185853088629473,0.448902356093436,0.6495612367572523,0.16968295276951156,2.610533608825893,1.8585877172427352,2.302324653210608,0.22759227876708696,0.48212232514347236,0.24304972897034927,-0.07386635817115064,-0.22156543376021015,-0.40275285934188143,0.24225578051113272,0.44627216776618894,0.23597917293404258,0.01975296389263681,-0.12276836393478696,-0.3158503812034765,-0.01466350174404557,0.03585015737728331,0.007070556036306741,-0.0936193220637872,-0.09879706982542291,-0.0869024781384049,0.24866293181180735,0.5093235581437349,0.26533477375978415,-0.05654265027369432,-0.20923343891203894,-0.3914533040879481,2.7101406868373603,0.6282557950630713,-0.13742642123030424,2.1292244948790113,0.020312372372445542,-1.222613905689982,3.9803023630435863,2.2591064402977357,1.015000525996245,2003,2
2003-03,0.893,30.61,183.9,-0.473347177236335,-0.263144822408908,0.0038106800365223536,-1.63906632737278,1.241423365506616,42.553157019213344,1.0131704052193653,0.21625859672025013,3.750754047783209,-0.11316869810563798,0.2031741672204092,-1.516873989957114,1.6664718258373092,-2.1816874862609166,1.2365128356922233,-18.919131916102334,-0.6716149510001759,0.16027826841992257,0.3846007151778032,0.13142501982606108,0.12328442716387757,-0.07309087913764159,-0.1028046343800888,3.6948441335773854,3.8205734109604967,3.6848335585352103,3.6928171236452476,3.5344688910086846,3.524705873357555,0.20310375312590534,0.3016969225006749,0.18426107957421917,0.16813692180199835,0.1301098481370422,0.11015911054572439,-0.1800056374558248,0.05354076692802976,-0.20948722486672405,-0.2231435513142097,-0.42617814970570594,-0.4620354595965587,0.31906323110033896,0.22604817442565395,0.34886676149092066,0.09301505667468482,1.6664718258373097,1.2365128356922228,-0.6716149510001728,0.34300088993943656,0.6185853088629473,0.42960104158377743,0.06562164540499457,-0.17154509279831884,-0.18521974430643212,0.31378067921126584,0.448902356093436,0.39036306168852786,0.0879695910361118,-0.15608676664016663,-0.046734655127129265,0.029220210728170937,0.16968295276951156,0.03923797989524991,-0.02234794563111711,-0.015458326158152347,-0.13848508917930283,0.36634691298363176,0.6495612367572523,0.45410115345167684,0.08066790306745486,-0.16090967209082507,-0.17168315858889888,2.6105336088258926,1.825725580490428,-0.0679130283136869,1.8585877172427359,0.9437301199018522,-1.0940336249020874,2.3023246532106043,5.645957372299712,1.337667188440304,2003,3
2003-04,0.743,25.0,183.2,-1.4206962739242897,-1.1658733839023012,0.7896541977403246,-0.998716118252611,1.0368442653748182,34.88708833697235,0.8306449604041035,0.036181739931755844,3.5521167990643345,-0.2970592342643779,0.2217345591507897,-2.937570263881404,0.04246874150560931,-3.3475608701632176,0.5271262533090784,-19.917848034354943,-1.7378239732743104,0.17577396334598464,0.21625859672025013,0.21661116160273786,0.10849569930621478,-0.018752879668514074,-0.04721217302883223,3.704500287600379,3.750754047783209,3.776298321904926,3.6598575261277935,3.598908777713934,3.602416672118729,0.20894329402897382,0.2031741672204092,0.1779824579811803,0.18630779146178963,0.12000796090092047,0.08804077313580697,-0.16167649525439617,-0.11316869810563798,-0.11991029667255755,-0.23572233352106983,-0.36961545521446726,-0.4019712188539085,0.08339391296058807,-0.05029987305439443,0.1049119845895306,0.13369378601498275,0.04246874150560975,0.5271262533090781,-1.7378239732743062,0.38524115422199395,0.31906323110033896,0.48212232514347236,0.21902528967107862,-0.04308238705030237,-0.1569126917578972,0.3367937764428559,0.22604817442565395,0.44627216776618894,0.27319772574928747,0.030343556750284773,-0.013581969932233928,0.04844737777913791,0.09301505667468482,0.03585015737728331,-0.05417243607820882,-0.07342594380058717,-0.14333072182566345,0.41104672272087606,0.34886676149092066,0.5093235581437349,0.23909285272188777,-0.028532606035571062,-0.140606454719501,1.6664718258373092,2.7101406868373603,0.8586753417689118,1.2365128356922233,2.1292244948790113,-0.4838638770321194,-0.6716149510001759,3.9803023630435863,1.0520451738905838,2003,4
2003-05,0.714,25.86,182.9,0.2705160351478001,0.2517768291324186,0.0,0.617482758219346,0.9980095379989065,36.14639587206124,0.8606284731443152,-0.001992445603209267,3.587577244383055,-0.33687231664255274,0.14809992829710406,-2.667054228733604,0.4613652516075625,-3.095784041030799,0.7533187349723821,-19.300365276135597,-0.7087562867485565,0.16372163678357482,0.036181739931755844,0.3846007151778032,-0.0027474125571593125,0.02235850857391709,-0.052821389933917766,3.686543499756469,3.5521167990643345,3.8205734109604967,3.534684860290639,3.6308777992750816,3.5864229485450223,0.21484775531047384,0.2217345591507897,0.3016969225006749,0.2002373454355697,0.12915032758220396,0.09842527980442833,-0.1718993120449475,-0.2970592342643779,0.05354076692802976,-0.34531118528841737,-0.32573014008931084,-0.40646560844174784,0.050828944330708496,0.0011542958380328372,0.0695932917991951,0.04967464849267572,0.4613652516075626,0.7533187349723822,-0.7087562867485531,0.36263592477024553,0.08339391296058807,0.6185853088629473,0.24304972897034927,-0.07386635817115064,-0.22156543376021015,0.28287750997557515,-0.05029987305439443,0.448902356093436,0.23597917293404258,0.01975296389263681,-0.12276836393478696,0.07975841479466986,0.13369378601498275,0.16968295276951156,0.007070556036306741,-0.0936193220637872,-0.09879706982542291,0.38868324469881665,0.1049119845895306,0.6495612367572523,0.26533477375978415,-0.05654265027369432,-0.20923343891203894,0.04246874150560931,2.6105336088258926,0.6282557950630713,0.5271262533090784,1.8585877172427359,0.020312372372445542,-1.7378239732743104,2.3023246532106043,2.2591064402977357,2003,5
2003-06,0.748,27.65,183.1,0.35264574550989436,0.7412142944814832,0.9185100419236497,0.831626809251922,1.0443917658838522,38.606192950118334,0.9191950702409127,0.04343467374803863,3.6534127027240424,-0.2903523010076598,0.12769158930736463,-2.3144084832237093,1.2842464456890574,-2.3545697465493154,2.2160479003868003,-18.468738466883675,-0.24454001948914328,0.1638474646092332,-0.001992445603209267,0.21625859672025013,0.13142501982606108,0.12328442716387757,-0.07309087913764159,3.695358897105205,3.587577244383055,3.750754047783209,3.6848335585352103,3.6928171236452476,3.5344688910086846,0.20615818578739623,0.14809992829710406,0.2031741672204092,0.18426107957421917,0.16813692180199835,0.1301098481370422,-0.1704928339373034,-0.33687231664255274,-0.11316869810563798,-0.20948722486672405,-0.2231435513142097,-0.42617814970570594,0.11652555288568023,0.11894381171535784,0.13582584869804615,-0.002418258829677583,1.2842464456890577,2.216047900386801,-0.24454001948913984,0.33059912733030544,0.050828944330708496,0.31906323110033896,0.42960104158377743,0.06562164540499457,-0.17154509279831884,0.24374003045957382,0.0011542958380328372,0.22604817442565395,0.39036306168852786,0.0879695910361118,-0.15608676664016663,0.08685909687073133,0.04967464849267572,0.09301505667468482,0.03923797989524991,-0.02234794563111711,-0.015458326158152347,0.3560596643720517,0.0695932917991951,0.34886676149092066,0.45410115345167684,0.08066790306745486,-0.16090967209082507,0.4613652516075625,1.6664718258373092,1.825725580490428,0.7533187349723821,1.2365128356922233,0.9437301199018522,-0.7087562867485565,-0.6716149510001759,5.645957372299712,2003,6
2003-07,0.78,28.35,183.7,-0.1640945097763923,-0.0028442403898890534,0.023820825710163723,-0.117165481663233,1.0855145073489385,39.45427728633643,0.9393875544365816,0.08205407491658388,3.675142464388845,-0.2484613592984996,0.14458122881110735,-2.4785029930001015,0.8593013977377165,-2.3574139869392043,2.0356122707154514,-18.585903948546907,-0.9294633358690134,0.14918240692956278,0.04343467374803863,0.036181739931755844,0.21661116160273786,0.10849569930621478,-0.018752879668514074,3.690122087803344,3.6534127027240424,3.5521167990643345,3.776298321904926,3.6598575261277935,3.598908777713934,0.19672993740958714,0.12769158930736463,0.2217345591507897,0.1779824579811803,0.18630779146178963,0.12000796090092047,-0.18397034662745937,-0.2903523010076598,-0.2970592342643779,-0.11991029667255755,-0.23572233352106983,-0.36961545521446726,0.10080695458509796,0.07623368667491093,0.12115409591596765,0.02457326791018688,0.8593013977377169,2.0356122707154523,-0.9294633358690092,0.2784198792139559,0.11652555288568023,0.08339391296058807,0.48212232514347236,0.21902528967107862,-0.04308238705030237,0.19850348879737867,0.11894381171535784,-0.05029987305439443,0.44627216776618894,0.27319772574928747,0.030343556750284773,0.07991639041657675,-0.002418258829677583,0.13369378601498275,0.03585015737728331,-0.05417243607820882,-0.07342594380058717,0.3030137802464467,0.13582584869804615,0.1049119845895306,0.5093235581437349,0.23909285272188777,-0.028532606035571062,1.2842464456890574,0.04246874150560931,2.7101406868373603,2.2160479003868003,0.5271262533090784,2.1292244948790113,-0.24454001948914328,-1.7378239732743104,3.9803023630435863,2003,7
2003-08,0.823,29.89,184.5,0.34495928174885565,0.2635801816615612,0.0,-0.28441779767453,1.1403906562782293,41.41710415085818,0.9861215274013853,0.13137088465051425,3.723693939251428,-0.1947990783050673,0.14534656368245435,-2.133543711251246,0.7701223064471535,-2.0938338052776433,1.8254566062139068,-18.870321746221435,-1.5825187453819902,0.12675622581520377,0.08205407491658388,-0.001992445603209267,0.3846007151778032,-0.0027474125571593125,0.02235850857391709,3.6732627782173304,3.675142464388845,3.587577244383055,3.8205734109604967,3.534684860290639,3.6308777992750816,0.19116306588124166,0.14458122881110735,0.14809992829710406,0.3016969225006749,0.2002373454355697,0.12915032758220396,-0.20539552373178305,-0.2484613592984996,-0.33687231664255274,0.05354076692802976,-0.34531118528841737,-0.32573014008931084,0.10901237607659715,0.09281613997634652,0.13093106178424355,0.016196236100250394,0.7701223064471536,1.8254566062139075,-1.5825187453819858,0.21486731745422682,0.10080695458509796,0.050828944330708496,0.6185853088629473,0.24304972897034927,-0.07386635817115064,0.136830408615499,0.07623368667491093,0.0011542958380328372,0.448902356093436,0.23597917293404258,0.01975296389263681,0.07803690883872737,0.02457326791018688,0.04967464849267572,0.16968295276951156,0.007070556036306741,-0.0936193220637872,0.2383188698751521,0.12115409591596765,0.0695932917991951,0.6495612367572523,0.26533477375978415,-0.05654265027369432,0.8593013977377165,0.4613652516075625,2.6105336088258926,2.0356122707154514,0.7533187349723821,1.8585877172427359,-0.9294633358690134,-0.7087562867485565,2.3023246532106043,2003,8
2003-09,0.738,27.11,185.1,-0.6465208062432909,-0.8006720625907385,2.467809819394001,-2.10271365087464,1.0192955510534847,37.44322816945795,0.8915054326061418,0.01911175247504716,3.622825870367286,-0.30381145438166457,0.13395550039112955,-2.780064517494537,-0.030378443780021858,-2.8945058678683817,1.1568533968046342,-20.973035397096076,-4.127422162002669,0.08455125406065561,0.13137088465051425,0.04343467374803863,0.21625859672025013,0.13142501982606108,0.12328442716387757,3.657116199599153,3.723693939251428,3.6534127027240424,3.750754047783209,3.6848335585352103,3.6928171236452476,0.16510467274487156,0.14534656368245435,0.12769158930736463,0.2031741672204092,0.18426107957421917,0.16813692180199835,-0.2467854979372992,-0.1947990783050673,-0.2903523010076598,-0.11316869810563798,-0.20948722486672405,-0.2231435513142097,-0.1041726746888304,-0.06999125327796163,-0.08066790306745486,-0.0341814214108688,-0.030378443780021858,1.1568533968046348,-4.1274221620026665,0.12993849532316848,0.10901237607659715,0.11652555288568023,0.31906323110033896,0.42960104158377743,0.06562164540499457,0.07748270592931839,0.09281613997634652,0.11894381171535784,0.22604817442565395,0.39036306168852786,0.0879695910361118,0.052455789393850524,0.016196236100250394,-0.002418258829677583,0.09301505667468482,0.03923797989524991,-0.02234794563111711,0.1518805073796506,0.13093106178424355,0.13582584869804615,0.34886676149092066,0.45410115345167684,0.08066790306745486,0.7701223064471535,1.2842464456890574,1.6664718258373092,1.8254566062139068,2.2160479003868003,1.2365128356922233,-1.5825187453819902,-0.24454001948914328,-0.6716149510001759,2003,9
2003-10,0.82,29.61,184.9,0.1750626412310394,0.7547239786007478,0.0,-0.442285703686004,1.1337756535063999,40.9403623174689,0.9747705313683073,0.12555334931924605,3.712116430156584,-0.19845093872383832,0.1511065374460301,-2.6050018762634974,0.1115158818635525,-2.139781889267634,1.784759333779811,-21.41532110078208,-2.0441789013816334,0.05169344668645512,0.01911175247504716,0.08205407491658388,0.036181739931755844,0.21661116160273786,0.10849569930621478,3.635794836696498,3.622825870367286,3.675142464388845,3.5521167990643345,3.776298321904926,3.6598575261277935,0.15356822827332495,0.13395550039112955,0.14458122881110735,0.2217345591507897,0.1779824579811803,0.18630779146178963,-0.2785592906499703,-0.30381145438166457,-0.2484613592984996,-0.2970592342643779,-0.11991029667255755,-0.23572233352106983,0.017057650013031278,0.05225890402879063,0.037271394797231516,-0.03520125401575955,0.11151588186355266,1.784759333779812,-2.044178901381631,0.05939917769164025,-0.1041726746888304,0.10080695458509796,0.08339391296058807,0.48212232514347236,0.21902528967107862,0.028142801312048604,-0.06999125327796163,0.07623368667491093,-0.05029987305439443,0.44627216776618894,0.27319772574928747,0.03125637637959157,-0.0341814214108688,0.02457326791018688,0.13369378601498275,0.03585015737728331,-0.05417243607820882,0.0802913966199214,-0.08066790306745486,0.12115409591596765,0.1049119845895306,0.5093235581437349,0.23909285272188777,-0.030378443780021858,0.8593013977377165,0.04246874150560931,1.1568533968046342,2.0356122707154514,0.5271262533090784,-4.127422162002669,-0.9294633358690134,-1.7378239732743104,2003,10
2003-11,0.831,28.75,185.0,-0.027771431893150664,-0.037274140389992945,0.0,0.166744131121119,1.1483637662162163,39.72979335585586,0.945947460853711,0.13833811723114983,3.6821013686011983,-0.18512548412668892,0.19390636691331994,-2.632773308156648,0.64796828488227,-2.177056029657627,2.208051266001948,-21.24857696966096,-1.5421482707590364,0.06658871491770348,0.12555334931924605,0.13137088465051425,-0.001992445603209267,0.3846007151778032,-0.0027474125571593125,3.66246144187854,3.712116430156584,3.723693939251428,3.587577244383055,3.8205734109604967,3.534684860290639,0.14179689132253168,0.1511065374460301,0.14534656368245435,0.14809992829710406,0.3016969225006749,0.2002373454355697,-0.26212457472654704,-0.19845093872383832,-0.1947990783050673,-0.33687231664255274,0.05354076692802976,-0.34531118528841737,0.14108552978830916,0.1474165083105592,0.16018570116172845,-0.006330978522249758,0.6479682848822703,2.2080512660019487,-1.5421482707590322,0.048343133867047444,0.017057650013031278,0.10901237607659715,0.050828944330708496,0.6185853088629473,0.24304972897034927,0.04523593082591271,0.05225890402879063,0.09281613997634652,0.0011542958380328372,0.448902356093436,0.23597917293404258,0.0031072030411345153,-0.03520125401575955,0.016196236100250394,0.04967464849267572,0.16968295276951156,0.007070556036306741,0.06901796498787155,0.037271394797231516,0.13093106178424355,0.0695932917991951,0.6495612367572523,0.26533477375978415,0.1115158818635525,0.7701223064471535,0.4613652516075625,1.784759333779811,1.8254566062139068,0.7533187349723821,-2.0441789013816334,-1.5825187453819902,-0.7087562867485565,2003,11
2003-12,0.876,29.81,185.5,-0.17462251701923556,-0.05162860993306844,0.893371556393772,-1.6111842969516,1.2072865929919139,41.083576868823,0.978180401638643,0.18837535634292812,3.7156084520786536,-0.13238918804574562,0.21043652254764267,-2.8073958251758837,-0.8350133267457267,-2.2286846395906954,0.9688581453022499,-22.85976126661256,-7.480902867710286,0.08997714205676333,0.13833811723114983,0.01911175247504716,0.04343467374803863,0.21625859672025013,0.13142501982606108,3.678215462581564,3.6821013686011983,3.622825870367286,3.6534127027240424,3.750754047783209,3.6848335585352103,0.14943129775856764,0.19390636691331994,0.13395550039112955,0.12769158930736463,0.2031741672204092,0.18426107957421917,-0.23683343597390308,-0.18512548412668892,-0.30381145438166457,-0.2903523010076598,-0.11316869810563798,-0.20948722486672405,0.05695033651686704,0.030774893543443316,0.07709803682097843,0.0261754429734235,-0.8350133267457265,0.9688581453022507,-7.480902867710281,0.06338589810998088,0.14108552978830916,-0.1041726746888304,0.11652555288568023,0.31906323110033896,0.42960104158377743,0.0696129662380005,0.1474165083105592,-0.06999125327796163,0.11894381171535784,0.22604817442565395,0.39036306168852786,-0.006227068128019764,-0.006330978522249758,-0.0341814214108688,-0.002418258829677583,0.09301505667468482,0.03923797989524991,0.0841166998816271,0.16018570116172845,-0.08066790306745486,0.13582584869804615,0.34886676149092066,0.45410115345167684,0.64796828488227,-0.030378443780021858,1.2842464456890574,2.208051266001948,1.1568533968046342,2.2160479003868003,-1.5421482707590364,-4.127422162002669,-0.24454001948914328,2003,12
2004-01,0.998,31.28,186.3,0.4325555502913736,0.22117222619344515,0.0,0.580893187564489,1.3695184013240294,42.92438436213992,1.0220091514795218,0.3144591461579476,3.759440064505731,-0.0020020026706730793,0.292688699935585,-2.37484027488451,-0.8503457031054094,-2.0075124133972504,0.3644460893024417,-22.27886807904807,-6.149320386878792,0.11413392248924492,0.18837535634292812,0.12555334931924605,0.08205407491658388,0.036181739931755844,0.21661116160273786,3.6885814208073326,3.7156084520786536,3.712116430156584,3.675142464388845,3.5521167990643345,3.776298321904926,0.16322211996528066,0.21043652254764267,0.1511065374460301,0.14458122881110735,0.2217345591507897,0.1779824579811803,-0.21050625048025073,-0.13238918804574562,-0.19845093872383832,-0.2484613592984996,-0.2970592342643779,-0.11991029667255755,0.09784798455520977,-0.016858257399194887,0.11790829400188448,0.11470624195440471,-0.8503457031054091,0.3644460893024424,-6.149320386878788,0.053456695381845366,0.05695033651686704,0.017057650013031278,0.10080695458509796,0.08339391296058807,0.48212232514347236,0.05491814654268179,0.030774893543443316,0.05225890402879063,0.07623368667491093,-0.05029987305439443,0.44627216776618894,-0.001461451160836208,0.0261754429734235,-0.03520125401575955,0.02457326791018688,0.13369378601498275,0.03585015737728331,0.07432873123544909,0.07709803682097843,0.037271394797231516,0.12115409591596765,0.1049119845895306,0.5093235581437349,-0.8350133267457267,0.1115158818635525,0.8593013977377165,0.9688581453022499,1.784759333779811,2.0356122707154514,-7.480902867710286,-2.0441789013816334,-0.9294633358690134,2004,1
2004-02,0.933,30.86,186.7,-0.03546638929328475,0.05698176228242707,2.670786856872285,0.766712183937215,1.277578255222282,42.257304347437966,1.0061262939866182,0.24496629775369358,3.7437772228235016,-0.06935007813479317,0.23885869321356037,-2.410306664177795,-1.366779851457016,-1.9505306511148233,-0.03198798726281535,-21.512155895110855,-4.2320903063813065,0.1528681010294722,0.3144591461579476,0.13833811723114983,0.13137088465051425,-0.001992445603209267,0.3846007151778032,3.702631020826814,3.759440064505731,3.6821013686011983,3.723693939251428,3.587577244383055,3.8205734109604967,0.18790669848602692,0.292688699935585,0.19390636691331994,0.14534656368245435,0.14809992829710406,0.3016969225006749,-0.16942969104227965,-0.0020020026706730793,-0.18512548412668892,-0.1947990783050673,-0.33687231664255274,0.05354076692802976,-0.13963441742410962,-0.07679618813699518,-0.12289084506282294,-0.06283822928711455,-1.3667798514570157,-0.0319879872628146,-4.232090306381302,0.052963533710197325,0.09784798455520977,0.14108552978830916,0.10901237607659715,0.050828944330708496,0.6185853088629473,0.039402822530330894,-0.016858257399194887,0.1474165083105592,0.09281613997634652,0.0011542958380328372,0.448902356093436,0.013560711179866763,0.11470624195440471,-0.006330978522249758,0.016196236100250394,0.04967464849267572,0.16968295276951156,0.07378776424976857,0.11790829400188448,0.16018570116172845,0.13093106178424355,0.0695932917991951,0.6495612367572523,-0.8503457031054094,0.64796828488227,0.7701223064471535,0.3644460893024417,2.208051266001948,1.8254566062139068,-6.149320386878792,-1.5421482707590364,-1.5825187453819902,2004,2
2004-03,0.947,33.63,187.1,0.4097916669523233,0.28811993973046424,-0.6876332360276765,-0.26094603597034,1.293976464012115,45.951878019775535,1.0940923338041795,0.2577200073600609,3.827594718908298,-0.054456185796058855,0.1677949067351311,-2.0005149972254714,-0.4836410072683578,-1.662410711384359,0.5192767748765569,-21.773101931081193,-2.853970014978866,0.1718006698800021,0.24496629775369358,0.18837535634292812,0.01911175247504716,0.04343467374803863,0.21625859672025013,3.705978234755492,3.7437772228235016,3.7156084520786536,3.622825870367286,3.6534127027240424,3.750754047783209,0.20349205340787793,0.23885869321356037,0.21043652254764267,0.13395550039112955,0.12769158930736463,0.2031741672204092,-0.14852152434723395,-0.06935007813479317,-0.13238918804574562,-0.30381145438166457,-0.2903523010076598,-0.11316869810563798,0.041461410639810764,0.07684067112508908,0.05871251230957913,-0.03537926048527812,-0.48364100726835746,0.5192767748765577,-2.8539700149788594,0.011522401460079518,-0.13963441742410962,0.05695033651686704,-0.1041726746888304,0.11652555288568023,0.31906323110033896,0.011134101178106537,-0.07679618813699518,0.030774893543443316,-0.06999125327796163,0.11894381171535784,0.22604817442565395,0.00038830028197259225,-0.06283822928711455,0.0261754429734235,-0.0341814214108688,-0.002418258829677583,0.09301505667468482,0.03148411310859084,-0.12289084506282294,0.07709803682097843,-0.08066790306745486,0.13582584869804615,0.34886676149092066,-1.366779851457016,-0.8350133267457267,-0.030378443780021858,-0.03198798726281535,0.9688581453022499,1.1568533968046342,-4.2320903063813065,-7.480902867710286,-4.127422162002669,2004,3
2004-04,0.973,33.59,187.4,-0.4888416613199436,-0.3654101781667673,0.0,-0.465150673815742,1.3273744054606902,45.82374746086802,1.0910416062111434,0.2832028598357097,3.824802460256043,-0.027371196796132015,0.19607001786303485,-2.489356658545415,0.44821360533598825,-2.0278208895511263,1.3197399806120909,-22.238252604896935,-2.3204045705419976,0.21156871236083774,0.2577200073600609,0.3144591461579476,0.12555334931924605,0.08205407491658388,0.036181739931755844,3.7401063761789946,3.827594718908298,3.759440064505731,3.712116430156584,3.675142464388845,3.5521167990643345,0.20913195446521152,0.1677949067351311,0.292688699935585,0.1511065374460301,0.14458122881110735,0.2217345591507897,-0.10696231291629965,-0.054456185796058855,-0.0020020026706730793,-0.19845093872383832,-0.2484613592984996,-0.2970592342643779,0.24702111990395387,0.27268566119170856,0.2696880374682459,-0.02566454128775486,0.44821360533598886,1.3197399806120913,-2.3204045705419922,0.035794749014853106,0.041461410639810764,0.09784798455520977,0.017057650013031278,0.10080695458509796,0.08339391296058807,0.03560608857861558,0.07684067112508908,-0.016858257399194887,0.05225890402879063,0.07623368667491093,-0.05029987305439443,0.00018866043623769202,-0.03537926048527812,0.11470624195440471,-0.03520125401575955,0.02457326791018688,0.13369378601498275,0.05471418233809652,0.05871251230957913,0.11790829400188448,0.037271394797231516,0.12115409591596765,0.1049119845895306,-0.4836410072683578,-0.8503457031054094,0.1115158818635525,0.5192767748765569,0.3644460893024417,1.784759333779811,-2.853970014978866,-6.149320386878792,-2.0441789013816334,2004,4
2004-05,1.092,37.57,188.2,0.5145117308666656,0.60732541021009,0.0,1.56513775288724,1.483382683315622,51.0354280331208,1.2151292388838286,0.39432507660759775,3.932520058870762,0.08801087732271337,0.19947463602020415,-1.9748449276787494,0.6922093010548538,-1.4204954793410363,1.6752885616897621,-20.673114852009697,-1.372749575874103,0.2378436307802483,0.2832028598357097,0.24496629775369358,0.13833811723114983,0.13137088465051425,-0.001992445603209267,3.758887381195571,3.824802460256043,3.7437772228235016,3.6821013686011983,3.723693939251428,3.587577244383055,0.2166258678680457,0.19607001786303485,0.23885869321356037,0.19390636691331994,0.14534656368245435,0.14809992829710406,-0.07844902259501528,-0.027371196796132015,-0.06935007813479317,-0.18512548412668892,-0.1947990783050673,-0.33687231664255274,0.396317522210807,0.3449428144877067,0.4248831939652661,0.0513747077231001,0.6922093010548545,1.6752885616897626,-1.3727495758740993,0.07412199399667349,0.24702111990395387,-0.13963441742410962,0.14108552978830916,0.10901237607659715,0.050828944330708496,0.0723438814391022,0.27268566119170856,-0.07679618813699518,0.1474165083105592,0.09281613997634652,0.0011542958380328372,0.0017781125575718482,-0.02566454128775486,-0.06283822928711455,-0.006330978522249758,0.016196236100250394,0.04967464849267572,0.09345028944993221,0.2696880374682459,-0.12289084506282294,0.16018570116172845,0.13093106178424355,0.0695932917991951,0.44821360533598825,-1.366779851457016,0.64796828488227,1.3197399806120909,-0.03198798726281535,2.208051266001948,-2.3204045705419976,-4.2320903063813065,-1.5421482707590364,2004,5
2004-06,1.032,35.18,188.9,-0.04850294431581732,-0.20755213918432042,-0.8891829281369165,-3.28937092312444,1.3966832503970357,47.611741035821424,1.133612881805272,0.33410031898807074,3.8630793912381116,0.031498667059371016,0.20869054603332735,-2.0233478719945666,0.2910606112291421,-1.6280476185253567,0.7265221280239584,-23.962485775134137,-5.493747308250465,0.2805081240096563,0.39432507660759775,0.2577200073600609,0.18837535634292812,0.01911175247504716,0.04343467374803863,3.8006238295738317,3.932520058870762,3.827594718908298,3.7156084520786536,3.622825870367286,3.6534127027240424,0.217553912719193,0.19947463602020415,0.1677949067351311,0.21043652254764267,0.13395550039112955,0.12769158930736463,-0.03292629568678156,0.08801087732271337,-0.054456185796058855,-0.13238918804574562,-0.30381145438166457,-0.2903523010076598,0.29066564524003213,0.20966668851406922,0.32185096806703084,0.08099895672596272,0.29106061122914273,0.7265221280239587,-5.493747308250462,0.11666065940042311,0.396317522210807,0.041461410639810764,0.05695033651686704,-0.1041726746888304,0.11652555288568023,0.10526493246862678,0.3449428144877067,0.07684067112508908,0.030774893543443316,-0.06999125327796163,0.11894381171535784,0.011395726931796774,0.0513747077231001,-0.03537926048527812,0.0261754429734235,-0.0341814214108688,-0.002418258829677583,0.13756653825052184,0.4248831939652661,0.05871251230957913,0.07709803682097843,-0.08066790306745486,0.13582584869804615,0.6922093010548538,-0.4836410072683578,-0.8350133267457267,1.6752885616897621,0.5192767748765569,0.9688581453022499,-1.372749575874103,-2.853970014978866,-7.480902867710286,2004,6
2004-07,1.145,38.22,189.1,-0.21441683656370383,0.3229455884279507,0.0,0.503265380503355,1.5479757161114052,51.67129420941301,1.230268909747929,0.4369480877779548,3.944902389583879,0.13540463700620298,0.22971531647744436,-2.2377647085582706,0.2407382844418306,-1.305102030097406,1.0523119568417982,-23.459220394630783,-4.873316446083877,0.30479561778384673,0.33410031898807074,0.2832028598357097,0.3144591461579476,0.12555334931924605,0.08205407491658388,3.8252023194337412,3.8630793912381116,3.824802460256043,3.759440064505731,3.712116430156584,3.675142464388845,0.21726291663347383,0.20869054603332735,0.19607001786303485,0.292688699935585,0.1511065374460301,0.14458122881110735,-0.005611653169262122,0.031498667059371016,-0.027371196796132015,-0.0020020026706730793,-0.19845093872383832,-0.2484613592984996,0.3548940128613709,0.269759925195034,0.3838659963047026,0.08513408766633701,0.24073828444183087,1.0523119568417982,-4.8733164460838765,0.15561321085428395,0.29066564524003213,0.24702111990395387,0.09784798455520977,0.017057650013031278,0.10080695458509796,0.1350802316303974,0.20966668851406922,0.27268566119170856,-0.016858257399194887,0.05225890402879063,0.07623368667491093,0.020532979223886694,0.08099895672596272,-0.02566454128775486,0.11470624195440471,-0.03520125401575955,0.02457326791018688,0.17835869345819724,0.32185096806703084,0.2696880374682459,0.11790829400188448,0.037271394797231516,0.12115409591596765,0.2910606112291421,0.44821360533598825,-0.8503457031054094,0.7265221280239584,1.3197399806120909,0.3644460893024417,-5.493747308250465,-2.3204045705419976,-6.149320386878792,2004,7
2004-08,1.227,42.74,189.2,0.6503218256097212,0.23808737590528034,0.0,2.37622677731904,1.6579583496300214,57.751540230796344,1.3750366721618177,0.50558693554716,4.056150019709388,0.20457216572877446,0.18710653412114114,-1.5874428829485494,0.546100828302696,-1.0670146541921257,1.0268191510855171,-21.082993617311743,-2.212671871090307,0.3252104413871813,0.4369480877779548,0.39432507660759775,0.24496629775369358,0.13833811723114983,0.13137088465051425,3.8561127069467656,3.944902389583879,3.932520058870762,3.7437772228235016,3.6821013686011983,3.723693939251428,0.2067673527237837,0.22971531647744436,0.19947463602020415,0.23885869321356037,0.19390636691331994,0.14534656368245435,0.017289453443550554,0.13540463700620298,0.08801087732271337,-0.06935007813479317,-0.18512548412668892,-0.1947990783050673,0.3742160508966458,0.3324560804579595,0.3993712440338417,0.04175997043868679,0.5461008283026965,1.0268191510855176,-2.2126718710903077,0.19845421557197754,0.3548940128613709,0.396317522210807,-0.13963441742410962,0.14108552978830916,0.10901237607659715,0.18284992872943517,0.269759925195034,0.3449428144877067,-0.07679618813699518,0.1474165083105592,0.09281613997634652,0.015604286842542031,0.08513408766633701,0.0513747077231001,-0.06283822928711455,-0.006330978522249758,0.016196236100250394,0.2226849771753336,0.3838659963047026,0.4248831939652661,-0.12289084506282294,0.16018570116172845,0.13093106178424355,0.2407382844418306,0.6922093010548538,-1.366779851457016,1.0523119568417982,1.6752885616897621,-0.03198798726281535,-4.873316446083877,-1.372749575874103,-4.2320903063813065,2004,8
2004-09,1.362,43.2,189.8,-0.08158716018067612,0.1458640039542099,-1.6259691262760134,-0.708557070990065,1.83455647260274,58.18857534246576,1.3854422700587086,0.6068027479876567,4.063689035510401,0.3089542077273207,0.28078333076062423,-1.6690300431292255,1.1110344743653107,-0.9211506502379159,1.9733552176304658,-21.791550688301808,-0.8185152912057319,0.36864721435275905,0.50558693554716,0.33410031898807074,0.2577200073600609,0.18837535634292812,0.01911175247504716,3.9081748397610805,4.056150019709388,3.8630793912381116,3.827594718908298,3.7156084520786536,3.622825870367286,0.19814199287504716,0.18710653412114114,0.20869054603332735,0.1677949067351311,0.21043652254764267,0.13395550039112955,0.06294316075414516,0.20457216572877446,0.031498667059371016,-0.054456185796058855,-0.13238918804574562,-0.30381145438166457,0.5876909955126095,0.44086316514311497,0.6127656621089852,0.14682783036949468,1.1110344743653113,1.9733552176304658,-0.8185152912057312,0.28409596029210343,0.3742160508966458,0.29066564524003213,0.041461410639810764,0.05695033651686704,-0.1041726746888304,0.25105864016192747,0.3324560804579595,0.20966668851406922,0.07684067112508908,0.030774893543443316,-0.06999125327796163,0.0330373201301756,0.04175997043868679,0.08099895672596272,-0.03537926048527812,0.0261754429734235,-0.0341814214108688,0.3097286586914444,0.3993712440338417,0.32185096806703084,0.05871251230957913,0.07709803682097843,-0.08066790306745486,0.546100828302696,0.2910606112291421,-0.4836410072683578,1.0268191510855171,0.7265221280239584,0.5192767748765569,-2.212671871090307,-5.493747308250465,-2.853970014978866,2004,9
2004-10,1.52,49.78,190.8,0.9713061875323777,1.157289068841945,0.0,1.2683934186993,2.036645317959469,66.7001341631726,1.5880984324564906,0.7113040022801623,4.200206964361423,0.41871033485818504,0.24876665620210736,-0.6977238555968478,1.907278020666649,0.23613841860402918,2.375920307871663,-20.523157269602507,0.8921638311795721,0.42682767112402503,0.6068027479876567,0.4369480877779548,0.2832028598357097,0.3144591461579476,0.12555334931924605,3.9475238925280975,4.063689035510401,3.944902389583879,3.824802460256043,3.759440064505731,3.712116430156584,0.21697339687929604,0.28078333076062423,0.22971531647744436,0.19607001786303485,0.292688699935585,0.1511065374460301,0.12351155967470841,0.3089542077273207,0.13540463700620298,-0.027371196796132015,-0.0020020026706730793,-0.19845093872383832,0.5857506529609162,0.48809053420483917,0.6171612735820233,0.09766011875607727,1.9072780206666495,2.375920307871663,0.8921638311795732,0.37513422443756994,0.5876909955126095,0.3548940128613709,0.24702111990395387,0.09784798455520977,0.017057650013031278,0.3117290558315995,0.44086316514311497,0.269759925195034,0.27268566119170856,-0.016858257399194887,0.05225890402879063,0.06340516860597109,0.14682783036949468,0.08513408766633701,-0.02566454128775486,0.11470624195440471,-0.03520125401575955,0.4020708503246787,0.6127656621089852,0.3838659963047026,0.2696880374682459,0.11790829400188448,0.037271394797231516,1.1110344743653107,0.2407382844418306,0.44821360533598825,1.9733552176304658,1.0523119568417982,1.3197399806120909,-0.8185152912057319,-4.873316446083877,-2.3204045705419976,2004,10
2004-11,1.347,43.11,191.7,-0.322812636594633,-0.3827395864021011,0.0,-0.654756790772591,1.7963694822639544,57.491825078247274,1.3688529780535066,0.5857676738127917,4.051642765143608,0.2978798974282269,0.27179452695255185,-1.0205364921914808,1.6122368159651668,-0.14660116779807192,2.030454861859555,-21.177914060375098,0.07066290928586216,0.4981778615314337,0.7113040022801623,0.50558693554716,0.39432507660759775,0.24496629775369358,0.13833811723114983,4.010091309878994,4.200206964361423,4.056150019709388,3.932520058870762,3.7437772228235016,3.6821013686011983,0.22575616993580808,0.24876665620210736,0.18710653412114114,0.19947463602020415,0.23885869321356037,0.19390636691331994,0.1978584816170946,0.41871033485818504,0.20457216572877446,0.08801087732271337,-0.06935007813479317,-0.18512548412668892,0.44742955658164185,0.3695413965424099,0.4830053815549158,0.07788816003923191,1.6122368159651672,2.030454861859555,0.07066290928586128,0.4315891466137302,0.5857506529609162,0.3742160508966458,0.396317522210807,-0.13963441742410962,0.14108552978830916,0.3476298680004537,0.48809053420483917,0.3324560804579595,0.3449428144877067,-0.07679618813699518,0.1474165083105592,0.0839592786132764,0.09766011875607727,0.04175997043868679,0.0513747077231001,-0.06283822928711455,-0.006330978522249758,0.45998305634364167,0.6171612735820233,0.3993712440338417,0.4248831939652661,-0.12289084506282294,0.16018570116172845,1.907278020666649,0.546100828302696,0.6922093010548538,2.375920307871663,1.0268191510855171,1.6752885616897621,0.8921638311795721,-2.212671871090307,-1.372749575874103,2004,11
2004-12,1.223,39.6,191.7,-1.0283546817307587,-1.0782780933564362,-3.176829775597113,-0.760575689380314,1.631002135715528,52.81086228482005,1.2574014829719058,0.4891946330896001,3.9667168946449998,0.20130685670503537,0.2601473567279686,-2.0488911739222395,0.7585046512536435,-1.224879261154508,1.0038053784361873,-21.938489749755412,0.9212715168571481,0.5300849610656327,0.5857676738127917,0.6068027479876567,0.33410031898807074,0.2577200073600609,0.18837535634292812,4.029945094257802,4.051642765143608,4.063689035510401,3.8630793912381116,3.827594718908298,3.7156084520786536,0.2378094850911994,0.27179452695255185,0.28078333076062423,0.20869054603332735,0.1677949067351311,0.21043652254764267,0.23283665163468018,0.2978798974282269,0.3089542077273207,0.031498667059371016,-0.054456185796058855,-0.13238918804574562,0.30081927674667197,0.2511084425663461,0.33369604475078096,0.04971083418032596,0.7585046512536442,1.0038053784361873,0.9212715168571464,0.4401078190088694,0.44742955658164185,0.5876909955126095,0.29066564524003213,0.041461410639810764,0.05695033651686704,0.35172963167623816,0.3695413965424099,0.44086316514311497,0.20966668851406922,0.07684067112508908,0.030774893543443316,0.08837818733263175,0.07788816003923191,0.14682783036949468,0.08099895672596272,-0.03537926048527812,0.0261754429734235,0.46967008760858325,0.4830053815549158,0.6127656621089852,0.32185096806703084,0.05871251230957913,0.07709803682097843,1.6122368159651668,1.1110344743653107,0.2910606112291421,2.030454861859555,1.9733552176304658,0.7265221280239584,0.07066290928586216,-0.8185152912057319,-5.493747308250465,2004,12
2005-01,1.334,44.51,191.6,0.41390771354063915,0.48090414207956356,2.1372721360176112,1.77634853233876,1.779961096903271,59.389856389178846,1.4140441997423534,0.5765915083928355,4.084123443927166,0.288181947493432,0.23013768274903756,-1.6349834603816005,0.7398568145029091,-0.7439751190749445,1.2635372943223055,-20.162141217416654,2.116726861631419,0.5559340134158877,0.4891946330896001,0.7113040022801623,0.4369480877779548,0.2832028598357097,0.3144591461579476,4.047218011492283,3.9667168946449998,4.200206964361423,3.944902389583879,3.824802460256043,3.759440064505731,0.24638562020697294,0.2601473567279686,0.24876665620210736,0.22971531647744436,0.19607001786303485,0.292688699935585,0.26113801657562424,0.20130685670503537,0.41871033485818504,0.13540463700620298,-0.027371196796132015,-0.0020020026706730793,0.26213236223488784,0.324683379421435,0.2901839501641051,-0.06255101718654743,0.7398568145029096,1.263537294322306,2.1167268616314168,0.44180009092664274,0.30081927674667197,0.5857506529609162,0.3548940128613709,0.24702111990395387,0.09784798455520977,0.35863659068495,0.2511084425663461,0.48809053420483917,0.269759925195034,0.27268566119170856,-0.016858257399194887,0.08316350024169228,0.04971083418032596,0.09766011875607727,0.08513408766633701,-0.02566454128775486,0.11470624195440471,0.471644267055875,0.33369604475078096,0.6171612735820233,0.3838659963047026,0.2696880374682459,0.11790829400188448,0.7585046512536435,1.907278020666649,0.2407382844418306,1.0038053784361873,2.375920307871663,1.0523119568417982,0.9212715168571481,0.8921638311795721,-4.873316446083877,2005,1
2005-02,1.334,45.48,192.4,0.11118237012626961,0.18565740953884735,0.0,0.091786317630602,1.7725600112612616,60.43180608108108,1.4388525257400258,0.5724248356979895,4.101515557086892,0.288181947493432,0.20857889689446518,-1.523801090255331,0.8865055739224634,-0.5583177095360972,1.3922129415787259,-20.07035489978605,1.4418009953248063,0.5792079168517011,0.5765915083928355,0.5857676738127917,0.50558693554716,0.39432507660759775,0.24496629775369358,4.070421520549497,4.084123443927166,4.051642765143608,4.056150019709388,3.932520058870762,3.7437772228235016,0.2464560145855718,0.23013768274903756,0.27179452695255185,0.18710653412114114,0.19947463602020415,0.23885869321356037,0.2866009016568291,0.288181947493432,0.2978798974282269,0.20457216572877446,0.08801087732271337,-0.06935007813479317,0.3274585379442959,0.35773833426339063,0.35753202562822517,-0.030279796319095192,0.8865055739224639,1.392212941578726,1.4418009953248045,0.4263398158222289,0.26213236223488784,0.44742955658164185,0.3742160508966458,0.396317522210807,-0.13963441742410962,0.3677904997226835,0.324683379421435,0.3695413965424099,0.3324560804579595,0.3449428144877067,-0.07679618813699518,0.05854931609954486,-0.06255101718654743,0.07788816003923191,0.04175997043868679,0.0513747077231001,-0.06283822928711455,0.4560305926991087,0.2901839501641051,0.4830053815549158,0.3993712440338417,0.4248831939652661,-0.12289084506282294,0.7398568145029091,1.6122368159651668,0.546100828302696,1.2635372943223055,2.030454861859555,1.0268191510855171,2.116726861631419,0.07066290928586216,-2.212671871090307,2005,2
2005-03,1.562,53.1,193.1,0.6825954795342253,0.9891924862703066,3.0186128573050195,0.743339651603469,2.0679924141204906,70.30115056965303,1.673836918325072,0.7265782884191891,4.252788165249588,0.44596705141749426,0.21145974145296964,-0.8412056107211057,1.1593093865043655,0.4308747767342095,2.0932854881185685,-19.32701524818258,2.446086682898615,0.5903475668768393,0.5724248356979895,0.4891946330896001,0.6068027479876567,0.33410031898807074,0.2577200073600609,4.077982443445748,4.101515557086892,3.9667168946449998,4.063689035510401,3.8630793912381116,3.827594718908298,0.2500347417144591,0.20857889689446518,0.2601473567279686,0.28078333076062423,0.20869054603332735,0.1677949067351311,0.300535865284272,0.288181947493432,0.20130685670503537,0.3089542077273207,0.031498667059371016,-0.054456185796058855,0.46885828105912825,0.42519344634128986,0.5004232372135531,0.04366483471783855,1.1593093865043658,2.0932854881185685,2.4460866828986134,0.4185468969968372,0.3274585379442959,0.30081927674667197,0.5876909955126095,0.29066564524003213,0.041461410639810764,0.3720042086902562,0.35773833426339063,0.2511084425663461,0.44086316514311497,0.20966668851406922,0.07684067112508908,0.046542688306581176,-0.030279796319095192,0.04971083418032596,0.14682783036949468,0.08099895672596272,-0.03537926048527812,0.449057389631506,0.35753202562822517,0.33369604475078096,0.6127656621089852,0.32185096806703084,0.05871251230957913,0.8865055739224634,0.7585046512536435,1.1110344743653107,1.3922129415787259,1.0038053784361873,1.9733552176304658,1.4418009953248063,0.9212715168571481,-0.8185152912057319,2005,3
2005-04,1.573,51.88,193.7,-0.5096434792091573,-0.7131893575077737,0.0,-1.40737277571885,2.0761048713646533,68.47318545861299,1.6303139394907855,0.730493480099354,4.226442215471456,0.45298462407614076,0.24172088291126564,-1.350849089930263,1.1385075686151518,-0.2823145807735642,1.745506308777562,-20.73438802390143,1.503864580995507,0.6103101569487615,0.7265782884191891,0.5765915083928355,0.7113040022801623,0.4369480877779548,0.2832028598357097,4.109498965068947,4.252788165249588,4.084123443927166,4.200206964361423,3.944902389583879,3.824802460256043,0.23848081016318337,0.21145974145296964,0.23013768274903756,0.24876665620210736,0.22971531647744436,0.19607001786303485,0.3233713392326343,0.44596705141749426,0.288181947493432,0.41871033485818504,0.13540463700620298,-0.027371196796132015,0.4472906202636443,0.4016397552154132,0.4803558208722728,0.04565086504823079,1.138507568615152,1.745506308777562,1.5038645809955042,0.3987414445879237,0.46885828105912825,0.26213236223488784,0.5857506529609162,0.3548940128613709,0.24702111990395387,0.3693925888899523,0.42519344634128986,0.324683379421435,0.48809053420483917,0.269759925195034,0.27268566119170856,0.029348855697971854,0.04366483471783855,-0.06255101718654743,0.09766011875607727,0.08513408766633701,-0.02566454128775486,0.43033365214893393,0.5004232372135531,0.2901839501641051,0.6171612735820233,0.3838659963047026,0.2696880374682459,1.1593093865043655,0.7398568145029091,1.907278020666649,2.0932854881185685,1.2635372943223055,2.375920307871663,2.446086682898615,2.116726861631419,0.8921638311795721,2005,4
2005-05,1.471,48.65,193.6,-0.27377553239656566,0.002905731340646113,0.0,-0.356723466553906,1.9424842462982097,64.24327571883609,1.5296018028294307,0.6639676932129874,4.162677060225701,0.3859424416193005,0.23896025127065484,-1.6246246223268286,0.35022030535192056,-0.2794088494329181,1.141086629908118,-21.091111490455337,-0.4179966384456392,0.6135084032519601,0.730493480099354,0.5724248356979895,0.5857676738127917,0.50558693554716,0.39432507660759775,4.113871506920618,4.226442215471456,4.101515557086892,4.051642765143608,4.056150019709388,3.932520058870762,0.23730651461470975,0.24172088291126564,0.20857889689446518,0.27179452695255185,0.18710653412114114,0.19947463602020415,0.32908372076896025,0.45298462407614076,0.288181947493432,0.2978798974282269,0.20457216572877446,0.08801087732271337,0.2696426166053897,0.23015700135493944,0.2979315642965872,0.03948561525045069,0.35022030535192084,1.1410866299081182,-0.41799663844563995,0.3756647724717118,0.4472906202636443,0.3274585379442959,0.44742955658164185,0.3742160508966458,0.396317522210807,0.3549841257250468,0.4016397552154132,0.35773833426339063,0.3695413965424099,0.3324560804579595,0.3449428144877067,0.02068064674666406,0.04565086504823079,-0.030279796319095192,0.07788816003923191,0.04175997043868679,0.0513747077231001,0.40753274336397555,0.4803558208722728,0.35753202562822517,0.4830053815549158,0.3993712440338417,0.4248831939652661,1.1385075686151518,0.8865055739224634,1.6122368159651668,1.745506308777562,1.3922129415787259,2.030454861859555,1.503864580995507,1.4418009953248063,0.07066290928586216,2005,5
2005-06,1.654,54.35,193.7,0.5739028516091087,0.649138241107294,0.3166300543423168,1.42701939079088,2.1830117337807606,71.73318484340045,1.7079329724619154,0.7807054526247128,4.272953469590432,0.5031965966014995,0.24542160131764934,-1.0507217707177199,0.9726261012768466,0.3697293916743759,1.9977770101997323,-19.664092099664458,4.298393675469681,0.6265417398186592,0.6639676932129874,0.7265782884191891,0.4891946330896001,0.6068027479876567,0.33410031898807074,4.132377222767634,4.162677060225701,4.252788165249588,3.9667168946449998,4.063689035510401,3.8630793912381116,0.23183413533439357,0.23896025127065484,0.21145974145296964,0.2601473567279686,0.28078333076062423,0.20869054603332735,0.34376081146747245,0.3859424416193005,0.44596705141749426,0.20130685670503537,0.3089542077273207,0.031498667059371016,0.44660513363664206,0.40987407835232004,0.4716979295421285,0.036731055284321995,0.9726261012768467,1.9977770101997328,4.298393675469679,0.34603361580900294,0.2696426166053897,0.46885828105912825,0.30081927674667197,0.5876909955126095,0.29066564524003213,0.3317533931938019,0.23015700135493944,0.42519344634128986,0.2511084425663461,0.44086316514311497,0.20966668851406922,0.014280222615200566,0.03948561525045069,0.04366483471783855,0.04971083418032596,0.14682783036949468,0.08099895672596272,0.376687107154254,0.2979315642965872,0.5004232372135531,0.33369604475078096,0.6127656621089852,0.32185096806703084,0.35022030535192056,1.1593093865043655,0.7585046512536435,1.141086629908118,2.0932854881185685,1.0038053784361873,-0.4179966384456392,2.446086682898615,0.9212715168571481,2005,6
2005-07,1.665,57.52,194.9,0.6264620379276831,0.2605499481237762,0.0,0.387641837913621,2.183999749871729,75.4496490165897,1.7964202146807071,0.7811579433550555,4.3234655333354395,0.5098251234324072,0.19536202830298433,-0.4242597327900368,1.8135049757682336,0.6302793397981521,1.935381369895558,-19.27645026175084,4.182770132879947,0.6751268764078447,0.7807054526247128,0.730493480099354,0.5765915083928355,0.7113040022801623,0.4369480877779548,4.183416651925206,4.272953469590432,4.226442215471456,4.084123443927166,4.200206964361423,3.944902389583879,0.229379842766007,0.24542160131764934,0.24172088291126564,0.23013768274903756,0.24876665620210736,0.22971531647744436,0.3940757681168832,0.5031965966014995,0.45298462407614076,0.288181947493432,0.41871033485818504,0.13540463700620298,0.3442098555771007,0.37856314375156064,0.3744204864262042,-0.03435328817446004,1.8135049757682338,1.9353813698955582,4.182770132879945,0.370331258623998,0.44660513363664206,0.4472906202636443,0.26213236223488784,0.5857506529609162,0.3548940128613709,0.3582143324914644,0.40987407835232004,0.4016397552154132,0.324683379421435,0.48809053420483917,0.269759925195034,0.012116926132533179,0.036731055284321995,0.04565086504823079,-0.06255101718654743,0.09766011875607727,0.08513408766633701,0.3996874212861453,0.4716979295421285,0.4803558208722728,0.2901839501641051,0.6171612735820233,0.3838659963047026,0.9726261012768466,1.1385075686151518,0.7398568145029091,1.9977770101997323,1.745506308777562,1.2635372943223055,4.298393675469681,1.503864580995507,2.116726861631419,2005,7
2005-08,1.874,63.98,196.1,0.8019274697267941,1.0371584949517392,0.0,1.39808019286435,2.4431052583715793,83.40975156382798,1.9859464658054282,0.8932698770500934,4.423765227755235,0.6280751838162305,0.20717426757822688,0.37766773693675726,1.9651106198853063,1.6674378347498913,2.7344524889420168,-17.87837006888649,3.204623548425257,0.7092212822348815,0.7811579433550555,0.6639676932129874,0.5724248356979895,0.5857676738127917,0.50558693554716,4.2233070001599184,4.3234655333354395,4.162677060225701,4.101515557086892,4.051642765143608,4.056150019709388,0.2235839003583315,0.19536202830298433,0.23896025127065484,0.20857889689446518,0.27179452695255185,0.18710653412114114,0.4310162974400457,0.5098251234324072,0.3859424416193005,0.288181947493432,0.2978798974282269,0.20457216572877446,0.38768294150293336,0.367615208045847,0.42350301808745605,0.020067733457085735,1.9651106198853068,2.7344524889420168,3.2046235484252534,0.38401084084770015,0.3442098555771007,0.2696426166053897,0.3274585379442959,0.44742955658164185,0.3742160508966458,0.3671942932131529,0.37856314375156064,0.23015700135493944,0.35773833426339063,0.3695413965424099,0.3324560804579595,0.016816547634547818,-0.03435328817446004,0.03948561525045069,-0.030279796319095192,0.07788816003923191,0.04175997043868679,0.4137268439964952,0.3744204864262042,0.2979315642965872,0.35753202562822517,0.4830053815549158,0.3993712440338417,1.8135049757682336,0.35022030535192056,0.8865055739224634,1.935381369895558,1.141086629908118,1.3922129415787259,4.182770132879947,-0.4179966384456392,1.4418009953248063,2005,8
2005-09,2.232,62.91,198.8,1.2017764859842186,0.1731294260070201,-1.6830543051646885,0.642860721297399,2.8703046579476865,80.90092564134808,1.9262125152701923,1.0544181767327545,4.393225265795628,0.8028980445190645,0.3988625292204949,1.579444222920976,3.2484742660502013,1.8405672607569115,2.761717910994827,-17.23550934758909,4.556041340712721,0.7626954557935655,0.8932698770500934,0.7807054526247128,0.7265782884191891,0.4891946330896001,0.6068027479876567,4.277015278604641,4.423765227755235,4.272953469590432,4.252788165249588,3.9667168946449998,4.063689035510401,0.2233497954722918,0.20717426757822688,0.24542160131764934,0.21145974145296964,0.2601473567279686,0.28078333076062423,0.48766517016051214,0.6280751838162305,0.5031965966014995,0.44596705141749426,0.20130685670503537,0.3089542077273207,0.44761542874509785,0.3295362302852274,0.49394383679174386,0.1180791984598707,3.2484742660502013,2.761717910994827,4.556041340712717,0.3940482414408064,0.38768294150293336,0.44660513363664206,0.46885828105912825,0.30081927674667197,0.5876909955126095,0.36884043884356066,0.367615208045847,0.40987407835232004,0.42519344634128986,0.2511084425663461,0.44086316514311497,0.025207802597244644,0.020067733457085735,0.036731055284321995,0.04366483471783855,0.04971083418032596,0.14682783036949468,0.42472200940636695,0.42350301808745605,0.4716979295421285,0.5004232372135531,0.33369604475078096,0.6127656621089852,1.9651106198853063,0.9726261012768466,1.1593093865043655,2.7344524889420168,1.9977770101997323,2.0932854881185685,3.204623548425257,4.298393675469681,2.446086682898615,2005,9
2005-10,2.398,58.54,199.1,-1.1656532763083467,-0.5244165412173918,0.0,-0.12875016157242,3.0791305616942912,75.16776608906747,1.7897087164063683,1.1246472719713354,4.319722496629753,0.8746350566053226,0.5425943936249511,0.4137909466126293,1.1115148022094767,1.3161507195395197,1.0800123009354903,-17.36425950916151,3.158897760441001,0.8173354371791598,1.0544181767327545,0.7811579433550555,0.730493480099354,0.5765915083928355,0.7113040022801623,4.300421462028981,4.393225265795628,4.3234655333354395,4.226442215471456,4.084123443927166,4.200206964361423,0.254583593433546,0.3988625292204949,0.19536202830298433,0.24172088291126564,0.23013768274903756,0.24876665620210736,0.5471536690107739,0.8028980445190645,0.5098251234324072,0.45298462407614076,0.288181947493432,0.41871033485818504,0.4133432696911731,0.11951553226832967,0.45592472174713755,0.29382773742284374,1.1115148022094772,1.0800123009354905,3.158897760440997,0.39050776605513476,0.44761542874509785,0.3442098555771007,0.4472906202636443,0.26213236223488784,0.5857506529609162,0.3528975695008838,0.3295362302852274,0.37856314375156064,0.4016397552154132,0.324683379421435,0.48809053420483917,0.037610196554249936,0.1180791984598707,-0.03435328817446004,0.04565086504823079,-0.06255101718654743,0.09766011875607727,0.4236421093360655,0.49394383679174386,0.3744204864262042,0.4803558208722728,0.2901839501641051,0.6171612735820233,3.2484742660502013,1.8135049757682336,1.1385075686151518,2.761717910994827,1.935381369895558,1.745506308777562,4.556041340712721,4.182770132879947,1.503864580995507,2005,10
2005-11,1.698,55.24,198.1,-1.269657519650779,-1.1506156337889788,0.0,-1.36483602263086,2.1913078571428573,71.28848411576645,1.6973448598992011,0.7844985606208138,4.26673480127275,0.5294510878891555,0.2554333776314325,-0.8558665730381498,0.16466991915333073,0.16553508575054088,0.3121362535486125,-18.72909553179237,2.4488185285827315,0.8830277358244899,1.1246472719713354,0.8932698770500934,0.6639676932129874,0.5724248356979895,0.5857676738127917,4.315968175555365,4.319722496629753,4.423765227755235,4.162677060225701,4.101515557086892,4.051642765143608,0.30472917855249354,0.5425943936249511,0.20717426757822688,0.23896025127065484,0.20857889689446518,0.27179452695255185,0.6174287410989708,0.8746350566053226,0.6280751838162305,0.3859424416193005,0.288181947493432,0.2978798974282269,0.1987308868080221,0.21509203612914174,0.2315711904609286,-0.016361149321119373,0.16466991915333096,0.3121362535486128,2.448818528582727,0.3848498742930562,0.4133432696911731,0.38768294150293336,0.2696426166053897,0.3274585379442959,0.44742955658164185,0.30587686567637107,0.11951553226832967,0.367615208045847,0.23015700135493944,0.35773833426339063,0.3695413965424099,0.07897300861668546,0.29382773742284374,0.020067733457085735,0.03948561525045069,-0.030279796319095192,0.07788816003923191,0.4195702594818762,0.45592472174713755,0.42350301808745605,0.2979315642965872,0.35753202562822517,0.4830053815549158,1.1115148022094767,1.9651106198853063,0.35022030535192056,1.0800123009354903,2.7344524889420168,1.141086629908118,3.158897760441001,3.204623548425257,-0.4179966384456392,2005,11
2005-12,1.727,56.86,198.1,0.07939667387317391,0.1197370550152201,2.929100888083675,1.1796597839037,2.228733020780751,73.37913118795223,1.7471221711417197,0.8014332718962,4.295639578954512,0.5463857991645416,0.24346331122505604,-0.7764698991649759,1.2724212747572634,0.28527214076576096,1.5101514019202689,-17.549435747888673,4.389054001866746,0.9031162137257943,0.7844985606208138,1.0544181767327545,0.7807054526247128,0.7265782884191891,0.4891946330896001,4.333311132396539,4.26673480127275,4.393225265795628,4.272953469590432,4.252788165249588,3.9667168946449998,0.3074746996126232,0.2554333776314325,0.3988625292204949,0.24542160131764934,0.21145974145296964,0.2601473567279686,0.6413468488106133,0.5294510878891555,0.8028980445190645,0.5031965966014995,0.44596705141749426,0.20130685670503537,0.31223863880659986,0.32892268430951255,0.3450789424595062,-0.01668404550291258,1.2724212747572636,1.510151401920269,4.389054001866739,0.37303125266016157,0.1987308868080221,0.44761542874509785,0.44660513363664206,0.46885828105912825,0.30081927674667197,0.3033660381387371,0.21509203612914174,0.3295362302852274,0.40987407835232004,0.42519344634128986,0.2511084425663461,0.0696652145214238,-0.016361149321119373,0.1180791984598707,0.036731055284321995,0.04366483471783855,0.04971083418032596,0.4085101971759332,0.2315711904609286,0.49394383679174386,0.4716979295421285,0.5004232372135531,0.33369604475078096,0.16466991915333073,3.2484742660502013,0.9726261012768466,0.3121362535486125,2.761717910994827,1.9977770101997323,2.4488185285827315,4.556041340712721,4.298393675469681,2005,12
2006-01,1.816,62.99,199.3,0.2461967056170143,0.0954211380164353,-0.17209741634783426,1.70106311132451,2.329478631878241,80.8005831619,1.9238234086166666,0.8456444793965161,4.391984182851252,0.5966362801791015,0.19132991482863215,-0.5302731935479617,1.1047102668336386,0.3806932787821963,1.1246683978571403,-15.848372636564163,4.313768580852496,0.9065708502710422,0.8014332718962,1.1246472719713354,0.7811579433550555,0.730493480099354,0.5765915083928355,4.337092150623886,4.295639578954512,4.319722496629753,4.3234655333354395,4.226442215471456,4.084123443927166,0.3071483179305243,0.24346331122505604,0.5425943936249511,0.19536202830298433,0.24172088291126564,0.23013768274903756,0.648545049237787,0.5463857991645416,0.8746350566053226,0.5098251234324072,0.45298462407614076,0.288181947493432,0.26905297100368064,0.30786073892408616,0.3084543326856695,-0.03880776792040541,1.1047102668336388,1.1246683978571408,4.313768580852491,0.35063683685515457,0.31223863880659986,0.4133432696911731,0.3442098555771007,0.4472906202636443,0.26213236223488784,0.2898741391316033,0.32892268430951255,0.11951553226832967,0.37856314375156064,0.4016397552154132,0.324683379421435,0.060762697723551334,-0.01668404550291258,0.29382773742284374,-0.03435328817446004,0.04565086504823079,-0.06255101718654743,0.38740703266216275,0.3450789424595062,0.45592472174713755,0.3744204864262042,0.4803558208722728,0.2901839501641051,1.2724212747572634,1.1115148022094767,1.8135049757682336,1.5101514019202689,1.0800123009354903,1.935381369895558,4.389054001866746,3.158897760441001,4.182770132879947,2006,1
2006-02,1.754,60.21,199.4,-0.5700261492309745,-0.3421416670167333,0.0,-0.374598494716906,2.2488196146773656,77.19579760531596,1.8379951810789514,0.8104054628584169,4.346345020384782,0.5618988939499913,0.20173006075700306,-1.100299342778936,0.42350174747639435,0.038551611765462956,0.5968693213015599,-16.222971131281067,3.8473837685049883,0.9173186062779523,0.8456444793965161,0.7844985606208138,0.8932698770500934,0.6639676932129874,0.5724248356979895,4.348511925543188,4.391984182851252,4.26673480127275,4.423765227755235,4.162677060225701,4.101515557086892,0.3064762990181322,0.19132991482863215,0.2554333776314325,0.20717426757822688,0.23896025127065484,0.20857889689446518,0.663013575362236,0.5966362801791015,0.5294510878891555,0.6280751838162305,0.3859424416193005,0.288181947493432,0.23798062716042734,0.24482946329789002,0.27371694645655925,-0.006848836137462122,0.4235017474763949,0.5968693213015601,3.847383768504983,0.3381106894262511,0.26905297100368064,0.1987308868080221,0.38768294150293336,0.2696426166053897,0.3274585379442959,0.27809040499369075,0.30786073892408616,0.21509203612914174,0.367615208045847,0.23015700135493944,0.35773833426339063,0.06002028443256044,-0.03880776792040541,-0.016361149321119373,0.020067733457085735,0.03948561525045069,-0.030279796319095192,0.37641267370540693,0.3084543326856695,0.2315711904609286,0.42350301808745605,0.2979315642965872,0.35753202562822517,1.1047102668336386,0.16466991915333073,1.9651106198853063,1.1246683978571403,0.3121362535486125,2.7344524889420168,4.313768580852496,2.4488185285827315,3.204623548425257,2006,2
2006-03,1.875,62.06,199.7,-0.025468859922751618,-0.09110196533469367,-1.846056885152366,1.29308649016788,2.400343483975964,79.44816886162579,1.8916230681339474,0.8756118454367682,4.375104845034628,0.6286086594223741,0.2381766186855082,-1.1257682027016878,-0.28456259198058254,-0.05255035356923071,-0.4834251303034404,-14.929884641113187,4.397130607069399,0.9035078705793396,0.8104054628584169,0.8014332718962,1.0544181767327545,0.7807054526247128,0.7265782884191891,4.335608557648113,4.346345020384782,4.295639578954512,4.393225265795628,4.272953469590432,4.252788165249588,0.30556893121459494,0.20173006075700306,0.24346331122505604,0.3988625292204949,0.24542160131764934,0.21145974145296964,0.6519841937178629,0.5618988939499913,0.5463857991645416,0.8028980445190645,0.5031965966014995,0.44596705141749426,0.14903355701757903,0.12231667978504035,0.18264160800487983,0.02671687723253857,-0.2845625919805821,-0.4834251303034402,4.397130607069393,0.31316030370250025,0.23798062716042734,0.31223863880659986,0.44761542874509785,0.44660513363664206,0.46885828105912825,0.25762611420236503,0.24482946329789002,0.32892268430951255,0.3295362302852274,0.40987407835232004,0.42519344634128986,0.05553418950013583,-0.006848836137462122,-0.01668404550291258,0.1180791984598707,0.036731055284321995,0.04366483471783855,0.35144832843359086,0.27371694645655925,0.3450789424595062,0.49394383679174386,0.4716979295421285,0.5004232372135531,0.42350174747639435,1.2724212747572634,3.2484742660502013,0.5968693213015599,1.5101514019202689,2.761717910994827,3.8473837685049883,4.389054001866746,4.556041340712721,2006,3
2006-04,2.074,70.26,200.7,0.7118618997868664,0.6896300164956477,0.0,1.21905114796395,2.6418707415711675,89.49751123567515,2.130893124658932,0.9714872804412066,4.4942108174715525,0.7294791098073355,0.21494608125302284,-0.41390630291482133,0.9369427870154412,0.637079662926417,0.9193942436999809,-13.710833493149236,7.023554530752199,0.8737068153633417,0.8756118454367682,0.8456444793965161,1.1246472719713354,0.7811579433550555,0.730493480099354,4.33258848752128,4.375104845034628,4.391984182851252,4.319722496629753,4.3234655333354395,4.226442215471456,0.2787879461254305,0.2381766186855082,0.19132991482863215,0.5425943936249511,0.19536202830298433,0.24172088291126564,0.6229359628684145,0.6286086594223741,0.5966362801791015,0.8746350566053226,0.5098251234324072,0.45298462407614076,0.24099380034185258,0.2677686020000962,0.2764944857311948,-0.02677480165824281,0.9369427870154416,0.9193942436999812,7.023554530752195,0.26339665841458026,0.14903355701757903,0.26905297100368064,0.4133432696911731,0.3442098555771007,0.4472906202636443,0.22308952245233282,0.12231667978504035,0.30786073892408616,0.11951553226832967,0.37856314375156064,0.4016397552154132,0.04030713596224714,0.02671687723253857,-0.03880776792040541,0.29382773742284374,-0.03435328817446004,0.04565086504823079,0.2995646236357802,0.18264160800487983,0.3084543326856695,0.45592472174713755,0.3744204864262042,0.4803558208722728,-0.28456259198058254,1.1047102668336386,1.1115148022094767,-0.4834251303034404,1.1246683978571403,1.0800123009354903,4.397130607069399,4.313768580852496,3.158897760441001,2006,4
2006-05,2.07,69.78,201.3,-0.26920527149317136,-0.3883447188471686,0.0,-0.203917632391827,2.6289162816691505,88.62114885742672,2.1100273537482552,0.9665717010676953,4.484370529549046,0.7275486072772777,0.21987078980201802,-0.6831115744079927,0.9415130479188354,0.24873494407924845,0.5281437935121662,-13.914751125541063,7.176360364914278,0.8481801501083203,0.9714872804412066,0.8104054628584169,0.7844985606208138,0.8932698770500934,0.6639676932129874,4.361669874328246,4.4942108174715525,4.346345020384782,4.26673480127275,4.423765227755235,4.162677060225701,0.22417989406344244,0.21494608125302284,0.20173006075700306,0.2554333776314325,0.20717426757822688,0.23896025127065484,0.59874330506875,0.7294791098073355,0.5618988939499913,0.5294510878891555,0.6280751838162305,0.3859424416193005,0.30260400785470787,0.3216934693233444,0.34160616565797713,-0.019089461468636826,0.9415130479188358,0.5281437935121666,7.176360364914274,0.23467174685636016,0.24099380034185258,0.23798062716042734,0.1987308868080221,0.38768294150293336,0.2696426166053897,0.24779836740762828,0.2677686020000962,0.24482946329789002,0.21509203612914174,0.367615208045847,0.23015700135493944,-0.013126620551267315,-0.02677480165824281,-0.006848836137462122,-0.016361149321119373,0.020067733457085735,0.03948561525045069,0.2696595842997897,0.2764944857311948,0.27371694645655925,0.2315711904609286,0.42350301808745605,0.2979315642965872,0.9369427870154412,0.42350174747639435,0.16466991915333073,0.9193942436999809,0.5968693213015599,0.3121362535486125,7.023554530752199,3.8473837685049883,2.4488185285827315,2006,5
2006-06,2.081,68.56,201.8,-0.3879780605793254,-0.42976666661017127,-1.2025861747401958,0.246628543902602,2.6363380868021142,86.85600155269245,2.0680000369688676,0.9693908659281523,4.464251592806179,0.7328485474114974,0.24280889140534134,-1.071089634987318,-0.020367864269598634,-0.1810317225309228,-0.550761114205299,-13.66812258163846,5.995969518026,0.8785256735161339,0.9665717010676953,0.8756118454367682,0.8014332718962,1.0544181767327545,0.7807054526247128,4.397942495707629,4.484370529549046,4.375104845034628,4.295639578954512,4.393225265795628,4.272953469590432,0.21825279609187342,0.21987078980201802,0.2381766186855082,0.24346331122505604,0.3988625292204949,0.24542160131764934,0.6317595583001036,0.7275486072772777,0.6286086594223741,0.5463857991645416,0.8028980445190645,0.5031965966014995,0.18868541330343946,0.19129812321574757,0.2296519508099979,-0.0026127099123079978,-0.020367864269598135,-0.5507611142052987,5.995969518025998,0.2519839336974746,0.30260400785470787,0.14903355701757903,0.31223863880659986,0.44761542874509785,0.44660513363664206,0.26556527293999554,0.3216934693233444,0.12231667978504035,0.32892268430951255,0.3295362302852274,0.40987407835232004,-0.01358133924252014,-0.019089461468636826,0.02671687723253857,-0.01668404550291258,0.1180791984598707,0.036731055284321995,0.2879987468326311,0.34160616565797713,0.18264160800487983,0.3450789424595062,0.49394383679174386,0.4716979295421285,0.9415130479188354,-0.28456259198058254,1.2724212747572634,0.5281437935121662,-0.4834251303034404,1.5101514019202689,7.176360364914278,4.397130607069399,4.389054001866746,2006,6
2006-07,2.154,73.67,202.9,0.30523613987520565,0.0662154549604787,0.0,0.245549084617228,2.7140249605717104,92.8236856292098,2.210087753076424,0.9984327583385912,4.530701840299117,0.7673265787341967,0.20540053632284272,-0.7658534951121123,-0.341593762322076,-0.11481626757044411,-0.7450956073685966,-13.422573497021233,5.853876764729607,0.9065186058547927,0.9693908659281523,0.9714872804412066,0.8456444793965161,1.1246472719713354,0.7811579433550555,4.42604449801624,4.464251592806179,4.4942108174715525,4.391984182851252,4.319722496629753,4.3234655333354395,0.21814372612192093,0.24280889140534134,0.21494608125302284,0.19132991482863215,0.5425943936249511,0.19536202830298433,0.6628366830079296,0.7328485474114974,0.7294791098073355,0.5966362801791015,0.8746350566053226,0.5098251234324072,0.21727481498353574,0.20723630696367756,0.2575014553017896,0.010038508019858394,-0.3415937623220755,-0.7450956073685961,5.8538767647296055,0.23139172944694797,0.18868541330343946,0.24099380034185258,0.26905297100368064,0.4133432696911731,0.3442098555771007,0.24262784609103427,0.19129812321574757,0.2677686020000962,0.30786073892408616,0.11951553226832967,0.37856314375156064,-0.01123611664408608,-0.0026127099123079978,-0.02677480165824281,-0.03880776792040541,0.29382773742284374,-0.03435328817446004,0.2687609148910464,0.2296519508099979,0.2764944857311948,0.3084543326856695,0.45592472174713755,0.3744204864262042,-0.020367864269598634,0.9369427870154412,1.1047102668336386,-0.550761114205299,0.9193942436999809,1.1246683978571403,5.995969518026,7.023554530752199,4.313768580852496,2006,7
2006-08,2.133,73.23,203.8,-0.24100241497835642,-0.16170237513961058,0.0,-0.0968890815647003,2.675696566486752,91.86181882973504,2.187186162612739,0.9842097451367526,4.520285478720518,0.7575294394892135,0.2015938846996035,-1.0068559100904688,-1.3845236470272266,-0.27651864271005466,-1.9439564774599463,-13.519462578585934,4.358907490300556,0.9319833190118052,0.9984327583385912,0.9665717010676953,0.8104054628584169,0.7844985606208138,0.8932698770500934,4.449164107590884,4.530701840299117,4.484370529549046,4.346345020384782,4.26673480127275,4.423765227755235,0.22048882970428937,0.20540053632284272,0.21987078980201802,0.20173006075700306,0.2554333776314325,0.20717426757822688,0.6912850661004454,0.7673265787341967,0.7275486072772777,0.5618988939499913,0.5294510878891555,0.6280751838162305,0.09093986808665921,0.09652025096528316,0.12945425567298297,-0.005580382878623391,-1.3845236470272262,-1.9439564774599458,4.358907490300556,0.22276203677692374,0.21727481498353574,0.30260400785470787,0.23798062716042734,0.1987308868080221,0.38768294150293336,0.22585710743096588,0.20723630696367756,0.3216934693233444,0.24482946329789002,0.21509203612914174,0.367615208045847,-0.0030950706540421313,0.010038508019858394,-0.019089461468636826,-0.006848836137462122,-0.016361149321119373,0.020067733457085735,0.26026876866039966,0.2575014553017896,0.34160616565797713,0.27371694645655925,0.2315711904609286,0.42350301808745605,-0.341593762322076,0.9415130479188354,0.42350174747639435,-0.7450956073685966,0.5281437935121662,0.5968693213015599,5.853876764729607,7.176360364914278,3.8473837685049883,2006,8
2006-09,1.81,61.96,202.8,-0.946133629371334,-0.7951567755617813,-1.1459258168171547,-0.437426291112763,2.2817119123931624,78.10766303418804,1.8597062627187628,0.8249259999968698,4.358088170267803,0.5933268452777344,0.2045074480124348,-1.9529895394618029,-3.532433762382779,-1.071675418271836,-2.912242679028748,-13.956888869698696,3.278620477890395,0.9609506993915278,0.9842097451367526,0.9693908659281523,0.8756118454367682,0.8014332718962,1.0544181767327545,4.478154183980173,4.520285478720518,4.464251592806179,4.375104845034628,4.295639578954512,4.393225265795628,0.22046613369472276,0.2015938846996035,0.24280889140534134,0.2381766186855082,0.24346331122505604,0.3988625292204949,0.7238901570236491,0.7575294394892135,0.7328485474114974,0.6286086594223741,0.5463857991645416,0.8028980445190645,-0.22949217673588473,-0.0351370955278254,-0.20957119924133016,-0.1943550812080601,-3.532433762382779,-2.9122426790287474,3.278620477890394,0.19825524359796232,0.09093986808665921,0.18868541330343946,0.14903355701757903,0.31223863880659986,0.44761542874509785,0.20113890537553214,0.09652025096528316,0.19129812321574757,0.12231667978504035,0.32892268430951255,0.3295362302852274,-0.0028836617775690465,-0.005580382878623391,-0.0026127099123079978,0.02671687723253857,-0.01668404550291258,0.1180791984598707,0.23622498686313698,0.12945425567298297,0.2296519508099979,0.18264160800487983,0.3450789424595062,0.49394383679174386,-1.3845236470272266,-0.020367864269598634,-0.28456259198058254,-1.9439564774599463,-0.550761114205299,-0.4834251303034404,4.358907490300556,5.995969518026,4.397130607069399,2006,9
2006-10,1.739,57.81,201.9,-0.740508572343259,-0.4424774043655187,-1.034239886042774,-0.164484346517289,2.2019803982994883,73.20096999752353,1.7428802380362745,0.7893571364895177,4.293208672211756,0.5533102353721461,0.23381808256112957,-2.693498111805062,-3.1072890584176913,-1.5141528226373546,-2.8303035421768747,-14.121373216215986,3.242886292945526,0.952503058484878,0.8249259999968698,0.9984327583385912,0.9714872804412066,0.8456444793965161,1.1246472719713354,4.475318071519037,4.358088170267803,4.530701840299117,4.4942108174715525,4.391984182851252,4.319722496629753,0.21485460524921052,0.2045074480124348,0.20540053632284272,0.21494608125302284,0.19132991482863215,0.5425943936249511,0.7180098546662093,0.5933268452777344,0.7673265787341967,0.7294791098073355,0.5966362801791015,0.8746350566053226,-0.33529013548181774,-0.026513824417996545,-0.3213248212331765,-0.30877631106382153,-3.1072890584176913,-2.8303035421768743,3.242886292945524,0.13516762130571824,-0.22949217673588473,0.21727481498353574,0.24099380034185258,0.26905297100368064,0.4133432696911731,0.17489660949005525,-0.0351370955278254,0.20723630696367756,0.2677686020000962,0.30786073892408616,0.11951553226832967,-0.039728988184335456,-0.1943550812080601,0.010038508019858394,-0.02677480165824281,-0.03880776792040541,0.29382773742284374,0.17085618565543537,-0.20957119924133016,0.2575014553017896,0.2764944857311948,0.3084543326856695,0.45592472174713755,-3.532433762382779,-0.341593762322076,0.9369427870154412,-2.912242679028748,-0.7450956073685966,0.9193942436999809,3.278620477890395,5.853876764729607,7.023554530752199,2006,10
2006-11,1.733,58.76,202.0,-0.24905555118894093,-0.08794086530834605,0.0,1.19015762680396,2.1932966679042907,74.36705839933994,1.770644247603332,0.7854057397684279,4.309013080340636,0.5498540107334691,0.21406227771116082,-2.942553662994003,-2.086687089955853,-1.6020936879457006,-1.767628773696242,-12.931215589412027,5.797879942380345,0.9221480344929299,0.7893571364895177,0.9842097451367526,0.9665717010676953,0.8104054628584169,0.7844985606208138,4.441817713975737,4.293208672211756,4.520285478720518,4.484370529549046,4.346345020384782,4.26673480127275,0.21799993880056168,0.23381808256112957,0.2015938846996035,0.21987078980201802,0.20173006075700306,0.2554333776314325,0.6886483755936776,0.5533102353721461,0.7575294394892135,0.7275486072772777,0.5618988939499913,0.5294510878891555,0.0009071791476140678,0.04227827906788573,0.020402922844313554,-0.04137109992027166,-2.086687089955853,-1.7676287736962415,5.797879942380344,0.03912029866844002,-0.33529013548181774,0.09093986808665921,0.30260400785470787,0.23798062716042734,0.1987308868080221,0.12584953842037194,-0.026513824417996545,0.09652025096528316,0.3216934693233444,0.24482946329789002,0.21509203612914174,-0.08672923975193186,-0.30877631106382153,-0.005580382878623391,-0.019089461468636826,-0.006848836137462122,-0.016361149321119373,0.07121963449470681,-0.3213248212331765,0.12945425567298297,0.34160616565797713,0.27371694645655925,0.2315711904609286,-3.1072890584176913,-1.3845236470272266,0.9415130479188354,-2.8303035421768747,-1.9439564774599463,0.5281437935121662,3.242886292945526,4.358907490300556,7.176360364914278,2006,11
2006-12,1.81,62.47,203.1,0.031442805393906564,-0.06509476023726629,1.7371752631757718,0.68899517306339,2.2783415846052852,78.63425347529953,1.8722441303642745,0.823447803127559,4.364807399355303,0.5933268452777344,0.1963100220556243,-2.9111108576000966,-2.1346409584351203,-1.6671884481829669,-1.9524605889487283,-12.242220416348637,5.307215331540036,0.8919537076097187,0.7854057397684279,0.8249259999968698,0.9693908659281523,0.8756118454367682,0.8014332718962,4.412591472441001,4.309013080340636,4.358088170267803,4.464251592806179,4.375104845034628,4.295639578954512,0.2170318534520855,0.21406227771116082,0.2045074480124348,0.24280889140534134,0.2381766186855082,0.24346331122505604,0.6590326095030429,0.5498540107334691,0.5933268452777344,0.7328485474114974,0.6286086594223741,0.5463857991645416,0.022014531231359102,0.06916782040079106,0.04694104611319283,-0.047153289169431734,-2.1346409584351207,-1.9524605889487279,5.307215331540036,-0.01116250611607561,0.0009071791476140678,-0.22949217673588473,0.18868541330343946,0.14903355701757903,0.31223863880659986,0.07928034004446172,0.04227827906788573,-0.0351370955278254,0.19129812321574757,0.12231667978504035,0.32892268430951255,-0.09044284616053769,-0.04137109992027166,-0.1943550812080601,-0.0026127099123079978,0.02671687723253857,-0.01668404550291258,0.017685760692429553,0.020402922844313554,-0.20957119924133016,0.2296519508099979,0.18264160800487983,0.3450789424595062,-2.086687089955853,-3.532433762382779,-0.020367864269598634,-1.767628773696242,-2.912242679028748,-0.550761114205299,5.797879942380345,3.278620477890395,5.995969518026,2006,12
2007-01,1.654,53.68,203.437,-0.752999190602878,-1.0153775778775838,0.0,-0.00680372834093854,2.07852737129103,67.45788953500757,1.6061402270239897,0.7316596483950913,4.211503544457019,0.5031965966014995,0.25782572222144134,-3.6641100482029745,-3.1338368546550126,-2.6825660260605506,-3.063259304842747,-12.249024144689576,3.5993484918745873,0.8676298638096198,0.823447803127559,0.7893571364895177,0.9984327583385912,0.9714872804412066,0.8456444793965161,4.396017440199189,4.364807399355303,4.293208672211756,4.530701840299117,4.4942108174715525,4.391984182851252,0.2092820418937993,0.1963100220556243,0.23381808256112957,0.20540053632284272,0.21494608125302284,0.19132991482863215,0.635778992480749,0.5933268452777344,0.5533102353721461,0.7673265787341967,0.7294791098073355,0.5966362801791015,-0.11398483100142476,-0.18048063839423367,-0.09343968357760202,0.06649580739280919,-3.133836854655013,-3.063259304842747,3.5993484918745864,-0.03894098646142241,0.022014531231359102,-0.33529013548181774,0.21727481498353574,0.24099380034185258,0.26905297100368064,0.05892528957530274,0.06916782040079106,-0.026513824417996545,0.20723630696367756,0.2677686020000962,0.30786073892408616,-0.09786627603672499,-0.047153289169431734,-0.30877631106382153,0.010038508019858394,-0.02677480165824281,-0.03880776792040541,-0.012766056757038013,0.04694104611319283,-0.3213248212331765,0.2575014553017896,0.2764944857311948,0.3084543326856695,-2.1346409584351203,-3.1072890584176913,-0.341593762322076,-1.9524605889487283,-2.8303035421768747,-0.7450956073685966,5.307215331540036,3.242886292945526,5.853876764729607,2007,1
2007-02,1.74,57.56,204.226,0.42645979156544245,0.4426118695720818,0.0,1.50068864162085,2.178153099997062,72.05430599760398,1.715578714228666,0.7784773158864898,4.277420084679219,0.5538851132264376,0.23872684949063883,-3.237650256637532,-2.1373509138585955,-2.239954156488469,-2.278505768253932,-10.748335503068727,5.474635628212344,0.8231676788190366,0.7316596483950913,0.7854057397684279,0.9842097451367526,0.9665717010676953,0.8104054628584169,4.3428177242255055,4.211503544457019,4.309013080340636,4.520285478720518,4.484370529549046,4.346345020384782,0.21801957287689908,0.25782572222144134,0.21406227771116082,0.2015938846996035,0.21987078980201802,0.20173006075700306,0.5917573287919661,0.5031965966014995,0.5498540107334691,0.7575294394892135,0.7275486072772777,0.5618988939499913,-0.03192814697192703,-0.0689249357055628,-0.008013780723553632,0.036996788733635766,-2.137350913858596,-2.2785057682539316,5.47463562821234,-0.09415092745891562,-0.11398483100142476,0.0009071791476140678,0.09093986808665921,0.30260400785470787,0.23798062716042734,-0.005694201317682612,-0.18048063839423367,0.04227827906788573,0.09652025096528316,0.3216934693233444,0.24482946329789002,-0.08845672614123315,0.06649580739280919,-0.04137109992027166,-0.005580382878623391,-0.019089461468636826,-0.006848836137462122,-0.07125624657026997,-0.09343968357760202,0.020402922844313554,0.12945425567298297,0.34160616565797713,0.27371694645655925,-3.1338368546550126,-2.086687089955853,-1.3845236470272266,-3.063259304842747,-1.767628773696242,-1.9439564774599463,3.5993484918745873,5.797879942380345,4.358907490300556,2007,2
2007-03,1.846,62.05,205.288,-0.08182694659154881,-0.6111535031831968,-0.7089668264878849,0.0579166867080364,2.298890674726888,77.27311287475806,1.8398360208275728,0.832426691247513,4.347346066817469,0.6130211360806604,0.2227502427134126,-3.3194772032290807,-2.1937090005273925,-2.8511076596716656,-2.7985573061024356,-10.69041881636069,4.239465824752499,0.7888789406106592,0.7784773158864898,0.823447803127559,0.8249259999968698,0.9693908659281523,0.8756118454367682,4.3023401585519565,4.277420084679219,4.364807399355303,4.358088170267803,4.464251592806179,4.375104845034628,0.2242084003420716,0.23872684949063883,0.1963100220556243,0.2045074480124348,0.24280889140534134,0.2381766186855082,0.5578166077481702,0.5538851132264376,0.5933268452777344,0.5933268452777344,0.7328485474114974,0.6286086594223741,-0.04318515418925517,-0.027758778217159552,-0.01558752334171365,-0.015426375972095618,-2.193709000527393,-2.7985573061024347,4.239465824752497,-0.11462892996868035,-0.03192814697192703,0.022014531231359102,-0.22949217673588473,0.18868541330343946,0.14903355701757903,-0.03326839909615664,-0.0689249357055628,0.06916782040079106,-0.0351370955278254,0.19129812321574757,0.12231667978504035,-0.08136053087252335,0.036996788733635766,-0.047153289169431734,-0.1943550812080601,-0.0026127099123079978,0.02671687723253857,-0.09416758596969266,-0.008013780723553632,0.04694104611319283,-0.20957119924133016,0.2296519508099979,0.18264160800487983,-2.1373509138585955,-2.1346409584351203,-3.532433762382779,-2.278505768253932,-1.9524605889487283,-2.912242679028748,5.474635628212344,5.307215331540036,3.278620477890395,2007,3
2007-04,2.036,67.49,205.904,0.19421528831874385,0.24669680339030303,0.0,0.503888444294474,2.5279191257414464,83.7962975423822,1.9951499414852907,0.9273964843731309,4.4283888244401695,0.7109870986882764,0.23667727821632978,-3.125261914910337,-2.7113556119955153,-2.6044108562813624,-3.24149051920778,-10.186530372066215,3.524303121083024,0.7901290558190999,0.832426691247513,0.7316596483950913,0.7893571364895177,0.9984327583385912,0.9714872804412066,4.3005498079769,4.347346066817469,4.211503544457019,4.293208672211756,4.530701840299117,4.4942108174715525,0.2272488661255679,0.2227502427134126,0.25782572222144134,0.23381808256112957,0.20540053632284272,0.21494608125302284,0.5610989895486579,0.6130211360806604,0.5031965966014995,0.5533102353721461,0.7673265787341967,0.7294791098073355,-0.044090796068075644,-0.06582199303138303,-0.018492011119059182,0.021731196963306942,-2.711355611995516,-3.2414905192077796,3.5243031210830207,-0.08357775954424185,-0.04318515418925517,-0.11398483100142476,-0.33529013548181774,0.21727481498353574,0.24099380034185258,-0.03203867954437989,-0.027758778217159552,-0.18048063839423367,-0.026513824417996545,0.20723630696367756,0.2677686020000962,-0.0515390799998626,-0.015426375972095618,0.06649580739280919,-0.30877631106382153,0.010038508019858394,-0.02677480165824281,-0.06183697331975657,-0.01558752334171365,-0.09343968357760202,-0.3213248212331765,0.2575014553017896,0.2764944857311948,-2.1937090005273925,-3.1338368546550126,-3.1072890584176913,-2.7985573061024356,-3.063259304842747,-2.8303035421768747,4.239465824752499,3.5993484918745873,3.242886292945526,2007,4
2007-05,2.044,67.21,206.755,-0.24086248561113244,-0.3721559573975427,0.0,0.443919780977138,2.5274062553908414,83.10517339766068,1.9786946047062066,0.9271935813693881,4.420106955009804,0.714908672341458,0.24475624464295198,-3.3661244005214694,-2.6830128261134765,-2.976566813678905,-3.2253017577581544,-9.742610591089077,4.172140534451988,0.8131356137997021,0.9273964843731309,0.7784773158864898,0.7854057397684279,0.9842097451367526,0.9665717010676953,4.323079833348302,4.4283888244401695,4.277420084679219,4.309013080340636,4.520285478720518,4.484370529549046,0.22772539873476794,0.23667727821632978,0.23872684949063883,0.21406227771116082,0.2015938846996035,0.21987078980201802,0.587378466768013,0.7109870986882764,0.5538851132264376,0.5498540107334691,0.7575294394892135,0.7275486072772777,-0.03937811969830718,-0.06426357453924147,-0.012639934935819608,0.024885454840933963,-2.683012826113477,-3.2253017577581535,4.1721405344519855,-0.035044536308618146,-0.044090796068075644,-0.03192814697192703,0.0009071791476140678,0.09093986808665921,0.30260400785470787,-0.03859004097994401,-0.06582199303138303,-0.0689249357055628,0.04227827906788573,0.09652025096528316,0.3216934693233444,0.0035455046713255,0.021731196963306942,0.036996788733635766,-0.04137109992027166,-0.005580382878623391,-0.019089461468636826,-0.011364838300736979,-0.018492011119059182,-0.008013780723553632,0.020402922844313554,0.12945425567298297,0.34160616565797713,-2.7113556119955153,-2.1373509138585955,-2.086687089955853,-3.24149051920778,-2.278505768253932,-1.767628773696242,3.524303121083024,5.474635628212344,5.797879942380345,2007,5
2007-06,2.099,71.05,207.234,0.2496711125143841,0.3628251672450102,0.0,1.84455261425944,2.5894147312538807,87.65026996454893,2.0869111896321173,0.9514318776869674,4.473354691391581,0.7414610408384961,0.21574680457875473,-3.116453288007085,-2.0453636530197667,-2.613741646433895,-2.432709923902973,-7.898057976829637,5.770064604808827,0.8367669207331955,0.9271935813693881,0.832426691247513,0.823447803127559,0.8249259999968698,0.9693908659281523,4.3415954791264975,4.420106955009804,4.347346066817469,4.364807399355303,4.358088170267803,4.464251592806179,0.2328410598900665,0.24475624464295198,0.2227502427134126,0.1963100220556243,0.2045074480124348,0.24280889140534134,0.614887577036011,0.714908672341458,0.6130211360806604,0.5933268452777344,0.5933268452777344,0.7328485474114974,-0.017958988241184914,0.009103098585401703,0.008612493426998657,-0.027062086826586618,-2.045363653019767,-2.432709923902972,5.770064604808823,-0.04175875278293839,-0.03937811969830718,-0.04318515418925517,0.022014531231359102,-0.22949217673588473,0.18868541330343946,-0.056347016581131726,-0.06426357453924147,-0.027758778217159552,0.06916782040079106,-0.0351370955278254,0.19129812321574757,0.014588263798193085,0.024885454840933963,-0.015426375972095618,-0.047153289169431734,-0.1943550812080601,-0.0026127099123079978,-0.016871981264092506,-0.012639934935819608,-0.01558752334171365,0.04694104611319283,-0.20957119924133016,0.2296519508099979,-2.6830128261134765,-2.1937090005273925,-2.1346409584351203,-3.2253017577581544,-2.7985573061024356,-1.9524605889487283,4.172140534451988,4.239465824752499,5.307215331540036,2007,6
2007-07,2.137,76.93,207.603,0.34182969208315556,0.22663324863868545,0.0,-0.0432484682140335,2.6316073013556327,94.73539995006496,2.2556047607158325,0.9675948007188013,4.551087741852634,0.7594029763370106,0.15417667714953553,-2.77462359592393,-2.0087701008118173,-2.3871083977952097,-2.272292130224766,-7.94130644504367,5.481267051977565,0.8580975998264302,0.9514318776869674,0.9273964843731309,0.7316596483950913,0.7893571364895177,0.9984327583385912,4.359686694465877,4.473354691391581,4.4283888244401695,4.211503544457019,4.293208672211756,4.530701840299117,0.23608052364392154,0.21574680457875473,0.23667727821632978,0.25782572222144134,0.23381808256112957,0.20540053632284272,0.6395766096294714,0.7414610408384961,0.7109870986882764,0.5031965966014995,0.5533102353721461,0.7673265787341967,-0.030837957619789913,0.02038590155351727,-0.007923602397186147,-0.051223859173307185,-2.0087701008118177,-2.2722921302247654,5.481267051977563,-0.04842100602836252,-0.017958988241184914,-0.044090796068075644,-0.11398483100142476,-0.33529013548181774,0.21727481498353574,-0.06635780355036314,0.009103098585401703,-0.06582199303138303,-0.18048063839423367,-0.026513824417996545,0.20723630696367756,0.017936797522000614,-0.027062086826586618,0.021731196963306942,0.06649580739280919,-0.30877631106382153,0.010038508019858394,-0.023260073378458257,0.008612493426998657,-0.018492011119059182,-0.09343968357760202,-0.3213248212331765,0.2575014553017896,-2.0453636530197667,-2.7113556119955153,-3.1338368546550126,-2.432709923902973,-3.24149051920778,-3.063259304842747,5.770064604808827,3.524303121083024,3.5993484918745873,2007,7
2007-08,2.092,70.76,207.667,-0.5875265705944464,-0.732962334071918,0.0,0.423951978903059,2.5753981341924015,87.11050285633571,2.074059591817517,0.9460041373843483,4.467177460473256,0.7381205462026765,0.21649629519446034,-3.362150166518376,-2.355294256427907,-3.120070731867128,-2.8435520891570736,-7.5173544661406115,6.002108112445324,0.8974201252137153,0.9675948007188013,0.9271935813693881,0.7784773158864898,0.7854057397684279,0.9842097451367526,4.416284060698479,4.551087741852634,4.420106955009804,4.277420084679219,4.309013080340636,4.520285478720518,0.2188056827986039,0.15417667714953553,0.24475624464295198,0.23872684949063883,0.21406227771116082,0.2015938846996035,0.6822776729187231,0.7594029763370106,0.714908672341458,0.5538851132264376,0.5498540107334691,0.7575294394892135,-0.038205607752404336,-0.05310801824726141,-0.019408893286536943,0.014902410494856855,-2.355294256427907,-2.843552089157073,6.002108112445322,-0.03456319379808992,-0.030837957619789913,-0.03937811969830718,-0.03192814697192703,0.0009071791476140678,0.09093986808665921,-0.03288004689240509,0.02038590155351727,-0.06426357453924147,-0.0689249357055628,0.04227827906788573,0.09652025096528316,-0.0016831469056854675,-0.051223859173307185,0.024885454840933963,0.036996788733635766,-0.04137109992027166,-0.005580382878623391,-0.009007393181722279,-0.007923602397186147,-0.012639934935819608,-0.008013780723553632,0.020402922844313554,0.12945425567298297,-2.0087701008118173,-2.6830128261134765,-2.1373509138585955,-2.272292130224766,-3.2253017577581544,-2.278505768253932,5.481267051977565,4.172140534451988,5.474635628212344,2007,8
2007-09,2.265,77.17,208.547,1.010034829322278,0.8198377260613898,1.164265803046742,1.15257164401318,2.776607197658082,94.60078474316741,2.2523996367420813,1.0212297498712313,4.549665771405746,0.8175747589349974,0.2092335967488541,-2.352115337196098,-0.399125797734295,-2.300233005805738,-1.2285575875339023,-6.364782822127432,7.592106047571267,0.9253412621300249,0.9460041373843483,0.9514318776869674,0.832426691247513,0.823447803127559,0.8249259999968698,4.447910289997486,4.467177460473256,4.473354691391581,4.347346066817469,4.364807399355303,4.358088170267803,0.21510059041590748,0.21649629519446034,0.21574680457875473,0.2227502427134126,0.1963100220556243,0.2045074480124348,0.712983578414763,0.7381205462026765,0.7414610408384961,0.6130211360806604,0.5933268452777344,0.5933268452777344,0.1963037498743615,0.19157760113794264,0.22424791365726304,0.0047261487364193,-0.39912579773429524,-1.228557587533902,7.5921060475712645,-0.035609437261502896,-0.038205607752404336,-0.017958988241184914,-0.04318515418925517,0.022014531231359102,-0.22949217673588473,-0.030243893982687453,-0.05310801824726141,0.009103098585401703,-0.027758778217159552,0.06916782040079106,-0.0351370955278254,-0.005365543278815277,0.014902410494856855,-0.027062086826586618,-0.015426375972095618,-0.047153289169431734,-0.1943550812080601,-0.010906578608886108,-0.019408893286536943,0.008612493426998657,-0.01558752334171365,0.04694104611319283,-0.20957119924133016,-2.355294256427907,-2.0453636530197667,-2.1937090005273925,-2.8435520891570736,-2.432709923902973,-2.7985573061024356,6.002108112445324,5.770064604808827,4.239465824752499,2007,9
2007-10,2.372,82.34,209.19,0.08956459165985178,0.42530489177548053,0.0,0.0922631909077446,2.8988380308172794,100.62829825358128,2.3959118631805065,1.0643099776706135,4.611433512876893,0.863733481135479,0.19054608307708876,-2.262550745536246,0.4309473662688157,-1.8749281140302576,-0.36077529139290315,-6.272519631219687,7.8488535849963,0.9568084385673113,1.0212297498712313,0.9675948007188013,0.9273964843731309,0.7316596483950913,0.7893571364895177,4.481630240762199,4.549665771405746,4.551087741852634,4.4283888244401695,4.211503544457019,4.293208672211756,0.2128478160884811,0.2092335967488541,0.15417667714953553,0.23667727821632978,0.25782572222144134,0.23381808256112957,0.747075848890486,0.8175747589349974,0.7594029763370106,0.7109870986882764,0.5031965966014995,0.5533102353721461,0.27495284118109586,0.31822484066513645,0.3104232457633329,-0.04327199948404081,0.4309473662688159,-0.360775291392903,7.848853584996299,0.004305380082433308,0.1963037498743615,-0.030837957619789913,-0.044090796068075644,-0.11398483100142476,-0.33529013548181774,0.006312169243162025,0.19157760113794264,0.02038590155351727,-0.06582199303138303,-0.18048063839423367,-0.026513824417996545,-0.002006789160729411,0.0047261487364193,-0.051223859173307185,0.021731196963306942,0.06649580739280919,-0.30877631106382153,0.029065994224276692,0.22424791365726304,-0.007923602397186147,-0.018492011119059182,-0.09343968357760202,-0.3213248212331765,-0.399125797734295,-2.0087701008118173,-2.7113556119955153,-1.2285575875339023,-2.272292130224766,-3.24149051920778,7.592106047571267,5.481267051977565,3.524303121083024,2007,10
2007-11,2.673,92.41,210.834,0.8102757591393212,0.3776379720625858,0.0,1.75915445841517,3.241219894561598,112.05429497060878,2.6679594040621137,1.175949769609043,4.71898353035221,0.983201437156782,0.1946358575402013,-1.452274986396925,1.490278676597078,-1.4972901419676719,0.10480354597802877,-4.513365172804518,8.41785041660751,0.9796273541168917,1.0643099776706135,0.9460041373843483,0.9271935813693881,0.7784773158864898,0.7854057397684279,4.512137688834986,4.611433512876893,4.467177460473256,4.420106955009804,4.277420084679219,4.309013080340636,0.20515928356527424,0.19054608307708876,0.21649629519446034,0.24475624464295198,0.23872684949063883,0.21406227771116082,0.772533579298353,0.863733481135479,0.7381205462026765,0.714908672341458,0.5538851132264376,0.5498540107334691,0.3905440298406152,0.4099704500115742,0.4333474264233129,-0.019426420170959524,1.490278676597078,0.10480354597802877,8.417850416607509,0.0574793196239618,0.27495284118109586,-0.038205607752404336,-0.03937811969830718,-0.03192814697192703,0.0009071791476140678,0.0703199748592489,0.31822484066513645,-0.05310801824726141,-0.06426357453924147,-0.0689249357055628,0.04227827906788573,-0.012840655235287435,-0.04327199948404081,0.014902410494856855,0.024885454840933963,0.036996788733635766,-0.04137109992027166,0.08388520370467534,0.3104232457633329,-0.019408893286536943,-0.012639934935819608,-0.008013780723553632,0.020402922844313554,0.4309473662688157,-2.355294256427907,-2.6830128261134765,-0.36077529139290315,-2.8435520891570736,-3.2253017577581544,7.8488535849963,6.002108112445324,4.172140534451988,2007,11
2007-12,2.601,90.93,211.445,-0.40354481608480625,-0.0625815940473731,-0.8515629800050701,-0.333203529103588,3.1448006301875195,109.94106932062714,2.6176445076339796,1.1457504955158266,4.699944488787134,0.9558959864665145,0.18347562501206127,-1.8558198024817314,1.055291055118365,-1.559871736015045,0.10731671216792196,-4.846568701908105,7.395651714440533,1.0210867188235009,1.175949769609043,1.0212297498712313,0.9514318776869674,0.832426691247513,0.823447803127559,4.561950451392053,4.71898353035221,4.549665771405746,4.473354691391581,4.347346066817469,4.364807399355303,0.1968058857148158,0.1946358575402013,0.2092335967488541,0.21574680457875473,0.2227502427134126,0.1963100220556243,0.8172490401009069,0.983201437156782,0.8175747589349974,0.7414610408384961,0.6130211360806604,0.5933268452777344,0.3223026923882676,0.3351370894318304,0.36256914118878014,-0.01283439704356304,1.0552910551183652,0.10731671216792193,7.395651714440532,0.12913301121378218,0.3905440298406152,0.1963037498743615,-0.017958988241184914,-0.04318515418925517,0.022014531231359102,0.1493589789510521,0.4099704500115742,0.19157760113794264,0.009103098585401703,-0.027758778217159552,0.06916782040079106,-0.0202259677372697,-0.019426420170959524,0.0047261487364193,-0.027062086826586618,-0.015426375972095618,-0.047153289169431734,0.15821643059786406,0.4333474264233129,0.22424791365726304,0.008612493426998657,-0.01558752334171365,0.04694104611319283,1.490278676597078,-0.399125797734295,-2.0453636530197667,0.10480354597802877,-1.2285575875339023,-2.432709923902973,8.41785041660751,7.592106047571267,5.770064604808827,2007,12
2008-01,2.605,92.18,212.174,0.35389624790234947,0.15846082616111604,0.0,0.726276026324761,3.1388152157348843,111.06947661667627,2.6445113480161018,1.143845408887469,4.710155920974501,0.9574326752053303,0.1713591061963362,-1.5019235545793819,2.1621864936235924,-1.401410909853929,1.2811551162066217,-4.120292675583345,8.128731469106233,1.0534731551283107,1.1457504955158266,1.0643099776706135,0.9675948007188013,0.9273964843731309,0.7316596483950913,4.599715417624645,4.699944488787134,4.611433512876893,4.551087741852634,4.4283888244401695,4.211503544457019,0.19142735578703354,0.18347562501206127,0.19054608307708876,0.15417667714953553,0.23667727821632978,0.25782572222144134,0.8529881977055767,0.9558959864665145,0.863733481135479,0.7594029763370106,0.7109870986882764,0.5031965966014995,0.41218576049237765,0.49865237651748284,0.45423607860383075,-0.08646661602510514,2.162186493623593,1.2811551162066217,8.128731469106231,0.18584329131869093,0.3223026923882676,0.27495284118109586,-0.030837957619789913,-0.044090796068075644,-0.11398483100142476,0.20369797742545614,0.3351370894318304,0.31822484066513645,0.02038590155351727,-0.06582199303138303,-0.18048063839423367,-0.017854686106765744,-0.01283439704356304,-0.04327199948404081,-0.051223859173307185,0.021731196963306942,0.06649580739280919,0.21720920522482767,0.36256914118878014,0.3104232457633329,-0.007923602397186147,-0.018492011119059182,-0.09343968357760202,1.055291055118365,0.4309473662688157,-2.0087701008118173,0.10731671216792196,-0.36077529139290315,-2.272292130224766,7.395651714440533,7.8488535849963,5.481267051977565,2008,1
2008-02,2.728,94.99,212.687,0.06851735471075308,0.4167776096395674,-2.5200471278343173,0.488408448522648,3.2790920335203064,114.17923470091418,2.7185532071646232,1.1875665650259002,4.737769447946776,1.0035687399812157,0.18746673536249303,-1.4334061998686287,1.804244056768903,-0.9846333002143615,1.2553208562741074,-3.631884227060697,7.11645127600803,1.0828482564897555,1.143845408887469,1.175949769609043,0.9460041373843483,0.9271935813693881,0.7784773158864898,4.626226780811623,4.710155920974501,4.71898353035221,4.467177460473256,4.420106955009804,4.277420084679219,0.19429109396150035,0.1713591061963362,0.1946358575402013,0.21649629519446034,0.24475624464295198,0.23872684949063883,0.8859931475169635,0.9574326752053303,0.983201437156782,0.7381205462026765,0.714908672341458,0.5538851132264376,0.40908924913941036,0.4603493632675564,0.449683626754778,-0.051260114128145795,1.8042440567689033,1.2553208562741074,7.11645127600803,0.25968057767071884,0.41218576049237765,0.3905440298406152,-0.038205607752404336,-0.03937811969830718,-0.03192814697192703,0.2834090565861178,0.49865237651748284,0.4099704500115742,-0.05310801824726141,-0.06426357453924147,-0.0689249357055628,-0.023728478915398726,-0.08646661602510514,-0.019426420170959524,0.014902410494856855,0.024885454840933963,0.036996788733635766,0.2942358187249974,0.45423607860383075,0.4333474264233129,-0.019408893286536943,-0.012639934935819608,-0.008013780723553632,2.1621864936235924,1.490278676597078,-2.355294256427907,1.2811551162066217,0.10480354597802877,-2.8435520891570736,8.128731469106233,8.41785041660751,6.002108112445324,2008,2
2008-03,3.124,103.64,213.448,1.1070942996691469,1.3476721856075338,4.223794286709062,0.545435321025992,3.7417013527104186,124.13249942218557,2.955535700528228,1.3195404151293788,4.8213495388458485,1.1391142319774397,0.23586049456689873,-0.32631190019948186,2.993165303029599,0.3630388853931723,3.214146545064838,-3.086448906034705,7.6039699103259855,1.1231086610966807,1.1875665650259002,1.1457504955158266,1.0212297498712313,0.9514318776869674,0.832426691247513,4.6713254453905435,4.737769447946776,4.699944488787134,4.549665771405746,4.473354691391581,4.347346066817469,0.18945283398950577,0.18746673536249303,0.18347562501206127,0.2092335967488541,0.21574680457875473,0.2227502427134126,0.9302345131467198,1.0035687399812157,0.9558959864665145,0.8175747589349974,0.7414610408384961,0.6130211360806604,0.4871137238818658,0.47400347202837967,0.5260930958967792,0.013110251853486132,2.993165303029599,3.214146545064838,7.6039699103259855,0.3342297204860215,0.40908924913941036,0.3223026923882676,0.1963037498743615,-0.017958988241184914,-0.04318515418925517,0.368985286838587,0.4603493632675564,0.3351370894318304,0.19157760113794264,0.009103098585401703,-0.027758778217159552,-0.034755566352565825,-0.051260114128145795,-0.01283439704356304,0.0047261487364193,-0.027062086826586618,-0.015426375972095618,0.3724179053985496,0.449683626754778,0.36256914118878014,0.22424791365726304,0.008612493426998657,-0.01558752334171365,1.804244056768903,1.055291055118365,-0.399125797734295,1.2553208562741074,0.10731671216792196,-1.2285575875339023,7.11645127600803,7.395651714440533,7.592106047571267,2008,3
2008-04,3.365,109.07,213.942,0.17019104607497076,0.11926846860160716,0.0,0.598867334743606,4.021047493791152,130.3345171315902,3.1032027888473857,1.3915424392831224,4.870104354127083,1.213427963096691,0.2591077034394078,-0.1561208541245111,2.9691410607858257,0.4823073539947795,3.0867182102761417,-2.487581571291099,7.698948800775118,1.172827105306372,1.3195404151293788,1.143845408887469,1.0643099776706135,0.9675948007188013,0.9273964843731309,4.7166060732972275,4.8213495388458485,4.710155920974501,4.611433512876893,4.551087741852634,4.4283888244401695,0.1938906502925132,0.23586049456689873,0.1713591061963362,0.19054608307708876,0.15417667714953553,0.23667727821632978,0.9838244253204601,1.1391142319774397,0.9574326752053303,0.863733481135479,0.7594029763370106,0.7109870986882764,0.46414595490999144,0.4417155296869133,0.5024408644084147,0.022430425223078032,2.9691410607858257,3.0867182102761417,7.698948800775117,0.38269804948727204,0.4871137238818658,0.41218576049237765,0.27495284118109586,-0.030837957619789913,-0.044090796068075644,0.4160562653203277,0.47400347202837967,0.49865237651748284,0.31822484066513645,0.02038590155351727,-0.06582199303138303,-0.033358215833054705,0.013110251853486132,-0.08646661602510514,-0.04327199948404081,-0.051223859173307185,0.021731196963306942,0.4227254357718022,0.5260930958967792,0.45423607860383075,0.3104232457633329,-0.007923602397186147,-0.018492011119059182,2.993165303029599,2.1621864936235924,0.4309473662688157,3.214146545064838,1.2811551162066217,-0.36077529139290315,7.6039699103259855,8.128731469106233,7.8488535849963,2008,4
2008-05,3.738,122.8,215.208,1.263028088177656,1.094738388118893,0.0,0.397153159673422,4.440491787015353,145.87811435138718,3.47328843693779,1.4907651331516785,4.98277143983135,1.318550709033371,0.24566331160369725,1.106907234053145,4.473031634574614,1.5770457421136725,4.5536125557925775,-2.090428411617677,7.652182179471401,1.2273658489084567,1.3915424392831224,1.1875665650259002,1.175949769609043,0.9460041373843483,0.9271935813693881,4.759717880172259,4.870104354127083,4.737769447946776,4.71898353035221,4.467177460473256,4.420106955009804,0.2053175870195664,0.2591077034394078,0.18746673536249303,0.1946358575402013,0.21649629519446034,0.24475624464295198,1.0421068389806623,1.213427963096691,1.0035687399812157,0.983201437156782,0.7381205462026765,0.714908672341458,0.5635715517822903,0.5626644848215454,0.603642036691913,0.000907066960745273,4.473031634574614,4.5536125557925775,7.6521821794714,0.41423023510875456,0.46414595490999144,0.40908924913941036,0.3905440298406152,-0.038205607752404336,-0.03937811969830718,0.43663804682395657,0.4417155296869133,0.4603493632675564,0.4099704500115742,-0.05310801824726141,-0.06426357453924147,-0.022407811715201537,0.022430425223078032,-0.051260114128145795,-0.019426420170959524,0.014902410494856855,0.024885454840933963,0.4547283722126493,0.5024408644084147,0.449683626754778,0.4333474264233129,-0.019408893286536943,-0.012639934935819608,2.9691410607858257,1.804244056768903,1.490278676597078,3.0867182102761417,1.2553208562741074,0.10480354597802877,7.698948800775118,7.11645127600803,8.41785041660751,2008,5
2008-06,3.878,132.32,217.463,1.190173182666628,0.7911491121295328,0.0,-0.218286157469723,4.559031734900497,155.55726641620262,3.703744438481015,1.5171102621416017,5.047013936596523,1.3553195568204601,0.20776594382844715,2.2970804167197727,5.4135337047268575,2.3681948542432054,4.981936500677101,-2.3087145690874,5.589343407742239,1.2798350761655628,1.4907651331516785,1.3195404151293788,1.1457504955158266,1.0212297498712313,0.9514318776869674,4.8036825317521155,4.98277143983135,4.8213495388458485,4.699944488787134,4.549665771405746,4.473354691391581,0.21382216269681573,0.24566331160369725,0.23586049456689873,0.18347562501206127,0.2092335967488541,0.21574680457875473,1.097998384293427,1.318550709033371,1.1391142319774397,0.9558959864665145,0.8175747589349974,0.7414610408384961,0.5656783844546344,0.5736592452049418,0.6138585159819641,-0.007980860750307572,5.4135337047268575,4.981936500677101,5.589343407742238,0.4430681554323673,0.5635715517822903,0.4871137238818658,0.3223026923882676,0.1963037498743615,-0.017958988241184914,0.462087052625618,0.5626644848215454,0.47400347202837967,0.3351370894318304,0.19157760113794264,0.009103098585401703,-0.019018897193250783,0.000907066960745273,0.013110251853486132,-0.01283439704356304,0.0047261487364193,-0.027062086826586618,0.48311080725741606,0.603642036691913,0.5260930958967792,0.36256914118878014,0.22424791365726304,0.008612493426998657,4.473031634574614,2.993165303029599,1.055291055118365,4.5536125557925775,3.214146545064838,0.10731671216792196,7.652182179471401,7.6039699103259855,7.395651714440533,2008,6
2008-07,3.886,132.72,219.016,0.5326297314917561,0.39982741421200646,0.0,-0.81146954011053,4.5360427495403695,154.92115124009206,3.688598839049811,1.5120549908828858,5.042916285809826,1.3573803509552484,0.20680832335642774,2.8297101482115288,5.604333744135459,2.768022268455212,5.155130666250421,-3.12018410919793,4.821122335845742,1.3417283706031917,1.5171102621416017,1.3915424392831224,1.143845408887469,1.0643099776706135,0.9675948007188013,4.861527439720347,5.047013936596523,4.870104354127083,4.710155920974501,4.611433512876893,4.551087741852634,0.21787054916621337,0.20776594382844715,0.2591077034394078,0.1713591061963362,0.19054608307708876,0.15417667714953553,1.1645689793524179,1.3553195568204601,1.213427963096691,0.9574326752053303,0.863733481135479,0.7594029763370106,0.5444601901640844,0.4918285439571921,0.5979773746182379,0.0526316462068922,5.604333744135459,5.155130666250422,4.8211223358457405,0.48363077077676153,0.5656783844546344,0.46414595490999144,0.41218576049237765,0.27495284118109586,-0.030837957619789913,0.5018407452544702,0.5736592452049418,0.4417155296869133,0.49865237651748284,0.31822484066513645,0.02038590155351727,-0.01820997447770817,-0.007980860750307572,0.022430425223078032,-0.08646661602510514,-0.04327199948404081,-0.051223859173307185,0.5249923697229465,0.6138585159819641,0.5024408644084147,0.45423607860383075,0.3104232457633329,-0.007923602397186147,5.4135337047268575,2.9691410607858257,2.1621864936235924,4.981936500677101,3.0867182102761417,1.2811551162066217,5.589343407742239,7.698948800775118,8.128731469106233,2008,7
2008-08,3.271,113.24,218.69,-0.40364426688554533,-0.4035018405659635,0.0,-0.0946451794236707,3.8238584301217857,132.37961743411526,3.1518956531932205,1.3412599730921786,4.885673684779631,1.1850957485562468,0.1932559065959163,2.426065881325983,5.78821604784436,2.3645204278892487,5.484591159756376,-3.214829288621601,4.302525177519013,1.4030966342690947,1.5120549908828858,1.4907651331516785,1.1875665650259002,1.175949769609043,0.9460041373843483,4.9169875005262345,5.042916285809826,4.98277143983135,4.737769447946776,4.71898353035221,4.467177460473256,0.22377875202622863,0.20680832335642774,0.24566331160369725,0.18746673536249303,0.1946358575402013,0.21649629519446034,1.2312269253107375,1.3573803509552484,1.318550709033371,1.0035687399812157,0.983201437156782,0.7381205462026765,0.3952558357078303,0.41849622430637456,0.44697520235357024,-0.02324038859854405,5.78821604784436,5.484591159756377,4.30252517751901,0.5056765090553794,0.5444601901640844,0.5635715517822903,0.40908924913941036,0.3905440298406152,-0.038205607752404336,0.5007034398277552,0.4918285439571921,0.5626644848215454,0.4603493632675564,0.4099704500115742,-0.05310801824726141,0.004973069227624721,0.0526316462068922,0.000907066960745273,-0.051260114128145795,-0.019426420170959524,0.014902410494856855,0.5489492523920144,0.5979773746182379,0.603642036691913,0.449683626754778,0.4333474264233129,-0.019408893286536943,5.604333744135459,4.473031634574614,1.804244056768903,5.155130666250421,4.5536125557925775,1.2553208562741074,4.821122335845742,7.652182179471401,7.11645127600803,2008,8
2008-09,3.375,97.23,218.877,0.39826958983750943,0.309194487077837,-0.7747598372716282,0.212695923349134,3.942065492262778,113.56652675932145,2.7039649228409868,1.371704822560752,4.732388804057824,1.2163953243244932,0.37698563678629593,2.8243354711634927,5.176450808359591,2.6737149149670856,4.973947920772823,-3.0021333652724667,3.362649456854967,1.428712202280141,1.3412599730921786,1.5171102621416017,1.3195404151293788,1.1457504955158266,1.0212297498712313,4.9416382066650435,4.885673684779631,5.047013936596523,4.8213495388458485,4.699944488787134,4.549665771405746,0.22474361389846584,0.1932559065959163,0.20776594382844715,0.23586049456689873,0.18347562501206127,0.2092335967488541,1.2614814267399095,1.1850957485562468,1.3553195568204601,1.1391142319774397,0.9558959864665145,0.8175747589349974,0.3504750726895207,0.18272303265207857,0.39882056538949573,0.16775204003744182,5.176450808359591,4.973947920772824,3.362649456854965,0.5033709401501162,0.3952558357078303,0.5656783844546344,0.4871137238818658,0.3223026923882676,0.1963037498743615,0.49372791666755766,0.41849622430637456,0.5736592452049418,0.47400347202837967,0.3351370894318304,0.19157760113794264,0.009643023482558355,-0.02324038859854405,-0.007980860750307572,0.013110251853486132,-0.01283439704356304,0.0047261487364193,0.5484978483251465,0.44697520235357024,0.6138585159819641,0.5260930958967792,0.36256914118878014,0.22424791365726304,5.78821604784436,5.4135337047268575,2.993165303029599,5.484591159756376,4.981936500677101,3.214146545064838,4.302525177519013,5.589343407742239,7.6039699103259855,2008,9
2008-10,2.315,71.58,216.995,-3.209409268780346,-2.449540261720443,-5.2910821051622605,-4.41738413900597,2.7274164400869454,84.33195195741838,2.007903618033771,1.0033548021740146,4.434760819973697,0.8394096875381973,0.30626360048368595,-0.38507379761685323,1.8774769479193933,0.22417465324664265,2.0991027672768996,-7.419517504278437,-1.1469978730587473,1.43740627018537,1.371704822560752,1.5120549908828858,1.3915424392831224,1.143845408887469,1.0643099776706135,4.926811417533706,4.732388804057824,5.042916285809826,4.870104354127083,4.710155920974501,4.611433512876893,0.248264470935032,0.37698563678629593,0.20680832335642774,0.2591077034394078,0.1713591061963362,0.19054608307708876,1.2743616087977518,1.2163953243244932,1.3573803509552484,1.213427963096691,0.9574326752053303,0.863733481135479,-0.0609551754965989,-0.1766726929031961,-0.02432379359728165,0.11571751740659719,1.877476947919393,2.0991027672769,-1.1469978730587496,0.4805978316180587,0.3504750726895207,0.5444601901640844,0.46414595490999144,0.41218576049237765,0.27495284118109586,0.4451811767715075,0.18272303265207857,0.4918285439571921,0.4417155296869133,0.49865237651748284,0.31822484066513645,0.035416654846550905,0.16775204003744182,0.0526316462068922,0.022430425223078032,-0.08646661602510514,-0.04327199948404081,0.5272857599072659,0.39882056538949573,0.5979773746182379,0.5024408644084147,0.45423607860383075,0.3104232457633329,5.176450808359591,5.604333744135459,2.9691410607858257,4.973947920772823,5.155130666250421,3.0867182102761417,3.362649456854967,4.821122335845742,7.698948800775118,2008,10
2008-11,1.88,52.45,213.153,-1.5202493839036004,-1.1705924686013962,0.0,-2.89422734393809,2.2548444388146858,62.907761072250146,1.497803835053575,0.8130809855704929,4.141669543570941,0.6312717768418578,0.4090810602829199,-1.9053231815204537,-0.4530481951235281,-0.9464178153547536,0.5508723266129174,-10.313744848216526,-5.800379675412007,1.3727083306671852,1.0033548021740146,1.3412599730921786,1.4907651331516785,1.1875665650259002,1.175949769609043,4.854254161841475,4.434760819973697,4.885673684779631,4.98277143983135,4.737769447946776,4.71898353035221,0.2561237871090784,0.30626360048368595,0.1932559065959163,0.24566331160369725,0.18746673536249303,0.1946358575402013,1.2120252295380027,0.8394096875381973,1.1850957485562468,1.318550709033371,1.0035687399812157,0.983201437156782,-0.36286878403855016,-0.5773139867812684,-0.35192966031492423,0.2144452027427186,-0.45304819512352856,0.5508723266129183,-5.8003796754120085,0.3930809765502935,-0.0609551754965989,0.3952558357078303,0.5635715517822903,0.40908924913941036,0.3905440298406152,0.34211647300648984,-0.1766726929031961,0.41849622430637456,0.5626644848215454,0.4603493632675564,0.4099704500115742,0.05096450354380416,0.11571751740659719,-0.02324038859854405,0.000907066960745273,-0.051260114128145795,-0.019426420170959524,0.43949165023964976,-0.02432379359728165,0.44697520235357024,0.603642036691913,0.449683626754778,0.4333474264233129,1.8774769479193933,5.78821604784436,4.473031634574614,2.0991027672768996,5.484591159756376,4.5536125557925775,-1.1469978730587473,4.302525177519013,7.652182179471401,2008,11
2008-12,1.375,39.95,211.398,-0.33077729016092233,-0.8128450404342036,-2.1763510720953825,-2.78823222111983,1.662845921358449,48.31323240601457,1.1503150572860612,0.5085305449012516,3.8777054859950004,0.3184537311185346,0.36849467718961926,-2.236100471681376,-0.3802806691996443,-1.7592628557889571,-0.199391119773913,-13.101977069336357,-8.255408367428249,1.2597609727369876,0.8130809855704929,1.371704822560752,1.5171102621416017,1.3195404151293788,1.1457504955158266,4.71407051246474,4.141669543570941,4.732388804057824,5.047013936596523,4.8213495388458485,4.699944488787134,0.28336007855561546,0.4090810602829199,0.37698563678629593,0.20776594382844715,0.23586049456689873,0.18347562501206127,1.0974787408394173,0.6312717768418578,1.2163953243244932,1.3553195568204601,1.1391142319774397,0.9558959864665145,-0.637219950614575,-0.8222390027921334,-0.6374422553479799,0.18501905217755799,-0.38028066919964476,-0.19939111977391222,-8.255408367428252,0.23867425391348673,-0.36286878403855016,0.3504750726895207,0.5656783844546344,0.4871137238818658,0.3223026923882676,0.15212006107268738,-0.5773139867812684,0.18272303265207857,0.5736592452049418,0.47400347202837967,0.3351370894318304,0.08655419284079965,0.2144452027427186,0.16775204003744182,-0.007980860750307572,0.013110251853486132,-0.01283439704356304,0.2802297007385104,-0.35192966031492423,0.39882056538949573,0.6138585159819641,0.5260930958967792,0.36256914118878014,-0.4530481951235281,5.176450808359591,5.4135337047268575,0.5508723266129174,4.973947920772823,4.981936500677101,-5.800379675412007,3.362649456854967,5.589343407742239,2008,12
2009-01,1.469,43.44,211.933,1.8582213058533243,1.5949757574713865,0.0,0.518469564968675,1.7720394885018695,52.40122217870743,1.2476481471120817,0.5721311366421901,3.95892991507613,0.3845818971917403,0.35087083984942846,-0.3778791658280518,1.1240443887513305,-0.1642870983175706,1.2371238115363576,-12.583507504367681,-8.463214828784336,1.0916643531969292,0.5085305449012516,1.0033548021740146,1.5120549908828858,1.3915424392831224,1.143845408887469,4.5191857706978205,3.8777054859950004,4.434760819973697,5.042916285809826,4.870104354127083,4.710155920974501,0.3101482007824775,0.36849467718961926,0.30626360048368595,0.20680832335642774,0.2591077034394078,0.1713591061963362,0.9246677698890963,0.3184537311185346,0.8394096875381973,1.3573803509552484,1.213427963096691,0.9574326752053303,-0.5717142722452789,-0.7512260058983715,-0.57285077801359,0.17951173365309225,1.12404438875133,1.2371238115363583,-8.463214828784336,0.03819119806861848,-0.637219950614575,-0.0609551754965989,0.5444601901640844,0.46414595490999144,0.41218576049237765,-0.0805296469268244,-0.8222390027921334,-0.1766726929031961,0.4918285439571921,0.4417155296869133,0.49865237651748284,0.11872084499544397,0.18501905217755799,0.11571751740659719,0.0526316462068922,0.022430425223078032,-0.08646661602510514,0.07167957218351961,-0.6374422553479799,-0.02432379359728165,0.5979773746182379,0.5024408644084147,0.45423607860383075,-0.3802806691996443,1.8774769479193933,5.604333744135459,-0.199391119773913,2.0991027672768996,5.155130666250421,-8.255408367428249,-1.1469978730587473,4.821122335845742,2009,1
2009-02,1.259,43.32,212.705,0.21895683468073307,-0.08946352920936208,0.0,-2.51754755722234,1.513206565039217,52.06680571683788,1.2396858504009018,0.4142309522812149,3.9525276193517946,0.23031775506221003,0.19937295121278845,-0.15892233114731874,1.2744838687213107,-0.25375062752693267,0.7308826726874279,-15.10105506159002,-11.469170834529324,0.9350103774901468,0.5721311366421901,0.8130809855704929,1.3412599730921786,1.4907651331516785,1.1875665650259002,4.338521375575538,3.95892991507613,4.141669543570941,4.885673684779631,4.98277143983135,4.737769447946776,0.3341586201979776,0.35087083984942846,0.4090810602829199,0.1932559065959163,0.24566331160369725,0.18746673536249303,0.762534694261845,0.3845818971917403,0.6312717768418578,1.1850957485562468,1.318550709033371,1.0035687399812157,-0.7733356127446853,-0.7852418285949812,-0.7732509849190057,0.011906215850295415,1.27448386872131,0.7308826726874288,-11.469170834529324,-0.14783787899960865,-0.5717142722452789,-0.36286878403855016,0.3952558357078303,0.5635715517822903,0.40908924913941036,-0.28770540523608545,-0.7512260058983715,-0.5773139867812684,0.41849622430637456,0.5626644848215454,0.4603493632675564,0.13986752623647725,0.17951173365309225,0.2144452027427186,-0.02324038859854405,0.000907066960745273,-0.051260114128145795,-0.1234584532551185,-0.57285077801359,-0.35192966031492423,0.44697520235357024,0.603642036691913,0.449683626754778,1.1240443887513305,-0.4530481951235281,5.78821604784436,1.2371238115363576,0.5508723266129174,5.484591159756376,-8.463214828784336,-5.800379675412007,4.302525177519013,2009,2
2009-03,1.268,46.54,212.495,1.4050379643004973,1.5573746059374969,1.8974745602176992,0.404001030463215,1.5255298979583833,55.99224089194256,1.333148592665299,0.42234182377531176,4.025213125634424,0.2374408560150342,0.13479831642425671,1.2461156331531786,1.5724275333526612,1.303623978410564,0.940585093017391,-14.697054031126806,-11.6106051250921,0.7805055406883196,0.4142309522812149,0.5085305449012516,1.371704822560752,1.5171102621416017,1.3195404151293788,4.182997031337565,3.9525276193517946,3.8777054859950004,4.732388804057824,5.047013936596523,4.8213495388458485,0.33517812763412297,0.19937295121278845,0.36849467718961926,0.37698563678629593,0.20776594382844715,0.23586049456689873,0.6034050286795055,0.23031775506221003,0.3184537311185346,1.2163953243244932,1.3553195568204601,1.1391142319774397,-0.897198591354067,-0.7961364132114248,-0.9016733759624055,-0.10106217814264201,1.5724275333526605,0.9405850930173918,-11.6106051250921,-0.34260312040836116,-0.7733356127446853,-0.637219950614575,0.3504750726895207,0.5656783844546344,0.4871137238818658,-0.48832841405297867,-0.7852418285949812,-0.8222390027921334,0.18272303265207857,0.5736592452049418,0.47400347202837967,0.1457252936446172,0.011906215850295415,0.18501905217755799,0.16775204003744182,-0.007980860750307572,0.013110251853486132,-0.32682948446721427,-0.7732509849190057,-0.6374422553479799,0.39882056538949573,0.6138585159819641,0.5260930958967792,1.2744838687213107,-0.3802806691996443,5.176450808359591,0.7308826726874279,-0.199391119773913,4.973947920772823,-11.469170834529324,-8.255408367428249,3.362649456854967,2009,3
2009-04,1.369,50.18,212.709,-0.6228503173100983,-0.5433372788272327,0.0,-1.26585623046153,1.645385886743548,60.31078436580807,1.4359710563287635,0.49797493831439227,4.099510932946357,0.3140805463063118,0.13613362365140386,0.6232653158430803,0.7793861699675921,0.7602866995833314,0.2779793455885512,-15.962910261588336,-13.475328690297236,0.6222783742240794,0.42234182377531176,0.5721311366421901,1.0033548021740146,1.5120549908828858,1.3915424392831224,4.0651344182669975,4.025213125634424,3.95892991507613,4.434760819973697,5.042916285809826,4.870104354127083,0.2948135742404498,0.13479831642425671,0.35087083984942846,0.30626360048368595,0.20680832335642774,0.2591077034394078,0.44024595062792904,0.2374408560150342,0.3845818971917403,0.8394096875381973,1.3573803509552484,1.213427963096691,-0.89356750096873,-0.7705934211807257,-0.8993474167903792,-0.12297407978800395,0.7793861699675915,0.2779793455885519,-13.475328690297237,-0.5505487310822925,-0.897198591354067,-0.5717142722452789,-0.0609551754965989,0.5444601901640844,0.46414595490999144,-0.65147165503023,-0.7961364132114248,-0.7512260058983715,-0.1766726929031961,0.4918285439571921,0.4417155296869133,0.10092292394793659,-0.10106217814264201,0.17951173365309225,0.11571751740659719,0.0526316462068922,0.022430425223078032,-0.5435784746925311,-0.9016733759624055,-0.57285077801359,-0.02432379359728165,0.5979773746182379,0.5024408644084147,1.5724275333526612,1.1240443887513305,1.8774769479193933,0.940585093017391,1.2371238115363576,2.0991027672768996,-11.6106051250921,-8.463214828784336,-1.1469978730587473,2009,4
2009-05,1.488,57.3,213.022,1.1644698098704764,0.9845572271999671,2.920236683652052,0.868647677839954,1.7857828956633588,68.76704295800435,1.6373105466191513,0.5798569160863334,4.230724603396127,0.3974329364109001,0.0868019309735743,1.7877351257135567,0.6808278916604125,1.7448439267832985,0.16779818466962526,-15.094262583748382,-13.003834172130704,0.5380483969141423,0.49797493831439227,0.4142309522812149,0.8130809855704929,1.3412599730921786,1.4907651331516785,4.009259437095775,4.099510932946357,3.9525276193517946,4.141669543570941,4.885673684779631,4.98277143983135,0.26645857810173607,0.13613362365140386,0.19937295121278845,0.4090810602829199,0.1932559065959163,0.24566331160369725,0.35269109375594815,0.3140805463063118,0.23031775506221003,0.6312717768418578,1.1850957485562468,1.318550709033371,-0.9109082170653451,-0.7520468364352224,-0.9211177726224709,-0.15886138063012295,0.6808278916604118,0.16779818466962593,-13.003834172130706,-0.6893174519943144,-0.89356750096873,-0.7733356127446853,-0.36286878403855016,0.3952558357078303,0.5635715517822903,-0.750458443076484,-0.7705934211807257,-0.7852418285949812,-0.5773139867812684,0.41849622430637456,0.5626644848215454,0.061140991082169666,-0.12297407978800395,0.011906215850295415,0.2144452027427186,-0.02324038859854405,0.000907066960745273,-0.689415745224714,-0.8993474167903792,-0.7732509849190057,-0.35192966031492423,0.44697520235357024,0.603642036691913,0.7793861699675921,1.2744838687213107,-0.4530481951235281,0.2779793455885512,0.7308826726874279,0.5508723266129174,-13.475328690297236,-11.469170834529324,-5.800379675412007,2009,5
2009-06,1.805,68.61,214.79,1.279438690534249,0.833361960059142,0.0,0.61597123170015,2.1483910466812546,81.66266466083151,1.9443491585912265,0.7647192116048358,4.402596916522791,0.5905605917848442,0.09979191336541304,3.0671738162478057,0.7700933995280335,2.5782058868424405,0.21001103259923448,-14.478291352048231,-12.16957678296083,0.49917771866678246,0.5798569160863334,0.42234182377531176,0.5085305449012516,1.371704822560752,1.5171102621416017,4.024101947066639,4.230724603396127,4.025213125634424,3.8777054859950004,4.732388804057824,5.047013936596523,0.21274538988351185,0.0868019309735743,0.13479831642425671,0.36849467718961926,0.37698563678629593,0.20776594382844715,0.3137179536841218,0.3974329364109001,0.2374408560150342,0.3184537311185346,1.2163953243244932,1.3553195568204601,-0.7523910505367659,-0.6444170200737318,-0.7647589650356159,-0.10797403046303411,0.770093399528033,0.21001103259923504,-12.169576782960831,-0.7806573574987803,-0.9109082170653451,-0.897198591354067,-0.637219950614575,0.3504750726895207,0.5656783844546344,-0.7795805846854762,-0.7520468364352224,-0.7961364132114248,-0.8222390027921334,0.18272303265207857,0.5736592452049418,-0.0010767728133038723,-0.15886138063012295,-0.10106217814264201,0.18501905217755799,0.16775204003744182,-0.007980860750307572,-0.7842804306093053,-0.9211177726224709,-0.9016733759624055,-0.6374422553479799,0.39882056538949573,0.6138585159819641,0.6808278916604125,1.5724275333526612,-0.3802806691996443,0.16779818466962526,0.940585093017391,-0.199391119773913,-13.003834172130704,-11.6106051250921,-8.255408367428249,2009,6
2009-07,1.712,64.44,214.726,-0.8527326357151506,-0.8782792628832887,0.0,-1.54881901032598,2.0383056670671773,76.72220630012201,1.8267191976219526,0.7121189073946983,4.340191187983922,0.5376622777195503,0.10959733769414526,2.2144411805326554,-0.6152689676788732,1.6999266239591517,-1.0680956444960608,-16.02711036237421,-12.90692625317628,0.5418758297840465,0.7647192116048358,0.49797493831439227,0.5721311366421901,1.0033548021740146,1.5120549908828858,4.111583852154603,4.402596916522791,4.099510932946357,3.95892991507613,4.434760819973697,5.042916285809826,0.1679615959128108,0.09979191336541304,0.13613362365140386,0.35087083984942846,0.30626360048368595,0.20680832335642774,0.3590690971285067,0.5905605917848442,0.3140805463063118,0.3845818971917403,0.8394096875381973,1.3573803509552484,-0.7999360834881875,-0.7027250978259048,-0.8197180732356981,-0.09721098566228248,-0.6152689676788734,-1.0680956444960603,-12.90692625317628,-0.7998525408191453,-0.7523910505367659,-0.89356750096873,-0.5717142722452789,-0.0609551754965989,0.5444601901640844,-0.7499435875657436,-0.6444170200737318,-0.7705934211807257,-0.7512260058983715,-0.1766726929031961,0.4918285439571921,-0.04990895325340258,-0.10797403046303411,-0.12297407978800395,0.17951173365309225,0.11571751740659719,0.0526316462068922,-0.8054998822239112,-0.7647589650356159,-0.8993474167903792,-0.57285077801359,-0.02432379359728165,0.5979773746182379,0.7700933995280335,0.7793861699675921,1.1240443887513305,0.21001103259923448,0.2779793455885512,1.2371238115363576,-12.16957678296083,-13.475328690297236,-8.463214828784336,2009,7
2009-08,1.885,72.51,215.445,1.3004934617503865,1.0589047332953812,0.0,2.57982815317731,2.2367895267160223,86.04223266959086,2.048624587371211,0.805041590784242,4.454838253267769,0.6339278208999741,0.08787295579984111,3.514934642283042,1.0888687609570586,2.758831357254533,0.3943109293652839,-13.4472822091969,-10.2324529205753,0.5652071249094645,0.7121189073946983,0.5798569160863334,0.4142309522812149,0.8130809855704929,1.3412599730921786,4.175127397639236,4.340191187983922,4.230724603396127,3.9525276193517946,4.141669543570941,4.885673684779631,0.12774934555359693,0.10959733769414526,0.0868019309735743,0.19937295121278845,0.4090810602829199,0.1932559065959163,0.38458249388314175,0.5376622777195503,0.3974329364109001,0.23031775506221003,0.6312717768418578,1.1850957485562468,-0.5362183823079366,-0.4308354315118619,-0.5511679276562726,-0.10538295079607518,1.0888687609570589,0.3943109293652842,-10.232452920575298,-0.8378895093596302,-0.7999360834881875,-0.9109082170653451,-0.7733356127446853,-0.36286878403855016,0.3952558357078303,-0.7418601028869984,-0.7027250978259048,-0.7520468364352224,-0.7852418285949812,-0.5773139867812684,0.41849622430637456,-0.0960294064726317,-0.09721098566228248,-0.15886138063012295,0.011906215850295415,0.2144452027427186,-0.02324038859854405,-0.8466444314275958,-0.8197180732356981,-0.9211177726224709,-0.7732509849190057,-0.35192966031492423,0.44697520235357024,-0.6152689676788732,0.6808278916604125,1.2744838687213107,-1.0680956444960608,0.16779818466962526,0.7308826726874279,-12.90692625317628,-13.003834172130704,-11.469170834529324,2009,8
2009-09,1.749,67.65,215.861,-0.03982363084742185,-0.156384857061269,0.7343175287492693,-0.588735031421081,2.071408768837354,80.12052785125614,1.9076316155060986,0.7282289404538974,4.3835320990342295,0.559044196036465,0.08236645970303635,3.47511101143562,0.6507755402721274,2.6024465001932637,-0.07126841477382209,-14.03601724061798,-11.033883875345515,0.6303422313266357,0.805041590784242,0.7647192116048358,0.42234182377531176,0.5085305449012516,1.371704822560752,4.258845836625231,4.454838253267769,4.402596916522791,4.025213125634424,3.8777054859950004,4.732388804057824,0.10916601298477237,0.08787295579984111,0.09979191336541304,0.13479831642425671,0.36849467718961926,0.37698563678629593,0.4518508381894358,0.6339278208999741,0.5905605917848442,0.2374408560150342,0.3184537311185346,1.2163953243244932,-0.6434758821068546,-0.34885670502359467,-0.6573511282880281,-0.2946191770832596,0.6507755402721274,-0.07126841477382184,-11.033883875345513,-0.7983699709535054,-0.5362183823079366,-0.7523910505367659,-0.897198591354067,-0.637219950614575,0.3504750726895207,-0.6827923700398122,-0.4308354315118619,-0.6444170200737318,-0.7961364132114248,-0.8222390027921334,0.18272303265207857,-0.11557760091369347,-0.10538295079607518,-0.10797403046303411,-0.10106217814264201,0.18501905217755799,0.16775204003744182,-0.8096305885504738,-0.5511679276562726,-0.7647589650356159,-0.9016733759624055,-0.6374422553479799,0.39882056538949573,1.0888687609570586,0.7700933995280335,1.5724275333526612,0.3943109293652839,0.21001103259923448,0.940585093017391,-10.2324529205753,-12.16957678296083,-11.6106051250921,2009,9
2009-10,1.942,72.77,216.509,0.8655355087204916,0.5014908892401041,0.0,0.57765851883865,2.293102443008528,85.92639792880051,2.045866617352393,0.8299056792879798,4.453491091777842,0.6637183698691331,0.11408420579350631,4.3406465201561115,4.725720317772965,3.103937389433368,2.879762736186725,-13.45835872177933,-6.038841217500896,0.6813234174397333,0.7282289404538974,0.7121189073946983,0.49797493831439227,0.5721311366421901,1.0033548021740146,4.318565665525199,4.3835320990342295,4.340191187983922,4.099510932946357,3.95892991507613,4.434760819973697,0.10042737019790232,0.08236645970303635,0.10959733769414526,0.13613362365140386,0.35087083984942846,0.30626360048368595,0.5054513948596743,0.559044196036465,0.5376622777195503,0.3140805463063118,0.3845818971917403,0.8394096875381973,-0.17344912288603487,0.018730271804145104,-0.1756913176690642,-0.19217939469017964,4.725720317772964,2.8797627361867253,-6.038841217500893,-0.7560828527456367,-0.6434758821068546,-0.7999360834881875,-0.89356750096873,-0.5717142722452789,-0.0609551754965989,-0.6082457520085072,-0.34885670502359467,-0.7027250978259048,-0.7705934211807257,-0.7512260058983715,-0.1766726929031961,-0.1478371007371297,-0.2946191770832596,-0.09721098566228248,-0.12297407978800395,0.17951173365309225,0.11571751740659719,-0.7689102139380776,-0.6573511282880281,-0.8197180732356981,-0.8993474167903792,-0.57285077801359,-0.02432379359728165,0.6507755402721274,-0.6152689676788732,0.7793861699675921,-0.07126841477382209,-1.0680956444960608,0.2779793455885512,-11.033883875345515,-12.90692625317628,-13.475328690297236,2009,10
2009-11,1.986,76.66,217.234,-0.02655137404385144,0.10574149624853793,0.0,0.100655209076531,2.3372309606231068,90.21758582143372,2.1480377576531837,0.8489668784968967,4.5022243728263245,0.6861225656229808,0.08441212395394015,4.31409514611226,6.219418327632714,3.209678885681906,4.156096701036659,-13.357703512702798,-3.043958664486275,0.7366452076019979,0.8299056792879798,0.805041590784242,0.5798569160863334,0.4142309522812149,0.8130809855704929,4.37756235866378,4.453491091777842,4.454838253267769,4.230724603396127,3.9525276193517946,4.141669543570941,0.09675246722158605,0.11408420579350631,0.08787295579984111,0.0868019309735743,0.19937295121278845,0.4090810602829199,0.5637243654534778,0.6637183698691331,0.6339278208999741,0.3974329364109001,0.23031775506221003,0.6312717768418578,0.03588589292640376,0.36055482925538307,0.05485078878112304,-0.32466893632897975,6.219418327632714,4.15609670103666,-3.043958664486272,-0.6360631230651873,-0.17344912288603487,-0.5362183823079366,-0.9109082170653451,-0.7733356127446853,-0.36286878403855016,-0.47669180317769566,0.018730271804145104,-0.4308354315118619,-0.7520468364352224,-0.7852418285949812,-0.5773139867812684,-0.15937131988749237,-0.19217939469017964,-0.10538295079607518,-0.15886138063012295,0.011906215850295415,0.2144452027427186,-0.6483008640845249,-0.1756913176690642,-0.5511679276562726,-0.9211177726224709,-0.7732509849190057,-0.35192966031492423,4.725720317772965,1.0888687609570586,0.6808278916604125,2.879762736186725,0.3943109293652839,0.16779818466962526,-6.038841217500896,-10.2324529205753,-13.003834172130704,2009,11
2009-12,1.979,74.46,217.347,-0.7627202112186445,-0.7997561507751647,1.259914920926726,0.537998544190329,2.3277821291145804,87.58294963813624,2.0853083247175297,0.8449159383395465,4.472586340163688,0.6825916666204287,0.10999921645922628,3.5513749348936154,5.787475406574991,2.409922734906741,4.169185590695698,-12.81970496851247,0.282272100823884,0.7814968680037584,0.8489668784968967,0.7282289404538974,0.7647192116048358,0.42234182377531176,0.5085305449012516,4.422812320235479,4.5022243728263245,4.3835320990342295,4.402596916522791,4.025213125634424,3.8777054859950004,0.09635416605164704,0.08441212395394015,0.08236645970303635,0.09979191336541304,0.13479831642425671,0.36849467718961926,0.6118393036554912,0.6861225656229808,0.559044196036465,0.5905605917848442,0.2374408560150342,0.3184537311185346,0.3363853934382949,0.5948808541686876,0.3641379355018941,-0.258495460730393,5.787475406574991,4.169185590695698,0.2822721008238869,-0.4782641047332292,0.03588589292640376,-0.6434758821068546,-0.7523910505367659,-0.897198591354067,-0.637219950614575,-0.29125819222926097,0.36055482925538307,-0.34885670502359467,-0.6444170200737318,-0.7961364132114248,-0.8222390027921334,-0.18700591250396842,-0.32466893632897975,-0.2946191770832596,-0.10797403046303411,-0.10106217814264201,0.18501905217755799,-0.4856394371839261,0.05485078878112304,-0.6573511282880281,-0.7647589650356159,-0.9016733759624055,-0.6374422553479799,6.219418327632714,0.6507755402721274,0.7700933995280335,4.156096701036659,-0.07126841477382209,0.21001103259923448,-3.043958664486275,-11.033883875345515,-12.16957678296083,2009,12
2010-01,2.052,76.17,217.488,-0.08561442580753885,-0.009671483761377029,0.0,0.586203959689366,2.412082970094902,89.5362377349555,2.1318151841656072,0.8804906771517946,4.494643434227968,0.7188149273085231,0.12351686120719463,3.465760509086077,3.843639674914128,2.400251251145364,2.5645383494629344,-12.233501008823104,0.35000649554457497,0.7948629891262101,0.8449159383395465,0.8299056792879798,0.7121189073946983,0.49797493831439227,0.5721311366421901,4.434477224175629,4.472586340163688,4.453491091777842,4.340191187983922,4.099510932946357,3.95892991507613,0.09805538323394924,0.10999921645922628,0.11408420579350631,0.10959733769414526,0.13613362365140386,0.35087083984942846,0.6271778161280886,0.6825916666204287,0.6637183698691331,0.5376622777195503,0.3140805463063118,0.3845818971917403,0.30835954050960457,0.5357135191518383,0.33423303011678285,-0.22735397864223383,3.8436396749141286,2.564538349462935,0.3500064955445765,-0.2968013640707191,0.3363853934382949,-0.17344912288603487,-0.7999360834881875,-0.89356750096873,-0.5717142722452789,-0.08470854652219106,0.5948808541686876,0.018730271804145104,-0.7027250978259048,-0.7705934211807257,-0.7512260058983715,-0.21209281754852827,-0.258495460730393,-0.19217939469017964,-0.09721098566228248,-0.12297407978800395,0.17951173365309225,-0.2974899537610076,0.3641379355018941,-0.1756913176690642,-0.8197180732356981,-0.8993474167903792,-0.57285077801359,5.787475406574991,4.725720317772965,-0.6152689676788732,4.169185590695698,2.879762736186725,-1.0680956444960608,0.282272100823884,-6.038841217500896,-12.90692625317628,2010,1
2010-02,1.989,73.75,217.281,-0.4303037214078993,-0.35590705818071977,0.0,-0.383204380743312,2.340255191434134,86.7741681087317,2.0660516216364693,0.8502599795918517,4.463308974939945,0.6876319998718352,0.12462062293527432,3.0354567876781777,3.1943791188254957,2.044344192964644,2.2980948204915768,-12.616705389566416,2.4843496720236025,0.8229249507523929,0.8804906771517946,0.8489668784968967,0.805041590784242,0.5798569160863334,0.4142309522812149,4.4602192652163035,4.494643434227968,4.5022243728263245,4.454838253267769,4.230724603396127,3.9525276193517946,0.10037530381945747,0.12351686120719463,0.08441212395394015,0.08787295579984111,0.0868019309735743,0.19937295121278845,0.6573699243929175,0.7188149273085231,0.6861225656229808,0.6339278208999741,0.3974329364109001,0.23031775506221003,0.4360290273106368,0.5107813555881506,0.4573142448096252,-0.07475232827751413,3.1943791188254966,2.2980948204915768,2.4843496720236047,-0.1120854267377539,0.30835954050960457,0.03588589292640376,-0.5362183823079366,-0.9109082170653451,-0.7733356127446853,0.12169788964076567,0.5357135191518383,0.36055482925538307,-0.4308354315118619,-0.7520468364352224,-0.7852418285949812,-0.23378331637852012,-0.22735397864223383,-0.32466893632897975,-0.10538295079607518,-0.15886138063012295,0.011906215850295415,-0.10516476986892742,0.33423303011678285,0.05485078878112304,-0.5511679276562726,-0.9211177726224709,-0.7732509849190057,3.843639674914128,6.219418327632714,1.0888687609570586,2.5645383494629344,4.156096701036659,0.3943109293652839,0.35000649554457497,-3.043958664486275,-10.2324529205753,2010,2
2010-03,2.108,78.83,217.353,-0.24163855223355196,-0.15785833042514086,1.5323140442491547,0.318257766758403,2.479448848953852,92.72056582686537,2.207632519687271,0.9080362971532353,4.5295903015459364,0.745739630679116,0.11611561389066716,2.793818235444626,1.5477026022914466,1.8864858625395031,0.5828618841289388,-12.298447622808013,2.3986064083187904,0.8304613488869945,0.8502599795918517,0.8449159383395465,0.7282289404538974,0.7647192116048358,0.42234182377531176,4.461631052161667,4.463308974939945,4.472586340163688,4.3835320990342295,4.402596916522791,4.025213125634424,0.10649991500869634,0.12462062293527432,0.10999921645922628,0.08236645970303635,0.09979191336541304,0.13479831642425671,0.6663206208882276,0.6876319998718352,0.6825916666204287,0.559044196036465,0.5905605917848442,0.2374408560150342,0.48569447337792354,0.5043771759115128,0.5082987746640818,-0.018682702533589557,1.5477026022914473,0.582861884128939,2.398606408318793,0.049955808198674956,0.4360290273106368,0.3363853934382949,-0.6434758821068546,-0.7523910505367659,-0.897198591354067,0.2786340208241018,0.5107813555881506,0.5948808541686876,-0.34885670502359467,-0.6444170200737318,-0.7961364132114248,-0.22867821262542665,-0.07475232827751413,-0.258495460730393,-0.2946191770832596,-0.10797403046303411,-0.10106217814264201,0.06291559220872212,0.4573142448096252,0.3641379355018941,-0.6573511282880281,-0.7647589650356159,-0.9016733759624055,3.1943791188254957,5.787475406574991,0.6507755402721274,2.2980948204915768,4.169185590695698,-0.07126841477382209,2.4843496720236025,0.282272100823884,-11.033883875345515,2010,3
2010-04,2.243,84.82,217.403,-0.3345956838526106,-0.13079768912870388,0.0,0.62135016194565,2.637630319805461,99.74311356482356,2.3748360372577038,0.969880907934315,4.6025980164426885,0.8078142555380712,0.1049525097749947,2.459222551592015,1.8359572357489344,1.7556881734107992,0.9954014738274675,-11.677097460862363,4.285812800725971,0.8604292416702175,0.9080362971532353,0.8804906771517946,0.8299056792879798,0.7121189073946983,0.49797493831439227,4.485974085913617,4.5295903015459364,4.494643434227968,4.453491091777842,4.340191187983922,4.099510932946357,0.11212477403996814,0.11611561389066716,0.12351686120719463,0.11408420579350631,0.10959733769414526,0.13613362365140386,0.697436526662003,0.745739630679116,0.7188149273085231,0.6637183698691331,0.5376622777195503,0.3140805463063118,0.47190596961992276,0.5030870834963315,0.49373370923175935,-0.03118111387640915,1.8359572357489349,0.9954014738274678,4.285812800725973,0.23815086744613811,0.48569447337792354,0.30835954050960457,-0.17344912288603487,-0.7999360834881875,-0.89356750096873,0.42083966764661973,0.5043771759115128,0.5357135191518383,0.018730271804145104,-0.7027250978259048,-0.7705934211807257,-0.18268880020048167,-0.018682702533589557,-0.22735397864223383,-0.19217939469017964,-0.09721098566228248,-0.12297407978800395,0.2571905760340739,0.5082987746640818,0.33423303011678285,-0.1756913176690642,-0.8197180732356981,-0.8993474167903792,1.5477026022914466,3.843639674914128,4.725720317772965,0.5828618841289388,2.5645383494629344,2.879762736186725,2.3986064083187904,0.35000649554457497,-6.038841217500896,2010,4
2010-05,2.063,75.95,217.29,-1.390509680483791,-1.21954073208861,0.0,-1.01196333893606,2.4272229712212563,89.35898432586254,2.127594864901489,0.8867477936499341,4.492661788602601,0.7241612340891148,0.13175562333070123,1.068712871108224,-0.7190222546053331,0.5361474413221892,-1.2086964854611095,-12.689060799798423,2.4052017839499564,0.8837584464446068,0.969880907934315,0.8502599795918517,0.8489668784968967,0.805041590784242,0.5798569160863334,4.510825240024425,4.6025980164426885,4.463308974939945,4.5022243728263245,4.454838253267769,4.230724603396127,0.11060282470354954,0.1049525097749947,0.12462062293527432,0.08441212395394015,0.08787295579984111,0.0868019309735743,0.7214525076068258,0.8078142555380712,0.6876319998718352,0.6861225656229808,0.6339278208999741,0.3974329364109001,0.3068908775636007,0.2619371852064738,0.3267282976782147,0.04495369235712693,-0.7190222546053326,-1.2086964854611093,2.405201783949959,0.34571004953046447,0.47190596961992276,0.4360290273106368,0.03588589292640376,-0.5362183823079366,-0.9109082170653451,0.50156580292865,0.5030870834963315,0.5107813555881506,0.36055482925538307,-0.4308354315118619,-0.7520468364352224,-0.15585575339818653,-0.03118111387640915,-0.07475232827751413,-0.32466893632897975,-0.10538295079607518,-0.15886138063012295,0.36876141385087763,0.49373370923175935,0.4573142448096252,0.05485078878112304,-0.5511679276562726,-0.9211177726224709,1.8359572357489344,3.1943791188254957,6.219418327632714,0.9954014738274675,2.2980948204915768,4.156096701036659,4.285812800725971,2.4843496720236025,-3.043958664486275,2010,5
2010-06,2.058,74.76,217.199,0.5589372833456898,0.7612767425179044,0.0,1.65503770239824,2.4223546908595344,87.99574183122391,2.095136710267236,0.884740079850405,4.477288425025909,0.7217346374118577,0.14512127310786405,1.627650154453914,-1.4395236617938922,1.2974241838400937,-1.2807817030023472,-11.034023097400183,3.4442682546480468,0.8900552656367796,0.8867477936499341,0.9080362971532353,0.8449159383395465,0.7282289404538974,0.7647192116048358,4.509231475987138,4.492661788602601,4.5295903015459364,4.472586340163688,4.3835320990342295,4.402596916522791,0.11849340793300972,0.13175562333070123,0.11611561389066716,0.10999921645922628,0.08236645970303635,0.09979191336541304,0.7277922856845148,0.7241612340891148,0.745739630679116,0.6825916666204287,0.559044196036465,0.5905605917848442,0.12002086824556923,0.07469150850311834,0.1311740456270135,0.045329359742451,-1.4395236617938918,-1.2807817030023467,3.4442682546480476,0.39087754696999716,0.3068908775636007,0.48569447337792354,0.3363853934382949,-0.6434758821068546,-0.7523910505367659,0.4851295289204991,0.2619371852064738,0.5043771759115128,0.5948808541686876,-0.34885670502359467,-0.6444170200737318,-0.09425198195050213,0.04495369235712693,-0.018682702533589557,-0.258495460730393,-0.2946191770832596,-0.10797403046303411,0.414074332000393,0.3267282976782147,0.5082987746640818,0.3641379355018941,-0.6573511282880281,-0.7647589650356159,-0.7190222546053331,1.5477026022914466,5.787475406574991,-1.2086964854611095,0.5828618841289388,4.169185590695698,2.4052017839499564,2.3986064083187904,0.282272100823884,2010,6
2010-07,2.019,75.58,217.605,0.20862276077642805,0.0985980252111898,0.0,0.171784854810242,2.372016110613268,88.79493691934164,2.1141651647462294,0.8637402731078889,4.486329631698531,0.7026023393307005,0.11508025969272584,1.8362729152303419,-0.3781682653023136,1.3960222090512835,-0.30390441490786857,-10.86223824258994,5.164872119784269,0.8966926225552561,0.884740079850405,0.969880907934315,0.8804906771517946,0.8299056792879798,0.7121189073946983,4.510015156797508,4.477288425025909,4.6025980164426885,4.494643434227968,4.453491091777842,4.340191187983922,0.12434708404111601,0.14512127310786405,0.1049525097749947,0.12351686120719463,0.11408420579350631,0.10959733769414526,0.7343161141497531,0.7217346374118577,0.8078142555380712,0.7188149273085231,0.6637183698691331,0.5376622777195503,0.15162136571319063,0.1461384437146096,0.16494006161115016,0.005482921998580581,-0.3781682653023135,-0.30390441490786824,5.164872119784269,0.3548167927712096,0.12002086824556923,0.47190596961992276,0.30835954050960457,-0.17344912288603487,-0.7999360834881875,0.3984313046429051,0.07469150850311834,0.5030870834963315,0.5357135191518383,0.018730271804145104,-0.7027250978259048,-0.04361451187169478,0.045329359742451,-0.03118111387640915,-0.22735397864223383,-0.19217939469017964,-0.09721098566228248,0.37524701702124635,0.1311740456270135,0.49373370923175935,0.33423303011678285,-0.1756913176690642,-0.8197180732356981,-1.4395236617938922,1.8359572357489344,3.843639674914128,-1.2807817030023472,0.9954014738274675,2.5645383494629344,3.4442682546480468,4.285812800725971,0.35000649554457497,2010,7
2010-08,2.083,77.04,217.923,-0.14271555223555665,0.10792747286228675,0.0,0.612646257107842,2.4436352798159597,90.37813824148897,2.151860434321166,0.8934867993287848,4.50400240453982,0.7338091622788351,0.1271540130723332,1.693557362994785,-1.821377279288257,1.5039496819135703,-1.2548816753409628,-10.249591985482098,3.197690223714801,0.8939008885479384,0.8637402731078889,0.8867477936499341,0.8502599795918517,0.8489668784968967,0.805041590784242,4.508629523042601,4.486329631698531,4.492661788602601,4.463308974939945,4.5022243728263245,4.454838253267769,0.12294098378870455,0.11508025969272584,0.13175562333070123,0.12462062293527432,0.08441212395394015,0.08787295579984111,0.7316140161534492,0.7026023393307005,0.7241612340891148,0.6876319998718352,0.6861225656229808,0.6339278208999741,0.08844520854454285,0.04916415127205109,0.09988134137886095,0.03928105727249209,-1.821377279288257,-1.2548816753409626,3.197690223714801,0.3286937636384739,0.15162136571319063,0.3068908775636007,0.4360290273106368,0.03588589292640376,-0.5362183823079366,0.3335021254033652,0.1461384437146096,0.2619371852064738,0.5107813555881506,0.36055482925538307,-0.4308354315118619,-0.004808361764892383,0.005482921998580581,0.04495369235712693,-0.07475232827751413,-0.32466893632897975,-0.10538295079607518,0.3470315222703075,0.16494006161115016,0.3267282976782147,0.4573142448096252,0.05485078878112304,-0.5511679276562726,-0.3781682653023136,-0.7190222546053331,3.1943791188254957,-0.30390441490786857,-1.2086964854611095,2.2980948204915768,5.164872119784269,2.4052017839499564,2.4843496720236025,2010,8
2010-09,2.114,77.84,218.275,-0.19718571123762568,-0.3160257990627803,0.0,0.415869392694345,2.4760030290535635,91.16938305654183,2.1706995965843294,0.9066455781873378,4.512719128617042,0.7485818874480459,0.1315960678536643,1.4963716517571595,-1.9787393596784606,1.1879238828507899,-1.4145226173424743,-9.833722592787753,4.202294647830227,0.9011053585040939,0.8934867993287848,0.884740079850405,0.9080362971532353,0.8449159383395465,0.7282289404538974,4.515411761309248,4.50400240453982,4.477288425025909,4.5295903015459364,4.472586340163688,4.3835320990342295,0.12336321547821437,0.1271540130723332,0.14512127310786405,0.11611561389066716,0.10999921645922628,0.08236645970303635,0.7393102098879493,0.7338091622788351,0.7217346374118577,0.745739630679116,0.6825916666204287,0.559044196036465,0.1784166377334404,0.12918702958281258,0.18953769141158083,0.049229608150627935,-1.9787393596784606,-1.4145226173424739,4.202294647830227,0.2707631271774582,0.08844520854454285,0.12002086824556923,0.48569447337792354,0.3363853934382949,-0.6434758821068546,0.2565659246840166,0.04916415127205109,0.07469150850311834,0.5043771759115128,0.5948808541686876,-0.34885670502359467,0.014197202493442002,0.03928105727249209,0.045329359742451,-0.018682702533589557,-0.258495460730393,-0.2946191770832596,0.2874593716985135,0.09988134137886095,0.1311740456270135,0.5082987746640818,0.3641379355018941,-0.6573511282880281,-1.821377279288257,-1.4395236617938922,1.5477026022914466,-1.2548816753409628,-1.2807817030023472,0.5828618841289388,3.197690223714801,3.4442682546480468,2.3986064083187904,2010,9
2010-10,2.248,82.67,219.035,0.8223440033905541,0.9530241796797226,-0.47840083133406425,1.2670687119332,2.6238135792605446,96.49051094193472,2.2973931176651123,0.9646288240689417,4.569444671302081,0.8100409320314448,0.13285377105022866,2.3187156551477135,-2.021930865008398,2.1409480625305126,-0.9629893269028558,-8.566653880854552,4.891704840924777,0.9008735720097777,0.9066455781873378,0.8637402731078889,0.969880907934315,0.8804906771517946,0.8299056792879798,4.512599899154432,4.512719128617042,4.486329631698531,4.6025980164426885,4.494643434227968,4.453491091777842,0.1259432911387139,0.1315960678536643,0.11508025969272584,0.1049525097749947,0.12351686120719463,0.11408420579350631,0.7397839193494375,0.7485818874480459,0.7026023393307005,0.8078142555380712,0.7188149273085231,0.6637183698691331,0.13472314478096192,0.11595357952423946,0.14632256216231165,0.018769565256722354,-2.021930865008398,-0.9629893269028553,4.891704840924778,0.21955015457004434,0.1784166377334404,0.15162136571319063,0.47190596961992276,0.30835954050960457,-0.17344912288603487,0.19403423362923267,0.12918702958281258,0.1461384437146096,0.5030870834963315,0.5357135191518383,0.018730271804145104,0.025515920940811565,0.049229608150627935,0.005482921998580581,-0.03118111387640915,-0.22735397864223383,-0.19217939469017964,0.23433252448976327,0.18953769141158083,0.16494006161115016,0.49373370923175935,0.33423303011678285,-0.1756913176690642,-1.9787393596784606,-0.3781682653023136,1.8359572357489344,-1.4145226173424743,-0.30390441490786857,0.9954014738274675,4.202294647830227,5.164872119784269,4.285812800725971,2010,10
2010-11,2.323,85.28,219.59,0.07183930699796634,0.21880361068723342,0.0,0.108102515185742,2.704499071375442,99.28526939599557,2.363934985618942,0.9949167089665355,4.5979972155957975,0.8428594537882721,0.13458911165410603,2.39055496214568,-1.9235401839665802,2.359751673217746,-0.8499272124641603,-8.45855136566881,4.899152147033988,0.8999982246988821,0.9646288240689417,0.8934867993287848,0.8867477936499341,0.8502599795918517,0.8489668784968967,4.5070743416309975,4.569444671302081,4.50400240453982,4.492661788602601,4.463308974939945,4.5022243728263245,0.1305935013512529,0.13285377105022866,0.1271540130723332,0.13175562333070123,0.12462062293527432,0.08441212395394015,0.7401550320983331,0.8100409320314448,0.7338091622788351,0.7241612340891148,0.6876319998718352,0.6861225656229808,0.14594983046963883,0.09577284276947307,0.1567368881652913,0.050176987700165876,-1.9235401839665802,-0.8499272124641597,4.899152147033988,0.1633530170968842,0.13472314478096192,0.08844520854454285,0.3068908775636007,0.4360290273106368,0.03588589292640376,0.12951198296721778,0.11595357952423946,0.04916415127205109,0.2619371852064738,0.5107813555881506,0.36055482925538307,0.03384103412966684,0.018769565256722354,0.03928105727249209,0.04495369235712693,-0.07475232827751413,-0.32466893632897975,0.1764306666448553,0.14632256216231165,0.09988134137886095,0.3267282976782147,0.4573142448096252,0.05485078878112304,-2.021930865008398,-1.821377279288257,-0.7190222546053331,-0.9629893269028558,-1.2548816753409628,-1.2086964854611095,4.891704840924777,3.197690223714801,2.4052017839499564,2010,11
2010-12,2.453,91.45,220.472,0.14052696959123426,-0.09192648347755354,1.0678755746059396,1.16299622964278,2.844423722362326,106.04262103955756,2.524824310465656,1.0453604890157662,4.663841098576288,0.8973117652763521,0.11918900872284599,2.531081931736914,-1.0202930031567012,2.2678251897401926,-0.1420975451665491,-7.295555136026031,5.524149832486438,0.9180263772516492,0.9949167089665355,0.9066455781873378,0.884740079850405,0.9080362971532353,0.8449159383395465,4.524630246129863,4.5979972155957975,4.512719128617042,4.477288425025909,4.5295903015459364,4.472586340163688,0.13106574940515367,0.13458911165410603,0.1315960678536643,0.14512127310786405,0.11611561389066716,0.10999921645922628,0.7599380687148592,0.8428594537882721,0.7485818874480459,0.7217346374118577,0.745739630679116,0.6825916666204287,0.2004445506762197,0.1912547584126001,0.21472009865592345,0.009189792263619712,-1.0202930031567012,-0.1420975451665485,5.524149832486439,0.13652950924789076,0.14594983046963883,0.1784166377334404,0.12002086824556923,0.48569447337792354,0.3363853934382949,0.10181792589438388,0.09577284276947307,0.12918702958281258,0.07469150850311834,0.5043771759115128,0.5948808541686876,0.03471158335350663,0.050176987700165876,0.049229608150627935,0.045329359742451,-0.018682702533589557,-0.258495460730393,0.14809876505936803,0.1567368881652913,0.18953769141158083,0.1311740456270135,0.5082987746640818,0.3641379355018941,-1.9235401839665802,-1.9787393596784606,-1.4395236617938922,-0.8499272124641603,-1.4145226173424743,-1.2807817030023472,4.899152147033988,4.202294647830227,3.4442682546480468,2010,12
2011-01,2.619,96.52,221.187,0.22861647188308676,0.030702360212847522,0.0,-0.275671220142995,3.0270952440694985,111.5598445809805,2.656186775737631,1.1076034943841835,4.71456116961544,0.9627925655255749,0.1307119430521123,2.7596984036200007,-0.7060621054660757,2.29852754995304,-0.10172370119232454,-7.571226356169026,4.662274652654078,0.9447964454458759,1.0453604890157662,0.9646288240689417,0.8637402731078889,0.969880907934315,0.8804906771517946,4.55572235838826,4.663841098576288,4.569444671302081,4.486329631698531,4.6025980164426885,4.494643434227968,0.126743705340984,0.11918900872284599,0.13285377105022866,0.11508025969272584,0.1049525097749947,0.12351686120719463,0.7892009233589418,0.8973117652763521,0.8100409320314448,0.7026023393307005,0.8078142555380712,0.7188149273085231,0.22711281723238885,0.2199177353874715,0.24397763821705176,0.007195081844917683,-0.7060621054660761,-0.10172370119232399,4.662274652654078,0.14993345631966581,0.2004445506762197,0.13472314478096192,0.15162136571319063,0.47190596961992276,0.30835954050960457,0.12124513421263039,0.1912547584126001,0.11595357952423946,0.1461384437146096,0.5030870834963315,0.5357135191518383,0.02868832210703476,0.009189792263619712,0.018769565256722354,0.005482921998580581,-0.03118111387640915,-0.22735397864223383,0.16202310723085311,0.21472009865592345,0.14632256216231165,0.16494006161115016,0.49373370923175935,0.33423303011678285,-1.0202930031567012,-2.021930865008398,-0.3781682653023136,-0.1420975451665491,-0.9629893269028558,-0.30390441490786857,5.524149832486438,4.891704840924777,5.164872119784269,2011,1
2011-02,2.839,103.72,221.898,0.29908143439089846,0.19511129603606145,0.0,1.70095638554732,3.2708617656911434,119.49763379270357,2.8451817569691324,1.1850534870980174,4.783296570277647,1.0434518774908341,0.13942653510373892,3.0587798380108993,0.02332305033272203,2.4936388459891012,0.4492946530244567,-5.870269970621706,6.74643541894471,0.9854403156585917,1.1076034943841835,0.9949167089665355,0.8934867993287848,0.8867477936499341,0.8502599795918517,4.593760948041078,4.71456116961544,4.5979972155957975,4.50400240453982,4.492661788602601,4.463308974939945,0.12934898590088176,0.1307119430521123,0.13458911165410603,0.1271540130723332,0.13175562333070123,0.12462062293527432,0.8325659610580874,0.9627925655255749,0.8428594537882721,0.7338091622788351,0.7241612340891148,0.6876319998718352,0.33479350750616566,0.31998759533770205,0.3558198776189989,0.014805912168464608,0.02332305033272153,0.44929465302445726,6.74643541894471,0.16251536490619878,0.22711281723238885,0.14594983046963883,0.08844520854454285,0.3068908775636007,0.4360290273106368,0.13354168282477463,0.2199177353874715,0.09577284276947307,0.04916415127205109,0.2619371852064738,0.5107813555881506,0.028973682081424285,0.007195081844917683,0.050176987700165876,0.03928105727249209,0.04495369235712693,-0.07475232827751413,0.17519603666516992,0.24397763821705176,0.1567368881652913,0.09988134137886095,0.3267282976782147,0.4573142448096252,-0.7060621054660757,-1.9235401839665802,-1.821377279288257,-0.10172370119232454,-0.8499272124641603,-1.2548816753409628,4.662274652654078,4.899152147033988,3.197690223714801,2011,2
2011-03,3.125,114.64,223.046,0.9437791018792449,1.1178748820118924,0.0,2.4755795169238,3.5818365849047584,131.3989587499141,3.128546636902717,1.2758756814098906,4.878238181741443,1.1394342831883648,0.13530711795181638,4.002558939890144,1.208740704445519,3.6115137280009937,1.72502786546149,-3.394690453697906,8.903757169110108,1.0340347636201304,1.1850534870980174,1.0453604890157662,0.9066455781873378,0.884740079850405,0.9080362971532353,4.640309975664049,4.783296570277647,4.663841098576288,4.512719128617042,4.477288425025909,4.5295903015459364,0.13139440623944937,0.13942653510373892,0.11918900872284599,0.1315960678536643,0.14512127310786405,0.11611561389066716,0.8841730802600872,1.0434518774908341,0.8973117652763521,0.7485818874480459,0.7217346374118577,0.745739630679116,0.3678393842566553,0.3486478801955064,0.39369465250924884,0.019191504061149223,1.208740704445518,1.7250278654614906,8.903757169110106,0.20357341473313584,0.33479350750616566,0.2004445506762197,0.1784166377334404,0.12002086824556923,0.48569447337792354,0.17867892350238268,0.31998759533770205,0.1912547584126001,0.12918702958281258,0.07469150850311834,0.5043771759115128,0.024894491230753032,0.014805912168464608,0.009189792263619712,0.049229608150627935,0.045329359742451,-0.018682702533589557,0.2178524593718596,0.3558198776189989,0.21472009865592345,0.18953769141158083,0.1311740456270135,0.5082987746640818,0.02332305033272203,-1.0202930031567012,-1.9787393596784606,0.4492946530244567,-0.1420975451665491,-1.4145226173424743,6.74643541894471,5.524149832486438,4.202294647830227,2011,3
2011-04,3.267,123.26,224.093,0.8795243833954723,0.5570970453362472,0.0,0.318316355743112,3.727099863672672,140.6190172011918,3.3480718381236145,1.3156304147914035,4.9460542277065676,1.183872132618933,0.10724580536820416,4.882083323285617,2.422860771693602,4.168610773337241,2.412922599926441,-3.076374097954794,8.60072336290757,1.0955731141572225,1.2758756814098906,1.1076034943841835,0.9646288240689417,0.8637402731078889,0.969880907934315,4.701229817851449,4.878238181741443,4.71456116961544,4.569444671302081,4.486329631698531,4.6025980164426885,0.13201291458914138,0.13530711795181638,0.1307119430521123,0.13285377105022866,0.11508025969272584,0.1049525097749947,0.9493151462168071,1.1394342831883648,0.9627925655255749,0.8100409320314448,0.7026023393307005,0.8078142555380712,0.3457495068570885,0.34345621126387904,0.3760578770808618,0.0022932955932094545,2.4228607716936015,2.4129225999264414,8.60072336290757,0.23514387248700497,0.3678393842566553,0.22711281723238885,0.13472314478096192,0.15162136571319063,0.47190596961992276,0.2152557319378321,0.3486478801955064,0.2199177353874715,0.11595357952423946,0.1461384437146096,0.5030870834963315,0.019888140549173247,0.019191504061149223,0.007195081844917683,0.018769565256722354,0.005482921998580581,-0.03118111387640915,0.2518786195548042,0.39369465250924884,0.24397763821705176,0.14632256216231165,0.16494006161115016,0.49373370923175935,1.208740704445519,-0.7060621054660757,-2.021930865008398,1.72502786546149,-0.10172370119232454,-0.9629893269028558,8.903757169110108,4.662274652654078,4.891704840924777,2011,4
2011-05,3.085,114.99,224.806,-0.7190299971121304,-0.8918654753833392,0.0,0.235748880187511,3.508305915248407,130.76826489284093,3.1135301164962126,1.2551332757387017,4.873426786441924,1.126551657357351,0.11937610758014605,4.163053326173486,3.0943404550652622,3.2767452979539016,2.740597856631712,-2.840625217767283,9.84843558203114,1.1540733792776328,1.3156304147914035,1.1850534870980174,0.9949167089665355,0.8934867993287848,0.8867477936499341,4.7639980772521975,4.9460542277065676,4.783296570277647,4.5979972155957975,4.50400240453982,4.492661788602601,0.12774492030880397,0.10724580536820416,0.13942653510373892,0.13458911165410603,0.1271540130723332,0.13175562333070123,1.0116203463147218,1.183872132618933,1.0434518774908341,0.8428594537882721,0.7338091622788351,0.7241612340891148,0.36838548208876765,0.38076499783932327,0.40239042326823626,-0.012379515750555181,3.094340455065262,2.7405978566317124,9.84843558203114,0.270314932833026,0.3457495068570885,0.33479350750616566,0.14594983046963883,0.08844520854454285,0.3068908775636007,0.2531728372277726,0.34345621126387904,0.31998759533770205,0.09577284276947307,0.04916415127205109,0.2619371852064738,0.017142095605254426,0.0022932955932094545,0.014805912168464608,0.050176987700165876,0.03928105727249209,0.04495369235712693,0.290167838707896,0.3760578770808618,0.3558198776189989,0.1567368881652913,0.09988134137886095,0.3267282976782147,2.422860771693602,0.02332305033272203,-1.9235401839665802,2.412922599926441,0.4492946530244567,-0.8499272124641603,8.60072336290757,6.74643541894471,4.899152147033988,2011,5
2011-06,3.046,113.83,224.806,-0.6115294344106486,-0.4577711447616493,1.514665157873623,-0.354158167774618,3.46395456007995,129.44909638013814,3.0821213423842417,1.2424108728543206,4.863287725718476,1.11382925447297,0.11679276541921291,3.5515238917628373,1.923873737308924,2.818974153192252,1.521549969352158,-3.194783385541901,7.839239711858281,1.1974428070729939,1.2551332757387017,1.2758756814098906,1.0453604890157662,0.9066455781873378,0.884740079850405,4.809903005726552,4.873426786441924,4.878238181741443,4.663841098576288,4.512719128617042,4.477288425025909,0.12520941962981064,0.11937610758014605,0.13530711795181638,0.11918900872284599,0.1315960678536643,0.14512127310786405,1.0589023802429016,1.126551657357351,1.1394342831883648,0.8973117652763521,0.7485818874480459,0.7217346374118577,0.3576707930039156,0.3859993006925668,0.39209461706111226,-0.02832850768865114,1.9238737373089234,1.5215499693521584,7.839239711858282,0.3073875414362143,0.36838548208876765,0.3678393842566553,0.2004445506762197,0.1784166377334404,0.12002086824556923,0.3006715297394136,0.38076499783932327,0.3486478801955064,0.1912547584126001,0.12918702958281258,0.07469150850311834,0.0067160116968009165,-0.012379515750555181,0.019191504061149223,0.009189792263619712,0.049229608150627935,0.045329359742451,0.3311100945583868,0.40239042326823626,0.39369465250924884,0.21472009865592345,0.18953769141158083,0.1311740456270135,3.0943404550652622,1.208740704445519,-1.0202930031567012,2.740597856631712,1.72502786546149,-0.1420975451665491,9.84843558203114,8.903757169110108,5.524149832486438,2011,6
2011-07,3.131,116.97,225.395,-0.19289629328356753,-0.16851730977732926,0.0,0.15941058534778,3.551313198680834,132.67234265400742,3.158865301285891,1.2673174502069557,4.887882499525303,1.1413524423442685,0.1171045689650212,3.35862759847927,1.5223546832489283,2.650456843414923,1.254434634363639,-3.0353728001941214,7.82686544239582,1.230284537712753,1.2424108728543206,1.3156304147914035,1.1076034943841835,0.9646288240689417,0.8637402731078889,4.8431441102502495,4.863287725718476,4.9460542277065676,4.71456116961544,4.569444671302081,4.486329631698531,0.12481004574587179,0.11679276541921291,0.10724580536820416,0.1307119430521123,0.13285377105022866,0.11508025969272584,1.094988628442338,1.11382925447297,1.183872132618933,0.9627925655255749,0.8100409320314448,0.7026023393307005,0.4035771770990668,0.4015528678267719,0.438750103013568,0.002024309272295355,1.522354683248928,1.2544346343636394,7.826865442395819,0.33359191515749687,0.3576707930039156,0.3457495068570885,0.22711281723238885,0.13472314478096192,0.15162136571319063,0.3331289534527411,0.3859993006925668,0.34345621126387904,0.2199177353874715,0.11595357952423946,0.1461384437146096,0.00046296170475577936,-0.02832850768865114,0.0022932955932094545,0.007195081844917683,0.018769565256722354,0.005482921998580581,0.36067251429258496,0.39209461706111226,0.3760578770808618,0.24397763821705176,0.14632256216231165,0.16494006161115016,1.923873737308924,2.422860771693602,-0.7060621054660757,1.521549969352158,2.412922599926441,-0.10172370119232454,7.839239711858281,8.60072336290757,4.662274652654078,2011,7
2011-08,3.008,110.22,226.106,-0.9627677310022973,-1.2955299178590418,0.0,-1.04030181735263,3.4010728183536343,124.6230871140085,2.9672163598573453,1.2240909166613694,4.825293879028865,1.1012754060875933,0.13646665591587248,2.3958598674769727,0.7023025044821878,1.3549269255558811,-0.14902275635768958,-4.075674617546751,6.173917367935347,1.2569035303498817,1.2673174502069557,1.2551332757387017,1.1850534870980174,0.9949167089665355,0.8934867993287848,4.872030998568561,4.887882499525303,4.873426786441924,4.783296570277647,4.5979972155957975,4.50400240453982,0.12254215006468994,0.1171045689650212,0.11937610758014605,0.13942653510373892,0.13458911165410603,0.1271540130723332,1.1247486079121203,1.1413524423442685,1.126551657357351,1.0434518774908341,0.8428594537882721,0.7338091622788351,0.33060411733258455,0.32129147448904494,0.36746624380875825,0.009312642843539276,0.7023025044821876,-0.14902275635768913,6.173917367935347,0.3630026418019433,0.4035771770990668,0.36838548208876765,0.33479350750616566,0.14594983046963883,0.08844520854454285,0.3634014755259596,0.4015528678267719,0.38076499783932327,0.31998759533770205,0.09577284276947307,0.04916415127205109,-0.00039883372401461337,0.002024309272295355,-0.012379515750555181,0.014805912168464608,0.050176987700165876,0.03928105727249209,0.39313459175867105,0.438750103013568,0.40239042326823626,0.3558198776189989,0.1567368881652913,0.09988134137886095,1.5223546832489283,3.0943404550652622,0.02332305033272203,1.254434634363639,2.740597856631712,0.4492946530244567,7.82686544239582,9.84843558203114,6.74643541894471,2011,8
2011-09,2.948,112.83,226.597,0.4568142914364937,0.28208223868872107,0.0,2.24633012493412,3.3260096809166346,127.2977178757883,3.030898044661626,1.201773291444983,4.846528578268248,1.0811269743270902,0.09291433146010375,2.8526741589134663,1.356302507156307,1.6370091642446023,0.4490852813938119,-1.829344492612631,8.004378100175122,1.2634097686104402,1.2240909166613694,1.2424108728543206,1.2758756814098906,1.0453604890157662,0.9066455781873378,4.879030550027096,4.825293879028865,4.863287725718476,4.878238181741443,4.663841098576288,4.512719128617042,0.1220488368667122,0.13646665591587248,0.11679276541921291,0.13530711795181638,0.11918900872284599,0.1315960678536643,1.1343858626782468,1.1012754060875933,1.11382925447297,1.1394342831883648,0.8973117652763521,0.7485818874480459,0.2951277132576452,0.3338094496512056,0.33254508687904427,-0.03868173639356054,1.3563025071563068,0.44908528139381243,8.004378100175122,0.3623044101063463,0.33060411733258455,0.3576707930039156,0.3678393842566553,0.2004445506762197,0.1784166377334404,0.36361878871784814,0.32129147448904494,0.3859993006925668,0.3486478801955064,0.1912547584126001,0.12918702958281258,-0.0013143786115021733,0.009312642843539276,-0.02832850768865114,0.019191504061149223,0.009189792263619712,0.049229608150627935,0.39507565279029755,0.36746624380875825,0.39209461706111226,0.39369465250924884,0.21472009865592345,0.18953769141158083,0.7023025044821878,1.923873737308924,1.208740704445519,-0.14902275635768958,1.521549969352158,1.72502786546149,6.173917367935347,7.839239711858281,8.903757169110108,2011,9
2011-10,2.966,109.55,226.75,-0.3031494901960102,-0.00542129054970359,0.0,0.588946328829609,3.344059811098861,123.51373981991915,2.940803329045694,1.2071855811566579,4.8163524034823935,1.0872142437157404,0.12850279595763303,2.549524668717456,0.23080901356974293,1.6315878736948988,-0.5093601888356144,-1.2403981637830221,7.326255717071532,1.2510593702829558,1.201773291444983,1.2673174502069557,1.3156304147914035,1.1076034943841835,0.9646288240689417,4.873745616114897,4.846528578268248,4.887882499525303,4.9460542277065676,4.71456116961544,4.569444671302081,0.11498337245142676,0.09291433146010375,0.1171045689650212,0.10724580536820416,0.1307119430521123,0.13285377105022866,1.1246679778680344,1.0811269743270902,1.1413524423442685,1.183872132618933,0.9627925655255749,0.8100409320314448,0.24255675708771618,0.24690773218031214,0.2771733116842956,-0.0043509750925956325,0.23080901356974248,-0.5093601888356138,7.326255717071531,0.3501857982731781,0.2951277132576452,0.4035771770990668,0.3457495068570885,0.22711281723238885,0.13472314478096192,0.3611457169604657,0.3338094496512056,0.4015528678267719,0.34345621126387904,0.2199177353874715,0.11595357952423946,-0.010959918687287129,-0.03868173639356054,0.002024309272295355,0.0022932955932094545,0.007195081844917683,0.018769565256722354,0.38488405851859686,0.33254508687904427,0.438750103013568,0.3760578770808618,0.24397763821705176,0.14632256216231165,1.356302507156307,1.5223546832489283,2.422860771693602,0.4490852813938119,1.254434634363639,2.412922599926441,8.004378100175122,7.82686544239582,8.60072336290757,2011,10
2011-11,3.046,110.77,227.169,0.7554024630028092,0.8869797077798951,0.0,-0.159913945306222,3.4279226867809136,124.65889560562108,2.9680689429909783,1.2319544470333923,4.825581172089263,1.11382925447297,0.14404289322749664,3.304927131720265,0.9143721695745858,2.5185675814747936,0.15881590825704728,-1.400312109089244,7.058239256579568,1.2329852313438314,1.2071855811566579,1.2240909166613694,1.2551332757387017,1.1850534870980174,0.9949167089665355,4.852128645410868,4.8163524034823935,4.825293879028865,4.873426786441924,4.783296570277647,4.5979972155957975,0.11852620421633157,0.12850279595763303,0.13646665591587248,0.11937610758014605,0.13942653510373892,0.13458911165410603,1.1085583297175023,1.0872142437157404,1.1012754060875933,1.126551657357351,1.0434518774908341,0.8428594537882721,0.2370377380668568,0.22758395649346586,0.2709698006846979,0.009453781573390607,0.9143721695745852,0.1588159082570475,7.058239256579567,0.3329870066449493,0.24255675708771618,0.33060411733258455,0.36838548208876765,0.33479350750616566,0.14594983046963883,0.3450543037798708,0.24690773218031214,0.32129147448904494,0.38076499783932327,0.31998759533770205,0.09577284276947307,-0.012067297134921315,-0.0043509750925956325,0.009312642843539276,-0.012379515750555181,0.014805912168464608,0.050176987700165876,0.36840329761916923,0.2771733116842956,0.36746624380875825,0.40239042326823626,0.3558198776189989,0.1567368881652913,0.23080901356974293,0.7023025044821878,3.0943404550652622,-0.5093601888356144,-0.14902275635768958,2.740597856631712,7.326255717071532,6.173917367935347,9.84843558203114,2011,11
2011-12,2.873,107.87,227.223,-0.5491008728518312,-0.01920520346770517,-4.931962031556011,-0.0817662801750314,3.232462699271934,121.36642929706353,2.8896768880253223,1.1732442923156066,4.798814310705792,1.0553567799971526,0.11209959989318308,2.755826258868434,0.22474432713152037,2.4993623780070884,0.23153718826689568,-1.4820783892642755,5.813476746761757,1.2291220932262799,1.2319544470333923,1.201773291444983,1.2424108728543206,1.2758756814098906,1.0453604890157662,4.844154376352091,4.825581172089263,4.846528578268248,4.863287725718476,4.878238181741443,4.663841098576288,0.12263733515755666,0.14404289322749664,0.09291433146010375,0.11679276541921291,0.13530711795181638,0.11918900872284599,1.1064379292367719,1.11382925447297,1.0811269743270902,1.11382925447297,1.1394342831883648,0.8973117652763521,0.1278838032998404,0.13497321212950375,0.15804501472080046,-0.007089408829662913,0.22474432713151993,0.23153718826689573,5.813476746761755,0.3110957159746307,0.2370377380668568,0.2951277132576452,0.3576707930039156,0.3678393842566553,0.2004445506762197,0.31952413022222803,0.22758395649346586,0.3338094496512056,0.3859993006925668,0.3486478801955064,0.1912547584126001,-0.008428414247597008,0.009453781573390607,-0.03868173639356054,-0.02832850768865114,0.019191504061149223,0.009189792263619712,0.3464998605219126,0.2709698006846979,0.33254508687904427,0.39209461706111226,0.39369465250924884,0.21472009865592345,0.9143721695745858,1.356302507156307,1.923873737308924,0.15881590825704728,0.4490852813938119,1.521549969352158,7.058239256579568,8.004378100175122,7.839239711858281,2011,12
2012-01,3.087,110.69,227.842,0.1270987322599438,0.2741268641506684,0.0,0.371052390039536,3.46380177820595,124.20091312912749,2.957164598312559,1.2423667656812145,4.8219005215587245,1.1271997455200222,0.1581358624058582,2.882924991128378,0.1232265875083774,2.7734892421577566,0.4749616922047165,-1.1110259992247395,6.460200356944287,1.2175943298031608,1.1732442923156066,1.2071855811566579,1.2673174502069557,1.3156304147914035,1.1076034943841835,4.833408807183311,4.798814310705792,4.8163524034823935,4.887882499525303,4.9460542277065676,4.71456116961544,0.12185514090321836,0.11209959989318308,0.12850279595763303,0.1171045689650212,0.10724580536820416,0.1307119430521123,1.0966925168241357,1.0553567799971526,1.0872142437157404,1.1413524423442685,1.183872132618933,0.9627925655255749,0.13476327129703103,0.10733935194328481,0.16440717999444732,0.027423919353745885,0.12322658750837734,0.4749616922047166,6.460200356944286,0.2727978843572849,0.1278838032998404,0.24255675708771618,0.4035771770990668,0.3457495068570885,0.22711281723238885,0.277686448795051,0.13497321212950375,0.24690773218031214,0.4015528678267719,0.34345621126387904,0.2199177353874715,-0.004888564437765641,-0.007089408829662913,-0.0043509750925956325,0.002024309272295355,0.0022932955932094545,0.007195081844917683,0.30749159346519395,0.15804501472080046,0.2771733116842956,0.438750103013568,0.3760578770808618,0.24397763821705176,0.22474432713152037,0.23080901356974293,1.5223546832489283,0.23153718826689568,-0.5093601888356144,1.254434634363639,5.813476746761757,7.326255717071532,7.82686544239582,2012,1
2012-02,3.207,119.33,228.329,8.012670347358269e-05,0.06476163108337324,0.0,-0.0177179580483113,3.5907739916961927,133.6099346520445,3.181188920286774,1.278367775835342,4.894924619505889,1.1653359207110179,0.12111277461282177,2.8830051178318516,-0.1757747201790475,2.83825087324113,0.34461202725202833,-1.1287439572730509,4.741526013348656,1.213435882382204,1.2423667656812145,1.2319544470333923,1.2240909166613694,1.2551332757387017,1.1850534870980174,4.822411810855548,4.8219005215587245,4.825581172089263,4.825293879028865,4.873426786441924,4.783296570277647,0.12869368981002452,0.1581358624058582,0.14404289322749664,0.13646665591587248,0.11937610758014605,0.13942653510373892,1.094333734020095,1.1271997455200222,1.11382925447297,1.1012754060875933,1.126551657357351,1.0434518774908341,0.09331428873732461,0.11162804922824154,0.12188404322018376,-0.018313760490917153,-0.1757747201790476,0.3446120272520288,4.741526013348655,0.22799556672361232,0.13476327129703103,0.2370377380668568,0.33060411733258455,0.36838548208876765,0.33479350750616566,0.22865086281446967,0.10733935194328481,0.22758395649346586,0.32129147448904494,0.38076499783932327,0.31998759533770205,-0.0006552960908572381,0.027423919353745885,0.009453781573390607,0.009312642843539276,-0.012379515750555181,0.014805912168464608,0.2617677729620075,0.16440717999444732,0.2709698006846979,0.36746624380875825,0.40239042326823626,0.3558198776189989,0.1232265875083774,0.9143721695745858,0.7023025044821878,0.4749616922047165,0.15881590825704728,-0.14902275635768958,6.460200356944287,7.058239256579568,6.173917367935347,2012,2
2012-03,3.256,125.45,228.807,0.7805830707352545,0.8914437513675632,0.0,0.404350961852554,3.6380216135578602,140.16886100148454,3.3373538333686796,1.2914400211332193,4.942847845805357,1.1804994481402937,0.08626179361123065,3.663588188567106,-0.3389707513230379,3.729694624608693,0.11818089660769904,-0.7243929954204968,2.6702974582774104,1.2224820255778661,1.278367775835342,1.1732442923156066,1.201773291444983,1.2424108728543206,1.2758756814098906,4.834016934268385,4.894924619505889,4.798814310705792,4.846528578268248,4.863287725718476,4.878238181741443,0.12613470959284942,0.12111277461282177,0.11209959989318308,0.09291433146010375,0.11679276541921291,0.13530711795181638,1.1050104864573322,1.1653359207110179,1.0553567799971526,1.0811269743270902,1.11382925447297,1.1394342831883648,0.015564339723328713,0.064609664063914,0.04106516495192891,-0.04904532434058573,-0.3389707513230378,0.11818089660769937,2.6702974582774095,0.18844726195773576,0.09331428873732461,0.1278838032998404,0.2951277132576452,0.3576707930039156,0.3678393842566553,0.19370695860433607,0.11162804922824154,0.13497321212950375,0.3338094496512056,0.3859993006925668,0.3486478801955064,-0.005259696646599948,-0.018313760490917153,-0.007089408829662913,-0.03868173639356054,-0.02832850768865114,0.019191504061149223,0.220837406197245,0.12188404322018376,0.15804501472080046,0.33254508687904427,0.39209461706111226,0.39369465250924884,-0.1757747201790475,0.22474432713152037,1.356302507156307,0.34461202725202833,0.23153718826689568,0.4490852813938119,4.741526013348656,5.813476746761757,8.004378100175122,2012,3
2012-04,3.226,119.75,229.187,-0.08341272796694794,0.19758999950125705,0.0,-1.53762463754679,3.598525369385407,133.57824333040995,3.1804343650097606,1.2805241419298683,4.894687398517876,1.171242979703017,0.12350636169536089,3.580175460600158,-1.301907862685458,3.92728462410995,-0.24132614922729106,-2.2620176329672868,0.8143564649875081,1.2374264805259054,1.2914400211332193,1.2423667656812145,1.2071855811566579,1.2673174502069557,1.3156304147914035,4.85007014552457,4.942847845805357,4.8219005215587245,4.8163524034823935,4.887882499525303,4.9460542277065676,0.1250259532847039,0.08626179361123065,0.1581358624058582,0.12850279595763303,0.1171045689650212,0.10724580536820416,1.1215725654261994,1.1804994481402937,1.1271997455200222,1.0872142437157404,1.1413524423442685,1.183872132618933,-0.035106272861535226,-0.05136682918869173,-0.012629152915915931,0.016260556327156728,-1.3019078626854586,-0.24132614922729045,0.8143564649875072,0.14185336636868295,0.015564339723328713,0.13476327129703103,0.24255675708771618,0.4035771770990668,0.3457495068570885,0.1488403276731205,0.064609664063914,0.10733935194328481,0.24690773218031214,0.4015528678267719,0.34345621126387904,-0.006986961304437489,-0.04904532434058573,0.027423919353745885,-0.0043509750925956325,0.002024309272295355,0.0022932955932094545,0.1722574192093923,0.04106516495192891,0.16440717999444732,0.2771733116842956,0.438750103013568,0.3760578770808618,-0.3389707513230379,0.1232265875083774,0.23080901356974293,0.11818089660769904,0.4749616922047165,-0.5093601888356144,2.6702974582774104,6.460200356944287,7.326255717071532,2012,4
2012-05,2.974,110.34,228.713,-0.5129332134143693,-0.3861988255663201,0.0,-0.410691577227079,3.3243006861583444,123.33669727999721,2.9365880304761243,1.201259332035097,4.814917991841418,1.0899078480379634,0.1240109584770468,3.067242247185789,-1.0958110789876971,3.54108579854363,0.264340500589728,-2.6727092101943657,0.1679160075729182,1.2496495739881073,1.2805241419298683,1.278367775835342,1.2319544470333923,1.2240909166613694,1.2551332757387017,4.863125978030483,4.894687398517876,4.894924619505889,4.825581172089263,4.825293879028865,4.873426786441924,0.12419321424099188,0.12350636169536089,0.12111277461282177,0.14404289322749664,0.13646665591587248,0.11937610758014605,1.1355773547574122,1.171242979703017,1.1653359207110179,1.11382925447297,1.1012754060875933,1.126551657357351,-0.053873943703604654,-0.058508794600506064,-0.03664380931938771,0.004634850896900744,-1.0958110789876971,0.2643405005897286,0.16791600757291736,0.09557619471047452,-0.035106272861535226,0.09331428873732461,0.2370377380668568,0.33060411733258455,0.36838548208876765,0.09912790077828593,-0.05136682918869173,0.11162804922824154,0.22758395649346586,0.32129147448904494,0.38076499783932327,-0.003551706067812091,0.016260556327156728,-0.018313760490917153,0.009453781573390607,0.009312642843539276,-0.012379515750555181,0.12395700844269042,-0.012629152915915931,0.12188404322018376,0.2709698006846979,0.36746624380875825,0.40239042326823626,-1.301907862685458,-0.1757747201790475,0.9143721695745858,-0.24132614922729106,0.34461202725202833,0.15881590825704728,0.8143564649875081,4.741526013348656,7.058239256579568,2012,5
2012-06,2.678,95.16,228.524,-0.6446242863754988,-0.4383990049450325,1.468783700939338,-0.924143524796976,2.995911231059612,106.45665151143864,2.5346821788437772,1.0972484360636885,4.667737874229465,0.9850702472689807,0.16718018011759206,2.4226179608102902,-1.1289059309525473,3.102686793598598,0.2837126404063447,-3.5968527349913417,-0.40206934944943984,1.2445337214883914,1.201259332035097,1.2914400211332193,1.1732442923156066,1.201773291444983,1.2424108728543206,4.861348781322509,4.814917991841418,4.942847845805357,4.798814310705792,4.846528578268248,4.863287725718476,0.12085455844925024,0.1240109584770468,0.08626179361123065,0.11209959989318308,0.09291433146010375,0.11679276541921291,1.131590453684911,1.0899078480379634,1.1804994481402937,1.0553567799971526,1.0811269743270902,1.11382925447297,-0.14516243679063212,-0.1955498514890115,-0.12875900720398925,0.05038741469837915,-1.128905930952547,0.2837126404063457,-0.4020693494494405,0.04709091441539748,-0.053873943703604654,0.015564339723328713,0.1278838032998404,0.2951277132576452,0.3576707930039156,0.05144577559595742,-0.058508794600506064,0.064609664063914,0.13497321212950375,0.3338094496512056,0.3859993006925668,-0.0043548611805604015,0.004634850896900744,-0.04904532434058573,-0.007089408829662913,-0.03868173639356054,-0.02832850768865114,0.07268807344200945,-0.03664380931938771,0.04106516495192891,0.15804501472080046,0.33254508687904427,0.39209461706111226,-1.0958110789876971,-0.3389707513230379,0.22474432713152037,0.264340500589728,0.11818089660769904,0.23153718826689568,0.1679160075729182,2.6702974582774104,5.813476746761757,2012,6
2012-07,2.892,102.62,228.59,0.7214690808417459,1.1773744269841309,0.0,0.0102832168707735,3.2343815171267334,114.7690979555828,2.732597570371019,1.1738377248607248,4.7429222660780255,1.0619483042965183,0.1685850770660675,3.1440870416520363,-0.21454055682723394,4.280061220582729,1.6296043771678048,-3.586569518120568,-0.5511967179264463,1.231867745446405,1.0972484360636885,1.2805241419298683,1.2423667656812145,1.2071855811566579,1.2673174502069557,4.839502708576455,4.667737874229465,4.894687398517876,4.8219005215587245,4.8163524034823935,4.887882499525303,0.13003465515331838,0.16718018011759206,0.12350636169536089,0.1581358624058582,0.12850279595763303,0.1171045689650212,1.1198760315635492,0.9850702472689807,1.171242979703017,1.1271997455200222,1.0872142437157404,1.1413524423442685,-0.09347972534623095,-0.1449602334472777,-0.07940413804775015,0.05148050810104632,-0.2145405568272336,1.629604377167806,-0.5511967179264468,0.00158320773365217,-0.14516243679063212,-0.035106272861535226,0.13476327129703103,0.24255675708771618,0.4035771770990668,-0.0036414016737946753,-0.1955498514890115,-0.05136682918869173,0.10733935194328481,0.24690773218031214,0.4015528678267719,0.005224609407446595,0.05038741469837915,0.016260556327156728,0.027423919353745885,-0.0043509750925956325,0.002024309272295355,0.024887403121211182,-0.12875900720398925,-0.012629152915915931,0.16440717999444732,0.2771733116842956,0.438750103013568,-1.1289059309525473,-1.301907862685458,0.1232265875083774,0.2837126404063447,-0.24132614922729106,0.4749616922047165,-0.40206934944943984,0.8143564649875081,6.460200356944287,2012,7
2012-08,3.156,113.36,229.918,0.8523868427524094,0.6663037629967689,0.0,0.214761173750283,3.509249180142486,126.04831655923707,3.0011503942675493,1.2554021058047113,4.836665298203508,1.1493054029836278,0.1564064258845712,3.9964738844044456,1.6006140169274727,4.946364983579498,3.5914380580236154,-3.3718083443702853,0.7038662731764667,1.22044623864299,1.1738377248607248,1.201259332035097,1.278367775835342,1.2319544470333923,1.2240909166613694,4.826339665996339,4.7429222660780255,4.814917991841418,4.894924619505889,4.825581172089263,4.825293879028865,0.13177619093001994,0.1685850770660675,0.1240109584770468,0.12111277461282177,0.14404289322749664,0.13646665591587248,1.1090007913596318,1.0619483042965183,1.0899078480379634,1.1653359207110179,1.11382925447297,1.1012754060875933,0.031311189143341966,0.011371419174643016,0.04802999689603449,0.01993976996869873,1.600614016927473,3.5914380580236167,0.7038662731764656,-0.036457291706891715,-0.09347972534623095,-0.053873943703604654,0.09331428873732461,0.2370377380668568,0.33060411733258455,-0.04569133257222191,-0.1449602334472777,-0.058508794600506064,0.11162804922824154,0.22758395649346586,0.32129147448904494,0.009234040865330001,0.05148050810104632,0.004634850896900744,-0.018313760490917153,0.009453781573390607,0.009312642843539276,-0.01574781655248847,-0.07940413804775015,-0.03664380931938771,0.12188404322018376,0.2709698006846979,0.36746624380875825,-0.21454055682723394,-1.0958110789876971,-0.1757747201790475,1.6296043771678048,0.264340500589728,0.34461202725202833,-0.5511967179264463,0.1679160075729182,4.741526013348656,2012,8
2012-09,3.191,112.86,231.015,0.29902063649162236,0.1836557091858105,0.0,1.17073494416364,3.531317851293928,124.89643769885075,2.973724707115494,1.2616711302537316,4.827484895498619,1.1603343472961065,0.17185585303848083,4.295494520896068,1.4428203619826014,5.130020692765308,3.493011528520705,-2.201073400206645,-0.3717289075940131,1.2166186269712183,1.2554021058047113,1.0972484360636885,1.2914400211332193,1.1732442923156066,1.201773291444983,4.816629779112608,4.836665298203508,4.667737874229465,4.942847845805357,4.798814310705792,4.846528578268248,0.1376584661419782,0.1564064258845712,0.16718018011759206,0.08626179361123065,0.11209959989318308,0.09291433146010375,1.106329038405067,1.1493054029836278,0.9850702472689807,1.1804994481402937,1.0553567799971526,1.0811269743270902,0.05989783880874855,-0.019043682769628312,0.07920737296901637,0.07894152157837708,1.4428203619826019,3.493011528520706,-0.3717289075940142,-0.046791141639221934,0.031311189143341966,-0.14516243679063212,0.015564339723328713,0.1278838032998404,0.2951277132576452,-0.062400770914488035,0.011371419174643016,-0.1955498514890115,0.064609664063914,0.13497321212950375,0.3338094496512056,0.01560962927526599,0.01993976996869873,0.05038741469837915,-0.04904532434058573,-0.007089408829662913,-0.03868173639356054,-0.028056824273179792,0.04802999689603449,-0.12875900720398925,0.04106516495192891,0.15804501472080046,0.33254508687904427,1.6006140169274727,-1.1289059309525473,-0.3389707513230379,3.5914380580236154,0.2837126404063447,0.11818089660769904,0.7038662731764667,-0.40206934944943984,2.6702974582774104,2012,9
2012-10,3.111,111.71,231.638,-0.18921601620196357,-0.6512477534624236,0.0,-0.853548816474472,3.4335263935537355,123.29129971838242,2.9355071361519625,1.2335878361187256,4.814549845785982,1.1349442179155,0.15670760861611144,4.106278504694105,1.556753835976648,4.478772939302885,2.847185065607985,-3.054622216681117,-1.8142240528980942,1.2116571451579703,1.2616711302537316,1.1738377248607248,1.2805241419298683,1.2423667656812145,1.2071855811566579,4.797402620728152,4.827484895498619,4.7429222660780255,4.894687398517876,4.8219005215587245,4.8163524034823935,0.15192414271318655,0.17185585303848083,0.1685850770660675,0.12350636169536089,0.1581358624058582,0.12850279595763303,1.102968188264369,1.1603343472961065,1.0619483042965183,1.171242979703017,1.1271997455200222,1.0872142437157404,0.026402254962067717,-0.0018025576964113554,0.04772997419975966,0.028204812658478406,1.5567538359766488,2.847185065607986,-1.814224052898095,-0.03940222512498548,0.05989783880874855,-0.09347972534623095,-0.035106272861535226,0.13476327129703103,0.24255675708771618,-0.07634299538674494,-0.019043682769628312,-0.1449602334472777,-0.05136682918869173,0.10733935194328481,0.24690773218031214,0.03694077026175979,0.07894152157837708,0.05148050810104632,0.016260556327156728,0.027423919353745885,-0.0043509750925956325,-0.021699789603665476,0.07920737296901637,-0.07940413804775015,-0.012629152915915931,0.16440717999444732,0.2771733116842956,1.4428203619826014,-0.21454055682723394,-1.301907862685458,3.493011528520705,1.6296043771678048,-0.24132614922729106,-0.3717289075940131,-0.5511967179264463,0.8143564649875081,2012,10
2012-11,2.96,109.06,231.249,-0.3500022774525775,-0.1245503763321057,0.0,-0.227710760428945,3.2723672174438234,120.56904349135927,2.87069151169903,1.1855136427132722,4.792222563875219,1.085189268335969,0.13096069712142167,3.7562762272415275,0.45134909552126123,4.3542225629707785,1.8356549814959842,-3.2823329771100624,-1.8820208680208173,1.20383442752278,1.2335878361187256,1.2554021058047113,1.201259332035097,1.278367775835342,1.2319544470333923,4.784046361939503,4.814549845785982,4.836665298203508,4.814917991841418,4.894924619505889,4.825581172089263,0.15745768386664497,0.15670760861611144,0.1564064258845712,0.1240109584770468,0.12111277461282177,0.14404289322749664,1.0969183946331162,1.1349442179155,1.1493054029836278,1.0899078480379634,1.1653359207110179,1.11382925447297,-0.0464408043201201,-0.03335860821404424,-0.028639986137001028,-0.013082196106074973,0.45134909552126246,1.8356549814959848,-1.8820208680208184,-0.029150803821051507,0.026402254962067717,0.031311189143341966,-0.053873943703604654,0.09331428873732461,0.2370377380668568,-0.06808228347136502,-0.0018025576964113554,0.011371419174643016,-0.058508794600506064,0.11162804922824154,0.22758395649346586,0.03893147965031339,0.028204812658478406,0.01993976996869873,0.004634850896900744,-0.018313760490917153,0.009453781573390607,-0.0116399350843861,0.04772997419975966,0.04802999689603449,-0.03664380931938771,0.12188404322018376,0.2709698006846979,1.556753835976648,1.6006140169274727,-1.0958110789876971,2.847185065607985,3.5914380580236154,0.264340500589728,-1.8142240528980942,0.7038662731764667,0.1679160075729182,2012,11
2012-12,2.94,109.49,231.221,-0.17942172239305554,-0.1915483419337616,0.9728761499032439,0.253688715538335,3.2506502220819042,121.05907918902983,2.8823590283102343,1.1788550446635397,4.796278684198283,1.0784095813505903,0.12024597874862475,3.576854504848472,0.821028245980037,4.162674221037017,1.6633118430299279,-3.0286442615717273,-1.5465658723074507,1.2012101459691424,1.1855136427132722,1.2616711302537316,1.0972484360636885,1.2914400211332193,1.1732442923156066,4.780263790611803,4.792222563875219,4.827484895498619,4.667737874229465,4.942847845805357,4.798814310705792,0.15861597364070745,0.13096069712142167,0.17185585303848083,0.16718018011759206,0.08626179361123065,0.11209959989318308,1.0961319646827838,1.085189268335969,1.1603343472961065,0.9850702472689807,1.1804994481402937,1.0553567799971526,0.005610752347933179,-0.002535626507508937,0.02305280135343768,0.008146378855441672,0.8210282459800378,1.6633118430299287,-1.5465658723074518,-0.027911947257137415,-0.0464408043201201,0.05989783880874855,-0.14516243679063212,0.015564339723328713,0.1278838032998404,-0.06389058574028805,-0.03335860821404424,-0.019043682769628312,-0.1955498514890115,0.064609664063914,0.13497321212950375,0.03597863848315079,-0.013082196106074973,0.07894152157837708,0.05038741469837915,-0.04904532434058573,-0.007089408829662913,-0.010305964553988023,-0.028639986137001028,0.07920737296901637,-0.12875900720398925,0.04106516495192891,0.15804501472080046,0.45134909552126123,1.4428203619826014,-1.1289059309525473,1.8356549814959842,3.493011528520705,0.2837126404063447,-1.8820208680208173,-0.3717289075940131,-0.40206934944943984,2012,12
2013-01,3.091,112.96,231.679,0.4105482650029319,0.5033393776148345,0.0,1.63092678437981,3.410849214142557,124.64882796167687,2.967829237182783,1.2269612966964492,4.825500407291401,1.1284946631499793,0.13913050768841573,3.987402769851404,1.1044777787230249,4.666013598651851,1.892524356494094,-1.3977174771919172,-0.28669147796717653,1.2148112474024508,1.1788550446635397,1.2335878361187256,1.1738377248607248,1.2805241419298683,1.2423667656812145,4.80168725893994,4.796278684198283,4.814549845785982,4.7429222660780255,4.894687398517876,4.8219005215587245,0.15079360674587958,0.12024597874862475,0.15670760861611144,0.1685850770660675,0.12350636169536089,0.1581358624058582,1.111688520363052,1.0784095813505903,1.1349442179155,1.0619483042965183,1.171242979703017,1.1271997455200222,-0.015405468984765358,0.0035998857326768885,0.0012949176299570375,-0.01900535471744247,1.1044777787230258,1.8925243564940946,-0.28669147796717764,-0.002783082400710013,0.005610752347933179,0.026402254962067717,-0.09347972534623095,-0.035106272861535226,0.13476327129703103,-0.03172154824337081,-0.002535626507508937,-0.0018025576964113554,-0.1449602334472777,-0.05136682918869173,0.10733935194328481,0.028938465842661215,0.008146378855441672,0.028204812658478406,0.05148050810104632,0.016260556327156728,0.027423919353745885,0.01499600353891628,0.02305280135343768,0.04772997419975966,-0.07940413804775015,-0.012629152915915931,0.16440717999444732,0.821028245980037,1.556753835976648,-0.21454055682723394,1.6633118430299279,2.847185065607985,1.6296043771678048,-1.5465658723074507,-1.8142240528980942,-0.5511967179264463,2013,1
2013-02,3.218,116.05,232.937,0.17520765218469297,0.007855354624526651,0.0,0.48745997883242,3.5318133794402207,127.3669803244368,3.0325471505818284,1.2618114442677058,4.847072528417961,1.1687600485701914,0.15240853413311362,4.162610422036097,1.2796053042042443,4.6738689532763775,1.8356180800352473,-0.9102574983594972,0.21848645891355473,1.2236651760417383,1.2269612966964492,1.1855136427132722,1.2554021058047113,1.201259332035097,1.278367775835342,4.815450282475502,4.825500407291401,4.792222563875219,4.836665298203508,4.814917991841418,4.894924619505889,0.14588451184960427,0.13913050768841573,0.13096069712142167,0.1564064258845712,0.1240109584770468,0.12111277461282177,1.1227795801719622,1.1284946631499793,1.085189268335969,1.1493054029836278,1.0899078480379634,1.1653359207110179,-0.01655633156763625,-0.047852091087928095,0.0034241278591735647,0.031295759520291844,1.279605304204245,1.8356180800352475,0.21848645891355367,0.010229293659534289,-0.015405468984765358,-0.0464408043201201,0.031311189143341966,-0.053873943703604654,0.09331428873732461,-0.006961528380045934,0.0035998857326768885,-0.03335860821404424,0.011371419174643016,-0.058508794600506064,0.11162804922824154,0.01719082203957975,-0.01900535471744247,-0.013082196106074973,0.01993976996869873,0.004634850896900744,-0.018313760490917153,0.028445846151867293,0.0012949176299570375,-0.028639986137001028,0.04802999689603449,-0.03664380931938771,0.12188404322018376,1.1044777787230249,0.45134909552126123,1.6006140169274727,1.892524356494094,1.8356549814959842,3.5914380580236154,-0.28669147796717653,-1.8820208680208173,0.7038662731764667,2013,2
2013-03,2.969,108.47,232.282,-0.3691847963263141,-0.10348720378686266,0.0,-0.376187273600791,3.267719926282134,119.3834895263803,2.8424640363423883,1.1840924714530892,4.782340912723592,1.0882251957816227,0.1394211770128646,3.7934256257097827,0.12983743714267576,4.570381749489515,0.8406871248808214,-1.2864447719602883,-0.5620517765397903,1.224733399118904,1.2618114442677058,1.1788550446635397,1.2616711302537316,1.0972484360636885,1.2914400211332193,4.817184820844577,4.847072528417961,4.796278684198283,4.827484895498619,4.667737874229465,4.942847845805357,0.14521819655769466,0.15240853413311362,0.12024597874862475,0.17185585303848083,0.16718018011759206,0.08626179361123065,1.126022021103056,1.1687600485701914,1.0784095813505903,1.1603343472961065,0.9850702472689807,1.1804994481402937,-0.10734754968013016,-0.16050693308176456,-0.09227425235867104,0.05315938340163395,0.12983743714267648,0.8406871248808221,-0.5620517765397914,0.002251373541037882,-0.01655633156763625,0.005610752347933179,0.05989783880874855,-0.14516243679063212,0.015564339723328713,-0.01683211342380808,-0.047852091087928095,-0.002535626507508937,-0.019043682769628312,-0.1955498514890115,0.064609664063914,0.019083486964845242,0.031295759520291844,0.008146378855441672,0.07894152157837708,0.05038741469837915,-0.04904532434058573,0.021011534645723806,0.0034241278591735647,0.02305280135343768,0.07920737296901637,-0.12875900720398925,0.04106516495192891,1.2796053042042443,0.821028245980037,1.4428203619826014,1.8356180800352473,1.6633118430299279,3.493011528520705,0.21848645891355473,-1.5465658723074507,-0.3717289075940131,2013,3
2013-04,2.808,102.25,231.797,-0.18911122802048727,-0.32200989913623845,0.0,-1.01878849369944,3.096987683188307,112.77314480270813,2.6850748762549554,1.1304299239693723,4.725378232728719,1.0324724861635646,0.14272130952402184,3.6043143976892953,0.02413893708913642,4.248371850353276,0.32108722624332586,-2.3052332656597283,-0.04321563269244044,1.2118036226521305,1.1840924714530892,1.2269612966964492,1.2335878361187256,1.1738377248607248,1.2805241419298683,4.809660823715406,4.782340912723592,4.825500407291401,4.814549845785982,4.7429222660780255,4.894687398517876,0.13981241722009197,0.1394211770128646,0.13913050768841573,0.15670760861611144,0.1685850770660675,0.12350636169536089,1.1140038291839753,1.0882251957816227,1.1284946631499793,1.1349442179155,1.0619483042965183,1.171242979703017,-0.15009421796049605,-0.16930916578915678,-0.13877049353945248,0.019214947828660955,0.02413893708913717,0.3210872262433262,-0.04321563269244155,-0.02562285787377494,-0.10734754968013016,-0.015405468984765358,0.026402254962067717,-0.09347972534623095,-0.035106272861535226,-0.04040932180916368,-0.16050693308176456,0.0035998857326768885,-0.0018025576964113554,-0.1449602334472777,-0.05136682918869173,0.014786463935388072,0.05315938340163395,-0.01900535471744247,0.028204812658478406,0.05148050810104632,0.016260556327156728,-0.0075687362422240945,-0.09227425235867104,0.0012949176299570375,0.04772997419975966,-0.07940413804775015,-0.012629152915915931,0.12983743714267576,1.1044777787230249,1.556753835976648,0.8406871248808214,1.892524356494094,2.847185065607985,-0.5620517765397903,-0.28669147796717653,-1.8142240528980942,2013,4
2013-05,2.725,102.56,231.893,0.01058743668138949,0.20626430638163806,-1.3797761858154536,0.300253429283594,3.004201461809254,113.06822088923197,2.6921004973626657,1.100011796170226,4.727991361227379,1.0024684281152074,0.10969005322621583,3.6149018343706847,0.5476595871848952,4.454636156734915,0.913550358191284,-2.004979836376134,0.6677293738182326,1.1946106372939047,1.1304299239693723,1.2618114442677058,1.1855136427132722,1.2554021058047113,1.201259332035097,4.794798888205863,4.725378232728719,4.847072528417961,4.792222563875219,4.836665298203508,4.814917991841418,0.13748136737141037,0.14272130952402184,0.15240853413311362,0.13096069712142167,0.1564064258845712,0.1240109584770468,1.0969252072253195,1.0324724861635646,1.1687600485701914,1.085189268335969,1.1493054029836278,1.0899078480379634,-0.10124753586487101,-0.08692663061403927,-0.08743941992275595,-0.014320905250830962,0.5476595871848957,0.9135503581912845,0.6677293738182315,-0.05503893669420257,-0.15009421796049605,-0.01655633156763625,-0.0464408043201201,0.031311189143341966,-0.053873943703604654,-0.06832708982462066,-0.16930916578915678,-0.047852091087928095,-0.03335860821404424,0.011371419174643016,-0.058508794600506064,0.013288153130418492,0.019214947828660955,0.031295759520291844,-0.013082196106074973,0.01993976996869873,0.004634850896900744,-0.03865214753209267,-0.13877049353945248,0.0034241278591735647,-0.028639986137001028,0.04802999689603449,-0.03664380931938771,0.02413893708913642,1.2796053042042443,0.45134909552126123,0.32108722624332586,1.8356180800352473,1.8356549814959842,-0.04321563269244044,0.21848645891355473,-1.8820208680208173,2013,5
2013-06,2.769,102.92,232.445,0.04878960729303035,0.1478293285254523,0.0,-0.713688239687174,3.045460230377079,113.19565435551063,2.6951346275121577,1.113652032721889,4.729117775946608,1.018486244188825,0.12220387505864982,3.663691441663715,1.2410734808534243,4.602465485260367,1.499778691661769,-2.718668076063308,0.8781846589280347,1.1803603295367304,1.100011796170226,1.1840924714530892,1.1788550446635397,1.2616711302537316,1.0972484360636885,4.784093687764556,4.727991361227379,4.782340912723592,4.796278684198283,4.827484895498619,4.667737874229465,0.13393626005554274,0.10969005322621583,0.1394211770128646,0.12024597874862475,0.17185585303848083,0.16718018011759206,1.0831384005218592,1.0024684281152074,1.0882251957816227,1.0784095813505903,1.1603343472961065,0.9850702472689807,0.01640359665820057,0.06137990171714325,0.033415996919844204,-0.044976305058942234,1.2410734808534247,1.4997786916617688,0.8781846589280335,-0.06417339195166094,-0.10124753586487101,-0.10734754968013016,0.005610752347933179,0.05989783880874855,-0.14516243679063212,-0.07725509355795346,-0.08692663061403927,-0.16050693308176456,-0.002535626507508937,-0.019043682769628312,-0.1955498514890115,0.013081701606292503,-0.014320905250830962,0.05315938340163395,0.008146378855441672,0.07894152157837708,0.05038741469837915,-0.0484520531630519,-0.08743941992275595,-0.09227425235867104,0.02305280135343768,0.07920737296901637,-0.12875900720398925,0.5476595871848952,0.12983743714267576,0.821028245980037,0.913550358191284,0.8406871248808214,1.6633118430299279,0.6677293738182326,-0.5620517765397903,-1.5465658723074507,2013,6
2013-07,2.894,107.93,232.9,0.8477066348654231,1.027717607842845,0.0,0.301319195746262,3.176722096035495,118.47395156361817,2.8208083705623372,1.1558498777551605,4.774693118383123,1.0626396282092923,0.11882637765540549,4.511398076529138,1.3673110348771016,5.630183093103211,1.350121872520483,-2.4173488803170464,1.169220637803523,1.1694931608797887,1.113652032721889,1.1304299239693723,1.2269612966964492,1.2335878361187256,1.1738377248607248,4.7729002030559435,4.729117775946608,4.725378232728719,4.825500407291401,4.814549845785982,4.7429222660780255,0.13426257610721357,0.12220387505864982,0.14272130952402184,0.13913050768841573,0.15670760861611144,0.1685850770660675,1.073151177661565,1.018486244188825,1.0324724861635646,1.1284946631499793,1.1349442179155,1.0619483042965183,-0.017987847105564336,0.03177085230509746,0.0006913239127739335,-0.04975869941066202,1.367311034877102,1.3501218725204822,1.1692206378035217,-0.062374584566616376,0.01640359665820057,-0.15009421796049605,-0.015405468984765358,0.026402254962067717,-0.09347972534623095,-0.06660250552051128,0.06137990171714325,-0.16930916578915678,0.0035998857326768885,-0.0018025576964113554,-0.1449602334472777,0.004227920953895181,-0.044976305058942234,0.019214947828660955,-0.01900535471744247,0.028204812658478406,0.05148050810104632,-0.04672485390198422,0.033415996919844204,-0.13877049353945248,0.0012949176299570375,0.04772997419975966,-0.07940413804775015,1.2410734808534243,0.02413893708913642,1.1044777787230249,1.499778691661769,0.32108722624332586,1.892524356494094,0.8781846589280347,-0.04321563269244044,-0.28669147796717653,2013,7
2013-08,3.003,111.28,233.456,-0.0655397185360415,-0.02519915669723249,0.0,1.17825213124697,3.2885199255962587,121.86030546798257,2.9014358444757753,1.1904375929156903,4.802875351529685,1.0996117890011932,0.12523185966937422,4.445858357993097,0.4493844735886507,5.604983936405978,0.6586189528264818,-1.2390967490700764,2.1327115953002105,1.1576412577229072,1.1558498777551605,1.100011796170226,1.2618114442677058,1.1855136427132722,1.2554021058047113,4.76443232157123,4.774693118383123,4.727991361227379,4.847072528417961,4.792222563875219,4.836665298203508,0.1308785544350452,0.11882637765540549,0.10969005322621583,0.15240853413311362,0.13096069712142167,0.1564064258845712,1.0621753385047839,1.0626396282092923,1.0024684281152074,1.1687600485701914,1.085189268335969,1.1493054029836278,-0.06496451288902105,-0.0337899466738234,-0.04969361398243466,-0.031174566215196986,0.4493844735886512,0.6586189528264805,2.1327115953002087,-0.0628049809200828,-0.017987847105564336,-0.10124753586487101,-0.01655633156763625,-0.0464408043201201,0.031311189143341966,-0.06190734442510859,0.03177085230509746,-0.08692663061403927,-0.047852091087928095,-0.03335860821404424,0.011371419174643016,-0.0008976364949747351,-0.04975869941066202,-0.014320905250830962,0.031295759520291844,-0.013082196106074973,0.01993976996869873,-0.04682545285484796,0.0006913239127739335,-0.08743941992275595,0.0034241278591735647,-0.028639986137001028,0.04802999689603449,1.3673110348771016,0.5476595871848952,1.2796053042042443,1.350121872520483,0.913550358191284,1.8356180800352473,1.169220637803523,0.6677293738182326,0.21848645891355473,2013,8
2013-09,2.934,111.6,233.544,-0.07791138745099233,0.2823611014277312,0.0,1.05301366249082,3.2117488760147985,122.16468117356901,2.908682885084976,1.166815609969156,4.805369980195576,1.07636667972079,0.09911524805694794,4.367946970542104,0.07245244964603602,5.887345037833709,0.7573243450684024,-0.18608308657925643,2.01499031362739,1.1457456158309047,1.1904375929156903,1.113652032721889,1.1840924714530892,1.1788550446635397,1.2616711302537316,4.757066125423184,4.802875351529685,4.729117775946608,4.782340912723592,4.796278684198283,4.827484895498619,0.12634910869108865,0.12523185966937422,0.12220387505864982,0.1394211770128646,0.12024597874862475,0.17185585303848083,1.0506506285766175,1.0996117890011932,1.018486244188825,1.0882251957816227,1.0784095813505903,1.1603343472961065,-0.09485552028457556,-0.022114915303043325,-0.08396766757531648,-0.0727406049815329,0.07245244964603614,0.7573243450684011,2.014990313627389,-0.07087301114031352,-0.06496451288902105,0.01640359665820057,-0.10734754968013016,0.005610752347933179,0.05989783880874855,-0.05956365368942418,-0.0337899466738234,0.06137990171714325,-0.16050693308176456,-0.002535626507508937,-0.019043682769628312,-0.01130935745088954,-0.031174566215196986,-0.044976305058942234,0.05315938340163395,0.008146378855441672,0.07894152157837708,-0.055678409828449515,-0.04969361398243466,0.033415996919844204,-0.09227425235867104,0.02305280135343768,0.07920737296901637,0.4493844735886507,1.2410734808534243,0.12983743714267576,0.6586189528264818,1.499778691661769,0.8406871248808214,2.1327115953002105,0.8781846589280347,-0.5620517765397903,2013,9
2013-10,2.885,109.08,233.669,0.05277797376489676,-0.037434634394472734,0.0,-0.348027316011269,3.156420847081413,119.34224818011803,2.84148209952662,1.1494387423449384,4.781995400362264,1.0595248999600628,0.10511296026604344,4.420724944307001,0.3144464396128963,5.849910403439236,1.3711374641363534,-0.5341104025905254,2.520511814090593,1.1428661389169157,1.166815609969156,1.1558498777551605,1.1304299239693723,1.2269612966964492,1.2335878361187256,4.760904303335182,4.805369980195576,4.774693118383123,4.725378232728719,4.825500407291401,4.814549845785982,0.11963145386510253,0.09911524805694794,0.11882637765540549,0.14272130952402184,0.13913050768841573,0.15670760861611144,1.0486742092331454,1.07636667972079,1.0626396282092923,1.0324724861635646,1.1284946631499793,1.1349442179155,-0.08414909377378721,-0.03255444542371855,-0.07541931795543722,-0.051594648350067995,0.31444643961289653,1.3711374641363516,2.5205118140905918,-0.06879100624105461,-0.09485552028457556,-0.017987847105564336,-0.15009421796049605,-0.015405468984765358,0.026402254962067717,-0.03649831739297049,-0.022114915303043325,0.03177085230509746,-0.16930916578915678,0.0035998857326768885,-0.0018025576964113554,-0.03229268884808402,-0.0727406049815329,-0.04975869941066202,0.019214947828660955,-0.01900535471744247,0.028204812658478406,-0.05429397903122357,-0.08396766757531648,0.0006913239127739335,-0.13877049353945248,0.0012949176299570375,0.04772997419975966,0.07245244964603602,1.3673110348771016,0.02413893708913642,0.7573243450684024,1.350121872520483,0.32108722624332586,2.01499031362739,1.169220637803523,-0.04321563269244044,2013,10
2013-11,2.83,107.79,234.1,-0.10468454615870605,-0.28579503685210766,0.0,-0.753058032863306,3.0905459668232953,117.71376316744983,2.8027086468440436,1.1283477635944448,4.768255941732836,1.0402767116551463,0.09776144014497734,4.316040398148295,0.5597641709067678,5.564115366587129,1.2098928036163512,-1.2871684354538315,1.9951645416562318,1.1460342753128434,1.1494387423449384,1.1904375929156903,1.100011796170226,1.2618114442677058,1.1855136427132722,4.770340497940772,4.781995400362264,4.802875351529685,4.727991361227379,4.847072528417961,4.792222563875219,0.11336339565543946,0.10511296026604344,0.12523185966937422,0.10969005322621583,0.15240853413311362,0.13096069712142167,1.0531829448658951,1.0595248999600628,1.0996117890011932,1.0024684281152074,1.1687600485701914,1.085189268335969,-0.05716587911882742,-0.023966622142383542,-0.04491255668082261,-0.033199256976444325,0.5597641709067673,1.2098928036163503,1.995164541656231,-0.057800152209936506,-0.08414909377378721,-0.06496451288902105,-0.10124753586487101,-0.01655633156763625,-0.0464408043201201,-0.013705863998731083,-0.03255444542371855,-0.0337899466738234,-0.08692663061403927,-0.047852091087928095,-0.03335860821404424,-0.04409428821120551,-0.051594648350067995,-0.031174566215196986,-0.014320905250830962,0.031295759520291844,-0.013082196106074973,-0.0437354497672211,-0.07541931795543722,-0.04969361398243466,-0.08743941992275595,0.0034241278591735647,-0.028639986137001028,0.3144464396128963,0.4493844735886507,0.5476595871848952,1.3711374641363534,0.6586189528264818,0.913550358191284,2.520511814090593,2.1327115953002105,0.6677293738182326,2013,11
2013-12,2.955,110.76,234.719,0.36328453699698365,0.655590338770135,0.9849381860226113,0.283186941870006,3.2185438066368723,120.638210498511,2.872338345202643,1.1689290233039937,4.792796070748693,1.0834986508580615,0.11380257083866874,4.679324935145279,1.102470430296807,6.2197057053572635,2.0570314843202477,-1.0039814935838256,2.0246627679879032,1.150756936550213,1.1283477635944448,1.166815609969156,1.113652032721889,1.1840924714530892,1.1788550446635397,4.7770512613583485,4.768255941732836,4.805369980195576,4.729117775946608,4.782340912723592,4.796278684198283,0.11137529347523305,0.09776144014497734,0.09911524805694794,0.12220387505864982,0.1394211770128646,0.12024597874862475,1.0594843254558848,1.0402767116551463,1.07636667972079,1.018486244188825,1.0882251957816227,1.0784095813505903,-0.009926021359546011,-0.0034826134495897776,0.005089069507471233,-0.0064434079099560115,1.102470430296807,2.0570314843202464,2.024662767987902,-0.05045320941892939,-0.05716587911882742,-0.09485552028457556,0.01640359665820057,-0.10734754968013016,0.005610752347933179,-0.003212529253454832,-0.023966622142383542,-0.022114915303043325,0.06137990171714325,-0.16050693308176456,-0.002535626507508937,-0.047240680165474405,-0.033199256976444325,-0.0727406049815329,-0.044976305058942234,0.05315938340163395,0.008146378855441672,-0.036647639226899065,-0.04491255668082261,-0.08396766757531648,0.033415996919844204,-0.09227425235867104,0.02305280135343768,0.5597641709067678,0.07245244964603602,1.2410734808534243,1.2098928036163512,0.7573243450684024,1.499778691661769,1.9951645416562318,2.01499031362739,0.8781846589280347,2013,12
2014-01,2.921,108.12,235.288,0.11175652125531285,-0.19538624966688184,0.0,-0.270760469193502,3.1738176019034827,117.47797299479787,2.7970945951142347,1.1549351541339616,4.766250852136604,1.0719260234056038,0.12635392028072534,4.791081456400591,0.8036786865491878,6.024319455690382,1.3583058570385316,-1.2747419627773275,0.12297551441459109,1.1599697683138972,1.1689290233039937,1.1494387423449384,1.1558498777551605,1.1304299239693723,1.2269612966964492,4.787664310492029,4.792796070748693,4.781995400362264,4.774693118383123,4.725378232728719,4.825500407291401,0.1099750761052362,0.11380257083866874,0.10511296026604344,0.11882637765540549,0.14272130952402184,0.13913050768841573,1.0703197265674242,1.0834986508580615,1.0595248999600628,1.0626396282092923,1.0324724861635646,1.1284946631499793,-0.07202614256248752,-0.05924955515479713,-0.056568639744375426,-0.012776587407690387,0.8036786865491874,1.3583058570385305,0.12297551441458965,-0.054841479088553635,-0.009926021359546011,-0.08414909377378721,-0.017987847105564336,-0.15009421796049605,-0.015405468984765358,-0.014022948447911077,-0.0034826134495897776,-0.03255444542371855,0.03177085230509746,-0.16930916578915678,0.0035998857326768885,-0.04081853064064338,-0.0064434079099560115,-0.051594648350067995,-0.04975869941066202,0.019214947828660955,-0.01900535471744247,-0.041368793795627745,0.005089069507471233,-0.07541931795543722,0.0006913239127739335,-0.13877049353945248,0.0012949176299570375,1.102470430296807,0.3144464396128963,1.3673110348771016,2.0570314843202477,1.3711374641363534,1.350121872520483,2.0246627679879032,2.520511814090593,1.169220637803523,2014,1
2014-02,2.965,108.9,235.547,0.0658124982430273,0.09060305819137203,0.0,0.0613928247254064,3.2180834805084904,118.19537640046362,2.814175628582467,1.168785989970345,4.772338987459571,1.0868770324496888,0.13411662079414222,4.856893954643619,0.6942835326075223,6.114922513881754,1.441053560605377,-1.2133491380519212,-0.3030916396924225,1.1598173143770307,1.1549351541339616,1.1283477635944448,1.1904375929156903,1.100011796170226,1.2618114442677058,4.78625726611761,4.766250852136604,4.768255941732836,4.802875351529685,4.727991361227379,4.847072528417961,0.1112296665427895,0.12635392028072534,0.09776144014497734,0.12523185966937422,0.10969005322621583,0.15240853413311362,1.071867459100143,1.0719260234056038,1.0402767116551463,1.0996117890011932,1.0024684281152074,1.1687600485701914,-0.09302545429736075,-0.07473354095838936,-0.08188301612050264,-0.0182919133389714,0.6942835326075221,1.4410535606053765,-0.30309163969242403,-0.06384786166470757,-0.07202614256248752,-0.05716587911882742,-0.06496451288902105,-0.10124753586487101,-0.01655633156763625,-0.029193016357892176,-0.05924955515479713,-0.023966622142383542,-0.0337899466738234,-0.08692663061403927,-0.047852091087928095,-0.03465484530681477,-0.012776587407690387,-0.033199256976444325,-0.031174566215196986,-0.014320905250830962,0.031295759520291844,-0.050912121071819305,-0.056568639744375426,-0.04491255668082261,-0.04969361398243466,-0.08743941992275595,0.0034241278591735647,0.8036786865491878,0.5597641709067678,0.4493844735886507,1.3583058570385316,1.2098928036163512,0.6586189528264818,0.12297551441459109,1.9951645416562318,2.1327115953002105,2014,2
2014-03,2.89,107.48,236.028,-0.18572774641432063,-0.33427832846828226,0.0,0.14388867328378,3.1302894818976283,116.41644066240731,2.7718200157716026,1.1411254865047484,4.757173768127698,1.0612565021243408,0.12162133666041841,4.671166208229298,0.8777405825195158,5.780644185413472,1.2102624359239573,-1.0694604647681412,0.2169843071921485,1.15620871388614,1.168785989970345,1.1689290233039937,1.166815609969156,1.113652032721889,1.1840924714530892,4.781167872105924,4.772338987459571,4.792796070748693,4.805369980195576,4.729117775946608,4.782340912723592,0.11271046006358416,0.13411662079414222,0.11380257083866874,0.09911524805694794,0.12220387505864982,0.1394211770128646,1.0697449996748922,1.0868770324496888,1.0834986508580615,1.07636667972079,1.018486244188825,1.0882251957816227,-0.042966984948340725,-0.025167144595894086,-0.02696869365728194,-0.017799840352446195,0.8777405825195155,1.2102624359239567,0.21698430719214712,-0.0685246852327639,-0.09302545429736075,-0.009926021359546011,-0.09485552028457556,0.01640359665820057,-0.10734754968013016,-0.03601694873865302,-0.07473354095838936,-0.0034826134495897776,-0.022114915303043325,0.06137990171714325,-0.16050693308176456,-0.0325077364941105,-0.0182919133389714,-0.0064434079099560115,-0.0727406049815329,-0.044976305058942234,0.05315938340163395,-0.05627702142816382,-0.08188301612050264,0.005089069507471233,-0.08396766757531648,0.033415996919844204,-0.09227425235867104,0.6942835326075223,1.102470430296807,0.07245244964603602,1.441053560605377,2.0570314843202477,0.7573243450684024,-0.3030916396924225,2.0246627679879032,2.01499031362739,2014,3
2014-04,2.888,107.76,236.468,0.07183043795220682,-0.19359153161604903,0.0,0.00169641950507815,3.12230263996256,116.50253894818752,2.773869974956846,1.1385707552434243,4.757913066314954,1.0605642210305797,0.11832730721183915,4.742996646181505,1.13868224849221,5.587052653797423,1.3386808034441469,-1.067764045263063,1.2374692203966666,1.151927026642072,1.1411254865047484,1.1549351541339616,1.1494387423449384,1.1558498777551605,1.1304299239693723,4.773135170094611,4.757173768127698,4.766250852136604,4.781995400362264,4.774693118383123,4.725378232728719,0.11646147483082925,0.12162133666041841,0.12635392028072534,0.10511296026604344,0.11882637765540549,0.14272130952402184,1.0672266367421506,1.0612565021243408,1.0719260234056038,1.0595248999600628,1.0626396282092923,1.0324724861635646,0.008140831274052074,0.03253483358623477,0.028091734867015106,-0.024394002312182694,1.1386822484922101,1.3386808034441469,1.2374692203966653,-0.05987659601005846,-0.042966984948340725,-0.07202614256248752,-0.08414909377378721,-0.017987847105564336,-0.15009421796049605,-0.03652565362079496,-0.025167144595894086,-0.05924955515479713,-0.03255444542371855,0.03177085230509746,-0.16930916578915678,-0.02335094238926272,-0.017799840352446195,-0.012776587407690387,-0.051594648350067995,-0.04975869941066202,0.019214947828660955,-0.046777192441824766,-0.02696869365728194,-0.056568639744375426,-0.07541931795543722,0.0006913239127739335,-0.13877049353945248,0.8777405825195158,0.8036786865491878,0.3144464396128963,1.2102624359239573,1.3583058570385316,1.3711374641363534,0.2169843071921485,0.12297551441459109,2.520511814090593,2014,4
2014-05,2.868,109.54,236.918,-0.05055189922051608,-0.09639479056772177,0.0,-0.183401746514376,3.0947906406435983,118.20201073085767,2.8143335888299443,1.1297202594684776,4.772395116086679,1.053614922737374,0.09499476166516696,4.692444746960989,1.0775429125903042,5.490657863229702,1.0360217064947868,-1.251165791777439,0.7538140445986966,1.1501156954584866,1.1385707552434243,1.168785989970345,1.1283477635944448,1.1904375929156903,1.100011796170226,4.769121447753393,4.757913066314954,4.772338987459571,4.768255941732836,4.802875351529685,4.727991361227379,0.11866386598846186,0.11832730721183915,0.13411662079414222,0.09776144014497734,0.12523185966937422,0.10969005322621583,1.0673998569205703,1.0605642210305797,1.0868770324496888,1.0402767116551463,1.0996117890011932,1.0024684281152074,0.02970846329825161,0.04440375485930037,0.05114649462216647,-0.014695291561048873,1.0775429125903044,1.036021706494787,0.7538140445986952,-0.044494941835418134,0.008140831274052074,-0.09302545429736075,-0.05716587911882742,-0.06496451288902105,-0.10124753586487101,-0.02567744045247,0.03253483358623477,-0.07473354095838936,-0.023966622142383542,-0.0337899466738234,-0.08692663061403927,-0.018817501382948507,-0.024394002312182694,-0.0182919133389714,-0.033199256976444325,-0.031174566215196986,-0.014320905250830962,-0.02952535030474923,0.028091734867015106,-0.08188301612050264,-0.04491255668082261,-0.04969361398243466,-0.08743941992275595,1.13868224849221,0.6942835326075223,0.5597641709067678,1.3386808034441469,1.441053560605377,1.2098928036163512,1.2374692203966666,-0.3030916396924225,1.9951645416562318,2014,5
2014-06,2.883,111.8,237.231,0.24587265719763812,0.44588162620888366,0.40759958396949203,0.0106358664465448,3.106872195244298,120.48155096368801,2.868608356278286,1.1336164951085725,4.7914966371733065,1.058831418656265,0.07978947621863464,4.938317404158627,1.2746259624949121,5.9365394894385854,1.3340740041782184,-1.2405299253308941,1.4781381507324154,1.1503444447708253,1.1297202594684776,1.1411254865047484,1.1689290233039937,1.166815609969156,1.113652032721889,4.7698113101457,4.772395116086679,4.757173768127698,4.792796070748693,4.805369980195576,4.729117775946608,0.11820275290849347,0.09499476166516696,0.12162133666041841,0.11380257083866874,0.09911524805694794,0.12220387505864982,1.0696228921009414,1.053614922737374,1.0612565021243408,1.0834986508580615,1.07636667972079,1.018486244188825,0.01996446238668348,0.06237886122669867,0.040345174467440126,-0.04241439884001519,1.2746259624949121,1.3340740041782189,1.478138150732414,-0.03001588476590511,0.02970846329825161,-0.042966984948340725,-0.009926021359546011,-0.09485552028457556,0.01640359665820057,-0.014282377618855868,0.04440375485930037,-0.025167144595894086,-0.0034826134495897776,-0.022114915303043325,0.06137990171714325,-0.01573350714704927,-0.014695291561048873,-0.017799840352446195,-0.0064434079099560115,-0.0727406049815329,-0.044976305058942234,-0.013515508420917755,0.05114649462216647,-0.02696869365728194,0.005089069507471233,-0.08396766757531648,0.033415996919844204,1.0775429125903042,0.8777405825195158,1.102470430296807,1.0360217064947868,1.2102624359239573,2.0570314843202477,0.7538140445986966,0.2169843071921485,2.0246627679879032,2014,6
2014-07,2.817,106.77,237.498,-0.32084470141054083,-0.5486767705591714,0.0,-0.231790921277999,3.032334281762373,114.93160499246311,2.736466785534836,1.109332712943792,4.744337212239768,1.0356724888942357,0.10266511898739283,4.617472702748087,0.10607462621894814,5.387862718879414,-0.24232037422379804,-1.472320846608893,0.9450280337081546,1.1444590234049217,1.1336164951085725,1.1385707552434243,1.1549351541339616,1.1494387423449384,1.1558498777551605,4.769594737883136,4.7914966371733065,4.757913066314954,4.766250852136604,4.781995400362264,4.774693118383123,0.11253390380515445,0.07978947621863464,0.11832730721183915,0.12635392028072534,0.10511296026604344,0.11882637765540549,1.0655116867339753,1.058831418656265,1.0605642210305797,1.0719260234056038,1.0595248999600628,1.0626396282092923,-0.04651716481136847,-0.03035590614335515,-0.026967139315056565,-0.016161258668012657,0.10607462621894825,-0.24232037422379715,0.9450280337081534,-0.025034137474867046,0.01996446238668348,0.008140831274052074,-0.07202614256248752,-0.08414909377378721,-0.017987847105564336,-0.003305465172807942,0.06237886122669867,0.03253483358623477,-0.05924955515479713,-0.03255444542371855,0.03177085230509746,-0.021728672302059118,-0.04241439884001519,-0.024394002312182694,-0.012776587407690387,-0.051594648350067995,-0.04975869941066202,-0.007639490927589643,0.040345174467440126,0.028091734867015106,-0.056568639744375426,-0.07541931795543722,0.0006913239127739335,1.2746259624949121,1.13868224849221,0.8036786865491878,1.3340740041782184,1.3386808034441469,1.3583058570385316,1.4781381507324154,1.2374692203966666,0.12297551441459109,2014,7
2014-08,2.839,101.61,237.46,-0.10568017598957691,-0.09757437787294951,0.0,-0.0788600639316118,3.0565050285662148,109.39467275541143,2.6046350656050343,1.1172721156893515,4.694962193696307,1.0434518774908341,0.15997954027641248,4.5117925267585095,0.06593416876541275,5.290288341006464,-0.3146955953995151,-1.5511809105405048,-0.3120841614704275,1.1368586165398933,1.109332712943792,1.1297202594684776,1.168785989970345,1.1283477635944448,1.1904375929156903,4.765942464566996,4.744337212239768,4.772395116086679,4.772338987459571,4.768255941732836,4.802875351529685,0.1085857702562657,0.10266511898739283,0.09499476166516696,0.13411662079414222,0.09776144014497734,0.12523185966937422,1.0594694309820805,1.0356724888942357,1.053614922737374,1.0868770324496888,1.0402767116551463,1.0996117890011932,-0.07316547722633882,-0.1079131578333774,-0.05615991151035904,0.034747680607038256,0.06593416876541269,-0.3146955953995141,-0.3120841614704284,-0.020782641183013872,-0.04651716481136847,0.02970846329825161,-0.09302545429736075,-0.05716587911882742,-0.06496451288902105,0.0015101429957660173,-0.03035590614335515,0.04440375485930037,-0.07473354095838936,-0.023966622142383542,-0.0337899466738234,-0.0222927841787795,-0.016161258668012657,-0.014695291561048873,-0.0182919133389714,-0.033199256976444325,-0.031174566215196986,-0.002705907522703388,-0.026967139315056565,0.05114649462216647,-0.08188301612050264,-0.04491255668082261,-0.04969361398243466,0.10607462621894814,1.0775429125903042,0.6942835326075223,-0.24232037422379804,1.0360217064947868,1.441053560605377,0.9450280337081546,0.7538140445986966,-0.3030916396924225,2014,8
2014-09,2.729,97.09,237.477,-0.21023876168699698,0.048230039533680574,0.0,-0.856297961129908,2.9378672457402892,104.52089809048175,2.488592811678137,1.0776838914824316,4.649387033138284,1.0039352417262015,0.16596647662751618,4.301553765071512,-0.06639320547059194,5.338518380540145,-0.5488266572935656,-2.4074788716704125,-2.2213957850911554,1.1282729708263943,1.1172721156893515,1.1336164951085725,1.1411254865047484,1.1689290233039937,1.166815609969156,4.753046332273119,4.694962193696307,4.7914966371733065,4.757173768127698,4.792796070748693,4.805369980195576,0.11289625683664407,0.15997954027641248,0.07978947621863464,0.12162133666041841,0.11380257083866874,0.09911524805694794,1.0522319051556048,1.0434518774908341,1.058831418656265,1.0612565021243408,1.0834986508580615,1.07636667972079,-0.08913171848672441,-0.155982947057292,-0.07243143799458851,0.06685122857056824,-0.06639320547059224,-0.5488266572935645,-2.221395785091156,-0.0174726450045104,-0.07316547722633882,0.01996446238668348,-0.042966984948340725,-0.009926021359546011,-0.09485552028457556,-0.004019793150065176,-0.1079131578333774,0.06237886122669867,-0.025167144595894086,-0.0034826134495897776,-0.022114915303043325,-0.013452851854444572,0.034747680607038256,-0.04241439884001519,-0.017799840352446195,-0.0064434079099560115,-0.0727406049815329,0.0015812765789873229,-0.05615991151035904,0.040345174467440126,-0.02696869365728194,0.005089069507471233,-0.08396766757531648,0.06593416876541275,1.2746259624949121,0.8777405825195158,-0.3146955953995151,1.3340740041782184,1.2102624359239573,-0.3120841614704275,1.4781381507324154,0.2169843071921485,2014,9
2014-10,2.46,87.43,237.43,-0.5194776769364519,-0.5496017391093116,0.0,-1.39260277440438,2.6488032472728804,94.1401902069382,2.241433100165195,0.9741079331912837,4.544785056439812,0.9001613499442714,0.16699249503484004,3.78207608813506,-0.6386488561719406,4.788916641430833,-1.0609937620084047,-3.8000816460747924,-3.2659712434842665,1.1176993716560084,1.0776838914824316,1.109332712943792,1.1385707552434243,1.1549351541339616,1.1494387423449384,4.7350818764415505,4.649387033138284,4.744337212239768,4.757913066314954,4.766250852136604,4.781995400362264,0.12028711349782704,0.16596647662751618,0.10266511898739283,0.11832730721183915,0.12635392028072534,0.10511296026604344,1.042678361755915,1.0039352417262015,1.0356724888942357,1.0605642210305797,1.0719260234056038,1.0595248999600628,-0.17533080915365462,-0.23721034392245155,-0.1593635500157914,0.061879534768796596,-0.6386488561719412,-1.060993762008403,-3.265971243484267,-0.025166767260907275,-0.08913171848672441,-0.04651716481136847,0.008140831274052074,-0.07202614256248752,-0.08414909377378721,-0.025822426893631345,-0.155982947057292,-0.03035590614335515,0.03253483358623477,-0.05924955515479713,-0.03255444542371855,0.0006556596327245146,0.06685122857056824,-0.016161258668012657,-0.024394002312182694,-0.012776587407690387,-0.051594648350067995,-0.005995847477230365,-0.07243143799458851,-0.026967139315056565,0.028091734867015106,-0.056568639744375426,-0.07541931795543722,-0.06639320547059194,0.10607462621894814,1.13868224849221,-0.5488266572935656,-0.24232037422379804,1.3386808034441469,-2.2213957850911554,0.9450280337081546,1.2374692203966666,2014,10
2014-11,2.297,79.44,236.983,-0.9673378898577687,-0.8927309468378911,-9.806384814303241,-0.531814835490273,2.4779582666970486,85.69830418215653,2.04043581386087,0.9074349415385158,4.450833037568472,0.8316039237069612,0.19427152225341227,2.8147381982772917,-1.5013021998710032,3.8961856945929423,-1.667929671994188,-4.331896481565066,-3.044728046111233,1.090288901313985,0.9741079331912837,1.1172721156893515,1.1297202594684776,1.168785989970345,1.1283477635944448,4.699560541462359,4.544785056439812,4.694962193696307,4.772395116086679,4.772338987459571,4.768255941732836,0.12839797813499385,0.16699249503484004,0.15997954027641248,0.09499476166516696,0.13411662079414222,0.09776144014497734,1.015944549908197,0.9001613499442714,1.0434518774908341,1.053614922737374,1.0868770324496888,1.0402767116551463,-0.220912822055929,-0.3174229041643635,-0.2086727879481851,0.09651008210843492,-1.5013021998710032,-1.6679296719941865,-3.044728046111234,-0.05574537399885848,-0.17533080915365462,-0.07316547722633882,0.02970846329825161,-0.09302545429736075,-0.05716587911882742,-0.07077995647841284,-0.23721034392245155,-0.1079131578333774,0.04440375485930037,-0.07473354095838936,-0.023966622142383542,0.015034582479554387,0.061879534768796596,0.034747680607038256,-0.014695291561048873,-0.0182919133389714,-0.033199256976444325,-0.037238394957698207,-0.1593635500157914,-0.05615991151035904,0.05114649462216647,-0.08188301612050264,-0.04491255668082261,-0.6386488561719406,0.06593416876541275,1.0775429125903042,-1.0609937620084047,-0.3146955953995151,1.0360217064947868,-3.2659712434842665,-0.3120841614704275,0.7538140445986966,2014,11
2014-12,1.801,62.34,236.252,-1.3907095516959793,-1.3816337227620066,0.0,-3.58292876992224,1.9488948351054523,67.45924709632088,1.606172549912402,0.6672624606834977,4.21152366882887,0.588342066193819,0.19340841013799615,1.4240286465813123,-3.255296288563966,2.5145519718309357,-3.7051537335263296,-7.914825251487306,-6.91084375790348,1.053241348325658,0.9074349415385158,1.0776838914824316,1.1336164951085725,1.1411254865047484,1.1689290233039937,4.645966861709325,4.450833037568472,4.649387033138284,4.7914966371733065,4.757173768127698,4.792796070748693,0.14494410489970141,0.19427152225341227,0.16596647662751618,0.07978947621863464,0.12162133666041841,0.11380257083866874,0.9789427167364616,0.8316039237069612,1.0039352417262015,1.058831418656265,1.0612565021243408,1.0834986508580615,-0.501666562620496,-0.581272401919823,-0.4951565846642425,0.07960583929932741,-3.2552962885639665,-3.705153733526328,-6.91084375790348,-0.09751558822455508,-0.220912822055929,-0.08913171848672441,0.01996446238668348,-0.042966984948340725,-0.009926021359546011,-0.13108439964902363,-0.3174229041643635,-0.155982947057292,0.06237886122669867,-0.025167144595894086,-0.0034826134495897776,0.03356881142446837,0.09651008210843492,0.06685122857056824,-0.04241439884001519,-0.017799840352446195,-0.0064434079099560115,-0.08054160871942317,-0.2086727879481851,-0.07243143799458851,0.040345174467440126,-0.02696869365728194,0.005089069507471233,-1.5013021998710032,-0.06639320547059194,1.2746259624949121,-1.667929671994188,-0.5488266572935656,1.3340740041782184,-3.044728046111233,-2.2213957850911554,1.4781381507324154,2014,12
2015-01,1.496,47.76,234.747,-1.3737911517636416,-1.3206076550184427,0.0,-0.793637509469364,1.62922748604526,52.01330530315616,1.2384120310275275,0.48810596753445146,3.9514995570665126,0.4027948795522855,0.2742760287513073,0.0502374948176707,-4.740843961582921,1.193944316812493,-4.830375138877891,-8.708462760956671,-7.433720798179342,0.9755156759214788,0.6672624606834977,0.9741079331912837,1.109332712943792,1.1385707552434243,1.1549351541339616,4.549304700318586,4.21152366882887,4.544785056439812,4.744337212239768,4.757913066314954,4.766250852136604,0.16388059388626167,0.19340841013799615,0.16699249503484004,0.10266511898739283,0.11832730721183915,0.12635392028072534,0.9005278246593872,0.588342066193819,0.9001613499442714,1.0356724888942357,1.0605642210305797,1.0719260234056038,-0.6668291865995102,-0.8147512950700917,-0.6691311438533183,0.14792210847058196,-4.740843961582921,-4.830375138877889,-7.433720798179343,-0.1844540923924184,-0.501666562620496,-0.17533080915365462,-0.04651716481136847,0.008140831274052074,-0.07202614256248752,-0.23835961017344331,-0.581272401919823,-0.23721034392245155,-0.03035590614335515,0.03253483358623477,-0.05924955515479713,0.05390551778102547,0.07960583929932741,0.061879534768796596,-0.016161258668012657,-0.024394002312182694,-0.012776587407690387,-0.16979190190803706,-0.4951565846642425,-0.1593635500157914,-0.026967139315056565,0.028091734867015106,-0.056568639744375426,-3.255296288563966,-0.6386488561719406,0.10607462621894814,-3.7051537335263296,-1.0609937620084047,-0.24232037422379804,-6.91084375790348,-3.2659712434842665,0.9450280337081546,2015,1
2015-02,1.766,58.1,235.342,0.9838723296756184,1.3234751196514485,0.0,1.13626324284605,1.9184100677595444,63.11417040590573,1.5027183429977555,0.6514967532754364,4.144945314951534,0.5687171021817683,0.244221056607271,1.0341098244932891,-3.82278413015033,2.5174194364639417,-3.597503077417814,-7.5721995181106205,-6.358850380058698,0.871977885019922,0.48810596753445146,0.9074349415385158,1.1172721156893515,1.1297202594684776,1.168785989970345,4.417165091123043,3.9514995570665126,4.450833037568472,4.694962193696307,4.772395116086679,4.772338987459571,0.1924824121802474,0.2742760287513073,0.19427152225341227,0.15997954027641248,0.09499476166516696,0.13411662079414222,0.7950482231023955,0.4027948795522855,0.8316039237069612,1.0434518774908341,1.053614922737374,1.0868770324496888,-0.5172892366949086,-0.6273936725080373,-0.5181599302679205,0.11010443581312879,-3.8227841301503296,-3.5975030774178123,-6.3588503800586995,-0.2878394293571087,-0.6668291865995102,-0.220912822055929,-0.07316547722633882,0.02970846329825161,-0.09302545429736075,-0.3690921749945666,-0.8147512950700917,-0.3174229041643635,-0.1079131578333774,0.04440375485930037,-0.07473354095838936,0.0812527456374579,0.14792210847058196,0.09651008210843492,0.034747680607038256,-0.014695291561048873,-0.0182919133389714,-0.2768192359977474,-0.6691311438533183,-0.2086727879481851,-0.05615991151035904,0.05114649462216647,-0.08188301612050264,-4.740843961582921,-1.5013021998710032,0.06593416876541275,-4.830375138877891,-1.667929671994188,-0.3146955953995151,-7.433720798179342,-3.044728046111233,-0.3120841614704275,2015,2
2015-03,1.629,55.89,235.976,-0.22885549922338264,-0.09354330819288777,0.0,-3.27023068913895,1.7648322636624065,60.550322416262674,1.4416743432443493,0.5680556511169943,4.103474794778693,0.4879663296199081,0.20225047462166973,0.8052543252699065,-3.8659118829593915,2.423876128271054,-3.3567680571424194,-10.84243020724957,-9.772969742481429,0.7943486579509362,0.6514967532754364,0.6672624606834977,1.0776838914824316,1.1336164951085725,1.1411254865047484,4.325495611332247,4.144945314951534,4.21152366882887,4.649387033138284,4.7914966371733065,4.757173768127698,0.20652266490205715,0.244221056607271,0.19340841013799615,0.16596647662751618,0.07978947621863464,0.12162133666041841,0.7159257605508845,0.5687171021817683,0.588342066193819,1.0039352417262015,1.058831418656265,1.0612565021243408,-0.5730698353877541,-0.6536989733490053,-0.5732901725044326,0.08062913796125132,-3.8659118829593915,-3.3567680571424177,-9.772969742481429,-0.3618600559352039,-0.5172892366949086,-0.501666562620496,-0.08913171848672441,0.01996446238668348,-0.042966984948340725,-0.4556722607736772,-0.6273936725080373,-0.581272401919823,-0.155982947057292,0.06237886122669867,-0.025167144595894086,0.09381220483847298,0.11010443581312879,0.07960583929932741,0.06685122857056824,-0.04241439884001519,-0.017799840352446195,-0.3538192391240077,-0.5181599302679205,-0.4951565846642425,-0.07243143799458851,0.040345174467440126,-0.02696869365728194,-3.82278413015033,-3.255296288563966,-0.06639320547059194,-3.597503077417814,-3.7051537335263296,-0.5488266572935656,-6.358850380058698,-6.91084375790348,-2.2213957850911554,2015,3
2015-04,1.702,59.52,236.222,0.7550308512558291,0.9492725380051432,0.0,0.193286872247003,1.8419990383339966,64.4158535614803,1.5337107990828645,0.6108514157558869,4.165359776129541,0.5318040301511824,0.18316125790971421,1.5602851765257357,-3.1827114696557692,3.3731486662761974,-2.213903987521227,-10.649143335002568,-9.581379289739504,0.70941061789003,0.5680556511169943,0.48810596753445146,0.9741079331912837,1.109332712943792,1.1385707552434243,4.234510238272316,4.103474794778693,3.9514995570665126,4.544785056439812,4.744337212239768,4.757913066314954,0.21256999790108275,0.20225047462166973,0.2742760287513073,0.16699249503484004,0.10266511898739283,0.11832730721183915,0.6299309418665022,0.4879663296199081,0.4027948795522855,0.9001613499442714,1.0356724888942357,1.0605642210305797,-0.5277193394875375,-0.5925532901854131,-0.5287601908793973,0.06483395069787506,-3.1827114696557697,-2.213903987521226,-9.581379289739505,-0.442516408752042,-0.5730698353877541,-0.6668291865995102,-0.17533080915365462,-0.04651716481136847,0.008140831274052074,-0.5386249318222953,-0.6536989733490053,-0.8147512950700917,-0.23721034392245155,-0.03035590614335515,0.03253483358623477,0.0961085230702535,0.08062913796125132,0.14792210847058196,0.061879534768796596,-0.016161258668012657,-0.024394002312182694,-0.43729569487564834,-0.5732901725044326,-0.6691311438533183,-0.1593635500157914,-0.026967139315056565,0.028091734867015106,-3.8659118829593915,-4.740843961582921,-0.6386488561719406,-3.3567680571424194,-4.830375138877891,-1.0609937620084047,-9.772969742481429,-7.433720798179342,-3.2659712434842665,2015,4
2015-05,1.849,64.08,237.001,0.654823674052507,0.6061305875782834,0.0,0.102147475700658,1.9945132154857295,69.12298910131182,1.6457854547931385,0.6904000183056391,4.235887368660755,0.6146449524049877,0.19218226792825227,2.215108850578243,-2.4773358963827463,3.9792792538544806,-1.5113786093752222,-10.54699585930191,-9.29583006752447,0.6488678649841305,0.6108514157558869,0.6514967532754364,0.9074349415385158,1.1172721156893515,1.1297202594684776,4.171272691553937,4.165359776129541,4.144945314951534,4.450833037568472,4.694962193696307,4.772395116086679,0.2152647917135618,0.18316125790971421,0.244221056607271,0.19427152225341227,0.15997954027641248,0.09499476166516696,0.5685380552343208,0.5318040301511824,0.5687171021817683,0.8316039237069612,1.0434518774908341,1.053614922737374,-0.4393202411628385,-0.5365077474259241,-0.43896997033238616,0.09718750626308531,-2.4773358963827463,-1.511378609375221,-9.295830067524472,-0.5012478304743561,-0.5277193394875375,-0.5172892366949086,-0.220912822055929,-0.07316547722633882,0.02970846329825161,-0.5978487561994559,-0.5925532901854131,-0.6273936725080373,-0.3174229041643635,-0.1079131578333774,0.04440375485930037,0.09660092572509994,0.06483395069787506,0.11010443581312879,0.09651008210843492,0.034747680607038256,-0.014695291561048873,-0.4988618016862495,-0.5287601908793973,-0.5181599302679205,-0.2086727879481851,-0.05615991151035904,0.05114649462216647,-3.1827114696557692,-3.82278413015033,-1.5013021998710032,-2.213903987521227,-3.597503077417814,-1.667929671994188,-9.581379289739504,-6.358850380058698,-3.044728046111233,2015,5
2015-06,1.732,61.48,237.657,-0.2524585436251767,-0.5793998716631037,2.38268259864832,-1.27583208602694,1.863148463261479,66.13531612085204,1.5746503838298105,0.6222677788691793,4.191702887399331,0.5492768101402434,0.16823450975321652,1.962650306953066,-2.975667097205561,3.3998793821913766,-2.5366601072472097,-11.82282794532885,-10.582298019997953,0.612695377778651,0.6904000183056391,0.5680556511169943,0.6672624606834977,1.0776838914824316,1.1336164951085725,4.135448413402651,4.235887368660755,4.103474794778693,4.21152366882887,4.649387033138284,4.7914966371733065,0.21491658265936842,0.19218226792825227,0.20225047462166973,0.19340841013799615,0.16596647662751618,0.07978947621863464,0.5323782266839919,0.6146449524049877,0.4879663296199081,0.588342066193819,1.0039352417262015,1.058831418656265,-0.5113487162393933,-0.5997937497739754,-0.5095546085160216,0.08844503353458188,-2.975667097205561,-2.536660107247209,-10.582298019997957,-0.5376490669921743,-0.4393202411628385,-0.5730698353877541,-0.501666562620496,-0.08913171848672441,0.01996446238668348,-0.634362896743049,-0.5365077474259241,-0.6536989733490053,-0.581272401919823,-0.155982947057292,0.06237886122669867,0.09671382975087495,0.09718750626308531,0.08062913796125132,0.07960583929932741,0.06685122857056824,-0.04241439884001519,-0.5372446654169495,-0.43896997033238616,-0.5732901725044326,-0.4951565846642425,-0.07243143799458851,0.040345174467440126,-2.4773358963827463,-3.8659118829593915,-3.255296288563966,-1.5113786093752222,-3.3567680571424194,-3.7051537335263296,-9.29583006752447,-9.772969742481429,-6.91084375790348,2015,6
2015-07,1.549,56.56,238.034,-1.182491321990504,-1.3456535866078327,0.0,-1.79400291197268,1.6636524680647864,60.7464064517394,1.4463430107556998,0.5090154672596732,4.106707927413259,0.4376095614347315,0.13997715812978256,0.7801589849625621,-3.8373137177855243,2.0542257955835437,-3.3336369232958707,-13.61683085730153,-12.144510010692635,0.6051962641429314,0.6222677788691793,0.6108514157558869,0.48810596753445146,0.9741079331912837,1.109332712943792,4.132144949831061,4.191702887399331,4.165359776129541,3.9514995570665126,4.544785056439812,4.744337212239768,0.2107209325952385,0.16823450975321652,0.18316125790971421,0.2742760287513073,0.16699249503484004,0.10266511898739283,0.5258673506750625,0.5492768101402434,0.5318040301511824,0.4027948795522855,0.9001613499442714,1.0356724888942357,-0.6003172456841188,-0.6376292848265086,-0.5980629274595042,0.03731203914238973,-3.8373137177855243,-3.3336369232958702,-12.144510010692636,-0.5392627592619903,-0.5113487162393933,-0.5277193394875375,-0.6668291865995102,-0.17533080915365462,-0.04651716481136847,-0.6374497880520744,-0.5997937497739754,-0.5925532901854131,-0.8147512950700917,-0.23721034392245155,-0.03035590614335515,0.09818702879008405,0.08844503353458188,0.06483395069787506,0.14792210847058196,0.061879534768796596,-0.016161258668012657,-0.5396443360589128,-0.5095546085160216,-0.5287601908793973,-0.6691311438533183,-0.1593635500157914,-0.026967139315056565,-2.975667097205561,-3.1827114696557692,-4.740843961582921,-2.5366601072472097,-2.213903987521227,-4.830375138877891,-10.582298019997953,-9.581379289739504,-7.433720798179342,2015,7
2015-08,1.389,46.52,238.033,-0.4831993682401768,-0.6772888421680532,0.0,-0.991617420526448,1.491816001352754,49.963484796925925,1.1896067808791888,0.39999417068649096,3.9112924345647477,0.3285840637722067,0.2263713544051113,0.2969596167223853,-4.214832910036124,1.3769369534154905,-3.913351387590975,-14.608448277827977,-13.057267367287471,0.6086811807638016,0.5090154672596732,0.6904000183056391,0.6514967532754364,0.9074349415385158,1.1172721156893515,4.158013011555519,4.106707927413259,4.235887368660755,4.144945314951534,4.450833037568472,4.694962193696307,0.18833778749165106,0.13997715812978256,0.19218226792825227,0.244221056607271,0.19427152225341227,0.15997954027641248,0.5316697976554702,0.4376095614347315,0.6146449524049877,0.5687171021817683,0.8316039237069612,1.0434518774908341,-0.7172779450028606,-0.7836697591315596,-0.7148678137186274,0.06639181412869882,-4.214832910036124,-3.913351387590974,-13.057267367287473,-0.5281774357760917,-0.6003172456841188,-0.4393202411628385,-0.5172892366949086,-0.220912822055929,-0.07316547722633882,-0.6079294530114776,-0.6376292848265086,-0.5365077474259241,-0.6273936725080373,-0.3174229041643635,-0.1079131578333774,0.07975201723538536,0.03731203914238973,0.09718750626308531,0.11010443581312879,0.09651008210843492,0.034747680607038256,-0.5277996333266103,-0.5980629274595042,-0.43896997033238616,-0.5181599302679205,-0.2086727879481851,-0.05615991151035904,-3.8373137177855243,-2.4773358963827463,-3.82278413015033,-3.3336369232958707,-1.5113786093752222,-3.597503077417814,-12.144510010692635,-9.29583006752447,-6.358850380058698,2015,8
2015-09,1.395,47.62,237.498,0.31238846747645094,1.085947574365001,0.0,0.703538772385165,1.5016351874542104,51.260120162415404,1.220479051486081,0.40655463932288555,3.936913065108273,0.33289441527332897,0.20731119249798072,0.6093480841988362,-3.692205680872676,2.462884527780491,-2.8756338527596546,-13.904909505442811,-11.497430633772398,0.5667640836656441,0.39999417068649096,0.6222677788691793,0.5680556511169943,0.6672624606834977,1.0776838914824316,4.119070864824388,3.9112924345647477,4.191702887399331,4.103474794778693,4.21152366882887,4.649387033138284,0.18536283712462442,0.2263713544051113,0.16823450975321652,0.20225047462166973,0.19340841013799615,0.16596647662751618,0.49164762458720995,0.3285840637722067,0.5492768101402434,0.4879663296199081,0.588342066193819,1.0039352417262015,-0.671129252159546,-0.712473968030011,-0.6710408264528726,0.04134471587046454,-3.692205680872676,-2.8756338527596537,-11.4974306337724,-0.5615088871607502,-0.7172779450028606,-0.5113487162393933,-0.5730698353877541,-0.501666562620496,-0.08913171848672441,-0.6339754674487308,-0.7836697591315596,-0.5997937497739754,-0.6536989733490053,-0.581272401919823,-0.155982947057292,0.07246658028798035,0.06639181412869882,0.08844503353458188,0.08062913796125132,0.07960583929932741,0.06685122857056824,-0.5605842805683949,-0.7148678137186274,-0.5095546085160216,-0.5732901725044326,-0.4951565846642425,-0.07243143799458851,-4.214832910036124,-2.975667097205561,-3.8659118829593915,-3.913351387590975,-2.5366601072472097,-3.3567680571424194,-13.057267367287471,-10.582298019997953,-9.772969742481429,2015,9
2015-10,1.391,48.43,237.733,0.17228484984406628,-0.06950273766111784,0.0,0.284766815251822,1.49584930748641,52.08050464526731,1.2400120153635075,0.4026941441888163,3.952790687662648,0.33002291294130587,0.1875730748095365,0.7816329340429025,-3.000443154092158,2.3933817901193732,-2.3955348513114605,-13.620142690190988,-9.820061044116198,0.5398472483666259,0.40655463932288555,0.5090154672596732,0.6108514157558869,0.48810596753445146,0.9741079331912837,4.091310576545984,3.936913065108273,4.106707927413259,4.165359776129541,3.9514995570665126,4.544785056439812,0.18620629010400958,0.20731119249798072,0.13997715812978256,0.18316125790971421,0.2742760287513073,0.16699249503484004,0.46580230552944685,0.33289441527332897,0.4376095614347315,0.5318040301511824,0.4027948795522855,0.9001613499442714,-0.5714137890024674,-0.591994368777164,-0.5701384370029656,0.02058057977469646,-3.0004431540921574,-2.39553485131146,-9.820061044116196,-0.5778521232893825,-0.671129252159546,-0.6003172456841188,-0.5277193394875375,-0.6668291865995102,-0.17533080915365462,-0.6437712998955663,-0.712473968030011,-0.6376292848265086,-0.5925532901854131,-0.8147512950700917,-0.23721034392245155,0.06591917660618253,0.04134471587046454,0.03731203914238973,0.06483395069787506,0.14792210847058196,0.061879534768796596,-0.5768760562264681,-0.6710408264528726,-0.5980629274595042,-0.5287601908793973,-0.6691311438533183,-0.1593635500157914,-3.692205680872676,-3.8373137177855243,-3.1827114696557692,-2.8756338527596546,-3.3336369232958707,-2.213903987521227,-11.497430633772398,-12.144510010692635,-9.581379289739504,2015,10
2015-11,1.326,44.27,238.017,-0.5197104264178286,-0.4669221433469416,0.0,-1.87056395413198,1.4242483751160633,47.55013240300763,1.1321460095954197,0.35364421850783,3.861784573488209,0.2821668917636708,0.22952926330298956,0.26192250762507385,-2.552815690652218,1.9264596467724315,-1.9697260478205108,-15.490706644322968,-11.158810162757904,0.5051543697721143,0.4026941441888163,0.39999417068649096,0.6904000183056391,0.6514967532754364,0.9074349415385158,4.0558823951348355,3.952790687662648,3.9112924345647477,4.235887368660755,4.144945314951534,4.450833037568472,0.18694159292064663,0.1875730748095365,0.2263713544051113,0.19218226792825227,0.244221056607271,0.19427152225341227,0.4321721193278007,0.33002291294130587,0.3285840637722067,0.6146449524049877,0.5687171021817683,0.8316039237069612,-0.5537907230306858,-0.5890484640802631,-0.5494370319432904,0.035257741049577296,-2.552815690652218,-1.9697260478205108,-11.158810162757902,-0.5851345315418707,-0.5714137890024674,-0.7172779450028606,-0.4393202411628385,-0.5172892366949086,-0.220912822055929,-0.6436781463275238,-0.591994368777164,-0.7836697591315596,-0.5365077474259241,-0.6273936725080373,-0.3174229041643635,0.05854361478565279,0.02058057977469646,0.06639181412869882,0.09718750626308531,0.11010443581312879,0.09651008210843492,-0.5837724305803962,-0.5701384370029656,-0.7148678137186274,-0.43896997033238616,-0.5181599302679205,-0.2086727879481851,-3.000443154092158,-4.214832910036124,-2.4773358963827463,-2.3955348513114605,-3.913351387590975,-1.5113786093752222,-9.820061044116198,-13.057267367287471,-9.29583006752447,2015,11
2015-12,1.082,38.01,237.761,-0.8038185433367248,-0.7457189633578477,-1.9852193941911354,-1.46268830447441,1.1634208098328436,40.8702633842388,0.9731015091485428,0.15136463941796585,3.7104027419948333,0.07881118042428985,0.17863151570650085,-0.5418960357116509,-1.9659246822929632,1.1807406834145837,-1.333811288416352,-16.953394948797378,-9.038569697310074,0.449028403139146,0.35364421850783,0.40655463932288555,0.6222677788691793,0.5680556511169943,0.6672624606834977,3.9935319292727445,3.861784573488209,3.936913065108273,4.191702887399331,4.103474794778693,4.21152366882887,0.1931660921497695,0.22952926330298956,0.20731119249798072,0.16823450975321652,0.20225047462166973,0.19340841013799615,0.37675910922091455,0.2821668917636708,0.33289441527332897,0.5492768101402434,0.4879663296199081,0.588342066193819,-0.5158978212655319,-0.5011209268340369,-0.5095308857695292,-0.014776894431495297,-1.9659246822929632,-1.333811288416352,-9.038569697310072,-0.6042129451865119,-0.5537907230306858,-0.671129252159546,-0.5113487162393933,-0.5730698353877541,-0.501666562620496,-0.6524349324365804,-0.5890484640802631,-0.712473968030011,-0.5997937497739754,-0.6536989733490053,-0.581272401919823,0.0482219872500681,0.035257741049577296,0.04134471587046454,0.08844503353458188,0.08062913796125132,0.07960583929932741,-0.6021836075155471,-0.5494370319432904,-0.6710408264528726,-0.5095546085160216,-0.5732901725044326,-0.4951565846642425,-2.552815690652218,-3.692205680872676,-2.975667097205561,-1.9697260478205108,-2.8756338527596546,-2.5366601072472097,-11.158810162757904,-11.497430633772398,-10.582298019997953,2015,12
2016-01,0.93,30.7,237.652,-1.3648801123428667,-1.4420490431269901,0.0,-1.55455551658604,1.0004414122330132,33.02532403822957,0.7863172390054659,0.00044131483929293305,3.4972746622672797,-0.07257069283483537,0.24083627085538162,-1.9067761480545176,-1.9570136428721885,-0.2613083597124064,-1.4552526765248992,-18.507950465383416,-9.79948770442675,0.37054454656394364,0.15136463941796585,0.4026941441888163,0.5090154672596732,0.6108514157558869,0.48810596753445146,3.913315238371995,3.7104027419948333,3.952790687662648,4.106707927413259,4.165359776129541,3.9514995570665126,0.19489892647531692,0.17863151570650085,0.1875730748095365,0.13997715812978256,0.18316125790971421,0.2742760287513073,0.2983481709349223,0.07881118042428985,0.33002291294130587,0.4376095614347315,0.5318040301511824,0.4027948795522855,-0.4876646526951585,-0.4542248947992329,-0.47536557238712085,-0.03343975789592568,-1.9570136428721883,-1.4552526765248994,-9.799487704426745,-0.6049711293575352,-0.5158978212655319,-0.5714137890024674,-0.6003172456841188,-0.5277193394875375,-0.6668291865995102,-0.6359894619465907,-0.5011209268340369,-0.591994368777164,-0.6376292848265086,-0.5925532901854131,-0.8147512950700917,0.03101833258905526,-0.014776894431495297,0.02058057977469646,0.03731203914238973,0.06483395069787506,0.14792210847058196,-0.6021796537244649,-0.5095308857695292,-0.5701384370029656,-0.5980629274595042,-0.5287601908793973,-0.6691311438533183,-1.9659246822929632,-3.000443154092158,-3.8373137177855243,-1.333811288416352,-2.3955348513114605,-3.3336369232958707,-9.038569697310074,-9.820061044116198,-12.144510010692635,2016,1
2016-02,0.973,32.18,237.336,-0.2059739156947556,-0.14689042562960025,0.0,1.1542005125535,1.0480920028286198,34.663515571454255,0.8253217993203394,0.04697137100423199,3.5456877093646013,-0.027371196796132015,0.23895327992299897,-2.112750063749273,-3.1468598882425627,-0.40819878534200665,-2.9256182218059483,-17.353749952829915,-9.7815504347193,0.2857821878272137,0.00044131483929293305,0.35364421850783,0.39999417068649096,0.6904000183056391,0.6514967532754364,3.811743027514332,3.4972746622672797,3.861784573488209,3.9112924345647477,4.235887368660755,4.144945314951534,0.21170877859625006,0.24083627085538162,0.22952926330298956,0.2263713544051113,0.19218226792825227,0.244221056607271,0.21331812855666113,-0.07257069283483537,0.2821668917636708,0.3285840637722067,0.6146449524049877,0.5687171021817683,-0.6045253822712044,-0.5992576055869328,-0.5960882989779003,-0.00526777668427203,-3.1468598882425622,-2.9256182218059483,-9.781550434719295,-0.5861956971927083,-0.4876646526951585,-0.5537907230306858,-0.7172779450028606,-0.4393202411628385,-0.5172892366949086,-0.6054220636087111,-0.4542248947992329,-0.5890484640802631,-0.7836697591315596,-0.5365077474259241,-0.6273936725080373,0.01922636641600267,-0.03343975789592568,0.035257741049577296,0.06639181412869882,0.09718750626308531,0.11010443581312879,-0.5817300945457344,-0.47536557238712085,-0.5494370319432904,-0.7148678137186274,-0.43896997033238616,-0.5181599302679205,-1.9570136428721885,-2.552815690652218,-4.214832910036124,-1.4552526765248992,-1.9697260478205108,-3.913351387590975,-9.79948770442675,-11.158810162757904,-13.057267367287471,2016,2
2016-03,1.069,38.21,238.08,1.2846518900305965,1.3628834489316493,0.0,0.905357840639773,1.147902434405802,41.03026381538418,0.9769110432234329,0.1379363068343446,3.714309936250245,0.06672363204290813,0.16129598886746796,-0.8280981737186766,-1.6333524989885835,0.9546846635896427,-1.4691914646814108,-16.44839211219014,-5.605961904940576,0.2269450545468372,0.04697137100423199,0.15136463941796585,0.40655463932288555,0.6222677788691793,0.5680556511169943,3.75080890664764,3.5456877093646013,3.7104027419948333,3.936913065108273,4.191702887399331,4.103474794778693,0.21380576618256472,0.23895327992299897,0.17863151570650085,0.20731119249798072,0.16823450975321652,0.20225047462166973,0.15399225179527135,-0.027371196796132015,0.07881118042428985,0.33289441527332897,0.5492768101402434,0.4879663296199081,-0.4301193442826497,-0.38916485852844795,-0.42124269757699995,-0.04095448575420177,-1.633352498988583,-1.4691914646814115,-5.605961904940571,-0.567403603404099,-0.6045253822712044,-0.5158978212655319,-0.671129252159546,-0.5113487162393933,-0.5730698353877541,-0.5746867046846069,-0.5992576055869328,-0.5011209268340369,-0.712473968030011,-0.5997937497739754,-0.6536989733490053,0.007283101280507576,-0.00526777668427203,-0.014776894431495297,0.04134471587046454,0.08844503353458188,0.08062913796125132,-0.5619335087556132,-0.5960882989779003,-0.5095308857695292,-0.6710408264528726,-0.5095546085160216,-0.5732901725044326,-3.1468598882425627,-1.9659246822929632,-3.692205680872676,-2.9256182218059483,-1.333811288416352,-2.8756338527596546,-9.7815504347193,-9.038569697310074,-11.497430633772398,2016,3
2016-04,1.147,41.58,238.992,-0.24023257490403038,-0.3559975057949081,0.0,-0.0202490898584586,1.2269595345590372,44.478620267624024,1.0590147682767626,0.20453918601546076,3.795008630298094,0.13714983814723367,0.1472001740007352,-1.068330748622707,-2.6286159251484427,0.5986871577947346,-2.7744615084814623,-16.4686412020486,-5.819497867046038,0.1821753324654137,0.1379363068343446,0.00044131483929293305,0.4026941441888163,0.5090154672596732,0.6108514157558869,3.713708385171303,3.714309936250245,3.4972746622672797,3.952790687662648,4.106707927413259,4.165359776129541,0.20613656557747925,0.16129598886746796,0.24083627085538162,0.1875730748095365,0.13997715812978256,0.18316125790971421,0.10963045459020121,0.06672363204290813,-0.07257069283483537,0.33002291294130587,0.4376095614347315,0.5318040301511824,-0.40631222974042613,-0.3703511458314468,-0.3946541920039487,-0.03596108390897901,-2.6286159251484427,-2.774461508481463,-5.819497867046033,-0.5272352854246163,-0.4301193442826497,-0.4876646526951585,-0.5714137890024674,-0.6003172456841188,-0.5277193394875375,-0.520801853101013,-0.38916485852844795,-0.4542248947992329,-0.591994368777164,-0.6376292848265086,-0.5925532901854131,-0.006433432323603494,-0.04095448575420177,-0.03343975789592568,0.02058057977469646,0.03731203914238973,0.06483395069787506,-0.5203004872763011,-0.42124269757699995,-0.47536557238712085,-0.5701384370029656,-0.5980629274595042,-0.5287601908793973,-1.6333524989885835,-1.9570136428721885,-3.000443154092158,-1.4691914646814108,-1.4552526765248992,-2.3955348513114605,-5.605961904940576,-9.79948770442675,-9.820061044116198,2016,4
2016-05,1.299,46.74,239.557,0.7961752463714327,0.6855081075407468,0.0,2.51567461598445,1.3862784462570494,49.88041153044997,1.1876288459630946,0.3266227797655349,3.9096283711877846,0.2615947376884624,0.15466402686111852,-0.2721555022512743,-2.4872643528295173,1.2841952653354813,-2.6950839885189986,-13.952966586064152,-3.405970726762246,0.14914950610318775,0.20453918601546076,0.04697137100423199,0.35364421850783,0.39999417068649096,0.6904000183056391,3.687411375610544,3.795008630298094,3.5456877093646013,3.861784573488209,3.9112924345647477,4.235887368660755,0.1994077487760124,0.1472001740007352,0.23895327992299897,0.22952926330298956,0.2263713544051113,0.19218226792825227,0.07748494212452252,0.13714983814723367,-0.027371196796132015,0.2821668917636708,0.3285840637722067,0.6146449524049877,-0.36377723854010424,-0.3262589974729706,-0.3530502147165253,-0.03751824106713375,-2.4872643528295173,-2.6950839885189994,-3.4059707267622414,-0.49971835888094274,-0.40631222974042613,-0.6045253822712044,-0.5537907230306858,-0.7172779450028606,-0.4393202411628385,-0.4838613159433929,-0.3703511458314468,-0.5992576055869328,-0.5890484640802631,-0.7836697591315596,-0.5365077474259241,-0.015857042937549415,-0.03596108390897901,-0.00526777668427203,0.035257741049577296,0.06639181412869882,0.09718750626308531,-0.49105311310979827,-0.3946541920039487,-0.5960882989779003,-0.5494370319432904,-0.7148678137186274,-0.43896997033238616,-2.6286159251484427,-3.1468598882425627,-2.552815690652218,-2.7744615084814623,-2.9256182218059483,-1.9697260478205108,-5.819497867046038,-9.7815504347193,-11.158810162757904,2016,5
2016-06,1.382,48.25,240.222,-0.26420793281011146,0.046003688070112174,0.561501010593956,-0.187543933010531,1.47077232795775,51.34932331690409,1.222602936116764,0.3857876559885154,3.9386517584280325,0.3235317253454781,0.18480551584385133,-0.5363634350613857,-2.499013742014452,1.3301989534055936,-2.069680428785783,-14.140510519074683,-2.317682573745837,0.1446459329794719,0.3266227797655349,0.1379363068343446,0.15136463941796585,0.40655463932288555,0.6222677788691793,3.695385341893806,3.9096283711877846,3.714309936250245,3.7104027419948333,3.936913065108273,4.191702887399331,0.18693020936903385,0.15466402686111852,0.16129598886746796,0.17863151570650085,0.20731119249798072,0.16823450975321652,0.07405624977865445,0.2615947376884624,0.06672363204290813,0.07881118042428985,0.33289441527332897,0.5492768101402434,-0.2364801228806639,-0.25305112897129867,-0.22574508479476535,0.016571006090634804,-2.499013742014452,-2.069680428785783,-2.3176825737458326,-0.4680494447991791,-0.36377723854010424,-0.4301193442826497,-0.5158978212655319,-0.671129252159546,-0.5113487162393933,-0.44006307150884494,-0.3262589974729706,-0.38916485852844795,-0.5011209268340369,-0.712473968030011,-0.5997937497739754,-0.02798637329033457,-0.03751824106713375,-0.04095448575420177,-0.014776894431495297,0.04134471587046454,0.08844503353458188,-0.4583219769053375,-0.3530502147165253,-0.42124269757699995,-0.5095308857695292,-0.6710408264528726,-0.5095546085160216,-2.4872643528295173,-1.6333524989885835,-1.9659246822929632,-2.6950839885189986,-1.4691914646814108,-1.333811288416352,-3.405970726762246,-5.605961904940576,-9.038569697310074,2016,6
2016-07,1.272,44.95,240.101,-0.4683274732045462,-0.6486742709748233,0.0,-1.3283589155005,1.3543887197471065,47.861456723767645,1.1395584934230392,0.30335022320428107,3.86831051920398,0.24059046491793043,0.17270932228366934,-1.0046909082659319,-1.784849893228494,0.6815246824307702,-1.3727011131527735,-15.468869434575183,-1.8520385772736574,0.18371643574123017,0.3857876559885154,0.20453918601546076,0.00044131483929293305,0.4026941441888163,0.5090154672596732,3.733426844632673,3.9386517584280325,3.795008630298094,3.4972746622672797,3.952790687662648,4.106707927413259,0.1879592093919256,0.18480551584385133,0.1472001740007352,0.24083627085538162,0.1875730748095365,0.13997715812978256,0.11484300726551915,0.3235317253454781,0.13714983814723367,-0.07257069283483537,0.33002291294130587,0.4376095614347315,-0.2056652440553921,-0.23839740820927924,-0.19701909651680108,0.03273216415388677,-1.784849893228494,-1.3727011131527735,-1.8520385772736532,-0.4214798284017012,-0.2364801228806639,-0.40631222974042613,-0.4876646526951585,-0.5714137890024674,-0.6003172456841188,-0.39871810519838835,-0.25305112897129867,-0.3703511458314468,-0.4542248947992329,-0.591994368777164,-0.6376292848265086,-0.022761723203312906,0.016571006090634804,-0.03596108390897901,-0.03343975789592568,0.02058057977469646,0.03731203914238973,-0.41102434340954336,-0.22574508479476535,-0.3946541920039487,-0.47536557238712085,-0.5701384370029656,-0.5980629274595042,-2.499013742014452,-2.6286159251484427,-1.9570136428721885,-2.069680428785783,-2.7744615084814623,-1.4552526765248992,-2.317682573745837,-5.819497867046038,-9.79948770442675,2016,7
2016-08,1.295,45.84,240.545,0.1089646146165767,0.013401181193697848,0.0,1.16410206910638,1.3763333073506692,48.71901066328547,1.1599764443639398,0.3194229393576664,3.8860693166126494,0.258510695151501,0.17102324102838512,-0.8957262936493552,-1.1926859103717407,0.6949258636244681,-0.6820110897910225,-14.304767365468802,0.3036809123591705,0.2342012538020615,0.30335022320428107,0.3266227797655349,0.04697137100423199,0.35364421850783,0.39999417068649096,3.795266154122123,3.86831051920398,3.9096283711877846,3.5456877093646013,3.861784573488209,3.9112924345647477,0.1766047179633069,0.17270932228366934,0.15466402686111852,0.23895327992299897,0.22952926330298956,0.2263713544051113,0.1670365335576468,0.24059046491793043,0.2615947376884624,-0.027371196796132015,0.2821668917636708,0.3285840637722067,-0.08057123132882454,-0.025223117952098306,-0.07007336862070573,-0.05534811337672618,-1.1926859103717404,-0.6820110897910224,0.3036809123591748,-0.37447992696174015,-0.2056652440553921,-0.36377723854010424,-0.6045253822712044,-0.5537907230306858,-0.7172779450028606,-0.36274685743339585,-0.23839740820927924,-0.3262589974729706,-0.5992576055869328,-0.5890484640802631,-0.7836697591315596,-0.011733069528344159,0.03273216415388677,-0.03751824106713375,-0.00526777668427203,0.035257741049577296,0.06639181412869882,-0.3646332640978234,-0.19701909651680108,-0.3530502147165253,-0.5960882989779003,-0.5494370319432904,-0.7148678137186274,-1.784849893228494,-2.4872643528295173,-3.1468598882425627,-1.3727011131527735,-2.6950839885189986,-2.9256182218059483,-1.8520385772736574,-3.405970726762246,-9.7815504347193,2016,8
2016-09,1.319,46.57,241.176,0.16858289180895616,0.09602703980847228,1.4506820163291385,0.0311239463377855,1.3981729418211875,49.36536307855398,1.1753657875846186,0.33516634275657387,3.8992490260156822,0.2768738737351775,0.17358693502425998,-0.727143401840399,-1.3364914860392352,0.7909529034329403,-1.671931624347551,-14.273643419131016,-0.36873391368820907,0.27960984852763393,0.3194229393576664,0.3857876559885154,0.1379363068343446,0.15136463941796585,0.40655463932288555,3.851996421996797,3.8860693166126494,3.9386517584280325,3.714309936250245,3.7104027419948333,3.936913065108273,0.16528304481420458,0.17102324102838512,0.18480551584385133,0.16129598886746796,0.17863151570650085,0.20731119249798072,0.21468351554891899,0.258510695151501,0.3235317253454781,0.06672363204290813,0.07881118042428985,0.33289441527332897,-0.07138829656631168,-0.03766403909259086,-0.05602054153815145,-0.03372425747372074,-1.3364914860392352,-1.6719316243475508,-0.36873391368820485,-0.2871542351380102,-0.08057123132882454,-0.2364801228806639,-0.4301193442826497,-0.5158978212655319,-0.671129252159546,-0.2670744428275911,-0.025223117952098306,-0.25305112897129867,-0.38916485852844795,-0.5011209268340369,-0.712473968030011,-0.02007979231041984,-0.05534811337672618,0.016571006090634804,-0.04095448575420177,-0.014776894431495297,0.04134471587046454,-0.27696410903829094,-0.07007336862070573,-0.22574508479476535,-0.42124269757699995,-0.5095308857695292,-0.6710408264528726,-1.1926859103717407,-2.499013742014452,-1.6333524989885835,-0.6820110897910225,-2.069680428785783,-1.4691914646814108,0.3036809123591705,-2.317682573745837,-5.605961904940576,2016,9
2016-10,1.457,49.52,241.741,0.7142920317041623,0.7826074588870052,0.0,-0.107470901080558,1.540846666128901,52.36975079389374,1.2468988284260416,0.43233204855070906,3.958329149713982,0.37637952721306783,0.21167251712009533,-0.012851370136236717,-0.7944843041791392,1.5735603623199457,-0.819821427799428,-14.381114320211575,-0.7609716300205891,0.3124815211813388,0.33516634275657387,0.30335022320428107,0.20453918601546076,0.00044131483929293305,0.4026941441888163,3.882819603624371,3.8992490260156822,3.86831051920398,3.795008630298094,3.4972746622672797,3.952790687662648,0.16733153584033658,0.17358693502425998,0.17270932228366934,0.1472001740007352,0.24083627085538162,0.1875730748095365,0.24970855583096385,0.2768738737351775,0.24059046491793043,0.13714983814723367,-0.07257069283483537,0.33002291294130587,0.02963790436189273,0.005538462051334125,0.046356614271761964,0.024099442310558827,-0.7944843041791392,-0.8198214277994276,-0.7609716300205864,-0.22736572718528708,-0.07138829656631168,-0.2056652440553921,-0.40631222974042613,-0.4876646526951585,-0.5714137890024674,-0.20849097292161334,-0.03766403909259086,-0.23839740820927924,-0.3703511458314468,-0.4542248947992329,-0.591994368777164,-0.018874754263672994,-0.03372425747372074,0.03273216415388677,-0.03596108390897901,-0.03343975789592568,0.02058057977469646,-0.216093749698483,-0.05602054153815145,-0.19701909651680108,-0.3946541920039487,-0.47536557238712085,-0.5701384370029656,-1.3364914860392352,-1.784849893228494,-2.6286159251484427,-1.671931624347551,-1.3727011131527735,-2.7744615084814623,-0.36873391368820907,-1.8520385772736574,-5.819497867046038,2016,10
2016-11,1.356,44.73,242.026,-0.6993597657901907,-0.6064991972128323,7.885284378850024,-1.88866954705637,1.4323457107914026,47.248395017477456,1.1249617861304155,0.35931345755220234,3.8554186854787553,0.3045391895182039,0.2415643903568156,-0.7122111359264274,-0.9741336435515013,0.9670611651071134,-0.9593984816653188,-16.269783867267943,-0.7790772229449789,0.3504469982705469,0.43233204855070906,0.3194229393576664,0.3266227797655349,0.04697137100423199,0.35364421850783,3.910039690193685,3.958329149713982,3.8860693166126494,3.9096283711877846,3.5456877093646013,3.861784573488209,0.17807692636022995,0.21167251712009533,0.17102324102838512,0.15466402686111852,0.23895327992299897,0.22952926330298956,0.2895801706752696,0.37637952721306783,0.258510695151501,0.2615947376884624,-0.027371196796132015,0.2821668917636708,0.005669239044372332,-0.006365888009453702,0.022372297754533088,0.012035127053826034,-0.9741336435515012,-0.9593984816653182,-0.7790772229449754,-0.15470737150156738,0.02963790436189273,-0.08057123132882454,-0.36377723854010424,-0.6045253822712044,-0.5537907230306858,-0.14584270494115037,0.005538462051334125,-0.025223117952098306,-0.3262589974729706,-0.5992576055869328,-0.5890484640802631,-0.008864666560416679,0.024099442310558827,-0.05534811337672618,-0.03751824106713375,-0.00526777668427203,0.035257741049577296,-0.1425919486525311,0.046356614271761964,-0.07007336862070573,-0.3530502147165253,-0.5960882989779003,-0.5494370319432904,-0.7944843041791392,-1.1926859103717407,-2.4872643528295173,-0.819821427799428,-0.6820110897910225,-2.6950839885189986,-0.7609716300205891,0.3036809123591705,-3.405970726762246,2016,11
2016-12,1.491,53.31,242.637,0.7009721427167952,0.9153869040429142,2.0177789990810355,2.87236767463952,1.5709805254351152,56.16966586917906,1.3373729968852157,0.45169996291091763,4.028376857962986,0.39944703578260143,0.16099272323130015,-0.011238993209632175,0.5306570425020186,1.8824480691500276,0.7017073857354431,-13.397416192628423,3.555978756168951,0.3558954445683247,0.35931345755220234,0.33516634275657387,0.3857876559885154,0.1379363068343446,0.15136463941796585,3.901004742575514,3.8554186854787553,3.8992490260156822,3.9386517584280325,3.714309936250245,3.7104027419948333,0.19256032027617945,0.2415643903568156,0.17358693502425998,0.18480551584385133,0.16129598886746796,0.17863151570650085,0.2967375793135598,0.3045391895182039,0.2768738737351775,0.3235317253454781,0.06672363204290813,0.07881118042428985,0.3003353234929518,0.3179741159681524,0.3206358553583116,-0.0176387924752007,0.5306570425020187,0.7017073857354439,3.5559787561689546,-0.09313295857082127,0.005669239044372332,-0.07138829656631168,-0.2364801228806639,-0.4301193442826497,-0.5158978212655319,-0.09252718669723059,-0.006365888009453702,-0.03766403909259086,-0.25305112897129867,-0.38916485852844795,-0.5011209268340369,-0.0006057718735900663,0.012035127053826034,-0.03372425747372074,0.016571006090634804,-0.04095448575420177,-0.014776894431495297,-0.08002152990735473,0.022372297754533088,-0.05602054153815145,-0.22574508479476535,-0.42124269757699995,-0.5095308857695292,-0.9741336435515013,-1.3364914860392352,-2.499013742014452,-0.9593984816653188,-1.671931624347551,-2.069680428785783,-0.7790772229449789,-0.36873391368820907,-2.317682573745837,2016,12
2017-01,1.514,54.58,243.618,0.17215815299827067,-0.014898965437654337,0.0,0.691828258664311,1.5887906934900815,57.27621932013782,1.363719507622329,0.4629731567199145,4.0478855169848496,0.41475515501525706,0.15275725801843287,0.1609191597886385,2.067695307843156,1.8675491037123733,2.128857463424779,-12.705587933964113,5.802362531419302,0.3668808290553918,0.45169996291091763,0.43233204855070906,0.30335022320428107,0.20453918601546076,0.00044131483929293305,3.915958925831339,4.028376857962986,3.958329149713982,3.86831051920398,3.795008630298094,3.4972746622672797,0.1885915215074209,0.16099272323130015,0.21167251712009533,0.17270932228366934,0.1472001740007352,0.24083627085538162,0.3093901310530804,0.39944703578260143,0.37637952721306783,0.24059046491793043,0.13714983814723367,-0.07257069283483537,0.4625318418806216,0.5506108547175699,0.4873258478500924,-0.08807901283694874,2.067695307843156,2.1288574634247794,5.802362531419304,-0.0036637175085518225,0.3003353234929518,0.02963790436189273,-0.2056652440553921,-0.40631222974042613,-0.4876646526951585,0.0026436874593440685,0.3179741159681524,0.005538462051334125,-0.23839740820927924,-0.3703511458314468,-0.4542248947992329,-0.00630740496789603,-0.0176387924752007,0.024099442310558827,0.03273216415388677,-0.03596108390897901,-0.03343975789592568,0.011041960118158112,0.3206358553583116,0.046356614271761964,-0.19701909651680108,-0.3946541920039487,-0.47536557238712085,0.5306570425020186,-0.7944843041791392,-1.784849893228494,0.7017073857354431,-0.819821427799428,-1.3727011131527735,3.555978756168951,-0.7609716300205891,-1.8520385772736574,2017,1
2017-02,1.547,54.87,244.006,0.26237396925947093,0.30732737739323884,0.0,0.143319579109749,1.6208394318855548,57.488984891764964,1.3687853545658324,0.4829441828722894,4.051593362352245,0.43631757159092904,0.16902043880341333,0.42329312904810945,2.5360431927973823,2.174876481105612,2.5830752664476178,-12.562268354854364,4.791481597975551,0.3934846513079974,0.4629731567199145,0.35931345755220234,0.3194229393576664,0.3266227797655349,0.04697137100423199,3.9458880921281505,4.0478855169848496,3.8554186854787553,3.8860693166126494,3.9096283711877846,3.5456877093646013,0.18526617746321483,0.15275725801843287,0.2415643903568156,0.17102324102838512,0.15466402686111852,0.23895327992299897,0.3384175794026348,0.41475515501525706,0.3045391895182039,0.258510695151501,0.2615947376884624,-0.027371196796132015,0.4359728118680574,0.5059056529876433,0.4636887683870611,-0.06993284111958564,2.5360431927973828,2.5830752664476186,4.791481597975551,0.10770246348078372,0.4625318418806216,0.005669239044372332,-0.08057123132882454,-0.36377723854010424,-0.6045253822712044,0.13414506461381848,0.5506108547175699,-0.006365888009453702,-0.025223117952098306,-0.3262589974729706,-0.5992576055869328,-0.026442601133035232,-0.08807901283694874,0.012035127053826034,-0.05534811337672618,-0.03751824106713375,-0.00526777668427203,0.12509945084597365,0.4873258478500924,0.022372297754533088,-0.07007336862070573,-0.3530502147165253,-0.5960882989779003,2.067695307843156,-0.9741336435515013,-1.1926859103717407,2.128857463424779,-0.9593984816653188,-0.6820110897910225,5.802362531419302,-0.7790772229449789,0.3036809123591705,2017,2
2017-03,1.445,51.59,243.892,-1.3451333014133746,-1.2570243768030827,0.0,-0.128915529341945,1.5146785582006244,54.077693299356554,1.287564126175156,0.4152032436446302,3.990421777336793,0.3681093215643955,0.16245108459120516,-0.9218401723652652,-0.09374199864658883,0.9178521043025294,-0.03683255928711415,-12.69118388419631,3.757208227993833,0.4207381918937678,0.4829441828722894,0.45169996291091763,0.33516634275657387,0.3857876559885154,0.1379363068343446,3.9734754330847504,4.051593362352245,4.028376857962986,3.8992490260156822,3.9386517584280325,3.714309936250245,0.1849323770923862,0.16902043880341333,0.16099272323130015,0.17358693502425998,0.18480551584385133,0.16129598886746796,0.36805205880920616,0.43631757159092904,0.39944703578260143,0.2768738737351775,0.3235317253454781,0.06672363204290813,0.2772669368102856,0.2761118410865482,0.30138568952148737,0.001155095723737204,-0.09374199864658861,-0.036832559287113265,3.757208227993832,0.19379313734693063,0.4359728118680574,0.3003353234929518,-0.07138829656631168,-0.2364801228806639,-0.4301193442826497,0.22266652643711016,0.5059056529876433,0.3179741159681524,-0.03766403909259086,-0.25305112897129867,-0.38916485852844795,-0.02887338909017853,-0.06993284111958564,-0.0176387924752007,-0.03372425747372074,0.016571006090634804,-0.04095448575420177,0.21405980701393482,0.4636887683870611,0.3206358553583116,-0.05602054153815145,-0.22574508479476535,-0.42124269757699995,2.5360431927973823,0.5306570425020186,-1.3364914860392352,2.5830752664476178,0.7017073857354431,-1.671931624347551,4.791481597975551,3.555978756168951,-0.36873391368820907,2017,3
2017-04,1.51,52.31,244.193,0.030925118479295813,-0.09251397328273665,0.0,1.20450434950843,1.5808618626796564,54.764823865412474,1.3039243777479161,0.457970181025907,4.003048087581594,0.412109650826833,0.19259171172768141,-0.8909150538859694,0.17741569473673735,0.8253381310197927,0.22665097322505728,-11.48667953468788,4.981961667360721,0.43407767537511055,0.4152032436446302,0.4629731567199145,0.43233204855070906,0.30335022320428107,0.20453918601546076,3.988670891638268,3.990421777336793,4.0478855169848496,3.958329149713982,3.86831051920398,3.795008630298094,0.1830764020202104,0.16245108459120516,0.15275725801843287,0.21167251712009533,0.17270932228366934,0.1472001740007352,0.3832579667807425,0.3681093215643955,0.41475515501525706,0.37637952721306783,0.24059046491793043,0.13714983814723367,0.2534309950104462,0.20803945728350026,0.27495981267959935,0.04539153772694621,0.17741569473673757,0.22665097322505812,4.981961667360721,0.2519023429096968,0.2772669368102856,0.4625318418806216,0.02963790436189273,-0.2056652440553921,-0.40631222974042613,0.2749625064669652,0.2761118410865482,0.5506108547175699,0.005538462051334125,-0.23839740820927924,-0.3703511458314468,-0.023060163557268865,0.001155095723737204,-0.08807901283694874,0.024099442310558827,0.03273216415388677,-0.03596108390897901,0.27362751219054127,0.30138568952148737,0.4873258478500924,0.046356614271761964,-0.19701909651680108,-0.3946541920039487,-0.09374199864658883,2.067695307843156,-0.7944843041791392,-0.03683255928711415,2.128857463424779,-0.819821427799428,3.757208227993833,5.802362531419302,-0.7609716300205891,2017,4
2017-05,1.412,50.33,244.004,-0.9673547987876108,-0.8224909316430963,-4.4323237826232695,-1.69185327704572,1.4794079099796178,52.732719624131846,1.2555409434317106,0.39164194690576,3.9652361286229785,0.3450071390710503,0.16407543656614998,-1.8582698526735801,-1.586114350422306,0.0028471993766964188,-1.2813480659587857,-13.1785328117336,0.7744337743305518,0.43835069745431027,0.457970181025907,0.4829441828722894,0.35931345755220234,0.3194229393576664,0.3266227797655349,3.9961240479495372,4.003048087581594,4.051593362352245,3.8554186854787553,3.8860693166126494,3.9096283711877846,0.1798962677881414,0.19259171172768141,0.16902043880341333,0.2415643903568156,0.17102324102838512,0.15466402686111852,0.3892129873830366,0.412109650826833,0.43631757159092904,0.3045391895182039,0.258510695151501,0.2615947376884624,0.0650191671402251,0.05560775743519386,0.08341240138258788,0.00941140970503146,-1.5861143504223059,-1.281348065958785,0.7744337743305518,0.28920119135112254,0.2534309950104462,0.4359728118680574,0.005669239044372332,-0.08057123132882454,-0.36377723854010424,0.30871267233899324,0.20803945728350026,0.5059056529876433,-0.006365888009453702,-0.025223117952098306,-0.3262589974729706,-0.019511480987870977,0.04539153772694621,-0.06993284111958564,0.012035127053826034,-0.05534811337672618,-0.03751824106713375,0.3117280452585141,0.27495981267959935,0.4636887683870611,0.022372297754533088,-0.07007336862070573,-0.3530502147165253,0.17741569473673735,2.5360431927973823,-0.9741336435515013,0.22665097322505728,2.5830752664476178,-0.9593984816653188,4.981961667360721,4.791481597975551,-0.7790772229449789,2017,5
2017-06,1.295,46.37,244.163,-0.4164452178530172,-0.36534445707312085,0.0,-0.907456561064006,1.3559388417436986,48.55203404761027,1.1560008106573874,0.30449408654215554,3.882636089794024,0.258510695151501,0.15952761503149998,-2.2747150705265975,-1.7383516354652118,-0.36249725769642444,-1.692696211102019,-14.085989372797606,0.054521146277076826,0.44373877901323655,0.39164194690576,0.4152032436446302,0.45169996291091763,0.33516634275657387,0.3857876559885154,4.014426955140241,3.9652361286229785,3.990421777336793,4.028376857962986,3.8992490260156822,3.9386517584280325,0.16698144215636382,0.16407543656614998,0.16245108459120516,0.16099272323130015,0.17358693502425998,0.18480551584385133,0.3959576456418444,0.3450071390710503,0.3681093215643955,0.39944703578260143,0.2768738737351775,0.3235317253454781,-0.08129356944635985,-0.05601566863400853,-0.06502103019397709,-0.025277900812351345,-1.7383516354652118,-1.692696211102018,0.05452114627707694,0.2990928460337646,0.0650191671402251,0.2772669368102856,0.3003353234929518,-0.07138829656631168,-0.2364801228806639,0.3190416132464349,0.05560775743519386,0.2761118410865482,0.3179741159681524,-0.03766403909259086,-0.25305112897129867,-0.019948767212670027,0.00941140970503146,0.001155095723737204,-0.0176387924752007,-0.03372425747372074,0.016571006090634804,0.32190139586318994,0.08341240138258788,0.30138568952148737,0.3206358553583116,-0.05602054153815145,-0.22574508479476535,-1.586114350422306,-0.09374199864658883,0.5306570425020186,-1.2813480659587857,-0.03683255928711415,0.7017073857354431,0.7744337743305518,3.757208227993833,3.555978756168951,2017,6
2017-07,1.417,48.48,244.243,-0.05990195786903651,-0.06738402394858242,0.0,0.721694178220798,1.4831938298470513,50.744697862374764,1.208207091961304,0.3941977557931924,3.926807136845708,0.34854196070854343,0.20506023723085276,-2.334617028395634,-1.3299261201297021,-0.42988128164500683,-1.1114059640757779,-13.364295194576808,2.104574239998375,0.4192044662851095,0.30449408654215554,0.457970181025907,0.4629731567199145,0.43233204855070906,0.30335022320428107,3.9901368271120803,3.882636089794024,4.003048087581594,4.0478855169848496,3.958329149713982,3.86831051920398,0.16673725745639711,0.15952761503149998,0.19259171172768141,0.15275725801843287,0.21167251712009533,0.17270932228366934,0.372468255536661,0.258510695151501,0.412109650826833,0.41475515501525706,0.37637952721306783,0.24059046491793043,0.09084753258891132,0.058496617641727866,0.107951495790613,0.03235091494718342,-1.3299261201297021,-1.111405964075777,2.1045742399983745,0.23548803054387932,-0.08129356944635985,0.2534309950104462,0.4625318418806216,0.02963790436189273,-0.2056652440553921,0.25670998247940746,-0.05601566863400853,0.20803945728350026,0.5506108547175699,0.005538462051334125,-0.23839740820927924,-0.021221951935528477,-0.025277900812351345,0.04539153772694621,-0.08807901283694874,0.024099442310558827,0.03273216415388677,0.25762524827114186,-0.06502103019397709,0.27495981267959935,0.4873258478500924,0.046356614271761964,-0.19701909651680108,-1.7383516354652118,0.17741569473673735,2.067695307843156,-1.692696211102019,0.22665097322505728,2.128857463424779,0.054521146277076826,4.981961667360721,5.802362531419302,2017,7
2017-08,1.561,51.7,245.183,-0.01596769585295783,-0.2931992013332576,0.0,1.5397837808919,1.6276564141206091,53.90764677132319,1.2835153993172188,0.4871411974691561,3.9872723374502446,0.445326641533295,0.23753847830227975,-2.3505847242485918,-1.4548584305992367,-0.7230804829782644,-1.4180063466027333,-11.824511413684908,2.480255951783895,0.40774189946398914,0.3941977557931924,0.39164194690576,0.4829441828722894,0.35931345755220234,0.3194229393576664,3.9699570970888907,3.926807136845708,3.9652361286229785,4.051593362352245,3.8554186854787553,3.8860693166126494,0.1754544206584671,0.20506023723085276,0.16407543656614998,0.16902043880341333,0.2415643903568156,0.17102324102838512,0.36143272315220876,0.34854196070854343,0.3450071390710503,0.43631757159092904,0.3045391895182039,0.258510695151501,0.16771825811148966,0.10120302083759514,0.186815946381794,0.06651523727389463,-1.4548584305992365,-1.4180063466027324,2.480255951783894,0.17354064566192764,0.09084753258891132,0.0650191671402251,0.4359728118680574,0.005669239044372332,-0.08057123132882454,0.1746909429667678,0.058496617641727866,0.05560775743519386,0.5059056529876433,-0.006365888009453702,-0.025223117952098306,-0.0011502973048398146,0.03235091494718342,0.00941140970503146,-0.06993284111958564,0.012035127053826034,-0.05534811337672618,0.19439618959456195,0.107951495790613,0.08341240138258788,0.4636887683870611,0.022372297754533088,-0.07007336862070573,-1.3299261201297021,-1.586114350422306,2.5360431927973823,-1.1114059640757779,-1.2813480659587857,2.5830752664476178,2.104574239998375,0.7744337743305518,4.791481597975551,2017,8
2017-09,1.8,56.15,246.435,0.3607270802632985,0.6090712195117037,0.0,1.18978251880141,1.8673266784344758,58.25021833005322,1.3869099602393624,0.6245078243118727,4.0647478405942055,0.5877866649021191,0.29742960200103524,-1.9898576439852933,-1.2627142421448942,-0.1140092634665607,-0.9049621668995019,-10.634728894883498,3.6389145242475194,0.4084414018968003,0.4871411974691561,0.30449408654215554,0.4152032436446302,0.45169996291091763,0.33516634275657387,3.95923692627189,3.9872723374502446,3.882636089794024,3.990421777336793,4.028376857962986,3.8992490260156822,0.18687409390827817,0.23753847830227975,0.15952761503149998,0.16245108459120516,0.16099272323130015,0.17358693502425998,0.36293423480926973,0.445326641533295,0.258510695151501,0.3681093215643955,0.39944703578260143,0.2768738737351775,0.2893414815552988,0.16549881457852322,0.31091279116694154,0.12384266697677526,-1.2627142421448942,-0.904962166899501,3.638914524247518,0.12883155336916635,0.16771825811148966,-0.08129356944635985,0.2772669368102856,0.3003353234929518,-0.07138829656631168,0.10724050427509324,0.10120302083759514,-0.05601566863400853,0.2761118410865482,0.3179741159681524,-0.03766403909259086,0.021591049094073583,0.06651523727389463,-0.025277900812351345,0.001155095723737204,-0.0176387924752007,-0.03372425747372074,0.14825071926035074,0.186815946381794,-0.06502103019397709,0.30138568952148737,0.3206358553583116,-0.05602054153815145,-1.4548584305992367,-1.7383516354652118,-0.09374199864658883,-1.4180063466027333,-1.692696211102019,-0.03683255928711415,2.480255951783895,0.054521146277076826,3.757208227993833,2017,9
2017-10,1.659,57.51,246.626,-0.42263579814174507,-0.4079133416362368,0.0,0.766558597031061,1.7197198825346882,59.61488272728747,1.4194019696973208,0.5421614185709358,4.087905253088291,0.5062150112083075,0.191925783766013,-2.4124934421270385,-2.399642071990802,-0.5219226051027975,-2.0954829674227438,-9.868170297852437,4.512944022359139,0.443325498674674,0.6245078243118727,0.3941977557931924,0.457970181025907,0.4629731567199145,0.43233204855070906,3.971624603481459,4.0647478405942055,3.926807136845708,4.003048087581594,4.0478855169848496,3.958329149713982,0.20937051347658317,0.29742960200103524,0.20506023723085276,0.19259171172768141,0.15275725801843287,0.21167251712009533,0.399547125365557,0.5877866649021191,0.34854196070854343,0.412109650826833,0.41475515501525706,0.37637952721306783,0.10982937002022675,0.1295761033743088,0.12983548399523964,-0.019746733354082335,-2.399642071990802,-2.0954829674227433,4.512944022359138,0.1308439774933352,0.2893414815552988,0.09084753258891132,0.2534309950104462,0.4625318418806216,0.02963790436189273,0.0888049998570879,0.16549881457852322,0.058496617641727866,0.20803945728350026,0.5506108547175699,0.005538462051334125,0.04203897763624659,0.12384266697677526,0.03235091494718342,0.04539153772694621,-0.08807901283694874,0.024099442310558827,0.14983856953459312,0.31091279116694154,0.107951495790613,0.27495981267959935,0.4873258478500924,0.046356614271761964,-1.2627142421448942,-1.3299261201297021,0.17741569473673735,-0.9049621668995019,-1.1114059640757779,0.22665097322505728,3.6389145242475194,2.104574239998375,4.981961667360721,2017,10
2017-11,1.76,62.71,247.284,0.178267347914347,-0.2255886657440241,0.19558541693422676,1.58754558790659,1.8195619072267786,64.83223136488141,1.5436245563067001,0.5985957617983694,4.1718028773032385,0.5653138090500605,0.16446250277849928,-2.2342260942126915,-1.522014958286264,-0.7475112708468217,-1.7145724359539356,-8.280624709945847,7.989159157322098,0.4573573715988455,0.5421614185709358,0.4871411974691561,0.39164194690576,0.4829441828722894,0.35931345755220234,3.985767464399242,4.087905253088291,3.9872723374502446,3.9652361286229785,4.051593362352245,3.8554186854787553,0.20925952548297178,0.191925783766013,0.23753847830227975,0.16407543656614998,0.16902043880341333,0.2415643903568156,0.4152313520958027,0.5062150112083075,0.445326641533295,0.3450071390710503,0.43631757159092904,0.3045391895182039,0.23928230424616703,0.3163841918244832,0.26077461953185654,-0.07710188757831632,-1.522014958286264,-1.7145724359539352,7.989159157322096,0.10691037332829861,0.10982937002022675,0.16771825811148966,0.0650191671402251,0.4359728118680574,0.005669239044372332,0.07572777420555665,0.1295761033743088,0.10120302083759514,0.05560775743519386,0.5059056529876433,-0.006365888009453702,0.031182599122741822,-0.019746733354082335,0.06651523727389463,0.00941140970503146,-0.06993284111958564,0.012035127053826034,0.1256511814205331,0.12983548399523964,0.186815946381794,0.08341240138258788,0.4636887683870611,0.022372297754533088,-2.399642071990802,-1.4548584305992367,-1.586114350422306,-2.0954829674227438,-1.4180063466027333,-1.2813480659587857,4.512944022359139,2.480255951783895,0.7744337743305518,2017,11
2017-12,1.817,64.37,247.805,-0.20407120189974928,-0.2622332047887606,0.0,1.5922330927162,1.8745414495941028,66.40849373163039,1.5811546126578664,0.6283640692961693,4.1958249659466595,0.5971867894140341,0.17020872163287776,-2.4382972961124407,-2.4270583029028083,-1.0097444756355822,-2.8921925447856105,-6.688391617229647,6.709024575398779,0.49184967408094704,0.5985957617983694,0.6245078243118727,0.30449408654215554,0.4152032436446302,0.45169996291091763,4.020195255845952,4.1718028773032385,4.0647478405942055,3.882636089794024,3.990421777336793,4.028376857962986,0.20932403651836337,0.16446250277849928,0.29742960200103524,0.15952761503149998,0.16245108459120516,0.16099272323130015,0.4519491304256377,0.5653138090500605,0.5877866649021191,0.258510695151501,0.3681093215643955,0.39944703578260143,0.17666410638525165,0.16744810798367382,0.1977397536314327,0.009215998401577608,-2.4270583029028083,-2.89219254478561,6.709024575398776,0.13595422951262232,0.23928230424616703,0.2893414815552988,-0.08129356944635985,0.2772669368102856,0.3003353234929518,0.11919051327043784,0.3163841918244832,0.16549881457852322,-0.05601566863400853,0.2761118410865482,0.3179741159681524,0.016763716242183924,-0.07710188757831632,0.12384266697677526,-0.025277900812351345,0.001155095723737204,-0.0176387924752007,0.1552115511120779,0.26077461953185654,0.31091279116694154,-0.06502103019397709,0.30138568952148737,0.3206358553583116,-1.522014958286264,-1.2627142421448942,-1.7383516354652118,-1.7145724359539356,-0.9049621668995019,-1.692696211102019,7.989159157322098,3.6389145242475194,0.054521146277076826,2017,12
2018-01,1.952,69.08,248.859,0.7541592690602492,0.981993107370347,0.0,0.830950717565315,2.005287502829581,70.96580978251406,1.689662137678906,0.695787443411208,4.262198208698785,0.6688544879909007,0.17125885299579136,-1.6841380270521915,-1.84505718684083,-0.027751368265235277,-1.8953004719776092,-5.857440899664332,6.848147034299783,0.5458280045399494,0.6283640692961693,0.5421614185709358,0.3941977557931924,0.457970181025907,0.4629731567199145,4.07239340187139,4.1958249659466595,4.087905253088291,3.926807136845708,4.003048087581594,4.0478855169848496,0.21110422095192627,0.17020872163287776,0.191925783766013,0.20506023723085276,0.19259171172768141,0.15275725801843287,0.50839514613606,0.5971867894140341,0.5062150112083075,0.34854196070854343,0.412109650826833,0.41475515501525706,0.2328142866912935,0.21431269171393552,0.2540993329756437,0.018501594977358482,-1.84505718684083,-1.8953004719776085,6.848147034299781,0.17894717548455757,0.17666410638525165,0.10982937002022675,0.09084753258891132,0.2534309950104462,0.4625318418806216,0.15643447604005134,0.16744810798367382,0.1295761033743088,0.058496617641727866,0.20803945728350026,0.5506108547175699,0.022512699444505374,0.009215998401577608,-0.019746733354082335,0.03235091494718342,0.04539153772694621,-0.08807901283694874,0.19900501508297957,0.1977397536314327,0.12983548399523964,0.107951495790613,0.27495981267959935,0.4873258478500924,-2.4270583029028083,-2.399642071990802,-1.3299261201297021,-2.8921925447856105,-2.0954829674227438,-1.1114059640757779,6.709024575398779,4.512944022359139,2.104574239998375,2018,1
2018-02,1.849,65.32,249.529,-0.34816937855841323,-0.47579343522663137,0.0,-0.27224647626624,1.894375509793785,66.92298988627908,1.593404521101883,0.6388892379391178,4.203542553636394,0.6146449524049877,0.17301630258609185,-2.032307405610605,-2.455600534658714,-0.5035448034918666,-2.678421284597479,-6.129687375930572,6.432580978923793,0.5960929524762854,0.695787443411208,0.5985957617983694,0.4871411974691561,0.39164194690576,0.4829441828722894,4.128291913846904,4.262198208698785,4.1718028773032385,3.9872723374502446,3.9652361286229785,4.051593362352245,0.20547065691274938,0.17125885299579136,0.16446250277849928,0.23753847830227975,0.16407543656614998,0.16902043880341333,0.5617805673497861,0.6688544879909007,0.5653138090500605,0.445326641533295,0.3450071390710503,0.43631757159092904,0.15594505506682838,0.15194919128414952,0.1783273808140587,0.0039958637826785215,-2.455600534658714,-2.6784212845974786,6.432580978923792,0.20260830116828793,0.2328142866912935,0.23928230424616703,0.16771825811148966,0.0650191671402251,0.4359728118680574,0.18240382171875336,0.21431269171393552,0.3163841918244832,0.10120302083759514,0.05560775743519386,0.5059056529876433,0.020204479449534546,0.018501594977358482,-0.07710188757831632,0.06651523727389463,0.00941140970503146,-0.06993284111958564,0.22336298794715131,0.2540993329756437,0.26077461953185654,0.186815946381794,0.08341240138258788,0.4636887683870611,-1.84505718684083,-1.522014958286264,-1.4548584305992367,-1.8953004719776092,-1.7145724359539356,-1.4180063466027333,6.848147034299783,7.989159157322098,2.480255951783895,2018,2
2018-03,1.858,66.02,249.577,-0.08591356215351349,-0.09990051999864809,0.0,0.385497541050555,1.9032302649416148,67.6271593603043,1.6101704609596263,0.643552582014271,4.214009668047671,0.6195006403916469,0.16721253224996818,-2.1182209677641186,-1.196380795398853,-0.6034453234905147,-1.5212974277930449,-5.744189834880016,6.946994049316293,0.6213842925546122,0.6388892379391178,0.6283640692961693,0.6245078243118727,0.30449408654215554,0.4152032436446302,4.164336949877929,4.203542553636394,4.1958249659466595,4.0647478405942055,3.882636089794024,3.990421777336793,0.19471696096005142,0.17301630258609185,0.17020872163287776,0.29742960200103524,0.15952761503149998,0.16245108459120516,0.5900002858284016,0.6146449524049877,0.5971867894140341,0.5877866649021191,0.258510695151501,0.3681093215643955,0.22834933836964083,0.22358789071087815,0.25139131882725135,0.004761447658763018,-1.1963807953988534,-1.5212974277930442,6.946994049316293,0.20064610066084443,0.15594505506682838,0.17666410638525165,0.2893414815552988,-0.08129356944635985,0.2772669368102856,0.19086151679317842,0.15194919128414952,0.16744810798367382,0.16549881457852322,-0.05601566863400853,0.2761118410865482,0.00978458386766523,0.0039958637826785215,0.009215998401577608,0.12384266697677526,-0.025277900812351345,0.001155095723737204,0.22194822701919542,0.1783273808140587,0.1977397536314327,0.31091279116694154,-0.06502103019397709,0.30138568952148737,-2.455600534658714,-2.4270583029028083,-1.2627142421448942,-2.678421284597479,-2.8921925447856105,-0.9049621668995019,6.432580978923793,6.709024575398779,3.6389145242475194,2018,3
2018-04,2.015,72.11,250.227,0.31918627853668036,0.718185940940633,0.0,1.17801405470816,2.0586905306648235,73.6735355663724,1.7541317991993428,0.7220701159551957,4.299643651485217,0.7006191953986464,0.16009608275334675,-1.7990346892274383,-0.9081196353414684,0.11474061745011832,-0.7105975135696752,-4.566175780171856,6.920503754516024,0.6245584188383453,0.643552582014271,0.695787443411208,0.5421614185709358,0.3941977557931924,0.457970181025907,4.1892139211201735,4.214009668047671,4.262198208698785,4.087905253088291,3.926807136845708,4.003048087581594,0.17301411600154024,0.16721253224996818,0.17125885299579136,0.191925783766013,0.20506023723085276,0.19259171172768141,0.5952859484099896,0.6195006403916469,0.6688544879909007,0.5062150112083075,0.34854196070854343,0.412109650826833,0.2640999349292887,0.2965955639036233,0.2885095445718134,-0.03249562897433467,-0.9081196353414689,-0.7105975135696744,6.920503754516024,0.19048074346323474,0.22834933836964083,0.2328142866912935,0.10982937002022675,0.09084753258891132,0.2534309950104462,0.2005430294819055,0.22358789071087815,0.21431269171393552,0.1295761033743088,0.058496617641727866,0.20803945728350026,-0.010062286018670152,0.004761447658763018,0.018501594977358482,-0.019746733354082335,0.03235091494718342,0.04539153772694621,0.21202798162924713,0.25139131882725135,0.2540993329756437,0.12983548399523964,0.107951495790613,0.27495981267959935,-1.196380795398853,-1.84505718684083,-2.399642071990802,-1.5212974277930449,-1.8953004719776092,-2.0954829674227438,6.946994049316293,6.848147034299783,4.512944022359139,2018,4
2018-05,2.155,76.98,250.792,0.553107280919625,0.3869413983492188,0.0,0.683938464336138,2.196765913918041,78.47194434032986,1.868379627150711,0.7869862396684933,4.362741163968383,0.767790723555711,0.16191469398347902,-1.2459274083078133,0.6123424443657672,0.5016820157993371,0.49883481642263994,-3.8822373158357184,9.29629549589788,0.6545432017357219,0.7220701159551957,0.6388892379391178,0.5985957617983694,0.4871411974691561,0.39164194690576,4.224503654186328,4.299643651485217,4.203542553636394,4.1718028773032385,3.9872723374502446,3.9652361286229785,0.16770916583276252,0.16009608275334675,0.17301630258609185,0.16446250277849928,0.23753847830227975,0.16407543656614998,0.6276866457750461,0.7006191953986464,0.6146449524049877,0.5653138090500605,0.445326641533295,0.3450071390710503,0.39534429276273336,0.39750503534540416,0.4227835844846607,-0.0021607425826709603,0.6123424443657668,0.4988348164226407,9.296295495897882,0.21619250428141162,0.2640999349292887,0.15594505506682838,0.23928230424616703,0.16771825811148966,0.0650191671402251,0.22837960623679043,0.2965955639036233,0.15194919128414952,0.3163841918244832,0.10120302083759514,0.05560775743519386,-0.012187101955378893,-0.03249562897433467,0.0039958637826785215,-0.07710188757831632,0.06651523727389463,0.00941140970503146,0.23847365839200946,0.2885095445718134,0.1783273808140587,0.26077461953185654,0.186815946381794,0.08341240138258788,-0.9081196353414684,-2.455600534658714,-1.522014958286264,-0.7105975135696752,-2.678421284597479,-1.7145724359539356,6.920503754516024,6.432580978923793,7.989159157322098,2018,5
2018-06,2.09,74.41,251.018,-0.7355856322447939,-0.5390670128404105,-0.4329802675511663,-0.34039423852402,2.1285879863861026,75.78384309425354,1.8043772165298462,0.7554588427049538,4.327885118137404,0.7371640659767196,0.16524334285091813,-1.9815130405526071,0.2932020299739905,-0.03738499704107334,0.32511226065535026,-4.222631554359738,9.863357818437867,0.6859416147140759,0.7869862396684933,0.643552582014271,0.6283640692961693,0.6245078243118727,0.30449408654215554,4.256326701963852,4.362741163968383,4.214009668047671,4.1958249659466595,4.0647478405942055,3.882636089794024,0.1672845310335925,0.16191469398347902,0.16721253224996818,0.17020872163287776,0.29742960200103524,0.15952761503149998,0.6614327981926545,0.767790723555711,0.6195006403916469,0.5971867894140341,0.5877866649021191,0.258510695151501,0.45096475616279824,0.4452490283433801,0.4786533708252186,0.005715727819418148,0.29320202997399036,0.3251122606553511,9.863357818437867,0.24220283570083934,0.39534429276273336,0.22834933836964083,0.17666410638525165,0.2893414815552988,-0.08129356944635985,0.24189974682361104,0.39750503534540416,0.22358789071087815,0.16744810798367382,0.16549881457852322,-0.05601566863400853,0.0003030888772286855,-0.0021607425826709603,0.004761447658763018,0.009215998401577608,0.12384266697677526,-0.025277900812351345,0.26547515255081017,0.4227835844846607,0.25139131882725135,0.1977397536314327,0.31091279116694154,-0.06502103019397709,0.6123424443657672,-1.196380795398853,-2.4270583029028083,0.49883481642263994,-1.5212974277930449,-2.8921925447856105,9.29629549589788,6.946994049316293,6.709024575398779,2018,6
2018-07,2.098,74.25,251.214,0.5513295306262724,0.5713006543596983,0.0,-0.680556340914897,2.135068586278366,75.56188871838354,1.7990925885329414,0.7584987708851462,4.32495203859385,0.7409845099741054,0.17121635057466478,-1.4301835099263347,0.9044335184692995,0.533915657318625,0.9637969389636311,-4.903187895274636,8.461107299302173,0.7071240769488734,0.7554588427049538,0.7220701159551957,0.695787443411208,0.5421614185709358,0.3941977557931924,4.278336727328976,4.327885118137404,4.299643651485217,4.262198208698785,4.087905253088291,3.926807136845708,0.1664569679032659,0.16524334285091813,0.16009608275334675,0.17125885299579136,0.191925783766013,0.20506023723085276,0.6847623442864353,0.7371640659767196,0.7006191953986464,0.6688544879909007,0.5062150112083075,0.34854196070854343,0.3643010150919538,0.39814490174814177,0.39244254926556194,-0.03384388665618798,0.9044335184692993,0.9637969389636318,8.461107299302173,0.28791961066376387,0.45096475616279824,0.2640999349292887,0.2328142866912935,0.10982937002022675,0.09084753258891132,0.2881999002168958,0.4452490283433801,0.2965955639036233,0.21431269171393552,0.1295761033743088,0.058496617641727866,-0.0002802895531312244,0.005715727819418148,-0.03249562897433467,0.018501594977358482,-0.019746733354082335,0.03235091494718342,0.3122940887497743,0.4786533708252186,0.2885095445718134,0.2540993329756437,0.12983548399523964,0.107951495790613,0.2932020299739905,-0.9081196353414684,-1.84505718684083,0.32511226065535026,-0.7105975135696752,-1.8953004719776092,9.863357818437867,6.920503754516024,6.848147034299783,2018,7
2018-08,2.118,72.53,251.663,-0.1934663761515839,0.1599893594019897,0.0,0.184686266529274,2.151576399788606,73.67980938464005,1.7542811758247632,0.7662007826770237,4.29972880487313,0.7504722471792147,0.2041415960872619,-1.6236498860779185,0.7269348381706735,0.6939050167206147,1.4169854996988784,-4.718501628745361,7.1060097849395465,0.7175759648611963,0.7584987708851462,0.7869862396684933,0.6388892379391178,0.5985957617983694,0.4871411974691561,4.288795698978153,4.32495203859385,4.362741163968383,4.203542553636394,4.1718028773032385,3.9872723374502446,0.16644988416641146,0.17121635057466478,0.16191469398347902,0.17301630258609185,0.16446250277849928,0.23753847830227975,0.6967840146169695,0.7409845099741054,0.767790723555711,0.6146449524049877,0.5653138090500605,0.445326641533295,0.27905958520786767,0.31245646742288535,0.3051456056459197,-0.033396882215017853,0.7269348381706733,1.416985499698879,7.1060097849395465,0.3098340653972072,0.3643010150919538,0.39534429276273336,0.15594505506682838,0.23928230424616703,0.16771825811148966,0.3188386018892624,0.39814490174814177,0.39750503534540416,0.15194919128414952,0.3163841918244832,0.10120302083759514,-0.009004536492055626,-0.03384388665618798,-0.0021607425826709603,0.0039958637826785215,-0.07710188757831632,0.06651523727389463,0.3353512914647607,0.39244254926556194,0.4227835844846607,0.1783273808140587,0.26077461953185654,0.186815946381794,0.9044335184692995,0.6123424443657672,-2.455600534658714,0.9637969389636311,0.49883481642263994,-2.678421284597479,8.461107299302173,9.29629549589788,6.432580978923793,2018,8
2018-09,2.189,78.89,252.182,0.5859284681295563,0.7408965946418516,0.0,0.385652079916519,2.219125492369268,79.97570127593035,1.9041833637126273,0.7971131959202096,4.3817228544864815,0.7834448185407259,0.15305995971709618,-1.037721417948362,0.9521362260369313,1.4348016113624662,1.5488108748290261,-4.332849548828842,6.301879346054656,0.7387945556508474,0.7662007826770237,0.7554588427049538,0.643552582014271,0.6283640692961693,0.6245078243118727,4.304826740850943,4.29972880487313,4.327885118137404,4.214009668047671,4.1958249659466595,4.0647478405942055,0.17163743308327314,0.2041415960872619,0.16524334285091813,0.16721253224996818,0.17020872163287776,0.29742960200103524,0.7194218970793407,0.7504722471792147,0.7371640659767196,0.6195006403916469,0.5971867894140341,0.5877866649021191,0.1726053716083369,0.316975013892276,0.19565815363860684,-0.14436964228393906,0.9521362260369313,1.548810874829027,6.301879346054656,0.3303531537540471,0.27905958520786767,0.45096475616279824,0.22834933836964083,0.17666410638525165,0.2893414815552988,0.3455898145790526,0.31245646742288535,0.4452490283433801,0.22358789071087815,0.16744810798367382,0.16549881457852322,-0.015236660825005022,-0.033396882215017853,0.005715727819418148,0.004761447658763018,0.009215998401577608,0.12384266697677526,0.35648766227007095,0.3051456056459197,0.4786533708252186,0.25139131882725135,0.1977397536314327,0.31091279116694154,0.7269348381706735,0.2932020299739905,-1.196380795398853,1.4169854996988784,0.32511226065535026,-1.5212974277930449,7.1060097849395465,9.863357818437867,6.946994049316293,2018,9
2018-10,2.249,81.03,252.772,0.22303224540765323,0.19642777017732432,0.0,-0.992110558943869,2.2746295472467946,81.9534158352191,1.9512718056004548,0.8218172027685965,4.406150986264052,0.8104856729771787,0.15333583478791313,-0.8146891725407088,1.5978042695863295,1.6312293815397905,2.1531519866425874,-5.324960107772712,4.5432101900797255,0.7643879913018371,0.7971131959202096,0.7584987708851462,0.7220701159551957,0.695787443411208,0.5421614185709358,4.332778938590745,4.3817228544864815,4.32495203859385,4.299643651485217,4.262198208698785,4.087905253088291,0.16927867099446112,0.15305995971709618,0.17121635057466478,0.16009608275334675,0.17125885299579136,0.191925783766013,0.7467459267708539,0.7834448185407259,0.7409845099741054,0.7006191953986464,0.6688544879909007,0.5062150112083075,0.2796557841976607,0.3182457331757611,0.3042706617688712,-0.038589948978099864,1.5978042695863297,2.153151986642588,4.5432101900797255,0.3210624926271631,0.1726053716083369,0.3643010150919538,0.2640999349292887,0.2328142866912935,0.10982937002022675,0.3611543351092861,0.316975013892276,0.39814490174814177,0.2965955639036233,0.21431269171393552,0.1295761033743088,-0.04009184248212205,-0.14436964228393906,-0.03384388665618798,-0.03249562897433467,0.018501594977358482,-0.019746733354082335,0.34719880140529696,0.19565815363860684,0.39244254926556194,0.2885095445718134,0.2540993329756437,0.12983548399523964,0.9521362260369313,0.9044335184692995,-0.9081196353414684,1.5488108748290261,0.9637969389636311,-0.7105975135696752,6.301879346054656,8.461107299302173,6.920503754516024,2018,10
2018-11,1.945,64.75,252.594,-1.5038914690583227,-1.6957504496517608,0.0,-2.34863612689951,1.9685514089144374,65.53403790602047,1.5603342358576302,0.6772979468414099,4.182569670350647,0.6652619770704097,0.23239789477413086,-2.3185806415990315,-0.08435454738634007,-0.06452106811197034,0.6829902027348507,-7.673596234672221,0.6070284752736255,0.7810125057707372,0.8218172027685965,0.7662007826770237,0.7869862396684933,0.6388892379391178,0.5985957617983694,4.350530161053883,4.406150986264052,4.29972880487313,4.362741163968383,4.203542553636394,4.1718028773032385,0.1681519630002222,0.15333583478791313,0.2041415960872619,0.16191469398347902,0.17301630258609185,0.16446250277849928,0.7650570063672758,0.8104856729771787,0.7504722471792147,0.767790723555711,0.6146449524049877,0.5653138090500605,0.0787021850430405,0.010766793047408463,0.09994816802034923,0.06793539199563159,-0.08435454738634007,0.6829902027348513,0.6070284752736264,0.32365513417189173,0.2796557841976607,0.27905958520786767,0.39534429276273336,0.15594505506682838,0.23928230424616703,0.36476269665464134,0.3182457331757611,0.31245646742288535,0.39750503534540416,0.15194919128414952,0.3163841918244832,-0.04110756248274958,-0.038589948978099864,-0.033396882215017853,-0.0021607425826709603,0.0039958637826785215,-0.07710188757831632,0.3498256542714731,0.3042706617688712,0.3051456056459197,0.4227835844846607,0.1783273808140587,0.26077461953185654,1.5978042695863295,0.7269348381706735,0.6123424443657672,2.1531519866425874,1.4169854996988784,0.49883481642263994,4.5432101900797255,7.1060097849395465,9.29629549589788,2018,11
2018-12,1.696,57.36,252.767,-0.37882755879112356,-0.3738923334070533,2.0508602109186365,-0.991398740456912,1.7153615042047947,58.01482068466216,1.3813052543967181,0.5396238480286789,4.060698506950333,0.5282725373697112,0.21659495936171463,-2.697408200390155,-0.25911090427771444,-0.43841340151902364,0.571331074116558,-8.664994975129133,-1.9766033578994866,0.7627311236328901,0.6772979468414099,0.7971131959202096,0.7554588427049538,0.643552582014271,0.6283640692961693,4.320501578784261,4.182569670350647,4.3817228544864815,4.327885118137404,4.214009668047671,4.1958249659466595,0.1798991631319975,0.23239789477413086,0.15305995971709618,0.16524334285091813,0.16721253224996818,0.17020872163287776,0.7479688819530589,0.6652619770704097,0.7834448185407259,0.7371640659767196,0.6195006403916469,0.5971867894140341,-0.08874022126749037,-0.1351264589963268,-0.06891425204432289,0.04638623772883688,-0.2591109042777142,0.5713310741165586,-1.976603357899486,0.27088144955194304,0.0787021850430405,0.1726053716083369,0.45096475616279824,0.22834933836964083,0.17666410638525165,0.30030632293830894,0.010766793047408463,0.316975013892276,0.4452490283433801,0.22358789071087815,0.16744810798367382,-0.029424873386365874,0.06793539199563159,-0.14436964228393906,0.005715727819418148,0.004761447658763018,0.009215998401577608,0.29601975152742116,0.09994816802034923,0.19565815363860684,0.4786533708252186,0.25139131882725135,0.1977397536314327,-0.08435454738634007,0.9521362260369313,0.2932020299739905,0.6829902027348507,1.5488108748290261,0.32511226065535026,0.6070284752736255,6.301879346054656,9.863357818437867,2018,12
2019-01,1.784,59.41,252.561,0.491943148452525,0.526194237644629,0.0,4.11273927830279,1.805837831916514,60.137234077444,1.4318389066058095,0.5910246568969046,4.096629185106737,0.5788580341578177,0.23206509007353598,-2.20546505193763,-0.5213270248854387,0.08778083612560539,0.11553220439084011,-4.552255696826343,1.3051852028379884,0.7267586245201776,0.5396238480286789,0.8218172027685965,0.7584987708851462,0.7220701159551957,0.695787443411208,4.275970476919749,4.060698506950333,4.406150986264052,4.32495203859385,4.299643651485217,4.262198208698785,0.18845776588379692,0.21659495936171463,0.15333583478791313,0.17121635057466478,0.16009608275334675,0.17125885299579136,0.7131536271852243,0.5282725373697112,0.8104856729771787,0.7409845099741054,0.7006191953986464,0.6688544879909007,-0.10476278651430337,-0.16556902359204795,-0.08999645383308308,0.06080623707774463,-0.5213270248854385,0.11553220439084066,1.305185202837989,0.1809306199802282,-0.08874022126749037,0.2796557841976607,0.3643010150919538,0.2640999349292887,0.2328142866912935,0.20357707504835876,-0.1351264589963268,0.3182457331757611,0.39814490174814177,0.2965955639036233,0.21431269171393552,-0.022646455068129345,0.04638623772883688,-0.038589948978099864,-0.03384388665618798,-0.03249562897433467,0.018501594977358482,0.2047584810491644,-0.06891425204432289,0.3042706617688712,0.39244254926556194,0.2885095445718134,0.2540993329756437,-0.25911090427771444,1.5978042695863295,0.9044335184692995,0.571331074116558,2.1531519866425874,0.9637969389636311,-1.9766033578994866,4.5432101900797255,8.461107299302173,2019,1
2019-02,1.914,63.96,253.319,0.22402264130270289,0.2750110560491052,0.0,0.279159333428557,1.9316318337748057,64.54920171799195,1.5368857551902846,0.6583651554026764,4.1674277503376675,0.6491952930307625,0.22860702334837718,-1.981442410634927,0.050864994975677424,0.3627918921747106,0.8663366956665768,-4.273096363397786,1.8565910125327854,0.6988462721888039,0.5910246568969046,0.6772979468414099,0.7662007826770237,0.7869862396684933,0.6388892379391178,4.23791666800523,4.096629185106737,4.182569670350647,4.29972880487313,4.362741163968383,4.203542553636394,0.1985992224669421,0.23206509007353598,0.23239789477413086,0.2041415960872619,0.16191469398347902,0.17301630258609185,0.6861325478825097,0.5788580341578177,0.6652619770704097,0.7504722471792147,0.767790723555711,0.6146449524049877,0.01947591746355859,-0.03611480329872663,0.03455034062577478,0.05559072076228533,0.05086499497567787,0.8663366956665772,1.8565910125327854,0.10275331971251855,-0.10476278651430337,0.0787021850430405,0.27905958520786767,0.39534429276273336,0.15594505506682838,0.10962475415832618,-0.16556902359204795,0.010766793047408463,0.31245646742288535,0.39750503534540416,0.15194919128414952,-0.00687143444580729,0.06080623707774463,0.06793539199563159,-0.033396882215017853,-0.0021607425826709603,0.0039958637826785215,0.12435198053272356,-0.08999645383308308,0.09994816802034923,0.3051456056459197,0.4227835844846607,0.1783273808140587,-0.5213270248854387,-0.08435454738634007,0.7269348381706735,0.11553220439084011,0.6829902027348507,1.4169854996988784,1.3051852028379884,0.6070284752736255,7.1060097849395465,2019,2
2019-03,1.902,66.14,254.277,-0.09159962947517108,-0.15089777264204252,0.0,0.117015921143998,1.912289406827987,66.49780303238857,1.5832810245806803,0.6483011665786842,4.1971689100091325,0.6429059641231986,0.18880187485292005,-2.0730420401100984,0.04517892765401982,0.21189411953266807,0.8153394430231822,-4.1560804422537885,1.5881093926262284,0.6808736676430794,0.6583651554026764,0.5396238480286789,0.7971131959202096,0.7554588427049538,0.643552582014271,4.21586649224932,4.1674277503376675,4.060698506950333,4.3817228544864815,4.327885118137404,4.214009668047671,0.202676793677128,0.22860702334837718,0.21659495936171463,0.15305995971709618,0.16524334285091813,0.16721253224996818,0.6692530555244343,0.6491952930307625,0.5282725373697112,0.7834448185407259,0.7371640659767196,0.6195006403916469,0.004748584564413183,-0.016840758038538794,0.023405323731551686,0.021589342602951866,0.04517892765402021,0.8153394430231828,1.5881093926262277,0.05948937508846719,0.01947591746355859,-0.08874022126749037,0.1726053716083369,0.45096475616279824,0.22834933836964083,0.051529542371390846,-0.03611480329872663,-0.1351264589963268,0.316975013892276,0.4452490283433801,0.22358789071087815,0.007959832717076565,0.05559072076228533,0.04638623772883688,-0.14436964228393906,0.005715727819418148,0.004761447658763018,0.07925276969603268,0.03455034062577478,-0.06891425204432289,0.19565815363860684,0.4786533708252186,0.25139131882725135,0.050864994975677424,-0.25911090427771444,0.9521362260369313,0.8663366956665768,0.571331074116558,1.5488108748290261,1.8565910125327854,-1.9766033578994866,6.301879346054656,2019,3
2019-04,1.977,71.23,255.233,0.4665431993688285,0.3891057513720206,0.0,1.24423319865384,1.9802500352618981,71.3470966169474,1.6987403956416047,0.6832231171690429,4.267556650970826,0.6815805441884799,0.15333608448158564,-1.60649884074127,0.19253584848616795,0.6009998709046886,0.4862592534545698,-2.9118472435999485,1.6543285365719085,0.6560716627528252,0.6483011665786842,0.5910246568969046,0.8218172027685965,0.7584987708851462,0.7220701159551957,4.1851075015030945,4.1971689100091325,4.096629185106737,4.406150986264052,4.32495203859385,4.299643651485217,0.20863377953309867,0.18880187485292005,0.23206509007353598,0.15333583478791313,0.17121635057466478,0.16009608275334675,0.645829913121513,0.6429059641231986,0.5788580341578177,0.8104856729771787,0.7409845099741054,0.7006191953986464,-0.03884699878615272,-0.03208700051439184,-0.019038651210166457,-0.006759998271761103,0.19253584848616834,0.48625925345457033,1.6543285365719078,0.03151324391447996,0.004748584564413183,-0.10476278651430337,0.2796557841976607,0.3643010150919538,0.2640999349292887,-0.004106419617079027,-0.016840758038538794,-0.16556902359204795,0.3182457331757611,0.39814490174814177,0.2965955639036233,0.03561966353155843,0.021589342602951866,0.06080623707774463,-0.038589948978099864,-0.03384388665618798,-0.03249562897433467,0.05054396471152345,0.023405323731551686,-0.08999645383308308,0.3042706617688712,0.39244254926556194,0.2885095445718134,0.04517892765401982,-0.5213270248854387,1.5978042695863295,0.8153394430231822,0.11553220439084011,2.1531519866425874,1.5881093926262284,1.3051852028379884,4.5432101900797255,2019,4
2019-05,1.972,71.32,255.296,-0.8278699842740063,-0.7133525225070269,0.0,0.226317975225769,1.9747543805360577,71.4196158315576,1.7004670436085145,0.6804440263336657,4.268572563148162,0.6790482561804436,0.14954108146887246,-2.434368825015276,-1.1884414167074633,-0.1123526516023382,-0.6140346674016759,-2.6855292683741796,1.1967080474615395,0.6329726484862329,0.6832231171690429,0.6583651554026764,0.6772979468414099,0.7662007826770237,0.7869862396684933,4.162008445620891,4.267556650970826,4.1674277503376675,4.182569670350647,4.29972880487313,4.362741163968383,0.20863382114871074,0.15333608448158564,0.22860702334837718,0.23239789477413086,0.2041415960872619,0.16191469398347902,0.6243457249900632,0.6815805441884799,0.6491952930307625,0.6652619770704097,0.7504722471792147,0.767790723555711,-0.1065422133348276,-0.09416860082022094,-0.08874246737526736,-0.012373612514606558,-1.1884414167074628,-0.6140346674016753,1.1967080474615388,-0.021570553249488977,-0.03884699878615272,0.01947591746355859,0.0787021850430405,0.27905958520786767,0.39534429276273336,-0.06249520856543711,-0.03208700051439184,-0.03611480329872663,0.010766793047408463,0.31245646742288535,0.39750503534540416,0.040924655315948216,-0.006759998271761103,0.05559072076228533,0.06793539199563159,-0.033396882215017853,-0.0021607425826709603,-0.003340920784982826,-0.019038651210166457,0.03455034062577478,0.09994816802034923,0.3051456056459197,0.4227835844846607,0.19253584848616795,0.050864994975677424,-0.08435454738634007,0.4862592534545698,0.8663366956665768,0.6829902027348507,1.6543285365719085,1.8565910125327854,0.6070284752736255,2019,5
2019-06,1.817,64.22,255.213,-0.41577753183725946,-0.7930952263275102,0.0,-1.35218172661539,1.8201296325683516,64.33061365081979,1.531681277400471,0.5989077252381115,4.164035624485446,0.5971867894140341,0.1725417190360345,-2.8501463568525356,-0.8686333162999289,-0.9054478779298484,-0.8680628808887756,-4.0377109949895695,0.1849205593701695,0.6334969950682755,0.6804440263336657,0.6483011665786842,0.5396238480286789,0.7971131959202096,0.7554588427049538,4.176342261087143,4.268572563148162,4.1971689100091325,4.060698506950333,4.3817228544864815,4.327885118137404,0.194824352264501,0.14954108146887246,0.18880187485292005,0.21659495936171463,0.15305995971709618,0.16524334285091813,0.626643438175069,0.6790482561804436,0.6429059641231986,0.5282725373697112,0.7834448185407259,0.7371640659767196,-0.15655111746684225,-0.16384949365195833,-0.13997727656268544,0.007298376185116362,-0.8686333162999285,-0.868062880888775,0.18492055937016882,-0.05244461964580038,-0.1065422133348276,0.004748584564413183,-0.08874022126749037,0.1726053716083369,0.45096475616279824,-0.07998444087670897,-0.09416860082022094,-0.016840758038538794,-0.1351264589963268,0.316975013892276,0.4452490283433801,0.027539821230908507,-0.012373612514606558,0.021589342602951866,0.04638623772883688,-0.14436964228393906,0.005715727819418148,-0.03478936001758559,-0.08874246737526736,0.023405323731551686,-0.06891425204432289,0.19565815363860684,0.4786533708252186,-1.1884414167074633,0.04517892765401982,-0.25911090427771444,-0.6140346674016759,0.8153394430231822,0.571331074116558,1.1967080474615395,1.5881093926262284,-1.9766033578994866,2019,6
2019-07,1.913,63.92,255.802,0.38161135018801373,0.18188993846238555,-4.267107587758902,1.55716601126067,1.9118825963701094,63.88266364870747,1.5210158011597017,0.6480884091718145,4.157048020171718,0.6486726904581158,0.2287100072834649,-2.468535006664522,-1.0383514967381875,-0.7235579394674628,-1.2574735967860884,-2.4805449837288993,2.4226429115457364,0.6433776412698476,0.5989077252381115,0.6832231171690429,0.5910246568969046,0.8218172027685965,0.7584987708851462,4.193565114009662,4.164035624485446,4.267556650970826,4.096629185106737,4.406150986264052,4.32495203859385,0.18748214554355433,0.1725417190360345,0.15333608448158564,0.23206509007353598,0.15333583478791313,0.17121635057466478,0.6381291468491227,0.5971867894140341,0.6815805441884799,0.5788580341578177,0.8104856729771787,0.7409845099741054,-0.11041036171333163,-0.16790401842213143,-0.09231181951598955,0.057493656708800134,-1.0383514967381873,-1.2574735967860877,2.4226429115457364,-0.06374643567902571,-0.15655111746684225,-0.03884699878615272,-0.10476278651430337,0.2796557841976607,0.3643010150919538,-0.08477161331931438,-0.16384949365195833,-0.03208700051439184,-0.16556902359204795,0.3182457331757611,0.39814490174814177,0.02102517764028844,0.007298376185116362,-0.006759998271761103,0.06080623707774463,-0.038589948978099864,-0.03384388665618798,-0.046633197437312646,-0.13997727656268544,-0.019038651210166457,-0.08999645383308308,0.3042706617688712,0.39244254926556194,-0.8686333162999289,0.19253584848616795,-0.5213270248854387,-0.8680628808887756,0.4862592534545698,0.11553220439084011,0.1849205593701695,1.6543285365719085,1.3051852028379884,2019,7
2019-08,1.8,59.04,256.036,-0.4081939748899507,-0.21395773247267513,0.0,-1.3324756357688,1.797304480619913,58.951586964333146,1.4036092134365035,0.5862880317454885,4.076716547135587,0.5877866649021191,0.24724110289327023,-2.8767289815544728,-1.2530790954765543,-0.937515671940138,-1.6314206886607532,-3.813020619497699,0.9054810092476628,0.6528882666489992,0.6480884091718145,0.6804440263336657,0.6583651554026764,0.6772979468414099,0.7662007826770237,4.203634919853825,4.157048020171718,4.268572563148162,4.1674277503376675,4.182569670350647,4.29972880487313,0.18692296507854245,0.2287100072834649,0.14954108146887246,0.22860702334837718,0.23239789477413086,0.2041415960872619,0.6497649228991724,0.6486726904581158,0.6790482561804436,0.6491952930307625,0.6652619770704097,0.7504722471792147,-0.17991275093153525,-0.22301225773754307,-0.16268558227709562,0.043099506806008325,-1.2530790954765543,-1.6314206886607527,0.9054810092476622,-0.06468769821219711,-0.11041036171333163,-0.1065422133348276,0.01947591746355859,0.0787021850430405,0.27905958520786767,-0.08516077912432785,-0.16790401842213143,-0.09416860082022094,-0.03611480329872663,0.010766793047408463,0.31245646742288535,0.020473080912130986,0.057493656708800134,-0.012373612514606558,0.05559072076228533,0.06793539199563159,-0.033396882215017853,-0.04701909171779706,-0.09231181951598955,-0.08874246737526736,0.03455034062577478,0.09994816802034923,0.3051456056459197,-1.0383514967381875,-1.1884414167074633,0.050864994975677424,-1.2574735967860884,-0.6140346674016759,0.8663366956665768,2.4226429115457364,1.1967080474615395,1.8565910125327854,2019,8
2019-09,1.874,62.83,256.43,0.429910139811008,0.468173540986046,0.0,3.09225132035195,1.8683186100170288,62.63951881930092,1.49141711474526,0.6250388873702055,4.1373963699688305,0.6280751838162305,0.22531213568474312,-2.4468188417434646,-1.4090974237951028,-0.46934213095409194,-1.9041437423165588,-0.7207692991457493,3.6120802496830935,0.6408754127061346,0.5862880317454885,0.5989077252381115,0.6483011665786842,0.5396238480286789,0.7971131959202096,4.188516385986811,4.076716547135587,4.164035624485446,4.1971689100091325,4.060698506950333,4.3817228544864815,0.19002864500269132,0.24724110289327023,0.1725417190360345,0.18880187485292005,0.21659495936171463,0.15305995971709618,0.6395301515443985,0.5877866649021191,0.5971867894140341,0.6429059641231986,0.5282725373697112,0.7834448185407259,-0.17207430855000405,-0.24432648451765093,-0.1553696347244954,0.07225217596764694,-1.4090974237951026,-1.9041437423165581,3.612080249683093,-0.09791914294471282,-0.17991275093153525,-0.15655111746684225,0.004748584564413183,-0.08874022126749037,0.1726053716083369,-0.11631035486413133,-0.22301225773754307,-0.16384949365195833,-0.016840758038538794,-0.1351264589963268,0.316975013892276,0.01839121191941817,0.043099506806008325,0.007298376185116362,0.021589342602951866,0.04638623772883688,-0.14436964228393906,-0.07989174553494216,-0.16268558227709562,-0.13997727656268544,0.023405323731551686,-0.06891425204432289,0.19565815363860684,-1.2530790954765543,-0.8686333162999289,0.04517892765401982,-1.6314206886607532,-0.8680628808887756,0.8153394430231822,0.9054810092476628,0.1849205593701695,1.5881093926262284,2019,9
2019-10,1.861,59.71,257.155,-0.18060113884763807,-0.3225482124300391,0.0,-2.42734913527537,1.850127190151206,59.36114697685573,1.4133606423060887,0.6152543881600463,4.083639921058833,0.6211139776601137,0.269284085384581,-2.6274199805911027,-1.812730808050394,-0.7918903433841311,-2.4231197249239225,-3.1481184344211193,2.176841673351593,0.6369983661713882,0.6250388873702055,0.6480884091718145,0.6832231171690429,0.5910246568969046,0.8218172027685965,4.178554295980095,4.1373963699688305,4.157048020171718,4.267556650970826,4.096629185106737,4.406150986264052,0.1961136884746618,0.22531213568474312,0.2287100072834649,0.15333608448158564,0.23206509007353598,0.15333583478791313,0.6370583548265706,0.6280751838162305,0.6486726904581158,0.6815805441884799,0.5788580341578177,0.8104856729771787,-0.2065628146085502,-0.32251106520521855,-0.189371695317065,0.11594825059666786,-1.8127308080503939,-2.4231197249239216,2.1768416733515923,-0.12738962513044894,-0.17207430855000405,-0.11041036171333163,-0.03884699878615272,-0.10476278651430337,0.2796557841976607,-0.15422464261065016,-0.24432648451765093,-0.16790401842213143,-0.03208700051439184,-0.16556902359204795,0.3182457331757611,0.026835017480200674,0.07225217596764694,0.057493656708800134,-0.006759998271761103,0.06080623707774463,-0.038589948978099864,-0.10968757194428336,-0.1553696347244954,-0.09231181951598955,-0.019038651210166457,-0.08999645383308308,0.3042706617688712,-1.4090974237951028,-1.0383514967381875,0.19253584848616795,-1.9041437423165588,-1.2574735967860884,0.4862592534545698,3.6120802496830935,2.4226429115457364,1.6543285365719085,2019,10
2019-11,1.824,63.21,257.879,0.5460091522196879,0.6073231086383555,0.0,-0.638966765840629,1.8082523664199102,62.664271974453136,1.4920064755822176,0.5923608354260097,4.137791460258078,0.6010318916521397,0.19223899345130058,-2.081410828371415,0.23716981322761654,-0.18456723474577563,-0.12004616663380596,-3.7870852002617483,3.886511034410474,0.6256702446698887,0.6152543881600463,0.5862880317454885,0.6804440263336657,0.6583651554026764,0.6772979468414099,4.147901507661429,4.083639921058833,4.076716547135587,4.268572563148162,4.1674277503376675,4.182569670350647,0.21543835529182767,0.269284085384581,0.24724110289327023,0.14954108146887246,0.22860702334837718,0.23239789477413086,0.6269805937385095,0.6211139776601137,0.5877866649021191,0.6790482561804436,0.6491952930307625,0.6652619770704097,-0.08493711141540017,-0.044778210092569104,-0.06423008541827002,-0.04015890132283029,0.23716981322761654,-0.1200461666338053,3.8865110344104727,-0.15534226110084848,-0.2065628146085502,-0.17991275093153525,-0.1065422133348276,0.01947591746355859,0.0787021850430405,-0.20262865339245373,-0.32251106520521855,-0.22301225773754307,-0.09416860082022094,-0.03611480329872663,0.010766793047408463,0.04728639229160547,0.11594825059666786,0.043099506806008325,-0.012373612514606558,0.05559072076228533,0.06793539199563159,-0.13807641262876635,-0.189371695317065,-0.16268558227709562,-0.08874246737526736,0.03455034062577478,0.09994816802034923,-1.812730808050394,-1.2530790954765543,-1.1884414167074633,-2.4231197249239225,-1.6314206886607532,-0.6140346674016759,2.176841673351593,0.9054810092476628,1.1967080474615395,2019,11
2019-12,1.893,67.31,258.63,0.3665018316973322,0.18456723475935702,1.0688466057140333,0.114672838373618,1.8712072855043889,66.53510955483381,1.5841692751150906,0.6265838297734061,4.1977297715688415,0.6381628722271858,0.16652367648793248,-1.7149089966740827,0.9824992037160724,1.3581386015815156e-11,0.43841340153260433,-3.67241236188813,4.992582613241003,0.6109897128519461,0.5923608354260097,0.6250388873702055,0.5989077252381115,0.6483011665786842,0.5396238480286789,4.126104657179749,4.137791460258078,4.1373963699688305,4.164035624485446,4.1971689100091325,4.060698506950333,0.22255467395556572,0.19223899345130058,0.22531213568474312,0.1725417190360345,0.18880187485292005,0.21659495936171463,0.6139778663171255,0.6010318916521397,0.6280751838162305,0.5971867894140341,0.6429059641231986,0.5282725373697112,0.08695998174472719,0.13703126461850879,0.10989033485747457,-0.05007128287378215,0.9824992037160722,0.438413401532605,4.992582613241003,-0.15174141078094394,-0.08493711141540017,-0.17207430855000405,-0.15655111746684225,0.004748584564413183,-0.08874022126749037,-0.19439692160451205,-0.044778210092569104,-0.24432648451765093,-0.16384949365195833,-0.016840758038538794,-0.1351264589963268,0.04265551082356822,-0.04015890132283029,0.07225217596764694,0.007298376185116362,0.021589342602951866,0.04638623772883688,-0.1339910156359334,-0.06423008541827002,-0.1553696347244954,-0.13997727656268544,0.023405323731551686,-0.06891425204432289,0.23716981322761654,-1.4090974237951028,-0.8686333162999289,-0.12004616663380596,-1.9041437423165588,-0.8680628808887756,3.886511034410474,3.6120802496830935,0.1849205593701695,2019,12
2020-01,1.77,63.65,259.127,1.0527992955230807,,0.0,0.0316994570072701,1.7462675541336874,62.796570520118195,1.4951564409551952,0.5574806840130613,4.139900462430739,0.5709795465857378,0.15524983986569046,-0.662109701151002,1.543355350786628,,,-3.64071290488086,0.9115427919454834,0.6156023969411618,0.6265838297734061,0.6152543881600463,0.6480884091718145,0.6832231171690429,0.5910246568969046,4.131720348360314,4.1977297715688415,4.083639921058833,4.157048020171718,4.267556650970826,4.096629185106737,0.22155166686421537,0.16652367648793248,0.269284085384581,0.2287100072834649,0.15333608448158564,0.23206509007353598,0.6208072134526508,0.6381628722271858,0.6211139776601137,0.6486726904581158,0.6815805441884799,0.5788580341578177,-0.033543972883843365,0.04327127732400182,-0.007878487572079873,-0.07681525020784552,1.543355350786628,,0.9115427919454828,-0.11115622757901578,0.08695998174472719,-0.2065628146085502,-0.11041036171333163,-0.03884699878615272,-0.10476278651430337,-0.14425012855943464,0.13703126461850879,-0.32251106520521855,-0.16790401842213143,-0.03208700051439184,-0.16556902359204795,0.03309390098041845,-0.05007128287378215,0.11594825059666786,0.057493656708800134,-0.006759998271761103,0.06080623707774463,-0.09234641373257357,0.10989033485747457,-0.189371695317065,-0.09231181951598955,-0.019038651210166457,-0.08999645383308308,0.9824992037160724,-1.812730808050394,-1.0383514967381875,0.43841340153260433,-2.4231197249239225,-1.2574735967860884,4.992582613241003,2.176841673351593,2.4226429115457364,2020,1
2020-02,1.509,55.66,259.25,-1.055063027548432,,0.0,-2.57978003095106,1.4880607454194794,54.88764817100611,1.306848765976336,0.3974737591122387,4.005288335424272,0.41144717978571177,0.12985504197133552,-1.717172728699434,0.26426968193549305,,,-6.2204929358319205,-1.9473965724341336,0.600501109414703,0.5574806840130613,0.5923608354260097,0.5862880317454885,0.6804440263336657,0.6583651554026764,4.128862422070152,4.139900462430739,4.137791460258078,4.076716547135587,4.268572563148162,4.1674277503376675,0.2093083056279196,0.15524983986569046,0.19223899345130058,0.24724110289327023,0.14954108146887246,0.22860702334837718,0.6078583561405878,0.5709795465857378,0.6010318916521397,0.5877866649021191,0.6790482561804436,0.6491952930307625,-0.26089139629043767,-0.1621394149133959,-0.23774811324505074,-0.09875198137704166,0.26426968193549305,,-1.9473965724341342,-0.09834516277410088,-0.033543972883843365,-0.08493711141540017,-0.17991275093153525,-0.1065422133348276,0.01947591746355859,-0.10905424593507806,0.04327127732400182,-0.044778210092569104,-0.22301225773754307,-0.09416860082022094,-0.03611480329872663,0.010709083160977517,-0.07681525020784552,-0.04015890132283029,0.043099506806008325,-0.012373612514606558,0.05559072076228533,-0.07827419174192185,-0.007878487572079873,-0.06423008541827002,-0.16268558227709562,-0.08874246737526736,0.03455034062577478,1.543355350786628,0.23716981322761654,-1.2530790954765543,,-0.12004616663380596,-1.6314206886607532,0.9115427919454834,3.886511034410474,0.9054810092476628,2020,2
2020-03,0.953,32.01,258.076,-1.781201498613478,,-8.019571895155165,-4.93095103736674,0.9440510234065417,31.709415801934313,0.7549860905222455,-0.05757506407850266,3.456613665231204,-0.048140375327934984,0.2234808889736617,-3.498374227312912,-1.425332187202814,,,-11.15144397319866,-6.995363530944871,0.5690320639758281,0.3974737591122387,0.6265838297734061,0.6250388873702055,0.5989077252381115,0.6483011665786842,4.116957720118266,4.005288335424272,4.1977297715688415,4.1373963699688305,4.164035624485446,4.1971689100091325,0.1897439621409305,0.12985504197133552,0.16652367648793248,0.22531213568474312,0.1725417190360345,0.18880187485292005,0.5784684419545199,0.41144717978571177,0.6381628722271858,0.6280751838162305,0.5971867894140341,0.6429059641231986,-0.7058762306571869,-0.7405552447779287,-0.6910463394511336,0.03467901412074165,-1.4253321872028137,,-6.995363530944871,-0.11184160366725138,-0.26089139629043767,0.08695998174472719,-0.17207430855000405,-0.15655111746684225,0.004748584564413183,-0.09890877213105398,-0.1621394149133959,0.13703126461850879,-0.24432648451765093,-0.16384949365195833,-0.016840758038538794,-0.012932831536197481,-0.09875198137704166,-0.05007128287378215,0.07225217596764694,0.007298376185116362,0.021589342602951866,-0.09078461356991441,-0.23774811324505074,0.10989033485747457,-0.1553696347244954,-0.13997727656268544,0.023405323731551686,0.26426968193549305,0.9824992037160724,-1.4090974237951028,,0.43841340153260433,-1.9041437423165588,-1.9473965724341336,4.992582613241003,3.6120802496830935,2020,3
2020-04,0.606,18.38,256.032,1.2107313651537528,,3.0496930969031695,-3.77426142548097,0.605101961864142,18.35276247370121,0.436970535088124,-0.5023583031443726,2.909780106695991,-0.5008752929128226,0.32553120844300454,-2.287642862159159,-0.6811440214178897,,,-14.92570539867963,-12.013858155079681,0.45526307206771,-0.05757506407850266,0.5574806840130613,0.6152543881600463,0.6480884091718145,0.6832231171690429,4.003493935995328,3.456613665231204,4.139900462430739,4.083639921058833,4.157048020171718,4.267556650970826,0.1894387543557503,0.2234808889736617,0.15524983986569046,0.269284085384581,0.2287100072834649,0.15333608448158564,0.4657658487638256,-0.048140375327934984,0.5709795465857378,0.6211139776601137,0.6486726904581158,0.6815805441884799,-1.1855814203134156,-1.3577765442748344,-1.1824558371013025,0.1721951239614189,-0.6811440214178892,,-12.013858155079681,-0.20080859068511525,-0.7058762306571869,-0.033543972883843365,-0.2065628146085502,-0.11041036171333163,-0.03884699878615272,-0.18161356550776642,-0.7405552447779287,0.04327127732400182,-0.32251106520521855,-0.16790401842213143,-0.03208700051439184,-0.019195025177348363,0.03467901412074165,-0.07681525020784552,0.11594825059666786,0.057493656708800134,-0.006759998271761103,-0.18006406435768746,-0.6910463394511336,-0.007878487572079873,-0.189371695317065,-0.09231181951598955,-0.019038651210166457,-1.425332187202814,1.543355350786628,-1.812730808050394,,,-2.4231197249239225,-6.995363530944871,0.9115427919454834,2.176841673351593,2020,4
2020-05,0.686,29.38,255.802,0.972862636042631,,0.0,12.0810460552182,0.6855993001097204,29.362838829771988,0.6991152102326664,-0.3774619325425531,3.37972988945943,-0.3768776512562517,-0.019522203718614795,-1.314780226116528,1.1195885988987477,,,-2.84465934346143,-0.1591300750872513,0.2689942901836402,-0.5023583031443726,0.3974737591122387,0.5923608354260097,0.5862880317454885,0.6804440263336657,3.8078506336015203,2.909780106695991,4.005288335424272,4.137791460258078,4.076716547135587,4.268572563148162,0.19881327486548753,0.32553120844300454,0.12985504197133552,0.19223899345130058,0.24724110289327023,0.14954108146887246,0.27876763700166957,-0.5008752929128226,0.41144717978571177,0.6010318916521397,0.5877866649021191,0.6790482561804436,-1.0579059588762187,-0.8888426736887318,-1.0559259074366953,-0.16906328518748726,1.1195885988987482,,-0.1591300750872504,-0.36397835830259273,-1.1855814203134156,-0.26089139629043767,-0.08493711141540017,-0.17991275093153525,-0.1065422133348276,-0.35415781201937024,-1.3577765442748344,-0.1621394149133959,-0.044778210092569104,-0.22301225773754307,-0.09416860082022094,-0.009820546283223208,0.1721951239614189,-0.09875198137704166,-0.04015890132283029,0.043099506806008325,-0.012373612514606558,-0.3455780879883937,-1.1824558371013025,-0.23774811324505074,-0.06423008541827002,-0.16268558227709562,-0.08874246737526736,-0.6811440214178897,0.26426968193549305,0.23716981322761654,,,-0.12004616663380596,-12.013858155079681,-1.9473965724341336,3.886511034410474,2020,5
2020-06,0.983,40.27,257.042,-0.6581131830148175,,-3.167035957479331,4.506833141854,0.977686484763839,40.05232425375362,0.9536267679465147,-0.02256622806627276,3.690186705632061,-0.017146158834970514,0.0249166845850348,-1.9728934091313455,0.8772529477211896,,,1.66217379839257,5.6998847933821395,0.10735716218887968,-0.3774619325425531,-0.05757506407850266,0.6265838297734061,0.6250388873702055,0.5989077252381115,3.6815070384684128,3.37972988945943,3.456613665231204,4.1977297715688415,4.1373963699688305,4.164035624485446,0.16351974200383498,-0.019522203718614795,0.2234808889736617,0.16652367648793248,0.22531213568474312,0.1725417190360345,0.11578271318360435,-0.3768776512562517,-0.048140375327934984,0.6381628722271858,0.6280751838162305,0.5971867894140341,-0.6214739533043843,-0.47384891885338476,-0.6143329482490046,-0.1476250344509997,0.8772529477211901,,5.6998847933821395,-0.5261398328793958,-1.0579059588762187,-0.7058762306571869,0.08695998174472719,-0.17207430855000405,-0.15655111746684225,-0.49483522261873025,-0.8888426736887318,-0.7405552447779287,0.13703126461850879,-0.24432648451765093,-0.16384949365195833,-0.03130461026066603,-0.16906328518748726,0.03467901412074165,-0.05007128287378215,0.07225217596764694,0.007298376185116362,-0.5108607249914646,-1.0559259074366953,-0.6910463394511336,0.10989033485747457,-0.1553696347244954,-0.13997727656268544,1.1195885988987477,-1.425332187202814,0.9824992037160724,,,0.43841340153260433,-0.1591300750872513,-6.995363530944871,4.992582613241003,2020,6
2020-07,1.084,43.24,258.352,-0.1765912788134166,,0.0,1.05829273923533,1.072673717770071,42.78820254278401,1.0187667272091432,0.0701543333143528,3.756262423067906,0.08065790301745454,0.05156152852981515,-2.149484687944762,0.3190503187197593,,,2.7204665376279,5.201011521356799,-0.0008345141177334472,-0.02256622806627276,-0.5023583031443726,0.5574806840130613,0.6152543881600463,0.6480884091718145,3.5969165274789496,3.690186705632061,2.909780106695991,4.139900462430739,4.083639921058833,4.157048020171718,0.13991857668668536,0.0249166845850348,0.32553120844300454,0.15524983986569046,0.269284085384581,0.2287100072834649,0.006564541339911613,-0.017146158834970514,-0.5008752929128226,0.5709795465857378,0.6211139776601137,0.6486726904581158,-0.5779340758574617,-0.4007855971038121,-0.5680147874406613,-0.17714847875364975,0.31905031871975975,,5.201011521356799,-0.6442121553875811,-0.6214739533043843,-1.1855814203134156,-0.033543972883843365,-0.2065628146085502,-0.11041036171333163,-0.5966485865307121,-0.47384891885338476,-1.3577765442748344,0.04327127732400182,-0.32251106520521855,-0.16790401842213143,-0.047563568856868965,-0.1476250344509997,0.1721951239614189,-0.07681525020784552,0.11594825059666786,0.057493656708800134,-0.6315646055092111,-0.6143329482490046,-1.1824558371013025,-0.007878487572079873,-0.189371695317065,-0.09231181951598955,0.8772529477211896,-0.6811440214178897,1.543355350786628,,,,5.6998847933821395,-12.013858155079681,0.9115427919454834,2020,7
2020-08,1.112,44.74,259.316,-0.552102483658666,,0.0,0.451103783247767,1.0962905207031834,44.10794774843564,1.0501892321056105,0.0919322270343066,3.7866399872678995,0.10616019582839073,0.04296185804977523,-2.7015871716034283,0.175141809951044,,,3.171570320875667,6.984590940373367,-0.08205557256751819,0.0701543333143528,-0.3774619325425531,0.3974737591122387,0.5923608354260097,0.5862880317454885,3.5329768542518107,3.756262423067906,3.37972988945943,4.005288335424272,4.137791460258078,4.076716547135587,0.1226371914640395,0.05156152852981515,-0.019522203718614795,0.12985504197133552,0.19223899345130058,0.24724110289327023,-0.07515573258813558,0.08065790301745454,-0.3768776512562517,0.41144717978571177,0.6010318916521397,0.5877866649021191,-0.4943558047111819,-0.2900765598676873,-0.4816264690737283,-0.204279244843495,0.17514180995104445,,6.984590940373366,-0.7349438392165174,-0.5779340758574617,-1.0579059588762187,-0.26089139629043767,-0.08493711141540017,-0.17991275093153525,-0.6706580656020145,-0.4007855971038121,-0.8888426736887318,-0.1621394149133959,-0.044778210092569104,-0.22301225773754307,-0.06428577361450295,-0.17714847875364975,-0.16906328518748726,-0.09875198137704166,-0.04015890132283029,0.043099506806008325,-0.724920655487308,-0.5680147874406613,-1.0559259074366953,-0.23774811324505074,-0.06423008541827002,-0.16268558227709562,0.3190503187197593,1.1195885988987477,0.26426968193549305,,,,5.201011521356799,-0.1591300750872513,-1.9473965724341336,2020,8
2020-09,1.006,40.91,259.997,-0.4791215751019574,,0.0,-1.01515699391361,0.9891902554003829,40.226414859274016,0.957771782363667,-0.010868594373709755,3.69452386589005,0.005982071677547469,0.03227715801960868,-3.1807087467053856,-0.7338899049619214,,,2.156413326962057,2.877182626107807,-0.13297916124717354,0.0919322270343066,-0.02256622806627276,-0.05757506407850266,0.6265838297734061,0.6250388873702055,3.4965354628924157,3.7866399872678995,3.690186705632061,3.456613665231204,4.1977297715688415,4.1373963699688305,0.10815499414377944,0.04296185804977523,0.0249166845850348,0.2234808889736617,0.16652367648793248,0.22531213568474312,-0.12603689658102243,0.10616019582839073,-0.017146158834970514,-0.048140375327934984,0.6381628722271858,0.6280751838162305,-0.6359074817439153,-0.4428725040787804,-0.622093112138683,-0.19303497766513444,-0.733889904961921,,2.8771826261078064,-0.7738545739533081,-0.4943558047111819,-0.6214739533043843,-0.7058762306571869,0.08695998174472719,-0.17207430855000405,-0.6919809230943956,-0.2900765598676873,-0.47384891885338476,-0.7405552447779287,0.13703126461850879,-0.24432648451765093,-0.08187365085891188,-0.204279244843495,-0.1476250344509997,0.03467901412074165,-0.05007128287378215,0.07225217596764694,-0.765567048125421,-0.4816264690737283,-0.6143329482490046,-0.6910463394511336,0.10989033485747457,-0.1553696347244954,0.175141809951044,0.8772529477211896,-1.425332187202814,,,,6.984590940373367,5.6998847933821395,-6.995363530944871,2020,9
2020-10,1.047,40.19,260.319,-0.2728873012316861,,0.0,1.70148049670808,1.028231726266619,39.46956358992877,0.939751514045923,0.027840556287151128,3.675529832859861,0.045928931888399735,0.08998034171065826,-3.4535960479370718,-0.8261760673459695,,,3.8578938236701372,7.006012258091257,-0.12519474962970803,-0.010868594373709755,0.0701543333143528,-0.5023583031443726,0.5574806840130613,0.6152543881600463,3.536187163002223,3.69452386589005,3.756262423067906,2.909780106695991,4.139900462430739,4.083639921058833,0.07628770565143726,0.03227715801960868,0.05156152852981515,0.32553120844300454,0.15524983986569046,0.269284085384581,-0.11701648874677535,0.005982071677547469,0.08065790301745454,-0.5008752929128226,0.5709795465857378,0.6211139776601137,-0.5874138318728952,-0.4081100881989723,-0.5751850457717139,-0.1793037436739227,-0.826176067345969,,7.006012258091257,-0.7621931158010962,-0.6359074817439153,-0.5779340758574617,-1.1855814203134156,-0.033543972883843365,-0.2065628146085502,-0.642367132977872,-0.4428725040787804,-0.4007855971038121,-1.3577765442748344,0.04327127732400182,-0.32251106520521855,-0.11982598282322453,-0.19303497766513444,-0.17714847875364975,0.1721951239614189,-0.07681525020784552,0.11594825059666786,-0.754074843573346,-0.622093112138683,-0.5680147874406613,-1.1824558371013025,-0.007878487572079873,-0.189371695317065,-0.7338899049619214,0.3190503187197593,-0.6811440214178897,,,,2.877182626107807,5.201011521356799,-12.013858155079681,2020,10
2020-11,1.133,42.69,260.911,-0.07976210502347492,,0.0,-0.705941680527866,1.1101654469020728,41.82962306112046,0.9959434062171537,0.10450905548033551,3.733604774204337,0.12486898204586927,0.10857389955936705,-3.5333581529605467,-1.4519473245891323,,,3.151952143142271,6.93903734340402,-0.03682827305778743,0.027840556287151128,0.0919322270343066,-0.3774619325425531,0.3974737591122387,0.5923608354260097,3.663812117362868,3.675529832859861,3.7866399872678995,3.37972988945943,4.005288335424272,4.137791460258078,0.03702922786271289,0.08998034171065826,0.04296185804977523,-0.019522203718614795,0.12985504197133552,0.19223899345130058,-0.02588245127990496,0.045928931888399735,0.10616019582839073,-0.3768776512562517,0.41144717978571177,0.6010318916521397,-0.4878517799456742,-0.4041866860537411,-0.4761629096062704,-0.08366509389193352,-1.4519473245891317,,6.939037343404019,-0.6624985177276762,-0.5874138318728952,-0.4943558047111819,-1.0579059588762187,-0.26089139629043767,-0.08493711141540017,-0.48408939029856146,-0.4081100881989723,-0.2900765598676873,-0.8888426736887318,-0.1621394149133959,-0.044778210092569104,-0.17840912742911477,-0.1793037436739227,-0.204279244843495,-0.16906328518748726,-0.09875198137704166,-0.04015890132283029,-0.6528630450184144,-0.5751850457717139,-0.4816264690737283,-1.0559259074366953,-0.23774811324505074,-0.06423008541827002,-0.8261760673459695,0.175141809951044,1.1195885988987477,,,,7.006012258091257,6.984590940373367,-0.1591300750872513,2020,11
2020-12,1.324,49.99,262.045,-0.00017752493754434641,,0.5419975734182927,2.47256072614587,1.291701884536371,48.77052659212477,1.1612030140982088,0.2559606392130181,3.8871261671236805,0.2806574575148165,0.10650409037270564,-3.533535677898091,-1.8186266812240086,,,5.624512869288141,9.296925231176271,0.043500224946027344,0.10450905548033551,-0.010868594373709755,-0.02256622806627276,-0.05757506407850266,0.6265838297734061,3.7227912648203527,3.733604774204337,3.69452386589005,3.690186705632061,3.456613665231204,4.1977297715688415,0.0583785784090432,0.10857389955936705,0.03227715801960868,0.0249166845850348,0.2234808889736617,0.16652367648793248,0.05774198760378187,0.12486898204586927,0.005982071677547469,-0.017146158834970514,-0.048140375327934984,0.6381628722271858,-0.370623190560388,-0.310603604445161,-0.3575054147123693,-0.06001958611522684,-1.8186266812240084,,9.296925231176271,-0.5674894879059188,-0.4878517799456742,-0.6359074817439153,-0.6214739533043843,-0.7058762306571869,0.08695998174472719,-0.4033133923593959,-0.4041866860537411,-0.4428725040787804,-0.47384891885338476,-0.7405552447779287,0.13703126461850879,-0.16417609554652252,-0.08366509389193352,-0.19303497766513444,-0.1476250344509997,0.03467901412074165,-0.05007128287378215,-0.5562358787133436,-0.4761629096062704,-0.622093112138683,-0.6143329482490046,-0.6910463394511336,0.10989033485747457,-1.4519473245891323,-0.7338899049619214,0.8772529477211896,,,,6.93903734340402,2.877182626107807,5.6998847933821395,2020,12
2021-01,1.42,54.77,262.687,-0.5354386397260931,,3.8748170317390596,0.737476399435461,1.3819742443795595,53.30333053849893,1.269126917583308,0.32351308868814055,3.9759988158706014,0.35065687161316933,0.08518389110090754,-4.068974317624184,-3.406864616473183,,,6.361989268723602,10.002702173604462,0.08992136949257583,0.2559606392130181,0.027840556287151128,0.0701543333143528,-0.5023583031443726,0.5574806840130613,3.7556145084022887,3.8871261671236805,3.675529832859861,3.756262423067906,2.909780106695991,4.139900462430739,0.07197647937365499,0.10650409037270564,0.08998034171065826,0.05156152852981515,0.32553120844300454,0.15524983986569046,0.10737592366207971,0.2806574575148165,0.045928931888399735,0.08065790301745454,-0.5008752929128226,0.5709795465857378,-0.23396759532492073,-0.1639016465601375,-0.22032267497256847,-0.07006594876478292,-3.4068646164731815,,10.002702173604462,-0.525681027448586,-0.370623190560388,-0.5874138318728952,-0.5779340758574617,-1.1855814203134156,-0.033543972883843365,-0.3761058399580257,-0.310603604445161,-0.4081100881989723,-0.4007855971038121,-1.3577765442748344,0.04327127732400182,-0.14957518749056037,-0.06001958611522684,-0.1793037436739227,-0.17714847875364975,0.1721951239614189,-0.07681525020784552,-0.5134312897905711,-0.3575054147123693,-0.5751850457717139,-0.5680147874406613,-1.1824558371013025,-0.007878487572079873,-1.8186266812240086,-0.8261760673459695,0.3190503187197593,,,,9.296925231176271,7.006012258091257,5.201011521356799,2021,1
2021-02,1.601,62.28,263.579,0.2706293311697295,,0.0,2.32944617070821,1.5528543090180427,60.407099541314,1.4382642747931904,0.44009472715675585,4.101106640107976,0.4706284340145776,0.07665770533214822,-3.7983449864544543,-2.0811722577550213,,,8.691435439431812,14.91192837526373,0.13214782872154043,0.32351308868814055,0.10450905548033551,0.0919322270343066,-0.3774619325425531,0.3974737591122387,3.7922372405360716,3.9759988158706014,3.733604774204337,3.7866399872678995,3.37972988945943,4.005288335424272,0.07758020646883708,0.08518389110090754,0.10857389955936705,0.04296185804977523,-0.019522203718614795,0.12985504197133552,0.1523757517613655,0.35065687161316933,0.12486898204586927,0.10616019582839073,-0.3768776512562517,0.41144717978571177,0.04262096804451715,0.09581830468370445,0.05918125422886583,-0.0531973366391873,-2.0811722577550205,,14.911928375263733,-0.4683532806931626,-0.23396759532492073,-0.4878517799456742,-0.4943558047111819,-1.0579059588762187,-0.26089139629043767,-0.3366251815340804,-0.1639016465601375,-0.4041866860537411,-0.2900765598676873,-0.8888426736887318,-0.1621394149133959,-0.1317280991590825,-0.07006594876478292,-0.08366509389193352,-0.204279244843495,-0.16906328518748726,-0.09875198137704166,-0.4554826043792223,-0.22032267497256847,-0.4761629096062704,-0.4816264690737283,-1.0559259074366953,-0.23774811324505074,-3.406864616473183,-1.4519473245891323,0.175141809951044,,,,10.002702173604462,6.93903734340402,6.984590940373367,2021,2
2021-03,1.661,65.41,264.961,0.3838680011738186,,3.517698769400077,-1.5824753043775,1.602646959049319,63.112063570990955,1.5026681802616895,0.4716566117229591,4.144911933064923,0.5074198306311578,0.0644142969414046,-3.414476985280636,0.0838972420322755,,,7.108960135054312,18.260404108252974,0.190174912075282,0.44009472715675585,0.2559606392130181,-0.010868594373709755,-0.02256622806627276,-0.05757506407850266,3.844648349342751,4.101106640107976,3.8871261671236805,3.69452386589005,3.690186705632061,3.456613665231204,0.08319618101589923,0.07665770533214822,0.10650409037270564,0.03227715801960868,0.0249166845850348,0.2234808889736617,0.21312045812573,0.4706284340145776,0.2806574575148165,0.005982071677547469,-0.017146158834970514,-0.048140375327934984,0.5292316758014617,0.6882982678337188,0.5555602059590928,-0.1590665920322571,0.08389724203227633,,18.26040410825297,-0.37885715190054603,0.04262096804451715,-0.370623190560388,-0.6359074817439153,-0.6214739533043843,-0.7058762306571869,-0.27230937077551465,0.09581830468370445,-0.310603604445161,-0.4428725040787804,-0.47384891885338476,-0.7405552447779287,-0.10654778112503127,-0.0531973366391873,-0.06001958611522684,-0.19303497766513444,-0.1476250344509997,0.03467901412074165,-0.36534798382878986,0.05918125422886583,-0.3575054147123693,-0.622093112138683,-0.6143329482490046,-0.6910463394511336,-2.0811722577550213,-1.8186266812240086,-0.7338899049619214,,,,14.91192837526373,9.296925231176271,2.877182626107807,2021,3
2021-04,1.669,64.81,266.614,0.5404329888870101,,5.944596461021554,0.891335664215425,1.6003816813195608,62.14543844596809,1.4796532963325735,0.4702421516217373,4.129477419381664,0.5122246446796981,0.07843435052344172,-2.8740439963936257,-0.5864011342344673,,,8.000295799269738,22.92600119794937,0.2705957797580601,0.4716566117229591,0.32351308868814055,0.027840556287151128,0.0701543333143528,-0.5023583031443726,3.91971302720523,4.144911933064923,3.9759988158706014,3.675529832859861,3.756262423067906,2.909780106695991,0.08855237083619856,0.0644142969414046,0.08518389110090754,0.08998034171065826,0.05156152852981515,0.32553120844300454,0.2966934179513317,0.5074198306311578,0.35065687161316933,0.045928931888399735,0.08065790301745454,-0.5008752929128226,0.9726004547661099,1.219697312685673,1.0130999375925207,-0.24709685791956282,-0.5864011342344666,,22.92600119794937,-0.1846672923096499,0.5292316758014617,-0.23396759532492073,-0.5874138318728952,-0.5779340758574617,-1.1855814203134156,-0.08378090879009825,0.6882982678337188,-0.1639016465601375,-0.4081100881989723,-0.4007855971038121,-1.3577765442748344,-0.10088638351955174,-0.1590665920322571,-0.07006594876478292,-0.1793037436739227,-0.17714847875364975,0.1721951239614189,-0.1690724308124939,0.5555602059590928,-0.22032267497256847,-0.5751850457717139,-0.5680147874406613,-1.1824558371013025,0.0838972420322755,-3.406864616473183,-0.8261760673459695,,,,18.260404108252974,10.002702173604462,7.006012258091257,2021,4
2021-05,1.752,68.53,268.383,0.8413804803747045,,0.0,0.60024470887288,1.6688960403602318,65.27936395313166,1.5542705703126587,0.5121623541598347,4.178675967243367,0.5607579925141997,0.07115600519983567,-2.0326635160189213,-0.7178832899023937,,,8.600540508142618,11.445199851604048,0.34432937898049115,0.4702421516217373,0.44009472715675585,0.10450905548033551,0.0919322270343066,-0.3774619325425531,3.995370958292197,4.129477419381664,4.101106640107976,3.733604774204337,3.7866399872678995,3.37972988945943,0.08662803897166245,0.07843435052344172,0.07665770533214822,0.10857389955936705,0.04296185804977523,-0.019522203718614795,0.37440937008321473,0.5122246446796981,0.4706284340145776,0.12486898204586927,0.10616019582839073,-0.3768776512562517,0.8896242867023878,0.7989460777839374,0.9376356437704514,0.09067820891845046,-0.7178832899023933,,11.445199851604048,0.07533508879685097,0.9726004547661099,0.04262096804451715,-0.4878517799456742,-0.4943558047111819,-1.0579059588762187,0.1875203246906767,1.219697312685673,0.09581830468370445,-0.4041866860537411,-0.2900765598676873,-0.8888426736887318,-0.11218523589382508,-0.24709685791956282,-0.0531973366391873,-0.08366509389193352,-0.204279244843495,-0.16906328518748726,0.09564173308154517,1.0130999375925207,0.05918125422886583,-0.4761629096062704,-0.4816264690737283,-1.0559259074366953,-0.5864011342344673,-2.0811722577550213,-1.4519473245891323,,,,22.92600119794937,14.91192837526373,6.93903734340402,2021,5
2021-06,1.857,73.16,270.654,0.49031322556059365,,2.2696484826095253,-0.48186507532401,1.7540729021185721,69.10499381744467,1.6453569956534444,0.5619404564377826,4.235626997589879,0.6189622823705687,0.06398307713127205,-1.5423502904583275,0.4305431186730173,,,8.118675432818609,6.456501634426038,0.41227159542707437,0.5121623541598347,0.4716566117229591,0.2559606392130181,-0.010868594373709755,-0.02256622806627276,4.069549490465369,4.178675967243367,4.144911933064923,3.8871261671236805,3.69452386589005,3.690186705632061,0.0803917232450739,0.07115600519983567,0.0644142969414046,0.10650409037270564,0.03227715801960868,0.0249166845850348,0.44705753849460317,0.5607579925141997,0.5074198306311578,0.2806574575148165,0.005982071677547469,-0.017146158834970514,0.5845066845040553,0.5454402919578181,0.6361084412055392,0.03906639254623725,0.430543118673018,,6.456501634426039,0.30491443323819467,0.8896242867023878,0.5292316758014617,-0.370623190560388,-0.6359074817439153,-0.6214739533043843,0.3880424519969563,0.7989460777839374,0.6882982678337188,-0.310603604445161,-0.4428725040787804,-0.47384891885338476,-0.08312801875876108,0.09067820891845046,-0.1590665920322571,-0.06001958611522684,-0.19303497766513444,-0.1476250344509997,0.33127482531099883,0.9376356437704514,0.5555602059590928,-0.3575054147123693,-0.622093112138683,-0.6143329482490046,-0.7178832899023937,0.0838972420322755,-1.8186266812240086,,,,11.445199851604048,18.260404108252974,9.296925231176271,2021,6
2021-07,1.887,75.17,271.903,0.1573391465963956,,-9.882158835882928,-0.330982472310601,1.774222515933991,70.6774279399884,1.6827959033330573,0.573362307776833,4.258126256579797,0.6349882663864131,0.05290566948040387,-1.385011143861932,0.7644735440828295,,,7.787692960508008,5.067226422880107,0.4632682316312018,0.5619404564377826,0.4702421516217373,0.32351308868814055,0.027840556287151128,0.0701543333143528,4.127632962209735,4.235626997589879,4.129477419381664,3.9759988158706014,3.675529832859861,3.756262423067906,0.07330488770483497,0.06398307713127205,0.07843435052344172,0.08518389110090754,0.08998034171065826,0.05156152852981515,0.5034416759705619,0.6189622823705687,0.5122246446796981,0.35065687161316933,0.045928931888399735,0.08065790301745454,0.5032079744624801,0.5018638335118912,0.5543303633689586,0.0013441409505887195,0.7644735440828303,,5.067226422880108,0.46410274574893523,0.5845066845040553,0.9726004547661099,-0.23396759532492073,-0.5874138318728952,-0.5779340758574617,0.5307164347307856,0.5454402919578181,1.219697312685673,-0.1639016465601375,-0.4081100881989723,-0.4007855971038121,-0.0666136889818504,0.03906639254623725,-0.24709685791956282,-0.07006594876478292,-0.1793037436739227,-0.17714847875364975,0.49687713463065025,0.6361084412055392,1.0130999375925207,-0.22032267497256847,-0.5751850457717139,-0.5680147874406613,0.4305431186730173,-0.5864011342344673,-3.406864616473183,,,,6.456501634426038,22.92600119794937,10.002702173604462,2021,7
2021-08,1.817,70.75,272.676,-0.4359788634069986,,0.0,1.66867785878952,1.7035629975379818,66.33301159923623,1.579357419029434,0.5327219386725367,4.19468768578185,0.5971867894140341,0.07570387117405536,-1.8209900072689305,0.880597164334497,,,9.456370819297527,6.284800498421859,0.5049097681459839,0.573362307776833,0.5121623541598347,0.44009472715675585,0.10450905548033551,0.0919322270343066,4.174654202327934,4.258126256579797,4.178675967243367,4.101106640107976,3.733604774204337,3.7866399872678995,0.0679251841014177,0.05290566948040387,0.07115600519983567,0.07665770533214822,0.10857389955936705,0.04296185804977523,0.5508302417661025,0.6349882663864131,0.5607579925141997,0.4706284340145776,0.12486898204586927,0.10616019582839073,0.4407897116382301,0.4080476985139505,0.4910265935856434,0.03274201312428013,0.8805971643344979,,6.284800498421861,0.586965340713502,0.5032079744624801,0.8896242867023878,0.04262096804451715,-0.4878517799456742,-0.4943558047111819,0.6416773480761235,0.5018638335118912,0.7989460777839374,0.09581830468370445,-0.4041866860537411,-0.2900765598676873,-0.0547120073626218,0.0013441409505887195,0.09067820891845046,-0.0531973366391873,-0.08366509389193352,-0.204279244843495,0.6259859743542381,0.5543303633689586,0.9376356437704514,0.05918125422886583,-0.4761629096062704,-0.4816264690737283,0.7644735440828295,-0.7178832899023937,-2.0811722577550213,,,,5.067226422880107,11.445199851604048,14.91192837526373,2021,8
2021-09,2.003,74.49,273.91,1.296534646098916,,0.4181484180817264,1.20747325860296,1.8694904326847017,69.52488383958234,1.655354377132913,0.6256658978422103,4.241684729346714,0.6946460566836813,0.12165078677886465,-0.5244553611700145,2.6562533855353703,,,10.663844077900487,8.507430750938429,0.5203476367319473,0.5327219386725367,0.5619404564377826,0.4716566117229591,0.2559606392130181,-0.010868594373709755,4.19025104327358,4.19468768578185,4.235626997589879,4.144911933064923,3.8871261671236805,3.69452386589005,0.06776621174173554,0.07570387117405536,0.06398307713127205,0.0644142969414046,0.10650409037270564,0.03227715801960868,0.5719233009993453,0.5971867894140341,0.6189622823705687,0.5074198306311578,0.2806574575148165,0.005982071677547469,0.6365344922159201,0.5471608634566638,0.6886639850061338,0.08937362875925597,2.656253385535371,,8.507430750938429,0.6533267979791209,0.4407897116382301,0.5845066845040553,0.5292316758014617,-0.370623190560388,-0.6359074817439153,0.6937155803811645,0.4080476985139505,0.5454402919578181,0.6882982678337188,-0.310603604445161,-0.4428725040787804,-0.040388782402043896,0.03274201312428013,0.03906639254623725,-0.1590665920322571,-0.06001958611522684,-0.19303497766513444,0.6979601975803678,0.4910265935856434,0.6361084412055392,0.5555602059590928,-0.3575054147123693,-0.622093112138683,0.880597164334497,0.4305431186730173,0.0838972420322755,,,,6.284800498421859,6.456501634426038,18.260404108252974,2021,9
2021-10,2.296,83.54,276.55,0.9678308588260127,,2.338319559099686,-0.85583982014733,2.1225034580847346,77.22732529982524,1.8387458404720296,0.7525962684527965,4.346753349064506,0.8311684784573199,0.14351253767165884,0.44337549765599826,3.896971545593069,,,9.808004257753158,5.95011043408302,0.5460158510851558,0.6256658978422103,0.573362307776833,0.4702421516217373,0.32351308868814055,0.027840556287151128,4.206379842653878,4.241684729346714,4.258126256579797,4.129477419381664,3.9759988158706014,3.675529832859861,0.07730562671464555,0.12165078677886465,0.05290566948040387,0.07843435052344172,0.08518389110090754,0.08998034171065826,0.6031276720080991,0.6946460566836813,0.6349882663864131,0.5122246446796981,0.35065687161316933,0.045928931888399735,0.7247557121656454,0.6712235162046447,0.7852395465689201,0.053532195961000575,3.89697154559307,,5.950110434083021,0.6712106007148638,0.6365344922159201,0.5032079744624801,0.9726004547661099,-0.23396759532492073,-0.5874138318728952,0.6701926796516555,0.5471608634566638,0.5018638335118912,1.219697312685673,-0.1639016465601375,-0.4081100881989723,0.0010179210632082908,0.08937362875925597,0.0013441409505887195,-0.24709685791956282,-0.07006594876478292,-0.1793037436739227,0.7201441607548745,0.6886639850061338,0.5543303633689586,1.0130999375925207,-0.22032267497256847,-0.5751850457717139,2.6562533855353703,0.7644735440828295,-0.5864011342344673,,,,8.507430750938429,5.067226422880107,22.92600119794937,2021,10
2021-11,2.193,81.05,278.919,-0.4249805098932107,,-1.0324059454352004,-0.207121872777393,2.0100678521362836,74.28910142072311,1.768788129064836,0.6981684787829533,4.307964257528887,0.7852704694357512,0.12787383953743436,0.018394987762787585,3.551753140723333,,,9.600882384975765,6.448930241833493,0.593074870556999,0.7525962684527965,0.5327219386725367,0.5121623541598347,0.44009472715675585,0.10450905548033551,4.242592497601019,4.346753349064506,4.19468768578185,4.178675967243367,4.101106640107976,3.733604774204337,0.0881519912393484,0.14351253767165884,0.07570387117405536,0.07115600519983567,0.07665770533214822,0.10857389955936705,0.6562849776377028,0.8311684784573199,0.5971867894140341,0.5607579925141997,0.4706284340145776,0.12486898204586927,0.5936594233026178,0.5743594833245504,0.6604014873898819,0.01929993997806731,3.551753140723334,,6.448930241833494,0.6299031436147865,0.7247557121656454,0.4407897116382301,0.8896242867023878,0.04262096804451715,-0.4878517799456742,0.5787803802381513,0.6712235162046447,0.4080476985139505,0.7989460777839374,0.09581830468370445,-0.4041866860537411,0.05112276337663551,0.053532195961000575,0.03274201312428013,0.09067820891845046,-0.0531973366391873,-0.08366509389193352,0.6821674289176077,0.7852395465689201,0.4910265935856434,0.9376356437704514,0.05918125422886583,-0.4761629096062704,3.896971545593069,0.880597164334497,-0.7178832899023937,,,,5.95011043408302,6.284800498421859,11.445199851604048,2021,11
2021-12,2.095,74.17,280.845,-0.21729719731121785,,1.684757923174929,0.593838405284397,1.9070738737856587,67.5167872165548,1.6075425527751144,0.6455700640880389,4.212376266462405,0.7395535533741011,0.17086341590900267,-0.19890220954843027,3.33463346834966,,,10.194720790260163,4.5702079209720194,0.6240758913275187,0.6981684787829533,0.6256658978422103,0.5619404564377826,0.4716566117229591,0.2559606392130181,4.264140545981939,4.307964257528887,4.241684729346714,4.235626997589879,4.144911933064923,3.8871261671236805,0.09760496362894817,0.12787383953743436,0.12165078677886465,0.06398307713127205,0.0644142969414046,0.10650409037270564,0.6937037237912946,0.7852704694357512,0.6946460566836813,0.6189622823705687,0.5074198306311578,0.2806574575148165,0.38960942487502076,0.3252500993387244,0.4588960958592846,0.06435932553629703,3.334633468349661,,4.570207920972022,0.5805756663814914,0.5936594233026178,0.6365344922159201,0.5845066845040553,0.5292316758014617,-0.370623190560388,0.5413492811615863,0.5743594833245504,0.5471608634566638,0.5454402919578181,0.6882982678337188,-0.310603604445161,0.03922638521990497,0.01929993997806731,0.08937362875925597,0.03906639254623725,-0.1590665920322571,-0.06001958611522684,0.6359617361875127,0.6604014873898819,0.6886639850061338,0.6361084412055392,0.5555602059590928,-0.3575054147123693,3.551753140723333,2.6562533855353703,0.4305431186730173,,,,6.448930241833493,8.507430750938429,6.456501634426038,2021,12
2022-01,2.446,86.51,282.543,0.8334785107449302,,1.4765266477553718,2.34433053759739,2.213207259897904,78.2765985501912,1.8637285369093142,0.7944427123083985,4.360248689235701,0.8944540372649807,0.17186364135606602,0.6345763011964999,4.7035506188206835,,,12.539051327857553,6.177062059133949,0.6380141592692282,0.6455700640880389,0.7525962684527965,0.573362307776833,0.4702421516217373,0.32351308868814055,4.26026542412736,4.212376266462405,4.346753349064506,4.258126256579797,4.129477419381664,3.9759988158706014,0.11541835342523661,0.17086341590900267,0.14351253767165884,0.05290566948040387,0.07843435052344172,0.08518389110090754,0.7138022689585503,0.7395535533741011,0.8311684784573199,0.6349882663864131,0.5122246446796981,0.35065687161316933,0.4709296236202579,0.3842498733650994,0.5437971656518115,0.08667975025515848,4.7035506188206835,,6.177062059133951,0.5480927897766524,0.38960942487502076,0.7247557121656454,0.5032079744624801,0.9726004547661099,-0.23396759532492073,0.5046509157250716,0.3252500993387244,0.6712235162046447,0.5018638335118912,1.219697312685673,-0.1639016465601375,0.04344187405158162,0.06435932553629703,0.053532195961000575,0.0013441409505887195,-0.24709685791956282,-0.07006594876478292,0.6064263452964705,0.4588960958592846,0.7852395465689201,0.5543303633689586,1.0130999375925207,-0.22032267497256847,3.33463346834966,3.896971545593069,0.7644735440828295,,,,4.5702079209720194,5.95011043408302,5.067226422880107,2022,1
2022-02,2.682,97.13,284.5,0.33715660583548895,,0.6281066366849258,-1.0286233885033,2.4100535272407733,87.28131957527826,2.0781266565542444,0.8796489577292647,4.469136460284017,0.9865627848594868,0.14818211572861595,0.9717329070319889,4.770077893486443,,,11.510427939354253,2.8189924999224383,0.6748608933578225,0.7944427123083985,0.6981684787829533,0.5327219386725367,0.5121623541598347,0.44009472715675585,4.277285829570011,4.360248689235701,4.307964257528887,4.19468768578185,4.178675967243367,4.101106640107976,0.13524468207118032,0.17186364135606602,0.12787383953743436,0.07570387117405536,0.07115600519983567,0.07665770533214822,0.7570465641049781,0.8944540372649807,0.7852704694357512,0.5971867894140341,0.5607579925141997,0.4706284340145776,0.4395542305725088,0.3680298201760408,0.5159343508449092,0.07152441039646773,4.770077893486443,,2.818992499922441,0.5427130646362821,0.4709296236202579,0.5936594233026178,0.4407897116382301,0.8896242867023878,0.04262096804451715,0.4850485890339393,0.3842498733650994,0.5743594833245504,0.4080476985139505,0.7989460777839374,0.09581830468370445,0.05766447560234324,0.08667975025515848,0.01929993997806731,0.03274201312428013,0.09067820891845046,-0.0531973366391873,0.6046708123436125,0.5437971656518115,0.6604014873898819,0.4910265935856434,0.9376356437704514,0.05918125422886583,4.7035506188206835,3.551753140723333,0.880597164334497,,,,6.177062059133949,6.448930241833493,6.284800498421859,2022,2
2022-03,3.495,117.25,287.674,1.1262549950876453,,0.9786332254690109,1.88784719822518,3.1059664020731805,104.19872979773403,2.4809221380412865,1.133324907563412,4.646299939204027,1.2513333756857736,0.2246945866427531,2.097987902119634,5.512464887400269,,,13.398275137579432,6.289315002525118,0.7326820632006105,0.8796489577292647,0.6455700640880389,0.6256658978422103,0.5619404564377826,0.4716566117229591,4.323027291987038,4.469136460284017,4.212376266462405,4.241684729346714,4.235626997589879,4.144911933064923,0.1473243894969404,0.14818211572861595,0.17086341590900267,0.12165078677886465,0.06398307713127205,0.0644142969414046,0.8219425633458868,0.9865627848594868,0.7395535533741011,0.6946460566836813,0.6189622823705687,0.5074198306311578,0.661668295840453,0.5013880061391047,0.7439135450546158,0.1602802897013485,5.51246488740027,,6.28931500252512,0.5425071511253284,0.4395542305725088,0.38960942487502076,0.6365344922159201,0.5845066845040553,0.5292316758014617,0.4783789426442868,0.3680298201760408,0.3252500993387244,0.5471608634566638,0.5454402919578181,0.6882982678337188,0.06412820848104117,0.07152441039646773,0.06435932553629703,0.08937362875925597,0.03906639254623725,-0.1590665920322571,0.6088221052201568,0.5159343508449092,0.4588960958592846,0.6886639850061338,0.6361084412055392,0.5555602059590928,4.770077893486443,3.33463346834966,2.6562533855353703,,,,2.8189924999224383,4.5702079209720194,8.507430750938429,2022,3
2022-04,3.914,104.58,288.561,-0.58169966414187,,0.0,0.520088335720942,3.4676349581775323,92.65336329233682,2.206032459341353,1.2434727933369878,4.5288652531230875,1.3645598689738845,0.45227715849726813,1.516288237977764,4.39033223437139,,,13.918363473300374,5.9180676740306355,0.8172918981541439,1.133324907563412,0.7944427123083985,0.7525962684527965,0.573362307776833,0.4702421516217373,4.390463160296591,4.646299939204027,4.360248689235701,4.346753349064506,4.258126256579797,4.129477419381664,0.16449835614092181,0.2246945866427531,0.17186364135606602,0.14351253767165884,0.05290566948040387,0.07843435052344172,0.9147237831795688,1.2513333756857736,0.8944540372649807,0.8311684784573199,0.6349882663864131,0.5122246446796981,0.7732306417152505,0.3993878337414234,0.8523352242941864,0.3738428079738264,4.39033223437139,,5.918067674030636,0.5466961183960839,0.661668295840453,0.4709296236202579,0.7247557121656454,0.5032079744624801,0.9726004547661099,0.4707501330913608,0.5013880061391047,0.3842498733650994,0.6712235162046447,0.5018638335118912,1.219697312685673,0.07594598530472325,0.1602802897013485,0.08667975025515848,0.053532195961000575,0.0013441409505887195,-0.24709685791956282,0.6180303652282371,0.7439135450546158,0.5437971656518115,0.7852395465689201,0.5543303633689586,1.0130999375925207,5.512464887400269,4.7035506188206835,3.896971545593069,,,,6.289315002525118,6.177062059133949,5.95011043408302,2022,4
2022-05,3.902,113.34,291.298,0.9077704865877354,,0.44353812821332345,1.38327417376677,3.424521899109046,99.47086418375686,2.3683539091370682,1.2309618704693797,4.599864779009933,1.3614892422009195,0.36876670974281445,2.4240587245654996,4.45672224058442,,,15.301637647067144,6.701097138924525,0.8991046523015092,1.2434727933369878,0.8796489577292647,0.6981684787829533,0.5327219386725367,0.5121623541598347,4.420815144306354,4.5288652531230875,4.469136460284017,4.307964257528887,4.19468768578185,4.178675967243367,0.2159591262785234,0.45227715849726813,0.14818211572861595,0.12787383953743436,0.07570387117405536,0.07115600519983567,1.003622348265663,1.3645598689738845,0.9865627848594868,0.7852704694357512,0.5971867894140341,0.5607579925141997,0.718799516309545,0.42118881176656586,0.8007312496867198,0.2976107045429788,4.456722240584421,,6.701097138924526,0.5547752733210181,0.7732306417152505,0.4395542305725088,0.5936594233026178,0.4407897116382301,0.8896242867023878,0.4254441860141567,0.3993878337414234,0.3680298201760408,0.5743594833245504,0.4080476985139505,0.7989460777839374,0.12933108730686094,0.3738428079738264,0.07152441039646773,0.01929993997806731,0.03274201312428013,0.09067820891845046,0.6292129781824483,0.8523352242941864,0.5159343508449092,0.6604014873898819,0.4910265935856434,0.9376356437704514,4.39033223437139,4.770077893486443,3.551753140723333,,,,5.9180676740306355,2.8189924999224383,6.448930241833493,2022,5
2022-06,4.12,122.71,294.957,0.43544620064786116,,-2.1602537733453833,0.662264101644479,3.570990494659674,106.35831155332247,2.5323407512695826,1.2728430067940597,4.666813691421081,1.415853163361435,0.34369893365634696,2.859504925213361,4.401855215671688,,,15.963901748711624,7.845226315893014,0.9879035509159135,1.2309618704693797,1.133324907563412,0.6455700640880389,0.6256658978422103,0.5619404564377826,4.4694652312198615,4.599864779009933,4.646299939204027,4.212376266462405,4.241684729346714,4.235626997589879,0.25610793797942005,0.36876670974281445,0.2246945866427531,0.17086341590900267,0.12165078677886465,0.06398307713127205,1.0996588103931912,1.3614892422009195,1.2513333756857736,0.7395535533741011,0.6946460566836813,0.6189622823705687,0.7109025503562771,0.4311866938312017,0.7968908809908664,0.2797158565250749,4.401855215671688,,7.845226315893015,0.5756319554888392,0.718799516309545,0.661668295840453,0.38960942487502076,0.6365344922159201,0.5845066845040553,0.39991574075449243,0.42118881176656586,0.5013880061391047,0.3252500993387244,0.5471608634566638,0.5454402919578181,0.17571621473434615,0.2976107045429788,0.1602802897013485,0.06435932553629703,0.08937362875925597,0.03906639254623725,0.6526012718985881,0.8007312496867198,0.7439135450546158,0.4588960958592846,0.6886639850061338,0.6361084412055392,4.45672224058442,5.512464887400269,3.33463346834966,,,,6.701097138924525,6.289315002525118,4.5702079209720194,2022,6
2022-07,3.478,111.93,294.913,-1.5419790971131737,,0.0,-0.81645270039901,3.0149897930350082,97.02927186153207,2.3102207586079064,1.1035964447787279,4.575012704747813,1.2464574159320914,0.2662533583142832,1.3175258281001871,2.702536971962118,,,15.147449048312614,7.359756087804605,1.0924490413669172,1.2728430067940597,1.2434727933369878,0.7944427123083985,0.7525962684527965,0.573362307776833,4.545204802046308,4.666813691421081,4.5288652531230875,4.360248689235701,4.346753349064506,4.258126256579797,0.2849138576039774,0.34369893365634696,0.45227715849726813,0.17186364135606602,0.14351253767165884,0.05290566948040387,1.2123754120577468,1.415853163361435,1.3645598689738845,0.8944540372649807,0.8311684784573199,0.6349882663864131,0.5302341370018949,0.3168864481680158,0.6114691495456782,0.21334768883387933,2.702536971962119,,7.359756087804606,0.6291808097357154,0.7109025503562771,0.7732306417152505,0.4709296236202579,0.7247557121656454,0.5032079744624801,0.4175718398365724,0.4311866938312017,0.3993878337414234,0.3842498733650994,0.6712235162046447,0.5018638335118912,0.21160896989914246,0.2797158565250749,0.3738428079738264,0.08667975025515848,0.053532195961000575,0.0013441409505887195,0.7089337360871849,0.7968908809908664,0.8523352242941864,0.5437971656518115,0.7852395465689201,0.5543303633689586,4.401855215671688,4.39033223437139,4.7035506188206835,,,,7.845226315893014,5.9180676740306355,6.177062059133949,2022,7
2022-08,3.339,100.45,295.097,-0.532052402992746,,-2.922430724980105,-1.06075112334525,2.89268944025185,87.0232567455221,2.071982303464812,1.0621866715458703,4.466175401845296,1.2056713609615175,0.33368088798394235,0.7854734251074411,2.606463432376371,,,14.086697924967364,4.630327105669835,1.1439746634453052,1.1035964447787279,1.2309618704693797,0.8796489577292647,0.6981684787829533,0.5327219386725367,4.580998804631659,4.575012704747813,4.599864779009933,4.469136460284017,4.307964257528887,4.19468768578185,0.30064547709701367,0.2662533583142832,0.36876670974281445,0.14818211572861595,0.12787383953743436,0.07570387117405536,1.2710426418355985,1.2464574159320914,1.3614892422009195,0.9865627848594868,0.7852704694357512,0.5971867894140341,0.5294647328733336,0.27148771606344635,0.6084845715474834,0.257977016809887,2.606463432376372,,4.630327105669837,0.6390648952993213,0.5302341370018949,0.718799516309545,0.4395542305725088,0.5936594233026178,0.4407897116382301,0.40634460230372493,0.3168864481680158,0.42118881176656586,0.3680298201760408,0.5743594833245504,0.4080476985139505,0.232720292995596,0.21334768883387933,0.2976107045429788,0.07152441039646773,0.01929993997806731,0.03274201312428013,0.7202124000694959,0.6114691495456782,0.8007312496867198,0.5159343508449092,0.6604014873898819,0.4910265935856434,2.702536971962118,4.45672224058442,4.770077893486443,,,,7.359756087804605,6.701097138924525,2.8189924999224383,2022,8
2022-09,3.262,89.76,296.349,-0.4041126434718774,,0.5344125454477189,-0.608006390290827,2.814042655225202,77.43362008982653,1.843657621186346,1.0346221167952239,4.349421054370788,1.1823405041988222,0.4228706807078042,0.3813607816355637,0.9058161428055775,,,13.478691534676537,2.8148474567760484,1.1743976157480729,1.0621866715458703,1.2728430067940597,1.133324907563412,0.6455700640880389,0.6256658978422103,4.580505294891873,4.466175401845296,4.666813691421081,4.646299939204027,4.212376266462405,4.241684729346714,0.33156193913956805,0.33368088798394235,0.34369893365634696,0.2246945866427531,0.17086341590900267,0.12165078677886465,1.3075607378526037,1.2056713609615175,1.415853163361435,1.2513333756857736,0.7395535533741011,0.6946460566836813,0.4089562189530136,0.10773632502407438,0.4876944475151409,0.30121989392893955,0.9058161428055782,,2.81484745677605,0.6540499790161256,0.5294647328733336,0.7109025503562771,0.661668295840453,0.38960942487502076,0.6365344922159201,0.39025425161829297,0.27148771606344635,0.4311866938312017,0.5013880061391047,0.3252500993387244,0.5471608634566638,0.2637957273978325,0.257977016809887,0.2797158565250749,0.1602802897013485,0.06435932553629703,0.08937362875925597,0.7356374368532584,0.6084845715474834,0.7968908809908664,0.7439135450546158,0.4588960958592846,0.6886639850061338,2.606463432376371,4.401855215671688,5.512464887400269,,,,4.630327105669835,7.845226315893014,6.289315002525118,2022,9
2022-10,3.715,93.33,298.007,0.6037956062932265,,2.4412022204702972,1.62376598170576,3.1870034834192937,80.06541994818913,1.9063195225759317,1.1590811284434799,4.382844049851412,1.3123786781697224,0.5139066968754357,0.9851563879287901,0.5417808902727912,,,15.102457516382298,5.294453258629138,1.1579471506200416,1.0346221167952239,1.1035964447787279,1.2434727933369878,0.7944427123083985,0.7525962684527965,4.531025480753,4.349421054370788,4.575012704747813,4.5288652531230875,4.360248689235701,4.346753349064506,0.36459128815040986,0.4228706807078042,0.2662533583142832,0.45227715849726813,0.17186364135606602,0.14351253767165884,1.2960619259381116,1.1823405041988222,1.2464574159320914,1.3645598689738845,0.8944540372649807,0.8311684784573199,0.4064848599906834,0.03609070078690646,0.48121019971240253,0.37039415920377683,0.5417808902727919,,5.29445325862914,0.6119312995348858,0.4089562189530136,0.5302341370018949,0.7732306417152505,0.4709296236202579,0.7247557121656454,0.3246456380991214,0.10773632502407438,0.3168864481680158,0.3993878337414234,0.3842498733650994,0.6712235162046447,0.2872856614357643,0.30121989392893955,0.21334768883387933,0.3738428079738264,0.08667975025515848,0.053532195961000575,0.6929342539300125,0.4876944475151409,0.6114691495456782,0.8523352242941864,0.5437971656518115,0.7852395465689201,0.9058161428055775,2.702536971962118,4.39033223437139,,,,2.8148474567760484,7.359756087804605,5.9180676740306355,2022,10
2022-11,3.16,91.42,298.786,-0.4465072064211267,,0.0,-0.898700467924517,2.7038153170942865,78.22240388884798,1.8624381878297138,0.9946638559570077,4.359556101261785,1.1505720275988207,0.37277737297859104,0.5386491815076635,0.5202541937448752,,,14.203757048457781,4.602874663482015,1.1438818731377902,1.1590811284434799,1.0621866715458703,1.2309618704693797,0.8796489577292647,0.6981684787829533,4.506688613541054,4.382844049851412,4.466175401845296,4.599864779009933,4.469136460284017,4.307964257528887,0.3748628778801044,0.5139066968754357,0.33368088798394235,0.36876670974281445,0.14818211572861595,0.12787383953743436,1.2873650608040845,1.3123786781697224,1.2056713609615175,1.3614892422009195,0.9865627848594868,0.7852704694357512,0.2964953771740544,0.051591843732897935,0.36530155816306953,0.24490353344115667,0.5202541937448759,,4.602874663482016,0.5508070025807912,0.4064848599906834,0.5294647328733336,0.718799516309545,0.4395542305725088,0.5936594233026178,0.2640961159400348,0.03609070078690646,0.27148771606344635,0.42118881176656586,0.3680298201760408,0.5743594833245504,0.286710886640756,0.37039415920377683,0.257977016809887,0.2976107045429788,0.07152441039646773,0.01929993997806731,0.6310800831663818,0.48121019971240253,0.6084845715474834,0.8007312496867198,0.5159343508449092,0.6604014873898819,0.5417808902727912,2.606463432376371,4.45672224058442,,,,5.294453258629138,4.630327105669835,6.701097138924525,2022,11
2022-12,2.897,80.92,298.832,-0.6526563962607175,,-2.8964984035688834,0.402807405879927,2.4784010210307685,69.22754940345524,1.6482749857965533,0.9076136026521255,4.237398896164457,1.0636757187872132,0.40788432477103675,-0.11400721475305398,0.08489499479537566,,,14.606564454337708,4.411843664077545,1.1044988707190615,0.9946638559570077,1.0346221167952239,1.2728430067940597,1.133324907563412,0.6455700640880389,4.466637167249696,4.359556101261785,4.349421054370788,4.666813691421081,4.646299939204027,4.212376266462405,0.37553132175273385,0.37277737297859104,0.4228706807078042,0.34369893365634696,0.2246945866427531,0.17086341590900267,1.2522121917037348,1.1505720275988207,1.1823405041988222,1.415853163361435,1.2513333756857736,0.7395535533741011,0.2620435385640867,0.025022629702052157,0.3241221654131121,0.23702090886203409,0.0848949947953763,,4.411843664077544,0.48042297939154277,0.2964953771740544,0.4089562189530136,0.7109025503562771,0.661668295840453,0.38960942487502076,0.20249662126775725,0.051591843732897935,0.10773632502407438,0.4311866938312017,0.5013880061391047,0.3252500993387244,0.2779263581237857,0.24490353344115667,0.30121989392893955,0.2797158565250749,0.1602802897013485,0.06435932553629703,0.5585084679124401,0.36530155816306953,0.4876944475151409,0.7968908809908664,0.7439135450546158,0.4588960958592846,0.5202541937448752,0.9058161428055775,4.401855215671688,,,,4.602874663482015,2.8148474567760484,7.845226315893014,2022,12
2023-01,3.542,82.5,300.42,0.02281607715230332,,0.0,0.813028050288989,3.014184974923995,70.20617177618001,1.6715755184804766,1.1033294702268968,4.25143622420689,1.2646915393606417,0.5895628643033747,-0.09119113760075065,-0.7257674387972513,,,15.419592504626696,2.8805411767691442,1.0436273033620727,0.9076136026521255,1.1590811284434799,1.1035964447787279,1.2434727933369878,0.7944427123083985,4.3950680347069255,4.237398896164457,4.382844049851412,4.575012704747813,4.5288652531230875,4.360248689235701,0.38622888693851554,0.40788432477103675,0.5139066968754357,0.2662533583142832,0.45227715849726813,0.17186364135606602,1.1935159509413646,1.0636757187872132,1.3123786781697224,1.2464574159320914,1.3645598689738845,0.8944540372649807,0.3088867579184983,-0.10881246502881048,0.370237502095661,0.41769922294730866,-0.7257674387972506,,2.8805411767691425,0.40561314409284444,0.2620435385640867,0.4064848599906834,0.5302341370018949,0.7732306417152505,0.4709296236202579,0.13480261057956522,0.025022629702052157,0.03609070078690646,0.3168864481680158,0.3993878337414234,0.3842498733650994,0.27081053351327894,0.23702090886203409,0.37039415920377683,0.21334768883387933,0.3738428079738264,0.08667975025515848,0.4797136819828144,0.3241221654131121,0.48121019971240253,0.6114691495456782,0.8523352242941864,0.5437971656518115,0.08489499479537566,0.5417808902727912,2.702536971962118,,,,4.411843664077545,5.294453258629138,7.359756087804605,2023,1
2023-02,2.79,82.59,301.45,-0.23693111986071308,,0.0,-1.00763015058763,2.3661327168684694,70.04261687676234,1.667681354208627,0.8612568573340232,4.249103869323375,1.0260415958332743,0.34982260629401674,-0.32812225746146373,-1.299855164493453,,,14.411962354039066,2.9015344146848143,1.043582807603434,1.1033294702268968,0.9946638559570077,1.0621866715458703,1.2309618704693797,0.8796489577292647,4.341138621283439,4.25143622420689,4.359556101261785,4.466175401845296,4.599864779009933,4.469136460284017,0.44011380460336413,0.5895628643033747,0.37277737297859104,0.33368088798394235,0.36876670974281445,0.14818211572861595,1.1965549715127897,1.2646915393606417,1.1505720275988207,1.2056713609615175,1.3614892422009195,0.9865627848594868,-0.018392100395241417,-0.22003259096064198,0.03947881097378747,0.2016404905654008,-1.2998551644934526,,2.9015344146848125,0.3687219142456114,0.3088867579184983,0.2964953771740544,0.5294647328733336,0.718799516309545,0.4395542305725088,0.06385279171342795,-0.10881246502881048,0.051591843732897935,0.27148771606344635,0.42118881176656586,0.3680298201760408,0.3048691225321838,0.41769922294730866,0.24490353344115667,0.257977016809887,0.2976107045429788,0.07152441039646773,0.4395084074078116,0.370237502095661,0.36530155816306953,0.6084845715474834,0.8007312496867198,0.5159343508449092,-0.7257674387972513,0.5202541937448752,2.606463432376371,,,,2.8805411767691442,4.602874663482015,4.630327105669835,2023,2
2023-03,2.679,78.43,301.821,-0.5472384134270187,,0.0,-0.559018124154904,2.2692035038980056,66.4328595784698,1.5817347518683287,0.8194288905806666,4.19619180724277,0.9854435905624717,0.36090670162126476,-0.8753606708884825,-2.973348573008117,,,13.852944229884162,0.45466909230472996,1.010094505234793,0.8612568573340232,0.9076136026521255,1.0346221167952239,1.2728430067940597,1.133324907563412,4.3049600325297845,4.249103869323375,4.237398896164457,4.349421054370788,4.666813691421081,4.646299939204027,0.44280409098837653,0.34982260629401674,0.40788432477103675,0.4228706807078042,0.34369893365634696,0.2246945866427531,1.166616677324749,1.0260415958332743,1.0636757187872132,1.1823405041988222,1.415853163361435,1.2513333756857736,-0.3138960169827454,-0.4501081319612572,-0.26588978512330197,0.13621211497851166,-2.973348573008116,,0.45466909230473007,0.27741244203418247,-0.018392100395241417,0.2620435385640867,0.4089562189530136,0.7109025503562771,0.661668295840453,-0.018067259457253293,-0.22003259096064198,0.025022629702052157,0.10773632502407438,0.4311866938312017,0.5013880061391047,0.2954797014914361,0.2016404905654008,0.23702090886203409,0.30121989392893955,0.2797158565250749,0.1602802897013485,0.3446741139788623,0.03947881097378747,0.3241221654131121,0.4876944475151409,0.7968908809908664,0.7439135450546158,-1.299855164493453,0.08489499479537566,0.9058161428055775,,,,2.9015344146848143,4.411843664077545,2.8148474567760484,2023,3
2023-04,2.374,84.64,302.845,0.6570248913531362,,0.0,1.17664789342692,2.0040589503981683,71.45052635286477,1.7012030084015421,0.695174599156317,4.2690052710788295,0.8645762961874763,0.16383894636085528,-0.21833577953534622,-1.7346240175131107,,,15.029592123311083,1.111228650010708,0.9742289675323668,0.8194288905806666,1.1033294702268968,1.1590811284434799,1.1035964447787279,1.2434727933369878,4.279421824675115,4.19619180724277,4.25143622420689,4.382844049851412,4.575012704747813,4.5288652531230875,0.43247676114061995,0.36090670162126476,0.5895628643033747,0.5139066968754357,0.2662533583142832,0.45227715849726813,1.133800525052024,0.9854435905624717,1.2646915393606417,1.3123786781697224,1.2464574159320914,1.3645598689738845,-0.5482981941806708,-0.259859982044258,-0.49998357278640815,-0.28843821213641285,-1.7346240175131102,,1.111228650010709,0.15693706937822283,-0.3138960169827454,0.3088867579184983,0.4064848599906834,0.5302341370018949,0.7732306417152505,-0.11104133562147567,-0.4501081319612572,-0.10881246502881048,0.03609070078690646,0.3168864481680158,0.3993878337414234,0.26797840499969816,0.13621211497851166,0.41769922294730866,0.37039415920377683,0.21334768883387933,0.3738428079738264,0.21907674187245518,-0.26588978512330197,0.370237502095661,0.48121019971240253,0.6114691495456782,0.8523352242941864,-2.973348573008117,-0.7257674387972513,0.5417808902727912,,,,0.45466909230472996,2.8805411767691442,5.294453258629138,2023,4
2023-05,2.173,75.47,303.334,-1.0542290967998782,,0.0,-0.787724089485161,1.8314236570359188,63.60678481201141,1.5144472574288432,0.6050936190678875,4.152720144090372,0.7761087012742927,0.19004309326088376,-1.2725648763352244,-3.6966236009007245,,,14.241868033825922,-1.0597696132412229,0.8969112126511729,0.695174599156317,0.8612568573340232,0.9946638559570077,1.0621866715458703,1.2309618704693797,4.260448694879685,4.2690052710788295,4.249103869323375,4.359556101261785,4.466175401845296,4.599864779009933,0.37413213605485657,0.16383894636085528,0.34982260629401674,0.37277737297859104,0.33368088798394235,0.36876670974281445,1.0591667947216497,0.8645762961874763,1.0260415958332743,1.1505720275988207,1.2056713609615175,1.3614892422009195,-0.6258682514014922,-0.44714463491956113,-0.5853805409266268,-0.1787236164819307,-3.696623600900724,,-1.0597696132412224,-0.0021934396503362485,-0.5482981941806708,-0.018392100395241417,0.2964953771740544,0.5294647328733336,0.718799516309545,-0.160366449426669,-0.259859982044258,-0.22003259096064198,0.051591843732897935,0.27148771606344635,0.42118881176656586,0.15817300977633317,-0.28843821213641285,0.2016404905654008,0.24490353344115667,0.257977016809887,0.2976107045429788,0.05554444645598666,-0.49998357278640815,0.03947881097378747,0.36530155816306953,0.6084845715474834,0.8007312496867198,-1.7346240175131107,-1.299855164493453,0.5202541937448752,,,,1.111228650010708,2.9015344146848143,4.602874663482015,2023,5
2023-06,2.25,74.84,304.014,0.37555819979799554,,0.44169294304720064,0.382730776702911,1.892078366456808,62.93473108694556,1.4984459782606085,0.6376758896750815,4.142098174864642,0.8109302162163288,0.23324733309380818,-0.8970066765372289,-3.7565116017505895,,,14.624598810528832,-1.339302938182791,0.8319828398363195,0.6050936190678875,0.8194288905806666,0.9076136026521255,1.0346221167952239,1.2728430067940597,4.225976035351116,4.152720144090372,4.19619180724277,4.237398896164457,4.349421054370788,4.666813691421081,0.343676422768572,0.19004309326088376,0.36090670162126476,0.40788432477103675,0.4228706807078042,0.34369893365634696,0.9967562403342282,0.7761087012742927,0.9854435905624717,1.0636757187872132,1.1823405041988222,1.415853163361435,-0.6351671171189782,-0.524715516556439,-0.6049229471451063,-0.11045160056253878,-3.7565116017505895,,-1.339302938182792,-0.15592071107959404,-0.6258682514014922,-0.3138960169827454,0.2620435385640867,0.4089562189530136,0.7109025503562771,-0.2434891958687455,-0.44714463491956113,-0.4501081319612572,0.025022629702052157,0.10773632502407438,0.4311866938312017,0.08756848478915197,-0.1787236164819307,0.13621211497851166,0.23702090886203409,0.30121989392893955,0.2797158565250749,-0.10290257005896308,-0.5853805409266268,-0.26588978512330197,0.3241221654131121,0.4876944475151409,0.7968908809908664,-3.6966236009007245,-2.973348573008117,0.08489499479537566,,,,-1.0597696132412229,0.45466909230472996,4.411843664077545,2023,6
2023-07,2.488,80.11,304.609,0.10264827110028253,,0.0,2.38964538451089,2.0881314318793383,67.234810694475,1.6008288260589285,0.736269614341722,4.208191129691815,0.911479174876933,0.26574810293327583,-0.7943584054369464,-2.1118842335371335,,,17.014244195039723,1.866795146727109,0.7869932210068122,0.6376758896750815,0.695174599156317,1.1033294702268968,1.1590811284434799,1.1035964447787279,4.210092581801146,4.142098174864642,4.2690052710788295,4.25143622420689,4.382844049851412,4.575012704747813,0.3145702574890339,0.23324733309380818,0.16383894636085528,0.5895628643033747,0.5139066968754357,0.2662533583142832,0.9546319899057476,0.8109302162163288,0.8645762961874763,1.2646915393606417,1.3123786781697224,1.2464574159320914,-0.36732683043700587,-0.3668215750559982,-0.3349782410551584,-0.0005052553810073745,-2.1118842335371335,,1.8667951467271084,-0.305455820360105,-0.6351671171189782,-0.5482981941806708,0.3088867579184983,0.4064848599906834,0.5302341370018949,-0.3351122202451613,-0.524715516556439,-0.259859982044258,-0.10881246502881048,0.03609070078690646,0.3168864481680158,0.029656399885056473,-0.11045160056253878,-0.28843821213641285,0.41769922294730866,0.37039415920377683,0.21334768883387933,-0.2577434221519992,-0.6049229471451063,-0.49998357278640815,0.370237502095661,0.48121019971240253,0.6114691495456782,-3.7565116017505895,-1.7346240175131107,-0.7257674387972513,,,,-1.339302938182791,1.111228650010708,2.8805411767691442,2023,7
2023-08,2.989,86.15,306.082,0.34150108305118787,,0.0,1.21810073148327,2.4965387431581516,71.9561099776095,1.7132407137526071,0.9149052698279551,4.276056349500093,1.0949388833018008,0.3765185386112303,-0.4528573223857585,-1.2383307474931997,,,18.23234492652299,4.145647001555629,0.725816578359283,0.736269614341722,0.6050936190678875,0.8612568573340232,0.9946638559570077,1.0621866715458703,4.202885066048633,4.208191129691815,4.152720144090372,4.249103869323375,4.359556101261785,4.466175401845296,0.2606011305940174,0.26574810293327583,0.19004309326088376,0.34982260629401674,0.37277737297859104,0.33368088798394235,0.895763262491796,0.911479174876933,0.7761087012742927,1.0260415958332743,1.1505720275988207,1.2056713609615175,-0.14728140171791526,-0.190119052345203,-0.11073247765971672,0.04283765062728795,-1.2383307474931997,,4.145647001555627,-0.41815808508602215,-0.36732683043700587,-0.6258682514014922,-0.018392100395241417,0.2964953771740544,0.5294647328733336,-0.37811373858302577,-0.3668215750559982,-0.44714463491956113,-0.22003259096064198,0.051591843732897935,0.27148771606344635,-0.040044346502996264,-0.0005052553810073745,-0.1787236164819307,0.2016404905654008,0.24490353344115667,0.257977016809887,-0.3752793793438024,-0.3349782410551584,-0.5853805409266268,0.03947881097378747,0.36530155816306953,0.6084845715474834,-2.1118842335371335,-3.6966236009007245,-1.299855164493453,,,,1.866795146727109,-1.0597696132412229,2.9015344146848143,2023,8
2023-09,3.12,93.72,307.276,0.7029629859141613,,0.0,0.161170499346207,2.5958293521134097,77.97472015386819,1.8565409560444808,0.953906061748007,4.356384673566211,1.1378330018213911,0.3351910064651644,0.2501056635284028,-0.13125511810716117,,,18.393515425869197,4.914823891192662,0.734757980441605,0.9149052698279551,0.6376758896750815,0.8194288905806666,0.9076136026521255,1.0346221167952239,4.207377146078087,4.276056349500093,4.142098174864642,4.19619180724277,4.237398896164457,4.349421054370788,0.26505045264688637,0.3765185386112303,0.23324733309380818,0.36090670162126476,0.40788432477103675,0.4228706807078042,0.9072461437365504,1.0949388833018008,0.8109302162163288,0.9854435905624717,1.0636757187872132,1.1823405041988222,-0.0807160550472169,0.0069636191954227655,-0.04450750237743106,-0.08767967424263978,-0.1312551181071609,,4.914823891192659,-0.4396396353064679,-0.14728140171791526,-0.6351671171189782,-0.3138960169827454,0.2620435385640867,0.4089562189530136,-0.37312814881378653,-0.190119052345203,-0.524715516556439,-0.4501081319612572,0.025022629702052157,0.10773632502407438,-0.06651148649268168,0.04283765062728795,-0.11045160056253878,0.13621211497851166,0.23702090886203409,0.30121989392893955,-0.4003145941160533,-0.11073247765971672,-0.6049229471451063,-0.26588978512330197,0.3241221654131121,0.4876944475151409,-1.2383307474931997,-3.7565116017505895,-2.973348573008117,,,,4.145647001555629,-1.339302938182791,0.45466909230472996,2023,9
2023-10,2.881,90.6,307.696,-0.15926517468573995,,0.0,0.306462102028948,2.3937103263719166,75.27599985050179,1.792285710726233,0.8728445999700633,4.321161356916606,1.0581374561023913,0.28935286133682603,0.09084048884266285,-0.8943158990861275,,,18.699977527898145,3.5975200115158508,0.7571708423028284,0.953906061748007,0.736269614341722,0.695174599156317,1.1033294702268968,1.1590811284434799,4.234075957131994,4.356384673566211,4.208191129691815,4.2690052710788295,4.25143622420689,4.382844049851412,0.260764503454203,0.3351910064651644,0.26574810293327583,0.16383894636085528,0.5895628643033747,0.5139066968754357,0.9326443789463704,1.1378330018213911,0.911479174876933,0.8645762961874763,1.2646915393606417,1.3123786781697224,-0.28623652847341663,-0.06168269293480666,-0.25424122206733113,-0.22455383553860964,-0.8943158990861273,,3.597520011515847,-0.4007763083172132,-0.0807160550472169,-0.36732683043700587,-0.5482981941806708,0.3088867579184983,0.4064848599906834,-0.2969495236210058,0.0069636191954227655,-0.3668215750559982,-0.259859982044258,-0.10881246502881048,0.03609070078690646,-0.10382678469620688,-0.08767967424263978,-0.0005052553810073745,-0.28843821213641285,0.41769922294730866,0.37039415920377683,-0.3634175469917412,-0.04450750237743106,-0.3349782410551584,-0.49998357278640815,0.370237502095661,0.48121019971240253,-0.13125511810716117,-2.1118842335371335,-1.7346240175131107,,,,4.914823891192662,1.866795146727109,1.111228650010708,2023,10
2023-11,2.734,82.94,308.148,-0.5802073754353803,,-2.483079656078728,-0.708545232290914,2.2682417631570977,68.81052371479505,1.6383458027332156,0.8190049776963424,4.23135669421282,1.0057657383017578,0.32531790176689085,-0.48936688659271743,-1.0280160681003812,,,17.991432295607233,3.787675247149454,0.7867825091051195,0.8728445999700633,0.9149052698279551,0.6050936190678875,0.8612568573340232,0.9946638559570077,4.242768638104956,4.321161356916606,4.276056349500093,4.152720144090372,4.249103869323375,4.359556101261785,0.28168348928353143,0.28935286133682603,0.3765185386112303,0.19004309326088376,0.34982260629401674,0.37277737297859104,0.9649045722655231,1.0581374561023913,1.0949388833018008,0.7761087012742927,1.0260415958332743,1.1505720275988207,-0.17565887826066529,-0.1281994070489656,-0.14480628929706296,-0.04745947121170019,-1.028016068100381,,3.7876752471494513,-0.35709936403267073,-0.28623652847341663,-0.14728140171791526,-0.6258682514014922,-0.018392100395241417,0.2964953771740544,-0.2639199754360977,-0.06168269293480666,-0.190119052345203,-0.44714463491956113,-0.22003259096064198,0.051591843732897935,-0.09317938859657299,-0.22455383553860964,0.04283765062728795,-0.1787236164819307,0.2016404905654008,0.24490353344115667,-0.32246048853856146,-0.25424122206733113,-0.11073247765971672,-0.5853805409266268,0.03947881097378747,0.36530155816306953,-0.8943158990861275,-1.2383307474931997,-3.6966236009007245,,,,3.5975200115158508,4.145647001555629,-1.0597696132412229,2023,11
2023-12,2.387,77.63,308.741,0.03912721843628145,,0.0,-1.12425898742629,1.9765522441679813,64.28142049214931,1.5305100117178407,0.6813540360731041,4.163270639134,0.870037347356693,0.25575301522247224,-0.450239668156436,-0.33623245340338226,,,16.86717330818094,2.260608853843237,0.8224344022098619,0.8190049776963424,0.953906061748007,0.6376758896750815,0.8194288905806666,0.9076136026521255,4.255874729792031,4.23135669421282,4.356384673566211,4.142098174864642,4.19619180724277,4.237398896164457,0.30422929070119925,0.32531790176689085,0.3351910064651644,0.23324733309380818,0.36090670162126476,0.40788432477103675,1.0031807451034338,1.0057657383017578,1.1378330018213911,0.8109302162163288,0.9854435905624717,1.0636757187872132,-0.22625956657902146,-0.07412825703045733,-0.1936383714305202,-0.15213130954856452,-0.33623245340338204,,2.260608853843234,-0.28206446850919964,-0.17565887826066529,-0.0807160550472169,-0.6351671171189782,-0.3138960169827454,0.2620435385640867,-0.21076243745766554,-0.1281994070489656,0.0069636191954227655,-0.524715516556439,-0.4501081319612572,0.025022629702052157,-0.0713020310515346,-0.04745947121170019,-0.08767967424263978,-0.11045160056253878,0.13621211497851166,0.23702090886203409,-0.24903144660030097,-0.14480628929706296,-0.04450750237743106,-0.6049229471451063,-0.26588978512330197,0.3241221654131121,-1.0280160681003812,-0.13125511810716117,-3.7565116017505895,,,,3.787675247149454,4.914823891192662,-1.339302938182791,2023,12
2024-01,2.585,80.12,309.698,1.217739976256189,,0.0,2.00725673259622,2.1338914940253626,66.13825396569132,1.57472033251646,0.7579473053006985,4.1917473081379235,0.9497255079603925,0.30386961544614316,0.7675003080997529,0.8586914457005033,,,18.874430040777163,3.454837536150468,0.8297140932761992,0.6813540360731041,0.8728445999700633,0.736269614341722,0.695174599156317,1.1033294702268968,4.259403473836923,4.163270639134,4.321161356916606,4.208191129691815,4.2690052710788295,4.25143622420689,0.30798023772264327,0.25575301522247224,0.28935286133682603,0.26574810293327583,0.16383894636085528,0.5895628643033747,1.0130319336268279,0.870037347356693,1.0581374561023913,0.911479174876933,0.8645762961874763,1.2646915393606417,-0.3453821649261982,-0.05968891606896687,-0.31496603140024926,-0.2856932488572315,0.8586914457005035,,3.4548375361504675,-0.2139132100858735,-0.22625956657902146,-0.28623652847341663,-0.36732683043700587,-0.5482981941806708,0.3088867579184983,-0.13566456087000223,-0.07412825703045733,-0.06168269293480666,-0.3668215750559982,-0.259859982044258,-0.10881246502881048,-0.07824864921587227,-0.15213130954856452,-0.22455383553860964,-0.0005052553810073745,-0.28843821213641285,0.41769922294730866,-0.18048401731453678,-0.1936383714305202,-0.25424122206733113,-0.3349782410551584,-0.49998357278640815,0.370237502095661,-0.33623245340338226,-0.8943158990861275,-2.1118842335371335,,,,2.260608853843237,3.5975200115158508,1.866795146727109,2024,1
2024-02,2.683,83.48,310.967,-0.029998041809238978,,0.0,-1.18306249362169,2.205751353305442,68.63068318074481,1.634063885255829,0.791068200655168,4.2287397114206815,0.986935571443487,0.2999981075178552,0.737502266290514,1.0656245237519775,,,17.691367547155473,3.279405193116408,0.8333270417693618,0.7579473053006985,0.8190049776963424,0.9149052698279551,0.6050936190678875,0.8612568573340232,4.256662836911276,4.1917473081379235,4.23135669421282,4.276056349500093,4.152720144090372,4.249103869323375,0.31433382314145447,0.30386961544614316,0.32531790176689085,0.3765185386112303,0.19004309326088376,0.34982260629401674,1.0194063224740713,0.9497255079603925,1.0057657383017578,1.0949388833018008,0.7761087012742927,1.0260415958332743,-0.07018865667885521,-0.020364157902693414,-0.039106024389787275,-0.04982449877616152,1.0656245237519777,,3.279405193116407,-0.21025576583407213,-0.3453821649261982,-0.17565887826066529,-0.14728140171791526,-0.6258682514014922,-0.018392100395241417,-0.08447578437216308,-0.05968891606896687,-0.1281994070489656,-0.190119052345203,-0.44714463491956113,-0.22003259096064198,-0.12577998146190966,-0.2856932488572315,-0.04745947121170019,0.04283765062728795,-0.1787236164819307,0.2016404905654008,-0.1771486490387184,-0.31496603140024926,-0.14480628929706296,-0.11073247765971672,-0.5853805409266268,0.03947881097378747,0.8586914457005033,-1.0280160681003812,-1.2383307474931997,,,,3.454837536150468,3.787675247149454,4.145647001555629,2024,2
2024-03,2.593,85.41,312.345,0.6343489869172427,,-0.2520754053163662,-0.565953218536711,2.1223555638263245,69.90759302213898,1.6644665005271186,0.7525265868649244,4.247174270266453,0.9528155065565274,0.24302193488183965,1.3718512532077567,2.2472119240962387,,,17.12541432861876,3.2724700987346007,0.812687530240564,0.791068200655168,0.6813540360731041,0.953906061748007,0.6376758896750815,0.8194288905806666,4.248776730564707,4.2287397114206815,4.163270639134,4.356384673566211,4.142098174864642,4.19619180724277,0.3015804179592253,0.2999981075178552,0.25575301522247224,0.3351910064651644,0.23324733309380818,0.36090670162126476,1.0014057704976855,0.986935571443487,0.870037347356693,1.1378330018213911,0.8109302162163288,0.9854435905624717,-0.06690230371574224,0.05098246302368281,-0.0326280840059443,-0.1178847667394251,2.247211924096239,,3.2724700987345976,-0.197406974994229,-0.07018865667885521,-0.22625956657902146,-0.0807160550472169,-0.6351671171189782,-0.3138960169827454,-0.0561833019650777,-0.020364157902693414,-0.07412825703045733,0.0069636191954227655,-0.524715516556439,-0.4501081319612572,-0.14122367302915123,-0.04982449877616152,-0.15213130954856452,-0.08767967424263978,-0.11045160056253878,0.13621211497851166,-0.16521090682706352,-0.039106024389787275,-0.1936383714305202,-0.04450750237743106,-0.6049229471451063,-0.26588978512330197,1.0656245237519775,-0.33623245340338226,-0.13125511810716117,,,,3.279405193116408,2.260608853843237,4.914823891192662,2024,3
2024-04,2.605,89.94,313.023,0.37719282374458846,,0.0,0.40286576336202,2.127559251503351,73.45592287148229,1.748950544559102,0.7549754313729269,4.296685537510158,0.9574326752053303,0.19595951214613727,1.7490440769523452,1.9673798564876912,,,17.52828009198078,2.4986879686697008,0.7791242844267169,0.7525265868649244,0.7579473053006985,0.8728445999700633,0.736269614341722,0.695174599156317,4.230574996681414,4.247174270266453,4.1917473081379235,4.321161356916606,4.208191129691815,4.2690052710788295,0.2862189060286712,0.24302193488183965,0.30386961544614316,0.28935286133682603,0.26574810293327583,0.16383894636085528,0.9705695212868748,0.9528155065565274,0.9497255079603925,1.0581374561023913,0.911479174876933,0.8645762961874763,0.05980083221660992,0.027680266431328704,0.09285637901785393,0.032120565785281996,1.9673798564876914,,2.498687968669696,-0.19510468310564988,-0.06690230371574224,-0.3453821649261982,-0.28623652847341663,-0.36732683043700587,-0.5482981941806708,-0.048846827993701325,0.05098246302368281,-0.05968891606896687,-0.06168269293480666,-0.3668215750559982,-0.259859982044258,-0.14625785511194872,-0.1178847667394251,-0.2856932488572315,-0.22455383553860964,-0.0005052553810073745,-0.28843821213641285,-0.1632310037651492,-0.0326280840059443,-0.31496603140024926,-0.25424122206733113,-0.3349782410551584,-0.49998357278640815,2.2472119240962387,0.8586914457005033,-0.8943158990861275,,,,3.2724700987346007,3.454837536150468,3.5975200115158508,2024,4
2024-05,2.38,81.75,313.175,-0.8493329934375216,,0.0,-0.743582831148693,1.942853511082728,66.73456913067774,1.5889183126351842,0.6641577743892912,4.20072309648327,0.8671004876833833,0.2011042961893889,0.8997110835148237,2.172275959850048,,,16.784697260832086,2.5428292270061688,0.7594794229938607,0.7549754313729269,0.791068200655168,0.8190049776963424,0.9149052698279551,0.6050936190678875,4.226495693447006,4.296685537510158,4.2287397114206815,4.23135669421282,4.276056349500093,4.152720144090372,0.27065334783022305,0.19595951214613727,0.2999981075178552,0.32531790176689085,0.3765185386112303,0.19004309326088376,0.9537853911373647,0.9574326752053303,0.986935571443487,1.0057657383017578,1.0949388833018008,0.7761087012742927,0.059064155321403744,0.0480029523928982,0.09099178640909067,0.011061202928505154,2.1722759598500483,,2.5428292270061643,-0.13743178965731218,0.05980083221660992,-0.07018865667885521,-0.17565887826066529,-0.14728140171791526,-0.6258682514014922,-0.03395300143267832,0.027680266431328704,-0.020364157902693414,-0.1281994070489656,-0.190119052345203,-0.44714463491956113,-0.10347878822463352,0.032120565785281996,-0.04982449877616152,-0.04745947121170019,0.04283765062728795,-0.1787236164819307,-0.10538140358428494,0.09285637901785393,-0.039106024389787275,-0.14480628929706296,-0.11073247765971672,-0.5853805409266268,1.9673798564876912,1.0656245237519775,-1.0280160681003812,,,,2.4986879686697008,3.279405193116408,3.787675247149454,2024,5
2024-06,2.394,82.25,313.044,-0.006555857728383745,,-3.0369352737144646,1.01519631258479,1.9550998725418793,67.17082895428972,1.5993054512926124,0.6704412778316702,4.2072390603413705,0.8729656071357814,0.2008718357736683,0.8931552257864399,1.7901619023236686,,,17.799893573416878,3.175294762888048,0.7336715557760188,0.6641577743892912,0.7525265868649244,0.6813540360731041,0.953906061748007,0.6376758896750815,4.2213900938254145,4.20072309648327,4.247174270266453,4.163270639134,4.356384673566211,4.142098174864642,0.24995108023397275,0.2011042961893889,0.24302193488183965,0.25575301522247224,0.3351910064651644,0.23324733309380818,0.9306745160343023,0.8671004876833833,0.9528155065565274,0.870037347356693,1.1378330018213911,0.8109302162163288,0.03276538815658869,0.0651408854767288,0.06203539091945265,-0.03237549732013989,1.7901619023236688,,3.1752947628880452,-0.09831128406030065,0.059064155321403744,-0.06690230371574224,-0.22625956657902146,-0.0807160550472169,-0.6351671171189782,-0.004585941525701465,0.0480029523928982,0.05098246302368281,-0.07412825703045733,0.0069636191954227655,-0.524715516556439,-0.09372534253459927,0.011061202928505154,-0.1178847667394251,-0.15213130954856452,-0.08767967424263978,-0.11045160056253878,-0.06608172429992587,0.09099178640909067,-0.0326280840059443,-0.1936383714305202,-0.04450750237743106,-0.6049229471451063,2.172275959850048,2.2472119240962387,-0.33623245340338226,,,,2.5428292270061688,3.2724700987346007,2.260608853843237,2024,6
2024-07,2.419,85.15,313.569,0.15289034492731624,,0.0,-0.449213228501788,1.9722089845722421,69.42273461609194,1.6529222527640939,0.6791542265148023,4.240214401995609,0.8833542316278902,0.1766094428025613,1.0460455707137561,1.8404039761507023,,,17.35068034491509,0.33643614987536985,0.7318527627357799,0.6704412778316702,0.7549754313729269,0.7579473053006985,0.8728445999700633,0.736269614341722,4.228718164026643,4.2072390603413705,4.296685537510158,4.1917473081379235,4.321161356916606,4.208191129691815,0.24080421699250543,0.2008718357736683,0.19595951214613727,0.30386961544614316,0.28935286133682603,0.26574810293327583,0.9311625593308169,0.8729656071357814,0.9574326752053303,0.9497255079603925,1.0581374561023913,0.911479174876933,-0.05711538782691972,0.032023272303794315,-0.0281249432490428,-0.08913866013071453,1.8404039761507025,,0.3364361498753681,-0.05514045827103231,0.03276538815658869,0.05980083221660992,-0.3453821649261982,-0.28623652847341663,-0.36732683043700587,0.018625582225496373,0.0651408854767288,0.027680266431328704,-0.05968891606896687,-0.06168269293480666,-0.3668215750559982,-0.07376604049652846,-0.03237549732013989,0.032120565785281996,-0.2856932488572315,-0.22455383553860964,-0.0005052553810073745,-0.023469430574930672,0.06203539091945265,0.09285637901785393,-0.31496603140024926,-0.25424122206733113,-0.3349782410551584,1.7901619023236686,1.9673798564876912,0.8586914457005033,,,,3.175294762888048,2.4986879686697008,3.454837536150468,2024,7
2024-08,2.176,80.36,314.062,-0.45904897151805923,,0.0,-0.155425974451324,1.7713063705043381,65.41460474895615,1.5574905892608608,0.5717173367834328,4.18074554773647,0.7774883289936962,0.12864140733033097,0.5869965991956969,1.0398539215814553,,,17.19525437046377,-1.037090556059224,0.7187205829381306,0.6791542265148023,0.6641577743892912,0.791068200655168,0.8190049776963424,0.9149052698279551,4.236796013002923,4.240214401995609,4.20072309648327,4.2287397114206815,4.23135669421282,4.276056349500093,0.21959418821857513,0.1766094428025613,0.2011042961893889,0.2999981075178552,0.32531790176689085,0.3765185386112303,0.9201006799420667,0.8833542316278902,0.8671004876833833,0.986935571443487,1.0057657383017578,1.0949388833018008,-0.3431879330445222,-0.09531080176362305,-0.31745055430810454,-0.24787713128089933,1.0398539215814555,,-1.0370905560592227,-0.007095995421152468,-0.05711538782691972,0.059064155321403744,-0.07018865667885521,-0.17565887826066529,-0.14728140171791526,0.033910946954289756,0.032023272303794315,0.0480029523928982,-0.020364157902693414,-0.1281994070489656,-0.190119052345203,-0.04100694237544228,-0.08913866013071453,0.011061202928505154,-0.04982449877616152,-0.04745947121170019,0.04283765062728795,0.024337417450270626,-0.0281249432490428,0.09099178640909067,-0.039106024389787275,-0.14480628929706296,-0.11073247765971672,1.8404039761507023,2.172275959850048,1.0656245237519775,,,,0.33643614987536985,2.5428292270061688,3.279405193116408,2024,8
2024-09,1.982,74.02,314.732,0.002394491236042074,,0.5296352753361999,1.90856726617351,1.6099520232028095,60.12545345987485,1.431558415711306,0.4762043792994517,4.0964332703496655,0.6841064359077962,0.11744072723315468,0.589391090431739,0.33928542690333596,,,19.103821636637278,0.7103062107680789,0.6821621056261747,0.5717173367834328,0.6704412778316702,0.7525265868649244,0.6813540360731041,0.953906061748007,4.228796985722222,4.18074554773647,4.2072390603413705,4.247174270266453,4.163270639134,4.356384673566211,0.19103473818732106,0.12864140733033097,0.2008718357736683,0.24302193488183965,0.25575301522247224,0.3351910064651644,0.8851928062004348,0.7774883289936962,0.8729656071357814,0.9528155065565274,0.870037347356693,1.1378330018213911,-0.47770168244855526,-0.25995140321654553,-0.45372656591359495,-0.21775027923200974,0.3392854269033362,,0.7103062107680813,-0.052595874815430266,-0.3431879330445222,0.03276538815658869,-0.06690230371574224,-0.22625956657902146,-0.0807160550472169,0.021419839644135408,-0.09531080176362305,0.0651408854767288,0.05098246302368281,-0.07412825703045733,0.0069636191954227655,-0.07401571445956531,-0.24787713128089933,-0.03237549732013989,-0.1178847667394251,-0.15213130954856452,-0.08767967424263978,-0.022053337536115603,-0.31745055430810454,0.06203539091945265,-0.0326280840059443,-0.1936383714305202,-0.04450750237743106,1.0398539215814553,1.7901619023236686,2.2472119240962387,,,,-1.037090556059224,3.175294762888048,3.2724700987346007,2024,9
2024-10,2.068,75.63,315.631,0.23737867144441865,,0.0,-0.404763414523241,1.6750241336666343,61.258256880661285,1.4585299257300306,0.5158275733324179,4.1150986465541735,0.7265819566461827,0.13839854506161298,0.8267697618761576,0.7359292730334945,,,18.699058222114036,-0.0009193057841100916,0.6361084043652626,0.4762043792994517,0.6791542265148023,0.7549754313729269,0.7579473053006985,0.8728445999700633,4.203673485736091,4.0964332703496655,4.240214401995609,4.296685537510158,4.1917473081379235,4.321161356916606,0.17010453691254024,0.11744072723315468,0.1766094428025613,0.19595951214613727,0.30386961544614316,0.28935286133682603,0.8404079610923129,0.6841064359077962,0.8833542316278902,0.9574326752053303,0.9497255079603925,1.0581374561023913,-0.35701702663764534,-0.20606271036243218,-0.33155549945620855,-0.15095431627521305,0.7359292730334948,,-0.0009193057841088148,-0.12106243793756577,-0.47770168244855526,-0.05711538782691972,0.05980083221660992,-0.3453821649261982,-0.28623652847341663,-0.03040247139590324,-0.25995140321654553,0.032023272303794315,0.027680266431328704,-0.05968891606896687,-0.06168269293480666,-0.09065996654166275,-0.21775027923200974,-0.08913866013071453,0.032120565785281996,-0.2856932488572315,-0.22455383553860964,-0.09223641785405756,-0.45372656591359495,-0.0281249432490428,0.09285637901785393,-0.31496603140024926,-0.25424122206733113,0.33928542690333596,1.8404039761507023,1.9673798564876912,,,,0.7103062107680789,0.33643614987536985,2.4986879686697008,2024,10
2024-11,2.065,74.35,316.528,-0.08236521996407631,,2.4411166968157234,-0.37994401433832,1.6678542959337983,60.05083142986823,1.4297817007111484,0.5115379475634233,4.095191394056592,0.7251302264129961,0.15401617179020033,0.7444045419120813,1.2337714285047985,,,18.319114207775716,0.3276819121684839,0.5962504280251778,0.5158275733324179,0.5717173367834328,0.6641577743892912,0.791068200655168,0.8190049776963424,4.173409003910094,4.1150986465541735,4.18074554773647,4.20072309648327,4.2287397114206815,4.23135669421282,0.16051104239845285,0.13839854506161298,0.12864140733033097,0.2011042961893889,0.2999981075178552,0.32531790176689085,0.801932841332455,0.7265819566461827,0.7774883289936962,0.8671004876833833,0.986935571443487,1.0057657383017578,-0.3074670301329191,-0.13616530015622796,-0.2806355118887617,-0.17130172997669052,1.2337714285047987,,0.3276819121684831,-0.19053208107994168,-0.35701702663764534,-0.3431879330445222,0.059064155321403744,-0.07018865667885521,-0.17565887826066529,-0.06935963419486235,-0.20606271036243218,-0.09531080176362305,0.0480029523928982,-0.020364157902693414,-0.1281994070489656,-0.12117244688507858,-0.15095431627521305,-0.24787713128089933,0.011061202928505154,-0.04982449877616152,-0.04745947121170019,-0.16297173093306805,-0.33155549945620855,-0.31745055430810454,0.09099178640909067,-0.039106024389787275,-0.14480628929706296,0.7359292730334945,1.0398539215814553,2.172275959850048,,,,-0.0009193057841100916,-1.037090556059224,2.5428292270061688,2024,11
2024-12,2.097,73.86,317.604,0.011997744335305772,,0.13195504789345275,-0.15526927904679,1.687961950258813,59.45296597335047,1.415546808889297,0.523521854603837,4.085185512108471,0.7405077519197829,0.17600596077873393,0.756402286247387,1.206641954403823,,,18.163844928728924,1.296671620547984,0.5708137902208664,0.5115379475634233,0.4762043792994517,0.6704412778316702,0.7525265868649244,0.6813540360731041,4.15582038683898,4.095191394056592,4.0964332703496655,4.2072390603413705,4.247174270266453,4.163270639134,0.15266302166525475,0.15401617179020033,0.11744072723315468,0.2008718357736683,0.24302193488183965,0.25575301522247224,0.7782711311207238,0.7251302264129961,0.6841064359077962,0.8729656071357814,0.9528155065565274,0.870037347356693,-0.15783218146926703,-0.0780851270255285,-0.12952959543691012,-0.07974705444373831,1.206641954403823,,1.2966716205479827,-0.25162061198899544,-0.3074670301329191,-0.47770168244855526,0.03276538815658869,-0.06690230371574224,-0.22625956657902146,-0.10005434295305093,-0.13616530015622796,-0.25995140321654553,0.0651408854767288,0.05098246302368281,-0.07412825703045733,-0.1515662690359445,-0.17130172997669052,-0.21775027923200974,-0.03237549732013989,-0.1178847667394251,-0.15213130954856452,-0.22490961398271003,-0.2806355118887617,-0.45372656591359495,0.06203539091945265,-0.0326280840059443,-0.1936383714305202,1.2337714285047985,0.33928542690333596,1.7901619023236686,,,,0.3276819121684839,0.7103062107680789,3.175294762888048,2024,12
2025-01,2.347,79.27,318.961,0.7531442491620105,,0.0,1.29907180980366,1.8811598066325768,63.536232582771355,1.512767442446937,0.6318885050474996,4.151610335027677,0.8531379168688864,0.21794778830319023,1.5095465354093975,0.7420462273096445,,,19.462916738532584,0.588486697755424,0.5463272196828942,0.523521854603837,0.5158275733324179,0.6791542265148023,0.7549754313729269,0.7579473053006985,4.135478128800163,4.085185512108471,4.1150986465541735,4.240214401995609,4.296685537510158,4.1917473081379235,0.14851870916609902,0.17600596077873393,0.13839854506161298,0.1766094428025613,0.19595951214613727,0.30386961544614316,0.7561948219180574,0.7405077519197829,0.7265819566461827,0.8833542316278902,0.9574326752053303,0.9497255079603925,-0.12605880025319893,-0.04013697311024611,-0.09658759109150605,-0.08592182714295293,0.7420462273096446,,0.5884866977554211,-0.28338687359330494,-0.15783218146926703,-0.35701702663764534,-0.05711538782691972,0.05980083221660992,-0.3453821649261982,-0.12392534503675989,-0.0780851270255285,-0.20606271036243218,0.032023272303794315,0.027680266431328704,-0.05968891606896687,-0.15946152855654425,-0.07974705444373831,-0.15095431627521305,-0.08913866013071453,0.032120565785281996,-0.2856932488572315,-0.25683711170877044,-0.12952959543691012,-0.33155549945620855,-0.0281249432490428,0.09285637901785393,-0.31496603140024926,1.206641954403823,0.7359292730334945,1.8404039761507023,,,,1.296671620547984,-0.0009193057841100916,0.33643614987536985,2025,1
2025-02,2.264,75.44,319.679,-0.8822069668587122,,0.0,-1.01084432942334,1.810558243321165,60.33061566967699,1.4364432302304044,0.5936352194499321,4.099839697434198,0.8171331603409364,0.23146514029910276,0.6273395685506853,-0.11016269773982879,,,18.452072409109245,0.760704861953774,0.5384495994383438,0.6318885050474996,0.5115379475634233,0.5717173367834328,0.6641577743892912,0.791068200655168,4.120710784305508,4.151610335027677,4.095191394056592,4.18074554773647,4.20072309648327,4.2287397114206815,0.15540843341620386,0.21794778830319023,0.15401617179020033,0.12864140733033097,0.2011042961893889,0.2999981075178552,0.7511587694582235,0.8531379168688864,0.7251302264129961,0.7774883289936962,0.8671004876833833,0.986935571443487,-0.1974329812052359,-0.12890001398648376,-0.16980241110255057,-0.06853296721875246,-0.11016269773982867,,0.7607048619537728,-0.294877442331018,-0.12605880025319893,-0.3074670301329191,-0.3431879330445222,0.059064155321403744,-0.07018865667885521,-0.13595205260576737,-0.04013697311024611,-0.13616530015622796,-0.09531080176362305,0.0480029523928982,-0.020364157902693414,-0.1589253897252506,-0.08592182714295293,-0.17130172997669052,-0.24787713128089933,0.011061202928505154,-0.04982449877616152,-0.2682475530158478,-0.09658759109150605,-0.2806355118887617,-0.31745055430810454,0.09099178640909067,-0.039106024389787275,0.7420462273096445,1.2337714285047985,1.0398539215814553,,,,0.588486697755424,0.3276819121684839,-1.037090556059224,2025,2
2025-03,2.069,72.73,319.785,-0.057495972773478385,,-1.2044859613614753,-2.0246797308225,1.6540650590761499,58.14410427578947,1.3843834351378446,0.5032359302149542,4.062924485617998,0.7270653987634059,0.17798106288032461,0.5698435957772069,-0.8020076574305499,,,16.427392678286743,-0.6980216503320151,0.5421025798827603,0.5936352194499321,0.523521854603837,0.4762043792994517,0.6704412778316702,0.7525265868649244,4.107226475921796,4.099839697434198,4.085185512108471,4.0964332703496655,4.2072390603413705,4.247174270266453,0.17254572224433248,0.23146514029910276,0.17600596077873393,0.11744072723315468,0.2008718357736683,0.24302193488183965,0.75776624134943,0.8171331603409364,0.7405077519197829,0.6841064359077962,0.8729656071357814,0.9528155065565274,-0.2492906566499702,-0.18424978464845498,-0.22575010779312144,-0.06504087200151504,-0.8020076574305498,,-0.6980216503320165,-0.2705849503578036,-0.1974329812052359,-0.15783218146926703,-0.47770168244855526,0.03276538815658869,-0.06690230371574224,-0.14155025464291082,-0.12890001398648376,-0.0780851270255285,-0.25995140321654553,0.0651408854767288,0.05098246302368281,-0.12903469571489282,-0.06853296721875246,-0.07974705444373831,-0.21775027923200974,-0.03237549732013989,-0.1178847667394251,-0.24363952914825548,-0.16980241110255057,-0.12952959543691012,-0.45372656591359495,0.06203539091945265,-0.0326280840059443,-0.11016269773982879,1.206641954403823,0.33928542690333596,,,,0.760704861953774,1.296671620547984,0.7103062107680789,2025,3
2025-04,1.976,68.13,320.302,-0.5722770390012636,,-6.242092597447385,-0.227966198947875,1.577166251433543,54.37871291000368,1.2947312597619924,0.4556297250201087,3.995972770480009,0.681074599325676,0.19732657282346766,-0.0024334432240566972,-1.751477520176402,,,16.199426479338868,-1.3288536126419102,0.5466078383686774,0.5032359302149542,0.6318885050474996,0.5158275733324179,0.6791542265148023,0.7549754313729269,4.101641678466518,4.062924485617998,4.151610335027677,4.1150986465541735,4.240214401995609,4.296685537510158,0.18263577818552745,0.17798106288032461,0.21794778830319023,0.13839854506161298,0.1766094428025613,0.19595951214613727,0.7649260684920317,0.7270653987634059,0.8531379168688864,0.7265819566461827,0.8833542316278902,0.9574326752053303,-0.2993457063528182,-0.30071276703014904,-0.2763580758796542,0.0013670606773303895,-1.751477520176402,,-1.328853612641911,-0.23251644605803945,-0.2492906566499702,-0.12605880025319893,-0.35701702663764534,-0.05711538782691972,0.05980083221660992,-0.1289333182148953,-0.18424978464845498,-0.04013697311024611,-0.20606271036243218,0.032023272303794315,0.027680266431328704,-0.10358312784314377,-0.06504087200151504,-0.08592182714295293,-0.15095431627521305,-0.08913866013071453,0.032120565785281996,-0.20564345279484308,-0.22575010779312144,-0.09658759109150605,-0.33155549945620855,-0.0281249432490428,0.09285637901785393,-0.8020076574305499,0.7420462273096445,0.7359292730334945,,,,-0.6980216503320151,0.588486697755424,-0.0009193057841100916,2025,4
2025-05,1.928,64.45,320.62,-0.0980346275841214,,2.4495729338091987,-1.0104268801438,1.5373282411161708,51.390459097477816,1.2235823594637576,0.43004600136298987,3.9394525345598326,0.6564831961883538,0.22826308508652554,-0.1004680708081781,-1.0001791543230019,,,15.188999599195068,-1.5956976616370173,0.5365748636499593,0.4556297250201087,0.5936352194499321,0.5115379475634233,0.5717173367834328,0.6641577743892912,4.08178736578749,3.995972770480009,4.099839697434198,4.095191394056592,4.18074554773647,4.20072309648327,0.1924571161458366,0.19732657282346766,0.23146514029910276,0.15401617179020033,0.12864140733033097,0.2011042961893889,0.7573415089386138,0.681074599325676,0.8171331603409364,0.7251302264129961,0.7774883289936962,0.8671004876833833,-0.23411177302630137,-0.26127056192343767,-0.2106172914950295,0.027158788897136632,-1.0001791543230016,,-1.5956976616370184,-0.2229045593439014,-0.2993457063528182,-0.1974329812052359,-0.3074670301329191,-0.3431879330445222,0.059064155321403744,-0.14470832765951602,-0.30071276703014904,-0.12890001398648376,-0.13616530015622796,-0.09531080176362305,0.0480029523928982,-0.07819623168438644,0.0013670606773303895,-0.06853296721875246,-0.17130172997669052,-0.24787713128089933,0.011061202928505154,-0.19644388219875086,-0.2763580758796542,-0.16980241110255057,-0.2806355118887617,-0.31745055430810454,0.09099178640909067,-1.751477520176402,-0.11016269773982879,1.2337714285047985,,,,-1.3288536126419102,0.760704861953774,0.3276819121684839,2025,5
2025-06,2.094,71.44,321.435,0.6634507935722849,,0.0,-0.653093355538626,1.6654580537278145,56.81963866204158,1.3528485395724186,0.5101001929413536,4.0398820170612515,0.739076112448345,0.20788779416346986,0.5629827227641068,-0.33017250302233325,,,14.535906243656441,-3.2639873297604334,0.5229928726165537,0.43004600136298987,0.5032359302149542,0.523521854603837,0.4762043792994517,0.6704412778316702,4.055830889204698,3.9394525345598326,4.062924485617998,4.085185512108471,4.0964332703496655,4.2072390603413705,0.20483160169522416,0.22826308508652554,0.17798106288032461,0.17600596077873393,0.11744072723315468,0.2008718357736683,0.7459003372345069,0.6564831961883538,0.7270653987634059,0.7405077519197829,0.6841064359077962,0.8729656071357814,-0.16034108489031662,-0.16735704328011902,-0.13388949468743638,0.007015958389801569,-0.33017250302233314,,-3.263987329760436,-0.21067868315946514,-0.23411177302630137,-0.2492906566499702,-0.15783218146926703,-0.47770168244855526,0.03276538815658869,-0.16555920462071683,-0.26127056192343767,-0.18424978464845498,-0.0780851270255285,-0.25995140321654553,0.0651408854767288,-0.04511947853874859,0.027158788897136632,-0.06504087200151504,-0.07974705444373831,-0.21775027923200974,-0.03237549732013989,-0.1847741787997954,-0.2106172914950295,-0.22575010779312144,-0.12952959543691012,-0.45372656591359495,0.06203539091945265,-1.0001791543230019,-0.8020076574305499,1.206641954403823,,,,-1.5956976616370173,-0.6980216503320151,1.296671620547984,2025,6
2025-07,2.244,71.04,322.169,-0.2595994958903303,,1.1611236084589465,-0.0531058977237912,1.7806939742805798,56.372771806101774,1.3422088525262328,0.577003161514526,4.031986272537991,0.8082599876604499,0.2826865072599036,0.30338322687377645,-0.7426623438399798,,,14.48280034593265,-2.8678799989824366,0.5207559290061398,0.5101001929413536,0.4556297250201087,0.6318885050474996,0.5158275733324179,0.6791542265148023,4.048280306696828,4.0398820170612515,3.995972770480009,4.151610335027677,4.1150986465541735,4.240214401995609,0.2101452405926801,0.20788779416346986,0.19732657282346766,0.21794778830319023,0.13839854506161298,0.1766094428025613,0.745661730655934,0.739076112448345,0.681074599325676,0.8531379168688864,0.7265819566461827,0.8833542316278902,-0.10215106500027626,-0.20822812945761804,-0.07509424396744024,0.10607706445734227,-0.7426623438399798,,-2.86787999898244,-0.21109683372964017,-0.16034108489031662,-0.2993457063528182,-0.12605880025319893,-0.35701702663764534,-0.05711538782691972,-0.18043785732981465,-0.16735704328011902,-0.30071276703014904,-0.04013697311024611,-0.20606271036243218,0.032023272303794315,-0.030658976399825316,0.007015958389801569,0.0013670606773303895,-0.08592182714295293,-0.15095431627521305,-0.08913866013071453,-0.18550082867488293,-0.13388949468743638,-0.2763580758796542,-0.09658759109150605,-0.33155549945620855,-0.0281249432490428,-0.33017250302233325,-1.751477520176402,0.7420462273096445,,,,-3.2639873297604334,-1.3288536126419102,0.588486697755424,2025,7
2025-08,2.024,67.87,323.291,0.32513277563753057,,-0.5120573894330783,-0.82402518257077,1.600542015294786,53.67034909983061,1.2778654547578716,0.4703423314389125,3.9828606907293604,0.7050757514252192,0.22515125899292024,0.628516002511307,0.04151940331560999,,,13.65877516336188,-3.5364792071018822,0.5116083717506441,0.577003161514526,0.43004600136298987,0.5936352194499321,0.5115379475634233,0.5717173367834328,4.028342962948547,4.031986272537991,3.9394525345598326,4.099839697434198,4.095191394056592,4.18074554773647,0.22093502708546567,0.2826865072599036,0.22826308508652554,0.23146514029910276,0.15401617179020033,0.12864140733033097,0.7381820757878611,0.8082599876604499,0.6564831961883538,0.8171331603409364,0.7251302264129961,0.7774883289936962,-0.10137500534452032,-0.1978848570071099,-0.07241257756847708,0.09650985166258927,0.041519403315610104,,-3.5364792071018876,-0.20711221118748646,-0.10215106500027626,-0.23411177302630137,-0.1974329812052359,-0.3074670301329191,-0.3431879330445222,-0.2084530500543762,-0.20822812945761804,-0.26127056192343767,-0.12890001398648376,-0.13616530015622796,-0.09531080176362305,0.0013408388668905424,0.10607706445734227,0.027158788897136632,-0.06853296721875246,-0.17130172997669052,-0.24787713128089933,-0.18191860415420558,-0.07509424396744024,-0.2106172914950295,-0.16980241110255057,-0.2806355118887617,-0.31745055430810454,-0.7426623438399798,-1.0001791543230019,-0.11016269773982879,,,,-2.8678799989824366,-1.5956976616370173,0.760704861953774,2025,8
2025-09,2.089,67.99,324.245,0.043127140680198656,,0.9678473100036057,-1.25533637065898,1.647082442546017,53.60705374279737,1.2763584224475564,0.499005506133394,3.9816806590973335,0.7366854825744287,0.25499446531942876,0.6716431431915056,0.08225205275976658,,,12.4034387927029,-6.7003828439343724,0.49105955708214083,0.4703423314389125,0.5101001929413536,0.5032359302149542,0.523521854603837,0.4762043792994517,4.008846461831074,3.9828606907293604,4.0398820170612515,4.062924485617998,4.085185512108471,4.0964332703496655,0.21988271353443523,0.22515125899292024,0.20788779416346986,0.17798106288032461,0.17600596077873393,0.11744072723315468,0.719505840968575,0.7050757514252192,0.739076112448345,0.7270653987634059,0.7405077519197829,0.6841064359077962,0.02280112683394231,-0.11475261125233205,0.05257904666663249,0.13755373808627408,0.08225205275976666,,-6.700382843934378,-0.1911025485440339,-0.10137500534452032,-0.16034108489031662,-0.2492906566499702,-0.15783218146926703,-0.47770168244855526,-0.2199505238911481,-0.1978848570071099,-0.16735704328011902,-0.18424978464845498,-0.0780851270255285,-0.25995140321654553,0.02884797534711417,0.09650985166258927,0.007015958389801569,-0.06504087200151504,-0.07974705444373831,-0.21775027923200974,-0.16568696523185988,-0.07241257756847708,-0.13388949468743638,-0.22575010779312144,-0.12952959543691012,-0.45372656591359495,0.04151940331560999,-0.33017250302233325,-0.8020076574305499,,,,-3.5364792071018822,-3.2639873297604334,-0.6980216503320151,2025,9
2025-10,2.154,64.54,,0.042624645799940346,,1.3729077319203784,0.116720687948303,,,,,,0.7673265787341967,,0.7142677889914459,-0.11250197288471173,,,12.520159480651204,-6.178898741462828,0.4903544864018809,0.499005506133394,0.577003161514526,0.4556297250201087,0.6318885050474996,0.5158275733324179,3.99530582407763,3.9816806590973335,4.031986272537991,3.995972770480009,4.151610335027677,4.1150986465541735,0.23271828060761926,0.25499446531942876,0.2826865072599036,0.19732657282346766,0.21794778830319023,0.13839854506161298,0.721109188270412,0.7366854825744287,0.8082599876604499,0.681074599325676,0.8531379168688864,0.7265819566461827,,,0.04074462208801399,,-0.11250197288471164,,-6.178898741462833,-0.14575391796338172,0.02280112683394231,-0.10215106500027626,-0.2993457063528182,-0.12605880025319893,-0.35701702663764534,-0.20836766165846088,-0.11475261125233205,-0.20822812945761804,-0.30071276703014904,-0.04013697311024611,-0.20606271036243218,0.06261374369507902,0.13755373808627408,0.10607706445734227,0.0013670606773303895,-0.08592182714295293,-0.15095431627521305,-0.11929877282190082,0.05257904666663249,-0.07509424396744024,-0.2763580758796542,-0.09658759109150605,-0.33155549945620855,0.08225205275976658,-0.7426623438399798,-1.751477520176402,,,,-6.7003828439343724,-2.8678799989824366,-1.3288536126419102,2025,10
2025-11,2.258,63.8,325.063,-0.3780161115063803,,0.5918510003004559,0.020157312915682,1.7758512447330723,50.17684207881754,1.1946867161623225,0.5742798824657882,3.915553607089062,0.8144794657274703,0.3963958936600944,0.3362516774850656,-0.4081528644270157,,,12.540316793566886,-5.778797414208826,,,0.4703423314389125,0.43004600136298987,0.5936352194499321,0.5115379475634233,,,3.9828606907293604,3.9394525345598326,4.099839697434198,4.095191394056592,,,0.22515125899292024,0.22826308508652554,0.23146514029910276,0.15401617179020033,0.7354845181718322,0.7673265787341967,0.7050757514252192,0.6564831961883538,0.8171331603409364,0.7251302264129961,0.0627419349023649,-0.1796377869675294,0.08934923931447425,0.2423797218698941,-0.40815286442701565,,-5.77879741420883,,,-0.10137500534452032,-0.23411177302630137,-0.1974329812052359,-0.3074670301329191,,,-0.1978848570071099,-0.26127056192343767,-0.12890001398648376,-0.13616530015622796,,,0.09650985166258927,0.027158788897136632,-0.06853296721875246,-0.17130172997669052,-0.06644832316062277,0.04074462208801399,-0.07241257756847708,-0.2106172914950295,-0.16980241110255057,-0.2806355118887617,-0.11250197288471173,0.04151940331560999,-1.0001791543230019,,,,-6.178898741462828,-3.5364792071018822,-1.5956976616370173,2025,11
2025-12,1.965,62.54,326.031,-0.336251677400647,,1.4648009173008574,-0.111145689471381,1.5408268730580836,49.039853761349896,1.167615565746426,0.4323192028871006,3.8926333095955714,0.6754922453212246,0.2773555115748978,8.441863874608657e-11,-0.7564022861629685,,,12.429171104095504,-5.7346738246334175,,0.5742798824657882,0.499005506133394,0.5101001929413536,0.5032359302149542,0.523521854603837,,3.915553607089062,3.9816806590973335,4.0398820170612515,4.062924485617998,4.085185512108471,,0.3963958936600944,0.25499446531942876,0.20788779416346986,0.17798106288032461,0.17600596077873393,0.761817229761685,0.8144794657274703,0.7366854825744287,0.739076112448345,0.7270653987634059,0.7405077519197829,-0.09120265171673647,-0.19255220251289984,-0.06501550659855826,0.10134955079616387,-0.7564022861629685,,-5.73467382463342,,0.0627419349023649,0.02280112683394231,-0.16034108489031662,-0.2492906566499702,-0.15783218146926703,,-0.1796377869675294,-0.11475261125233205,-0.16735704328011902,-0.18424978464845498,-0.0780851270255285,,0.2423797218698941,0.13755373808627408,0.007015958389801569,-0.06504087200151504,-0.07974705444373831,-0.01645390135903879,0.08934923931447425,0.05257904666663249,-0.13388949468743638,-0.22575010779312144,-0.12952959543691012,-0.4081528644270157,0.08225205275976658,-0.33017250302233325,,,,-5.778797414208826,-6.7003828439343724,-3.2639873297604334,2025,12
2026-01,2.031,66.6,326.588,,,,2.6235565870196,1.589863671506608,52.134377411294956,1.2412947002689276,0.4636482713653415,3.953824566313437,0.7085282825982477,0.24749332333527269,,,,,15.052727691115104,-4.410189047417477,,0.4323192028871006,,0.577003161514526,0.4556297250201087,0.6318885050474996,,3.8926333095955714,,4.031986272537991,3.995972770480009,4.151610335027677,,0.2773555115748978,,0.2826865072599036,0.19732657282346766,0.21794778830319023,0.7512199185738315,0.6754922453212246,0.7673265787341967,0.8082599876604499,0.681074599325676,0.8531379168688864,-0.16824023368215812,-0.19778576871424036,-0.14460963427063867,0.02954553503208246,,,-4.4101890474174805,,-0.09120265171673647,,-0.10215106500027626,-0.2993457063528182,-0.12605880025319893,,-0.19255220251289984,,-0.20822812945761804,-0.30071276703014904,-0.04013697311024611,,0.10134955079616387,,0.10607706445734227,0.0013670606773303895,-0.08592182714295293,-0.0049749033442259005,-0.06501550659855826,0.04074462208801399,-0.07509424396744024,-0.2763580758796542,-0.09658759109150605,-0.7564022861629685,-0.11250197288471173,-0.7426623438399798,,,,-5.7346738246334175,-6.178898741462828,-2.8678799989824366,2026,1
2026-02,2.262,70.89,327.46,,,,-1.99615787677332,1.7659749083857574,55.344810457765846,1.3177335823277583,0.5687028939187462,4.0135828960917435,0.8162493776939287,0.2927896161103709,,,,,13.056569814341785,-5.395502594767457,,0.4636482713653415,0.5742798824657882,0.4703423314389125,0.43004600136298987,0.5936352194499321,,3.953824566313437,3.915553607089062,3.9828606907293604,3.9394525345598326,4.099839697434198,,0.24749332333527269,0.3963958936600944,0.22515125899292024,0.22826308508652554,0.23146514029910276,0.7345979677301312,0.7085282825982477,0.8144794657274703,0.7050757514252192,0.6564831961883538,0.8171331603409364,-0.02493232553118596,-0.08625680134245428,-0.0008837826470077248,0.06132447581126815,,,-5.395502594767461,,-0.16824023368215812,0.0627419349023649,-0.10137500534452032,-0.23411177302630137,-0.1974329812052359,,-0.19778576871424036,-0.1796377869675294,-0.1978848570071099,-0.26127056192343767,-0.12890001398648376,,0.02954553503208246,0.2423797218698941,0.09650985166258927,0.027158788897136632,-0.06853296721875246,-0.016560801728092267,-0.14460963427063867,0.08934923931447425,-0.07241257756847708,-0.2106172914950295,-0.16980241110255057,,-0.4081528644270157,0.04151940331560999,,,,-4.410189047417477,-5.778797414208826,-3.5364792071018822,2026,2
2026-03,3.697,103.13,330.293,,,,15.7492713816173,2.8615429348588477,79.82443139626534,1.9005816999110796,1.0513609670734665,4.379829615446949,1.3075216799544949,0.4092009699098855,,,,,28.805841195959083,12.378448517672343,,0.5687028939187462,0.4323192028871006,0.499005506133394,0.5101001929413536,0.5032359302149542,,4.0135828960917435,3.8926333095955714,3.9816806590973335,4.0398820170612515,4.062924485617998,,0.2927896161103709,0.2773555115748978,0.25499446531942876,0.20788779416346986,0.17798106288032461,0.7531269054415827,0.8162493776939287,0.6754922453212246,0.7366854825744287,0.739076112448345,0.7270653987634059,0.5481250368585123,0.31690512982895136,0.5804562811910889,0.2312199070295609,,,12.37844851767234,,-0.02493232553118596,-0.09120265171673647,0.02280112683394231,-0.16034108489031662,-0.2492906566499702,,-0.08625680134245428,-0.19255220251289984,-0.11475261125233205,-0.16735704328011902,-0.18424978464845498,,0.06132447581126815,0.10134955079616387,0.13755373808627408,0.007015958389801569,-0.06504087200151504,-0.004639335907847375,-0.0008837826470077248,-0.06501550659855826,0.05257904666663249,-0.13388949468743638,-0.22575010779312144,,-0.7564022861629685,0.08225205275976658,,,,-5.395502594767457,-5.7346738246334175,-6.7003828439343724,2026,3
2026-04,3.928,117.29,332.407,,,,,3.0210054160512065,90.20716019568383,2.1477895284686626,1.1055896952037245,4.5021088052449185,1.3681303904922195,0.34115050824217397,,,,,,,,1.0513609670734665,0.4636482713653415,,0.577003161514526,0.4556297250201087,,4.379829615446949,3.953824566313437,,4.031986272537991,3.995972770480009,,0.4092009699098855,0.24749332333527269,,0.2826865072599036,0.19732657282346766,0.8482662716715939,1.3075216799544949,0.7085282825982477,0.7673265787341967,0.8082599876604499,0.681074599325676,0.6499599701836158,0.5061360347649093,0.6870557911665435,0.1438239354187063,,,,,0.5481250368585123,-0.16824023368215812,,-0.10215106500027626,-0.2993457063528182,,0.31690512982895136,-0.19778576871424036,,-0.20822812945761804,-0.30071276703014904,,0.2312199070295609,0.02954553503208246,,0.10607706445734227,0.0013670606773303895,0.08334020317956214,0.5804562811910889,-0.14460963427063867,0.04074462208801399,-0.07509424396744024,-0.2763580758796542,,,-0.11250197288471173,,,,12.378448517672343,-4.410189047417477,-6.178898741462828,2026,4
2026-05,3.943,107.14,333.979,,,,,3.0182680230892767,82.01299416530182,1.952690337269091,1.104683164583119,4.406877700140443,1.37194185489549,0.4354750827260443,,,,,,,0.6993168188190281,1.1055896952037245,0.5687028939187462,0.5742798824657882,0.4703423314389125,0.43004600136298987,4.109588799963614,4.5021088052449185,4.0135828960917435,3.915553607089062,3.9828606907293604,3.9394525345598326,0.32739763713878256,0.34115050824217397,0.2927896161103709,0.3963958936600944,0.22515125899292024,0.22826308508652554,0.9484002402979309,1.3681303904922195,0.8162493776939287,0.8144794657274703,0.7050757514252192,0.6564831961883538,0.6746371632201291,0.46742516558061054,0.7154586587071362,0.20721199763951875,,,,0.16274195516906875,0.6499599701836158,-0.02493232553118596,0.0627419349023649,-0.10137500534452032,-0.23411177302630137,0.027801434176123685,0.5061360347649093,-0.08625680134245428,-0.1796377869675294,-0.1978848570071099,-0.26127056192343767,0.13494052099294596,0.1438239354187063,0.06132447581126815,0.2423797218698941,0.09650985166258927,0.027158788897136632,0.19105873135931706,0.6870557911665435,-0.0008837826470077248,0.08934923931447425,-0.07241257756847708,-0.2106172914950295,,,-0.4081528644270157,,,,,-5.395502594767457,-5.778797414208826,2026,5
2026-06,3.042,85.4,332.568,,,,,2.3384545671862598,65.64892177439403,1.5630695660570006,0.849490269808741,4.184321176766164,1.112515193837101,0.402838711325945,,,,,,,0.7877173658385832,1.104683164583119,1.0513609670734665,0.4323192028871006,0.499005506133394,0.5101001929413536,4.191476148805511,4.406877700140443,4.379829615446949,3.8926333095955714,3.9816806590973335,4.0398820170612515,0.3339108353164409,0.4354750827260443,0.4092009699098855,0.2773555115748978,0.25499446531942876,0.20788779416346986,1.041310638492601,1.37194185489549,1.3075216799544949,0.6754922453212246,0.7366854825744287,0.739076112448345,0.3393900768673874,0.1444391597049126,0.3734390813887559,0.19495091716247515,,,,0.2647244932220295,0.6746371632201291,0.5481250368585123,-0.09120265171673647,0.02280112683394231,-0.16034108489031662,0.13564525960081308,0.46742516558061054,0.31690512982895136,-0.19255220251289984,-0.11475261125233205,-0.16735704328011902,0.12907923362121673,0.20721199763951875,0.2312199070295609,0.10134955079616387,0.13755373808627408,0.007015958389801569,0.2954103012580941,0.7154586587071362,0.5804562811910889,-0.06501550659855826,0.05257904666663249,-0.13388949468743638,,,-0.7564022861629685,,,,,12.378448517672343,-5.7346738246334175,2026,6
2026-07,3.403,83.76,332.813,,,,,2.61403773615614,64.34081715557987,1.531924217989997,0.9608960512707984,4.164194222314311,1.2246573955187687,0.5343714472398555,,,,,,,0.8572458769921899,0.849490269808741,1.1055896952037245,0.4636482713653415,,0.577003161514526,4.240090793333943,4.184321176766164,4.5021088052449185,3.953824566313437,,4.031986272537991,0.35482470194161536,0.402838711325945,0.34115050824217397,0.24749332333527269,,0.2826865072599036,1.1141477965785802,1.112515193837101,1.3681303904922195,0.7085282825982477,0.7673265787341967,0.8082599876604499,0.38389288975627234,0.13220794977632,0.4163974078583188,0.25168493997995195,,,,0.33648994798605014,0.3393900768673874,0.6499599701836158,-0.16824023368215812,,-0.10215106500027626,0.19181048663711486,0.1444391597049126,0.5061360347649093,-0.19778576871424036,,-0.20822812945761804,0.14467946134893525,0.19495091716247515,0.1438239354187063,0.02954553503208246,,0.10607706445734227,0.3684860659226462,0.3734390813887559,0.6870557911665435,-0.14460963427063867,0.04074462208801399,-0.07509424396744024,,,,,,,,,-4.410189047417477,2026,7
2026-08,3.724,91.08,334.131,,,,,2.8493322090238067,69.68774908643617,1.6592321211056231,1.047084654201842,4.24402453598256,1.3147983594148207,0.5407297365026502,,,,,,,0.9401205069764327,0.9608960512707984,1.104683164583119,0.5687028939187462,0.5742798824657882,0.4703423314389125,4.2751524026674215,4.164194222314311,4.406877700140443,4.0135828960917435,3.915553607089062,3.9828606907293604,0.4026377225923792,0.5343714472398555,0.4354750827260443,0.2927896161103709,0.3963958936600944,0.22515125899292024,1.2001693153986672,1.2246573955187687,1.37194185489549,0.8162493776939287,0.8144794657274703,0.7050757514252192,0.5767423227629294,0.2611638452531997,0.6097226079896015,0.31557847750973,,,,0.42851213522578857,0.38389288975627234,0.6746371632201291,-0.02493232553118596,0.0627419349023649,-0.10137500534452032,0.24680943971887448,0.13220794977632,0.46742516558061054,-0.08625680134245428,-0.1796377869675294,-0.1978848570071099,0.1817026955069135,0.25168493997995195,0.20721199763951875,0.06132447581126815,0.2423797218698941,0.09650985166258927,0.4619872396108061,0.4163974078583188,0.7154586587071362,-0.0008837826470077248,0.08934923931447425,-0.07241257756847708,,,,,,,,,-5.395502594767457,2026,8
