a,depth_AFC,depth_9/11,depth_SARS,depth_GFC+H1N1,depth_Ash+Tohoku,depth_Ebola+MERS,depth_COVID,depth_RU airspace,speed_AFC,speed_9/11,speed_SARS,speed_GFC+H1N1,speed_Ash+Tohoku,speed_Ebola+MERS,speed_COVID,speed_RU airspace,upgrade_AFC,upgrade_9/11,upgrade_SARS,upgrade_GFC+H1N1,upgrade_Ash+Tohoku,upgrade_Ebola+MERS,upgrade_COVID,upgrade_RU airspace
AAA,,,,,0.8938553859961478,,0.9353387472053258,,,,,,0.920930974077739,,0.9333062310857573,,0.0,0.0032660931953251,0.012115514185721023,0.06258227786459974,0.0,0.0,0.0,
AAB,,,,,0.9129581391578734,,,,,,,,0.9319065805776323,,,,,,,,0.0,,,
AAC,,,0.939030649505121,,,,,,,,0.9465796898923675,,,,,,0.0,0.0,,,,,,
AAD,,,,,,,,,,,,,,,,,,,,,,,0.0,
AAE,,0.9756667402217152,0.90532993123899,,,,0.902930442359395,,,0.9483633949258806,0.9881913111659217,,,,1.0,,0.0,0.0,0.0,0.18198069806522119,0.09138626772075499,0.002701533580534003,0.011806111122563164,
AAL,0.9897468828375927,,,,,,0.9226220137208987,,0.9924145876017962,,,,,,0.9852333644516912,,0.006693832950962557,0.08140374556412283,0.17960048522958375,0.2595302289999121,0.24094008549713503,0.0,0.0,
AAM,,,,,,,,,,,,,,,,,,,0.028701345991040655,,,,,
AAN,0.9683296919263488,0.988039618883006,,0.9391493949262811,0.9749584373641752,0.9719938606034687,0.9363187843852481,,0.9988049597940045,0.9992922808479258,,0.9420553437910786,0.9986718868315029,0.9515707390673375,0.9675420605541922,,0.07492931103532023,0.035161677439522795,0.0,0.0,0.0,0.0,0.06251198578004334,
AAP,,,,,,,0.941093263202511,,,,,,,,0.9683891352422987,,,,,,,,0.0,
AAQ,,0.9381497424971057,,,,,0.9061199915811343,0.6349200361181493,,0.999347180612153,,,,,0.7208435491113885,,0.2405616247442175,0.07455406155027437,0.1569851967803518,0.03698420584602458,0.06397808130327474,0.0,0.0,
AAR,,0.9796649074070938,,,,0.9626786455543549,0.9172334265645069,0.975999724506502,,0.9971888256620678,,,,0.9990942627286554,0.9766284281715594,,0.0,0.0,0.016231800512837527,0.03178017058682844,0.062484748698557815,0.0,0.0,
AAT,,0.9855176122105316,,,0.971774664148182,,,,,1.0,,,1.0,,,,0.0,0.09595078322824764,0.1082871929830671,0.08394158930141951,0.0854563354479305,0.3026364612288597,0.09902195446945489,
AAW,,,,,,,,,,,,,,,,,,,,,,,,
AAX,,,,,,0.8272631121601814,,,,,,,,0.8175023108635052,,,,,0.0,0.0939811611998543,0.09219535993595829,0.0,0.19888040434339146,
AAY,,,,,0.9875696394962284,,,,,,,,0.9789806016721374,,,,0.011868744106308384,0.012234522874079563,0.007503196151454398,0.0,,,0.1670758842726023,
AAZ,,,,,,,,,,,,,,,,,,,,,,,,
ABA,,0.9739068675894674,,,,,,0.9544179711569083,,0.9924572074579906,,,,,,,0.0,0.14937606506802886,0.19601329530687234,0.15022305416595375,0.2014947032678988,0.04694744727885812,0.0,
ABB,,,,,,,0.9478422848790388,,,,,,,,0.9791152338801711,,,,,,,0.0,0.0,
ABC,,,,,,,,,,,,,,,,,,,,,,,,
ABD,,,,,,,0.9069126687532558,0.9206693649717573,,,,,,,0.9572488657353012,,0.1314769916285121,0.0653032831559564,0.04794358030453989,0.0,0.0,0.0130526993516287,0.0,
ABE,,0.9234544684432604,,0.9318963628728923,0.9627370368378659,0.9789240830225286,0.8832493957085844,0.9764860032394439,,0.9720730369846031,,0.9169433787998262,0.9479718521421702,0.8404963118776291,0.8698920967208044,,0.0,0.06996681923504651,0.07974807780258383,0.0,0.0,0.0,0.0,
ABF,,,,,,,,,,,,,,,,,,,,,,,,
ABI,0.9345233786326868,0.9697027730078576,,0.9148950582702414,,,0.9796686539318729,,0.9339812896531865,0.9938349453419919,,0.941298759468687,,,1.0,,0.0,0.055247330533253675,0.07930898175357502,0.0,0.039323527340066916,0.006442647989824199,0.006023402456335148,
ABJ,,0.9053646439087749,0.9698320342222481,,0.9689243106907334,,0.9080087857922496,,,0.8849680592919266,0.9816217632710852,,0.9920205658800539,,0.9595999389061788,,0.0,0.0,0.011576654296278199,0.06119883130431578,0.11436897473326632,0.06290605770942097,0.012347605725135201,
ABK,,,,,,,,,,,,,,,,,0.03922303401114115,0.01701949046224031,0.008634068863945486,0.03413004417345688,0.04776485050626024,0.02059471427785811,0.0038843160775308204,
ABL,,,,0.9823538650058319,,,0.9725005112172779,,,,,0.9940863199904775,,,0.9931882206270211,,0.04802068424517833,0.0,0.0,0.00462005413964332,0.020200567087973912,0.0,0.0,
ABM,0.9705094942718253,,0.9629794290707572,0.9125439005628995,,,0.8984948960035992,,0.9817093685893119,,0.9546567709930908,0.9239581478515753,,,0.9687885922414605,,0.03146155973072162,0.027353409550298104,0.0,0.0,0.045147048441730335,0.0,0.0,
ABQ,0.9267248316829022,0.9759673840074969,,0.9640921162274761,,,0.8433729411065519,,0.9544674020979825,1.0,,0.9920306957475312,,,0.9395778612323945,,0.0,0.06325875425761439,0.050321352216150854,0.02698285528184304,0.0,0.0,0.0,
ABR,0.9861698004878131,,,0.9730930588207914,,,0.946408764559302,,0.9611696865313416,,,0.9728062775008827,,,0.9640969755095334,,0.0,0.04952897016807087,0.007127424443646193,0.0,0.01655724978517375,0.0,0.0,
ABS,,0.9709507544612737,,,0.981478440547665,0.9790998509115157,0.9735979863577477,,,0.9840045693465351,,,0.9526880566539804,0.9914172670590405,0.9987634399596952,,0.003854044006461945,0.0,0.030547857324780603,0.0,0.0,0.013588645063764093,0.06997749488832991,
ABT,,,,,,,0.9633090107242922,,,,,,,,0.9987586693127309,,0.006979951270632815,0.02764415660196311,0.02281641067342021,0.04228627777586209,0.07318388408208666,0.00976744365367291,0.01604694631921849,
ABU,,,,,,0.8275441841928586,,0.8352224909397085,,,,,,0.8497050625654365,,,,,,,,0.0,0.0,
ABV,0.9818497465681221,,,,,,0.9550484445122065,,1.0,,,,,,1.0,,0.36598627427593744,0.15576483650888223,0.06479686102944118,0.21464658875728207,0.08582054678962903,0.04971332374176904,0.019049258608051317,
ABX,,,0.9880769851640753,,,,0.9476659545390221,,,,0.9971650737703744,,,,0.9945732710934085,,0.0,0.003596668001077121,0.02525906684265897,0.0,0.0,0.0,0.034477108065177016,
ABY,0.9711904189164119,,,0.882368978025517,,0.989201509021015,0.9744519757023579,,0.9884687069364686,,,0.8883826718208288,,0.9799939350307505,0.9816690154790956,,0.0,0.1478378226694266,0.03162509150429314,0.0,1.7881568392171112e-05,0.0,0.0,
ABZ,,0.9509272956269769,,0.9767106932769463,0.9645406297375613,0.9839756918429075,0.8963873930821812,,,0.9693206741575082,,0.972428684722444,0.9943793959705215,0.9935335083612259,0.9397698976453542,,0.008801420995891348,0.0304883362980002,0.05842894823606497,0.0,0.0,0.0,0.0,
ACA,,0.9152084211915879,,0.9242711294996461,0.9117036938109196,,0.9439970443031984,,,0.9426677747182126,,0.8922845831722324,0.9646103292079719,,0.9839036053612101,,0.0372900044710907,0.0,0.0,0.0,0.0,0.0,0.0,
ACC,,0.9679268773046689,,,,,0.9495720702474216,,,0.9861339805278312,,,,,0.9908788258414767,,0.030383696782588534,0.023031311122443946,0.09618668469042879,0.10189045858336213,0.05723587669961132,0.0,0.03341678120679524,
ACD,,,,,,,,,,,,,,,,,,,,,,,,
ACE,,,0.9650852901301392,,,,0.9417648910443903,,,,1.0,,,,1.0,,0.06713638547430952,0.09916775367880287,0.09927229946495067,0.060921663690718386,0.13252216696227306,0.001430039771364296,0.028266523189171007,
ACF,,,,,,,,,,,,,,,,,,,,,,,,
ACH,0.8860489540782486,,,0.972680348450101,,,0.9431832151945012,,0.895500756260332,,,0.9815523872780177,,,0.9577650186748129,,0.0,0.034933351635070824,0.018627065999704828,0.0,0.016358479308793392,0.0,0.0,
ACI,,,,0.9692040084610435,,,0.9547192018556535,,,,,0.9650863339590752,,,0.965343096333645,,0.0,0.04033234261857475,0.03108206128193572,0.0,0.0,0.0,0.0,
ACK,,,,0.9640950324142841,0.9637156778811077,0.9862979829679414,0.9583144412628326,0.9853034080109334,,,,0.9495655144346358,0.9840787739056265,0.9760458548247849,0.9839654928651543,,0.038810328186159065,0.09957930806060625,0.03772003268381105,0.0,0.0,0.0,0.0,
ACO,,,,,,,,,,,,,,,,,,,,,,,,
ACP,,,,0.8487959726910634,,,,,,,,0.8492307690619408,,,,,,,0.0,0.0,,,,
ACR,,,,,,,,,,,,,,,,,,,,0.5600142531401772,,,,
ACT,,0.9719147428399887,,,,,,0.9800603999304561,,0.9915544076652477,,,,,,,0.0,0.011812020155454739,0.06988674284617687,0.10495492095589923,0.191877372840038,0.02169738630915154,0.0,
ACU,,,,,,,,,,,,,,,,,,,,,,,,
ACV,,,0.9626886695454749,,,0.909993029849039,0.9761334068417821,,,,0.9885106994406243,,,0.9044519451194745,0.9876124500452078,,0.0,0.0,0.031107712197830824,0.004234837577957173,0.0,0.0,0.0,
ACX,,,,,,,,0.82642823943356,,,,,,,,,,,,0.2840575021075988,0.42745588271463925,0.41980691133529835,0.0,
ACY,,0.9700002500020007,,0.8863655343693126,,,,,,0.9914928635956815,,0.9389958749197329,,,,,0.034483656881362706,0.12245361494786852,0.02567416680148495,0.0,0.0,0.0011087870436851562,0.575364797530999,
ACZ,,,,0.8431602578732712,,,0.8471527354980811,,,,,0.8639635929098514,,,0.9134765281794259,,,,,0.0,0.08601816018280965,0.04713433678653707,0.003692412082591151,
ADA,,,0.9829929647810633,,,,0.8784998894253837,,,,1.0,,,,0.9623695214097295,,0.0,0.09657495788864193,0.08438022560595561,0.03239143701177741,0.0869260543078981,0.026525783672386356,0.0,
ADB,0.9370789401578667,0.9509348619031025,,,,,0.8888178123183592,,0.9584311800184795,0.9813919423710519,,,,,1.0,,0.0,0.11049484442534206,0.1829983124373453,0.1304080351076111,0.1454726509839141,0.014731301189563508,0.0892344593799641,
ADD,,,,,,,0.821620130081251,,,,,,,,0.9659885674872596,,0.11586030547461702,0.06823221529761077,0.0869323012745046,0.2397446308155905,0.27333278191123095,0.059650345786829435,0.10106937954908582,
ADE,0.8929031643676724,,,0.9347856554733911,0.9790494393233701,0.8517716880899626,,,0.8876208128576221,,,0.9531432427512756,0.9836467394399578,0.7570232991162268,,,0.0,0.1921605759310378,0.058244226460034465,0.0,0.0,0.0,0.42751244780060327,
ADF,,,,,,,0.9706961671973223,,,,,,,,0.989930187388222,,,,,0.07339891114811138,0.11418785547459452,0.041343053061824266,0.02267558890763709,
ADH,,0.955481380379961,,,,,0.7500712200527848,,,0.9598253459794617,,,,,,,,,0.0011642084810699824,,0.058723579436170924,0.0,,
ADK,,,,0.9717630788740506,,,0.9743285822869947,,,,,0.9884427257554725,,,0.9969805493116759,,0.002842679482480757,0.0,0.0,0.0018872789538401922,0.028555463070052554,0.0,0.0,
ADL,0.9492872737513199,0.9076665118891609,,,0.9703578625448284,0.9220389313894523,0.8010633339510147,,0.9058668522559761,0.947814704008768,,,0.999070680997509,0.9659660459100815,0.9210880537501397,,0.0,0.0026688624879382854,0.1528229232865345,0.09760437856436992,0.03939098024906283,0.0,0.0006973680540582976,
ADO,,,,,,,,,,,,,,,,,,,,,,,,
ADQ,,0.9366403838615404,0.9469879368334734,,,,0.947225717102041,,,0.8833070179015929,0.9395959075629097,,,,0.9624721593894715,,0.0,0.0,0.0,0.002853901021685037,0.011053611795719537,0.0,0.0,
ADS,,,,,,,,,,,,,,,,,,,,,,,,
ADU,,,,0.8986750512306129,,,,,,,,0.9349219070743083,,,,,0.034528403818966796,0.034237898230506776,0.06779239641590243,0.0,0.27817847291992365,0.023463552540887445,0.35513375326598057,
ADV,,,,,,0.9504857000123652,,,,,,,,,,,,,,,,,,
ADZ,0.9640738735467392,0.9858731883647601,,,,,0.9308134580952995,,0.9387678422083373,1.0,,,,,0.9927882467812543,,0.0,0.01000914843798652,0.01557833282879134,0.09112806266996476,0.07007214658267558,0.0,0.02578295914071238,
AEA,,,,,,,,,,,,,,,,,,,,,,,,
AEB,,,,0.9896877548366493,0.9255072114359709,,0.9528932166149838,0.9625267041700096,,,,0.9737295765920634,1.0,,0.9205424102094956,,,,,0.10924081423567451,0.13785966651563403,0.216820151351212,0.0,
AED,,,,,,,,,,,,,,,,,,,,,,,,
AEG,,,,,,,0.8908059843867435,,,,,,,,,,,,,,,0.07997076289268787,,
AEH,,,,,0.9877836857212937,,,,,,,,0.9855347128547728,,,,,,,,,,0.0006996703533999029,
AEI,,,,,,,0.9709441875536715,,,,,,,,,,,,,,,,,
AEM,,,,,,,,,,,,,,,,,,,,,,,,
AEP,0.9395847528442428,0.9620608425724207,,0.9740385563792361,,,0.6780912534400491,,0.9737304826505871,0.9635395858919175,,1.0,,,1.0,,0.0,0.016983945524674946,0.030082683612506315,0.12430029266647896,0.15582583258893448,0.0,0.08407040248076786,
AER,0.9183316662142702,0.9743270310971988,,0.9319723874541339,,,0.9511292563139695,,0.9389320110315102,1.0,,0.9903548060832057,,,1.0,,0.0,0.22190652853931872,0.27925297298065893,0.1451884743964148,0.1750531701694708,0.08737878427904393,0.08714849581092955,
AES,,0.9672441099877809,,0.9510655177099003,,,0.9765288985320693,,,0.9910216655982362,,0.9848203576583195,,,0.9945952948772615,,0.0,0.0985855254141902,0.15224600704667524,0.09483026165021426,0.13799154762311988,0.0,0.0,
AET,0.9880464591122681,,,,0.9870132660505898,0.9859305584661913,0.9445914315167134,,0.9987273803590594,,,,0.9985443929529902,0.9706661232513664,0.9769436516228809,,0.04538995361019887,0.03059632990635049,0.006630192565645274,0.005746358401132161,0.01061571740935513,0.0,0.0,
AEU,,,,,,,,,,,,,,,,,,,,,,,0.013942179655464076,
AEX,0.9873218631672949,0.9575553148765779,,0.7743210248324809,,0.9758353186103139,,0.9064361455853411,0.9989671747869842,1.0,,0.8631997152392303,,0.9087510576227972,,,0.07976193315443988,0.32951092196539805,0.19079221892004591,0.0,0.1164372348789891,0.0,0.0,
AEY,0.6797564326059556,0.7045715332607281,,0.9724149066681542,,0.9659744297850297,0.7123411993432723,,0.7838516313982534,0.996571081608183,,0.9910108290963918,,0.975782497410355,1.0,,0.03306041728105128,0.07823176106790808,0.5332948560646346,0.0018326815330764411,0.12610178974405342,0.0,0.11709360951210393,
AFA,0.8661843708234072,,,,,,,0.8428394103583072,0.8407857619389655,,,,,,,,0.0,0.01716785650848094,0.25826132545759883,0.2523030321118426,0.0814631884968263,0.21002775793899725,0.00138650243546757,
AFL,0.981066416302447,,0.9296049078323192,0.9458596206697142,0.8929287933941792,,,0.9498555138213937,0.9442025663198791,,1.0,0.9051145570936104,0.9499476040631805,,,,0.0,0.18327585162427917,0.16322298229029109,0.0,0.0,0.1030770110474318,0.0,
AFN,,,,,,,,,,,,,,,,,,,,,,,,
AFS,,,,,,,,,,,,,,,,,,,,,,,,
AFW,,,,,,,,,,,,,,,,,,,,,,,,
AFZ,,,,0.8531110273771636,,0.9411956542559636,,,,,,0.8596077709147926,,0.962520467139273,,,,,,0.0,0.0,0.0,,
AGA,0.9627337134095159,0.9768530185477254,,0.9684515177712867,,,0.8799122700738771,,0.9689768538371553,0.998706137084341,,1.0,,,0.9929327751630623,,0.0,0.10363186437575155,0.09413999222159652,0.10043507987827548,0.06128435339822339,0.0,0.011140680160337516,
AGB,,0.9523789867411716,0.979282714721699,,,,0.9597912345809069,,,0.8978851199639709,0.8826006988508447,,,,,,0.09197282127378684,,,,,0.0,,
AGF,0.9713377025826743,0.9893157233119697,,,,0.9899351947994534,0.9491339750735472,,0.9522860564259857,0.9953593243214643,,,,0.9989794585371182,,,0.0,0.007283509621663024,0.0,0.02366777022366578,0.02652897654697476,0.0,,
AGH,0.9883744158756448,,0.986690012686555,,,,0.9324370585514621,,0.9974263951796198,,0.9984283932853734,,,,0.9324076471727378,,0.0,0.0,0.026730843797987187,0.040504847485468586,0.08778268758151112,0.0,0.0,
AGJ,,0.9818509508047664,,,,,,,,,,,,,,,,,,,,,,
AGP,,,,,,,0.8739143192656461,,,,,,,,1.0,,0.25737013218142374,0.14285048193556396,0.18183172544755785,0.09823048209011453,0.09178635138692835,0.0,0.03681629720939366,
AGR,,,,,0.9689870885890067,,0.9318796450519743,0.9383098128205192,,,,,0.9830595075282432,,0.9591943688174179,,0.0,0.0,0.03113818296167813,0.16434138514971638,0.11456922828228594,0.0,0.0,
AGS,0.9561600779437774,0.8861084310509844,,0.8997439156493174,,0.8444717727372636,0.9225441545434854,,0.9702572071483708,0.9899326681652306,,0.9173063106957874,,0.8638656088000779,1.0,,0.06538157742900426,0.30341826470159755,0.24048658091698555,0.0,0.0,0.0,0.10186195638343123,
AGT,,,,0.9644153958022501,,,0.9693150739893798,0.9872816643010891,,,,0.9777056512149152,,,0.9659437027802992,,0.02141914777505152,0.05175585326892349,0.049968588650200825,0.0,0.013580307453720356,0.0,0.0,
AGU,,0.9740581215341723,,0.9112574254661548,,,0.8063002592867415,0.9736459143291999,,1.0,,0.9558655678169212,,,0.795294630341875,,0.01934785843153326,0.03032576598666635,0.0499230904399579,0.16120699059386254,0.18575764333515052,0.040659647456665456,0.0,
AGV,,,,,,,,,,,,,,,,,,,,,,,,
AGX,,,,,,0.9896668996317861,0.9794162899743465,,,,,,,0.993106964501769,0.9944523042678839,,,,,0.029371297621310806,0.015083487594252697,0.05228930458336561,0.031118185635662023,
AHB,,,,,,,0.8857619722076695,,,,,,,,0.9748258733695585,,0.027099341231082173,0.021255524331515105,0.037742121881953763,0.13123777746177007,0.18213085143253513,0.030450853517494672,0.0,
AHE,,,,,0.9639690855878407,,0.9470967498876949,0.9881536249044653,,,,,0.9963138055508686,,0.9413597099280564,,,0.019989362279989407,0.03220799327963369,0.0366514563582025,0.021603984649089518,0.0,0.0,
AHJ,,,,,,,0.9822655776598578,0.8962104019655244,,,,,,,0.9281250966579179,,,,,,,,0.0,
AHO,0.9593736602979934,0.9473345175097545,,,0.9654275054523257,0.9576545193169634,0.9378775057999422,,0.9778954015798602,0.9852761453870219,,,0.9968458809720676,0.9862587892856068,0.9662530190671494,,0.0,0.043491450448660665,0.12700834608120243,0.0773878235524993,0.05800924947238846,0.009234791263818402,0.0,
AHS,0.9864640105380091,0.9157108020700861,,0.8474811276276965,,,,,0.9427309625012895,0.9970069634590291,,0.8490461191287328,,,,,0.032715232937507235,0.058697044778924436,0.0,,,,,
AHU,,0.9501117119885569,,0.838248825585948,,,,0.98509816628653,,0.9446367752856091,,1.0,,,,,0.0,0.0,0.0,0.03489950234526627,0.2789562459689307,9.358654638025912e-05,0.0,
AIA,0.9236451764083945,,,,,0.9895075401600746,0.9776785128972973,,0.914380930198474,,,,,0.9822713223325296,0.9867203378879499,,0.0,0.008212191039860046,0.0,0.0,0.0,0.0,0.00802708576884539,
AID,,,,,,,,,,,,,,,,,,,,,,,,
AIE,,,,,,,,,,,,,,,,,,,,,,,,
AIN,0.9694733696413922,0.9866034613935093,,0.9775054811933603,,,0.9687888037212318,,0.9589078591791232,0.9942040491339654,,0.9906201566543454,,,0.9893194395664804,,0.0,0.0,0.0,0.004641022192991467,0.02217917942041093,0.0,0.0,
AIP,,,,,,,,0.6150259839096397,,,,,,,,,,,,,,,0.0,
AIR,,,,,,,,,,,,,,,,,,,,,,,,
AIT,,0.9615454360193508,,,,,0.9463175079920407,0.9551318934022913,,0.9772094875130939,,,,,0.9269900517571834,,0.0,0.0,0.016507725597113627,0.011127430827655094,0.02427247390556046,0.0,0.0,
AIU,,0.9623934402723605,,0.9855477096426117,,,,,,0.9782294608544481,,0.9833375526544536,,,,,0.0008711589039648494,0.0,0.015446944329278794,,,,,
AJA,,0.8997414569521157,,,,,0.894256450472411,,,0.9352169899917868,,,,,0.9951062984062737,,0.0,0.04071438221297145,0.18947198380839353,0.2140294515214502,0.19238534807232283,0.0,0.0,
AJF,,,,0.9741968402634348,,,0.9835195141964702,,,,,0.9903253665995317,,,1.0,,0.011820222932191309,0.02630223319023349,0.014034087958098782,0.035085355135069836,0.15954592409266102,0.044244335526068566,0.08517862669013564,
AJI,,0.978679850792203,,,,,0.9855151479040614,,,0.9904370309875311,,,,,0.9975616014910254,,,0.14265544616712436,0.1655442647580349,0.07763833718774545,0.10638453257366692,0.016017642124483807,0.03263353865942155,
AJK,,,,,,,0.9796052860457082,,,,,,,,,,,,,,,,,
AJL,,,0.9815973327322935,,0.9551704642499801,0.9716927763969595,,,,,0.9936422504210823,,0.9520414759955358,1.0,,,,0.07013200292077686,0.037927461454124026,0.0,0.09045142889947894,0.14255420939122623,0.0450613845072734,
AJN,,,,0.9880658981417366,,,0.9412846167999772,,,,,0.9986451961600357,,,1.0,,0.0,,,0.004094867597778526,0.0,0.0,6.99866135452438e-05,
AJR,0.981954697161247,,0.9660972799680987,0.9699360426835364,,,0.920530254887808,,0.9787134700907064,,0.9923829981826031,0.9881290670877859,,,0.9426651515093571,,0.0,0.052255632441439194,0.0196164505851204,0.06282424048689937,0.12577152253597496,0.07452415932737123,0.0,
AJU,,,0.9620429942692547,0.9850819721643641,,0.9743417188739708,0.9472501847089894,,,,0.9816032895658741,1.0,,0.9389662296003833,0.986657789030698,,0.0,0.0059500378084985425,0.0,0.08280634799706338,0.008760157976525648,0.0,0.0262934551481968,
AJY,,,,,,,,0.9746146109687067,,,,,,,,,,,,,0.03182919174546272,0.022783640167949384,0.0,
AKA,,,,,,,,0.9397610386469205,,,,,,,,,,0.01834388010923596,,,,,,
AKB,,,,,,,,,,,,,,,,,,,,,,,,
AKE,,,,,,,,,,,,,,,,,,,,,,,,
AKF,,,,,0.894301752441734,0.9689960281624094,0.9309896953461185,,,,,,0.9933219106954974,0.9056072849583673,0.9948086097553138,,0.10225309811559317,0.024042569961268266,0.014759996813978634,0.0355988601560452,0.0,0.0,,
AKI,,,,0.988647539404497,,,0.9704667616399326,0.9881413443944255,,,,0.9966785676303833,,,0.9864204667875993,,0.0,0.0,0.00032071318752901416,0.011677381083403588,0.020129152360944414,0.0,0.0,
AKJ,,,,,,,0.8972554615826934,,,,,,,,0.9582976793067335,,0.020025179940331362,0.02764939436999242,0.0350026586870055,0.06026575640587665,0.06210115076063447,0.0,0.012724564289883632,
AKK,,,,0.987886716644561,,,,,,,,0.9884277791282791,,,,,,,,,,,,
AKL,0.9656544814285599,,,,,0.9867538790309628,0.7128812822539394,,0.9137563831801482,,,,,0.9856037131413737,0.9180772057897064,,0.0,0.0524274104087798,0.11780717685271698,0.10268456478775595,0.10339986026167743,0.0,0.012452736333952092,
AKN,,,0.8746864563907701,,0.8791586529790667,0.9219296144768293,0.8535629989690252,0.8561386734860404,,,0.8689633073401302,,0.9570721333011188,0.9910022742876821,0.9015126580519752,,0.0,0.0,0.0,0.0,0.0,0.0,0.0,
AKP,0.9884729220373268,,,,0.9868956950432816,0.9794889476151367,0.9441219390382033,,0.9989700782109413,,,,0.9987518597759092,0.9645488590299011,0.9772634133220146,,0.037902841419280436,0.029656633290402395,0.0,0.006163932788811612,0.012250615949019522,0.0,0.0,
AKR,,,,,,,,,,,,,,,,,,,,,0.0,,0.041195019532135835,
AKS,,,,,,,,,,,,,,,,,,,,,,0.11407318303752358,,
AKU,,,,,,,,0.8262013472179389,,,,,,,,,0.0,0.04496204249712528,0.06562018538982435,0.3335321989594181,0.3389803577269922,0.44206310855823516,0.08456585934786276,
AKV,,,,,,,0.9705401952814021,,,,,,,,0.9869105303220631,,0.018575188932728134,0.01125501484751447,0.025461746747241037,0.322554159586351,0.05869823203660583,0.01532794460696619,0.0,
AKX,,0.9567350397947737,,0.9244817186598837,,,,,,0.987671977394137,,0.9966260958072615,,,,,0.05052424895682719,0.09317852164140662,0.03445992023497739,0.0,0.0,0.0,0.14811767835070247,
AKY,0.9502661772795242,,,,,0.978864757039286,,0.95144529087521,0.9480020349753516,,,,,1.0,,,0.0,0.022719681753517667,0.0032039465759578327,0.03339588661874937,0.12407668114513648,0.06871611528896485,0.0,
ALA,0.9768941064962054,0.958113523446319,,,,0.9827720349425174,0.9890634427279702,,0.9451063141770956,0.9981377919914309,,,,0.9933142684439276,1.0,,0.0,0.01869720995078206,0.08103402653233945,0.09239914833976727,0.10091459540241797,0.0,0.19090996261098683,
ALB,0.9490914626120388,,,0.9482411574119709,,,0.872265939701609,,0.9695689453415461,,,0.9967178272753523,,,0.8812827084132815,,0.0,0.07277954352168975,0.06045835832159622,0.010654570470541158,0.009788690278012241,0.0,0.0,
ALC,,0.9832962188128637,,0.9711533320781651,,,0.9280865496780277,,,1.0,,0.9949965828462097,,,0.9996759087833288,,0.1939900759800319,0.2652505678050552,0.24826648537651316,0.023100592788715006,0.08837254045288608,0.007803503393339411,0.02885101185377235,
ALE,,,,,,,,,,,,,,,,,,,,,,,,
ALF,0.9735782391571141,,,,,,0.9636330337758034,,0.9843252280883754,,,,,,0.9973865749658783,,0.0,0.0332580826745673,0.048403423937264364,0.04000476808888629,0.0006331819913838445,0.0,0.0,
ALG,0.9759490251852874,,0.9612114643164092,,,,0.8821415433015805,,1.0,,0.9312084947198832,,,,0.9873439950368568,,0.09508886897111075,0.0167018138885991,0.0,0.10538070835013459,0.10708821994817942,0.0,0.00900521837309143,
ALH,,0.9690571854169988,0.9532647875175876,,,,0.9832931122649138,,,1.0,0.9502576510914861,,,,1.0,,0.014554347103729876,0.000699677419256706,0.0,0.02537957305323603,0.014970657283075893,0.038296132623362546,0.03241766821104012,
ALI,,,,,,,,,,,,,,,,,,,,,,,,
ALJ,,0.9895615381955073,,,,,,,,0.9981336552494467,,,,,,,0.0,,,,,,,
ALL,,,,,,,,,,,,,,,,,,,,,,,,
ALM,0.9650200564992428,0.9884857700894781,,,0.9890759413089043,,,,0.9709909497700887,0.9942990219154662,,,0.9919054096494017,,,,0.0,0.005401859924981464,0.031001778048058534,,,,,
ALO,0.8513346405498785,,0.9818002763719015,,,,0.9575178453032054,,0.8415496652050423,,0.950064680008433,,,,0.9796849916966192,,0.0,0.0,0.0,0.0807364430052606,0.0713938887910221,0.0,0.0,
ALP,0.9728924241554157,,,0.9681649458928916,,,,,1.0,,,0.9451657507817386,,,,,0.12094855916412482,0.07633704475647116,0.033836718606157126,,,,,
ALQ,,,,,,,,,,,,,,,,,,,,,,,,
ALS,0.9795019710685952,,,,,,0.9783305862451451,,0.9725131059763954,,,,,,0.987566462802177,,0.0,0.027837632678513313,0.002861923853582346,0.0,0.0,0.0,0.01779709504266588,
ALW,0.9868328644749318,0.9521840539459931,,,,,0.9645200367370731,,0.981651423299299,0.9462363383400039,,,,,0.9878035132539943,,0.0,0.0,0.0,0.03073557646565979,0.034416346132854485,0.0,0.0,
ALY,,,,,,,,,,,,,,,,,,,,,,,,
AMA,0.9829581453104742,0.9114638960139502,,0.9202896621010217,,,0.9132998937911765,0.9832222048448461,0.9886737621885691,1.0,,0.9920140911844526,,,0.9363270601171875,,0.08871372740494345,0.21450965848641326,0.2653501501407844,0.1380983712785338,0.11378517575850564,0.0,0.0,
AMB,,,,,,,,,,,,,,,,,,,,,,,,
AMD,,,0.9532388316564243,,0.980794594977889,,0.915729976495306,,,,0.9809031278910573,,1.0,,0.98015841747028,,0.09836164809896107,0.15810044674037718,0.044201966404300956,0.07517530302221627,0.05261355669469461,0.24973796277232096,0.03389794369388088,
AMH,,,,,,,0.9894985377952932,,,,,,,,1.0,,0.04686283996189066,0.03290731719312206,0.02808007647759465,0.05047133832581926,0.06620186172900039,0.03425493914257347,0.018002612965610395,
AMI,0.9523531727651818,,,,,,,,0.9554648157111919,,,,,,,,0.0,0.06175228374466994,0.02680968238473492,,,,,
AMM,,,,,,,0.9185231449152024,,,,,,,,0.9893173219481259,,0.0369554250175272,0.013859506443388606,0.05103866823730212,0.06653627127005314,0.0020760695837163156,0.033354971435042687,0.06115262170564861,
AMQ,0.9566353326084167,,,,,,0.9042921686271609,,0.8794922205937047,,,,,,0.9367053626532403,,0.0,0.06600630354768754,0.04031913789983389,0.14431251698940892,0.18455822743084854,0.10064232639215782,0.0,
AMS,,0.9603402699490702,,0.9766443910228111,,0.9829170397248076,0.8247106073203276,,,0.9873425853918179,,1.0,,0.9884732022112467,0.9562393510509608,,0.03419001682760017,0.020816808801939028,0.038147666796365685,0.021793606885639524,0.07950437299880433,0.0,0.0,
AMU,,,,,,,,,,,,,,,,,,,,,,,,
AMV,,0.9792957559512886,,,,,,,,0.9916263021000139,,,,,,,,0.004267079901223051,0.03755971411240328,0.005951213833137771,0.0,,,
AMW,,,,,,,,,,,,,,,,,,,,,,,,
ANA,,,,,,,0.9179073121301129,0.7953155277829452,,,,,,,0.9381491760867207,,,,,,,,0.0,
ANB,,,,,,,,,,,,,,,,,,,,,,,,
ANC,,0.956008562805948,,0.9298425485447546,0.9706039501100115,0.9677847173526026,0.8413417787137201,,,0.982337869926164,,0.9362471659115359,0.9995345105909437,0.9500962622541871,0.9838029259902178,,0.0,0.004238731458650702,0.016425098520242293,0.0,0.0,0.0,0.009297632718729944,
ANE,,0.9467145712206158,,,,,,,,0.9726668225149325,,,,,,,,0.0,0.017568249251491672,0.09972528193982405,0.13903533100243465,,,
ANF,,0.9750488204306336,,0.9840598762087261,,0.9801832372665955,,0.9392582622351449,,0.9882383442539624,,1.0,,0.9955084618532907,,,0.0,0.009102078809146905,0.007979238409216135,0.07327414150545018,0.05493677319013605,0.0,0.04683515465133988,
ANG,,,,,,,,,,,,,,,,,,,,,,,,
ANI,,,,0.975792448570719,,0.9819727193340757,0.9310279215544073,,,,,0.9730873270009954,,0.9644352128532899,0.9907877572775303,,0.0,0.02845212525710868,0.00865543419574793,0.0,0.0,0.0,0.0,
ANK,,,,,,,,,,,,,,,,,,,,,,,,
ANM,,,0.9713094972850083,,,,,,,,0.9842992532579435,,,,,,0.0,0.0,0.0,0.016524028440773594,,,,
ANN,,,,,,,,,,,,,,,,,,,,,,,,
ANR,0.9658675516148614,,0.9119022879423853,,0.8874907703506391,,0.9804734809224257,0.8926625374876856,0.9388201983620014,,0.8399489295077242,,0.9146618229291845,,0.9861251282168926,,0.0,0.0,0.0,0.009232394591184578,0.09955038629662116,0.04325677141559007,0.015329997747369426,
ANS,0.9806461087664523,,,,,,,,0.9694561222100053,,,,,,,,0.0,,0.0,0.04281876791526521,0.05642794097107423,0.0,,
ANU,,,,,0.9623251682093331,0.9885970814975159,0.9404605026127352,,,,,,0.9938359085342037,0.9562477045643657,0.9912799089118385,,0.0,0.09511151289325223,0.08254059813138728,0.0,0.0,0.0,0.0,
ANV,,0.9838241226241763,,0.9806536664001181,,,0.9600105549512842,,,0.9952114403543766,,0.987286883501284,,,0.9856883307720973,,0.0,0.0,0.006719010003807487,0.0,0.011691975036661166,0.0,0.0,
ANX,,,0.8716990689256405,0.9274968490416464,,,0.9571301843866623,,,,0.9765884866485842,1.0,,,0.9856482221629383,,0.0,0.15791441834012487,0.0,0.14707508866499652,0.17143744982179726,0.0,0.0,
AOC,,,,,0.9313310974275884,,,,,,,,,,,,,,0.08357572701614373,,,,,
AOG,,,,,,,0.9540736588484493,0.9456200609745282,,,,,,,0.9231852423898673,,,,,,,0.06555342459569877,0.0,
AOI,,,,0.9515823219955761,,,0.9353344621410038,,,,,0.9970500108013743,,,1.0,,0.005650404909421129,0.05694109513404849,0.0341057788935517,0.008363105569108246,0.04781471285739713,0.040953369556779334,0.010277667461378467,
AOJ,,0.9680253505084101,,,,0.9748003411724387,0.9079304811649628,,,0.9930755444801025,,,,0.9781961923705215,0.9694719324326836,,0.025038308081365774,0.0,0.002139120386221676,0.004632394293442979,0.010646841673854561,0.0,0.007652117757771575,
AOK,,,,0.9672482190921607,,0.9621483334908036,0.9680806612536522,,,,,0.9830069055201304,,1.0,1.0,,0.13182044489854472,0.13930221691619685,0.0,0.0,0.08346285856831036,0.009256440589043607,0.04307516840495238,
AOL,,,,,,,,,,,,,,,,,,,,,,,,
AOO,,,,0.9871848300195003,,0.9001603806563623,,,,,,0.9948203323328669,,0.9054481438844079,,,0.0,0.09661863767778518,0.10201770020950732,0.007059274212894682,0.0,0.0,0.054332973494813315,
AOR,,,,0.977903546737095,,,0.9046552335992643,,,,,0.9962472237044729,,,0.9424316508958218,,0.02899438912116907,0.042244114719299765,0.04753897030792486,0.0038235086101973304,0.05761926475486003,0.0,0.0,
AOT,,0.9264128137819446,,,,,,,,0.9321820354075369,,,,,,,,0.0,0.015046733987954593,,,,,
AOU,,,,,,,,,,,,,,,,,,,,,,,,
APC,,,,,,,,,,,,,,,,,,,,,,,,
APF,0.9501003198402442,0.9671066807886212,0.9875536206610495,0.7365492528281576,,,,,0.9457132762079572,0.9727038581556996,0.9941617092509252,,,,,,0.0,0.08749365420604564,0.014232715993243451,,0.26381337100583685,,,
API,,,,,,,,,,,,,,,,,,,,,,,,
APJ,,,,,,,,,,,,,,,,,,,,,,,,
APL,,0.9740063642497783,,0.9429565672574266,0.9286220263370011,,0.9427275685919629,,,1.0,,0.9485085741331988,1.0,,0.9685406967687141,,0.20199009971290854,0.277382896249857,0.3239076490265499,0.026018718341074394,0.08603452517051002,0.0,0.0,
APN,,,,,0.974104040408642,0.9857223917007842,0.9752828402244982,0.9406859493783845,,,,,0.9948587688321945,0.9805891523468919,0.9813436001278348,,0.027047792890809427,0.0,0.0,0.019327161906087287,0.0,0.0,0.0,
APO,,,,,,,0.9877711649892909,,,,,,,,1.0,,0.4051415577780199,0.0,0.0,0.31088294573202807,0.3237646593765827,0.031008645900237792,0.006910966602242367,
APR,,,,,,,,,,,,,,,,,,,,,,,,
APU,,,,,,,,,,,,,,,,,,,,,,,,
APW,0.955692434379035,0.9712719106244967,,,,,0.8261050874589291,,0.9737746231043705,0.9913997014551583,,,,,0.9195640964927483,,0.0,0.0,0.021989719633206315,0.0,0.0,0.0,0.0,
APX,,,,,,,,,,,,,,,,,,,,,,,,
AQA,,,,,,,,,,,,,,,,,,,,0.16333955543698983,,0.0,0.0,
AQG,,,0.9775107021224465,,,,,0.9774567612493267,,,0.9619857250374708,,,,,,0.0,0.0,0.0064663389150597115,0.18032135582315684,0.09385623719323821,0.11998995607899274,0.0,
AQI,,,,0.9753224572648764,,,0.9747580139457908,,,,,1.0,,,1.0,,0.03403378728838589,0.03127238094415701,0.0051440475451197355,0.02721516546698363,0.058631932468377376,0.019431244670371828,0.1092424338062617,
AQJ,,0.8436632183325261,,,,,0.9236765834311129,0.967419545549404,,0.8935007911420265,,,,,0.9581716136596509,,0.06995513999888557,0.0,0.2723119015158295,0.03263350784681905,0.0,0.09993810884408189,0.0,
AQP,0.9715422966934553,0.9814498607939625,,,0.9821901540540581,0.9476639694276494,0.8771862639080478,,0.9233713661123701,0.9877771284532806,,,0.9985928430343654,0.9632572496632349,0.9829711264460963,,0.0,0.0,0.09176793317180994,0.06003146112854719,0.020320486558464187,0.0,0.0,
ARA,,,,,,,,,,,,,,,,,,,,,,,,
ARC,,,,0.9890982273584714,0.9880487872152642,0.9806249466041602,0.942656657083218,,,,,0.9937843288099553,0.9984210963974522,0.9665047974747448,0.9750437257543505,,0.05212233948228883,0.030549855305108377,0.0,0.0007858206271791668,0.008655735157262012,0.0,0.0,
ARD,,,,,,,0.9235248289574984,0.8244861902046411,,,,,,,0.8620889755836094,,,,,,0.07162476636763497,,0.0,
ARE,,,,,,,,,,,,,,,,,,,,,,,,
ARH,0.9649670032226978,,,,0.9840529510470413,0.9783060197520661,0.9838678197172871,0.8477928047536953,0.9640142850808919,,,,0.9847679374763412,0.9887832255943338,0.9400249523974489,,0.006065124813429847,0.07507158669186587,0.05198599608998996,0.0,0.0,0.004447111639976316,0.0,
ARI,,0.9898885469091623,,0.9538314083032311,,0.9810756330134662,0.9505365315719522,,,0.9996581656448708,,0.9971380613949554,,0.9782100953064238,0.9801208383559388,,0.046629961576013325,0.037859669803565914,0.0,0.0,0.008209336248722334,0.0,0.0,
ARK,,,,,,0.9449261463565657,0.9577776337636372,,,,,,,0.9858552881048043,0.9742576803476254,,,0.0,0.0,0.04695793348370911,0.08063744092223607,0.0001354128790215289,0.0,
ARM,,,0.988278482794564,,,,0.9513856346030274,,,,0.9977245739330842,,,,0.9852050046066874,,0.0,0.0,0.01090897368624042,0.019318241197673034,0.006885963855064456,0.0,0.003910219427080587,
ARN,0.9348141149106822,0.9614634073807328,0.9839175536287015,0.9805058228879296,0.9776082931913276,,0.7953750497026674,,0.9838983053585185,0.9725887583745093,1.0,0.9727913404678217,1.0,,0.9303271627352901,,0.0,0.016410634793303947,0.08755969066447697,0.07514260238514217,0.16399654530832666,0.0,0.0,
ARP,,0.7967279851188577,,,,,,,,1.0,,,,,,,0.23995605636737544,,,,,,,
ARS,,,,,,,,,,,,,,,,,,,,,,,,
ART,,,,0.8409322151990897,,0.9243732197648963,0.9688644916006565,,,,,0.9355016200091568,,0.9136382497769615,0.986061266167297,,0.00011042176152085131,0.09828280884033909,0.0771951784853923,0.01385174892822139,0.11594806145394651,0.0,0.005654574089115762,
ARU,,0.9882196444964663,0.9884917625676624,0.9399782173640344,,0.8614240321657425,0.9583192484192291,0.8990842602529894,,0.9876084483194427,0.996901132372945,1.0,,0.8718992835297449,0.9658418267135337,,0.006865390391300142,0.005411379324439275,0.0,0.244693788057503,0.15790266101189704,0.0,0.0,
ARX,,,,,,,0.9379880982912351,,,,,,,,0.9893924060168401,,,,,,,,0.0,
ASA,,0.8631817977157277,,,,,,,,0.8079913429851281,,,,,,,,0.0,0.0,,,,,
ASB,,0.9866845196994276,,,0.9712747820966721,0.9759950612336753,0.7955055606934744,,,1.0,,,0.9704726668277519,0.9980516880167684,0.898801877476617,,0.04405006979048677,0.023667589627572917,0.026639165292972,0.0,0.11018533543269411,0.06431857905932173,0.0,
ASD,,0.98817798019173,,,,,,,,0.9917251034740318,,,,,,,0.0,0.01782603232846808,0.05223585186763874,,,,,
ASE,,,,0.9662851746489214,,0.8935932353543632,0.9441116603081234,,,,,1.0,,0.8065449339472036,0.9683858743966992,,0.07562110773101115,0.050469453611186474,0.026596023387830747,0.1855105236599867,0.2073109748637244,0.0,0.0,
ASF,0.9424057955785154,,0.9882574239146762,,,,0.9634849893898318,0.8328182026997255,0.955923129029322,,0.997308396897434,,,,0.9587314493430467,,0.028971738751963037,0.1401036962882156,0.04841291872899727,0.11109620425832557,0.10216407251295787,0.02390823039239096,0.0,
ASI,,,,,,,,,,,,,,,,,0.0,0.012437067792256758,0.007945014028795374,,,,,
ASJ,,0.9881737352270431,0.9701828403585253,,,,0.9552788288092797,,,0.9743257344355472,0.9800728328138779,,,,0.9873814544753402,,0.0,0.0,0.008236588041359646,0.18132027794223243,0.2502044844394494,0.13804188769841286,0.0,
ASK,,,,,,,,,,,,,,,,,,,,,,,,
ASM,,,,,,0.9203274940268258,0.9511141568055166,,,,,,,0.9462731282297088,0.9759561344115834,,0.0446787592040055,0.05069790303346768,0.02978359192102578,0.049038573841886694,0.0,0.0,0.0,
ASO,,,,,,,,,,,,,,,,,0.05798261694496586,0.005523682813729944,0.01792598885461878,0.03886280477622348,0.05622081449447138,0.03593015865949884,0.012227941828069988,
ASP,0.9574538318381848,0.9796674935519929,,,,,0.972467967068533,0.9669905588365028,0.9663865922769012,0.9838069278207014,,,,,0.9782417039864281,,0.0,0.0,0.019580076231542048,0.005127928212650745,0.0,0.0,0.0,
ASR,,0.9859726387481696,,,0.9816858978517193,,0.9726486199768309,,,1.0,,,1.0,,1.0,,0.19283766999284702,0.19304437588463644,0.20689209078463347,0.16481838949450078,0.05685029496155035,0.0,0.04130252970117479,
ASS,,,,,,,,,,,,,,,,,,,,,,,,
AST,,,,,,,,,,,,,,,,,,,,,,,,
ASU,0.9627063139630834,,0.9319735316035249,0.9812990961432327,0.9862307561167433,,0.9358382995624341,0.9695051551820447,0.8761914615942086,,0.9247116028210611,0.9969973078906043,1.0,,0.9655461748727963,,0.0,0.0049111550587234085,0.0,0.04271341901163922,0.05348193052752549,0.0471971506067413,0.06302474297560987,
ASV,,,,,,0.9582871498457864,0.9278330593079034,,,,,,,0.9830367601716039,0.9702329231283138,,,,,,,0.29494827918726135,0.0,
ASW,,,0.9042670450220223,0.9758061704323145,,,,,,,0.8808744979676922,0.9859132313642786,,,,,0.1246817021551301,0.04150942652728948,0.0,0.08891275702844219,0.0,0.05487812241209737,0.13508582787701742,
ATA,,,,,,0.987371583415371,,,,,,,,0.99377976287881,,,,,,,0.05485024916884785,,0.02325752752929688,
ATB,,,,,,,,,,,,,,,,,,,,,,,,
ATC,0.9825360870328395,,,0.9879249033840066,0.9778691258888479,,0.9858740730562169,,0.9810020347936674,,,0.9769346659512347,0.9902044722614148,,,,0.0,0.02822930796076668,0.023007306801151716,0.0032171648162535094,0.009383162707169265,0.006029475553153489,,
ATH,0.9454762010029251,0.9381983434335417,0.9642484820456773,,0.9735035881002931,,0.8562210956917036,,0.9341948797476152,0.9328022416759864,0.993670786286742,,0.9295737042727152,,0.9779861743907584,,0.0,0.015796524615596726,0.08620673798394592,0.0,0.0,0.05855120577122339,0.05502502633193594,
ATK,0.960902776908737,0.9860895107708676,,0.9778669259015711,,,0.9480471952911675,,0.958997879528832,0.9938922664170172,,0.990737355478244,,,0.9681382736106834,,0.0,0.0,0.0,0.004423477267540598,0.02176793207305167,0.0,0.0,
ATL,0.9385542667769274,,,,,0.9851096605382392,0.7398109140484319,,0.9993404451309706,,,,,0.9208366337112504,0.9856071757627871,,0.0039045768751396308,0.08761424636254868,0.11281907965323691,0.011142601352063675,0.0,0.0,0.024770255709577412,
ATM,,0.9071640195337223,,,,,0.888136597405322,,,0.96604049448055,,,,,0.9261913185540708,,0.030739365129148568,0.0,0.04993349459436223,0.2817915160028723,0.06903391789031184,0.0,0.0,
ATQ,0.9789669884401819,0.9875257055406101,,0.9802150096125157,,0.9733533946486573,0.9179653461386491,,0.9970261413670748,0.9981606916025205,,0.9816286433038403,,1.0,0.9917812794207298,,0.0021327801803963176,0.3411075496476616,0.3685714411856925,0.0,0.0315959543371568,0.16319857015293365,0.04587612321202724,
ATR,,,,,,,,,,,,,,,,,,,,,,,,
ATT,,0.9898818765542703,,0.9883000255319274,,,,,,0.9988724754559299,,0.9967793984914639,,,,,0.008369641491127865,0.0,0.0,0.010817649769971445,0.019317109794502692,0.0,0.0,
ATW,0.9825238912200613,0.9637026309363433,,0.9687690917648617,,0.9588393546542467,0.8614890267475168,,1.0,0.9829730880440427,,0.9938870529612395,,0.8945764567485704,0.8729981286759361,,0.07348431817606953,0.07360189355626877,0.07536084350003568,0.0,0.0,0.0,0.0,
ATY,,,,,,,0.9690281377057937,,,,,,,,0.9675264009141149,,0.00328135232750488,0.0,0.0,0.049547222788570704,0.0,0.03200475735122272,0.0,
ATZ,,,,,,,,,,,,,,,,,,0.046375621357397916,0.06790269731284945,0.0772884557350253,0.05965645122376824,0.05898289938470185,0.026706700306222894,
AUA,,0.9539156668463966,,,,,0.8415284847170529,,,0.994153425842071,,,,,0.9320428375755776,,0.050824855762419574,0.0,0.0,0.10179280187237781,0.1237950319516149,0.0,0.0,
AUC,0.9537777090268418,,,,,,0.985043851504383,,0.9514215747889565,,,,,,0.9978995847616494,,0.0,0.007864972402291866,0.010736529169734506,0.0331156500397282,0.04445048864384298,0.0161711170569124,0.01773142597703676,
AUG,,,,,0.9897522135222634,,0.9569126058591768,,,,,,0.9863977038041125,,0.9758174740426759,,0.0,0.003753816844918723,0.012581632989358583,0.0,0.0,0.0,0.0,
AUH,0.9899807762322371,0.9208577834886515,0.9835731189549166,,,,0.9231079804415716,,0.9699591623326895,0.9172332978957445,0.9896079361491205,,,,0.9984973162022384,,0.0,0.0717672992886124,0.22616211497602332,0.24985924123379777,0.22036877430841523,0.0,0.18200642859561886,
AUK,,0.9795151299637253,,0.9694684729359718,,,0.9570298289495578,,,0.9827182597268458,,0.9849900330885172,,,0.9785081536628611,,0.0,0.0,0.009017304554175997,0.0,0.02614806631063969,0.0,0.0,
AUL,,,,,,,,,,,,,,,,,,,,,,,,
AUQ,,,,,0.978473112502971,,0.9750011809316995,,,,,,0.9941017350693551,,0.9777647105637796,,0.027293847563281494,0.00844240964934677,0.014366468611869503,0.013412888947088619,0.014237818912879391,0.0,0.0,
AUR,0.9867073982259937,0.9794894028230358,,,,0.9706613116118042,0.964060217985828,,0.9619503917381966,0.9940457400524261,,,,0.9918450493217702,0.9856912535073273,,0.0,0.0013907648172360257,0.020956843836233065,0.019769013068641112,0.050449152989059345,0.0,0.0,
AUS,,0.9839763078395457,,,,,0.8379970744844858,,,0.9991078506684248,,,,,1.0,,0.037982210879837455,0.0,0.01579265854429706,0.2020327431044916,0.13064650018294124,0.0,0.10687830511816032,
AUU,,,,,,,0.9048269519017388,,,,,,,,0.9666233682924349,,,,,,,0.005843007929594893,0.0,
AUV,,,,,,,,,,,,,,,,,,,,,,,,
AUX,0.9463082196350912,0.9449533934481962,,0.8722423112456911,,,0.8032956382906742,,0.8752439837357199,0.9754231961754024,,0.9255925884481075,,,0.8440285548309318,,0.0,0.2036099643731693,0.3108495638550939,0.005703939074047987,0.12136243023867986,0.0,0.0,
AUY,,0.8128841624201881,,0.8118944859461359,,,,,,0.9851370171927828,,0.8132339260337289,,,,,0.2086824114214714,0.0,0.0,,,,,
AVA,,,,,,,0.965300703983625,0.9409821798312943,,,,,,,0.9163801438252247,,,,,0.1310185607558867,,0.11575525481441666,0.0,
AVB,,,,,,0.9868505610363062,,,,,,,,,,,,,,,,,,
AVI,,0.9594766215314511,0.9478289080632738,,,,,,,0.8138225812789883,0.7777791501766149,,,,,,0.0036275569969001407,0.0,0.0,,,,,
AVK,,,,,,,,,,,,,,,,,,0.0,,,,,,
AVL,,0.9587428932050713,0.9168929996025861,0.8034272148213437,,,0.9401068127439545,,,0.949922431172865,1.0,0.9466376781410037,,,0.9830320214177399,,0.0,0.24836546375388033,0.13897688463017333,0.0,0.027186916805465852,0.0,0.013649493477466225,
AVN,,,,,,,,,,,,,,,,,,,,,,,,
AVP,0.9569986074472346,0.8876014398664903,0.9643378999178295,0.9375297153902992,,,0.8304806591567602,,0.9677366025223376,0.9328086224789469,1.0,0.9771360058982242,,,0.8595976192798932,,0.0,0.03369486939234283,0.14200888641038661,0.002699877716808465,0.0,0.0,0.0,
AVV,,,,0.9791296565456129,,,0.847973653065947,,,,,0.9920313914662746,,,0.8983777346287429,,,,,0.0,0.009342332241412435,0.01867332307790054,0.0,
AWA,,,,,,,0.9865310295683145,,,,,,,,0.9978718010878824,,,,,,,,0.031792368189657215,
AWB,,,,,0.9762519734185222,,,,,,,,,,,,,,,,,,,
AWH,,,,,,,,,,,,,,,,,,,,,,,,
AWK,,,,,,,,,,,,,,,,,,,,,,,,
AWZ,,,,,,,0.9466227132256166,,,,,,,,0.9674738289906567,,0.06833865643494903,0.07265166415394175,0.04884403487429666,0.07918713017243974,0.116991109401697,0.0,0.0,
AXA,0.9797393369357656,,,0.9536110981120989,,0.974966821904316,,,0.9740799488198796,,,0.960878858078691,,0.9713839328280444,,,0.015315979701869592,0.005379040876844356,0.0,0.0,0.018180705166192038,0.0,0.07097577454081941,
AXD,,0.9768890218767056,,0.9807929130650404,,0.9498150902103004,0.9711449303567518,,,0.9798206521370413,,0.9908608907590164,,0.9570067204996502,1.0,,0.00018647820997253303,0.0,0.0037078661972943724,0.0,0.0,0.0,0.00724409811337678,
AXF,,,,,,,0.884288679238554,0.9298484589226865,,,,,,,0.8659290168115135,,,,,,,0.27406280640081454,0.0,
AXJ,,,,,,,0.937072416533172,,,,,,,,0.9785615017941427,,,,,,,,0.0,
AXK,,,,,,,,,,,,,,,,,,,,,,,,
AXM,,0.9810750279277193,,0.9855911296117311,,,0.957080775135884,,,0.985587155248779,,1.0,,,1.0,,0.0,0.002687585699519148,0.0073031746865104665,0.16714806590387285,0.08523619933132881,0.0,0.02156632946826826,
AXP,,0.9893307523315638,,,0.9772335817072079,,,,,0.999368146054839,,,0.9906611528914422,,,,0.0,0.012984038456766668,0.027133850881258997,0.007015607303883654,0.0,0.013270764658577294,0.0,
AXR,,,,0.9759465264658921,0.9783046912937045,,0.9549153355508134,0.9879423174421557,,,,0.9737277708201084,1.0,,0.9469783717331206,,,,0.02088025951817435,0.021421876689592834,0.029137383739575157,0.0,0.0,
AXT,,,,,0.9810427415463598,0.9690195271683796,0.9313197255462526,,,,,,0.9989336531531785,0.9332570716079502,0.9915354365307852,,0.027065414122927327,0.012319680179855656,0.0030587646973998027,0.031813915284503155,0.0,0.0,0.004589394143834348,
AXU,,,,,,,0.929037604854714,,,,,,,,0.9655557642476547,,0.05674530581938903,0.04568693977274192,0.02864311082994177,0.028918500136029528,0.05594867906935514,0.031735331167969914,0.0,
AXX,,,,,,,,,,,,,,,,,,,,,,,,
AYJ,,,,,,,,,,,,,,,,,,,,,,,,
AYK,,,,,,,,,,,,,,,,,,,,,,,,
AYP,0.9703288895844945,0.9775646092346215,,,,,0.9471477924238246,,0.956386073656618,0.9802093504374882,,,,,0.9867355337932187,,0.0,0.0,0.0,0.06337816380767702,0.09779874724422627,0.0,0.00020877176695685977,
AYQ,,0.968308853985575,,0.9858657170779302,0.9811113876790837,,0.8748654005311374,,,0.9753801933224757,,0.96748128384097,0.9785134421489384,,0.9501240136327459,,0.0,0.0,0.05130407195224194,0.0,0.0,0.026636708819876162,0.0,
AYT,0.9737899192383997,,0.973984687086625,,,,0.8403194333115592,,1.0,,1.0,,,,0.9600315449127997,,0.048582960522508385,0.16461354554825983,0.2044941292691957,0.6542399718721738,0.31116023909127055,0.0,0.044886373982778525,
AYU,,,,,,,,,,,,,,,,,,,,,,,,
AZA,,,,,,0.9149604793506478,0.9644771914945118,0.8372438903092654,,,,,,0.9588119035607513,0.9834467934205496,,,,,0.33341324048667054,0.2761700287746953,0.0,0.0,
AZB,,0.9876720588478451,,,,,,,,0.9940625333446597,,,,,,,0.0,,,,,,,
AZD,,,0.9661706706492318,0.9357416152233555,,,0.9886901858575452,,,,0.9805654890824899,0.9844832039365834,,,1.0,,0.02060865833357289,0.024554696169441396,0.0,0.09957194940302656,0.12210650842575035,0.0,0.17048659691244153,
AZH,,,,,,,,,,,,,,,,,,,,,,,,
AZI,,,,,,,,,,,,,,,,,,,,,,,,
AZN,0.9878154219210398,,,,,,,0.9199054397113633,1.0,,,,,,,,0.052020448882488156,0.07002670877237988,0.06165430394726975,0.0198414269999099,0.0,0.0,,
AZO,0.9381041485423208,0.9593924987703271,0.969761484144317,0.9731208886953894,0.791377361551946,,0.8356012112643498,,0.9180646808939283,0.9711721557023191,1.0,0.8381622378177546,0.7611505260461165,,0.846337078302275,,0.0,0.05719046814943939,0.07801596334769947,0.0,0.0,0.07685477394320817,0.0,
AZR,,,,0.7835585771913319,,,0.9040570169977682,,,,,1.0,,,1.0,,0.022743435591651644,0.0031217012250612853,0.0,0.05516654587451384,0.38491547754167943,0.10440993078497698,0.1035211067440362,
AZS,,,,,,0.9695465512210643,0.9122822675969439,0.9146696929102066,,,,,,0.9987879080698617,0.9096707128289122,,,,,0.0,0.03153732984931941,0.00910057974441816,0.0,
BAF,,,,,,,,,,,,,,,,,,,,,,,,
BAG,,,0.9873230871355047,0.9792173709391404,,,,,,,0.9990414143434838,,,,,,0.0,0.020903607283076418,0.0,,,,,
BAH,0.9129775454810023,0.9778123274244712,,0.9741702867541461,,,0.89833710677796,,0.9403060559401542,0.9857219588376865,,0.9915042098289817,,,0.9844330832976675,,0.0,0.05250700679854097,0.04858675214736551,0.0,0.0,0.0,0.09803606160385231,
BAI,,,,,,,,,,,,,,,,,,,,,,,,
BAK,,0.9893768478127221,,,,,,,,1.0,,,,,,,0.009276894377796892,,,,,,,
BAL,,0.9758444724620354,,,,,0.9771625975662366,,,0.9838329791683507,,,,,0.9974334619149918,,0.0,0.13967556899437011,0.1693244007556628,0.10644323576260284,0.0972835490234549,0.029758470536050765,0.01957721371649485,
BAO,,,0.9358473594683123,,,,,,,,,,,,,,,,,,,,,
BAQ,0.9294042327807078,0.9629518700343771,0.903948045537961,0.8780224305823855,,,,0.9457560873867874,0.9430643787491698,0.908753019679488,0.9662586339152444,0.9114544204866529,,,,,0.0,0.0,0.028389629652328108,0.0,0.10173047722392894,0.0320853177489119,0.06848702962237749,
BAR,,,,,,,,0.9654359776196957,,,,,,,,,,,,,,,0.0,
BAT,,,,,,,,,,,,,,,,,,,,,,,,
BAU,,0.984342933720502,0.9868686048319623,,0.9877915010332793,,,,,0.8495910985604676,0.7829220244841157,,,,,,0.27528563494286473,0.0,0.0,,,,,
BAV,,,,,,,,0.8625976986077797,,,,,,,,,0.006864464991187811,0.08526509730123462,0.1272409420626898,0.23603827101255076,0.16232409718063634,0.1325871663381119,0.0,
BAX,0.969136538020505,,0.9155690469109145,0.9681280554916636,,0.9672112088902463,0.9844725061657449,0.864841542190999,0.9904147231177259,,0.9502402474968877,0.997963565819676,,0.9951163384747279,0.947893822046444,,0.08742745760653434,0.11558836614200639,0.0,0.0,0.08075428123792994,0.05074621169253459,0.0,
BAY,,0.9708302340033922,,,0.9241455807775895,,0.9801386076017937,,,0.965417106090757,,,0.9292052736074977,,1.0,,0.10615172695353513,0.0,0.0913812328228903,0.0,,0.04288799196582399,0.0025000402031538312,
BAZ,,,,,,,,,,,,,,,,,,,,,,,0.009561781808638009,
BBA,,,,,,,0.9385982244430213,,,,,,,,0.9769447104056384,,0.006252198332950107,0.027170844606438004,0.01645223945147448,0.02725323479764374,0.026552330751578215,0.003015092599496531,0.0020757175422209877,
BBB,,,,,,,,,,,,,,,,,,,,,,,,
BBG,,,,,,,,,,,,,,,,,,,,,,,,
BBI,,,,,,0.9882866849592709,0.9206780206452856,,,,,,,1.0,0.968869278811063,,0.015520812796623339,0.06804660897344651,0.08301987418530411,0.04641179377073582,0.06724018209435338,0.29684795852349344,0.13814313379727866,
BBK,0.7646463106546721,,0.7899642101193874,,,,0.9655478096390966,,0.8280306961643839,,0.969709771672401,,,,0.9972212024498736,,0.0,0.026500658650182037,0.0,0.3032541127418364,0.022365424498394987,0.0,0.03668040334913009,
BBL,,,,,,,0.9628417647860658,,,,,,,,0.9925425757547945,,,,,,,,0.0,
BBM,0.9746926314753559,,,,,,,,0.9674930460241106,,,,,,,,0.0,0.028169121947745398,,,,,,
BBN,,,,0.9877472210759249,,,0.9819239362011877,,,,,0.9976988543171068,,,0.9861868029392603,,0.0071854392259351136,0.05314619681359765,0.06169758721792404,0.016020151479153696,0.021372655121624975,0.0,0.0,
BBO,0.8560026504836025,,0.9827975032461352,,,0.9639378398282318,,,1.0,,0.997543007975933,,,0.8916754470612265,,,0.04739373913183739,0.028373694377669165,0.03582498554973777,0.08044269486177487,0.07167337377449974,,,
BBQ,,,,,,,,,,,,,,,,,,,,,,,,
BBS,,,,,,,,,,,,,,,,,,,,,,,,
BBU,0.9771413815624401,0.9473697776830794,0.9671645388953929,,0.9359446883200194,0.7669873183996568,,,0.8691110659861743,0.9359354496967663,0.9837466891814832,,0.8665180767209112,0.7072830801936346,,,0.0,0.3556126256071364,0.4622402094066138,,,,0.41225976128870995,
BCA,,,,,,0.986507580187438,0.9899406306969926,,,,,,,0.9984198960619496,,,0.0029466819281554696,0.0,0.0,0.03248076265957154,0.03581638725829739,0.0,,
BCD,,,,,,0.9776855566934683,0.8956484510968102,,,,,,,0.9729063569456137,0.9864130599896647,,0.010650267379527751,0.002150040500593938,0.009097030956574584,0.06743869893934618,0.11608966446858918,0.0,0.007641086792791031,
BCE,,,,,,,,,,,,,,,,,,,,,,,,
BCF,,,,,,,,,,,,,,,,,,,,,,,,
BCI,,0.981506388193138,0.9828883171317607,,,,0.9805041729767846,,,0.9825114259633716,0.98499506641408,,,,0.9869540803130937,,0.0,0.0,0.0,0.014470588902561792,0.018324534038804456,0.00907596353663957,0.0,
BCL,,0.9620879631159032,,0.9868056335456217,,,,,,0.9936876057209447,,0.9772994593010211,,,,,0.0,0.0,0.03544324542042599,,,,,
BCM,,0.9866288733461621,0.9541411550545162,0.9774626942196374,,0.9600065710942041,,0.9710761228009155,,0.9865405099479784,1.0,0.9948736400459341,,0.998142643060736,,,,0.2081647111995085,0.20864213431768672,0.005514637476221788,0.06500104595502279,0.1275642842884002,0.027133310134067126,
BCN,0.9488773256838899,,,,,0.9687908344017445,0.8187272618679325,,0.9757524636181361,,,,,0.9704775461566333,0.9629514713995446,,0.013993447363385913,0.22874176720259312,0.2108952793494347,0.06637777585031629,0.07675647169707767,0.0,0.07311261630071629,
BCO,,,,,,,0.9897042311512145,,,,,,,,1.0,,,,,,,,0.0004844620752391228,
BCQ,,,,,,,,,,,,,,,,,,,,,,,,
BCR,,,,,,,,,,,,,,,,,,,,,,,,
BCT,,,,,,,,,,,,,,,,,,,,,,,,
BCU,,,,,,,0.9859883815321108,,,,,,,,0.9986978463882175,,,,,,,,0.0,
BCV,,,,,,,,,,,,,,,,,,,,,,0.01938154468374175,,
BCW,,,,,,,,,,,,,,,,,,,,,,,,
BCX,0.9693108231249241,,,,,,,,0.9693819495257028,,,,,,,,,,,,,,,
BDA,0.9568340803399337,0.9500984102495712,0.9517063519726818,,0.9593709258872918,,0.9635977592148386,,0.9897448439253698,0.9810081900402087,0.9866264535244252,,0.9981127210393954,,0.9904312236561739,,0.0,0.0,0.0,0.09697857454586163,0.0013539857587228153,0.0,0.02619689040650002,
BDB,,0.9586533758475336,0.9870117527904014,,,0.9743938120295876,0.9529250508457683,,,0.9330305022928433,0.9637936257495521,,,0.9945840685963089,0.9823110341013228,,0.0,0.0,0.0,0.029040208068420868,0.05901767079948939,0.0,0.036881348498947086,
BDD,,,0.9696063470411668,0.9894295452576132,,,0.9346846451040933,,,,0.9599837932752954,,,,0.9770998820734442,,,0.0,0.13992278431616728,,,,0.013265315260378226,
BDH,,,,0.9509099283554756,,,,,,,,1.0,,,,,0.01666599076043368,0.007347856806690677,0.0,0.15164377654317637,0.0,,0.029005197038151166,
BDJ,0.978212669400265,,,0.9623466393856592,,,0.8429727072428564,,0.9545586151049488,,,1.0,,,0.8640063461916552,,0.0,0.05287281429408376,0.018233701202210306,0.12581598377127792,0.2663471212392978,0.03389198742576096,0.0,
BDL,,0.918557839366172,0.9843474057913859,,0.9741591128753099,0.984685658659406,0.8670198213468183,,,0.9208063807336855,0.9966303110509831,,0.9754949530014281,0.8788083012736518,0.9530600493559325,,0.0,0.0,0.08574696283157,0.0,0.0,0.0,0.0,
BDO,0.9210841891427272,,0.9886578210902851,,,,0.7870341856544105,0.7839714275942662,0.8145897187667797,,1.0,,,,0.7568330867445402,,0.0,0.17652330991297746,0.130584904626245,0.2094340471835858,0.2079131420316284,0.0,0.0,
BDP,,,,0.9891785835948305,,0.9829774372757567,,,,,,1.0,,0.9939734818798643,,,0.0,,0.0,0.038645503071500206,0.03376193697998719,0.010428334395838422,0.024172133379629153,
BDQ,,,,,,,0.968593736385568,0.9893407702513181,,,,,,,0.9630668593620849,,0.01324085018664962,0.07995101115572359,0.07439250542155486,0.03719969545985878,0.05785019428715201,0.0,0.0,
BDR,,,,,,,,,,,,,,,,,,,,,,,,
BDS,,,,,,0.9752944800009126,0.9503463991985193,,,,,,,1.0,1.0,,0.01861613616084711,0.04309702123748907,0.0904666507520575,0.06746512872927764,0.08831763592653107,0.028503713999521778,0.001573187976073742,
BDT,,,,,,,,,,,,,,,,,,,,,,,,
BDU,,0.914888635154301,,,,,0.9192376610853944,,,0.9270353324655393,,,,,0.9716604559458198,,0.0,0.0,0.014979844850524593,0.0403519521005015,0.044427010755479966,0.03494346476362364,0.0,
BEB,,0.9875014979502069,,0.9805604540880919,,,0.969916630259794,,,0.9985065710926242,,0.9963753098579304,,,0.9808439621537292,,0.0007172553045564966,0.027884268322904828,0.025677153949621064,0.0,0.022583503941352494,0.0,0.0,
BEF,0.9802504285989111,,,,,,,0.9664721206751908,0.9687773141237026,,,,,,,,0.0,0.0,,,,,0.0,
BEG,0.902941107946752,0.974323645169591,,,,,,,0.9166129175367826,0.9966599696534297,,,,,,,0.0,0.0,0.0016175115707900139,0.12524776732940998,0.1441491101786837,0.0898090688042263,0.15794116774182665,
BEH,,,,,,,,,,,,,,,,,,,,,,,,
BEJ,,,,0.9771962439249965,,,,0.982086954023982,,,,1.0,,,,,0.05927647136381474,0.019236632763283017,0.0,0.2816492034926217,0.23438388257227344,0.08522890303904831,0.046595965254452955,
BEK,,,,,,,,,,,,,,,,,,,,,,,,
BEL,0.9550653951080691,0.9839305638757533,,,0.987486787845186,,0.9189309642628875,,0.9296480902688457,0.9891048744872704,,,0.985648299149172,,1.0,,0.0,0.027674532851081936,0.05865356067352926,0.0723790200281934,0.0,0.0,0.05830904510168077,
BEM,,,,,,,,,,,,,,,,,,,,,,,0.0,
BEN,,,,,,0.8908594833664129,0.8983062622552319,,,,,,,0.8892123558312257,1.0,,0.037025611124515335,0.0,0.0,0.02221810817493248,0.0,0.0,0.0871259724236289,
BEO,,0.9882917129957246,,,,,,,,0.973548463429729,,,,,,,0.0,,,,,,,
BEP,,,,0.9603186105359673,,,,,,,,,,,,,,,,,,,,
BER,,,,,,,,,,,,,,,,,,,,,,0.909314993197853,2.0731116762455892,
BES,,0.9492853062959001,,,0.9859421356783739,,0.9240211594749477,,,0.9708178414405729,,,1.0,,0.9456528024005447,,0.0,0.012825475044895989,0.08871782984732567,0.04840646782779088,0.07492317974541758,0.0,0.02807383062238227,
BET,,,,,0.9737964488163332,0.9833539793837097,0.9116716657517321,,,,,,0.9911378732139516,0.9577913222491683,0.9322518350633334,,0.0,0.007137702751114736,0.008080705150254285,0.03409411517546822,0.008866054932925894,0.0,0.0,
BEU,,0.9884282619069817,0.9885223790437125,,,,0.9866997285048408,,,0.9871128566568905,0.989107387297105,,,,0.9899043872834087,,0.0,0.0,0.0,0.02558715449616006,0.020543899692543076,0.010507096444531456,0.0,
BEW,,0.9609840392049351,,0.9769377429639502,,,0.9582303849929162,,,0.9878515284401616,,0.9975094775816864,,,0.9702286943452887,,0.014799915468979808,0.004638732415190398,0.028420145836436685,0.0,0.029480500961884922,0.051117912123704624,0.0,
BEY,0.9801705307554196,,,,,,0.9029735868969776,,0.9713706483421747,,,,,,0.9498594149651288,,0.046128271318224924,0.06879123189299512,0.0287261463581635,0.09144783041638016,0.10169967532725532,0.05095581737039868,0.0,
BEZ,,,,,,,,,,,,,,,,,,,,,,,,
BFC,,,,,,,,,,,,,,,,,,,,,,,,
BFD,,0.9890948628013654,,0.8908629805355502,,,,,,0.9919381832370944,,0.8967598084777736,,,,,0.0,0.10740227395514776,0.123393246994529,0.0,0.0,0.0004561273885617615,0.10707841651761028,
BFF,0.9647526515343594,,,,,0.9892688029892874,0.9732888523459884,,0.9583629712898808,,,,,0.9942590251481079,0.9846052845014657,,0.0,0.0252217071176935,0.0,0.0,0.0,0.0,0.014804800507724071,
BFH,,,,,,,,,,,,,,,,,,,,,,,,
BFI,,,,0.8982072107208283,0.8736805426693192,0.9326699676290146,,,,,,0.8935355329385951,0.9992100147440668,0.9804528688838179,,,0.10861065774006458,0.19565644479076474,0.0,0.03336253847888509,0.08525785498991623,0.0,0.16279761717544577,
BFJ,,,,,,,,0.8342334402404677,,,,,,,,,,,,,,0.42761191234059154,0.0,
BFL,0.9651001115806744,,,0.8678671084979819,,0.9305027627916819,0.9832103804070407,,0.9665537913490619,,,0.9901508893661749,,0.7496567914438622,0.9976480970097519,,0.0,0.2322287959983844,0.14611365564181988,0.022206777438408685,0.0,0.0,0.007741829515855303,
BFM,,,,,,,0.9193020517713881,,,,,,,,0.9299614398329324,,,,,,,,0.0,
BFN,,,,,,,0.9444311901272875,,,,,,,,0.9696583670359199,,0.013987851462112517,0.02820621963442141,0.04736179612140474,0.007418227804190522,0.016854191190739838,0.0,0.0,
BFO,,,,,,,,,,,,,,,,,,,,,,,,
BFQ,,,,,,,,,,,,,,,,,,0.018097649977997954,,,,,,
BFS,0.9433156210524359,0.9201933821506538,,0.9321315473501832,,,0.8647262216051835,,0.9898549115969922,0.9864898244387023,,0.9178582845794209,,,0.9323538634482663,,0.0,0.24664453900864725,0.30075751556836355,0.0,0.02997364207170765,0.04937508675493604,0.0,
BFV,,,,0.9801983611382319,0.7326996526350189,,0.9539903107951813,0.9693491451099612,,,,0.7768291607616753,0.8531459428821665,,0.9835402824904589,,,0.021120166046133714,0.0,0.0,0.0,0.12163617539205439,0.06138747199216666,
BFW,,,,,,,,,,,,,,,,,,,,,,,,
BFX,,,,,,,0.9863751922593724,,,,,,,,0.9987487523908407,,,,,,,,0.0,
BGA,,,,,,,0.9815340777666863,0.9854519961096297,,,,,,,1.0,,0.0,0.0,0.010528318585582652,0.07649349697088,0.10696527691867137,0.07123636505297831,0.004278547946315293,
BGC,,,,,,,,,,,,,,,,,,,,,,0.0,,
BGF,,0.9603622324406439,,,,0.9697559467328909,,,,0.9887506776685334,,,,1.0,,,0.022911020840493748,0.0,0.04062406416761994,0.0,0.0419275306558743,0.062096438999762846,0.054744504509756174,
BGG,,,,,,,0.9680948664735605,,,,,,,,0.9852228768876934,,,,,,,0.03176387865485824,0.014583901897819192,
BGI,0.9357308767889465,,,0.8985585474649527,,0.973598321016933,0.9370540379233255,,0.9723334462122886,,,0.92349729726496,,0.9970050047773197,1.0,,0.01779153531852174,0.07195914752823207,0.0,0.0,0.09549821558329723,0.0,0.06395405848995873,
BGK,,,,,,,,,,,,,,,,,0.0,,,,,,,
BGM,0.9096731778942598,0.8778195199628258,,0.8572826001717975,0.968827130977807,,0.9489193922886143,,0.8969992808643873,0.9629339879512494,,0.872535908122154,0.9835455955243891,,0.996448895481636,,0.0,0.024896897300459606,0.0037251903200325996,0.0,0.0,0.0,0.017683805079374292,
BGN,,,,,,,0.9492489777511594,0.954721380807314,,,,,,,0.9294013931881524,,,,,,,0.0,0.0,
BGO,0.9554067634641212,0.9816722765655422,,,,0.9897779544319011,0.8609404941298872,,0.9590840119541927,1.0,,,,0.9852055492932791,0.9809599826978289,,0.0,0.07411251095521325,0.1695186396554909,0.1808449836090233,0.09056101506724047,0.0,0.0,
BGR,0.9839888574013438,0.9617639727092848,,0.9181983514104498,0.9370842006397185,,0.951472237395356,0.9341963248390674,0.9521963913670317,1.0,,0.8938801942162433,0.9477510759627401,,0.9130558576583632,,0.0,0.2491156127837041,0.24793778638825612,0.0,0.0,0.0,0.0,
BGS,,,,,,,,,,,,,,,,,,,,,,,,
BGW,,,,,,,0.9230784444703326,,,,,,,,0.9825929137655094,,,,,0.6754473904470093,0.31513907755280013,0.12323759207508386,0.002440524311702352,
BGX,,,,,,,,,,,,,,,,,,,,,,,,
BGY,,0.9604398852391978,,,,0.9698611196131173,0.9365700523771335,,,1.0,,,,1.0,1.0,,0.26404006935340363,0.2339545590364602,0.30154739654160767,0.11263263205721882,0.2011776332249942,0.06151598041544235,0.08241042426751108,
BHB,,,,,,,0.9563065771883716,,,,,,,,0.9752866406146694,,0.0,0.01011129147810115,0.004478209418654289,0.0007381068761626314,0.03186622631001251,0.0,0.0,
BHD,,,,0.98130147819087,,,0.9530306873696722,0.9895974587712297,,,,0.9903152375337214,,,0.9878682744709717,,0.03732854277035138,0.09214145563440668,0.038795371094561,0.0,0.0366765823995056,0.0,0.006423169772489394,
BHE,,0.9589571648682751,,,,,0.934191605573965,,,0.9739960436563238,,,,,0.9677934922975254,,0.0,0.0,0.024132855105021292,0.02763695194631687,0.043775325353986566,0.012728185270718588,0.0,
BHH,,,,,,,0.9655989121431303,,,,,,,,0.9982814961304483,,0.00697565605880223,0.02842810661554591,0.026302713191064423,0.04575126936694806,0.07114063215860761,0.005663006917946387,0.009516556234390787,
BHI,0.8936203032875949,0.8238527484137361,0.9812092607896249,0.964974685623443,0.9091773899746015,0.8413117818715906,0.9353346441544405,,0.9720348572082883,0.8201402928129847,0.9645377879276575,0.9431100125563722,0.9479647753112703,0.9983267350140826,0.9833353971809333,,0.0,0.0,0.041463859644939705,0.0,0.10132040861318502,0.003240755420799288,0.0,
BHJ,,,0.981472641418592,,0.9857787596831404,,0.9541042375959973,,,,1.0,,1.0,,1.0,,0.01515548097545793,0.04438547443660133,0.062348190853375986,0.020145193626810224,0.06783084583883807,,0.014294224250004945,
BHK,0.9878546259058784,0.9343997757921746,0.9779727043140074,,,,,,1.0,0.9347427041031001,0.9977154232031759,,,,,,0.024638037048665264,0.0,0.060145065392124504,0.09065809105807636,0.01359366096834535,0.0002514530806745082,0.1170185007303587,
BHM,,0.9128272343830801,,,,,0.8412980785942787,0.9857034445677658,,0.9762548533644062,,,,,0.8341040968295659,,0.011565669408807705,0.027468860107891464,0.13212874583910078,0.06427591103390884,0.0,0.0,0.0,
BHO,,,,,,0.979198797001652,0.9483158666608716,,,,,,,1.0,0.9793905304449338,,0.0,0.04114938791346159,0.0598320471713608,0.016590283222467778,0.09460495723318875,0.08029114768940936,0.0,
BHP,,,,,,,,,,,,,,,,,,,,,,,,
BHQ,,0.9814435907912911,0.9893663682983026,,,,0.9462553646937324,,,0.97722544070159,0.9984926713159026,,,,0.9808144209262993,,0.0,0.0,0.015604684009560816,0.012402589843665214,0.005418169789528385,0.0,0.0,
BHR,,0.9893824958767633,,0.9881330403194682,,0.9817052820428438,0.9885902869745249,,,0.9829692383082823,,1.0,,0.9919466298820588,1.0,,0.0,0.0,0.0,0.030844001459984102,0.027963341860954713,0.018358635353888413,0.024292553276161748,
BHS,,,0.9810604577562805,,,,0.956485268898545,,,,0.9854843332592945,,,,0.9774852329333991,,0.0,0.0,0.0,6.117362588781445e-05,0.0,0.005049244785307214,,
BHU,,,,,0.9677098756756313,,,0.9448262313426894,,,,,0.981839593771684,,,,0.020499394730202975,0.0287157493056496,0.02243132863212386,0.0,0.0,0.01990362906924467,0.012381354849114803,
BHV,,,,,,0.8919696085526843,0.9436396549058326,0.9890033278582587,,,,,,0.8786887892589285,0.9468210475005729,,0.0,0.010526930560096641,0.006897427122076263,0.0037578378226559295,0.0,0.0,,
BHX,0.9864102257152881,,,,0.9343526896897247,,0.868344443127705,,1.0,,,,0.9676505039796597,,0.9484217706289936,,0.21876904321069335,0.14856468692004896,0.14391249031757075,0.09873418521026114,0.06876568572591803,0.02624619300190206,0.01651105820130575,
BHY,,0.951239331361405,0.9555137685842466,,,,,0.8846387171323314,,0.9470359054519768,0.951955294016592,,,,,,0.0,0.0,0.0038392868475068294,0.17439292589363162,0.20312717136882896,0.16590957208391663,0.0,
BIA,,,0.9778216121529542,,,,0.8935734257823098,,,,0.9961271283594405,,,,0.9403335780588999,,0.0,0.0593382615446389,0.08250526342158555,0.25834476296091663,0.17997063774938346,0.03671357777369049,0.0,
BIB,,,,,,,,,,,,,,,,,,,,,,0.01603158851005549,,
BIC,,,,,,,,,,,,,,,,,,,,,,,,
BID,,,,,,,,,,,,,,,,,,,,,,,,
BIF,,,,,,,,0.9115321033212103,,,,,,,,,,,,,0.22894216019382882,0.0,0.08438291722225505,
BIH,,,,,,,,0.9869243372947027,,,,,,,,,,,,,,,,
BIK,0.963264506121778,,0.9820287974315222,,,,,0.8688821770217567,0.9198858802357078,,0.9946042344808528,,,,,,0.0,0.00975916184608641,0.0,0.06751066785580317,0.07068727483810515,0.19022054758270177,0.021255211985747806,
BIL,0.9641718048893899,0.9652526942141862,,0.9313495774890607,0.9302180351574074,0.9415797381844497,0.9528332485045957,0.9811735955574785,0.9817910931655219,0.9924042624726144,,0.9468682438070541,0.9782278804760076,0.7322193668271452,0.9439838765391286,,0.0,0.01628556422658363,0.0,0.0,0.0,0.0,0.0,
BIM,,,,,,0.9889382445292271,0.8615106849099637,,,,,,,0.9978583422304964,0.8773209138073945,,,,,,,0.0,0.0,
BIN,,,,,,0.9782020791382318,,,,,,,,0.9970736836642653,,,,,,,,0.008526858335380378,,
BIO,,,,,,,0.9009956466156116,,,,,,,,1.0,,0.08266508495731366,0.04335394884454773,0.05315404252049609,0.067169400021932,0.09061910845327685,0.0,0.08100214410799672,
BIQ,,0.9806675388071485,,,0.9845000309552113,,0.9345922544798777,,,0.9979215167889582,,,1.0,,0.9925843271665291,,0.011305051932169427,0.03075005219378701,0.060055209088017994,0.0457355613718013,0.07613491391268354,0.0,0.006536542766936863,
BIR,,0.9816049327629517,,0.9748482877278837,,0.9743409473479118,0.9893717306530874,,,0.979778142062585,,1.0,,0.9859508161541362,1.0,,0.0,0.0,0.0,0.011033298013861641,0.01244277536686135,0.015788889223607445,0.08359371071093577,
BIS,0.9420719290508847,0.9782868035625933,0.9577281866186065,,,0.9588898592610828,0.7731256208452024,,0.9432849547429157,0.9744693938644946,0.9888642411192937,,,0.8087187197656314,0.7881706093238625,,0.0,0.05235805747846695,0.0670034895073505,0.010002454413505793,0.0,0.0,0.0,
BIU,,0.8655343136486643,,,,,0.9165977242468608,,,0.9144588888940713,,,,,0.9669333531329818,,,0.0,,,,,0.0,
BIY,,,,,,,,,,,,,,,,,,,,,,,,
BJA,,,,,,,0.9533760988135402,,,,,,,,0.9909610683463362,,0.12116404008907332,0.012174783426750968,0.0,0.01794005535717358,0.030438699932985914,0.0,0.016831476205443816,
BJB,,,,0.8622240785688301,,0.9377023381497208,,,,,,0.8638234052068288,,0.97614589420925,,,,0.021579596571014457,0.0,0.0,0.0,0.0,0.10731405656678823,
BJF,,,0.8935199502788176,0.92991515388633,0.9742654638504189,,0.964366433037967,,,,0.987368834393496,0.9725794351367397,0.9783367416462229,,0.9913171177316308,,0.08751844899220364,0.1529124549147559,0.0,0.0,0.020400803686046097,0.024404886776217372,0.0,
BJI,,,,,,,0.9462370596641038,,,,,,,,0.9603114906511508,,0.0,0.0,0.004662349367783804,0.019537229110337003,0.04735284870158507,0.0,0.0,
BJL,,0.9505892560020283,,0.9437444574555235,,0.9254517121961222,0.883090649397185,,,1.0,,0.9876334193215258,,0.9783774496631218,0.9066756965984262,,0.1837334147087715,0.03333309302167205,0.012860798016055849,0.016419171198727767,0.08344479719622669,0.0,0.0,
BJM,0.8685152751738437,0.876039752294647,,,0.8754839497533036,,0.9283678511705322,,0.9372223499002812,0.900623156976063,,,0.9689059718828327,,0.9494794363968805,,0.0,0.0,0.16550401947910565,0.13641438421817376,0.0,0.0,0.0,
BJR,,,,,,,0.9672097077058717,,,,,,,,1.0,,0.05637901401291976,0.016457061308349074,0.015939395116422464,0.030829602681355955,0.056181865672549625,0.037734385156961356,0.013467966779705125,
BJT,,,,,,,,,,,,,,,,,,,,0.0,,,,
BJU,,,,,,,,,,,,,,,,,,,,,,,,
BJV,,,,0.9499542723314927,,,0.8447576807400057,,,,,1.0,,,0.9913988390471999,,,0.12271027439721438,0.0530100002549123,0.25428700765317863,0.22255640272996585,0.0,0.043724506703767776,
BJW,,,,,,,0.9599733091483842,,,,,,,,0.9859065338941252,,,,,,0.06850237706492586,,0.0,
BJX,0.9758081612040311,0.9076326022713422,,0.8910358569062146,,,0.8609654117438167,,0.9988100176458169,0.9655003699735175,,0.9354343973640892,,,0.9215784672784008,,0.0775709007748447,0.0,0.0,0.29663343114892793,0.18739724304295127,0.0,0.0,
BJZ,0.8636313971347189,,,,,,0.9544461384467888,,0.9322057559923644,,,,,,1.0,,0.00864838329405697,0.051836453589213995,0.0439954544578849,0.016920107400475767,0.0,0.0,0.002366435812244852,
BKA,0.8484620543188409,0.9879305779500345,,0.979218932724967,,,,,0.7900259096977563,0.9522821799261179,,0.9862593916738724,,,,,0.0,0.0,,0.0,,,,
BKB,,,,,,,,0.9779820705512501,,,,,,,,,,,,,,,0.0,
BKC,,,,0.9608239472613773,,,0.9722900500771084,,,,,0.9745568141670108,,,0.9938252387793532,,0.0,0.01924309450746604,0.0015972966972475774,0.0,0.020639983962870156,0.0,0.0,
BKG,,,,,,0.7836600034218684,0.8706619258940816,,,,,,,0.7891070759321464,0.8688269113134212,,,,,,0.0,0.0,0.0,
BKI,,0.9661750290000547,,,,0.9520210755138423,0.6735050414993111,,,1.0,,,,0.9700481614507441,0.8474336215672633,,0.13466825516316028,0.06760111272850337,0.07359271010647876,0.09498359806111352,0.07734647778938829,0.0,0.0,
BKK,,,,,0.9715229919539595,,0.5836587959009636,,,,,,0.9926502328403848,,0.859933529910184,,0.14624889187746323,0.13331212449378288,0.0839357217444914,0.013100505443046861,0.0,0.0,0.0659008893972492,
BKL,,,,,,0.987417579231495,0.9792016115560787,0.9756183227337232,,,,,,0.996716607704862,0.9741937826461353,,,,,,0.14571555438581493,0.037710239335104784,0.0,
BKM,,,,0.987731465128069,,,0.9820483510155861,,,,,0.9970163330405554,,,0.9912637214243893,,0.010482131082476354,0.2148523486753646,0.22333845553374304,0.012335235381047369,0.018800636300000274,0.0,0.0,
BKN,,,,,,,0.9896049887625259,,,,,,,,,,,,,,,,,
BKO,,0.9480762796219936,,,,0.9517026895090015,,0.8959483625050796,,0.9663606005171073,,,,0.986025104935208,,,0.0,0.0,0.011339415896222121,0.028370266065653637,0.05463335352555055,0.010375974831608816,0.002034068321652722,
BKQ,,0.9811352688496691,0.9833079670843515,,,,0.9806675587583077,,,0.9817053382042241,0.984072974429693,,,,0.9870143011069901,,0.0,0.0,0.0,0.021390579837601686,0.025774666041669194,0.008296013847025439,0.0,
BKS,0.9790204828986471,,,0.9645565332146668,,,0.9310885472505833,,0.9550721932630487,,,0.9989451832081918,,,0.9759413292123479,,0.0,0.12313423370792496,0.11837982441445496,0.03844800810420367,0.06762787997452249,0.0200113776858053,0.0,
BKW,,,,,,0.9410971963739834,0.9535900420957354,,,,,,,0.9380220284317067,0.9641247080797478,,0.014260053791936074,0.01780847592128523,0.01691642564235533,0.0215245852071163,0.0,0.0,0.0,
BKX,0.9533824072166365,0.9725351790350449,,,,,,,0.9432131615343471,0.9815875156516779,,,,,,,0.0,0.0,,,,,,
BKY,0.989913367899996,,,0.9814493462869891,0.8415883414583007,,,0.7832161798764637,,,,0.8768544009906378,1.0,,,,,,,0.04868922264202755,0.09729055824012232,0.0,,
BKZ,,,0.9899452430699263,,,,,,,,0.8258101751993758,,,,,,,0.008628130779154477,0.0,0.21775373980077928,,0.23437471761339648,0.020824793772845185,
BLA,,,0.8958094575386608,0.9750126668990798,,,0.8298904070205012,,,,0.9383174300746503,0.9990130035989235,,,0.9278164327487913,,0.0,0.0,0.0,0.06065462661540357,0.13493069687996856,0.0,0.0,
BLB,,,,,,,0.9613459702786799,,,,,,,,0.9850377734594298,,,,,,,,0.038522235085253966,
BLD,,,,,,,,,,,,,,,,,,,,,,,,
BLE,0.9842480227488326,0.9897560527170304,0.9556271808758595,,0.9766778391496374,,0.9430467114850227,,0.986628444152493,0.9715528079879121,0.9990200200265847,,0.9919837706314308,,0.9440277998215758,,0.0,0.0,0.0,0.03293449159420709,0.0,,0.0,
BLF,,,,,,,,,,,,,,,,,0.014260053791936074,0.009738244319712347,,,,,,
BLI,0.9654055724450885,,,,,0.9627460552762989,0.9328826642949575,,0.9425951432542158,,,,,0.9596144814615895,1.0,,0.0,0.09327091041153247,0.09647957885967025,0.04052047875731793,0.015421707498735119,0.0,0.1300279206425785,
BLJ,,,0.8816705038057348,0.8631550870229332,,,0.8212790835729064,,,,0.9053525963033306,0.8928743992587185,,,0.951679256038229,,,0.068315597342992,0.0,0.0,0.12132291483676198,0.0,0.05493389030350761,
BLL,,,,,0.9719786676768218,,0.9396008251027497,,,,,,1.0,,0.997358652033829,,0.051229265107096994,0.1296586369748933,0.11307121400938833,0.0806530782288041,0.24908514113087915,0.05297270524394169,0.0,
BLP,,,,,,,,,,,,,,,,,,,,,,,,
BLQ,,,,,,,0.8948546616940268,,,,,,,,0.960741894745321,,0.0669109470420023,0.13788969129643866,0.14451472738493554,0.07725797919672993,0.13127516380730497,0.05398840183031769,0.0,
BLR,0.9890794202348696,0.9825232788470722,,,,,0.9662780852550411,,1.0,1.0,,,,,1.0,,0.1257816944808379,0.21022026260314325,0.29055450700084196,0.16576580236529107,0.10349252448366555,0.10641906335648359,0.2137298855591061,
BLT,0.9727727871674082,0.9826368607417602,0.986637161016002,,,,,,0.9740842060360663,0.9831743353901448,0.988726797127232,,,,,,0.0,0.0,0.0,,,,,
BLV,,,,0.9816937607784567,,,0.9463691393564179,,,,,0.9216206799786838,,,0.9640443381591841,,,0.13208374542641171,,0.0,0.09170444851880641,0.22143522280732908,0.0,
BLX,,,,,,,,,,,,,,,,,,,,,,,,
BLZ,,,,,,,0.970548349814552,,,,,,,,0.988594650574308,,0.0,0.02082657301587028,0.028842101707260273,0.06149300215237139,0.05668493725604257,0.013382261206882202,0.0,
BMA,0.8992483137017011,0.9815751722007788,,,,0.9833460295746996,0.9098696490766571,,0.9245900477391044,1.0,,,,0.9692371138706292,0.9543989313663526,,0.06048163344054867,0.12702289418731727,0.13832202569086513,0.06097494882157025,0.0036916811958864417,0.0,0.0,
BMB,,,,,,,,,,,,,,,,,,,,,,,,
BME,0.8472449888624949,0.8625798746586939,,,0.9569397411595897,,0.8737064219383107,,0.8552490098110893,0.9822585254781612,,,0.9755319578218905,,0.9607992202100907,,0.0,0.0,0.16506901628624351,0.02669975412185557,0.004450140299415097,0.0,0.01899470553430456,
BMI,,0.8637430178565795,,0.9287208569637727,0.88069513156922,,0.9862600031601937,,,0.898283020410926,,0.9343345263487023,0.8705136185409316,,0.9997366817511465,,0.005627231363008491,0.0,0.0569511366150616,0.0,0.0,0.0,0.008379397409876728,
BMK,0.902138264365702,,,,,,,,0.9062241005581431,,,,,,,,,0.0,,,,,,
BMO,0.9441787537573303,,,0.967040235252732,,0.972968142904965,,0.9605043959188484,0.9402094931588902,,,0.991521129310212,,0.9994388628561102,,,0.0,0.0,0.0,0.25196076674941165,0.33235885549786875,0.041284658778269694,0.0,
BMP,0.9581051899151358,0.9835235967833249,0.9322597906639264,,,,,,0.9788513677907428,0.9168995024502544,,,,,,,0.0,,,,,,,
BMU,,,,,,,0.9277421220202512,,,,,,,,0.9784019023226084,,0.0,0.0,0.0,0.1343009170455502,0.06707947593027232,0.0868306168997107,0.0,
BMV,,,,,,,,,,,,,,,,,0.008333009108660862,0.06917558976683245,0.07920987918356652,0.06682019979512051,0.11176117046520326,0.06936049382753184,0.022956843429518606,
BMW,,,,,,,0.9311696294316383,,,,,,,,1.0,,0.014597439245345826,,0.02187063016964387,,0.09898172931157023,0.01407897083174755,0.2046598528554337,
BMY,,0.9431079236033083,,,,,,,,,,,,,,,,,,,,,,
BNA,0.90079272865573,0.8893294122619443,0.9726153740304734,,,,0.8227863107263829,,0.9021979115383703,0.8977858830749855,1.0,,,,1.0,,0.0,0.0,0.0867837820224298,0.06250098884073312,0.008373577389353591,0.0,0.0047638157033522595,
BNB,,,,,,,,,,,,,,,,,,,,,,,,
BNC,,,,,,,0.9263517663754189,,,,,,,,0.964523847828534,,,0.0,,0.0,,0.17511853086383336,0.005598775122239683,
BND,0.9835619740370942,,,,,0.9895951555441531,,0.9794464635422434,0.9990401668933391,,,,,0.9991059046368418,,,0.05386080057204871,0.08847695794991585,0.07108181198594445,0.05960283435170593,0.03676184439299136,0.012267872029098782,0.0,
BNE,0.9896527250803293,0.9522031338107336,,,,0.932299441507745,0.7680932121416251,,0.9839815717514329,0.9786183865808104,,,,0.9754898968069131,0.8922107153389799,,0.0,0.026664272224878362,0.15595929124260494,0.07362213805880055,0.004172086264723395,0.0,0.008006407910859497,
BNH,,,,,,,,,,,,,,,,,,,,,,,,
BNI,,,,,,0.9851496781428649,,,,,,,,0.984546502611279,,,,,,0.020267643024573557,0.0,0.0,0.03078300120853032,
BNK,,0.9724199298389642,0.9897349112514566,,0.9774847378698965,,0.9210176018994011,,,0.9716976838489614,0.9956240808217267,,0.9991231021955074,,0.9658029920799204,,0.0,0.008145520672166152,0.032287921478758475,0.012370975100899415,0.005537043675402925,0.0,0.0,
BNN,,0.8406144781363039,0.9753329235743511,,,,0.9506125682485581,,,0.9017299484169347,0.9884948676298324,,,,0.9785641895642111,,0.0,0.0,0.0,0.14461694509482492,0.15223089900125808,0.0,0.0,
BNP,,,,,,,,,,,,,,,,,,,,,,,,
BNS,0.9864725954929374,,0.9733248791610998,0.9891098898604173,,0.988819384867236,0.9764542035931812,,0.9972418987386467,,0.9950223019055379,0.9857405815773328,,0.9665502463863989,0.995050278851045,,0.0,0.029812267225565566,0.004249500904284978,0.0,0.0,0.0,0.0028599615510957106,
BNU,0.9504677848842514,,,,,,,,,,,,,,,,,,,,,,,
BNX,,,0.9634473416831835,,,,,0.9830691226921638,,,0.973519284882514,,,,,,,0.0,0.0,0.1738862918695052,0.0,0.08059824154422335,0.07821915231995294,
BOB,,,,,0.9816781901192222,,0.9603549298755208,,,,,,0.987734021139631,,0.9815666327704407,,0.015116023522197099,0.0069217598351125256,0.011153984616195942,0.0,0.013997894422573688,0.0,0.0,
BOC,,0.945930250212013,,,0.7990500330756837,0.9611560127072557,0.797572328713972,,,1.0,,,0.9780196688309907,0.9598932604001682,0.9965122689915433,,,0.26844156225969834,,0.0,0.0,0.0,0.0,
BOD,,,,0.9719113860491062,,,0.8330047609660235,,,,,1.0,,,0.9563542237320151,,0.0,0.08308589600151652,0.09504407018541881,0.12796716501274355,0.24403849488011553,0.14764701225907903,0.0,
BOG,0.9748147954581537,,0.944654126654596,,,,0.8325585946750744,,0.9553385649914667,,0.9405224817341309,,,,0.9925409386310342,,0.0,0.02975620646900478,0.011369284792966736,0.29710191253474744,0.18147475329930446,0.0,0.1673330356410991,
BOH,,0.9843514600632706,,0.8712844636474794,0.8926116608555215,,0.9779837287762102,,,1.0,,0.8361281111156414,0.9399667504770213,,1.0,,0.2700669508777356,0.5098399282639969,0.33470487536358606,0.0,0.042448096886220976,0.05859772614411284,0.04800488631215603,
BOI,0.9760726497849439,,,0.9720412429964354,,,0.9153169850484236,0.9772523668419396,0.9917590148438414,,,1.0,,,0.9924100451454769,,0.10666522934061602,0.1138813167558052,0.03792178471585136,0.04525639425244208,0.0,0.0,0.0,
BOJ,,,0.9782954745256638,0.9192589815192742,,,0.8844427676992833,,,,0.9766425831759541,1.0,,,0.9124647543959057,,0.18259703600632848,0.40027623828590525,0.062253093263297296,0.19924892274867242,0.33443883560489907,0.0,0.0,
BOM,,,0.9516460887212896,,0.9499950285177088,,0.8632445202090885,,,,0.9905105585361214,,0.9579398393275446,,0.9732414975623868,,0.03017586704233549,0.14568486145837728,0.16638775682645315,0.0,0.0,0.0,0.08507760804173091,
BON,,0.9786118290729833,0.9800723400847956,,,0.9714272229877882,0.9237902755430205,,,0.9685581553910296,0.9407655141489482,,,0.8743014059105298,0.9779639116158187,,0.04634994301071422,0.0,0.0,0.0994625825221344,0.0,0.0,0.0,
BOO,0.9689139366694229,,0.9157462140515462,,,,0.9450014562061553,0.9633822383914752,0.9794570688704635,,0.9066983135124662,,,,0.9598844949524277,,0.0,0.004058542396062515,0.0,0.0917153465714986,0.16050569053750216,0.0,0.0,
BOR,,,,,,,,,,,,,,,,,,,,,,,,
BOS,,0.949479052718748,0.9690624461918761,0.9736614623719991,,,0.7534859296621494,,,0.9512708398821645,1.0,0.9928319871937135,,,0.9793462769794672,,0.0,0.0,0.016890829268703545,0.0,0.0,0.0,0.02281625936076521,
BOT,,,,,,,,,,,,,,,,,,,,,,,,
BOV,,,,,,,,,,,,,,,,,,,,,,,,
BOY,0.96802896470178,0.9603990651298983,,,,0.9151425674283987,0.960078908521608,,0.9654358451181576,0.961286887598075,,,,0.9327204927799555,0.9785725150962923,,0.0,0.0,0.011204121118017791,0.02195114456134916,0.030629826790944954,0.0,0.009565972486044225,
BPA,,,,,,,,,,,,,,,,,,,,,,,,
BPC,,,,,,,,,,,,,,,,,,,,,,,,
BPD,,,,,,,,,,,,,,,,,,,,,,,,
BPE,,,,,,,0.868017169310356,,,,,,,,0.8839456363556476,,,,,,,,0.0,
BPF,,,,,,,,,,,,,,,,,,,,,,,,
BPG,0.9679011690625303,,,,,,0.9573444037960497,,0.8809864006975562,,,,,,0.9692327025686936,,,,,,,,0.0,
BPL,,,,,,,,0.931680194700161,,,,,,,,,,,,,,0.18297235897829975,0.06199604276043815,
BPM,,,,,0.9697926061455663,0.9148115955347572,0.9081898373319882,,,,,,0.9997815807426382,0.9823215212577472,,,,,,,,0.0,,
BPN,0.9837918534184998,,,0.9819199720662307,,,0.8370931133276549,,0.9713757987581659,,,1.0,,,0.9287699474517581,,0.047048439329333745,0.10262467970555703,0.04438838793024071,0.2776153074252827,0.2170411749720635,0.0,0.013899532298614408,
BPO,,,,,,,,,,,,,,,,,,,,,,,,
BPS,0.9770603382767165,,0.9479116935783098,0.9741604262738205,,,0.8585151335460661,,1.0,,0.989843677054345,1.0,,,0.9118077918315277,,0.03330986846322127,0.0510621598939565,0.006839239072216713,0.04317967852151893,0.09546334919689456,0.011870384440945677,0.0,
BPT,0.9784315508181923,,,0.9086940755759388,,,0.9829504049410471,,0.9471293898540644,,,0.9250411110187184,,,0.9996695798613725,,0.0654496713108062,0.09922167265225092,0.03806373057612275,0.0,0.0,0.0,0.004472973522042336,
BPX,,,,,,,0.9773575694507809,0.9557568694736948,,,,,,,0.9600702710385732,,,0.07764060975152196,0.047094741576065545,0.09912582359329701,0.13986103333408254,0.16523716963367585,0.0087711774406199,
BQA,,,,,,,,,,,,,,,,,,,,,,,,
BQB,,,,,,,,,,,,,,,,,,,,,,0.11425487802302978,0.19009880377193467,
BQG,,,,,,,0.984889578815146,0.9037838821814818,,,,,,,0.9531708664213612,,,,,,,0.0046001797345817394,0.0,
BQH,,,,,,,,,,,,,,,,,,,,,,,,
BQJ,,,,,,,0.9436060680494799,0.9556180125752589,,,,,,,0.927992968207066,,,,,,,0.0,0.0,
BQK,0.971403100353338,,,0.8775258354134405,,,0.9730720683179354,,0.986829052856756,,,0.8963557629600174,,,0.9789032979428149,,0.0,0.16480279305238263,0.06201210838911135,0.0,0.012711072883259485,0.0,0.0,
BQL,,0.9884282619069834,0.9885223790437077,,,,0.9866997285048408,,,0.987115811320088,0.9891122664958315,,,,0.9899043872834105,,0.0,0.0,0.0,0.025587154496156634,0.020543899692543076,0.010507096444531456,0.0,
BQN,,0.9862283288145828,,,,,0.8613634918423831,,,1.0,,,,,0.9253614348389061,,0.03415480099164104,0.04173431193290397,0.0783049096287995,0.16837610412481263,0.1955677944451191,0.0,0.0,
BQS,0.8391116854679977,0.947030350602669,,0.9396409450123789,0.9898932873907346,,0.9306456291774051,0.955051397479276,0.9608236387876002,0.9888963313432924,,0.968600456212196,1.0,,0.9026352799496693,,0.0,0.09740418961296571,0.1643973592032038,0.11008770995769611,0.09088130090386136,0.11633781889531125,0.0,
BQU,,,,,,,,0.9872704855235144,,,,,,,,,0.0,,,,,,,
BQW,,,,,,,,,,,,,,,,,,,,,,,,
BRA,,,,,,,0.8419908131369886,,,,,,,,0.8763870889756957,,,0.03635127250966357,0.02115488544071796,0.04281291195838479,0.03482254805286213,0.0,0.0,
BRB,,,,,,,,,,,,,,,,,,,,,,,,
BRC,,0.8603196198478473,0.9816132350393385,,0.9630980517937321,0.8896366980591526,0.8961714152042459,,,0.991340324024612,0.9654844026452941,,0.9817921583122049,0.9270789654842286,0.9932067262588519,,0.0019592030533492942,0.0,0.0,0.0,0.0,0.0,0.02906793843391801,
BRD,,,,,,,0.9466914492493059,,,,,,,,0.9616864840760102,,0.0,0.0,0.000507700571144937,0.03161845883500443,0.0475024335175306,0.0,0.0,
BRE,,,,0.9483982878986049,,,0.9064599569266641,,,,,0.9911697555347855,,,0.9459798635876505,,0.0827682467266398,0.07597053788563513,0.00069433137800561,0.030255081727808365,0.06172371600400572,0.0,0.0,
BRI,,,,,,,0.9223743447801768,,,,,,,,0.9943614596712554,,0.0957114912712339,0.22147346429828368,0.2719714071576911,0.1030103456727326,0.17546119449889425,0.12720213322838123,0.03597299537635167,
BRK,,0.9683923099862687,,,,,,,,0.9896202726261546,,,,,,,0.2653930761278838,,0.0,,,,,
BRL,,0.874524782838872,,,,,0.9614107022927245,,,0.8655899987156989,,,,,0.9662521774947864,,0.0,0.0,0.0954241411310234,0.1276976135405566,0.03958135803174438,0.0,0.0,
BRM,0.9781413493060618,0.9760682457685935,0.9209353997705573,,,,0.8938443866863148,,0.9892778247622398,0.8930810022974264,0.9106155684786414,,,,0.9978252318886447,,0.0,0.0,0.0,0.08045601629920524,0.029468299439648345,0.00559135017620703,0.009190954187704478,
BRN,,0.9759741417039048,,0.9540695993190016,,0.9332811427372801,0.9696708081851975,0.9301495895031444,,0.9461008690833167,,1.0,,0.9019804016762608,1.0,,0.0,0.0,0.0,0.12882886957866216,0.2059018499286139,0.0,0.15808170711873193,
BRO,0.9433077395988481,,,0.8239417070852155,,0.9477561393844198,0.7815148071967422,0.9828564783158412,0.8993608086054355,,,0.9098931876376624,,0.8776064111250598,0.7874101288485027,,0.00019530270464766222,0.19395217930249561,0.0,0.03334479693927087,0.20718907943862325,0.0,0.0,
BRQ,,0.9355756273457964,,,,,0.8804052957267429,,,0.9651964553286816,,,,,0.9393085448298903,,0.0,0.016496915270145972,0.07699192899036707,0.05724055682056669,0.14020536424945007,0.0,0.15384898385113438,
BRR,,,,0.9883497512047253,,,0.968018991485389,,,,,0.9957315633976315,,,0.9817653173357724,,0.005388441548386846,0.02897853810241391,0.012126263145182439,0.0,0.015052128738810646,0.0,0.0,
BRS,0.9882051015447344,,,,0.9747481608069032,0.9658117700300992,0.9092858355475075,,0.9981483948319109,,,,0.9506739039499202,0.9998199143587435,0.9691416660621776,,0.10187446740818512,0.4667603851995429,0.47087059274624576,0.0,0.0,0.01199718214958788,0.0,
BRT,0.9683941159731209,,,,,,,,0.9430391976636666,,,,,,,,,,,,,,,
BRU,0.9571541373270112,0.9410916067742745,0.9574512853267407,,,,0.8651287997481243,,0.9694005806403515,0.8978029443927484,0.9027461030578857,,,,0.9102021202066866,,0.0,0.0,0.07414470109251628,0.11057315027502285,0.004372508362061333,0.0,0.0,
BRV,,,,,,,,,,,,,,,,,,,,,,,,
BRW,0.9211810844836428,,,0.9761158425231926,,,0.9082894375002353,,0.9233554358488494,,,0.9834772224255887,,,0.9350780626338648,,0.0,0.0098498760565834,0.017427325505125275,0.001582228530956923,0.008621969232656292,0.0,0.0,
BRX,,,,,,,,,,,,,,,,,,,,,,,,
BRZ,,,,,,,,,,,,,,,,,,,,,,,,
BSA,,,0.8834725118251945,,0.8757952594659166,0.7394269091320486,,,,,0.8877033491250735,,0.9296593492738441,0.9215487540756617,,,0.045454733460400694,0.008250871505782336,0.0,0.13089531240101512,0.0,0.0,0.04453393581592679,
BSB,0.9229355259214191,,0.95868779456684,,,0.9873947115490448,0.8991698056100517,,0.835097537319284,,0.9850114865133219,,,0.9149641806810306,0.9971065914573435,,0.0,0.07088391677382061,0.06870884612298354,0.20361422304710988,0.06490708490423187,0.0,0.12091298523101887,
BSC,0.7691740352080187,,,,,0.792874748449435,,,0.7956940126870449,,,,,0.8083561597086766,,,0.0,0.0,0.0,0.00963429633904497,0.033412129784353,0.0,0.18061669318697307,
BSD,,,,,,,,0.8367630604502404,,,,,,,,,0.041791555994928155,0.18217777085953032,0.15822432875093162,0.14460013563032179,0.15681960963320468,0.1623295833125813,0.0,
BSG,,,,0.9123498565370224,,,0.9155573171689153,,,,,0.9719137679212779,,,0.9958779417865617,,0.0,,,0.0,0.012337619910731392,0.16476643302214777,0.0,
BSK,,,0.8870940790214378,0.8909861736174033,,,0.8346645959404024,,,,0.9906729028973553,0.9148201716227642,,,0.9922051383219256,,0.06182636672980819,0.02045858672018079,0.0,0.0,0.01651243254915314,0.09633927531976469,0.003187846470237423,
BSL,,0.9601866325554781,0.9629936435137257,,,,0.9321380572134469,,,0.900938522867417,0.9185559145530452,,,,0.989313804885174,,0.07313396810573208,0.0,0.07972798036606751,0.1053227387298682,0.05935227388540705,0.0012123416668840124,0.02857198353084711,
BSM,,,,,,,,,,,,,,,,,,,,,,,,
BSO,,,,,,,0.9503463457249658,,,,,,,,0.9720717279384635,,,0.0006979732220600388,0.0,0.04241200723358053,0.07562314857946596,0.004402608255040466,0.0,
BSR,,,,,,,0.962343269338585,,,,,,,,0.9974858389333531,,,,,0.38803697608629667,0.27466367382657175,0.0831340881514227,0.030681206475881382,
BST,,,,,,,,,,,,,,,,,,,,,,,,
BSX,,,,,,,,,,,,,,,,,,,,0.021329268406443162,,,,
BTA,,,,,,,,,,,,,,,,,,,,,,,,
BTC,,,,,,,,,,,,,,,,,,,,,,,0.0,
BTH,0.8963451484374919,,,0.959270886499831,,,0.8892288730879419,,0.8687579004339744,,,1.0,,,0.9343840101648943,,0.0,0.11359642505949413,0.09620084365313869,0.3277146890400791,0.3897761957067643,0.006469098378947813,0.04790867144202757,
BTI,,,,0.9858811365861294,0.9733210065871847,0.9890198123536423,0.9158775372686978,,,,,0.9851747421757909,0.9987044165001021,0.9791468306558149,0.9531654010548124,,0.04194879394632831,0.03388531401645284,0.005638805301681898,0.0,0.00741946928030683,0.0,0.0,
BTJ,,,,0.9800337807377483,,,0.8047120926577618,,,,,1.0,,,0.913545230923337,,0.0,0.18536692394502746,0.166010629330299,0.052032529128856586,0.1267285626724749,0.043704550487513906,0.0,
BTK,0.8901895985294089,,,,0.984602279807113,,0.9215963249882339,0.9501855788486091,0.9292738261794078,,,,1.0,,0.9173628563393597,,0.006570797222609731,0.052720955188206825,0.028807757382002513,0.07006632995896565,0.023731554659438117,0.0,0.0,
BTM,,,,0.9118208603163012,0.9677220360759727,,0.9532480101463853,,,,,0.881954011665983,0.9645906743927136,,0.9832670999014953,,0.017846910972504577,0.09076009681848453,0.055275042511881645,0.0,0.0,0.0,0.0,
BTR,,0.9568805884205189,,0.7194673427441567,0.9572631827654415,0.9683298297727957,0.8572266065365098,0.983827706309675,,0.9833518605364682,,0.7974193403264022,1.0,0.8476476742156551,0.8695737384660625,,0.003328167936076707,0.2891028397432997,0.12983425689848366,0.0,0.0742271559950168,0.0,0.0,
BTS,0.9824425576786127,0.9861829214010303,,0.9666802551004368,0.9562597485164599,,0.8323175961849747,,0.9896218179686391,1.0,,0.9641079629106044,0.9801332132713699,,0.9609725450518241,,0.1353843385890491,0.2732851932179661,0.24810481776232737,0.09298709637832271,0.16813667072468672,0.0,0.013597709196222541,
BTT,0.9882458249691453,,,,0.9873374823669872,0.9791639084641134,0.9450724568484888,,0.9987582095225581,,,,0.9991265632087314,0.965367420258675,0.9771818344016506,,0.03728230405338796,0.029669649018852974,0.0,0.013520477974473756,0.01929906276507785,0.0,0.0,
BTU,,0.9813709655752451,,,,,0.909797926720461,,,1.0,,,,,0.9773572242695494,,0.08568167157459697,0.163391683296393,0.1963352286873723,0.029704812954484638,0.0,0.0,0.0,
BTV,0.9796781961620931,0.9280725604677451,,0.9128897131879009,,,0.7672938332442532,,0.9798436124303047,0.9974255460722196,,0.9631432154693351,,,0.8172678518982042,,0.0,0.0676902388864045,0.08225805787862205,0.0,0.0,0.0,0.0,
BTW,,,,,,,0.8819235720567724,,,,,,,,0.9362409312356362,,,,,,,,0.0,
BTZ,,,,,,,,,,,,,,,,,,,,,,,,
BUA,0.9622903743891364,,0.9895327760314352,,0.989221147426318,0.9757889097979435,0.9482860559427709,,0.9280176424515127,,0.9984319566731275,,0.9974638604483101,0.9785967587723445,0.9719693874534543,,0.0,0.05431276318927025,0.044381292868374354,0.021743564458028206,0.028915078366755817,0.0,0.0,
BUC,,,,,,,0.8964045836358804,,,,,,,,0.96430304296849,,,,,,,0.0,0.0,
BUD,,0.9721691135017076,,0.9697069383323764,0.9674888264756588,,0.8653658214731923,,,1.0,,0.9408759430828202,0.974445735173378,,0.9710140332523084,,0.014902874228758557,0.2573587131788611,0.29778564601689056,0.0,0.1027686860760706,0.17879132056867764,0.0,
BUF,0.9561728253955838,0.9610498790554959,0.9827258427789941,0.9714986484665973,,,0.8170840271597337,,0.9739466410367913,0.9715262823270605,1.0,0.992519813120195,,,0.8684767053552505,,0.0,0.09033448203090189,0.10435734755105767,0.0,0.0,0.0,0.0,
BUG,,,,,,,,,,,,,,,,,,,,,,,,
BUJ,,,,,,,,,,,,,,,,,,,,,,,,
BUL,,,,,,,,,,,,,,,,,,,0.0,,0.02582038403382955,,,
BUN,,0.9754863024674405,,,,,0.9887521505328751,,,1.0,,,,,0.996352718187478,,,0.05967593229020772,0.0,0.026813407635320908,0.047683244423416385,0.02906348036447168,0.004490727576193838,
BUO,,,,0.9835727501491544,,,,,,,,,,,,,0.06377100685834074,0.0,0.0,,,,,
BUP,,,,,,,,0.9672591416475991,,,,,,,,,,,,,,,0.0,
BUQ,,,,,,,0.9425959818616829,,,,,,,,1.0,,0.0,0.009185690595215788,0.026641299505850452,0.021561337565266472,0.020004904805141888,0.0,0.061675252058291934,
BUR,0.9396739711381851,,,0.9535518437684233,,0.9615785207360076,0.8892237777575166,,0.9639922783109224,,,0.9998303688345525,,0.9168367369092082,1.0,,0.038538729841822605,0.23369009076761912,0.11107660845676308,0.0,0.0,0.0,0.017805917822619022,
BUS,,0.8835826932182055,,,,,0.915748081096865,0.9719930766669008,,0.9633854672710489,,,,,0.9885239290574713,,0.14085348664315106,0.03258140389544725,0.15987091268809103,0.13789339079171534,0.13701658090337115,0.0,0.0818767092883234,
BUU,,,,,,,0.9687549758870777,,,,,,,,0.9901439577819694,,,,,,,,0.0,
BUW,,,,,,,0.9517203786320785,,,,,,,,0.9990546241090448,,,,,,,0.027931070731452505,0.0,
BUX,,,,0.9569982874267295,,,0.9215295797876862,,,,,0.9544790068638648,,,0.9508787620918404,,,0.11235577334313092,,0.0,0.0,0.1884127906911538,0.0,
BUZ,0.9828446190106932,,,,,0.9888775388445076,,,0.9986263700414247,,,,,0.9687316159006752,,,0.02731335532025607,0.05955701104507355,0.05048947935840887,0.03419646163772465,0.02871909031906226,0.0,0.17379197725782825,
BVA,,,,,,,,,,,,,,,,,,0.2777980356652958,0.2869340816234665,0.25929252120324336,0.18773713781097515,0.0,0.17745244541015553,
BVB,,0.9379635476633735,,,,,0.9737703693900354,,,0.9537104389413672,,,,,1.0,,0.0,0.0,0.07336163168037534,0.08618096131807232,0.06861490073120179,0.0,0.056389297260546464,
BVC,0.9870628561148119,,,,,,0.9441969177653508,,0.9848765784197102,,,,,,0.9782162393352406,,0.0,0.14172394321182816,0.1405761464173255,0.31169269402693456,0.18115063839589532,0.0,0.016288369009395093,
BVE,0.9816800816248051,0.9734094670496674,,,,,0.9624327910837654,,0.9539844941817941,0.9853516071950768,,,,,0.9991118734726987,,0.0,0.0,0.014767057588323458,0.20488231290002878,0.07516718457228971,0.0,0.03694073442746267,
BVG,,,0.8932578241789226,0.9298270525037466,0.9742302115388544,,0.9645173852631236,,,,0.9860196829780221,0.9709796374864758,0.9740106940836589,,0.990933341912231,,0.0,0.1634527956737341,0.0,0.0,0.012660535344863624,0.024363942350814963,0.000368911137401916,
BVH,0.8970245691055606,,,0.9240625853803079,,,0.9731932230950582,,0.8869061522284014,,,0.961601462084977,,,0.9939763643002393,,,0.0346748266854224,,0.0,0.035757377927782295,0.0,0.0,
BVI,,0.9884282619069834,0.9885223790437077,,,,0.9689376036575735,,,0.9871158113200881,0.9891122664958321,,,,0.9720976522220572,,0.0,0.0,0.0,0.02558715449615492,0.020568392732119786,0.010507096444533078,0.0,
BVJ,,,,,,,,0.8925948100366979,,,,,,,,,,,,,,,,
BVS,,,,,,,,,,,,,,,,,,,,,,,,
BVV,,,,,,,,,,,,,,,,,,,,,,,,
BWA,,0.9777979506788866,,0.9765046896608858,,0.978126086346686,0.9841228792033087,,,0.9778090979288885,,1.0,,0.9916397910574473,1.0,,0.0,0.0,0.0,0.0278867092745351,0.0337310589545528,0.018356048302164606,0.3335012247522703,
BWB,,,,,,,0.9657795104536447,,,,,,,,1.0,,,,,,,,0.002966551218908913,
BWD,,0.9864919508185807,,,,,,,,0.9956285046580478,,,,,,,0.0007740076025688393,,,,,,,
BWE,,,,,0.9333508594538432,,0.7834479301495512,,,,,,1.0,,0.9842025949185339,,,,,0.02801512724113768,0.32796926209322713,,0.24165558381646018,
BWI,,,,,0.9895481842526095,0.964318734968825,0.7924447253947378,,,,,,0.9944406093210726,0.8666566277026889,0.9966825194950851,,0.10598977849141225,0.006446138208788015,0.0,0.02485929515613189,0.0,0.0,0.0,
BWN,0.9885284430388378,,,0.9437806202426731,,,0.7628028974408335,,0.9810620782555729,,,0.9438416391258448,,,0.9337444256042173,,0.0,0.06126467703433983,0.06500986754514976,0.0,0.0,0.0,0.0,
BWO,,,,,,,,,,,,,,,,,,,,,,,,
BWQ,,,,,,,,,,,,,,,,,,,,,,,,
BWT,0.9858332888319963,,0.9747372259535816,,0.9845360268813317,,0.9635978870455953,,0.9752437541137673,,0.9947337289068189,,0.9877291352920861,,0.9962272305726653,,0.0,0.003397219425112271,0.003656256391861514,0.0,0.00864371183587219,0.0054157088464399615,0.008582936873381857,
BWU,,,,,,,,,,,,,,,,,,,,,,,,
BWW,,,,,0.7683845123560393,,,,,,,,0.7717890963479542,,,,,,,0.06049897132779724,,,,
BWX,,,,,,,0.8898277401772612,,,,,,,,0.9082206494706693,,,,,,,,0.0,
BXB,,,,,,0.9449974988220058,0.9829403630936617,0.9829900598342243,,,,,,1.0,0.9792652835225734,,,,,,,0.21546857116850188,0.0,
BXG,,,,,,,0.9622725704644952,,,,,,,,0.9965676663210777,,,,,,,,0.013093847198619684,
BXH,,,,,,,,,,,,,,,,,,,,,,,,
BXJ,,,,,,,,,,,,,,,,,,,,,,,,
BXN,0.9144985904993798,,,,,,,,,,,,,,,,,,,,,,,
BXR,,,,0.8456833842956101,,0.9408694163276188,,,,,,0.8407631662669066,,0.9438772408326989,,,,0.034587222140627316,0.0,0.0,,0.0,0.12252851519047842,
BXU,,,,,,,0.9313283928503204,,,,,,,,0.9914879735056884,,0.009684272299629367,0.0143496123036994,0.013018334108492196,0.07245483806005916,0.07849209551753464,0.0,0.012361700677371617,
BXW,,,,,,,,,,,,,,,,,,,,,,,,
BXX,,,0.9396267758125835,,,,,,,,0.9308742662975994,,,,,,0.0481761962972402,,0.0,,,,,
BXY,,,,,,,,,,,,,,,,,,,,,,,,
BYC,,,,,,,,,,,,,,,,,,,,,,0.0,,
BYF,,,,,,,,,,,,,,,,,,,,,,,,
BYH,,,,,,,,,,,,,,,,,,,,,,,,
BYJ,,,,,,,,,,,,,,,,,,,,,,,,
BYK,0.9844935568852506,,,,,,0.9666951975683772,,0.9694927286132667,,,,,,0.9803609486959648,,,,,,,,0.01681830240135708,
BYN,,,,0.9785803139647457,,,0.9573885088727472,,,,,0.9941088754796786,,,1.0,,,0.01665334321647301,0.0,0.06425409979519699,,0.005211567425403234,0.001008318926497277,
BYO,,,,,,0.8507802788655877,0.9745896703017647,,,,,,,0.850863354409429,0.9980593623226751,,,,,,0.13971333761709753,0.0,0.011392325959887898,
BYP,,,,,,,0.9784389547355239,,,,,,,,1.0,,,,,,,0.06962237203547393,0.030949198409868636,
BYR,,,,,,,,,,,,,,,,,,,,,,,,
BYS,,,,,,,,,,,,,,,,,,,,,,,,
BYU,,,,,,,,,,,,,,,,,,,,,,,,
BYW,,,,,,,,,,,,,,,,,,,,,,,,
BZA,,,,,,,,,,,,,,,,,,,,,,,,
BZB,,,,,,,,,,,,,,,,,,,,,,,,
BZE,,,,0.9435899835436625,,0.9863355838812746,0.9274214181543254,,,,,0.978353439115808,,0.928850721609414,0.9668928763129733,,0.06501467901956683,0.0022629060331746022,0.0,0.10968871437613782,0.10262689833816803,0.0,0.0,
BZG,,,,,0.8957851689684053,,0.8765010161228624,,,,,,0.9304345619331753,,0.9069374550586288,,0.0038280895213040765,0.08152623477616727,0.2206055440072067,0.053079528292231795,0.034698533022119005,0.09816191651068347,0.0,
BZH,,,,,,,,,,,,,,,,,,,,,,,,
BZI,,,,,,,,,,,,,,,,,,,,,,,,
BZK,,,,,,,,0.9847843664026833,,,,,,,,,,,,,,,,
BZL,,,,,,,,,,,,,,,,,0.024546916224578302,0.0,0.0,0.028093156947815494,0.06696989907258044,0.05704466054007086,0.01775138660876428,
BZN,0.9182842073277361,0.927172695128768,0.9855458723364016,0.9461156369875319,,,0.9452333347236129,,0.9538588914989524,0.9447189206271049,1.0,1.0,,,1.0,,0.0,0.1013178967464049,0.1472369569266435,0.04336363317151401,0.0,0.0,0.23404328057617726,
BZO,,0.9803123511380579,0.9146162778576481,,,,,,,0.9226520314914243,0.9418786114627489,,,,,,,,0.0,,,,,
BZR,0.9682896182181707,0.9849125327338538,,,0.9643733419812154,,0.9566931267738087,,0.9573847940856781,0.988475044187134,,,1.0,,0.9899999048534244,,0.0,0.0,0.05523577473714499,0.11616623348894566,0.10385022454577626,0.007571203333136372,0.015912800259978835,
BZV,0.923498378681604,,,0.9826788475417241,0.9634074782821113,,0.971109185170241,,0.9295303456460366,,,0.9648114258030617,0.9928137095602618,,1.0,,0.0,0.0953494386091808,0.067703141526146,0.035819353103726914,0.082337260201274,0.0,0.008840051898291297,
BZX,,,,,,,,,,,,,,,,,,,,,,,0.064730146410802,
CAB,,,,,,,0.9615310824116252,,,,,,,,0.9964413296413375,,0.007965778527470813,,0.030685165498085292,,0.053835846382103605,0.0,0.0,
CAC,0.9165212421082232,0.8793103037653037,,,,,0.956896989868475,,0.9987923736947399,0.8132839819549917,,,,,1.0,,,0.0,0.1134556453070621,0.3252096657613679,0.04694069842474008,0.08025899082489513,0.028543024895295414,
CAE,0.9762879313965187,0.8998755651126691,,0.9527786446983896,0.8507215772380172,,0.9125247761183757,0.9761279111343859,0.9526123899105521,1.0,,0.8855505308055446,0.929138700905504,,0.9119974596624809,,0.0,0.2334814444580321,0.3154652571820494,0.0,0.0,0.0,0.0,
CAF,,,,,,,0.9422992051968146,,,,,,,,0.9554723941799091,,,,,,,0.07664262782984553,0.006322398716636661,
CAG,,,0.9758355843151995,,,0.9891229582984834,0.890498098380602,,,,1.0,,,0.99190434088124,0.9529185637591843,,0.0,0.0998231073385008,0.10175169283064062,0.1345949450968887,0.07375685741982975,0.0,0.0,
CAH,,,,,,,0.9851529146842442,,,,,,,,1.0,,,,,0.02185560047037719,0.02962761217088664,0.0,0.008555959245198495,
CAI,,,,,0.984240966494535,0.972693404518799,,,,,,,0.9623975407372624,0.9894046220795005,,,0.03503998776562499,0.005282139968265726,0.08585557663507992,0.014482237539668744,0.0,0.12966781722883572,0.2813018599471893,
CAJ,,,,,,,,,,,,,,,,,,,,,,,,
CAK,0.9483956892484104,0.9512813333471715,,0.9066342273775112,0.9867540021854421,,0.8148864580159325,,0.9518034170784253,0.9924935125464025,,0.9835878322367531,1.0,,0.8501160505321311,,0.0,0.3002916384453869,0.23926420466944492,0.13293540779426474,0.09375317486950147,0.0,0.0,
CAL,,,,0.9878397492956512,,,0.9723882434178058,,,,,0.9992323713812659,,,0.9828939285797389,,0.00617089030676619,0.027796942122473276,0.01528271643303832,0.0,0.020396636896806264,0.0,0.0,
CAN,,,,,,,,0.8272380569300922,,,,,,,,,0.16575821344122565,0.3956848002953303,0.42984323588194245,0.32087780853107484,0.24194806907053168,0.2589293925688267,0.08400812279289994,
CAP,,,,0.9812047452742606,0.9616858548080675,,0.9102406858414176,,,,,0.9570672255573099,0.9775781204050815,,0.9604177095877359,,0.11212173515386184,0.14750481169779922,0.1361776731571128,0.021507851675952535,0.0818239629864824,0.14726037282563084,0.03287718750917419,
CAS,,,,,,,,,,,,,,,,,,,,,,,,
CAT,,,,,,,,,,,,,,,,,,,,,,,,
CAU,,,,,,,,,,,,,,,,,,,,,,,,
CAW,,,,,,,0.8130281914298071,,,,,,,,0.8976288456382566,,,0.0,0.0,0.5452659938420628,,0.0,0.0,
CAX,,,,,,,0.9725021586898926,,,,,,,,,,,,,,,,,
CAY,0.9822497825421066,,0.9157068051347702,0.8913610898631144,0.9134142894520025,,,0.9858173652897294,0.9656265216395015,,0.9135014406235269,0.8342522188207815,0.9482371410296884,,,,0.0,0.033003947917187644,0.0,0.0,0.07385914991254157,0.11665630236198185,0.056742331843418536,
CBB,0.9480014586454524,,,,0.9792429199455339,,0.9526876956336074,,0.9141185420568236,,,,1.0,,0.9855361166984073,,0.0,0.0,0.0,0.16155302173068972,0.15190357660755696,0.010653607999204853,0.0,
CBD,,,,,,,,,,,,,,,,,,,,,,,,
CBE,,0.7959048154067898,,,,,,,,0.7954365859786346,,,,,,,0.0,,,,,,,
CBH,,,0.9864028509118749,,,0.9311471804410221,0.8936594250005896,,,,0.9855885759474712,,,0.9519098959162898,1.0,,0.0,0.0,0.0050272163774835775,0.03761518935793615,0.04927927290354925,0.0,0.009610025842460694,
CBL,0.9869860133134271,0.9817646373737086,,,,,,,0.9845738954385538,0.990903238170813,,,,,,,0.0,0.0,0.0047634755732766645,0.0,,,0.0,
CBO,,,,,,,0.9637113298080539,,,,,,,,0.9814853455341975,,0.0,0.008267575833735044,0.0042211653161353824,0.05829615540913712,0.07616119252432586,0.0,0.0,
CBQ,,,,0.9874425325892559,,0.9885745031990597,,,,,,0.9994988664876544,,0.9816630880492718,,,0.040097199319112466,0.09165900970003453,0.06228927089020843,0.0,0.0,0.0,0.0229571499762361,
CBR,0.9873522754332396,0.9370056873306754,,,0.9833492199667752,0.9864592362915159,0.9382360623544784,0.9509644003987088,0.9714583032336831,0.9707520034538303,,,0.9873998606559753,1.0,0.96054514299659,,0.0,0.0,0.08349513555306262,0.050883345936130836,0.04426103987196493,0.0353123791529274,0.0,
CBS,,,,,,,,,,,,,,,,,,,,,,,,
CBT,,,,,,,0.9696215359016545,,,,,,,,0.9929379303292314,,,,0.05040339730017605,,0.010388594782520194,0.0,0.0,
CBW,,,,,,,,,,,,,,,,,,,,,,,,
CCB,,,,,,,,,,,,,,,,,,,,,,,,
CCC,,,,0.9342240760606427,0.9888655536919696,,0.8279657300380164,,,,,0.9588011078945151,1.0,,0.8942735393835747,,0.325670117135411,0.30729129411618816,0.05492944079308232,0.10447111330721379,0.2945482862079138,0.01470348973895642,0.0,
CCD,,,,,,,,,,,,,,,,,,,,,,,,
CCE,,,,,,,,,,,,,,,,,,,,,,,,
CCF,,0.9065107617658321,,,,,0.9495016833505044,,,0.9516343765777784,,,,,0.9936142253532644,,0.0,0.006665440225730627,0.11852890982760675,0.04452348666275332,0.07738169034784818,0.011967527645122317,0.0,
CCG,,,,,,,,,,,,,,,,,,,,,,,,
CCI,0.8594831406702454,,,,,,,,0.9411781114086523,,,,,,,,,,,,,,,
CCJ,,,0.9583162930214606,,,,0.9424303790360737,,,,0.9953363741064823,,,,0.9897766860720169,,0.06969167858908552,0.11407578878412442,0.03378651313795531,0.044788282426364616,0.01792763304259897,0.0,0.043441381782556646,
CCK,,0.9717284045030659,,0.986370492315013,,,0.976863661498537,,,0.9995075602257505,,0.9542485606228346,,,1.0,,0.008233235066222488,0.0,0.0,0.01968955262588403,0.038487790521778815,0.266100588664613,0.021118198517001686,
CCL,,,,,,,,,,,,,,,,,,,,,,,,
CCM,,,,0.9556707331456594,,0.8445873807939055,,,,,,1.0,,0.8502257251240616,,,,0.0,0.0,0.11317388987280472,0.12287181901029172,,,
CCN,,,,,,0.9791333132353425,,,,,,,,0.9970906740592079,,,,,,,0.2619001622242719,0.007916395226914456,,
CCO,,,,,,,,,,,,,,,,,,,,,,,,
CCP,,0.9610256829615423,,,,,0.9645160199056183,,,0.9923164758483707,,,,,1.0,,0.0,0.0,0.023438441081912238,0.03652280934535306,0.09384158686125305,0.06921667949844264,0.0635209571526435,
CCR,,,,,,,,,,,,,,,,,,,,,,,0.0,
CCS,,0.9713900003424333,,0.9775465922633609,0.9721599960771372,0.9447928925245049,0.8975314170626124,,,0.9476768765654622,,0.9514571117633237,0.9433726663296085,0.8919271438554964,0.9814182238021965,,0.07705006477503683,0.0,0.0,0.0,0.0,0.0,0.01829357741749716,
CCU,,,,,,0.9687722504183678,0.8860284023248692,,,,,,,0.9998591845662507,0.9659981603528665,,0.028512423872862958,0.168656671107551,0.13566873293980417,0.0,0.024755536309802054,0.05278237628746651,0.004086521722213219,
CCV,,,,0.9880948387446615,0.9778999402395976,,,,,,,0.9763796435428008,0.9796269974140471,,,,0.0,0.008046346459194942,0.01804261529231547,0.0,0.0,,0.0,
CCZ,,,,,,,,,,,,,,,,,,,,,,,,
CDB,,0.9693535786574772,,0.978827293034036,,,0.9859301728731076,,,0.9731464750712397,,0.9915611633525847,,,0.9970001073245834,,0.0,0.0,0.0,0.0,0.02483466062423809,0.0,0.0,
CDC,0.9340653841110591,,,0.9508419816221647,,,0.9493309567558534,,0.9388448451023698,,,0.9627779695461657,,,0.9663579231006638,,0.0,0.0914838058918223,0.08214260766528013,0.0,0.009544632550398016,0.0,0.0,
CDE,,,,,,,,0.9877250707727991,,,,,,,,,,,,,,,0.0,
CDG,0.9883257201187363,,0.976673524326677,,0.9654467509932317,,0.7637686790852923,,0.9921129677279354,,0.9879100182291012,,0.9810872593602393,,0.9365091108716684,,0.0,0.036424972497953775,0.062001115471157275,0.10496489967214512,0.024960346276601795,0.0,0.034844163272622165,
CDI,,,,,,,,,,,,,,,,,,,,,,,,
CDJ,,,,,,,,,,,,,,,,,,,,,,,,
CDP,,,,,,,0.9753875045522648,,,,,,,,1.0,,,,,,,,0.01657501362161182,
CDR,0.922393447951275,,,,,,0.9699383674637444,,0.9162385342262955,,,,,,0.9810695502192288,,0.0,0.01384902003132503,0.009801023728746255,0.0,0.0,0.0,0.00017748415257663568,
CDT,,,,,,,0.9748224746060637,,,,,,,,1.0,,,,,,,,0.11341283820145008,
CDV,,,,,,,0.9869466874867773,,,,,,,,1.0,,0.003942628447715328,0.002032930430272604,0.007134170601727991,0.0028019399253663203,0.00901412011948043,0.0,0.008504407223679625,
CEB,0.9416627524898169,,,,,,0.7792228848827172,,0.9567841477882292,,,,,,0.9828640807646458,,0.031994800870348866,0.1172817810139814,0.16227277772354867,0.16550124684860898,0.15350819962254836,0.0,0.04509432238035009,
CEC,,,,,,,0.8387667531973085,,,,,,,,0.841819449021067,,0.0,0.013198426033845868,0.007126593933761787,0.025384385693712427,0.0,0.0,0.0,
CED,0.9590756576121543,0.9702942162395602,,,,,0.9618981816179322,,0.9379794646766394,0.9845841431631591,,,,,0.9770216369414372,,0.0,6.537279202370198e-05,0.037480394384596834,0.045743967847743865,0.05687409980813796,0.12162788252861073,0.12398627945151042,
CEE,,,,,,,0.9462478000244186,0.921576976812891,,,,,,,0.9190252219874211,,,0.23039225106281377,0.09172538976490974,0.11516147693424793,0.1389847644522477,0.048304759740328086,0.0,
CEG,,,,,,0.9692690987039625,,,,,,,,0.9799033036841559,,,,,,0.03520224033060134,0.041116158537771216,,0.0,
CEH,,,,,,,,,,,,,,,,,,,,,,,,
CEI,,,,,,,0.7996473172350209,,,,,,,,0.8583356110340745,,0.02446948603774698,0.013521981228874824,0.0087552921688175,0.04138022774954615,0.09791520840347026,0.059151326726686035,0.0,
CEK,0.9102904076143927,0.9830406912627453,,0.8680474698346311,,,0.9071551541416388,0.9319872179995999,0.9527941623390758,1.0,,0.9399643775903753,,,1.0,,0.24142658353994972,0.26266406377493456,0.20212584044157844,0.06193371818071532,0.029315431452221773,0.0,0.0007965675908768139,
CEL,,,,,,,,,,,,,,,,,,,,,,,,
CEN,0.9774307070299023,0.9333313038500453,0.9763482447017856,0.9682911717028403,,0.9569223418427315,0.9713705782484344,,0.9339907966752293,0.9166731697886337,0.9851781763999615,0.9736816906962346,,0.9789505871615217,0.9845889717357159,,0.0,0.0,0.0,0.0001002943075023525,0.007285392510171179,0.0,0.0,
CEO,,,,,,,,,,,,,,,,,,,,,,,,
CER,0.9816609152338915,0.9784686525871502,,0.9693039620383529,,,,,0.9457991414120324,0.9995158588357019,,1.0,,,,,0.0,0.04907221420352816,0.034732299648552,,,,,
CEZ,0.9815697970968998,,,,,0.9848563741920593,0.9664995894207578,,0.9706454483568763,,,,,0.9916724744456231,0.9824328941929634,,0.0,0.02633066660043571,0.0032572065364749455,0.0,0.002559025459611047,0.0,0.006294261963801628,
CFB,,,,,0.8962265208501796,0.9883629790686455,0.9572755841538922,0.863263123628814,,,,,0.9211328261452936,0.9759404079192311,0.9020844635983895,,,,0.26230938345863536,,0.0,0.13337586417067826,0.0,
CFC,,,,,,,,,,,,,,,,,,,,,,,,
CFE,,,,0.9700488343701862,0.971590438616028,,0.9273660054032561,,,,,0.9511177881220362,0.9865800209210179,,0.9348899758601218,,0.10942144060029306,0.0,0.0,0.0,0.01237573881316037,0.0,0.0,
CFG,,0.930221981305281,,0.9027018527753128,,0.982153213094744,,,,1.0,,1.0,,0.9852118706263286,,,,0.007803195491597218,0.045684567146780715,0.028366947682962686,0.1758997056350585,,0.04268924827088824,
CFK,,,,0.8240565499734424,,,,,,,,0.8853301272450377,,,,,,,,0.0,0.2419166143669652,0.015187126568000212,0.0,
CFM,,,,,,,,,,,,,,,,,,,,,,,,
CFN,,,,,,,0.9449850642105888,,,,,,,,0.9779057262381744,,0.008062157143244666,0.03496938076713444,0.045408093374056185,0.01991900361871125,0.0335955977489875,0.0006080771123765912,0.0,
CFO,,,,,,,,,,,,,,,,,,,,,,,,
CFQ,,,,,,,,,,,,,,,,,,,,,,,,
CFR,,0.950336828205017,,,,,0.9154494830757676,,,0.9940121534509687,,,,,0.9444297340470806,,0.05951282832145145,0.0,0.06023343955905687,0.053681301742916895,0.0,0.0,0.0,
CFS,,,,,,,0.9344185453426986,,,,,,,,0.983696760860728,,0.0,0.00866425204851774,0.019686106023378332,0.017296144392288045,0.010647609049138073,0.0,0.0,
CFU,0.977777277414254,,,,0.9777378364698387,,0.8919096857324448,,1.0,,,,1.0,,1.0,,0.13347171877366235,0.14909685986692991,0.10561145671076427,0.291007105454301,0.19053278004157362,0.0,0.03685440532922965,
CGA,,,,,,0.9799499598703624,,,,,,,,0.9712100031232926,,,0.005223350573003752,0.00833073659858617,0.014337973546499629,0.028250048780518094,0.0,0.0,0.007604634605088559,
CGB,,0.9847086750057277,0.9742804563399245,,,,0.9362304062813903,0.9545753988526472,,0.9438647613593754,0.9266971719252635,,,,0.9784323702162411,,0.0,0.0,0.015305033591426345,0.207313964610107,0.09190400920248358,0.0,0.0,
CGC,,,,,,,,,,,,,,,,,,,,,,,,
CGD,,0.9147195845104797,,,,,,0.9362974224463534,,0.992503964400494,,,,,,,0.22215818787185518,0.09211951066555683,0.09795322265239122,0.09312225430474827,0.07995030800626982,0.1776523219300606,0.0,
CGH,0.9732799572561525,,0.9160962399509973,0.900769301509728,0.9480413702425173,,0.9302355179722598,,0.9979274196040798,,0.9915789141509218,0.8796361948562313,0.9781786502947761,,1.0,,0.0,0.0021464774326825017,0.0,0.0,0.0013259602362516215,0.0,0.08210510021398623,
CGI,,0.9780351323984682,,0.928503856308689,,,0.9796164265466248,0.8608978917891388,,0.9677260142109078,,0.9347540940592112,,,0.9336313627942688,,0.0,0.022504533951590064,0.04782249011012479,0.0,0.033476126228200745,0.1304213703521718,0.0,
CGK,0.9315517170678199,0.9801418437566589,,,,0.9822165396754448,0.829891274393876,,0.8477888733201914,1.0,,,,0.9755996250461494,0.9994953951095038,,0.0,0.20315457501737075,0.20159987968035248,0.21275658862807745,0.11512588152007742,0.0,0.1649882115511426,
CGM,,,,,,0.9880887973193869,0.9504134416078133,0.9304835738900132,,,,,,1.0,0.9309976563578934,,,,0.025759109226451814,0.029856505527208574,,0.13720724909550805,0.0,
CGN,,0.9216360013986361,,0.9442031098858026,0.9688567063542858,,0.8938671656559465,,,0.9916833293998728,,0.9472860335975428,0.9765449368485475,,0.9746595062518354,,0.0,0.13008277505194035,0.17575323681530305,0.0,0.11030445366234873,0.002707051802341095,0.0,
CGO,,,0.9571795909567833,,,,,0.8784937356805771,,,0.9868246185246642,,,,,,0.03332041867662802,0.12208278227373855,0.15664179485353516,0.3736812530333183,0.41975713780706525,0.48972484341023415,0.0,
CGP,0.9490122448020487,,,0.9855535573804083,,,0.9155655680906236,,0.9638233607210791,,,1.0,,,0.9831394046312746,,0.1104192542406446,0.1099260973207579,0.018406956829093137,0.11778304645930801,0.10427111982664167,0.0,0.0,
CGQ,0.9876775700520072,0.9719468873586614,,,,,,0.858004727798112,1.0,1.0,,,,,,,0.049034195717179374,0.1138972467972133,0.16673449331115076,0.24627402021479483,0.297959720670736,0.38343932573217016,0.05834903529716874,
CGR,,0.975451466129794,0.944248745888663,,,,0.9335068787631121,,,0.9523440177265877,0.9323851870888072,,,,0.99259576342943,,0.021771975212343003,0.0,0.0,0.10768820813332196,0.0,0.0,0.0,
CGS,,,,,,,,,,,,,,,,,,,,,,,,
CGX,0.7284412387830259,,,,,,,,0.726153291828059,,,,,,,,,,,,,,,
CGY,,,,,,0.972839186129553,0.8834697287555396,,,,,,,0.9859173565085084,0.9576622210027765,,0.00024124231484705033,0.014185083256598978,0.01948564749489513,0.0711415534345198,0.0694838580535224,0.0,0.0,
CHA,0.9869842927002799,0.9191692863864749,,0.8953171651641537,0.8215341234079709,,0.8160690574127221,,0.9946246950427176,0.9681859022942643,,0.7709953654759862,0.8383608342858396,,0.8748744478777396,,0.0,0.2744149914601977,0.3014118294186639,0.0,0.0,0.06478577670832632,0.0,
CHC,0.9569313840531376,0.9512734911352082,0.9661177446349343,,0.9670981802950126,0.9740395104184694,0.7909478270134312,,0.9522456930356976,0.9298066881542593,0.9615474302483569,,0.9888931445995249,0.9797676555094808,0.9238688410257799,,0.0,0.0,0.0,0.11492020197408781,0.04280604781109508,0.0,0.04801541229973797,
CHD,,,,,,,,,,,,,,,,,,,,,,,,
CHG,,,,,,,0.9739117491567666,0.9254639723941116,,,,,,,0.9100486949892935,,,,,,0.08980104948252451,0.0323621410399059,0.0,
CHH,,,,,,,,,,,,,,,,,0.0,,,,,,0.0115576010982115,
CHM,,,,,,,,,,,,,,,,,,,,,,,,
CHO,0.933249611882847,0.9879599313997152,,0.8902269241040925,0.9398533716937869,,0.799255808569633,,0.9290547759428788,0.9954582945722352,,0.9005728521573443,0.989635135059514,,0.8077543356423216,,0.0,0.19976293044537322,0.08107751061452091,0.0,0.05653688750030484,0.08008547316765506,0.0,
CHP,0.9827595482222354,,,,,,,,0.9975354397729899,,,,,,,,0.032093861319637804,,,,,,,
CHQ,,,0.9809266033793108,,,,0.9295810190207775,,,,1.0,,,,1.0,,0.1634955723999375,0.12208786734074492,0.07659703800852685,0.18048335317158834,0.2411474140624981,0.030539518357661527,0.025424539318902695,
CHS,,0.8987572335463268,,0.9856085349829464,,,0.8592961521926934,,,0.9811697630728058,,0.9984305009569827,,,0.9102958946072756,,0.004007864061595322,0.1433803715093651,0.2580702763400611,0.13835087526815196,0.03315735403249854,0.0,0.0,
CHT,,,,,,,0.9518083801367886,,,,,,,,0.9881915698282612,,0.0,0.045075418171652254,0.05745228980770582,0.028315729324820148,0.02760422284054319,0.012852996554280845,0.0,
CHU,,0.965280753280099,,,0.9317236192464285,0.9896379410268835,,,,0.9766159978714751,,,0.9374945355294595,0.9761569072253107,,,0.0,0.03848929125501802,0.07969268782508633,0.0,0.0,,0.0,
CHX,,0.9456542531320998,,,,0.9642202833421634,0.8537682232335565,0.8176572427712125,,0.9872978773443105,,,,0.9686148989790748,0.9663105970192323,,,0.0,,0.025727200894645183,0.049138623458900216,0.0,0.0,
CHY,,,,,,,,,,,,,,,,,,,,,,,0.009822411235324733,
CIA,0.8975369054100262,0.8836573905125037,0.9572038648622042,0.8644381073284292,,,0.9630922147212758,0.8830728562420246,0.8715357814871587,1.0,1.0,0.9414386241282514,,,0.9155689568639677,,0.004726284227120349,0.34545127195445524,0.070606023411619,0.03646966485360155,0.17059930434209353,0.0,0.0,
CIC,,,0.9830946235277621,,,,,,,,0.9969495563738576,,,,,,0.0,0.0,0.00970916630031383,0.0,,,,
CID,,0.8809611889395791,0.9507630135150805,,,0.9524792031201604,0.7483371691693166,,,0.8750387722840978,0.9969516912024233,,,0.8488813206249362,0.8187900830576192,,0.0,0.0,0.02532466505975771,0.23761238488629602,0.10220358969803986,0.0,0.0,
CIF,,,,,,,,0.9364641086573373,,,,,,,,,,0.03679881166482751,0.05358544875619726,0.19159009490435958,0.14707896658339603,0.11301132050638653,0.04708817855919722,
CIH,,,,,,,,0.9316040146012857,,,,,,,,,,0.08954564781811726,,0.12844808972841454,0.12687826255939358,0.08918615403272778,0.0,
CIJ,0.9485353792331509,0.9614653121467496,,,0.955537644744897,,0.9882099086990349,,0.9703461806840986,0.9858846096735694,,,0.9836321663836373,,0.9963695895292861,,0.0,0.030056790054268145,0.07689824816933825,0.0,0.0,0.0,0.0,
CIK,0.9805240196070968,,,0.9887978640215737,0.9886790459253041,,0.9426363107384957,,0.9941018212956417,,,0.9941771325216976,1.0,,,,0.028914469626440103,0.01654673265495729,0.0,0.00046715916859219584,,0.0,,
CIO,,,0.963127363282182,,,,,,,,,,,,,,,,,,,,,
CIP,,,,,,,,,,,,,,,,,,,,,,,,
CIS,,,,,,,,,,,,,,,,,,,,,,,,
CIT,,0.9083780086289486,,,0.9022967244020281,0.9724015131015804,,,,1.0,,,1.0,0.9811659491878852,,,0.1303926065778513,0.028254764200751056,0.14764574697639476,0.15890963046881074,0.07841925708945251,0.02607706740865008,0.10997630197637914,
CIU,0.9886131417914074,,,,0.9737944674661154,,0.9681729571292853,,0.9325989852725586,,,,0.9843495989977417,,0.9792375647618159,,0.0,0.0,0.0007176948436399943,0.010774031203778085,0.0,0.0,0.036465643991384494,
CIW,0.9505195030316349,,,0.9761768253870655,0.9851732434084141,,,0.9843282330030889,0.9643805849319447,,,0.9982511763622414,0.9954016890748298,,,,0.06958990101716918,0.07471173231257297,0.0,,,0.0,,
CIX,0.9542359811631784,0.9855397578727418,,0.984472625656707,,,0.9273051279273717,,0.9474424874791418,0.991568831812615,,1.0,,,0.9789956251926625,,0.0,0.0,0.0,0.07077800598348333,0.13331297929887195,0.001474605721500026,0.012505051637741314,
CIY,,,,,,,0.9641751187440172,,,,,,,,0.9766400792903253,,,,,,,0.2049779715772248,0.02762159927163647,
CIZ,,,,,,,0.9433180166319114,,,,,,,,0.9778936115426909,,,,,,,0.06528992780856689,0.024903984938946994,
CJA,0.963964796617019,0.9840304383063835,,,,,0.9131840950620945,,0.9663207698236066,0.9900360253403655,,,,,0.9883145307370397,,0.0,0.0,0.019037146450520036,0.07629933425380506,0.12387105517472817,0.0,0.009065075365635916,
CJB,,,,0.9881404788229444,0.9639905369790025,0.9895612825898414,0.9391868276240771,0.9729342648476523,,,,0.998309240328826,0.9969816501597163,1.0,0.9301817211636423,,0.05502193211364635,0.16600120698943166,0.13902216715628687,0.05199280833349647,0.009146771211237416,0.027403625665173972,0.0,
CJC,,,,0.9487475891204231,,,0.9229339481338683,,,,,0.9737224929050144,,,0.988640015511383,,0.01511668688522317,0.07686239730034146,0.019413516517661336,0.0004783036566118771,0.05459907635253394,0.004710804021926626,0.0,
CJF,,,,,,,0.9699611045186208,,,,,,,,0.9947984442641006,,,,,,,0.06667981244519323,0.0357027580545106,
CJJ,,,,0.9829980444648234,,,0.888438950765605,0.8844388846538709,,,,1.0,,,0.9626598228470501,,,0.22121018189084596,0.13421978043769148,0.06307055397201362,0.11438665143807787,0.0,0.022412276511626843,
CJL,,,,0.9891280819042476,,0.9808950597502213,0.9770757218591435,0.9868563578836373,,,,0.9968470128839112,,0.993958036580216,0.9708593665041672,,0.017779818510676514,0.2017269329922552,0.19740389371759706,0.0,0.0100269121398168,0.0,0.0,
CJM,,,,,,,0.8887908028442452,,,,,,,,0.9415431475189441,,,,,,,0.0,0.0,
CJN,,,,,,,,,,,,,,,,,,,,,,,,
CJS,,0.9294443285543882,0.9776231998697115,0.9237175017500384,0.9782658044591116,,0.9728705478422602,,,0.9351851979123443,0.9988021157245506,0.9198921142304048,1.0,,1.0,,0.0,0.0,0.021115770561193705,0.0,0.06635786700870235,0.031591982245045974,0.015060210500926522,
CJT,,0.9885342720687106,,,,,,,,0.9912665341520336,,,,,,,,,,,,,,
CJU,,0.9382137187430132,,,,,0.8569369742498834,0.9866859905763433,,1.0,,,,,0.9080633759440635,,0.16266361662899242,0.056733680054139465,0.003717699376916554,0.12698377867157745,0.10641582201314827,0.0,0.0,
CJZ,,,,,,,,,,,,,,,,,,,,,,,,
CKB,,0.9585907566753811,,,0.9683038113985367,0.9695689042139017,0.9706677257477375,0.9377063522792675,,0.9914610063914453,,,1.0,1.0,0.9416981729005398,,0.037521061049143156,0.0,0.15294285134129362,0.19816718042414483,0.16720157999699536,0.04488204736313068,0.0,
CKD,,,,,0.733688869226371,0.9896379410268835,,,,,,,0.7382331964867676,0.9761569072253107,,,0.0,0.3500763798125502,0.3729180893249803,0.0,0.0,,0.0,
CKG,,,,,,,0.9125378568145347,0.7956085473455873,,,,,,,0.7972911503702117,,0.18297998081687772,0.15497486988629858,0.16097632945672752,0.4585327512296145,0.568092868770459,0.518493416182683,0.0,
CKH,,,,,0.9542288610238787,,0.9521340061934453,0.9630286020373426,,,,,1.0,,0.9434079796321078,,,,,0.07593303859162041,0.051667252743650575,0.0,0.0,
CKI,,,,,,,,,,,,,,,,,,,,,,,,
CKL,,,,,,,,,,,,,,,,,,,,,,,,
CKO,,,,,,,,,,,,,,,,,,,,,,,,
CKS,0.9850468646872342,0.9792628302161177,,0.9747522781909613,,,0.8709300667227888,,0.950091592499307,0.9839707819396891,,1.0,,,0.9323963964705402,,0.008802645305282214,0.07102374462485508,0.06636708991486218,0.10858563460157764,0.16709227067463076,0.0,0.003364034747745162,
CKW,,,,,,,,,,,,,,,,,,,,,,0.05387639817426465,,
CKY,,0.9806113384613382,,,0.9453426404978964,0.9292161284669369,0.9525392580086971,,,0.9814260563149086,,,0.9688193910431095,1.0,0.9943575767250015,,0.0,0.0007637242182056099,0.058185934598707315,0.024567072329245085,0.013770605585742128,0.06614791684393477,0.0,
CKZ,,,,,,,0.8123830155775326,,,,,,,,0.9352232605293852,,,,,0.017043658925803448,0.06183401947286314,,0.0,
CLD,,0.9701988263747872,,0.9881897480046924,,,0.7066586066800679,,,0.9715886570094623,,0.9967065083792518,,,0.8347499952953963,,0.0,0.0,0.009913791770937364,0.0,0.0,0.0,0.0,
CLE,0.9813634785267148,0.9524089046237575,,,,0.9877342157409373,0.8250355358775134,,0.9589774956883734,0.9800341795665892,,,,0.8127724839297771,0.9179134843260405,,0.0,0.0,0.028616980819521656,0.094713902593299,0.0,0.0,0.0,
CLJ,,0.9531093513027222,,,,,,0.9615067533597205,,0.9685095459754748,,,,,,,0.3876671415947662,0.026910817256080945,0.11584680507831376,0.03995176875568434,0.11607374628325469,0.1869810908661233,0.03479964494194984,
CLL,,,,0.930363875877853,,0.8626289321452839,0.9024039628813597,0.9648232856622055,,,,0.9551272161408959,,0.8570588200173793,0.9017233693119222,,0.030781127674927966,0.14720966946479055,0.08064649000735846,0.053029274584301844,0.18038518700847014,0.0,0.0,
CLM,,,,,,,,,,,,,,,,,0.0,0.0,0.0,0.0028927540365969104,,,,
CLO,0.9670644615759304,0.93158407714381,0.9638083388825739,0.9544203991744794,,,0.9035806295159822,,0.9496766010315963,0.9423220092010504,0.9919645524815385,0.9643320551587572,,,0.9990145776200333,,0.0,0.028965063107477956,0.06846843547545436,0.0,0.05075162100251058,0.0,0.060245474809826075,
CLP,,,,0.9809622106533217,,,0.8851651122410493,,,,,0.9920578482534188,,,,,0.001429116007388532,0.0,0.0,0.006286989201371052,,0.0,,
CLQ,0.9842704623286298,,,,,,0.9643140609821343,0.9326954293478682,0.9963885481504895,,,,,,0.960312251109756,,0.0,0.0,0.0,0.01071461484519116,0.0,0.00849319835309942,0.0,
CLS,,,,,,,,,,,,,,,,,,,,,,,,
CLT,,,,,,,0.8220665872975197,,,,,,,,1.0,,0.08908040357419532,0.04259069609995063,0.07472637877007714,0.1519839722602347,0.05886538567928809,0.0,0.0377822842493257,
CLV,,,,,,,0.939502102136259,0.8979502991028946,,,,,,,0.9066253154876612,,,,,,,0.11530477546212399,0.0,
CLY,0.9110890462782381,,0.9895560946577198,0.9850109469273672,0.9816359847197811,,0.9636715849718088,,0.9298654686516813,,0.9715645954184121,1.0,1.0,,0.9760478034057564,,0.026712941583111164,0.07768946338638079,0.0,0.07245078674997224,0.05912910986768855,0.0108825076778992,0.0,
CMA,,0.9798638305937403,0.9817324817416313,,,,0.9838631125188939,,,0.978287052174781,0.9824119631916476,,,,0.9877503883631479,,0.0,0.0,0.0,0.0297497527897379,0.02264362481661695,0.011231668656230733,0.0,
CMB,0.9495543690941752,0.9414297031312095,,0.9563562565753994,,,0.8749692873464768,,0.9570096442512575,0.9890351826096967,,1.0,,,0.9728084868244226,,0.0,0.03569568619113333,0.09415803842552373,0.1348622271783326,0.26302261554462475,0.0,0.016341846961586172,
CMD,,,,,,,,,,,,,,,,,,,,,,,,
CME,,0.9664467296732451,,0.9197304896710512,,0.9770475357629005,0.977549798599677,,,1.0,,0.9628621739018981,,0.8749641894150583,0.9841572303852302,,0.1536942182510351,0.09283520751410777,0.07566783529734819,0.15166305100391805,0.13029251418212645,0.0,0.0,
CMF,,,,0.9073049309251305,,,0.9084407676882545,0.9827130997601548,,,,0.9524474141972288,,,0.9014913247223887,,0.08616606060046428,0.08093506985580463,0.07598660862591954,0.057943476006528,0.1695108182664743,0.0,0.0,
CMG,0.7790296773186249,0.7977944665154691,0.966575480582351,0.9288093310162495,,,0.9477769290069861,,0.9406864860877898,0.922596268669748,0.8840295414032843,0.947233485339416,,,0.9783485539788476,,0.0,0.0,0.0,0.0,0.14578271723931666,0.048849403908152074,0.0,
CMH,,0.9628337517552038,0.9813663027367727,,,0.9735784079163644,0.8487619736262136,,,0.9767971263339369,1.0,,,0.8335042782779909,0.9563030989850063,,0.0,0.0,0.028162963939331254,0.06373819395465621,0.0,0.0,0.0,
CMI,,0.9857526950794337,0.9872483467399124,,0.9747196727081604,0.9808669895056902,0.9561304350431616,,,0.9889103926092249,0.9924221840263757,,0.9894318984834751,0.9974052193612607,0.97689426103624,,0.0,0.0,0.0,0.0,0.0029767592663203185,0.0,0.0,
CMJ,,,,,,,,,,,,,,,,,0.039716290971588075,,,,,,,
CMK,0.9709872634331635,,,,,,,,0.970782637287347,,,,,,,,0.0,0.029275277710837558,0.020717628851689297,0.0,,,,
CMN,,0.953275212259938,0.988922511856355,,,,0.8494864528059969,,,0.9680469046514575,0.9974115914723777,,,,0.9153681515781932,,0.0,0.05778383342767736,0.11916569495099963,0.13569611534824083,0.13723588049235286,0.07209859011120445,0.0,
CMP,,,,,,,,,,,,,,,,,,,,,,,,
CMR,,,,,,,,,,,,,,,,,,,,,,,,
CMU,,,,,,,,,,,,,,,,,0.0,0.03061676875712322,0.017597320207476126,0.009432216137686826,,,,
CMW,,,0.9833672496681783,0.940449685408828,,,0.7998485972222639,,,,0.9833656565761902,0.9679584227428963,,,0.8668689665080953,,0.0,0.011332873910266501,0.0,0.0,0.13161625317975262,0.025184741889348026,0.0,
CMX,,,,,,,0.9521624758104884,,,,,,,,0.9602112386732022,,0.0036838843519473178,0.03494192141530278,0.10458257873802114,0.018367715899525575,0.0,0.0,0.0,
CNA,,,,,,,,,,,,,,,,,,,,,,,,
CNC,,,0.9698565019056642,0.9619445421448888,,,0.9371484110465766,,,,0.971025834305078,,,,0.9506100659277844,,,0.0,0.20159003546528442,,,,0.0,
CND,,0.9866866231810032,0.9718117129784645,0.9684795071070442,,,0.978011673881254,,,0.971990102223738,0.9093433408793772,1.0,,,0.9872858029849412,,0.043538884212548666,0.0,0.0,0.3458203869550492,0.06927479459222348,0.05934810948694662,0.006583475008640702,
CNF,0.8881938318387267,,0.942496804267325,,,,0.8713688900158442,,0.898095977875077,,0.9393343832555229,,,,0.9661808792233567,,0.0,0.0,0.0758753080927367,0.31845679364430657,0.13946511303974043,0.0,0.18306417015295,
CNJ,0.9809531006830746,0.9791746419457953,0.9857766252784232,,0.8309036992024996,,0.9695443579171862,,0.9984461515559754,0.9159543504568914,0.8753480973450499,,0.9296596270202507,,0.9792570977788868,,0.022025939449289152,0.0,0.0,0.10029505362150481,0.008013298412022196,0.02044734464413768,0.0,
CNL,,,,,,,,,,,,,,,,,,,,,,,,
CNM,0.9595718759349927,0.8437039184677366,,,,0.9855809887509862,0.9888571713812826,,0.9844014350716997,0.8567814365451493,,,,1.0,,,0.0,0.0,0.04079982216617501,0.0,,0.12298970675378514,,
CNN,,,,,,,0.9862560817252358,,,,,,,,1.0,,,,,,,,0.03686431905546115,
CNP,0.900136265592724,0.8020865132986914,0.9824206760413511,,0.9225701047890964,0.8117745596817082,0.8254181749396032,,0.8554121180782714,0.8593485046487014,1.0,,0.982483911287551,0.9738990865256538,0.8478328078534264,,0.0,0.0,0.17085883714875932,0.21623297164066324,0.25818273702483313,0.0,0.0,
CNQ,,0.9255667354414512,0.988665437906718,,0.8089388326018149,0.9821046296675069,,,,0.9136506814294166,0.9799683928075745,,0.83519773391005,1.0,,,0.0,0.0,0.2404125223910183,0.0,0.0,0.20367957393757125,0.11900201474655875,
CNS,0.9611681068880809,,0.9435920471526331,,0.9474258925107716,,0.6970326641611961,,0.9478782556429624,,0.9549510640376568,,0.9936309367466464,,0.844313222900415,,0.0,0.0,0.0,0.09390321435206637,0.03576727553840575,0.0,0.0,
CNX,,,,0.8967136481395308,,,0.6928908894061738,,,,,0.9360527311153208,,,0.8817352738098291,,0.03560126279060673,0.08817533510149426,0.0,0.0597556623310007,0.21351357256033865,0.034437832984964674,0.0,
CNY,0.9409843750557414,,,,,0.9014201192234031,0.9885018212975379,,0.9635015768733555,,,,,0.8921653406110351,,,0.04610423376077414,0.049824554140745964,0.0006678997684827298,0.13021753616601625,,0.0,,
COC,,,,,,,,,,,,,,,,,,,,,,,,
COD,0.9811387697090751,,,,,0.8801119338365048,0.9121508501427443,0.9274264296385827,0.9741002256766426,,,,,0.8850610071152006,0.8568611708041246,,0.0,0.017925208042976457,0.10882419340124432,0.06225769694897189,0.051453793888211384,0.0,0.0,
COF,,,,,,,,,,,,,,,,,,,,,,,,
COG,,,,,,,,,,,,,,,,,,,,,,,,
COH,,,,,,,,,,,,,,,,,,,,,,,,
COK,,,,,,,0.8592934280233581,,,,,,,,0.9458983710370804,,0.23142684078939696,0.10592230902638326,0.0984434716467432,0.15272246423155125,0.1735730663264597,0.21979128286169605,0.0,
COL,,,,,,,,,,,,,,,,,,,,,,,,
COO,,0.9714092500295805,,,,,0.9831115937371112,,,0.9969050746618363,,,,,1.0,,0.01900220626821854,0.027055669843431693,0.0551347286172244,0.05029380626030198,0.05927051525360987,0.0,0.0570952331759342,
COQ,,,,,,,,,,,,,,,,,,0.0,0.0,0.12326947204061978,0.10799742793138928,0.0,0.0,
COR,0.8735528189290254,0.8527139311557762,,,,0.948343587233988,0.7352319185974665,,0.8696951710210693,0.8716840239041166,,,,0.994555659911534,0.9049458651532775,,0.0,0.0,0.0,0.1052256922871961,0.2778633159563605,0.010603210584603506,0.0,
COS,0.915447115290374,0.9823638304891338,,0.9263317395923827,,0.9824046883897293,0.9141803198695374,,0.8577297813311541,0.997927979584641,,1.0,,0.7519256194597843,1.0,,0.0,0.0,0.0,0.09330622261307134,0.0,0.0,0.1501524435070634,
COU,,0.891778465973721,,,,0.9717594118064272,0.8092574088678761,,,0.9296893749138263,,,,0.9951958720791806,0.8160612103980537,,0.006333697512687962,0.0,0.0,0.18244426166166822,0.08307700480941575,0.025535321165544154,0.0,
COV,,,,,,,,,,,,,,,,,,,,,,,,
CPA,,,,,,,,,,,,,,,,,,,,,,,,
CPC,0.7648780507483717,0.9300594603620232,0.8352522208640435,,0.8081540651987463,,0.9722220487031256,,0.8737992065496711,0.9535763611502659,0.8086929093351688,,0.8763895151318253,,0.9995767555914356,,0.0,0.0,0.0,0.2301889449301876,0.0,0.13972893718929047,0.0,
CPD,0.9449778165026193,0.965167116958161,,0.9879200838805057,,,0.9690544870924166,,0.9224012972461038,0.9797530287796935,,0.9953701559914373,,,0.9771521079292776,,0.0,0.0,0.03406562730474768,0.03234134518422413,0.057878985894735724,0.0,0.0,
CPE,,0.9556998703117808,,0.9219826953116531,,0.9893308228788011,0.9591496741348988,,,0.9778450123057675,,0.9432544670868697,,0.992382567845581,0.9698239430723248,,0.0,0.05312967613024971,0.04469412608003502,0.0,0.03552730895985472,0.0,0.0,
CPF,,,,,,,,0.9452807362811184,,,,,,,,,,,,,,,,
CPH,0.975229254790743,0.9658761521716587,,,,,0.7835323869134997,,0.9813553434610752,0.9993512974174669,,,,,0.9183301613315381,,0.0,0.0,0.04029684398632655,0.09173202243659195,0.1379597820631126,0.0,0.0,
CPO,0.9881318757715113,,,,,0.9851887775679168,0.9376702045816762,,0.96640953835469,,,,,0.9971729374398905,0.9666808918971451,,0.0,0.014004853304344768,0.012174780538125303,0.02901235558449623,0.03824874360734301,0.0,0.0,
CPQ,,,0.8736365005521016,,0.9187116615175129,,,,,,0.9398198471189458,,0.9524616002573532,,,,0.04584967962990529,0.0,0.0,,,,,
CPR,0.9735701211853665,,,,0.9664940112346332,0.8722282097660283,0.7927037656809843,,0.9786826767530873,,,,0.9961514534189989,0.8274221977095451,0.8033500956257283,,0.02325960433729094,0.09253519047722383,0.17446499771140705,0.10201626137858918,0.0,0.0,0.0,
CPS,,,,,,,,,,,,,,,,,,,,,,,,
CPT,,0.9668165007710723,,,0.936749550875342,,0.8620204997639325,,,0.9738947194002622,,,0.9352100256530278,,0.9724109764021134,,0.021417823018502875,0.0,0.03068471396224836,0.00957757839596543,0.0,0.03266646791083665,0.039496916790398344,
CPV,0.979271245039178,,,0.9625080910463808,,,0.9664308623862793,,0.9893984347753781,,,0.9913737240560758,,,0.9963831821344774,,0.0037122295324855436,0.09097378718159708,0.09007046049426398,0.08713009753216534,0.11143372008593874,0.0,0.013943289841312104,
CPX,,,,,,,0.9872878532570784,,,,,,,,0.9847785444857596,,,,,,,,0.0,
CQA,,,,,,,,,,,,,,,,,,,,,,,,
CQD,,,,,,,,,,,,,,,,,,,0.0017044043288322035,,,0.0,0.1279640364647874,
CQM,,,,,,,,,,,,,,,,,,,,,,,,
CQW,,,,,,,,0.9778122453584366,,,,,,,,,,,,,,,,
CRA,,,,0.9297355347869505,,,0.9775150665039266,,,,,1.0,,,1.0,,,,,0.1761929843711316,0.27031553975831935,0.042734504414740006,0.02735078394035075,
CRC,,,,,,,,,,,,,,,,,,,,,0.0,,,
CRD,0.9637948086082706,0.8149784120339741,,0.9219017062731669,0.9890028853730762,0.945893886605141,0.9336022688145718,,0.9774026008901339,0.8716527665360888,,0.8750384129553708,0.8308840880932857,0.9384983927625321,0.9990229022166909,,0.0,0.27783244507916094,0.481799793762595,0.0,0.0,0.0,0.0,
CRI,,0.9893307523315638,,,0.9645600392030916,,0.9860646318493389,,,0.999368146054839,,,0.9845426453952484,,0.9966427643602341,,0.0,0.012927079934673074,0.027133850881258997,0.007396819443558753,0.0,0.0,0.0,
CRK,,,,,,0.9275176945267866,0.6913444760654835,,,,,,,0.9664636945735232,0.8017815869361536,,,,0.320426478370618,0.1593468094351977,0.031942875913451754,0.12589526063230985,0.0,
CRL,,,,,,,0.9844609529179438,,,,,,,,1.0,,0.19482528437783056,0.31613756938549326,0.3624417470271535,0.462054818725454,0.1857386691576271,0.08161751278788136,0.014696910534117731,
CRM,,,,,,,,,,,,,,,,,,0.014532345873269396,0.006555930730932812,0.025022567954018065,0.02972934925888495,0.0,0.12943629875951213,
CRP,,0.9394086202196767,,0.9179582700118349,,0.9677052506809632,0.9142129665200448,0.9560951783041467,,1.0,,0.9644099421015762,,0.9415811266636465,0.922104040988444,,0.07554556699077658,0.24449167952229742,0.21607509723645887,0.05169953763439832,0.14727859976925686,0.0,0.0,
CRQ,,,,,,,,,,,,,,,,,,,,,,,,
CRU,,,,,,,,,,,,,,,,,,,,,,,,
CRV,,0.9868252585815998,,0.9839153540600168,,0.8908523147752617,0.9473392424967237,,,0.9984404706262435,,0.9968513329874523,,0.9705305176159017,1.0,,0.00934958923717185,0.0063556892108429155,0.0,0.0034609547654449214,0.044004556967165154,0.0,0.10045941083505651,
CRW,0.9292520746754185,0.9238633381040522,,0.8372256068938453,0.9572124053053741,0.9755359999288956,0.8524723956871973,0.9786846577094966,0.9242284408331453,1.0,,0.8914077155431599,0.9929775838436192,0.8230676223171453,0.8491324060196023,,0.0,0.2332164699002677,0.11756832949187954,0.0,0.0,0.0,0.0,
CRZ,,,,,,,,0.7726650374763666,,,,,,,,,,,,,,,0.0,
CSA,,,,,,,,,,,,,,,,,,,,,,,,
CSG,0.9562660433318475,0.9797942844393529,,0.8911710850533145,,0.9686458072393906,0.9813973507196228,0.9727993383954424,0.9656572063984005,0.9950369952488345,,0.8971290578188649,,0.984821771249103,0.9982939129700752,,0.0,0.14082383632957565,0.06153166460513181,0.0,0.0,0.0,0.0,
CSH,,,,,0.8057452339104123,,,,,,,,0.8072628153704413,,,,,,,0.0,0.0,,,
CSI,,,,,,,,,,,,,,,,,,,,,,,,
CSK,0.9871381659168815,0.9851521721190657,,,0.9568064286051803,,,,0.9894900732048468,1.0,,,0.9615136593927811,,,,0.05496966951756136,0.08421131051054052,0.1084784084003299,0.0,0.0,0.0,0.01837692863858355,
CSL,,,,,,,,,,,,,,,,,,,,,,,,
CSO,,,,,,,,,,,,,,,,,,,,,,,,
CST,,,,,,,,,,,,,,,,,,,,,,,,
CSU,,,,,,,,,,,,,,,,,,,,,,,,
CSX,,,0.986439303295102,,,,0.8879891554692052,0.8315150758810066,,,0.9968464458218821,,,,0.8038814771732148,,0.038879732813248455,0.18320698848928196,0.13508695051947928,0.3408366134031435,0.4088584941694144,0.5872679268858035,0.0,
CSY,,,,0.9838848437961862,,0.9829858534736837,0.9614106812205129,0.8194149565098257,,,,0.9922281690313184,,0.9832423115187624,0.9084965820286672,,,,0.21570172088634934,0.020204813578493935,0.016787547143490518,0.0295580228886645,0.0,
CSZ,,,,,,,,,,,,,,,,,,,,,,,,
CTA,,,,,,,0.9040893202666985,,,,,,,,0.9955622150616753,,0.09924806365295272,0.15474295104512387,0.10567962754281827,0.09780491419760566,0.15324983698970943,0.07169732135303782,0.0,
CTC,,0.9100157950459077,,,,,,,,0.9060629452808767,,,,,,,0.0,0.0,0.23035066555133452,0.23772225148231724,0.2509534803477785,0.21431298760073822,0.21162448848246748,
CTD,,,,,,,0.8322046613599977,,,,,,,,0.8381412327768762,,,0.012646971198299304,,,0.03745737759634624,,0.0,
CTE,,,,,,,,,,,,,,,,,,,,,,,,
CTG,0.9203740236856978,0.9633081787471273,,0.9361193909025949,,,0.9520807069716041,,0.8934671856829772,0.9955740068558067,,0.9996604962280562,,,1.0,,0.0,0.06253190781746255,0.032542590528297555,0.02026304955066377,0.08359437182781691,0.12518664194986764,0.14781420984483876,
CTL,,0.9737080560934208,0.9887974012157629,,,,0.9863503398102021,,,0.9813425923033972,0.989797615748809,,,,0.9895601305716049,,0.0,0.0,0.0,0.024329299463037236,0.020005493276660798,0.008226235500609226,0.0,
CTM,,0.9841562121912117,,0.9794321816623566,,,0.9727448838929176,,,0.9886128258044716,,0.984127368874896,,,0.9922879755394298,,0.0,0.018152108598524418,0.03198843776374078,0.0,0.02870383541648972,0.025016779513848696,0.0,
CTN,,,,,,,0.8954672433600237,,,,,,,,,,,,,,,,,
CTS,,,0.9359754665133372,0.9054098144000451,0.9886892146290163,,0.7262026483606755,,,,0.958957473051402,0.9809942205065988,0.998819311425265,,0.8185275102756024,,0.0,0.005781472211439199,0.0,0.07036100050139328,0.12210849771245803,0.03677322980629953,0.0,
CTU,,,,,,,0.968690555350919,0.5823877919267846,,,,,,,0.6441599506250847,,0.13268190161276172,0.30255449475000545,0.20988245150701723,0.5137809053790893,0.606022889575288,0.5576125134113319,0.0,
CUA,,,,,,,,,,,,,,,,,,,,,,,,
CUB,,,,,,,,,,,,,,,,,,,,,,,,
CUC,0.9234143697229222,,0.9608267337453457,,,,0.9815237952666326,,0.9148802458220766,,0.958141908302537,,,,1.0,,0.0,0.0,0.0,0.11323792259460513,0.07503978225554186,0.0,0.0805415881759904,
CUE,0.9878456801945736,,,,,0.9748363966017264,0.9401329669927893,,0.971526776267932,,,,,0.952771627496477,0.9781507321612372,,0.0,,0.1315447413530166,0.0,0.0,0.0,0.0,
CUF,,0.9535693685702828,,,0.9717651078268399,,,,,0.9753223722404543,,,0.9983599179421603,,,,,0.0,0.09453946037902548,0.10595567187543292,0.009211045854942054,0.0,0.0876211533376352,
CUG,0.9716194758823921,,,,,,,,0.9751918480612513,,,,,,,,,,,,,,,
CUK,,,,0.7719999057369126,,,,0.9829904695118412,,,,0.9946368502567611,,,,,0.01104097637879462,0.03734984848896772,0.01000204500869109,0.010360975993619504,0.30942960553658516,0.0,0.0,
CUL,,0.9678182784790266,,0.938392723789059,,,,,,0.9755278035679166,,0.943950555129476,,,,,0.0,0.0,0.0,0.0,0.0,0.0,0.02702056226150754,
CUM,0.9640387257625103,,0.9802203717012331,0.9868109675767742,0.9899219561720548,,,,0.974887627863053,,0.9835081979195467,0.9765493257173377,0.985128817081363,,,,0.0,0.0,0.0,0.0,0.017894457743966505,0.0,0.0,
CUN,,,0.9476741402498339,,,,0.8387267332218806,,,,0.9897470081086525,,,,1.0,,0.12178399418018368,0.055105515099088835,0.0,0.23541477765487792,0.18163086215993385,0.0,0.07236000642993395,
CUP,,,0.9796078106776506,,,,,,,,0.9884460371664172,,,,,,0.0,0.0,0.0,,,,,
CUQ,,,,,,,,,,,,,,,,,,,,,,,0.0,
CUR,0.9687986589969841,0.9874074662904727,,0.9643357883545466,,0.9814735427336111,0.9233030042438629,,0.9469491706761699,0.9838655920681677,,0.999923756389762,,0.9907735419823562,0.9806526134173016,,0.0,0.007080240870576114,0.0,0.0,0.04030619507168444,0.0,0.021271762525070976,
CUU,,0.9340696989122521,,0.9232121370614205,,,0.8283971879697567,,,0.9686409721783433,,0.9580504857770616,,,0.8429880638549738,,0.0,0.025195896263947172,0.06534535497101132,0.0782228128419285,0.020268059465876162,0.07348132520744217,0.0,
CUZ,,,0.9723874990188242,,,,0.7993916112767023,,,,0.988922773219861,,,,0.9312463101421313,,0.0,0.0266691269042455,0.0,0.12663866512894448,0.13445725922439047,0.016940390702377756,0.0,
CVB,,,,,,,,,,,,,,,,,,,,,,,,
CVC,0.9660774048334564,0.9667210004371966,,,,,,,0.9432499522383327,,,,,,,,,,,,,,,
CVG,0.9845079325378786,0.9756047161040181,,0.8679066919145635,,,0.7842580877523075,,0.9907956316487943,0.9997523548629477,,0.8746488742596036,,,0.8849147280338407,,0.0,0.015766182228085675,0.017537332174200598,0.0,0.0,0.0,0.0,
CVJ,,0.9289610501341171,,,,,,,,0.9766135542284322,,,,,,,0.26581710993411667,,0.0,,,,,
CVL,,,0.8014805682089365,,,,,,,,,,,,,,0.0,,,,,,,
CVM,,,,0.9857480558739735,0.9867569719186998,,0.9419807903440668,,,,,0.9988847603333771,0.9953963542297509,,0.9481349503728614,,0.0024894277874628864,0.015007085862102448,0.0,0.010084894611028909,0.0037420087749056277,0.0,0.0,
CVN,0.963381219258969,,,0.9002025586598659,,,,,0.9696478486522737,,,0.9357597307801366,,,,,0.0,0.11293246955007245,0.008305922459269036,0.05613540346897777,,0.039409222957249225,,
CVO,,,,,,,,,,,,,,,,,,,,,,,,
CVQ,,0.9708745273104624,,,0.9553259963662165,,0.9799484770263697,,,0.9998030899991236,,,0.7962753967237893,,1.0,,0.004978341819183094,0.0,0.0,0.0,0.0,0.3055424650279721,0.0237703893378738,
CVT,,,,0.805734005660565,,,,,,,,,,,,,,,,,,,,
CVU,,0.8614341331753912,,,,,0.9869177086093165,,,0.9897258561226641,,,,,1.0,,0.0,0.0,0.0,0.08993660947596907,0.022555422964284685,0.0,0.006389136247024025,
CWA,,,,0.9845748529942163,,0.8751915735774375,0.8940936901766458,0.9786173038107687,,,,1.0,,0.8054798860735137,0.8914783311981799,,0.06368019239541242,0.10357779887940381,0.0,0.004736693767971675,0.0,0.0,0.0,
CWB,,,0.9298539232548797,,,0.9587835826823189,0.8875979136786567,,,,0.8821031184288708,,,0.8503608314618335,0.9973909514069739,,0.05616372872007537,0.0,0.0,0.12384205517125037,0.0,0.0,0.08975540107369283,
CWC,,0.9891568162450423,0.8724498026429385,0.9653282587869896,,0.9302905167633932,0.8524116882932575,,,0.9786244385196022,1.0,0.9479367744085826,,0.9978674745141005,,,0.014315837095491855,0.24364199466358025,0.14741280339948123,0.0,0.0,0.08560665328863575,,
CWJ,,,,,,,0.9538428753531683,0.9187343590400584,,,,,,,0.9008789920664293,,,,,,,,0.0,
CWK,,,,,,,,,,,,,,,,,,,,,,,,
CWL,,,,0.913330038532893,,,0.8335520682694704,,,,,0.9367066686517226,,,0.8973258139653869,,0.16092167899737714,0.19696672903490736,0.0563036394380876,0.0,0.1052378486854479,0.022403150740525065,0.0,
CWS,,,,,,,,,,,,,,,,,,,,,,,,
CWT,,,,,,,,,,,,,,,,,,,,,,,,
CXB,,,,,,,0.9759036613704526,,,,,,,,1.0,,0.012045086273034836,0.0,0.0,0.04489795034554053,0.08613502830557017,0.04705684387373052,0.05060684784415022,
CXF,,,,,,,,,,,,,,,,,,,,,,,,
CXH,,,,0.9779144331094348,0.9741402513354991,,0.8338028860034661,,,,,0.962768658099206,0.9763558391819279,,1.0,,0.0035244871473661225,0.005308870357616328,0.01286920541313746,0.0,0.0,0.04574212209252702,0.04888062004420221,
CXI,,,,,,,0.7439362347088276,,,,,,,,0.8719534215464773,,,,,0.00819498966262364,,0.0,0.0,
CXJ,,,0.9646280132553826,,,0.8672032018819336,0.9425046943795388,,,,0.8674025176823748,,,0.8956672501893044,0.9944006385667293,,0.14259304070435583,0.06725449798293937,0.0,0.0,0.0,0.0,0.013299583392284773,
CXP,,,,,,,,,,,,,,,,,,,,,,,0.0,
CXR,,,,0.9766808466506526,,,0.7267854496902342,0.9074497631814805,,,,0.9940682440988572,,,0.7301639980739647,,,,,0.2642890021885434,0.6070742443615098,0.605979800809871,0.0,
CXY,,,,,,,,,,,,,,,,,,,,,,,,
CYA,,,,,,,,,,,,,,,,,,,,,,,,
CYB,,0.948716576625372,,,,0.9819792333696282,,,,0.974984572861371,,,,0.9705607237475987,,,0.0,0.0,0.04229863300443554,0.05831231465900023,0.06633673321396574,0.0,0.027736732704843062,
CYC,,,,,,0.9651971689078461,,,,,,,,,,,,,,,,,,
CYD,,,,,,,0.9631066620346237,0.7902091470989342,,,,,,,0.8934777412661126,,,,,,,,,
CYF,,,,,0.9339144339061254,0.9862416242347555,0.9686986290700249,,,,,,0.9392955339677813,0.9713360571063608,0.9900089792100327,,0.004609793335568254,0.0,0.0,0.0,0.0,0.0,0.0,
CYI,0.9514673269120619,0.9171351432855929,0.9646789479122024,0.9128908343191308,,,0.8180081385108495,,0.9541500055659509,0.8734979892778537,0.9416566946098902,0.9353535198512523,,,0.8782552871958174,,0.0,0.0,0.0,,0.055307998535508406,,0.048993752033675106,
CYO,,0.9586274342106716,,,0.9371018923457723,,0.7927103365006536,,,0.9786633108529106,,,0.9896984348532598,,0.9771017334269416,,0.25268687790213,0.0,0.0,0.029480602038569014,0.047173467681698014,0.03631556182311385,0.0,
CYP,,,,,,,,,,,,,,,,,,0.012489811984861708,0.009805690878267981,0.028444240204488963,0.02782695129319623,0.0073799983403160406,0.1265732697187102,
CYR,,,,,,,,,,,,,,,,,0.0992182362473276,,,,,,,
CYS,0.9830755489264882,,,,,0.9889225259368062,0.9147528789680285,,0.9846185469371486,,,,,0.9844537302542641,0.930453821049259,,0.015061932265141168,0.019300863840543157,0.0007250061623727627,0.0,0.0,0.03388196585629655,0.0,
CYU,,,,,,,,,,,,,,,,,,,,,,,,
CYW,,,,0.9018787521177121,,,,,,,,,,,,,,,,,,,,
CYX,,,,,0.9532734482293748,,0.9525866311714668,0.8007075712899254,,,,,1.0,,0.8355069319982514,,,,,0.07667142402258195,0.05038902340075945,0.0,0.0,
CYZ,,,,,,,0.9733291928023697,,,,,,,,1.0,,,,,,0.07921635031570932,0.0,0.021604744240509854,
CZE,,0.977199574761369,,0.9829240201679553,,,,,,0.9858117710374955,,0.9844028806734855,,,,,0.0,0.0,0.0,0.0,0.00793301207575928,,,
CZH,,,,0.9586973100640209,,,0.9844769489706129,,,,,0.9809506474151373,,,0.982015358820915,,0.010185288537598942,0.0,0.0,0.0018809514777907385,0.04988099934740751,0.007731558650760294,0.0,
CZJ,,,,,,,,,,,,,,,,,,,,,,,,
CZL,,,0.980808722049358,0.9101971191057868,,,0.8796844685866936,,,,0.984872762566221,1.0,,,0.9896303148988485,,0.10193747945307642,0.025146231951545542,0.0,0.07994516203018431,0.18043077799513654,0.029680033055968235,0.0298833663789074,
CZM,0.9335285426338085,,,0.9790305860791302,,,0.9878025036053593,0.97781853790866,0.9777371102929613,,,1.0,,,0.9861014236913418,,0.07828042742235387,0.14231688783767613,0.08044837272531859,0.09716620081590058,0.01732678091933394,0.0,0.0,
CZN,,,,,,,,,,,,,,,,,,,,,,,,
CZR,,,,,,,,,,,,,,,,,,,,,,,,
CZS,0.8225852816076265,0.9031909875848323,,,,,0.9488300886855696,,0.8351135423240482,0.9394846472142289,,,,,0.9853721538466013,,0.0,0.03211572849618937,0.15420847308976707,0.05252605087200391,0.032942667788432085,0.0,0.022564264774026652,
CZU,,,0.9436798094432255,,,,0.9857322151338297,0.7814241072032828,,,0.9949192118048712,,,,0.9260852473281429,,0.0,0.11484835726996075,0.09639055101462667,0.0050217148337548655,0.038868477599774146,0.03513077803359479,0.0,
CZX,,0.9885746441186894,,,,,,0.9488848971147256,,0.99937457133268,,,,,,,0.0,0.04775601875405149,0.07519018799932917,0.17630905872481326,0.2553284848779795,0.17195963503567008,0.09535676550548061,
DAB,0.943081840046947,,,,0.9053187054609432,0.9307178627806881,0.9102947256759578,,0.9094125624831525,,,,0.87090384650337,0.863377057302338,0.9542277365175337,,0.0,0.1558409411877607,0.15380415503811212,0.0,0.0,0.0,0.0,
DAC,0.9864045206753088,0.9774678985242417,,,0.9753237906253895,,0.9372689715269604,,1.0,0.9894474120262181,,,1.0,,1.0,,0.021533296535500044,0.0,0.0,0.11187506389451457,0.10511752141903856,0.018413002319233034,0.13937456235501977,
DAD,,,,,,,0.8835647448998467,0.9390946525692613,,,,,,,0.8739730592065694,,0.196858340204691,0.0804852473596508,0.06125810374953754,0.2998430858089113,0.31891294780070517,0.13021786355322174,0.0,
DAK,,,,,,,,,,,,,,,,,,,,,,,,
DAL,,0.8690180112915401,,0.9796617943067889,,0.966314267973634,0.8625460728499977,,,0.975803251093801,,1.0,,0.9349214349557783,1.0,,0.18781805446221644,0.31346302429348677,0.4897098344850291,0.15218012043441062,0.09910086159720825,0.0,0.07906503753008176,
DAM,,,,,,0.8542254928047142,0.9570321327039244,0.9722389430493887,,,,,,0.9622609949754213,0.9926144276023406,,0.06047286683026655,0.05286713592358142,0.08183484234180952,0.0,0.0,0.0,0.0,
DAR,0.9621310098769092,,,,,,,0.9707653968263039,0.9897468201795142,,,,,,,,0.027649077019544832,0.0,0.0,0.05847460216793803,0.12812557150332496,0.13280735559702372,0.07404997253367973,
DAT,,,,,,,0.9391727177735181,0.9374515339560434,,,,,,,0.9101463957868811,,,,,0.19925023633961664,0.18644559478644443,0.11147202988870734,0.0,
DAU,,,,,0.9666650537148737,,0.9732012796437042,,,,,,0.9380025838170202,,0.9911670181201238,,0.02847854981896888,0.08247877673544224,0.053724850056838636,0.0,0.0,0.015304208596174814,0.0,
DAV,,0.7426561533119262,,,,,0.9760822331678205,0.9806989598939475,,0.833832142282397,,,,,0.9646378416983782,,,0.0,,0.02745346189469931,0.08323471834962708,0.051651852170182755,0.0,
DAX,,,,,,,,0.9343941152874419,,,,,,,,,,,,0.08066823688122292,0.1003707629713922,0.13883093102048422,,
DAY,0.9511939376145621,0.9173826595217829,,0.9461817060312571,0.9772758485412498,,0.7603483308925889,0.9498486325964863,0.9798183576063787,0.9859514654534409,,0.9656427086067265,0.995329650139416,,0.729214949251458,,0.0,0.06409199986099688,0.05918636343748265,0.02370385107626864,0.0,0.0,0.0,
DBA,,,,0.9779937390062289,,0.9881129913166767,,,,,,0.9847545033250794,,0.9834012319438511,,,,0.002512073328906389,,0.0,0.0,0.0,,
DBB,,,,,,,,,,,,,,,,,,,,,,,0.07503490558037049,
DBC,,,,,,,,0.8947997926403765,,,,,,,,,,,,,,,0.09684206653530394,
DBO,,0.9712605900351802,0.9752822643673025,,,,0.9444226008407726,,,0.9494543151979538,0.9796183680657802,,,,0.9946537066628484,,0.0,0.0,0.0,0.007592473589388802,0.036948356363321756,0.02588367605436349,0.011603162813559201,
DBP,,,,,,,,,,,,,,,,,,,,,,,,
DBQ,,0.9594865964240696,,,,,0.9529886455092449,,,0.9649590315626141,,,,,0.9844867510604127,,0.0,0.0,0.01091615147203815,0.0,0.0,0.0,0.005998822185091045,
DBR,,,,,,,,0.9854725847097274,,,,,,,,,,,,,,,,
DBT,,,,,,,,,,,,,,,,,,,,,,,,
DBV,,,,,,,0.8625423889643751,,,,,,,,0.9542113322069294,,0.2622522690147333,0.1799134108441154,0.14708799329876918,0.14135160153234586,0.19327357906156187,0.0,0.0,
DCA,,0.9403755350642298,0.9515697483975627,,,,0.7954862542583927,,,0.9214001863525223,0.9909622259003998,,,,0.9940673974821541,,0.0,0.0,0.003988381159764237,0.0607963719824149,0.008121874127400407,0.0,0.0,
DCF,,,,,,,,,,,,,,,,,,,,,,,,
DCM,0.9797606345632278,0.9882329194926466,,,,0.96392674352685,0.9568065116755956,,0.9603842485347549,1.0,,,,0.9771225570103691,0.9779372902525569,,0.0,0.0024059416507591583,0.01833181240450139,0.031461786363640436,0.0,0.0,0.0,
DCY,,,,,,,0.9764325741508785,0.958577828743939,,,,,,,0.9702002052548471,,,,,,,0.19073633715710947,0.0,
DDC,0.9404176293576723,,,,,,0.9809014609840407,,0.9877562354912253,,,,,,0.9905780107756565,,0.010557204924021258,0.014024042976187546,0.015420640064252459,0.0,0.0,0.0,0.012356799797624218,
DDD,,,,,,,0.9685294306815238,,,,,,,,0.9909934596675325,,,,,,,,0.04477425604916347,
DDG,0.9600890903357575,,,0.988311888473055,,,,0.9122137732549479,0.8797703825311964,,,0.999528698281871,,,,,0.0,,0.1315791723477614,0.03382213465625835,0.08904853127824719,0.0356177570111221,0.0009699527360438128,
DDM,,,,,,,,,,,,,,,,,,,,,,,,
DDR,,,,,,,,,,,,,,,,,,,,,,,,
DEA,,0.9871105487171389,,0.9866596698171469,,0.8901778523257022,,,,0.9980651231026317,,0.9996521788242244,,0.8785405017454959,,,0.0,0.016122425143256583,0.015658294593845237,0.10877163665811215,0.0,,,
DEB,,,,0.9870193266218066,,0.9157415409439639,0.9831053550342804,0.9655799804224028,,,,1.0,,1.0,0.9733133490235667,,,,,0.07929023433742433,0.30707662778933476,0.1499414992198242,0.021253941432696676,
DEC,0.9620280627610507,0.8771630065025589,,0.9745618060363808,,,0.964315045944162,,0.9280265004304001,0.8686439562331739,,1.0,,,0.9810362081833822,,0.0,0.0,0.0,0.12699448520841014,0.15771838601843874,0.0,0.0,
DED,,,,,,,0.9669451873419777,,,,,,,,0.9758740073307995,,,,,0.10747708601378862,0.14117922351952847,0.09447099108775894,0.0,
DEE,,,,,,,,0.8932780270899838,,,,,,,,,,,,,0.0163937640724888,0.03231134616438342,0.0,
DEF,,,,,,0.9458067226638116,0.9029721892115425,,,,,,,0.9966313014097425,0.9447557543984957,,,,,,0.12673333628006983,0.0,0.0,
DEL,0.985771924534345,,,,,,0.9030299211768549,,0.9721558404480349,,,,,,0.9634099788705472,,0.0,0.26455438655471303,0.22263666750525338,0.08556902341315077,0.13955823068206077,0.0764436550547625,0.050994975043619856,
DEM,,,,,,,,,,,,,,,,,,,,,,,0.008925644587017993,
DEN,,,,,,0.9171097628399827,0.7715370430133829,,,,,,,0.9156793391068895,1.0,,0.06100990575959207,0.08869781371520763,0.05825425399064778,0.03660517077564183,0.0,0.0,0.058416366151273005,
DER,,0.9481040356349609,,,,,,,,,,,,,,,,,,,,,,
DET,,,,,,,,,,,,,,,,,,,,,,,,
DEX,,,,,,,0.9558021811552466,,,,,,,,0.9621511300901502,,,,,,,,0.0,
DEZ,,0.9490051425509691,,,,,,,,0.9988116532227462,,,,,,,0.027575598455423407,,0.0,,,,,
DFW,,0.9775630294784055,0.9504169446693848,,,0.9815671499094922,0.79512811445113,,,0.945422466084464,0.9333783087631481,,,0.9300767789011951,1.0,,0.0,0.0,0.0,0.10035296910479204,0.03778630793104437,0.0,0.07804727428048473,
DGA,,,,0.9626337865078195,,0.9891778599911452,,0.989592820322355,,,,0.9885012610745835,,0.9843836526240725,,,0.013156136205238351,0.03960073604982803,0.009572896598738376,0.009200837957238582,0.0491725606718631,0.0,0.0,
DGE,,,0.9887242413294483,,,,0.9570291774595445,,,,0.9943526160779544,,,,,,0.0,,0.0,,,0.002766262115933264,,
DGF,,,,,,,,,,,,,,,,,,,,,,,,
DGH,,,,,,,,,,,,,,,,,,,,,,,,
DGO,0.9575605998995842,0.9009025945019582,,0.939172126678268,,,0.9320268351060585,,0.9754348519138052,0.9159649976422469,,0.9701677862618533,,,0.9593570805944216,,0.0,0.0,0.0,0.10630396376389671,0.07300407270643226,0.0,0.0,
DGT,0.9818630881854169,,0.9839264410766732,0.9827960798508905,,,0.9152085166190781,,0.9957118087559169,,0.9988871619450108,0.997993471684513,,,0.9836213197421917,,0.0,0.020979790559755546,0.017853754833824495,0.026153605091772582,0.0671678463807363,0.0,0.0,
DHA,0.9716327033073008,,,,,,,,0.9923008046059258,,,,,,,,,,,,,,,
DHB,,,,,,,,,,,,,,,,,,,,,,,,
DHF,,,,,,,,,,,,,,,,,,,,,,,,
DHG,,,,,,,,0.9378238813177656,,,,,,,,,,,,,,,0.0,
DHI,,,,,,0.9848413407866221,0.9897147389771427,,,,,,,0.9920472086288694,1.0,,,,,,,0.018005151695090652,0.021723427329027455,
DHM,,,,,,,,,,,,,,,,,,,,0.02779302556458101,0.04923572257629424,0.07331544682072486,0.01629889916949839,
DHN,0.9757596213074748,,,0.8061757377042365,,,0.9645635729214855,,0.9874939726998065,,,0.8450179745324032,,,0.9700176090672139,,0.007075764603882807,0.23646003191684087,0.04857910384267527,0.0,0.03165111327435924,0.0,0.0,
DHR,,,,,,,,,,,,,,,,,,,,,,,,
DHX,,,,,,,,,,,,,,,,,,,,,,,,
DIA,,,,,,,,,,,,,,,,,,,,,,,,
DIB,,,,0.9880850942561173,0.9886084115794768,,,,,,,1.0,0.9994122255433862,,,,0.0,0.05599628863822706,0.034817030862992634,0.06274513576756077,0.03905569730778263,0.054388892338053794,0.03629209947266271,
DIC,,,,,,,,,,,,,,,,,,,,,,,,
DIE,,0.9687303268579341,0.9813674025580278,,,,0.9272038126036516,,,0.9708876648151249,0.9978979474400426,,,,0.9680844569499591,,0.0,0.0,0.01870350326286009,0.010922754622317184,0.0,0.010639123900141371,0.0,
DIG,,,,0.8953098580734865,,,0.9533540833569855,0.9550909352059432,,,,0.974901175781587,,,0.9176480669486589,,,0.21039272694944064,0.2384441258039591,0.13256338893831937,0.28501967625924074,0.10085669757392103,0.0,
DIJ,,,,,,,,,,,,,,,,,,,,,,,,
DIK,0.9690836983767107,,,,,,0.9671683607810847,,0.9614149994462905,,,,,,0.99130421631481,,0.0,0.030721042935395796,0.008157293807524096,0.123946161096116,0.0,0.0,0.005471831909514302,
DIL,0.9783793974275998,,0.9840149223924629,,,0.9849623940832228,0.9896960122636785,,0.9422804978709406,,0.9699270272244314,,,0.9905736510004298,0.9967873983906451,,0.0,0.0,0.13795705162866648,0.2196708767730474,0.03798243264489699,0.0224660311735552,0.016063755318594126,
DIN,,,,,,,,,,,,,,,,,0.027873194579696014,0.05092518889333586,0.05166946642267967,0.045209143038182534,0.05848863346418961,0.049500205711712056,0.05012451073676129,
DIQ,,,,,,,,,,,,,,,,,,,,,,,,
DIR,,,,,,,0.9799631229025005,,,,,,,,0.9990850091529933,,0.0491430928456868,0.02174967492133814,0.020577513742784628,0.03282197343678055,0.06559396626896452,0.004748290980312957,0.003883530518177543,
DIS,0.9795598861414005,0.9263730662255676,,,,,,,0.9654475720646883,0.999830562950686,,,,,,,0.0,,0.07571609494034297,,,,,
DIU,,,,,0.9862634532394361,,0.988241768089141,,,,,,0.9932791455118889,,0.9999755942144201,,,0.02609194642225884,0.02405895757823426,0.0015738094243195585,0.0,0.022993653949453716,0.02255875657950191,
DIW,,,,,,,,,,,,,,,,,,,,0.013036601807983637,,0.018215001217052766,,
DIY,,0.9782562474827526,,,,,0.9337838958049334,,,0.9904364878044272,,,,,0.988401769159004,,0.02380234855309526,0.035335125525234004,0.05522516612170237,0.11132777704660686,0.13377545498455692,0.07901970504991618,0.015276710393455475,
DJB,0.9800108817399342,,,0.9587158417539468,,,0.9506136323875585,,0.9611548569290184,,,0.9951952763685593,,,0.9775937355500579,,0.0,0.10105707021751695,0.07548957090518113,0.0886222113365889,0.1141293873483223,0.16390258043885098,0.011249746694867285,
DJE,,0.9554657982948077,0.9811159998187281,,,,0.8218481718160625,,,0.9538342245286292,0.9986786045425141,,,,0.9870737004048659,,0.003528013072273764,0.0,0.032216898908952046,0.18234426966796,0.06837787267036213,0.0,0.0,
DJG,0.9803616294686481,,,0.974266157387896,,,0.9708106644863537,,0.9901133459410255,,,0.9345777568557907,,,1.0,,0.22585866027907317,0.027198878860813066,0.01421152121287289,0.0,0.0,0.0,0.002954053400151319,
DJJ,0.9200638463396622,,,0.9885020845035559,,,0.8787456322466266,,0.8167876274847865,,,1.0,,,0.9363969747455902,,0.0,0.08147196967712958,0.04190386738570742,0.20090015475849024,0.18375691684087014,0.0069238548292936295,0.0,
DJN,,,,,,,,,,,,,,,,,,,,,,,,
DJO,,,,,,,,,,,,,,,,,,,,,,,,
DKA,,,,,,,,,,,,,,,,,,,,,,,,
DKI,,,,,,,,,,,,,,,,,,,,,,,,
DKR,0.9842442121203517,0.9601655525259642,,,0.934962760286087,,0.9452009718573194,0.9470300863892447,0.97943827325513,0.9987378399436787,,,0.9782110088155135,,0.9717971238317284,,0.012046871059943584,0.06646124397515739,0.18053145757149758,0.06423254001708327,0.0,0.0,0.0,
DKS,,,,,,,0.9824430057531753,0.9649193497949483,,,,,,,0.9692211342216396,,,,,,,,0.0,
DLA,,0.9744328748424931,,0.9810247996046638,,,0.9499279855339564,,,1.0,,0.9950415069096199,,,0.9969862414659602,,0.026740715888397694,0.026424571024376474,0.027712976994523675,0.03413498502591424,0.04700569564480388,0.0,0.0,
DLC,,,0.9876017760637461,,,,0.9307399929127209,0.930345886379069,,,1.0,,,,0.9151061183593638,,0.061019017156973054,0.18232494827865617,0.17946548351561753,0.19863773929932577,0.17103076242965698,0.1964148750834814,0.0,
DLE,,,,,,,0.9597889627998369,,,,,,,,0.9899388931204579,,,,,,,0.0,0.0,
DLG,,0.9815286246243184,,0.9786352681882334,,,0.9801872204946153,0.9535171709458096,,0.9946886183183336,,0.991059997471133,,,0.9762309065873317,,0.0,0.0,0.0,0.030856643735448223,0.0,0.0,0.0,
DLH,,0.9787771858557828,,0.9890810784631663,0.9215006718950018,,0.9749683725012191,0.9775746068832034,,0.9933897095085926,,0.9194320410476176,0.8047057928809546,,0.9699403035971804,,0.09511881299038324,0.012989387604990863,0.015551537563967884,0.0,0.0,0.0,0.0,
DLI,,,,,,,0.9021091561608194,,,,,,,,1.0,,0.020347008676902464,0.06448314442586962,0.07513799855572975,0.07307012156955019,0.10803539034524616,0.20467323364234624,0.0009076958768294169,
DLM,,0.9625085620774734,,,,,0.8821897629656231,,,0.9838602835406045,,,,,0.9678231871602341,,0.024233383971228907,0.027687724311587263,0.08744361654351708,0.20778906002433525,0.10591273254771923,0.0,0.0,
DLR,,,,,,,,,,,,,,,,,,,,,,,,
DLU,,,,0.9783916897822749,,,,0.892893944513595,,,,0.9974659581984635,,,,,0.1781690520954723,0.17294725120495208,0.12553075560469867,0.17202970572171258,0.24892728660900015,0.2145181548255892,0.03053639390721901,
DLZ,,,,,,,,,,,,,,,,,,0.0,0.0,0.09414228231460271,0.0839006921692687,,0.0,
DMB,,,,0.8594754671785816,,,0.9451936283119633,,,,,0.9613160239824777,,,0.9875813653463673,,0.005408022237639821,,,0.010109689504408563,,0.1064073522136068,0.005512764136958291,
DMD,0.9748687164187155,,0.9593099357094981,,,,0.8970854519230164,,0.973395972897559,,0.9533670600109384,,,,0.9613259147478482,,0.0,0.0,0.0,0.020038125776127663,0.04306980546401041,0.0,0.0,
DME,0.8888471214714944,,,,,0.946486191042027,0.7900924212243666,0.834259098036443,0.9346203513320769,,,,,0.9000573825699575,0.7209623514220096,,0.3953548284979845,0.9052523099676035,0.5463015356164131,0.1276227103347573,0.008155973825719792,0.0,0.0,
DMK,,,,0.9765223421823456,0.9301263838480707,,0.5202353009738209,,,,,0.9620238908710198,1.0,,0.8511758242901656,,,,,0.7233624998025631,1.107593170481014,0.1436458505220234,0.010622270178886192,
DMM,,0.9879867716192324,,0.9689892883774294,,0.9867196641171126,,,,0.9904418547502319,,0.9912805892037035,,0.9994745279671783,,,,0.08294891211258551,0.11528626383343128,0.0,0.027714759824552616,0.06694133668438133,0.10077449367164394,
DMU,,,,,,0.9559195078399717,,0.9841683613723056,,,,,,1.0,,,0.004653780119792649,0.051263302759317474,0.02860748382389891,0.0,0.13779391572191965,0.13241605921225427,0.024782995932522728,
DND,,,,,,,0.9287279807165105,,,,,,,,0.9695787734076803,,0.007613595500376701,0.03251657575715895,0.0,0.01595021958863141,0.15431126134577736,0.050884715654037384,0.13780610126594997,
DNH,0.975323928395565,,,0.9265472669386874,,,0.9482058144348977,0.9783278813092279,0.9830413382671931,,,0.9691645378535083,,,0.9633592765320524,,0.023586528142637668,0.16068821703698147,0.05756313481711941,0.03642780858961916,0.1712389825603742,0.06826037937464223,0.05224688015421346,
DNK,,,,,,,0.9744459540582037,0.9324549044045611,,,,,,,0.9086269089387536,,0.0,0.0,0.0,0.05307867533235867,0.03137396622820606,0.0,,
DNM,,0.9717144233915224,,,,,,,,,,,,,,,,,,,,,,
DNP,,,,,,,,,,,,,,,,,,,,,,,,
DNQ,,,,,,,,,,,,,,,,,,,,,,,,
DNR,,0.9679912994263644,,0.9865363191326306,0.9870962161237516,0.9861408053492641,0.9644776225995267,,,0.9892813490615521,,0.9765378799705624,0.9919296888456024,0.9924508781587736,,,0.04130540162536031,0.04438122342980025,0.09115171692509719,0.0,0.0,0.0,,
DNV,0.9886702356878948,,,,,,,,,,,,,,,,,,,,,,,
DNZ,,0.9798520859702599,,0.9866393387756741,,,0.9845083613825695,,,0.9923404504735133,,1.0,,,1.0,,0.037710603216978424,0.036002281381573104,0.043178476127089006,0.08382220141840757,0.10886913643727356,0.039856224238387854,0.015712997644938043,
DOB,,,,,,,0.9661470445922784,,,,,,,,0.99041583603921,,,,,,,0.28816470637995417,0.0,
DOD,,,,,,,,,,,,,,,,,,,,,,,,
DOF,,,,,,,,,,,,,,,,,,,,,,,,
DOG,,,,,,,,0.9641503317111946,,,,,,,,,0.038256406739220074,0.0,0.0,,0.0,,,
DOH,0.9440440500490589,0.9599122733731364,,,,,0.8657674069711769,,0.9752685799109398,1.0,,,,,1.0,,0.09733992544831566,0.3961078800430033,0.43752628013607797,0.3422661647467434,0.39243908546608197,0.057213249314755125,0.1545214893268217,
DOK,,0.9867751869460213,,0.9810555813604763,,,,,,1.0,,1.0,,,,,0.019234241012717035,0.10989120684934264,0.1215326977794133,0.07582016061159721,,,,
DOL,0.9299255218937571,,,0.9662241768263422,,,0.8754604497540905,,0.8822849341758624,,,1.0,,,0.9519858719477301,,0.0,0.021933600606157917,0.15493921217716078,0.2292979855879947,0.15662090570994,0.0,0.00907258154031126,
DOM,,,,0.9294741705966778,,0.9875075257857937,,0.9525049517524765,,,,0.9569674766150643,,0.9907366027558776,,,0.017435699549173993,0.05611161155257694,0.0,0.0,0.04229191604887505,0.04734892530706865,0.04688564437899635,
DOP,,,,,,,,,,,,,,,,,,,,,,,,
DOU,,,,,,,,,,,,,,,,,,0.033920516908700404,,0.3354763061720644,0.2973998339980674,0.07030211637808971,,
DOY,,,,,,,0.9840904293097948,0.968936807216594,,,,,,,0.9639380416074289,,,,,0.10942151014030488,0.10107342204440199,0.10983113072199911,0.0,
DPB,,,,,,,,,,,,,,,,,,,,,,,,
DPL,,,,,,0.9893381364530819,0.9494934682178237,,,,,,,0.9939233509828234,0.9871389005536049,,0.0,0.021593606162467086,0.008469684279218457,0.03065119738266207,0.048367314129917065,0.0,0.00794717471781992,
DPO,0.9817954627637069,,0.9730236996859634,,,,0.9155390592354691,,0.9797598940631592,,0.9788809515905459,,,,0.9775653363860535,,0.0,0.007265013414253481,0.0037204185843503195,0.028302441021620217,0.04009538160825885,0.0,0.0,
DPS,0.8587927835726086,,0.9579778792789594,,,,0.6082429015837049,,0.8364007405920667,,0.9612417844697297,,,,0.8224683280484235,,0.0,0.020121046574588256,0.07661564584005459,0.3822739111973715,0.2784346181140853,0.028599832901820377,0.0,
DPT,,,,,,,0.9435431977190474,0.9547145743137719,,,,,,,0.9280314089836915,,,,,,,0.0,0.0,
DQA,,,,,,,0.9375073833970016,0.9769578422511295,,,,,,,0.9262227002518193,,,,,,0.12016647213525021,0.07246146555936014,0.0,
DQM,,,,,,,0.9452537837515766,,,,,,,,0.9666067138294661,,,,,,,,0.0,
DRB,0.8647564966875759,,0.801484153983172,,,,,,0.8604987675662121,,,,,,,,0.0,,,,,,,
DRG,0.981645364142491,0.9860703351013353,,0.9608531300041206,,,0.9722900500771084,,0.9945344768817951,0.996247385174864,,0.9745864140129326,,,0.9960423969145433,,0.0,0.0,0.0015972966972475774,0.0,0.020639983962870156,0.0,0.12511668448338747,
DRI,,,,,,,,,,,,,,,,,,,,,,,,
DRJ,,,,,,,,,,,,,,,,,,,,,,,,
DRK,,,,,,,0.9807102618876491,,,,,,,,0.9945848021431916,,,,,,,0.0,0.0,
DRO,0.9401987720080883,0.9616965507506138,,0.8562236937776391,,,0.8092036043593304,0.9724189683955274,0.9540978819941187,0.9439032650090611,,1.0,,,0.7998173728031566,,0.0,0.05352268752513459,0.056415741726591216,0.19043102095515718,0.3286188962215903,0.0,0.0,
DRP,,,,,,,,,,,,,,,,,,,,,,,,
DRS,0.9675938841708543,0.94819616855832,,0.9506180136286044,,,0.9165117977285382,,0.9548526851354816,0.956458836645627,,0.9928872799350068,,,0.9396666201487609,,0.0,0.0,0.0,0.0,0.058407551668116384,0.0,0.0,
DRT,,,,0.9784228421506455,,,0.9831616253904873,,,,,1.0,,,0.9924646860814441,,,,,,,0.0,,
DRV,,,,,,,0.9531868469106625,,,,,,,,0.9896826879328028,,,,,,,0.009938599354676739,0.0,
DRW,0.9336898007937274,0.9391857331423314,0.9708160303682759,,0.9554903176041812,0.9689337618695564,,0.7885680466065924,0.9083713421538094,0.9325099915581426,0.9937342431039469,,0.998655996715728,0.9532730853970086,,,0.0,0.03094421120954551,0.12529448663164305,0.08626355168867679,0.06161812688596166,0.0,0.0,
DSA,,,,0.9061172465468305,,,0.9316523871375173,,,,,0.9837277447354587,,,0.9379695329350648,,,,,0.0,0.20440040540302434,0.21240216610015394,,
DSE,,,,,,,0.9871677548729891,,,,,,,,1.0,,,,,,,,0.025849986839148794,
DSI,,,,,,,,,,,,,,,,,,,,,,,,
DSK,,0.9843223680460874,0.9893648538210768,,,,,,,0.9066763776611835,0.877024297472442,,,,,,0.0,0.0,0.0,0.1443150940908225,,,,
DSM,0.9712530958867346,0.9660365030313772,,0.912193218795864,,,0.8102798029868785,,0.9978484532199989,0.9862982451274233,,1.0,,,0.8667033737486812,,0.0,0.021441176458723336,0.0,0.18604457144905906,0.06363933074373462,0.0,0.0,
DSN,,,,,,0.9783771771208872,0.8853457368970838,0.9786423580795307,,,,,,1.0,0.9171645557955221,,,,,0.3699648722178856,0.25539834617320756,0.07359028753202129,0.07367760828229747,
DSS,,,,,,,0.9389834439731176,,,,,,,,1.0,,,,,,,,0.04796081787603211,
DSY,,,,,,,,,,,,,,,,,,,,,,,,
DTB,,,,,,,0.9195086753392244,,,,,,,,0.9466794031074067,,,,,,,,0.0,
DTD,,,,,,,,,,,,,,,,,,,,,,,,
DTE,,,,,,,,,,,,,,,,,,,,,,,,
DTH,,,,,,,,,,,,,,,,,,,,,,,,
DTI,,,,,,,,,,,,,,,,,,,,,,,,
DTM,,,0.9672743182649544,0.877587878542089,,,,,,,0.9794480886704306,0.8988591210369095,,,,,0.09453166594363809,0.15403513713360784,0.0,0.0,0.12161254765189472,0.15268183551618922,0.15479838178658606,
DTR,,,,,,,,,,,,,,,,,,,,,,,,
DTU,,,,,,,0.9361806481064068,0.984204122829569,,,,,,,0.9601870217412185,,,,,,,,0.013058547735377983,
DTW,,0.9794717264236573,,0.9781857151238441,0.9812238047356364,0.9641694056420923,0.7842744558907955,,,0.9809434077812043,,0.9729408444270674,0.9906252030998385,0.8736051183278842,0.923914685978935,,0.05860173507683967,0.0,0.0,0.0,0.0,0.0,0.0,
DUB,,,,,0.9299655111415914,,0.7717531293313621,,,,,,0.9807199516217805,,0.9699511130274415,,0.1840840444613778,0.3510981864189526,0.390425395181743,0.013326320229999371,0.05663955244568358,0.0,0.018692869078363504,
DUD,0.8944778127020785,0.9040288744581699,,,,0.9845147654060856,0.9087257994315665,,0.9067628602631015,1.0,,,,0.9622252973395391,0.9529318649099786,,0.0,0.019480406659630217,0.1511108495385169,0.01670259127275598,0.0,0.0,0.0,
DUE,,,0.9809309641486726,,,,0.9787044883206687,,,,0.9839991234554605,,,,0.9998778323009149,,0.0066058724713091805,,0.03007359819133914,,,,0.0,
DUI,,,,,,,,,,,,,,,,,,,,,,,,
DUJ,,,,,,,,,,,,,,,,,0.0,0.0,0.0009541181474518725,0.17163945338029793,0.13727464366851538,0.019072523695875195,0.09238259086669862,
DUM,,,,,,,0.9041751802149829,,,,,,,,,,,,,,,,,
DUR,0.931451614550504,,,,,,0.9178246397687111,,0.8802119284139959,,,,,,0.9782476848257087,,0.0,0.0,0.0,0.14866677023677127,0.11333216755221003,0.0,0.0,
DUS,,0.9770096333637031,,,,,0.7719976579327958,,,0.97749751435873,,,,,0.8703876114950843,,0.04194897109005957,0.0,0.015538566327816541,0.013187029085556277,0.06625257421027979,0.0,0.0,
DUT,,,,0.9735569597475591,,,0.9639747417492255,,,,,0.9919011175864765,,,0.9974753663069262,,0.009571619908916173,0.0,0.0063301552745999926,0.003811099234126372,0.029495359091483486,0.0,0.0,
DVD,,,,,,,,,,,,,,,,,,,,,,,,
DVL,0.9628584389049845,,,,,0.9841955705610814,0.9692911095148269,,0.9469335913647879,,,,,0.9842817216434254,0.9778341657325011,,0.0,0.0,0.0,0.050263957345424756,0.006341932057239561,0.0,0.0,
DVO,,,,,,,0.8459588241551433,,,,,,,,0.968399022811691,,0.03528499850838514,0.09728732430172836,0.14292839081789163,0.060653130205051475,0.1852491409220693,0.0,0.0021632938801628998,
DWC,,,,,,,0.5337535136241744,,,,,,,,0.8430978824260049,,,,,,,0.46532682216366267,0.0,
DWD,,,,0.9882888974674379,,,0.9560989623411185,,,,,1.0,,,0.9924921161750709,,,,,0.0358777919172891,0.05310401370181405,0.01655455777012311,0.030170195966436577,
DWO,,,,,,,0.9636114540498282,,,,,,,,0.979781504770169,,,,,,,0.036922366948633954,0.0,
DWR,,,,,,,,,,,,,,,,,,,,,,,,
DXB,0.9858822324725351,,,,,,0.801679021847469,,1.0,,,,,,0.9923240262397047,,0.2750086365326962,0.31280526358865907,0.33065915781692967,0.3208731456585596,0.17418653870338344,0.0,0.17627091363854527,
DXJ,,,,,,,,,,,,,,,,,,,,,,,,
DXR,,,,,,,,,,,,,,,,,,,,,,,,
DYG,,,,0.9643121838373118,,,0.8913100275167751,0.9553216677320534,,,,0.9870314092993859,,,0.9089720360428517,,0.19435253898752075,0.1263286380290785,0.04740174200977603,0.025022578761314723,0.1352307889028347,0.15720950238606896,0.022750290709843742,
DYR,0.9807814460024662,,,,,0.9732697672394102,,0.9550513630224792,0.9152809645806319,,,,,0.9835396922128661,,,0.05531119885316919,0.11490915387963141,0.10631511611124562,0.028458723619375573,0.03671803086719484,0.0,0.0,
DYU,0.7549772004172237,0.9708317005360245,,0.9556633160727783,,0.9288410728763257,,0.9744866155036577,0.8003912622123369,1.0,,1.0,,0.9300261502044102,,,0.0,0.4664649132423946,0.3024849094684366,0.1515437445149336,0.19034826198104535,0.0,0.05640929455612249,
DZA,0.9876405466450864,0.9761116656465852,,0.9738080569071899,0.9109846639288782,,0.9773587867681992,0.9874279013050158,0.97860510228573,1.0,,0.9268382818390701,0.9863141574661148,,0.9943189112427607,,0.015996533384998055,0.25782909308126956,0.24204790633065146,0.0,0.01549450592279532,0.0,0.0,
DZH,,,,,,,,,,,,,,,,,,,,,,,,
DZN,,,,0.9597968602411384,0.9583742958301823,,,,,,,0.9920705131967057,1.0,,,,0.0,,,0.030309052980457045,0.038165824506966754,0.015930282956562698,0.016228384900975043,
EAM,,,,,,,,,,,,,,,,,0.00766408664890276,0.021533624574984693,0.020176681221619943,0.06682460070564547,,0.0,0.1648419230559219,
EAR,0.9711188209109308,,,,,0.9821007305495191,0.9698211361701811,0.9448093849587088,0.9695909645474469,,,,,0.981348551928581,0.9493006908340587,,0.0,0.008140595571260534,0.0,0.0,0.0,0.06725409319998099,0.0,
EAS,0.9898451029910176,,,,,,0.9466409371217515,,0.9921312263755487,,,,,,0.9956189979341583,,0.009110560987053392,0.04006728089108451,0.025734999352989427,0.0,0.010434107090143384,0.0,0.009261319848384242,
EAT,,,,,,,0.9612629866797291,,,,,,,,0.9780334620657843,,0.0,0.0,0.008377409849552568,0.019624468207084033,0.014764305210915787,0.0,0.0,
EAU,,,,0.9389641914332932,,,0.9554061737027413,,,,,1.0,,,0.9801954523998159,,0.0,0.06838233980116636,0.0,0.03244236120998288,0.07143781998989854,0.0,0.024242929250276383,
EBB,0.9843865619847345,0.9356346497951622,,,,,0.9164050755424389,,0.9935911783221177,0.9671260677394556,,,,,0.9983872506963134,,0.005258431680081044,0.0,0.06696965815559974,0.09701189276358699,0.0,0.11952753092592246,0.05644929256919872,
EBD,0.971040986739836,0.9892782446673413,,,,0.9834623350891895,,,1.0,0.9994646267110433,,,,0.9987944350471564,,,0.02043725654405187,0.0,0.2320800063772312,0.0,0.0,0.008566786233855032,,
EBG,,,,,,,,,,,,,,,,,,,,,,,,
EBH,,,,,,0.8989704507734937,,,,,,,,0.9118456655108218,,,,,,,0.033609044244813015,0.0,,
EBJ,,0.9397304246388378,,0.9322590969505631,,,0.9803479328783733,0.9859639492472527,,0.9559270562375188,,0.9399612110191466,,,0.98596034154311,,0.0,0.0,0.0,0.0,0.028421132094489994,0.0,0.0,
EBL,,,,0.9577226575735234,,,0.9420569874589637,,,,,1.0,,,0.9859335270602139,,,,,0.27407008283791323,0.19995765163342197,0.08358296511661047,0.010234868023684037,
EBU,,0.9765677076429886,0.8899131312045567,0.9793046895933804,,0.9852188681597484,,,,0.9909587406466978,0.8853321573193946,1.0,,1.0,,,0.0,0.0,,0.0756942330994271,0.18990898599287534,,,
ECI,,,,,,,,,,,,,,,,,,,,,,,,
ECN,0.8817338669717568,0.9811004443598379,,,0.9623886904909799,0.9285086717425002,0.9501734772262134,,0.9124091953413659,0.9907130848643444,,,0.9908479390666091,0.9614741620889701,1.0,,0.0,0.0340213926286026,0.08647688562005654,0.1220724800276573,0.0,0.0,0.05286462914300142,
ECP,,,,,,,0.9459261066803134,0.8803448794998249,,,,,,,0.9483347422627694,,,,,,,0.0045977188372821115,0.0,
EDB,,,,,,,,,,,,,,,,,,,,,,,,
EDI,,,,,0.9734649258746924,,0.8187798596526302,,,,,,1.0,,0.9649593371220233,,0.13113871285549536,0.21136092503040066,0.25659087080417076,0.16118803955024236,0.08118151151034528,0.02988473580807656,0.02742014246495506,
EDL,,,,,0.9769246291953639,0.842269028600285,,,,,,,1.0,0.8393062506414394,,,,0.041647242186912944,0.02456994424250054,0.2568359028687206,0.031073625640423742,0.0,0.009522890117086288,
EDN,,,,,,,,,,,,,,,,,,,,,,,,
EDO,,0.9852922000255211,,,,0.9829918772666463,0.9778880675361895,,,0.9940829671070499,,,,1.0,1.0,,,0.027268051357189314,0.036395799067853986,0.04777866866668591,,0.06120003012935915,0.026313539082499414,
EDR,0.9724481829555572,,0.9609338692494813,,,,0.893251525173463,,0.969464800823527,,0.9540396048878744,,,,0.9744165768729517,,0.0,0.0,0.0,0.012405123940088898,0.04323226698362666,0.011327626811671713,0.0,
EEA,,,,,,,,,,,,,,,,,,,,,,,,
EEK,,,,0.9806473438872153,,,0.9623951537872243,,,,,0.989225649881425,,,0.994782678290101,,0.0,0.0,0.0,0.003990602667838626,0.01702774156098319,0.0,0.0,
EEN,,,,,,,,,,,,,,,,,,,,,,,,
EFD,,,,,,,,,,,,,,,,,,,,,,,,
EFG,,,,,,,,,,,,,,,,,,,,,,,,
EFL,0.9895439292210413,,,0.9722305922080805,,,0.9452823704107444,,0.9918927544724587,,,1.0,,,0.9972554497762058,,0.15991009315055865,0.17542546705121706,0.15291687248175437,0.13185447696522803,0.13126991648368166,0.05388583352231306,0.0,
EGC,,0.9837378969489559,,,0.94740730041765,0.989142432110828,0.8629518681217894,,,1.0,,,0.953202203124728,0.9914758251531438,0.9716616238542589,,0.010832604165677384,0.1814273032874622,0.21383877327142153,0.004082005461426366,0.015981563686680477,0.0,0.0,
EGE,,0.9744727873242855,,,,,0.9675694600840191,,,0.9978267257362003,,,,,0.9921245061877799,,0.0005520710497217026,0.01807373862959794,0.03591701329404269,0.030772873170357696,0.0,0.0,0.017359494226414706,
EGM,0.9755852698121276,0.9542967353245722,,0.9361202174224988,,,,,0.9859026161032978,0.9677972192880533,,0.9556466281102439,,,,,0.0,0.0,0.04367234279602652,0.0,0.0760640564477689,,0.010052367662528938,
EGN,,,,,,0.9703009774258076,0.8762908910471024,0.9711826072415461,,,,,,0.9999369469783567,0.8720305345020972,,0.02971057022136831,0.00256244302168858,0.0023637108569650738,0.007868401004425778,0.009053671081221416,0.003952709633036225,,
EGO,,0.9736488741724354,,0.9479098377985882,,0.989337388849004,0.9324175622748778,0.6946385029240495,,1.0,,0.9897599851299145,,0.9761183625419988,0.8459187215848207,,0.4999451792981151,0.026650563433694267,0.053142833735272677,0.1532419922534879,0.14673882510886374,0.0,0.0,
EGS,0.6893599810205592,0.8521084456159393,,0.7346020571173961,0.9892452400415783,0.8199038882673695,0.6436303740434932,0.960445775922855,0.7740956326538826,0.9968690402236258,,0.7414948672374686,0.9697851064449948,0.9860628306971471,0.9762570036951999,,0.06758486876503744,0.3129321513340445,0.0003358553144911926,0.0,0.4348942985221367,0.0,0.0,
EGX,,,0.9296259761765547,0.7917212895811092,0.928327231724993,0.9499514971453489,,,,,0.9674516416447883,0.8088108181821967,0.9768018389160118,1.0,,,0.0014348193043664935,0.23100465711677118,0.0,0.0,,,,
EHU,,,,,,,,,,,,,,,,,,,,,,,,
EIE,,,,,,,,,,,,,,,,,,,,,,,,
EIK,,,,,0.8231736070346968,,,,,,,,,,,,,,,,,,,
EIL,,,,,,,,,,,,,,,,,,,,,,,,
EIN,0.9886612776562987,0.9870389487611866,,,,,0.9417633923512245,,0.9791842552758158,0.9945662515480269,,,,,0.9728666142860325,,0.0,0.06127424168378466,0.07559079188491669,0.36780838365816443,0.2957963726740408,0.02570665638199905,0.0,
EIS,0.9701707975054954,,,0.9673790861952507,,,0.9784047276441976,,0.9973000370846281,,,0.9911459102710781,,,0.9990937706935638,,0.017948238322752823,0.0,0.0,0.044165896173354896,0.06728611427200823,0.0,0.011694120563481094,
EJA,,0.98668681947936,,,,,0.9724006060088481,,,0.9848633488540969,,,,,1.0,,0.0,0.0,0.01677615176223957,0.06297703714311062,0.06779684374603945,0.0,0.04690713953207033,
EJH,,,,0.9883727920440628,,,0.9822612607412118,,,,,0.9981559965123816,,,1.0,,0.006850673823902427,0.008276302484776519,0.004703592951725301,0.006712986558475211,0.041800693884820564,0.02739279802864554,,
EJT,,,,,,,,,,,,,,,,,,,,,,,,
EKB,,,,,,,,,,,,,,,,,0.021512339710586473,,,,,,,
EKO,0.9297335948679014,0.9333838169115092,,,,,0.9528508780810799,,0.6795467219578615,0.9284807403263431,,,,,0.9627307358259951,,0.0,0.0,0.010310209187004158,0.01796329034071613,0.0,0.0,0.0,
EKS,,,,,,,,0.9117490992980952,,,,,,,,,,,,,,0.01977450207055355,0.0,
ELC,0.9751000227017665,,0.8619190725545083,0.9717627857064667,,,,0.8788599940710837,0.9417777746199862,,0.9089253428349447,0.9819321907158682,,,,,0.0,0.018743315220522798,0.0,0.0035852431612359687,0.06499039718047105,0.06930689788337875,0.0,
ELD,,,,0.9095307943481206,,,,,,,,0.9317129243531913,,,,,0.0,0.0,0.0,0.0,,0.07985294107275186,,
ELF,0.9702808632545981,,,,,0.9584232836395911,,0.6707083661299911,1.0,,,,,0.9929338759710532,,,0.02227944877824678,0.007250749578809191,0.13917172842182593,0.025951229286056355,0.0,0.20170807423756945,0.0,
ELG,,,,,,,0.9799576574494978,,,,,,,,0.9996713677381589,,0.0447620407842103,0.0,0.0,0.30562578795328915,0.31669376785626674,3.947067999745435e-05,0.002753783574067381,
ELH,,0.9616534119360434,,,0.9489287021405354,,0.9744841478422253,,,0.9833218822486033,,,0.9936956161746043,,0.9800173322932598,,0.0018160094079228738,0.013963208389951121,0.08336375445369039,0.0,0.02463854388243863,0.02976368253343162,0.0,
ELI,,,,0.9680056888363805,,,0.8896116994364243,,,,,0.9821055734202455,,,1.0,,0.019797777486331006,0.0,0.0,0.0011388677592968524,0.07161056778944767,0.0,0.009448686829174862,
ELL,,,,,,,,,,,,,,,,,,,,,,,,
ELM,0.9220293220142767,0.910920917742037,,0.9711405516865276,0.9671140129752391,,0.7923341796993255,,0.9567832578013519,0.9764231135984126,,0.971636761942689,0.9791093456142366,,0.792166074690455,,0.0,0.0,0.054435364734946506,0.08610389726590403,0.0,0.030392046239726148,0.0,
ELN,,,,,,,,,,,,,,,,,,,,,,,,
ELP,,0.9707984441866653,,0.9840957807147085,,0.9283065123153968,0.8774955353511773,,,0.9996037974346687,,0.9971232281713265,,0.8495537760706658,0.9308350500808911,,0.09456870548030076,0.01603971772565927,0.002494078056144383,0.041240771413911206,0.0,0.0,0.0,
ELQ,,,,,,,0.8930942839074141,,,,,,,,0.9797929464219135,,0.02118866146192132,0.0214531611011103,0.018639812632209447,0.16056455039224712,0.2156621129302247,0.031234573100829884,0.0,
ELS,,,,,,,0.9428441451184126,,,,,,,,0.9719493329935716,,0.012190819225181884,0.03243208203850926,0.0405647015062974,0.00630911244577311,0.023647087124633162,0.0,0.0,
ELU,,,,,,,0.8285410580747985,,,,,,,,1.0,,0.04245540720952288,0.030754326029773512,0.0,0.022453043486581573,0.2516219754723756,0.2188309540297252,0.029981189061012187,
ELY,0.9374308048183096,0.9831693203526622,,,,,,,0.9998211259642049,0.9338069505501317,,,,,,,0.0,0.0,0.05154621887644488,,,,,
EMA,0.9848087853290594,,,0.9522914110537963,,0.9548796004922196,0.8329901861435076,,1.0,,,0.9832148057848943,,0.9603499285340125,0.9059592344372212,,0.11850927533940024,0.47799874896953287,0.285029190178225,0.0,0.0080776588439289,0.0,0.0,
EMD,0.9757698076738737,0.9700352611267976,0.9872440774928742,,,0.9763038391300639,0.961462546971396,,0.9814148660783897,0.9645706258117284,0.9935958938041265,,,0.9622591598656524,0.9793614456431367,,0.0,0.0,0.016855907522486707,0.0753620490750999,0.08054428142235306,0.0,0.0,
EME,,,,,,,,,,,,,,,,,,0.4339221681710374,,,,,,
EMK,,,,0.9822212986075192,0.785962182538282,,0.9570859056099527,,,,,0.879792427003494,0.8617945734820885,,0.9869738798427271,,0.19406900342867098,0.0,0.0,0.0029170671268750397,0.015322663318295827,0.0,0.0,
EML,,,,,,,,,,,,,,,,,,,,,,,,
EMN,,,,,,,,,,,,,,,,,,,,0.11944754337742453,,0.0,0.02110719861814145,
EMR,,,,,,,,,,,,,,,,,,,,,,,,
ENA,,0.979910960920142,,,,,0.9602020360936074,,,0.9905466935513755,,,,,0.9921053449741937,,0.0015821203426454472,0.0,0.0,0.0,0.021415965206259296,0.0,0.0,
ENE,,,,,,,0.9285729605946249,0.8495741178195589,,,,,,,0.8793301273210038,,,,,0.07115659896780542,0.05147660107337248,0.061062232616834605,0.0,
ENH,,,,,0.9857457542916395,,0.9836238433425863,0.979849378769866,,,,,0.9980892522135846,,0.975596697082314,,0.011930201926780362,,,0.3051941334744205,0.04774656963913038,0.17240016746751638,0.02756503805242176,
ENI,,,,0.9749614002615671,,,0.9591140164775986,,,,,0.9880398378847316,,,0.9860151363081614,,,,0.0,,0.09942849493220211,,0.0,
ENO,,,,,,,,,,,,,,,,,,,,,,,,
ENS,,,,,,,,,,,,,,,,,0.0,,,,,,,
ENT,,,,,,,0.9879294381892618,,,,,,,,,,0.0,0.030855253157054938,,,,,,
ENU,,,,,,,0.8919099953950066,,,,,,,,0.9983077866123881,,,,,0.08416101127131215,0.06908801577373712,0.0,0.0,
ENY,,,,0.9790085416588546,,,,0.9399719796623386,,,,1.0,,,,,,0.08365008202937062,0.04397306560766829,0.08860586145948456,0.08464169360299927,0.2035164394481311,0.0,
EOH,,0.9848233220884608,,,0.9796887324730329,0.9847847495966929,0.9746898076828574,,,1.0,,,0.9614836622442523,1.0,1.0,,0.15923095934948658,0.17343512652032922,0.05955789896591259,0.0,0.0,0.04798120753072744,0.0975442854862696,
EPA,,,,0.9698039717066347,,,0.7129007116448227,,,,,0.9667151802476082,,,,,,,0.06759133264300778,,,,,
EPR,,0.9604799723158821,,,0.9795340022255348,,0.9731959732837596,,,0.9991252324316309,,,0.9987498730277294,,1.0,,0.014585385886940845,0.0,0.0,0.015176069567691632,0.008284321981422895,0.03017273205674201,0.026480829041798166,
EPU,,,,,,,,,,,,,,,,,,,,,,,,
EQS,0.8484000772110798,,,0.9729471411910424,0.8812930949021877,,,,0.9177747340538635,,,0.9309238235846102,0.9159005981035422,,,,0.0,0.14887867427620996,0.09089792136638661,0.041522985487341436,0.0609040711297281,0.2018531389519674,0.19848216452569867,
ERA,,,,,,,,,,,,,,,,,,,,,,,,
ERC,,0.9749372472184005,,,,,0.9740939340507137,,,0.9877848836504153,,,,,0.9898928727353704,,0.0,0.14181604708067314,0.17544837284324805,0.11440387048746763,0.11814859151617278,0.02846002265428815,0.016666405735729608,
ERD,0.9812257240804636,,,,,,,,0.8978345765680389,,,,,,,,0.0,,,,,,,
ERF,,,0.9797235822569887,0.9598893397110054,,,0.9486270847065661,,,,0.9393862631224924,0.9898961860635688,,,1.0,,0.157827499828703,0.0,0.0,0.016105247772340466,0.1954909801346898,0.0,0.14681587112443006,
ERG,,,,,,,,0.9551323178582961,,,,,,,,,,,,,,0.01702304657734053,0.0,
ERH,,,,,,0.9794877827281814,0.8895081357190174,,,,,,,0.9859801457829835,0.9764749206277454,,,,,0.05307306106279445,0.0440642670212342,0.0,0.0047644299915486224,
ERI,,0.7931288841609783,,0.9562476587309394,0.9014743045677914,,0.8604337501690585,0.9522333395703995,,0.943886572345748,,0.9277839681710418,0.9446654341742687,,0.8523177418503654,,0.0,0.0,0.20203309665179062,0.0,0.0,0.0399804779346599,0.0,
ERL,,,,,,,0.8601897997286627,0.9464183462763014,,,,,,,0.8832380040140055,,,,,,,0.0,0.0,
ERM,,,,,,,,,,,,,,,,,,,,,,,,
ERN,,,,,,,0.9344448515110511,,,,,,,,0.9542085754330224,,,,,,,0.0502957290777289,0.009983233033617814,
ERS,0.9461187295021655,,,,0.8374930526390286,,0.5975885445183435,,0.9633281743912953,,,,0.7282902118928157,,0.7528839799128697,,0.0,0.0,0.0,,,,0.0,
ERZ,,0.9751539106894987,,,,,0.948891386114056,,,0.9901789655661267,,,,,0.9796069749054991,,0.022494790489204795,0.060773567413246035,0.11093905709322131,0.10768290960199212,0.12840962130114184,0.07186891624303278,0.0006523511111897421,
ESB,0.9651199488982853,0.9037692776732988,0.9804661551139552,0.9728890537635327,,,0.9581336906632271,,0.9846623878556852,0.9384305729907645,1.0,1.0,,,1.0,,0.0,0.008326722500361684,0.10705744234346687,0.11051627744884236,0.19817542296422458,0.0,0.08800504561390635,
ESC,0.9563122743465542,0.9694138624700156,0.8698523009514396,,,,0.9737230757610631,,0.9345041700599884,0.8469280111582373,0.8798653905143022,,,,0.9903659611591287,,0.0,0.0,0.0,0.11551731885876831,0.0,0.0,0.0,
ESD,,,,,,0.8309444563498833,,,,,,,,0.8496030541358209,,,0.22048986418350652,0.0,0.0,0.0040683586888913045,0.0,0.0,0.06190124158036957,
ESF,,,,,,,,,,,,,,,,,,,,,,,,
ESH,,,,0.9177696448983887,,,,,,,,,,,,,,,,,,,,
ESL,0.9661233094859689,,,,,0.9864129902142419,,0.954199840950517,1.0,,,,,0.9894948293655526,,,0.2897164300667278,0.1865418591280297,,0.010085680559837508,,0.00339944187064312,0.0,
ESM,0.920147778904002,,,,,0.9866438381066475,0.979992217005373,,0.9716134637000297,,,,,0.9730928884036116,0.9741041761371769,,,,,0.011557909076741453,0.0201973386203384,0.0,0.0,
ESR,,,,,,,,,,,,,,,,,0.009515532114325126,0.02248440975902268,0.01019246080038803,,,,,
ESS,,,,,,,,,,,,,,,,,,,,,,,,
EST,,,,,,,,,,,,,,,,,,,,,,,,
ESU,,,0.9601522983924042,,,0.8762754991036464,0.9345582070733565,0.988863070409806,,,0.9841635110289555,,,0.9505927042508003,0.9615587773163141,,,0.20084552374617687,0.1641499970140821,0.028773984311394274,0.024452407600139208,0.0,0.0,
ETH,0.9623266582429361,0.9381058939515987,,,,,,,0.9283934268145861,0.9026872010844832,,,,,,,0.0,0.0,0.0,0.0291088811251455,0.0,,,
ETL,,,,,,,,,,,,,,,,,,,,,,,,
ETM,,,,,,,0.7484047503123071,0.9634729116375321,,,,,,,0.8345503646458867,,,,,,,,0.0,
ETR,,,,,,0.9689507528245314,0.9822163626622403,,,,,,,0.9599417551712702,0.9841507978537057,,,,,,,0.0,0.0010026237866680775,
ETZ,0.9751425389459699,0.9816684804430713,,0.9896021124758171,,,0.7570806326011896,,0.9894646423300043,0.950968262021112,,1.0,,,0.7905054923477473,,0.0934313399935621,0.0,0.0,0.2386907213568014,0.16564820174749803,0.0,0.0,
EUA,,,,0.9872458777955682,,,,,,,,,,,,,0.0,0.002665871403497488,0.00727025282566486,,0.0,,0.004007864241167552,
EUG,0.9191775284039623,0.9174846270421771,,0.9221229315150439,,0.9663211060481974,0.9090780776278723,,0.9325732498518243,0.9209176523854703,,0.9996375698070686,,0.8607145453069892,1.0,,0.0,0.0,0.03199237653503319,0.09274123236018435,0.06435464493639335,0.0,0.1722048728332787,
EUN,,,,0.8813870243258495,,,0.9021612900102421,,,,,0.8834166372264252,,,0.9224697702113568,,0.016818475431255652,0.16589365435461018,0.030095532542111763,0.0,0.03970943438205527,0.1267717035831156,0.0,
EUQ,,,,,,,,,,,,,,,,,,,,,,,0.13445222850478591,
EUX,0.9896201575307769,,0.9844675276213821,,,0.9754316040495463,0.9522939183912736,0.9807775086017992,0.9905307814472636,,0.9988240300255229,,,0.9795217937320113,0.952120972627742,,0.0,0.0,0.0,0.019187121363898385,0.01849061135274529,0.0,0.0,
EVE,0.9666495385974885,0.965204815009238,,0.8986697191012349,,,0.8470646847355929,,0.975384703239737,0.9957462666444405,,1.0,,,0.8959783970387187,,0.0,0.1121844525936213,0.03551751302805531,0.0920466973391871,0.23279838976469017,0.0,0.05199657397125063,
EVG,0.9697966387367206,0.9818631607029593,,,,,0.9709255229737214,,0.9765878034490372,0.996299960749774,,,,,0.9731003719289714,,0.0,0.010747712223350504,0.03884020401229959,0.016002515712874147,0.03434590565699275,0.0038939331628027466,0.0,
EVN,,,,,,0.9506218049934507,,,,,,,,0.9823279331605992,,,0.09738371396157716,0.05760002856817843,0.011171030115819857,0.0,0.0,0.02396957163327222,0.23088955246994017,
EVV,0.9610610664580654,0.964194048452215,,0.9027877516771622,0.8063373903844187,,0.8622303681210768,,0.9821305657978675,0.9994185641581061,,0.8387653546776145,0.7874742772668495,,0.8733586622118313,,0.0,0.27972974923867616,0.19822803814663906,0.0,0.0,0.02334008989088615,0.0,
EWB,,,,,,0.9599374569813693,,,,,,,,0.9520172148589844,,,0.0,0.025052138240931197,0.0320155610176189,0.023237146944560805,0.007286656292873981,0.0,0.0,
EWE,,,,,,,,,,,,,,,,,,,,,,,,
EWN,0.9835668550123199,,0.977646871028238,0.9361209931170543,,0.836377896942534,0.8941668991974842,,0.9916054381688117,,1.0,0.9727256772387343,,0.8398033143000285,0.903205159315121,,0.0,0.3560764364758421,0.2659508607811851,0.0,0.0,0.0,0.0,
EWR,0.9865169505790456,0.9463462820999591,,0.9840533670936615,0.9708554006916649,0.9664709274802914,0.7200270949679739,,0.9968260214772835,0.9731904045616597,,0.9774009731471953,0.9995274653853191,0.9547660507807543,0.982383964778147,,0.016152768061650304,0.0,0.024244576427797485,0.0,0.0,0.0,0.03077966777603076,
EXM,,,,,,,,,,,,,,,,,,,,,,,,
EXT,0.9607452457176076,0.8973440075771214,,,,0.9826421162153925,0.8394745570612483,,1.0,0.9634830642928961,,,,0.9693284744515966,0.8641259280709845,,0.04844577087816297,0.1888348217557236,0.35511116240287965,0.0,0.0,0.0,0.0,
EYA,,,,,,,,,,,,,,,,,,,,,,,,
EYK,,,,0.9364575050378354,,,0.9855220190829161,0.9171504677415222,,,,0.9920979253119746,,,0.9618932325730545,,,,,0.005701405371018245,0.06636791398906447,0.0,0.0,
EYP,0.9622124202963782,0.9826043471231328,,,,,0.9735247894592756,,0.9605451621704983,0.9837635767353178,,,,,0.9942110703589483,,0.0,0.0,0.003783638575224865,0.09404078206875217,0.0631914282316036,0.0,0.029049858494153816,
EYW,0.9764918046691583,0.9721613965303815,,0.9566518623067077,0.9844367456616913,0.7939849589416594,,0.9618393151929708,0.9714635029331027,0.9990235397384426,,0.9786583212824511,0.9873583893781106,0.7354083097343295,,,0.0,0.27139059652038977,0.25771991650942355,0.11680672311073183,0.0,0.0,0.07669227644715353,
EZE,,0.9285536947276114,,,0.9872699943203639,,0.8670771702313523,,,0.9359761765928202,,,0.98875593740878,,1.0,,0.03700292943589092,0.0,0.10810617411990224,0.046401385800592936,0.0,0.0,0.09449421640189075,
EZS,,0.9828293186791417,,,,,0.9550529294564092,,,0.9775770831149648,,,,,0.9799510530819099,,0.10550362297291507,0.023830696273823514,0.03983446280238848,0.22096887849911456,0.20488703426319965,0.00026883126629473846,0.0,
EZV,,,,,,,0.9821824780878794,0.98654024719645,,,,,,,0.9951977589016407,,,,,0.05786628933668234,0.0,0.0,0.0,
FAB,,,,,,,,,,,,,,,,,,,,,,,,
FAC,,,,,,,0.9205499056126873,,,,,,,,0.91877322995631,,,,,,0.09419754016042034,0.026022907007121655,0.0,
FAE,,,,,,0.9119713479273482,0.890934714564183,,,,,,,0.9312403732247978,0.9922228328854754,,0.05235473285919634,0.019188230918026454,0.009318250936996631,0.07575104338165058,0.12076789415224042,0.0,0.03679010641917101,
FAH,,,,,0.8805542445446927,0.9175670273671458,,0.9752519715099658,,,,,0.9283015585478744,1.0,,,,,,,0.09725972617259727,0.3992539772746446,,
FAI,0.9523746477075986,0.9754155084947852,,0.9427970173874961,0.9312435396086176,0.895419425801051,0.8558408832779099,,0.949326621973286,0.992079853318169,,0.9402336162719697,0.9813244671086476,0.9175953701141483,0.9532070137673779,,0.0,0.0,0.0,0.0,0.0,0.0,0.0,
FAJ,,0.9639919002104097,,,,,,,,0.9730420632898774,,,,,,,0.0,,,,,,,
FAO,,0.9495794482357787,,0.9492894464555119,,,0.8812153336058841,,,1.0,,0.9960181970699759,,,0.9676615393129502,,0.11235722362641122,0.06919467511640488,0.12412648621264974,0.03890162101982599,0.20221807526084037,0.0,0.0026045465025101426,
FAR,0.9570831432133007,0.9260174280681202,0.9837395806320206,,,0.8666042448617681,0.7922098606589218,,0.9861071284602978,0.9493579106006882,0.9976673781145171,,,0.7566291180636582,0.8100504875841109,,0.0,0.0,0.06724176720481997,0.006721458213084822,0.0,0.0,0.0,
FAT,0.9241700610301049,0.9754758719494133,,0.9222296269305134,,0.9373503704458286,0.9347496570829729,,0.9515872269177171,1.0,,1.0,,0.8013764594087414,1.0,,0.0,0.18214890738494957,0.07752330156638186,0.013389139456614322,0.0,0.0,0.23832639160481225,
FAU,,,,,,,0.9749339478048531,,,,,,,,0.9993456557402421,,,,,,,,0.0,
FAV,,,,0.9482415568008498,,0.9782114841599504,0.8935128231715381,,,,,0.9747878869201274,,0.97716787409482,0.9006022554946123,,0.023055966197068928,0.07454701538354917,0.032111239290845764,0.021136439461361883,0.05525936157861963,0.0,0.0,
FAY,0.9739175574621581,0.8662602323446459,,,0.9107098600199551,0.9879824678013643,0.9641790272673807,,0.908509403527088,0.916831630088602,,,0.8893049640686855,0.9041732725583621,0.9825894193505271,,0.0,0.16798094503553665,0.36673706787948335,0.022568165917296986,0.0,0.0,0.0,
FBA,,,,,,,,,,,,,,,,,,,,,,,,
FBD,,,,,,0.9794084515387178,,,,,,,,0.9993401777675534,,,,,,0.0,,0.021248972757596248,,
FBE,0.9186520133325958,,,,,,,,,,,,,,,,,,,,,,,
FBM,,,,,0.9077331934493308,,,,,,,,0.9147843880013907,,,,0.07068654861614063,0.11789336987784452,0.1367832393364113,0.0,0.0,0.04367823700858422,0.022379958599095102,
FBU,0.9010903175897795,,,,,,,,,,,,,,,,,,,,,,,
FCA,0.9854751723643855,0.9268662341694985,0.9446134319553258,0.983990058534783,0.9129235256492421,,0.9751145924338579,0.9797400707112304,1.0,0.965728267807271,0.9800650933065714,0.9477039000675342,0.9060931618576221,,0.9773901276957048,,0.08357185929390774,0.012197067559092726,0.0,0.0,0.0,0.0,0.0018727065470688618,
FCN,,,,,,,,,,,,,,,,,,,,,,,,
FCO,0.8874914043915186,0.9725832007735119,0.9899434191641897,,,0.9773091764906441,0.7433466635815044,,0.8366469904321032,0.9599638368561366,0.9717528326661398,,,0.9854786731759761,0.9868739141341876,,0.0,0.018230858226792136,0.13201185952820726,0.02882975213730779,0.07015345500184293,0.0,0.09784057902141874,
FDE,,0.9763694375210671,,,,,0.9456622891074721,,,0.9991968138754265,,,,,0.9677229355746024,,0.0,0.006676434720873586,0.048221350738451685,0.04270043860048008,0.031615756324059614,0.0,0.0,
FDF,0.9713541219275509,0.9680523083993824,,0.9269020414671805,0.9813430182462238,,0.9315532241457437,,0.9765287134131911,0.9668521531551576,,0.9389631998032625,1.0,,0.9386467871284907,,0.0,0.0,0.0,0.0,0.10247589370988712,0.049064977543635487,0.0,
FDH,,,,,,,0.8474689342638773,,,,,,,,0.8861414367716883,,0.04345406944134599,0.054415259462444195,0.05564359871235527,0.0,0.0,0.0,0.0,
FEC,,,,,,,0.9318445484324783,,,,,,,,0.8928947330494174,,,,,,,,0.0,
FEG,0.9867965321580046,0.9895841579897818,,,0.976957587409099,,,0.9686590255141787,1.0,1.0,,,0.9958714450816106,,,,0.03443921041164841,0.08245644941354986,0.12296969540990793,0.07430086122166876,0.016198520043811785,0.027587965926062955,0.16988527725622735,
FEN,0.9849732050536216,,0.9359889130488446,,,,0.9022919818855154,,0.9926705726834784,,1.0,,,,0.9623023417601505,,0.0,0.09914530578185728,0.07470089560625534,0.05150983210279434,0.07092641417394689,0.0,0.0,
FEZ,,0.9698328858611867,,,,,0.9525991027298994,,,0.9830811796434801,,,,,1.0,,0.0,0.02384456166988569,0.07498655543769639,0.20752349041567766,0.12703786400624065,0.016039038767530586,0.024510067297701135,
FFM,,,,,,,,,,,,,,,,,,,,,,,,
FFO,,,,,,,,,,,,,,,,,,,,,,,,
FGI,,,,,,,,,,,,,,,,,,,,,0.0,,,
FGL,,,,,,,,,,,,,,,,,,,,,,,,
FGU,,,,,,,0.9349821154486615,0.9867293630898124,,,,,,,0.9284709168260221,,,,,,0.05328737565182307,0.0,0.0,
FIG,,,,,,,,,,,,,,,,,,,,,,,,
FIH,0.9793054353613099,0.9896193446270952,,0.927833367666734,,0.9703388670423914,0.9132750128409858,,0.9405708191040345,1.0,,0.9881359736678478,,0.9927272386643022,0.9430105026497343,,0.0,0.08478446087125313,0.11928572745542113,0.011159893933014224,0.07728999508531942,0.0,0.0,
FIN,,0.9461236600681132,,,,,,,,,,,,,,,,,,,,,,
FIZ,,,,,,,0.9413941844539148,,,,,,,,0.9494653552683656,,,,,,,,0.0,
FJR,,0.9603816454045728,,,,,,0.8355171521891563,,0.954431707643921,,,,,,,0.028488906526607738,0.0,,0.03341465828279277,,,,
FKB,,,,0.9799423829400594,0.9465553732391006,,0.9601706055890733,0.9637582925913462,,,,0.9985517310465124,1.0,,0.9757858771077651,,,0.44810850958088283,0.031530193372758926,0.06535921448392437,0.09381861150434381,0.043770206075553125,0.0,
FKI,,,,,0.9821825546982601,,0.8758805522952526,0.9586516021705208,,,,,0.918702976316126,,0.8591322317703823,,,,,0.032767089557632724,0.0,0.20289234314622226,0.0,
FKL,,,,,,,,,,,,,,,,,0.0,0.0,0.005666691266275641,0.003887427075298237,0.0,,,
FKQ,,,,0.9063798706865205,,,0.9460894545059263,,,,,0.968162064085202,,,0.9691793609219593,,,,,0.010819937812483015,0.11945440161200785,0.0,0.0,
FKS,,,,,,0.9369003951628075,0.8194830754431079,,,,,,,0.9586802057715295,0.8558284604881692,,0.17136209734344426,0.028609293133021702,0.05059554781352442,0.0,0.0,0.0,0.0,
FLA,,0.987095745058608,,,,,,,,0.988538088077084,,,,,,,0.02822609503867316,0.0,0.0,0.048221531599337605,0.046239892557938325,0.011462404402722011,0.01359416353321336,
FLG,0.9870891164977741,,,,0.9015887215036688,0.904781051759946,0.9353156345426553,,0.9921384821225865,,,,0.976303252715666,0.9440235995683777,0.9488103683792914,,0.01276831688312028,0.0,0.10456723354173585,0.09377953541910636,0.0,0.0,0.0,
FLL,,0.9641027962445841,,,,,0.7950649392024431,,,0.9972024624362001,,,,,1.0,,0.09783119699510054,0.08217629728976848,0.1375123886812765,0.0686866139528257,0.09187248746952131,0.0,0.05101249309940415,
FLN,,,0.9385930288645016,,,,0.9066097980379684,,,,0.9459916481859004,,,,1.0,,0.01733590623552752,0.0,0.0,0.09776401285450483,0.02863499689953583,0.0,0.141011251917961,
FLO,0.9578365724010206,,0.9896122412203873,0.9551541621975072,,0.9783323536839076,0.9602720760393063,,0.9830830300146357,,1.0,0.9653335897503585,,0.9336884257701327,0.9748737764772257,,0.0,0.07123828182847568,0.051295615176356966,0.0,0.0,0.0,0.0,
FLR,,0.984480276638776,0.9878219981744985,0.9646964569523963,,,0.9292598174883854,,,0.988609037092446,1.0,0.983383976834913,,,0.9954054007067213,,0.0,0.03848658333739303,0.06719719442945386,0.03897317020505207,0.07787562477170168,0.0,0.0431063458487167,
FLS,,,,,,,,0.9750430574444973,,,,,,,,,,,,,,0.06698088869183713,0.0038345735242520064,
FLW,,0.9887055626161108,,,,,0.9770358772793953,,,0.9974192316805126,,,,,1.0,,0.009090390589922472,0.013801715550435866,0.029099834536791915,0.015545499822568669,0.024166077483121138,0.0,0.0045604858689363885,
FLZ,,,,,,,0.9419505017417206,0.894722065655841,,,,,,,0.850716285089511,,,,,,,,0.0,
FMA,,,,,0.8127546658425979,,0.9294131975608394,,,,,,0.8740835825959818,,1.0,,0.0,0.016818055097121656,0.23723368445626883,0.23907548187389094,0.0,0.19165700042929262,0.17791194795999177,
FMI,0.9853639134311913,,,,,,0.9291403247815804,,,,,,,,0.9574191353037506,,,,,0.012580518524503405,,0.1374229660504134,0.0,
FMM,,,,,0.9008218599622755,0.964246516395987,0.9787120106164329,,,,,,0.9586067290425625,0.9953487966171486,1.0,,,,,0.119950011463383,0.0,0.1187501622498211,0.046138282640855725,
FMN,0.9840751013941287,,,0.9666403561508856,,,,,0.9595844044570948,,,0.9980396856674887,,,,,0.0,0.05394936764242944,0.000912966114865695,0.04000520942757708,0.0,,,
FMO,,,0.9777369622516293,0.9585094762000134,,,0.9028183175767835,,,,0.9716727671090225,0.9462284938988703,,,0.9288079669872495,,0.08190502481298594,0.0,0.0,0.0,0.0,0.0044464094163630535,0.0,
FMT,,,,,,,,,,,,,,,,,,,,,,,,
FNA,0.8362257264242233,,,0.9649799437046526,0.9693170898231802,0.9646603739427906,0.9840402176830471,0.943408696545723,0.9295289917415416,,,0.9664025059967047,0.9956944505380154,0.9897827057618006,0.9627757688975428,,0.14917537193684002,0.3664311277418223,0.14364758557990928,0.0,0.0,0.016340532723551734,0.0,
FNB,,,,,,,,,,,,,,,,,,,,,,,,
FNC,,0.9423189187932358,,,0.9709179271008974,,0.9477458620319074,,,1.0,,,0.9785312177249493,,1.0,,0.06712910765496372,0.07717802273392763,0.09633865300256618,0.03015084941374608,0.05749488070039782,0.0,0.20353533125958256,
FND,,,,,,,,,,,,,,,,,,,,,,,,
FNE,,,,,,,,,,,,,,,,,,,,,,,,
FNI,,0.8594812670417595,,0.9296631823783248,0.9010045992761669,,0.9883905155472921,,,0.8531479665589345,,0.9347452469069132,0.9655650982546257,,1.0,,0.0,0.0,0.0,0.0,0.0,0.0511894619213615,0.046370092933507606,
FNJ,,0.9394816545845127,,,,0.9806341076447975,0.8908908127055726,,,0.9697448387790202,,,,0.9857568624898511,0.9887787674308438,,0.0,0.0,0.03454644404863458,0.024630589790151383,0.027873619534920926,0.0,0.0,
FNL,,,,,,,,,,,,,,,,,,,,,,,,
FNT,,0.9282845965961279,,0.926529995323232,0.7581508122158754,,0.8494298802274238,,,0.992332898460387,,0.8567244246396876,0.9102130512489651,,0.8540162065078228,,0.18399020982649875,0.17282699354025974,0.12295206296217957,0.0,0.0,0.0,0.0,
FOC,0.9872597176449663,,,,,,0.9679455014464379,0.9281017938326616,0.9953746653295038,,,,,,0.9272597690099154,,0.12317518667704051,0.1613621426393815,0.10312586811849819,0.21761756014528683,0.33832306047446986,0.4686943722714684,0.032426856472997895,
FOD,0.8995781335801438,,,,,0.9335936531901762,0.9829185280630711,,0.8799293900633732,,,,,0.9943891570472077,1.0,,0.0,0.0,0.0,0.012088211819816261,0.03218646233804819,0.0,0.06500864909285892,
FOE,0.9229621315719001,0.9469406471173039,,,,,0.89085798696131,0.9511051873932854,0.9150019152769494,0.9571951336188576,,,,,0.9104874164230299,,0.0,0.044646881229457445,,0.2974055538537216,,0.0015228540397416114,0.0,
FOG,,,,,0.9474634669923416,,,,,,,,,,,,,,,,,,,
FOK,,,,,,,,,,,,,,,,,,,,,,,,
FON,,,,,0.7988297961198908,0.9839501292349114,0.9663408267024783,,,,,,1.0,0.9949945129062637,0.9621331970061138,,,,,,0.016073122970563365,0.0,0.0,
FOR,,,0.9896252239570457,0.9592708771580116,,,0.829077889422539,,,,0.9617217366249665,0.9751560802179626,,,0.9409880393475386,,0.0,0.08243971069284523,0.05938947629042896,0.05764080406346867,0.03789845695876473,0.0,0.0,
FPO,,,,0.9425019627919813,0.969368089229612,,0.8343666698391885,,,,,0.932655454065149,0.9894704198895728,,0.9640204122226312,,0.13020456588227894,0.10140454452980864,0.0,0.0,0.005109700584951987,0.0,0.015749778382763136,
FPR,,,,,,,,,,,,,,,,,,,,,,,,
FRA,0.9244631459580708,,0.9762071894480261,,,,0.7920540773393163,,0.9660367154849089,,0.9482245403525249,,,,0.9650403195454564,,0.001334070606822427,0.011585606693200908,0.0,0.0,0.0,0.0,0.009020475495533482,
FRB,,,,,,,,,,,,,,,,,,,,,,,,
FRC,0.8723042823169657,,,0.9773026075723371,,,,,0.8578245140761883,,,,,,,,,0.2813415751466389,0.2636366715564631,,,,,
FRD,,,,0.9734739720342591,,0.8361574008334236,,,,,,0.9724271939842306,,0.8498269237421509,,,0.0,0.0,0.0,0.0,0.0,0.0,0.07050204523600767,
FRG,,,,,,,,,,,,,,,,,,,,,,,,
FRL,,,,,0.9315503553825112,,,0.8731816178198059,,,,,0.7126729656168279,,,,,,0.36212251782882954,,,,,
FRO,0.9876680211419715,0.9872476161468303,,,,,0.9381492604340096,,0.9884697111134942,1.0,,,,,0.9669966135710695,,0.0,0.0117218160831078,0.039423927957967286,0.06807843917773664,0.0721907652591902,0.0,0.0,
FRS,,0.9361294916682475,0.9856330709658193,,0.9205082200656214,,0.903727847349465,,,0.9601618044807947,0.9974359288860106,,0.9308514637139395,,0.9946507245184195,,0.0,0.0,0.0,0.0,0.0,0.012312256812881695,0.0,
FRU,0.9814063861547643,0.9761737909926402,,,0.9562258614225728,0.8665208390802416,,,1.0,0.996404141455125,,,1.0,0.907354752556606,,,0.1087657780670259,0.0,0.0,0.20164081570944922,0.07613570381744418,0.0,0.10721013229076412,
FRW,,,0.9831863431234747,0.7930343760499505,,,0.8045077294618515,,,,0.9954817287577917,1.0,,,0.9799608246854462,,0.0,0.29210345461155374,0.008071545868904989,0.010658063475518134,0.019207895377583946,0.0,0.0,
FSC,,0.9854442205195737,,0.9894292271062757,,,0.943952421923706,,,0.985446603429602,,1.0,,,0.968868996352232,,0.04498091059234318,0.11255955914311329,0.09180386344736859,0.11563061875882562,0.08237877828556843,0.06042664493461053,0.0,
FSD,0.8649529585096487,0.8919443327444341,,0.969049739276953,,0.9392723536150019,0.7616534718050586,,0.8517788964827306,0.9483621365289815,,1.0,,0.7568100335012082,0.791929167340964,,0.0,0.03469995604207654,0.12414607708454659,0.09883047644897518,0.0,0.0,0.0,
FSM,0.9837582507203383,0.9597335760148253,,0.9833901368572185,0.8891254312419422,,0.9719452203938526,,0.9929796001020315,0.9930925366394451,,0.902947875757256,0.9299122958534117,,0.9908222214988621,,0.0,0.10483919715593017,0.14952403842582968,0.0,0.0,0.0,0.0,
FSP,,,,,0.9881368703187373,,0.8715044004638948,,,,,,0.9984690093001226,,0.9373596384397156,,0.0650963029459397,0.010127111181844785,0.01911266050405868,0.0,0.02727885329260271,0.13122860593615354,0.0,
FSZ,,,,,,,0.8413779718914476,0.871139283966603,,,,,,,0.8235380057047912,,,,,,0.10430240925434554,0.06019719673190684,0.0,
FTA,,,,0.8113499091379377,,,,,,,,0.812469361612193,,,,,0.208840990633646,0.0,0.0,,,,,
FTE,,,,,,0.9742515724866726,0.9468623914578589,,,,,,,0.9859246825416452,1.0,,,,0.005272677669611202,0.0,0.0017706788123942653,0.0,0.02588050700029242,
FTI,,,,,,,,,,,,,,,,,,,,,,,,
FTU,,0.9784302398605444,0.9795326833248029,,0.8921495926337586,,0.927416483041843,,,0.9802410763274733,1.0,,0.893559937999429,,0.9706420508256286,,0.0,0.13884762595804007,0.17741718726437034,0.0,0.0,0.02503006399715945,0.0,
FUB,,,,,,,,,,,,,,,,,,,,,,,,
FUE,,,,0.9885045987858924,,,0.950160414414491,0.9741330827865984,,,,1.0,,,0.9830035821390486,,0.05205123178535707,0.20015755136993954,0.19107121477346561,0.08330659075947573,0.15204350174426573,0.017098192885070806,0.0,
FUG,,,,,,0.9842231496938132,,0.9848419706077516,,,,,,1.0,,,,0.0,,0.38907573090769326,0.21013782596363031,0.14597734003149393,0.06943790431484863,
FUJ,,0.9853607707119004,0.9891347431218707,,,,0.9212166989958112,,,0.9729482711994798,0.9858924789240785,,,,0.9612374288474721,,0.0,0.0,0.0,0.0,0.0,0.0,0.0,
FUK,,,,,0.9600656143186631,,0.741549959077429,,,,,,1.0,,0.8975412248485187,,0.0,0.0,0.0,0.1686263902633999,0.1961494497579457,0.0,0.03363175642729482,
FUN,,,,0.9062792558705783,,,,,,,,0.9634794568822989,,,,,0.0,0.0,0.0,0.0018493677030026715,0.11072509047699837,0.19043892835358925,0.12138560477578088,
FUO,,,,,,,0.95360298208872,,,,,,,,0.983385951818037,,,,,,0.4907501688539438,0.22277076367702853,0.04192407440440205,
FUT,,,,,,,0.9637784017497234,,,,,,,,1.0,,,,,,,0.0,0.02055788309808921,
FVM,,,,,,,0.9804280385578262,,,,,,,,0.9914330286120541,,,,,,,0.01025268481845301,0.0,
FWA,0.9799072015814926,0.9504942349935631,0.9634817306180193,,0.8621178258106977,,0.9801419030300492,,0.9684496457545125,0.9561712175335104,1.0,,0.8142744685707204,,1.0,,0.0,0.13780656351197992,0.18653383638673918,0.0,0.0,0.01854597485259933,0.02823789223483708,
FXE,,,,,,,,,,,,,,,,,,,,,,,,
FXO,,,,,,,,,,,,,,,,,,,,,,,,
FYJ,,,,,,,0.937862400662741,0.9595861376128874,,,,,,,0.9202013180862156,,,,,,,,0.0,
FYN,,,,,,,,,,,,,,,,,,,,,,,0.13766214892507192,
FYT,,,,,,,,,,,,,,,,,,,,,,,,
FYU,0.9883597493045052,,,0.9890839209236578,0.9882108414177359,0.9672999672271498,0.9202944330865652,0.9894182320717436,0.9990450446432543,,,0.993646964540991,0.9980479074010661,0.9625864388245371,0.9441323807778018,,0.03698557059147816,0.030530979165614452,0.0,0.00948895631574794,0.009288340787933863,0.0,0.0,
FYV,,,,,,,,,,,,,,,,,,,,,,,,
FZO,,,,,,,,,,,,,,,,,,,,,,,,
GAE,,,,,,,0.8732570161084726,,,,,,,,0.8888117568123893,,,,,,0.13801487260057568,,0.0,
GAF,,0.8988344677533767,,,,,0.8980835556043084,,,0.9347238201721921,,,,,0.9789278192427844,,,0.0,0.0,0.0268500346668379,0.022286487490708152,,,
GAJ,,,0.8356558176165779,,,,0.9868507602378832,,,,0.8707082696804893,,,,1.0,,0.0,0.0,0.0,0.10285948455415546,0.10788240779270605,0.032596934102663275,0.01219922496616524,
GAL,,0.9862275909078222,,,,0.9865597793031549,0.9437453630873442,,,0.9954246984552675,,,,0.9794600588213332,0.9760497461008908,,0.0022710198086615015,0.0,0.0,0.0,0.0,0.0,0.0,
GAM,,,,0.9752397445669162,,,0.8859776441357986,,,,,0.9884236055429856,,,1.0,,0.0200778664586527,0.0,0.0,0.0008315116801546759,0.07604778125576059,0.0,0.005234287888243431,
GAN,,,,0.8428690341833607,,,0.9734062111107615,0.9447736131217733,,,,0.864008273509779,,,0.9735829713319484,,0.026729564323720277,0.25200137195455846,0.2437920242235735,0.0,0.16896254969929642,0.05647642305482891,0.0,
GAO,0.9877308144528522,,,,,,0.9899965007568114,,1.0,,,,,,,,0.00638122762086323,0.0,0.0,0.0153091403468077,0.054253619196194834,0.0,,
GAQ,,0.97325427539917,,,,,,0.9822677894841574,,0.7885021249009055,,,,,,,,0.0,,,,,,
GAR,0.8149573782525816,0.9486240428735214,,,,,,,0.8476363054257072,,,,,,,,,,,,,,,
GAS,,,,,,,,,,,,,,,,,,,,,,,0.0,
GAU,0.972555752813472,,,0.9719075527025013,,0.982894463089331,0.9400688462212985,,0.9912263540127678,,,1.0,,1.0,1.0,,0.1035914005667299,0.19788742612585042,0.1065841832732755,0.03896896584863239,0.08672583394832034,0.09432455754858908,0.06641111729488035,
GAX,,,,,,,,,,,,,,,,,,,,,,,,
GAY,,,,0.9884585299195621,,,0.9257371408052129,,,,,0.9950602291779878,,,0.9584228991540606,,,,0.07889335805721504,0.02339362235168684,0.03928647670352326,0.15132450471936748,0.0,
GAZ,,,,,,,,,,,,,,,,,,,,,,,,
GBB,,,,,,,0.914782108491663,,,,,,,,0.9600216667076572,,,,,,,0.0,,
GBD,0.9385711003078264,0.9070562769346275,,,0.9774546659107543,,,,0.955290728939458,0.9244637322703818,,,0.96065276052109,,,,0.0,0.005327338860590618,0.15691270688789688,0.0,,,,
GBE,,,0.8981235255902748,,,0.9664662779302844,0.9165732567675023,,,,0.9219820777326001,,,0.9998006787419234,0.941868230187624,,0.0,0.025253489880997005,0.0,0.040055656854461115,0.1008235718412878,0.0499497382676362,0.0,
GBI,,,,,,,,0.9589924803044128,,,,,,,,,,,,,,,,
GBJ,,0.979630393951637,,0.9826520534596833,,,,,,0.9879358495916296,,,,,,,0.004225328863825184,0.0,0.0,,,,,
GBL,,,,,,,,,,,,,,,,,,,,,,,,
GBT,,,,0.9128593949984695,,,0.9858807095461014,,,,,0.966918454264641,,,1.0,,,,0.0930309698630188,0.08849553345430301,0.0358529158198858,0.0,0.16605834208457584,
GBW,,,,,,,0.9714633899655488,,,,,,,,0.9954392092316573,,,,,,,,,
GBZ,,,,,,,,,,,,,,,,,,,,,,,,
GCC,0.953729876293316,,,,,,0.9492974126264416,,0.9495568701484386,,,,,,0.9756565478563058,,0.0038304545190069746,0.04236415870951767,0.006923756255390042,0.015601313684415115,0.0,0.0,0.0,
GCH,,,,,,0.9513556767865953,,,,,,,,0.9608810926745235,,,,,,,,0.0,0.11277070070282647,
GCI,0.968711597487418,0.9548978750751393,,0.9164607189730014,,0.9703251379701732,0.8869834831120049,,0.925715722430855,0.9528222352660585,,0.9730287938616131,,0.9038312016009414,0.919073404664295,,0.0,0.0,0.0,0.07259488340894156,0.09953155702962566,0.0,0.0,
GCK,0.9501810147528235,,,,,,0.9884043618719496,,0.9449470767408767,,,,,,1.0,,0.0,0.007361971418527081,0.009534238314651972,0.05286020375941658,0.021998452415196223,0.0,0.002288259401410191,
GCM,0.9436519919046571,0.9836599208985165,0.9751286140130176,0.9454771668903227,,,0.8467016301118128,,0.9629426287393902,0.9942111579721327,0.9843376154772134,0.9795042734991881,,,0.9595431256752894,,0.0,0.02901578403415175,0.0,0.06434380686476164,0.07598331430650589,0.0,0.0,
GCN,,0.9800742339033193,0.9875846215028918,,,,,,,0.8481886668323906,0.6765313471028034,,,,,,0.0,,,,,,,
GCW,,,,,,,,,,,,,,,,,,,,,,,,
GDB,,,,,,,,,,,,,,,,,,,,,,,,
GDE,,,,,,,,,,,,,,,,,0.048872734864538935,0.02572930016222271,0.017523081291654356,0.028457973457068197,0.04702435410305268,0.027176255769473547,0.003484766237032667,
GDL,,,,0.955044941558264,,,0.9030550226373433,,,,,0.9770028130586268,,,1.0,,0.17802350166039632,0.0,0.0,0.2013511574606613,0.16167813858915234,0.0,0.03498883573072022,
GDN,0.929686208180737,,0.9772404193337171,,,,0.9741059757260314,,0.9980946440187346,,1.0,,,,0.9949154508303558,,0.016310778269230122,0.19776811976353764,0.2622462787849968,0.1692947424928508,0.14850991783715492,0.1423533005687465,0.020752540411568328,
GDQ,,,,,,,0.9745379159240087,,,,,,,,0.9884712052653657,,0.027920635012695094,0.02258279113677814,0.020351547202012953,0.04026649041431423,0.05591641948070115,0.019272623703993838,0.004142271772201781,
GDR,,,,,,,,,,,,,,,,,,,,,,,,
GDT,,0.8708682288953363,,0.9186370327588071,,,,0.9880050616495444,,0.8927958004797697,,0.9261764251429523,,,,,0.0,0.0,0.08946947470568245,0.0,0.014160623440255279,0.0,0.0021683955058494934,
GDV,,0.984958062512841,,0.9825571561843098,,0.9773895206753369,,,,0.9959918116052943,,0.9990819481264928,,0.9360195351522804,,,0.0,0.0,0.0,0.0,,0.0,,
GDX,0.8933636535729573,,0.9861871747756997,,,,0.9774858771694361,0.9261210327225308,0.8838687293777644,,0.9876394554242743,,,,0.9506830304738796,,0.0,0.0,0.0,0.027346093308138274,0.02800238321159704,0.007658860643734006,0.0,
GDZ,,0.9826006931307791,,,,,,0.7536896087772791,,1.0,,,,,,,0.16833311322585084,,,,,0.012336440565169863,0.0,
GEA,,0.9297999593780928,,,,,,,,,,,,,,,,,,,,,,
GEC,,,,,,,,,,,,,,,,,,,,,,,,
GEG,0.9672114577151613,0.9823708423097922,,0.9653538672898844,,0.9531201271787401,0.9057744698248458,,0.9590007462086113,0.9932432681171893,,0.9912429721944205,,0.9245894530352639,0.991435658652057,,0.0,0.017644848397936584,0.000372596954890965,0.0,0.0,0.0,0.0,
GEL,,,0.9446343433035251,,,,0.92529937359266,,,,0.8924007493356116,,,,1.0,,0.0,0.0,0.0,0.037551623174591514,,0.0,0.22020149911534448,
GEM,,,,,,,0.9680759555733246,,,,,,,,0.9920249420214138,,,,,,,,0.0,
GEN,0.9265148750005758,,,,,,,,,,,,,,,,,,,,,,,
GEO,0.9497203088524097,0.9732969835754515,,,,,,0.9720356273863101,0.9495893296226812,0.99786226993057,,,,,,,0.0,0.0,0.0,0.06624093565023569,0.06285604033757553,0.09784032111363442,0.12309485493493784,
GER,,,,,,0.9809109129930011,0.9384292926450039,,,,,,,0.9983265497073454,0.9693342117683387,,0.02776964376007103,0.0,0.0,0.0,0.04272483316400261,0.00034135832938252787,,
GES,,,,,,0.9871010377287539,0.911555825122225,,,,,,,0.994191387330712,0.9688882219360577,,0.021861604327157964,0.008469738548648539,0.0,0.054771497217687516,0.07408657159328752,0.0,0.0,
GET,,0.9713604841947897,,,0.9029088337765332,0.9844761743283132,,,,0.998917136816137,,,0.9516295852889368,0.9838962746533503,,,0.0,0.0,0.0,0.033985461300204,0.0,0.016090259594962644,0.06057129175180658,
GEV,0.9743012877789754,0.9804742002736639,,0.9812263448857735,,,0.9718851049420495,,0.9704682842973044,0.988038538688272,,0.9917628889924394,,,0.9736526552608452,,0.0,0.01657306674551403,0.024037343480247435,0.02434542186699129,0.031187399322004577,0.0,0.0,
GFB,,,,,,,,,,,,,,,,,,,,,,,,
GFF,,,0.980199784741272,,,,0.9505218995019957,,,,0.9817807103039777,,,,0.9833365267865581,,0.0,0.0,0.0,0.0,0.0,0.007639921192965781,0.0,
GFK,0.9409429793730326,0.935303590962969,,,0.8488371989312804,0.7890922186380462,0.9509648286169354,,0.9398609185860686,0.9513952320184212,,,0.8787610639042922,0.7902082581569532,0.9565556889295777,,0.0,0.0,0.0,0.0,0.0,0.0,0.0,
GFN,,,,,,,0.9518444173481472,,,,,,,,0.9656883081732995,,,,,0.0,0.0,0.0,,
GFO,,,,,,,,,,,,,,,,,,,,,,,,
GGB,,,,,,,,,,,,,,,,,,,,,,,,
GGF,,,,,,,,,,,,,,,,,,,,,,,,
GGG,,0.9748528037460656,,,,,0.9840914727878289,,,0.9744397537284252,,,,,0.9945478739493787,,0.0,0.0,8.403631718267588e-05,0.03545929437643667,0.03746391606113295,0.0,0.018118935328856178,
GGH,,,,,,,,,,,,,,,,,,,,,,,,
GGJ,,,,,,,,,,,,,,,,,,,,,,,,
GGM,,,,,,,0.9820646541648007,0.7993860691964235,,,,,,,0.7851187951754405,,,,,,,0.0,0.0,
GGR,,,,,,,0.9815539901606816,,,,,,,,,,,,,,,,,
GGT,0.9768355067172517,,,0.9382080834542337,,0.9880299956229761,,,0.969783576078282,,,1.0,,0.9904556626947839,,,0.0,0.06359733080184896,0.08954885452430424,0.0491325063954368,0.11697866123466719,0.0,0.0,
GGW,,0.9846023156156436,,0.980817173277242,0.8684067596839302,0.984380506578575,,,,0.9962214861336118,,0.9994385544556125,0.8775656883042069,0.9427146134572777,,,0.0,0.0,0.0,0.0,,0.0,,
GHA,,,0.9775110907321973,,,,0.9019743315531903,,,,0.972990236345198,,,,1.0,,0.0,0.0,0.0,0.12600737834292522,0.12768420772160208,0.010145795176991792,0.016883073344543798,
GHB,0.9869389564004597,,,,0.9868214399017069,,0.9471485976184982,,0.9784002192800871,,,,0.985789537893054,,0.9711017958487732,,0.0,0.0,0.0,0.036800375414747746,0.0,1.438584200645899e-05,0.04009414968140925,
GHC,,,,,,,,,,,,,,,,,,,,,,,,
GHE,0.9842725025754815,,,,,,,,0.9741419559715033,,,,,,,,,0.027060273305923366,,,,,,
GHS,,,,,,,,,,,,,,,,,,,,,,,0.0,
GHT,,,,,,0.9438764888092944,,,,,,,,0.928091876499551,,,0.007101473858823283,0.02204175409592373,0.013745077979535014,0.0,0.0,,0.03633187953565525,
GHV,,,,,,,,,,,,,,,,,,,,,,,,
GIB,,,0.9541417884977615,,,,0.9646597845440695,0.9884609439750132,,,0.9807841549486247,,,,0.9604160242603339,,0.0,0.0440545444009332,0.0,0.025264627810714604,0.0680778151528286,0.011879259231901407,0.0,
GIC,,,0.9610738934008618,0.9624034038970715,,,0.9537921201064068,,,,0.954236391886635,,,,0.972184131164252,,,0.0,0.15604186655845084,,,,0.0,
GIG,,,0.9564798821858707,,,0.9046919428151652,0.7791550707376005,,,,0.9629037513139114,,,0.8997194587500121,0.9547196275855783,,0.0,0.0,0.0,0.16094287032750912,0.11428456681821945,0.0,0.064345856331848,
GIL,,0.9850375957845413,,0.986910882826998,,0.9853764157918662,0.9896736282996632,0.9849991182791509,,0.9998311739018221,,0.9960484006930782,,0.9997723280934273,0.9878313501698595,,0.0,0.011927899842384656,0.013852325296588155,0.0,0.014036672108057506,0.0,0.0,
GIS,,0.9614671737318827,,,,,0.9370980754036451,,,0.9755678167045413,,,,,0.976394359480463,,0.0,0.0,0.025786235293176252,0.027653245487414196,0.037992881539534416,0.003542802012427948,0.0,
GIT,,,,,,,,,,,,,,,,,,,,,,,,
GIU,,,,,,,0.9777183038952436,,,,,,,,,,,,,,,0.011615752962973557,,
GIZ,,,,0.9856574572737427,,,0.9076282951405438,,,,,1.0,,,0.96401546423838,,0.025740546013472067,0.029950885956150027,0.02436627926433308,0.05588401222734296,0.18010526109944064,0.10163624110454199,0.009606327726191492,
GJA,0.9658791248608796,0.9152272218645148,,0.9764372460363678,0.9819964380240926,0.7914110305967543,,0.8341430405773351,0.8648315323026291,0.9376835766861913,,0.9799499970681846,0.9972481584667099,0.8150869571257272,,,0.0,0.0,0.0058190097306941,0.0,0.0,0.0,0.20158889138565061,
GJL,,,0.982367496574459,,,,0.9500008804227988,,,,0.9849315113321869,,,,0.9862517689416967,,0.018829872156504508,0.02580693743622296,0.0004446263865080289,0.05683222732469222,0.060946973879464274,0.0,0.0073565806325495324,
GJR,,,,,,,0.9179709742383741,,,,,,,,0.9669272350633135,,,,,,,,0.0,
GJT,0.9335097975968384,,,0.9871623143015426,,0.8568413692719798,0.8374851530595734,,0.9071863954155412,,,1.0,,0.7348856496139959,0.8567208711916557,,0.0,0.3219293617923431,0.29107143701824423,0.10244320821842011,0.010841022085783063,0.0,0.0,
GKA,,,0.9693244303851207,,,,0.9639997127873372,,,,0.976538846678694,,,,0.9806969421099243,,0.0,0.0,0.0,0.014749522734742195,0.014103642531330158,0.033612173626518825,0.0,
GKE,,,,,,,,,,,,,,,,,,,,,,,,
GKK,,,,,,0.9245878740989698,0.984344535665766,,,,,,,0.9308833963327166,0.9968393306151677,,,,,,,0.0,0.0,
GKL,,,,,,,,,,,,,,,,,,,,,,,,
GLA,,,0.9814262173827413,0.9576005912565186,0.9666040302331896,,0.821859338587937,,,,1.0,0.9415862452885764,0.9839669947093492,,0.9371685636867595,,0.05109067724238975,0.15148199472698184,0.09967073922218286,0.0,0.09144515126911967,0.0,0.0,
GLD,0.9838208407699328,,,,,,,,0.9602615431049331,,,,,,,,,,,,,,,
GLF,,0.9570323354167191,,,,,0.9821502404319118,,,0.9889652597692412,,,,,0.9822881291982759,,0.0,0.0,0.03201532718259187,0.00882499985417851,0.01760357766825353,0.0,0.0,
GLH,0.9851044002612925,0.9610866919760158,0.9771451417555316,0.9802255721529038,,0.9840861602690814,0.9689349456878652,,0.9908344313536528,0.9441295325282261,0.9856920397799666,0.9894856359019962,,0.960243138221169,0.9812087879010833,,0.0,0.0,0.0,0.1078059210838895,0.10796738543083072,0.0,0.0,
GLK,,,,,0.8900489265964369,0.8413880805168136,0.9759060666094802,,,,,,0.9504939793586266,0.832555729976829,0.9806341303387102,,,,0.0,0.19457566025699358,0.0,0.0,0.0,
GLN,,,,,,,0.9642038882756288,,,,,,,,0.9997524063415283,,,,,0.05620404915853982,0.04802917497076722,0.009731086085534007,0.01902060558883747,
GLO,,,,,,,,,,,,,,,,,,,,0.015115110369567041,0.0,,,
GLS,,,,,,,,,,,,,,,,,,,,,,,,
GLT,,0.9862318455780542,,,,,0.9502273237931935,,,0.9852784864149385,,,,,0.9840707143603704,,0.0,0.0,0.006933380778541632,0.09836653067869286,0.016457743263696593,0.0,0.024819719166606784,
GLV,,,,0.9678261963085589,,,0.8896116994364243,,,,,0.9789615421465323,,,1.0,,0.019749921409334452,0.0,0.0,0.0,0.07180292526207434,0.0,0.009448686829174862,
GLX,,,,,,,,,,,,,,,,,,,,,,,,
GMA,0.9803432630488602,,,,,,0.977645758935452,,0.9736370803685631,,,,,,0.9945568876599208,,0.0,,,0.035354746429695515,0.05487402045178758,0.003116840694097452,0.0,
GMB,,,,,,,,,,,,,,,,,0.05701279091047623,0.026171192515296267,0.018437196442913154,0.03980345847603532,0.06033811716973208,0.037177271043022125,0.008805468084860935,
GMD,,,,,,,,,,,,,,,,,,,,,,,,
GME,,,,,,,,,,,,,,,,,,,,,,,,
GMO,,,,,,,,,,,,,,,,,,,,,,0.003654955564561747,0.058819224636099426,
GMP,,,,,0.9849816484897164,,0.9057863143906019,,,,,,1.0,,0.9667379794411778,,,,0.03208654144312493,0.15051958024091686,0.11625297714217726,0.0,0.03226942234334404,
GMQ,,,,,,,0.9674413084988067,0.8483608180636513,,,,,,,0.9073908472620454,,,,,,,,0.0,
GMR,,,,,,,0.9351179278580242,,,,,,,,0.939940172776512,,0.003997970424193378,0.003075151282891906,0.03303599358715142,0.0479958352062555,0.05212122616132684,4.047508309047403e-05,0.0,
GMZ,,,,0.9813276965149679,0.9353360160329082,,0.9797673053353971,,,,,0.9376694276348574,0.9415570365515143,,0.9993652509997034,,,,0.020563475182781392,0.0,0.0,0.08436083849609777,0.0,
GNA,,,,,,,,,,,,,,,,,,,,,,,,
GNB,0.9762048244928634,0.8727117868858947,,0.9682385248527613,,,0.940164796806929,,0.9624742042479759,0.9273706464425155,,0.970536676304407,,,0.9850239545643698,,0.0,0.11224845013002137,0.2321819637107855,0.07702411037473478,0.06546201559080285,0.03750324529521929,0.0,
GND,0.978753724744311,0.9886657459963718,0.9721195647560757,0.9837335786404036,,,0.9896601369796413,,0.9996925827193464,0.9625714384202626,0.9736505874872416,0.977420566926287,,,1.0,,0.0,0.0,0.0,0.0,0.034859601201200525,0.0,0.030887754327265232,
GNE,,,,,,,,,,,,,,,,,,,,,,,,
GNI,,0.797243841021351,,,,,,,,0.8165062903307627,,,,,,,0.0,,,,,,,
GNJ,,,,,,,,,,,,,,,,,,,,,,,,
GNM,0.9836227713468201,,,,,,,,,,,,,,,,,,,,,,,
GNR,,,,,,,,,,,,,,,,,,,,,,,,
GNS,,,,,,,0.953433077411535,0.9297015891150394,,,,,,,0.8923599901186235,,,,,,,0.18432966818365001,0.0,
GNV,0.9236423258676388,0.9510511325993777,,0.8613434868227883,0.9548047745380382,,0.9685017624443215,,0.8873937687070396,0.9792242027008787,,0.8951283524982955,1.0,,1.0,,0.0,0.24595579100959475,0.1922916614675426,0.0,0.012690990026923353,0.0,0.03456700241778248,
GNY,,,,,,,0.9704026034359372,,,,,,,,1.0,,,,,0.1269563643157663,0.1320766617603232,0.02608737943936529,0.02904040576237489,
GOA,0.9442651363292867,,,0.9773013829619034,,,0.8575094540637107,,0.9633959780734551,,,1.0,,,0.884312040458199,,0.0,0.03292912414565718,0.008814994362583525,0.03918268226452865,0.07149274561350656,0.010798909732819436,0.0,
GOB,,,,,,,0.9873780455315966,,,,,,,,0.9973282873648773,,,,,,,,0.015084411310862073,
GOH,,0.8302535158467931,0.9727517563207025,,,0.9711242036444131,,,,0.8592763814292672,0.9917124520011443,,,0.9927540994941196,,,0.0,0.0,0.16486881058315428,0.05891845427114713,0.0752446776452364,0.06921640107283802,0.07500917339828779,
GOI,0.9888815416839074,,,,,0.9607926453838256,0.8481397141644998,,1.0,,,,,0.9992858748384956,0.8927216380313636,,0.21727945855972253,0.33307996191176303,0.12633723793529408,0.059498944789826105,0.05954887982440604,0.04286034028143645,0.0,
GOJ,,,,,,,0.9679867795500863,0.8736806486894442,,,,,,,0.9931457613116093,,0.1180620979160973,0.030612738710749196,0.01845287207861974,0.21783826863047723,0.06848067684646689,0.0,0.0,
GOM,,,,,0.9524533667018105,,,0.9316309638058362,,,,,0.9304963901633118,,,,0.0,0.18394114815879237,,0.0,0.13026158713629657,0.33669600612499695,0.02640457028766814,
GON,,,,,,,,,,,,,,,,,,,,,,,,
GOP,,,,,,,,0.9808495277770471,,,,,,,,,,,,0.044860219096511944,0.05108535113262017,0.1288083851723507,0.003377325367491923,
GOQ,,,,0.9454341696902471,,0.9194247009057083,,0.9099772457507417,,,,0.9893331396719076,,0.994925710685878,,,,,0.0,0.1834578491691879,0.2880407739458397,0.08857536462266218,0.0,
GOT,,,0.9805370038908799,0.9357692383346055,,,0.8414459682547673,,,,0.9994622598657299,0.991512179988109,,,0.8885917977553247,,0.055370331695260476,0.06455451708696014,0.026483815183814718,0.07261874755251538,0.2945088572742118,0.07946975837211144,0.0,
GOU,,0.9854219706772942,0.8224002112386979,,,,0.9889511988750441,0.9787141465643778,,0.8029595846473371,0.8094940809467089,,,,0.9954546894098271,,0.0,0.0,0.0,0.13997084270799323,,0.0,0.0,
GOV,0.923526624800671,,0.9616799210678866,0.9708841166034136,,,,0.8686921943903312,0.8094438998197894,,0.9565552869427213,0.976930407708875,,,,,0.0,0.0,0.0,0.0,0.04487309110411382,0.03987829242763666,0.0,
GOX,,,,,,,,,,,,,,,,,,,,,,,,
GOY,,,,,,,,,,,,,,,,,,,,,,,,
GPA,,,,,0.9797889145110115,,0.9291291417640261,,,,,,0.998065205351035,,0.9546167793087699,,0.29675459055326014,0.10144451338993364,0.039093049627233374,0.04551205115233313,0.029245005218631392,0.0,0.03220733683292153,
GPB,,,,,,,0.9598115188568578,,,,,,,,0.9963713864682177,,,,,,,,0.008738012018080794,
GPI,0.9867296998655393,0.9716624333790166,,,,0.8528194460545696,0.976129478853357,0.8865058193884601,0.9775945171765436,0.9919948156178798,,,,0.8893749576724346,0.9974663203388902,,0.0,0.0029947973218275824,0.021412016552846358,0.007095785212400965,0.0413500898847377,0.0,0.0,
GPN,0.9692907973385482,,,,,,,,0.9460385876635407,,,,,,,,,,,,,,,
GPO,,,,,,,,,,,,,,,,,,,,,,,,
GPS,,,,,,0.9811140202867199,0.9440893313287543,,,,,,,0.9797556970883988,0.9876459641913946,,,,,0.019531701885216482,0.028694682412556568,0.0,0.0,
GPT,0.9544757611892626,0.9669588458572447,,0.8584956986885527,0.8855677092101771,0.9455039525992818,0.933372632590845,,1.0,1.0,,0.8409986232145896,0.9654550663589769,0.8297120547407809,1.0,,0.22539876904709386,0.264418356035051,0.14556881171912628,0.0,0.0,0.0,0.48480897090430636,
GPZ,,,,,,,,,,,,,,,,,0.009628596257825249,,,,,,,
GRB,0.9485263073813996,0.9829039597988349,,0.9650580658259486,,0.9362391738572262,0.8003357937507185,0.9523057586774292,0.9803316259955999,0.9978538246778188,,0.9617333882551532,,0.8841184995745555,0.7919516723778742,,0.0,0.07372095875145535,0.048470587904807155,0.0,0.0,0.0,0.0,
GRF,,,,,,,,,,,,,,,,,,,,,,,,
GRI,0.9222560507643668,,,,,0.9803286452132934,0.9836815288767309,,0.8698798486003111,,,,,0.9851205037611006,1.0,,0.0,0.0,0.0,0.15519256031911075,0.04686892285802317,0.0,0.02763501310551528,
GRJ,,,,,,,0.928337977743181,,,,,,,,0.9634927471864202,,0.016863587395086845,0.031821797248577054,0.052823097239737805,0.016757884943599918,0.03933307998970424,0.0,0.0,
GRK,,,,0.8902937740178416,0.9734936311686622,0.9149560895178782,,0.9166225121726785,,,,0.9638218279932761,1.0,0.8655975390077764,,,,,,0.038839015930465716,0.12203620146873269,0.0,0.0,
GRL,0.8149218321082972,0.9505547072558783,,,,,,,0.8865116172215781,,,,,,,,,,,,,,,
GRN,,,,,,,,,,,,,,,,,,,,,,,,
GRO,,,,0.9775349150021526,,0.8686962621748786,0.870337914987444,,,,,0.9895049563318656,,0.8829766300392308,0.9521828619204953,,0.3127757028924191,0.42296540479750566,0.43065496951128773,0.0,0.0,0.0,0.007991504573399318,
GRQ,,,0.8923634083679621,0.9080999236558404,,0.9891505658178502,0.9646851497341772,0.9797011912494561,,,0.9415247165852485,0.9549015128930064,,0.9813347724894168,1.0,,0.0,,0.03499163915587948,0.09018690856643592,0.2256127056510058,0.0,0.06561505666984037,
GRR,0.9647543501147278,0.9505845450613919,,0.9491877031379228,,,0.8592286919810855,0.9860283515500049,0.9721249885376732,0.9926742651299981,,1.0,,,0.8695685245211633,,0.0,0.03918938802549185,0.03766234520625013,0.10197658160573683,0.018059570278969296,0.0,0.0,
GRS,,,,,,,,,,,,,,,,,,,,,,,,
GRU,,,0.9502114960899193,,,0.9454769093903815,0.8118365305075517,,,,0.9374068247683199,,,0.8877453682495757,1.0,,0.0,0.0,0.025215369339792126,0.2665719625340813,0.023776528101390287,0.0,0.15359931582584127,
GRV,,,,,,0.9640578017256544,,,,,,,,0.9953612227627456,,,,,,0.2019212472724007,0.21547136274921475,0.18316893043645177,0.11401586571708212,
GRW,,0.9889494085181848,,,,,0.9783130886844591,,,0.9974902459001036,,,,,1.0,,0.016010325417802913,0.020348620932341382,0.021815320239421825,0.0,0.0012271361348092868,0.0,0.0014111728352709958,
GRX,0.9576277399024589,,,0.9106441927832767,,,0.8717815356948438,,0.9532169999662319,,,0.9384423560794657,,,0.9506682979598341,,0.0,0.21550484277889106,0.1710488574739965,0.0,0.0,0.12020108441226374,0.0,
GRY,0.7403962079934983,0.7506108889030947,,0.9401336579578258,,,,,0.8230502201546781,1.0,,1.0,,,,,0.04472481016108631,0.06479818377680323,0.40498934122659724,,,,,
GRZ,,,,,0.9758916769213959,0.9767504372359945,0.9469248202770999,,,,,,0.9509283413792795,0.9891775450274152,0.9755421777063927,,0.01970523165186531,0.11694506127882315,0.11568928054686439,0.0,0.0,0.0,0.029443028022167646,
GSB,,,,,,,,,,,,,,,,,,,,,,,,
GSE,0.9835101405559942,,,,,0.9136536973827148,,,1.0,,,,,,,,0.2664072161803368,,0.27107976828678493,0.07150574399097027,,,,
GSI,,,,,,,,,,,,,,,,,,,,,,,,
GSM,,,,,0.8110104308423479,,0.7726557575295743,,,,,,1.0,,0.9586741842634579,,,,,0.04400035684609853,0.06096312828009496,0.02532259072619614,0.0,
GSO,0.8996892336604284,0.9198232960453911,,0.9020095810756923,,0.9775887102469669,0.765029622588854,,0.8975196196733974,0.9828104855786107,,0.9032822256313054,,0.8389973933566132,0.8041312303810405,,0.0,0.07302810561007701,0.12429024828265377,0.0,0.0,0.0,0.0,
GSP,0.9082116291657913,0.8848486904253196,,0.9299477737610252,,,0.8573593867920626,,0.9172095477888926,0.9788865272130028,,0.9761333755569072,,,0.8750772026170226,,0.0,0.12396844751455531,0.2058294587198338,0.14234465122106182,0.13688530684524988,0.0,0.0,
GST,,0.9865764888850572,,,,,0.9676958366218982,0.7884684670511207,,0.9991409823495804,,,,,0.8758047425382014,,0.020947082644532065,0.0010871395613650677,0.02148425113599338,0.0060741677750275214,0.011494892914929881,0.0,0.0,
GSV,,,,,,,,0.8825163162880165,,,,,,,,,,,,,,,0.0,
GTB,,,,,,,,,,,,,,,,,,,,,,,,
GTE,0.9381180919093306,,0.9625169951147219,,,0.9711966490529241,,0.963551154145712,0.8163991450915438,,0.8887233252659431,,,0.9977433458655426,,,0.0,0.0,0.0,0.005348309990694175,0.00038972289361233794,0.1310111235265586,0.0,
GTF,,0.931774788015826,,0.9699323872615013,,,0.9010952227360841,,,0.966447717444681,,0.9796795238721507,,,0.9536264171970239,,0.02433015623946674,0.0,0.029952499811879956,0.0,0.0,0.0,0.0,
GTO,,,,,,,0.9362087493457908,,,,,,,,0.9875055599021785,,0.18194251318471932,,,0.0629350722463066,0.10493379612009228,0.0,0.003658195338355534,
GTP,,,,,,,,,,,,,,,,,,,,,,,,
GTR,0.9718728930811178,0.9722579011246979,0.9870529585472874,0.9442398610640864,,,0.9730282065725474,,0.9887215460933372,0.9702088913380338,0.9966273548352315,0.9584154089767241,,,0.9844875802844519,,0.0,0.03329375792773843,0.0031695165444412675,0.0,0.0,0.0,0.0,
GTS,,,,,,,,,,,,,,,,,,,,,,,,
GTZ,,,,,,,0.9305028947128476,0.9774280607380426,,,,,,,0.9218990901236657,,,,,,,,0.0,
GUA,,0.975490655112928,0.9757809723266786,0.963685262227152,,0.9843164745991738,0.8813893519767443,,,0.9652568964899157,0.9845329311837453,0.9911679883846478,,0.940991569693502,0.9744584830531502,,0.02221942890073563,0.0,0.0,0.042857236791775916,0.03859356645611373,0.0,0.0,
GUB,0.9314236620177742,0.8515957010871291,,,,,,,0.9385699439650927,0.8512767716995985,,,,,,,0.0,,,,,,,
GUC,0.9803048967486446,,0.9883249210923744,,,,0.952757237278781,,0.9993730974142486,,0.9813813788686868,,,,0.9598418414909197,,0.0005575741313735823,0.0,0.0,0.27355534536366294,0.08209040926853274,0.0,0.0,
GUF,,,,,,,,,,,,,,,,,,,,,,,,
GUI,,,,,,,,,,,,,,,,,,,,,,,,
GUL,,,,,,,,,,,,,,,,,,,,,,,,
GUM,,0.9357229061662006,,0.9018895782143292,,0.8754221457999657,0.8971843550754313,0.953024472130759,,1.0,,0.9620174511515638,,0.8751175919579638,0.8729446444927048,,0.1369202639375364,0.15680892775933392,0.016790547233126226,0.0,0.0,0.0,0.0,
GUO,,,,,,,0.986335800344593,,,,,,,,0.9903817730737567,,,,,,,,0.0,
GUP,,,,,,,,,,,,,,,,,,,,,,,,
GUR,,,0.9877995252400338,,,,0.9658999860129004,,,,0.9577432086786833,,,,0.9809029083851647,,0.0,0.0,0.0,0.059941068571149524,0.14044912541486956,0.0,0.0,
GUV,,,,,,,,,,,,,,,,,,,,,,,,
GUW,,0.9615593171751552,,0.9804350895204306,,0.9718256204917192,0.9825530473084595,,,1.0,,0.996999882313946,,0.9973317251720196,1.0,,0.029955309747869283,0.09882304373322155,0.1143999173836549,0.0,0.030286000628779428,0.0012409228009970237,0.030829908558928063,
GUZ,,,,,,,,,,,,,,,,,,,,,,,,
GVA,0.8687707170397474,0.972707862799211,,,,,0.8945997347775171,,0.8322266650019412,1.0,,,,,0.9561997962884716,,0.0,0.11177093923309274,0.16695674394964719,0.08784603850424422,0.07595912917311087,0.0,0.0,
GVN,,,,,,,,0.9203342386838143,,,,,,,,,,,,,,,,
GVR,0.9734689501234359,,0.9755604870067942,0.9441642166555216,,0.8378984673042251,0.9574813379246038,,1.0,,0.7836657742511682,1.0,,0.8790235267230178,0.9835255663100783,,0.1154829856603668,0.0,0.0,0.16097500746231005,0.15344975742324768,0.0,0.014734510669170621,
GWD,,0.9822037486184443,,0.9722208612522253,,,0.9663696866720565,0.9482845785707869,,0.9918101502095182,,0.989458599170717,,,0.9720762803442788,,0.0,0.000880282724190262,0.0,0.0,0.02188325415867765,0.030416344196040238,0.0,
GWL,,,,,,0.9623456560749584,,,,,,,,0.9816017208275609,,,,0.0,,0.03161104657175042,0.0,0.0804783560712677,0.07406531649480004,
GWT,0.9746249355247305,,0.876860620751576,0.9894180561955885,,,0.979280124708506,0.9868911081466553,0.9779551003784221,,0.9040615688135638,1.0,,,0.972048847653741,,0.0,0.0,0.0,0.0659275267663294,0.09088171819368117,0.0,0.0,
GWY,,,,,0.9438217781056126,,,,,,,,,,,,0.06883481945697537,0.15066446240812192,0.23852563976617652,,,,,
GXF,,,,,,,0.9736117365431981,0.9357352518432388,,,,,,,1.0,,0.07681165130379394,0.0,0.0,0.05734693966940674,0.02315569783257992,0.0,0.11516853666641072,
GXG,,,,,,,,,,,,,,,,,,,,,,,,
GXH,,,,,,,0.978265247538375,0.9456816776295952,,,,,,,0.9286313986599096,,,,,,,0.1892150025541774,0.0,
GYA,0.9321223360880296,0.9702101757975103,,,0.7646756883597103,,0.9858551514170614,,0.934001743953288,0.9405417635400986,,,0.837635471857376,,0.9789055845162021,,0.0,0.0,0.0,0.26583685839276744,0.0,0.2865857095850521,0.0,
GYB,,,,,,,,,,,,,,,,,,,,,,,,
GYD,,,,,0.9738903737624722,,0.7893213572740945,,,,,,1.0,,0.9031678522430077,,,,,0.1295491336732079,0.3124027266757723,0.05232955778031039,0.0,
GYE,,0.9156375958104338,,0.9753382098402287,,0.9846503211535865,0.9175555865006129,,,0.9738206153913297,,1.0,,0.9811189621902795,0.9903191512124849,,0.0,0.0,0.05476118577885776,0.018526717209194198,0.06027974401426617,0.0,0.0318548538293873,
GYG,,,,,,0.9899088729521821,,,,,,,,0.9977220505578598,,,,,,,,0.10823120920329035,,
GYI,,,,,,,,,,,,,,,,,,,,,,,,
GYL,0.9802975523582422,0.9630482636380647,,,0.9706744382640643,,0.9679104377179355,,0.9640987828372612,0.9982688067724402,,,0.9960820075425024,,0.9933599851906563,,,0.0,0.01813073086542748,0.03310413541879033,0.0,0.03860680056490329,0.010062552409489545,
GYM,,0.9113751225502613,0.9457808702548652,,,,,,,0.840558339703235,0.9054992333696567,,,,,,0.0,0.0,0.0,,,,,
GYN,,,0.9634583045472579,0.9529754241741292,,0.9134905274692986,0.9280036462809014,0.9878229919903696,,,0.9600643165782698,1.0,,0.8935442693011221,0.9814347995611249,,0.0,0.0,0.0,0.06348150855455884,0.09892875833514314,0.0,0.0,
GYO,,,,,,,,,,,,,,,,,,,,,,,,
GYR,,,,,,,,,,,,,,,,,,,,,,,,
GYS,,,0.9328423161879353,,,,0.9653926002498359,,,,0.9872564110143166,,,,0.9887359077835359,,,0.08179421788708023,,0.15542492225718688,0.11775526723048568,0.08596043959078539,0.01859187930486496,
GYU,,,,,,,,0.8667037783640589,,,,,,,,,,,,,,0.3987863644699277,0.0,
GYY,0.9300475712221643,0.8703296936564708,,,,,,,0.9583527561380588,0.9701954458872873,,,,,,,,0.0756815390886293,,,,0.18159783733278367,,
GYZ,,,,,,,,,,,,,,,,,,,,,,,0.05605137457059765,
GZA,,0.8384385088443347,,,,,,,,0.8442828109245422,,,,,,,,,,,,,,
GZG,,,,,,,,0.9268179844711628,,,,,,,,,,,,,,,0.000203147298180392,
GZM,,,,,,,,,,,,,,,,,0.009706468101615129,0.0,,,,,,
GZO,0.9747989161729967,0.9538240481775692,,0.9587200156654851,,,,0.94818851174749,0.9859882182897296,0.9742075157403497,,0.9694901743984096,,,,,0.0,0.0,0.044451584377685184,0.0,0.051371030049516306,0.08925900865728328,0.009219168996503647,
GZP,,,,,,,0.8987422049685481,,,,,,,,0.9491279077854298,,,,,,,0.052564856648785324,0.04158640965632533,
GZT,,0.9816629768954329,,,,,0.923256115355499,,,0.9937163655723796,,,,,0.9812583212619538,,0.018673484659921344,0.07110496520468491,0.14789892536064972,0.18556302098973462,0.13680793954589504,0.07962037944586968,0.004039631247494727,
HAA,,,0.8767962830520989,0.9214626791358604,0.9802676155487682,,0.9641443159751899,,,,0.982917156350949,0.9727195188719928,0.985355657078262,,0.9907656714126721,,0.0,0.15945486183656796,0.0,0.0,0.027057276559466253,0.019260314974276226,0.0,
HAC,,,0.9780640104827487,,,,0.9415875116938518,,,,0.9122883074035278,,,,0.9933578803511791,,0.0,0.0,0.0,0.25607299991446864,0.24119409488742347,0.0,0.0029464003577039702,
HAD,0.9723881736407454,0.9773348670250185,,,,,,0.8043147951772902,0.9886221197616323,0.9898657061932172,,,,,,,0.0,0.0,0.026064186878496855,0.00928197457410486,0.05337010823066076,0.0,0.19023848233122018,
HAH,0.9274285922303188,,0.9091578837065603,0.8622319198144368,0.8523620793414918,,0.9377803439508638,0.9630857776992603,0.9703325882486724,,0.9880926208711912,0.9266647571211164,0.8938130828167316,,0.9264348133680698,,0.0,0.044782550224281875,0.0,0.0,0.0,0.042319830830871485,0.0,
HAJ,,,,0.9157305456907594,,,0.8639473326147643,,,,,0.9385757339660401,,,0.9082647506978129,,0.14488484956623332,0.01429555696686627,0.0,0.0,0.0,0.01239151945141198,0.0,
HAK,,0.9850504892177937,,,,,0.8830116602772131,0.8138508905076357,,0.9979660562027157,,,,,0.8224765063105968,,0.058597410726218345,0.11361698749353318,0.15991542545759835,0.2303467829681026,0.3583870723634715,0.46309389195267076,0.05547702031151283,
HAM,,0.9346557975361639,,0.9203077405631216,,,0.865022993527095,,,0.9227203184181294,,0.9237700259882953,,,0.9535402881080285,,0.0,0.028088504194450244,0.06494562045895244,0.0,0.04650967984987987,0.0,0.0,
HAN,0.9642652416410455,,,,,,0.9249111966863297,,0.9811849264169922,,,,,,1.0,,0.06302254833467748,0.14375177049258664,0.20225091095324035,0.2954088410795827,0.1768053373544485,0.1431516032600655,0.12008257062052959,
HAQ,,,,,,,0.9436053558983125,,,,,,,,0.977132913999745,,0.02797098104744041,0.05290588151773609,0.042853396089784224,0.05062140102340003,0.05071096525578334,0.05693190744966456,0.0,
HAS,,,,,,,0.8601471649144269,,,,,,,,0.9497732102556574,,0.007129073527248217,0.018474079207567874,0.008781540315059958,0.10742069062440639,0.14580463399546753,0.03781488857919632,0.0,
HAU,0.9804728678382312,0.8695980528686158,,0.9666801869209039,,0.9816255521076924,0.9036905697822375,,0.9907869352196415,0.9189464083535964,,0.9962865221305403,,0.9736725496327059,0.9598348559121405,,0.0,0.0,0.12027389937196789,0.06360578198961332,0.08716629772635574,0.0,0.0,
HAV,,,0.9763816800204073,,,0.9828287606802403,0.7908904695109353,,,,0.948731636174763,,,0.9913401496632804,0.9400767350547574,,0.04870958538045118,0.0,0.0,0.09719507972781019,0.18909691696980596,0.0,0.0,
HAY,,,,,,,,,,,,,,,,,,,,,,,,
HBA,0.938948441396142,0.98427627870188,,,0.9814130401791088,,0.9586990762983167,,0.9322075277365605,0.9776875439274453,,,0.9998477089000329,,0.9929084173347463,,0.0,0.0,0.011024470039343226,0.043011937070915704,0.0,0.01454354994468941,0.0,
HBE,,0.9461682315036364,,0.9831429411551416,0.9660569126843433,,0.9372188363256813,,,0.9778332145292616,,0.9838255714414559,1.0,,0.9963988800895824,,,0.0,0.009957764336947053,0.1598060734804926,0.1371145461044071,0.0,0.0,
HBQ,,,,,,,0.9724098809034828,0.8244885551650973,,,,,,,0.9421863990865492,,,,,,,,0.0,
HBR,,,,,,,,,,,,,,,,,,,,,,,,
HBT,,,,,,,,,,,,,,,,,0.008280277947026031,0.004049827969774187,0.006829236253581955,,,,,
HBU,,,,,,,,,,,,,,,,,,,,,,,,
HBX,,,,,0.981088822697503,0.9490114467392541,0.9764358088632776,,,,,,0.9918871247068177,0.9452804067603494,1.0,,,,,0.029873185646790246,0.0,0.015439448992525815,0.007953413755601142,
HCJ,,,,,,,0.9419334644242279,,,,,,,,1.0,,,,,,,,0.019514709636125113,
HCQ,,,,,,,0.9514328983663126,,,,,,,,0.9757790817185691,,,,,,,,0.0,
HCR,,0.9819204035139225,,0.9806536664001141,,,0.9511748262888956,,,0.997852726308979,,0.9872868835012801,,,0.9766162694374937,,0.27520242569663445,0.0,0.006671024753312805,0.0,0.011712270489218038,0.0,0.0,
HCZ,,,,,,,,,,,,,,,,,,,,,,,,
HDD,,,,,,,,,,,,,,,,,,,,,,,,
HDF,,,,,,0.9730547527426335,0.9736341569331506,0.9870347108977546,,,,,,0.9688864843146179,0.9742039835428081,,0.14320255207492638,0.0,0.26752689259628276,0.48217625699833044,0.005546562048030602,0.0,0.0,
HDG,,,,,,,,0.9627324963294883,,,,,,,,,,,,0.2745148619783397,0.10824023066775641,0.2059011476921028,0.0,
HDK,,,,,,,0.9758626431173104,,,,,,,,0.9983463889231957,,,,,,,,0.017039970265780757,
HDM,,,,0.8665708778329607,,,0.9833321935498387,,,,,0.8958845604909685,,,1.0,,,,,0.0,0.09444362269233517,0.019882444242977044,0.07571356837717906,
HDN,,0.9185888538985614,,0.9409872956953276,,,0.9329115839320726,0.9563339995671476,,0.9529388856701259,,0.9840488652528073,,,1.0,,0.0,0.0,0.0975559821477076,0.09096854655561935,0.07673984396585597,0.0,0.03285270366333415,
HDO,,,,,,,,,,,,,,,,,,,,,,,,
HDS,,,,0.9885096649780568,,,0.9478647024520986,,,,,0.9992230072876718,,,0.9826709755408237,,0.021724102090916325,0.007700434614625488,0.018721102626307485,0.017875978661315566,0.034773268856940445,0.0,0.0,
HDY,,,,,,,0.8188483582359641,,,,,,,,0.9557694832842136,,0.0,0.04241541467116387,0.06056185036858513,0.07611062111370934,0.08170459985301985,0.0,0.0,
HEA,,,,0.9864975678837682,,0.8641272581530699,0.9687423377041726,0.9538056037162268,,,,1.0,,0.9295315879676598,0.9257493127540635,,,,,0.29465353945503076,0.010305949015515004,0.05187742478665203,0.0,
HEH,0.9703891274846853,,,,,0.9722366543674696,0.9781672724132894,0.9592748715651048,0.9722521641249927,,,,,1.0,0.9429038426250836,,0.0,0.018394961241409782,0.0,0.025768616565740556,0.28016363130267163,0.056671197161489544,0.0,
HEK,,,0.8776305191752151,,,,0.9228848606555458,0.9782295726812203,,,0.9439980755509267,,,,0.9256297628193069,,0.11144810266609241,,0.07333552903763099,0.23707055048731282,0.07702927741881686,0.05028571025493883,0.0,
HEL,,,0.9597677016158673,0.9527829766904661,0.9807360354467409,,0.8088568649474408,,,,0.9881084502610761,0.9639103568303766,1.0,,0.8711556946729775,,0.07745812287814531,0.15065950318581556,0.12735757172142798,0.004380722699015789,0.1376461804436983,0.0,0.0,
HER,0.9893749645146966,,0.9369976520666213,,0.9690732731367888,,0.9004063973998765,,1.0,,1.0,,1.0,,1.0,,0.0672050486445225,0.21844258253721194,0.17257623537372854,0.2425624402055518,0.09896786417843893,0.008792565489049756,0.060533755143708526,
HET,,,0.9595044236103155,,,,0.9876022794490279,0.9303456314257083,,,0.9805835654628408,,,,0.9319637234236295,,0.050805353061156515,0.24048386039377823,0.21188460810136284,0.29686667957323654,0.22167498292066387,0.3962675036917765,0.0,
HEW,,,,,,,,,,,,,,,,,,,,,,,,
HFA,0.9420101938779583,0.9095154519789147,0.8641526281847915,0.9889488494654453,,,,,0.981901990583624,0.8210079959972465,0.8180553981741419,0.9969658465929254,,,,,0.0,0.0,0.0,0.0,0.21599194370624777,0.22606125929779766,0.0,
HFE,,,,,,,0.9449384226538879,0.8982349280376051,,,,,,,0.9007341131680268,,0.0,0.12862043504702966,0.12159160916214717,0.2504996235085837,0.20869645974087456,0.3679340243327823,0.0,
HFN,0.8739162452742064,0.8509098490599643,,,,,0.6481333637216256,,0.9067091608599093,0.9044188670120633,,,,,0.6816321933001731,,0.0,,,,,,0.0,
HFS,0.9734323854178958,0.9884540317166809,,,,,0.9690251502220422,,0.9808487317520078,0.9977172081743443,,,,,0.9774699031101326,,0.0,0.016187008991044555,0.03714617807320991,0.014229952421745014,0.033020932989601896,0.012997437357894444,0.0,
HFT,,,0.9050465684456958,0.9301451084326537,0.9744075393848931,,0.9648622656476101,,,,0.986082255939357,0.9721440626958645,0.9777210879659408,,0.9915694126702992,,0.0,0.1535409801445743,0.0,0.0,0.021028856907908917,0.0377593227858791,0.0,
HGA,,,,,0.9569057709846663,,,,,,,,0.9816574670562115,,,,0.2876874133083378,0.0,0.0,0.15790735440230333,0.07633020759330794,0.016201928793526346,0.009892254493006252,
HGD,,,0.9607430297745753,,,,0.9818030912123666,,,,0.9596481290166833,,,,0.98854605403828,,0.0,0.0,0.0,0.0,0.017723881583809366,0.014729119763928407,0.0,
HGH,,,,,,,0.977366257984947,0.8601559478894719,,,,,,,0.887524622974329,,0.1071164115892632,0.2840885928775373,0.23528334116075406,0.47261027705966313,0.4885970743088773,0.4965313287968162,0.039783407414082476,
HGI,,,,,,,,,,,,,,,,,,,,,,,,
HGL,,0.9798395420134329,,,,,,,,0.9797479617205198,,,,,,,0.026379645065639806,,,,,,,
HGN,,,0.869096490401815,0.8319741385763404,,0.9804916514631558,0.9264720693447461,,,,0.8984780460333222,0.8638310028739284,,0.9995613157616573,0.9837447392171297,,0.031570772677449115,0.1631712200476613,0.0,0.0,0.019540360220374843,0.046929553265317295,0.07894308460197282,
HGO,,,,,,,0.9657653164253094,,,,,,,,0.981505901455992,,,,,,,,0.0,
HGR,,,,,0.9886866189082029,,0.9328611774282051,0.973747957769141,,,,,1.0,,0.9205726931766481,,0.0,0.0,,0.15208909947889623,0.14537208401436888,0.0,0.0,
HGU,0.9658103756649272,0.9158397708073706,0.9692887943858544,,,,,,0.9302535530682893,0.9232535009006569,0.9945624051509943,,,,,,0.0,0.0,0.0,0.01196682740168549,0.006408966256333974,0.006734747062293261,0.02949347568895328,
HHA,,,,,,,,,,,,,,,,,,,,,,,,
HHH,0.9105400683543214,0.9228029562819978,,,0.9566788850637401,0.9609415710522669,,0.9417202577816243,0.9517496336023669,0.976971552622169,,,0.9504559263188542,0.9468233429811045,,,0.0,0.06897785373809878,0.14773594237003693,0.0,0.0,0.11430604034315306,0.0,
HHN,0.9886951244036131,,,,,,,0.8864293144760551,1.0,,,,,,,,0.3387869747773595,0.45193991159155017,0.32482848269980824,0.27479401326606284,0.19754694992123467,0.0,0.025243614857942683,
HHP,,,,,,,0.973559994849008,,,,,,,,,,,,,,,,,
HHQ,,,,0.982562558612655,,,0.7999618002510116,,,,,0.8237032689179716,,,0.8575368670408823,,0.0,,0.0,0.0,0.0,0.13375494905146665,0.0,
HHR,,,,,,,,,,,,,,,,,,,,,,,,
HHZ,,,,,,,0.9546904903427361,0.9847675632910556,,,,,,,0.9452081157566313,,,,,,0.049283225164511155,0.006995779388674066,0.0,
HIA,,,,,,,0.9653561657086598,0.9127316904243055,,,,,,,0.8872014071616886,,,,,,,0.210243870885999,0.0,
HIB,,0.9893957591327143,,,,,0.9467587527325443,,,0.9804549631948305,,,,,0.9634262348679595,,0.0006545779511716831,0.0,0.0,0.029876945292667264,0.04282525204985759,0.0,0.0,
HID,,,0.9719234593040882,0.9886343117914258,0.9200596642406622,,0.9112738751394851,,,,0.9669745953926256,0.9179548288242877,0.9249084873026178,,0.9847318291962179,,0.04164148040004847,0.0,0.0,0.0,0.0,0.08149532508610018,0.0,
HII,0.8869120175945522,,,,,,,,0.8771180794030936,,,,,,,,0.0,0.0267635834427425,,,,,,
HIJ,,,0.9857892398144754,,0.9585894437684634,,0.785338853422944,,,,0.9386952287082041,,0.9550369380354065,,0.8799559617666797,,0.03430004365839758,0.0,0.0,0.04491023121650926,0.0,0.0,0.0,
HIL,,,,,,,,,,,,,,,,,0.046698949044577796,0.025355044150531494,0.017083569632796777,,,,,
HIM,,,,,,,,,,,,,,,,,,,,,,,,
HIN,,0.8657182379579572,,,0.9810170687962042,,0.927046301035523,,,0.8981819072163877,,,0.9837676475740097,,0.9896468103846561,,0.0,0.0,0.0,0.15623081954402765,0.0025618574325295684,0.0,0.0,
HIR,0.9204084434244486,0.929267002661007,,0.911537441384695,,0.9714042250224367,,0.9693025418586342,0.9395398023177285,0.9771825182743434,,0.9419049065675127,,1.0,,,0.0,0.02743503056054963,0.09334344297807677,0.0,0.09100123751712193,0.11422124758383372,0.07846140017839871,
HIS,,,,,,,,,,,,,,,,,,,,,,,,
HIW,,,0.9883290599201846,,,,,,,,0.9205155958473328,,,,,,,,,,,,,
HJJ,,,,,,,0.9344198332686051,,,,,,,,0.9499132756516376,,,,,0.07564416306406091,0.06927778389138611,0.07362535451817875,0.0,
HJR,,,,,,,0.9506547302828975,,,,,,,,0.9687376566021316,,0.01905644899878972,0.07587086454477944,0.09076003970511728,0.0,0.0,0.040443893336846164,0.0,
HKD,,,,0.9889247089553033,,0.9743042469677557,0.8907562239734442,,,,,1.0,,0.9925619669199103,0.9469858145374553,,0.04879730017359906,0.0,0.0,0.004543392901468514,0.11520958654837087,0.0,0.0,
HKG,,,,,0.9872824377107898,,0.5953790393075559,,,,,,1.0,,0.752506395700625,,0.02527344869405526,0.23989727137911013,0.21214811524569566,0.07580728184218269,0.09884807900270716,0.0,0.0,
HKK,,0.9604569977806552,,,,,0.9168403780690132,,,0.9854306723744403,,,,,0.9671510962248513,,0.0,0.0,0.0,0.02656255936040936,0.02873395588393872,0.0,0.019229620306437885,
HKN,0.9684597284143224,,0.9562582459166022,0.9678670351419942,,,0.9585030200089869,,0.9154071682889396,,0.9678600748613531,0.9892563856363761,,,0.9792810646306948,,0.0,0.0,0.0,0.002844051204292062,0.06450299373875373,0.021532051950431827,0.2206812387142775,
HKR,,,,,,,0.8496048581774647,,,,,,,,0.9622986690202169,,,,,,,,0.0,
HKT,0.9759169386383615,,,,,0.9889957475865574,0.6596694119582627,,0.9880231593514711,,,,,0.994359349267476,0.8399981134300282,,0.06149579774444103,0.20463710367640944,0.18281330341090354,0.12816005069650674,0.15805364282313558,0.04816095946440942,0.03331206381598594,
HKY,,0.9674112726190142,,,,,,,,1.0,,,,,,,,,,,,,,
HLA,,,,,,,0.9153034262352742,,,,,,,,0.9446390126261618,,,,,0.11933149318429177,0.06728391510319182,0.0,0.0,
HLC,,,,,,,,,,,,,,,,,,,,,,,,
HLD,0.9759548151303993,,,,,,0.9664126550181857,0.9240146033546115,0.9707470609058456,,,,,,0.9372726714796417,,0.0,0.13766297212320758,0.1602555846175742,0.29667731625812754,0.23194350746516143,0.0657660585268429,0.030499337717707076,
HLE,,,,,,,0.9893103933462082,,,,,,,,0.9632384561579884,,,,,,,,0.0,
HLF,0.97271289396722,0.988622313590592,,,,,,,0.9828280016489341,0.9979518897537478,,,,,,,0.0,,,,,,,
HLH,,,,,,,,0.892301191794248,,,,,,,,,,0.04495760276150572,0.05142280729228093,0.09769160052568972,0.13519136800256654,0.2590438330536266,0.06157769659738814,
HLM,,,,,,,,,,,,,,,,,,,,,,,,
HLN,,,,0.8972551635945438,,0.8893183639415831,0.9109241859845483,,,,,0.9709788976179203,,0.8893834334164922,0.9232172067787787,,0.21373412870062258,0.22986116471972068,0.06571145038037116,0.0,0.0,0.0,0.0,
HLP,0.9302072277818478,,,,,,0.9564651185874619,0.8488447778489973,0.9887314919598252,,,,,,0.8974740442645344,,,,,,,0.1854494535958619,0.0,
HLT,,,,,,0.7097277427706963,,,,,,,,,,,,,,,,,,
HLZ,0.9182831878205198,0.968514237454357,,0.985692269438292,0.9406294867741989,,0.9215570101826775,,0.9253019349566171,1.0,,0.9438547225414226,0.9281236193926755,,0.9706650936420894,,8.640257512317744e-05,0.07956778877788565,0.11549896027810523,0.0,0.0,0.0,0.019163113604690054,
HMA,,,,0.945166946474085,,0.9866048799914107,,0.9353121933745081,,,,0.994415273942829,,1.0,,,,,0.3163992616229531,0.0,0.0747335328238868,0.050164614716828475,0.0,
HMB,,,,,,,,,,,,,,,,,,,,,,0.07122638058449425,0.07470771073914467,
HME,0.985730482105978,,,,0.9823389849599324,0.9258975802273464,,0.9112141524080158,1.0,,,,0.9654607988850678,0.9028595252111562,,,0.249668812598258,0.25686028703285935,0.024093788171474513,0.0,0.0,0.011336184214016233,0.10621727322829976,
HMI,,,,,,,,0.9069406554506854,,,,,,,,,,,,,0.3062868269105935,0.07590184754204367,0.007356283081595376,
HMJ,,,,,,,,,,,,,,,,,,,,,,,,
HMN,,,,,,,,,,,,,,,,,,,,,,,,
HMO,,0.9525949768943333,,0.9330525491787388,0.9700788776026691,0.9475129462723243,0.9709478815872103,,,0.9588457839339837,,0.917227783465873,0.9859929806860167,0.9540624716618971,0.9884515941315443,,0.00731657195753982,0.0,0.0,0.0,0.0,0.0,0.0,
HMS,,,,,,,,,,,,,,,,,,,,,,,,
HMV,,0.9893327814721715,,,,,0.9652868533237139,,,1.0,,,,,0.9728704211375089,,0.24809222270225867,0.033118635888281206,0.05203760407365913,0.015363113182373678,0.03795214338851894,0.020182374381698457,0.0,
HNA,,,0.9868783170222772,,0.8268205033267633,,0.9291139090497873,,,,0.9957536290556699,,0.895736972381221,,0.9338720323091628,,0.0,0.01794987527936276,0.017429501951809437,0.0,0.007727569416686854,0.135871200107471,0.0,
HND,0.9820582942639542,0.9892091608066554,0.959303806506439,,,,0.8219733696757466,,1.0,0.9853290058537006,0.9947022717795785,,,,1.0,,0.05261612640319786,0.03887241859600784,0.11749121715342345,0.4323005503410152,0.34638133188805376,0.0,0.18611243662156052,
HNL,0.8629234035850564,,0.9567847942191569,0.981441806908623,,,0.7167434549529783,,0.8915891035624159,,0.9103579748245352,0.9933624344694469,,,0.9441487588487948,,0.0,0.0,0.0,0.0739819206392918,0.07363538436441755,0.0,0.0,
HNM,,,0.9863259826796708,,0.9134499982061484,,0.9838658520925205,,,,0.9948136420724731,,0.9500246965442717,,0.9855418379523726,,0.0,0.01469517531729153,0.0,0.007265567590962678,0.0,0.0,0.0,
HNS,0.9373632402798653,,,,,,,,0.9314813565424084,,,,,,,,0.0,0.0,0.0,0.02178780243862441,0.0440609553084665,0.0,0.018859833394961893,
HNY,,,,,,,,0.9610624213640554,,,,,,,,,,,,,,,0.0,
HOB,0.9609462053164718,0.9615905625008163,0.8859685138569875,0.9869078596441565,,0.9284743546364691,0.9588681538567941,,0.9900042240947998,0.8535539102115601,0.8887821525691414,0.9939870881627543,,0.8550977223422634,0.9745507281545237,,0.0,0.0,0.0,0.30210195313408267,0.25881040790639925,0.0,0.0,
HOD,,0.9879491722851467,,,,0.9233668340674343,,,,0.9818588145505263,,,,0.8855821202862426,,,0.0,0.0,0.01941990903055601,0.03785748735570237,0.0,,,
HOE,,,,,,,,,,,,,,,,,0.0,,0.010445080395883866,0.045825735366534386,0.060948184074754455,,0.0,
HOF,,,,,,,0.9245039531157025,,,,,,,,0.9918067131519186,,0.005477411073704089,0.020798678220560883,0.01646755166907747,0.15370803048930592,0.2033490129805765,0.06477422467791716,0.004692618953144187,
HOG,0.9550158406366372,,,0.9768167307729261,,0.9862333268278263,0.8707882308919551,,0.9734711461120975,,,1.0,,0.9918739604132342,0.9144276306764402,,0.06126175122467112,0.032695034628640644,0.005279299159417055,0.077691388108282,0.2033782547587018,0.0,0.0,
HOI,,,,,,,0.9507837999617965,0.9776948136474876,,,,,,,0.9350714220655283,,0.012640380688867102,0.01029074702035924,0.06254443488587423,0.08577472364418241,0.08942398091440759,0.006454877192738962,0.0,
HOM,,,,0.9842432206585425,,0.9860701914195501,0.9614809125976697,,,,,0.9949002441089586,,0.9688630569794606,0.9840075863358283,,0.025506273078024718,0.01845443686951678,0.031042135719538632,0.0,3.7783269769634876e-06,0.0,0.0,
HON,,0.9587213793416567,,,,,,,,0.9690948471531763,,,,,,,0.0,0.0,0.003112139526354394,0.035993610215592615,0.047325269163469796,,,
HOQ,,,,0.9883237482604657,,,,,,,,0.9923590075136086,,,,,0.0005682081647463911,0.0,0.0,,,,,
HOR,,,,,,,0.9727633630584036,,,,,,,,0.9823777988393179,,0.031447364025984845,0.01989741974121354,0.022077231274912165,0.0,0.0027458890803129473,0.004340860594599927,0.0,
HOS,0.9666058414251246,,,,,,,,,,,,,,,,,,,,,,,
HOT,,0.9828060431748863,,0.8962041245193492,,,,,,0.9840312987154831,,0.9201408690830173,,,,,0.0,0.0,0.0,0.0,0.1497190193163952,0.07993850757791758,0.0,
HOU,0.9898163298967294,0.9634173061935356,0.9627859361498201,0.9720709825852252,0.9836538692584612,0.9879675169740059,0.8653018333984049,,0.916124630804162,0.947871149602788,0.9809100195958165,0.9774997725185404,0.9874260085567522,0.9933117726942058,1.0,,0.0,0.06960640821836735,0.07308545126801659,0.0,0.046496774926853175,0.0,0.07356792895630815,
HOV,,0.9673114895022977,,,,,0.9409262790585593,,,0.9954874476837766,,,,,0.9698975760287131,,0.0,0.000662887604764286,0.06148528285935927,0.05300701834500098,0.03022271011560078,0.0,0.0,
HOX,,,,,,0.9638866311634519,,0.9617110262022923,,,,,,0.9889838608752483,,,,,,,,0.02198172848127749,0.006523199293308812,
HPA,,,,0.985729472087445,,,,,,,,,,,,,0.0,0.002453128938007057,0.008005027737511836,,0.0,,0.0,
HPB,0.9865100116762837,,,,0.7836307367606181,,0.9701235149265863,,0.9824446480911282,,,,0.7971490050883864,,0.9928764625583216,,0.00273929851913446,0.0,0.0,0.010492297474048822,0.0,0.0,0.0,
HPG,,,,,,,0.94272472363085,,,,,,,,0.935858810422502,,,,,,,,,
HPH,,,,,,,0.8927381547062939,,,,,,,,0.9394510933048261,,0.014514322044187945,0.07015371489384771,0.10606508449013419,0.0850225809008651,0.21905843923979848,0.21338480361388937,0.0,
HPN,,0.9695766117170093,,0.909125196646815,,0.9258272704728481,0.9617143226482558,,,0.9786525232349973,,0.948528445689819,,0.8487557667978837,1.0,,0.0,0.03583187580341814,0.0,0.0,0.0,0.0,0.21447591033821425,
HQL,,,,,,,,,,,,,,,,,,,,,,,,
HQQ,,,,,,,,,,,,,,,,,,,,,,,,
HRB,,,,,,,0.9572074193711926,0.8351690813535082,,,,,,,0.8665486440125041,,0.13177765538943598,0.18688552932569732,0.10533101687598485,0.3647045299272815,0.4084200248775867,0.3174728766335286,0.02019863751016714,
HRE,,0.9362381404535545,0.9020607682960422,0.9355528787449797,,0.945949028018779,0.989102661322633,,,0.8810715041833374,0.9626381246427261,0.9486450586763068,,0.9396835622976608,1.0,,0.0,0.0,0.0,0.0,0.0,0.0,0.04164365096515038,
HRF,,,,,,,,,,,,,,,,,,,,,,,,
HRG,0.9599072897387847,,,,,,0.9648993270365582,,0.985224191149465,,,,,,1.0,,0.07103430304284418,0.10821507915273429,0.10751865263700824,0.22834980289713014,0.10389451298859734,0.051251028849156624,0.2636415789357594,
HRH,,,,,,,,,,,,,,,,,,,,,,,,
HRI,,,,,,,,0.8308410808243966,,,,,,,,,,,,,,0.08403653263421623,0.1255382949669424,
HRK,,,,,0.9673132747580583,0.93558236372993,,0.8890303651118474,,,,,1.0,0.9849020899508458,,,0.13460217260943697,0.07965481290206378,0.07014981560430697,0.14821048548248514,0.06080360432441464,0.16595566368965356,,
HRL,0.9172773237183739,,,,,0.9866639234092256,0.9044719673349878,0.9498033283532188,0.9520182878365002,,,,,0.9798601782462385,0.9378788928489508,,0.09594208716459425,0.31756609089012844,0.21202286515238883,0.06694169355415451,0.012550988183406235,0.0,0.0,
HRM,,,,,,,,,,,,,,,,,,,,,,,,
HRO,,0.9837372116454559,,,0.9086477276967878,,,,,0.9860081556548447,,,0.9276646659729824,,,,0.0,0.0,0.0,0.0,,0.06683050606435109,,
HSA,,,,,,,,0.9353297981091265,,,,,,,,,,,,,,,,
HSC,,,,,,,,,,,,,,,,,,,,,,,,
HSG,,,,,,,0.8935299717472214,,,,,,,,0.955767068309691,,,0.0,0.0,0.2568541808295448,0.20737996171150316,0.01818294280275639,0.0,
HSH,,,,,,,,,,,,,,,,,,,,,,,,
HSI,,,,,,,,,,,,,,,,,,,,,,,,
HSK,,,,,,,,,,,,,,,,,,,,,,,,
HSL,,,,,0.9894808323331334,0.9861503805350555,0.9389511381877449,,,,,,0.9968939374026782,0.9618564258411012,0.9698140309766702,,0.040969597326144684,0.017675886426961437,0.06055732216190182,0.0,0.0,0.0,0.0,
HSN,,,,,,,,0.9811660467178496,,,,,,,,,,0.035868499625356716,0.04971333333983879,0.09719756645007097,0.09270301043744028,0.1384901396752657,0.07477184983296307,
HSR,,,,,,,,,,,,,,,,,,,,,,,,
HST,,,,,,,,,,,,,,,,,,,,,,,,
HSV,0.9854684750984206,0.9720561965669969,,0.931768636904142,0.9705256321375078,0.9216594631800673,0.8042862422939747,,0.9630883803637701,1.0,,0.961054362179042,0.9734378801855423,0.7352601009026846,0.8248180406081254,,0.0,0.3113442962995488,0.2577346438054576,0.0,0.0,0.0,0.0,
HSZ,,,,,,,,,,,,,,,,,,,,,,,,
HTA,0.9612459953725416,0.9031099580009713,,,,,0.8613474215175555,0.9762025076684476,0.8634988234331316,0.9758444627079638,,,,,0.8829746994814434,,0.0,0.021368094476953238,0.18382915021185695,0.17527154815062382,0.16883340193849278,0.026966092626715798,0.0,
HTG,,,,,,,0.8579202612304025,,,,,,,,0.9820499541910495,,,,,,,,0.0,
HTI,,0.9497515567018009,,,,,0.9295354572262208,,,0.9586456178800753,,,,,0.9810528568919249,,0.0,0.0,0.024589803944494594,0.0,0.002189060608194843,0.0,0.0,
HTM,,,,,,,,,,,,,,,,,,,,,,,,
HTN,,0.9765113055629431,,,,,,0.9853682610704337,,0.9977026181347132,,,,,,,0.0,0.05063595361168938,0.11431512185821233,0.31143255892913285,0.27650568410731824,0.1857957277366779,0.00039126857255191333,
HTO,,,,,,,,,,,,,,,,,,,,,,,,
HTS,,0.9633808366306448,,,0.8839353723575276,0.9053103201831593,0.9712496120723839,,,0.9868012310238126,,,0.8843979754280302,0.8856748238220462,0.9985858741711185,,0.07209304224397736,0.020859142890079358,0.09330414350544802,0.0,0.0,0.0,0.0,
HTT,,,,,,,,0.8319441158902834,,,,,,,,,,,,,,,0.0,
HTY,,,,,,,0.9859390778222207,0.9665191412987033,,,,,,,0.9893138936178376,,,,,,0.1639589704568731,0.009962122698614018,0.0,
HUB,,,,,,,,,,,,,,,,,,,,,,,,
HUE,,,,,,,0.9695675108380467,,,,,,,,,,,,,,0.06232754938875255,0.030955998857410245,,
HUF,,,,,,,,,,,,,,,,,,,,,,,,
HUH,,,,0.9882214758839558,,,0.9708130690426678,,,,,0.9818048002602286,,,0.9785426376145834,,0.003394848554106078,0.004290966469381208,0.003624456476303577,0.0,0.015891575188603346,1.3141415476231586e-05,0.0,
HUI,,,,,,,0.983459700654204,,,,,,,,1.0,,0.03858582365368404,0.08653213965845756,0.0948831321139295,0.08006448651582558,0.06672557409800461,0.07237300716497204,0.027148272736657375,
HUN,,0.9727330227421555,0.9617735158975771,0.8941243567396894,,0.9597166399126188,0.7291827982400368,,,0.9058757476359004,0.8901414507961418,0.9658334836969936,,0.9940590760508782,0.8067513541713407,,0.0,0.0,0.0,0.0,0.25623431476696207,0.06358981898290045,0.0,
HUO,,,,,,,,0.9005179037984556,,,,,,,,,,,,,,,0.11387244324202106,
HUQ,,,,,,,,,,,,,,,,,0.013773134776354286,,0.002736959262905556,,,,,
HUS,0.97762407529284,,,,0.988256737008718,0.9858750504691699,0.9455877700086799,,0.9838409672218901,,,,0.9991372037397226,0.9722068305321547,0.9775386648041767,,0.04933194995578437,0.03496477708674158,0.01371594888837688,0.01510580014651112,0.01983989728385233,0.0,0.0,
HUU,,,,,,,0.9872300596817174,,,,,,,,0.9943275594998617,,,,,,0.10688921303789661,0.0038330248348484516,0.0,
HUW,,,,,,0.9896085774525106,,,,,,,,,,,,,,,,,,
HUX,,0.9862136894072822,,,0.9753727392587062,,0.9258487226859451,,,1.0,,,1.0,,0.9614701269494452,,0.0,0.11715692343854775,0.09538101228731469,0.25564880083586616,0.0791628505387939,0.0,0.0,
HUY,0.9803296838098144,0.955570612711819,,0.9885066660190607,,,0.9733673348950336,,0.9930639340417029,0.9749310187669469,,1.0,,,1.0,,0.0,0.0,0.012425896690849482,0.016544041117939032,0.10416753051075077,0.0018927419115794184,0.007112595546384007,
HUZ,,,,,,,0.9658955470764014,0.9321422197325244,,,,,,,0.9293657576620276,,,,,,,,0.0,
HVA,,,,,,,,,,,,,,,,,,,,,,,,
HVB,,0.942488666656219,,,,,0.9325608546609856,,,0.9657297859806255,,,,,0.9785675320090765,,0.0,0.056744681232913395,0.12793003557789065,0.0005516294205362383,0.001725427580641825,0.0,0.007943072124439147,
HVD,,,,,,,0.9606433704445242,,,,,,,,0.9970796030395848,,,0.0,0.0,0.10184246161004096,0.10266223635804077,0.028298580273838626,0.0,
HVG,,,0.8861563940052943,0.9282000153888725,0.9738191143774525,,0.9642551970871258,,,,0.9816706658457832,0.972365695218693,0.9794650103403874,,0.991507882088379,,0.0,0.14941189732011076,0.0,0.0,0.02769446024326262,0.03213499404836076,0.0,
HVN,0.850036607674794,0.954739303616602,,,0.9802505936251803,,0.9796437155351322,,0.8666077210552938,0.9841568285634535,,,0.9789686468875048,,1.0,,0.0,0.003068176049477893,0.044502922159052063,0.0,0.0,0.0,0.2887527199492975,
HVR,,0.9846531169499988,,0.9812654743209285,,0.985343791465642,,,,0.9966434403446681,,0.9994110290336613,,0.9436371253659263,,,0.0,0.0,0.0,0.0,,0.0,,
HWN,,0.8368969195706804,,,,,,,,0.9840789074266443,,,,,,,,0.0,,,,,,
HXD,,,,,,,0.9336657787572055,0.989831424425962,,,,,,,0.9615944670050934,,,,,,,,0.10976168925340318,
HYA,0.9876175627086946,0.9814236078656713,,,0.9848863700824878,,0.9762822787860863,,0.9854553216777306,0.9751337840315139,,,0.9885220810500259,,0.9875471480530397,,0.0,0.0,0.0,0.05388099528092163,0.056625931111164915,0.04804220519154961,0.014133625829865876,
HYD,0.9748395801674863,,,,0.9858351967428414,,0.8764285492259503,,1.0,,,,0.9962005154746698,,0.979529789752792,,0.1386493757438303,0.4040157214905671,0.3324739880993995,0.05646156762373975,0.04274621106679883,0.21772544739839106,0.1301545326066551,
HYN,,0.9709849007348974,,,,,,0.9294899292955939,,1.0,,,,,,,0.010793369117706581,0.03976940504762935,0.09131511274851564,0.11316184745805487,0.06590205665554501,0.10384406079336063,0.07239884351647011,
HYS,0.9391371166362394,,,,,,0.8801039780349732,,0.9886250109885806,,,,,,0.9650272802299837,,0.005006822745181884,2.1508798440613828e-05,0.0036603299021822815,0.002491822096948526,0.0,0.0947182042881883,0.0,
HZA,,,,,,,,,,,,,,,,,,,,,,,,
HZG,,,,,,,0.9749641424232469,0.9798932027154823,,,,,,,0.9632871641420658,,0.02312514765629265,0.03969361387232697,,0.26296533132549677,0.36871512052783456,,0.0,
HZH,,,,,,,,0.950627392538327,,,,,,,,,,,,0.28176640761801786,0.15410821553583814,0.20587805844750953,,
IAA,,,0.9488492079178873,0.9524218793272534,,0.9751921294739178,,,,,0.9598137895032911,0.9788350789374916,,0.9818467328713479,,,0.06144476510751205,,0.0,0.05625427184012583,0.09009472182843835,0.0,0.08526227164206163,
IAD,,0.9535241355578492,,,,0.9453077384537111,0.8512498000645662,,,1.0,,,,0.884118699566816,0.9954497152952981,,0.07983997800974635,0.033150317146388206,0.10001625009731664,0.02727906520311,0.0,0.0,0.01747223308854344,
IAG,,,,,,,0.866385987406413,,,,,,,,0.9173116169529714,,,,,,,0.0,0.0178521066885394,
IAH,0.9555965370996354,,,,0.9598955214250522,0.9838019193764755,0.870997558257318,,1.0,,,,0.9844226039199181,0.9630273546654494,1.0,,0.07758377159122666,0.09798776080978225,0.10777229233220478,0.0,0.0,0.0,0.07436927131352757,
IAL,,,,,,,,,,,,,,,,,,,,,,,,
IAM,,,,,,,0.9894938963926054,,,,,,,,0.9987982925328431,,0.07599183879998662,0.08754626768639531,0.006193438759412675,0.0,0.0,0.0,0.0,
IAN,,,,0.9780197692482465,,,0.9720929033700566,,,,,0.9898219271960501,,,0.994947742342874,,0.00226608900358927,0.0,0.0,0.0,0.01412548524560524,0.0,0.0,
IAO,,,,,,0.9814357641558709,0.9377876750000794,,,,,,,1.0,0.9808687137482985,,,,,,0.07885519895972162,0.15418318984074234,0.0007792258827200962,
IAQ,,,,,,,,,,,,,,,,,,,,,,,,
IAR,,,,,,0.959096341612792,,0.8591015016386947,,,,,,0.9867936801112374,,,,,,,0.012767450326473495,0.10678379661683438,0.0,
IAS,0.9856068532996104,,,0.9863012962429649,,0.9698202850689214,,,0.9681255333331171,,,0.9930371505076541,,1.0,,,0.12727413454434583,0.3806364702432855,0.10467348243543997,0.09260927613957502,0.26176617014772646,0.16907306843368905,0.08633049450814051,
IBA,,,,,,,,,,,,,,,,,,,0.0,0.02251424026538039,0.06358729134840459,0.0819150102582007,0.06315582806985534,
IBB,,,,,,,,,,,,,,,,,,,,,,,,
IBE,,,,,,,0.9863499916304954,,,,,,,,1.0,,0.03313987546752601,0.0,0.0,0.025300971327496643,0.03329271752404229,0.019328793520505805,0.028686722926545533,
IBI,,,,,,,,,,,,,,,,,,,,,,,,
IBL,,,,,,,,,,,,,,,,,,,,,,,,
IBM,,,,,,,,,,,,,,,,,,,,,,,,
IBR,,,,,,,0.883608987938961,,,,,,,,0.9418484583899738,,,,,,,0.04855723636784094,0.0,
IBZ,0.9653025079744478,,,,,,0.9018730753681379,,0.9891320455825191,,,,,,0.9596473479905905,,0.0483568269525807,0.19055053340461495,0.2011970169283068,0.15917093743000432,0.20051722871722893,0.0,0.0,
ICC,,,,,,,,,,,,,,,,,,,,,,,,
ICN,,,,,,,0.6703950330301401,,,,,,,,0.8524415602371631,,,,0.2218686507210549,0.16588109501066317,0.09063806508638839,0.0,0.11981798429480855,
ICT,,,0.9455365234114188,0.8436675864984097,,0.9452826496664708,0.777660355295349,0.9895374801480574,,,0.9734611091698958,0.9787079904030576,,0.8297034274695293,0.7902995083625963,,0.009781257678037884,0.1722589559430387,0.0,0.08189148133198904,0.06473426184250519,0.0,0.0,
IDA,0.9582991434146176,,,0.9660680059169808,0.9559443174011332,0.9668441332840482,0.9590270636029138,0.9742996648450183,0.9274390590894613,,,0.9642928939284164,0.988707459246737,0.8859631196011334,0.9575312035944482,,0.0,0.403774979181883,0.24464462250791189,0.0,0.0,0.0,0.0,
IDB,0.9735558227907467,,,,,,,,0.9963308482196931,,,,,,,,,,,,,,,
IDN,,0.9481040356349587,,,,,,,,,,,,,,,,,,,,,,
IDR,,,,,0.9861937424795928,,,,,,,,1.0,,,,0.009104598088135506,0.0980359337101199,0.11098383100446033,0.09323227238551762,0.051627188246837936,0.16904522650054946,0.03191248708936238,
IEG,,,,,,,0.9639283137664725,,,,,,,,0.9784636341703692,,,,0.013526635409961537,0.0,0.0523448982157198,,0.0,
IEV,0.9592489795062034,0.9764312158367638,0.948340786699254,0.8985382887852735,0.961715546361144,0.9253624617703927,0.9296666831533631,0.9373997516758205,0.9251421409337997,0.9536699411572318,0.9685445812743608,0.9437416238230929,1.0,0.9643597589396536,0.9201245427802642,,0.0,0.0,0.0,0.34956238417438645,0.464044041544623,0.0,,
IFJ,0.8632309023237066,0.8554437612367793,,,0.9893760420306733,0.974814352883017,0.9202715875672839,,0.9036916822820084,0.9242816436482555,,,0.9450412731659646,0.9749069080522903,0.9677717276624496,,0.0,0.0,0.2080606807271454,0.08662497976454027,0.0,0.0,0.0,
IFN,,,0.987240243998985,,,,0.977819204410319,0.9793463043048795,,,1.0,,,,0.9697073103286675,,0.08602516747303265,0.09756860059729204,0.0653752562088389,0.11886679522388328,0.11883846944907667,0.03792412655468321,0.0,
IFO,0.7831302222506364,,,,,,0.9278951477129386,,0.8224460784469229,,,,,,0.9439985057566487,,0.0,0.2805747803021946,0.18273950408266854,0.05592597158492161,0.13142204685397027,0.0,,
IFP,0.9007326788066211,0.9567802393599478,,0.951581178578401,,0.9446846912802325,,,0.895918197458519,1.0,,0.9673402707859404,,0.5795189932002233,,,0.284669669880142,0.5962856815663826,0.10312572747091983,0.0,,,,
IFU,,,,,,,0.9590711056362092,,,,,,,,0.9897906797940688,,,,,,,,0.0,
IGA,,,,,0.955728356841248,,0.9793338434303436,,,,,,0.9712649677859176,,0.9897446420148042,,0.004723887488539164,0.0,0.0,0.021016519365518318,0.0,0.031937559163095534,0.0,
IGD,,,,,,,0.980982963908971,,,,,,,,0.9984182374637689,,,,,,,0.0,0.021366587498096067,
IGM,,,,0.8812220461926775,,,,,,,,1.0,,,,,0.0011508292095826413,0.04395207266985007,0.03816961287897524,0.08447974011898918,,,,
IGR,,0.9876470614309065,0.9860241741144758,0.8382735774798703,,0.9858465843951687,0.8542468261112968,,,0.9951548389967614,0.9513477593822346,0.994592829729228,,0.9775089537777601,0.8930683964453241,,0.0237906862050343,0.02288108880083153,0.0,0.03814556904805635,0.16438921850099378,0.03508220291430297,0.0,
IGS,,,,,,,,,,,,,,,,,,,,,,,,
IGT,,,,,,,0.9474608003329503,0.8693656567330664,,,,,,,0.9177555285060564,,,,,,,0.07342516604258426,0.0,
IGU,0.9811587283186542,,,,,,0.8809113235687892,,0.9768089043985352,,,,,,0.944372563451016,,0.11897150847622055,0.005130907334549204,0.0,0.11785534989372827,0.16352124418914593,0.0,0.0,
IHR,,,,,,,,,,,,,,,,,,,0.0,,,,0.09970061163481199,
IIA,,,,,,,,,,,,,,,,,,,,,,,,
IIL,,,,0.8536834485206514,,0.9237064087936797,0.9895125417902848,,,,,0.8699396351499452,,1.0,0.9925934234061093,,,,0.0,0.0,0.12163597115428637,0.09974834432988688,0.06202632206659124,
IJK,,,,,,,0.9625898962349994,0.9425851964524544,,,,,,,0.9344793373293876,,,,,,,0.051942620161938145,0.0,
IKA,,,,,0.9818608203043263,,0.9319743260516947,,,,,,0.947432721179454,,0.9776203298231739,,,,,0.04089653660108786,0.04034311808446069,0.0,0.0,
IKI,,,,,0.9836688207318922,,0.9460918727641187,,,,,,1.0,,0.9696636454276056,,,,,,0.020585658476980663,0.026439826823040417,0.0,
IKO,,,,,,,,,,,,,,,,,,,,,,,,
IKS,,,,,0.952815594771161,,0.9453380302191906,0.9626225799036345,,,,,1.0,,0.9352581457496036,,,,,0.24761984567378742,0.05228959350039032,0.0,0.0,
IKT,0.9279411056029494,,0.9813241695516699,0.9828460320908178,,,0.9270767438073362,0.9757071477998145,0.9740209599915712,,1.0,1.0,,,0.9508205261058325,,0.004969383847369086,0.09934473571513588,0.026645597470323915,0.1433086096685501,0.27721580358302145,0.09117301618122281,0.07518059513644629,
IKU,,,,,,,0.9719993104187318,0.8592390468249639,,,,,,,0.9970310436680815,,,,,,,,0.05999205484070939,
ILD,,,,,,,0.8289919811541118,,,,,,,,0.8545282947708657,,,,,,,0.0,0.0,
ILE,,,0.988190088016579,,,,,,,,0.974019836357264,,,,,,0.003312883248527872,,,,,,,
ILG,,,,,,0.9439418804932708,,,,,,,,0.8913561537468259,,,,0.20019486893388372,,0.0,,,,
ILI,,,,,,,0.9684787616539023,,,,,,,,,,0.0,,,,,0.0,,
ILL,,,,,,,,,,,,,,,,,,,,,,,,
ILM,,0.8854272619116343,,0.9310642581318544,0.9889705831421121,0.9122928313666666,0.9254097250676423,,,0.9587712930901076,,0.9447505422982653,0.9755633372981034,0.8500935399860702,0.9902986185989104,,0.006138818653464684,0.2053601749977075,0.2535864057206291,0.0,0.0,0.0,0.022128799986878726,
ILO,,,,,,0.9859580271408646,0.804536515038267,,,,,,,0.9708062275232898,0.9086840372712853,,0.021656169692193278,0.022347788805939826,0.019686182099884337,0.18573577797021096,0.16953010688334733,0.0,0.038497571943921796,
ILP,,0.9328140570466078,,,,,,,,,,,,,,,,,,,,,,
ILQ,0.9776767511901014,,,,,,0.9834279886291384,0.9709724565240548,,,,,,,0.962600699190353,,,,,,,,0.0,
ILR,,,,,,,,,,,,,,,,,,,,,,0.08652050025414718,0.12748481791201605,
ILY,,,,0.9866818029135318,,,0.9260211107244692,,,,,0.9985709571270226,,,0.9412415281794686,,0.012355196591354398,0.03282314761069615,0.016851214049185444,0.0,0.01910494999653869,0.0,0.0,
ILZ,,,,,0.9890565913650949,,,,,,,,0.9862493101878917,,,,,,,,,,,
IMD,,,,,,,,,,,,,,,,,,,,,,,,
IMF,,,,0.9626858104829459,,,0.9786621410105647,,,,,0.9839847907653094,,,0.9948149598163535,,0.04444818540904973,0.1214975453293417,0.11891413602138859,0.0,0.0777627204718611,0.07093339249415376,0.0016157274009965293,
IMK,,,,,,,,,,,,,,,,,,,,,,,,
IMO,,,,,,,,,,,,,,,,,,,,,,,,
IMP,0.9270373144277275,0.9766498394719576,0.8416319103786083,,,,0.9570227944695919,,0.9232041379690622,0.8250868557438955,0.8169157935188565,,,,0.9852528519888364,,0.0,0.0,0.0,0.20454416016761065,0.06249569812781602,0.08220508698981387,0.0,
IMQ,,,,,,,,,,,,,,,,,,,,,,,0.10911446063953027,
IMT,0.985679521051237,,,,,,0.9681541148297159,,0.9821383555041939,,,,,,0.9792955065162117,,0.009463211252502204,0.0,0.0,0.10975390358694792,0.0,0.0,0.0,
INA,,,,,,,,,,,,,,,,,,,,,,,,
INB,,,,,,,0.9898684198570714,0.9887707988536644,,,,,,,0.9903532059346396,,,,,,,0.0,0.0,
INC,0.9824160544283465,,,,0.971956343577386,,,0.8323807170262181,1.0,,,,1.0,,,,0.05753246391837652,0.21024093204460748,0.21696503033774656,0.3369307752555932,0.2818573756115915,0.33556000994737745,0.0,
IND,0.9537112752294383,0.9787144435626546,0.9807921471183216,0.9735886956111163,,0.9604349534198778,0.8135410633722797,,0.9631280258998804,0.9770461364403275,0.999117558598978,1.0,,0.8720294322382598,0.8981465015027509,,0.0,0.0,0.0,0.09683610095058606,0.0,0.0,0.0,
INF,,,,,,,0.9300413194960623,,,,,,,,1.0,,,,,,,0.0,0.062460976478768804,
INH,,,,0.9849922370289319,,,0.9809071385321423,,,,,0.9930699595014715,,,0.9970454121504695,,,0.25909553113043177,,0.0,0.018244233574936458,0.0,0.1332555495850694,
INI,,,,0.9596254110671838,0.872538808225354,0.9060271363496459,0.8912555753998067,,,,,0.8806125447054355,0.989884372886838,0.9863202402359362,0.9646994532428259,,,,,,0.0,0.18683602604820346,0.0,
INL,,,,0.8952333132827277,,,0.9464241338355446,,,,,0.905518708890212,,,0.961495115350805,,0.01147790680915099,0.10750257772996752,0.030686699384204263,0.0,0.03296202489076544,0.0,0.0,
INN,,0.9644398528121719,0.9662327060711887,,0.987520242273062,,0.9323571758313156,,,0.9921884313232952,0.9925738024992755,,0.9915096379854542,,0.9982746740039674,,0.03398851028325743,0.07203912367355207,0.0994326750041475,0.02369683962659306,0.04111426942783554,0.0,0.03837115280477137,
INO,,,,,,,,,,,,,,,,,,,,,,,,
INQ,,,,,,,,,,,,,,,,,,,,,,,,
INU,0.9662959699933826,0.909529489583982,,0.9874708014000049,,,0.971421912848335,0.9573074146408342,0.9506849594976391,0.9057414530251495,,0.9971568646356972,,,0.9994023102418396,,0.0,0.0,0.0,0.041921980929363875,0.07604582332694027,0.034214990720948954,0.0021440469150301868,
INV,,,,0.9140140728184842,,,0.9590029888184255,,,,,0.9548435388316733,,,0.9669832861008197,,0.0,0.15841087089826064,0.11846466848861295,0.0,0.12338181892578338,0.0,0.0,
INZ,,,,,,,0.9738782071307336,,,,,,,,0.9950685913197775,,0.03287438063949085,0.032734997045905975,0.0,0.03219879319086387,0.04955178459968514,0.01102750640595932,0.0,
IOA,0.9872063021214497,0.9885727872499993,,,0.9885320635568231,,0.9657827161308438,,0.994019083443069,0.9918314952677072,,,0.9792353067498027,,0.9985690908770757,,0.0,0.022049953351918002,0.03570648451611799,0.0,0.0,0.0,0.0,
IOK,,,,,,,,,,,,,,,,,,,,,,,,
IOM,,,0.9722050780473933,0.9833318035257704,,0.9692476078289943,0.9297546329474763,,,,0.9728811500406988,0.9950708303387128,,0.9970771374481292,0.9784006507884689,,0.0,0.0,0.0,0.0,0.0011919484930568935,0.00013692645465978787,0.0,
ION,,,,,,,,,,,,,,,,,,,0.013764005376732412,,,,,
IOP,,0.9477199322555973,,,,,,,,,,,,,,,,,,,,,,
IOR,,,,,,,,,,,,,,,,,,,,,,,,
IOS,,,0.9584129827459446,,,,0.9571649887436225,,,,0.9559284884059108,,,,0.9901357985746984,,0.0,0.0,0.0,0.06487799736805394,0.052521094255527874,0.0,0.0,
IPC,,,,,,,0.8030919485525396,,,,,,,,0.8411301750284932,,0.0,0.008492636882269892,0.027070918812213577,0.021002784890605298,0.05198023729987654,0.0,0.0,
IPH,,,,0.9872816613739881,,,0.9066400963808593,,,,,1.0,,,0.9686317811023685,,0.0,0.0,0.0,0.3071370395428174,0.06613318203462752,0.0,0.0,
IPI,,0.9881993492839554,,0.7726997864648144,,,,,,0.9837470240185515,,0.9452855867913728,,,,,0.08797359952236983,0.0,0.0,0.0,0.3136146550423891,0.047503980924945274,0.03765558647931327,
IPL,0.9511966251555689,0.9776092849185505,,0.9863765456588365,,0.8913178468837138,0.9704512135632153,,0.9633378276328859,0.9729234972385972,,0.9868410505974827,,0.9795284016317901,,,0.0,0.0,7.024404906910693e-05,0.0,,0.0,,
IPN,,,,0.9445566597060816,,0.8470758097466545,0.9185841192466305,,,,,0.9977215794278873,,0.8714812171479002,1.0,,,0.20887640963436893,0.0,0.09419335551900321,0.0,0.0,0.029452221935319472,
IPT,,0.9877281720691449,,0.9706816953188522,0.9821338761785624,,0.8762279016538493,0.9851746090235306,,0.9974085394668564,,0.9623969044001817,0.9834489139852397,,0.9399398701790781,,0.0,0.05168187928541851,0.045098206652985404,0.0,0.0,0.0,0.0,
IPZ,,,,,,,,,,,,,,,,,,,,,,,,
IQA,,,,,,,,,,,,,,,,,,,,,,,,
IQM,,0.9812064853367154,,,0.9666631128109614,,,0.8527201492642333,,1.0,,,1.0,,,,0.0,0.020070720095094186,0.06848772874213525,,,,0.0,
IQN,,,,0.9897871457462276,0.980770692822465,,0.9423835776816242,,,,,1.0,0.9931200187357916,,0.9783203973932966,,,,,0.13296727389005017,0.284779505717266,0.2668710938115491,0.027562322126564936,
IQQ,,0.9840983811976588,0.9840393033783753,,,0.9696892536755196,0.9879958429949348,,,0.9829328822706054,1.0,,,0.9871877361435097,0.989510566805421,,0.0,0.0,0.02813921630539285,0.049020101515766495,0.0,0.004076857585488699,0.03033217662856578,
IQT,0.9518504574429765,,,,,,0.922667818391999,,0.9581279608529963,,,,,,0.952169506694818,,0.0,0.0,0.0,0.11213227594049202,0.08957411411731694,0.0,0.0,
IRA,0.9750912475561547,0.9534530516867701,,0.9434411942771154,,,,0.9260552736575025,0.9859463415195956,0.9669502604710624,,0.9597551049836207,,,,,0.0,0.0,0.046509278882576936,0.0,0.13808027456010813,0.09731745976650055,0.018995470126280882,
IRD,,,,,,,,,,,,,,,,,,,,,,0.01506288134817217,,
IRG,,,,,,,0.9046243811254611,,,,,,,,0.9674712711125815,,,,,,,0.01927077008568464,0.0,
IRI,,,,,,,,,,,,,,,,,,,,,,,,
IRJ,0.9253678092008629,0.9504456458037046,,,,,,,0.9550582144696174,0.9251017585775163,,,,,,,0.0,0.0,0.1780162069044161,0.23774544839247805,0.046207939516664395,0.21437751955245296,0.2112973976114453,
IRK,0.9850049082464346,0.9510414027787988,,0.9670369990392927,,,0.9803400268045849,,0.9894846443470849,0.9405419118167092,,0.9743899746071306,,,,,0.0,0.0,0.0,,,,,
IRM,,,,,,,,0.9774620192954258,,,,,,,,,,,,0.04859784087203842,0.0,0.0,0.0,
IRP,0.970881692053256,,,,,,,0.9877625455072793,1.0,,,,,,,,,,,,,0.17962591803893085,0.01779297600707762,
IRZ,,,,,,0.8157629805088134,,,,,,,,,,,,,,,,,,
ISA,0.9674771584726044,0.8883334970973382,0.9809862453753719,,,,0.969334927727778,,0.9607829724166308,0.8731160793075551,0.9847378212660135,,,,0.9978270336563965,,0.0,0.0,0.0,0.08053554424278961,0.0,0.0,0.0007967730757912839,
ISB,0.9752352084732864,0.9350636004161048,,0.9628932672070822,0.983303433924967,0.9473959820867841,,,0.9946104567937479,0.9704611208200514,,0.990793287360315,0.9848774434177837,0.9792981518106302,,,0.0,0.007014965311111484,0.03698607200980533,0.0,0.0,0.0,0.014681731817792759,
ISC,,,,0.988334561869186,0.8665351358121205,,0.9607672992002966,,,,,0.8681058321530881,0.8994429381990676,,0.9666930885950114,,,0.041483898807827164,,0.0,0.0,0.0,0.0,
ISE,,,,,,,,,,,,,,,,,,,,0.07641070731154952,0.12719525393389602,0.04979837402662239,0.022959063710353448,
ISI,,,,,,,,,,,,,,,,,,,,,,,,
ISK,,,,,0.9697228248004692,,,0.9711942775692681,,,,,0.9477899437215351,,,,,,0.013253471063383137,,,,0.0487855753445668,
ISL,,,,,,,0.6767967090073381,0.9664233092496906,,,,,,,0.6701827940727504,,,,,,,,0.0,
ISN,0.9245525748053257,,,,,,,,0.9240484694683828,,,,,,,,0.0,0.030721042935395796,0.0,0.2557478737626148,0.10589883757121576,,,
ISO,,,,,,,,,,,,,,,,,,,,,,,,
ISP,0.8526750546920293,,,0.9373161349695631,,0.95518143776344,0.9351436323885218,0.9339248398962872,0.9611951426667471,,,0.98649508226279,,0.9731954175067432,0.943133955823627,,0.0,0.16427896672628123,0.1014926592611019,0.02947998824601859,0.07763790198417815,0.0,0.0,
IST,,0.9707556851377133,,,,,0.8277474554548669,,,0.9753574991744902,,,,,0.9899949429147588,,0.1199559674751619,0.143529473540822,0.18395691292486752,0.36609583847195143,0.4303640913253958,0.0,0.13972943126078674,
ISU,,,,,,,0.9490921340895195,0.9179292584244139,,,,,,,0.9291273677282208,,,,,0.2876147428205534,0.18748825888148998,0.003118584338893955,0.0,
ITB,,0.8898888871788486,0.9315791131328628,,,,0.9440407162962856,,,0.8367015279261717,0.9782275873221415,,,,0.9573693933008623,,0.0,0.0,0.017971653574496142,0.058454132357768376,0.0,0.046860504651722194,0.0,
ITH,0.92428344099592,0.8697513160723105,,,0.9857676192962843,,0.8693499500728462,,0.9358225605604965,0.9007857368202828,,,0.9915148119459416,,0.9049328157677482,,0.0,0.0,0.101718684186299,0.06081575078081008,0.0,0.0,0.0,
ITM,0.9616563800108288,0.9878989248523817,,,0.9361912145220425,,0.8866342089290961,,1.0,0.9930018795481987,,,0.9700084080325867,,0.986634474905603,,0.04924631116327622,0.0,0.0,0.05021601999725558,0.0,0.0,0.017228487271112196,
ITN,,,,,,,,,,,,,,,,,,,,,,,,
ITO,0.9389859863356284,0.9494220880766847,0.9485778843436915,0.9617453069661077,,0.9157350807871847,0.9578875113145708,0.9137567008383045,0.9142681752937871,0.9142657403805814,0.9716873183427513,0.9856946698107728,,0.8775601477531277,0.9721839272303086,,0.0,0.0,0.0,0.12916109709698465,0.13620000197814056,0.0,0.0,
ITP,,,,,,,,,,,,,,,,,,,,,,,,
ITU,,,,,,,,0.9644388242118214,,,,,,,,,,,,,,,0.0,
IUE,,0.9659192578840197,0.9884590147604,,,,0.9513552062146995,,,0.9852609965549701,0.9541119481320317,,,,0.9697539588344091,,0.054015107764666836,0.0,0.0,0.026744344277370984,0.04225105755749621,0.008620928518162011,0.0,
IUP,,,,,,,,,,,,,,,,,,,,,,,,
IVC,,0.9340886230580927,,,,,0.9422650352023831,,,0.9374151297062808,,,,,0.9779373566672271,,0.0,0.0,0.0,0.02964556227857213,0.02633125609050979,0.08754050004282882,0.0,
IVL,,0.9849182184235188,0.9606156699652273,0.9009747701444464,,0.9522081259584692,0.9724235790070049,,,0.9894253002751099,0.9862732513810487,0.9750130886726026,,1.0,0.9894300188338058,,0.12855200105939335,0.018949389432294263,0.0,0.0,0.07328467245751664,0.03391146710068579,0.0,
IVR,,,,,,,0.96096938184008,,,,,,,,0.9827848015907031,,,,,,,,0.0,
IWA,,,,,0.8171383064843327,0.7571140742811374,,0.7243580218043533,,,,,0.9602202983379968,0.7631418236461065,,,,,,,0.0088512158797936,0.0,0.0,
IWD,,0.9155565149968635,,,,,0.9683722337046899,,,0.9119853003087732,,,,,0.9812090526516988,,0.08437533245181777,0.0,0.0,0.15298867316018994,0.16286865773350542,0.037963190699193024,0.0,
IWJ,,,0.9625255538404225,,,,0.9669613347802496,,,,0.9533368290171288,,,,1.0,,0.0,0.0,0.0,0.18484301416069904,0.1756490048126839,0.04261659374268597,0.008831789880664445,
IWK,,,,,,0.981024808580553,0.9403638128939156,,,,,,,0.9880783436685275,0.9983496461790082,,,,,,,0.0,0.01390821506195622,
IXA,,,0.9734907142404697,0.9871231116448881,,,0.9570114102897765,0.9831333448977069,,,0.9883649293742933,1.0,,,0.9575007849136993,,0.0,0.18791422577638744,0.17131295477367578,0.06602708098049764,0.10434656589486321,0.011835871127697626,0.0,
IXB,,,,,,,0.9645353175772616,,,,,,,,0.9885515345032981,,0.003434441596309777,0.06557487799367237,0.0744619091489574,0.16856148926736964,0.039959697871082556,0.11478715080914634,0.027123503782198494,
IXC,0.9731180035544164,,,,0.976521296030305,0.9742692112390919,0.9540169762111594,,0.9743213806441263,,,,0.9998389267017245,1.0,1.0,,0.012786326011503207,0.09034016068958552,0.076987860589606,0.11143345787359997,0.12597902291187085,0.17492114721124385,0.02461243083190274,
IXD,,,,,,,,,,,,,,,,,0.0075054535185375805,,,0.0645539672541922,0.06719088856676704,0.09363931290484204,0.004250552400098494,
IXE,,,,,,,,0.978605158002605,,,,,,,,,0.014817558140982248,0.1591560309305895,0.20674221493596148,0.09502144921207302,0.06137548331118976,0.06969809686936632,0.006209609533320126,
IXG,,,,0.899562826716833,,,,0.9648955204004518,,,,0.9517767113588791,,,,,,0.06702296288124432,0.0431663290192333,0.0343784882402617,0.10672926943581489,0.132515015973057,0.05464871862378703,
IXI,,,,0.8454495964433831,,,,,,,,0.929756302624516,,,,,0.0481688344359023,,0.1768065333212111,,0.12204958004604928,0.037325595544170434,0.0,
IXJ,,0.9733674905107258,,0.9874528042096709,,,0.9703865358196372,0.9893236937295189,,0.9929508711642524,,0.9918816078505185,,,0.9690590702572416,,0.005431333986606735,0.10574040329745471,0.1296492187906692,0.01781642206774721,0.044379564638333306,0.03663947218107106,0.0,
IXK,,,,,,,,,,,,,,,,,,,,,,,,
IXL,,,,,,,,,,,,,,,,,0.0001843544913370314,0.04952684994263647,0.04320073057562466,0.0376634747278682,0.0975175847115233,0.05553449358211493,0.015738365001692494,
IXM,0.985773053954857,,,,,,0.96362184360876,,0.9952317080112013,,,,,,0.9754393643153889,,0.0010380955504845257,0.07105343274409862,0.06641942248305825,0.13307802028803709,0.15584829423815313,0.06653212893516992,0.0,
IXP,,,,0.9891601227065843,,,,0.9839954239945885,,,,0.9988399314091989,,,,,,,,,,,,
IXR,0.9628240123443141,,0.9899847290260682,,,,0.9817916330576791,,0.9924052260049095,,0.9993495133835001,,,,1.0,,0.0,0.059009924244790464,0.042928088105168946,0.05318252704573882,0.12038836812593516,0.06892363151821317,0.02802980780006796,
IXS,,,0.9856601454702991,,,0.9609836757104633,,0.9470500955753405,,,0.9915483234744641,,,0.9881575721881966,,,0.003180266726603853,0.0696366900081832,0.030891932311035084,0.0,0.0,0.20037262815463722,0.0,
IXT,,,,,,,,,,,,,,,,,,,,,,,0.014430621700469881,
IXU,,,,,0.9888843250047189,,0.9870008295185866,0.9859922255078254,,,,,1.0,,0.9864137366837377,,0.0,0.03486312915587781,0.033698844750050076,0.0552697397534398,0.03064262639685097,0.0562628492328743,0.011893175113723146,
IXW,,,,,,,,,,,,,,,,,,,,,,,,
IXX,,,,,,,,,,,,,,,,,,,,,,,,
IXY,,,,,0.9861741336808111,,,0.9787144316099308,,,,,0.9866980885246134,,,,,,,,,,0.04247848136159141,
IXZ,,,0.9840205628926012,0.9839621628022976,,0.9828375185451885,0.9376217387620768,,,,0.9998417219417931,0.9996984095137883,,0.9992190719686371,0.964216580959137,,0.009641739686807241,0.14047796295138912,0.13588842212771776,0.05741740722664937,0.09761373132269112,0.006791412160703142,0.019613508915148594,
IYK,0.9729276232953921,,,,,,,,0.9677082035443313,,,,,,,,0.0,0.0,0.015040888315889504,,,,,
IZA,,,,,,,,,,,,,,,,,,,,,,0.12466151187105,0.1604069525061271,
IZO,,,0.8937853678201387,0.9215046011420565,,0.899700221699341,0.9795870148544975,,,,0.9045794336742994,0.983654831762122,,0.9231995215881581,1.0,,0.012245642028679662,0.02376530787506442,0.0,0.0,0.07013720718859648,0.0,0.015734654037992072,
IZT,,,,,,,0.9588493531229425,0.8391383250620209,,,,,,,0.9319744891255103,,,,,,,,0.0,
JAA,,,,,,,,,,,,,,,,,,,,,,,,
JAC,,,,0.9414635963238605,,0.9821024711658546,0.9293329942269282,,,,,1.0,,0.8646173890312793,0.9729993906544369,,0.013338528108243325,0.17420605012529303,0.06853103139334621,0.01300765379586906,0.0,0.0,0.05089096974806932,
JAE,,,,,,,0.9414101603484419,0.9509845699974445,,,,,,,0.9397448018571781,,,,,,,,0.0,
JAF,,,,,,,,,,,,,,,,,,,,,,,,
JAG,,0.9832303980916829,,,,,,,,0.9956696116286373,,,,,,,0.0,0.0,,,,,,
JAI,,,,,0.9849859986527102,0.9624396582228711,0.9566173467568352,,,,,,1.0,1.0,0.9924478502572093,,0.10578047331238292,0.2624912931551128,0.2211100463124505,0.0362546597026696,0.08273958401220072,0.16646242303670228,0.04029635445190829,
JAL,,,,,,,,,,,,,,,,,,0.014765419781169143,0.018687919269721666,0.0037582592471575274,0.0,,,
JAN,,0.8880246672500925,,0.9305310593943261,0.8952579271874962,0.8041790709690413,0.8130757935310589,0.9741058497180959,,0.9774635670909715,,0.9386442410285454,0.9402099916454374,0.6936381287486283,1.0,,0.10945926489487448,0.17555702396225922,0.23182650575850694,0.0,0.0,0.0,0.060252795417385784,
JAR,,,,,,,,,,,,,,,,,,,,,,,0.10820266382802621,
JAT,,,,,,,,,,,,,,,,,,,,,,,,
JAU,,,,,,,0.9321690922930099,,,,,,,,0.9736326554511003,,,,,,0.09116377066360291,0.009620345436550501,0.0,
JAV,,0.9806208435443786,0.9784635135517512,0.9793064649375544,0.8579921995160922,,0.8296311153512963,,,0.9858820786873833,0.992687341855029,0.9924659891153377,0.9183437264306049,,0.9746566654149343,,0.00958290202869417,0.013864082262543183,0.0,0.43067152552822846,0.04511400547758325,0.14341226245031152,0.0,
JAW,,,,,,,,,,,,,,,,,,,,,,,,
JAX,0.9605005701634495,0.9379325764080276,,,0.9665562959333898,0.985690712422279,0.8234697729414758,,0.9769163927975631,0.9699771383539517,,,0.9981016622937541,0.9241847858278265,0.9008858588334867,,0.0,0.0,0.08263379967175966,0.04831019702111335,0.00958958298455861,0.0,0.0,
JBB,,,,,,,0.8370368323497367,0.8893994467522144,,,,,,,0.7444600956030818,,,,,,,,0.0,
JBD,,,,,,,,,,,,,,,,,,,,,,,,
JBK,,,,,,,,,,,,,,,,,,,,,,,,
JBQ,,,,,,0.9526102678967279,,0.9657036396744771,,,,,,0.9567222319939782,,,,,,,,0.03852157193663855,0.03737132593777482,
JBR,,,,0.9095307943481206,,,0.9817121995154764,,,,,0.9226223287704716,,,1.0,,0.0,0.0,0.0,,0.029713706040825436,,0.024884466425122584,
JBS,,,,,,,,,,,,,,,,,,,,,,,,
JCA,0.9861839906081121,0.9851478897184045,,,,,,,0.9968740092358783,0.9937417167417852,,,,,,,0.00875588091700248,,,,,,,
JCB,0.98031286957843,,,,,,,,,,,,,,,,,,,,,,,
JCH,,,,,,,,,,,,,,,,,,,,,,,,
JCK,,,0.9812003263383999,,,,0.9817949802697544,,,,0.9596481290166835,,,,0.988547657530642,,0.0,0.0,0.0,0.0,0.017726106924220747,0.014729119763928407,0.0,
JCL,,,,,,,,,,,,,,,,,,,,,,,,
JCS,,,,,,,,,,,,,,,,,,,,,,,,
JCU,,,,,,,0.9650624935752419,,,,,,,,0.9831759301609059,,,0.0040173449242635545,0.025665485263202836,,,0.0,0.0,
JDF,,,0.9717264611580771,,,0.8855246482194152,,,,,0.9915991487943437,,,,,,0.0,0.019299141395988286,0.027025615960997854,0.14586423573918886,,,,
JDH,,,,0.9768863704600455,,,,0.988366022072527,,,,0.9918521136819036,,,,,0.0020013993369379555,0.058128222925970266,0.026833268349553612,0.08306732556734554,0.055794980029295456,0.053673064614735,0.013033462325094225,
JDO,0.9789328341903134,0.9829642503254623,0.9481393913691634,,,0.9707192268127575,0.950901917513175,,0.9742295026534009,1.0,0.9666822462055064,,,0.9506788125599741,0.9875717190789453,,0.031022870170706592,0.10449566174019423,0.00016355109722465704,0.0742864919027768,0.01905909805909682,0.0,0.011820904563824432,
JDR,,,,0.8923738329103648,,,,,,,,1.0,,,,,,,,0.2063062620792951,,,,
JDZ,,,0.9811992505979675,,,,0.9802385841138048,0.955628407121202,,,1.0,,,,0.9491501741674064,,,0.007772579731881523,0.10537779837092198,0.14322729574108178,0.08939466856208651,0.11385084855473698,0.0,
JED,,0.9780025673864585,0.9825009263252396,0.9773156480593693,,,0.6679492296214199,,,0.9838044676508512,1.0,1.0,,,0.9790518464705403,,0.0,0.07976012855643688,0.137455213423335,0.3124646167916239,0.415755262106384,0.0,0.22843330072267876,
JEE,,0.9848387392468231,,,,,,,,0.985964253918925,,,,,,,,,,,,,,
JEG,,0.9894656610857447,0.9775270840056853,0.9634082859160917,,0.9651417812778252,,0.9433803346648005,,0.9922251339205533,0.9940982055472571,0.9730689691835832,,0.9846790171513135,,,0.01036506240217655,0.03108406382453312,0.0,0.09803895475706105,0.014502799469725089,0.0,0.030895267100766562,
JEK,,,,,,,0.9804155219670878,,,,,,,,0.9894027794948062,,,,,,,,0.0,
JER,0.9582252150027548,0.9330144597233588,,,,0.9784297372099997,0.9281004419968859,,0.949690917414009,0.926633604113186,,,,0.9524357882336023,0.9893763439881026,,0.0,0.0,0.045887402518127174,0.030968263835344338,0.0,0.0,0.0,
JFK,0.9786986826928042,0.9470105284357772,,,0.9239203561614368,,0.7434080111436894,,0.991220315398318,0.9600378546094989,,,0.9274153351400805,,0.9818062765788291,,0.0,0.061919914499345786,0.17961498220414193,0.0,0.0,0.0,0.0631366180807192,
JFR,,0.9790432812903413,0.9740207427788432,,,,0.9299271720390785,,,0.9895228061557717,0.9752217769127266,,,,0.9894502949549872,,0.0,0.0,0.0,0.02528242981179234,0.030575946549330556,0.009009264087179426,0.0,
JGA,,,0.9849788863211761,0.9801079799660928,,,,,,,1.0,0.9860880814291023,,,,,0.005675627458874406,0.04529364337126132,0.0376527773552097,0.0,0.010362372484625708,0.004802700841947796,0.03875437613279553,
JGB,,,,,,,,,,,,,,,,,,,,,,,,
JGD,,,,,,,0.9384488630739298,0.9876178917033152,,,,,,,0.9399377756980443,,,,,,,0.03838507120851163,0.0,
JGN,,,,,,,0.9788207060941305,0.9799836423766617,,,,,,,0.9678075508085152,,,0.37267026993599744,0.2796880465635895,0.17404889106985671,0.10501924007989312,0.007424056576432333,0.022323184802633962,
JGO,,0.9817566460232471,0.980619689251947,0.9762715802488384,0.8815748638257762,,,,,0.9875221648320937,0.9951670817474352,0.9807915119765782,0.9135666039444165,,,,0.0,0.01508238842875887,0.0,0.2753030984937578,,,,
JGR,,,0.975680783183868,,,,,,,,0.9752864417327841,,,,,,0.0,0.0,0.0,,,,,
JGS,,,,,,,,0.9876353977822442,,,,,,,,,,,,0.12164449191230271,0.10520846508081035,0.110582516011401,0.04628972462728518,
JHB,0.9713279658619327,0.9653863939828332,,,,,0.7404032034758842,,0.929664841884761,0.9818990041937521,,,,,0.9424969006357766,,0.0,0.07307228096980148,0.2104512586609627,0.13807803983416056,0.12334827504634953,0.0,0.0016854482775461787,
JHG,,,,0.96422041860906,,,,0.8923286315949124,,,,1.0,,,,,0.2503356536624523,0.07969317173820807,0.014858585644289725,0.1342705418541452,0.17218998618752637,0.3432736004929821,0.11260760755372914,
JHM,,,0.9842870672146503,,0.9724384305986766,,0.9550406204761506,0.9735544168572093,,,0.9928957074724352,,0.985623718692869,,0.9398173052789902,,0.0,0.0,0.004419938300766915,0.0061471811838312304,0.0,0.0,0.0,
JHS,0.9892073558491822,0.9820396220409586,0.9775632858869966,0.9713859332998573,,,0.9688206754934422,,0.9994803023475636,0.9878550355797462,0.9947181318189023,0.9740535377717162,,,0.9944226541877308,,0.0,0.025011874530950953,0.0,0.059159748517531675,0.017644659450988105,0.0,0.17416318267705735,
JHW,,0.9828630673664394,,0.8908629805355502,,,,,,0.9923275862376189,,0.8989880591658922,,,,,0.0,0.10325107332630196,0.12627587208492727,0.0,0.0,,,
JIA,,,,,,,,,,,,,,,,,0.1612954384338678,,,,,,,
JIB,0.9609554834840655,,,,,,0.9671978017129641,,1.0,,,,,,0.9905712526978845,,0.07346021090015271,0.0,0.0,0.028949908633997923,0.05956295240054258,0.028537665295403355,0.0,
JIC,,,,,,,,0.9809965740635266,,,,,,,,,,,,,,0.24410349864870595,0.002478840256963547,
JIJ,,,,,,,0.9763104401601761,,,,,,,,0.9900657618655733,,,0.020633712127426332,0.012315938047788487,0.04644799061407314,0.0614812023338516,0.03078344334544848,0.0,
JIK,,,,,0.9892368937549835,,0.9795799249156977,,,,,,0.9989484954100454,,0.9973007847413361,,0.0,0.020713459834879377,0.031497904507529914,0.029369593176817445,0.016731626779328407,0.0,0.0,
JIL,,,,,,,,,,,,,,,,,0.018069961306919617,,,,,,,
JIM,,,,,,,,,,,,,,,,,0.03442213973786052,0.02579428567487616,0.020147205989913798,0.039068224380670515,0.04782830945018933,0.02402569533453031,0.03715962378711092,
JIN,,,,,,,,,,,,,,,,,,,,,,,,
JIO,,,,,,,0.9695550764449087,,,,,,,,0.9857844391185487,,,,,,,,0.0,
JIQ,,,,,,,,0.9126440261570427,,,,,,,,,,,,,,0.19760650666952945,0.0,
JIU,,,,,,0.9820031744664183,,,,,,,,0.8512273816273969,,,,,0.18655767997742273,0.4024729884615122,,,,
JIW,,0.988556104517516,,,,,,,,,,,,,,,,,,,,,,
JJA,,,,0.9416197463055248,,,,,,,,0.9541432322029825,,,,,,,,0.0,,,,
JJD,,,,,,,0.9604850032933047,,,,,,,,0.9962272477327706,,,,,,,,0.0,
JJG,,,,,,,,0.8770550279955838,,,,,,,,,,,,,,,0.14037157046362522,
JJI,,,0.9834804545906778,,,,,,,,,,,,,,0.0,,,,,,,
JJM,,,,,,,,,,,,,,,,,,,,,,,0.0,
JJN,,,0.9888370943078615,,,,0.9799641156177604,0.8912239619200093,,,1.0,,,,0.917182978486829,,,0.16412961121132102,0.12646659728933748,0.16812105590339396,0.15676796790257957,0.41456899172487116,0.0,
JJU,,,,,,,,,,,,,,,,,,,,,,,,
JKG,0.9794911152121595,,0.9451893771606484,0.9673229144145372,,0.9137970879868459,0.7841483782205603,,0.9716006378750521,,0.951589516865345,0.9943535669782496,,0.9888734613467809,0.8647726022503315,,0.0,0.0,0.0,0.0,0.19077584026615266,0.0,0.0,
JKH,,,,0.927107873479279,,,0.9763876086738904,,,,,0.9925578345602347,,,0.9975535062470131,,0.0,0.14777168849341446,0.062294272641284246,0.009622731787420956,0.026887598045059496,0.0,0.022241810917545783,
JKL,,,,,,,0.9802640619023909,,,,,,,,0.9967900547926373,,,,,0.013153570926034969,0.02162539343176554,0.0,0.0,
JKR,,,,,,0.9851219655097391,,,,,,,,0.9881360792236312,,,,,,,,0.007606804604255013,0.03731375499022896,
JLG,,,,,,,,,,,,,,,,,,,,,,,,
JLN,,0.9049888158428308,0.9639467026860751,,0.9009922289518777,,0.9873649446138375,0.961992131892313,,0.8741634906392532,0.95858512099399,,1.0,,0.9576623749076157,,0.0,0.0,0.03572794383695064,0.02619641186865766,0.03186897102905262,0.03199429348770114,0.0,
JLR,,,,,0.9563336450411645,,,0.972893454248224,,,,,0.9956595638517792,,,,,,0.09144662193584245,0.03738356130753706,0.040320363048447556,0.0635917163553983,0.016377260060152804,
JMA,,,,,,,,,,,,,,,,,,,,,,,,
JMJ,,,,,,,,0.7892732475177953,,,,,,,,,,,,,,,0.0,
JMK,,,,,,,0.9579149005206937,0.9089558303869736,,,,,,,0.9934212776169811,,0.19345206561601577,0.1596795509871962,0.02950806559878389,0.20026967607670992,0.20501756646722502,0.09629266800238821,0.0,
JMO,0.8156122456091563,,,,,,0.966793253992505,,0.8347983193286573,,,,,,0.9846834836899133,,0.0,,,,,,0.0,
JMS,0.9584143568631738,,,,,0.9845414064062062,0.9692858263678874,,0.942679390690418,,,,,0.9846307540756496,0.977880413175783,,0.0,0.0,0.00011715621429240281,0.04888139746902569,0.004111687881852805,0.0,0.0,
JMU,,,,,,,0.9581530637361931,0.982560981325527,,,,,,,0.9636741133317984,,0.28658748638358467,0.10746286317835088,0.10583282195557639,0.12676752177389264,0.12358059575900059,0.04683633984188818,0.031058054247692833,
JNB,0.9871544663439622,,0.9767943670256461,0.9698728557948582,,,0.8105629715886992,,1.0,,0.9873719026122821,0.9747744681577444,,,0.9543387903893471,,0.033595231294073526,0.1172360156745335,0.09264736962172772,0.0,0.0,0.0,0.0,
JNG,,,,,,0.9787965053028953,0.9848268855636778,0.981786668362654,,,,,,1.0,0.9753918546722931,,,,,,0.1659127405313743,0.07391607304365232,0.006453349840184632,
JNJ,,,,,,,,,,,,,,,,,,,,,,,,
JNN,,,,,,,,,,,,,,,,,,,,,,,,
JNS,,,,,,,,,,,,,,,,,,,,,,,,
JNU,0.9015191097698704,,,,,,0.9403491803646781,,0.8921074357401666,,,,,,0.9777585226468748,,0.0,0.00047196667215862367,0.0,0.033204843458215394,0.06950875099480096,0.014968477782625512,0.0,
JNX,,0.9897519253831252,,,0.9897891817943185,0.958099468198058,0.9647772304349395,,,0.9947363682250772,,,0.9971903461935656,0.9729630723929011,0.9981159150446021,,0.0,0.021278278860328233,0.032210174951250385,0.0,0.004819942454127424,0.0,0.0,
JNZ,,0.9669970637957309,,0.9856851193820354,,0.9523218213987136,0.9323537515171194,,,0.9910054875770589,,0.9986152239328602,,0.9887877512048208,0.9485132700504608,,0.0,0.013877797740258081,0.03347186410434415,0.06608400761536154,0.10702678766887722,0.03383895407583293,0.0,
JOE,,,,,0.9436635132333574,,0.913360625078912,,,,,,0.9725273789256133,,0.9279661301504482,,0.010855974857241948,0.008184233168951161,0.012510031275270643,0.13200309378844327,0.07032706543043787,0.0,0.0,
JOG,0.9511002443029747,,,,,,0.7004356728726624,0.743831669632656,0.9108664793215339,,,,,,0.6373373772538282,,0.015297939323476843,0.17282259942978184,0.20015225950036322,0.20691810492845414,0.15933275671827726,0.0,0.0,
JOI,0.9818178560220552,0.9862452206604793,0.8583683035022815,0.8369912949873186,,,0.9297445594130563,,0.9738546591464236,0.8969132584923286,0.9410356322024175,1.0,,,0.967409646455753,,0.0,0.0,0.0,0.04954377667045502,0.25289038721020435,0.0,0.0,
JOK,,,,,,0.9128778979252652,,,,,,,,0.8653085750459676,,,,,,,0.004525938650301701,0.0,,
JOL,,,,,,,,,,,,,,,,,,,0.01147231344396613,0.013631863752467738,,,,
JOM,,,,,,,,,,,,,,,,,,,,,,,,
JON,,0.9700353952738067,0.9878007397951144,,,,,,,0.9646288599579022,,,,,,,0.0,,,,,,,
JOP,,,,,,,,,,,,,,,,,,,,,,,,
JOS,,,,,,0.9886370158080962,,,,,,,,0.9814208804833945,,,,,,,0.0,0.0,0.01539505755360063,
JPA,,0.9721061263710952,0.9810582910063224,,,,0.9410327342884687,,,0.9485664554870732,0.9721510934079916,,,,1.0,,0.005239673355238491,0.0,0.0,0.055653693670956475,0.050456240950432815,0.0,0.03639816586357835,
JPE,,,,,,,,,,,,,,,,,,,,,,,,
JPO,,,,,,,,,,,,,,,,,,,,,,,,
JPR,,,0.9568561297165817,,,0.8672940992706855,0.9602581766217639,,,,0.8475462749206407,,,0.855006390438657,0.9911120089785808,,0.2277806223478875,0.10468845845525482,0.03011559952798876,0.0,0.0,0.0,0.0,
JQA,,,0.9676518652743444,0.9702079403377976,,,0.9347579074424895,0.9552198620927062,,,0.9877528254699159,0.9245622031070406,,,0.9637568415358456,,,0.0282750859185497,0.0,0.02572366881490741,0.01525350215963688,0.1480507503941595,0.0,
JQE,0.9843115229530519,,,,,,,,0.97416045533324,,,,,,,,,,,,,,,
JQF,,,,,,,,,,,,,,,,,,,,,,,,
JRB,,,,0.9890292673734583,,,,,,,,,,,,,,,,,,,,
JRF,,,,,,,,,,,,,,,,,,,,,,,,
JRG,,,,,,,,0.9363537799457873,,,,,,,,,,,,,,,0.008582360276448797,
JRH,,,,0.9645860755036109,0.9839329030054205,0.9128503296250667,0.9829620265058877,0.9854045498359877,,,,0.9759097250189199,0.9998549552095386,0.9632236396883355,0.9815196892581706,,0.11294248037599922,0.15099690814966182,0.1511921212705218,0.0,0.0002689736196753835,0.0009076333605822672,0.0,
JRK,,,,,,,,,,,,,,,,,,,,,,,,
JRO,,,,,,,0.9029469560453901,,,,,,,,0.9582387399430763,,0.05589325039432574,0.04332845509781983,0.039838384157723596,0.09822561344858476,0.11284259258989494,0.0,0.0,
JRS,,,,,,,,,,,,,,,,,,,,,,,,
JRT,,,,,,,,,,,,,,,,,,,,,,,,
JSB,,,,,,,,,,,,,,,,,,,,,,,,
JSH,0.9787452905825135,,,0.9851270493199715,0.9875882962834361,,0.9711445340082231,,0.9778077509576778,,,0.9839058181914254,1.0,,0.9920074509393786,,0.0,0.08097812684149967,0.08000412127076613,0.004224669339721275,0.009102929735484464,0.0,0.04084085220594311,
JSI,,,,0.9488282917157462,,,0.9062146685030366,,,,,1.0,,,0.9936872170568337,,0.1573313764601949,0.20416421590506914,0.0,0.06046727959466693,0.23773873872156015,0.041329491954058294,0.0,
JSJ,,,,,,,0.9191774263076234,0.9888345376973668,,,,,,,0.9301064798784939,,,,,,,,0.0,
JSK,,,,,,,,,,,,,,,,,,,,,,,,
JSR,,,,,,,0.9803043145896143,,,,,,,,0.9998299437871653,,0.02378291483175102,0.0,0.0,0.07343280050221815,0.0662294525668897,0.045332729261154024,0.0,
JST,,,,0.9853322116937893,,,,,,,,0.9972862505469051,,,,,0.0,0.10344500867279774,0.11443464580980302,0.0,0.022622092928538944,0.022256101112329247,0.12978390429590078,
JSU,,0.9822335133583293,0.9779017048282611,0.962665258330083,,,0.960362911177927,,,0.988141533434158,0.994309093576599,0.968647579352,,,0.982345058451135,,0.0,0.024303188016002186,0.0,0.050588316633638206,0.0305367833084317,0.0,0.012963764222474004,
JSY,,0.9884508922974696,,,,,0.9771012400846973,,,0.993150786325798,,,,,0.9940327710268874,,0.0,0.012230977940887549,0.021598340785954923,0.0,0.013169109781909416,0.0,0.0,
JTC,,,,,,,0.8157696093020751,,,,,,,,0.8598314709044088,,,,,,,0.06667729895707833,0.0,
JTI,,,,,,,,,,,,,,,,,,,,,,,,
JTR,,,,,,,0.9526305238083016,0.9861147324318945,,,,,,,1.0,,0.06397093418973666,0.06531353935916892,0.05042599397654116,0.15456775632020525,0.18192322568292987,0.012172320220680967,0.08688494451786302,
JTY,0.9864473396642311,,,,,,0.9801640440498246,,0.9929513277428028,,,,,,0.9970199173790164,,0.0,0.04164929771664759,0.04259984723807811,0.0,0.008689183902073653,0.0,0.0,
JUB,,,,,,,,,,,,,,,,,,0.18491102010098737,0.17886587808602153,0.21065086051812662,0.21037458014628574,0.0,0.08350894240769442,
JUH,,,,,,,0.9245743822897009,,,,,,,,0.9335216328227541,,,,,,,0.23690673808638274,0.0,
JUI,,,,,,,,,,,,,,,,,,,,,,,,
JUJ,0.9200789658848404,,,,0.9613023039796181,,,,0.8845625303610625,,,,0.9876571173259345,,,,0.0,0.0,0.008951978725966828,0.2690807999363237,0.18678749170154707,0.16069810478389424,0.13132058494579707,
JUL,0.9788572712328552,0.9822919912331691,,0.9792886068513005,,,0.9520201903711197,,0.9842779151647363,0.9897336004209379,,0.9963709421862952,,,0.9830858520928852,,0.0,0.0,0.0,0.034910167688315834,0.08168206206708041,0.0048685930474866475,0.014972996879461258,
JUM,,,,,,,,,,,,,,,,,,,,,,,,
JUO,,,,,,,,,,,,,,,,,,,,,,,,
JUZ,,,0.9882493703533477,,,,,0.9097065368866398,,,0.9707615127872985,,,,,,0.12350686674276959,0.0,0.0,0.1337613932750837,0.11344835567754083,0.3896307915612021,0.15803368518045904,
JWN,,,,,,,,,,,,,,,,,,,,,,,,
JXA,,,,,,,,0.9629061849631535,,,,,,,,,,,,,0.1413466809754129,0.10555611832526797,0.028962894827708138,
JYR,,,,0.9493116595630784,,,,,,,,,,,,,,,,,,,0.11852512152820356,
JYV,,,0.9819473880525745,0.9852954728279358,,,0.9137952516451271,,,,0.9987592511835829,0.9982372997163517,,,0.9255161659913059,,0.02526412755158475,0.0,0.044299940245791716,0.02425492573778304,0.16875668980076464,0.0,0.0,
JZH,,,,,,,,0.9444740715627354,,,,,,,,,,,,0.10546388962997538,0.0242912406453369,0.0,0.0,
KAA,,0.9753299564391404,,,,,,,,,,,,,,,,,,,,,,
KAB,,,,,,,,,,,,,,,,,,,,,,,,
KAC,,,,,,,0.8846358391385234,,,,,,,,0.9811351782675243,,0.023359338956092712,0.0307179082224679,0.019263524202339396,,0.10716331555277021,0.0,,
KAD,0.9689696469245243,,0.9863895104634438,,0.9821979998177165,,,,0.9806485082106594,,1.0,,0.9803314262387897,,,,0.0,0.062484686273311434,0.05367647376145092,0.0,0.0,0.001244544779851073,0.0,
KAE,0.9336718553621056,,,,,,,,0.9211168362308496,,,,,,,,0.0,0.0014103076234959027,0.0,,0.05830087115857257,,0.004145223684290205,
KAG,,0.8314539369503574,,,,,,,,,,,,,,,,,,,,,,
KAJ,,,,0.9882423982035743,,0.9875075611390158,0.9578403864044122,,,,,0.9975840001485808,,0.9634647371340657,0.9904039277183675,,0.019599683372373902,0.014633848629261627,0.009482517239500353,0.05831352433185766,0.014786157316487235,0.0,0.07056207641978478,
KAL,0.9857321685793146,,,,0.9872602626913884,0.9793988562571309,0.9365420794700239,,1.0,,,,0.997258019021529,0.9600498475686191,0.9678849213210657,,0.03445320265870828,0.0,0.0,0.004448435713280826,0.0,0.0,0.0,
KAN,0.9660397790537324,,0.9799893954155702,,,,,,0.9694807921514152,,0.9937907449740199,,,,,,0.0,0.0,0.0,0.03426278667862092,0.0,0.0,0.03429325443077755,
KAO,,,0.9099434903466235,0.945522137092605,0.916898924603782,0.9511262882111795,0.9463917266658316,,,,0.9868231694821307,0.9413153120546893,0.9509696486169616,0.9874958463059289,0.9859151537290269,,0.052177568268125536,0.15721846740518924,0.0,0.0,0.0,0.05292085145803431,0.0,
KAS,,,,,,,,,,,,,,,,,,,,,,,,
KAT,,0.9810788241970018,,,,,,,,0.9900993981916013,,,,,,,0.0,0.0,0.020437767954900952,0.022425969954791222,,,,
KAU,,,,,,,,,,,,,,,,,,,,,,,,
KAW,0.9631753620506941,,,,,0.967869601577589,0.9273352542408574,0.9660163085340194,0.9552299955572944,,,,,0.9987014195183905,0.9011727563083913,,0.0,0.01563637341083531,0.0,0.050154758555496524,0.07632358565739397,0.07341866294647181,0.0,
KAX,,0.9717144233915224,,,0.9754573135447057,,,,,0.997753811304015,,,,,,,0.0,0.0,,,,,,
KAY,,,,,,,,,,,,,,,,,,,,,,,,
KAZ,,,,,,,,0.9040519142464147,,,,,,,,,,,,,,0.08706351625607497,0.0,
KBC,0.9743223774807017,,,0.9889571078099358,0.9880658187277045,,0.942667864255946,0.9895383548096012,0.9918668423699841,,,0.9940603920464812,0.9989038569277501,,0.9679889778359511,,0.023022232653977192,0.031209870793237036,0.0,0.00021426824112915946,0.01494696954572372,0.0,0.0,
KBH,,,,,,,,,,,,,,,,,,,,,,,0.027434423758340737,
KBK,,,,,,,,,,,,,,,,,,,,,,,,
KBL,,,,0.9478606097628038,,0.9678183049267093,,0.8959947954893613,,,,0.997493196784226,,0.985054395382853,,,0.24911093665603518,0.45184528754089165,0.1634862293879799,0.0,0.009468730925871853,0.024618097647992263,0.0,
KBM,,0.9481040356349587,,,,,,,,,,,,,,,,,,,,,,
KBP,0.960987005312614,,,0.9829453258661139,,0.8874029559994706,0.9586953795805186,0.9010670463440962,0.9821741063487092,,,0.9887370185879735,,0.9629472172240766,0.86384881402235,,0.03930175699433125,0.19708144513334414,0.16339111606973383,0.0,0.0,0.23241007954068119,,
KBR,,,,0.9485907074274927,,0.9615870210817276,0.86684537389143,,,,,0.9854506570557247,,0.9561693101553186,0.9114090174102806,,0.03288213803499695,0.07969906590486722,0.017213175496075164,0.08144276980999933,0.060543233226191644,0.0,0.0,
KBU,,,,,,0.9134894746527258,0.8819802995447881,0.936627859244111,,,,,,0.9106739664999584,0.9180007547700434,,,,,,0.108487626311423,0.0,0.0,
KBV,,,,,,,0.6204062139056463,,,,,,,,0.7025061057681652,,,0.08899806237591333,0.0805641630636241,0.25216739896469864,0.31278719313990433,0.1668498972057497,0.0,
KBZ,,,,,,,,,,,,,,,,,,,,,,,,
KCA,,,,,0.9756186843522683,,,0.9709101765687701,,,,,1.0,,,,,,,0.16547043643404571,0.12595574489456857,0.207277643834786,0.08605894908651322,
KCF,,,,0.979014367751171,,,,,,,,0.9877809276260766,,,,,,,,,0.0,,,
KCH,,,,,,,0.9006784590006587,,,,,,,,0.9745961906576243,,0.037184557726752845,0.0,0.03553999963792401,0.06389147291013109,0.0,0.0,0.005643268759861967,
KCK,,,,,,,,0.9516901532879466,,,,,,,,,,,,,,0.009954272381301584,0.0,
KCL,,,0.9300497543923831,,0.9500353050866318,0.9507662974271318,0.9162265737299355,0.9148666857595984,,,0.9253508669359423,,0.9938807637226159,0.994575763444052,0.953428749602858,,0.0027693739010797454,0.0,0.0,0.004482649790918318,0.014738319501031586,0.0,0.0,
KCM,,,,,,,0.9739555232624756,,,,,,,,0.9991358536048381,,,0.1430071810529209,0.05388041147082749,0.07831435995032596,0.11391826831522574,0.03471932852011827,0.0008418817933713722,
KCO,,,,,,,0.8337770821380309,,,,,,,,0.9330669736372162,,,,,,,0.12143086547092947,0.0,
KCQ,,,0.9300497543923831,,0.9500353050866318,0.9507662974271318,0.9162265737299355,0.9148666857595984,,,0.9253508669359424,,0.9938807637226159,0.9945757634440516,0.953428749602858,,0.0,0.0,0.0,0.004482649790916184,0.014738319501031586,0.0,0.0,
KCT,,,,,,,0.9705641250782372,,,,,,,,0.9917383885140436,,,,,0.01221584160921665,,0.026037068283568863,0.0,
KCY,,,,,,,,,,,,,,,,,,,,,,,,
KCZ,,0.9841022381335176,,,,0.9336710494492425,0.9074189443146603,,,0.9706670670631349,,,,0.9521942602018594,0.9588155450541486,,0.023599379664065168,0.0,0.0,0.0173166205189453,0.0,0.0,0.0,
KDA,,,,,,,0.9867833531407764,,,,,,,,,,,,,,,,,
KDD,,0.9850878975837418,,,,,,,,,,,,,,,,,,,,,,
KDH,,,,,,0.9827401578503501,0.9634493393094573,0.9831211986264692,,,,,,0.9946661476159541,0.9543149816798426,,,,,,0.08597825118965177,0.0,0.0,
KDI,0.9462531464920811,,0.9547547655987882,,,,0.9619193715590842,,0.9286910675140063,,0.998304265197582,,,,0.9806390998080574,,0.0,0.013211985969314253,0.00882641254493335,0.14045669294178384,0.15267626123275355,0.0,0.0,
KDJ,,,,,,,,,,,,,,,,,,,,,,,,
KDL,,,,0.986433673489134,,,0.9696517693614907,,,,,0.9992020623801668,,,0.9826261030866532,,,,,0.0009029975552482191,0.014664867444385976,0.0,0.0,
KDM,,,,,,,0.9711100440188226,,,,,,,,0.9905100616288806,,0.026872771691904166,0.03729799450696514,0.03841552442821117,0.03851489891972207,0.03664905995914764,0.0,0.0,
KDN,,,,,,,,,,,,,,,,,,,,,,,,
KDO,,,,,,0.9368683336732271,0.9856943782210601,0.9897041294718099,,,,,,0.936710353251198,0.9872545748776483,,0.014042575017774709,0.04449511515544836,0.03484848667152002,0.050079089969391824,0.06552362560994422,0.0,0.0,
KDP,,,,,,,,,,,,,,,,,,,,,,,,
KDQ,,,,,,,,,,,,,,,,,,,,,,,,
KDT,,,,,,,,,,,,,,,,,,,,,,,,
KDU,,0.9721073248923847,,0.9862443342715308,,0.9857970756790568,,,,0.9893078929398551,,0.9961527198198062,,0.9997589996233334,,,0.0011337348717787347,0.0,0.007886188774501023,0.0,0.014541937956937225,0.0,0.1712089099683193,
KDV,,0.950852286693175,,0.987942623978731,,,,,,0.9495084186763063,,0.9832389254444193,,,,,0.0,0.0,0.017648398831687034,0.0,,,,
KDW,,,,,,,,,,,,,,,,,,,,,,,,
KDX,,,,,,,,,,,,,,,,,,,,,,,,
KDY,,,,,,,,,,,,,,,,,,,,,,,0.0,
KDZ,,,,,,,,,,,,,,,,,,,,,,,,
KEA,,,,,,,,,,,,,,,,,,,,,,,,
KEB,,,0.8024036055049673,0.9813848850539186,,,,,,,0.7880480930443632,0.9910655466172897,,,,,,0.004134580049312782,0.0,0.0,,,,
KED,,,,,,,,,,,,,,,,,,,,,,,,
KEF,,0.8933781620115655,,,,,0.7861611147772352,,,0.9557312016306732,,,,,0.9626341603849413,,0.0,0.04414876347082349,0.179073788736229,0.15299090874132784,0.3250987765879058,0.018542358244924062,0.013719535109945268,
KEI,,,,,,,,,,,,,,,,,,,,,,,,
KEJ,0.7629165223207022,0.8940050989127789,,,,0.983658075256133,0.972736361534892,0.841035170648295,0.9420654025063038,0.9681772159488029,,,,0.9817692343100499,0.8876463312202887,,0.0,0.018831036146819975,0.17693114632956358,0.0,0.0,0.14510619385630358,0.0,
KEK,,,,0.9809229168174234,,,0.9781636868104667,,,,,0.9919112982825401,,,,,0.007936862957242993,0.0,0.0,0.004789663172894224,,0.0,,
KEM,,,,,0.988387221130392,,0.9740828198270391,,,,,,0.9996922792947162,,0.984971150848169,,0.02087206019216452,0.003399860024136681,0.011140851537597892,0.0036398604156563062,0.025138110313213034,0.0,0.0,
KEO,,,,,,,0.9681432959871621,,,,,,,,0.9791963307601034,,,,,,,,0.0,
KEP,,0.9799337081004598,,0.9756319037405247,,0.9830387361251182,0.9767357650754864,,,0.9791435947632351,,1.0,,0.9922819136778634,1.0,,0.0,0.0,0.0,0.026045901097832776,0.031242481716697832,0.014245295184195888,0.03402580877963151,
KER,,,,0.8263119558461314,,,0.9709365169846134,,,,,0.851127142279791,,,1.0,,0.12176815024659107,0.1651367496313657,0.0,0.0,0.2501779703385207,0.07511501246048122,0.2554452982272126,
KET,0.9508858239926192,0.9874296690216661,0.9830235755161216,,,0.9599243963094083,,0.9656353803461966,0.9657705865966614,0.9983466699840152,0.9938535800286634,,,0.9986321599116537,,,0.0,0.0,0.0,0.023809993410071693,0.08517153735046712,0.03474632047459007,0.0,
KEU,,,,,,,0.8446836379951319,,,,,,,,0.9514368380560382,,,,,,,,0.0,
KEW,,,0.9792258417727013,,0.9735159982044123,,,0.8568483988898811,,,0.9958147212323251,,0.9917726851559683,,,,,0.0008708699889483117,0.0,0.0150228030143287,0.18888567817577245,0.012183526143777266,0.0,
KEX,0.8146193948058238,0.9481933997163982,,,,,,,0.8471959933117794,,,,,,,,,,,,,,,
KEZ,,,,,,,,,,,,,,,,,,,,,,,,
KFA,,,,,,,,,,,,,,,,,,,,,,,,
KFS,,,,,,,0.9686419613275926,,,,,,,,0.9984011022443502,,,,,,,0.030289120722732023,0.004423775411817695,
KFZ,,,,,,,,,,,,,,,,,,,,,,,,
KGA,0.9786765089809479,,,,,,,,0.9731011632230164,,,,,,,,0.0,0.01829277342831357,0.0382452753430991,0.011378447236359017,0.03261769914688217,0.00402387368558623,0.0,
KGB,,0.9481040356349587,,,,,,,,,,,,,,,,,,,,,,
KGC,0.9703386732392402,0.9585770048897401,,0.98942101034166,,,0.8677901686632896,,0.9505602542834315,0.9827256917053261,,0.9966313557762856,,,0.92530635271336,,0.0,0.004639643358275256,0.04745719663656858,0.03387183708708625,0.0573800855647074,0.07527451091254238,0.0,
KGD,,0.9298603655183446,,0.9291172809773298,0.791221192236639,,,0.8184093423837023,,1.0,,0.7431282553049119,0.8177100589180575,,,,0.05811617990840598,0.35530520853930775,0.3740446399873843,0.0,0.0,0.13181076301552652,0.0,
KGF,,,0.989873583592999,0.9146814475317606,,,,0.8976837097303079,,,0.974956345390327,0.9332421745721329,,,,,0.14565311705465586,0.0,0.0,0.0,0.02283108478682293,0.12063194163540536,0.0,
KGI,0.9711354888287661,0.9649488450772535,,,0.9898255101432709,,0.8710835226175279,,0.9755379249287949,0.9957211190456822,,,0.9991412873999388,,0.967045443902912,,0.0,0.1105881154970739,0.14803334018787365,0.025840221714213525,0.0,0.0,0.02150739063062803,
KGJ,,,,,,,,,,,,,,,,,,,,,,,,
KGK,,,,0.9808025950925904,,,,,,,,0.9917906221784625,,,,,0.007936862957242993,0.0,0.0,0.004612698786654115,0.0018886400209919161,,,
KGL,,0.9844331935651773,0.9880544932778389,,,,0.936272650824934,,,0.9790266153864147,0.9950406906368199,,,,0.9596388484319318,,0.0,0.0,0.13995122467189083,0.2362896247455795,0.23089275545821886,0.09602346799924469,0.0,
KGP,,,,,0.9018756742766738,,0.9590749707778844,0.950651704739031,,,,,0.945983833872886,,0.9289397646823998,,,0.15122842101357525,0.1460210705860683,0.0,0.0,0.0,0.0,
KGS,,0.9821854822631055,,,,,0.9645022513911694,,,1.0,,,,,1.0,,0.23034837592843865,0.11146150633226262,0.12042642886957097,0.21052153226342754,0.14728452963324198,0.0,0.02778170131807419,
KGT,,,,,,,,0.8718378166017255,,,,,,,,,,,,,0.12522141572895934,0.10602138813461573,0.0,
KGW,,,,,,,,,,,,,,,,,,,,,,,,
KGX,,0.9838241226241763,,0.9806536664001121,,,0.9600105549512842,,,0.9952114403543769,,0.9872868835012781,,,0.9856883307720989,,0.0,0.0,0.006719010003807487,0.0,0.011848121539707667,0.0,0.0,
KHC,,,,,,,,,,,,,,,,,,,,,,,,
KHD,,,,0.8897555646466507,0.9471284928132573,,,,,,,0.8485080149126092,0.9622829600301104,,,,,0.029930912130928102,,0.0,0.04083715637532779,0.09604195001575426,0.09928357909275061,
KHE,,,,,,,,0.8218650772841096,,,,,,,,,,,,,,0.17606886254001347,,
KHG,0.9819712505491331,0.9806970128990925,,0.983037781346733,,,,0.9798808043257883,0.9717426777518426,1.0,,1.0,,,,,0.0,0.2109727939634689,0.21386319422958305,0.23741920817953152,0.28674496742666516,0.0984106457297039,0.18808261289975772,
KHH,,0.9092428117055739,0.9600518572499156,0.950683654278851,,,0.7333202037207771,,,0.8960108516362045,0.9395471890336267,0.9673762977338208,,,0.8516310515963663,,0.03084983667176336,0.0,0.0,0.0,0.08298953802989555,0.0,0.0,
KHI,0.9631824204663796,0.9484949660040605,0.9632819113217657,0.9196921264359049,,0.9374482749807824,0.9564739519511347,0.9410838260352855,0.9635783445559978,0.951980775593049,0.9963444058215314,0.9478072677266149,,0.9288204049650034,0.9787383963074846,,0.0,0.0,0.0,0.0,0.0,0.0,0.0,
KHK,,,,,,,,,,,,,,,,,,,,,,,,
KHM,0.9569586620250847,0.900677652047083,,,,,,0.9488248882441984,0.9803975941667001,0.9709876465751444,,,,,,,0.1155860055686275,0.09142605035104477,0.08702803787197211,0.006965805068238938,0.0644399274921531,,0.0,
KHN,0.9764330334701156,,,,,,0.959960188762124,0.8874998724635004,1.0,,,,,,0.8678356187206603,,0.08426503141977167,0.12494983585380515,0.12606419348850847,0.2148188092613866,0.16005262704806902,0.4152995848846602,0.0,
KHR,,,,,,,,,,,,,,,,,,,,,,,,
KHS,0.9790735158297699,,,0.8705031132302179,,,0.9490729087355467,,0.9871744545432148,,,0.8897875958227995,,,0.9754176574620981,,0.08618890335993412,0.15533763746652002,0.16769432645843094,0.0,0.0720249205208032,0.03954954673357996,0.0,
KHT,,,,,,,,,,,,,,,,,,,,,,,0.29493567042987184,
KHV,0.9695677446204247,0.953108146645461,,0.8815513041053584,,,0.8903126483320276,0.9216839804914383,0.9116909292884486,0.9833653717953043,,0.9320842270099051,,,0.8973712251732949,,0.0,0.10676876365799214,0.16928423496884593,0.0,0.10956831334011927,0.012019188242789856,0.0,
KHX,,,,,,,0.9856377566836663,,,,,,,,1.0,,,,,,,,0.015230621611508578,
KHY,,,,0.8451480255828656,,0.9387982908142677,,,,,,0.8501733564154913,,0.9591752516113872,,,,,,0.0,0.0,,0.12138011899710974,
KHZ,,,,,,0.9856523401205239,0.9336314649083626,,,,,,,0.9691708351214365,0.9420579565499516,,,,0.0259100683702733,0.037281419224806094,0.029498472097436307,0.0,0.0,
KIB,,,,,,,,,,,,,,,,,,,,,,,,
KID,,0.9176995700961098,,,,,0.9721129360666839,,,0.9214692659575149,,,,,0.9776261465981216,,0.0,0.0,0.009620052702503552,0.028095181781227337,0.028544298350619758,0.0,0.0,
KIE,,,,,,,0.9650252271711156,,,,,,,,0.9811402042930453,,,,,,,,0.0,
KIF,,,,,,,,0.8552811834308687,,,,,,,,,,,,,,0.011561303456474787,0.15223221429696165,
KIH,,,,,,0.8276098920027795,0.9343517327106907,0.7881533780596696,,,,,,0.9980859257220269,0.9021683522082178,,,0.18591988603903137,0.08956375406698722,0.11271693464738221,0.05982874211961074,0.0,0.0,
KIJ,,0.9668818563564832,,,0.9514238529791831,,0.861338952011282,,,0.9710944952270514,,,0.9971929421322204,,0.9035818000058933,,0.05006453820673103,0.0,0.0,0.033507351979715466,0.03428090976282215,0.0,0.0,
KIK,,,,,,,,,,,,,,,,,,,,,,,,
KIM,,,,,,,0.9323519368764026,,,,,,,,0.9606351756212628,,0.008494473025616369,0.020581462932345182,0.03285084724704533,0.019125732239758015,0.03305932230713492,0.0,0.0,
KIN,,,,0.9186901093203926,0.9460975003999305,,0.9880205912713391,,,,,0.9047469108274738,0.9432547015102668,,1.0,,0.04808587933962233,0.026864583298095504,0.0,0.0,0.0,0.0,0.12236332443059054,
KIO,,,,,,,,,,,,,,,,,0.0,0.030250181725070123,,,,,0.018531929115120405,
KIQ,,0.9477199322555973,,,,,,,,,,,,,,,,,,,,,,
KIR,,0.8469832052712427,,,,,0.9753833687391141,,,0.9056325027098681,,,,,1.0,,0.0,0.0,0.11919822727032088,0.0,0.0,0.05222977921592618,0.01816068641362659,
KIS,,0.9886000775073049,,,0.98728126698104,,,,,1.0,,,0.9892617610962606,,,,0.04241579756757841,0.03997975056242581,0.06056673582094591,0.03311210066523238,0.021830083238628062,0.06672020660870982,0.0,
KIT,,0.9879462926898743,,,0.9848995220527108,,0.8975526779589014,,,0.9947526618761595,,,1.0,,0.9135589307566634,,0.0,0.020738063015731594,0.03183186155736125,0.12031136177856211,0.17011572446646858,0.0,0.0,
KIV,,0.9497146026183733,,,,,0.9492248658631025,0.9400029041983649,,0.9520375363066459,,,,,0.9564124617213966,,0.0,0.0,0.029031551612386425,0.12078385212136149,0.08900668078282072,0.04655735962256282,0.0,
KIW,,,,,,,,,,,,,,,,,,,,,,,,
KIX,,0.9257364627539142,0.939108878489612,0.9760193993506457,0.9288710098444068,,0.6331438779251786,,,0.8760738858092896,0.9502345443217731,0.9219071555816855,0.9597942999176414,,0.7800685499233412,,0.0,0.0,0.0,0.0,0.08526958926076107,0.0,0.0,
KIY,,,,,,,,,,,,,,,,,,,,,,,,
KJA,0.93314250235606,,0.9671379026593437,0.9552516023097617,,0.9636150267882694,0.9842449525481929,0.9771919354531937,1.0,,0.9771707378130696,0.9835847302047906,,0.9873022126448622,1.0,,0.17012966235978041,0.097751532598826,0.0,0.054391062989980025,0.11713525439535649,0.06724726670902341,0.0369672982930201,
KJB,,,,,,,,,,,,,,,,,,,,,,,,
KJH,,,,,,,,0.8793578404107334,,,,,,,,,,,,,,0.19914354467211992,0.0,
KJI,,,,,0.9762926541360695,,0.9020913601120315,,,,,,1.0,,1.0,,,,,,0.1291263920190535,0.12182454091541227,0.057321222447027725,
KJJ,,,,,,,,,,,,,,,,,,,,,,,,
KJK,,,,,,,,0.8988355008353223,,,,,,,,,,,,,,,0.0,
KJT,,,,,,,0.971730783851411,,,,,,,,0.8320049990188144,,,,,,,,0.0,
KKA,0.9855920217028942,,,0.980649543921266,,,0.8880831079512663,,0.9823046888868089,,,0.9912265308114502,,,1.0,,0.011542756601604476,0.0,0.0,0.0018233917330444315,0.06964425019484348,0.0,0.014002201784681631,
KKC,,,0.9750546747398642,0.8510001614009512,,,0.9150857079090181,,,,0.9846740044264832,1.0,,,0.9817474951498335,,0.011085704686753252,0.02270757205940426,0.0,0.03907821534591178,0.06125889409327302,0.0,1.6957693508276536e-05,
KKE,,0.9781773511953417,,,,,0.9349459402873096,,,0.9961737386145344,,,,,0.9757730804170675,,0.0,0.007992175494325208,0.03878412534889389,0.021397496028920236,0.04280418616195907,0.006748286093781625,0.0,
KKH,,,,0.9299693721333574,,,0.9727873817181245,,,,,0.9326940694148277,,,0.9932076738678577,,0.0,0.06663764916958483,0.0,0.0,0.011629637772438405,0.0,0.0,
KKI,,,,0.9886475394045012,,,0.9704667616399326,,,,,0.9967924288651759,,,0.9888629992987086,,0.0,0.0,0.00032071318753316877,0.01167738108340368,0.020129152360946385,0.0,0.0,
KKN,0.9691323735639275,0.9895167493943489,,0.8944103131178178,,,0.9614595897866706,,0.9847952019262338,0.9986117433961074,,0.9373879538575608,,,0.9813010079035923,,0.00769774481557937,0.13843558730315278,0.03045538431998973,0.0,0.026448666422944828,0.0,0.0,
KKQ,,,,,,,,,,,,,,,,,,,,,,,,
KKR,,,0.9886540024600399,0.9851243264763075,,,0.9544528351172344,0.9868219732641345,,,0.9999924016334537,0.9891796078013687,,,0.9451447124214939,,0.00041613522779233067,0.020713606301607863,0.012117788920264232,0.006793771260514532,0.05974061607074471,0.0,0.0,
KKS,,,,,,,0.9875936723684359,,,,,,,,0.9988973399296374,,,,,,,,0.0,
KKU,,,,0.98116988442465,,,,,,,,0.991955827729883,,,,,0.0009932935743685032,0.0,0.0,0.006500024333424654,,,,
KKX,,,0.9852627036867181,,,,0.9507032357609871,,,,0.9695843934260054,,,,0.9789835649283773,,0.0,,,,,,0.012275251207678303,
KKZ,0.970907409882089,,,,,,,,0.9688044187021543,,,,,,,,,,,,,,,
KLB,,,,,,,,,,,,,,,,,,,,,,,,
KLD,,,,,,,,,,,,,,,,,,,,,,,,
KLF,,,,,,,0.8862885649467745,0.863950693376258,,,,,,,0.9167795906048551,,,,,,,,0.0,
KLG,,0.9833243931528455,,0.9800737847967959,,,0.9502463475289287,,,0.9985360688805994,,0.9859449531250217,,,0.9840009008065824,,0.014965855485507544,0.0,0.008073594186187848,0.0,0.01072454911583026,0.0,0.0,
KLH,,,,0.9892587312883907,0.9706500353586309,,,,,,,0.9720201911481189,0.9888146834756018,,,,,0.06441309476054678,,0.0,,,0.013901943635987412,
KLK,,,,,,,,,,,,,,,,,,,,,,,,
KLL,,,0.9291172581810244,,,,,,,,0.9421238956807495,,,,,,0.0018224884432915891,0.0,0.0,,,,,
KLM,,,,,,,,,,,,,,,,,,,,,,,,
KLN,,,,0.9850056856680026,,,,,,,,0.9964943204763052,,,,,,,,0.012660224905632523,0.02471077796113088,,0.0,
KLO,,,,,,0.9886559326767398,0.7402187514145158,,,,,,,0.9774020640549768,0.8212212609822912,,0.02234283988894516,0.07467549060912006,0.07864886832298507,0.24210134532105776,0.1713726192617613,0.0,0.0,
KLR,,,,,,,0.9589860476072835,,,,,,,,1.0,,0.0,0.0,0.0,0.029849119490430825,0.17726120053099903,0.0,0.06463766880675248,
KLU,,0.9813568248416575,,0.9502798813843354,,0.9863941901380026,0.9387779401047002,,,0.9884791865648499,,0.9753264898621965,,0.9988189439289621,0.9747234928341494,,0.0,0.0,0.03164052353386902,0.0,0.0,0.03474704390608645,0.0,
KLV,,0.9700965343470204,,,,,0.8864893866534908,,,0.9979724377051924,,,,,0.9787650706732659,,,0.024362553695990618,0.06119029330592758,0.005695277309104545,0.008479818765413486,0.0,0.0,
KLW,,,,,,0.9797488813014349,0.9817323908429625,,,,,,,0.9874104467299147,0.9929193799860919,,0.004855282143606878,0.008613127270916454,0.014921148633124465,0.02959532558843055,0.0,0.0,0.003331393020159235,
KLX,0.9354542711625742,,,0.8845924914246238,,,0.9150665454901236,,0.9438741180349391,,,1.0,,,0.9671461239203833,,0.09456629803251854,0.0604299661022861,0.0,0.28447382822772194,0.504707033960917,0.05973610402433562,0.0,
KLZ,,0.9893534556720157,,,,,,,,0.9981249829038988,,,,,,,0.0,,,,,,,
KMA,0.9881862587801346,0.9729365827454755,0.9077912413857779,,0.9596767809130129,,,,0.9337889755674808,0.9378959808705642,0.9353555236086593,,0.9121754877934153,,,,0.0,0.0,0.0,,,,,
KMC,,,,,,,,,,,,,,,,,,0.0007206915672835268,0.002687276431567476,,,,,
KME,,,,,,,0.9724730903485946,,,,,,,,0.9796431257170921,,,,,0.09066092628545658,0.09366551031482544,0.02258853215211254,0.0,
KMF,0.8145904224240852,0.9481933997163982,,,,,,,0.8472449995940589,,,,,,,,,,,,,,,
KMG,,,,,,,0.9091475970648686,0.7953302453388763,,,,,,,0.8011872379629245,,0.20527526467072513,0.21491314225940614,0.14680701878995386,0.2851513528375276,0.394466398003566,0.37762443398726814,0.0,
KMI,,,,,0.9342751895221484,,0.8982120536919056,,,,,,0.9657622585766326,,0.9763994772855755,,0.008242000890231763,0.0,0.006829653861747614,0.05127534752476197,0.0,0.0,0.0017609455128921618,
KMJ,,,,,0.9736433223080461,,0.8702014786107679,,,,,,0.9938371319446024,,0.9407008640342013,,0.01591771567295798,0.0,0.0380316325701293,0.06855897788496422,0.08810832503884876,0.0,0.0,
KMK,,,,,,,,,,,,,,,,,,,,,,,,
KMO,,,,0.9806536309766738,,,0.9731788565572737,,,,,0.9909335811657283,,,0.9890980140723414,,0.0,0.0,0.0,0.0,0.018428471044614543,0.0,0.0,
KMQ,,0.9886195588692457,,,0.9763996516411831,,0.8627788605253872,,,1.0,,,0.9957503144765358,,0.9361420068311378,,0.026693004333556952,0.019253295016326187,0.035282850926159855,0.042996058048691214,0.0,0.0,0.0,
KMS,,,,,,,0.9823990709285475,,,,,,,,0.9996156374725367,,,,,0.07315201169122997,0.03458615981090442,0.0,0.08999063639581287,
KMU,,,,,,,,,,,,,,,,,,,,,,0.024556359593223498,0.10566600436647171,
KMV,0.9672802019342145,,,,,0.9855315694445417,,0.9706733858686342,0.9494381789725106,,,,,1.0,,,0.0,0.004300898729104885,0.0,0.045773787114195774,0.061321512477319866,0.054561731762976795,0.0012047402002749235,
KMW,,,,,,,,0.9819864345782658,,,,,,,,,,,,,,,,
KNA,,,,,,,,,,,,,,,,,,,,,,,,
KND,0.9709274875271803,,,0.98248124300309,,,0.977702264020957,,0.9828909109444013,,,0.99268844311673,,,0.9816735556682636,,,,,0.010711284559396758,0.03782191774758815,0.048560362641592324,0.0,
KNE,,,,,,,,,,,,,,,,,,,,,,,,
KNG,,,,,,,0.9247033214179551,,,,,,,,0.9611678985592719,,,,,0.10262975675792593,0.09580270381420662,0.0,0.20378763474549513,
KNH,,0.985490348395055,0.9659989537502695,0.9344699064974624,,,0.9162995022104918,,,0.9390803183941334,0.9414998788323851,0.933959180734151,,,0.9705232842384109,,0.025592286006874524,0.0,0.0,0.0,0.004177092764099582,0.04837107805659049,0.0,
KNO,,,,,,,0.80180130402271,,,,,,,,0.9110268556934474,,,,,,,0.12408621661173344,0.0,
KNQ,,0.9314630240100322,,,,,,,,,,,,,,,,,,,,,,
KNS,0.9848929061575571,,0.9790954022244324,0.9886793112940077,,,0.9637704361555621,,0.9805871516695502,,0.9841355393399722,0.9960196312273216,,,0.994811571538179,,0.0,0.0,0.0,0.00337177078389717,0.036896929633918336,0.022012057372212353,0.005712428649087303,
KNU,,,,,,0.9804757067814373,0.9827386682796688,0.9854361812537992,,,,,,0.9985939844590266,0.9902162165275543,,,,,0.023020445274344208,0.027203602806906504,0.06693623160743171,0.0,
KNW,,,,0.9808025950925905,,,0.9773694198022816,,,,,0.9917906221784608,,,,,0.007936862957242993,0.0,0.0,0.004612698786652008,,0.0,,
KNX,,0.9670844559182133,0.8826266564397253,,,,,,,0.9468944477934707,0.9995206865949144,,,,,,0.0,0.0,0.0,0.0310704067472281,0.05028741326100998,0.01839653223711411,0.04465789049189154,
KNY,,,,,,,,,,,,,,,,,,,,,,,,
KOA,,0.9615178739053832,,0.9442581077828612,0.96883936259524,0.9801989131552983,0.8017743526457785,,,0.9915211621159592,,0.9470733083640234,0.9998725651451926,0.9765034677956335,0.9313659271386951,,0.0,0.1001103521646853,0.09471145788611628,0.0,0.0,0.0,0.0,
KOC,,0.7436262494242599,,,,,,,,,,,,,,,,,,,,,,
KOE,0.9461221597942304,0.9743839586760635,,,,,0.8875715231782831,,0.920714396906971,0.9899061979099651,,,,,0.9472584109682213,,0.0,0.046591813594060394,0.1021953956701047,0.12501988111561058,0.19961464510164612,0.15209118956676582,0.0,
KOI,,,,,,0.9882085546737552,0.8641404448791328,,,,,,,0.9924986735093526,0.9397833227107946,,0.0425250697820397,0.0345243495560185,0.022745224750521115,0.02124623805661909,0.018031040749037136,0.0,0.013479026368912779,
KOJ,,0.9636046342309843,0.9857554406313073,,0.9804543085722369,,0.8523546944199925,,,0.9395957588305927,0.9622779024009928,,0.9826150529451938,,0.9383783701066033,,0.0,0.0,0.0,0.04853147080021763,0.09220768629985922,0.01074773103604866,0.02591881109522245,
KOK,,,0.9897554716618501,,,,0.965314840831971,,,,0.9952602139691449,,,,0.9942205128065118,,0.0,0.0,0.02927722485941878,0.034051632347203584,0.12529762324419041,0.0,0.0,
KOM,,,,,,,0.9746723755692371,,,,,,,,,,,,,,,,,
KOO,,,,,,,,,,,,,,,,,,,,,0.12689295486156857,,,
KOP,,0.9824535656804918,,,0.792050545358812,,0.983372880446054,0.9707444294801176,,0.9979160399291009,,,0.9479820347295502,,0.9783097387893223,,0.0,0.0014534479226508397,0.0172836396570822,0.0,0.0,0.12246565172220052,0.0,
KOS,,,,,,,0.7501887955057354,0.8915566210248239,,,,,,,0.7157930687416884,,,,,0.18427885045992304,0.33335471201072314,0.445314790411656,0.0,
KOT,0.9513164649133121,0.9819475522157781,,0.9655227980031662,,,0.9003691814211983,,0.9356783186620756,1.0,,0.9800961757476324,,,0.9203435453915049,,0.0,0.056031893277422536,0.07226415509333282,0.0,0.02505076670375747,0.0,0.0,
KOU,,,,,,,,,,,,,,,,,0.02145123887920431,0.0,0.0,,0.0,,,
KOV,,,,,,,0.9277743438352283,,,,,,,,0.9356494309236053,,,,,0.13387575675499813,,0.0,0.0,
KOW,,,0.9897920943582935,,,,0.9896282042709956,0.9323885917009097,,,0.9874645535320282,,,,0.9381927986806113,,0.21846935167664522,0.18833427754311405,0.04020717129065564,0.1575977789569152,0.09152608011655626,0.19834125043152706,0.0,
KPC,,,,0.9796127442116856,,,,,,,,0.9784758488566658,,,,,0.0007967008802228603,0.0005341450875219811,0.0,,,,,
KPN,,,,,0.9354633416899845,,0.9686986290700249,,,,,,0.9438283997621428,,0.9900016763735546,,0.004608236737073188,0.0014763955691860446,0.0,0.0,0.0,0.0,0.0,
KPO,,0.932751039823331,,,0.9885674502164424,0.9765109893548473,,,,0.9290995300148552,,,0.9686364732210297,0.9879576070559657,,,0.0,0.0,0.0,0.03999590722903756,0.0,0.10938342623087355,0.04510434126231532,
KPV,,,,,,,0.9162265737299355,0.9149511070122457,,,,,,,0.9534333570204252,,,,,,,,0.0,
KPW,,,,,,,0.8827775504462841,0.9391504889103135,,,,,,,0.8616655571640722,,,,,,,0.013342273704183873,0.0,
KQH,,,,,,,,0.8162599765000969,,,,,,,,,,,,,,,0.0,
KQT,,,,,,0.9702465247840929,,0.8303125268149036,,,,,,0.9292574717845237,,,,,,,,0.0,0.0,
KRB,,,,,,,0.8950188518375759,,,,,,,,0.9699820759010014,,,,,,,,0.0,
KRC,,,,,,,,0.9839381107160021,,,,,,,,,,,,,,0.0,,
KRF,0.9721238111880982,0.9767996687475377,,0.984752003206521,,,0.9648958385002763,,0.9807799286964002,0.9891402935718884,,0.9927460777028994,,,0.974563163649019,,0.0,0.014623019998655987,0.02388178811098803,0.0015024096789567755,0.03128652155091647,0.002255514564986943,0.0,
KRI,,,0.9390163764185802,,,,,,,,0.9671865545856487,,,,,,0.0,0.08266421474947909,0.0,,,,,
KRK,,0.9771412226731905,,0.9868465708724763,0.945359946296982,0.9817877002184293,0.9588354138411803,,,1.0,,0.9803776268653052,1.0,1.0,1.0,,0.11676381507897808,0.2575543512774915,0.31006508472396005,0.0,0.061963063380325464,0.23903279769553512,0.04672193709235568,
KRL,0.9848955491439646,0.9761520289141207,,,,,,0.8613561484556613,0.9718422728198726,1.0,,,,,,,0.0,0.029096839554082238,0.08039176098200501,0.3551022675057741,0.3633795097280343,0.355202199013208,0.01291922360822863,
KRN,0.9634895156020106,0.989047755142424,,0.9781950367617073,,,0.8731416151922357,,0.9719008116960026,0.9978493362987921,,0.9810972786866216,,,0.9163701088615371,,0.0,0.035717934017993176,0.05520618158585139,0.10363191064537548,0.13582947349619898,0.0,0.0,
KRO,,,,,,,,0.9834180139704454,,,,,,,,,0.12376381109750093,0.18123705653280053,0.10877547759551782,0.09966719743918147,,0.02873601158774865,0.018520048513160758,
KRP,,0.9778883572509226,,,,,0.9616160674882185,,,0.9822998396912386,,,,,0.9813574990105044,,0.0,0.0,0.007061101872627032,0.02163588887852313,0.0372396468977428,0.0,0.0,
KRR,,,,0.9723582842537729,,,0.9284334936846681,0.5380770605364597,,,,1.0,,,0.7472853539217434,,0.19715239913585048,0.136130282137484,0.10162734748872171,0.22420604330757674,0.14226906420132415,0.09976580801683807,,
KRS,0.9853898578659227,0.8772569431078742,0.9846834067699681,0.9547727937675988,,0.9038227977226139,0.9500856130167794,0.975467866772751,0.9832132227179705,0.9106652678118264,1.0,0.9761721329405506,,0.9369481047532041,0.9488647213445288,,0.0,0.0,0.08779909502130785,0.0,0.09184128564321396,0.0,0.0,
KRT,0.9148043491430997,,,0.9768326031167253,,0.9532182317337747,,0.5719045005847312,1.0,,,0.9919494724867411,,0.9978775696491755,,,0.08183166185880969,0.06418942142384898,0.01807801973868469,0.0,0.0,0.02626796314557115,0.0,
KRV,,,,,,,,,,,,,,,,,,,,,,,,
KRW,,,,,,,0.9061858367714505,0.9423950804372613,,,,,,,0.9913024250641446,,,,,,,,0.0,
KRX,,,,,,,,,,,,,,,,,,,,,,,,
KRY,,,,,0.9690419589509393,,0.9029227175491319,0.9275508492491986,,,,,1.0,,0.8691408440065427,,,,,0.279436773073638,0.3344642045312485,0.42283339526495606,0.0,
KSA,,,0.9808147239738294,0.988176533163444,0.9861202919231651,,0.9572720892322659,,,,0.9882463451941407,0.9854905195743704,0.9975122395685487,,0.9621858291807925,,0.0,0.0206658126678256,0.0,0.0,0.028598783252855222,0.0,0.0,
KSC,0.9652188916554223,0.9751269833221945,,,0.8981461713427535,,0.8870645361503527,,0.9738720932568408,1.0,,,0.9409235247805725,,0.9557284292824267,,0.0,0.03910681626154529,0.1610278811392052,0.047773953685938134,0.09313715648146063,0.0,0.0,
KSD,,0.9809862433166382,,,0.9445564894692732,,0.8510683590683136,0.9346898588297956,,0.9902801195219463,,,0.9993201061971226,,0.8379461202603139,,0.0,0.0,0.006576962610288491,0.15820670104493958,0.10181413829401742,0.0,0.0,
KSE,,0.9848939950735435,,,,,0.9845124385178545,,,0.9958831792553291,,,,,1.0,,,,,,,0.035816639908281996,0.00824136727207657,
KSF,,,,,,,0.9431045767337506,,,,,,,,0.9971172401303363,,,,,,,0.06618088321419721,0.029604427058024334,
KSH,,,,0.9150832532332227,,0.9548926161360479,0.9797616523891379,,,,,1.0,,0.91733135268656,0.991185706032362,,0.030686505085556908,0.028754143090652617,0.0,0.14356937035864292,0.29452271251082407,0.0,0.00231991277418858,
KSJ,0.8748299450840408,,,0.9801497740426176,,,0.9872186517749628,,0.882246089688264,,,0.9990819106860822,,,0.9945426573495946,,0.0,0.05048252689494544,0.03942813536299816,0.0007528657747838697,0.031083111539153604,0.0,0.0,
KSL,,,,,,0.9637763319376377,,0.9413590203547777,,,,,,0.9996080762012504,,,,,,,0.0,0.02302747325506718,0.0,
KSM,0.9843316031326159,,,0.9554397866533137,,,0.9531373136279042,,0.9795202516591299,,,0.9915336007161566,,,0.9897426103363682,,0.0,0.0,0.0,0.0072453520293025795,0.05863063390506582,0.0,0.0,
KSN,,,0.9892758391175602,0.8613842760033286,,0.9738675421345953,,0.9459726528409691,,,0.9802928434352063,0.9184473254777046,,0.978079972185337,,,0.2558427869329245,0.012525470518367138,0.0,0.0,0.031847460452563175,0.0,0.012891932648543054,
KSO,0.9884500794702467,0.9896985467135813,,,,,0.9795587338239977,,0.9861923866423676,0.9943107331560312,,,,,0.9937261257587042,,0.0,0.014807947842956968,0.025615003547041215,0.0027490428911090188,0.004386208001133254,0.0022161416140298895,0.0,
KSQ,0.9869987889458484,,,,,,,0.8986998761233271,0.9967384134180713,,,,,,,,0.021601454599380326,0.06208683027493278,0.05983366407664901,0.0682356182039951,0.01908366827499903,0.032842463617468835,0.07459786538201957,
KSR,,,,,,,0.9522301359776864,,,,,,,,0.9837105321599365,,,,,,,,,
KSU,0.982673428930083,0.9450562926156844,,,,,0.8550123465462249,,0.9925098985193538,0.9862878852396273,,,,,0.872279112585693,,0.0,0.0005727247173415007,0.06452094700787513,0.11839682135178844,0.08764215798482727,0.0,0.0,
KSW,,,0.8606003228743411,,,,,,,,,,,,,,0.0,,,,,,,
KSY,,0.8743797279876873,,,,,0.98442434271402,,,0.9214187272627163,,,,,0.9992206404750894,,0.0,0.025880668726339647,0.1865813194295255,0.07535213545502178,0.08054632065169012,0.005811915095605983,0.013420499446938202,
KSZ,,,,,0.9890480691691551,,,,,,,,0.9999442877839032,,,,0.3030783178911338,0.004509778992461035,0.0,,0.0048676083377165785,,0.09831231082394311,
KTA,,0.9135468298292428,,,,0.8698144862412057,0.9403332174736297,,,0.9228451042770778,,,,0.8631803439706446,0.9783181071296593,,0.00019279692670245413,0.0,0.09512830654057405,0.15512193239711278,0.0,0.0,0.05692430992644491,
KTC,,,,,,,,,,,,,,,,,,,,,,,,
KTD,,,,,,,0.9277865130732038,,,,,,,,,,,,,,,,,
KTE,,0.9759284955589939,,,,,0.9372680916782895,,,0.9332909629447402,,,,,0.9107996566916936,,,,,,0.04088468174813565,0.0,,
KTG,,,,,,0.9236851659697958,0.8818529636294841,,,,,,,0.8665360687451256,0.9216974090807237,,0.13587971892477246,0.009839494206706966,0.10292706457443739,0.2928818128706684,0.14022284955505762,0.0,0.0,
KTJ,,,,,,,0.8509112574853341,0.935159055840996,,,,,,,0.910050737918026,,,,,,,,0.0,
KTL,,,,,0.9652816133682373,,0.989534683722053,,,,,,0.9981128113841395,,1.0,,,,,,0.004277905410039251,0.0,0.0032989160027918586,
KTM,,,0.9840097470150657,0.9700345851064212,,0.9556724727361031,0.9077398226760154,,,,0.9919671221237583,1.0,,0.9806336519590515,0.9754557310522468,,0.0233958706300706,0.01752257403352951,0.0,0.07334842692415625,0.03922905545179759,0.0015052237011720215,0.1305741070742414,
KTN,0.9861173750023938,,,,,,0.9775960027397737,,0.9819378981793929,,,,,,1.0,,0.04195672991909787,0.002224879129485428,0.010666418776597226,0.03406988271132344,0.0018021057138784956,0.0,0.018545312615582232,
KTP,,,,,,,,,,,,,,,,,0.003407285677757778,,,,,,,
KTS,,,,0.9885776319931057,,,0.8909079770172118,,,,,0.9954069442766842,,,1.0,,0.031187454546479827,0.0,0.0,0.0035728612357208036,0.06539780381432383,0.0,0.010129288964410265,
KTT,,,,0.9585448779292244,,0.9872635266901703,0.9440156459069649,0.9886634197358534,,,,1.0,,1.0,0.95707350916533,,0.24322601740744548,0.09224594085883997,0.0,0.07420952491486307,0.11490571478536725,0.01847024961380592,0.008024407828890438,
KTW,0.973787041835004,,,,0.9768338271486302,0.9634271972871892,0.8386057734266432,,0.9951692775591029,,,,0.9837877741021356,1.0,0.9474540898550629,,0.0,0.2408626688087176,0.31219881156566004,0.004191538563603247,0.07889312929350095,0.13015071756809196,0.0,
KUA,0.9781169417607969,,,0.9806197796868138,,,0.8495842893840667,,0.9771174275619045,,,1.0,,,0.9470182359410981,,0.0,0.0,0.0,0.0549424255337375,0.021545513796791278,0.0,0.0,
KUD,,,,,,,,,,,,,,,,,0.015723383665997383,0.018624752278692074,0.01216912789794274,,,,,
KUF,,0.9646588969176436,,0.9565305470221286,,,0.9058494822354421,0.956362985886481,,0.9986707856221468,,1.0,,,0.9283592965467276,,0.11968332336322537,0.0,0.0,0.11973339342062676,0.12972695373370163,0.0,0.0,
KUG,,,0.9526068781390284,0.9798672618244296,,,0.9346879461518675,,,,0.9589494690522935,,,,0.9759962656416046,,,0.0,0.19955609479268732,,,,0.0,
KUH,,0.9845647417196411,,,0.9664497072793,,0.9863551443678512,,,0.9820774059290583,,,1.0,,0.9992339244805885,,0.0,0.0,0.0,0.06484077059291186,0.0764770828971105,0.0027164703333582285,0.0,
KUK,0.9869624500611419,0.9643023889034291,,0.9883000255319317,,,0.9708660008931926,,0.9835767618449746,0.9726067898334217,,0.9967800570215518,,,0.9948327138153864,,0.0,0.0,0.0015548334478036603,0.010817649769969332,0.01938671830914903,0.0,0.0,
KUL,,,,,,0.9898815599461293,0.618340375975366,,,,,,,0.9768137839848023,0.8466983899343766,,0.08361069444817658,0.15313428649139033,0.20126216610991013,0.07434396476950737,0.022556716317795048,0.0,0.048322691184968514,
KUN,,0.9591982546824337,,0.9848502029992104,,0.9577537284653505,,,,0.989605054999468,,1.0,,0.998850765313418,,,0.0,0.048448103075220315,0.07648687026606793,0.14820658868633135,0.17273930819809127,0.06705318260666798,0.13252515248458513,
KUO,,,0.9795874614318452,0.9670734202308827,,,0.9365556305201421,0.9730748414571109,,,0.9750309139197564,0.9715620230391117,,,0.9450744990427057,,0.09927911555173252,0.05788254806843908,0.0,0.0,0.13428750064440928,0.0,0.0,
KUQ,,,,,,,,,,,,,,,,,,,,,,,,
KUS,0.9815684223313417,0.848920674919706,0.9718957784861801,0.9613539675182322,,0.8475532546517192,0.8119039086842523,,0.9564499470759729,0.8647730552479088,0.9926513951493169,0.9847324057766343,,0.9329540092308147,0.9742326631090316,,0.0,0.0,0.0,0.17301393119951997,0.029056151344089433,0.010099024994554617,0.0,
KUT,,0.8887768635827616,0.9887137244645268,0.963854858154925,0.987623070250982,,0.9317998544520999,,,0.9497904355638335,1.0,0.9800929643119068,1.0,,0.9865906378706707,,,0.13551776417166436,0.471107084952336,0.10778505552687803,0.25591109109144744,0.19533060231253946,0.11497273148368645,
KUU,,,,0.9686016133121872,,,,0.9832304534016701,,,,0.9897001007811117,,,,,,,,0.0,0.05416453417652819,0.06451521351598671,0.00166603241391317,
KUV,,0.8617482765742784,0.9876804895919443,0.9834861420838817,,,,0.8827124604996843,,0.8529743101901512,0.9902546405468073,0.999804593719503,,,,,0.0,0.0,0.0,0.3040544103509082,0.026375570319865385,0.061216937539061274,0.0033261295704592408,
KVA,,,,0.9666422590810082,,,0.9328781792604176,,,,,0.999181635631409,,,0.9773736186348371,,0.04778447467552012,0.10457731214326492,0.0,0.0,0.023649884939631296,0.0,0.0,
KVB,0.9871017992288842,0.9501180739112586,,0.9648614099235916,,,,,0.9776127283408264,0.8118701767103321,,,,,,,,0.0,0.0,,,,,
KVC,,,,,,,0.9758095692794009,,,,,,,,0.9966763774944485,,,,,,,,0.0,
KVD,,,,,,,0.9743566670485364,,,,,,,,,,0.0026721430169998365,0.061109050769871456,0.09381973999675718,0.15538150301942397,0.0958393723310588,0.0,,
KVG,,,0.9848402428914246,0.9880110916089494,,,0.962027862955515,,,,0.9852675596449434,0.990945511096194,,,0.976422182493519,,0.0,0.02043975093326632,0.0026498129889890787,0.00942625709958725,0.02205846816819859,0.026226980314163206,0.0,
KVK,,,,,,,,0.9272135718992854,,,,,,,,,,,0.09684472949390814,,0.05515903326957168,0.06701525682050809,0.0,
KVL,,,,0.9818157077097038,,,0.9631873681631427,,,,,0.9932903899559644,,,0.9833920923687336,,0.002573789437205366,0.001125067684198778,0.0,0.00739185725060092,0.021270555387873338,0.0,0.0,
KVM,,,,,,,,,,,,,,,,,,,,,,,,
KVO,,,,,,,,,,,,,,,,,,,,,,,0.09725509200818032,
KVR,,,,,,,,0.9139620366362537,,,,,,,,,,,,,0.03525628694921995,,0.0,
KVX,,,,,,,0.9680203957185404,0.9049398258172476,,,,,,,0.9315246134395556,,,,,,,0.0,0.0,
KWA,,,,0.9649456766868156,0.9862978735748748,,0.9582272914545722,0.9834243708723741,,,,0.9601504747282147,0.9954246099356902,,0.9599146753161825,,0.007626749203684774,0.024514255008777297,0.0,0.0,0.017749329165134567,0.0,0.0,
KWB,,,,,,,0.9856944843006874,,,,,,,,,,,,,,,,,
KWE,0.9839738474389808,0.9899602047082452,,0.9737932894138851,,,0.9650619892558863,0.7935926611233424,1.0,1.0,,1.0,,,0.8146274336087655,,0.08403326581879401,0.18961051853312608,0.1434600549157951,0.20202842849357866,0.25625964112008437,0.48914723621642775,0.0,
KWF,,,,,,,,,,,,,,,,,,,,,,,,
KWG,,0.9667924366122688,,,,,,,,0.9883338233138713,,,,,,,,0.0,,,,,,
KWI,,0.9874372061656627,,,0.9323723676022043,,0.9371199290131759,,,1.0,,,0.9631720539788297,,1.0,,0.11024838698210156,0.09183865569827585,0.09142102713651555,0.09702622642899206,0.07348795540367936,0.015621231962615488,0.11685647717312944,
KWJ,0.9707127929697678,0.9619540035271152,,0.9789478226348574,0.9239387442193918,0.9444712895874098,0.9064464765350322,,0.9348267218285194,0.993555301425842,,0.9494176115270885,0.9692696740159185,0.9516743457737056,0.9726401707765231,,0.0,0.026348861298201926,0.019711617757884107,0.0,0.0,0.0,0.0,
KWL,,0.9706496322991414,,,,,0.9197263028295043,0.8939333406072475,,1.0,,,,,0.866404675058843,,0.10456627815584223,0.09305869395910639,0.18213792714236862,0.10898245523958948,0.1889964734943264,0.1697378475254634,0.0,
KWM,0.9724432744705748,,0.9608033479152446,,,,0.8936203322429076,,0.9695665774268992,,0.9535147769739539,,,,0.9746325908315459,,0.0,0.0,0.0,0.013585120748358125,0.04354839606132388,0.011363935985085116,0.0,
KWN,,,,0.9806931630671457,,,0.9623922875346151,,,,,0.9892455407891525,,,0.9855181735072752,,0.0,0.0,0.0,0.024779533412311216,0.017203664521560132,0.0,0.0,
KWS,,,,,,,,,,,,,,,,,,,,,,,,
KWT,,,,0.9886475394044992,,,0.9704667616399326,,,,,0.996678567630377,,,0.9888629992987086,,0.0,0.0,0.0003207131875352461,0.011677381083401531,0.0201291523609463,0.0,0.0,
KWY,0.9323460968581138,,,,,,,,0.9897335648017245,,,,,,,,0.036240889448336505,0.0,,,,,,
KWZ,,,,,0.8203381125935112,,,,,,,,0.8371492713279158,,,,,,,0.0,0.0,,,
KXB,,,,,,,,0.9169766732487006,,,,,,,,,,,,,,,,
KXF,,,,,,,,,,,,,,,,,,,,,,,,
KXK,0.8805157988025996,0.9265868172153754,0.9559489549323189,,,,,0.7881312332684428,0.9324741812982933,0.8790595260993762,0.91367507046327,,,,,,0.0,0.0,0.0,0.1266365921374681,0.07957535041896796,0.0,0.05890269609647466,
KXO,,,,,,,,,,,,,,,,,,,,,,,,
KXR,,,,,,,,,,,,,,,,,,,,,,,,
KXU,,,,,,,0.9611998281411546,,,,,,,,0.9696867197700836,,,,,0.04398200011257388,0.06367161475360669,0.0,0.0,
KYA,,,,,,,0.9240754992370085,,,,,,,,0.9656048085731707,,0.05027698177211251,0.0611642933572718,0.07089142484521874,0.1512970985573159,0.14466138556360825,0.06690590704209623,0.0,
KYD,,0.8081374594222819,,,,,,,,0.8359635887149746,,,,,,,0.0,,,,,,,
KYE,,,,,,,,,,,,,,,,,,,,,,,,
KYP,0.9489916171619976,,0.9807135372469697,,,0.9815263538021421,,0.9525436582275901,0.9447797954817608,,0.9998859290162756,,,1.0,,,0.0,0.01904833545640281,0.002516348617783006,0.03200618509309992,0.08076891464580249,0.06233845710768901,0.0,
KYS,,0.9729463538772095,,,,,,0.9295338102456729,,0.9906528738211684,,,,,,,0.005045728516297021,0.0,0.010982520061841037,,,,,
KYU,,,,,0.9807229205936527,0.9791002399002782,0.9381391603321211,,,,,,0.993509536452527,0.966840350845697,0.9695573017666484,,0.04774828341864158,0.025737496975966345,0.0,0.0,0.0,0.0,0.0,
KYX,,0.9481040356349587,,,,,,,,,,,,,,,,,,,,,,
KYZ,,,,0.8518626598384414,,,0.9544529897010721,0.9719509153866992,,,,0.9130883628385983,,,0.9446521262520055,,,,,0.0,,,0.0,
KZD,,,,,,,,,,,,,,,,,,,,,,,,
KZF,0.8145904224240852,0.9481933997163982,,,,,,,0.8472449995940589,,,,,,,,,,,,,,,
KZI,0.9884500794702467,0.9896985467135813,,,,,0.979266308979915,,0.986105911813106,0.9942958875909599,,,,,0.9934294715639614,,0.0,0.014892088187120468,0.024706741381945594,0.0022916669221610814,0.0028738935109685415,0.0064379631507700125,0.0,
KZN,,,,0.9563131648907086,,0.9304102839549884,0.8879239944901742,0.9513021770090656,,,,1.0,,0.9798319688076151,0.9483052038898594,,0.29722738857808684,0.09542906706347686,0.04577650273532301,0.15932551641098236,0.19392072817963096,0.0716451415399856,0.006702900069982324,
KZO,,,,,,,0.9087603048189729,,,,,,,,0.9279066940656842,,0.04892201251308405,0.06644148151156622,0.049824524746007556,0.012270314732344752,0.021081988031471627,0.15186169746824024,0.0,
KZR,,,,,,,0.9600374919934757,,,,,,,,0.9996867766226532,,,,,,,0.02122968372200193,0.009180420628914419,
KZS,,,,,,,0.9869639090889606,,,,,,,,0.9929994481547338,,0.017390103580176574,0.01566490520160823,0.009962366917604222,0.02760349673675518,0.03405818995362953,0.0,0.0,
LAA,0.9859157138245831,,,,,,,,0.9736244480425338,,,,,,,,,,,,,,,
LAD,,,0.9811228503303941,,,0.977367081570039,0.8520380229346057,,,,0.9884130842870357,,,0.9712451510027983,0.9646419547766507,,0.0,0.011938783564294094,0.1536790446250933,0.27028967552931094,0.06559338895032124,0.0,0.0,
LAE,,0.9295967537912133,0.8472371867071913,0.9651209076784474,,,0.9708745126008334,,,0.8016485643076916,0.864012748930526,0.9752843007049772,,,0.9849397050802786,,0.0,0.0,0.0,0.034656364095531224,0.05990178139473605,0.004256782181366031,0.0,
LAH,,,,,,,0.9433904016689427,0.8737279334546019,,,,,,,0.8374004535590086,,,,,,,,0.0,
LAI,0.9730157994157338,0.9861886922423839,,0.9833110613945052,,0.9848370670444307,,,0.9565724411578499,0.9932819015817147,,0.9964871086813939,,0.9911830824115903,,,0.0,0.0,0.004983155067801646,0.013904632432779647,0.019354654084276498,,,
LAJ,,,,,,,0.9141551532925881,,,,,,,,,,,,,,0.095892758672432,,,
LAK,,,,,,0.9876902074984873,0.9754771543425922,,,,,,,0.973738605735226,0.9927507677901153,,,,,,,0.0,0.0,
LAL,,,,,,,,,,,,,,,,,,,,,,,,
LAM,,,,,,,,,,,,,,,,,,,,,,,,
LAN,0.9596754909257034,0.9564824383890039,,0.9441077220223173,,0.8395168279112226,0.795805329094937,,0.9633666334531038,0.9709676363239297,,0.9880968566691292,,0.7865003389789562,0.83054723092473,,0.0,0.0,0.0,0.0,0.0,0.0,0.0,
LAO,0.9874821335034598,,,,0.9247589170311513,0.9887564542954538,0.9521353324172744,,0.9817859853361959,,,,0.9766256441618165,0.9715577978237161,0.9843432359524129,,0.05689939097934362,0.1312966287197125,0.03262878486578257,0.007935291356097487,0.0,0.0,0.005581687804985347,
LAP,0.9841502999571812,0.941914177793285,0.9696113009579205,0.8963298712720793,0.9817833158602455,,,,0.9894557120033379,0.927654647070389,0.9850576191665659,0.8821323303533705,0.9778205091031242,,,,0.0,0.0021444962958052736,0.08094988678960469,0.0,0.0,0.022599690217219272,0.05240963852931004,
LAQ,,,,,,,,,,,,,,,,,0.029975112225836428,0.029450979625267656,0.0072747770133072725,0.18888717052824594,0.24594956468943766,,,
LAR,0.9849369858297116,,,,,,0.9839751175478294,0.9781277068522962,0.983261724044733,,,,,,0.9681625021700582,,0.0022864926896325917,0.009499492162558625,0.0014215666709637394,0.0,0.0,0.0,0.0,
LAS,0.9654326188393965,,,0.9455103383679884,,0.951331477655941,0.7344319412875842,,0.9934889399707423,,,0.9884481615559667,,0.9290899343527614,1.0,,0.05099878512331985,0.1761981868227976,0.1531126338955174,0.0,0.015295961331470345,0.0,0.05496034006612198,
LAU,0.925576758507884,,,,0.9763456978023131,,0.9535366947789503,,0.9861208064259104,,,,1.0,,0.9714932365939647,,0.0104128430293166,0.01796302041571994,0.01841729758599486,0.0223347612362166,0.020840280555809096,0.03509563443620098,0.0,
LAW,,0.9693309525649347,,,0.9653327086631763,,,0.9779763764455552,,0.9699745168735665,,,0.9909837560695306,,,,0.0,0.0,0.03698699416091937,0.16765712416600692,0.0,0.0,0.0025125355512925786,
LAX,0.9537163938859018,0.9824907032013273,0.9686635637104035,,0.9637601511627762,0.9794143468399226,0.7083920969837534,,0.9663754749573152,0.9532328901584062,0.9716474714632892,,0.9949827031553803,0.9634465798631818,0.9320201056777587,,0.0,0.0,0.011574320596744604,0.0,0.0,0.0,0.0,
LAZ,,,,,,,,,,,,,,,,,,,,,,,,
LBA,0.973403627815425,,,,,0.9262816165133205,0.88669018017081,,0.9592595114549481,,,,,0.940705733894562,0.9738077496939201,,0.018053666209958092,0.22395018247703372,0.28697700115096636,0.1267598143327635,0.06104616756048262,0.0,0.0,
LBB,,,,,,,0.9178405148434795,,,,,,,,0.9616491443720433,,0.06747641428610633,0.2381708987324947,0.2569257505546468,0.15714782257109047,0.09589457260267258,0.0,0.0,
LBD,,,,,,0.9793738709387015,0.952181999220173,0.9076606908864895,,,,,,0.9670895833824789,1.0,,,,,0.08145202652227393,0.16749203496717946,0.0,0.14121694886837455,
LBE,,,,,0.9660114873358727,,0.9516465740406893,0.9843717491851782,,,,,1.0,,0.9609283998675516,,0.0,0.0647980015083615,0.0709294231006434,0.08964165047098753,0.06868302036317363,0.0,0.0,
LBF,0.9805345117856805,,,,,0.9871432693256579,0.9646329908443723,,0.9832042521142376,,,,,0.9920488510674909,0.9640405346102198,,0.0,0.01546142155899773,0.005731709036313669,0.0,0.0,0.0,0.0,
LBJ,,,,,,,0.9325306594495397,,,,,,,,0.9894530312804131,,0.19036822334158165,,0.0,0.09071690034708058,0.13730238872848777,0.15260466196475245,0.037075353516841665,
LBL,0.9678220803287757,,,,,0.9898750585939073,0.9667322000738284,,0.9544964263297914,,,,,0.9884221903785123,0.977666297113505,,0.0,0.014440132077681543,0.004171397680735392,0.0,0.0,0.0,0.0,
LBQ,,,,,,,,,,,,,,,,,,,,,,,,
LBR,,,,,,,0.9392858998007743,,,,,,,,0.9655112248324755,,,,,,,0.05158578719120542,0.013504559253296562,
LBS,,0.9469713008905467,,0.980757415324709,,,0.9444903407058405,,,0.9468878788033579,,0.9775415169598289,,,0.9988512278520058,,0.0,0.0,0.020149853089235514,0.0,0.014960656515929125,0.008631271118047944,0.0,
LBU,,,,,,,0.9065000522590232,,,,,,,,0.959249293479579,,0.011703251890622749,0.0,0.0,0.018921454044851176,0.0019902292673417755,0.0,0.0,
LBV,,,,,0.8741816889002197,0.9654936465530543,0.9745649926652313,,,,,,0.8859968951937754,0.9967755482639936,1.0,,0.0,0.0,0.0,0.023217426147189208,0.0,0.018292635200865666,0.035574186495943474,
LCA,0.9040305015128478,0.9622789637570109,,,,,0.9774021362514653,0.949311789442163,0.9774417671552638,0.957746146601222,,,,,0.9911937269168482,,0.0,0.0,0.0,0.0689833994466191,0.1006570011515051,0.10890920378502392,0.026497343566041574,
LCE,,0.8720747200021751,0.9840580451264308,0.9856648030812528,0.9659457108299937,0.9784373530495027,,0.8424625268961723,,0.8541748363750835,0.9759800871519039,0.9643144255510798,0.9750892111540115,0.9829675983200316,,,0.0,0.0,0.003703715032145849,0.0,0.0,0.1816478970378281,0.0,
LCG,,0.9245793945818102,,0.9838004646146958,,,0.9088006529251298,,,0.9497751421033441,,1.0,,,0.9921880386087432,,0.0,0.018055971925673504,0.11099449206982955,0.003201183669655697,0.058941908315609214,0.0,0.0,
LCH,,0.969314733867464,,0.9124846406659941,,0.9374591804549613,0.9604655569427991,,,1.0,,0.9574750488806405,,0.8013106011494733,0.9704878617163715,,0.17087662818183855,0.1349279163001529,0.056868981636117324,0.09111097462602999,0.03863510755115093,0.0,0.0,
LCJ,,,,,0.8964733164762995,,0.9207843617166166,,,,,,0.9210789947837806,,0.9879674884693304,,,,0.2644490575626533,0.013061404813213846,0.003200409036849818,0.0,0.06680796099007423,
LCK,,,,0.988788214520193,,,,0.8158200548064788,,,,1.0,,,,,,,,0.4160233068614608,0.45782053909327936,0.23795732728197908,0.0,
LCL,,,,,,,,,,,,,,,,,,,,,,,,
LCM,,,,,,,,,,,,,,,,,,,,,,,,
LCR,,,,,,,,,,,,,,,,,,,,0.2837591720998174,,,,
LCX,,,,0.9839658461588807,,,0.9361985398710193,,,,,1.0,,,0.9787301834002712,,,,,0.23900172156787733,0.3224125716831641,0.07358527249636382,0.0,
LCY,,,0.9706851960395768,0.9898799868491563,0.9742160462764773,0.9769073205136534,0.8692059104837239,,,,0.9793632027966109,0.9817495371904632,1.0,0.9768025648888402,0.914836301710619,,0.07145177055906432,0.07690436894473937,0.055207543445935425,0.031212809616117776,0.0401163972157253,0.0,0.0,
LDB,0.9496664978446286,0.9600022162751859,0.9457228775251436,,,,0.9560587675068077,,0.9578442524699402,0.919459048632373,0.9670442058508354,,,,0.9919400408083305,,0.0,0.0,0.0,0.06986768279981244,0.028201089472927293,0.0,0.0,
LDE,,,0.9384044556333431,,0.9043926798623247,,0.8063808407543612,,,,0.8720730649710381,,0.9569392455852944,,0.9744077794483812,,0.02798501620593371,0.12966210494811561,0.0,0.10163238960106988,0.15365689225820967,0.021984683132701407,0.029772441877086237,
LDG,,,,,,,,,,,,,,,,,,,,,,,,
LDH,,0.9721579471744904,,,,,0.9534998953740581,,,0.974426941023438,,,,,0.9872321307962648,,0.0,0.0,0.011725586479509333,0.0,0.0,0.002451694650058226,0.004085737856721108,
LDI,,,,,,,,,,,,,,,,,0.0,0.010572323029841024,0.0,,,,,
LDS,,,,,,0.9891322479584714,0.9330654156703106,,,,,,,0.9957714498243073,0.941996253753244,,,,,,0.10464061194455862,0.0,0.0,
LDU,,,,,,,0.9139362636476774,,,,,,,,0.9663141229455254,,0.01283271343908348,0.022432923787037252,0.021896331628316484,0.027615595380041026,0.02867301636911927,0.0,0.0,
LDX,,,,,,,,,,,,,,,,,,,,,,,,
LDY,0.9759394089041866,,,,,0.9857988691868288,0.9498949984025423,,0.9022371840576822,,,,,0.9781025017785632,0.9836892882763214,,0.0,0.017731742648321183,0.03458693339012632,0.013256188064915967,0.0,0.009695771275073746,0.05676624120223626,
LDZ,,,,,,,0.9432770306128958,,,,,,,,1.0,,,,,,,,0.23295269266704186,
LEB,,,0.981043801635997,,,,0.9576915611813692,,,,0.921196689760844,,,,0.9749089938358119,,0.0,0.0,0.0,0.06790733949959388,0.0027957959879836517,0.0,0.0,
LEC,,,0.9638492302258371,,,,0.9508793320465726,,,,0.9566492106470198,,,,0.9551435695989432,,,,,,,0.0,0.0,
LED,0.9675341710257068,0.9807915496550879,,,,,0.853315106029905,0.862157791165766,0.9473704272259376,1.0,,,,,0.7938010398059959,,0.0,0.21376208646030792,0.28170111856420915,0.13355428291730995,0.10692129237451792,0.0,0.0,
LEG,,,,,,,,,,,,,,,,,,,,,,,,
LEH,0.9888962127777635,0.8307882044835535,,0.861575999666555,0.9834708605203997,0.9478712872323548,,,0.9508466653661541,0.9085584433899152,,0.8871607601884341,0.9857922972217827,0.9352011573775323,,,0.0,0.0,0.14709965753180904,0.0,,,0.0951109258698102,
LEI,,,0.9776254905784125,0.965880835438016,0.9659473381311172,,0.8897912184656609,,,,0.9819263241263737,0.9594204485445572,0.9709905903004686,,0.9759780869409419,,0.06106693417348398,0.06793997176943166,0.0,0.0,0.06253238176231049,0.012779056999316205,0.007048175397380906,
LEJ,0.9590620741203169,0.987229777511014,,0.9040302932695355,,0.965897257693448,0.8209992985270821,,0.9606732290478338,0.9961694188852338,,0.9229203324256885,,0.9688424713889474,0.9585384229950736,,0.014940704607796925,0.021641229159290655,0.0,0.0,0.013463142146117218,0.0,0.0,
LEN,,,,,,0.9788344789144745,,0.951940743309295,,,,,,0.9841677274255429,,,,0.06372011212082798,0.06930765294638982,0.05651780546902219,0.0,0.0,0.0010215274520952876,
LEQ,0.9792700368686255,,,,,0.8771393665491063,0.9715975246939323,,0.9889448525236667,,,,,0.8761579035609272,0.9753863740154495,,,0.0348774683363354,,0.12110597641248912,0.0,0.0,0.0,
LER,0.9805827743683736,0.9679112079438263,,,,,0.9420195093834332,,0.9828765215006703,0.996838742634515,,,,,0.9747465553307454,,0.0,0.0,0.0,,,,0.010094394612656668,
LET,,0.9868174158474846,,,,,0.9691197356803629,,,0.9901491168182228,,,,,0.9985242041331381,,0.0,0.0,0.0,0.07195195498297237,0.09450320740497196,0.029586404517199603,0.06017733937226594,
LEU,,,,,,,,,,,,,,,,,,,,,,,,
LEV,,,,0.9058460846384381,,,,,,,,0.9557341367750396,,,,,0.012073238933145419,0.0,0.0,,,,,
LEX,0.9283620161750767,,,,0.8579782747625446,,0.7519287432959165,,0.9765704199278644,,,,0.9429990152838895,,0.832778335222796,,0.04526151362620903,0.2741937356795544,0.25004173430554205,0.0,0.0,0.0,0.0,
LFI,,,,,,,,,,,,,,,,,,,,,,,,
LFM,,,,,,,,0.7593308423147775,,,,,,,,,,,0.15943671238103935,0.008056391993518805,0.009722928109608245,0.020005211220085094,0.0,
LFQ,,,,,,,0.98267693549889,,,,,,,,0.9933307305219135,,,,,,,,0.0003738973696921696,
LFR,,,,,,,0.9720737754628851,,,,,,,,0.9897237751281301,,,,,,,0.0,0.0,
LFT,0.9343333513393266,,,0.7555681232223033,,0.9378567927903464,0.7958172892827804,,0.9564091340172907,,,0.8831245453635191,,0.82481931912546,0.8202888566425018,,0.12364887035088183,0.2743916258120468,0.0,0.0,0.16824367735042234,0.0,0.0,
LFW,0.9793399405996979,0.9403074357139023,,,,,0.9233462996589442,,0.9555982135458534,0.9877701601724133,,,,,0.9834489117510894,,0.0,0.0,0.02401443806399479,0.1436822698847875,0.17006633340414767,0.017597029901908603,0.003024944503407787,
LGA,0.9381796184649366,,0.9675628838684178,0.90655969324672,,,0.767664818168458,,0.985081647973018,,0.9388457907959974,0.9413163171819829,,,0.9832012359217778,,0.0,0.0,0.0,0.0,0.007398388733733068,0.0,0.0,
LGB,,,,0.9833487234920246,0.9044893030249275,0.9506237658058183,0.928741486504852,,,,,0.957268550064043,0.9231102491112751,1.0,1.0,,0.4213774806787416,0.05841300609986813,0.03626210445854663,0.0,0.012254304414858913,0.05879896409152208,0.0660345375591417,
LGG,,,,,0.9295376955973276,,0.9284429880605901,0.8809601894648899,,,,,0.9569193656953542,,0.9710307921207643,,,,,0.23733766933799993,0.12467292505260232,0.0,0.0,
LGI,0.9895803311767276,,,,0.9744567611128551,,0.9800102030094003,,0.9860217994349404,,,,0.988314268594639,,1.0,,0.0,0.016452386579609943,0.04550032360448919,0.028144247723545034,0.0,0.006650163137333739,0.0029868216330462215,
LGK,0.9511082832058528,0.9603246167679587,,,0.9865094965917153,,0.7631705794723349,,0.943204708880378,1.0,,,1.0,,0.8671922019454018,,0.0,0.022977946869196963,0.08438559741669735,0.08287908507861536,0.07443666662568418,0.06194505809156587,0.0,
LGL,,,,,,,0.9828192520555685,,,,,,,,,,,,,,,,,
LGP,,0.9867770263231455,0.989831573566414,,,,0.9092541022627669,0.9818821045681914,,0.9849031543132981,1.0,,,,0.9362860140438248,,0.0,0.014686774914648325,0.03650402156862882,0.050579409442190075,0.06171657848730251,0.0,,
LGQ,,,,,,0.9804335527461948,0.9818032110509858,,,,,,,0.9668542759915241,,,,,0.0683905667502644,0.0,0.0,0.0,,
LGU,,,,,,,,,,,,,,,,,,,,,,,,
LGW,,0.9207367223060041,,0.9005045497453402,0.9766269611110536,,0.694028739744299,,,0.9577688433175994,,0.8889476728000291,0.9852099324916656,,0.8566861785016195,,0.0,0.07167662720877269,0.16616133329004565,0.0,0.046417070232140235,0.0,0.0,
LGZ,0.7855221512823777,,,,,,,,,,,,,,,,,,,,,,,
LHA,,,,,,,,,,,,,,,,,,,,,,,,
LHE,,0.9356396127781834,,0.9604447810325176,,0.9626900855138953,0.9141586390780746,0.9568907013670251,,0.9827334865998474,,0.9973228505303569,,0.9835648541649702,0.9455570557117917,,0.007354707096948667,0.07387678552540836,0.10234682247722823,0.0,0.02599653792024232,0.0,0.0,
LHG,,,,,,,,,,,,,,,,,,,,,,,,
LHK,,,,,,,,,,,,,,,,,,,,,,,,
LHN,,,,,,,,,,,,,,,,,,,,,,,,
LHR,0.9736250300086658,,,,,,0.798325579129222,,0.996794790059633,,,,,,0.9945714212916893,,0.054773881012433606,0.017288910697570742,0.0,0.013324780534507887,0.025033226798536045,0.0,0.08598140887717866,
LHU,,,,,,,,,,,,,,,,,,,,,,,,
LHW,0.9442281358353474,,,,,,,0.8578507366398411,0.967534173277484,,,,,,,,0.05090259245554379,0.137529413928545,0.09533555078176176,0.28192685193903355,0.3885374210925618,0.5909433151450522,0.0,
LIF,,0.940016771945073,,,,,,,,,,,,,,,,,,,,,,
LIG,,,,0.9274702081156002,,,0.9309908370555602,,,,,0.9522976998988252,,,0.9707980447236347,,0.07828026888989485,0.056302800051138656,0.042941693323704566,0.0,0.03512838122505708,0.008640742042269462,0.0,
LIH,,0.9675782730611251,,,0.9859681430424161,0.9427290023301087,0.834249067420576,,,0.9850301769857214,,,0.9993099024386524,0.8992335229668339,0.9571549610201993,,0.027159905236282002,0.0,0.05156384571489503,0.06582354637474563,0.0,0.0,0.0,
LIK,,,,0.9765158518899537,,,,,,,,,,,,,0.0,0.02382329413654329,0.0,,,,,
LIL,0.9329020776876078,,0.9685789020031813,,,,0.8732745462096199,,0.8922180977194513,,0.9793819969595752,,,,0.9240915589998829,,0.0,0.017503494259469905,0.02454656646057616,0.3359287779839871,0.19730183106222252,0.029228949483702665,0.0,
LIM,0.9614362985583761,0.9789428069972321,,,,,0.7655603392993923,,0.9312613863524642,0.9850770717750659,,,,,0.9760722477667948,,0.0,0.03071286920934361,0.058196114862955575,0.1970621961258699,0.20543079768009756,0.0,0.0453676701798564,
LIN,0.9660047008665941,,,,,,0.9213476747562943,,0.7622690301798198,,,,,,0.9851890746165559,,0.0,0.026230655333736405,0.007239271431664441,0.023471174221246654,0.05916669359304113,0.0,0.0,
LIO,,,,0.9649381885010222,,,0.9770561200222243,,,,,0.9637950433924223,,,0.9838634677071922,,,,,0.0,0.022493490450324557,,0.0,
LIQ,,,,,,,,,,,,,,,,,,,,,,,,
LIR,,0.9333714038604649,0.9874802719834803,0.9776828380129221,,,0.8871698769968248,,,0.9675712497726989,1.0,1.0,,,0.925147138551941,,0.0,0.23683928524090314,0.2955577357081491,0.1906158864022105,0.07388632192217959,0.0,0.0,
LIS,,0.9514174175831308,,,,,0.8484268360473146,,,0.9902144665619952,,,,,1.0,,0.04602194457422873,0.05520394433190813,0.1278935338606716,0.1600001316669146,0.10570137218099727,0.00790405682287677,0.13585775781622192,
LIT,0.9876831718210951,0.9790426496102861,,0.9485725208182334,,0.9532913098544258,0.8630764515743985,0.9373436232203982,0.9664330646520548,1.0,,1.0,,0.8217240021003683,0.8521140774099222,,0.0,0.16101137909016952,0.12487795194682917,0.09133464076687867,0.007211760544879404,0.0,0.0,
LIW,0.9446376650074073,,0.9750651832482317,,,,,0.9567076718953667,0.9400502407681999,,0.9897658485454159,,,,,,0.0,0.0,0.0,0.02942591729191725,0.09741564788901906,,,
LIX,,,,,,,,,,,,,,,,,,,,,,,,
LJA,,,,,,,,,,,,,,,,,,,,,,,,
LJG,,,0.9761826168105204,,,,,0.8688082305888644,,,1.0,,,,,,0.23053015090863607,0.16346921438383435,0.16520885524688916,0.3173731875712677,0.2729901654627738,0.30843810314002346,0.04063409458272933,
LJU,,,0.9837314274052433,0.9871545393110248,,,0.8556399610098482,,,,0.99586956807768,0.9782357247831679,,,0.9457408991991201,,0.03555929943817798,0.040865284897633226,0.06390209394763206,0.0,0.06875485411811928,0.0,0.0,
LKA,,,,,,,0.9361458362121418,,,,,,,,0.9558909937545524,,,,,,0.06808719573724914,,0.0,
LKG,,0.9890711546074182,,,0.9751801774551261,0.9332590412044075,,,,1.0,,,0.8868892844494273,,,,,0.04376028394266514,0.04242828743903255,0.0,,,,
LKI,,,,,,,,,,,,,,,,,,,,,,,,
LKL,,,,0.9083925613182532,0.9676286109053864,0.8987724055445335,0.9605545593821825,,,,,0.9498901263248535,1.0,0.8942681495137638,0.9916235489676114,,0.15097760805640692,0.2789807666798024,0.0,0.04258240278204236,0.15175321197190186,0.0,0.0,
LKN,0.9883696832345765,0.9121512856019285,0.911881824866555,,,,0.9586572086035112,,1.0,0.9237475270117014,0.9175700464313357,,,,0.9805319479375013,,0.011643531919719702,0.0,0.0,0.07099456962820508,0.11149611322447553,0.23534832103725584,0.0,
LKO,,,,,,,0.9537581834752816,,,,,,,,1.0,,0.05635908062937496,0.11479131864924354,0.13086538371424158,0.15980923277698428,0.14994464251178374,0.18022392639726062,0.14433940511794968,
LKY,,,,,,,0.9531602004128708,,,,,,,,0.9886860114775627,,,,,,,0.10445987438314516,0.0,
LLA,0.972450564263117,,,0.9867086149129219,,,0.9130517209348321,,0.996163563433106,,,1.0,,,0.9932226898464727,,0.00418960194993379,0.006444001144659138,0.0012008566980311395,0.09974017240985146,0.16399881239509465,0.11819571299577115,0.0,
LLB,,,,,,,,0.7413123951235463,,,,,,,,,,,,,,0.17198996582309137,0.0,
LLC,,,,,,,,,,,,,,,,,,,,,,,,
LLF,,,,,,0.9100850850417211,0.9321806237664754,0.9504028112593841,,,,,,0.9737067204573298,0.9092428038319796,,,,,,0.05833564646675016,,0.0,
LLG,,,,,,,,,,,,,,,,,,,,,,,,
LLI,,,,,,,0.9630425945058361,,,,,,,,0.9861870149706373,,0.04321290609464063,0.03470571122928156,0.02081919721969015,0.04519638359676172,0.07101445111168873,0.020632368575383798,0.0,
LLJ,,,,,,,0.9830583730117652,,,,,,,,1.0,,,,,,,,0.0027450746110381425,
LLK,,,,,,,,0.8659273784104891,,,,,,,,,,,,,0.13646107830918183,0.0,0.0,
LLM,,,,,,,,0.9318251290880655,,,,,,,,,,,,,,,0.021571909402926248,
LLO,,,,,,,,0.8947827415768763,,,,,,,,,,,,,,,0.02076870507942534,
LLU,,,0.9758876458942112,,,,,,,,0.976106791526326,,,,,,,0.0,0.0,,,,,
LLV,,,,,,,,0.9471263783336894,,,,,,,,,,,,,,,0.0,
LLW,0.9710701093821389,,,0.8817926912508744,,0.9641219622099183,0.9363690662548051,,0.9541926940997267,,,0.9152603146095374,,0.9704631619130786,0.9718450959824655,,0.0,0.043543277474689494,0.03900753679648094,0.015826175255845246,0.05222750824751668,0.0,0.0,
LMC,,,,0.9897557662370717,,,,,,,,1.0,,,,,0.01933796623466913,,0.0,0.28497759214028623,0.31700733610961435,,0.028250920026934287,
LML,,,,,,,,,,,,,,,,,,,,,,,,
LMM,0.9774099640581979,0.9877419097708764,0.9897585602327664,0.9182126697866253,0.9367951959054844,,0.9735539523430805,,0.962336309766048,0.9881986753907659,0.9930895172784447,0.8571983640172338,0.9308916192879529,,0.9918741578698091,,0.0,0.021215685513806225,0.0,0.0,0.0,0.014083718076293593,0.0164929114697308,
LMN,,,,0.9446334548871428,,,0.9417434142194843,,,,,0.967768203915156,,,0.9817072534178871,,0.006104619880137809,0.019090338495252848,0.012217568428822398,0.15402509756009503,0.08370251242713779,0.09077103444254757,0.0,
LMP,,0.9834492919230834,,0.9809749303909906,,,,,,0.998650988749264,,1.0,,,,,0.01974054077088475,0.020641003888111017,0.0,0.0008980168867432169,0.05770614429810405,0.02219609657984548,0.0008326918398433462,
LMT,,,,,,0.9874325438920079,,,,,,,,0.8979733313726053,,,0.0,0.0,0.03293700320056963,0.032349992584816564,0.0,,,
LMU,,,,,,,0.9385601370625629,,,,,,,,0.9716556167721468,,,,,,,,0.0,
LMV,,,,,,,,,,,,,,,,,,,,,,,,
LMY,,,,,0.9812895407095206,,,,,,,,,,,,,,0.046762401892362616,,,,,
LNB,,,,0.9712594766620515,,,,,,,,0.9726971856697233,,,,,0.0,0.0,0.0,,,,,
LNC,,,,,,,,,,,,,,,,,,,,,,,,
LNE,,,0.9843308299289283,0.971991456285008,,,,,,,0.9993048026699212,0.972853928612473,,,,,0.0,0.015773609591121063,0.0,,,,,
LNG,,,,,,,,,,,,,,,,,,,,,,,,
LNJ,,,,,,,0.968454570295055,0.950651161930772,,,,,,,0.9332065804524873,,,,0.06958347837821789,0.2878796872968521,0.27312382235382054,0.042502768165820076,0.0,
LNK,0.9768691710721266,0.8130162111437368,,0.9810450956220258,,,0.7108759163328127,,0.9329508221683882,0.9061433761490152,,1.0,,,0.7407746388454339,,0.0,0.0,0.05940617469876506,0.3328372475898459,0.10530053165023091,0.0,0.0,
LNL,,,,,,,,0.9393805396109874,,,,,,,,,,,,,,,0.029356452488676507,
LNO,,0.9685706026699668,,,,,0.9774904998239888,,,0.9987791204129395,,,,,1.0,,0.013211228222027745,0.0,0.0,,0.010330744523112572,,0.028003617286906837,
LNS,,0.9519191151712415,,,,,,0.9895576665328658,,0.9671496020990838,,,,,,,0.026953111450069036,0.0,,0.14551445852804515,0.1378351316520893,0.0,0.1202475902180996,
LNU,,,,,,,,,,,,,,,,,,,,,,,,
LNV,,,0.9682514678578243,0.9882094233092122,,0.9645626016100793,0.9609371735394976,,,,0.9767632897603226,0.9988636985587569,,0.981767982689377,0.9872910994010233,,0.0,0.007106901857985758,0.0,0.0784985072503684,0.05459689060277932,0.0,0.01157736042141276,
LNY,,,0.9763157592548078,,0.9841682698206187,,0.9622486149988596,0.9867253042464654,,,0.9819848465578311,,0.989467782383387,,0.9626196342531188,,0.0,0.0,0.0,0.0,0.0,0.0,0.0,
LNZ,,0.9838278063989939,0.9672081615177488,,,0.9865747197495287,0.902193391792959,,,0.9935010982365897,0.9580286915827333,,,0.9569466844663475,0.9582423279518016,,0.008933413228780959,0.02580581329067945,0.0,0.0,0.0,0.0,0.017600355140394947,
LOD,,,,0.9721888069743543,0.9774516496999074,,,,,,,0.9565492062651028,0.9771852597526651,,,,0.0,0.015528959561196666,0.0012025336738896162,0.0,0.0,,,
LOE,,,,,,,,0.9505266994611661,,,,,,,,,,,,0.0,,0.17142731944990297,0.0,
LOH,,,,,,0.9817728373344362,0.9601732714296365,,,,,,,0.96473743801257,0.9946586109188947,,0.0,,0.07340806296954534,0.0018771613079495361,0.0,0.0,0.013274453282133659,
LOI,,,,,,,,,,,,,,,,,,,,,,,,
LOK,,,,,0.9757505067604538,0.9876526528693913,0.9800607041075514,0.8015513983055137,,,,,1.0,0.9964408671452492,0.9531868427487385,,,,,,0.030939712257730626,0.0,0.0,
LOO,,,,,,,0.9776157879075364,,,,,,,,0.9999289115690894,,,,,,0.04335974556695199,0.0,0.10266921402729207,
LOP,,,,,,,0.7923688299711549,,,,,,,,0.8887948438939758,,,,,,,0.0,0.0,
LOQ,,,,,,,,,,,,,,,,,,,,,,,,
LOS,,,,,,0.9380981760188039,,,,,,,,0.953582698293636,,,0.04041324502857946,0.13134953213679035,0.13195036927829873,0.026570885359244567,0.00983696787431702,0.0,0.05761863795863847,
LOV,,0.9290940444085742,,,,,,,,1.0,,,,,,,0.0,0.051122970191230806,0.06864092339346754,,,,,
LOY,,,,,,,0.9194040128424223,,,,,,,,0.9915734585854313,,,,,,,,0.0,
LPA,,,,0.9669264171578668,,,0.9580524126442662,,,,,1.0,,,1.0,,0.031122713422205926,0.2481336933595482,0.14564562917917326,0.11256556630713956,0.17722558728190896,0.01680559255431603,0.03951124543277789,
LPB,0.9611525942791432,0.9296769944336319,,,,,0.9552395224133299,0.9393160524128192,0.9430901841014594,0.9820265978498748,,,,,0.9102407567796723,,0.0,0.0,0.03223332200291061,0.14703308616942118,0.05111130207077601,0.0,0.0,
LPD,,,,,,,,,,,,,,,,,0.0,,,0.01694809749209135,,,,
LPE,,,,,,,,,,,,,,,,,,,,,,,,
LPF,,,,,,,0.9791776959913887,0.8643122143268563,,,,,,,0.8602589217011153,,,,,,,,0.0,
LPI,,,,,0.9659139855649096,,0.9592773569709125,,,,,,0.9766217509784304,,0.9837037091693367,,0.06987735946584561,0.0,0.025353470680915376,0.07236237128771748,0.0,0.0,0.0,
LPK,,,,,0.9855398455935971,,0.9684195892058636,0.8264836929767161,,,,,1.0,,0.9092399294850002,,,,,0.008508040792109699,0.04479346225938608,0.00669595073241027,0.0,
LPL,,,,0.9223120787707674,,,0.9141905593056407,,,,,0.9434759033080463,,,0.9962385578677123,,0.19191543451463394,0.4427325725496948,0.30230100707054164,0.0,0.0,0.002334856329301604,0.021600927405961038,
LPQ,,,,,,,0.6530110775953181,,,,,,,,0.8722503645274785,,0.3124726550648026,0.03244027927924809,0.029906011578775312,0.046527082240924604,0.10637387860438337,0.09493040728695264,0.0,
LPS,,,,0.9682037708341036,,0.8212066097572293,,,,,,0.9759065004610212,,,,,0.2280125842192641,0.23619113034220596,0.0,0.0,,,,
LPT,0.9820086220568083,0.9703977241501018,,,,,0.927327842687198,,0.9787241361599176,0.98204075785163,,,,,0.9632220556480908,,0.0,0.0,0.016308774864307,0.03240901230271599,0.053028723555992,0.0,0.0,
LPU,,,,,,,,,,,,,,,,,,,,,,,,
LPX,,,,0.953854495991574,,,0.9895037567565338,,,,,,,,0.9792815367108129,,,,,,,,0.0,
LPY,,,,,,,,,,,,,,,,,,,,,,,,
LQM,,,,,,,0.9899569480579483,,,,,,,,0.9946912077780923,,,,,0.2874056360211438,0.025156983641248888,0.0,0.27950878678921665,
LRD,0.9571365784684039,0.9541669452640972,,0.9204372375278282,,0.9248012175912038,0.9319164539352185,,0.9622723182103621,1.0,,0.9634973361030977,,0.7975344369780286,0.9570500832516862,,0.09308555039165373,0.08394858233901402,0.058932624403862405,0.15953595648208094,0.07756929246546601,0.0,0.0,
LRE,,0.9206246363341188,0.9822890648395878,,,,,,,0.9199512953840702,0.9860491272062433,,,,,,0.0,0.0,0.0,0.025046863654668353,0.030252852890959987,0.008147441998172657,0.0,
LRH,,,0.9856701310255997,,,,0.9008750586053562,,,,1.0,,,,0.9825638836654796,,0.0,0.1364375409569479,0.16505856678351935,0.0461236936702196,0.03187765728035655,0.0,0.0,
LRL,0.9875473383559537,,,,,,,,0.9825632300957473,,,,,,,,,,,,,,,
LRM,,,,0.9702723904602787,,,0.9201495259602038,0.9394607059593582,,,,1.0,,,0.9533244688229701,,0.17945637827424096,0.11016089498741001,0.0,0.06287702495581288,0.03493831719260521,0.0,0.0,
LRR,,,0.9577679885944047,,,,0.9683307242073739,,,,0.9855184173987886,,,,0.9885547599964963,,,0.06336299377662777,0.054826506149780845,0.034485917132135356,0.034426709154088755,0.0,0.0008139961667211443,
LRS,,,,,,,0.9799336356676822,,,,,,,,0.996808460029935,,0.0,0.03897681553402641,0.040371356554900026,0.0,0.00863161126182139,0.0,0.0,
LRT,,,,,,0.8883932157626495,0.954404337115763,0.8483431128621741,,,,,,0.9296124478476522,0.8199631240252431,,0.09580034070208308,0.0,0.0,0.0067584167752006005,0.018416110544045322,0.0,0.0,
LRU,,,,,,,,,,,,,,,,,,,,,,,,
LRV,,,,,,,,0.9862790981725633,,,,,,,,,,0.00225907776139705,,,,,0.0,
LSA,,,0.9897368680734723,0.98861426210102,,,0.9656622634617328,,,,0.9955541505418541,0.9924909722082574,,,,,0.0,0.03290417144767653,0.008663331140624552,0.0006245973644639823,0.021087872722353785,0.01119978997503369,,
LSC,,0.9854093387016936,,,,,0.930067023410009,,,0.9866077426171224,,,,,0.9630762262970308,,0.0,0.0,0.0,0.06377057431551376,0.07615781494024247,0.023862659878498473,0.0,
LSE,0.9804031428175042,0.9285494284008993,,,0.8596975708295382,0.9758231188453869,0.9810005786493217,0.9871268988362161,0.9833135141320162,0.987405949577433,,,0.8509713685511453,0.9413916119665113,0.9854100646025631,,0.0,0.0,0.031907319947308985,0.0,0.0,0.0,0.011097388658279412,
LSF,,,,,,,,,,,,,,,,,,,,,,,,
LSH,0.9609143716099416,,,,,0.9656508151055336,,0.969569842285636,0.9485191898007272,,,,,1.0,,,0.0,0.02755940547862237,0.010740323634952937,0.04213946239679965,0.10230580115765961,0.06099191119473885,0.0,
LSI,0.943447344135588,0.9867178947318083,,0.9887598217032132,,,0.9492601514469687,,0.9273270538687348,0.9975656455140401,,0.9926480531116214,,,0.9964397820115682,,0.0,0.03999135645302611,0.08319305125266627,0.0,0.01924778187452586,0.025613681176683608,0.05583817270297355,
LSP,,0.9837229917378523,,,,,0.9084065353715663,,,0.9859226085722717,,,,,0.9879865013618022,,0.0,0.0,0.0,0.009236027484959773,0.013000440190976282,0.0,0.0,
LSQ,,0.9814580253817585,,,,,,,,,,,,,,,,,,,,,,
LST,0.9730434581290294,0.9791482956571592,,,,,0.9277666890357574,,0.928965427572342,0.9907904742663973,,,,,0.9938177042150893,,0.0,0.01638271632112776,0.04313466506687305,0.04332139617915025,0.0013439727938470982,0.0,0.02795790598013469,
LSW,,,,,,,0.8920768287609144,,,,,,,,0.921502606753963,,,,,0.05059144808086719,,0.08866241751035474,0.0,
LSY,0.9590273180777006,,0.9857689267396716,,,0.9830000842268652,0.9518369380334815,,0.9538636013999364,,0.9923994930219782,,,0.9893575997788508,0.9656807200773926,,0.0,0.006235402808083855,0.012175429352565357,0.0,0.0,0.0,,
LSZ,,,,,,,,,,,,,,,,,,,,,,,,
LTD,,,,,,,,,,,,,,,,,0.009430892107581582,0.014061969918754212,,0.0038307295770270765,,,,
LTK,,,,0.917102282838518,0.9848281004162995,0.6775210334552209,0.9868683300421461,,,,,0.972039610876593,0.9289133394263738,0.7937686426236122,0.8805440842019757,,0.0414016836635094,0.2019327358909175,0.06918158290448265,0.0,0.0,0.0,0.0,
LTL,,,,,,,,,,,,,,,,,,,,,,,,
LTM,,,,,,,,,,,,,,,,,,,,,,,,
LTN,,,,0.98424407433197,0.9645448913668373,,0.8343183458289696,,,,,0.9960420033304715,0.9994067205718111,,0.9079869872576585,,0.040934103864576056,0.39114580710299884,0.3524083964249239,0.04587980516085352,0.14651769530012848,0.11802200534040261,0.0,
LTO,,0.970084374654061,0.9731026311895842,0.918683639346759,0.9639114472593058,0.9830528135328405,,,,0.9833602926922607,0.9863678695067962,0.8994659907227911,0.9934546090463623,0.9915982071258231,,,0.015480323982460416,0.03310106414992491,0.053285560512896665,0.0,0.0014344508740937437,0.023703060954367448,0.02438225770862655,
LTQ,,,,0.9401790075572709,,,,,,,,,,,,,,,,,,,,
LTT,0.964083797054929,,0.9558143078744841,,,,,,0.9958753799187214,,0.9398312980988168,,,,,,0.0,0.0,0.0,,,,,
LTU,,,,,0.977876163406812,,,,,,,,,,,,,,,,,,,
LTX,,,,,,,,,,,,,,,,,,,,,,,,
LUA,,0.9827300062031065,,,,,0.9776508952351542,,,0.9812407926299925,,,,,,,0.0,0.0,0.0,,,0.0,,
LUC,,,,,,,,,,,,,,,,,,,,,,,,
LUD,,,,,0.9106974161102634,,0.8331766063359027,,,,,,0.9161378225539173,,0.7096753875955417,,0.0054338413716932795,0.0,0.008526209895014836,0.0,0.0,0.0,0.0,
LUG,,0.965582185651002,0.9745773928796276,0.9899267011813552,,0.9677232344574821,,,,0.9303484569452513,0.9402039797614388,0.9979788404856947,,0.9705798473896501,,,0.0,0.0,0.0,0.0,0.0,,,
LUH,,,,,,,,0.6230240958501512,,,,,,,,,,,,,0.04501375239082577,0.05752456282141736,0.0,
LUK,,,,,,,0.9286387563916574,,,,,,,,0.9618988807476475,,,,,,,0.0,0.19678082578010683,
LUM,,,0.9859043309025125,,,,,0.8853108849729321,,,1.0,,,,,,0.030868491751787658,0.1957154092378119,0.17023949449542297,0.15434383785957653,0.1855015026081816,0.22792905471819105,0.05473634442094141,
LUN,0.9249731191206618,0.9507625980727301,0.9506488998302343,0.9640581202311787,,0.9612517978380138,0.9247427266435322,,0.9468721097481193,0.9253970954409287,0.9658541298160004,0.9955399348758712,,0.9603247112254334,0.9732515234436071,,0.0,0.0,0.0,0.08525826890989496,0.06752002428826855,0.0,0.03384989546841266,
LUO,,,,,,,0.9753833564023,,,,,,,,0.9983430717048064,,,,,,0.04484676472366755,0.0,0.005783761259381291,
LUP,,,,,,,0.9701656768987248,,,,,,,,,,,,,,,0.0,,
LUQ,,,0.9793254822802359,,,,,,,,0.9209255767048968,,,,,,0.017957565711674634,0.0,0.14028597618759986,0.2525547504284174,0.26728737654137913,0.20911709532665018,0.18039746848424326,
LUV,,,,,,,0.9632491057453221,,,,,,,,1.0,,,,,0.05168181084894112,0.2896852541692775,0.16185761756422687,0.20044915685937165,
LUW,,,,,,,0.9584120529947139,,,,,,,,0.9908862246812488,,0.0,,,,,0.07349569981803089,0.0,
LUX,,,0.9635744511249886,,0.9858205601814564,,,,,,0.9853253128200529,,0.9913032318163021,,,,0.0,0.015984051018091052,0.0,0.0,0.0513235237697263,0.10763269955732666,0.1417538640584401,
LUZ,,,,,,,0.9164461156795538,,,,,,,,0.9510987847327036,,,,,,,0.08657545326031035,0.0,
LVB,,,,,,,,,,,,,,,,,,0.0,,,,,,
LVI,0.9769046666960716,,,0.9841488679748605,,,0.9412063940934994,,0.8644646796393518,,,0.9969894287233481,,,0.9698390045331605,,0.0,0.20680011070068816,0.04851898468223516,0.04800200283898171,0.06203039469465871,0.0,0.0,
LVO,,0.9687110225871677,,,,,0.9810402051350866,,,0.9986881482544332,,,,,0.9994059797464155,,0.01999824178105732,0.0,0.0,,0.017886405597563656,,0.024606382139817848,
LVP,,,,,,,,,,,,,,,,,,,,,,,,
LWA,,,,,,,,,,,,,,,,,,,,,,,,
LWB,0.96394495858705,,,0.8810963712269246,,,,0.9618157444875175,0.9613424991219808,,,0.9384105912042049,,,,,0.0,0.1545637001779215,0.06564434102277623,0.0,0.06381953770905598,0.01690616239653745,0.0,
LWE,,,,,,,0.966239731696353,,,,,,,,0.9862609864398352,,,,,,0.05121948452962239,,0.0,
LWH,,,,,,,,,,,,,,,,,,,,,,,,
LWN,,0.943393365969235,,,,0.9755839814145086,,0.9415908022034477,,1.0,,,,0.9856653487757961,,,0.0,0.19282664745061048,0.2763784134288793,0.017845048211790653,0.03686983352618579,0.019292608208812838,,
LWO,0.9479817619639572,,0.9778449749603093,0.9804812797127127,0.9435441374096047,,,0.8956604856144476,0.9249514452329638,,0.9697258107436767,0.9801290777271104,0.9880829648127162,,,,0.0,0.043063747371703716,0.004096404539893067,0.018457106286411874,0.011282640473858848,0.27909683859855544,,
LWS,,0.9547625670869526,0.9844427309035491,0.9287303134042755,,,0.8539475754337158,0.8914767872924173,,0.9561653650858565,0.9983836784863461,0.9522348892389796,,,0.9095003270036471,,0.0,0.04016651175874112,0.05061367461803201,0.0,0.07845543080044118,0.0,0.0,
LWT,,0.9846531169499988,,,,,,,,0.9973438993613509,,,,,,,0.0,0.0,0.176319462194189,,,,,
LWY,,,,0.9882347547038007,,,0.936650542996061,,,,,0.9989947635702917,,,0.9746040992702162,,0.005081162988332912,0.0175373097862603,0.011662244459368112,0.002666901881404199,0.03303980338111877,0.006263778636724862,0.0,
LXA,,,,,,,,0.8121503440154213,,,,,,,,,0.07004361081029443,0.10524873855981583,0.07183222926824566,0.17611896220504658,0.1770671517742194,0.3296320615590112,0.03997221752072973,
LXG,,,,,,,0.9637925259593446,,,,,,,,0.9853928595849094,,0.0,,0.008896824749257144,,0.07767601126113118,0.07172963442608889,0.0,
LXR,,,,,0.9741972872656789,0.9600696471550053,0.8858315205555135,,,,,,0.9107694430361783,0.9727351552421934,1.0,,0.07474440900214877,0.11623451372284192,0.13513391091429094,0.0,0.0,0.0,0.007946150750775628,
LXS,,,,,0.9716855960415356,,0.9790938199522804,,,,,,1.0,,0.9974806644446071,,0.0,0.031507561608869444,0.027036328492196143,0.08021787688899801,0.15029753805258722,0.0,0.029973295962502117,
LYA,,,,0.9768982976250323,,,0.9544106976103992,0.9810024873757607,,,,1.0,,,0.9574777966254621,,0.01199340423911838,0.11283626513901555,0.06082112318613953,0.10736124351626215,0.1287784308337432,0.1722667015708016,0.0,
LYB,0.9887018764411517,,,0.9807511710933162,,,0.9718914060846241,,1.0,,,0.990431133591144,,,0.9941215759283533,,,,,0.0,0.018454555400912,0.0,0.0,
LYC,0.9704347181822885,,,,,,0.9655523604681371,,0.9791501507859433,,,,,,0.9729071262067882,,0.0,0.02187958666502334,0.03431480799312979,0.013888108517851563,0.025546514213646145,0.00351253733526781,0.0,
LYG,0.9273520783687212,0.9812220839777039,,,,0.9886303651400534,0.9585817237385609,0.9479348205963147,1.0,0.9995425854096328,,,,1.0,0.9194958805658403,,0.020115787910571285,0.07258617049968308,0.08631098885747548,0.12261442755259919,0.12266655033787195,0.1516212376635375,0.0,
LYH,0.9348742071056418,0.9630649174202134,,0.9350627765927862,,0.8915815592588333,0.9464628392403566,0.9293773231699186,0.9330355391506724,0.9734875960123947,,0.9487680213434461,,0.9029950906110163,0.9591754735921885,,0.0,0.04881616896296728,0.021284163080981185,0.016062359478488858,0.0,0.0,0.0,
LYI,,,,,,,0.9561988544895988,0.9225682827659408,,,,,,,0.896458868863289,,,0.11331063574678356,0.01988792087281399,0.2567365373469229,0.14755275090534628,0.2199757201982487,0.0,
LYN,,,,,,,,,,,,,,,,,,,,,,,,
LYP,,0.9632489802994973,0.9501291548866938,,,0.875960873135699,0.9345693350979056,,,0.9648900845804316,1.0,,,1.0,0.9760305635527681,,0.0,0.008977755627076395,0.09593200359290173,0.0,0.08654442382324587,0.0662576248451458,0.0,
LYR,0.9863674351963677,0.8186330642433076,,,,0.9712311543180719,0.8477711490366446,,0.9995301365567794,0.8383922176551499,,,,0.9772665583221473,0.8968590507463062,,0.016353405284660782,0.0,0.02901159230513147,0.19367834801022385,0.018845421501528247,0.0,0.0,
LYS,0.9799195851047018,,0.9839771498716893,,0.9830504236189984,,0.87888019097786,,0.9960099970872249,,1.0,,1.0,,0.9714596944829822,,0.005585391946555371,0.07353584846577015,0.11080046416785093,0.07546056347694827,0.0731689266314318,0.0,0.0019911602299213667,
LYU,,,,,,,,,,,,,,,,,,,,,,,,
LYX,,,,0.9491101001375796,,,,,,,,,,,,,,,,,,,,
LZC,0.9802363059704534,,,,,,0.9519121396073991,,0.9755420328970485,,,,,,,,0.0,0.0,0.0005517707698999751,0.004140998948220511,0.004930358491548619,0.0,,
LZG,,,,,,,,,,,,,,,,,,,,,,,,
LZH,,,,,,0.9851857680388041,,0.9709252416468874,,,,,,0.9953739145705197,,,0.003521958541503868,0.20454686001240316,0.09975035222466754,0.1340758883362705,0.15176170323328475,0.08968778921643338,0.0,
LZI,,,,,,,,,,,,,,,,,,,,,,,,
LZN,,,,0.9774629058279819,0.9880116313254396,,0.9369147638667308,,,,,0.9746451899954561,0.9998782711787074,,0.9826370248351325,,,,,,0.02651233146899035,,0.0,
LZO,0.9818223838146292,,0.9260498597118304,,,,,0.9562040931661882,1.0,,0.9825107480935004,,,,,,0.12422230206198766,0.03880829731374093,0.06422114578485913,0.14215565097557661,0.1608824712127526,0.25923273257317825,0.0,
LZR,,,,,,,,,,,,,,,,,,,,,,,,
LZU,,,,,,,,,,,,,,,,,,,,,,,,
LZY,,,,,,,0.9637749899444651,0.9793811845502981,,,,,,,0.9547387461237831,,,,,0.16581755760243874,0.17343671079004097,0.15135216107647773,0.0,
MAA,0.9748850385764829,,0.9787483473039037,,,0.9623030011719769,0.9262428070399412,,0.9998194038579171,,0.9869214059699806,,,0.9886432726621159,0.9610146413728796,,0.005299756540757851,0.10953699946893868,0.1458866721982911,0.12365054619176113,0.07250340139920163,0.009982195898095726,0.05439105683527882,
MAB,,0.986697530504657,,,,,0.9554961193486589,,,0.9879855530473672,,,,,0.9890456762586921,,0.007808713613445807,0.00012341454046239207,0.03204703541402735,0.1690416294200785,0.06570468928722473,0.0,0.051144628762588296,
MAC,,,,,,,,,,,,,,,,,,,,,,,,
MAD,0.8989556519506983,,,,,,0.794797370109069,,0.8885991215197021,,,,,,0.9824439022134714,,0.0,0.17557771161967758,0.10632550519562384,0.0,0.06195341155693379,0.0,0.1107738923697836,
MAF,,,,,,,0.8689824290874011,0.9621750607247691,,,,,,,0.9499664617745414,,0.07043246190797237,0.19669773222474327,0.17538887208889806,0.17914315831197888,0.16850718327036834,0.0,0.0,
MAG,0.8486666290736735,,0.972028192158689,0.9793766667382541,,,0.8957486016440569,,0.827547549467054,,0.9851222586941231,0.98413936969308,,,0.9272307873295407,,0.0,0.01121242332884387,0.002853497109545789,0.0,0.010923894883294838,0.02238116476023156,0.0,
MAH,0.9853228936072274,,0.9871738168276807,0.9507245487213094,,,0.9276975232330592,,0.999113421754634,,1.0,1.0,,,0.9844110892329908,,0.061496771396900796,0.16014422886588026,0.05488468419765423,0.06826048813430427,0.2030395437166135,0.034608550331839086,0.003341106434773905,
MAJ,,,,0.8772079720868973,,,0.9634882384177423,,,,,0.916143293572296,,,1.0,,0.009434707966494496,0.10427682822645694,0.0,0.0,0.055693787161306206,0.021211299400447012,0.09824771309404849,
MAK,,,,,,,,,,,,,,,,,,0.00796572659660957,0.0,,,,,
MAM,0.9456326199147501,0.9849795459851203,,,,,0.9715841566538079,,0.9424589378126832,0.9938340933794573,,,,,0.9874331575596108,,0.0,0.0,0.0,0.012254671288428316,0.02179874953656565,0.0,0.0,
MAN,0.9577293118084907,,0.9821917409907405,0.9323895380319435,0.9668433944552175,,0.7984036904654712,,1.0,,1.0,0.9074928242049665,0.9808184733543451,,0.8850543847031587,,0.07092081323790247,0.4453762296315371,0.29436675824829983,0.0,0.07570558355880247,0.005567072137963646,0.0,
MAO,0.9357152431007182,0.8774848698411467,,,,,0.8645019395781162,,0.9555318351545873,0.8938323416679034,,,,,0.9504427925509341,,0.0,0.0,0.06578748569858561,0.12079840784699686,0.0,0.0,0.054391520038564255,
MAQ,,,,0.9885558501575927,,0.9633891142379202,0.9014402309496583,,,,,0.9762051628856734,,0.9962539961307673,0.9536389315759167,,0.18799865756726486,0.0021014631061319253,,0.0,0.0,0.0,0.0,
MAR,0.9177282095322712,,0.9882040442388396,0.9067162962729192,,0.9713492262641579,0.9053193554011302,,0.9211329221368815,,0.9832193847625774,0.9580130840186928,,0.934692618369564,0.9700464305998263,,0.0,0.07056988205807518,0.013331622700201122,0.0,0.07098514711268737,0.0,0.0,
MAS,,0.9777471348516005,0.9892929581412607,,,,0.9625333606696466,,,0.9991134028948858,0.9825825949340456,,,,0.9828906657534,,0.0,0.0036331503734716025,0.0,0.15082322240401722,0.041011829183408455,0.02618703703446855,0.0,
MAT,0.9842886736281129,,,,,,,,0.9877572885852327,,,,,,,,0.0,,,,,,,
MAU,,0.9883740523294982,,,0.9891985196023101,,0.9793890742142052,,,0.9918985014628315,,,0.9997387093186068,,0.9746446069587709,,0.0,0.0070108625442349345,0.019355862068082878,0.0,0.020582478788871424,0.0,0.0,
MAV,,,,,,,,,,,,,,,,,,,,,,,,
MAW,,,,,,,,,,,,,,,,,,,,,,,,
MAY,,,,,,,,,,,,,,,,,0.0,,,,,,,
MAZ,,,,,,0.9888951580487217,0.9792402368927446,,,,,,,0.985078875960183,0.9792270818284502,,0.0,0.0,0.0,0.017340167539758786,0.036883961389511784,0.0,0.0,
MBA,0.9106741992869023,,,,,0.9465753627455071,0.9124332955196697,,0.9850317723479091,,,,,0.9898715777621708,1.0,,0.18661437273895376,0.1682529377405953,0.001745550074630111,0.0,0.0,0.03492399515790899,0.00010730853819626583,
MBB,,,,,,,,,,,,,,,,,,,,,,,,
MBD,,,,,,,,,,,,,,,,,,0.016289742542846146,,,0.01131422151166009,,,
MBE,,0.9222571546111166,0.9547402680250296,,,,0.9720622459751824,,,0.9172336025856556,1.0,,,,1.0,,0.0,0.0,0.051235254294181715,0.15590383528713736,0.1642909485982497,0.03679077964180514,0.008653225640498766,
MBH,,0.9796954390004666,,,,,,,,0.9824044117842213,,,,,,,0.0,0.0,0.0,,,,,
MBI,,,,,,,,,,,,,,,,,,,,0.02459229507148487,,0.055861835495623575,0.031192504357257213,
MBJ,,,,0.9887276390184693,0.985017741253046,,0.7870968705343548,,,,,0.9975746051425686,1.0,,0.9079397654812814,,0.07293739465077934,0.0409462597426902,0.0,0.0881720331522283,0.061017533929906706,0.0,0.0,
MBL,0.9533151087688935,,,,,,,,0.9485324061622161,,,,,,,,0.0,0.0,0.0,0.0,0.0,0.16911917890196995,0.15221844193272185,
MBP,,,,,,,,,,,,,,,,,,,,,,,,
MBQ,,,,,,,,,,,,,,,,,,,,,,,,
MBS,,0.9276275668554154,0.9712536298067587,,0.903750272001316,,0.9674573000175424,,,0.9034881848511486,0.967948043681249,,0.8089364521355574,,0.9778718055050961,,0.0,0.0,0.0,0.0,0.0,0.0,0.0,
MBT,,,,0.9790379563650919,,0.9852513127013836,0.9693404663196891,,,,,1.0,,0.9980350371126702,0.9888635140682036,,,0.02142894098849475,0.0,0.014347126316563501,0.05815037957690009,0.0,0.0,
MBZ,,,,,,,,,,,,,,,,,,,,,,,,
MCE,,0.9201978746805666,0.9873876329586064,0.9546767454309082,,,0.9765407567182958,0.91536238955474,,0.8561536126526018,0.8572426645527301,0.9992565903279678,,,0.9683089716241022,,0.0,0.0,0.033607510484349304,0.07781216426490672,0.1457137100473293,0.0,0.0,
MCG,0.961632200642221,0.9872918537867409,,0.962358272682613,,,0.6701846225752013,0.8420029921654526,0.9529138296704629,0.9906994314980168,,0.9792974611669366,,,0.7030597640337471,,0.0,0.0,0.0,0.01637696822094536,0.051125273073514235,0.0,0.0,
MCH,,,,,,,,,,,,,,,,,,,,,,,,
MCI,,0.9243563358746572,,0.960470218011296,0.9801695983666134,0.9516762906848192,0.7663419845604282,,,0.9528067620459341,,0.9754048289778372,0.992816547545883,0.8192282851396632,0.9100043717025953,,0.0,0.013891586739261,0.08652261847550834,0.0,0.0,0.0,0.0,
MCK,0.9412842917694725,,,,0.9693020462993698,,0.9682473753384991,,0.9334227528581638,,,,0.9668040672606699,,0.984564730795521,,0.0,0.0,0.036286509047341285,0.05766974759807865,0.0,0.0,0.00757373418885058,
MCM,0.9896490015236009,,,,,,0.9369334828142758,,0.9963860603285208,,,,,,0.957437566832691,,0.016070677676086796,0.0,0.015651761121162896,0.0067135625423086955,0.018408588121987715,0.0,0.0,
MCN,0.9732465252495558,,,0.8623139697100489,,0.9767529595840704,0.9495249556608976,,0.9874465705697486,,,0.8704074920890946,,0.8595105891368616,0.9962411247335305,,0.016001184997963824,0.18071600772560548,0.020027879417183543,0.0,,0.0,0.08683927541162109,
MCO,0.979887907538367,0.8531697115314398,,,,0.9796329184435637,0.7623640672301232,,0.9525334860117771,0.8922442295556066,,,,0.9826036370637374,1.0,,0.0,0.0,0.14643321409588625,0.0,0.022733616028177868,0.0,0.1182636976592639,
MCP,,,0.9810380649409298,,,,0.9631981713159349,0.9504920288520037,,,0.9555349029654783,,,,0.9740456905439376,,0.04144671108918896,0.0,0.003838407553210981,0.06041566546275141,0.020437478263189684,0.0,0.010752256409315522,
MCQ,,,,,,,,,,,,,,,,,,,,,,,,
MCT,0.9238091206192525,0.9819446484404698,0.9803309503790765,0.9159279714679306,,,0.8619381494571493,,0.9518180293378913,0.9762014553973403,0.9831079722215275,1.0,,,0.9758004918069094,,0.0,0.06079058617522166,0.0,0.044626213578262214,0.21399596177522925,0.16169660750671566,0.0,
MCV,0.9683820344119661,,,,,,,0.88341876554915,0.9232385408366525,,,,,,,,0.0,0.022435469175971886,0.0243850620526119,0.03541809873830155,0.06764641577511049,0.04744425550212501,0.0,
MCW,,,,,,,0.9668738485217462,,,,,,,,0.9687555084339887,,0.0,0.0,0.0,0.06853176196580789,0.06985196025469041,0.04577514668135068,0.0,
MCX,0.9774694154330869,0.9894989215336686,,0.9163304835709177,,0.9234355081568492,,,1.0,1.0,,0.976720103790221,,0.9951167770834635,,,0.041471095981995006,0.12708460723839998,0.15905183215023863,0.08823245502823884,0.23194843197104906,0.07859211533225881,0.1958911394759754,
MCY,0.9609217342259057,,,,,,0.9344324120550757,,0.9666502289555373,,,,,,0.9953172223146363,,0.0,0.03316866895669005,0.06451460369234636,0.030360727206512606,0.005818775474296291,0.0,0.10784452484288824,
MCZ,,,,,,0.9232200094937174,,,,,,,,0.9359468120506552,,,0.0,0.0841142700402854,0.12311412780233143,0.0,0.0,0.0,0.10878943494902577,
MDC,0.9333000807044163,,,0.9890036341230714,,,0.9135646425344257,0.9759195584401469,0.9094977783215601,,,1.0,,,0.927950668534911,,0.0,0.11388499663212402,0.08698335789850586,0.13096969749948456,0.27881165836392,0.19593950063289048,0.0,
MDE,0.9616113602389924,0.9281990300858057,,,0.9896797655911966,,0.8977155172073304,,0.9662174599947283,0.963735957162723,,,1.0,,1.0,,0.0,0.0,0.09709331483489973,0.14129434066241478,0.09944399818547751,0.0,0.14917351180910116,
MDG,0.9490277596526281,,,,,,0.9176047267521911,0.9768605676459092,0.9624321499741382,,,,,,0.9256925266716843,,0.014650385459521185,0.11879548069708366,0.10481296592582315,0.05936195811464305,0.08953442303089137,0.06281237639767243,0.0,
MDH,,,,,,,,,,,,,,,,,,,,,,,,
MDI,,,,,,,,,,,,,,,,,,,,,,,,
MDK,0.9791763675989789,,,,,,0.9836243946963865,,0.978455085440277,,,,,,0.9945274655489083,,0.0,0.030264267974465714,0.04844822953318001,0.01996821337803032,0.03222613113942611,0.0005117453678498324,0.0,
MDL,0.9379277974902525,0.8663229384010469,,0.9513324869176409,,,0.642806633699303,,0.9754032382097588,0.9396287946161108,,0.9743630323280023,,,0.7380810166481943,,0.19532594987043678,0.0,0.0,0.2986017470663883,0.3485858856937057,0.16100696430920192,0.0,
MDQ,,,,0.9702587405305556,0.989878355643322,0.8332684776499014,0.9365635668156745,,,,,0.965875575276645,0.9495964906679677,0.9995546004574827,0.9961390434463028,,0.310550290086295,0.0,0.0,0.0,0.1231080474596086,0.03450536383763492,0.0,
MDR,,,,,,,0.8509281044948396,0.9056522519183876,,,,,,,0.9261925234980286,,,,,,,,0.0,
MDT,0.9434002250958011,0.9691390382655147,,0.9099038117376538,,,0.7665060771599781,,0.9408379358348837,1.0,,0.9907646627296159,,,0.82726716017383,,0.0,0.12016988058571922,0.05170342323927276,0.03240165487839155,0.0,0.0,0.0,
MDU,,,0.9756426671876967,,,,0.9665711177885326,,,,0.989958609516168,,,,,,0.0,0.011798165805320011,0.0,0.005071434129981845,0.03277143733521201,0.0020034044039067794,,
MDW,0.943865557767733,,,0.9148490927366724,0.9778908332027174,0.965565849542646,0.8249051897483708,,0.999584240364097,,,0.9152205465524051,0.9787237166785543,0.9371354904595354,1.0,,0.0951066203129348,0.11245458318730911,0.0,0.0,0.0,0.0,0.009785814702435952,
MDY,,,,,0.9898391746798967,,,,,,,,,,,,,,,,,,,
MDZ,0.938106769821859,,0.9001597327984141,,,,0.8970249371789534,,0.8761486948225319,,0.8513664601135109,,,,0.9856215655802668,,0.0,0.0,0.0,0.162436598820176,0.09671016975788911,0.011283819173724351,0.0,
MEA,,,,,,0.9491672952558338,0.8300912037681554,,,,,,,0.9113880960393403,0.9153733477050929,,,,,0.4343554350868827,,0.0,,
MEB,,0.7855958411687448,,,,,0.9689936002139402,,,,,,,,0.9745929606894486,,,,,,0.49957724020539634,0.40588333438248814,0.0,
MEC,,,,0.955206177169701,0.9758863285982481,0.9550674129772619,0.9478438428903598,,,,,0.9515724954324574,0.9851161413192502,0.9521415127986488,0.9974877688946238,,,,,0.0,0.0,0.0,0.0619563347872157,
MED,,,,,,,0.5148762683908117,,,,,,,,0.9541081942264202,,0.46667296455794616,0.0725620621711076,0.0845070875484753,0.5115350489683652,0.5239881090477135,0.0,0.06188939913494314,
MEE,,0.9411178082225062,,,,,,,,,,,,,,,,,,,,,,
MEG,,,,,,,,,,,,,,,,,0.0,,0.05469110447927289,,0.03977260674961446,,,
MEH,,0.9791339125920596,0.8777220910247895,0.929251118431012,0.9741920434447424,,0.9648370008517116,,,1.0,0.9848622000149946,0.9704901456815865,0.973157381533907,,0.9916919047359147,,0.0,0.16523829385403793,0.0,0.0,0.020487381164798063,0.03932101050052518,0.0,
MEI,0.977892165744171,0.9816743287508354,0.9868668283778502,0.8926685517195498,,0.9822000657084666,0.9246003189774444,,0.9796244955593147,0.9827200278938842,0.9998687541935826,0.9121156701889346,,0.9873089812231609,0.9424554267770069,,0.0,0.09546124825531475,0.0038500623138135012,0.0,0.0,0.007433691176066734,0.0,
MEL,0.9684387687191035,0.9800770142682836,0.9466710687880385,,,0.9830731359517125,0.6708451237915755,,0.9546321470473256,0.9514921487885943,0.9811044361622542,,,0.9818224474415107,0.9060214600336984,,0.0,0.03224841992283556,0.06985547427408534,0.04288802606049773,0.022726633830895463,0.0,0.10482135709412303,
MEM,0.968854868463716,0.9364708933914558,,0.9512949525133854,,,0.8223332931556115,,0.9663353278011341,0.9496667486101672,,0.9887606285885955,,,0.8762846747261888,,0.0,0.0,0.0,0.0,0.0,0.0,0.0,
MEQ,,,,,,,0.9392011993017341,0.9788423637327807,,,,,,,0.9273406119306397,,,,,,,0.09122823909982787,0.0,
MES,0.7642267594507545,,,0.9555703217055634,,0.7193621258263974,,,0.7931935965072149,,,0.9895515504464759,,,,,0.0,0.1047606345637416,0.02086489024929397,0.0,,,,
MEU,,,,,,,,,,,,,,,,,0.06974455149177196,,,,,,,
MEX,0.9429523572264015,,0.9720747837649701,,0.9726676322040877,,0.797904817376881,,0.9724997831209289,,0.9696364576373498,,0.9851554783956169,,0.9328994885123056,,0.0,0.0,0.0,0.0794642275262621,0.012956583518012328,0.0,0.0,
MEY,,,,,,,,,,,,,,,,,,,,,,,,
MFA,,,,,,,,,,,,,,,,,,,,,0.09608844132773957,0.05153897517234061,0.026850796957168566,
MFD,,,,,,,,,,,,,,,,,,,,,,,,
MFE,0.9180856567944152,,,0.8665024385312724,0.9732058815925965,0.8432000892696296,0.7949469659762799,,0.9836496648218075,,,0.9492814430042407,0.9938298025292314,0.7558656239387087,0.865665195063992,,0.0139280537312844,0.04258157636184022,0.0,0.0,0.0,0.0,0.0,
MFF,,,,,,,,,,,,,,,,,,,,,,,,
MFK,,,,,0.9832905868778301,,0.9248089853543959,,,,,,1.0,,0.9586143033875887,,,,,,0.03562551804094815,,0.0,
MFM,,,,0.9865262228403668,0.9138386021790255,,0.7926631960025485,0.9047057162176465,,,,0.9644967178537204,0.9522079971998365,,0.8080096984139669,,0.0,0.3590013526033814,0.27791548380760267,0.0,0.0,0.0,0.0,
MFN,,,,,,,,,,,,,,,,,,,,,,,,
MFO,,,,,,,,,,,,,,,,,,,,,,,,
MFQ,,,,,,,,,,,,,,,,,,,,,,,,
MFR,0.9255496878275821,,,0.9238317286931008,,0.9229073270184532,0.8654316348575339,,0.9228927265147645,,,0.9914214417039826,,0.9307504412108953,0.960212726901582,,0.0,0.09660897501317103,0.05243240955793071,0.0,0.04119591534633004,0.0,0.0,
MFU,,0.9754490462473321,,0.9717173244103768,,,0.9777730612033919,,,0.9963364345937863,,0.9867979705236003,,,0.9916399846022713,,0.0,0.01989420806360021,0.19725051406488353,0.029284391043160298,0.019189971053399386,0.0,0.0,
MFZ,,,,,,,,,,,,,,,,,,,,,,,,
MGA,0.9805687651990461,0.9747317400811403,,0.9471244177451345,,,0.955473167711003,0.9392294199083157,0.9677726081911356,0.9899755636471523,,0.9751193967659549,,,0.9324944623270978,,0.0,0.0,0.0,0.08289595016389692,0.14477335614221418,0.0,0.0,
MGB,,,0.9781946371932526,0.9854900151641096,,,0.9468343835509127,,,,0.9838980371001806,0.990426674322702,,,0.9895550784853661,,0.0,0.002481302251158057,0.0,0.0,0.013026762642464393,0.0,0.003234386543552222,
MGD,0.9580562973557518,,,,,,,,0.96575110670701,,,,,,,,,,,,,,,
MGF,,,0.8813882852348578,,,,0.9649017613337908,,,,1.0,,,,0.9969840988472063,,0.0,0.012775171587925854,0.025497709356890948,0.12765480000439286,0.05505123595298255,0.0,0.008328032096828178,
MGH,,,,0.9835322797651181,,,0.9278014131388028,,,,,1.0,,,0.950297083946447,,0.0017601426326083853,0.0035388381115612033,0.017895677074940913,0.005613033254763081,0.039324787261802836,,0.0,
MGL,0.9364899943865813,,,,,,,,0.9291950930742099,,,,,,,,0.0,0.0,,,,,,
MGM,0.9703555083459302,0.8628256850665498,,0.8331528168386544,0.9339476823519118,0.9504408302846424,0.9662794697491162,,0.9824126613281847,0.9597644919861901,,0.8267238570382552,0.9685638725584352,0.9742075309971955,0.9951822821738784,,0.0,0.12179568802487899,0.09153794219791418,0.0,0.0,0.0,0.02035749054291257,
MGN,,,0.9400757800541786,,,,,,,,,,,,,,,,,,,,,
MGQ,,,,,,,0.982148240439781,,,,,,,,0.9923128534185524,,0.06805361495467577,0.15090620324975643,0.0625839604885956,0.14830752490076404,0.10075873972049997,0.02677592683874439,0.018811100883165517,
MGT,,,0.862039716065814,0.9716962778091889,,,,0.8788929123514309,,,0.9088395428984063,0.9820369321106568,,,,,0.0,0.01992846332736489,0.0,0.003915461816041881,0.0649937687002837,0.06901010164840456,0.0,
MGW,,0.9313023013551798,,,,,,,,0.9360382454015781,,,,,,,0.0,0.0,0.11273044922296822,0.10823075339556512,0.024728155009410526,0.0,0.12219755870747177,
MGZ,0.9540938377115222,,,,,0.9857068263782012,,0.9812837436935176,0.9509328060099196,,,,,0.9948938198996506,,,0.0,0.014933668828198838,0.0,0.07992683288840545,0.06840672546365757,0.02568434871290275,0.0,
MHC,,,,,,,0.9848520240218669,,,,,,,,0.9899862561149976,,,,,,,0.007379408237201695,0.03535714500715847,
MHD,0.9885811131082541,,,,,,0.8980682233869351,,1.0,,,,,,0.903301346686877,,0.24808805158857627,0.12152749464786902,0.15275975575203807,0.14962999624537496,0.13282757370318612,0.004893548458541781,0.0,
MHE,,,,,,,,,,,,,,,,,,,,,,,,
MHG,0.9582791409862517,0.9821186077764877,,,0.927844733834513,,0.8285468104430849,,0.985026503862445,0.992792929491002,,,0.9316092469811601,,0.965084255453047,,0.04374391025690841,0.00949115518816555,0.13475897995482028,0.02832478765078922,0.0,,,
MHH,,0.9586791491517823,,0.9642620652788126,,,0.9280139267618798,,,0.9657480999190631,,0.9972712624064358,,,0.9711467478121678,,0.0,0.0,0.0098655589524247,0.03883820215191824,0.09937543384514876,0.0,0.0,
MHK,0.954374659552748,0.9658822137530036,0.9679236860796573,,0.9800708736856539,0.9810941595664463,0.9010191500761106,,0.9562742691152617,0.9630954828016847,0.9958010933483535,,0.999057971663778,0.9992400759798689,0.9442918258843129,,0.0,0.0,0.11318013754371195,0.2461405750923676,0.14962309004377639,0.04170510304471246,0.0,
MHM,,,,,,,,0.9231501385613387,,,,,,,,,,,,,,,0.002094487405542487,
MHP,,0.9827400639618733,0.9734472852874043,0.8509929012925087,,,,,,0.9432405624140198,0.9203132562506385,0.881054800865621,,,,,0.0,0.0,0.0,,,,,
MHQ,0.9184819996445904,0.960503235400094,,,0.9836512836968816,,0.9445903069341176,,0.9346209961777713,0.9759007144958676,,,1.0,,0.9582865540514479,,0.0,0.0,0.03099159520045226,0.013643871228069671,0.025217913465412644,0.0,0.0,
MHT,,,,0.9205532368725622,0.9813960076835502,0.9757374987766275,0.9045390192275866,0.9435036896357794,,,,0.9351190768857502,0.9963859761951636,0.8872106554151664,0.9258794708425905,,0.3484662797473737,0.15625706484938862,0.0887944405887499,0.0,0.0,0.0,0.0,
MHU,,,,,,,,,,,,,,,,,,0.0,,,,,,
MHW,,,,,,,,,,,,,,,,,,,,,,,,
MIA,0.978109954940875,0.9568051034485393,0.9619565664576306,0.9817804985404329,,,0.8077362752902962,,0.9335167884819298,0.9024040365515226,0.9188420478207248,1.0,,,1.0,,0.0,0.0,0.0,0.04917605392047235,0.06177256636780223,0.0,0.17256808418774175,
MIB,,,,,,,,,,,,,,,,,,,,,,,,
MID,,0.945486970051649,,0.9258752715189859,,,0.8795535904746596,,,0.9761210597793283,,0.9740036680037939,,,0.9676351832479412,,0.029116399912725324,0.0,0.010874283059685687,0.07488341847611002,0.12381638263583279,0.0,0.0,
MIE,0.982128820621802,,,,,,,,,,,,,,,,,,,,,,,
MIG,,,,,,,0.9514106382975278,,,,,,,,0.9893971376914031,,,,0.10499379982885085,0.20605460216167834,0.28853154523679875,0.2194150847320402,0.0,
MII,0.9526187487790216,,,,,0.9752606351484531,0.9412276499643702,,0.9861539242009912,,,,,0.9644319138200242,0.9579746726939362,,0.2667527998387144,0.035264367004237906,0.0,0.2716027315180587,0.0,0.0,0.0,
MIJ,,,,,,,,,,,,,,,,,,,,,,,,
MIK,,,,,,,,,,,,,,,,,0.015999975321376644,,,,,,,
MIM,,,0.9765286833388697,,,,0.9576676201985336,,,,0.9895233287634457,,,,0.992307736234616,,0.0,0.0,0.0,0.0015397373222951504,0.0,0.0,0.01209710211071333,
MIQ,,,,,,,,,,,,,,,,,,,,,,,,
MIR,,0.9729982030090956,,,0.9696332880278951,,0.7887108938210974,,,0.9867630671180938,,,0.9119155276458436,,0.9046808598431715,,0.027129681207500943,0.03958522530753153,0.05884044709023003,0.012229252971792427,0.0,0.0,0.0,
MIS,,,0.9490669095466154,,0.9624002245054443,0.9797891169627958,0.9659475824051895,,,,0.9396701436024623,,0.986361987340351,0.9820996954445035,0.9858377206417651,,0.07921271204684821,0.0,0.0,0.0,0.0,0.0,0.0,
MIU,0.9758279605456553,,,0.9197901842659992,,,,,0.9866887564319164,,,0.942671391173469,,,,,0.019363947081051876,0.058814838922530414,,0.0,0.06934625231497524,0.0705410674940058,0.015562057757436876,
MIX,,,,,,,,,,,,,,,,,,,,,,,,
MJC,,,,,,,0.968144459318256,,,,,,,,0.9791596368434633,,,0.0,,,,,0.0,
MJD,,0.9711066552992498,,0.9779716125901482,,0.9770000444579195,,,,0.9827304676151867,,0.9883497379555494,,0.9750360001254866,,,0.0,0.0,0.0,0.0,0.0008352881105900468,,,
MJF,,0.8514968273493525,0.9594292579594776,,,,0.9604722750713461,0.9145824834137899,,0.9046389941230136,0.9733921730778827,,,,0.9617651312205514,,0.0,0.0,0.0,0.13448576875507273,0.16590793385460173,0.0,0.0,
MJI,,,,,,0.8435563927529681,0.949303933882229,,,,,,,1.0,0.9949340320033908,,,,,0.0,,0.06338701441700914,0.0839694030422677,
MJK,,0.9709767875138874,,,0.9808889055146682,,0.9809715032639292,,,0.9997282564676997,,,0.9864779020022402,,1.0,,0.02582874739320417,0.0,0.0,,0.0,,0.022543088366104483,
MJL,,,,,,,,,,,,,,,,,0.013422289548010738,0.0,0.0,,,,,
MJM,,,0.9490948994591035,0.9853397855333639,,,0.833728204844342,,,,0.94600739018261,1.0,,,0.8527601813233137,,0.010980291717209264,0.0,0.0,0.00030278575341548324,0.04506333129400395,0.002949973248011863,0.0,
MJN,,,0.9671845085399265,,0.980596079865692,0.9862501744377957,0.9524352168622365,,,,0.9965286843037584,,0.980492559937873,0.9938832100929388,0.9625946770310287,,0.0,0.0,0.0,0.0,0.0,0.0,0.0,
MJO,,,,,,,,,,,,,,,,,,,,,,,,
MJR,,,,,,,,,,,,,,,,,,,,,,,,
MJT,0.9686185586824699,,,0.9639256829527304,,,0.9360064249837543,,1.0,,,0.9832625464335316,,,0.9679360645037619,,0.1593230566640925,0.12015615818010549,0.0020221118224557255,0.012702575168507119,0.05041174113147019,0.0,0.0,
MJU,,,,,,,0.8760710128995215,,,,,,,,0.9669046419626798,,,,,,,0.052054565638715126,0.054031193931640215,
MJV,,0.9823465758413029,,0.9520956707825291,,,,,,1.0,,0.9527658657629334,,,,,0.14634701308763942,0.1270975032398668,0.15611667301811114,0.0,0.0,,,
MJY,,,,,,,,,,,,,,,,,,,,,,,,
MJZ,0.8946051384219498,,,,0.8400049096313174,,0.983630066712541,0.904849631304214,0.9509317074180922,,,,0.9320490115192761,,0.9532259537246883,,0.035294089854176446,0.10953422452932665,0.05576271156357366,0.1373590400808782,0.15695881747787002,0.02746261414996079,0.0,
MKC,,,,,,,0.8977462250597849,0.9792986634570446,,,,,,,0.9977619542925475,,,,,,0.11135153243836722,0.0,0.08149612466012783,
MKE,0.9884518373489318,0.8874662527530925,,0.9389924147122082,,,0.845331442943557,,0.9905473716458864,0.9731903735234904,,0.9879494491921332,,,0.922606638870646,,0.0,0.007187871967124355,0.08413992940537883,0.0,0.0,0.0,0.0,
MKG,,0.9877701723127434,0.9358179584679235,,,,0.9616268036722408,,,0.9608356360024616,0.9803449827760187,,,,0.9683233940939304,,0.0,0.0,0.0,0.0555374303855164,0.017706142495296114,0.0,0.0,
MKJ,,,,,,,,,,,,,,,,,,,,,,,,
MKK,0.9798817130731262,,0.9679659547048761,,,,0.9507784983589896,,0.9735565598320309,,0.9725290382390542,,,,0.967964203998884,,0.0,0.0009909482783967563,0.0,0.0,0.008791880609825,0.0,0.0,
MKL,0.9859057253040643,0.9568186900893607,,0.9818989479805674,,,0.9711851287736407,,0.9858626573556172,0.9434420968073106,,0.9916695426923744,,,,,0.0,0.0,0.02475492548695787,0.08644726030200664,,0.08639985432469728,,
MKM,,,,0.9867641963645639,,0.9869502034182761,0.9724760654507392,,,,,0.9964377512435478,,0.9938344443430169,0.9915518138131261,,0.0,0.015279035732562068,0.013533941691570205,0.0023262352775657523,0.033182494709696524,0.0,0.0,
MKN,,,,,,,,,,,,,,,,,,,,,,,,
MKP,,,,,0.9881623402665138,0.9886114607065484,0.9498985505998891,0.9629047286514195,,,,,1.0,0.9961591893967192,0.9428240643914145,,0.005893193320450581,0.032144830480492506,0.07063740236626694,0.04905782672851514,0.038163651910296595,0.0,0.0,
MKQ,,,,,,,0.9591651205704348,,,,,,,,0.9821047745412403,,0.2584501982422315,0.05367822626569132,0.04088289640480095,0.09016576245472646,0.09237870033132686,0.010246998095833555,0.0,
MKR,0.9840363210854296,0.9791618751797522,,,,,0.9836874877286818,,0.978164578090692,0.9998889877117763,,,,,0.999663729103011,,0.0,0.0,0.0,,0.01694427514680199,,0.022570216679976194,
MKS,,,,,,,,,,,,,,,,,,,,,,,,
MKT,,,,,,,,,,,,,,,,,,,,,,,,
MKU,,,,,,,,,,,,,,,,,0.013543746020477624,0.0,,,,,,
MKV,,,,,,,,,,,,,,,,,,,,,,,,
MKW,,,,0.8580855888502646,,0.9328218328517145,0.9571138112446409,,,,,0.9981768979176816,,0.9999997914949851,1.0,,0.13392256270554817,,,0.0,0.2708364623551419,0.04664109061918354,0.01509658985630601,
MKX,,,,,0.7733987488698201,,,,,,,,,,,,,,,,,,,
MKY,,0.9767002051128088,0.9286845979723227,,,,0.9280193139720138,,,0.9965017654613236,0.9968548584530057,,,,0.9961255975229649,,0.0,0.09602312571164137,0.045283279986416715,0.026212688362165466,0.0,0.0,0.011985349524646721,
MKZ,0.7605835851928823,,,,,,0.8562240085901811,,0.7539183312649751,,,,,,0.9340492468359892,,0.0,,,,,0.1333599311777662,0.053381566862319076,
MLA,0.988706192034011,0.9345914771831405,,0.9746523756414165,,,0.880947736799511,,0.9803017180193296,0.9707727190429569,,1.0,,,0.9208445903704429,,0.0,0.0,0.05044709788600363,0.09851865699751385,0.14792957255311373,0.09134689471680744,0.0,
MLB,0.9869621345707577,,0.8913558915238746,0.9691216230917233,0.9132049431901118,,0.9475440661932764,,0.9394879865906304,,0.9685652134404029,0.9227449091574229,0.8858939581081485,,1.0,,0.0,0.11989242429136292,0.05394654061808804,0.0,0.0,0.0,0.1433189419060677,
MLD,,,,,,,,,,,,,,,,,,,,,,,,
MLE,0.9605940165623091,0.9865859181858001,,0.9717463339180114,,,0.8916746315451495,,1.0,1.0,,1.0,,,0.9884610965394323,,0.045051458085125555,0.11991039417066536,0.10306542977341533,0.1353218615667109,0.23702211384770402,0.03835012787677864,0.043980060205872015,
MLG,,,,,,,0.9170396322625347,,,,,,,,0.9494078340246306,,,,,0.07471616373975322,0.07851347830597925,0.01808353885859468,0.0,
MLH,0.9893202910417891,,,0.9856011658575604,,0.9894716607696752,0.9032988034626861,,1.0,,,1.0,,0.9466813067535628,0.9434153300652766,,0.03125664690831835,0.0,0.0,0.034450186770970725,0.014965704706823377,0.0,0.005660945159821272,
MLI,,0.9314380396976497,0.8760148499752481,0.921447387482827,,0.8586808463542148,0.8011356498092226,,,0.9415568687943416,0.9992211587055551,1.0,,0.7617786791767566,0.8075794113964484,,0.0,0.052260419651912776,0.0,0.007376826980371177,0.0,0.0,0.0,
MLL,,0.9897366094857105,,0.9851788710053907,,,,0.9851611059760818,,0.9949384758836993,,0.9924118620735123,,,,,0.0,0.0,0.0,0.01509393723385578,0.027209535518825375,0.0,0.0,
MLM,,0.9830764434817678,,0.9162418247476558,,,0.9142670213119128,,,0.999595776484462,,0.9504051637183029,,,0.9243244678801849,,0.07378960053174081,0.043151534070162964,0.005117814397597078,0.16234714147846652,0.1584392526036715,0.0,0.0,
MLN,,,,,,,0.9577572885760648,,,,,,,,0.9748309254559129,,0.009308901731192882,,0.04123710814696475,0.14488326667217588,0.11816515856113484,0.0,0.0,
MLO,0.989028842919994,,,,,,0.9669800676217455,,0.9853727585662685,,,,,,0.9975116891905487,,0.0,0.03169242808685882,0.04155241437354684,0.0,0.00430567339708264,0.0026008092802095885,0.006374003785751042,
MLQ,,,,,,,,,,,,,,,,,,,,,,,,
MLS,,0.9849860192680819,,,,,,,,0.9966337922092645,,,,,,,0.0,0.0,0.16795944837594107,,,,,
MLU,,0.8543782446529995,0.9516208886730061,0.7985284826924615,,0.8409744014577805,0.9608740463528836,,,0.8426370864384218,0.971129829292785,0.8717472500177429,,0.7803139117254014,0.9844848809361321,,0.0,0.06256358958756257,0.028771348344981636,0.0,0.029257079436140233,0.0,0.005089080675482222,
MLW,,,,0.9523222324369874,,0.9725439331854339,,,,,,1.0,,0.9367883972992284,,,0.021029195737261048,0.054044262668347345,0.10395981704248569,0.021867444979725877,,,,
MLX,,0.9834881289298921,,,,,,,,0.9941258596324689,,,,,,,0.11199971762007645,0.03134470287983781,0.1718253764913666,0.10673845921015862,0.03610055704941062,0.04331084853081848,0.04160300207729219,
MMB,,0.9871655357569477,,,,,0.9694008841685067,,,0.9937207941247285,,,,,0.9994899046616625,,0.0077444580082382435,0.0,0.034225333544903674,0.008325150894355567,0.028363552443854696,0.0,0.0,
MMD,,,,,,,0.9532093644833303,,,,,,,,,,,,,,,,,
MME,,0.9531517705625244,,0.9488956941911815,0.9684561235870671,0.9709811400513557,,0.9361140206859111,,0.9914662124110528,,0.908114638594304,0.9339607294780303,0.9927954885110606,,,0.023849727240652586,0.05047263494308122,0.09261169116418437,0.0,0.0,0.04093293843390982,0.009647188963291977,
MMG,,0.9708842950186435,,,,,0.9836940706472463,,,0.9991033616012814,,,,,1.0,,0.010735719574910254,0.0,0.0,,0.023202805206660758,,0.02318075505077171,
MMH,,,,,,,0.7752765108980755,0.8684530296658539,,,,,,,0.7627385654626705,,,,,,0.048852320857671556,0.0,0.0,
MMJ,,,0.9685064723569696,,,,0.961729323561901,,,,0.9367280399419268,,,,0.9702683567292422,,0.0,0.0,0.0,0.07542172807672087,0.14098406377938397,0.04101366953782712,0.0,
MMK,0.9563886051589594,,,0.953031089604441,,,,0.869433256788905,0.9570361281143622,,,0.967976936843334,,,,,0.0,0.0,0.0,0.0,0.021766744365867705,0.07545282229616117,0.0,
MMM,,,,,,,,,,,,,,,,,,,,,,,,
MMO,,,,,,,,0.9477009560998753,,,,,,,,,0.0,0.20923123412563957,0.20225201789832425,0.040409993903046386,0.03401239140372678,0.0,0.005543620085387436,
MMP,,,,,,,,,,,,,,,,,,,,,,,,
MMU,,,,,,,,,,,,,,,,,,,,,,,0.18116729146495714,
MMV,,,,,,,,,,,,,,,,,,,,,,,,
MMX,,0.9702071557842613,0.880053316925365,0.9171616309464101,,,0.943557839059108,0.9794832251944968,,0.8890178805364674,0.9407597753218356,0.978503588622395,,,0.9753019948305794,,0.0,0.0,0.0,0.1446682021735396,0.28942337734473833,0.0,0.0,
MMY,,,0.9378459434196862,,,,0.9489003712224852,,,,0.9419381860061498,,,,0.9944247405730726,,0.0162042623690871,0.0,0.0,0.053606912400632235,0.08010332135692808,0.0,0.010679800377325068,
MNA,,,,,,,0.9674983819976114,,,,,,,,0.9786337658332961,,,,,,,0.04975334573167724,0.0,
MNB,0.9843314584270973,,,,,,0.9819070994309986,,0.9877143456256543,,,,,,,,0.0,,,,,,,
MNC,,,,,,,0.9461842148558142,,,,,,,,0.9616809417995178,,,,,,,0.06417577867153208,0.0,
MNF,,0.9430394119236041,,0.9863657355994555,,,,,,0.9413064152243317,,0.9807472102547745,,,,,0.0,0.0,0.014862569692634848,,,,,
MNG,0.9819865307255146,,,0.978969818370744,,,,0.8792454271457052,0.9574690069313226,,,0.986953408642571,,,,,0.0,0.02931707250269286,0.0026696051244937086,0.011063094621868993,0.05824386941596711,0.06129042200455225,0.0,
MNI,0.9544023827277303,,,,,,,0.9531639201394303,,,,,,,,,,,,0.0073184677459683595,0.0,0.0,0.0,
MNK,,,,,,,,,,,,,,,,,,,,,,,,
MNL,0.9857267584483838,0.9784064449330708,0.9637649687393088,,,,0.8212401353115204,,0.9961423274380812,0.9670926321647215,0.9901002042859224,,,,0.9817076031763564,,0.0022039578470151753,0.009362826943675068,0.06677720875040909,0.15375491519197512,0.10106504254797531,0.0,0.0938717272436612,
MNM,,,,,,,,,,,,,,,,,,,,,,,,
MNR,,0.9755788852699516,,,,,,,,,,,,,,,,,,,,,,
MNS,,0.9749955221283217,,,,,0.9847555356233914,,,,,,,,0.9949676723030958,,,,,,,,0.010035189271638566,
MNU,0.9597422582938913,,,,,,,,0.9497590702668157,,,,,,,,0.0,0.013173675153745837,0.0,0.033700047559881145,0.08040249459010132,0.29705953094547655,0.0,
MNX,,,,,,,,,,,,,,,,,,,,,,,,
MNY,,,,,,,,,,,,,,,,,,,,,,,,
MOA,,,,,,0.9803582751383834,,,,,,,,1.0,,,0.003841842814998251,0.0,0.0,0.012285899694848201,0.059753674954478746,,,
MOB,0.9350191601436575,0.8977297143794495,,0.8890925813879598,0.7659482984150581,,0.8291146379384391,,0.9910528201886465,0.9892646540875132,,0.7902762831682396,0.931574785907507,,0.8483653112060532,,0.0,0.17389783571764417,0.1626932386186945,0.0,0.0,0.0,0.0,
MOC,,0.8720114263093188,,0.8087538849497997,,,0.9558728367713131,,,1.0,,0.9818714380026372,,,0.998438960070019,,0.0,0.053871367128580636,0.011259011125959225,0.03697958083343625,0.4050480812033472,0.02271861894933609,0.017292842901842933,
MOD,,,0.9863347233328101,0.9539379391028223,,,,,,,0.999544269898302,0.9910496021154969,,,,,0.00562304441242353,0.05679773251389934,0.05330927524937815,0.0,,,,
MOF,0.9691832752953976,,,,,0.9727564419243779,0.9075991478647134,0.931854862710961,0.9502252510162684,,,,,0.9954648137486211,0.9055583902745307,,0.0,,0.0,0.05320383259160941,0.06130154273962541,0.04815111474002925,0.0,
MOG,0.9521930797151273,,,,,,,0.8688794890037684,0.9483228284263536,,,,,,,,,0.0,0.0,0.02879239029077717,0.06459156650818637,,0.0,
MOH,,,,,,,,0.9126314381415814,,,,,,,,,,,,,,,0.03631819474408708,
MOK,,,,,,,,,,,,,,,,,,,,,,,,
MOL,0.9799239060044551,0.9713800677247508,,,,0.9583467495180992,0.9379038641925366,,0.9951278925061955,0.9962986710774973,,,,0.9503946587038606,0.9810393633573617,,0.0,0.010238190963998677,0.03427111024901363,0.0886903800950745,0.052191511463464194,0.0,0.0,
MON,0.9196742403719238,0.9737175530039608,,,,,,,0.8701024695482747,,,,,,,,,,,,,,,
MOO,,,,,,,0.9671635290568186,,,,,,,,0.9705821294807017,,,,,,,,0.0,
MOQ,,0.963478665863732,0.9790607728773592,,0.9853789186348902,0.989168411998792,0.9555954952753708,,,0.9613404998476597,0.9992611688397257,,1.0,0.9940127077486812,0.9652829766061876,,0.0,0.0,0.025709843166792676,0.008873161226123354,0.018386284849922586,0.0,0.0,
MOR,,,,,,,,,,,,,,,,,,,,,,,,
MOT,0.9563088477771381,0.9301180962044088,,,,,0.9081780381607566,,0.9599907554056575,0.9570630917617565,,,,,0.9665891310008301,,0.0,0.0,0.0,0.09259057796677247,0.0,0.0,0.0,
MOU,0.961641273118909,,,0.9494841549953642,,,,,0.9517760590945054,,,0.9561367483759683,,,,,0.0,0.03532572675793644,0.027467349098161776,0.0,0.016971757891822873,0.0,0.0,
MOV,,,,,,,0.964430535192516,,,,,,,,0.9826783033683963,,,,,0.07887029604036645,0.0742842240499162,0.0,0.0030705305714014883,
MOZ,,,,,,,0.9719413997356071,,,,,,,,0.978454177728305,,0.015708572528704626,0.0,0.004253535098757451,0.0,0.016568041060302317,0.0,0.0,
MPA,,,,,,,0.6844924707393192,,,,,,,,0.8464976807839616,,,,,,,,0.14768135190305268,
MPC,,,,,,,,,,,,,,,,,,,,,,,,
MPD,,,,,,,,,,,,,,,,,,,,,,,,
MPH,0.9897461065012375,,,,,,0.9304514707269314,,0.9890488206149306,,,,,,1.0,,0.02715530239658776,0.0610001604995441,0.039631227964488674,0.06242766531885261,0.03477651090897668,0.0,0.16302938460128516,
MPI,,,,,,,,,,,,,,,,,,,,,,,,
MPK,,0.887448143069014,0.983474103095904,,,,,,,0.8244211562632858,0.8880945575629391,,,,,,0.0,0.0,,,,,,
MPL,0.9775005086797369,,,,,,0.9804147063720939,,0.9833378000312781,,,,,,1.0,,0.025505772985557784,0.0,0.0,0.12533294163029143,0.060769900988670356,0.04268913368489747,0.0409044248910673,
MPM,,0.9317406436678466,,,,,0.9853307030697921,,,0.9558872365627533,,,,,0.996880677658384,,0.0,0.005299035709576002,0.08112609693007544,0.08254375934162346,0.11238123837708225,0.05973675252058499,0.05020710848868959,
MPN,,,,,,,0.9893267354854899,,,,,,,,0.9520994571441489,,0.0022706554121528864,0.012891841120631187,0.006935126965840816,0.0,0.0,0.06851280582790771,0.0,
MPP,,,,,,,,,,,,,,,,,,,,,,,,
MPW,0.9798386810795567,0.9232044975004019,,,,,,,0.9777078121399384,1.0,,,,,,,0.023839857304615096,0.10339070195855844,,,,,,
MPY,,0.9844942459621897,,,,,,,,,,,,,,,,,,,,,,
MQF,0.7925517139095409,,,0.9359543019398917,,,,0.9066188766378456,0.9991849076367567,,,0.9684263659705098,,,,,0.12270806906570925,0.2509420581407083,,0.053038061875696554,0.04369991584733887,0.04781610536025935,0.0,
MQJ,,,,,,,0.949249065526566,0.9547213720531128,,,,,,,0.9292718344947096,,,,,,,0.0,0.0,
MQL,0.9894479053344117,0.9676259958266319,,0.9502953974516178,,,0.9710992123254618,,1.0,0.9991307692796842,,0.9732253344460449,,,1.0,,0.03736402774138795,0.009482662483148718,0.010998197714913945,0.009731608259036429,0.06466211544212966,0.0,0.03699144282648197,
MQM,,0.9826168450801478,,,,,0.9728656281641379,,,0.9999464962494363,,,,,1.0,,,0.1516183601953067,0.17113222981811718,0.0900917608128844,0.12539566260096757,0.032790208431391264,0.009896045228258427,
MQN,,0.856747750481717,0.969838722938024,,,,0.9703096404498751,0.900549695889009,,0.9077315849341949,0.9808109135125874,,,,0.9319162258890127,,0.0,0.0,0.0,0.1386781058702817,0.15255379847734563,0.0,0.0,
MQP,,,,0.9694995248702484,,,0.8969850253469023,,,,,0.9816809375798761,,,1.0,,,,0.08534555355576721,0.0,0.030233467103358117,0.0,0.0143344452233676,
MQQ,,,,,,,,,,,,,,,,,,,,,,,,
MQS,,,,,,,,,,,,,,,,,,,,,,,,
MQT,,,,0.967864763537684,0.9636230810496256,,0.9732980967656338,,,,,0.9654444628543712,0.9458387064159145,,0.9741316603185664,,0.0,0.0967339102825185,2.8564556738895423e-05,0.0,0.0,0.0,0.0,
MQX,,,,,,,0.9524204617522157,,,,,,,,1.0,,0.0349676923012272,0.033367768481319046,0.01924555055917921,0.05809690359742061,0.06000775860602704,0.0314416048111833,0.011690298826343074,
MQY,,,,,,,,,,,,,,,,,,,,,,,,
MRA,,,,,,0.980796935744045,0.9536872899354272,,,,,,,0.9782315242877551,1.0,,0.003855849739801197,0.0,0.0,0.3833909237360611,0.23223838805318583,0.0,0.02228721911838433,
MRB,,,,,,,,,,,,,,,,,,,,,,,,
MRD,,0.9759461903152588,,0.9292279408936867,,,,,,0.9801444223383159,,0.9253234319627766,,,,,0.04141752810585349,0.0,0.0,0.0,,,,
MRE,,,0.8093236915292618,,0.7583308794078298,0.9565122896753654,0.8506650047361336,0.9360475668517891,,,0.8439835879984744,,0.7860178038508212,1.0,0.9310433697659927,,0.045763697519688847,0.13066500080904192,0.09039134273947931,0.0,0.0,0.24217247564785765,0.0,
MRG,,,,,,,,,,,,,,,,,,,,,,,,
MRI,,,,,,,,,,,,,,,,,,,,,,,,
MRM,,,,,,,,,,,,,,,,,,,,,,,,
MRO,,,,,,,,,,,,,,,,,,,,,,,,
MRQ,,,,,,,,,,,,,,,,,,,,,,0.0,,
MRS,0.9736521986878233,0.9515968141299205,0.9778939783729301,,,0.9528113189716991,0.8734848912885964,,0.9840482244708113,0.9712462359570061,1.0,,,0.9611718955385762,0.9857978779321496,,0.0,0.07981876303125617,0.14236937953634946,0.14237311688099094,0.058016714087194485,0.0,0.05913323112070071,
MRU,,,0.9796822399958156,,,,0.801450501686161,,,,1.0,,,,0.8881084827242958,,0.025739255899022553,0.02430720108360186,0.07213321298656339,0.012988929084060751,0.08180924398948043,0.0,0.0,
MRV,0.9652776498742525,0.896872500787204,,0.8941695142307349,,0.9708509831733827,0.9691199965274184,,1.0,0.9418355350889801,,0.9859193459812299,,0.9686146496730808,1.0,,0.04834268165047166,0.0,0.08269911127002644,0.13847328526735272,0.19810041854417404,0.0,0.14387614400881646,
MRX,,,,0.8506540499487664,,,0.9885058637079638,,,,,0.9382497299869117,,,,,,,,0.0,0.12179572770644384,0.006315250240121814,,
MRY,0.960257987651431,0.8976688950922751,,0.9441530897879133,,0.9331555555140627,0.9608961523634993,,0.9541632851108943,0.932746380284306,,0.9961536641841613,,0.8717620519031298,0.9907597866412832,,0.0,0.0,0.07347313430069928,0.02944616518370572,0.07474475680821006,0.0,0.0017340111632238068,
MRZ,,0.9459276070218916,,,,,0.9531264678322787,,,0.9409111048897382,,,,,0.9891492144466931,,0.0,0.0,0.005081597260324225,0.0065088920632874825,0.01834440345373438,0.0,0.011460381151511982,
MSA,,,,,,,0.9831258902392368,0.8518236569294171,,,,,,,0.9723624354398868,,,,,,,0.0,0.0,
MSE,,,,,,0.9837081749689265,,,,,,,,,,,,,,,,,,
MSH,0.9789981346018973,,,,,,,,0.9824021603273839,,,,,,,,,,,,,,,
MSJ,0.9062781510291693,,0.9453989921486824,,,,,,0.9084812184771857,,0.9397990706625451,,,,,,0.0,0.0,0.0,0.11998483291229717,0.16889643823100733,0.01661715126086709,0.020766648178854232,
MSL,0.9807131741803534,0.978983841033714,0.9878635683075923,,,0.8884991285125388,0.9777864165638019,,0.9841884068494949,0.9743406796155334,0.9950744281407539,,,0.950454113128656,,,0.0,0.0,0.0,0.12494095795396476,,0.0,,
MSN,0.9876762806189929,0.9600524289463717,,,,0.9169263695221744,0.7666120178939579,,0.9999706880854086,0.9995599543082654,,,,0.8439512229525372,0.845565813034531,,0.06332715654997463,0.009204451125079798,0.019690261117544176,0.0,0.0,0.0,0.0,
MSO,0.9849368111003158,0.9576572201388125,,0.9543427619729941,0.9207582510866202,,0.9210852781239519,,0.999917858555552,0.9832112538600768,,0.9371260859724331,0.9650515396322168,,0.9675196698496998,,0.057929513061038905,0.07784674628114416,0.04013807831607805,0.0,0.0,0.0,0.05133011354843516,
MSP,,,,,,0.9685819748020347,0.7644447692325138,,,,,,,0.9169166077710008,0.9461854151241255,,0.03967859476067007,0.0,0.0,0.07487072684408896,0.020628786375754264,0.0,0.0,
MSQ,,0.976607488176622,,,,,0.9779114892061487,0.8290444047841113,,1.0,,,,,0.8439452538823138,,0.0013622445259028838,0.0480220082975703,0.05117741996969732,0.09640301061640676,0.1685745565438998,0.09514669634185181,0.0,
MSR,,0.9710953283636933,,,,,0.9824837442362659,,,0.9846258655812119,,,,,1.0,,0.0,0.1268907593777286,0.16770976743197577,0.09152549182680797,0.0946216619219866,0.03689214698075775,0.028664262725477133,
MSS,,,,0.8475985393245153,,,0.9649742854094459,,,,,0.9112761784925588,,,0.9803555305121235,,0.0,0.09041355396993778,0.07766664855869612,0.0,0.17106446041767331,0.12109517539082768,0.0,
MST,,0.9690983133973935,,0.9347555284796615,,0.8574669766111217,0.8897239491964628,0.8740004145184823,,0.9853896097541475,,0.9689538329991481,,0.9633742147131249,0.9417248140886668,,0.03782055915613753,0.0,0.03402728024292139,0.028826493832637544,0.15760055126430855,0.0,0.0,
MSU,,,,,,,0.9410096256360498,,,,,,,,0.9705109366269429,,0.0021313347177636475,0.020300122319582614,0.030923093814510236,0.026908536017584167,0.034959314316789315,0.0,0.0,
MSW,,,,0.8972075407966118,,0.9807017551004686,,,,,,0.9140301784494023,,1.0,,,,,,0.0,,,,
MSY,0.962176342242576,0.9791082253776464,,,,0.9870442050007164,0.8101111661645333,,0.9694297588525482,0.9638368714728744,,,,0.8998802118122127,0.9974400319388449,,0.0,0.0,0.0,0.1263074853147896,0.0943916441206108,0.0,0.0,
MSZ,,,0.98892855918016,,,,0.974698879806345,,,,0.9913700835346786,,,,0.9982727516940512,,0.004319958572583395,,0.04922873508514022,,0.026500355687042572,0.0,0.011800794756657716,
MTB,,,,,,,,,,,,,,,,,,,,,,,,
MTC,,,,,,,,,,,,,,,,,,,,,,,,
MTE,,,,,,,,,,,,,,,,,,,,,,,,
MTH,,,,,,,,,,,,,,,,,,,,,,,,
MTJ,0.9834592289117428,,0.9707206674993937,0.9388682874550554,,0.9761825190621666,0.9183120801430152,,0.9938509300585658,,1.0,1.0,,0.9027440370926401,1.0,,0.0,0.12142773437113549,0.00814929312496982,0.17707630901869606,0.1815586700824421,0.0,0.0211445837374585,
MTK,,,,,,,,,,,,,,,,,,,,,,,,
MTN,,,,,,,,,,,,,,,,,,,,,,,,
MTO,0.9703524421980273,0.9860111397346136,,,,,,,0.9624562970869112,,,,,,,,,,,,,,,
MTP,,,,,,,,,,,,,,,,,,,,,,,,
MTR,,0.9891876895739351,,,,,0.9600099907474698,,,0.9964755393923067,,,,,1.0,,0.00849609632517784,0.0,0.00354594253799567,0.051579491056173266,0.07618661124155582,0.027742788099094237,0.02383620503810466,
MTS,0.9770061744693767,,,,,,,,0.9685898697675778,,,,,,,,0.0,0.01330716421492452,0.026537284307775185,0.0,,,,
MTT,,,,,0.974342194242466,0.9870014589467443,0.9564519300243465,,,,,,1.0,0.983178981651239,0.9720278407792577,,0.0047122292051327355,0.0,0.0,0.06381342919527572,0.024952774281236708,0.0,0.0,
MTV,0.9255629694936424,,,,,,,,0.9252497643600338,,,,,,,,0.0,0.13780724659258875,0.13422068662478606,0.08309172604639274,,,,
MTW,,,,,,,,,,,,,,,,,,,,,,,,
MTY,,,,0.8713570524570573,,,0.7685931765966875,,,,,0.9374047435107522,,,0.9071883381545238,,0.14296559158604852,0.042770286550982035,0.0,0.08190181227295157,0.12518382222374544,0.0,0.03225703696931179,
MTZ,,,,,,,,,,,,,,,,,,,,,,,,
MUA,0.974784101821659,0.9540982056572089,,0.9437694679099806,,,0.8203918751181078,,0.9861059696402928,0.974848931625566,,0.9570177215524659,,,0.9092723019931839,,0.0,0.0,0.04446653995083107,0.0,0.059448005558016756,0.2709032424805108,0.0,
MUB,,,0.9670008879058807,0.9801226404085209,,,0.9513332916522501,,,,0.9837798015887602,0.9922446275641268,,,0.9846118926140704,,0.0,0.018179156816903606,0.0,0.017011880141139264,0.02961391246165816,0.08174867121337291,0.07999562806923742,
MUC,0.9509763088544652,,,0.962329345326701,,,0.7395336835276334,,0.9717093665199755,,,0.9950834615582064,,,0.8835760939972671,,0.015780707257617536,0.13430044929953927,0.053042380006707635,0.005223123719050184,0.05865727066578178,0.0,0.0,
MUE,,,,,0.9035501685613387,,0.9888873861830724,,,,,,1.0,,0.9929044596253858,,0.010564510239550289,0.021026019690853753,0.005255354024233746,,0.009133829493139498,,0.012698073709151804,
MUH,,,,,,,0.8559826958798306,,,,,,,,1.0,,0.01503261581879859,,0.07976947412649012,,0.08303402325772756,,0.08856909076155967,
MUN,,,0.9793368188136269,0.9795886461939117,,,0.9783325107816445,,,,0.9968837863747871,0.9829372769959784,,,0.9990308123344518,,0.0,0.02133600230230958,0.0,0.0,0.012622731162026193,0.0,0.06894381445921423,
MUR,,,,,,,0.9799382831214808,,,,,,,,0.9885831377772621,,0.0,0.0459600021068119,0.054945287097147036,0.021881472467226135,0.01855031480457114,0.0,0.0,
MUU,,,,,,,,,,,,,,,,,,,,,,,,
MUW,,,,,,,,,,,,,,,,,,,,,,0.0,,
MUX,,0.936710008914148,,,,,,0.9836534076899134,,0.9709479772487417,,,,,,,0.0,0.02111852888775933,0.09401641643811591,0.06258593317472963,0.11414940144281172,0.08657992267206423,0.012185805418366459,
MUZ,,,,,,,0.9561849708874196,0.9322336301031027,,,,,,,0.8913877864604088,,,,0.0447708855285124,,0.12041763160805445,,,
MVB,,0.9883475274500552,,,0.9663232487081159,,,0.8808005082217487,,0.9919827986883173,,,0.9721884722959118,,,,0.02081224643050662,0.0,0.0,0.0235422614004186,0.0,,0.06766375865631975,
MVD,,0.9423519267481884,,0.9690003303668683,0.9883952089412283,,0.9205252284702707,,,0.9417066231109527,,0.9866435666768125,1.0,,0.9842454140382353,,0.0,0.0,0.0,0.07891728484413335,0.002313712403210469,0.0,0.046730723077337964,
MVF,,,,,,,0.9041367894131612,,,,,,,,0.9918299467324047,,,,,,,,0.014335965657385628,
MVN,0.9736720681722834,,,,,,,,0.9695553032715561,,,,,,,,,,,,,,,
MVP,,,,,,,,,,,,,,,,,0.0,,0.0,0.30840087226857893,0.3220185964232829,0.02971480773779576,0.009819618736852732,
MVQ,,,,,,,,,,,,,,,,,,,,,,,,
MVR,,,,,,,0.985743619397524,0.9828507133480268,,,,,,,0.9885781797809492,,0.00393292696269498,0.005472096903814443,0.010491803944353206,0.0,,0.0,0.0,
MVS,0.9326810854391465,,0.9768725945299349,0.8060687433906931,,,,,0.9701915448247367,,0.9751594025476178,,,,,,0.0,0.010259908720349825,0.0,,,,,
MVT,,,,,0.9782189548819533,,0.9671942720903025,,,,,,0.995369307603715,,0.9656919200249137,,0.0,0.01702451837171418,0.006133035073427713,0.0,0.02952812054629778,0.0,0.0,
MVW,,,,,,,,,,,,,,,,,,,,,,,,
MVY,,0.9431683238306189,0.9830510225035027,0.9671994391020291,,,,,,0.9256378808226537,0.9794279216922489,0.9939350806357053,,,,,0.0,0.0,0.0,0.05129225237164576,0.0729235145822812,0.0,0.020055791783395702,
MVZ,,,,,,,,,,,,,,,,,,,,,,,,
MWA,,0.9812874118681504,,0.9750416398314505,,0.8881974636441531,,,,0.9666137561171207,,0.98372209958147,,0.9033462430996622,,,0.0,0.0,0.0,0.0,0.03369327662609397,0.0,0.14651626406981297,
MWD,,,,,,,,,,,,,,,,,,,,,,,,
MWE,,,,,,,,0.7762288999823769,,,,,,,,,,,,,,,,
MWF,0.9260769939018041,0.9773228833282662,,0.9168386819284862,,,,,0.9233334370257731,0.9916393306578757,,0.9821446411568706,,,,,0.0,0.2211541984184065,0.14557985370870902,,,,,
MWH,,,,,,,,,,,,,,,,,0.0,,,,,,,
MWP,,,,,,,,,,,,,,,,,,,,,,,,
MWQ,,,,,,,,0.9594995079410715,,,,,,,,,,,0.0,,,,,
MWS,,,,,,,,,,,,,,,,,,,,,,,,
MWX,,,,,,0.9112376521605161,0.7646173172009112,0.9893108992043603,,,,,,0.9510332813979532,0.8224699214496197,,,,,0.12619353683192103,0.058447547813378325,0.0,0.0,
MWZ,,,,,,0.9674825036942472,,0.9334745140952891,,,,,,0.9847213683659016,,,0.07843943434587361,0.041646441636291824,0.024354485774392982,0.019500977743565497,0.03342159864147712,0.06934457509992294,0.022170145756075572,
MXF,,,,,,,,,,,,,,,,,,,,,,,,
MXH,,0.9318104000500356,,,0.9555758285776897,,0.9756243455033504,,,0.9936834377605375,,,0.9837314078051649,,0.9901917943250274,,0.06520973733595369,0.0,0.03738998434938921,7.745709781011911e-05,0.024959429028103393,0.0,0.0003986855895365758,
MXJ,,,,,,,,,,,,,,,,,,,,,,,,
MXK,,0.9461236600681132,,,,,,,,,,,,,,,,,,,,,,
MXL,,0.9145816875105786,0.9897700786578315,0.9735421565103337,,0.973336753064215,0.9812722231449368,,,0.9427872753700266,0.9928384392776308,0.9756031456668208,,0.982336047266631,1.0,,0.0028485685209271934,0.0,0.0,0.0037256789323406084,0.008348108377234043,0.0,0.05582515207763537,
MXN,,,,,,,,,,,,,,,,,,,,,,,,
MXP,0.9504910715328875,0.9705650711075795,,0.9098236692592401,,,0.7707404411418223,,1.0,1.0,,0.937310366611647,,,0.9511238832737573,,0.38489961883588475,0.11864039256632862,0.09401056750302716,0.0,0.04898374485644858,0.0,0.039393827293767975,
MXQ,,,,,,,,,,,,,,,,,,,,,,,,
MXS,0.9005475479578483,,0.9643877152487346,0.8078375029829761,,,,,0.998317171690148,,0.9905258022212907,0.8101146376351026,,,,,0.0,0.0,,,,,,
MXT,,0.9779981065739695,0.9780625751398062,,,,,,,0.9746356050496615,0.9990060424596147,,,,,,0.0,0.0,0.015899416118988482,,,,,
MXV,,,,0.9882925865318469,,,0.9472672908002002,,,,,0.9957199340604077,,,0.9871863200158058,,,0.009887583940720002,0.0,0.10186506396676136,0.08366132927705719,0.004873393699032725,0.0,
MXW,,,,,,,,,,,,,,,,,,0.0,,,,,,
MXZ,,,,,,,0.9409593990032038,0.8744562817911716,,,,,,,0.8772943350535066,,0.15829331309319786,0.031043554961333826,0.023521847910158968,0.08608769092523195,0.16455050915128439,0.2050604482225639,0.0,
MYA,,,0.9865222725098157,,,,0.9621577704760593,,,,0.9964272101042845,,,,0.9927905464206159,,0.0,0.0,0.004514279111892381,0.0,0.0,0.0,0.013642456801647915,
MYC,,,0.9227475575352917,,,,0.9546256128554761,0.9432148458025462,,,0.9375734443743209,,,,0.9004170502286392,,,,,,,,,
MYD,,,,,,0.9786607356179009,0.939942355495196,,,,,,,0.9994484736786687,0.9459900256713076,,0.009679698759921708,0.044038731938413844,0.04658802162820819,0.0,0.013987515174840972,0.027482077402727272,0.0,
MYE,,,,,,,,,,,,,,,,,,0.0,0.0,0.13008858223685352,,,,
MYF,,,,,,,,,,,,,,,,,,,,,,,,
MYG,,,,,0.9629710049285005,,0.9797030229227888,,,,,,0.9729392289554366,,0.9899670325331029,,0.0,0.018983698900332614,0.02717359928837152,0.0,0.0,0.028835386073240352,0.0,
MYI,,,0.9766656833445025,0.9623771866577204,,,0.9173937200342537,,,,0.9730318079101538,,,,0.9664643526648437,,,0.0,0.17665601898582595,,,,0.0,
MYJ,,,0.960535670313367,,0.9593730205926083,,0.8435793438279449,,,,0.9501961106019293,,0.9803288179252451,,0.8985911782499293,,0.035075101910455556,0.0,0.0,0.06976622352833137,0.044780626339560994,0.0,0.0,
MYP,,,,,,,0.9775203083651718,0.9281232515314162,,,,,,,0.9920558404954016,,,,,,,,0.0,
MYQ,,,,,,,,0.9399547132036434,,,,,,,,,,,,,,0.026887425528065743,0.0,
MYR,0.9719799181521325,0.924818785919418,,0.9541115445714347,0.9102160480225836,0.95935274387089,0.9424715666889016,,0.9764982846403282,0.9829155268204507,,0.9640330230324078,0.931950210257043,0.8843658223879076,1.0,,0.0,0.2054878673462119,0.24367055318017353,0.0,0.0,0.0,0.2168422132413172,
MYT,0.9613900618759439,,,,,,,0.9736947701242055,0.950138798478022,,,,,,,,0.0,0.006243177290558359,0.0,0.14623189635580525,0.12445675310636971,0.058061235912403864,0.0,
MYU,,,,0.9860196619704055,,,0.9564120232015325,,,,,0.9843231283539445,,,0.976653263824133,,0.005759252505610885,0.016682151934397326,0.01367048912310525,0.0,0.0,0.0,0.0,
MYW,,,,0.9696616648240294,,,,,,,,0.9896953313656782,,,,,0.022286076795428655,0.03698042222104397,0.0,0.0,0.05078985513830817,0.02913629498093222,0.012430898269607698,
MYX,0.8130121827544582,0.9468293383703753,,,,,,,0.8307401721619888,,,,,,,,,,,,,,,
MYY,,,0.9822056540060299,,,0.9833703901068567,0.9122410719358065,,,,0.9943761648085426,,,0.9589961408147167,0.9704671330327977,,0.00191784101528068,0.06968341363779354,0.05804157123061703,0.12759121647894464,0.037884012822762395,0.0,0.0,
MYZ,,,,,,,,,,,,,,,,,,,,,,,,
MZA,,,,,,,,,,,,,,,,,,,,,,,,
MZB,,,,,,,,,,,,,,,,,,,,,,,,
MZC,,,,,,,,,,,,,,,,,,,,,,,,
MZG,,0.9609383508123122,0.9609549194929891,0.8503368517482077,,,0.7866631269668818,,,0.9456649415739413,0.9393620571452225,0.875656506220962,,,0.8381956129567929,,0.02947519879766069,0.0,0.0,0.0,0.10761999106110359,0.052626977685860804,0.0,
MZH,,,,,,,0.9739792535595756,,,,,,,,0.9986054620502194,,,,,,0.10029030829267137,0.03037283685160831,0.0,
MZI,,0.968909869819847,,,,,,0.9798289970312332,,0.9840737089832731,,,,,,,,0.0,0.007704304297492977,,,,,
MZK,,,,,,,,,,,,,,,,,,,,,,,,
MZL,,0.9792656192746324,,,,,0.9828440717885027,,,0.9821776777578516,,,,,0.9873424406708023,,0.0,0.0,0.009483370376992407,0.06761262766246222,0.0783279690292397,0.0,0.0,
MZO,0.8663277687427182,,,0.9154117877812554,,,0.9144818018680663,,0.8764363913854349,,,0.9682154628353198,,,0.9532775997163263,,0.0,0.08211724482342406,0.0,0.11066372061892855,0.2541360338348163,0.0,0.0,
MZP,0.9740805751795247,,,,,,,,,,,,,,,,,,,,,,,
MZQ,,,,,,,,,,,,,,,,,,,,,,,,
MZR,,,,0.9839310654134108,0.9099355027178188,,0.9734121608522744,0.9504551893359229,,,,1.0,0.9704685914560509,,0.937715557129109,,,,,0.32142871282970586,0.03443069027018985,0.08756827228687009,0.0,
MZS,,,,,,,,,,,,,,,,,,,,,,,,
MZT,,0.9321875183025063,,0.9364115652374102,0.9885059342169372,0.973113918261092,0.9810762907231159,,,0.9957056105730803,,0.9243235556731205,0.949279765411445,0.9879670512935377,1.0,,0.04848842175607493,0.040769323841577006,0.12958878733876825,0.0,0.0,0.0,0.0009609617637710879,
MZV,,,,,,0.9545541600713522,0.9268565292581985,,,,,,,0.9530422244194561,0.9782901539084466,,0.1087981402395397,0.12440972688156188,0.02697282012813373,0.09408892796848407,0.031702424541469126,0.0,0.0,
NAA,,,,,,0.9721162290522509,0.9633317508828161,,,,,,,0.9932319973749407,,,0.0,0.0,0.004794957721825751,0.0,,0.008372897427315389,,
NAE,,,,,,,,,,,,,,,,,,,,,,,,
NAG,,0.989338077559771,,,0.959801797232435,0.9780396662348653,0.9155739676205795,,,0.992937327585125,,,0.9692091392940804,1.0,0.9578043759524456,,0.0,0.1788573804249637,0.2023862209853587,0.0,0.043743101641662493,0.08421450455242153,0.0,
NAH,,,,,,,0.9677141533563676,,,,,,,,0.9786424728316077,,,,,0.03752326442082933,,0.05275744020354362,0.0,
NAJ,,,,0.8851991406290195,0.9671356343412816,,,,,,,1.0,1.0,,,,,0.09750239033263429,,0.10407006196801374,0.0761477933563373,0.0037530228257121366,0.007894268200522143,
NAK,0.9883326628141416,,,,,,,,0.9733382060044624,,,,,,,,0.0,,,,,,,
NAL,,0.9562377682673107,,,,,0.9419342083718937,0.7873967744874985,,1.0,,,,,0.957743414947714,,,0.17620585521806661,,0.04512509010334225,0.15803022367542838,0.03816455284606255,0.0,
NAM,,,,,,,0.9651971598811966,,,,,,,,0.9864908364959047,,,,,,,,0.0,
NAN,,0.8917305610326327,0.9677105085789117,,0.9225375767233953,,0.7645957850991886,,,0.8904273760839404,1.0,,0.9229467285179441,,0.974010239623605,,0.0,0.0,0.08672674137097575,0.0,0.0,0.0,0.026958362681715885,
NAO,,,,,,,0.950247162772999,,,,,,,,0.9595601034366679,,,,,0.10265990276505955,0.1403947052572969,0.11461331496632093,0.0,
NAP,,,,0.9747848269388903,,,0.8916053790061168,,,,,0.9978149289317172,,,0.9855336798003289,,0.10940090526608522,0.14627566012696536,0.10756396416182716,0.06347180647331617,0.21363487632392608,0.14294286703772763,0.031529095299928804,
NAQ,,,0.9717453624803857,,0.8832865075463172,,0.7936457374162122,,,,0.9977210683380193,,0.925876662424712,,0.9439140676645933,,,,0.0,,0.03250629292913162,0.13804638865506913,0.0,
NAR,,,,,,,,,,,,,,,,,,,,,,,,
NAS,0.9558695588714378,0.9289722601865379,,0.9659258953255772,0.9029411715688855,,0.8751001641647596,,0.9892892595159326,0.9772800238255243,,0.907625882261133,0.9649435046673921,,0.90915379320468,,0.0,0.07376213320739021,0.1590957189144822,0.05969444997488965,0.026756153807707954,0.0,0.0,
NAT,,0.9669140719244301,0.9132838742531806,0.9427208909877351,,,0.8715822203880689,,,0.9557848826361915,1.0,0.9841137483736354,,,0.9620837057730354,,0.06600421269094188,0.03881980817506343,0.06902598438000758,0.0,0.0066354572779530755,0.0,0.0,
NAU,,,,,,,0.9405861758568898,,,,,,,,0.9386585804676901,,,,,,,0.0,0.0,
NAV,,,,,,,0.9750599790668459,,,,,,,,1.0,,,,,0.11769867975056186,0.11354110492344201,0.02411896902081992,0.0416606566319542,
NAW,,0.9887394825947219,0.9891325704990379,,,,0.9370761746410572,,,0.9866174006299459,0.9977552358373307,,,,0.9845322425463235,,0.0,0.012983758772178423,0.021454119429803305,0.0,0.03717541985506713,0.14323184614702306,0.0,
NAY,,,,,,,,,,,,,,,,,,,,0.30920553603034284,0.2949644152777536,,,
NBC,,,,0.9731670331534653,,,0.9086820830744219,0.9511005867156851,,,,0.9987398045286486,,,0.9820911496823362,,,,,0.19624600354912342,0.15793008843866646,0.0,0.0,
NBE,,,,,,,0.7428323334398841,,,,,,,,0.8295341399933526,,,,,,0.2703440699532473,0.0,0.0,
NBJ,,,,,,,,,,,,,,,,,,,,,,,,
NBK,,,,,,,,,,,,,,,,,,,,,,,,
NBN,,,,,,,,,,,,,,,,,,,,,,,,
NBO,,0.9730497361369413,,0.9889770752498789,,0.9613834966399917,0.8771437404474914,,,1.0,,1.0,,0.951136631509406,0.9244330831103411,,0.050143533148670996,0.1693652400398417,0.15121640100641692,0.10072984086731805,0.0005877428653987885,0.0,0.0,
NBS,,,,,,,0.929633159741845,0.9657458226892721,,,,,,,0.9279577993902381,,,,,,0.21802082342027365,0.06404800895529705,0.0,
NBX,,,,,,,,0.9176139876806173,,,,,,,,,0.0,,,,0.12948743073692995,0.17129819023686127,0.0,
NCA,0.9871013047978487,,,0.986449113463145,,,,,0.9934795642356886,,,0.9863776083038857,,,,,0.03444706857438756,0.028548379813545622,0.008125408193661754,,,,,
NCE,0.9645056575399207,,,,,0.9629693384025755,0.8119611812819533,,0.9370924839103348,,,,,0.9893399055990149,0.9571380022074714,,0.0,0.08714552936167978,0.09162724695760922,0.041993398152993085,0.040724907140993076,0.0,0.029111491141008375,
NCH,,,,,,,,,,,,,,,,,,,,,,,,
NCI,,,,,,,,,,,,,,,,,,,,,,,,
NCJ,,,,,,,0.9742706749159502,,,,,,,,,,,,,,,,,
NCL,0.9539944721983457,0.938730281027788,,0.9562934886248144,,0.9811761052856696,0.9171426207022036,,0.9774842441116361,0.991124442048606,,1.0,,0.9898344827293016,0.9954248713151997,,0.0,0.19192577250027465,0.21422615015481072,0.060744123520960966,0.08306383726862977,0.0,0.01697417018612533,
NCN,,,,,,,,,,,,,,,,,,,,,,,,
NCU,0.9874543888119224,,,,,0.982567524678616,0.9871580175339749,0.9480684722708477,0.9925648854346504,,,,,0.9867914778598759,0.9789312611541873,,0.005885751588450763,0.07667783618934848,0.09442025732851012,0.018088852068494293,0.14550857750668225,0.0,0.12108815903015176,
NCY,0.9861594755090393,0.9855467704803788,,0.9854145981977142,,,,,0.9582833587239763,0.9873729232167423,,0.9958368633235272,,,,,0.0,0.0,0.006670482337916234,,,,,
NDB,0.9741890144131655,,0.9601862875428003,0.9830454056736814,,,0.9141744230383329,,0.9726620061676183,,0.9761052217645276,0.9978266291065379,,,0.9306047926008921,,0.0,0.0,0.0,0.05858526830045869,0.21330447079256562,0.037150033386130224,0.0,
NDC,,,,,,,,0.9382396638663703,,,,,,,,,,,,,,0.0439643088088874,0.0,
NDE,,,,,,,,,,,,,,,,,,,,,,,0.003094728674993809,
NDG,0.9359390025115967,0.9696114500939116,,,,,,0.8494963146730948,0.9437813495807057,1.0,,,,,,,0.0,0.06476596236379767,0.06797330921646626,0.08395455871219373,0.10006429069950884,0.13017344203481407,0.0,
NDJ,,0.9403133392247626,0.9873728202127078,0.9852769582488633,0.9850628298970718,,0.9842625038745001,0.941517507299882,,0.9577349415657436,1.0,0.9789559413001159,0.9901689300367145,,0.9473225657750387,,0.0,0.012445740007378822,0.07099948335528608,0.015101184337242756,0.025060755705464267,0.08140412640509319,0.0,
NDM,,,,,,,,,,,,,,,,,,,,,,,,
NDR,,,,0.9714881357877075,,,0.9352432661803833,,,,,1.0,,,0.9723920493742111,,,0.0,0.0,0.14768825694315213,0.13390322481638556,0.0,0.0031442861223900625,
NDU,,,,,,,0.6850318644233375,,,,,,,,0.8113421067533794,,,,,,,,0.0,
NDY,,,,,,,,,,,,,,,,,,0.020508868670548644,0.01615785540552016,0.01637380498084618,0.008116494899733704,,,
NDZ,,0.973035073169185,,,,,,,,0.9797479617205146,,,,,,,,,,,,,,
NEC,,,,0.9686781585231666,,,,,,,,0.976158630328492,,,,,,0.2257623286860149,,,,,,
NEF,,,,,,,,,,,,,,,,,,,,,,,,
NEG,,,,,,,,,,,,,,,,,0.004289596792913351,,,,,0.0,,
NEI,,,,,,,,0.9464871956910288,,,,,,,,,,,,,,,0.0,
NEK,,,,,,,,,,,,,,,,,,,,,,,,
NER,0.9860492366225546,0.949100206651458,,0.9153923601224381,0.9805333744700764,,,0.917104697401509,0.9722609249687998,0.9350616523493829,,0.9596576740624135,1.0,,,,0.0,0.0,0.013949270854414521,0.03971758592077802,0.06901373741239486,0.07777377064924473,0.0,
NEU,,,,,,,0.9619996077890534,,,,,,,,0.9855166127406568,,,,,,,,0.0010255845935992036,
NEV,0.9644871668245858,,0.9855789005782856,,,0.9637007002669118,0.9814117786789197,0.9848297414586777,0.9778633278988519,,0.9806283785310265,,,0.983995392493986,0.9729353529395068,,0.007616165932633899,0.027238467569011847,0.0,7.19047440036375e-05,0.04222386654900178,0.0,0.0,
NEW,,,,,,,,,,,,,,,,,,,,,,,,
NFG,0.8477890835177463,,0.8993141326462346,,,,,,0.815795381990687,,0.9628707459682995,,,,,,0.0,,,,,,,
NGA,,,,,,,,,,,,,,,,,,,,,,,,
NGB,,,0.9784971568638795,,0.9877704914092926,,0.9818950436630192,0.8566397924300647,,,1.0,,1.0,,0.9105906973603836,,0.021823030038814598,0.1333245379058676,0.12444588263919562,0.1887971708841573,0.2749549577445468,0.46357435021195786,0.06500147629591127,
NGD,,,,,,,0.9891203085085699,,,,,,,,,,,,,,,,,
NGE,,,,,,,,,,,,,,,,,0.0054143364408331274,0.018763529642333594,0.012599936012265668,0.0005052195157881091,,0.0,0.0,
NGF,,,,,,,,,,,,,,,,,,,,,,,,
NGK,,,,,,,,0.9129446705342082,,,,,,,,,,,,,0.06434254797949819,0.005324380129053045,0.0,
NGL,,,,,,,,,,,,,,,,,,,,,,,,
NGO,,,0.9222009770372182,0.9441192111009368,0.9788895228864476,,0.8048124879273291,,,,0.9454298388260218,0.9222443016777832,0.96457856691228,,0.8380693747495553,,0.0,0.0,0.0,0.0,0.055005812991469664,0.0,0.0,
NGQ,,,,,,,,0.9271842571166372,,,,,,,,,,,,,,0.25927846247125247,0.0,
NGS,0.9847979829692477,0.9658004755981969,,,0.9515765353748444,,0.8755005106390857,,0.9965515622801163,0.9570508921598315,,,0.9976213523217958,,0.9251557666804998,,0.0,0.0,0.021027546242565937,0.04150247003364138,0.0,0.0,0.0,
NGU,,,,,,,,,,,,,,,,,,,,,,,,
NHD,,,,,,,,,,,,,,,,,,,,,,,,
NHV,,,,0.94345003798948,,,0.9746443623647449,,,,,0.9412437777793595,,,0.9901470690713122,,0.012720123017848766,0.06900935323863797,0.007098425050602071,0.0,0.03529242602971158,0.005232631093959353,0.0,
NIC,,,,,,,,,,,,,,,,,,,,,,,,
NIF,,,,,,,,,,,,,,,,,,,,,,,,
NIG,,,,,,,,,,,,,,,,,,,,,,,,
NIM,,0.9543759107800329,0.9845874882790888,,0.9753611868892482,,0.979105215221826,0.9831011215358503,,0.9428628299702874,0.9906330065297512,,1.0,,0.9836081009721851,,0.008163082906807888,0.0,0.0,0.12713430691487135,0.057889315584945276,0.037042224669008174,0.0,
NIU,,,,,,,0.9466879915796934,,,,,,,,0.9447966011129504,,,,,,0.06817927082349678,0.021960779994500888,0.0,
NJC,,,,0.9779491665460393,,,0.9283394527466127,0.9271482102969973,,,,0.9995785912477171,,,0.8919462276961757,,0.05277694372087475,0.0655675982544811,0.05466761912635043,0.04457492323830009,0.054637645285138946,0.03628803721770962,0.0,
NJF,,,,,0.9838519133270371,,0.9456299129289752,,,,,,1.0,,0.9883772470056953,,,,,,0.2255398989593116,0.0,0.0,
NJK,,,,,,,,,,,,,,,,,,,,,,,,
NKC,0.9519189935724391,,,,,,0.9767477620330193,,0.9627759939194968,,,,,,1.0,,0.0,0.01879187228282448,0.02144755580874064,0.04648633997612934,0.013966984475587856,0.09309156513925805,0.1051204960825263,
NKG,0.9862508837246593,,,,0.987951712507651,,0.948419450375608,0.8628148990021492,1.0,,,,1.0,,0.8559987284588659,,0.12448383592951709,0.20294919963138844,0.2517854468735944,0.3639806872014733,0.19710292847843844,0.4807302953976717,0.0,
NKM,,,,0.7988814342520766,0.9744434282808014,,0.9361918533778919,,,,,0.806677662269026,0.9783988711872709,,0.9868645620873839,,,,,0.0,0.054937319931718014,0.0,0.0,
NKT,,,,,,0.9552184884094997,0.9813966550902813,,,,,,,0.9490992045552675,0.9987875080675996,,,,,,,0.0,0.018881773581189917,
NKY,0.9778706220072286,,,,,,,,0.9665391050612936,,,,,,,,0.0,,,,,,,
NLA,,0.9833043157486574,0.9841843434546561,,,,0.9820805384252589,,,0.9677414759410878,0.9835066192737869,,,,1.0,,0.0,0.0,0.028504994547188613,0.0892297945877079,0.06112369651645728,0.021794434887063233,0.03888138233735797,
NLD,0.9893426828579642,,,,0.9713691052401874,,0.9676026794226431,,0.9859909348962156,,,,0.9806394908365709,,0.9976026060921471,,0.0,0.0060984404346977675,0.0077959890769159,0.0,0.0,0.0,0.0003282425024288606,
NLF,,,0.9764728556892317,0.971643909276525,,,0.9175492620837524,,,,0.9707067528337633,,,,0.9662523870661032,,,0.0,0.16731522978276023,,,,0.0,
NLH,,,,,,,,0.8700099546722264,,,,,,,,,,,,,,,0.0,
NLI,,,,,,,0.9867525818353453,0.9277792303700748,,,,,,,0.9812634440721828,,,,,,,,0.0,
NLK,,0.9612977228359243,,0.9851579983194828,,,0.9538835007091766,,,0.9567328863843978,,0.9888493159182571,,,0.9922374616378706,,0.008859761353773277,0.0,0.028670977604250778,0.0,0.0,0.0,0.012336305853057575,
NLT,,,,,0.9645941000851092,,0.8996677544773518,,,,,,1.0,,0.9336894023908514,,,,,0.07269332661765572,0.07857127379336708,0.08414432752971168,0.0,
NLU,,,,,,,,,,,,,,,,,,,,,,,,
NLV,0.9101655791273543,0.7487592775533374,,0.8133326479022773,0.9871920362846341,,,0.9698992334526061,0.9507026528935549,0.9315176271727824,,0.8439353251838076,1.0,,,,0.0,0.037660886301167915,0.07765643096670741,,,0.0,,
NMA,0.9873468847626604,,,,,,,,1.0,,,,,,,,0.030640891781143067,0.06686387768416055,0.08044231101034069,0.059061370021670216,0.022373938650620172,0.0020516954848031474,0.1917394925419749,
NME,,,,,,0.9866036280145027,0.9643504928202061,,,,,,,0.9717223933674416,0.9850541616600389,,0.004448329452205817,0.004630359315343007,0.008786723017560841,0.0,0.0,0.0,0.0,
NMF,,,,,,,,0.8815425363455582,,,,,,,,,,,,,,,0.006440008940981557,
NMS,,,,,,,,,,,,,,,,,,,,,,,,
NNB,,,,,,,,,,,,,,,,,,,,,,,,
NNG,,,,,,,0.9776524714756492,0.9151105117545927,,,,,,,0.9017465432938747,,0.12402957520010252,0.24972428457988244,0.302215426864637,0.25071120217841497,0.354822934012135,0.33607404263915247,0.0,
NNM,,,,,,,0.9600102471268173,0.9339800264247311,,,,,,,0.9323076220076006,,,0.03605147377375376,0.038351467040305905,0.020605324004903964,0.0,0.0,0.0,
NNT,,,,,0.820597625466004,,,0.9591046124237301,,,,,0.9439591775406551,,,,0.0,0.0,0.0,0.0,0.0,0.16251823787678993,0.0,
NNX,,,,,,,0.9498436790432895,,,,,,,,,,,0.11275025714081222,0.09319227477378482,0.19181228569852385,0.2084142947008941,0.0,,
NNY,,,,,,,,0.9287437050111689,,,,,,,,,0.011549697097887907,0.07436972683566434,0.07839741625420389,0.10431161368047383,0.06875350777217142,0.21755776075060576,0.0,
NOB,0.9837028593479035,0.9640235318584841,,0.9735708607323874,,0.9893176914748305,0.9774737583865466,,0.9758181915046789,0.9950552836744936,,0.9890998533343381,,0.9975572674997818,0.9903766783634669,,0.0,0.024712528200386153,0.034860898218986684,0.0,0.024013815948402358,0.0,0.0,
NOC,0.9895381044872252,,,0.9032993290183189,,0.9865465646996954,0.9189335180013163,,0.9871171545693281,,,0.9462833655020823,,0.997044098815318,0.9838248922036938,,0.0,0.21487135432502544,0.08084739260747216,0.0,0.06025995145540833,0.0,0.027083716727386895,
NOG,,,,,,,,,,,,,,,,,,,,,,,,
NOJ,0.968195695274189,,,,,,,0.9446123838700735,0.9792662525234669,,,,,,,,0.04600806122818793,0.09264872713790741,0.03857137665869235,0.12868044525075195,0.11235258705508089,0.02521216817260089,0.0,
NOM,,,,,,,,,,,,,,,,,,,,,,,,
NON,,,,,,,,,,,,,,,,,,,,,,,,
NOP,,,,,,,0.9753528538109697,,,,,,,,0.9901690552078085,,,,,,,0.061173750534403194,0.01270123563829099,
NOS,,0.967743009668255,0.9819569422808785,0.9771717264822476,,0.9209299580794178,0.8415296125431704,,,0.9701640448253068,1.0,0.9809202760937593,,0.9974985919971682,0.9807427596237164,,0.0,0.2811990684355203,0.2919064151819802,0.0,0.006195374752619586,0.05378826843923687,0.05930828853556679,
NOU,,0.8837210119193488,0.9479866062147102,,0.9669357640272814,0.9579273274873187,0.8507343850265809,,,0.8351769427624519,0.9445637715803927,,0.9285962049053831,0.9838221290770771,0.975738804787183,,0.0,0.0,0.006776060442638024,0.027824763271886054,0.0,0.0,0.14787684669632747,
NOV,,,0.9882224816040591,,,,0.9728887970141326,,,,0.9926687644866005,,,,0.9969751796129309,,0.005939353549359825,,0.048745754326605384,,0.01410670294716412,0.0,0.009325641162676921,
NOZ,,0.9332392932218554,,,0.9596958971035631,,,0.9089008583286606,,0.9918381556590333,,,0.988507811145836,,,,,0.0,0.07804674695753686,0.002025070418240331,0.05312090067718609,0.1483178071101089,0.0,
NPA,,,,,,,,,,,,,,,,,,,,,,,,
NPE,0.9786836002279237,0.959388106471006,,,,,0.937376628746767,,0.9606802947513334,0.973372812015952,,,,,0.9738686550083013,,0.0,0.0,0.032199547753606464,0.026241673102423844,0.04652058019062612,0.0010655754996800242,0.0,
NPL,,0.9831825958389533,,,,,0.9314615581421752,,,0.996588699934343,,,,,0.9713833273481224,,0.0,0.009894249564866568,0.03406419197909325,0.02987375044588327,0.0476981073854785,0.0,0.0,
NPT,,,,,,,,,,,,,,,,,,,,,,,,
NPY,,,,,,,,,,,,,,,,,,,,,,,,
NQN,0.9391848337891812,,0.9597666510513512,0.8887091814785875,,,0.9237239352358257,,0.956378293082268,,0.8197239410309061,0.9980488422297553,,,0.954868415417669,,0.0,0.0,0.0,0.12630245737643472,0.15760042202144123,0.0,0.0,
NQU,,,,,,,,,,,,,,,,,,,,,,,,
NQX,,,,,,,,,,,,,,,,,,,,,,,,
NQY,0.9219922308746428,,,,0.9815608967691568,,0.9096039286408983,,0.9355664339757181,,,,0.9545460431884418,,0.9595221638224041,,0.0,0.116027820504861,0.19835367275286273,0.0,0.008322201889799765,0.02677269830309586,0.0,
NQZ,,,,,,,,,,,,,,,,,,,,,,,,
NRA,,,0.9882842181907282,,,,0.9551128685306199,,,,0.9962431692825153,,,,0.989208374071134,,0.0,0.0,0.00600869349677876,0.004508295955250465,0.0033064534419309467,0.0,0.0,
NRD,,,,,,,,,,,,,,,,,,,,,,,,
NRE,,,,,,,0.9697068567856615,,,,,,,,0.9869403094531544,,,,,,,,0.0,
NRK,,0.9890833226857619,0.9884232007719891,,0.9411372406415004,,0.828341764636855,,,0.9729592432361411,0.9804075607232564,,0.9621447464959707,,0.8878270883789237,,0.0,0.0,0.04262275286228797,0.06776877516644346,0.05587115841916443,0.0,0.0,
NRL,,,,,0.9835143791746984,,,,,,,,0.9947450038837464,,,,,0.04743926320479858,0.03402076748393938,0.008105610310816705,0.008464903545113207,,,
NRN,,,,,,0.8675785739479613,0.9716881258026823,,,,,,,0.9128181026138303,0.994471910775994,,,,,0.2313756686407269,0.0,0.0,0.05324306062208486,
NRR,,,,,,,,,,,,,,,,,,,,,,,,
NRT,,,,,0.9414593318962649,,0.679605686015343,,,,,,0.9761538719348956,,0.8531778000282343,,0.0939718159334733,0.0929727559579846,0.07338924924833655,0.06092364376913108,0.027680579836405345,0.0,0.0,
NSB,,,,,,,,,,,,,,,,,0.0,,,,,,,
NSH,,,,0.9004549902122004,,,0.9832025832433244,0.9811257705021617,,,,0.9406329820022281,,,0.9668322588069554,,,,0.0,0.0,0.035949399979792906,0.018808504100911082,0.0,
NSI,,,0.961824963546692,,,,0.9705056334048454,0.9752447338898637,,,0.959725486384645,,,,0.9986848006427471,,0.03711661528928587,0.025842947927362157,0.0,0.05249749915059398,0.15327901383386308,0.0,0.0,
NSK,0.9627872872380384,0.9394637014046067,,,,,,0.9421916810964284,1.0,0.9824228349819956,,,,,,,0.06869688487507547,0.0,0.04527304010730132,0.052152893273286344,0.046751530000587835,0.0,0.0,
NSN,0.9863643569269647,0.9602540996868781,,0.9883951410030546,,,0.9295485626400882,,0.9926609858129999,0.9657943233017378,,0.9942053510853298,,,0.9662883884372999,,0.0,0.0,0.011128134004855942,0.006655092813894662,0.04206913111917939,0.0,0.0,
NSR,,,,,,,,,,,,,,,,,,,,,,,,
NST,,,,0.9845095619020698,,,0.9191193645585158,,,,,0.9917778136418491,,,0.9795583693030134,,0.02474778114432438,0.05022305331034675,0.0689757482238673,0.0,0.0523489981424164,0.08018072005858543,0.0,
NTB,,,,,,,,,,,,,,,,,,,,,,,,
NTD,,,,,,,,,,,,,,,,,,,,,,,,
NTE,0.9836842683538413,,,,,,0.8417705991575855,,0.9946151268269191,,,,,,0.9516824033466145,,0.0,0.060587896304221026,0.07019276585339937,0.19078124668544938,0.12678339184055934,0.09107091443034332,0.0,
NTG,0.9888274956707387,,,,,,0.9830822607469071,0.9270460077524365,0.9842869039893251,,,,,,0.9308768774765519,,0.0,0.07181764662080711,0.07382536650411096,0.17100190523783246,0.19848262067171377,0.31273657413997874,0.0,
NTL,,0.9617699437706259,,,,0.9897065452357457,0.915895982870553,,,0.9738416970824963,,,,0.9955260743518294,0.9664401045025893,,0.0,0.004917001236440794,0.07229169109681326,0.006185867094578878,0.030861890534030025,0.0,0.0,
NTN,0.9750723023002149,,0.9592939303194628,,,,0.8970854519230181,,0.9739458601928801,,0.9534237924572955,,,,0.9636144067338168,,0.0,0.0,0.0,0.01973201451663392,0.03630682160690348,0.0,0.0,
NTQ,,,,0.8731006259959928,,,0.9444120377352745,,,,,0.946865949523376,,,0.9879890879448953,,,,,0.0,0.128690401249928,7.887973684642506e-05,0.0,
NTX,,,,,,0.845243730517955,0.9400495680671599,,,,,,,0.869591250631335,0.971647432619045,,,,,,,0.0,0.0,
NTY,,,,,,,,,,,,,,,,,0.015063909652394607,0.0,,,,,,
NUE,0.9451493063678793,0.9825665392828289,0.9834368444645744,0.9807349529853657,,0.9789270600300992,0.8880108062092005,,0.9960596784298645,0.9907700685720238,0.9927957478649792,0.9863430332136331,,0.9962312434623273,0.9987038619020719,,0.019968698587853478,0.038994732991941526,0.017535924260851782,0.0,0.030588413272758498,0.0,0.0,
NUF,,,,,,,,,,,,,,,,,,,,,,,0.00021316244423853482,
NUI,0.8584372695803948,,,0.9856228913780124,0.8283889796800834,,,0.8550720273444463,0.9197099602268622,,,0.8943532767386612,0.8391099280952328,,,,0.0,0.21276786340396206,0.2002073307922309,0.0,0.0,0.0999643527613888,0.0,
NUK,,,,,,0.9849231275771418,0.9610078462280411,,,,,,,0.9990465621848317,0.9640717902312153,,,,,,0.02309834499182386,0.0,0.0,
NUL,0.9858153161270748,,,,0.9805830736479029,0.98634823942163,0.936926536187622,,1.0,,,,0.9907587672148955,0.9747113596035094,0.9683234288931541,,0.034503032517740895,0.011435380238943775,0.02697123451368717,0.0,0.0,0.0,0.0,
NUM,,,,,,,,,,,,,,,,,,,,,,,0.276552677726533,
NUP,,0.9897953072958325,,0.9883000255319274,,,0.9708660008931926,,,0.9978070935482211,,0.996779398491462,,,0.9948327138153868,,0.0,0.0,0.0015548334478036603,0.010817649769969332,0.019386718309134427,0.0,0.0,
NUS,,0.9880521473710524,,,0.9786595773280866,,0.9512155078005615,,,0.9801548639566681,,,0.9807295080322608,,0.9784539439458018,,0.0,0.0,0.0,0.0,0.0,0.014564349196026427,0.0,
NUU,,,,,,0.9584462813446117,,,,,,,,,,,,,,,,,,
NUX,,,,0.9664241829001833,,,,0.9204842913370077,,,,0.9916929988028212,,,,,0.14097663873093283,0.12855728077124232,0.016234696770252407,0.02938750049879946,0.07718039531042444,0.11240791328079802,0.0,
NVA,,0.989130993395373,,0.9597588389548095,,,0.9507494734404096,,,0.9933366269861768,,0.9748824113006228,,,0.985391123616825,,0.04568546411179147,0.0,0.0,0.015872625285486268,0.09277898692429112,0.0,0.0,
NVD,,,,,,,,,,,,,,,,,,,,,,,,
NVI,,,,,,0.9732470566604337,,0.8861439113315299,,,,,,0.9758884089695373,,,,,,0.027787908390965402,0.010576781387060715,0.030550552911063417,0.0,
NVK,,,0.8620063923162693,0.932590254662986,0.9714483795015899,,,,,,0.8780996025677325,0.9581320101556099,0.9066537828880997,,,,0.0,0.16489252669967439,0.0,0.0,0.0,,,
NVM,,,,,,,,,,,,,,,,,,,,,,,,
NVR,,,,,,,,,,,,,,,,,,,,,,,,
NVT,,0.9686845813039145,0.8786615419402202,0.8359644858467761,,,0.9409201289822005,,,0.9216797775010055,0.9917385195872247,1.0,,,1.0,,0.0,0.0,0.0,0.05011724426826864,0.057967092864378324,0.0,0.009159392403668778,
NWA,,,,0.9778163572170706,,,0.9347009915563804,0.9852738371400089,,,,0.9902165584996238,,,0.9266778541841842,,,,,,0.017217683303209916,,0.0,
NWI,0.9818931582155777,0.9405429093529258,,0.9480597094508587,,0.9652202165159665,0.9080748239686682,,0.9801299433725417,0.9753246793821223,,0.988594648296186,,0.9964581448824051,0.9474726917842002,,0.0,0.0643468089221473,0.14609318004003943,0.0,0.060003914941995015,0.0,0.0,
NXX,,,,,,,,,,,,,,,,,,,,,,,,
NYA,,,,0.8398295963458103,,,0.8998138720687615,,,,,0.9829133527852119,,,0.9838536410183567,,,,,0.02014185955531254,0.1231919105477149,0.0,0.0,
NYI,,,,,,,,,,,,,,,,,,,,0.022834365060569607,,,,
NYK,0.9435796060557885,,,,,0.9534252953185665,0.9571658986248791,,1.0,,,,,0.9952490844629294,0.9997910386140176,,0.03676274323098736,0.06425668411574337,0.034123673184491755,0.0,0.0,0.07262335446317554,0.0,
NYM,0.977080963529204,,,,,,,0.9242370770483882,0.9777673479677352,,,,,,,,0.13405919510620173,0.15262756229314856,0.04804140088400001,0.005836265995161817,0.0,0.035683792019835896,0.0,
NYN,,,,,,,,,,,,,,,,,,,,,,,,
NYO,,,0.9691019692293336,,,0.9585189085186103,0.8553966328387026,0.9144299859150311,,,1.0,,,0.9717122569356496,0.8155221206757342,,,0.4325971887313217,0.39537372371948143,0.0,0.0053009650930388634,0.0,0.0,
NYR,,,,,,,0.9598872227950062,0.9701550022467765,,,,,,,0.9368268732037114,,,,,,,0.0,0.0,
NYS,,,,,,,,,,,,,,,,,,,,,,,,
NYT,,,,,,,0.8211435634194477,0.8930854797260673,,,,,,,0.8084111851222938,,,,,,,0.0,0.0,
NYU,0.9746319474130573,,,,,0.9347499563732056,0.9766135676734253,0.9614178878589955,0.9746980477238845,,,,,0.996864755548533,0.9410629758170045,,0.18050716678687168,0.022016493402568435,0.0,0.011676999338888017,0.08772032319964289,0.013443323490574435,0.0,
NYW,,,,,,,,0.8530618090749775,,,,,,,,,,,,,,,0.0,
NZE,,,,,,,,,,,,,,,,,,,,,,,,
NZG,,,,,,,,,,,,,,,,,,,,,,,,
NZH,,,,,,,0.9833717161086284,0.9184424485778949,,,,,,,0.9509576692544333,,,,,0.29054380168777694,0.2808375515976916,0.11761806180741857,0.016108255765222988,
NZL,,,,,,,,0.8767893984676671,,,,,,,,,,,,,,,0.0,
NZY,,,,,,,,,,,,,,,,,,,,,,,,
OAG,,0.9696610869845621,0.98687842827259,,,0.9865465976749688,0.9218656161609613,,,0.9614459328561578,0.9941410378429621,,,0.9900311170674219,0.9706184442254405,,0.0,0.0,0.006222512408661331,0.0,0.0021470005493271194,0.035834726868937405,0.0,
OAH,,,,,,,,,,,,,,,,,,,,,,,,
OAI,,,,,,,,,,,,,,,,,,,,,,0.006920543754701761,,
OAJ,0.9886454264042585,,0.9864802752942452,0.968565838929713,0.9785325072284827,0.8483976318507929,0.9777620206929863,,0.9385330429719154,,1.0,0.9756515153650194,0.9660033863073983,0.8603007693099874,0.9833673979952727,,0.0,0.4373460668904566,0.38617950127232226,0.0,0.0,0.0,0.0,
OAK,,0.9337403771314918,,0.8950982126488187,0.9510279187693292,0.9703511595199183,0.8133689921718377,,,0.9976043799346482,,0.874185453325303,0.9841012145164852,0.9836359871790721,0.9674712717679127,,0.06986207261415796,0.10013038329859221,0.0,0.0,0.009202772241083906,0.0,0.0,
OAL,,,,,,,0.9794922022925812,,,,,,,,0.984269249337159,,,,,,,0.0,0.0,
OAS,,,,,,,,,,,,,,,,,,,,,,,,
OAX,,0.9616191619889026,,0.9847012538798653,0.9885943767985875,,0.8886524592643564,,,0.9819205183137277,,0.9790717702273042,0.9975330346186138,,0.9159094234303816,,0.005091954137718426,0.0,0.013194745270123022,0.2028946043260226,0.07481893695005351,0.08217473475651489,0.0,
OAZ,,,,,,,,0.9853938091924171,,,,,,,,,,,,,,,,
OBI,,,,,,,,,,,,,,,,,,,,,,,,
OBN,,,,,,,,,,,,,,,,,,,,,0.009654990511051332,,0.0,
OBO,,,,0.954116783831139,,0.9789174052721532,0.9631506455413236,,,,,0.9960488750246921,,0.9803068718834029,1.0,,0.019408475029448955,0.006027622239174357,0.0,0.0,0.07453507883366492,0.0,0.04908686034004156,
OBU,,,,0.9823538650058277,,,0.9725005112172779,,,,,0.994086319990476,,,0.9931882206270211,,0.042319005149772895,0.0,0.0,0.004620054139641229,0.020200567087971872,0.0,0.0,
OBX,,,,,0.9812895407095206,,,,,,,,,,,,,,0.046762401892362616,,,,,
OBY,,,,,,0.8758313100137574,,,,,,,,,,,,,,,,,,
OCC,,,,,,0.9832830112526186,0.9550570531735594,,,,,,,0.9728941476755736,0.9908057296409827,,0.0,,0.08884415064454007,0.0,0.0,0.0,0.0,
OCJ,,,,,,,,,,,,,,,,,0.005874383366239853,,,,,,,
OCM,,,,,,,0.9889709383919397,,,,,,,,1.0,,,,,,,0.05580775333934019,0.04231186116787139,
OCV,,,,,,,,,,,,,,,,,,,,,,,,
ODB,,,,,,,,,,,,,,,,,,,,,,,,
ODO,,,,,,,0.9885410869862513,0.963399287134787,,,,,,,0.9671963752039057,,,,,,,0.012735508051783752,0.0,
ODS,0.9866001760637823,,,,,,,0.931061012899916,0.9710659613616259,,,,,,,,0.009003781418554437,0.06581465390440358,0.018205535140842943,0.012939497293154757,0.054969539539430894,0.0621974062183232,,
ODW,,,,,,,,,,,,,,,,,,,,,,,,
ODY,,,,,,,0.9664586119503564,,,,,,,,0.9813667591112893,,0.0,0.020892203013092945,0.010803519673976872,0.05651940352635604,0.07882728192518129,0.06725198016475087,0.0,
OEC,,,,,,,,,,,,,,,,,,,,,,,,
OEL,,,,,,,,,,,,,,,,,,,,,,,,
OER,0.9818929887202954,0.9881843749564633,,,,0.9892229177733565,0.9496282553035699,,0.9929556696754728,0.9968971372516672,,,,0.9988041461471793,0.9537461641356112,,0.0,0.0,0.029000819656216103,0.001039566272732835,0.035895458277951674,0.009713523222708288,0.0,
OES,,,,0.9657646189343513,,,,,,,,0.9730699366849066,,,,,,0.16306327435183007,0.12891198468698253,,,,,
OFK,0.9491184673318849,,,,,,,,0.943500474549221,,,,,,,,0.0,,,,,,,
OGD,,,,,,0.9133852205605367,0.9832030799984586,0.976576856896026,,,,,,0.9859932082344841,1.0,,,,,,,0.0,0.10436032352522355,
OGG,0.9355394368658125,0.9821759129765243,,0.9866993231389206,,,0.8502768392816088,,0.9568320950831073,0.9955023933414293,,0.9945624607558754,,,0.9857083339575812,,0.0,0.010405804685941576,0.024188279254012443,0.02666957530027145,0.044197125732675174,0.0,0.0,
OGL,,,,,,,,0.9883364830628343,,,,,,,,,,,,,,,0.0,
OGM,,,,,,0.9608409557962448,,,,,,,,,,,,,,,,,,
OGN,,,,,,,0.917591713921505,,,,,,,,,,,,,,,,,
OGS,,,,0.8476865615530604,,,0.9363841646792304,0.9076755003834863,,,,0.9333217537004008,,,0.9159042594106828,,0.00020807756727067746,0.09015356726531086,0.07750661011475338,0.0,0.21314897101829672,0.06361425336598754,0.0,
OGU,,,,,,,0.9790704913873438,,,,,,,,0.9999879086061855,,,,,,,,0.0,
OGV,0.978863975719809,,,,,,,,,,,,,,,,,,,,,,,
OGX,,,,,,,0.892128073681416,,,,,,,,1.0,,0.19479399847958684,0.03991813783677603,0.021815597856967437,0.12904945869277348,0.14134841151594918,0.011021472514349205,0.002491896475445564,
OGZ,,0.8991854484312065,,,,,,0.9138053901783018,,1.0,,,,,,,0.17822284234379832,0.09705878838916172,0.11284029952050778,0.05195876643474631,0.029679227509583427,0.059004618535283423,0.0,
OHD,0.8910098604781541,0.9517688853752628,,0.9262154659605096,,0.9555401012710177,0.8938055786154288,,0.906300715928071,0.9854116878779208,,0.9549851180002692,,0.9936982321032437,0.9078434923420187,,0.0,0.013855450880507783,0.0,0.0,0.109142361687303,6.207329298838346e-05,0.0,
OHE,,,,,,,0.8104020378927888,,,,,,,,0.9756175209540231,,,,,,0.04571268387835587,0.0,0.011120273003667663,
OHH,,,,,,0.9269276088561678,,0.9139672581663508,,,,,,0.989679800502992,,,,,,,0.19020684163604273,0.0,0.0,
OHO,,,,,,,,,,,,,,,,,,,,,,,,
OHS,,,,,,,0.9877429858164471,0.8304659370838455,,,,,,,0.9262724241576268,,,,,,,,0.0,
OIA,,,,,,,,,,,,,,,,,,,,,,,,
OIM,,0.983493684027196,,,,,,,,0.9702441794326626,,,,,,,0.0,0.0,0.007517665187555738,0.16612466788771743,,,,
OIR,,,,,,,0.9522598388810161,,,,,,,,0.9681721112729228,,0.0567503850530245,,,,,,0.0,
OIT,,0.9714801260115775,0.9897486646037315,,,,0.9137564713581444,,,0.9916968414030846,0.99608481412655,,,,0.9807165094266356,,0.0,0.0,0.0,0.042726538254996706,0.036478810549193656,0.0,0.019517845061458663,
OJU,,,,,,,,,,,,,,,,,,,,,,,,
OKA,,0.9772844839961684,0.9205162043027069,0.9814767688447347,0.9525759746707794,,0.7986297006755917,,,0.9419285056526836,0.9294313249176386,0.9807106639916753,1.0,,0.886732017751185,,0.0,0.0,0.0,0.14240915915449193,0.22334358816445263,0.021813745541906144,0.0,
OKC,,0.9628178207493411,,0.9582515698852718,,0.9885022105599739,0.8545067889926795,,,1.0,,1.0,,0.8406538278135975,0.8984842261862134,,0.030104849998894123,0.13353838826792172,0.09198915401263728,0.09929982922202399,0.030296389225939656,0.0,0.0,
OKD,,,,,,,0.9800841644120646,,,,,,,,0.9965388430185004,,0.04683401765569516,0.0,0.0,0.1574544755409883,0.011685590782265312,0.2479028757675615,0.08182543137643922,
OKE,,,0.980370912528189,,,,0.9392235267041803,,,,0.9671052590020849,,,,0.983173561784711,,0.0,,,,,,0.013099216426139738,
OKI,,,,,,,0.9635783985781136,,,,,,,,0.9780703849172311,,0.0,0.0,0.0,0.0028461242076813884,0.04852036026795312,0.02817078275810906,0.0,
OKJ,,,0.9730716412296484,,0.9802914375359991,,0.8643710653985008,,,,0.9804763643231023,,0.9554413045131882,,0.9375380846463218,,0.0640905409247564,0.06541197511688591,0.028845980423711892,0.0,0.0,0.0,0.0,
OKK,,,,,,,,,,,,,,,,,,,,,,,,
OKL,,,,,,,0.9667635104577621,,,,,,,,0.9731861624012766,,,,,,,0.030809022054174344,0.0,
OKN,,,,,,,,,,,,,,,,,,,,,,,,
OKR,,,0.9615248723261416,0.7688915387829404,,,0.9174757960309904,,,,0.9471380823093255,,,,0.9764130919162644,,0.01800340366322505,0.0,0.0,,,,0.0159414058878869,
OKT,,,,,,,,,,,,,,,,,,,,,,,,
OKU,,0.8768563517806728,,,,,,,,0.8654756146252546,,,,,,,0.0,,,,,,,
OLA,,,,,,,0.9492266664378736,,,,,,,,0.9810946649424266,,,,,0.03536671575464942,0.027315919527260115,0.004130596603496625,0.0,
OLB,0.9888055277683896,,,,,,0.8713872769012698,,0.9841635893410335,,,,,,0.9883011480576376,,0.02496209222748143,0.09928655612500911,0.12536644632309776,0.08265233735035186,0.08612773523355391,0.0,0.03993174493272371,
OLC,,,,,,0.8094151837855738,,,,,,,,,,,,,,,,,,
OLF,,0.9845223973651509,,0.9808171732772438,0.8684067596839289,0.984380506578575,,,,0.9961808747141587,,0.9994385544556127,0.8775933710852237,0.9427146134572777,,,0.0,0.0,0.0,0.0,,0.0,,
OLG,,,,,,,0.8985785891355863,,,,,,,,0.9833089396441748,,,,,,,,0.0,
OLL,,,,,,,,,,,,,,,,,,,,,,,,
OLM,,,,,,,,,,,,,,,,,,,,,,,,
OLP,0.9668540683361305,0.9700262221572281,,,,,0.9838157872022896,0.9425841993879533,0.949264675597844,0.9970488913602413,,,,,0.9835454911499987,,0.06437114729607607,0.0007270667603132778,0.05145032745472036,0.060132446748769115,0.05365576899513819,0.0,0.00969730827786672,
OLV,,,,,,,,,,,,,,,,,,,,,,,,
OLX,,,,,,,0.8573541116663781,0.9280051583973913,,,,,,,0.9306704280399052,,,,,,,,0.0,
OLZ,,,,,,,0.9701540222982233,0.961927458565608,,,,,,,0.9438524642890221,,,,,,,0.01731880363531747,0.0,
OMA,0.9720966971934367,,,0.965498525795535,,0.9787580078625001,0.819450199585863,,0.9780917546778564,,,0.9923232840751551,,0.8550624280794763,0.9107260138798464,,0.02941123310794802,0.15705572320256417,0.12107699799689366,0.01534380243111573,0.0,0.0,0.0,
OMC,,,,,,,,,,,,,,,,,,,,,0.0,,,
OMD,,,,,0.9106974161102634,,0.9818137010503387,,,,,,0.9161474092497814,,0.6565555528223714,,0.004899839994153872,0.0,0.0024117734396429534,0.0,0.0,0.09462937758506242,0.0,
OME,0.9758642694711402,0.9853070793582258,,0.9648160668604497,,,0.8294243872324656,,0.9380029481095207,1.0,,0.972460576830592,,,1.0,,0.0,0.05390728574693582,0.03606552669339586,0.0,0.08884439148224038,0.0,0.0120321445386781,
OMH,,,,0.8976612172342964,,0.9584504977855913,0.7013905463546299,,,,,0.9906504938704908,,0.9791722514122555,0.9665144369242922,,0.02681455138104621,0.02765037484206801,0.0,0.12755089748793347,0.2931623203508061,0.0,0.0,
OMM,,,,,,,0.9846564359366652,,,,,,,,0.9997492674885202,,,,,,,,0.0,
OMN,,,,,,,,,,,,,,,,,,,,,,,,
OMO,,,,,0.805582204432622,,,,,,,,0.9970980123478972,,,,0.16484908431318065,0.0,0.0,0.14503859015062323,0.03381755599006365,,0.0886780108992071,
OMR,,,,0.9845910668033002,,,0.9102975170739137,,,,,0.9829007366259831,,,0.9899815823506032,,0.0,0.0,0.0,0.0,0.01858568568442649,0.0371941771013414,0.0015796390827547166,
OMS,0.9459997806959332,,0.989909767252622,0.9128148247105168,0.9705601672240004,0.9250094024266791,,0.941851168021436,0.981601191411986,,0.9848312974291148,0.9324594510179133,0.9990789873426327,0.8728333974039704,,,0.06821175325374286,0.0363025528006844,0.0,0.08070643603614384,0.01608767285817336,0.0,0.039791015331250776,
ONB,,,,,,,,,,,,,,,,,,,,,,,,
OND,,,,,0.8718275085885068,,0.9660408637884761,0.8219331459955402,,,,,0.8546493846205572,,0.7997394941303241,,0.0,0.0,0.0,,,,0.0,
ONG,0.9749081130090695,,0.9593099357094997,,,,0.8970854519230148,,0.9733889140894791,,0.953392849836072,,,,0.9614432344322233,,0.0,0.0,0.0,0.019978686516417793,0.042331443664960604,0.0,0.0,
ONJ,,,0.9809495057865589,,,,0.943195304802652,,,,0.9792062063225122,,,,1.0,,,0.0,0.0,0.2142648480503251,0.18827384294511343,0.0024321173913213687,0.028295831393961787,
ONK,,,,,,,0.9492490572242822,0.9649560657580162,,,,,,,0.9351870405247992,,,,,,,0.0,0.0,
ONP,,,,,,,,,,,,,,,,,,,,,,,,
ONQ,,,,,,,0.9890916706980895,,,,,,,,1.0,,,,,,,,0.029388104767026253,
ONS,,,,,,,0.97200659729621,,,,,,,,0.9999849492612336,,,,,,,0.030478783862598193,0.025884676800000908,
ONT,,,,0.9591367641955492,,0.9676787040562908,0.8995268419505928,,,,,0.9754527733540769,,0.9039986219918846,1.0,,0.0,0.11790073208010302,0.06398134878919179,0.0,0.0,0.0,0.039663307544093,
ONX,0.9892899283597222,0.988511305681876,,,,,,,0.9697765104047702,0.666648901465177,,,,,,,,,,,,,,
OOD,,,,,,,,0.9710736672312444,,,,,,,,,,,,,,,,
OOK,,,,0.9863056477616126,,,0.9732161956163585,,,,,0.9916334640402552,,,0.9935773221949854,,0.005812932572211307,0.0,0.0,0.008557159276064564,0.021282114242686268,0.0,0.0,
OOL,0.9798069802881622,0.9854743866614348,,,,,0.7645454108079948,,0.9532038971766638,1.0,,,,,0.9519782489667202,,0.03393270790763502,0.09373420291673507,0.18022794943361492,0.2294569226645287,0.11629252403292746,0.0,0.0,
OOM,,,0.9879105146625404,0.980168093212428,,,0.9711728305780654,,,,0.9923572893607068,0.9867723591542812,,,0.9965136563228739,,0.0,0.0,0.0,,,0.026116312658843337,,
OPF,,,,,,,,,,,,,,,,,,,,,,,,
OPO,,0.9120580159430007,,,,,0.8704965199054226,,,0.9507809615896734,,,,,0.9933300029330945,,0.03100664615847268,0.0,0.118271247329211,0.14108989042115835,0.150163362541861,0.04986886551379826,0.06341158234260176,
OPP,,,,,,,,,,,,,,,,,,,,,,,,
OPS,0.9810955404740245,,0.9292045389345679,,,,0.9698175457656028,,0.9503445745367127,,0.9335006269516992,,,,1.0,,0.0,0.0,0.0,0.38543266140269916,0.36951460934507135,0.10513508082772817,0.03182864206676011,
OPU,,,,,0.9886664572942951,,,,,,,,0.9462585649186231,,,,0.012397978163339495,0.04327036302167109,0.007790318246389553,,,,,
ORB,0.980823992585559,,0.9844018867639487,0.9728457774475024,,0.8365581162787161,0.8877182207868584,,0.9925557440755631,,0.9936956232459523,0.9744786908840569,,0.9961371863981181,0.9359128982645784,,0.0,0.0,0.0,0.0,0.2015476819377995,0.0,0.0,
ORD,,,,,,0.9447298484172586,0.7757409252373716,,,,,,,0.965331288455793,0.9890791076982977,,0.0,0.0,0.0,0.0,0.013006965719853684,0.0,0.024312989946379284,
ORF,0.9838862028599576,0.9317007879492837,,0.9461926156321375,,0.9864885107511698,0.8262420490473157,,0.9627164062019942,0.9945730681026911,,0.9992697080097677,,0.8731622843787816,0.9008092267332619,,0.0,0.07716848541429637,0.1343822232845856,0.02608353748538205,0.0,0.0,0.0,
ORG,,0.9292923544954654,,,,,0.9853037751702423,,,0.9364776770437208,,,,,0.9937708068929975,,,,,,,,0.0,
ORH,,,0.8614884784674035,,,,0.9379148907066678,,,,0.7713401069701649,,,,0.98304935692828,,0.0,,,,,0.10264109911556908,0.0,
ORK,,0.9774312699180311,,0.988306134919198,,0.9644538728785347,0.8945919641143935,,,1.0,,0.99580595049841,,0.9887284988869876,0.9767161261119425,,0.07772452552989666,0.10682552205557184,0.13867174829855228,0.0,0.03712235740124761,0.0,0.002711826911013072,
ORN,0.9854744943164867,,0.9641662688685579,,,,0.8595184047967052,,1.0,,0.9430946140587371,,,,0.9740287681686404,,0.08705471417599256,0.03162401661973293,0.0,0.128280108678958,0.14181743762296162,0.0,0.0,
ORP,,,,,,,,,,,,,,,,,,,,,,,,
ORT,,,,,,,,,,,,,,,,,,,,,,,,
ORU,,,,,,,0.9708325344982341,,,,,,,,0.9855927873636289,,,,,,,0.26428878564542513,0.0,
ORV,0.9898078217871439,,,0.9776749900860744,,,0.9720929033700545,,0.9730756705367902,,,0.9894729874450464,,,0.9949477423428726,,0.0,0.0,0.0,0.0,0.01412548524560524,0.0,0.0,
ORW,,,,,,,,,,,,,,,,,,,,,,,,
ORX,,,,,,,,,,,,,,,,,,,,,,,,
ORY,0.8449737474912316,0.9878631956444969,,0.9825609758855555,0.9790040949918863,0.9737842731605295,0.8886016666041768,,0.7935038218398084,0.9946376574025733,,0.9773607909499629,0.9887787221558193,0.9829205527361912,1.0,,0.0,0.06453166579570499,0.06483978822627337,0.000630351889626573,0.0,0.0,0.08163614928386892,
ORZ,,,,,,,,,,,,,,,,,,,,,,,,
OSD,0.9539303624077863,,,0.972450304865689,,,0.8288835167571224,,0.9612638700946137,,,0.995180007377331,,,0.8452935286334857,,0.0,0.04445884918708214,0.06856422511917765,0.04705297907658163,0.11644047315750748,0.0098386265991503,0.0,
OSE,,,,,,,,,,,,,,,,,,,,,,,,
OSF,,,,,,,,,,,,,,,,,,,,,,0.11866490862773017,,
OSH,0.9815821666620187,,0.9677697113834595,,,,,,0.9719727964280582,,,,,,,,0.0,,,,,,,
OSI,0.9775674125627957,,0.9871459576251705,,,,0.9609672592720427,,0.9837582557686511,,0.9972903018542962,,,,1.0,,0.024089405427141476,0.05121737727410181,0.054068922562074295,0.04521135720335861,0.09644890879474574,0.07214107832645213,0.05476779646102636,
OSJ,,,,,,,0.8981122876951664,0.8857717124481741,,,,,,,0.9253782502418055,,,,,,,,0.0,
OSK,0.97271289396722,,,,,,,,0.9858299674495469,,,,,,,,0.04252460475317348,0.021624483635389557,0.0,0.0,,,,
OSL,,0.9140195694230759,,,,,0.7894892790224011,,,0.9867349771707531,,,,,0.9538714041376823,,,0.09797112686156234,0.247414904478243,0.14515364502720565,0.1519802250833071,0.0,0.0,
OSO,,,,,,,,,,,,,,,,,,,,,,,,
OSR,0.9502440998279716,0.9609674075343879,,,0.9515884890159467,,0.9723752719094686,,0.9259263609721328,0.9883735758397518,,,1.0,,0.9911328505639544,,0.0,0.06885569311488371,0.1554262574540838,0.1929795234093165,0.18945901226193013,0.0,0.17994884229362007,
OSS,,,,,,0.9839107737291852,0.981731692266145,0.9019873603297495,,,,,,0.9531746781589934,1.0,,0.013179524102360106,0.11529252561966707,,0.2569019776957141,0.15588832156418586,0.0,0.07199957802122928,
OST,,,,,,0.9403720698070804,0.9252499917889327,0.8660494312937947,,,,,,1.0,0.9407506540052148,,0.036330165391171565,,,0.11435189925555522,0.40091158446058794,0.06982011472220076,0.0,
OSW,0.9295758531996713,,,,,0.9841602316399551,0.9851327162934127,0.9406890160424742,1.0,,,,,0.9881683001894518,0.9685360532600031,,0.044282703490966815,0.1125955162094955,0.12164299582263213,0.025783461009391166,0.0037440144214771764,0.014318103945326477,0.0,
OSY,,0.9891253142240405,0.9760867124578403,,,,0.957844340927076,0.9092509728140323,,1.0,0.9883160806994288,,,,0.928540851927148,,0.06244963852247272,0.06487215162073895,0.0,0.01787806285846275,0.040455504369664046,0.08133749317507989,0.0,
OSZ,,,,,,,,,,,,,,,,,,,,,,,,
OTD,,,,,,0.9625866484069526,,,,,,,,,,,,0.018840154104526566,,0.0,,,,
OTH,,,,,,,0.9803472902752718,,,,,,,,0.9904591159751159,,0.06731785125676451,0.0,0.03341241090027942,0.07482972282639432,0.014365073017195612,0.0,0.0,
OTI,,,,,,,0.9649557316571554,,,,,,,,0.9748245486701337,,,,,,,,0.0,
OTM,0.9714439650361706,,,,,,,,0.9640205688776974,,,,,,,,,,,,,,,
OTP,,,0.9548378444105285,0.9829256323334054,,,0.9850435176741554,,,,0.940019593966697,0.9871523236245737,,,1.0,,0.0,0.03060022293213275,0.013770216140567042,0.1172831272150399,0.17956843854410767,0.1319495295036718,0.06556843279629501,
OTR,,,,,,,0.9820141821259207,,,,,,,,,,,,,,,,,
OTS,0.973390748638582,0.96226755899872,,,,,,,0.9540770023387671,0.9716767150998822,,,,,,,0.0,,,,,,,
OTZ,0.9888928773195566,0.9707814345994876,,0.9673290787528216,,,0.9536532760507294,,0.9879958592270708,0.9846054869279492,,0.9897649006709767,,,0.9760023711688667,,0.0,0.0023935467534160525,0.019869615997321247,0.0,0.020683516710610694,0.0,0.0,
OUA,0.964410341424524,,0.9743223971492375,,,0.9661526094870564,0.9856558451483391,,0.9244304465290102,,0.9995339409387001,,,0.9810108203096641,1.0,,0.0,0.031507731119140764,0.04859207002922991,0.08772779966015318,0.03264676000882075,0.03876913789175976,0.027491558751087133,
OUD,0.9870421387212366,0.9583559047275058,,,,0.9476155431384693,0.9794108899290581,,0.9499230979083959,0.9712293969282197,,,,0.985671681374281,1.0,,0.0,0.0,0.03533449848386,0.0745797302117183,0.12045443926319899,0.0,0.09509282105084912,
OUE,,,,,,,,,,,,,,,,,,,0.0,,,,,
OUI,,,,,,,,,,,,,,,,,,,,,,,,
OUL,,0.9787044766648182,,0.9086116073122668,,,0.868702053022358,,,0.9951609911377115,,0.970515192970329,,,0.9265397117224078,,0.016267883753356922,0.06678105612366486,0.06077114385636206,0.03563519505274302,0.12827183844936474,0.0,0.0,
OUZ,,,,,,,0.9884378555059097,,,,,,,,0.9958730930789903,,,,,0.1498155276986244,0.05207086578099235,0.0,0.0051856003193911674,
OVB,0.9695675641506947,0.9651625635619239,,,,,0.9193377059341613,,0.977993257425853,0.9990552255836781,,,,,0.9391536633214359,,0.0005592812527461965,0.03669896699252028,0.08570512805432771,0.1698038947744618,0.1794053191132275,0.124301284121063,0.0,
OVD,,0.9645904029909266,,,,,0.9052338033027711,,,0.9998921298609114,,,,,1.0,,0.005629723954403797,0.010339161853463334,0.1090328746166242,0.06209793919955151,0.07762203485419188,0.0,0.05546434452963199,
OVR,,,,,,,,,,,,,,,,,,,,,,,,
OVS,,,,0.879846937731321,,,0.9584540520679788,0.8989064173745742,,,,0.9290901672525039,,,0.9184365134856194,,,,,0.02373159983942929,0.21214339986688213,0.0,0.0,
OWB,,0.9643749013915254,,0.9819132325389508,,,,,,0.9535766238590336,,0.9965097611949951,,,,,0.0,0.006483926911938248,0.024788061931702927,0.0,0.0,0.0,0.10446321303207394,
OWD,,,,,,,,,,,,,,,,,,,,,,,,
OXB,0.8928766807732474,,,0.9678695633421878,0.970513995288655,,0.9691048068039977,,0.8758984733485822,,,0.9610315914079658,1.0,,0.9896829626611153,,0.0,0.05122181829734144,0.03482852132125164,0.010133635784030908,0.02034970508862358,0.024023231821208385,0.06867274660706559,
OXR,0.9835042647315085,0.9874076360612077,,,0.989374552511623,,,,0.9819138686425102,0.9881158851248628,,,,,,,0.0,0.0,0.0,,,,,
OYA,,,,,,,,,,,,,,,,,,,,,,,,
OYE,,,,,0.9678762530342435,,,,,,,,0.9780275576486852,,,,0.007729552568707879,0.0,0.0,,0.0,,,
OYG,,0.9870345990711907,,,,,,,,0.9982154984523649,,,,,,,,0.008328841255885051,0.027489348122017507,,,,,
OYO,,,,,,,,,,,,,,,,,,,,,,,,
OYP,,0.9844942459621897,,,,,,,,,,,,,,,,,,,,,,
OYS,,,,,,,,,,,,,,,,,,,,,,,,
OZC,,,,,,,0.9390093241019899,,,,,,,,0.9818608322888909,,,,,0.0762576902507856,0.061939977740761876,0.0,0.0029689204468766567,
OZG,,,,,,,,0.9194801599079683,,,,,,,,,,,,,,,0.0,
OZH,0.9895780564420332,,,,,,,0.9227640622569631,1.0,,,,,,,,0.18024290061089696,0.0,0.0,0.00951695204383781,0.14218602026073926,0.27466471850497287,,
OZP,,,,,,,,,,,,,,,,,,,,,,,,
OZZ,,0.9863579633225698,,,0.9151199997823884,,0.8944615258663535,,,0.9663998427964777,,,0.9372316334576621,,0.94087006195709,,0.10214802102527155,0.0,0.013304442993801305,0.0,0.0,0.03831862591016716,0.02157032707318898,
PAB,,,,,,,,0.9886036704082147,,,,,,,,,,,,,,,,
PAC,,0.9855583024859632,,,0.9636414334223203,0.9790356642757364,0.7583033232154508,,,0.8599304398175082,,,0.9482111936720493,0.9827254370509689,0.7629607384158217,,,0.047823780304814136,,0.0,0.0,0.0,0.0,
PAD,,,0.9753012152226576,0.9773010230761997,0.9377154005116949,0.9638772954981765,0.918691917968772,0.9845404186112585,,,0.960902501083969,0.9521519641738334,0.93363657550061,0.9940296092053802,0.9256733475533692,,0.15734441539849317,0.0,0.0,0.0,0.0,0.0,0.0,
PAF,,0.9880360979193507,,,,,,,,0.9993089833604905,,,,,,,,,,,,0.038480830726438375,,
PAG,,,,0.9815457887659708,,,0.9716269872759109,,,,,1.0,,,1.0,,,,,0.052022306675975,,0.0,0.01841927711673528,
PAH,,0.957680360450426,0.9802989790038705,0.9810161563639601,,0.9872549205307067,0.9520489026903698,0.9212176524421698,,0.9415804781369875,0.9802065551660937,1.0,,0.9947752477864924,0.9281567040644709,,0.0,0.0,0.0,0.08671254830542123,0.11404241839277474,0.0,0.0,
PAI,,,,0.9593248332906575,,,,,,,,,,,,,,,,,,,,
PAJ,,,,,,,,,,,,,,,,,,,,,,,,
PAM,,,,,,,,,,,,,,,,,,,,,,,,
PAP,,0.9878547391567883,,0.9831543759815138,,,,0.9132953995158104,,0.9914492434485632,,1.0,,,,,0.008834617808353042,0.0,0.0,0.052387553183991485,0.037050517100317835,0.016352833448804296,0.0,
PAS,,0.9826811780029406,,,,,0.9677054427715338,,,0.9950540330608659,,,,,1.0,,0.0,0.024056644392930464,0.04243064183599829,0.0,0.007615490390829405,0.0,0.00954276039551073,
PAT,,,0.9879154771814265,,,,0.9837355549198534,0.980753821226354,,,0.9957994191602358,,,,0.9713949508559434,,0.013063006327809346,0.035416412700708624,0.013697067524868526,0.06386549972254157,0.07741699216862036,0.09541917032744798,0.0,
PAV,0.9791024976653526,,,,,,0.9500698528227863,,,,,,,,0.9568558351734174,,,,,0.000940350188748155,,0.0,0.0,
PAZ,0.9852594586151842,,,0.9526720447499032,,,0.9750088857605013,,0.9919913216613823,,,0.9493888829088891,,,0.8037856887818484,,0.00813471080422832,0.05954450743211356,0.0683979641471847,0.0,0.0,0.0,0.0,
PBA,,,,,,,,,,,,,,,,,,,,,,,,
PBC,,0.9523300473834315,0.9468357470646892,0.8520316746902765,,,0.8006076200651554,,,0.9582655362527861,1.0,0.8960627839088231,,,0.8244179873286941,,0.0,0.15260875460473955,0.14701491033289457,0.03994583364822034,0.19951261832707554,0.05081356625480448,0.0,
PBD,,,,,0.9782787684002782,,0.9763043000208912,,,,,,0.9850886506517564,,1.0,,0.01496499814448045,0.021499343713595874,0.022782800569792625,0.0015738094243211527,0.0,0.03205792665135385,,
PBG,,,,0.974770299508947,,,0.9663027469712298,0.9649878804131458,,,,0.9943741330652689,,,0.9723161277206483,,,,,0.014846573492319614,0.05258372165161528,0.006348255388527873,0.0,
PBH,,,,,,,0.9419603612721975,,,,,,,,1.0,,0.027794031724165946,0.04159684810231253,0.040391641399895685,0.09638569932782923,0.09529278148916746,0.07689347109353659,0.17206228170104818,
PBI,0.9539289305197334,0.978730186628104,,0.9707955085335758,,0.9669193187310189,0.9000158141197191,,0.9405265056215913,0.9942303126314848,,0.9838004802350652,,0.8545420923038749,0.9826688250183185,,0.0,0.0,0.0,0.09144990158368371,0.012868787021635785,0.0,0.0,
PBJ,,,,0.9877781097696953,,,,,,,,0.9888994921007138,,,,,0.0,0.0,0.0,,,,,
PBL,,,,,,,0.9764186312369948,,,,,,,,,,,,,,,,,
PBM,0.9883445083004073,,,,0.988852489687939,0.9796373258411388,0.8977320055361402,,0.9719843280086047,,,,1.0,0.9987508863412724,0.9653070749167041,,0.0,0.0,0.0,0.01726014936926293,0.03193005028949909,0.04282548010057098,0.0,
PBO,0.9791138620280759,0.9734575919943819,,,0.9717473978951526,,0.9763095463889702,,0.9846046952061719,1.0,,,0.9957631069498191,,1.0,,0.0,0.0002567530506573489,0.0024983141846892246,0.032380458495888546,0.0,0.04295621016181015,0.07045658024019684,
PBP,0.7935486698198271,0.9586552854451535,,0.9628895319628044,,0.9807185662310081,,,0.9848557827569273,0.9927133407120784,,0.9678248522366683,,,,,0.0,0.03996175819191673,0.04455512404507574,0.0,,,,
PBR,,0.9873280314834293,,,,,0.9891277212515606,,,,,,,,0.9942822941505333,,,,,,,,0.0,
PBU,0.9484887853874029,,,,,0.9897740624222242,,0.9513905449824029,0.9455203616636529,,,,,1.0,,,0.0,0.014403987666446851,0.0,0.047845339312799606,0.09379240361771857,0.0619510747764257,0.0,
PBZ,,,0.9883788584226091,,,,0.9634420803765564,,,,,,,,0.9915139030373221,,0.0,,,,,,0.0,
PCL,0.9799481076530555,0.9851765427282962,,,,,0.9447338079839407,,0.9824509632015808,0.9906268154154299,,,,,0.9797314718288731,,0.0,0.0,0.015778049154083578,0.05985308946473216,0.10151664849046908,0.0,0.0,
PCM,0.970396307862766,,,,,,,,,,,,,,,,,,,,,,,
PCN,,,,,,,0.9202348098140626,,,,,,,,0.9550832441353313,,,,,,,,0.0,
PCP,,,,,,,0.9750734234886704,,,,,,,,,,,,,,,,,
PCQ,,,,,,,0.9616005946296775,,,,,,,,0.9790813714775153,,,,,,,,0.0,
PCR,,,,,,,,,,,,,,,,,,,0.007894554144328941,0.024062613532510387,0.04020094570034664,0.030702282412784273,0.011601749619940746,
PDA,,,,,,,,,,,,,,,,,,,0.011373299615425946,0.022057072721067657,0.0389757617278405,0.03252791737191658,0.011363281125270823,
PDG,0.9796851945918132,,,0.9886102642678009,0.9882929115234059,0.9452777605739071,0.8625022736261474,,0.9450875811546887,,,0.9904911557944786,1.0,0.997028979020929,0.9535969612990095,,0.0021298932813236695,0.09034781288813039,0.09681322873596053,0.007543444096816049,0.12802973152979563,0.020477477484763286,0.06353212801082767,
PDI,,0.9461236600681132,,,,,,,,,,,,,,,,,,,,,,
PDK,,,,,,,0.8561371565858602,,,,,,,,,,,,,,,,,
PDL,,0.9773982868448916,,,,0.9804314637588094,0.9149085966829638,,,0.9901639484773928,,,,0.9920771600094384,1.0,,0.017407051927284617,0.08493321955033281,0.11981864372753374,0.037241673273699774,0.07737531647009235,0.0,0.08479087501363344,
PDM,,,,,,,,,,,,,,,,,,,,,,,,
PDP,,0.9223642717628895,0.9433390281738148,0.9566910316660293,0.9875222684354084,,0.9037785552183856,,,1.0,0.9587254364052811,0.9635910610577764,0.9984898039172357,,0.9669666417325232,,0.07383269959640781,0.040797164637690904,0.0,0.0,0.07347285464857839,0.04619802886669195,0.0,
PDS,,0.8739076711928058,,,,0.9883543343202207,0.959254097120247,0.9391911485116253,,0.8964713003663762,,,,0.9961775658787548,0.9519415710796068,,0.10873289384672953,0.0,0.0,0.11130425027664108,,0.0,0.0,
PDT,,0.9877030408455048,,0.9799889588958094,,,0.9377850691314061,,,0.9956264161072383,,0.9916750558822696,,,0.9756982565358471,,0.0,0.0,0.07422014836254469,0.0,0.0019328439081399262,0.0,0.0,
PDV,,,,,0.9870306404854079,0.9879602319866343,0.96316262384215,,,,,,0.9480818272127625,0.993817704561834,1.0,,,,,,0.04920020978809866,0.0,0.08518384458873106,
PDX,,0.937431473445562,,0.9768897607618006,,,0.8329014212118134,,,0.9526142904449714,,0.9944068568757398,,,0.9985346675649066,,0.0,0.0,0.042812517005212665,0.03998586767446497,0.0,0.0,0.0017156378001250425,
PED,,,,,,0.9568425214527211,0.932604645269205,0.9520198441806172,,,,,,0.9336095949413837,0.9175780482400886,,,,,0.06896037593476363,,0.0,0.06146482056857401,
PEE,,0.9666396374325129,,0.949537130940746,,0.9490840714491633,0.926399449166607,0.8803145496302627,,0.9994680455561153,,0.9794304469176476,,0.920858895978777,0.9807882066116855,,0.3385578816500306,0.013316082028137203,0.01832134053655792,0.061310094036877275,0.01541596771663508,0.0,0.0,
PEG,,,0.9595014758681761,,0.9294694123163127,,,,,,0.9550562768429405,,0.9561549691532564,,,,0.10075019065824609,0.0,0.0029447222213548805,0.15533572066727905,0.11349637684632377,0.14326592978130573,0.21861731732621836,
PEI,,,,,0.9316302606631628,,0.8832812619678465,,,,,,0.9224711997071181,,1.0,,0.016577344525358615,0.008613644375298248,0.028423188608482683,0.02248237185712778,0.019467805634434485,0.04224578606639276,0.050518828082121735,
PEK,,,,,,,0.7376709422775922,0.7721183259459543,,,,,,,0.6738059274903253,,0.09438678161108073,0.28387382889866963,0.31976905879937834,0.26655349384888133,0.19316985796434227,0.0,0.0,
PEM,0.9861205703419713,,,0.982595959195525,,0.9893985949274962,0.937752097818164,,0.9846117241901441,,,0.9971920779888716,,0.985921619916817,0.9792255854985937,,0.0,0.03793194924215846,0.011273103773408656,0.03966282331304256,0.06763912515968966,0.0,0.0,
PEN,,0.9819897258452394,,,,,0.7991139668205951,,,0.9987136424584472,,,,,0.9416518513190901,,0.0,0.0,0.07793890441417081,0.15233966471718025,0.10477538628605904,0.0,0.03166129410124117,
PER,0.9553161802644692,0.9509966934310639,,,0.907937749976738,,0.7833452333232966,,0.9892873940261493,0.987686043293954,,,0.9713647980835595,,0.9468275777729468,,0.0,0.0,0.08277790022411,0.1424815981596354,0.043412582324524225,0.0,0.07992917481454474,
PES,,,,,,0.9759441296066613,,0.9172033036179084,,,,,,0.9862177953051852,,,0.022014083944020147,0.06413359226913899,0.02804933969547235,0.0,0.0,0.07219253195760282,0.0,
PET,,,,,,,0.9503006985508256,,,,,,,,1.0,,,0.0,0.0,0.09421281661282309,0.03784962001305149,0.0,0.2416190998588192,
PEU,0.9849245015098068,0.9169282253009312,,0.8517385188837557,,,0.9684578904583767,,0.9439983773340476,0.9969813306419694,,0.9151125309281785,,,,,0.027781534353553787,0.05302827665657713,0.0,0.04605940744914744,,0.010825910340679286,,
PEV,,,,,,,,,,,,,,,,,,,,,,,,
PEW,0.9836365661009105,0.9753528032185862,,0.8944921360072329,,0.9712449776522933,,0.9807883018923184,0.9878593677689286,0.995193903613294,,0.9770455155010058,,0.9508059497732201,,,0.0,0.1521666177931747,0.056647374760328,0.0,0.03172642182570623,0.0,0.0,
PEX,,,,0.989202875659706,,,,,,,,0.9993117865391523,,,,,,,0.0027111091661306706,0.0,0.011211520981282252,,,
PEZ,,,,0.9707658312616044,,,,0.9329632028696835,,,,0.9969479779273851,,,,,0.0,,,0.03400601398956142,0.054583376895199216,0.056477636398983684,0.0,
PFB,,,0.9686583326485443,,,,0.9153297420224561,,,,0.9589696799227524,,,,0.9864220207915683,,0.004921166239735689,0.0,0.11939804098879445,0.3182682474788142,0.0173321974668681,0.0,0.014779506652680175,
PFN,0.9724059478503126,,0.9827274566474254,0.9005259430297639,0.9130244150606355,,,,0.9941105195847216,,1.0,0.840263489023155,,,,,0.036422427336377024,0.20692131218506152,0.06418589009822535,,,,,
PFO,,,0.9534274166050759,,,0.9870098101174525,,0.9652335545299392,,,0.9955640772161477,,,1.0,,,0.0016518648861578381,0.044837308490426005,0.07321758632533494,0.041042173721013944,0.03810443774217875,0.038776638557997886,0.06281240116504105,
PFQ,,,,0.8493661796685534,,0.9420525627259261,,,,,,0.8489336563307633,,0.9341999249225659,,,,,,0.0,,,0.12650474172332668,
PGA,,,,,,0.9720246281396279,0.8908048398798867,,,,,,,0.8841424331848341,0.9140770629823017,,0.014846760351264202,0.0,0.0,0.1031543796594124,0.0,0.0,0.0,
PGD,,,,,,,,0.9630774221769837,,,,,,,,,,,,,0.48118554986002404,0.24114700867415914,0.0675737493388672,
PGF,0.9811615109662164,0.9734085412965526,,,0.9620261724768879,,0.9177594450321936,,0.9160731974196765,1.0,,,0.983865180511482,,0.9601592851678573,,0.0,0.05060071783987549,0.0683941669264158,0.07854191958236678,0.11318352452589908,0.00409084549423963,0.0,
PGH,,,,,,,,,,,,,,,,,,,,,0.04236266482174933,,0.011104608794342101,
PGK,0.976863610119201,,,,,,0.9363660517736491,,0.9530732455614247,,,,,,0.9737321272506608,,0.0,0.09124528278258641,0.08269073665285676,0.057571024087709574,0.1015629393413521,0.03897749222866812,0.0,
PGM,,,0.8009305666011002,0.9813848850539227,,,,,,,0.789309536260062,0.9916711380170293,,,,,,0.004134580049308559,0.0,0.002415082557248189,,0.0,,
PGQ,,,,,,,,,,,,,,,,,,,,,,,,
PGR,,,,,,,,,,,,,,,,,,,,,,,,
PGU,,,,0.9093557677766608,,,0.8179686068218137,,,,,0.9670678279532146,,,0.8203342070799859,,,,,0.0,0.09132516002453177,0.27706175649781034,0.0,
PGV,,0.9863880024386313,,0.9671258296211719,,,0.9542872480255504,,,0.9941504104138289,,1.0,,,0.99402562162238,,0.0,0.03180041365401255,0.0418785232391014,0.13890764091618393,0.10694323295406573,0.0,0.0,
PGX,0.9818135003082223,,,,,0.987537423463058,,,0.9358501138375662,,,,,,,,0.0,,0.0,,,,,
PGZ,0.9421769445285965,,,,,,0.9805086843108307,,,,,,,,0.981030312842764,,,,,,,,0.0,
PHB,,0.988793525621238,,,,,0.9842143353681305,,,,,,,,1.0,,,,,,,,0.07228066579331699,
PHC,,,,,,,0.9156697010759003,,,,,,,,0.9926668741236847,,0.4402050173030458,0.0,0.0,0.23531406126840526,0.018958363084872788,0.0,0.0,
PHE,0.929218205872431,0.9184797208820941,,,,,0.8713015567805005,,0.8669369571086208,0.9637814886234733,,,,,0.9669609112813027,,0.0,0.0,0.010546066752714158,0.23812274850963394,0.21646035112997325,0.0,0.0,
PHF,0.9839013722367367,0.8685599869477956,,0.8733866742859159,0.8839912276869383,0.9040408689979734,0.8618937244800343,0.9849071099848424,0.9809452811143922,0.951982560989147,,0.8300403209891324,0.9248124032950068,0.8692063388080304,0.896758152749347,,0.0,0.23449231743412738,0.22873523470254728,0.0,0.0,0.0,0.0,
PHG,,,,,,,,,,,,,,,,,,,0.0757246894228593,,,0.0,,
PHH,,,,,,,,,,,,,,,,,,,,,,,,
PHL,0.9802058739900037,,0.9862371298767948,,0.9090085100632871,,0.769231454264766,,1.0,,1.0,,0.8885643453795021,,0.9612527098273549,,0.0478315360779987,0.02521573696631729,0.03592520784265901,0.0,0.0,0.0,0.021972783959275943,
PHO,0.9665843108789455,,,0.9717196012727356,,,0.9299456535317157,,0.953752145374268,,,0.9878653333660011,,,0.9523513697206664,,0.0,0.0029266266874756345,0.0016799096046937736,0.008132872401457554,0.02387160630426244,0.0,0.0,
PHQ,,,,,,,0.7980084785352105,,,,,,,,0.9169706527756373,,,,,,,,0.0,
PHR,,,,,,,,,,,,,,,,,,,,,,,,
PHS,0.9824277051688819,0.9861778179463413,,0.8342633698026272,,0.8914724330442094,0.8626513478202303,,0.9778813231971167,0.9914728729059273,,0.9921156134001329,,0.9317520774134095,0.9166259949458079,,0.0,0.0,0.0,0.0,0.0,0.0,0.0,
PHW,,,,,,,0.9762173597548758,,,,,,,,,,0.0066283592374115395,0.009375113270085857,0.025380650792300594,0.011710608504982891,0.013179386431220713,0.0,,
PHX,0.9667853443734199,,0.9744731324791263,0.9690793210299797,,,0.7912185609927702,,0.9891004477525176,,0.9555375377714178,1.0,,,1.0,,0.0,0.0,0.0,0.04490537765640919,0.04215883770374785,0.0,0.07743186230088114,
PHY,,0.9866947007946973,,,,,,,,0.9964925552434952,,,,,,,,,,,,,,
PIA,,0.9244834891033362,,0.9464381060075162,,0.9038594198058885,0.8303995290731558,,,0.9504124465197258,,1.0,,0.8989862202867043,0.8379394245295536,,0.022320534522466677,0.09126789609244411,0.11718330602775569,0.03382264135095483,0.10382645245845884,0.0,0.0,
PIB,,0.9677233580397357,0.9879499968053214,0.9825496974529239,,,0.9252392872643803,,,0.9741530601371956,0.9986505832777373,0.9946094310286874,,,0.9622602232666397,,0.0,0.0,0.0,0.18916172793512695,0.12218358081878648,0.0,0.0,
PID,,,,,,,,,,,,,,,,,0.0,,,,,,,
PIE,0.9458539605709881,0.9600494787587623,,,0.8919683656347028,,0.918576753452782,,0.9738474585867517,0.9976637763765754,,,0.9862929191337538,,0.9948697979565363,,0.03341093091562025,0.03293043310662644,0.11252941285205058,0.1367440725320068,0.16925791375820498,0.059953703050571704,0.0,
PIF,0.9069768487161075,0.9492742650488993,0.9667128606086629,,0.9669538779436508,,,,0.987832731303893,0.8951988752927238,0.9272278056857611,,0.9758601496081412,,,,0.0,0.0,0.0,,,,,
PIH,0.9330951371388833,,,0.9401618699895492,,,0.9497511492076809,,0.9576703029853298,,,0.9512069130580798,,,0.9569372601867248,,0.04207661013614803,0.08681411744979939,0.0,0.0,0.002720458156512938,0.0,0.0,
PIK,0.8704709601393025,,,0.9656040347146425,0.9103642928310629,0.9100599261599288,0.9421139816658971,0.9509657058372822,0.9081586517985141,,,0.9158454880984515,0.9539683788795242,0.9284092014520198,0.9767704164227505,,0.0,0.31661915636622556,0.3355000702008271,0.0,0.0,0.0,0.0,
PIN,,,,,,,0.9008222745849163,,,,,,,,0.9201603487458706,,,,,0.0,0.0,0.04772845235468252,0.0010478840688963335,
PIP,,,0.9296259761765547,0.7846021531818423,,,0.9072851517525079,,,,0.9666911204941164,0.8252684525093492,,,,,0.001779540911956703,0.23080715822690817,0.0,,,,,
PIR,0.972699463129386,0.9896635787514286,,,,,0.9758417876669137,,0.957046375791487,0.993655412901658,,,,,0.991018524008684,,0.0,0.0,0.011586918298536742,0.011349213536144142,0.0,0.0,0.011724690500517086,
PIS,,,0.9659222018056037,,0.977227101481807,0.9728726839493321,0.9202178358741248,,,,1.0,,0.996003220784633,0.9800831805505177,0.9453162281885299,,0.0,0.061629300296365784,0.052015666633953475,0.07790672669489485,0.04499550870444188,0.0,0.0,
PIT,,,,0.961885353878981,,,0.8393234124319642,,,,,0.9828538220632821,,,0.9156257747678407,,0.008924854675093465,0.0,0.0,0.007262684152284176,0.0,0.0,0.0,
PIU,0.9605157636729652,0.9695326950209329,,0.9848721753577143,,,0.8910358756977154,,0.9776191399930925,0.9738475179715356,,1.0,,,0.9500464241866904,,0.0,0.0,0.00022762509546846055,0.10556690151705807,0.15860938062314722,0.0,0.0,
PIX,,0.9891042709863496,,,,,0.9714282759482176,,,0.9973009846999387,,,,,0.9840277597985511,,0.01771744404697504,0.10415942732506668,0.11661181007556576,0.0,0.008323592419660106,0.01314413692303384,0.0,
PIZ,,,,,,,,,,,,,,,,,,,,,,,,
PJA,,,,,,0.9747765421402266,0.9596422063857184,,,,,,,0.8740464820142094,,,,,,,,0.0,,
PJC,,,,,,,,,,,,,,,,,,,,,,,,
PJG,,,0.98845011326909,0.9797474078776519,,0.986201233653334,,,,,0.9956320564460158,0.9897421349296249,,0.9840305675899841,,,0.0,0.0,0.0,0.0,0.0,0.0,,
PJM,,0.9552357306031172,,0.9582564699223837,,0.9829779432179537,0.9676745831024175,,,0.9907576410259462,,0.9673457212642302,,0.9891586688082796,0.979255617482098,,0.0,0.04364693010819893,0.0469472519200925,0.0,0.014309945718742004,0.0,0.0,
PKA,0.978885126800747,,,0.9866361361067744,,,0.9700706545531322,,0.9625119782662019,,,0.9938698502254151,,,0.9920930467756568,,0.0,0.003244476864266708,0.0022831051816676385,0.0057267634657452125,0.01646873245244782,0.0,0.0,
PKB,,0.9378060253470651,,0.9688506169251491,0.9205500469595992,,0.9532195424945644,,,0.9432448064534371,,0.9382684329802291,0.9457914065846699,,0.9636838083888684,,0.0,0.05136575394501336,0.1004282996043333,0.0,0.03810477078733154,0.03791532164019056,0.0,
PKC,0.9842042890265623,0.9759123684114848,,,,0.981795995143978,0.9432484113049209,0.900556227230765,0.9488882753874895,0.9792416038030091,,,,0.9673708970288398,0.876463063163396,,0.0,0.0,0.03797352819170321,0.04890146484450944,0.0,0.0,0.0,
PKE,,0.9657387272096847,0.9844153312135479,,,,0.9575102559567519,,,0.950744037750698,0.9847618298582871,,,,0.9970302621854029,,0.0,0.0,0.0,0.0,0.0,0.0050474814505296435,0.009172370384259563,
PKG,,,0.9481531365665594,,,,,,,,0.9598873968636638,,,,,,,0.0,0.0,0.21635887362945846,,,,
PKK,,,,0.967803011725771,,,,,,,,0.9866117513369824,,,,,,,,,,,,
PKN,,,0.9885741168319842,,,,0.9568731739743236,,,,0.8870138770380619,,,,0.9721135397222715,,0.04436987826833377,0.012029968991637933,0.0,0.4303823270152887,0.13236964690779182,0.0,0.0,
PKO,,,,,,,,,,,,,,,,,,,,,,,,
PKP,,,,,,,0.9472827785920759,,,,,,,,0.9453472911057159,,,,,,,,0.0,
PKR,,0.9858217241866363,,0.984050581543714,,0.9843415928110233,,,,0.9789198589571311,,1.0,,1.0,,,0.0,0.0,0.0,0.03782035551822775,0.09419545621812256,0.046630961387328924,0.05324277501693031,
PKU,0.9644039299889908,0.9158184759040605,,0.9769461769088249,,,0.8321754523117283,,0.9286770678037963,0.9713308974747746,,1.0,,,0.9616469015189203,,0.0,0.09403218294913422,0.19394897003340308,0.09199046941203361,0.14769626592076654,0.05948842586902784,0.0,
PKX,,,,,,,,0.7593311347321661,,,,,,,,,,,,,,,0.582110773861038,
PKY,0.9586202325969014,,,0.9841744367191548,,,0.9512539334210285,,0.9103739185066306,,,1.0,,,0.9569171164031927,,0.0,0.05132203140939556,0.032588014002933194,0.07660050786366497,0.09181804732168666,0.0387033327836415,0.0,
PKZ,,,0.8980981638730818,,,,0.7923690884613986,,,,0.9199412995613985,,,,0.9773378123358251,,0.04074352050170219,0.11509122676160131,0.09850001124757626,0.033609633243405476,0.039181962566831666,0.0,0.04623888183680526,
PLB,0.9887415721081231,0.8548352679539291,0.9722503510128594,,,,,,0.9777738778187774,0.8518249304644724,0.9966438378214737,,,,,,0.0,0.0,,,,,,
PLH,0.982724255995154,0.9893151436688559,0.9542976475595215,,0.9888365788250179,,,,0.9857098609221169,0.9386798428492985,0.9449840154629683,,,,,,0.0,0.0,0.0,,,,,
PLJ,,,,0.9622127729390911,,0.98729205662237,0.9830320142904191,0.9894503854643893,,,,0.9881049451438786,,0.9853575376267699,0.9800136403739732,,0.005778009292034974,0.040110009491627095,0.013049597126578938,0.008892102548831993,0.049621550036324354,0.0,0.0,
PLK,,,,,,,,,,,,,,,,,,,,,,,,
PLM,,,,,,,0.8014890689065317,,,,,,,,0.900571662220131,,0.0,0.17882585823172636,0.09901194563689958,0.14777932883530462,0.20443104640330007,0.08083425335144008,0.0,
PLN,,0.9689554545522628,,0.9618145767756631,0.9456876863936547,0.9852602766467811,0.9729277783696166,,,0.9933766683199351,,0.93831575113632,0.9261851224714054,0.9820555560375701,0.9827384592589322,,0.0,0.09848785893895196,0.09039237064492453,0.0,0.0,0.0,0.0,
PLO,0.9603681434867007,0.9698805782715941,,,,,0.9501937883178598,,0.947226348666752,0.99292214956882,,,,,0.9797224640486186,,0.0,0.0,0.040063567968435326,0.08020320092234619,0.07712086755735652,0.0,0.0,
PLP,0.9864640624416829,,,,,,,,0.9760160429460106,,,,,,,,,,,,,,,
PLQ,,,,0.8510194591338643,,,0.9292102270337275,,,,,0.8687460272070457,,,0.9633547590053334,,0.017997717444870834,0.017842610830313112,0.0,0.0,0.08923315066052184,0.0043905762482680044,0.00973502461881076,
PLS,0.9650485484278906,,,0.9854253124895681,,,0.93827498158548,,0.9868009757040641,,,0.9975304667202511,,,1.0,,0.13951011912666256,0.1568295194161193,0.08735449939410331,0.06713956218920945,0.05587870873760184,0.0,0.05273868081222308,
PLU,0.9325399957796224,,0.9625822964272781,0.8371440328970658,,0.9648502116779931,,,0.9691729148686263,,0.8790412368123943,1.0,,0.7588323185305698,,,0.06424150017531229,0.0,0.0,0.14283091124696537,0.0,,,
PLV,,,,,,,,,,,,,,,,,,,,,,,,
PLW,,,,,,,0.9294030489099473,,,,,,,,1.0,,0.0,0.05035458021148274,0.05200934706097889,0.09962919446591517,0.14971235917051356,0.07929389105942065,0.04401154107037121,
PLX,,,,0.89252642382873,,0.931929263715389,0.9434922271813136,,,,,0.9983197177846318,,0.9684528527276509,0.9557695875766195,,0.0,,,0.0,0.1683189387511122,0.0,0.0,
PLZ,,,,,,,0.9131106803285184,,,,,,,,0.9619307404500086,,0.012522871823521827,0.028526086275380447,0.05025278608700748,0.016952128552352896,0.016945635430145337,0.0,0.0,
PMA,0.988289654787616,,,,,,,,0.988482106512404,,,,,,,,0.03888376458908079,0.0020397573564837966,0.0,0.05944427660129937,0.1121667806207268,0.03840850190291834,0.02423375211584918,
PMB,,,,,,,,,,,,,,,,,,,,,,,,
PMC,,,,0.9669247868267224,,0.9864667539434724,0.9576312995067554,,,,,0.9811611479533108,,0.9878944528913122,0.9829218687692717,,0.10404221609532993,0.019974411855949715,0.0,0.01990779816443638,0.020520563426256966,0.0,0.03690542516054821,
PMD,0.9628585511958975,,,,,,,,,,,,,,,,,,,,,,,
PMF,0.9779169837648681,0.9144030062051639,,,,,0.9736706376163297,0.9698663576310563,0.9931755136200735,0.9199122012282468,,,,,1.0,,0.0,0.0,0.07589064885548541,0.0,0.0,0.0,0.02403342049832099,
PMG,,,,,,,,,,,,,,,,,,,,,,,,
PMI,,0.9574389182386869,,,,,0.8566620669742443,,,0.9910152015591401,,,,,0.9938114208135995,,0.09147236372484309,0.10646787530739375,0.20405154910077994,0.22544609127679863,0.2440495990644354,0.0,0.04343489425359042,
PMK,,,,,,,0.9831657398176898,,,,,,,,0.989004097013456,,,,,,0.028297180861957573,,0.0,
PMO,,,,0.9629575574941491,,,0.881054156343974,,,,,1.0,,,0.9921692849303574,,0.08271308096242085,0.18041681239581153,0.1768069142317943,0.05248312968647693,0.15179490998960463,0.029400202985774334,0.019428926368490827,
PMP,,,,,,,,,,,,,,,,,,,,,,,,
PMQ,,,,,,,,,,,,,,,,,,,,,,,,
PMR,,0.9505664724808266,,0.9069204127296521,,,0.9228669715454807,,,1.0,,0.9110809973849291,,,0.9690067182166535,,0.03131179444103424,0.0642605829888884,0.1209325636691131,0.0,0.025137992447709995,0.0,0.0,
PMV,,,0.9117830471206392,0.8993761833576055,0.9756131037179884,,0.9195275267924862,,,,0.9788689799163702,0.8584512374961533,0.9026774497155088,,1.0,,0.0,0.02798809538540413,0.025505660208356443,0.0,0.0,0.0,0.10341253279199047,
PMW,,,0.9872395367365625,0.9543356014043841,,,0.9361599611306409,,,,0.9888722684512021,1.0,,,0.9494200462655965,,0.0,0.15910705126410704,0.007532945116861122,0.06986930012383179,0.10526753440240857,0.0,0.0,
PMY,,,,0.8533665922815726,0.9427930289086918,,0.9589627604740154,,,,,0.804654461024165,0.8784290774886273,,1.0,,,0.3140249261988037,0.09994656067492876,0.0,0.0,,0.0026141331841955592,
PMZ,,0.9549265260526008,,,0.9675458559570009,0.9885015447944953,0.9771219475602761,,,0.9896821379360723,,,0.9783704158395924,0.9848270981198352,0.9870298089849189,,0.0,0.019207884595943914,0.06955329157931393,0.0,0.0,0.0,,
PNA,,,,,,,0.903305711596516,,,,,,,,0.9920856415666376,,0.013626899984294559,0.024019415636813975,0.03671767324353108,0.0,0.002557339820835497,0.03635894790623023,0.0,
PNB,0.9838121069954963,,,,,,,,,,,,,,,,,,,,,,,
PNC,,,,,,,,,,,,,,,,,0.032511671638401116,,,,,,,
PND,,,,0.9658860584336614,0.8211258312178734,,0.9831310617730424,0.989847112057137,,,,0.9401178232702876,1.0,,0.9794794497592489,,0.011108749980322338,0.03632143240289775,0.008884689048252074,0.01035588364064454,0.04597159643618736,0.0,0.0,
PNG,,,,,,,,,,,,,,,,,,,,,,,,
PNH,,,0.9818519092184832,0.9677573167109295,,0.987515985484098,0.8279392683579438,,,,0.9885245380327858,0.9842951393122676,,1.0,0.915041269310234,,0.0,0.05650844112324293,0.08300133706541674,0.06770001892709702,0.12509069355322597,0.1661058111380818,0.0,
PNI,,0.9603848797933043,0.9602996324663488,0.988230181682074,0.9860916440829053,,0.9046614088042585,,,0.9359513182438473,0.9839249209996811,0.987770707708085,1.0,,1.0,,0.0,0.0,0.0,0.006224314175714514,0.05749309081068615,0.008725913513579058,0.0297394388018979,
PNK,,,,0.8980723636993972,,0.9287643534195243,0.8686721550438287,,,,,1.0,,0.9937098754138732,0.9056603206136762,,0.0,0.07359472417571952,0.04198579423731432,0.11299758698128555,0.34681296938485406,0.0,0.0,
PNL,,,0.9787344774956035,0.9888419174541008,,,0.9678152084187077,,,,0.9842533040799089,1.0,,,0.9833666314079472,,0.0,0.021981273223371553,0.004267782276803605,0.010196597960297317,0.028046914147973053,0.02154614379654887,0.0,
PNP,,,0.9348111676403049,,,,0.9665681698596971,,,,0.9223756155051442,,,,0.9840405611412428,,0.0,0.0,0.0,0.03475320549916845,0.027854474340902914,0.005242162528784833,0.0006943177166274762,
PNQ,,0.9879346609365321,,,,,0.8688392364196544,,,0.9982536700402621,,,,,0.9873712094239818,,0.039030095879676235,0.18645861520991197,0.2653590390682219,0.16303052559378306,0.11340814480486525,0.0,0.0677251529949564,
PNR,,0.8952493165577738,,,,0.9784069057964614,0.9488404287662229,,,0.9634623487116791,,,,0.9783933650328663,0.9764957545032117,,0.13520885265538335,0.0,0.1011154203135617,0.09287489338722353,0.03524914579566226,0.0,0.0,
PNS,,0.956585688943407,,0.8729764343067807,0.9576115540235253,,0.9120326057931956,0.9660337477420734,,0.9832967530479954,,0.8830702830008312,1.0,,0.937670681078025,,0.0,0.1196157350639284,0.07028565187172295,0.0,0.0658102397277406,0.0,0.0,
PNT,,,,,,0.7886673165299617,,,,,,,,1.0,,,,,,,0.01580628395149678,0.028042412748994938,0.07113170863542025,
PNY,,,,,,0.9712579167786565,,,,,,,,0.9720358373522525,,,,,,,,0.03558888034735698,0.0,
PNZ,0.9834138163280314,0.9815440372903912,,0.9843040177245004,,0.9874722607005919,0.9690378507040667,,0.986588374223075,0.9929485375583369,,1.0,,0.9620044134835568,0.9875617580613066,,0.0,0.06932241781659737,0.08077301198900895,0.044437391966647734,0.03951718976526343,0.0,0.0,
POA,,,0.9287064990226397,,,0.9529341095132131,0.8444868733974442,,,,0.8988091713437483,,,0.8889797975422966,0.9789858516720115,,0.0,0.0,0.0,0.19081129313846779,0.0,0.0,0.0,
POD,,,,,,,,,,,,,,,,,,,,,,,,
POG,,,,0.9709047792321212,0.9456076457547989,0.9837262493390795,0.983156477852452,,,,,0.9714834965624236,0.9512044284909408,0.9995560814892172,0.9931159128877955,,0.0,0.03860309879622785,0.0,0.0,0.0,0.018296017459466907,0.0,
POI,,,,,,,0.9732698932711399,,,,,,,,0.9835372802010258,,,,,,,,,
POL,,,,0.9663559412118242,,,0.9609215624237608,0.9793086908742695,,,,0.9814341869021349,,,0.9563214508589409,,0.2098874765616966,0.31215883038263004,0.16900853619022987,0.0,0.10039630643586661,0.0,0.0,
POM,0.9307510063390222,,0.9079210522202271,,0.9609295908961376,,0.9011631116518424,,0.9048277414976033,,0.9084549629346955,,0.9543421561358861,,0.9332848199888603,,0.0,0.00367413593030968,0.0,0.019730609727052064,0.0,0.0,0.0048069864505301116,
POP,0.9719101920136712,0.9279917041101781,0.9826090643898129,0.9448593184288845,0.9489108147929585,,0.8944865975864251,,0.9970948656766218,0.9538344585545963,0.9981520596267489,0.9455534260437439,0.9235503969335924,,0.922972044247651,,0.0,0.0,0.0,0.0,0.0,0.0,0.0,
POR,0.915829515960978,0.9819752014591987,,0.9885968833938884,,,0.9329313371938668,,0.9153573309921372,0.9810042766588771,,0.9954021069678191,,,0.9519818072961209,,0.0,0.0,0.012337158372830932,0.04354101593915283,0.1375791000219929,0.0,0.0,
POS,0.919743710577685,0.989821209579983,,0.9447361853804446,,,0.8526006226450498,0.9683872591216247,0.9675791023156806,0.9987714686174336,,0.9817041135104135,,,0.8466622473216237,,0.001382684587504821,0.0002829841117015224,0.0,0.09922318069045934,0.07359032326447316,0.0,0.0,
POT,,0.9887442394447475,,,,,,,,0.9980072954361291,,,,,,,0.001331986832734188,,,,,,,
POU,0.9688629245860613,0.9415170716206306,,,,,,,1.0,,,,,,,,,,,,,,,
POW,,,,,,,,,,,,,,,,,,,,,,,,
POX,0.8538599170568631,,,0.9389106571496766,,,,,0.8765453820004983,,,1.0,,,,,,,,,,,,
POZ,0.9656683022793927,,,,,,,,0.9905686566669314,,,,,,,,0.10081421789797056,0.1401219879705551,0.2026055700734466,0.07812328325648793,0.03542496765589763,0.08560707310405481,0.11083512781317041,
PPB,,,0.9286185808075369,,,,0.9647169903781859,,,,0.9133515488269079,,,,0.9946220686089605,,0.0,0.0,0.0,0.18522547125027794,0.04430334662440402,0.09631479632403557,0.009429659724865804,
PPC,,,,,,,,,,,,,,,,,,,,,,,,
PPE,,,,,,0.9861945832309239,,,,,,,,0.8596834331624204,,,,,,0.0,,,,
PPG,,,,,,,,0.967682359605239,,,,,,,,,0.18379730286659718,0.012353313767036384,0.01959470329727119,0.01690878247528902,0.029008521107117914,0.0,0.014010300743016365,
PPK,,,,0.9753023737688475,0.9721389301173136,,0.9665363901606052,,,,,0.9889501700754921,0.9922946058749756,,0.9828379384985706,,,,,0.0,0.0,0.01737247071831958,0.0,
PPL,,,,,,,,,,,,,,,,,,,,,,,,
PPN,,,,,,,0.9705144230705204,,,,,,,,0.9795908825953369,,0.0,0.0,0.00011221423003918791,0.060003788217267415,0.07171410050978748,0.008145207585656187,0.0,
PPP,0.9306950425929792,0.9541078981534228,,0.9261953624641691,,,0.9519059588404701,,0.9516083324251841,1.0,,0.9465693892945463,,,0.9899374896930864,,0.0,0.07125992134010402,0.03671734337169917,0.007046525886047531,0.09706449186893963,0.025389052793076947,0.02865246979749071,
PPQ,,,,,,,0.9464459580362017,,,,,,,,0.9829109916725898,,,,,,,0.0092070950977107,0.0,
PPR,,,,,,,,,,,,,,,,,,,,,,,,
PPS,,,0.9825961805512143,,,,0.8424304553108091,,,,0.9935070615555095,,,,0.9182537437410989,,0.0,0.0,0.0033309376133492906,0.11796802090300604,0.10230350789096113,0.0,0.0,
PPT,,,0.9620465174942222,,0.9682583066732083,,0.9167698819367359,,,,0.9590324179993956,,0.9535668311121727,,0.9992084677758801,,0.04694152610091089,0.04376187126521765,0.058562053186472625,0.0,0.024670997074067204,0.04248696279193,0.04003286231599364,
PPW,,,,,,,,,,,,,,,,,,0.03831273544706692,0.033561786578498044,0.017339675735176863,0.009018255747772038,,,
PPY,0.9884224540490169,,,,,,,,,,,,,,,,,,,,,,,
PQC,,,,,,,0.7455153249110479,,,,,,,,0.879909887381764,,0.02580806176821649,0.06669055799489547,0.07319298783011643,0.17513206817537733,0.2990365074707006,0.4920240870550608,0.0,
PQI,,0.9811730524255837,,,,,0.9432381743627343,0.9509727207027043,,0.9840547892603098,,,,,0.9086694843807155,,0.0,0.0,0.008292143082466645,0.006939831218980268,0.009168023033705576,0.04569329903202559,0.0,
PQM,,,,,,,0.9758652678695506,,,,,,,,,,,,,,,,,
PQQ,,0.9899005214712792,0.9790898236615568,,,,0.9393385167657219,,,0.9773827665643676,0.9885232263063959,,,,0.9853789628179435,,0.0,0.0,0.011786702420663705,0.0,0.0,0.0,0.0074297572094443156,
PQS,0.9619038987409221,,,0.986112805824421,,,,,0.9498325661649516,,,0.9914499943444124,,,,,0.0,0.0,0.0,0.01632888913833337,0.027861829885442432,0.0,0.0,
PQT,,,,,,,,,,,,,,,,,,,,,,,,
PRA,,0.8605967999886759,0.9528745321097112,0.9687684748070107,,,,0.8404680055329121,,0.8707197711750997,0.9707998274334789,0.9579960867573909,,,,,,0.0,0.10975688650605998,0.0,0.0,,0.0,
PRC,,,,,0.9760916662591418,0.9858611878150981,0.9745849615403233,,,,,,0.988994743083233,0.9848195084403486,0.980104444009382,,0.0,0.043940707744289945,0.1741777577836487,0.08491248735210553,0.0,0.0,0.0,
PRG,0.9851794166226903,0.9549063669093913,,,0.9823677459701144,,0.7799996308104484,,0.9979986598546937,0.9945677240805444,,,0.9570592593463775,,0.8831788389176853,,0.07082008802203464,0.20765287697031867,0.3046428754260185,0.0,0.05832309338353272,0.015827863851339965,0.0521129457440506,
PRH,0.9817688808106153,,0.9888865978480407,,,,0.9078171099408885,,0.9889547207050822,,0.9882555444840261,,,,0.9343233584502514,,0.0,,,,,0.07152273617728515,,
PRI,,,,,,,0.9605367864777453,,,,,,,,0.9905337485503083,,0.008799016332439995,0.005688375715674403,0.009151904755811293,0.0,0.02793053799363385,0.0,0.0,
PRM,,,,,,,,,,,,,,,,,,,,,,,,
PRN,0.9701523435727929,,,,,0.9781216686354541,0.9364780648969567,,0.9766279068868124,,,,,0.9986043481438092,0.9988468987631712,,0.11236438198099714,0.057802008650880365,0.028579375709762427,0.10813563627847186,0.05207255079875945,0.0,0.050485631739296356,
PRQ,,0.9348185789258431,,,,,,,,,,,,,,,,,,,,,,
PRS,,,,,,,,,,,,,,,,,,,,,,,,
PRY,,,,,0.9874806539862392,,,,,,,,1.0,,,,,,,,0.07595258201534442,,,
PSA,0.9816437000887583,,,,,,0.8823326644943059,,0.9621837383165003,,,,,,0.9493937141689737,,0.03988724363884284,0.3200662868057225,0.3025847416259092,0.12049061191573357,0.04619392588038548,0.0,0.0,
PSC,0.9672192141837613,0.9211200022012381,,0.9769928574350462,,0.9539015370484145,0.9713751743981375,,0.9924279304930124,0.9654849992277584,,0.994476081368799,,0.8912270324487286,0.9895034563903597,,0.0,0.08635979951951554,0.16174930322863412,0.0,0.0,0.0,0.0,
PSD,,,,,,,,,,,,,,,,,,,,,,,,
PSE,0.9611862437388419,,,0.9502651379517868,,,0.9744964965617745,,0.8422750486398608,,,0.9478428995007013,,,0.9924202336348863,,0.0,0.2389689197505387,0.2264854412633753,0.0,0.0,0.0,0.05103180462409556,
PSG,,,,,,,0.9858211248620803,,,,,,,,1.0,,0.0,0.003237654338201793,0.0033616026104697164,0.0006489564594359426,0.020507488094732695,0.0,0.011440318459959868,
PSH,,,,,,,,,,,,,,,,,,,,,,,,
PSI,,,0.989970469545881,0.9790456399498373,,,,,,,0.9988738112444357,,,,,,0.0,0.0,0.0,,,,,
PSJ,,,,,,,0.8666324191724193,,,,,,,,,,,,,,,0.0,,
PSM,,,,,,,0.8820175579682938,,,,,,,,0.9499863846235492,,0.0,0.0,,0.26098196734026013,,0.03993815617227679,0.0,
PSO,0.988339438475555,0.9885917081418973,,,,,0.9769494306586218,,0.9872646450446252,0.9866767765886687,,,,,1.0,,0.0,0.0,0.01306352985744244,0.04772195532806425,0.06295034876387069,0.002293356329381234,0.06828696070963225,
PSP,0.9474882591170376,,,0.9321021897881285,,0.966921027186279,0.9787628712929416,,0.9767058191089942,,,1.0,,0.8789457302587216,1.0,,0.0,0.05535901832406846,0.0,0.013226879063325122,0.043808114988319116,0.0,0.2092273741401097,
PSR,,0.8529171207136914,,0.9480964316903202,,,0.8898572038734552,,,1.0,,0.9447405014747615,,,0.9780866614014408,,0.24650857648575555,0.12270425603482371,0.10791799425441524,0.0,0.0021270525064597907,0.14353224542394175,0.0,
PSS,,0.9871397541774947,,,,,,,,0.9766371168304202,,,,,,,0.0,0.0,0.22206599419555267,0.2480261863609127,0.24086574819386064,0.19194119554846403,0.11640745714623874,
PSU,,,,,,0.9405827228260364,0.9419970433852434,,,,,,,0.9809330553288672,0.9472364244630911,,,,,,,0.0,0.0,
PSW,,,,,,,,,,,,,,,,,,,,,,,,
PSZ,0.8553413029480696,0.9673694089996412,,0.860194418917074,0.986405955230027,0.8046029796064744,,,0.8475833089364392,1.0,,0.8387497529092596,0.9499058145350183,0.9772776290853109,,,0.0,0.19162545026662947,0.23170575542083588,0.0,,,,
PTF,,0.9380090759119113,,0.9843762968428194,,,,,,0.9367636707480506,,0.9790236038049761,,,,,0.0,0.0,0.0158027489933408,,,,,
PTG,,,,,,,0.9365113414757891,,,,,,,,0.9714430425704553,,0.0037382775407053936,0.018965009757383616,0.031065698538698644,0.0107896005624314,0.009248210053423292,0.0,0.0,
PTH,,0.982305961814722,,0.7847466007171282,,,0.9162265737299375,,,0.9308274977034137,,0.8265109148536612,,,,,0.0,0.0,0.0,,,,,
PTJ,,,0.9783686181992848,,,0.7103002003998378,,,,,0.9738472347579962,,,0.8311019580336723,,,0.0,,,,0.0,,,
PTO,,,,,,,0.9519451007270248,,,,,,,,0.9997313745109986,,,,,,,,0.10227630979709361,
PTP,,0.9179190662291025,,0.9450010399780127,,,0.9009988319736209,,,0.9284966844194842,,0.9499264458260381,,,0.9548680428459798,,0.0,0.0,0.050737593209098014,0.0,0.054236883822579185,0.05819158334994701,0.0,
PTQ,,,,,,,,,,,,,,,,,,,,,,,,
PTU,,,,0.9694074751873711,,,0.9708520413481134,,,,,0.9798912085331026,,,0.9942920147532919,,0.01661000276303245,0.0,0.0,0.0,0.018954386257596798,0.0,0.0,
PTX,,,,,,,0.9875909685370274,,,,,,,,0.9966134130287838,,,,,,,,0.021513651643658954,
PTY,0.9767006413244149,0.9700730805272381,,,,,0.8026637137003458,,0.9631841285863443,0.9563866682827202,,,,,0.9615694248232419,,0.0,0.031564314359287964,0.15920201293694736,0.33539738143598075,0.24154929260597932,0.0,0.03444345244092561,
PUB,0.9735220995530713,,,,,0.952666769796576,0.9794218922358265,,0.9712463618257985,,,,,0.9464981161450807,0.9837137017944296,,0.0,0.02185589962578974,0.0,0.0653474516274403,0.0,0.0,0.009934651782734416,
PUD,,,,0.9694683693011397,,,,,,,,0.9708459561653091,,,,,,,,,,,,
PUE,,,,,,0.9635736147795096,,,,,,,,,,,,,,,,,,
PUF,,,,,0.9716662835346248,,0.8927647409304691,,,,,,0.9871598254833202,,0.917806333067,,0.0,0.05015203853535135,0.053937753494643005,0.0,0.005390669339473874,0.0,0.0,
PUG,,,,,,,,,,,,,,,,,,,,,,0.0,,
PUJ,0.9885964040147988,0.9714240380109425,,0.9755202691129837,,,0.8942716859731457,,1.0,1.0,,1.0,,,0.9990213805309691,,0.2585369335636667,0.25108808710832253,0.23206856812261897,0.13776661931988082,0.10014664894748548,0.0,0.04704943322851927,
PUK,,,,,,,0.9611716022459051,,,,,,,,0.9681803521213285,,,,,,0.037777499905347255,0.014461006568200725,0.0,
PUM,,,,,,,0.9874014400537678,,,,,,,,,,,,,,,0.0,,
PUQ,0.9808256755192992,,,,0.9812424191882521,,0.8932979369261723,,0.9618192409341385,,,,0.9930895968453965,,0.9267649398546887,,0.0,0.037883677102263216,0.025717609928660304,0.0007851467004870698,0.10019691974258209,0.01898641628098461,0.0,
PUS,,0.968578452583463,,0.9881995282507013,,0.9833872503846348,0.7592292403722675,,,1.0,,1.0,,0.9886093969658247,0.9524246520125258,,0.12744870031309885,0.12381053020347345,0.0712762418531186,0.03218099742306712,0.09841501033228368,0.0,0.030702531253122663,
PUT,,,,,,,,,,,,,,,,,0.0,,,,,,,
PUU,,0.9875758185533395,,,,,,,,0.9996660345081086,,,,,,,0.004415175183270165,0.0,0.0,0.012126686154021009,0.02150334977092986,0.021469748070428406,0.02226828239905396,
PUW,0.9722617897004091,,,,0.9343194874388698,0.9516316503190787,,0.971186403141332,0.9770430085184248,,,,0.9445334803082219,0.9438607709334456,,,0.0,0.0,0.0,0.09096212492845694,0.0,0.0,0.018057512623878367,
PUY,,0.9881486511449816,,,,,0.8990951159164491,0.9520437449392269,,1.0,,,,,0.9174684174783199,,0.26169694956230205,0.030621994617494055,0.0685547673451273,0.208810584192485,0.15116083729489055,0.0,0.0,
PUZ,0.9820020979947596,,,,,,,0.9671190699691313,0.9712622296062665,,,,,,,,0.0,0.0,,,,,0.0,
PVA,0.985173127171008,,,,,,,,0.9817701299126017,,,,,,,,0.0,0.0,0.005445041768633076,0.021307426756062866,0.027997092300848278,,,
PVC,,,,,,,0.9554166179345018,,,,,,,,0.9785634749811015,,0.0,0.005237927022488957,0.01580045359054846,0.003248747145076001,0.007022763719238565,0.0,0.0,
PVD,,0.9719788011055792,0.988542642505563,0.9279646673745228,,,0.8625663084128493,,,1.0,1.0,0.9214523835635983,,,0.9215241408628005,,0.0526799074954017,0.10795487806502553,0.021641750332670923,0.0,0.0,0.0,0.0,
PVE,,,,,,,,,,,,,,,,,,,,,,,,
PVG,,,,,,,0.7914775889656204,0.8752059710248782,,,,,,,0.8062223414329015,,,0.4253289721815331,0.2835294019170427,0.340698981986494,0.3171576615097225,0.14364615787193297,0.05990401514081892,
PVH,0.9785974696765485,0.9795808149736454,0.9768949247267927,,,0.9656552437296462,0.9624445614968932,,0.9468313707264844,0.9680733943480332,0.9920867370025097,,,0.9472463817479494,0.9994783867572029,,0.0,0.0125848126224647,0.051487405019026045,0.058260473749383715,0.06804474940760179,0.0,0.0,
PVK,,,,,,,0.9345694540822045,,,,,,,,1.0,,0.14420811742568296,0.10937399724251591,0.00686472123239934,0.09576174544092443,0.11709299311606769,0.03673110272320581,0.04843614359793437,
PVL,,,,,,,,,,,,,,,,,,,,,,,,
PVO,,,,,,,,,,,,,,,,,,,,,,,,
PVR,,0.9451492512764977,,0.9293751171567968,,,0.7617456446972801,,,1.0,,0.9635463839014072,,,0.8394459573745213,,0.03630831197634401,0.08956838383965421,0.06918900935251393,0.0932075543246179,0.06034681275076694,3.2726290732658174e-05,0.0,
PVU,,,,,,0.9741118758536115,,,,,,,,0.977465599824493,,,,,,,,0.0,0.31069855697377075,
PWE,,,,,,0.9800379830588172,0.9619676928036297,0.8356418790183131,,,,,,0.9879286642874385,0.8558877713454296,,,,,0.19887483554335142,0.16602052956508323,0.03862845910142597,0.0,
PWI,,,,,,,,,,,,,,,,,,,,,,,,
PWL,,,,,,,,0.8630552043059158,,,,,,,,,,,,,,,,
PWM,,0.8665174257325565,,0.9173361408712212,,,0.8246559538594302,0.9758595622776889,,0.9414845877371742,,0.9977588253581607,,,0.854074959275894,,0.0,0.0,0.03895686671100623,0.04689039965395476,0.1395315157110981,0.0,0.0,
PWQ,,,,,,0.9669375171975091,0.9226282125889071,,,,,,,0.9645350344868336,0.9354003536831167,,0.15755078951852466,0.09687449281082744,0.026476417803074383,0.014779946690599033,0.00614117496043885,0.05239426868869448,0.0,
PWT,,,,,,,,,,,,,,,,,,,,,,,,
PXA,,,,,,,,,,,,,,,,,,,,,,,,
PXM,0.9817455296782615,,,,,,0.9806246955896704,,0.9801306087672009,,,,,,1.0,,0.0,0.014576851200807024,0.017941305535343628,0.0077115880253126635,0.05106062255897008,0.02479644307334323,0.049925585234252154,
PXO,,0.8150146666566688,,,,,0.934319508262162,,,0.8364809755807524,,,,,0.9785186185646613,,0.0,0.0,0.02585524703368796,0.12421611576665233,0.1897621155757004,0.0,0.0,
PXU,,,,,,,,,,,,,,,,,0.012564036033766062,0.052864434696856144,0.06465393370270436,0.05290512589572666,0.09787307756580063,0.07208598552312197,0.036304800183313064,
PYB,,,,,,,,,,,,,,,,,,,,,,,,
PYC,,,,,,,,,,,,,,,,,,,,,,,,
PYG,,,,,,,,0.9639883309338636,,,,,,,,,,,,,,,0.12003532594552929,
PYH,,,,,,,0.9796454533537903,,,,,,,,0.9893748452191553,,0.0,0.0,0.0,0.0008454443916991366,0.002956288243390884,0.0,0.0,
PYJ,,0.9698305614986676,0.9488491888281967,,0.9524274635009903,,0.9639140456616127,0.9584426612889954,,0.9243387823102018,0.9495354014044517,,1.0,,0.9674059319239008,,0.0,0.0,0.045832734384417935,0.301847446093308,0.26160219430307335,0.09654939949602245,0.0,
PYK,,,,,,,,,,,,,,,,,,,,,,,,
PYM,,,,,,,,,,,,,,,,,,,,,,,,
PYT,,,,,,,,,,,,,,,,,,,,,,,,
PYY,,,,,,,,,,,,,,,,,,,,,,,,
PZA,,,,,,,,,,,,,,,,,,,,,,,,
PZB,,,,,,,0.9321518399700985,,,,,,,,0.9671520004928441,,0.010949164035753974,0.005620944273700152,0.01837710843209663,0.0,0.045127123833660576,0.0,0.0,
PZE,0.9859537543958709,,,0.9881516020515416,0.9100699693718339,,,,0.9929194335349687,,,0.9019189713403818,0.9071678126554049,,,,,0.03552372510411919,,,,,,
PZH,,0.9838788997056866,,,,,0.9645033677993455,,,0.8590517059146673,,,,,,,,0.0,,0.13308337775231505,,,,
PZI,,,,,,,0.9733850427510473,0.9146145862991746,,,,,,,0.9339224341013573,,,,,0.17805604634469785,0.19761644273313417,0.12668359591481146,0.0,
PZK,,,,,,,,,,,,,,,,,,,,,,,,
PZL,,,,,,,,,,,,,,,,,,,,,,,,
PZO,,0.977559485709225,,0.9880090864747759,,0.9850136249749497,0.9797585209250894,,,0.9804436401583939,,0.9971382324582411,,0.9313814541915476,1.0,,0.0,0.0,0.009397781217930966,0.03348481485341374,0.0,0.0,0.07793597653462983,
PZU,0.887436957987159,,,,,,,,0.9476620159792235,,,,,,,,0.0,0.008852440709799986,0.012842732027309938,0.08766193509932668,0.11213958881935202,0.02706964479189689,0.16617685478381206,
PZY,,,,,,,,,,,,,,,,,,,,,,,,
QAQ,,,,,,,,,,,,,,,,,,,,,,,,
QBC,,0.9847628240252185,,,,,,,,0.9920224857989972,,,,,,,0.0,0.0,0.009853710786061539,0.0,0.014619866845408185,,0.003387821354832592,
QCU,,,,,,,,,,,,,,,,,,,,,,,,
QDV,,,,,,,,,,,,,,,,,,,,,,,,
QFI,,,,,,,,,,,,,,,,,,,,,,,,
QFN,,,,,,,,,,,,,,,,,,,,,,,,
QGP,,,,,,,,,,,,,,,,,,,,,,,,
QGQ,,,,,,,,,,,,,,,,,,,,,,,,
QHX,,,,,,,,,,,,,,,,,,,,,,,,
QIG,,,,,,,,,,,,,,,,,,,,,,,,
QJE,,,,,,,,,,,,,,,,,,,,,,,,
QJG,,,,,,,,,,,,,,,,,,,,,,,,
QJI,,,,,,,,,,,,,,,,,,,,,,,,
QJY,,,,,,,,,,,,,,,,,,,,,,,,
QMK,,,,,,,,,,,,,,,,,,,,,,,,
QNS,,,,,,,,,,,,,,,,,,,,,,,,
QOW,,,,0.9878814772353753,,0.9790697614656574,,,,,,1.0,,0.9684066065869105,,,,,,0.012814330104638415,0.0,0.0,0.026107463123840397,
QPW,,,,,,,,,,,,,,,,,,,,,,,,
QQW,,,,,,,,,,,,,,,,,,,,,,,,
QRO,0.9886218883451157,0.9633301621198209,,0.9706166876425307,0.9882930038735627,,0.9111107921046611,,0.9945638681256012,0.9823017857508612,,0.9831275428992544,1.0,,0.9616160492815348,,0.0,0.06463737541812828,0.22751188918085552,0.35974381399232525,0.1593740926590922,0.0,0.0,
QRW,,,,0.9746499404622722,,0.9852921940237739,,,,,,0.9923472687360995,,0.9801102127712863,,,,,0.048178768533404456,0.0,0.003641089925063962,0.0,0.028500409302125936,
QRY,,,,,,,,,,,,,,,,,,,,,,,,
QSF,,,,,,,0.8007350452334155,,,,,,,,0.9462027595431486,,,,0.2403338532018579,0.0,0.0,0.0,0.001673874262543751,
QSR,,,,,,,,,,,,,,,,,,,,,,,,
QSZ,,,,,,,,0.9007104274834513,,,,,,,,,,,,,,,0.0,
QUB,,,,,,,,,,,,,,,,,,,,0.007358095813191633,,,,
QUO,,,,,,,,,,,,,,,,,,,,,,0.0,0.10545714932411886,
QUP,,,,,,,,,,,,,,,,,,,,,,,,
QUV,,,,,,,,,,,,,,,,,,,,,,,,
QUW,,,,,,,,,,,,,,,,,,,,,,,,
QXD,,,,,,,,,,,,,,,,,,,,,,,,
QYI,,,,,,,,,,,,,,,,,,,,,,,,
RAB,,,0.9553371936722158,0.9605977899694174,,,0.9656719384594168,,,,0.9849974349187179,0.9797018997512562,,,0.9814776411249014,,0.0,0.004896367658029857,0.0,0.032121006200128255,0.08265580578667174,0.0,0.0,
RAD,,,,,,,,,,,,,,,,,,,,,,,,
RAE,0.9876184300649078,,,0.9701601664026784,,,0.9753136253887308,,0.9934809639281061,,,0.9906593978595007,,,1.0,,0.0,0.03789524772035014,0.01945828386083658,0.01589859861011301,0.06442448285305279,0.01622186643563046,0.044083840906020404,
RAH,,,,0.9820922168724339,0.986831854861302,,0.9587484648342323,,,,,0.988264772032192,0.9789342014824615,,0.9810559288639855,,0.04408927931542371,0.0278786844712738,0.010067413065599084,0.0,0.024706937861415233,0.04268928066655108,0.020117010513730403,
RAI,,,,,,,,0.8974406574608547,,,,,,,,,0.0,0.363922286022928,0.3517978564021677,0.0,0.015507163497306605,0.0,0.016568738576867668,
RAJ,,,,0.9883150814126589,0.9671366174787022,,,,,,,0.9817122083881065,1.0,,,,0.0,0.056821618461977676,0.04130836749293383,0.00044198114287638014,0.05116500805858744,0.010162976463127704,,
RAK,,0.9166621913002595,,,,,0.789726234106966,,,0.9741647062510755,,,,,0.9353373421182889,,0.0,0.09868330266847702,0.22720608234384448,0.21101621184595792,0.1999145873179081,0.047817947495629114,0.01873668206934871,
RAM,0.9820101097197991,,0.8765587425829457,,,,,,0.913053118912619,,0.8730265337798596,,,,,,0.0,0.0,,,,,,
RAO,,0.986890507607613,0.9530570656223701,,,,0.9338123969580813,,,0.9100651327408675,0.8983855081916235,,,,0.9798943053879581,,0.0,0.0,0.0,0.11434346372227337,0.08709841123837898,0.0,0.011509687851908104,
RAP,0.9360681158336417,0.9769075935791182,0.983806435616748,0.9083128569535057,,0.961390401719413,0.8463140888569807,0.9639583193515159,0.9789759390393785,0.9820643164358702,0.9985997865792844,0.989439583645959,,0.894712956534556,0.8358474742970446,,0.0,0.14415202301012803,0.0767370355205431,0.0,0.0,0.0,0.0,
RAQ,,,,,,,0.9746921189315506,0.8782665601368307,,,,,,,0.8607407930875897,,,,,,,,,
RAR,,0.8969334632995184,,0.9782194092733401,0.9888421065965504,,0.8877949547715328,0.9518886465189662,,0.9385377629007781,,0.9818458584555577,0.9661848892135432,,0.9044199892862281,,0.024576833892810793,0.0,0.04648514013769292,0.0,0.0,0.0,0.0,
RAS,0.9851845983208769,,,0.9521993373553603,,,0.9698814943929679,,0.9939710525710131,,,1.0,,,0.9929656072996315,,0.09199855423239993,0.027200085894982767,0.0,0.1062026933304255,0.1039648665928471,0.0,0.07415540245709591,
RAT,,,,,,,,,,,,,,,,,,,,,,,,
RAV,,,,,,,,,,,,,,,,,,,,,,,,
RBA,,0.9797256302802217,0.977259290716434,,,,0.867353013058738,,,0.9729598260776957,0.9862632450699448,,,,0.9566809610921652,,0.0,0.023032971053860932,0.03215354240868266,0.16936541464136054,0.17952838558585105,0.0491031457279477,0.04690524418785881,
RBB,,,,,,,,,,,,,,,,,,,,,,,,
RBD,,,,,,,,,,,,,,,,,,,,,,,,
RBE,0.9736713081087861,,,,,,,,0.9664381334691519,,,,,,,,0.0,0.04228040751768597,,,,,,
RBH,,,0.9295102020389789,,,,,,,,0.9325055399156008,,,,,,0.001953923282904252,0.0,0.0,,,,,
RBQ,,,,,0.9828770727829882,,0.9786032646125575,0.926551032291793,,,,,0.9991715062960208,,0.922655000404422,,,,,0.032474255652087024,0.0006824792027464162,0.0,0.0,
RBR,,,0.9784283350002927,,,,0.9547480265485119,0.9599499430078567,,,0.9838966547898457,,,,0.9687345186108528,,0.003213654944849647,0.0028539908911290233,0.005207866936609993,0.05487209516662947,0.0,0.0,0.0,
RBX,,,,0.8596857472812345,0.9690506020025961,,,,,,,0.8599381933097014,0.9882008180375788,,,,,,,,,,,
RBY,,,,,0.9880558068723909,0.9860818548966603,0.9455201500504695,,,,,,0.9944874422386413,0.9709003296434287,0.976581907918753,,0.04960692941470208,0.025757942075337083,0.0,0.0,0.0,0.0,0.0,
RCA,,,,,,,,,,,,,,,,,,,,,,,,
RCB,,,0.9878018298958909,,,,0.9488612759143606,,,,0.999665489230762,,,,0.948033348705183,,0.0,0.011802718697104433,0.031059840717521804,0.017822831798538368,0.024289380697258833,0.0,0.0,
RCE,,,,,,,,,,,,,,,,,,,0.3044443927401366,0.0008192210208719912,,,,
RCH,0.9879899341119712,0.9862459109405612,0.9888775184076213,,,,0.9718058386727434,,0.9980914577339176,0.9785064065534369,0.9925005813738559,,,,0.9995870728282081,,0.0,0.0,0.0,0.08221179438496647,0.05111941985756527,0.0,0.03838828683144997,
RCL,0.9260145997790443,0.9868901811693386,,0.9235853477564551,,,,,0.925351667747949,1.0,,0.9987480551365093,,,,,0.0,0.20124511864854708,0.12419032210169867,,,,,
RCM,,,0.9607430297745753,,,,0.9818030912123666,,,,0.9596481290166836,,,,0.9885466925426549,,0.0,0.0,0.0,0.0,0.01772388158380933,0.014729119763928407,0.0,
RCO,,,,,,,,,,,,,,,,,,,,,,,,
RCQ,,,,,,,,,,,,,,,,,,,,,,,0.0,
RCU,0.9514281975461787,,,,,,0.8463339923909727,0.8422466353912985,0.8562709190076786,,,,,,0.9964686496580798,,,,,,,,0.0,
RCY,,,,,,,,,,,,,,,,,,,,,,,,
RDB,,,,0.9774838152824539,,,0.9699632184304682,,,,,0.9910512742667116,,,0.9953584132182415,,,,,0.003896251809124463,0.023861356188000386,0.0,0.0,
RDC,0.9669153531478445,,,,,,,,0.90134386356426,,,,,,,,,,,,,,,
RDD,,,0.9543869202689098,0.9812923123659477,,,0.9841734561662447,,,,0.9884072687336859,0.9869069830992626,,,0.9995252268851109,,0.0,0.021900222565027425,0.018797907042115827,0.0,0.0,0.02908692872970509,0.0,
RDG,0.9515145174250794,0.9850817208701483,,,,,,,0.9091714863387603,0.9723751345225372,,,,,,,0.0,,,,,,,
RDM,0.9445004418877954,0.9899969229325861,0.9746380995350465,0.9742342401598234,,,0.8837848075812644,,0.9975843299350118,0.9783278992171353,0.9944688533102825,1.0,,,0.9762772824155056,,0.0,0.10742336934747426,0.09739031376579112,0.05065719499339108,0.06090341172544421,0.0,0.0,
RDN,,,,,,,,,,,,,,,,,,,,0.5841358884964812,,0.0,,
RDO,,,,,,,,,,,,,,,,,,,,,,,,
RDP,,,,,,,,,,,,,,,,,,,,,,,0.05773585565635672,
RDU,0.9426513063981281,,,,,0.9442658793747695,0.8215678564021734,,0.9528555695302761,,,,,0.8582271926583758,0.988937617037899,,0.0,0.05463584073063823,0.0633040486636125,0.0,0.0,0.0,0.0544815148528192,
RDV,,,,,,,,,,,,,,,,,0.0,0.07530732881303467,0.0798009863847495,,,,,
RDZ,0.989145388274292,0.9798991349937863,,,,0.989132490934632,0.9290060912994464,,0.9713671397565398,1.0,,,,0.9896708528802838,0.9850577458846377,,0.0,0.04166822804101355,0.07866791627965318,0.030926000529005834,0.0,0.0,0.0,
REA,,,,,,,0.961154280043505,,,,,,,,0.964468431009844,,,,,,0.03782826962204336,0.007230315193024804,0.0,
REC,0.9714011498355937,0.9538523561827785,0.8574886190076081,,0.9759497743893824,,0.8076889458212462,,0.936522552851925,0.8850500718171053,0.9778453059271544,,0.9881425975111523,,0.9279638710982252,,0.0,0.0,0.009368318481624555,0.041243453116155286,0.026159951397167508,0.0,0.017058947817950688,
REG,0.9861318174934988,0.9898421316803098,,0.9543025814121857,,,0.936468431413419,,0.9765715274884696,0.9910369934087363,,0.9526431866636635,,,0.9808700840926857,,0.0,0.05443158664414986,0.053070330820383434,0.0,0.0,0.0,0.0748819897748493,
REL,0.9747178153081799,0.9270081937990029,,,0.9052699349852145,,0.9250942472877565,,0.9478791851071866,0.9520005464861323,,,0.9198385645163396,,0.9969607947238632,,0.0,0.03830639867935038,0.2189287614807656,0.14536148416854616,0.0,0.0,0.0,
REN,0.9480656099643852,0.9166753749482276,,,0.977527066822387,,0.9863814041462332,0.9213603153846825,0.9735839439067125,0.9585822115121083,,,1.0,,0.9898339103170057,,0.0,0.046021858625908255,0.17501340566193105,0.043481651444947714,0.020412003965663724,0.024099927597575253,0.0,
REP,,,,0.9801722704261968,0.9821933316634738,,0.5831239145800988,,,,,0.9845623431754787,1.0,,0.6761599307648317,,0.38044660184337586,0.23924777394778862,0.2264821417081601,0.20317267977125594,0.20636463252603,0.0,,
RER,,,,,,,,,,,,,,,,,,,,,,,,
RES,,0.9442865857422826,0.9177972464785596,,,,0.9581298797517501,0.9734110559725346,,0.9216704072733568,0.9235771539501177,,,,0.9373508257986356,,0.0,0.0,0.08805683513703703,0.2254125756973058,0.15884058639490706,0.2183227732398915,0.0,
RET,,,0.9171803832912464,,,,0.957397023656278,0.9837739896594005,,,0.9233929453293247,,,,0.9855578832531255,,0.003755713985299172,0.01578798151889783,0.0,0.08211092231906145,0.10469585387334382,0.0,0.0,
REU,,,,,,,0.9030073275100186,,,,,,,,0.9206455828373855,,0.13548980194723112,0.05520334378969879,0.07002154010025381,0.05592250194870996,0.0,0.0,0.0,
REX,,0.9894948179467605,,0.9595805691486828,,0.9870129065343041,0.9713940520227053,,,0.9918144137312865,,0.9629626092405141,,0.9826606859716362,0.9938118481191704,,0.020428682174858114,0.03125510348215937,0.04850204904845774,0.005157652552113212,0.047131615524387466,0.0,0.0,
REZ,,,,,,,,,,,,,,,,,,,,,,,,
RFD,0.9632147785520687,0.9775582477513806,,0.979744677912026,,0.972183613224353,0.9592837975797109,,0.9453553544255231,0.9902985062801577,,0.9941359056139002,,0.9006344389300681,1.0,,0.0,0.023099283928278785,,0.051686694422296224,0.0009615279170937834,0.0,0.13410686012603926,
RFP,,,,0.9766403181575971,,,0.9652607430649099,,,,,0.9749881111463661,,,0.9779213228086212,,0.03182410085901697,0.014661643507981935,0.011742183998943716,0.0,0.027556837129073995,0.0,0.0,
RFS,0.9832657407746996,,,,,,,,,,,,,,,,,,,,,,,
RGA,0.9555189591026977,0.9702584174023511,0.9160802217405577,,,0.983560111333135,0.9526336708960733,,0.9322130543962291,0.925564788650068,0.9644286217986235,,,0.9763276714744709,0.9899497955214155,,0.0,0.009324702404168907,0.13530509165134302,0.0977420935349475,0.0,0.0,0.0,
RGE,,,,,,,,,,,,,,,,,,,,,,,,
RGI,,,,,0.9808843302629774,,0.9732174597938054,0.9834440056752891,,,,,0.9952243025412124,,0.9614430182051246,,0.015339177097335862,0.031088879403682306,0.05248795003354919,0.0,0.0296486597993358,0.02108471969864858,0.0,
RGK,,,,,,,,,,,,,,,,,,,,,,0.089657818750531,0.0378627838282423,
RGL,0.9896648899060267,0.9494803188793839,0.9695457419421898,,0.973414731725384,0.9813466821888243,0.9233476862637183,,0.9403037978833989,0.942159385416403,0.9958729883364733,,0.9406734822016657,0.9965790692040296,1.0,,0.0,0.0,0.028346923376071552,0.0,0.0,0.0,0.022870228264753996,
RGN,0.9166741850017257,,,,,0.9855944477433048,0.9531545094756595,0.9372294796007141,0.922954994735255,,,,,1.0,0.9013077171624703,,0.0,0.056966968998679104,0.03647398315688763,0.13465223182898167,0.20881838338136435,0.18149172922066925,0.0,
RGS,,,,,,,0.9536978642217581,0.9437815123682952,,,,,,,0.9117982362039362,,,,,,,0.0,0.0,
RGT,,,,,,,0.9541212136505767,,,,,,,,0.9668578338577063,,,,,,,,0.0,
RHD,,,,,,,0.9873446458046117,0.8336422656249578,,,,,,,0.9649142079443426,,,,,,,0.2089004659021053,0.0,
RHE,,,,,,,,,,,,,,,,,,,,,,,,
RHI,,0.9095276657492781,,,,,0.9756247300892894,0.9459938768896604,,0.9317579993006808,,,,,0.9775903856675878,,0.0,0.0,0.05209830633822934,0.0,0.0007916983941376303,0.0,0.0,
RHN,,,,,,,,,,,,,,,,,,,,,,,,
RHO,,,,,,,0.9042667371390286,,,,,,,,1.0,,0.13060863268556375,0.1600513488873596,0.126178375119093,0.22738818216446358,0.29073089765898014,0.02037557345444164,0.03020131685111048,
RHP,,,,,,,,,,,,,,,,,,,,,,,,
RHT,,,,,,,,0.882069231203986,,,,,,,,,,,,,,0.17007862546209448,,
RIA,,0.8969707852427969,,,,,0.9503496022226556,,,0.8238042212612997,,,,,1.0,,,0.0,0.0,0.07375460720715625,0.03452126950502335,0.0,0.05657183056341556,
RIB,0.963740650667096,0.9702856454466579,,,0.7813541429084676,,0.9854827163796331,0.9526884326498938,0.9603547219420699,0.9406019106477971,,,0.8380143268949163,,0.9513365706888123,,0.0,0.0,0.0,0.27463309386636325,0.0,0.2848699995471505,0.0,
RIC,0.9014634545566537,0.9770941171924954,,0.9118483957988751,,,0.8576709311172572,,0.9547749662446295,1.0,,0.9686557236892551,,,0.9082919863316659,,0.0,0.08300903115862539,0.03642595705650545,0.03731560983927785,0.06819878212058267,0.0,0.0,
RIG,,,,,,,,,,,,,,,,,,,,0.08649782660358753,,,,
RIJ,0.9814473679679675,,,,,,,,0.7859736516889833,,,,,,,,0.0,,,,,,,
RIL,,,,,,,,,,,,,,,,,,,,,,,,
RIN,,,,0.9337476151405187,,,,,,,,,,,,,,,,,,,,
RIS,,,0.96316384454538,,0.967285170741568,,0.946759420373555,0.9870993537860827,,,0.9796281337160697,,0.9694825211350145,,0.9437408211828423,,0.11716857807496685,0.0,0.0017150381569856652,0.0,0.012438147613960617,0.05781993771148885,0.0,
RIW,0.9854407587665494,,,,,,0.9626631085396727,,0.9803708910791163,,,,,,0.9820390977447467,,0.0,0.02277253000481409,0.0,0.0,0.0,0.0,0.010879423303540248,
RIX,0.9867677742917916,,,,,,0.9089095724163071,,0.9461193310692764,,,,,,1.0,,0.0,0.4148226963864266,0.4235695922041622,0.0818742269921638,0.0,0.0,0.0024795117849325814,
RIY,0.9701183655342142,,,,,0.9569015188604313,,0.8799435186627891,0.9794217621580502,,,,,0.8818610306575221,,,0.0019507131351504917,0.054221198018438034,0.05357413395217089,0.10615196610783655,0.0,,,
RIZ,,,,,,,,0.938926421085078,,,,,,,,,,,,,,,0.0,
RJA,,,,,0.9818408754371768,,0.9796601486424745,,,,,,1.0,,0.9900470608318995,,,,,0.038673187800393534,0.05443998412578477,0.05428152630339773,0.07159007766992956,
RJB,,,,,,,,,,,,,,,,,,,,,,,0.020479861978900324,
RJH,,,,,,,,,,,,,,,,,0.017456228247392715,0.0,,0.03861744724264412,,0.048680377455224896,0.06736857917562573,
RJK,,0.9702558164495947,,,0.9217172290467638,0.9887299518358746,0.9210912609559102,,,0.9858168452799471,,,1.0,0.9915962154025176,0.9761672450285714,,,0.05018295486880885,0.10532211638449733,0.06927375228372085,0.11271698679879533,0.0,0.0,
RJL,,,,,0.9787653274629184,,0.9329808539436092,,,,,,0.9883225419711736,,0.9936381255153458,,,,,0.0,0.016215980601194578,0.0,0.0,
RJM,,,,,,,,,,,,,,,,,,,,,,,,
RJN,,,,0.9469742586207066,,,,,,,,,,,,,,0.01148471793213905,0.0,,,,,
RKA,,,,,,,0.9341669027895716,,,,,,,,0.9387831831758919,,,,,,0.06319261160458847,0.0,0.0,
RKD,,,,,,,0.9566672313023115,,,,,,,,0.975776021322191,,0.0,0.0,0.008248950616715697,0.0,0.009280023943360565,0.0,0.0,
RKS,0.984527571955803,,,,,,0.9482685882378995,,0.9751222506861557,,,,,,0.9608789305748459,,0.0,0.027260261545502124,0.03248959488268079,0.03352154883907142,0.0,0.0,0.0,
RKT,0.9835598055510398,0.9740766396354124,,0.7303223492214169,,0.940100371075389,,0.8506027476356065,0.9972650440470799,0.9696587757734589,,0.8735684726863366,,0.9916663207075249,,,0.0,0.1537740182243865,0.11285364604944935,0.0,0.39048278190762975,0.0,0.11295509932054196,
RKV,0.8688134130843314,0.8127243777752792,,,,0.9636900351029296,0.8850282644024166,,0.9197497893036598,0.9083698839716651,,,,0.9769858952237249,0.9334525475689741,,0.0,0.0,0.15083835536770232,0.08425139544200326,0.0,0.0,0.0,
RKZ,,,,,,,0.9721733655275326,0.9249733280556091,,,,,,,0.9430090600125284,,,,,,,0.19367265161913705,0.0,
RLG,,0.9613732599752254,,0.8704577312035079,,,,0.8455615494314176,,0.9993993959218966,,0.9314070090696251,,,,,0.18698512611194695,0.10618759054078354,0.0,0.0,0.15394841913205218,0.10814517281417861,0.0,
RLK,,,,,,,,0.8826861859890265,,,,,,,,,,,,,,0.12812525773591543,0.035311174738408065,
RLO,,,,,,,,,,,,,,,,,,,,,,,,
RLR,,,,,,,,,,,,,,,,,,,,,,,,
RLT,,,,,,,,,,,,,,,,,,,,,,,,
RMA,,,0.9881446007261979,,,,0.9759139827445794,,,,0.9909167984605102,,,,0.9851783945049825,,0.0,0.0,0.0025012309068636342,0.14114801572716756,0.028848356795600397,0.0,0.0,
RMF,,,,,,,0.8810043826665364,,,,,,,,0.9596196934631951,,,,0.2488586273600337,0.1170356840464637,0.04940009501450399,0.3544009768090426,0.0,
RMI,,0.972077947146625,,0.968832710215154,,0.9501125338012777,0.8839688712658624,,,0.9863506805986929,,0.9995817089257392,,0.9138885991551526,0.926431716078271,,0.4252954702103026,0.04706529099031319,0.04356971230554076,0.004753123809865653,0.0,0.0,0.0,
RML,,,,,,,,,,,,,,,,,,,,,,,,
RMO,,,,,,,,,,,,,,,,,,,,,,,,
RMQ,,,,0.9675326112243327,,,0.8097967697040838,,,,,0.994492515056059,,,0.8820695052661006,,,,,0.10952184201612564,0.16888968696353626,0.0,0.0,
RMT,,,,,,,0.973979568892736,,,,,,,,0.9719839629332901,,,,,0.0,0.02951694394980318,0.012603692069732055,0.0,
RMU,,,,,,,0.9254186358993486,,,,,,,,1.0,,,,,,,,0.03533688046884758,
RMZ,,,,,,,,,,,,,,,,,,,,,,,,
RNB,0.9663691500479213,0.9867480792159024,,,,,0.949901216975516,0.9057152450662997,0.973412807076926,0.9738263931933459,,,,,0.9653734378931577,,0.0,0.0,0.0,0.03765241998563279,0.03363255592652238,0.0,0.0,
RND,,,,,,,,,,,,,,,,,,,,,,,,
RNE,0.9837070849308834,0.9802584758092953,,,,,,,0.9555286751782985,,,,,,,,,,,,,,,
RNI,0.9759682292361151,,,,,,,0.966472120675189,0.9785869353092945,,,,,,,,0.0,0.0,,,,,0.0,
RNJ,,0.9829873987700337,0.9400451685282829,,,,0.9376649481726406,,,0.9491421919421316,0.9305577485498808,,,,0.9776317846892721,,0.0,,,,,,0.0004489631546469535,
RNL,,,,,,,,,,,,,,,,,,,,,,,0.009514056420133626,
RNM,,,,,,,0.9652689772472731,,,,,,,,0.9867364846456949,,,,,,,,0.0,
RNN,,0.9896000335711281,,0.9836976688890564,,,0.9240470191633303,,,0.9940995798260025,,0.9958893978467408,,,0.9573877526959375,,0.0,0.007185186926565664,0.014798375708073639,0.004144762902567102,0.11153897982812416,0.013428702725150453,0.0,
RNO,,0.9606510429191161,,0.9583237142635194,,,0.8772840381376311,,,1.0,,0.9864182589372319,,,1.0,,0.064316285111372,0.07951201774664009,0.07266030329043455,0.0,0.0,0.0,0.13343242559048096,
RNP,,,,0.9797830296927895,,,,,,,,1.0,,,,,,0.03263165137653881,0.0,,,,,
RNS,0.9888362091804239,0.9818384635105546,,,0.9659938826716394,,0.8662295805628908,,0.9535440916297852,0.9873843533621991,,,0.9831886684983866,,0.9365684277816031,,0.0,0.0,0.03838085483772075,0.031129169353545982,0.06055395641364354,0.026770205468860594,0.0,
RNT,,,,,,,,,,,,,,,,,,,,,,,,
ROA,0.9772083044108653,0.8406159482356341,,0.890696384562971,0.9782193599252192,0.982741397819021,0.7943026046321998,0.9731358347043771,0.957834601851708,0.9369894417768401,,0.9471391587072897,0.9801799268376256,0.9124405258139868,0.7759760304629223,,0.0,0.09728120556047892,0.16265270090694986,0.0,0.0,0.0,0.0,
ROB,,0.8390479142301449,,0.9884102723890834,0.935938432896554,0.9256596529248939,,0.9048276066385046,,0.8763282379088261,,1.0,0.9899048054318641,0.8840745590935567,,,,0.0,0.10643197570216918,0.2218956119198665,0.0,0.0,0.0,
ROC,0.9582459211084394,0.9352375116369859,,0.907003317637128,0.9413242610513134,,0.8256798460925778,,0.9610951155606822,0.9841588154399384,,0.933893275889491,0.9917187147230713,,0.860663576264167,,0.0,0.042471098222567075,0.01099959407498173,0.07120135287462556,0.0,0.0,0.0,
ROI,,0.9815990380905691,,,0.7954466406936579,0.8646613552368668,0.8720055081777944,,,1.0,,,0.977445919546512,0.9496214407690664,0.9754444841247618,,,0.0071907546295271576,0.019075409603358445,0.0,0.0,0.0,0.0,
ROK,,0.9575722493210986,0.8906572381602398,,,0.9378372503578295,0.955957800449926,,,0.8842183534456529,0.907426929601931,,,0.9403099528761093,1.0,,0.0,0.0,0.0,0.0,0.0,0.0,0.17627184837293774,
RON,,,,,,,,,,,,,,,,,,,,,,,,
ROO,,,,,,0.8749305517707209,0.9603619681180391,,,,,,,0.9301449320774832,0.9830499817121834,,,,,0.3470155189714956,0.3356623424734973,0.0,0.0,
ROP,,,,,0.9658923499092732,0.8424123144120864,,,,,,,0.9414568183912639,0.8642333872781741,,,0.01920458069077284,0.02980482719202685,0.22078276388062956,0.14378763548211132,0.0,,,
ROR,0.9461707144433076,0.9897251254999108,,,,,0.8617437940565854,,0.9452704560182629,0.998676378306898,,,,,0.9748485007464227,,0.0,0.0831098303251647,0.10101273118817128,0.043370786699142044,0.05260118686150255,0.0,0.15036351866014894,
ROS,,0.9045771716379726,0.9598490375351199,0.8794306846885437,,0.9731604473512905,0.8503558873216503,,,0.8695630398966276,0.957665424613047,0.9979963025239099,,0.9964227951497524,0.9378217354240501,,0.0,0.0,0.0,0.05050139657997799,0.3294198203356276,0.0,0.0,
ROT,,0.9500963673479451,,,,,0.937180662132551,,,0.9603422260838697,,,,,0.9718324457597691,,0.0,0.0,0.01255682453016256,0.06713878843459621,0.0,0.0,0.0,
ROV,0.9434646534329245,0.9527017412039607,,,0.9872661396325139,0.9588848389436483,0.9424754386878675,0.5470458011611168,0.9493759112784356,0.9967448935672473,,,0.9908703121759548,0.9528968032481618,0.7523482639190454,,0.0,0.03593722991481884,0.11911189463684041,0.09845941514524074,0.0,0.02847679110098854,0.0,
ROW,0.9889970954730789,0.8440045968469287,,,0.9411792965493768,,0.9754994982885956,,0.9664700206712585,0.8687021756974802,,,0.9677563300857017,,0.9909397428297825,,0.0,0.0,0.15866133957453157,0.04971087598570923,0.0,0.0,0.0,
RPR,,,,,0.9806857274725547,,0.965683722597136,,,,,,1.0,,0.9805570682246414,,0.038065789945964774,0.11977877336249286,0.10691868154885825,0.03064617811748291,0.04800835541260602,0.05016456828283185,0.0,
RQA,,,,,,,,0.9072644786427309,,,,,,,,,,,,,,,0.0,
RQY,,,,,,,,,,,,,,,,,,,,,,,,
RRG,,,,,,,0.9201075915559651,,,,,,,,0.9713771924049035,,0.015341434353786453,0.0226305083986377,0.02704397366710167,0.02023210666269617,0.03269952852363998,0.0,0.0,
RRJ,,,,,,,,,,,,,,,,,,,,,,,,
RRK,,,,,,,,,,,,,,,,,,,,,,,,
RRR,,,,,,0.8446083327091807,0.9677651163865293,,,,,,,0.8577193394862762,0.9731117815470699,,,,,,0.15357169412934588,0.0,0.0,
RRS,0.9793797387893635,0.9626535239453865,,,0.9503407557610098,,,0.9799890414658474,0.9843677115113273,0.98729207595661,,,0.9447520329010999,,,,0.0,0.0011684740398233277,0.04293424547843158,0.03288714860162478,0.0,0.04495073475440739,0.0,
RSA,0.8195817778687453,,,0.9891864306240227,,,,0.8453123531522583,0.7899324161056831,,,1.0,,,,,0.0,0.01588915744791661,0.0,0.046002196684462655,0.06762570387695052,0.21599664580077055,0.00158069812159092,
RSD,0.9870796903225463,,,0.9862930000796143,0.9293154197650724,,,,0.9869290893596966,,,0.9887456744872833,0.9688904637150147,,,,0.0,0.023007733580048657,0.018597282869265697,0.00015366448954196618,0.0,0.02997180955808165,0.05085643340388062,
RSH,0.9875674263151372,,,0.9811317264458319,,,,,0.9763050497797205,,,0.9869271854837685,,,,,0.0,0.0166014812498563,0.0,0.0,0.009859017598613148,0.0,0.0,
RSI,,,,,,,,,,,,,,,,,,,,,,,,
RSJ,,,,,,,,,,,,,,,,,,,0.6157515932695307,,,,,
RSS,,,,,,,,,,,,,,,,,,,,,,,,
RST,0.9765438301536046,0.9889731207930891,0.9629299737462451,,0.8475905763342577,,0.8890032666618511,0.968763434082616,0.9562146447772337,0.9737663785235465,0.99171794680414,,0.8040424223612883,,0.8835317844958415,,0.0,0.0,0.0,0.0,0.0,0.041351985806322586,0.0,
RSU,,0.9084488454806047,,,,,,0.8561247431610227,,0.9227311996391119,,,,,,,0.0,0.0,0.003256452854711099,0.15962198189893614,0.0,0.07091475381844539,0.0,
RSW,0.9326996579346286,0.9736427916637839,,0.9427925655938736,,,0.8760291778059888,,0.9349693060898492,0.9893443037569231,,0.997685234174003,,,1.0,,0.0,0.04477589403458543,0.01167178973748339,0.0977763613682815,0.05588889635502319,0.0,0.048578163252531656,
RTA,,,,,,,0.9630062443697778,,,,,,,,,,,,,,,,,
RTB,0.9852446092661873,,,,,,0.9796726820675768,,0.9587950329444751,,,,,,1.0,,0.0,0.1440987188884468,0.1316442187654329,0.14618138197689542,0.0,0.0,0.010705904744594541,
RTG,,,,,0.8179985330203734,,0.9728868574553788,,,,,,0.9690245532773418,,0.9849375664177162,,,,,,0.041191579272817164,,0.0,
RTI,,,,,,,0.9526292509211038,,,,,,,,0.9590425870047246,,,,,,,,0.0,
RTL,,,,,,,,,,,,,,,,,,,,,,,,
RTM,,0.9572051989502418,,,,,0.9379651419074396,,,0.9763728244376308,,,,,1.0,,0.0505332560087154,0.0,0.003787587803899721,0.1621905184260494,0.1758639256139684,0.002148635645854566,0.029461880002798667,
RTS,,,,,,,,,,,,,,,,,,,,,,,,
RTW,0.9581178921590859,,0.8320920848028293,0.9896889258037482,,0.9896810586485436,0.8474684254487308,,0.9740153264101322,,0.8915775143678172,0.9913419791863017,,0.9784237550090761,0.8629564967179165,,0.026055300254645888,0.2548753617502468,0.0,0.0,0.0,0.0,0.0,
RUA,,,,,,,,,,,,,,,,,,0.013708461215416665,0.021032424096833435,,,,,
RUD,,,,,,,,,,,,,,,,,,,,,,,,
RUE,,,,,,,,,,,,,,,,,,,,,,,,
RUH,0.9879619766302631,,,,,,0.9661275308859154,,1.0,,,,,,1.0,,0.05626862796865863,0.03205914422736647,0.02054772494310309,0.14198320029170455,0.1292869652321487,0.0,0.18850737820359262,
RUI,,,,,,,,,,,,,,,,,,,0.025333060583378537,,,,,
RUL,,,,,,,,,,,,,,,,,,,,,,,,
RUN,0.9773953444975017,0.9522409476231826,0.9630300898755443,0.9652183468391204,,0.9750095425195346,0.8603045024370284,,0.9792190187136592,0.9554951274278166,1.0,0.9976759169884672,,0.97789924907273,0.9710342145911675,,0.0,0.058283189077881624,0.07270576086757348,0.0,0.0,0.0,0.0,
RUP,,,,,,,,,,,,,,,,,,,,,,,,
RUR,,,,,,0.9891594068252981,0.973856922900617,,,,,,,0.9959032946749891,0.9739404225623874,,0.0042781181994532465,0.012257548515812344,0.020332549776284212,0.0,0.02206944149265751,0.0,0.0,
RUS,,,,,,,,,,,,,,,,,,,,,,,,
RUT,,,,,,,0.9572354526017077,,,,,,,,,,0.013911710333862726,0.0,0.0,0.004782669764652708,,0.0,,
RVD,,,,,,0.9603472991257428,0.9587324832645887,,,,,,,0.9534874822251324,0.9834379030958686,,,,,,,0.08823922904608034,0.1773629236176776,
RVE,,,,,,,,,,,,,,,,,0.0,,0.008013149087478482,0.01451183631400018,0.04348295093215729,0.03875924828311554,0.018088957804761857,
RVI,,,,,,,,,,,,,,,,,,,,,,,,
RVK,,0.9824419383975092,0.9696868504976187,,,,0.954307469075531,0.9083309835309299,,1.0,0.981434393053265,,,,0.9286561280593087,,0.06258171873794119,0.06393545077448276,0.0,0.03126836689751491,0.02585320111111297,0.08424108171296417,0.0,
RVN,,,,0.9575630098415395,0.9262393306953576,,0.9439514910664002,,,,,0.9611887441454697,0.9687696002484639,,0.9988554473582587,,0.24581275002194222,0.0636824627341145,0.0,0.030635314343008934,0.04591795642821758,0.0,0.149927254444884,
RVT,,,,0.9737081820934248,,,0.9869829568517864,,,,,0.9815177424905475,,,1.0,,,,,0.0018107686822228027,0.02352297453016025,0.022955418741331186,,
RVV,,,,,,,0.9740071290866549,,,,,,,,0.9694691893869039,,,,0.018449857811873537,0.0,0.029496645904229485,0.012541958659443513,0.0,
RWN,,,,,,,,,,,,,,,,,,,,,,,,
RXS,,,,,,,0.9135961912055717,,,,,,,,0.9883472908256118,,0.006716710958266964,0.0014987226605656426,0.0,0.05895205954618767,0.06024412111129763,0.0,0.018979473677283972,
RYG,,,,,,0.870639840874132,,,,,,,,0.7409841903763386,,,,,,,0.0,,,
RYK,,0.9863208154576921,,0.9817910310054524,,,0.9497580085065155,0.9731453085049938,,0.9953236990885069,,1.0,,,0.9372695866136058,,0.0,0.02107274374385402,0.016383357322387916,0.06152226928295452,0.03350831435549228,0.0,,
RYL,,,,,,,,,,,,,,,,,,,,,,,,
RZE,,,,,0.9751413931383104,0.9547041950749432,0.9879033600712972,,,,,,0.9811744137431102,0.9676437808578634,1.0,,,0.24314588727226924,0.2631032364296279,0.043234321425583463,0.016065642403471688,0.0,0.09082406338913583,
RZH,,,,,,,,,,,,,,,,,,,,,,,,
RZP,,,,0.9881701014890043,,,,,,,,0.988262936954495,,,,,,,,,,,,
RZR,,,,0.850036309158605,,0.879451560295324,0.8480931360311681,0.9425420888238082,,,,0.8929173133675247,,0.9929433812381341,0.9767480961317183,,,0.020996614832026254,0.0,0.0,0.11690230280619122,0.0,0.0,
RZV,,,,,,,,,,,,,,,,,,,,,,,,
SAB,,0.9843584372595269,,,,,,,,0.9887894099487045,,,,,,,0.0,0.0,0.0010913113953757501,0.034239385436099265,0.011917901587038118,0.0,0.0010558203692283949,
SAF,,,,0.9884746091613568,,0.9809622441375634,0.9720094553808543,0.9691830903119095,,,,1.0,,0.8558768231141489,0.95614218115839,,0.005523464809575458,0.0,0.0,0.2611373067133401,0.03281526242455944,0.0,0.0,
SAG,,,,,,,0.9698889185369032,,,,,,,,0.976227049112655,,,,,,,,0.0,
SAH,,,,,,,0.9471936204092262,,,,,,,,1.0,,0.03972708591493618,0.03863046002016461,0.06073702675319469,0.0040570013047601244,0.0,0.0,0.09599471845254531,
SAI,,,,,,,,,,,,,,,,,,,,,,,,
SAK,0.8602677807037106,0.8723042070397486,,,,,,,0.9015703280917646,0.9189129165168515,,,,,,,0.0,,,,,,,
SAL,,,,,,,0.8772998147197281,,,,,,,,0.9743410610499753,,0.0591393925175475,0.0,0.0,0.1515628363051557,0.05198679543757797,0.0,0.0043942621914964545,
SAN,0.9211403878283759,,0.9465622529118314,,0.9323873152227451,0.9801676255952941,0.846822894305642,,0.9282404233442543,,0.957670718762015,,0.9932363305790335,0.8870007752242545,1.0,,0.0,0.08166674127757796,0.01939560217075285,0.057293369632713885,0.0,0.0,0.10810886652193273,
SAP,,,,,,,0.8743038448728456,,,,,,,,0.9062380498280952,,0.07337634326432704,0.0,0.0,0.12091508805205649,0.008956859761624804,0.0,0.0,
SAQ,,0.9880376637318249,,,,,0.9775832928736711,,,0.9914365139431327,,,,,0.991459479398123,,0.0,0.0,0.07538723678249233,,0.0,,0.04466693516146296,
SAR,,,,,,,,,,,,,,,,,,,,,,,,
SAT,0.9320837904540772,0.9253818687238841,,,,0.9884760358299279,0.8654281514961367,,0.9857093818265491,0.9802604758483092,,,,0.813260074667421,1.0,,0.0,0.0,0.0509401810465797,0.1347363326338285,0.0,0.0,0.05331432904222744,
SAU,,,,,,,,,,,,,,,,,,,,,,,,
SAV,,0.9140264417333351,,0.8892868631019276,,,0.9477789245211002,,,0.9756197966801912,,0.9491579904545153,,,1.0,,0.058871504398520326,0.1689786839429872,0.1373384175902944,0.0,0.0,0.0,0.17249010275140284,
SAW,,,,,,,0.9144822492299619,,,,,,,,0.9988932159086359,,,,0.709986340541174,0.7077617676573755,0.487466902534103,0.0,0.09891005652833408,
SAX,0.9838624714916089,,,,,,,,0.9737038807175736,,,,,,,,,0.027060273305923366,,,,,,
SBA,,0.9470713669785423,,,,0.9704175208988671,0.9385129112458901,,,0.9916987999952875,,,,0.8498266923398908,1.0,,0.0,0.06705677236663952,0.13278447912507166,0.09553814245214164,0.0,0.0,0.23670146025279562,
SBD,,,,,,,,,,,,,,,,,,,,,,,0.10830480387239683,
SBG,,,,,,,,,,,,,,,,,,,,,,,,
SBH,,0.9834477610028232,,,,0.9673662448068192,0.987847324475032,,,0.9645793948125715,,,,0.9784872252580451,0.9980148401934742,,0.0,0.0,0.0,0.028956111763266214,0.017212620089235228,0.0,0.001971702455111644,
SBK,0.9835844507315884,,,,,,,,0.9735186103797663,,,,,,,,,,,,,,,
SBL,,,,,,,,,,,,,,,,,,,,,,,,
SBN,0.9436685349961983,0.9440387072656776,0.9415517137778822,0.9808620515568168,,0.8789136132070855,0.7996241078388008,,0.9091539476726528,0.9373495438637615,0.996767707266058,0.9982853696096744,,0.7833131837065714,0.8395581476906376,,0.0,0.09798913969186474,0.140817502350756,0.0,0.0,0.0,0.0,
SBP,0.9782479232390394,0.9801632125406724,,,,0.9406215077242199,0.9711132309214398,,0.9852505085670991,0.9982153589468166,,,,0.955060687616813,0.9968876386264178,,0.0,0.037813401152559115,0.09622470922412586,0.05040404338794913,0.041153225790096386,0.0,0.044293076692911375,
SBR,,,0.952839632676958,0.9533972862436737,,,0.9537921201064113,,,,0.9663665686485021,,,,0.9721842363832155,,,0.0,0.17051472852901872,,,,0.0,
SBS,,,,,,,,,,,,,,,,,,,,,,,,
SBT,,,,,,,0.9526691470665701,,,,,,,,,,,,,,,,,
SBU,,0.9893534556720157,,,,,,,,0.9981249829038988,,,,,,,0.0,,,,,,,
SBW,,,,,,,0.8988040233450438,,,,,,,,1.0,,0.010040163922903862,0.03937734241845047,0.03610094169951045,0.02598718683086305,0.0,0.0,0.03988107378014765,
SBY,,,,,0.9860223442942415,0.9183453860266529,0.919888316912884,,,,,,0.9936435680269717,0.9183242407999113,0.9346857719160682,,0.023932139634105894,0.0,0.0,0.013833406667598568,0.0,0.0,0.0,
SBZ,0.8657756907471148,,0.9847828392765924,,0.9506307177925929,0.9820491475583223,0.9731042852416982,0.8945837732369908,1.0,,1.0,,0.9433773969763843,1.0,0.9556069297583156,,0.09096339332641355,0.057307368821200105,0.08770104426564053,0.009805797933091727,0.0054267349847475456,0.078006644244073,0.0,
SCC,,,0.9874947038483667,0.9696702330082779,,,0.9505770422109143,,,,0.9838269770751056,0.9945278655051822,,,0.9906662087082481,,0.011372218979056607,0.006415337585490981,0.0,0.02260206649350364,0.043079365996578835,0.07640159175692816,0.0,
SCE,,0.9847480125305784,,0.9002712942958371,0.9537655675397716,,0.8000225448901929,0.9569677294699389,,1.0,,0.9052900604786385,0.9922785772506578,,0.7732354517503349,,0.01705946107979619,0.21230275437131566,0.13963669483946858,0.01869204337001536,0.142997563846901,0.08476469561983184,0.0,
SCF,,,,,,,,,,,,,,,,,,,,,,,,
SCG,,,,,,,,,,,,,,,,,,,,,,,,
SCI,,,,,,0.9633419007239896,,,,,,,,,,,,,,,,,,
SCK,,,0.9518485054006289,,0.9827598338632978,0.9247429940692002,0.8839938447176827,,,,0.9425847226387207,,1.0,0.9328366429469105,0.8985443204084178,,,,0.0,0.06065846170822579,0.007374140234505304,0.0,0.0,
SCL,,0.9627144382006735,0.984040340804258,,0.967628032429537,,0.8092799282158362,,,0.9980240864957515,0.9956573294943782,,0.9971732968862524,,0.9606929839993451,,0.0,0.05935036308943546,0.04043837205748834,0.0,0.01318506207359966,0.0,0.06554772360003504,
SCM,0.9864248458578755,,,0.989866221103113,,,0.9701235149265863,,0.982688401134938,,,0.9923624681294224,,,0.9927879372779919,,0.0030137423593379377,0.0,0.0,0.009804678047204002,0.01835653702412659,0.0,0.0,
SCN,0.9828204741275898,,0.9633304788466538,0.9678141585589354,0.9836207204008884,0.9327999765473752,0.8751948817466673,,1.0,,0.907782153447127,0.9429290296944711,0.9402949142893223,0.9820719657428263,0.9801447363625426,,0.09788628279280366,0.0,0.0,0.0,0.0,0.0,0.0,
SCO,0.9009159801033049,0.9053420953174278,,0.9510096052304386,,,0.9827772753523162,,0.9797539663695974,0.9944584781117901,,0.9963892054610732,,,1.0,,0.032746948997084725,0.1646307541119709,0.1910570067679976,0.01882925165309121,0.11195085047882895,0.0,0.17222590115437547,
SCQ,0.9213276175628268,0.9569203941329173,,,0.9781135295292508,,0.9465255331539371,,0.8955613954689352,0.9864330163442679,,,0.9912277729229998,,1.0,,0.0,0.0,0.044487928065053764,0.03201009276058859,0.03788039515791587,0.0,0.01850276198360146,
SCR,,,,,,,0.9665669054729672,,,,,,,,1.0,,,,,,,,0.006398336965230308,
SCT,,,,,,,,0.7804118041889013,,,,,,,,,0.055898443895830784,0.02332465069584335,0.02197511030777917,0.0074750928982815655,0.0,0.0,0.17531852453283714,
SCU,0.9000048062037806,,,0.9492060592817217,0.9605610529863551,,0.8867109138218027,0.9654367653478205,0.9036085139757342,,,0.9606000716910484,1.0,,0.8806501360865142,,0.0,0.06633497961955662,0.0,0.03214967612223655,0.13390565911045585,0.0,0.0,
SCV,0.9856837044318135,,,,0.8899264097624164,0.983748006768199,,,0.968158154027956,,,,0.8961025699286099,1.0,,,0.11574893505585804,0.2552711363695256,0.017904563084632095,0.0,0.0,0.20816063174268418,0.11865622010647801,
SCW,0.874855534572445,,,,,0.989867835377674,0.9716997416583392,0.7890340212616282,0.9952043135356392,,,,,1.0,0.9087205457268464,,0.01654929762430993,0.009741369572520569,0.018801792466515702,0.06746032042225208,0.06233353634909324,0.06896272109848349,0.0,
SCX,0.9785528370055193,,,,,,,,0.9844805746030406,,,,,,,,0.0,,0.015802265738897227,,,,,
SCY,,,,,,0.9827267204092369,0.9547965668013211,,,,,,,0.9777269047782821,0.991605583531947,,0.020831081029775163,0.03747961355388156,,0.008805873556270818,0.012837772346431535,0.0,0.0,
SCZ,,,,,,,,0.9401269460263754,,,,,,,,,,,,,,0.11396907272665271,0.0196604736736425,
SDA,,,,,,,,,,,,,,,,,,,,,,,,
SDD,,,0.986492784777179,,,,0.9530908319674803,,,,0.9931171920294118,,,,0.9846476755853784,,0.0047693349263681776,0.017207679235323476,0.03271914869721011,0.048079350093137234,0.02052977864278546,0.0,0.0,
SDE,,0.9159488720601857,,0.986453440580174,,,,,,0.9118479241412805,,1.0,,,,,0.0,0.0,0.0,0.024693914447606612,0.23093784674593634,0.21621371656407418,0.2107700149454794,
SDF,,0.9198362230511579,,,,0.9687479356262026,0.8737574787050892,,,0.9816988458753851,,,,0.8668731459594932,0.945462085082246,,0.0,0.016617303255013247,0.12148501039494157,0.07300220689596089,0.0,0.0,0.0,
SDG,,,,0.8604822410217923,,0.9686849814815653,,,,,,0.909347045172756,,0.9370956166462105,,,,0.02453081251554169,0.0,0.0,0.05449151352972276,0.0,,
SDJ,0.9727661605374882,,,,0.9878647091856547,0.9893248681433809,0.8809560703899587,,0.9546659687676458,,,,0.985437521049934,0.988925175251779,0.988564710049072,,0.0012939871987672272,0.0,0.0,0.013644005384468763,0.01812239799325569,0.0,0.0,
SDK,,,,,,0.9751470636614308,0.9195413121888893,,,,,,,0.9588958820758189,0.9744821971892544,,0.012413381349709174,0.22390774331351412,0.048743580627783535,0.006166490171365337,0.0,0.0,0.0,
SDL,0.950000712745435,0.9803525681301566,,,,,0.8643889332447197,,0.9530951453141799,0.9884775112264986,,,,,0.8762162257483844,,0.0,0.0030468355078176156,0.06232718312041386,0.08480267264339256,0.05749143854430824,0.0,0.0,
SDN,,0.979204971484178,,,,,0.9597687664492967,,,1.0,,,,,0.9865244623938696,,0.0,0.014754483947933805,0.05244123115878617,0.020097700119247865,0.007368528435709891,0.0,0.0,
SDP,,0.9894346975898726,,0.9788501094504459,,,0.9668472387259793,,,0.9988318912549317,,0.9915772402383575,,,0.9982235551635957,,0.007093350864419933,0.0,0.004892689196780059,0.0,0.018195524113318946,0.0,0.0,
SDQ,,,0.9721569743632523,0.9802741891640305,,,0.9012107810568181,,,,0.9525294233895567,0.985672484657029,,,1.0,,0.00025454378573621386,0.008242058342646326,0.0,0.01919983596464284,0.05081393896154234,0.0,0.11810151622671679,
SDR,,,,0.9642713623305414,,,,,,,,0.9912458200371704,,,,,0.0045072927155321895,0.15398310692043166,0.16081219021364826,0.0,0.0914894205551893,0.04139411378825757,0.07622764713791208,
SDT,,0.9802591262198704,,0.9767946551625344,,,,,,0.9978153179562996,,0.9918728766501975,,,,,,0.0017292108345448262,0.0,,,,,
SDU,0.9739382846195201,,0.8411257821623215,,,0.9793714676566732,0.9426041270926743,0.9838131194318916,1.0,,0.7713341323309553,,,0.9379272743388026,0.9888672671500288,,0.07105402691792348,0.0,0.0,0.5766844512136174,0.1002496104945858,0.0,0.0,
SDV,0.9883018829611311,,0.9455765761412118,,0.8927480457790926,,,,0.9983564741670778,,0.9244815471195182,,0.8703890038096226,,,,0.0,0.0,0.0,0.05129769552366809,0.0,,,
SDW,,,,,,,,,,,,,,,,,,,,,,,,
SDY,,,,,,0.9869389672629164,,0.9893034591602743,,,,,,0.9594617166789754,,,0.027291416829689507,0.11565151638327208,0.1438045618747819,0.0,0.0,0.0,0.0027620544191095026,
SEA,,,0.9724629702582859,,,0.9516683056337689,0.7742171020583214,,,,0.9530584962247135,,,0.9649698356344951,1.0,,0.0,0.0,0.0009177356019497365,0.04166795929201086,0.0,0.0,0.07630782872975252,
SEB,,0.8971187315745528,,,0.9827259238455525,0.9060832379521098,0.9195780672680971,,,0.9180381517255851,,,0.9895124336733547,0.8117051580253488,1.0,,0.0,0.003686029054456969,0.12310802216652961,0.0475985937404094,0.0,0.0,0.23094786063188305,
SEK,,,,,,,0.9672065327519724,0.9547332779307789,,,,,,,0.9498004506536726,,,,,,,0.006923640184563016,0.0,
SEL,0.963837279845205,0.8782637594566582,,,,,,,0.9228493338119538,,,,,,,,,,,,,,,
SEN,,,,,,,0.6596123280395902,0.9856992528450614,,,,,,,0.7043435535197294,,,,,0.5074114994386939,0.536091353814968,0.15972229588281858,0.0,
SER,,,,,,,,,,,,,,,,,,,,,,,,
SES,,,,,,,,,,,,,,,,,,,,,,,,
SET,,,,,,,,,,,,,,,,,,,,,,,,
SEU,,0.9679390022336248,,,,0.9643621210004164,0.917788753567759,0.9362061114212344,,1.0,,,,1.0,0.9049915121656887,,,,,,,0.3651144696587172,0.0,
SEW,,,,,,,,,,,,,,,,,,,,,,,,
SEY,0.9876813195400049,,,,,,,,0.9873235985277243,,,,,,,,0.0,,,,,,,
SEZ,0.9747943775845381,,,,,,0.9298586886588251,,0.9800348026210561,,,,,,0.9893218014011876,,0.011031677320138074,0.020667055451074286,0.01111332979472414,0.03460556515985878,0.045921497354709455,0.0,0.0,
SFA,,,,0.9355402855280606,,0.9761438141943984,0.862595720743766,,,,,1.0,,0.9742910118216654,0.9973010152487108,,0.038211263165321294,0.027580389324383576,0.0,0.04382942103562055,0.048460009582858676,0.0,0.0,
SFB,,,,,,,0.9040282589336449,0.9024092625292698,,,,,,,0.8711361933308692,,,0.41001182010684945,0.22147464096634548,0.23896112006737807,0.45743882095985233,0.0442768841989667,0.0,
SFD,,,,,,,,,,,,,,,,,,,,,,,0.0,
SFE,,,,,,,,,,,,,,,,,,,,,,,,
SFG,0.9860141894506697,0.9478591727248677,,,,,0.9736282329015467,0.94674303838444,0.9824245107545859,0.9618767906411555,,,,,0.9842288436329752,,0.0,0.0,0.07452579169173237,0.03763247616293963,0.006906590779519135,0.0,0.0,
SFH,,,,,,,,,,,,,,,,,,,,,,,,
SFJ,,0.9644252996923598,0.9634655448885894,0.9291612903128499,,,0.9617525707271226,,,0.9579403031167826,0.98883002001169,0.944640531593488,,,0.9876569530130124,,0.0,0.0,0.0,0.013688275560987903,0.09139259679280648,0.0,0.09220955486396917,
SFL,,,,,0.9842935242973935,,,0.9523532024021335,,,,,0.9872588441472678,,,,0.24423188884168082,0.0027605036512478635,0.0,0.0,0.0,0.0,0.007013316911056895,
SFN,,0.9262399280956797,,0.9867756523284905,,,,0.8469338585956993,,0.9435465673159243,,1.0,,,,,0.0,0.0,0.0,0.23399928934800562,0.23920531952270607,0.22582776334375393,0.0161337935820575,
SFO,,,0.9080473904972859,,0.9832673426598814,,0.7771103824482329,,,,0.983103977737873,,1.0,,0.9855752357689882,,0.0,0.02372618110729644,0.05433841127459924,0.1017375226157456,0.0844943006528968,0.0,0.06506706246311937,
SFQ,,0.9845477612501419,,,,,,,,0.9764916335870348,,,,,,,0.027129903209904032,0.01060273259274353,,,,,,
SFS,,0.9312641593357446,,,,,,0.988430542313715,,0.995738372095179,,,,,,,0.0012408067249205683,0.0,,,,,,
SFT,0.9724253358283397,0.9883168406001845,,,,0.9890558766855582,0.9868252570205295,0.9648549816596003,0.9836111331677919,0.9945569727278005,,,,0.9999754980140413,0.9801650277151885,,0.0,0.006453252371892968,0.026775129408981347,0.023599350185370103,0.04902166122804935,0.027842578131201036,0.0,
SFX,,,,,,,,,,,,,,,,,,,,,,,,
SGC,0.9759953730908237,,,,,,0.9456024787621924,0.9404949250673122,0.9844935271160492,,,,,,0.9437601570571762,,0.19347791405196627,0.2842600543031908,0.1081389600858098,0.04009001895955223,0.026493569938767125,0.015386346738911877,0.0,
SGD,,,,,,,0.982522807277529,,,,,,,,1.0,,0.007855447340002175,0.0,0.0,0.014296671555279535,0.018139649075564226,0.05030683034989245,0.08164497395281316,
SGF,0.9719097770958708,0.9202428714287184,0.9341241007039132,0.899762725292742,,0.983322185668631,0.7966246763361771,,0.9983447698529471,0.940639892705929,1.0,0.9949461293524318,,0.9132840533983824,0.8050283757190821,,0.0,0.056199221135999504,0.029288680422629918,0.0,0.002110035991532042,0.0,0.0,
SGJ,,,,,,,,,,,,,,,,,,,,,,,,
SGK,,,,,,,,,,,,,,,,,,,,,,,,
SGN,,,,,,,0.8196499958829302,,,,,,,,1.0,,0.08111492855262524,0.2485685033227107,0.32251267146280005,0.08160454663028258,0.08995195403143515,0.001861107555957224,0.17310892014105733,
SGO,,0.9798638305937403,0.9817324817416313,,,,0.9838631125188939,,,0.9782875139105051,0.9824127272809924,,,,0.9877503883631479,,0.0,0.0,0.0,0.029749752789743233,0.02264362481661695,0.011231668656229064,0.0,
SGS,,,,,,0.9881858596327305,,,,,,,,,,,,,,,,,,
SGU,0.9584336681047553,,0.9861573832807229,0.9875552284186134,0.9139912178281642,0.9345932584830418,0.9416212044777436,,0.96208368032977,,0.9967122758816953,0.9564134476921055,0.9929420012479939,0.9985838415385229,0.9619440150880423,,0.0,0.008938259868062924,0.008663311099737402,0.0,0.0361544708244998,0.001238883257210631,0.0,
SGX,,,,,,,,,,,,,,,,,,,,0.004204740313386281,,,,
SGY,0.9375896153685106,,,,,,,,0.930651463948109,,,,,,,,0.0,0.001040419217790562,0.0,0.01586806053023934,0.044168789737693365,0.0,0.011583819768098332,
SHA,,0.8082800603911617,0.8404801769618844,,,,,0.6381272073142783,,0.709554415346826,0.9075264682493719,,,,,,0.0,0.0,0.0,0.2975321691293987,0.231395174093996,0.3398484616985526,0.005911846634815843,
SHB,,,0.9735440277502904,0.91735737686237,,,0.9732509605447623,,,,0.959924582606559,1.0,,,0.996388307095083,,0.06989768463615219,0.027360533631783056,0.1172540576356057,0.07212772126397266,0.19255286528241086,0.0009257102863737478,0.0,
SHC,,,,,,,0.9648292837413946,,,,,,,,1.0,,0.057747986363304596,0.033699189202742154,0.027044410943874327,0.04113386687295836,,0.02410341172191957,0.023314263381895295,
SHD,0.9806587906895762,0.9090533022329719,,,,0.981696894524744,0.9513071954253102,0.9108809867193254,0.9801748549373438,0.9771219869843133,,,,0.9980097811195556,0.9480484254931598,,0.04397288294941343,0.0,0.10758050934440919,0.013176109260330035,0.03496708641431278,0.03082295061075744,0.0,
SHE,0.9707268344025293,,,0.9734250134213711,,,0.9708765891487411,0.9128901451663626,0.995658145331223,,,1.0,,,0.9127638758498393,,0.09089846390226189,0.29281878466236466,0.17649698080269985,0.15959363353228082,0.1925272484271748,0.25628325738274427,0.04376205234923791,
SHF,,,,,,,,,,,,,,,,,,,,,,,0.09121560248256015,
SHG,,,,0.9823538650058236,,,0.9725005112172779,,,,,0.9940863199904727,,,0.9931882206270217,,0.0481789067147815,0.0,0.0,0.004620054139637029,0.020200567087974,0.0,0.0,
SHH,0.9864148659976881,0.9699687193848382,,,,,0.8933206137453401,,0.9990072257820951,0.9667231021818432,,,,,1.0,,0.006569170428727622,0.0,0.0,0.01754474990999894,0.0741014717456511,0.0,0.013893439934992662,
SHJ,,0.9346858841351242,,,0.9479637001905856,0.8972857786598084,0.9124174036681263,,,0.985111168358124,,,1.0,0.9024711483231367,1.0,,0.0,0.061503349055307195,0.14654656038833339,0.38733718915783943,0.13616982053887786,0.0,0.07167097201867277,
SHL,,,,,,0.9707322812109725,,,,,,,,0.9825837023939777,,,,,,0.0,0.0,0.03734435932949565,0.19807976447277287,
SHO,,0.6962680398071048,,,,,0.9645222223852731,,,,,,,,1.0,,,,,,,,0.01154884688196662,
SHR,0.9807378904216445,,,,,,0.9750038753391652,,0.9682936674627665,,,,,,0.9849646345403077,,0.0,0.02288793509313198,0.028236565116672958,0.000904010314561057,,0.0,0.01503154773743296,
SHS,,0.9888859075937977,,,,,,,,,,,,,,,,,,,,,,
SHT,,,,,,,,,,,,,,,,,,,,,,,,
SHV,0.9758988437295654,0.889055107416939,,0.7976168828636652,0.9483291943432197,0.8975397471059074,0.8783896011990978,,0.9843047247126765,0.9424325486129804,,0.8058481253111383,0.9946150402808636,0.8861271846491091,0.9014873880115979,,0.0,0.18177570552637665,0.12174693255226322,0.0,0.01735821910416943,0.0,0.0,
SHW,,,,0.9896054409643158,,,0.9778759574701626,,,,,0.9976466171066946,,,1.0,,0.005592395562697137,0.020672965960407824,0.015451342733451246,0.016693360507856657,0.05265355275776422,0.025009711165103237,0.01687018536106797,
SHX,,0.9838241226241763,,0.9806536664001202,,,0.9600105549512863,,,0.9952114403543777,,0.9872868835012829,,,0.9856883307720963,,0.0,0.0,0.006719010003807487,0.0,0.011619050804550347,0.0,0.0,
SHY,,,,,,,,,,,,,,,,,,0.0,0.0,,,,,
SIC,,,,,,0.9630705483646401,,,,,,,,1.0,,,,,,,0.0,,,
SID,0.9761210986214872,,0.973839854362864,0.9682946170244953,,,0.8698177882823357,0.9629289871507503,0.9853043719696488,,0.9476276697074252,0.9996695984299694,,,0.8467723066613206,,0.02352944464466485,0.0,0.0,0.059588709033096134,0.20248746935299558,0.05167128634848078,0.0,
SIF,,,,0.9870158353251383,,0.9870209908849301,0.9873407058855697,,,,,1.0,,0.9898897474540507,1.0,,0.0,,0.0,0.034323240762293906,0.034213996292938136,0.01815943580147662,0.03314837751784567,
SIG,,,,,0.8413231398115737,,0.9870201633796152,,,,,,0.8770822981007669,,1.0,,0.4002492521421512,0.0,0.0168082597460691,,0.0,,0.0011191854685839834,
SIM,,,,,,,,,,,,,,,,,,,,,,,,
SIN,,,0.9797621971392944,,,0.9462257498783041,0.6197400173347017,,,,0.9886382025088568,,,0.9543684673065183,0.8665670639229125,,0.04418385334777587,0.11740109300262251,0.10459768015511617,0.168445489740731,0.045495614401196455,0.0,0.03808014304346455,
SIP,0.9582652883675555,0.9826303853506116,,0.934191470197708,,,0.9815301805508279,0.5899610625027555,1.0,1.0,,0.9863031012068917,,,0.7499182513329137,,0.11143715527762509,0.0725515710636284,0.07612198944506746,0.009704191086181405,0.15695365838472866,0.08349538466650987,0.0,
SIQ,,,,,,,,,,,,,,,,,,,,,,,,
SIS,,,,,,,0.9489180537785488,,,,,,,,0.9706844474490302,,,,,,,,0.0,
SIT,,,,,,,0.9857826177741917,,,,,,,,1.0,,0.013051824872201067,0.005658936332593673,0.0022863442488241137,0.005687132978635123,0.013628428494473328,0.0,0.025403379318336514,
SIU,0.9832477165313092,,,,,,0.9896720535500373,,,,,,,,,,,,,,,,,
SIW,,,,,,,,,,,,,,,,,,,,,,,,
SJB,0.9581041404283095,,,,,,,,0.965791285528934,,,,,,,,,,,,,,,
SJC,,0.989461096942784,,0.9798981611146841,0.9768386028040703,,0.8210644784376462,,,0.9861913102227264,,0.9731454666692174,1.0,,0.9795494773438684,,0.0539008341884797,0.0,0.0,0.049761607280182855,0.05487117357853752,0.0,0.0,
SJD,,,0.9808909264021207,0.9693923332138066,,,0.7996969702860257,,,,1.0,0.9975035347272455,,,0.9221121979574091,,0.06391901382478964,0.11103525817808255,0.04602028612028351,0.08116712162255607,0.08981710345785325,0.0,0.0,
SJE,,,,,,,,,,,,,,,,,,,0.0030223355613497147,0.022297687134343287,0.039963208698723794,0.023975966744123077,0.029694916773200842,
SJH,,,,,,,,,,,,,,,,,,,,,,,,
SJI,,,,,,0.9875295336873137,0.9754033761787806,,,,,,,0.9890349684791853,0.9960001149033952,,0.0,0.0,0.012308276129726394,0.030980373067612352,0.015525319318955315,0.0,0.005073370826922471,
SJJ,,,,,,,0.9500719888525149,0.9763030902075249,,,,,,,1.0,,0.23951149759946494,0.0,0.0,0.11079968414356915,0.0,0.01967548898012685,0.09131081570085005,
SJK,0.9425430905905905,,0.8966010026062492,0.9582217106359205,,0.9245254748422873,0.970314078212259,,0.9116934777326302,,0.7335373836522411,1.0,,0.9423150196717465,0.8635774816821491,,0.0,0.0,0.0,0.2318429872273763,0.3191751882012816,0.0,0.0,
SJL,,,,,,,0.938779718163955,,,,,,,,0.9553074800660779,,,,,,,0.03329297227461153,0.013183869705496362,
SJO,0.9832424202277125,0.8754687091409671,,,0.9777852637661072,,0.8105044199549769,,0.9937308004324964,0.9717087447886796,,,1.0,,0.9470217080848473,,0.01758388987239587,0.0,0.178860550421583,0.09224552796972851,0.022032385501593678,0.0,0.004643191234022117,
SJP,,0.9695576095823906,0.9722502712375867,0.8474239528624514,,,0.9794924892667343,,,0.9453958572095139,0.970260273679018,1.0,,,1.0,,0.0,0.0,0.0,0.06450354971586995,0.22987437017330642,0.0,0.04970906004120486,
SJS,,,,,,,,,,,,,,,,,,,,,,,,
SJT,,0.9691497798675621,,0.9168419912020727,,,0.9769566154638533,,,0.993715603635483,,0.9441826942958327,,,0.9987991954865977,,0.0,0.05202557567052631,0.08473197211197678,0.0,0.051647701718586195,0.0,0.032943521613199495,
SJU,,,0.9795142106591606,0.9786352049318832,,,0.8886762292685588,,,,0.9473701953033895,0.9819725824353294,,,1.0,,0.0,0.0,0.0,0.09356722159310885,0.148358903778555,0.0,0.00956665423097098,
SJW,,0.9298659456425821,,,,,,0.8755346641252673,,0.9626474378062678,,,,,,,0.029104452044087854,0.05265074806727551,0.18325772893649747,0.35844309219969245,0.31389003809344673,0.4785118486130699,0.022928394433955213,
SJY,,,,,,0.9575270044078396,,,,,,,,1.0,,,0.01643383036442573,0.03012221322312441,0.03390391161017303,0.010145644302801904,,,,
SJZ,,0.9780889509755863,,,,,0.9773256677960165,,,0.9973985791327568,,,,,1.0,,0.016076305986700953,0.02013890606089762,0.0367715607198925,0.0,0.0,0.0,0.004853560755115127,
SKA,,,,,,,,,,,,,,,,,,,,,,,,
SKB,0.8688894857122669,0.9873497545479888,,,,0.9771205571262793,0.9593158799707274,,0.9859777585292134,1.0,,,,0.9905810488914872,0.9859999218816714,,0.039926857959461465,0.07806250504437806,0.08467397044737883,0.0,0.036204423315546234,0.0,0.017373494783554596,
SKC,,,,,0.9812895407095206,,,,,,,,,,,,,,,,,,,
SKD,,,,,,,0.8679944623606447,,,,,,,,1.0,,0.15158861423052478,0.0,0.0,0.0756046215665828,0.09325378730380099,0.03601969986727548,0.08666498639296644,
SKE,0.9149066047032974,0.8914394462661475,,,0.927580861538868,0.9772487851422061,,,0.8934837949105773,0.9327668762675673,,,0.9191783783720806,,,,0.0,0.0,0.10868513060085515,0.0,,,,
SKF,,,,,,,,,,,,,,,,,,,,,,,,
SKG,0.9476853337399487,0.9752185458184471,,,0.9764382700815974,,0.8949595367194934,0.9849152024315905,0.975257169712713,1.0,,,0.9954981517830761,,0.9052370497565484,,0.0,0.050411803155278,0.06802214568734333,0.1019336920350619,0.20370416092613874,0.09575927807712149,0.0,
SKH,,,,,,,,,,,,,,,,,,,,,,,0.023828915305128744,
SKI,,,,,,,,,,,,,,,,,,,,,,,,
SKJ,,,,,,,,,,,,,,,,,,,,,,,,
SKK,0.9755126859818876,,,0.9806584690548678,0.9849226048422928,,0.8879697636664681,,0.9980022867466689,,,0.9744471949572704,0.9986686348206361,,1.0,,0.011524199135810407,0.0009915738277548121,0.0,0.0,0.06772850708985612,0.0,0.013872786695805212,
SKN,,,0.8657182864715537,0.9268254624484994,0.9709428942299404,,0.8575217134486639,,,,0.9698585655144377,0.9733432890860981,0.9772123587114373,,0.936933866759269,,0.0,0.15971579457826263,0.0,0.0,0.017651108098096727,0.13471575329100446,0.0,
SKO,0.9812671405683596,,,,,,,0.9875709447407472,0.9824096512890157,,,,,,,,0.0095104317948225,0.06567601979542967,0.0728885718872817,0.010069165180470943,0.008324039690753463,0.0,0.03162088472243759,
SKP,,0.9228773268594961,,0.9610519563942708,,,0.9722804469192489,,,0.9313966358960152,,0.9802132045895644,,,1.0,,0.0,0.0,0.0,0.07658988071980526,0.2299822873952465,0.11790963563633428,0.027907260928576243,
SKR,,,,,,,,,,,,,,,,,,,,,,,,
SKS,,,,,,,,,,,,,,,,,,,,,,,,
SKT,,,,,,,0.9040228215303029,0.9835581408435407,,,,,,,0.938394924464336,,,,,0.3043319421233083,0.11473283540714313,0.0517384691536531,0.0,
SKU,0.9898999560208576,,,,0.9039363495322491,,0.9798223830231331,,0.9826462617193575,,,,0.9140548927021674,,0.9972213339433882,,0.0,0.035012624296367346,0.03471816718078591,0.0,0.0,0.0,0.021641939141449188,
SKX,,,,,,0.9738250569761656,0.9878752062131989,0.9088952637641055,,,,,,0.9787986007079641,0.957577859261217,,,,,,,0.03430459179588587,0.0,
SKZ,0.9854192983592329,0.9749029894979837,,0.9851145624938995,,,0.9778040194868991,0.9791062480870945,0.9711632569185847,0.9868667802615485,,0.9941130885626127,,,0.9648258446494241,,0.0,0.0,0.008246488280350402,0.0,0.004440177304457963,0.0,0.0,
SLA,0.9286890359753359,,0.7830593365570646,,0.9535494066353711,,0.8179381859085456,,0.9902076803502557,,0.9184135532893452,,0.9555946424271735,,0.9012869667983124,,0.0,0.0,0.0,0.14924788977329784,0.0,0.0860223411111055,0.0,
SLC,0.8723171836237265,,,0.9748057897574802,,,0.8349144087947286,,0.8303953037722811,,,1.0,,,0.9885470745304983,,0.0,0.1622665433269669,0.13323088252589602,0.059698856458281005,0.0,0.0,0.0,
SLD,,,,0.9848092300383734,,0.9447224706046824,0.9621682328548995,,,,,0.9888699085640358,,0.9629629728400799,,,,,,0.0,,0.0,,
SLE,,,,0.9807411204116694,,,,,,,,,,,,,,,,,,,,
SLH,0.9255776079297386,,,,,0.9444667142062689,,,0.9252396174507946,,,,,0.9234767962304008,,,0.0,0.2244043887047206,0.2354262827601613,0.0,0.0,,,
SLI,,,,,,0.9691336127006234,,,,,,,,0.9731624405830474,,,,,,,,0.0,0.017791744569027813,
SLK,,0.9452117600558886,0.9603489324168609,0.9751625671822275,,,0.9572354526017077,,,0.9232231004118606,0.9868326920845649,0.9839467545031567,,,,,0.0,0.0,0.0,0.0,,0.0,,
SLL,,,,,0.963072129875104,,0.9443330699588209,,,,,,0.9859734162770318,,1.0,,0.11491564889877544,0.1117105287523067,0.08823643327369021,0.085711289403984,0.06345603221501471,0.13881350277077828,0.05512723229147114,
SLM,,0.8821674277080553,,,,,0.9785390892609475,,,0.9108456480533612,,,,,1.0,,0.0,0.010323562449986492,0.1686219996136553,0.0007387638014945381,0.0,,0.04527231750421499,
SLN,,0.894171053315815,,,0.8849315097401372,,0.9851712141706034,0.9344807452461736,,0.9143492677744943,,,0.9864997769880476,,0.9652621943682465,,0.0,0.0,0.14472880026269527,,0.0,,0.0,
SLP,0.9522872137421449,0.9271402317723044,,0.8965551001593589,,,0.9798066032428493,,0.9969804951900836,0.9903336093688162,,0.949595569824903,,,0.9951198772256917,,0.048648620255538955,0.013314653268260755,0.09037772071167875,0.16943041416048607,0.29454308042950456,0.0,0.001090061965605341,
SLQ,,,,,0.9317236192464268,0.9896379410268897,,,,,,,0.9374945355294605,0.9761569072253152,,,0.0,0.07530732881303467,0.0798009863847495,0.0,0.0,,0.0,
SLU,,,,0.9814938349745478,,0.9861057919742714,0.9716930878237771,0.9449640970725998,,,,0.9906356643486692,,0.975246242836959,0.9903581774623866,,0.0,0.0,0.0,0.0,0.0,0.0,0.0,
SLV,,,,,,,,0.9872824405341862,,,,,,,,,,,,,,,0.0,
SLW,,,,,,0.9151213309856007,0.9703986242647717,,,,,,,0.9079850574754966,,,0.04309101551681449,0.017113519338073476,0.024157164979806113,0.17555747894186854,0.0,0.0,,
SLX,,0.9011035539358337,,0.9882426143046525,0.7994211320049358,,,,,1.0,,0.8059505761154723,1.0,,,,0.25157803445103216,0.15008069084258308,0.014816059322811347,,,,,
SLY,,0.9757187906149075,,,0.9646014492545156,0.9843558292215522,0.9538986968035129,0.9799034879247946,,1.0,,,0.9790155656386157,0.9994401006289227,0.9642599760218593,,0.4963784158817286,0.015582595022188868,0.04609650649084384,0.0,0.0,0.0629233363828141,0.0,
SLZ,,0.9090142713655717,0.9656997864652846,0.9262368535681482,,,0.9540443912280268,,,0.8965008796040027,0.9847557307660614,0.982454128032034,,,1.0,,0.0,0.0,0.036239057494518404,0.0,0.046943205819792236,0.0,0.03490037744723536,
SMA,,,,,,0.8776564663367397,0.9723803687919836,,,,,,,0.8932813235469185,0.9850412937997483,,0.009434487453622553,0.09652239690093492,0.0,0.0,0.0018502216605348338,0.0,0.0,
SME,,,,,,,,,,,,,,,,,,,,,,,,
SMF,0.973673945898552,,,0.9244594723112143,0.987075561323356,,0.8426248006124412,,0.9501362543159189,,,0.9424624440976147,0.9956670887593739,,0.9982841036588279,,0.03946038179771872,0.16627044154665224,0.06525223463544594,0.0,0.0,0.0,0.0,
SMI,,,,,0.9631389604274573,,0.9248257579758661,,,,,,0.9383515149908717,,0.9557423316269523,,0.23182560999330248,0.0368522834700523,0.06236461744671999,0.009810632370349159,0.010152354283704907,0.02437592938232302,0.0,
SMJ,,,,,,,,,,,,,,,,,,,,,,,,
SMK,0.972534373819582,,0.8408006618160377,0.9741476249884595,0.7935209370132688,,0.8697812242154309,,0.9752962028887221,,0.9313653125047288,0.7782837743688718,0.8073353144701637,,0.9910181280482453,,0.0,0.2905045379870293,0.07111711449926612,0.0,0.0,0.0,0.0,
SML,,0.9220273371327414,,,0.9666046598249457,,0.9832782298913755,,,0.9824168865674408,,,0.9834851979512623,,0.9945767671688787,,0.0,0.0,0.03496503715313797,0.010337062794111132,0.0,0.006673247854259804,0.0,
SMN,,,,,,,,,,,,,,,,,,,0.01554545645567032,,,,,
SMQ,,,,0.9878826874267654,,,0.9441121024356923,,,,,1.0,,,0.9593445594309487,,,0.01188414177374567,3.911215735826727e-05,0.36999439669990586,,0.033828476327064545,0.0,
SMR,0.9887635028017402,0.9885026123740763,,,,,0.8909678584268917,,0.9988378557227936,0.9725777320204221,,,,,1.0,,0.0,0.0,0.0,0.08922620765888609,0.1049624506449964,0.0,0.01726061934085466,
SMS,,0.9590689924425954,0.9801986332441481,,,,0.9267046623316714,0.9880111186645463,,0.9639599456956026,1.0,,,,0.9354744540660225,,0.0,0.0012475338801849207,0.04108519677588399,0.006387501919988295,0.03084325210844056,0.025073580266097854,0.0,
SMT,,,,,,,0.9668265392120743,,,,,,,,0.9961370179250504,,,,,,,,0.0999578531811174,
SMV,,,,,,,,,,,,,,,,,,,,,,,,
SMX,0.9630708962118444,0.9710167761895123,,,,0.9107772779628389,0.9530504894331486,,0.9811685570074734,0.9750068657919071,,,,0.8665601633852728,0.9602453950586074,,0.0,0.0,0.008874359979057778,0.036683071425271094,0.03394553819650094,0.0,0.0,
SMZ,,,,,,,,,,,,,,,,,,,,,,,,
SNA,0.9621854940939872,,,0.9462756705595741,,0.9505131230215768,0.8480344243024636,,0.9741913627448289,,,1.0,,0.856857201741409,1.0,,0.044229801058655684,0.08656643715889459,0.0,0.040867264236666555,0.01983517582139834,0.0,0.07400270429525906,
SNB,0.9693700250239785,,,,,,,,0.9461159147647926,,,,,,,,,,,,,,,
SNC,,,,,,,,,,,,,,,,,,,,0.0,0.0043857569515305195,,,
SNE,0.9888226545977543,,,,,,0.938839163191595,,0.9889626079388586,,,,,,0.9860815964409713,,0.0,0.0010816280707884726,0.0,0.004665247347781029,0.018263481272713673,0.009617258657297095,0.0,
SNG,,,,,,,,,,,,,,,,,,,,,,,,
SNN,0.9499356372454045,0.9659830590935888,0.983604906433065,0.948329516998502,0.8835839014671791,,0.9111459544943163,,0.9741717974206593,0.964527379830286,0.9987749002335117,0.8541831366953669,0.9057185617334346,,0.9792276567032329,,0.0,0.023586047868630222,0.03335657617268902,0.0,0.0,0.022224778793409936,0.0,
SNO,,0.9821073035788662,,,0.7315539087752315,,0.8672090402161814,,,0.998034991759422,,,0.9504584727340785,,0.9529368668634831,,0.0,0.002724720525102918,0.01829059280571725,0.0,0.0,0.08688128232694466,0.0,
SNP,,0.9765575892849282,,0.9761777485748403,,,0.9409691176316525,,,0.984367498876873,,0.9904820585512216,,,0.9769697199481984,,0.0,0.0,0.0,0.00485760178851756,0.025871336275457284,0.0,0.0,
SNR,,,,,,0.9797622885644303,0.9484025496491821,,,,,,,0.9857420491065578,0.9809786716458875,,,,,0.015702246252481546,0.01337932769778911,0.0,0.0,
SNU,,,,,,,0.7652450343836744,,,,,,,,0.8276766994388979,,,,,0.23324481822423226,0.31986775146734225,0.0,0.0,
SNV,,,,,,,,,,,,,,,,,,,,,,,,
SNW,0.9496464471555932,,,,,0.9765516276108325,,0.9564974147075193,0.977709106720453,,,,,1.0,,,0.0,0.017963587108446043,0.018097335404195145,0.01563492504940948,0.08024169924326155,0.06262695999210033,0.0,
SNX,,,,,,,,,,,,,,,,,,,,,,,,
SOB,,,,0.8850216534566895,0.9076101393569893,,,,,,,0.8536862665870952,0.9974050957886974,,,,,,,0.0,0.0,,,
SOC,,,,,,,0.7927027532850147,,,,,,,,0.9215544125684737,,0.0,0.08572945104973895,0.08706917133445019,0.10940247209416408,0.17446238387874344,0.06864805485179643,0.0,
SOD,0.9064349798608573,,,,,,,,0.9546321523017138,,,,,,,,,,,,,,,
SOF,0.9740882976862356,0.9277850517488372,0.9752163737869837,,,,0.9359620989256708,,0.9587065522929835,0.9292959354549138,1.0,,,,1.0,,0.0,0.0,0.05669797025772426,0.13069561896506313,0.19589080396097455,0.10669285115987094,0.057055837944116956,
SOG,,0.986327083317048,,,,,0.9468639627578713,,,1.0,,,,,0.9724865006647704,,0.0006485944811311652,0.013930116745897805,0.04397502924737145,0.04963156450582304,0.027152604050069487,0.0,0.0,
SOJ,,,0.8973833935521612,0.9279747410951693,0.9743940316471933,,0.9639900075707531,,,,0.9866319450966254,0.9759235150662714,0.9831926714897451,,0.9914588716907707,,0.0,0.1854785740445983,0.0,0.0,0.038110510461978844,0.016513344451752864,0.0,
SOL,,,,,,,,,,,,,,,,,,,,,,,,
SOM,,,0.9873850409694064,0.9672202269274709,,,,,,,0.9979171114116612,0.9790592436935477,,,,,0.0,0.009436882105608566,0.0,0.0,0.015025600424075712,,,
SON,0.8999401715236952,0.9879973298952386,,0.9663329014799715,0.896145159078821,0.9390722362644336,0.7688151096429201,,0.8987626618097602,0.9948166377928984,,0.9743469419525808,0.9075476121032816,0.9515518866123346,0.8930837848864457,,0.0,0.2086584471225879,0.18215544593636845,0.0,0.0,0.0,0.0,
SOO,0.9699604664889576,0.9786430045519626,,,,,,,0.9760756585488561,,,,,,,,,,,,,,,
SOP,0.9487798335711793,0.9682865741741649,,,,,,,0.9362851073085883,1.0,,,,,,,,0.10534125255654386,,0.0,,,,
SOQ,0.9336676785541639,,0.984128998749824,,,0.9390456926235935,0.9170307287614943,,0.9298868861419488,,0.9996298198490571,,,1.0,0.9923981372713925,,0.0,0.04122248627665465,0.011109345112905313,0.0,0.10559106752316429,0.06349540075250198,0.03557379407265895,
SOT,,,,,,,,,,,,,,,,,,,,,,,,
SOU,,,,0.9866286822767183,0.97238170660575,0.9767996909070543,0.8960484078178566,,,,,0.9778497830359282,0.9484869833116497,0.988643139596733,0.9328558913639656,,0.07519353515104735,0.16832611584963192,0.12934630266775893,0.0,0.0,0.0,0.0,
SOV,,,0.8023889578001073,0.98138309853333,,,,,,,0.788065465736785,0.9910347811630166,,,,,,0.004183603745910555,0.0,0.0,,,,
SOW,0.982065727955342,,,,0.9768409703452205,,0.9691344695298313,,0.9943240340331618,,,,0.995394675403624,,,,0.0,0.0,,0.03748816896395037,,0.0,,
SOX,,,,,,,,,,,,,,,,,,,,,,,,
SOY,,,,,,,,,,,,,,,,,,0.02925939895511859,0.016214717907258303,0.007813764716283185,0.008135274836944281,,,
SPB,,,,,,,,,,,,,,,,,,,0.0835172254469282,,,,,
SPC,,,,,,,0.9326580298056818,,,,,,,,0.9641024012995085,,0.07708508525161711,0.04196174991662172,0.034702472961455205,0.0,0.035322362033487854,0.0,0.0,
SPD,,,,0.9898034793155834,,,0.987451269858213,,,,,1.0,,,0.9968641349798149,,0.013781208278887602,0.0,0.0,0.036438534219721215,0.07398736187191307,0.09373688720663495,0.041637547341606095,
SPG,,,,,,,,,,,,,,,,,,,,,,,,
SPI,0.951343277158548,,,0.9801744799934778,,,0.9820300245439263,,0.9443549169099373,,,0.9992016495150673,,,0.9998282511299434,,0.0,0.02636493391980925,0.014303700089839232,0.0021639118799240964,0.02922483617792054,0.0,0.0,
SPN,,,0.9696383288143111,0.934355888919083,0.9688656334047252,0.9841881793851405,0.8456686526565279,,,,0.9959795755807644,0.9222303905745123,0.9995720742435309,0.9888013391927076,0.9102117784353807,,0.0,0.11191738783864738,0.0016648224826445893,0.0,0.04566648649288277,0.0,0.0,
SPP,,,,,,,,,,,,,,,,,0.007560017339128712,,0.057195904798886046,,0.01834719091942423,0.0,0.004396128163053045,
SPR,,,,0.9542375186113378,,,0.9714681040708718,,,,,0.9841499652425165,,,0.9836339682327601,,0.00851448536505829,0.04954192326820503,0.014301073584860425,0.01643680075440914,0.0624332495544423,0.0,0.0,
SPS,,0.943588871568461,,0.9796517058856271,,0.9860200635583312,0.9788042722539818,,,0.9529088309201008,,0.9939760279523738,,0.9852036468305442,0.9963170227415842,,0.0,0.0,0.0218951100027162,0.041785727980329014,0.07493830746936349,0.0,0.0,
SPU,,0.9850836204830555,,,,,0.8905106984339575,,,1.0,,,,,0.9443449877411784,,0.11279326950678072,0.12867720952366976,0.1379839539439788,0.17875964245985476,0.14017383411199563,0.0,0.0,
SPW,0.960213563080587,0.9557742763193368,,,,,,,0.9483642942827031,,,,,,,,,,,,,,,
SPX,,,,,,,,,,,,,,,,,,,,,,,0.40029311928929134,
SPY,,,,,,,0.9676239272044858,,,,,,,,0.9781671738918444,,,,,,,,0.0,
SQD,,,,,,,,0.9815378507487698,,,,,,,,,,,,,,,0.06388557130777002,
SQG,,,,,,0.937737440648621,0.9344815075041604,,,,,,,0.991051844027134,0.9302169920790425,,,,,,,0.007595383057202649,0.0,
SQH,,,,,,,,,,,,,,,,,0.030960089992483265,,,,,,,
SQI,0.9653847191235586,,,,,,,,0.9485225413904264,,,,,,,,,,,,,,,
SQJ,,,,,,,0.9822975467441267,0.9654511537943321,,,,,,,0.9544696843727775,,,,,,,,0.0,
SQL,,,,,,,,,,,,,,,,,,,,,,,,
SQN,,,,,,,0.9720281393779434,,,,,,,,0.9883214231081001,,,,,,0.03686302172136185,,0.0,
SQO,0.9701885384070426,0.9864663032149882,,0.9885390158750769,,,,,0.9781107673865834,0.9993802236518906,,0.9918025258971465,,,,,0.0,0.019979146296752275,0.03990601879572706,,,,,
SQS,,,,,,,,,,,,,,,,,0.0,,,,,,,
SQW,,,,,,,,,,,,,,,,,,,,,,,,
SQX,,,,,,,,,,,,,,,,,,,,,,,,
SRA,,,,,,,,,,,,,,,,,,,,,,,,
SRE,0.9701655246298188,0.9715166990210892,,0.9860367965097364,0.985297217801182,0.984751127427655,0.9749539978323336,,0.9730881795274345,1.0,,0.9881290998917237,1.0,0.9942591961624101,0.9956516063101641,,0.0,0.04305126834969789,0.07761121033688695,0.0043508155134992475,0.028637820150980858,0.0,0.1653556305196936,
SRG,0.9432206836004807,,,0.95267547976092,,,0.7892725070834901,,0.9062146367737012,,,1.0,,,0.8914214508682274,,0.0,0.20180617415665233,0.16990930929189813,0.11875526221366715,0.17116880997622097,0.030498988706846558,0.0,
SRH,,,,,,,,,,,,,,,,,,,,,,,,
SRI,,,,0.9829350941140603,,,0.915863413332007,,,,,1.0,,,,,0.060449488409357016,0.020378146359819882,0.0,0.13625144970001377,,0.09932460495211848,,
SRK,,,,,,,,,,,,,,,,,,,,,,,,
SRN,,,,,,,,,,,,,,,,,,,,,,,,
SRP,,0.9724808383020762,,,,0.9887828268698896,0.9549336788519475,,,1.0,,,,0.9772955292448187,0.9741110426857517,,0.017164352819935353,0.0074756243822226235,0.046680071345958,0.08570413443572901,0.03424081743270862,0.0,0.0,
SRQ,0.9428089610983553,0.8863179340239904,0.9812861542033406,0.9362072792834937,0.9576174947959466,0.9834007496026558,0.975540498864823,,0.9264042374886345,0.9251442582632828,1.0,0.9366497005972468,0.9918358177462443,0.8445687892197699,1.0,,0.0,0.037200702794862,0.16422652552353448,0.0,0.0,0.0,0.28869249884926074,
SRT,,,,,,,,,,,,,,,,,,,,,,,,
SRV,,,,,,,,,,,,,,,,,,,,,,,,
SRX,,,,,,,,,,,,,,,,,0.024226486037160964,0.0,0.007995784395955203,0.043974279898293084,,,,
SRY,,,,0.9315727998129119,,,,,,,,0.9799984874186808,,,,,0.032156493315968135,0.011293080240674882,0.0,0.11204350037427131,0.040121535152070724,0.051994553988069805,0.16795360652445057,
SRZ,,,,,0.8801106480343008,0.9717654315231615,,,,,,,0.953930714087573,,,,,,,0.0685077973290931,,,,
SSA,0.979000457105388,0.9778838870513759,0.9379059424027215,0.9340123802747382,,0.9459576179260443,0.8860893461772538,,0.9410354963542287,0.9648518037723067,0.9704354339911456,0.9732867571978444,,0.9186323529259812,0.9466121320332302,,0.0,0.039426963833168134,0.0,0.0,0.0,0.0,0.015017745818656695,
SSB,,,,,,,,,,,,,,,,,,,0.0,,,,,
SSC,,,,,,,,,,,,,,,,,,,,,,,,
SSE,,,,,0.981427233709435,,,,,,,,,,,,,,,,,,,
SSG,,,,,,,0.9001919470007258,,,,,,,,0.9542136416447431,,0.14429800771920231,0.11179450155764908,0.11824187985375906,0.04807513089267559,0.08144866237610524,0.0,0.0,
SSH,,,0.9789752334665395,,,,,,,,0.9972733382909728,,,,,,0.19052504677791895,0.33001147409764553,0.1524897831921833,0.04475949669863539,0.0,0.0,0.37002208699521255,
SSJ,,0.8411111331750885,0.9703482176806545,,,,0.946542026868108,,,0.8977818541764483,0.9833509467915011,,,,0.9738028249804839,,0.0,0.0,0.0,0.14358131871984664,0.15274009522065338,0.0,0.0,
SSL,,,,,,,,,,,,,,,,,,,,,,,,
SSN,,,,,,0.9688778996388528,,,,,,,,0.8533483614884958,,,,,,,,,,
SSR,,0.9881134566035972,,,,,,,,0.992730821062531,,,,,,,0.0,0.0,0.009270169667705374,,,,,
SST,,,,,,,,,,,,,,,,,,,,,,,,
SSX,,,,,,,,,,,,,,,,,,,,,,,,
SSY,,,,,0.9855817231407609,,,,,,,,0.9996400877096758,,,,,,,,,,,
STB,0.9630532978108566,,,,,,,,0.9728108301242728,,,,,,,,0.0,,,,,,,
STD,0.877066238190084,,,,,,0.9866305947248797,,0.8949911391465746,,,,,,1.0,,0.0,0.059905545493342705,0.0,0.0,0.03041718433363023,0.0,0.022799214110265767,
STG,,0.9856852629783893,,0.9762806426118115,,,,,,0.993278806693977,,0.9907775885453971,,,,,0.0,0.0,0.0,0.005876650269422524,0.026934768816393524,,,
STI,,0.9892899204456521,,0.9706007635444475,0.9888422421574256,,0.9404927231938349,,,1.0,,0.9763742155392163,0.9892354738250735,,1.0,,0.25627419599134044,0.3068489184259668,0.058987941880619905,0.00662720591615065,0.007259384384360684,0.0,0.10170073762844664,
STL,,0.954016988324348,0.9628061756042444,0.9845525559723779,0.9577359579265361,,0.7419115362297318,,,0.9017815222327651,0.9328287203606086,0.9834288135889949,0.9883150736884468,,0.8784356732985656,,0.0,0.0,0.0,0.0,0.0,0.0,0.0,
STM,0.9730381198647085,,0.9894818091648268,,,,0.9820747631631757,0.9733613109686972,0.9304061463407653,,0.9702817796933298,,,,0.9973707229540967,,0.0,0.07440204326418826,0.041371824469111654,0.1654613554264853,0.10692811058165373,0.0,0.07937024074990738,
STN,,0.9712821830640168,,0.8828123627261779,0.962792264244049,,0.8990936816646748,,,1.0,,0.8591161561383596,0.9470848796100528,,0.9875342060627164,,0.4141920340265202,0.3081881523464441,0.2545660102888058,0.0,0.05327792521110818,0.10729220306633432,0.0,
STR,,,0.9857411693527065,,,,0.8416635579233096,,,,0.998967448116146,,,,0.9059319443239935,,0.07512340247425808,0.02998154466331792,0.05058951689975324,0.0,0.040878165338713,0.0,0.0,
STS,,,,,,,0.9591254113997825,,,,,,,,0.9830343772055861,,,0.008653579569339914,,0.013139956674681336,0.019572388684257203,0.03166104543154436,0.0,
STT,,0.9735060724206468,,0.9736698123228243,,,0.8851732412746087,,,0.996817374914542,,0.9955643837913837,,,0.9262340914650306,,0.09096785128176804,0.0,0.0,0.08173701506560464,0.04767151717938578,0.0,0.0,
STV,,,,,0.9742951880682967,0.9696008413739082,,0.9694979349704479,,,,,1.0,0.997830412565092,,,,,0.06481909045184533,0.09110295384126292,0.04460611465154921,0.16610577526877757,0.08040710444994931,
STW,0.9891006120377567,,,,,,,,1.0,,,,,,,,0.12957742049314647,0.014305597250655326,0.0008078552562469377,0.2269281244095315,0.14727309399664346,0.020522970787089943,0.10942000956333031,
STX,0.9816760054497425,0.9700285555107969,,0.9582824742406307,0.9452522428512287,0.94539574528598,,,0.9620874713682661,1.0,,0.9766042426604749,0.9820992261410274,0.9206591064474277,,,0.0,0.059108139246699894,0.046283392792781944,0.0,0.0,0.0,0.007220900643930968,
STY,,,,,,,,,,,,,,,,,,,,,,,,
STZ,0.9640375368771863,,,,,,,,,,,,,,,,,,,,,,,
SUB,0.9127878958916643,,,0.9764565280984974,,0.9759935440225315,0.8081833814170997,,0.8480041439616274,,,1.0,,0.9718875096651111,0.9481205743886258,,0.0,0.23387241288726318,0.18507284165582144,0.29326097386898486,0.2551624571329679,0.0,0.04000410975479684,
SUF,,,,,,,0.9153159085304388,,,,,,,,0.9705236239069676,,0.12225568956717686,0.1122086971166221,0.16179985917038314,0.08994575966560703,0.09465231891248518,0.0,0.0,
SUG,,,,,,,,,,,,,,,,,,0.18778266451528855,0.16614742149251552,0.0423909752975935,0.047023896573844606,0.0,0.1313081815595937,
SUJ,,0.8097370585101538,,0.9804811463307702,,,0.9889238093339978,0.849949739494697,,0.8072296948041815,,0.9867786183852196,,,0.9873227097223922,,0.11594537369866936,0.0,0.015246164428398412,0.0,0.04770433693391904,0.034830047216137444,0.0,
SUK,,,,,,,0.9492493931245705,0.9547213514642262,,,,,,,0.9245963166345194,,,,,,,0.0,0.0,
SUL,,,,,,,,,,,,,,,,,,,,,,0.0,,
SUN,,,,0.9844981359393395,,,0.9701958645372415,,,,,0.9888044520505795,,,0.9751173869117054,,0.05823662934749926,0.0934240713664114,0.021068842189305964,0.00645793161360497,0.05582461827776168,0.05651409704699294,0.0,
SUP,,,,,,,0.9186429894933958,,,,,,,,0.9289763744975559,,,,,,,,0.0,
SUR,,,,0.8662606801034232,0.9897281275494475,,0.9767672523588274,0.8530169935221644,,,,0.877578118423969,0.9943564582998303,,0.9472585740918331,,,,,0.02563128425207673,0.19162172969195757,0.000644840545396719,0.0,
SUT,,,,,,,,,,,,,,,,,,,,,,,,
SUU,,,,,,,,,,,,,,,,,,,,,,,,
SUV,,0.9742702179500058,,0.8551609264946375,,,0.7849402703920573,,,0.9781737168429842,,0.9278708358263029,,,0.8842500917543478,,0.0,0.0,0.0,0.0,0.1765237508297215,0.05661373639277462,0.0,
SUX,,0.8081775497732158,,0.9136497310742108,0.9413414523519564,,0.9586056005735654,,,0.8698276761894751,,0.9041270449786374,0.9988867488272863,,0.9639991396496281,,0.0,0.0,0.09120439986665455,0.0,0.015967860071180628,0.01093459215119438,0.0,
SUY,,,,,,,0.9444252132098376,0.970177772277496,,,,,,,0.9217548590842096,,,,,,,0.0,0.0,
SVA,,,,0.9752397445669141,,,0.8859776441357986,,,,,0.9884236055429839,,,1.0,,0.020084927544057253,0.0,0.0,0.0008315116801525885,0.07604778125576059,0.0,0.005234287888243431,
SVB,0.9841556812708078,0.9863028723718009,0.9640362506504637,,,,0.9632434748449138,0.9806094008548296,0.9963687737219131,0.9795825972915888,0.9922150051904564,,,,0.9601550482427599,,0.0,0.0,0.0,0.02372672920350125,0.03428575132341698,0.00892287826911217,0.0019345815398526664,
SVC,0.968364015861236,,,0.906941634708437,,,0.9683969962804103,,0.9780075868956395,,,0.9324792031155507,,,0.9858444332010197,,0.0,0.1029169125440706,0.007782212475067651,0.0,0.0890845315650437,0.0,0.0,
SVD,,0.9712511002649422,0.977741089793414,0.9404514801606716,,0.9891042934343638,,,,0.9717046713379618,0.9969208139370055,0.9917936454192464,,0.9853255663603542,,,0.0,0.0,0.0,0.0,0.026599368515816672,0.11717519579862538,0.12514660748615283,
SVG,0.9845753071616387,,,,0.981698162156573,,0.8876276781270805,,0.9533342700995102,,,,1.0,,0.9785398525526764,,0.0,0.09173366022963032,0.1318686588353987,0.12701941584340606,0.07601488729030563,0.0,0.0,
SVI,,,,,,,,,,,,,,,,,,,0.011764458872004602,0.28377447312166143,,0.01841313439560171,0.016953446664319954,
SVJ,,,0.9213183434695713,,0.9654419432832124,0.9441137995323386,0.9588911039190925,,,,0.940470665836056,,0.9332289356376615,1.0,0.9835822810684945,,0.0,0.023309334970927027,0.0,0.05278029029759923,0.0,0.127667979050813,0.0,
SVK,,,,,,,,,,,,,,,,,,,,,,,,
SVL,,,,0.9498881864858841,,,0.8876916527869758,,,,,0.9541779767883851,,,0.9403061927078975,,0.008877243571761041,0.07492229837075047,0.011261063376803033,0.0,0.03515836825603159,0.0,0.0,
SVO,0.9688761888017035,0.8488283084411723,0.9859314117295691,,,,0.8664505379893555,0.7412074407505503,0.9214341953142658,0.8262208253740532,0.9649830979076524,,,,0.7495944941830319,,0.0,0.0,0.01267041027097024,0.12302818087546932,0.06668413699390596,0.17593569974156964,0.0,
SVP,,,,,,,,,,,,,,,,,,,,,0.0497266166629419,0.0,0.0,
SVQ,,0.9520895841725209,,0.9750948645986514,,,0.9560383674980009,,,0.9946733830799401,,0.9909531449703302,,,1.0,,0.0019217968241236163,0.13433171363826696,0.15684570056694894,0.02251761686761194,0.0,0.1741222628619938,0.043881927411327876,
SVU,,0.9506274727098146,,0.9834599795726533,0.9869499197049086,,0.9569032352002251,,,0.9495930179414198,,0.9770890609686288,0.9951292860526731,,0.9986536382679816,,0.0,0.0,0.014725729491839304,0.0,0.007738551595894408,0.00543858083023687,0.0,
SVX,,,,,,0.9761602208531214,0.9627229117806589,0.956467898446376,,,,,,0.9612218461028029,0.9634236114840667,,0.23198355522617253,0.15317844529437943,0.13720150268575526,0.3665898871307348,0.20906867890514502,0.0,0.0,
SVZ,0.9626078559276018,0.9167421947426724,,0.9738980679471914,,,,,0.9833136328671993,0.9116603412547563,,0.9417616913821326,,,,,0.0,0.0,0.0,0.0,,,,
SWA,,0.9558757074488019,,0.98815553607628,,,0.9359244416282739,0.9355487956143157,,0.9820374656657102,,1.0,,,0.9220844382547543,,0.0,0.00539547331223103,0.03934757956250864,0.16154031922738527,0.18492412409595638,0.23516304232126914,0.0,
SWE,,,,,,,,,,,,,,,,,,,,,,,,
SWF,0.8528037742501432,0.9170848898133341,,0.9488756888453205,0.9492502816329982,0.9650037391810301,0.9612694138287861,,0.8051526963093241,0.9461636314940578,,0.9425731669755137,0.9258208589571881,1.0,0.9998306110894251,,0.0,0.03543179909149256,0.07132510035714293,0.0,0.0,0.008733538347581251,0.06027967575168473,
SWG,,0.9481040356349609,,,,,,,,,,,,,,,,,,,,,,
SWH,,,,,,,,,,,,,,,,,,,,,,,,
SWL,,,,,,,0.9657248194000216,0.9448609273726556,,,,,,,0.9124756484450948,,,,,,,,0.0,
SWO,,,,,0.9791260333703696,,0.9355973104038428,0.9865996168432903,,,,,1.0,,0.9558954313453438,,,,,0.16301012530822961,0.17120202457731662,0.0003140331763137983,0.0,
SWP,,,,,,,,,,,,,,,,,,,,,,,,
SWQ,,0.9885587869122684,0.9843461729055896,,,,0.9706337773482215,,,0.9600033985202228,0.9622426024634615,,,,1.0,,0.0,,0.0,,0.06571335249763263,,0.12503536832948728,
SWR,,,,,,,,,,,,,,,,,,,,,,,,
SWS,,,,,,,,,,,,,,,,,,,,,,,,
SWT,0.979992693517409,,,,,,,,0.9701215263620585,,,,,,,,,,,,,,0.0,
SXB,0.980455485761846,,,0.9710650486109292,0.9763482906220174,,0.9257620985104418,,0.9454809803391674,,,0.9765688945158353,1.0,,0.9677446944107333,,0.0,0.0,0.0,0.03541817971631086,0.053621432075415316,0.005471472553080843,0.0,
SXF,0.9622720367782538,0.9626539125028664,,0.9769969406901963,0.9838442657326955,0.9643200954017261,0.889913646906271,,0.9212657703392854,0.9807060931117153,,0.9816801829386888,0.995521412716757,1.0,,,0.0,0.06330144208946054,0.07914406461188471,0.0,0.13440587157648312,0.021729368187374618,,
SXI,,,,0.9503058008047174,,,,,,,,0.8975845560873607,,,,,,,,0.0,,0.06303839697517291,,
SXK,,,,,,,0.9600056699360786,,,,,,,,0.9846113416229236,,,,,,0.08913331397200724,0.051788796962888066,0.0,
SXL,,,,0.94984795334001,,,,,,,,0.9487292608797718,,,,,0.0399455124252676,0.08835413854302866,0.08612003591651815,,,,,
SXM,0.9689037210174888,0.9741847010417674,,0.9665207439350416,,,0.9849822997426808,,0.9811490854428156,0.9846634911276315,,0.994221152457767,,,1.0,,0.0,0.0027141352622695168,0.005591930374045842,0.0907882746970785,0.042239135050618146,0.0,0.00419518897956868,
SXO,,,,,,,,,,,,,,,,,,,,,,,,
SXP,0.9884281628130215,0.9819656155258818,,0.9694363552356224,,,0.9570298289495578,,0.971030239051095,0.999328468786233,,0.9849663772752174,,,0.9785081536628623,,0.0,0.009576180263382361,0.024320863219482063,0.0,0.025942812766514053,0.0,0.0,
SXR,,0.974854678137977,,,0.963679244400315,,0.9843511919507714,,,0.9937071548524647,,,0.9753514777566289,,1.0,,0.0043823375757826915,0.08438929310655108,0.12725197625790666,0.09961562772229828,0.07019071698956865,0.107762497293967,0.001872733821318925,
SXV,,,,,,,0.9648319393185848,,,,,,,,1.0,,,,,,,,0.0565477561426717,
SXW,,,,,,,,,,,,,,,,,,,,,,,,
SXX,0.9737934906350272,,,,,,,,,,,,,,,,,,,,,,,
SYD,0.9716379317654777,0.8975207561780658,,,0.9528650329520696,0.958255592663474,0.693487039557058,,0.9877137125834984,0.9386092782863199,,,0.9845815688512773,0.959514413955412,0.893923126701236,,0.0,0.0,0.1513946285190662,0.048919001345682264,0.0,0.0,0.03336580968117351,
SYE,,,,,,,,,,,,,,,,,,,,,,,,
SYJ,,,,,,,,,,,,,,,,,,,,,,0.0,0.11555482869397599,
SYM,,,0.9841983864402788,,,,,0.8714112299673672,,,0.9918927898480342,,,,,,0.04023550999596283,0.03823155876670513,0.029842157414624232,0.27347996566840554,0.28301614456528024,0.09944782139827747,0.0,
SYO,,,,,,,0.9020880221475116,,,,,,,,0.9663709363146671,,0.0,0.0,0.0,0.21363827512371475,0.18473945096393588,0.0,0.0,
SYP,,0.9893327442004399,,,,,,,,,,,,,,,,,,,,,,
SYQ,,,,,,0.9086935069268077,,,,,,,,0.9528161306019998,,,,,,,0.0,,,
SYR,0.9583088751228129,0.9464230466312773,,0.8978453621217536,,,0.8370992626144497,,0.9475174052766887,0.9832805897018393,,0.9516706464691129,,,0.970039277833295,,0.0,0.06419684884300013,0.020819613012884375,0.0,0.0,0.0,0.0,
SYS,,,,,,,0.9492489614622479,0.9547213650018694,,,,,,,0.9245959180001249,,,,,,,0.0,0.0,
SYU,,,0.9785660195954302,0.9446273178930128,,,0.9347501187222079,,,,0.9800399050545937,,,,0.9786649586935597,,,0.014447345340510353,0.1822980443548978,,,,0.0,
SYW,,,,,,,,,,,,,,,,,,,,,,,,
SYX,,,,,,,0.8950859337911802,0.7674671496363334,,,,,,,0.7692622727366962,,0.17555762404156364,0.4425771875805341,0.3401706100567335,0.11943800022885769,0.27576187381901307,0.4560165953269382,0.0,
SYY,,,,,,,0.9054066647620141,,,,,,,,0.9490777598281589,,0.024329522029928666,0.04447786402057145,0.04535126187711116,0.003149107563664248,0.02024288501928281,0.031551813601470954,0.0,
SYZ,0.9737411266490817,,,,,0.9727496195703232,0.9427204364725085,,0.991057837463723,,,,,0.9961823252404444,0.9812410224582112,,0.051690971896384975,0.09609441562463568,0.06104167448616099,0.12420033753177133,0.0952253280471738,0.0,0.0,
SZA,,,0.9812062512448864,,0.9837343951079432,,0.972975241481441,,,,0.991852110991988,,1.0,,0.991296067934047,,0.0,,0.047208043187462925,,0.04610408908770985,0.0,0.0,
SZB,,0.9413757174085772,0.8181473442935406,,,0.9737018056272965,0.8948606645439086,0.9043950968926574,,0.7750392679143217,0.8328319720817269,,,0.9711468776000631,0.8820687119129728,,,0.0,0.0,0.6245294826194252,0.040016924950574094,0.0,0.019199924239060737,
SZC,,,,,,,,,,,,,,,,,,,,,,,,
SZD,,0.8275702218571657,,,,,,,,,,,,,,,,,,,,,,
SZE,,,,,,,,,,,,,,,,,,,,,,0.03935127278320667,0.015227807097509241,
SZF,,0.9790615362362798,,,,,0.9242973521344726,,,1.0,,,,,0.9801703986696074,,,0.06680674580588512,0.16760151617486888,0.16638272177171595,0.08749202530309252,0.09372958619007273,0.0,
SZG,0.9599837234159855,,,0.9858230938978414,,0.9688379831190475,0.9228542768637651,,0.9444765301268406,,,0.9999990079613603,,0.9700951171103632,1.0,,0.016563962619779993,0.18269078507152625,0.10461991150974452,0.03908951708959424,0.06012717451374977,0.0,0.0914420293856853,
SZH,,,,,,,,,,,,,,,,,,,,,,,,
SZI,,,,,,0.9882693690372316,,,,,,,,0.9825707214802906,,,,,,,,0.0,,
SZK,,,,,,,0.9308670263314021,,,,,,,,0.9602910307545423,,,,,,,,0.0,
SZL,,,,,,,,,,,,,,,,,,,,,,,,
SZM,,,,,,,,,,,,,,,,,,,,,,,,
SZS,,,,,,,,,,,,,,,,,,,,,,,,
SZT,,,,,,,,,,,,,,,,,,,,,,,,
SZV,,,,,,,,,,,,,,,,,,,,,,,,
SZW,,,,,,,,,,,,,,,,,,,,,,,,
SZX,0.9848322297136497,,,,0.9562328747731753,,0.8718940392722865,0.7552912780720087,0.9541410663333573,,,,0.9920091952477557,,0.7659860385217963,,0.034575959165381885,0.35316593272044744,0.4314395575846323,0.37632543196355084,0.2701155887460917,0.8578478712817872,0.020062189963069445,
SZY,,,,,,,0.9721625858246246,,,,,,,,0.9927996715524697,,,,,,,,0.017736245394679575,
SZZ,,,,,0.976079254990147,0.9820957285820119,0.9491905904585108,,,,,,1.0,0.9992496928906842,0.9850485957623593,,0.10699290670233945,0.010478671110960625,0.08177092491465221,0.05060919077096391,0.15208710075854362,0.037566301752834166,0.022989202902032865,
TAB,0.9470603198870108,0.9852581311469151,,0.9219291867957043,0.9899202749643816,,0.7511296187928032,,1.0,1.0,,0.9212850646726365,0.9910385304773948,,0.9770474111391538,,0.10241897014109978,0.054970406530570295,0.0,0.0,0.045528443094945706,0.0,0.0,
TAC,,0.98237786365932,,,,,0.9293528170348762,,,0.9823008714380598,,,,,1.0,,0.008219766252383869,0.0,0.0,0.07593539038475618,0.07604257993194884,0.0,0.017714293767914332,
TAE,,,,0.947600911295891,,,0.8465525628286406,0.9590232595785736,,,,0.9563964737029064,,,0.8388724233464276,,0.09855171750427622,0.052418079826281966,0.020459067015158525,0.0,0.1519535472109132,0.170464624470096,0.0,
TAG,,,,,,0.9642645268180356,0.921045825687449,,,,,,,0.988264988211216,0.9594757121152087,,0.0038650966626024613,0.09452989930754695,0.07501103233605937,0.08516002055544558,0.0943035210836292,0.0,0.02154378306434415,
TAH,,,,,,,0.9485925950874747,,,,,,,,0.972390606298301,,0.0,0.0,0.0054686480211442665,0.0032797372081903244,0.0,0.013437419994768902,0.0,
TAI,0.9751364011506851,,,,,,,,0.9868388066472566,,,,,,,,0.0,0.0,0.013069022635212079,0.04956427148773226,0.0,,,
TAJ,,,0.7903365390442388,,,,,,,,0.8596372221568273,,,,,,0.0,0.00604790480735773,0.0,,,,,
TAK,,0.9838775189111046,0.9744856330880345,,0.9336568388020576,,0.8683358661357807,,,0.9899392071622203,0.9743405464052846,,0.9752165455605828,,0.9387708026877557,,0.006197573905475716,0.0,0.0,0.07682581805178287,0.0051532076254120545,0.0,0.0,
TAL,0.9859942164204871,,,,0.9661024232069741,0.9859113687979809,0.9450521997948712,,0.9974514999026185,,,,0.9864902658246378,0.9722699524575849,0.9773246762768324,,0.034266821356326596,0.024482051085972185,0.0,0.0,0.0,0.0,0.0,
TAM,0.9817927535433335,0.9278960808935179,,0.9112310899406745,0.9757859358333686,,0.8279440648544214,,1.0,0.9470208029720495,,0.933604384714927,1.0,,0.84415081186465,,0.022202492898903955,0.0,0.0,0.11269513012927711,0.06416945806920366,0.0,0.0,
TAO,,,0.977740936788943,,,,0.9325493466557837,0.8796527081950329,,,1.0,,,,0.8600511011130133,,0.12194247140401128,0.09773290943112663,0.07031247930574781,0.24623286397345776,0.3347356648874255,0.5089398700149238,0.0,
TAP,0.9774110183956399,0.9547959601687873,,,,,0.9701424118909757,,0.9971654201532442,0.9705140434076943,,,,,0.98959631297663,,0.0,0.0,0.004202790285047926,0.0,0.045489824259945126,0.03369675596305065,0.0011130714356778018,
TAR,,,,,,,,,,,,,,,,,,,,,,,,
TAS,0.9660385195249558,,,,0.9864643419346038,0.9662079199621895,0.8686607502439203,,0.9934707820904244,,,,0.9821795000553609,0.9839017599139303,0.9918199120694549,,0.04536242915753469,0.021469124328283292,0.06270989701580257,0.0,0.0,0.0,0.1804335300254122,
TAT,,,,0.9203753893663884,,0.9845681673802192,0.8713572674833564,,,,,0.9743311426280686,,0.9951431082153563,0.9206615170875226,,,,,0.0,0.09589810162338057,0.013890791169065584,0.008872874489986839,
TAY,,,,,,,,,,,,,,,,,,,,,0.007767036206985281,0.0016319516318050165,0.0,
TAZ,,,,,,,0.9512894701729762,0.927519057578273,,,,,,,0.9244697850081318,,,,,,,,0.0,
TBB,,,,,,,,,,,,,,,,,0.01696434037655505,,,0.04468752423169346,0.1032329426402695,0.09752086089984822,0.0,
TBD,,,,,,,,,,,,,,,,,,,,,,,,
TBF,,,,,,,,,,,,,,,,,,,,,,,,
TBG,,,0.9835342469503436,,,,0.9769016165426083,,,,0.9926702335554393,,,,0.9904526114721475,,0.0,0.0,0.0,0.004576348644809593,0.0025881679689054742,0.002626952878386634,0.0,
TBH,,,,,,0.9791831183891965,,,,,,,,0.9998735582084124,,,,,,,0.04150088814068207,0.0,0.0,
TBI,,,,,,,0.89997701147214,,,,,,,,0.9103187972308915,,0.05724924923788843,0.01373992727995759,0.01529810039070214,0.0,0.0,0.012330510916404507,0.0,
TBJ,,,,,,,,,,,,,,,,,,,,,,,,
TBM,,,,,,,,,,,,,,,,,,,,,,,,
TBN,0.9358005435794653,0.9617396902255033,,,0.8836822094837109,,0.9886204508365153,,0.9356919883793079,0.9581580822452838,,,0.8976498765878898,,1.0,,0.0,0.0,0.11339623390713884,0.0001620437954085307,0.0,0.0,0.18146392640974837,
TBO,,0.9832810914548374,,,,0.9849001438000707,,,,0.9942980909980398,,,,1.0,,,0.0,0.0031540352261642157,0.023521532998280963,0.0,0.03436934447547021,0.04656492069296198,0.014762649805634643,
TBP,0.9776674455968378,,,0.9872276814482652,,,0.9706256930255752,,0.9749284275946963,,,1.0,,,1.0,,0.0,0.006615036044645547,0.01913612705102759,0.03749227305256264,0.07706180318056488,0.01151468994370618,0.025410430155071995,
TBS,,0.9880493499951303,,,0.9776190114812533,,0.8530042910046408,,,1.0,,,1.0,,0.9920339910720021,,0.09938296387110528,0.0436077617611821,0.03309846649186748,0.09575681207093763,0.16064830137217312,0.12565458698918708,0.028693119936804578,
TBT,0.9523370774529709,0.9031869856864267,,,,,0.928454285936638,,0.9577131059971075,0.9367875386340266,,,,,0.9511740352022979,,0.0,,,,,0.042732150447759944,0.016535063428978567,
TBU,,0.9811066310230789,,0.9611825606903391,0.976901637588192,,0.957307308683131,,,0.9867453367253569,,0.9099303371959374,0.8824487376248094,,0.9733370314719957,,0.015583525257826029,0.004615525476758166,0.0,0.0,0.0,0.020852043495403972,0.0,
TBW,,,,,,,,0.9189026337574361,,,,,,,,,,,,0.025061592580926734,0.0,0.03606525902972763,0.0,
TBZ,,,0.9857327633320767,,,,0.9621911945246253,0.9392779610734396,,,1.0,,,,0.9972213041095528,,0.02887448361914537,0.17672022638294996,0.15346337795208587,0.12702626623438168,0.0489469305297484,0.0,0.03905465277424202,
TCA,,,,,,,,0.8794594292241048,,,,,,,,,,,,,,,0.0,
TCB,,0.9777333283502967,,0.9511189593333385,,0.9886098482917541,0.9059398394293555,0.8857579461680776,,0.9761290689484847,,0.9712780121050065,,0.9926976761502672,0.8287882218761016,,0.0,0.0,0.0055047644319382435,0.0,0.0,0.0,0.0,
TCD,,,,,,,,,,,,,,,,,,,,0.01761253082798752,,,,
TCE,,,,,,,,,,,,,,,,,,,,,,,,
TCG,,0.980655180729718,,,0.9748929573421795,,0.9650724708760537,,,1.0,,,1.0,,0.9923606796827135,,0.0,0.024140213053245003,0.06867754367093253,0.13852869247821598,0.13116496041282477,0.08137863829436881,0.13884440101916196,
TCH,,,,,,,,,,,,,,,,,,,,,,,,
TCM,,,,,,,,,,,,,,,,,,,,,,,,
TCO,0.9168561218439513,0.9832490692708405,0.9878661135572391,,,,0.988659883241898,,0.9076775599417812,0.9902175545399085,0.9992520019790946,,,,0.9978526814494151,,0.0,0.000864909227298916,0.015276778078302761,0.10942384592396237,0.14805107233287548,0.10309165490041106,0.009142568305321234,
TCP,,,0.9164118343935617,,,0.8825162168965501,0.9687792011522682,0.9012463775018031,,,0.9822894920768648,,,0.9027854104274843,0.9621699491739987,,0.02420003278080534,0.11842600313797587,0.07124889099233957,0.0,,0.0,0.0,
TCQ,0.9492981159491409,,,0.9894695149878631,,,0.948057713612003,,0.9882257254244258,,,1.0,,,0.9854653469782106,,0.0,0.0,0.0,0.05137162452700867,0.09879550219920057,0.0,0.00673379866143057,
TCR,,,,,,0.9801771057801635,0.968315622701136,,,,,,,0.9869470130666798,0.9870395164045729,,,,,0.042883481153326304,0.02469878940112938,0.04247037018624618,0.0037120485372173755,
TCX,,,,,,,,,,,,,,,,,,,,,,0.0,0.1211225848636208,
TCZ,,,,,,,0.9781108890654061,0.9287458697663882,,,,,,,0.9193813601779272,,,,,,0.18311021507575506,0.08885149819532666,0.0,
TDB,,,,,,,,,,,,,,,,,,,,,,,,
TDD,0.944296680097061,0.965876343050537,,,0.9821346091960806,0.9814576498387421,0.9869638228949881,,0.9476618766660857,1.0,,,0.9990904739025624,0.9733506872876762,0.9915459557783782,,0.0,0.05359141269841186,0.10200145763633552,0.0,0.0,0.0,0.0,
TDG,,,,,,,,,,,,,,,,,,,,0.015506632977121923,,,,
TDK,,,,,,,0.952094539248426,,,,,,,,0.9762282704111046,,,,,,,,0.0,
TDL,,,,,,,,,,,,,,,,,,,,,,,,
TDT,,,,,,,,,,,,,,,,,,,,,,,,
TDX,,,,,,,0.9184557881042739,,,,,,,,0.9725879830432855,,,,,0.013441178013206078,0.013863026929286608,0.0,0.0,
TEB,,,,,,,,,,,,,,,,,,,,,,,,
TEC,,,,,,,,,,,,,,,,,,,,,,,,
TED,,,,,,,,,,,,,,,,,0.01139355640169796,,,,,,,
TEE,,,,,,,0.9698536411044998,,,,,,,,0.9969175722762506,,0.012693508177809688,0.029820201330339503,0.013555601801237728,0.023374522167131043,0.03625225183528799,0.0,0.0,
TEF,,,,,,,0.9668698145643752,,,,,,,,0.9953534032965451,,,,,,,,0.011736001519817614,
TEI,,,,,,,0.9151234468989236,,,,,,,,0.9703348593755793,,,,,,,,0.0,
TEK,,,,,,,,,,,,,,,,,,,,,,,,
TEL,,,,,,,,,,,,,,,,,,,,,,,,
TEM,,,,,,,,,,,,,,,,,,,,,,,,
TEN,,,,0.9146423914151114,0.8842954950487278,,0.9623854524397696,0.958365084260858,,,,0.9141845218800521,1.0,,0.9283389623416184,,,,0.29022122114470883,0.0633688928296681,0.31715443609599264,0.20022895195224466,0.0,
TEO,,,,,,,,,,,,,,,,,,,,,,,,
TEQ,,,,,,,0.8712769379555038,,,,,,,,0.9822985480631518,,,,,,0.18347860694847917,0.035929989625430446,0.0,
TER,,0.7543448434663871,,,,,0.919291318314923,,,0.9345758823447144,,,,,0.9878057578672016,,0.04734905950541435,0.0,0.0016502757685662676,0.04560828859890262,0.06278130604749436,0.0,0.0,
TET,,0.9773994192402553,,0.9853997596988829,,,0.9472141860885853,,,0.9917182127014558,,1.0,,,0.9569098477071132,,0.0,0.024365250725606625,0.03275002219003274,0.24911605507848325,0.02758775741826406,0.0,0.0,
TEU,0.9187605317253171,0.9643167579882307,,,,,,,0.9343709442902512,,,,,,,,,,,,,,,
TEV,,,,,,,,0.9782354986929318,,,,,,,,,,,,,,,,
TEW,,,,,,,,,,,,,,,,,,,,,,,,
TEX,0.9841161352609551,,,,,,0.9796753768377814,,0.9775953859399881,,,,,,,,0.0,0.008435998117122619,0.0,0.07968349122820023,,0.0,,
TEY,,,,,,,,,,,,,,,,,,,,,,,,
TEZ,,,0.9804708980876752,0.9880456416267144,,,,,,,0.9886647603877492,1.0,,,,,0.0,0.04252191637449285,0.00624238478801189,,0.0,0.01828888568086035,0.0,
TFF,0.9523612693170502,0.892866382396694,,,,0.9868724315443034,0.9484094232898858,,0.9613831563703692,0.9258466333250311,,,,0.9231634222682858,0.9595757721792377,,0.0,,,,,0.0,0.029678236025634033,
TFI,,,,,,,0.9680607597739191,,,,,,,,0.9804296630332874,,0.0,0.0,0.0,0.02072060209629573,0.030647425375062712,0.014050960002312603,,
TFL,,,,,,,,,,,,,,,,,,,,,,,,
TFN,0.9381945125124368,0.97636167522741,,0.9044331173299832,0.9702994639962872,,0.9354843039265186,,0.8937079615040758,1.0,,0.9083387160423464,0.983388120924511,,0.9670834004879221,,0.0,0.20972284101353889,0.14784533416706727,0.0,0.08032678800974218,0.0,0.0,
TFS,0.9833285979118178,0.9706434771383174,,0.9887699041452268,,,0.8754205042111249,,0.9926662001104603,0.9840792279795149,,1.0,,,0.9419644444602707,,0.02291622942562348,0.14498572142222618,0.17096836639275947,0.11304753599386586,0.18763840176116775,0.013113362677941833,0.0,
TFU,,,,,,,,0.9254136787841303,,,,,,,,,,,,,,,,
TFY,,,,,,,,,,,,,,,,,,,,,,,,
TGC,,,,,,,0.985480258722717,,,,,,,,0.9938650199912367,,,,,,0.01808030773037215,0.0,0.0,
TGD,0.8312177769048414,,,,,0.9805615646553005,0.9356442049038777,,0.882478633604494,,,,,1.0,0.9931699265534977,,0.1444592341488201,0.34801377518494286,0.06062553978992586,0.05033220171238511,0.036345231619704925,0.09823584397406798,0.024115919982556074,
TGG,,,,0.9716290309877341,,0.9830188655286695,0.8891958581925454,,,,,1.0,,0.9815043945097642,0.916839811756352,,0.030054257549626442,0.052513270530830866,0.02341558401361434,0.0648377608701244,0.00934907990426487,0.0,0.0,
TGI,,,,,,,0.9796237765485415,,,,,,,,0.9911877519287278,,,,,,,,0.0,
TGJ,,0.9513951640648957,,,,,,,,,,,,,,,,,,,,,,
TGK,,,,,,0.9811697263167186,,,,,,,,,,,,,,,,,,
TGM,,0.9375964245339129,,0.7995161928079987,,0.9742266789357239,0.9454785059639722,0.930226051757561,,0.9732892350584575,,0.8891700369240881,,0.9445242941128222,0.9846405222778214,,0.10245509455341623,0.2377524658087292,0.0815454151221257,0.0,0.20687857004800855,0.0,0.0,
TGO,,,,,,,0.9801024115866124,0.95050925446649,,,,,,,0.9593069564194692,,,0.05257496079263025,0.05143409609831944,0.22535350495897183,0.17570029510941976,0.047508844160016724,0.01656988817224808,
TGP,,,,,,,,0.9485636322213705,,,,,,,,,,,,,,0.0,0.0,
TGQ,,,,,,,,,,,,,,,,,,,,,,,,
TGR,,,0.7929056464126257,,,,0.9785167458071299,,,,1.0,,,,0.9995980949944155,,0.0,0.048113196469634044,0.018111995208858412,0.015978103166778175,0.02689753380331034,0.0,0.0,
TGT,,,,,,,,0.9898945021416573,,,,,,,,,,,,,,0.05200334892400014,0.0,
TGU,,0.9838349692435614,,0.9775278796047475,,,0.8973587764428049,0.7927523185074052,,0.9882186718045167,,1.0,,,0.7142880232545519,,0.016494588702732974,0.0,0.0,0.18705452498357894,0.14161529856329236,0.0,0.0,
TGZ,,,,0.9453397349701004,,0.9569737395244913,0.9686251810686647,,,,,0.998433626665083,,0.9729473804733769,1.0,,0.0,0.016474130132234324,0.028135521334746838,0.0,0.05122664223143864,0.0,0.006430880299361727,
THD,,,,,,,,,,,,,,,,,,,,,,0.08200126456494063,0.027496803390670774,
THE,,0.9843961409144967,0.9362293686705204,,,,0.9547135187041597,,,0.9484125448054872,0.9410299780637885,,,,0.9887074899863044,,0.023005176700110232,0.0,0.0,0.07656900910455203,0.08480294280130227,0.0,0.0006854352696156035,
THF,0.9881783021355046,0.9357395835458006,0.9503580723749688,0.9639808404581685,,,,,0.9414606375224329,0.907280328290263,0.9695173228393453,,,,,,0.0,0.0,0.0,,,,,
THG,,0.9837132240579738,0.987962997402007,,,,,,,0.9819338954405409,0.9746210852373934,,,,,,0.0,,,,,,,
THL,0.9706754281346446,,0.9894178015386682,0.9884264050547349,,0.9680177402781579,0.9875228337277245,0.9774701821530599,0.978801062839711,,0.9981293211385578,1.0,,0.9996879747256895,0.9723782045512307,,0.0,0.014777197120388936,0.0,0.038269885780882466,0.09171119036450748,0.044550429587610754,0.0,
THN,0.9896138802648112,0.9805251252219768,,0.8110780088109322,,,0.969642910031788,,0.9738043952047317,0.9923855932425444,,0.8285321195333893,,,0.9903541838289056,,0.0,0.0,0.02689763629012265,0.0,0.03995217891375665,0.0,0.18258046750961435,
THO,0.7418602359458376,0.7527272641732783,,0.982810169884574,,,,,0.8244928851151081,1.0,,1.0,,,,,0.04330465053091586,0.06252565716673479,0.3995135039164215,,,,,
THQ,,,,,0.9848380077180188,,,0.7324886393230478,,,,,1.0,,,,,,,,0.17577669308196792,0.42038594793008577,0.0,
THR,,,,0.7551350508371767,0.9851183627453022,0.8745038836067159,0.9741931612383794,,,,,0.7344807055386324,0.939707145658463,0.9698325968546747,1.0,,0.21441772422058897,0.10015856147959584,0.0,0.0,0.0,0.0,0.0640322510458482,
THS,,,,,,,0.9275594454251304,,,,,,,,0.9819732614861476,,0.010967620457688195,0.0062643228001138945,0.005489433236261731,0.006804910078494579,0.014230403074432655,0.0,0.002223583143310354,
THW,,,,,,,,,,,,,,,,,,,,,,,,
THX,,,,,,,,0.9384627679388852,,,,,,,,,,,,,,0.0,0.0,
THZ,,,,,,,,,,,,,,,,,,,,,,,,
TIA,,,,,0.9804592384744707,,,,,,,,0.9610324246994963,,,,0.013869488612834373,0.1407518680616696,0.13745612963740889,0.0174190250929329,0.03337079002579785,0.17242132243845298,0.28693541475427503,
TID,,,,,,,,,,,,,,,,,0.023256332138768123,,,,0.03573307698117976,0.0,,
TIF,,,,0.9823168051836233,,,0.8844363891322468,,,,,1.0,,,0.9905661300655855,,0.0165048227068713,0.019034319462231285,0.0,0.15224315439053815,0.2362967935344852,0.0,0.01211130541277967,
TIH,,,,,0.9806777909076522,,0.9758526984851068,,,,,,0.9998486499071108,,0.975176808924571,,0.027591059600227664,0.02710589453391316,0.012631587433251996,0.009282352763099994,0.015218345783789425,0.00042042466570054815,0.0,
TII,,,,,,0.9748581565994593,,0.983448484757126,,,,,,0.9935448474669246,,,,,,,,0.003039436232650698,,
TIJ,,,,0.9745765617668011,0.9874719918612112,,0.8885303474478042,,,,,0.976066813547175,0.9990454898612207,,0.9609823189281879,,0.05050934358611266,0.04543951323775075,0.030060565411955058,0.0,0.027610750315275677,0.0037120535246498504,0.05979264021950737,
TIK,,,,,,,,,,,,,,,,,,,,,,,,
TIM,,,,,,,0.977391372244186,,,,,,,,0.9984541900864834,,0.0,0.0431826586493657,0.00894506686171249,0.08175023726778577,0.08301397087774522,0.1653787217416539,0.0,
TIN,0.8396155478336438,,0.8062094691424836,,,,0.977204852879499,,0.9161538945579141,,0.8019944560457086,,,,1.0,,0.0,0.0197265418331905,0.0,0.04115443394549351,0.05235478986188449,0.0,0.00283677842621986,
TIO,,,,,,,,,,,,,,,,,,,,,,,,
TIP,,,,,0.9326995702475814,0.8510264614675132,,,,,,,0.752869690266291,0.7824594972979009,,,0.09290512837153235,0.0873155680815305,0.10408480551047299,0.0,0.0,,0.0,
TIQ,,,,,,,,,,,,,,,,,0.007181651812053873,0.0,0.0,,,,,
TIR,,,0.9103472296367587,,,,,,,,0.9654075557211954,,,,,,0.0,0.11618277497596399,0.12581109512169475,0.04310364408967328,0.10529122405473841,0.06714922912626115,0.0,
TIS,,,0.9629344707497028,0.8217428398100046,,,,,,,0.8293115809911705,,,,,,0.02851612319327426,0.0,0.0,,,,,
TIU,,0.9141938670090892,,,,,0.9245315011021289,,,0.9059884600821284,,,,,0.9623952806346221,,0.0,0.0,0.0,0.014424270748758771,0.06990522418628664,0.04434645657977739,0.0,
TIV,,,0.9649520242200741,,0.9439864473292668,0.9888738259928767,0.9120958554558527,,,,0.9865904085811232,,0.9746746562424823,1.0,0.9895551556065184,,0.17090701086650073,0.16352911278292898,0.0,0.019036942285552954,0.038438695200412536,0.04801442352885681,0.0495764724707031,
TIY,,,,,,,,,,,,,,,,,0.0,,,,,,,
TIZ,,,0.9827047658016448,0.9750628709568404,,,0.9790771843926103,,,,0.9922646926245873,0.9905561296234562,,,1.0,,0.0,0.0025879598093451212,0.0,0.006752576959664737,0.06093762939627337,0.0,0.019319060714444856,
TJA,0.9841114363986404,0.9596284489591622,,,,,0.9732053544370494,,0.9605544319987888,1.0,,,,,0.9869366839128324,,0.0,0.019992814088192222,0.06977247127806116,0.03186777451919878,0.19341965379470233,0.0,0.0,
TJB,,,,,,,,,,,,,,,,,,,,,,,,
TJG,,,,,,,,,,,,,,,,,,0.01832318101168249,0.0014747134961001203,,,,,
TJH,,,,,,,0.9585954922697612,,,,,,,,0.9732505428682342,,0.015658827850394436,,,,,,0.0,
TJI,,0.9179905304280868,,,,,,,,,,,,,,,,,,,,,,
TJL,,,,,,,0.9577449059684514,,,,,,,,0.9763511901233937,,,,,,,,0.0,
TJM,,,,,0.9843375018665276,0.9806327127476312,,0.9685159318079146,,,,,1.0,0.9635243462874219,,,0.1313859832720935,0.2258454989592766,0.14405915603203814,0.08636267267855782,0.01520767048424487,0.0,0.0,
TJQ,0.9820771761213386,,,0.9895084498195632,,,0.8771006730324192,,0.9587065704918745,,,1.0,,,0.8961057483968503,,0.0,0.050345526204832784,0.04812799915973965,0.06699768852054065,0.10338021284375547,0.07829712484281111,0.0,
TJS,,,,,,,0.894026667540498,,,,,,,,0.9546744717004004,,,0.1073184180318863,0.08866343675557885,0.15752134406281734,,,0.0,
TJU,,,,0.9322861490231613,,0.9654769316229547,0.9751879441308031,0.7632182169248513,,,,1.0,,0.941157281802258,0.9896078463694642,,,,,0.08714332299761705,0.12913087362895379,0.0,0.0,
TKD,,,,,,,,,,,,,,,,,,,,,,0.0,0.009481446794555919,
TKE,,,,,,,,,,,,,,,,,,,,,,,,
TKF,,,,,,,,,,,,,,,,,,,,,,,,
TKG,,,,,,,0.8777678582304937,0.9568318679100872,,,,,,,0.8599569055126495,,0.2056031008005394,0.11550817073958985,0.1117293058671584,0.04954275027294292,0.05211706341452304,0.15719610214336804,0.0,
TKJ,0.9887626884765421,,,0.9877111737252324,,,,,0.9991887398924636,,,1.0,,,,,0.03842350395794316,0.031180292623248493,0.0,,,,,
TKK,,,,0.988230526027361,,,0.9277450259180801,,,,,1.0,,,0.9336968484698801,,0.0,0.020744351299087114,0.0,0.06300765416811577,0.18649367347514645,0.0,0.0,
TKM,,,,,,,,,,,,,,,,,,,,,,,,
TKN,0.9701077948718028,,0.9854554233667884,,0.9752375922017953,,0.9474178265679833,,0.9716934921032756,,0.9935143147359514,,0.9744491886066369,,0.9797671056310824,,0.0,0.04238117514256836,0.06084812140108431,0.0,0.007085414529350895,,0.011498195177843574,
TKP,,,,0.9607984031156217,,,0.940845648536746,,,,,0.9718227518895618,,,0.9455607831408531,,0.0,0.028792596584050967,0.021528681906113803,0.0,0.04822878222840031,0.0,0.0,
TKQ,,0.9811529563841457,,,,,,,,0.98154621021702,,,,,,,0.008821495642381673,0.0,0.0,0.03986131790627276,0.05267149014921797,0.03889564476764181,0.01129783489930926,
TKS,,0.9221832217338982,,,,0.8901358083567229,0.8860183354125873,,,0.9816061831981687,,,,0.9038192890321738,0.964469421016682,,0.10930204662875923,0.0,0.0,0.05882797991920929,0.06064757242854803,0.0,7.495722214871943e-05,
TKU,0.9088172106444309,0.9590162232007952,,,,,0.8683507213994031,,0.8761004284313287,0.9562008901791225,,,,,0.9828938018087422,,0.0,0.0,0.06097179725089412,0.027561136127695396,0.020155481937446637,0.019374276876126556,0.0,
TKV,,,,,,,0.9409664132902422,,,,,,,,0.9442057485820881,,,,,,0.037804150394443105,0.0,0.0,
TKX,,,,0.9601138008901613,,,0.9476835952812311,0.9869417792104175,,,,0.972484993806828,,,0.9407926003900258,,0.0,0.03605979738297374,0.02795261208119181,0.0,0.05715802687451883,0.0,0.0,
TLA,,,,0.9885776319931016,,,0.8917437805407439,,,,,0.995406520282649,,,1.0,,0.031067743778592418,0.0,0.0,0.003572861235716638,0.06539780381432593,0.0,0.011076939721526657,
TLC,,,,0.9877137002558807,0.9510825190134575,0.9289017452003893,0.9636002073227067,,,,,0.9378662806390985,0.9283886060124662,0.955925450985769,1.0,,,,0.349320410465553,0.0,0.0,0.0,0.03210902080099689,
TLE,,0.9877892902462762,0.865997569216438,,0.9894557936265366,0.9811301726634216,0.9332522733560412,,,0.9798033058440769,0.9065958878773308,,0.9898068482115977,0.9982197650563799,0.9731846382375332,,0.0,0.011805587283476107,0.0,0.0,0.0,0.016582593790230152,0.0,
TLH,0.9207553311396358,,0.9678679525633687,0.9183945837325577,0.8045778970452802,0.987359786995194,0.9714573202326341,,0.9595360798332864,,1.0,0.8094876778953604,0.8258383791757061,0.8502269558053724,0.9957143568761038,,0.0,0.3053629242872797,0.17282204860125916,0.0,0.0,0.0,0.011611051950933406,
TLI,,,,,,,0.9633582273937142,,,,,,,,0.9791136254869074,,,,,,,,0.0,
TLK,,,,,,,0.9340221985638785,0.9778091197008724,,,,,,,0.9235481444849385,,,,,,,,0.0,
TLL,,0.9674244689215771,,0.9847470049203098,,0.9858007422932669,0.8948561848268161,,,1.0,,1.0,,0.997530606284937,0.9685256824946348,,0.019330051905017544,0.13674376277905287,0.1841176981822497,0.08114175548729508,0.11074104654731008,0.0,0.0,
TLM,,,,,0.9028400269237765,,0.7821250847108003,,,,,,0.9444634531063646,,0.9212021859423489,,0.09136482939225998,0.0,0.0,0.12898817193929343,0.08192507296790945,0.1016756092205696,0.00834633479807299,
TLN,0.9709967202609724,,,0.955176725227635,,0.8901733043015281,0.9578600271870669,0.9839856064207432,0.958822532281065,,,0.9734746090465857,,0.9444054405853392,0.9888674622217285,,0.07153298233721679,0.14452781430268094,0.1132632046521303,0.0,0.01491115451603502,0.0,0.0,
TLQ,,,,,,,0.8717550348798695,,,,,,,,0.9499022460885403,,,,,,,0.3925841251926821,0.05956591331027947,
TLS,,,,,,0.9565639358329496,0.8706913916019002,,,,,,,0.9925792790428666,0.9721785695643317,,0.0574186442127072,0.05579094608232163,0.03012406218842092,0.1180516481037018,0.18904811080845063,0.0,0.02380850674961511,
TLT,,,0.9869374533254114,0.988647539404495,,,0.9704667616399368,0.9881413443944211,,,0.9872164762916097,0.9967924288651717,,,0.9864204667875982,,0.0,0.0,0.0,0.01167738108339939,0.020129152360946468,0.0,0.0,
TLU,,,,,,,,,,,,,,,,,,,,,,,0.02973889852940745,
TLV,0.9872193372154517,0.8595208073097188,,,0.9248288780608128,,0.8028405655208568,,0.9678013380046567,0.8661443806557606,,,0.9043902148661447,,0.9265292474114005,,0.0,0.0,0.19871790757200095,0.2054728922163891,0.0,0.08436948805825847,0.0,
TLY,,,,,,,,,,,,,,,,,,,,,,,,
TMC,,,0.9862960221852268,,,,0.9888955715499961,,,,0.9817438144039626,,,,1.0,,0.15992141132914978,,0.024845192053574217,0.06162216548616095,0.03435226224962802,0.09035639597323615,0.04901272575127273,
TME,0.9648851536977451,,,,,,,,0.9494922565187961,,,,,,,,0.0,,0.0,0.025196638793535807,0.04003820475056991,0.02919807346130852,0.01652968408181393,
TMF,,,,,,,0.9673709867027319,,,,,,,,0.9795898421155753,,,,,,,0.036552494856495206,0.0,
TMH,,,,,,,0.9709012520661449,,,,,,,,0.9836658612454973,,,,,,,,0.0,
TMI,,,,,,0.9784995250838405,,,,,,,,0.9841204178771974,,,0.0,,,0.030081565187079978,0.02513022331582143,0.0,0.005983168274348471,
TMJ,0.9761342902716674,,,,,,0.9887728535215317,0.9514142631912084,0.9909748540202238,,,,,,0.9963277437090892,,0.022351970849434324,0.06976275138928975,0.05405397136703315,0.06266796819106989,0.020124334134584625,0.0,0.056243774402067855,
TML,,,,,,,,,,,,,,,,,,,,0.053158313281062866,0.04051018911506005,0.0,0.0305295128180755,
TMM,,0.9839378608388224,0.9733373681532538,,,,,0.8826848237501641,,0.9846394262770919,0.9934785665953958,,,,,,0.0,0.0005143658511038261,0.0,0.02030491296124627,0.016293502311197094,0.0,0.0,
TMP,0.8423404270877802,,,,,0.975912328058689,0.8643236368433707,,0.8499534604992572,,,,,0.961872666976719,1.0,,0.0,0.09059352327441011,0.13292379764530052,0.006400604069803761,0.0,0.0,0.03425862989333223,
TMR,,,0.9778252135882084,0.9865796079078547,0.8392163781497872,,0.8973744352550495,,,,0.9767526595283507,0.9199927241682564,0.9076965503498806,,1.0,,0.2229723111485075,0.23953899356295982,0.0,0.0,0.0,0.022864265604194873,0.01281097680024321,
TMS,,0.98632998950666,,,0.9764416114375694,,0.9233609508330923,,,0.9993386945137628,,,0.99393462131104,,0.9640474719820087,,0.014244612874021121,0.05106808588581089,0.059337041785341084,0.013258140719506317,0.01860630745136396,0.06074123405043774,0.0,
TMT,0.9141634281938782,0.9019912379238083,,,,,0.8453036515287294,,0.9125652279101472,0.9817440020634078,,,,,0.9483636878356978,,0.0,0.0,0.07703588276000378,0.006043109420080087,0.0,0.04433211380407743,0.0,
TMU,,0.9548225404786355,,0.9643702230112037,,0.9847368582110256,0.9809800062666073,0.9279676585325427,,0.9894509266107627,,0.9793611503199026,,0.9891507170877205,0.9760258485042211,,0.0,0.025383684865370196,0.035636938723686035,0.0,0.01989469502127988,0.0,0.0,
TMW,,0.9761581852464477,0.98954175635163,,,,0.9310956085064633,,,0.9714813884897776,0.9971784749328878,,,,0.9815453232737145,,0.0,0.0,0.0,0.020020395916347185,0.015455104394527958,0.0,0.0027114617042651814,
TMX,,,0.9856888786243527,,,,0.9788336667563499,,,,0.9974544048836869,,,,0.999803347742591,,0.0047394927619338,,0.02270662795096845,,0.010952874442745796,6.900760250000744e-05,0.0,
TNA,0.9733953960211038,,0.9839818440574666,,,,,0.8091619611751,1.0,,0.997996401090207,,,,,,0.12383278779359783,0.15087737474976565,0.10686624709713681,0.21083974454071286,0.2411620696192737,0.47848812633472676,0.0,
TNC,,,,,,,,,,,,,,,,,,,,,,,,
TNE,,,0.9883909526180796,,,,0.9434731793734593,,,,0.950527301963554,,,,0.9819971139784626,,0.0,,,,,,0.020771252500765298,
TNG,,0.9517175520530696,,,,,0.9506063792565552,,,0.9643743149014761,,,,,1.0,,0.0,0.0,0.043441659065178655,0.1172648871206648,0.1198113185721962,0.023151880566063533,0.12086769564848629,
TNH,,,,,,,,0.9613755007149997,,,,,,,,,,,,,0.667170900923169,,0.0,
TNJ,,,,,,,0.9047792568806706,,,,,,,,0.944385976490515,,,,,,0.055512908136322564,0.0,0.0,
TNK,,,,0.9864684213293734,,,0.9731524373381008,,,,,0.9904674017539157,,,0.9937308631383144,,0.005428181330911931,0.0,0.0,0.0003539344948357681,0.012869015225764831,0.0,0.0,
TNL,,,,,,,,,,,,,,,,,,,,,,,,
TNN,,0.9270205524627114,0.9394688961376295,0.8690603021459242,,,0.624673923183849,,,0.8610440925782343,0.9165275227571601,0.9108747808055513,,,0.8908048090798779,,0.0,0.0,0.0,0.23629182284304753,0.5109337212292847,0.04907544705866702,0.0,
TNO,,0.9590365669768021,,0.969989240760771,0.9827719834655808,,0.9762180349831946,,,0.989471722065937,,0.956418606648981,0.986742162954727,,0.988059764428145,,0.0,0.05236611838586969,0.06438466198772257,0.0,0.0,0.0,0.0,
TNR,0.9725926736946993,0.9865609153881173,0.9585730214567914,,,,0.8851852846929993,,0.9880867828487911,0.9643400276962322,0.9909636315888051,,,,0.9191776580873734,,0.0,0.0,0.0032820959084285052,0.018997108349462433,0.045273165686800614,0.012382617492983198,0.0,
TNX,0.9731042878766044,,,,,,,,0.9646876247610374,,,,,,,,0.0,0.03676816635623453,,,,,,
TNZ,,,,,,,,,,,,,,,,,,,,,,,,
TOB,,,,,,,0.872295831973301,,,,,,,,0.9215804322830147,,0.028455121763512583,0.030113990415353845,0.0,0.21258596909199656,,0.0,0.036734069339866,
TOD,,,0.9501646864802225,,,0.9837925667205721,,,,,0.9577935483066744,,,,,,0.0,0.0,0.0,0.5746893540232821,,,,
TOE,,0.977019593205211,,,,0.9791552432085031,0.7740614030262796,,,0.9649077032533269,,,,0.9885635189981504,0.9497034525725067,,0.06009377896266015,0.0,0.0,0.10635199697763811,0.029008838878417896,0.0,0.0,
TOF,0.8651143902510954,,,,,,0.952276711420784,0.94559998790702,0.8473939533657865,,,,,,0.9157950412932,,0.0,0.22621834570096824,0.13078054078269105,0.12654270972203024,0.08399570103773006,0.14349286380841927,0.0,
TOH,,,,,,,,,,,,,,,,,,,,,,,,
TOJ,,,,,,,,,,,,,,,,,,,,,,,,
TOK,,,,,,,,,,,,,,,,,,,,,,,,
TOL,0.9567813949795291,0.9363236391229685,,0.8692143424579286,0.9106135661420837,0.9814153035184069,0.9596178125529383,0.9825818680219867,0.9011133475961309,0.968009568735001,,0.8141517303555401,0.9087311028022386,0.9848487850697777,0.9609112310492718,,0.0,0.10154516103523388,0.06721415033628393,0.0,0.0,0.0,0.015450964517088793,
TOM,,0.9690511933064383,,,,,,0.8343625957760097,,0.9851891395791899,,,,,,,,0.0,0.007582313188522627,,,,,
TON,,,,,,,,,,,,,,,,,,,,,,,,
TOS,,,0.8529159150940988,0.9377914010090492,0.9477532588911524,,0.9196341559372976,,,,0.9849289695142218,0.9708702870769875,0.9521838040841133,,0.9866393856334937,,0.0,0.24659054352269022,0.0,0.0,0.03905580338978512,0.056337907334741304,0.06004090206957104,
TOU,,0.9235437893872899,,,,,,,,,,,,,,,,,,,,,,
TOW,,,,,,,,,,,,,,,,,,,,,,0.0,,
TOX,,,,,,,,,,,,,,,,,,,,,,,,
TOY,0.9782403236082061,0.9768985532236573,,,0.9864931661077083,,0.8909367852891955,,0.9731960780034686,1.0,,,0.9988701207048544,,0.9540458108492552,,0.00567238728223316,0.010310060089609576,0.0,0.026045999317942516,0.0,0.0,0.0,
TPA,0.9636226158693645,0.9612223125185478,,,0.9831226315311417,,0.8129081724662144,,0.998242577370084,0.9589001271422914,,,0.9923408255281081,,0.9981518173531233,,0.0,0.0,0.014015113049880148,0.012515154555158893,0.0,0.0,0.06669626011492823,
TPE,0.987456360770411,,0.9552582267961014,,,,0.643535658119907,,0.9996325764836713,,0.9773158509469076,,,,0.7991942325656628,,0.020031957208917883,0.09118932025998962,0.032398983770874315,0.17664169263550736,0.16358933122491237,0.0,0.008276332370451773,
TPI,,,,,,,,,,,,,,,,,,,,,,,,
TPJ,,,,,,,,,,,,,,,,,,,,,,,,
TPK,,,,,,,,,,,,,,,,,,,,,,,,
TPP,0.9773749097290523,0.9891168804777741,,,,,0.9378401645966755,,0.9503593998497929,0.9912376146007171,,,,,0.9833640896193443,,0.0,0.0,0.010434279074961405,0.06450521355264441,0.09643404502157388,0.0,0.0,
TPQ,0.9886053120119431,0.9042368683886417,,,0.9899957874492464,,0.9622856341171765,,0.9496093968377959,0.913102841128361,,,0.9953075847547118,,0.9780120978132697,,0.0,0.0,0.006306395052018184,0.0014381740939735008,0.007299684267935457,0.02951405958864534,0.0,
TPS,0.9837425048343357,0.9810951258359686,,,,0.9442981042498715,,0.98902300196158,0.975914015367205,1.0,,,,0.9410652985281941,,,0.0,0.08579558592472353,0.13496225633290423,0.12418436770034799,0.043188689716902075,0.0,0.04543147776932767,
TPU,,,,,,,,,,,,,,,,,,,,,,,,
TQL,,,,,,0.8755644238160225,,,,,,,,0.9136266464064581,,,,,,,0.0,,,
TQO,,,,,,,,,,,,,,,,,,,,,,,,
TQP,,,,,,,0.8016007508892082,,,,,,,,0.9395889275372218,,,,,,,,0.0,
TQQ,,,,,,,,,,,,,,,,,,,,,,,,
TRA,,0.9803985760872517,,,,,0.9620069190889151,,,,,,,,,,,,,,,,,
TRC,0.9813530741108634,0.9357501798345587,,0.8133451952045321,0.983480371965621,,0.9862517747643325,,0.9926085095897271,0.9550559757215881,,0.8444280775355263,1.0,,1.0,,0.0,0.022164357527810357,0.0,0.0,0.03626677056966514,0.0,0.03187891958940843,
TRD,0.9528093512885087,,0.9697100836438033,0.9818919448479083,,,0.903316534401474,,1.0,,1.0,1.0,,,0.9585680188895476,,0.07931177361288164,0.10233948472127957,0.02669757081476545,0.041280957654471116,0.07909807231586706,0.0,0.0,
TRE,,,,,,,0.9675351020053025,,,,,,,,0.9819893837846287,,0.008320295556957062,0.029606475026900832,0.024649901204694066,0.0,0.015104031075345282,0.0,0.0,
TRF,,0.9642264891941285,,,0.9556229724133274,0.9630993762745161,0.9800186650065486,0.9883282684968074,,0.9832244886793393,,,0.9967731619929717,0.9611245410495328,0.9909717435648755,,0.16073998325405014,0.02626206451030339,0.08275327628849377,0.09568070282494459,0.0,0.0,0.0,
TRG,,0.9731272743819283,,,,,0.9366859895844513,,,0.986793591450031,,,,,0.9704607798975405,,0.0,0.0,0.036615515376745573,0.030760746094350436,0.043052761063673554,0.007109980774951654,0.0,
TRI,,0.8536626132781195,,0.9512789904926009,0.8414390758810685,0.8853525271464754,0.9632565779570149,,,0.9572808257799985,,0.8524306923972543,0.799561072472686,0.8626720933015151,0.9908976611493908,,0.0,0.2062426255339038,0.34417655085147164,0.0,0.0,0.0,0.0034362469258318908,
TRK,0.9797222973007575,,,0.9629411346805935,,,0.9087945468951246,0.9847235454270866,0.9310814061456315,,,1.0,,,0.9049879151781784,,0.15890602256692304,0.1477151813416842,0.10506045758769965,0.16231057318682263,0.24975336372063386,0.07578668262454645,0.0,
TRM,,,,,,,,,,,,,,,,,,,,,,,,
TRN,,,,,0.9769698962983614,,0.9359609205524801,,,,,,0.9735319241701518,,0.997939024927056,,0.0,0.08682621978164415,0.0951558400793019,0.028031073996811796,0.03692584264721819,0.0,0.0,
TRO,,,,,,,0.9611042386186708,,,,,,,,0.9706942926463444,,,,,0.0063879329687258676,0.007211434312846683,0.0,,
TRQ,,0.988682944081248,,,,,,,,,,,,,,,,,,,,,,
TRR,,,,,,,,,,,,,,,,,,,,,,,,
TRS,,0.9430436282027589,0.9547054450053214,,0.969361787757939,0.9557887620316045,0.9195671064300717,,,0.9525216139753871,0.9705776685796249,,0.9915478918257509,0.9700575252026873,0.9960751641395212,,0.0,0.0,0.04950422976510426,0.025415928017180726,0.0,0.0,0.05382608253040083,
TRT,,,,,,,,,,,,,,,,,,,,,,,,
TRU,0.9755861867969428,,,,,,0.9352572550061754,,0.9730285729390716,,,,,,0.9938697221239245,,0.0,0.0,0.0,0.08529618177100191,0.13513934906187636,0.04678783087365916,0.016957118268793224,
TRV,0.9387277073829408,,,0.9798175653733202,,,0.902479885791833,,0.8900392662457998,,,0.9947884114825943,,,0.9869173960053851,,0.0,0.16985750934593882,0.12348097240607908,0.017868256536395212,0.07137245267129287,0.06411395762377967,0.0,
TRW,0.8658243410883933,0.8584126245101221,0.9843956572801453,0.897552774700991,,,0.9742737977277955,,0.8855911725341737,0.8621739239322102,0.9918340065888265,0.9669636219033624,,,1.0,,0.0,0.0,0.07062159346406258,0.0,0.05505389936425557,0.10209024024570104,0.02491364433988083,
TRZ,,,0.9800062655948115,,0.98827952958577,0.9888800603411719,,,,,0.998606909403626,,1.0,0.9924866424703307,,,0.05416881288986837,0.15259172993192766,0.1283147750616143,0.04488450408862102,0.0039471494427623845,0.027597313786618363,0.09759515496964025,
TSA,0.9205257673727194,0.9523908845004538,0.938208048887941,,0.959063297815185,,0.8710732508686961,,0.9796498347064274,0.8730456952812484,0.8970313481117048,,0.971438812776411,,0.9323139149594548,,0.0,0.0,0.0,0.10714783199160571,0.017063960513035933,0.04595472770473362,0.0,
TSB,,,,,,,,,,,,,,,,,,,,,,,,
TSE,,,,,0.9763869868745149,0.9851252316179575,0.8924427829311261,,,,,,1.0,1.0,,,0.2490623614005066,0.1222841833236375,0.14510439070520373,0.11252283099136073,0.1636150401458446,0.03931097982100105,,
TSF,,,0.9348311419214471,0.9856139125141944,,0.9221946753442447,0.9324572527052419,,,,1.0,1.0,,0.9778138133932281,1.0,,,0.28972677804666247,0.1288768859984703,0.0787765651338439,0.07294094953818883,0.0,0.01368544687423723,
TSH,0.9828976719247459,,,,,,,,0.9801404563412809,,,,,,,,,,,,,,,
TSJ,,,,,,,0.9853997853239312,0.8500996210709693,,,,,,,0.9686221985887423,,0.0,0.004236050565888494,0.004997106354225115,0.025427181087441002,0.05091095331329195,0.0,0.0,
TSL,,,,,,,0.9896168523904002,,,,,,,,,,,,,,,,,
TSM,,,,,,,0.9872131080415624,,,,,,,,1.0,,,,,,,,0.0672344028784533,
TSN,0.9535933961409497,,0.9767363048021556,,0.9581964064850224,,0.9344424670679163,0.882741465771689,0.978806855952382,,0.989438133670247,,1.0,,0.8417876621129236,,0.02500012708292453,0.12067343844189779,0.09858425402922381,0.4059966575665991,0.4758006303222384,0.5866743662688023,0.0,
TSO,0.9858491384738999,,,0.9895648981601409,0.9085293767981965,,,,0.9929802450956737,,,0.9291597851402015,1.0,,,,,0.0344911711219762,,,,,,
TSR,0.9769312463627549,0.9330081813249317,,,0.9365490785123967,0.9801049903312937,0.9573771862430398,,0.9873986166046075,0.9569563350019147,,,0.8969565334075029,0.9998099184070413,1.0,,0.015156880779380114,0.0,0.08870282763978687,0.0,0.0,0.04701437760406898,0.0068607894584523325,
TSS,,,,,,,,,,,,,,,,,,,,,,,,
TST,,,,0.8176690205270134,0.9310198758177934,,0.8416590462715912,,,,,0.8515430590109389,1.0,,0.9722270870168284,,0.019065212976963633,0.0,0.0,0.0,0.23611059722572003,0.03240040800471051,0.0,
TSV,0.9704041859546724,0.9718730963460743,0.9221461182668762,,,0.9545095608993394,0.8951080973135613,,0.9446545194761654,0.9191671931514892,0.9606655427397328,,,0.9924528201971973,0.9457637175529697,,0.0,0.0,0.0,0.014484401029935694,0.014159439880624403,0.0,0.0,
TSY,,,,,,,0.8722431425892014,,,,,,,,,,,,,,,,,
TTA,,,,,,,,,,,,,,,,,,,,,,0.017659290523149955,0.0,
TTB,0.9794720423725992,0.8322615050338746,,,,,,,0.9230345143886896,0.991012667024476,,,,,,,0.0,,,,,,,
TTE,0.9829221864394153,,,,,,0.9767037118578179,,0.9703780705700824,,,,,,1.0,,0.19337856945207763,,,0.31720568742329386,0.17407560065032474,0.034146396218323855,0.050026645746215403,
TTJ,,,,,,,0.9055832012190695,,,,,,,,0.985625212491083,,0.13101911084703352,0.004642666190446284,0.009619096616984754,0.06052897977042414,0.03793746805210398,0.08398926735158199,0.0029478223513637477,
TTN,,,,0.9135382761531399,,,0.884894801201549,,,,,0.9572572490376604,,,0.8986706677856711,,0.0,0.20264316711269292,0.07563390819170557,0.1194676015841394,,0.024350896741872793,0.0,
TTQ,,0.9676001051828858,,0.9722852524967569,,0.9663372238954984,0.943054904270273,,,0.9920383300053454,,0.9641391084085305,,0.9767448595896492,0.9482508627283744,,0.0,0.039529283478315504,,0.0,0.005712825348844465,0.0,0.0,
TTR,,,,,,,,,,,,,,,,,,,,,,0.2653702121555622,,
TTT,,0.7656946746867319,,0.9792720525224151,0.9546693974758962,0.8862258590205156,0.9164580561010829,,,0.7664406489151434,,0.9674188708053479,0.98906588721437,0.9245264726715857,0.9609945092173938,,0.0,0.0,0.06672735353829587,0.0,0.0,0.0,0.0,
TTU,,,,,,,0.9606060202641736,,,,,,,,1.0,,,,,,,0.0,0.21734414356255188,
TTX,,,,,,,,0.9559116746665628,,,,,,,,,,,,,,,,
TUA,,,,,,0.9803396851494024,,,,,,,,,,,,,,0.0,,,,
TUB,,,,,,,0.9738277398288044,,,,,,,,0.9757206374821308,,0.011228882437437271,0.012481408139335137,0.015220260361314419,0.0,0.022025671895368717,0.00533590772649881,0.0,
TUC,0.9803627245736926,,0.792373326042851,,0.9625230821231429,,0.8525567394372784,,0.9696225357159012,,0.7785365522893066,,0.9845589606183566,,0.88913018534651,,0.0,0.0,0.0,0.270175566916639,0.1644479115610435,0.06015974556853482,0.0,
TUE,,,,,,,,,,,,,,,,,,,,,,,,
TUF,,,,,,0.9656432780665403,0.8934684279180921,,,,,,,0.9878239781402542,0.9648196479722746,,0.04368400518819009,0.0541410272963065,0.06831502866579828,0.0685008554831407,0.028464412003413916,0.0,0.0,
TUG,,,,,,,0.94316878726968,,,,,,,,0.9988101274313279,,0.0,0.007039795118616647,0.010871232751806171,0.06795976552596278,0.07182239974173402,0.0,0.04836796388961058,
TUI,,,,0.9825804610117747,,,0.9658385084467368,,,,,0.9834489946933496,,,0.9685488017130793,,0.026504002249848592,0.02350163911983837,0.013429532649037281,0.0,0.03690390295117991,0.05298657584941376,0.0,
TUJ,,,,,,,,,,,,,,,,,,,,,,,,
TUK,,0.9612262449371906,,,,,,0.9532013315229577,,0.9674571298964056,,,,,,,0.0,0.0,0.015221864971612691,0.02133108075465851,0.020620338475188238,0.0,0.0,
TUL,,0.9898908249301723,0.9873396618036917,0.9182863329678915,,,0.7942732601199207,0.980842119033784,,1.0,1.0,0.9985506720209413,,,0.8338888393991531,,0.033847243617018144,0.19930910425081513,0.07811046128302977,0.08266469428652168,0.0,0.0,0.0,
TUN,0.9644385752183254,,,,,,0.9050968012025572,,0.9829533256854579,,,,,,0.9567734498709611,,0.003397719152017491,0.006495550747921795,0.020677275749680767,0.08494759863756669,0.08607646976078401,0.037079211118469256,0.0,
TUO,0.9831372386338048,0.9797825237167754,,,,,0.9401186016525477,,0.9659827965136042,0.9791554642015546,,,,,0.9752392191714513,,0.0,0.0,0.005573018993585573,0.02193168666028598,0.05914796315422218,0.009149055580069733,0.0,
TUP,,0.9762075521952531,0.9789885892236273,0.9115564099044215,0.8607046848305696,0.9353340310286828,0.8821275260556952,,,0.9709726881323231,0.9920518662040166,0.8946578226933981,0.9968782301455409,0.9010237153154942,1.0,,0.0,0.19272893228461085,0.1137382629929018,0.0,0.0,0.0,0.052519172757607216,
TUR,,,,,,,,,,,,,,,,,,,,,,,,
TUS,,0.9515417762876267,,0.9446141364893216,,,0.8959257000915756,,,0.9956603483789724,,0.9945480388207619,,,0.9855662826295414,,0.0,0.058273793549469086,0.10411298192353764,0.031570553169501095,0.022422703758429703,0.0,0.0,
TUU,,,,0.989217657767865,,,0.9224337373699921,,,,,1.0,,,1.0,,0.019316330087217476,0.0220058067624466,0.007916869582739836,0.09257296957430951,0.14828919445042343,0.038853517097324805,0.05032767265506181,
TUV,,0.9859891380580733,,,,,,,,,,,,,,,,,,,,,,
TUW,,,,,,,,,,,,,,,,,,,,,,,,
TUZ,,,,,,,,,,,,,,,,,,,,,,,,
TVA,,,0.9778697375308035,0.8041573300560774,,,,,,,0.9775141717189636,0.8220794990310196,,,,,,0.0,0.0,,,,,
TVC,0.9809464991368019,0.9517606204060034,0.973302192601268,,0.9736749535857858,0.8903636363216862,0.9155090120573214,,0.9995141221343717,0.9733929989813855,1.0,,0.9654591798457982,0.8781056391116225,0.9589991796213675,,0.0,0.006211571810057022,0.075162932559083,0.0,0.0,0.0,0.013390582520887435,
TVF,,,,,,,0.9613237529502217,,,,,,,,0.9791964030797116,,0.0,0.0,0.0,0.035138099126833085,0.031215934586203444,0.0,0.0,
TVL,,0.9884478730300446,,,,,,,,,,,,,,,,,,,,,,
TVS,,,,,,,0.976311584012342,0.9826223654108751,,,,,,,0.9924251204650648,,,,,,,0.16645836352440005,0.0,
TVU,,0.9497434520585318,,0.9766835102830214,0.9867210749005872,,0.9564597760653475,,,0.9507828673889731,,0.9683288296563082,0.9948907286273717,,0.9981587046675627,,0.0,0.0,0.016067283996056416,0.0,0.007466542807461615,0.0050663952304863015,0.0,
TVY,0.9547962341624018,,,0.9880547636132359,,0.963007739475411,,0.9757855470301426,0.9516190857458975,,,1.0,,0.9963486782283034,,,0.0,0.012636605212753478,0.0,0.04073250219829766,0.07137030935061107,0.02740279257161404,0.0,
TWA,,,,0.9807203480699928,,,0.9736254521861185,,,,,0.9909815898099287,,,0.9972410376901719,,0.0,0.0,0.0,0.025116321080657807,0.019223909532995197,0.0,0.0,
TWB,,0.9691098888307249,,,,0.9215604245994171,,,,,,,,,,,,,,,,,,
TWC,,,,,,,,0.9780545771763409,,,,,,,,,,,,,,,0.27173485036758566,
TWD,,,0.9881393973317296,,,,,,,,,,,,,,,,,,,,,
TWF,0.9246974658080673,,0.9128047059558315,,,,0.980979744653421,0.964031776577372,0.9369550804576532,,0.8995991759241503,,,,0.9600242424211091,,0.0,0.03256111146699278,0.0,0.020348257652425362,0.0039707362548979655,0.0,0.0,
TWT,,,,,,,0.9435554042488485,,,,,,,,0.9786730852737299,,,,0.012095477707196626,0.02012642661177352,0.08654398219898578,0.014065744000208701,0.0,
TWU,,,,,0.9818493931894547,,0.8853335886129641,,,,,,0.985205936229729,,0.9652787347308357,,5.157350243027699e-05,0.010682859996109462,0.02311492390069113,0.05304760955430129,0.0,0.0,0.06842598665310362,
TWZ,,,,,,,,,,,,,,,,,,,,,,,,
TXE,,,,,,,0.9078672706325609,,,,,,,,0.9152613989638692,,,,,,,,0.0,
TXF,,,,,,,0.9194463259907819,,,,,,,,0.9594355293330877,,,,,,,,0.0,
TXG,,0.8378204546862553,0.9643832784648553,,,,,,,0.7669025552213082,0.8345191784156978,,,,,,0.0,,,,,,,
TXK,0.9899758678042416,0.9855496498156298,0.982015200981149,0.9588095833988706,,0.9895365409215513,0.9803946402344081,,0.9994958324462923,0.9781108651307024,0.9969079240261155,0.9736089069150639,,0.9855374109831218,0.9998399234275961,,0.0,0.006668775180326772,0.006719217437478904,0.0,0.0961819190444059,0.0,0.0,
TXL,0.9639817679430231,,,,,,0.3147106122897536,,1.0,,,,,,,,0.12335634316040507,0.15010079894487457,0.12560984935789724,0.08827502539706297,0.11143391604850897,0.0,,
TXN,0.9707409951431619,,,0.9756609925287298,,,0.8977709514835865,0.9889380946610009,0.9998933858205575,,,0.9922778317976876,,,0.915752569066927,,0.013944383183484618,0.04324903414098395,0.02519332074457017,0.06057675356511322,0.10789304595245257,0.11898906989716913,0.0,
TYD,,,,,,,,0.9611239975860026,,,,,,,,,,,,,,,0.027665183024343575,
TYF,0.9734323854178942,0.9884540317166809,,,,,0.9690251502220422,,0.9808519051729803,0.9977310146042764,,,,,0.9774722000133391,,0.0,0.016187008991042896,0.03714617807320991,0.02390872327635737,0.03296207656895115,0.0022217453801811633,0.0,
TYL,0.9782662320211954,,,,,,0.9511863665615893,,0.9745452810779647,,,,,,0.9860085956048673,,,0.00928034051316878,,0.008789612284805372,0.07828923160722787,0.07147350154536417,0.0,
TYM,,,,,,,,,,,,,,,,,,,,,,,,
TYN,0.9817624210776377,,0.9767934437239987,,,,,0.8638658235412403,0.9865928232796386,,1.0,,,,,,0.04180910974242502,0.30320457892698194,0.1735729006483562,0.2527192411547827,0.18934859793308614,0.34623296973137274,0.0,
TYR,0.9723219846405061,0.9734096214994862,,0.9883735451115939,,0.911506866000082,0.9770340519408962,,0.9664161881607495,0.9901019794287899,,0.9959677319469872,,0.8077958435864135,0.9919838073784578,,0.0,0.05405656119593099,0.09699789330606776,0.09575094071207232,0.03041382962183794,0.0,0.0,
TYS,0.9888503882093002,0.8618186935709963,,0.9458167013482974,,,0.7585325560816798,,0.9897886432749866,0.9698979574976575,,1.0,,,0.7875568292391838,,0.0,0.0860256961900238,0.22184408833492864,0.06279243635476012,0.0,0.0,0.0,
TZA,,0.9867557063208338,,0.9536174664182081,0.8188232253460741,,0.9657971392773717,,,1.0,,0.9364269349992789,1.0,,0.9673751400148567,,0.0064446184886154875,0.025103929498932077,0.0,0.02861745078935289,0.07490286017948491,0.0,0.0,
TZL,,,,,,,,,,,,,,,,,,,,,0.0,0.2968840905987339,0.035308463483354736,
TZN,,,,0.9878021104933997,,,0.9780883542657561,,,,,,,,0.9880697458808695,,0.0,0.040663736946161405,0.07594448125881434,,0.0,,0.0,
TZX,,0.9664643692988829,,0.9796904771394623,,,0.9476607248228369,,,1.0,,1.0,,,1.0,,0.004497399398300446,0.15459302144242035,0.23089044057851815,0.07697297430690599,0.14582122779328832,0.025080176892677268,0.06619319517953628,
UAH,,,,,,,,,,,,,,,,,,,0.007312547457765981,0.0,0.018318353764984335,,,
UAI,,,,,,,,,,,,,,,,,,,,,,,,
UAK,,,0.9752640866128416,,,,0.7659958488657921,,,,0.9700575291031361,,,,0.9732063995456028,,0.0037048850927635427,0.0,0.0,0.05965483570447272,0.0359751072817532,0.0,0.0,
UAP,,,,,,,,,,,,,,,,,,,0.007542205202819507,0.0,0.018123373907792117,,0.0,
UAQ,,0.8167604024526868,,,,,0.9741887380464609,,,0.8010944795934971,,,,,0.9978886528930109,,0.0,0.0,0.18200426953744434,0.24983932019461771,0.2899105837352214,0.17290822153490554,0.0,
UAR,,,,,,,,,,,,,,,,,,,,,,,,
UAS,0.9434043117390548,,,,,0.9535919898744636,0.928145742591411,,1.0,,,,,0.99369064375374,1.0,,0.04776586355071707,0.07507225909928134,0.03379049807182923,0.0,0.0,0.07214074317210493,0.006608148896346349,
UBA,0.9635360050522972,0.9410299672798091,0.9700965410333389,,0.9890027904323672,,,,0.9040514400846222,0.9194171780965678,0.9732472225481985,,0.9587705945122581,,,,0.0,0.0039953501930529356,0.12067996430314029,0.18803166372550162,0.0,0.0,0.0643925545335654,
UBB,,,0.9694911875639808,,,,0.9169994331484486,,,,0.9611194731109558,,,,0.9791562078605404,,,0.0,0.1377418610495985,,,,0.0,
UBJ,,,,,0.9499498906692895,0.9612043003221221,0.9195158720944807,,,,,,0.970797836160353,0.9845707736737779,0.9959932570932556,,0.18074384677324115,0.09491219462598732,0.0927021442643978,0.04060476652418491,0.0026263660457146397,0.0,0.0,
UBN,,,,,,,,,,,,,,,,,,,,,,,,
UBP,,,0.9802288323748735,,,,0.8965407120264123,,,,0.9955329208874408,,,,0.9639216321788175,,0.0,0.02938916370085908,0.02073917236963115,0.06406205417029377,0.07832082892949421,0.0,0.0,
UBU,,,,,,,,,,,,,,,,,,,,,,,,
UCA,,0.845062378921951,,,,,,,,,,,,,,,,,,,,,,
UCB,,,,,,,0.9393046130819402,,,,,,,,0.9466532885251244,,,,,,,,0.0,
UCT,,0.976941175214963,,0.9480371023847239,,,,0.9072896011613061,,0.9690452920430125,,0.9770179085686953,,,,,0.0,0.0,0.0,0.14324558176014177,0.21847348404358644,0.058708717131506334,0.0,
UDD,,,,,,,,,,,,,,,,,,,,,,,,
UDI,0.780748812550542,0.9711241427975188,0.7696976392717101,,,,0.9601338813525515,,0.9820001816396506,0.8099769395949737,0.8815360490103425,,,,0.9960569586344675,,0.0,0.0,0.018631523132192677,0.06896680451781838,0.04000793872620707,0.0,0.0,
UDJ,,,,,0.9703727259937373,0.903168873670976,0.9453079292028289,,,,,,0.9494882241076296,0.9478425610783919,0.9543862010659345,,0.010464989704754004,0.16331533547614807,0.014705451823057472,0.0,0.0,,,
UDR,,,,,0.9733437160250693,,0.9617285692866904,0.9893264340817394,,,,,0.9867568926459884,,0.9607156684856126,,0.0,0.05028089570681771,0.03445760087525018,0.02459542058443906,0.04040747931119044,0.0785625954657829,0.0,
UEL,,0.9727226368079946,,,0.8342756733899207,,0.9682979964690672,,,0.9804628372442985,,,0.8520146929579601,,0.9892608250642496,,0.0,0.0,0.02354542326081413,0.02772337806684257,0.0,0.056147393727840465,0.0017075966916374294,
UEO,,,0.9737192781700486,,,,0.9562379443581591,,,,0.971645457330181,,,,0.9644548294282709,,0.05184417853466029,0.03010701308121483,0.0,0.10495059700621041,0.1425401280459247,0.039172574478806,0.0,
UET,,0.9600076802615496,,,,,0.9755160557565853,,,1.0,,,,,1.0,,0.03344369124234824,0.035154746686373216,0.06840349288739811,0.05774913308749559,0.07021794842585523,0.0,0.011349184410290307,
UFA,0.8963793185314587,0.858326917667004,,,,0.963121813737929,0.9428960969722217,0.9054786109574434,0.9688500222572441,0.9595678129924761,,,,0.9749828305963169,0.9935355710988435,,0.0,0.02983575631383184,0.19467651685803541,0.12525552538451074,0.0875141285860186,0.023494213594974247,0.0,
UGA,,,,,,,,,,,,,,,,,,0.0,,,,,,
UGB,,,,,,,0.9072708378181363,,,,,,,,,,,,,,,,,
UGC,0.9874888789430127,0.8848722577056377,,,,,0.8783484122630174,,1.0,0.9262475597298032,,,,,1.0,,0.024127007325968036,0.0,0.2010443139587987,0.23085136369389364,0.04049121097317368,0.0,0.054654421691160124,
UGO,,,,,,,,,,,,,,,,,,,,,,,,
UGS,,,,,,,,,,,,,,,,,,,,,,,,
UHE,,,,,,,,,,,,,,,,,,,,,,,,
UHS,,,,,,,,0.8921131812497356,,,,,,,,,,,,,,,,
UIB,0.9772354371582419,0.9852862195057611,,,,,,,0.974910555774801,1.0,,,,,,,0.0,0.0011760289264615886,0.0,0.03710481285437876,0.04571319296140677,0.016739403791577068,0.021343382304947974,
UIH,,,,,,,0.9788082285646444,,,,,,,,1.0,,0.012810262550169614,0.055193103575556395,0.06092091214123778,0.08368803221709163,0.14208295000456567,0.10780032630510687,0.026742374369347597,
UII,0.8988237104874284,0.9192951264185523,,0.9763591378137282,,0.981352484053457,0.986849821630998,,0.8837120979872761,0.9926731561092208,,0.9891419222166636,,0.9732942437803404,,,0.0,0.0,0.0,0.22239654770413178,,0.0,,
UIK,0.930103259125997,0.9307316537670912,0.9479601580116099,,,,,,0.9187247362148536,0.8822965255714589,,,,,,,0.0,,,,,,,
UIN,,,0.9851961004476256,0.9579631031670705,,,0.963998739153663,,,,0.8527603935072601,0.9646640949593547,,,0.9679671955537398,,0.0,0.0,0.0,0.0,0.03403990683344025,0.12826859567839585,0.0,
UIO,0.9626805262945481,0.9579223505244804,,,,0.9609489755056845,0.8915955563209316,,0.9335056625469179,0.9999855966178894,,,,0.9308790392975509,0.9608331354128901,,0.0,0.09207253951182089,0.10341352746440123,0.027985013206725008,0.0,0.0,0.04763630385787258,
UIP,0.9509989562196756,0.9811479085425727,,0.9879478424199815,,0.9899227972714036,0.9351224892238321,,0.9328554143206245,0.988651764916771,,0.9976614465177478,,0.9909041424915775,0.968954238532062,,0.0,0.0,0.0,0.02508347420973771,0.021916603437059128,0.0,,
UKA,,,,,,0.9563183311225457,0.9558538281086462,,,,,,,1.0,0.9642492260029115,,,,,,,0.36704578427811635,0.0,
UKB,,,,,,,0.9738038416283633,,,,,,,,1.0,,,,,0.1084999570291284,0.10632268719450931,0.02885493364785617,0.016648016228878883,
UKE,,,,,,,,,,,,,,,,,,,,,,,,
UKG,,,,,,,0.9492492672863857,0.9547213993895091,,,,,,,0.924596241425708,,,,,,,0.0,0.0,
UKH,,,,,,,0.9397489875914291,,,,,,,,0.969075301586567,,,,,,,,0.0,
UKK,0.9855957655514472,,,,,0.9876163901455273,0.9504162161879305,,0.9886454108138668,,,,,0.9747942745372473,0.9590713693826842,,0.32812399264398284,0.0815609468461777,0.0,0.020737850436858427,0.01598914986715068,0.0,0.0,
UKS,,,,,,0.9722370891992091,,,,,,,,0.9397122568537051,,,,,,0.004041583275629521,,0.0,,
UKX,,,,,,0.9605145848985277,0.9078598917584704,0.9632545918069173,,,,,,0.9775274909015716,0.9154018173848575,,,,,,,0.0,0.0,
ULB,,0.9874936314338738,,,,,,,,0.9910887107931626,,,,,,,0.0,0.0,0.0015944304581978347,,,,,
ULC,,,,,,,,,,,,,,,,,,,,,,,,
ULD,,,,,,,,,,,,,,,,,0.01125445206488818,,,,,,,
ULG,,,,,,,0.9404767186067394,,,,,,,,0.9889035685327421,,0.004285909356180859,,,,0.09781397924914806,0.01821427291962528,0.0,
ULH,,,,,,,,,,,,,,,,,,,,,,0.07123887965846636,0.21620220016566483,
ULK,,,,,,,,,,,,,,,,,,,,,,0.02326092122910621,0.04853279861465772,
ULN,,,,,0.9742472819872331,,0.8261215227633714,0.7613464921063632,,,,,1.0,,0.6289647234094597,,0.1342003910676794,0.014787010399447973,0.0,0.240422948403159,0.16757280785689507,0.0,,
ULO,,,,,,,0.9623342422832906,,,,,,,,0.9986668769104436,,,0.0,0.0,0.10869263983280253,0.096351821991608,0.025592632873104308,0.0,
ULP,,0.9894390203432127,0.9885223790437093,,,,0.9866997285048408,,,0.9799285086156543,0.989112266495832,,,,0.9899043872834095,,0.0,0.0,0.0,0.025587154496160013,0.020543899692544734,0.010507096444531456,0.0,
ULU,,,,,,,,,,,,,,,,,,,,,,,,
ULV,,,,,,0.9853180641742879,,0.8884902508963759,,,,,,0.95980762343719,,,,,,,,0.04785336623669743,0.0,
ULX,,,,,,,,,,,,,,,,,,,,,,,,
ULY,,0.9597837281399099,,0.9893757664567536,,0.8458811170053235,0.9405066822776458,0.9417287263070337,,0.9892747714906245,,0.9872610361059952,,0.9984538977095085,0.9425667218875192,,0.0,0.014377706180594049,0.053514656407399414,0.0,0.027238924223197902,,0.0,
ULZ,,,,,,,0.9632110449232504,,,,,,,,1.0,,,,,,0.09159555371407722,2.2798320628834647e-05,0.009091777957803361,
UMB,,,,,,,,,,,,,,,,,,,,,,,,
UME,0.9742577061451726,,,0.9160635918307926,,,0.9230921101460161,,0.9790910839330726,,,0.9644431540732403,,,0.9286155939632748,,0.0,0.10345551017853163,0.10411530411920637,0.0,0.16641125012547903,0.0,0.0,
UMS,,,,,,,,,,,,,,,,,,,,,,,,
UMU,,,,,,,,,,,,,,,,,,,,,,,,
UMY,,,,,,,,,,,,,,,,,,,,,,,,
UNA,,0.9048407606649291,,0.8689963001067869,,,0.9509026995805544,,,0.9823915878075096,,0.9787237024968669,,,0.9868843775982082,,,0.023086532692448408,,,,0.20778249540328234,0.0,
UNG,0.9880240890484977,,,,0.977527700572996,,0.9626566067062331,,0.9691676647792954,,,,0.9483152116676444,,0.9823760063169296,,0.04251312312952925,0.0626264114451075,0.015699992019903217,0.007306251791051616,0.0,0.00267312287943471,0.0,
UNI,,,,,,,,0.9869736889632333,,,,,,,,,,,,,,,,
UNK,,0.9754005429813083,0.9576768158017143,0.964844703300163,,0.9858224387706741,0.9539641799593913,,,0.9351183011543063,0.9585783631334854,0.9846436979864114,,0.9672109695353855,0.9929151918436694,,0.017688545611625896,0.0,0.0,0.017188199670581678,0.03481273519548669,0.0,0.0,
UNN,,,,,0.9306353713578218,,0.8898966690372949,,,,,,0.9929458561556188,,0.9408142041806776,,0.005520870522872348,0.014105233203649759,0.0,0.03305189064355338,0.0,0.0,0.0,
UNR,,,,,,,,,,,,,,,,,,,,,,,,
UOA,,,,,,,,,,,,,,,,,,,,,,,,
UOL,,,,,,,0.9631455259011125,,,,,,,,0.9621872274561224,,,,,,,,0.0,
UPB,,,,,0.9681486151187566,,,,,,,,0.9745174163178744,,,,,,,0.10117357161700272,,,,
UPG,0.9445277623641336,,,,,,0.864980106395802,,0.8754937236803169,,,,,,0.990462155520326,,0.0,0.03357655153235496,0.09206756129032617,0.5629827184335859,0.4321713184647655,0.1098250417349906,0.05312526776143932,
UPN,,0.9822113838431286,,0.8797681076592769,,,0.9836006583825131,,,0.994165387446961,,0.9207586343758868,,,0.9921252590978024,,0.0,0.0,0.0,0.0950702132465756,0.25796606833239244,0.0,0.0,
URA,0.9868981288056148,,,,,0.9303444156107273,0.9713138453939429,,0.9943755842478634,,,,,0.9884939028839904,1.0,,0.26050980657997835,0.1997617108836417,0.043007923012247956,0.0,0.0,0.13826644938599425,0.01199220901130658,
URC,,,,,0.9535970920645632,,0.8910990497030258,0.8367021777012238,,,,,1.0,,0.8432347354805658,,0.13958478339585514,0.2629364068475271,0.2881068993452378,0.24130287805195696,0.13336341154548245,0.05956820865025013,0.016788253279970713,
URE,,,,0.9869268996870799,,,0.974849325732918,,,,,0.9784089096263302,,,,,,,,0.0,,0.0,,
URG,,0.8971352790416507,,,,,0.9475708026991085,,,0.8158558347579223,,,,,1.0,,,0.0,0.0,0.06897313192379534,0.04208161525827143,0.0,0.0007114998819658927,
URJ,,,0.9786510872702802,0.8263319105788568,0.9342512871965138,0.9299515736778671,,0.9674329719484789,,,0.9476382413053573,0.8808331214027397,1.0,0.9257640688703938,,,0.2702759825853321,0.2100413564268098,0.0,0.0,0.03551189881240726,0.0,0.07996431139420802,
URO,0.8433148758287916,,0.9862070545395436,,,,,,0.8228397370262033,,0.978945119282035,,,,,,0.0,0.0,0.0,,,,,
URS,,,,,0.966637045936596,,0.9882663718613867,0.9179030265478921,,,,,0.9345918542682611,,0.9323519273827716,,,,,0.1069312836054613,0.0,0.040067212114628686,0.0,
URT,,,,0.9492512313565289,,,0.8049793936044186,,,,,0.9710724399035872,,,0.8820003708342639,,0.0053561020847197206,0.08644363276957737,0.09071624489240303,0.04046527408766814,0.1624350999387456,0.03155920633492934,0.0,
URY,,,,0.9844543304754065,,,0.9835927202200953,,,,,0.9911856074336395,,,1.0,,0.02283066528202075,0.018595936755133373,0.004225599652672507,0.01253567573123724,0.04929638824980453,0.011474513846675896,0.02805577736326948,
USA,,,,,,,0.9498441389423569,,,,,,,,0.9677647769050356,,,,,,,0.17238498215364542,0.02406832480338472,
USH,,0.8945862912532666,,0.9648189373977771,0.9695276774556332,0.9586158758262509,0.8991592274011843,,,0.8977771269885123,,0.9749530999793459,0.9666311441491864,0.9958652747616907,0.9971699359448735,,0.0,0.0,0.0,0.0,0.0,0.0,0.004885357299446615,
USJ,,,,,,,0.9841448546762297,,,,,,,,0.9883306941159207,,,,,,,,0.0,
USK,,0.9782646376792745,,0.9843656280845563,,,0.9508126169049549,0.9433514480370124,,0.9780819351715231,,0.9937729412625808,,,0.9244396646284088,,0.0,0.0,0.0,0.12219237467129787,0.14609644338107713,0.01673037482199981,0.0,
USL,,0.9717144233915224,,,,,,,,,,,,,,,,,,,,,,
USM,,,,,,,0.8265122120803825,,,,,,,,0.9353981126626334,,0.06558143335521176,0.12722250823798703,0.12786506724279662,0.04056505752619323,0.06505540749783516,0.0,0.0,
USN,,0.949361166562883,,,0.9568582567482141,,,0.8601907687550243,,0.9679603778202137,,,0.936895315991034,,,,0.0,0.0,0.0,0.0,0.0,0.07378602685405813,0.013160105605085756,
USQ,,,,,,,,,,,,,,,,,,,,,0.0,,,
USR,,,,,,,0.9492488033424443,0.9547213600693192,,,,,,,0.9298314485701948,,,,,,,0.0,0.0,
UST,,,,,,,,,,,,,,,,,,,,,,,,
USU,,,,,,,0.9255598015958975,,,,,,,,0.963226955249601,,0.0043678499877361785,0.02653066934269504,0.026057185038976065,0.05104092137051618,0.08804247834548928,0.0008057602763328334,0.0,
UTH,,,0.9836116466330951,0.9820422957644437,,,0.9149913972177633,,,,0.9934245751258477,1.0,,,0.9845469429487692,,0.005995222719907148,0.057248549922668666,0.0057570380019263435,0.045479189547597665,0.06208257304439388,0.0,0.0021848568879119837,
UTM,,,,,,,,,,,,,,,,,,,,,,,,
UTN,,,,,,,0.9467724135185942,,,,,,,,0.9724661603365217,,0.008020954575112886,0.019160365387488505,0.02625909510668699,0.013232329829587051,0.0166334795630607,0.0,0.0,
UTP,,,0.9880043601136467,0.8344041065359129,,,0.5891376334961466,,,,0.9888952930240417,0.8838070937750957,,,0.6875999765151706,,0.3855605778729288,0.21626070797756003,0.0,0.0,0.33950987041619085,0.5775675095028787,0.0,
UTS,,,,,,,,0.8717530760635278,,,,,,,,,,,,,0.012890127478947603,0.022713268027414326,,
UTT,0.978249805046876,,,,,,0.9396516062080204,,0.9744662988970183,,,,,,0.9639218212954508,,0.0,0.01095705601874797,0.02714703351291661,0.016463279086843394,0.031647918985233524,0.0,0.0,
UTU,,,,,,,,,,,,,,,,,,,,,,,,
UUA,,,,0.9815125551941837,,0.9725471289361701,0.9683208222431792,0.9538517225704262,,,,0.9998811681484413,,0.9602221969081935,0.9575079284691038,,0.40208042487165935,,0.3761543875153245,0.03748193304266477,,0.0,0.0,
UUD,0.9337514235835053,0.9267133668981655,,,,,0.8943991559349366,0.9532972486306698,0.9116661854568335,1.0,,,,,0.8972251908843879,,0.0,0.015103714927728166,0.09147743356445708,0.25392407074171636,0.30639324927135725,0.014232464046120746,0.0,
UUK,,,,,,,,,,,,,,,,,,,,,,,0.00823918847391485,
UUN,,,,,,,,,,,,,,,,,,0.0,0.0,,,,,
UUS,,0.9362505673481366,,0.9816625324994616,0.9770697381590377,,0.9639933897752434,0.8601095680149573,,0.9796043916184789,,0.9936738131800126,0.9550508455361534,,0.9285417028588915,,0.029345686107335536,0.052209117469587486,0.08004264500207608,0.0,0.0,0.027856531250617895,0.0,
UVE,,0.9448069774719635,,,,,,,,,,,,,,,,,,,,,,
UVF,,0.9794596048682609,0.973405639689812,0.9616720917372644,0.9731328682664946,,0.9529868100753153,,,0.9807083817953112,1.0,0.9469131721106756,0.9890227317924967,,0.9968184193863305,,0.0,0.04860048447418415,0.03483644485753224,0.0,0.006416041476759712,0.0,0.0,
UVI,,,,,,,,,,,,,,,,,,,,,,,,
UVL,,,,,,,,,,,,,,,,,0.019419625391207368,,,,,,,
UYL,0.9788885249221803,,,,0.8895508933340018,0.965871256964197,,0.7706867853600212,1.0,,,,0.9305839592817863,0.8650325376534167,,,0.03460138394431571,0.00811472147641315,0.13112722138273614,0.17575962839656672,0.0,0.0,0.0,
UYN,,,0.986100237871541,,,,0.9460978090304025,0.9620564138399726,,,0.9942796640232614,,,,0.9364622412608125,,0.019559843651481366,0.2540060677209875,0.2798393067653229,0.26123306719158146,0.18662063853722358,0.14732162753425404,0.06445701209107149,
UYU,,,,,,,0.9749958610287057,0.9351860644610239,,,,,,,0.9234335824616469,,,,,,0.17603996857173326,,0.0,
UZR,,,,,,,,,,,,,,,,,,,,,,,,
VAA,,0.9605660754872758,,,,0.9749951671482392,0.9079460178658515,,,0.9850366733314561,,,,0.9961928841557381,0.9172651293493681,,0.0,0.0,0.08559768142896593,0.015273685222981156,0.060399505148703465,0.0,0.0,
VAD,,,,,,,,,,,,,,,,,,,,,,,,
VAF,,,,,,,,,,,,,,,,,,,,,,,,
VAG,,,0.9774379634961806,,,0.8822520453806979,,,,,,,,0.8292833874130245,,,0.0,,,,,0.0,0.0,
VAI,0.9645970485038963,,0.9753310978947554,0.9826958822897027,,,0.9668677128085754,,0.9174561862153324,,0.9864239396029603,0.9861111343294938,,,0.9756584960019477,,0.0,0.00021216016705064762,0.0,0.009828405592292623,0.032943129602010186,0.037863907277317504,0.0,
VAK,0.9865100116762837,,,0.9899206616419366,,,0.9701235149265885,,0.9817114342078648,,,0.9924399094220228,,,0.9928489502693694,,0.0,0.0,0.0,0.010347555829185276,0.018754380948791755,0.0,0.0,
VAL,,,,,,,,,,,,,,,,,,,,,,,,
VAM,,,,,,,0.9599258470159233,,,,,,,,0.9833997549581004,,,,,,,0.0,0.0,
VAN,,0.9730992570737155,,,,,0.9676921915632561,,,0.9861639727658015,,,,,1.0,,0.015963282517006728,0.03944696345386622,0.06262861417614987,0.08832541413440012,0.1104529726568705,0.0409820440829494,0.02671973977060837,
VAO,,,,,,,,,,,,,,,,,,,,,,,0.010442009158775132,
VAQ,,,,,,,,,,,,,,,,,,,,,,,,
VAR,,,0.9454057604411815,0.9072133336650292,,,0.9323278621174069,0.9529685979103931,,,0.9890725226522957,0.964189258027879,,,0.9196606979239752,,0.08222748865668796,0.3177195130940429,0.06196050516064734,0.0192690474201473,0.32505610463472584,0.1559143002495383,0.0,
VAS,,0.9755607977143798,,,,,0.9805639864970858,,,0.9877926115804411,,,,,1.0,,0.0978514176640588,0.032945185847935446,0.06588353517841537,0.10361724648414532,0.12042730992446234,0.06338933554018313,0.02522443491310415,
VAV,,0.9041720544925822,0.9860244440758288,0.9244051989266296,,,0.9795702300738783,,,0.9057663720081566,0.9975939745006882,1.0,,,0.9761205600441145,,0.0,0.0,0.06310795819352803,,0.08849433525254283,,0.0,
VAW,,0.9354108928169046,,0.922071402656282,0.9809873397741092,,0.9712248363916236,,,1.0,,0.9708412311706426,0.9743517287336665,,0.9905635612857319,,0.0,0.16943563339137568,0.15275881762528093,0.0,0.014229553775210685,0.03207247421413641,0.0,
VBA,,,,,,,,0.9479617745793691,,,,,,,,,,,,,,,0.0,
VBM,,,,,,,,,,,,,,,,,,,,,,,,
VBP,,,,,,,,0.9658770606710765,,,,,,,,,,,,,,,0.0,
VBS,,,,,0.7585685946687672,,0.8850224332675825,,,,,,0.8419069367336143,,0.8055110316116675,,,0.0,0.11093899313762427,0.007236387271300985,0.0,,,
VBY,0.988913398258562,0.9858203468142279,,0.9860703058262186,,,0.8871375208407576,,0.9524803092429086,0.9986166868252204,,1.0,,,0.9586728060632764,,0.0,0.08010168095491081,0.0803755454068806,0.05576159164842449,0.04215423920135824,0.0,0.0,
VCA,,,,,,,,0.9317454651897965,,,,,,,,,,,,,0.1557534224971673,0.2276873980552663,0.0017994610231301944,
VCC,,,,,,,,,,,,,,,,,,,,,,,,
VCE,0.965820210010222,0.9690264279155733,,,,,0.7988764453563297,,0.982542226548952,1.0,,,,,0.9784149529761244,,0.07275880019399515,0.2519182903969513,0.26997720128878916,0.09192717463643837,0.10819977966086883,0.0,0.0,
VCL,,,,,,,0.9853311709916158,,,,,,,,0.9985265608219996,,,,,0.044060865373982655,0.12120894204461485,0.14143689163843493,0.0,
VCP,,,,,,,0.8898220431377648,,,,,,,,0.9716239213071151,,,0.1931532713960934,,1.2603571643980644,0.7294453547644532,0.0,0.06207532321811939,
VCS,,,,,,,,0.9816942437406624,,,,,,,,,,,,0.04121276571048559,0.05125933582009113,0.07986687815004152,0.03332718923945662,
VCT,,,,0.9797817350056885,,,0.9557612116911707,,,,,0.9919274247788578,,,0.97746038492844,,0.03936698776869787,0.06837668514219188,0.028937809668187972,0.0,1.3808681819861592e-05,0.012963717288082028,0.0,
VDA,,0.982993208690357,0.9689883351634206,0.9851171354968689,,,,,,0.9806816086016928,0.971307376847389,0.9997039451724382,,,,,0.0,0.0,0.0,0.07805628202148535,0.0939941901838889,,,
VDB,,0.8471695141525523,,,,0.9886183775690112,,,,0.9192577791000618,,,,0.9946971051902243,,,0.2410497639095749,0.0,0.0,0.0905191610420998,0.025612300431621694,,,
VDC,0.9213410104324898,0.9745758237448846,0.971303676060899,0.9581349870802198,,0.9723088241549619,0.9527870186886959,,0.9003697326924971,0.9836597563981603,0.9696969573390023,1.0,,0.943797585490521,0.9828410947631722,,0.0,0.02641863104884895,0.0,0.1364816845403733,0.16071728736204274,0.0,0.0,
VDE,,,,0.9782620034435514,,,0.9747397140300711,,,,,0.9966415479411349,,,0.9980138624999325,,0.029365489388436916,0.057420367839126386,0.02514872216960523,0.0,0.009347973155823888,0.0,0.0,
VDH,,,,,,,,,,,,,,,,,,,,,0.10844965529307866,0.10373538986204557,0.022281810275439965,
VDM,0.9677147452886825,,,0.9646628109822222,0.972737135627637,0.9748103685547418,,,0.9985495422510936,,,0.9529249354025362,0.9164797424517451,0.9798201758044396,,,0.019044071058260496,0.13103064720473223,0.08306887697781647,0.0,0.06843487230624977,0.15709087469427468,0.20016838443136734,
VDO,,,,,,,,0.7393934787606118,,,,,,,,,,,,,,,0.0,
VDS,,,0.8872707856498265,0.930299555123592,0.9670102682447479,0.9724073624812438,0.964964087004488,,,,0.9860003298940626,0.9761005599361198,0.9811994749328931,0.997814832935965,0.9915023766238875,,0.0,0.13309592655454633,0.0,0.0,0.030348029219449624,0.0,0.0,
VDY,,,,,,,0.9816105688420621,,,,,,,,0.9804951542656745,,,,,,,,0.0,
VDZ,,,,0.9873184745993868,,,0.9662984631389049,,,,,0.989916633015386,,,0.9912671484327655,,0.0,0.0,0.0,0.002610734677372422,0.013748516468437031,0.0,0.0,
VEE,0.9883938176918713,,,0.9890683976949386,0.9881431914089029,0.9740951655699628,0.9425703264926166,,0.9990441091609211,,,0.9935575498263288,0.9977403025155964,0.9653495914134953,0.9750235057178822,,0.03699521461608237,0.023109470175307806,0.0,0.0002687927581838124,0.00791042923776325,0.0,0.0,
VEL,0.9453492356383958,,,,,,0.9691832159371202,,0.9622309379962976,,,,,,0.9837387187176085,,0.01784330349459203,0.02696427841562682,0.015176438452067252,0.05566810240665714,0.0,0.0,0.004003878268431514,
VEO,,,,,,,,,,,,,,,,,,,,,,,,
VER,,0.8816319628539313,,0.9015201239304431,,,0.887468165969091,,,0.9226257555261316,,0.9800142053862219,,,0.9187582496642984,,0.13560931625888994,0.0,0.0,0.22208580567019745,0.1850498685749886,0.0,0.0,
VEY,0.8856027634946638,0.8481571699225987,,0.9394564159021531,,,0.9157473790589191,,0.9247168813263332,0.9335796576878306,,0.9612845863359321,,,0.9605245239287419,,0.0,0.040367953752227195,0.1523575862015271,,,,0.0,
VFA,0.9891388523219413,0.9088502041215706,,0.9898660252869639,,,0.9601786112113727,,0.9888445574934599,0.9151933475908727,,0.9989160158166945,,,1.0,,0.0,0.0,0.028762115801459306,0.01734919065865238,0.034452687163245566,0.11856356791969405,0.09175403426057029,
VGA,,,,0.9894631155937909,,,,0.8867966312787565,,,,1.0,,,,,,,,0.13171495008128706,0.17780471904484216,0.2610279358979004,0.0,
VGO,,0.9291928963215392,,,0.976553696410888,,0.8923501630640868,,,0.9701937760572874,,,0.982160904721601,,0.9663010951181928,,0.0,0.0046742046407606775,0.08671064960473047,0.0,0.04346253672346505,0.0,0.0,
VGT,,,,,,,,,,,,,,,,,0.014622615259681936,,,,,,,
VGZ,,,,,,,0.9870496319641574,,,,,,,,0.9958157712696846,,,,,0.03052778205034366,0.043817634714438815,0.032296277585809524,0.007416434014283185,
VHC,,,,,,,0.976275021786302,,,,,,,,1.0,,,,0.05088145350966649,,0.05133398091103688,0.0,0.003868899627213187,
VHM,0.970434718182287,0.9884451072025248,,,,,0.9654734456794519,,0.9785952394394564,0.998605728528432,,,,,0.9728206608885378,,0.0,0.014515836171086814,0.03327935074084526,0.012446443217996183,0.03761751903902464,0.008495620781003452,0.0,
VHV,,,,,,,0.9492496925429744,0.972381298857194,,,,,,,0.9396580725211514,,,,,,,0.4690797771545263,0.0,
VHZ,,,,,,,0.9679453736825264,,,,,,,,0.9710405741822137,,,,,,0.023248018621565388,0.014578772950776822,0.0,
VIA,,,,,,,,,,,,,,,,,,,,,,,,
VIE,,0.9512939565638753,,0.9225050756257153,0.9640403795192029,,0.8581645165779415,,,1.0,,0.9050165491745085,0.9819003522024892,,0.9501565962948868,,0.15307120603940155,0.13090565862043205,0.025361180081554927,0.0,0.006895202619000986,0.044477435055466655,0.0,
VIG,0.9644521777329041,,0.9824025779769736,,,,0.9816473028582058,,0.9841840071117358,,0.98749963776335,,,,0.9971378705235439,,0.0,0.0,0.002890176067826747,0.04213445781291521,0.07677695782650454,0.0,0.0,
VII,0.808034780246945,,,,,,0.9824292813603817,0.980618793565788,0.896067610703196,,,,,,0.9912827380875013,,0.02645767392534736,0.2511391981312409,0.09693249465479936,0.10232588357382644,0.09420482129800786,0.13554733845371073,0.0,
VIJ,0.9544162387889894,,,0.9824312343977945,,,0.98509098854279,0.9423699593407053,0.9556201210263064,,,0.9937305404085313,,,0.9369077180826808,,0.0,0.0,0.0,0.014828721840664066,0.07799413971069866,0.0,0.0,
VIK,,,,,,,,,,,,,,,,,,,,,,,,
VIL,,,,,,,0.9505733302103697,,,,,,,,0.9841786467128043,,0.007208189148502706,0.010956180555005569,0.029244797284359185,0.03748284938173498,0.061632771874825416,0.07388679976235452,0.0,
VIN,,,,,,0.9867059041251702,0.8659174826173095,,,,,,,0.9768334258848462,,,,,,,,0.0,,
VIR,,,,,,,,,,,,,,,,,,,,,,,,
VIS,,,,0.9547967530827149,0.9471375953743622,,,,,,,0.9603819203193387,1.0,,,,0.0,0.0,0.0,0.0777799753016928,,,,
VIT,,0.9162186157154071,,0.9877230223781706,0.9480762515901526,,0.9624311648990614,,,0.9204417304781037,,0.9455129628487496,0.9613314049573163,,1.0,,0.0,0.0,0.07459225409253786,0.012505424155678587,0.0,0.0,0.23602098973197252,
VIX,,,0.9607311077405996,,,0.9324844798592515,0.9287366954431742,,,,0.9617759519810064,,,0.9058255413575441,0.9790606977470123,,0.0,0.0,0.0,0.10346409825193456,0.030225890243529865,0.0,0.0,
VJB,,,,,,,,,,,,,,,,,,,,,,,,
VKG,,,,,,,,0.9553827962186011,,,,,,,,,0.021181083500428147,0.05572184044257922,0.06136907759320178,0.011233731925145832,0.020841568704849097,0.0,0.0,
VKO,0.8518190082541686,0.9307001239093196,0.9492366768726466,,,,0.9178039701396943,0.8313498572628593,0.9960145245321622,0.9009931761471497,0.9491420031423295,,,,0.8423434562645485,,0.02800274410374239,0.049696040989986014,0.35873718124283815,0.6963701356920702,0.10456733385579907,0.0,0.0,
VKT,,,,,,0.9538386661078777,0.9662866926104533,0.9537907051747861,,,,,,0.9525654687828619,0.9414942306593898,,0.0,,0.023070869539290644,0.3205835337319217,0.26191087331206364,0.0,0.0,
VKV,,,,,,,,,,,,,,,,,,,,,,,,
VLC,0.9540332289774246,0.9678134774371726,,,,0.9867037622344352,0.9340405802495482,,0.9512043792318096,1.0,,,,1.0,1.0,,0.0023655180303424864,0.2537947405659581,0.3455829111897555,0.0,0.020832539487762414,0.08695573241635741,0.11998997988345589,
VLD,0.9744584860678636,,,0.889332496709911,,0.9898611206654925,0.9771287967379763,,0.9891032908476564,,,0.9170957506318027,,0.9809701704090715,0.9819476349451303,,0.01921366797178806,0.15615065410095652,0.06020212862105204,0.0,0.01542315401918299,0.0,0.0,
VLG,,,,,,,,,,,,,,,,,,,,,,,,
VLI,,,0.9716852076038959,,0.9567480176712454,,0.8358214312139477,,,,0.9992420897308905,,0.9546851576905186,,0.9126155603204023,,0.0,0.0,0.0188528126899796,0.010605962974072305,0.0,0.0,0.0,
VLK,,0.9706567005902317,,,,,,,,,,,,,,,,,,,,,,
VLL,,,,,,,0.9465879141892568,,,,,,,,1.0,,0.0011983263700232761,0.08256100239510529,0.09065508584581516,0.1821352022146934,0.0,0.0,0.029153741280787532,
VLN,0.9872650262056455,0.9834337572681544,,0.9113501807516426,,,0.955620189720195,,0.9680801482894518,0.9837811684377888,,0.9338788493767067,,,0.9797697334092996,,0.0,0.024516687677241984,0.04139505626620975,0.0,0.04597242752296204,0.0,0.04277182280066445,
VLP,,,,,,,,,,,,,,,,,,,,,,,,
VLR,,,,,,,,,,,,,,,,,,,,,,,,
VLV,0.9762231801829698,,0.9832624539768987,0.989059352573505,0.9893923637386023,,,,0.9739347327138866,,0.9969583858463059,0.9805897933782811,0.9887878975810582,,,,0.0,0.010023503286704028,0.0028605650947736397,0.0,0.0,,,
VLY,,,,,,,,,,,,,,,,,,,,,,,,
VME,,,,,,,,,,,,,,,,,,,,,,,,
VMI,,,0.9631464694202599,,,,,,,,,,,,,,,,,,,,,
VNA,0.8149131091884063,,,,,,,,,,,,,,,,,,,,,,,
VNC,,,,,,,,,,,,,,,,,,,,,,,,
VNE,,,,,,,,,,,,,,,,,,,,,,,,
VNO,,,,0.9649617757684916,,,0.9248915620179938,,,,,0.999009167433049,,,0.962092387002197,,0.0,0.14558859189102955,0.18182787883972318,0.1600767480733396,0.2533367620798241,0.018191107930943053,0.0,
VNS,0.9884919630691582,0.9888020119884025,,,,,0.9285587355139573,0.9392711728287131,0.9874453519210716,0.9874026880268313,,,,,0.8844357644929589,,0.0,0.09912071676123765,0.10152077426048507,0.10176927474337188,0.1401499539080116,0.08507292921289049,0.0,
VNT,,,,,,,,,,,,,,,,,,,,,,,,
VNX,,,,0.9779812798325104,,0.9899410731937242,0.9538318723190498,,,,,0.9912050841356882,,0.9927613838596677,0.9729907434831666,,,0.28317527700537876,0.043859329439290565,0.0,0.019843063006424598,0.0,0.0,
VNY,,,,,,,,,,,,,,,,,,,,,,,,
VOG,0.9794121775282462,0.9597670982322499,,,,,0.9689410238681722,0.899424077260569,0.9300803272255129,0.98020862531179,,,,,1.0,,0.0,0.0,0.0025378103175720847,0.2104187271207015,0.07003873474569254,0.0,0.040704961432438076,
VOK,,,,,,0.9858956974601915,,0.9333159367528007,,,,,,1.0,,,,,,,,,,
VOL,,,,,,,0.8890705384665557,,,,,,,,0.9370882760556417,,,,,,0.08757126352033004,0.0,0.0,
VOZ,,,,,0.9691510824068914,,,0.6786154499769942,,,,,0.9816472410121863,,,,,,,0.038688763377232455,0.0,0.16272384405542628,0.0,
VPE,,,,,,,0.9754437260815864,,,,,,,,0.989829858141191,,,,0.0845326121418523,,0.0284871740772981,0.0,0.0,
VPG,,,,,,,0.984954411444527,,,,,,,,0.9964365823684715,,,,,,,,0.0,
VPN,0.7299009940637319,0.7531591171398081,,0.982810169884574,0.8463644803991177,,,,0.8198757052970145,0.9979572974092429,,0.8942907817180039,1.0,,,,0.02636777206092366,0.052043517176063016,0.3995135039164215,,,,,
VPS,,,0.9897731067214328,0.9283025704243809,0.8395774014922568,,0.9456379997983312,0.9004503537333863,,,1.0,0.861723298153693,0.8628813301869119,,1.0,,0.016121535997018984,0.2568600829930654,0.16733084602991616,0.0,0.0,0.0,0.10194897122695214,
VPY,,,,0.8202807026459619,,,0.9829083049918906,,,,,0.8325260318852062,,,0.9984674460716004,,,,,0.0,0.07032294166433649,0.055909553244990036,0.0,
VQS,,,,,,0.9872480054530712,0.9724531280045662,,,,,,,0.9798386524262325,0.9892406189667805,,0.10797455188067182,0.0,,0.02684096661516896,0.05843878863170605,0.0,0.00015930195506065235,
VRA,,,,0.980893822226747,,0.9882928734817993,0.8254814358645847,,,,,1.0,,0.9918247174564061,0.9016519302120454,,0.05410101814572231,0.04314525808566213,0.04150028895097581,0.12971814599062562,0.24998102972654188,0.0,0.0,
VRB,,,,,,,0.9508635369655491,,,,,,,,0.9884617453129754,,,,,,,,0.016840602114977676,
VRC,,,0.9883811140347072,,,,0.9713205606040667,,,,0.9978570998740842,,,,1.0,,0.0,0.005530695943089988,0.0,0.0313484849234778,0.032537161437276335,0.0,0.030337329640020557,
VRK,,,,,,,,,,,,,,,,,0.0015572910696258235,0.01165750287478211,0.025482214961911387,,,,,
VRL,,,,,,,,,,,,,,,,,,,,,,0.0,,
VRN,,,,,,0.968067783178514,0.8201861624190978,,,,,,,0.9992583799683457,0.9658542703675642,,0.10559539188457723,0.16782090282171394,0.09836395459558599,0.05431936486164981,0.1916462007729914,0.032279651629801,0.018387762219214853,
VRY,,,,,,,0.9528739284557358,,,,,,,,,,,,,,,,,
VSA,0.9813038379455302,0.9733078617890425,,0.960546883111737,,,0.967712553235794,,0.990271962408314,1.0,,0.9753699200660693,,,0.9959157827916383,,0.07015939064230951,0.03002346439096299,0.07323078470446431,0.17839673201876605,0.16371280230129542,0.0,0.0,
VSE,,,,,,,,,,,,,,,,,,,,,,,,
VSG,,,,,,0.8651876218744674,,,,,,,,,,,,,0.329833681525006,0.0,,,,
VST,0.9810849673406856,,,0.9205218331469638,,0.9719530961277753,0.9722774193966149,,0.9993432612294587,,,0.9758049716073375,,0.9828005721328757,0.9979946852349065,,0.0214942431929835,0.0032798978822653033,0.0,0.0,0.1433244278093348,0.0,0.0,
VSV,,,,,,,,,,,,,,,,,,,,,,,,
VTB,,,,,,,,,,,,,,,,,,,,,,,,
VTE,0.9750567957591906,,,,,0.9863499065701427,0.8375748196524615,,0.9209529426133131,,,,,0.9974999047917235,0.9478959944529003,,0.0,0.058008826658102794,0.01590390986692133,0.13928792988508906,0.259300381461695,0.08710854758371751,0.06713550429076895,
VTU,,,,,,,,,,,,,,,,,0.027672309666659456,0.0,0.0,,0.04330542553970001,,,
VTZ,,,,,,,0.8814672629715348,,,,,,,,0.9217982931908292,,0.03638329199941328,0.0656135488062914,0.07440618126334361,0.2118548516163227,0.2426578737439449,0.159573536926453,0.0,
VUP,0.9893887247838796,,,,,,0.9609331002238283,,0.9919368588290108,,,,,,1.0,,0.0,0.0,0.0,0.08898309899416931,0.07733603199987513,0.0,0.026291440872863104,
VUS,,,,,,0.9748969110315759,0.9884825816971663,,,,,,,0.8472478128120796,0.9733719827326053,,,,,,,0.0,0.0,
VUU,,,,,,,,,,,,,,,,,,,,,,,,
VVC,0.9042999777770826,0.982703229228491,,,,,,,0.9119788040273896,0.998469016055862,,,,,,,0.0,0.0,0.0,0.023919224773446435,0.024390341653604562,0.0612448422439265,0.06885775670484347,
VVI,0.9893167499452352,0.9115916276739544,,,0.921555263951034,,0.8807077050596429,,0.9929802157420095,0.993771831663932,,,0.936111964867461,,0.96054903429977,,0.018636218940210152,0.0,0.12837650220694632,0.0,0.0,0.0015003282266342164,0.0,
VVN,,,,,,,,,,,,,,,,,,,,,,,,
VVO,0.9587519134473504,0.8840180611774907,,,,,0.8736314302483779,0.9460119690941565,0.9546904919504448,0.9647539171024074,,,,,0.8586603619775178,,0.0,0.0,0.12577028984634828,0.06681235524344371,0.07873736409273412,0.10733314504098806,0.0,
VVZ,0.9895299051217764,,,,,,0.9864926227027414,,0.9949476001650347,,,,,,1.0,,0.010021053226237664,0.018625286221283253,0.00072799505121607,0.030996118526531984,0.05485512199675836,0.003932575143057458,0.009777737283558957,
VXC,0.8078819156123745,0.972086005349585,,0.9863753426404325,,,0.9673375040790088,,0.9809757669339408,0.9823904721108863,,0.9990036898255656,,,0.9842553825739576,,0.0,0.017332124611180156,0.032286564635399785,0.020999459354035552,0.04581356861676286,0.04755270325752279,0.0,
VXE,,,,,,0.9296748064061694,0.9840700867945934,,,,,,,0.91872041266821,1.0,,5.278316733192448e-05,0.0013189528787223462,0.0,0.29475184571870305,0.014895907479652866,0.0,0.023359723193005635,
VXO,0.9794950974705845,,,,,,0.887437857631082,,0.9855136628058191,,,,,,0.91492055360544,,0.0,0.0,0.015261797241024415,0.13716655706560407,0.037573732741951166,0.09461058418893832,0.0,
VYI,,,,,,,0.94924969678773,0.9723812988363819,,,,,,,0.939588592681767,,,,,,,0.46911819960554574,0.0,
WAA,,,,0.979791192040383,,,0.899349116164326,,,,,0.9882906372956602,,,1.0,,0.021832073676741122,0.0,0.0,0.0032722858864651363,0.06536055738048527,0.0,0.01799954065475409,
WAE,,,,0.9825839744841751,,,0.9667117974562103,,,,,1.0,,,0.9985790097925908,,0.0061321485882770334,0.021784385908703838,0.0045575286931818434,0.03948364907758077,0.07145359116263043,0.00931770673336298,0.010691995844903286,
WAG,0.9826652282025182,0.9474931074964357,,,,,0.9360967622432161,,0.9818163810744962,0.9498931254347481,,,,,0.9605245372385717,,0.0,0.0,0.016574824321064083,0.01895698923819493,0.03390430105214043,0.007957701242381463,0.0,
WAI,,0.976745931971189,0.985233392759467,,,,,,,0.9714369060405464,0.9989094725598857,,,,,,0.0,0.0,,,,,,
WAO,,,,,,,,,,,,,,,,,,,,,,,,
WAW,0.971357658494063,,0.984890764164171,0.9879924990095232,0.9600689740597715,,0.902454223088467,,0.9526703021906102,,1.0,0.9803451291621784,0.9865144122188618,,0.9882698131404017,,0.0,0.19713990608289622,0.2637639523175522,0.042089959988745804,0.20666146347497946,0.22111852927151227,0.017477207367706776,
WBB,0.972534373819582,,0.8408506915599939,0.9808034143955002,,,0.8697812242154309,,0.9752927097152192,,0.8390513163004438,0.9874529950227169,,,0.9960250433452897,,0.0,0.017021013514476904,0.0,0.0,0.06999424137528687,0.0,0.0009218046065836211,
WBC,,,,,,,,,,,,,,,,,,,,,,,,
WBM,,,,,,,0.9633007511776882,,,,,,,,0.9872837713943978,,,,,0.018060594500857678,,0.021465086074013803,0.0011109903057449932,
WBQ,0.987910613167441,,,0.9889540559662016,0.9879695507961423,,,,0.9989988171267895,,,0.9940348555656554,1.0,,,,0.03693990170125559,0.02243287560766492,0.0,0.0003376440163568277,,,,
WCH,,,,,,,,,,,,,,,,,,,,,,,,
WCR,,,,,,,,,,,,,,,,,,,,,,,,
WDB,,,,,,,,,,,,,,,,,,,,,,,,
WDG,,,,,,,,,,,,,,,,,0.032511671638401116,,,,,,,
WDH,,0.9816779000215119,0.9876348417984776,,,0.9661765882884934,0.8361074024448779,,,0.986767367080311,0.9853631619701385,,,0.9963449378065723,0.9053365968520994,,0.0,0.0,0.0,0.013534658664146866,0.09448393566786181,0.012813503189431651,0.0,
WDS,,,,,,,0.9771852358692809,0.9183687904988993,,,,,,,0.9160446693858817,,,,,,,,0.0,
WEC,,,,,,,,,,,,,,,,,,,,,,,,
WED,,0.9868322344100158,0.9898163327969506,,,,,,,0.9988728121513445,,,,,,,0.2032861386056184,,,,,,,
WEF,,,,,,,,0.9441118288252103,,,,,,,,,,0.27331256624021744,0.059809605787009765,0.10965904349854745,0.14589033064859253,0.16581597163112977,0.0,
WEH,,,,,,0.9853777656876358,0.9815594984578885,0.98537376047865,,,,,,1.0,0.9745999185645119,,0.021046233719498892,0.14571217913933085,0.16852015728968608,0.05394055675354562,0.08761853018359063,0.19399566993896494,0.0029862838646375037,
WEI,,0.8329647266667887,0.9612483631990641,,,,,,,0.825329237412146,0.9582459455595685,,,,,,0.0,0.0,0.0,0.01475909180851051,0.03926554259299901,0.11753034634846085,0.09891957708120944,
WFB,,,,,,,,,,,,,,,,,,,,,,,,
WFK,,,,,,,,,,,,,,,,,,,,,,,,
WGA,0.9850847664002521,,,,0.9864518401062139,,0.9398192519008172,,0.9831695369071355,,,,0.989805521646479,,0.9918617348829374,,0.0,0.0,0.006428917905266955,0.006731039449521775,0.0,0.0,0.01982165751516406,
WGE,,,,,,,,,,,,,,,,,,,,,,,,
WGN,,,,,,,,0.8866452430576484,,,,,,,,,,,,,,,0.0,
WGP,0.9724813172928224,,,,,0.9687367240202344,0.906859593715011,,0.9474155130104924,,,,,0.9933719955101741,0.9549019908885805,,0.0,,0.03714091706645957,0.02864973421522802,0.028214748457292584,0.032875332197864586,0.0,
WGT,,,,,,,,,,,,,,,,,,,,,,,,
WHA,,,,,,,,,,,,,,,,,,,,,,,,
WHB,,,,,,,,,,,,,,,,,,,,,,,,
WHF,,,,0.9877447116538953,,,,,,,,1.0,,,,,,0.015538396871669833,0.0,,,,,
WHK,,0.9872203617846274,,,,,0.940375828149565,,,0.9906932367236625,,,,,0.9695866244742164,,0.0,0.0,0.016638682497274543,0.02154697220612501,0.009970658679134107,0.005467394450236119,0.0,
WHO,,,,,,,,,,,,,,,,,,,,,,,,
WIC,0.9429935671206643,,,,,,0.9635631369030286,,0.9523691290735056,,,,,,0.8839980571126345,,0.0,0.006299611550075854,0.012312927985386683,0.015016058789979045,0.03351060107675445,0.0,0.0,
WIL,0.9301283640235933,,,,,0.932459404101019,0.9662550921130926,,0.9844637536708633,,,,,0.978023499507216,0.9901969411953413,,0.08057219256985496,0.03425750073050085,0.0,0.049809156425426,0.043814666826305505,0.08228668282204929,0.0,
WIN,,,,,,,0.9830407558455286,,,,,,,,0.9909626050982192,,,,,,,0.015688754813820743,0.0002509920217326904,
WJA,,,,,,,,0.9816135434852035,,,,,,,,,,,,,,,0.01976580254589351,
WJR,,,,,,,0.7666791722380948,,,,,,,,0.8239406494087046,,,,,,0.06447928062734003,0.0,0.0012791625682316969,
WJU,,0.9795624485085263,0.9859094457103346,,,,,0.9695728153426738,,0.9785842709446234,0.9998209066231378,,,,,,,0.0,0.008504967409531267,0.015577312168108952,0.02662379888771161,0.021170895273858566,0.027754726238716915,
WKA,0.8584239099958938,0.8400093457059078,,,,,,,0.898583685134124,0.915331887166858,,,,,,,0.0,0.0,0.109637967555289,,,,,
WKF,,,,,,,,,,,,,,,,,,,,,,,,
WKI,,,,,,,,,,,,,,,,,,,,,,,,
WKJ,,,0.9853710923953373,0.9899050832692887,,,0.9744783932117222,,,,0.9979279540207798,0.9905052918140426,,,1.0,,0.0,0.0,0.0,0.0,0.025513414008006927,0.003636853463043598,0.008769390677421522,
WKN,,,,,,,,,,,,,,,,,,,,,,,,
WKR,,,,,,,,,,,,,,,,,,,,,,,,
WLE,,,,,,,,,,,,,,,,,,,,,,,0.014761039983367915,
WLG,0.9471487324344053,0.9733516876903727,,,,,0.8426122379324155,,0.9456177126852447,0.9835704425941968,,,,,0.9321616309572605,,0.0,0.0,0.0,0.09096171415186165,0.09454371737444488,0.0,0.0,
WLH,,0.9879389137958937,,,0.9536410708710205,,,,,0.9923971687835275,,,0.953285461773582,,,,0.0,0.0,0.009770754902438637,0.0,,,,
WLK,,0.9857629245248215,,0.9772773723414666,,,0.9709989794205643,,,0.9952670029179441,,0.9891934101986181,,,0.9945235602014771,,0.0,0.0,0.0,0.0,0.007607305920241623,0.0,0.0,
WLP,,,,,,,0.9650164325065362,,,,,,,,1.0,,,,,,,0.039636878590089034,0.029750972249716047,
WLS,0.8971724254241179,0.9853726340483946,0.9271209683854128,,,0.9418654568193421,0.950331818367777,,0.8744673138218975,0.9200679759300333,0.9398020516650265,,,0.955406025796354,1.0,,0.0,0.0,0.0,0.0,0.0,0.0,0.02688874364851131,
WMB,,,,,,,,,,,,,,,,,,,,,,,,
WME,,,,,,,0.9538052084968603,,,,,,,,0.9833615967250191,,,,,,,,0.0,
WMH,,0.9895457654976079,,,,,,,,,,,,,,,,,,,,,,
WMI,,,,,,,0.9726169461463184,0.973909727767804,,,,,,,0.9946328540984232,,,,,,,0.10603220764091782,0.0,
WMN,0.9839618729395788,,0.9781296145413874,,,,0.9596438889250356,0.984179928288557,0.9958497400753075,,0.9910144928062408,,,,0.9559307499380859,,0.0,0.0,0.0,0.016166053034567612,0.026767209699447084,0.002255437691496723,0.0,
WMO,,,,0.9678261963085569,,,0.8896116994364243,,,,,0.978962304425426,,,1.0,,0.019749921409336495,0.0,0.0,0.0,0.07180292526207434,0.0,0.009448686829174862,
WMT,,,,,,,,0.9335315005478423,,,,,,,,,,,,,,,0.019012144199470712,
WMX,,,,,,,0.9596469021396927,,,,,,,,0.9790664886677303,,,,,,0.09814445177162608,0.015068904509933298,0.0,
WNA,0.9874363399648313,,,0.9866361361067743,,,0.9700706545531322,,0.9710386556949215,,,0.9938698502254173,,,0.9920930467756568,,0.0,0.0032444768642645935,0.0022831051816655235,0.005726763465747332,0.01646873245244999,0.0,0.0,
WNH,,,,0.8832319971982713,,,,0.9406384002242811,,,,0.936061972176821,,,,,,,,0.13643576903267046,0.19893442078438608,0.09952044979740596,0.006297586133449708,
WNI,,,,,,,0.9726229761816514,,,,,,,,0.9913432072815531,,,,,,,,0.08232045140659655,
WNN,,,,,,,,0.8552811834308726,,,,,,,,,,,,,,0.0016813679793099316,0.1519837915634752,
WNP,,,0.985456976805639,,,,0.9640171117482713,,,,0.9918187550696718,,,,0.9968790170347512,,0.015331322410646806,0.0006807096404588197,0.0,0.052412811972860206,0.03359607203112181,0.0,0.0029753064831414787,
WNR,,0.9884282619069817,0.9885223790437142,,,,0.9866997285048408,,,0.9871158113200894,0.989112266495832,,,,0.9898082693847255,,0.0,0.0,0.0,0.025587154496160013,0.0205438996925447,0.010507096444533078,0.0,
WNS,,,,,,,,,,,,,,,,,,,,,,,,
WNZ,,,,,,,0.9687867939539391,0.9334324927689582,,,,,,,0.9515283436226979,,0.07190953846636923,0.06262373070155527,0.08176105956345074,0.21912376772442704,0.2672141675058667,0.3312278572900852,0.004134702405619345,
WOL,,,,0.9898581613076033,,,0.9747470317285662,,,,,,,,0.9846211987208984,,,0.0,,,,,0.05214052815781608,
WPL,,,,,,,,,,,,,,,,,,,,,,,,
WPM,,,,,0.9888220457121648,,,,,,,,,,,,,,,,,,,
WPR,,,,,,,0.950823204479249,,,,,,,,,,,,,,,,,
WPU,,,,,,,0.9467788388755158,,,,,,,,0.9614896876967076,,,,,,,,0.0,
WRB,,,,,,,,,,,,,,,,,,,,,,,,
WRE,,,,,,,0.9391957996188534,,,,,,,,0.9777810529837632,,0.0,0.010276460794594232,0.01484964728088904,0.025974347188544925,0.04287416232907269,0.0015392005549011126,0.0,
WRG,,,,,,,0.9894237215812589,,,,,,,,1.0,,0.0,0.004264974427774304,0.007906813918600531,0.0038094516316754326,0.019610447766560134,0.0,0.015424410830733057,
WRL,0.9841544620090042,,,,,,,,0.9815509058617985,,,,,,,,0.0027717335091036696,0.012987162533573463,0.0,0.0,0.0,,,
WRN,,,,,,,,,,,,,,,,,,,,,,,,
WRO,,,,,,,0.9696609262383723,,,,,,,,1.0,,0.022627069944709397,0.1377767317199911,0.2003154665047621,0.1276309060133539,0.10414834577618287,0.21527903218317523,0.06829297404930693,
WRY,,,,,,,,,,,,,,,,,,0.02906977673140214,0.02460165495036006,0.0001936480626230801,0.0005065036441458554,,,
WRZ,,,,,,,,,,,,,,,,,,,,,,,,
WSK,,,,,,,,0.9513910661429419,,,,,,,,,,,,,,,0.0,
WSN,,,0.9292663202263447,,,,0.9137661845910164,,,,0.9407768676339127,,,,,,0.0009005403485749352,0.0,0.0,,,,,
WSP,,,,,,,,,,,,,,,,,,,,,,,,
WST,,,,,,,,,,,,,,,,,,,,,,,,
WSU,,0.9481040356349609,,,,,,,,,,,,,,,,,,,,,,
WSX,,,,,,,,,,,,,,,,,,,0.6157134379926257,0.000828950384445398,,,,
WSZ,0.8746356351095019,0.9848261887640918,,,0.9059930611884782,,0.9254291228880283,,0.8801843891463476,0.9756104842795335,,,0.9135054276544732,,0.9614691732788118,,0.0,0.0,0.0,0.016747411807163996,0.0,0.03981908448910948,0.0,
WTB,,,,,,,,0.9485994947900228,,,,,,,,,,,,,,,0.0,
WTE,,,,0.9765158518899537,,,,,,,,,,,,,0.0,0.02382329413654329,0.0,,,,,
WTK,,,,0.971716227306932,,,0.967735624322168,,,,,0.9869572574592939,,,0.9909176946722119,,0.002911687136735579,0.0018978408830406565,0.0,0.0,0.02081195982167061,0.0,0.0,
WTL,,0.9730138034051348,,0.9896913452366459,0.9865199476795501,,0.954140180344524,,,0.9884671058781955,,0.9827430183360831,0.9938523497777684,,0.9835181407959876,,0.0,0.0,0.0,0.0,0.01129890571245213,0.0,0.0,
WTS,,0.9780331795979793,0.9780567903791263,,,,,,,0.9700542702885255,0.9989201738313589,,,,,,,0.0,0.007904254957685267,,,,,
WTX,,,,,,,,,,,,,,,,,,,,,,,,
WUA,,,,,,,,0.9720446841901128,,,,,,,,,,,,0.10482508266985659,0.09028726461805536,0.0997393826491888,0.03673887126150205,
WUD,0.9593482655955526,0.9667226920256528,,,,,,,0.9432718331519885,,,,,,,,,,,,,,,
WUG,,,,,,,,,,,,,,,,,,,,,,,,
WUH,,,0.9428595966292286,,,,0.9739134115500884,0.9056525149466621,,,0.9859121425211941,,,,0.92070875776514,,0.0,0.11019575657041979,0.08420471534445334,0.4386244847954223,0.4557928941401748,0.272666449907107,0.019686413955643245,
WUN,,0.9788022905238951,,,,,0.9837989811222755,,,0.9998260642170598,,,,,0.999779179656054,,0.0006154225932717397,0.0,0.0,,0.016758084859413967,,0.022309406855694745,
WUS,,0.9876464031727948,,0.9844629174683361,,,0.9272786575065963,0.9852313176382277,,1.0,,0.9922574719149507,,,0.9166589287608368,,0.2132266486125838,0.07841367826327225,0.06388898287887762,0.009651407227287412,0.024781274002993722,0.017959227664141403,0.0,
WUT,,,,,,,0.9561664099400146,0.9703283768810466,,,,,,,0.9521367978911573,,,,,,,,0.0,
WUU,,,,,,,,0.9388113759633585,,,,,,,,,,,,,,,0.0,
WUX,,,,,,,,0.8228140179048451,,,,,,,,,,,,0.16724830027977802,0.24976209864766066,0.278941143900867,0.08108539096927514,
WUZ,,,,0.9809075848803666,0.91289579692264,,,0.9831452097213456,,,,1.0,0.9568008742865418,,,,,0.08642064667046395,,0.10882846129307315,0.04148076040100739,0.24276640104985314,0.0,
WVB,,,,,,,0.9359106333382138,,,,,,,,0.9676409908495145,,0.024644756554012902,0.006257152222777797,0.01942123989392763,0.005150947890836772,0.0006456173430463857,0.0022486318918896893,0.0,
WVN,,0.9791161762783687,,,,,,,,0.9840097996784176,,,,,,,,,,,,,,
WWI,,,,,,,0.9819552624240827,,,,,,,,1.0,,,,,,,,,
WWK,,0.9885412490577575,0.983402869807957,0.9786988275383207,,,0.9655670047883554,,,0.9952099661071236,0.9957812198788533,0.9908852970464107,,,0.9839273960959231,,0.0,0.0010888696786830738,0.0,0.12139867678628681,0.033105410491742045,0.028396362558377696,0.0,
WWT,,,,0.9864631182727636,,,0.9654556928985825,,,,,0.990471091056363,,,0.9862512880391336,,0.004549830818537745,0.0,0.0,0.00035393449482961736,0.01299570802232091,0.0,0.0,
WWY,,,,,,,,,,,,,,,,,,0.0,,,,,,
WXN,,,,,,,0.9825664029996054,0.922432584672569,,,,,,,0.9321772949457128,,0.20945145408096408,0.18678377114900244,0.2006826868411595,0.08469903885646675,0.1077543196405848,0.1764275590028757,0.0,
WYA,0.9438854162142134,0.97324170779763,,,,,0.9497135247523498,,0.9269060992522169,0.997503767401037,,,,,0.9657832350248865,,0.0,0.01765488098753897,0.03225382176094868,0.03872720915109541,0.07412788430100804,0.07128340682178044,0.0,
WYN,,,,,,,,,,,,,,,,,,,,,,,,
WYS,0.9396833072506258,,,,,,0.9862238490642735,0.9871717082517601,0.9467418643689895,,,,,,0.9993632112494003,,0.0,0.03761930691541048,0.017172844530360158,0.0320285266409102,0.005602713666929962,0.0,0.02394079323717332,
WZA,,,,,,,,,,,,,,,,,,,,,,,0.008775412813076724,
WZQ,,,,,,,,,,,,,,,,,,,,,,,,
XAI,,,,,,,,0.9107617497379918,,,,,,,,,,,,,,,0.0,
XAP,0.9747043166229223,0.7495585064128031,,,,,0.9631413872287927,,0.9795039898475946,0.9450842344376503,,,,,0.9986656406499146,,0.0,0.0,0.2780545087277615,0.06882770800032427,0.04904804184527504,0.0,0.004757114367729382,
XAU,,,,,,,,,,,,,,,,,,,,,,,,
XBE,,,,,,,,0.853110712971623,,,,,,,,,,,,,,0.18273550804767302,0.0,
XBJ,,,,0.9027566649279103,,,0.8595295296767783,,,,,0.9397977908499668,,,1.0,,,0.03602279154503037,0.0,0.0,0.04330735613600332,0.0,0.17695775990760423,
XBN,,,,,,,,,,,,,,,,,0.0,,,,,,,
XCH,0.937633465364342,0.9714916359307597,,,,,0.8777353879474834,,0.7977484761221266,1.0,,,,,0.9476944564632407,,0.0,0.1787274437533181,0.1636337695292982,0.0,,0.010063828213715242,0.0,
XCR,,,,,,0.9670949437735366,0.8667676333453143,,,,,,,0.9851881620565829,0.9051411067780284,,,,,,,0.0094133701792857,0.0,
XEQ,,,,,,,,,,,,,,,,,,,,,,,,
XFN,,,,0.9879066260512077,,,,0.9017826640312303,,,,1.0,,,,,0.00560292647875415,0.06943459670865312,0.053634828812131115,0.11939600137376408,0.13469262512756147,0.20929262368847637,0.0,
XGR,,,,,,,0.9686337862648817,,,,,,,,0.9922601716499051,,,,,,,0.01073915484431583,0.0,
XHQ,,,,,,0.9806153631280908,,,,,,,,0.9472010198438908,,,,,,,,0.0,,
XIC,,0.9037870559643519,0.9863203958717164,0.8828562287127889,,,,0.9122046860577391,,0.955694001427206,1.0,1.0,,,,,0.0,0.14988747894070306,0.11082226142275374,0.09593605037075888,0.10774161291383037,0.1930791667070195,0.0,
XIL,,,,,,,0.9653444849674611,,,,,,,,1.0,,,0.043631045935422295,0.05288003061502154,0.13116488757854822,0.09471082799077844,0.02385529161911299,0.10093147599711115,
XIQ,,,,,,,,,,,,,,,,,,,,,,,,
XIY,,,0.9316871822569545,0.9630383043840863,,,0.9457586844977395,0.8014435957089752,,,0.9875276979096441,1.0,,,0.8265322868745546,,0.0735732410424025,0.10084026792673526,0.0,0.4780236720889128,0.5315499012880247,0.5773150968441947,0.0,
XJD,,,,,,,,0.8209729148760521,,,,,,,,,,,,,,0.0,,
XKH,,,,,,,0.9569950489060022,,,,,,,,0.9816541261124458,,0.0,0.021428705669083906,0.010638042675569434,0.05648435411102786,0.06266129093512306,0.0747598752651562,0.0,
XKP,,,,,,,,,,,,,,,,,,,,,,,,
XKS,,,,,,0.9578241688456599,0.983758216403162,0.846050648282504,,,,,,0.889785253531301,0.9650512985297622,,,,,,,0.0,0.11081010631111157,
XLB,,,,,,,0.9861653285504925,,,,,,,,,,,,,,,,,
XLS,,,,0.9614605052920364,,,,,,,,,,,,,,,,,,,,
XMH,,0.9882502696408808,,0.9736846742039288,,,0.9560623891062213,0.9805712944720897,,0.9969285565220409,,0.9735269991273882,,,0.9451493147895539,,0.015682021691224998,0.017516442522261044,0.023799458446962157,0.0,0.032917959835773974,0.01401883826532303,0.0,
XMN,,,,,,,,0.8570645384433534,,,,,,,,,0.09722263121821417,0.15991992887840237,0.1918622109495557,0.27063964736410506,0.2966216368849245,0.38601194479545453,0.06711445937408644,
XMY,,0.9799695868010954,0.970312382463364,0.9619213947038904,,,0.9172258973185934,,,0.9754561906344805,0.9651993315316675,,,,0.96859723792347,,,0.0,0.1823339010049117,,,,0.007169747545798282,
XNA,,,,0.8633836016249138,0.9820617208545152,0.9877463581691726,0.819929461707309,,,,,0.9319000387475923,0.9943104895896367,0.8574694355209517,0.8342407723564362,,,0.5929428040659451,0.3017440219321942,0.0,0.0,0.0,0.0,
XNH,,,,,,,,,,,,,,,,,,,,,,,,
XNN,,,0.9771738438004113,,,,,0.9209512163119115,,,0.9937480960047591,,,,,,0.0635801496126203,0.16511876699533184,0.10648204807889598,0.25844912623861077,0.34852323020833315,0.3310049537028176,0.0,
XNT,,,,,,,,,,,,,,,,,,,,,,,,
XPK,,,,,,,,,,,,,,,,,,,,,,,,
XPL,,,,,,,,,,,,,,,,,,,,,,,,
XQP,,0.9627980078986655,,,0.9540280917454095,0.9857884797924744,0.9554451810000072,,,0.9904394437438818,,,0.959903036920793,0.9815446508903306,0.9560451096512994,,0.0,0.0474218087483139,0.09541859148932137,0.0,0.0,0.0,0.0,
XQU,,,,,,,0.8107192335227873,,,,,,,,,,0.005768561050234419,0.006074602995173971,0.01258156679968344,,0.02263720075359233,,,
XRY,,,0.9880234867846555,0.9693112416385483,,0.9899307823150494,0.9444251201652062,,,,1.0,0.9728832552707364,,0.9966640870379528,0.995224523464258,,0.05389489182352425,0.07073947456958973,0.025440081274976236,0.0,0.0037065480630934424,0.0,0.0,
XSB,,,,,,0.9727144654159409,,,,,,,,0.9653585951035022,,,,,,,,,,
XSC,,,,0.9885629314991067,,,,,,,,0.9982987817815381,,,,,0.04546907653360999,0.03346184304177149,0.010781187518389617,0.002520057024972902,0.019374351619076215,0.0,0.0019155585609064905,
XSI,,,,,,,0.9854270936811277,,,,,,,,,,,,,,,,,
XSP,,,0.9717328712569422,,,,0.7905625477219997,0.7175924205146866,,,0.9827393939013028,,,,0.7565460505552785,,0.0,0.0,0.0016475973130909564,,,,0.0,
XTG,,0.9802234311662261,0.9817324817416313,,,,0.9838631125188939,,,0.9786460740847992,0.982411963191647,,,,0.9877503883631479,,0.0,0.0,0.0,0.029749752789743233,0.02264362481661695,0.01121996000264135,0.0,
XTL,,,,,,,0.9858292652983295,,,,,,,,,,,,,,,,,
XTO,,,,,,,,,,,,,,,,,,,,,,,,
XUZ,,,0.9465708113866087,,,,0.909602859945833,0.9487346618506691,,,0.9950323765807166,,,,0.8724594084837664,,0.5709690627721578,0.09397804481707217,0.07448789334785823,0.10334730649708669,0.1003493271651929,0.17518908850013362,0.0,
XVS,,,,,,,,,,,,,,,,,,,,,,,,
XWA,,,,,,,0.8485840556882832,,,,,,,,0.8637259003700495,,,,,,,,0.0,
XXF,,,,,,,,,,,,,,,,,,,,,,,,
XXH,0.9614575647056602,,,,,,,,,,,,,,,,,,,,,,,
XXS,0.940109855213615,,,,,,,,,,,,,,,,,,,,,,,
XYI,,,,,,,,,,,,,,,,,,,,,,,,
XYY,,,,,,,,,,,,,,,,,,,,,,,,
XZM,,,,,,,0.9734929682247325,,,,,,,,,,,,0.1107218114297847,,,,,
YAA,,0.9896957862817528,,,,,,,,0.9966005182917929,,,,,,,0.0,0.00018746858772841543,0.009853710786059943,,0.014234771765997871,,0.00334356046185298,
YAB,,,,,,,0.9109311106602493,,,,,,,,0.983329106933004,,,,,,,0.013134862313503463,0.0,
YAC,0.9620687784471662,0.8670908161434594,,,,,,0.8745834653596131,0.9981587662496397,0.9377958015259538,,,,,,,0.14761203078854251,0.0,0.0,0.023519044339254027,0.22545537518755895,0.1734493676786382,0.0,
YAE,,,,,,,,,,,,,,,,,,,,,,,,
YAG,0.8795431317656343,0.9301595729205073,,,0.9757007520290916,,0.9596497959133472,0.9476876324788681,0.9365256287896331,0.9733243013308213,,,0.9882367124285517,,0.9686690324008951,,0.0,0.021467130128261833,0.09123277834817622,0.0,0.005464913150853201,0.0,0.0,
YAI,,,,,,,,,,,,,,,,,,,,,,,,
YAK,,,,,,,0.9869466874867773,,,,,,,,1.0,,0.004579446889069799,0.00263185621659604,0.0075234422537711,0.002923452490186563,0.008777989628779717,0.0,0.008504407223679625,
YAM,0.9231576415780006,,0.9834262811960406,,,0.9734477130964088,0.9426414821013682,,0.9635607778272613,,0.9216875516347108,,,0.9682179755317718,0.9740614317495304,,0.0,0.0,0.0,0.07497185580886707,0.00474459265828666,0.0,0.0,
YAO,,,,,,,,,,,,,,,,,,,,,,,,
YAP,,,0.9892332997538409,0.9042910058536736,,0.9598969342916697,,0.9399945541318023,,,0.9921882034269063,0.9090281464471691,,0.9803397379549026,,,0.0,0.0007620619461828047,0.0,0.0,0.014193891290418977,0.0,0.0,
YAS,,,,,,,,,,,,,,,,,,,,,,,,
YAT,0.9859672108114118,0.8279047431997001,,,,,0.9859148144934774,0.9749425285329448,0.9933558325864192,0.8318949994130055,,,,,1.0,,0.0,0.0,0.015452208818669903,0.0,0.013736912352812592,0.0,0.22710985619667226,
YAV,,,,,,,,,,,,,,,,,,,,,,,,
YAX,,,,,,,,0.8741922559573782,,,,,,,,,0.0,0.031060655933320178,0.05404485960328216,0.23256302759778313,0.2139825688472156,0.011362882528830377,0.0,
YAY,,0.9555164308923542,0.9838608214578267,0.9676448688399097,,0.9795014579048585,0.9689293295845692,0.9470078216735709,,0.9705611160388873,0.9782964988683491,0.9874113872620198,,0.9640045491335131,0.9287052280884933,,0.0,0.0,0.0,0.0,0.0,0.0,0.0,
YAZ,,,,,,,0.9705075622088346,,,,,,,,0.9880397839710862,,,,,,,,0.0,
YBB,0.9836421422554195,,0.9744418463981925,,,,0.8896470912105173,,0.967278855816564,,0.9600049027138443,,,,0.9808544494604876,,0.015200558856198787,0.040085050762242544,0.0,0.1019812887059547,0.02211353619657156,0.0,0.0,
YBC,,0.9448631387128227,,,0.9760147071941279,,0.9728571809069477,0.989319229990818,,0.9598688244390274,,,0.9919855043812166,,0.976102597302275,,0.0,0.0,0.037736326731826794,0.02432158917926011,0.015480430762232747,0.017145972457246722,0.0,
YBE,,,,,,,0.7691356775497369,,,,,,,,0.7828874898901205,,,,,,,,0.0,
YBG,,0.9751947610192417,0.8931463339081842,,,,0.9517238974920691,,,0.9738968468135751,0.9056727192493441,,,,0.9589870088100193,,0.0,0.0,0.0,0.11323447440090506,0.11283391909651994,0.011237907204236406,0.0,
YBI,0.8881897287032212,0.9448325307096853,,,0.9564364131155026,,,,0.9310760442969883,1.0,,,,,,,0.0,0.01618103748878407,0.06740355384344764,,,,,
YBK,0.9696064897753928,0.9770696956279827,,0.979305693630649,,0.9885190975238756,0.9673103990527623,,0.9858087426018546,0.9945680649991092,,0.996991131620262,,0.7758686610087566,0.9914227858538458,,0.00404830845688426,0.008772431437348014,0.02161649863127974,0.013505321341829754,0.0,0.0,0.0,
YBL,,0.9836571987549632,,0.9887229290683439,,,0.9653986176072222,,,0.999704022762137,,0.987850210796578,,,0.9968522961356867,,0.04020428055331415,0.002773540007080386,0.05251161253681026,0.0,0.0129053573394579,0.0,0.0,
YBP,,,,,,,,,,,,,,,,,0.013690780301957335,0.04446777112271203,0.05985468437000701,0.118929605189723,0.13215299057809335,0.15882857285920932,0.11672020311846336,
YBR,,,,,,,0.945577800737728,,,,,,,,0.9741354441629716,,,,,,,0.0,0.0,
YBS,,,,,,,,,,,,,,,,,,,,,,,,
YBT,,,,,,,0.986133831985445,,,,,,,,,,,,,,,,,
YBV,,,,,,,,,,,,,,,,,,,,,,,,
YBX,,0.8603966280997744,,0.9516837756893651,0.9050940704054233,,0.9475255247456186,0.826742830773397,,0.9231035225110279,,0.8649942345050186,0.9045640513275433,,0.8669086303447011,,0.025206855355427174,0.06150448584932144,0.17725928905782193,0.0,0.0,0.003695188385187321,0.0,
YCB,0.9022208767278295,,,0.9894471202487527,,,0.934203535407693,,0.911001545935676,,,0.9967091304176852,,,1.0,,0.0,0.0,0.0,0.0,0.0052368329114240416,0.0,0.033891937879606406,
YCD,,0.9870340429466326,,,0.9654161498560099,,0.8946061659606086,0.9826179068512038,,0.9937184545718516,,,0.9759569047356902,,0.9619774970392938,,0.0,0.0,0.011370670244002653,0.002041872455640192,0.005755575099221545,0.0018723790574771723,0.0,
YCF,,,,,,0.6055619336030726,,,,,,,,,,,,,,,,,,
YCG,0.9822420228877929,0.9798712764236506,,,,,0.940644924843087,,0.9749141135449618,0.9885887886403726,,,,,0.9919635321647052,,0.0,0.0,0.015433553878463119,0.0,0.019165783512720965,0.0,0.0,
YCK,,,,,,,0.9165582187053234,,,,,,,,1.0,,,,,,,,0.008802274886080983,
YCL,,0.9787598132074974,,,,,,,,1.0,,,,,,,0.01568045166906388,,,,,,,
YCM,,,,,,,,,,,,,,,,,,,,,,,,
YCN,0.842861674894879,,,,,,,,,,,,,,,,,,,,,,,
YCO,0.9776371261345147,,0.9737604951453457,,,,0.9330794236905958,,0.9384991015705842,,0.9798326765916805,,,,1.0,,0.0,0.061360937439911084,0.01917382922906049,0.19475972035830025,0.026312035614197742,0.0,0.008695557326297435,
YCR,0.9659554373358811,0.9611336584205075,,0.9747829871898476,,,0.9415997967303124,,0.9740815468457316,1.0,,,,,,,,0.015871657130187483,0.05112528670701668,,0.0310096957033839,,,
YCS,0.9477897966755625,,,0.9780585569791382,,,0.9714306391220487,,0.9639774726528935,,,0.9946802773450367,,,0.9891238860860818,,0.0,0.03724586581822189,0.012348530022746147,0.009055318090141378,0.0,0.0,0.0,
YCU,,,,,,,,0.9379824015197046,,,,,,,,,,,,0.2144976723601924,0.10744958108967638,0.1459690255209917,0.0332677204669526,
YCY,0.9722515980099936,0.9794920174632045,,,0.9863121017710518,,0.9025498355887978,,0.9582564971555801,0.9936129466378911,,,1.0,,0.9805469664602913,,0.0,0.016375971156177598,0.0383067324998968,0.023669445174828406,0.01687323601414549,0.0,0.0,
YDA,,,,,,,0.9001090292004317,,,,,,,,0.9830878287037063,,0.03592439046730327,0.0,0.0,,0.0,0.0,0.0,
YDF,,0.9534023829628839,,0.9268403924764271,,,0.9725980877687928,,,0.9646285058072743,,0.9372992239095618,,,0.9995755971473861,,0.0,0.04078542349655242,0.07511248797575218,0.0,0.05929497225651539,0.0,0.024569505613424948,
YDI,0.8982037227041313,0.9457478194707947,,,,,,,0.9315666924880527,1.0,,,,,,,0.0,,,,,,,
YDL,0.9761288782691468,,,,,,,,,,,,,,,,,,,,,,,
YDO,,,,,,,,,,,,,,,,,,,,,,,,
YDP,0.8981661456701351,0.9453145132068348,,,,,0.9545542156767328,,0.9320103818002264,1.0,,,,,0.9931172345897423,,0.0,0.027149117242844786,0.08996049036231063,0.08397968490829041,0.03562256083308059,0.006544843334269058,0.0,
YDQ,0.9871839501507609,,,0.9855628959073944,,0.9881210840568091,,,0.9502071742958836,,,0.9910141515521788,,0.9344473240105815,,,0.0,0.04562864300836546,0.009508455098149207,0.0,0.020373041616303458,0.0,,
YDR,,,,,,,,,,,,,,,,,,,,,,,,
YDS,,,,,,,,,,,,,,,,,,,,,,,,
YDT,,,,,,,,,,,,,,,,,,,,,,,,
YEC,,0.8469502617969307,0.9696455919332653,,,,,,,0.8212415879381189,,,,,,,0.0,,,,,,,
YEG,,,,,,,0.8942204310637399,,,,,,,,0.9967124572403102,,0.01804336797247365,0.12423169311362499,0.08417828008632532,0.037492542656269355,0.0,0.0,0.06148664979413486,
YEH,,,,0.8692484470495995,,,,,,,,,,,,,,,,,,,,
YEI,,,,,,,0.8699416978459944,,,,,,,,0.9880615661701628,,,,,0.24496526937941313,0.25843397243087096,0.2567205394357629,0.019760480994294092,
YEK,0.9569885534103346,0.9897923483053712,,0.9832329174465873,,0.9668941898946174,0.8030048727458933,0.8560662936163161,0.9814704126251561,0.99789469799158,,0.9990477493380723,,0.8417922866630957,0.8468041118720175,,0.0,0.006828935080868067,0.0,0.006590368081337643,0.0,0.0,0.0,
YEL,,,,,,,,,,,,,,,,,,,,,,,,
YER,0.9724686806414509,,0.9868819213252125,,,,,0.8449393366703298,0.9928552481773245,,0.9927146569321028,,,,,,0.0,0.013287566983246797,0.03674554788958457,0.21753935439895553,0.18087688731519316,0.0,0.0,
YES,,,,0.8561345249126799,,0.9389054162673981,,,,,,0.8741559022900404,,0.9660144899087726,,,,,,0.0,0.0027678858451796445,0.0,0.12732641110578463,
YET,,,,,,,,,,,,,,,,,,,,,,,,
YEV,0.9748760364278698,,,0.989107956592754,,0.9886522281578722,0.9396220445353161,,0.9935027803198847,,,0.9960142393963951,,0.9647695834633607,0.9622979806451982,,0.01702609682422606,0.049191625632609176,0.011532030269641749,0.0,0.0,0.0,0.0,
YFA,0.9859772109446122,0.8279654155309877,,,,,0.9732532418535683,,0.9933572311929593,0.8319559641670006,,,,,1.0,,0.0,0.0,0.015452208818669903,0.0,0.013525819784070744,0.0,0.22711990032873308,
YFB,0.9573504375069448,0.9507795904686643,,,,,0.8558982058364699,,0.9237241345729863,0.9889802899110262,,,,,1.0,,0.0,0.0,0.031010250449069226,0.09495911080209297,0.06725182672746603,0.0,0.011657660262583233,
YFC,0.9749620885191088,0.91845572685046,,0.9899690060286612,0.9750972705280416,,0.9477095382711911,,0.9706921351771274,0.9529659495078272,,0.9733662399976711,0.9885936884664908,,0.9622940642846642,,0.0,0.0,0.07114236238191833,0.0,0.019641482909500362,0.02728202228345148,0.0,
YFH,0.9879995478279314,,,,0.9657377147176378,0.9781490221053847,,,0.9957926644074814,,,,0.9910113272616315,0.9324724528301127,,,0.0,0.006087014957919622,0.018719044155984802,0.006662273660595755,0.0016248830182492935,,0.10768615244983652,
YFJ,,,,,,,0.935976339840638,,,,,,,,,,,,,,,,,
YFO,0.9666763556860674,0.9711757759897216,,0.9837789666037703,,,0.9485602105567376,,0.9738240916764149,0.992552783788891,,0.9819786357269481,,,0.9742499251260445,,0.0,0.012937009100977106,0.036767256580635,0.0,0.016697359973885256,0.0,0.0,
YFX,0.8879378507777813,0.9448325307096853,,,0.9512481089670578,,,,0.9299515838722944,1.0,,,0.9126923193824293,,,,0.0,0.01618103748878605,0.06740355384344764,0.0,,0.0368748075178092,,
YGB,,,,,,,,,,,,,,,,,0.00566810185748593,0.005844780829491903,0.012212183415205285,,0.0230170037977675,,,
YGG,,,,,,,,,,,,,,,,,,,,,,,,
YGH,0.9784224989868882,,,0.9870580469227966,,,0.9250439071206261,,0.9967091449978883,,,1.0,,,1.0,,0.013394175049298176,0.03550094234887558,0.007665774200596123,,0.0878072084239122,,0.01650539934759199,
YGJ,0.929192018340197,,,,0.9894688829365808,,0.8997871076839555,,0.9555814376347901,,,,1.0,,0.9805143806669085,,0.029995878032109242,0.08023007632588239,0.02444840378705503,0.08457285388687215,0.05821847916112192,0.0,0.0,
YGK,,0.9547687935982493,,0.989787905316454,,,0.9620510643168005,0.9783102687201333,,0.9650556053358381,,0.99827175673516,,,0.9513161114330789,,0.0,0.0,0.02731532348356658,0.03851119509881864,0.01753412316350725,0.0,0.0,
YGL,,,,0.9825554862396707,,,0.9761051989303515,,,,,0.9745387817879482,,,0.9945088092029739,,0.07807483546679356,0.04628271127976482,0.0020844650964564858,0.0,0.0,0.020075107446420607,0.0,
YGO,0.9664990622273824,0.8683575036401975,0.9007546460749477,0.9775672118366201,,,0.9471370031763764,,0.9453419454371457,0.8251681888046035,0.9401574553830913,,,,,,0.0,0.017302979330159646,0.16557039603658097,,0.02997946213308463,,,
YGP,0.9875384938334272,0.9569336111687541,,,,,,,0.987153162367949,0.9563858676038973,,,,,,,0.0,0.0,0.0070748543514389944,0.0,0.035528789608992875,0.0,0.13585065337651642,
YGQ,0.9608779983946141,,,,,,,,0.9682680309857398,,,,,,,,,,,,,,,
YGR,0.9858330940265677,0.9710301220851911,0.9828425530723117,,0.9874892408556419,,0.9652660954714943,,0.9856777191042292,0.9652717536873315,0.994952357785713,,1.0,,0.9911913532789994,,0.0,0.0,0.01464821495630904,0.01826324549354485,0.031154660707950758,0.022559620999100298,0.00122167408003982,
YGT,0.963529590855485,,,,,,0.882723210507588,,0.9569897871725704,,,,,,0.9741011025085992,,0.0,0.03629999486021873,0.03882618311596451,0.03170080317652367,0.028954448166485774,0.002946058709088305,0.0,
YGV,,,,,,,,,,,,,,,,,,0.0,,0.03739206832177753,,,,
YGW,,,,,,,0.9586362004728896,,,,,,,,0.9958807445436838,,0.06348339991822455,0.03934505135976675,0.02132040040868187,0.03444978713666688,0.04676642086375727,0.0021071165934099063,0.0,
YGX,0.9648583771177002,0.9770785242475218,,,,,0.9497564856593055,,0.9670401732501002,0.9979422077385609,,,,,0.9814740612871361,,0.0,0.019867285133319864,0.03831352490607887,0.0,0.011894279690566445,0.0,0.0,
YGZ,,,,,,0.9637269017730765,,,,,,,,,,,,,,,,,,
YHA,0.8879378507777813,0.9448325307096853,,,0.9512481089670559,,,,0.9304767270157078,0.998738388893509,,,0.9126923193824273,,,,0.0,0.01618103748878605,0.06740355384344764,0.0,,0.0368748075178092,,
YHD,0.9070189826142547,0.9673598852088071,,,,0.9899008856333369,0.9522764459255997,,0.919649225218784,0.9804158718845963,,,,0.9901986845186344,0.9769261774835951,,0.0,0.0,0.08233421580106809,0.0023733621791865714,0.0,0.0,0.0,
YHF,0.9110592681149763,,,,,,,,0.9184072021402456,,,,,,,,,,,,,,,
YHG,0.8879378507777813,0.9448325307096853,,,0.9512481089670597,,,,0.9304763495966936,0.998738388893509,,,0.9126923193824293,,,,0.0,0.01618103748878605,0.06740355384344764,0.0,,0.0368748075178092,,
YHH,,,,,,0.605518297090178,,,,,,,,,,,,,,,,,,
YHK,0.9833935008795042,,0.9669165490884712,,,,0.9250387990137071,,0.9717943626868546,,0.9237438239335255,,,,1.0,,0.006898054473604608,0.01412134710456625,0.0,0.06281733748091128,0.021074174420823842,0.00446575624686147,0.0251760443473305,
YHM,,,,0.9208488664752452,0.8869612441249658,0.9607627277486224,0.8989335589533497,,,,,0.8193877579919077,0.883660685320259,0.9994509572701498,0.9910663734526364,,0.3882254228354085,0.2651053100977668,0.1259476912158949,0.0,0.0,0.014012510549260114,0.0,
YHN,,,,,,,,,,,,,,,,,,,,,,,,
YHO,0.8981288825673955,0.9455923929591572,,,0.958406989158244,,0.9859704923618505,0.9314291268839645,0.9319116242710757,1.0,,,0.9748821442941736,,0.9815453133878402,,0.0,0.011782992740686603,0.07184416680132037,0.06098109309125684,0.02649836704244591,0.0,0.0,
YHP,0.9893453269908348,,0.9608056493816065,,0.973669017281488,,,0.8709854562290542,0.9981915299402386,,0.9673921850613866,,1.0,,,,0.0,0.009439025390190346,0.0,,0.19157298130904546,,0.0,
YHR,,0.8956579296924262,0.9364215974152164,0.9879257516607789,0.7784948939140246,0.9801367057726191,0.9516469673962721,,,0.8545204915666599,0.9360722018055719,0.7785217466039323,0.8041267837471315,0.9874728957093882,0.9799056662668996,,0.05046784965982276,0.020488897624080887,0.12931899832367055,0.0,0.0,0.0,0.0,
YHS,,,,,,,,,,,,,,,,,,,,,,,,
YHU,,,,,,,,,,,,,,,,,,,,,0.009970976585631355,0.0,0.3257246452891064,
YHY,,,,0.985021286766401,0.9611633440265693,,0.9741623892879485,,,,,0.9630494731910708,0.9653286884458425,,0.9915967974052059,,0.043495353062923514,0.04810123122487216,0.0015877032023531466,0.0,0.0,0.0,0.0,
YHZ,0.885819666619701,0.892040873983401,,0.955567546110321,,0.9539767587503927,0.6981134974926897,,0.9698236769068528,0.9847367048884681,,0.9986849379573437,,0.9307074490307277,0.7862565858786427,,0.0,0.08613407009672713,0.21052051381188253,0.0,0.0,0.0,0.0,
YIA,,,,,,,,,,,,,,,,,,,,,,,0.3626731389376663,
YIB,,,,,,,,,,,,,,,,,,,,,,,,
YIC,,,,,,,0.9716320185840555,0.9776835055855088,,,,,,,0.9551037797449288,,,,,,,0.1447909677128979,0.0,
YIE,,,,,,,0.9227153369172801,,,,,,,,0.9622855784749874,,,,,,,0.0,0.0,
YIF,,0.8897043876075882,0.9433732748453101,0.9885264993184504,0.7781184919593991,0.9800985340646153,0.9518889255984128,,,0.834023165771083,0.9170748594188559,0.7785814100451909,0.8036734792689493,0.9874867288329164,0.9639488404853268,,0.07029898545766565,0.021149397946472217,0.13766133121478585,0.0,0.0,0.0,0.0,
YIH,,,,,,,0.9509576180763029,0.9707892153352384,,,,,,,0.9479883984191729,,,0.10298837353413491,0.12686329418237943,0.11378311657909311,0.08655611266757218,0.1687158615569441,0.01766043203123443,
YIK,,,,,,,0.9705315798681893,,,,,,,,0.986910358128516,,0.3052396200111795,0.01122005842953052,0.0,0.32259987837488124,0.059024031943271105,0.01532794460696619,0.0,
YIN,0.9898931689355874,,,,,,0.9247367058853143,,0.9803158118002632,,,,,,0.9643818262598404,,0.0,0.0925944396830495,0.11671808609991083,0.2846817708380927,0.2869956572397407,0.09578946751136032,0.025312959715497917,
YIO,0.9556517504813604,0.9878904900657214,,,,,0.8787059836488078,,0.9427293039909532,0.9987851529417716,,,,,0.9765326384557335,,0.0,0.04345961716828935,0.05635087050932035,0.004441127483315359,0.025371196019816123,0.011256812026528985,0.0,
YIV,,,,,,,0.9593227782127159,,,,,,,,,,,,,,,,,
YIW,0.9840613048117555,,0.9791798477052527,0.9646141633891615,,,0.9829250829994827,0.9301612065131791,0.9926638389506579,,0.994157171749582,0.9818167135151598,,,0.9320052513745691,,0.009118684417171728,0.18494263608812841,0.12871483557241933,0.06924672317025586,0.09555005138332624,0.1449392195862604,0.0,
YJP,,,,,,,,,,,,,,,,,,,,,,,,
YJT,0.9763401808307889,,,,0.8242207790749339,,0.8291278136269982,,1.0,,,,1.0,,0.9261837284655597,,0.22240884491961468,0.0,0.0,0.23513196343413625,0.04354517105657198,0.0,,
YKA,,0.9697731985582417,,,0.9230680659613852,,0.9145321399334614,,,1.0,,,0.928979734241417,,0.9559097198626254,,0.0,0.012526462495309408,0.055011882564876435,0.0,0.0,0.0,0.0,
YKF,,0.9758567961050556,,,0.9695595639051442,,0.9789484738296217,,,1.0,,,0.9989033006417224,,1.0,,,0.19521296841691702,0.23507447780094812,0.05143916547578998,0.05924973817645908,0.0,0.21694037844060168,
YKG,,,,,,,0.9739005373963755,0.7893228620796489,,,,,,,0.7700519353447827,,0.0,0.3038939855658096,0.31887776325894057,0.0019006219345645563,0.03640713229054986,0.020996673666694797,0.0,
YKH,,,,,,,0.9231737525966314,,,,,,,,0.9261405051683474,,,,,,,,0.0,
YKL,0.8151200758837901,0.9881193855078773,,,,,0.9703428322166088,0.9738124152589744,0.8050892487289981,1.0,,,,,0.9473930332046694,,0.0,0.33804335726639934,0.3609339449176848,0.02178954270950062,0.054122136133245305,0.0014855705775377382,0.0,
YKM,,0.9570359216759884,,0.9208784109835274,,,0.9597753024469694,0.9879856588264626,,0.9530275625621418,,0.9302130592448186,,,0.9707698337262215,,0.0,0.014596687992247575,0.0641210955915608,0.0,0.03142916581719829,0.0,0.0,
YKN,0.9497430467585108,0.9800185638911788,,,,,,,0.9526879534333632,,,,,,,,,,,,,,,
YKO,,,,,,,0.9804756092050003,,,,,,,,0.9971476536585371,,,,,,,,0.011249674459615899,
YKQ,,0.9871283970504869,,,0.9879152476179734,,0.9602145395079499,,,0.9965386821466514,,,0.9958347617045789,,0.9854299491184977,,0.014853194563592213,0.011151430843686923,0.02544724526920428,0.0,0.02981486034456899,0.003613257776811145,0.0,
YKS,0.9758576463823582,0.979809464240088,,,0.9253497866981772,,0.8681121226688274,0.9647088656388517,0.9598812031463306,0.9923287317767744,,,1.0,,0.843682245440548,,0.0,0.1139328713779471,0.2295312493767517,0.2691884890000027,0.2867026452364105,0.01495970505736466,0.0,
YKT,,,,,,,,,,,,,,,,,,,0.01602346953874049,,,,,
YKU,,,,,,,0.97263780371651,,,,,,,,0.987075423551819,,0.045426756548790574,0.03385892208005883,0.022060292421134428,0.0,0.030655426043446534,0.016055117077622583,0.0,
YKX,0.9435827278509807,,,,,,,,1.0,,,,,,,,,,,,,,,
YKZ,,,,,,,,,,,,,,,,,,,,,,,,
YLD,,,,,,,,,,,,,,,,,,,,,,,,
YLE,,,,,,,0.9296601481298951,,,,,,,,,,,,,,,,,
YLH,0.9805957380993802,,,0.9884451788043637,0.9740705407122562,0.9871719361096613,,,0.9945798006513827,,,0.9810241319081616,0.9946442951542792,0.942103043851429,,,0.0,0.005982094340885056,0.010099359691794938,0.015031013952641357,0.01791585233075514,,0.12931036396753903,
YLJ,,,,,,,,,,,,,,,,,,,,,,,,
YLL,,,,,,,0.9508591535321843,,,,,,,,,,,,,,,,,
YLS,0.8671152795529764,,,,,,,,,,,,,,,,,,,,,,,
YLW,0.9784800830800644,,,,,0.9769049779448017,0.9464789025796936,,1.0,,,,,0.9103282124975525,0.9985082306717469,,0.048826120722235244,0.05919936458584823,0.028773172661605353,0.09034086868794626,0.0004894704988122143,0.0,0.02564442305640878,
YLX,,,,,,,,0.9524571716012263,,,,,,,,,,,,,,,,
YMA,,,,,,,0.9098413461389101,,,,,,,,,,,,,,,,,
YMF,,,,,,,,,,,,,,,,,,,,,,,,
YMH,0.8879378507777813,0.9448235964071422,,,0.9512481089670597,,,,0.9304774032892964,0.9987360259057081,,,0.9126923193824293,,,,0.0,0.016171428517322475,0.06740355384344987,0.0,,0.0368748075178092,,
YMK,,,,,,,,,,,,,,,,,,,,,0.0,,,
YML,,,,,,,,,,,,,,,,,,,,,,,,
YMM,0.9653324019809455,,0.9834502780857892,,0.986832215873079,0.9758869893428739,0.9794277657566844,,0.9753847031571402,,0.985996120405416,,0.9956694148342253,0.9293145939426268,0.9834246332039612,,0.0015789107328130427,0.19147394390711428,0.06850819003908838,0.06565071202201332,0.0,0.0,0.0,
YMN,0.8981288825673955,0.9458061430677668,,,0.958406989158244,,0.985970000326892,0.9314300979021756,0.9318586529017532,1.0,,,0.9748821442941736,,0.9815484291613314,,0.0,0.012011705160750535,0.07184416680132037,0.06101234313903748,0.02649836704244591,0.0,0.0,
YMO,0.8651293958542394,0.8325600696895958,,,0.9804769956000849,,0.986217372368286,0.9746564138799977,0.9505657777789939,0.8378636485840213,,,0.9949806472733237,,1.0,,0.0,0.0,0.014391197170930776,0.0,0.01601227467689099,0.0,0.2270334183354449,
YMS,0.9821563520688076,,,,,,,,0.794634108878224,,,,,,,,0.0,,,,,,,
YMT,,,,,,,0.9734322318228634,,,,,,,,0.9973404580445618,,0.012967035682121467,0.025945604200912874,0.022746017851407185,0.0,0.02921711088644826,0.017171378258033144,0.0,
YMU,,,,,,,,,,,,,,,,,,,,,,,,
YMX,,,,,,,0.959564359627319,,,,,,,,0.9720233187288055,,,,,,,,0.18279032201512604,
YNA,0.8114420909487639,0.7686110893244472,,0.9888679978470916,0.7780234567922093,0.9799158273374349,0.9521538038401524,,0.9326883480445425,0.8309679612288333,,0.778833759301362,0.8037164403650052,0.9872172383946062,0.9755621249512031,,0.0,0.020951526542149188,0.31689753727211567,0.0,0.0,0.0,0.0,
YNB,,,,,,,0.9167777594551614,,,,,,,,1.0,,0.010638590635302769,0.021089252298552633,0.016174440957917546,0.18291647498616542,0.23431369691900442,0.0,0.05384178802786233,
YNC,,,,,,,0.9515848660055521,,,,,,,,0.9816090747569369,,0.04471849410118612,0.03333466680578888,0.02268751875183482,0.0,0.029429942793678478,0.01644919534667265,0.0,
YND,,,,,,,,,,,,,,,,,,,,,,,,
YNE,,,,,,,0.9802010134227715,,,,,,,,,,,,,,,,,
YNG,,,,0.9829347406659883,,,,,,,,1.0,,,,,,,,0.13379755102353727,0.3311921717726152,,,
YNJ,0.976313522087236,,,,,,0.9181543196569059,0.9890030017879338,0.9865153834203263,,,,,,0.9410454408580176,,0.05814349653100041,0.10368328566306265,0.11093559942525942,0.0934740307396222,0.12826723375858434,0.05584992656159554,0.016470607844550098,
YNL,0.986767384773006,,,,,,0.964149771440417,,1.0,,,,,,0.9844530147884942,,0.028075596790685206,,,,,,0.0,
YNO,0.8445187096156109,,0.9868136594215787,,0.9737728094531238,,0.8963859790565305,0.8625536710099826,0.8475372528836784,,0.9969403885217522,,0.9866734238495414,,0.7801784745081403,,0.0,0.003496699330762739,0.0,0.016027981092514312,0.1913376121559199,0.2765583986422014,0.0,
YNP,,,,,0.9584069891582421,,0.9858193166081565,0.9313914956196298,,,,,0.9749563322857174,,0.9815056419375676,,,,,0.060949644198258185,0.026653604588126968,0.0,0.0,
YNS,,,,,,,0.9674093783653198,,,,,,,,0.9897595397271848,,0.022494184156288167,0.3256295875283486,0.01378330011231149,0.0,0.02917944936725208,0.016541219623469005,0.0,
YNT,0.977553158767799,,,0.9670447119664825,,,0.9395295480170156,0.853074627275424,0.9851381149325316,,,1.0,,,0.8359286699469212,,0.03349041629901634,0.13774419807324875,0.10636341445886083,0.1262142060982544,0.20359334531392584,0.36027526519228614,0.0,
YNY,,,,0.9507972831333297,,,0.888518851279317,,,,,0.9763749508279551,,,0.9853498270270672,,,,0.0,0.30592795425023445,,0.06405816290296294,0.0,
YNZ,,,,,,,0.9612605722114028,0.926310874274636,,,,,,,0.9128826611318874,,0.4947092674071836,0.06214374414952218,0.0795101981131605,0.16997968873966252,0.16154316015713474,0.23242340689754298,0.0,
YOC,,,,,,,0.9007565010750068,,,,,,,,0.9836941944723029,,0.03654737540008274,0.0,0.0,,0.0,0.0,0.0,
YOD,,,,,,,,,,,,,,,,,,,,,,,,
YOG,,,,,,,,,,,,,,,,,,,,,,,,
YOH,0.9599107487844747,0.8692764221226513,,0.9774802027939173,,,0.9470422835869222,,0.9566158125212098,0.9895309128950802,,,,,,,0.0,0.017556902108855098,0.1646448857294166,,0.029799853575533247,,,
YOJ,,,,0.963876293860719,,,0.974186743644039,,,,,0.9901513138091358,,,0.9927614097896156,,0.03768776740645687,0.060960916447412326,0.0,0.0,0.041645679447246606,0.0,0.0,
YOL,0.9873535471649876,,0.9750487705493173,0.9320055975246169,,,,,0.983039772737996,,0.9992833166937708,0.9575219248649597,,,,,0.0,0.05358995697176541,,0.0,0.08072016159573636,0.07855532708817466,0.013182075558233494,
YON,,,,,,,0.9847401240731603,,,,,,,,1.0,,,,,,,0.04086614729088594,0.04616252775352598,
YOP,,,,0.979579776984876,,,,,,,,0.9995351351630727,,,,,0.0,0.044158561746321226,0.02662464003656288,0.0,,,,
YOT,,,,,,,,,,,,,,,,,,,,,,,,
YOW,0.9614103854229764,0.9216374527007823,,0.9706315399414371,,,0.7904260800730434,,0.9282895745118213,0.9974999452567846,,1.0,,,0.8979146102326225,,0.0,0.04848527901628779,0.19630539649005305,0.08434949565870278,0.0,0.0,0.0,
YPA,0.9862432000699964,0.9513842523227292,,,,0.986334058917423,0.9718141496423838,,1.0,0.9708037629641706,,,,0.9997869015067524,0.992325949726132,,0.022688924994588647,,,,,0.026333760710276266,0.0,
YPB,,,,,,,,,,,,,,,,,,,,,,,,
YPE,0.9579924430361827,0.9861578314774653,,,,,,,0.9836723957500939,0.9913405503204176,,,,,,,0.010540991951550541,0.0,0.0,,,,,
YPH,,,,,,,0.9758365026960248,,,,,,,,0.980073771589156,,0.03166024217719441,0.005960832290242599,0.02905286611104833,0.029011929990128426,0.06292741654172676,0.021963814963824775,0.0,
YPJ,,,,,,,0.9510419265073653,,,,,,,,0.9653644027862965,,0.0,0.014587695129391147,0.026066739566301098,0.004701204329095215,0.02787824541805295,0.015181138857265412,0.0,
YPL,0.9886482121416557,,0.9862046612293772,,0.861123284560972,0.9791728533788312,,0.8411063044768969,0.9140746600891987,,0.9907361087648557,,0.9447757092866003,0.9398906995565189,,,0.0,0.01808873430299792,0.19026433035284612,0.19188102531993925,0.021098522964308922,0.0,0.0,
YPM,,,,,,,0.9098032680048697,0.8587258343282785,,,,,,,0.7925601176387891,,,,,,,0.2285027502220857,0.0,
YPN,0.7765897987219225,,,,,,,,0.7761945124743932,,,,,,,,,,,,,,,
YPO,,0.8272526387787459,,,,,0.9882387978062603,0.9856087309232755,,0.8324738853374517,,,,,0.9870121610026337,,0.0,0.0,0.017002294415923245,0.0,0.012000839231231632,0.0,0.0,
YPQ,,,,,,,,,,,,,,,,,,,,,,,,
YPR,,,0.9498877000656508,,,,0.9498724304363754,,,,0.9582575083525158,,,,0.9932106909499835,,0.0,0.0,0.0,0.0,0.021621916802576243,0.0,0.0,
YPT,,,,,,0.6056386357526953,,,,,,,,,,,,,,,,,,
YPW,,,,,,,0.9572075618984527,,,,,,,,0.9976782396221677,,0.0,0.0023361881765230877,0.012226680783523267,0.0,0.010303399367711654,0.0,0.0,
YPX,,,,,,,0.9676802007284838,,,,,,,,0.9879572898923795,,0.028949714420351172,0.0061486500194174445,0.01996246101254277,0.014356236557573808,0.05355762089796859,0.014281154602419995,0.0,
YPY,,,,,,,0.966763433326906,,,,,,,,,,,,,,,,,
YQA,,,,,,,,,,,,,,,,,,,,,,,,
YQB,,0.9621148798090999,,,,0.9240822094550315,0.8228642504862385,,,1.0,,,,0.8526411833805582,0.9902311289086424,,0.06470522288050584,0.09852110481135115,0.17397002732035918,0.07801715246708121,0.0,0.0,0.0,
YQC,,,,,,,0.9609344326517513,0.7868496286254548,,,,,,,0.7571864643335324,,0.0,0.3035754212732706,0.3185609435342113,0.001812320057644263,0.03632884239056517,0.021223304174381622,0.0,
YQD,0.9657595270369548,0.975645148706509,,0.9837896171823142,,,0.9480253261194399,,0.9728977938251572,0.9947611308785814,,0.9820066307579659,,,0.9730645543154081,,0.0,0.017506834868485085,0.03668206839860212,0.0,0.016631094141575736,0.0,0.0,
YQF,,,,0.8805485273355114,,,,,,,,0.9348676516806114,,,,,,,,0.05867127614896182,0.19169189196400047,,,
YQG,,0.9573061699047309,,0.9890809495959865,,,0.8860744917996033,,,0.9659108072211523,,1.0,,,0.9620082832700961,,0.006561844906521944,0.0,0.0179864322470137,0.04857785970721663,0.17148288319328295,0.011259416790606536,0.0,
YQH,0.9654390607953492,,,,,,,,,,,,,,,,,,,,,,,
YQI,,,,,,,,,,,,,,,,,,,,,,,,
YQJ,,,,,,0.605561933603069,,,,,,,,,,,,,,,,,,
YQK,,0.8399331008922064,,,,0.9508619212806254,0.9514542702665184,,,0.9026819954334283,,,,0.9976969294982363,0.9764810130759827,,0.0,0.0,0.1549683753820507,0.0,0.0,0.0,0.0,
YQL,,,,,,,0.9257973297512606,,,,,,,,0.9583500347609943,,0.0,,0.009049694534584972,,0.0284066340079696,0.0,0.0,
YQM,,0.8880344546798112,,0.9348779394075349,,0.9151098940069663,0.9747150041953945,,,0.9117875789317165,,0.9793689824526851,,0.910969248700493,0.9947040900184404,,0.03650763987064736,0.0,0.0,0.0,0.02399537416443111,0.0,0.052830000260686946,
YQN,,,,,,,,,,,,,,,,,0.0,0.015202226603347961,0.01919118758673965,,,,,
YQQ,,,,,0.9802242657801294,,0.9870873555266251,,,,,,0.9920561557305019,,1.0,,0.07924780599323814,0.13037171596029257,0.04545198178579188,0.01812057265181786,0.0,0.0,0.044544565289857084,
YQR,0.892442548338337,,,,0.970259222275189,0.870164308952643,0.90441271651695,,0.9520028001729792,,,,0.9828202122065739,0.8488247741601729,0.9728925296986731,,0.0,0.0,0.008727302090334645,0.0489243858454156,0.0,0.0,0.0,
YQT,0.9113167458989656,0.9800405670296937,,,0.9578759701093832,0.9503252550232041,0.9595068625216446,0.9780100455995656,0.9694908483905721,0.9881279582345927,,,0.9878132425225581,0.966515649523513,0.9613697008554039,,0.0,0.0,0.01808800983338868,0.05968069480641462,0.08986500821190285,0.0,0.0,
YQU,0.9866511285521047,,,0.876298099718662,,0.9305912596095048,0.8932415454344343,0.9118814386473046,0.9984199652636421,,,0.9978891938906954,,0.8953269786084799,0.9576891967034542,,0.013761403164147904,0.02646152344579809,0.0,0.022802396623999518,0.0,0.0,0.0,
YQX,0.9144933289566195,0.944577210225904,0.9391039665736283,,,,0.9151532839382279,,0.9710685412221437,0.925009331994012,0.9395556864142341,,,,0.9840898239847563,,0.0,0.0,0.0,0.19164631883105498,0.06471869904484992,0.0,0.0,
YQY,,0.9712032695449077,,,0.9793226569684227,,0.9685116073386429,,,0.9663729137796329,,,0.9809478243259828,,0.9821724184788181,,0.0,0.0,0.020471653691082642,0.08982749278526744,0.0,0.0,0.0,
YQZ,,0.9869290458869565,,,,,,,,0.9903720662944968,,,,,,,0.0,0.0,0.002803043464645507,0.0,0.010558591816057393,,0.0016945949992847043,
YRA,,,,,,,0.935976339840638,,,,,,,,,,,,,,,,,
YRB,0.9053129874736803,,0.9489538245307846,,0.9814307687705429,0.9237423299474908,0.8858643945114258,,0.8905821474671852,,0.923024213141014,,0.981919710345235,0.9304438945056106,0.9831785786046461,,0.0,0.0,0.0,0.0,0.0,0.0,0.0,
YRC,,,,,,0.605561933603069,,,,,,,,,,,,,,,,,,
YRF,0.8878790923143305,0.9448325307096833,,,0.9564364131155046,,,,0.9307631904450367,1.0,,,,,,,0.0,0.01618103748878605,0.06740355384344987,,,,,
YRG,0.8913849475941638,0.9444280084014414,,,0.9583029438733013,,0.9859520504088073,0.9314345502508644,0.9321627360277117,1.0,,,0.9745586716782924,,0.9815633554346553,,0.0,0.011357292143141096,0.07268537559247763,0.06045135344209482,0.02587408070657261,0.0,0.0,
YRI,,,,,,,,,,,,,,,,,,,,,,,,
YRL,0.9767559604950475,0.9622457516187868,,0.9889017156937371,0.9468968830198536,,0.9443853003526439,,0.9674021567611649,0.9925644229983681,,0.9938968165857438,0.9628004255119056,,0.9814047127225964,,0.0,0.023920470488125126,0.05228493687420333,0.0,0.0,0.0,0.0,
YRR,,,,,,0.605561933603068,,,,,,,,,,,,,,,,,,
YRS,,,,,,,0.9526917535096959,,,,,,,,,,,,,,,,,
YRT,0.9084363406470677,0.9856119765589582,,,,,0.9540050069947799,,0.9375698831355606,0.9938640818147578,,,,,0.991283025206263,,0.0,0.0,0.003817630453045747,0.0,0.0,0.0,0.021065093536931687,
YSB,0.9538967783460447,,0.9883442775174187,,,0.983629296564303,0.9262642849957065,,0.9507663362621563,,0.9146769536883311,,,0.95598186596635,0.9532820266475791,,0.007817484654513826,0.00552551450460394,0.0,0.057711215248846544,0.0,0.0,0.0,
YSC,,,,,,,,,,,,,,,,,,,,,,,,
YSF,0.9730368173423306,0.9838216377012446,,,,,0.9649869629114579,,0.9988966674470527,1.0,,,,,0.9849760320401673,,0.022820851446920566,,,,,,0.0,
YSG,,,,,,,0.9301150035427016,,,,,,,,,,,,,,,,,
YSJ,0.9749411273119379,0.9271795866218442,,0.9574607609030256,,,0.973920591359813,0.9754647865698253,0.9655283494506628,0.9476133053933088,,0.9736562162192242,,,0.9660784697495427,,0.0,0.0,0.04275638595576048,0.0,0.027097055056060942,0.0,0.0,
YSK,,0.9841053129849556,,0.9824351043249926,,,0.808576397336324,,,0.9751181733522309,,1.0,,,0.8284573971512125,,0.17985989287146006,0.0,0.0,0.3364666744674932,0.40449305136941704,0.03566258058279442,0.0,
YSM,,,0.9797881016655682,0.9820384296742136,,,0.9644373739465009,,,,0.9637554717444053,0.9973837492696672,,,0.9742503794244819,,0.01245689010495916,0.0,0.0,0.013592368343342775,0.03406349244456561,0.0,0.0,
YSO,0.8986599227538635,0.9464364300784549,,,0.9584069891582421,,0.9859685237689501,0.9314337867890194,0.9319815411324162,1.0,,,0.9748821442941726,,0.9815387527492608,,0.0,0.0127770232223292,0.07194038911655028,0.06098109309078269,0.02649836704244784,0.0,0.0,
YSQ,,,,,,,0.8687523200009899,,,,,,,,0.8909110779890724,,,,,,,,0.0,
YSR,,,,,,,,,,,,,,,,,,,,,,,,
YST,0.9611697877277703,0.9653668905986488,0.8113797717500255,0.9699440290020063,,,0.958281211478093,,0.9487852810734745,0.8263355511955728,0.880535462700342,,,,,,0.0,0.018234661020418878,0.04909597403594658,,0.029004720541550826,,,
YTE,0.9686016842723351,0.9870739401885491,,,,,0.879178625752991,,0.9269977019406032,1.0,,,,,0.9792132210219263,,0.0,0.04370595339248594,0.07750659347273854,0.07342228028404327,0.014022449281283463,0.0,0.0,
YTF,,,,,,,,,,,,,,,,,,,,,,,,
YTH,0.9861244819014032,,0.8212892366948125,0.9764294058729356,0.971553455884977,,0.9869228599519281,0.8010783505373876,0.9826620549946458,,0.8329304444689356,0.955911227611128,0.9922303429658662,,0.9271684877254747,,0.0,0.017944803429526677,0.0,0.0,0.03597228980762143,0.0,0.0,
YTL,,,,,,0.985190723961601,,0.8381827279393232,,,,,,0.93104862917876,,,,,,,,0.0,0.16871598372095456,
YTM,,,,,,,0.8940076877617333,,,,,,,,0.9227581747712859,,,,,0.04599140335251616,0.04466233300170683,0.0,,
YTP,,,,,,,,,,,,,,,,,,,,,,,,
YTQ,,,,,,,0.9511691486468166,,,,,,,,0.9656052399989725,,0.0,0.014507940809254435,0.02592914844096543,0.004660145546311676,0.02787815348127229,0.01522203134018021,0.0,
YTR,,,,,,,,,,,,,,,,,,,,,,,,
YTS,0.9278933294135777,0.9807177505916753,,,,,0.9317525994578246,0.9805208237818861,0.9234470664944706,0.9938440239979657,,,,,0.9172354796248341,,0.0,0.010700324506083768,0.012850041792869575,0.0005650435338706173,0.01972993025123964,0.0,0.0,
YTW,,,,,,,,0.9668402283963893,,,,,,,,,,,,,,,,
YTY,,,,,,,0.9746247094434218,0.9249277032207853,,,,,,,0.9296481706775849,,,,,,,0.33244760128720324,0.0,
YTZ,,0.9846711887808437,,,,,0.9234386404719019,,,0.9527252193597924,,,,,0.9886065644688949,,0.0,0.010789062400443394,0.15865690045365602,0.26937293135321094,0.1255046746162013,0.0,0.0,
YUB,0.978317934913526,,,0.9858562150009617,,0.9843771685688288,,,0.9959872966518701,,,0.9977445140233684,,0.9725350585820062,,,0.012268930359513078,0.03517177214778287,0.006785992178806252,0.0,0.0,,,
YUD,,0.9859149525210364,,,,,0.9784328400329367,,,0.9962159509753424,,,,,0.9942716640616549,,0.017240976528079422,0.012900866792897949,0.028846699706288975,0.023508234321054512,0.0633572649744497,0.015262214748258136,0.0,
YUL,,0.9258841906025287,,,0.9807313489532687,0.9722500608158032,0.7973927057346611,,,0.9831154233236897,,,0.9563449549907785,0.9903709326218296,0.984293256057365,,0.12487867303029375,0.07381073120703684,0.16096193680608734,0.0,0.0,0.0,0.05753546064274046,
YUM,0.9540383042695241,0.9751716470181507,0.9866368240041788,0.9891234306775665,0.9879623831648747,0.8897214918134044,,0.9523246244616452,0.9597243707091124,0.9734230302887573,0.9992876593735108,0.9876086797110807,0.9842103540728047,0.8717327605757831,,,0.0,0.026622249432256107,0.12617293597689658,0.026378743801096137,0.0,0.0,0.04566719780029193,
YUS,,,,,,,0.9610473794204342,0.9675446652306057,,,,,,,0.9326816036306482,,,,,,0.1997340689095344,0.19160839584022274,0.0,
YUT,0.932882615708642,0.9833904125297712,,0.9753626539485521,0.8802432284403972,,0.8910112923890223,,1.0,0.9977271879072468,,0.9257104762351347,0.9601458631178783,,1.0,,0.17481705682752083,0.006677177107199074,0.0,0.0,0.0,0.001436396237772319,0.0073214203133351325,
YUX,0.8346257618406192,0.988598196013537,,,,,0.892241893257494,,0.8261811897582845,0.9987301397915561,,,,,0.9790200227093376,,0.0,0.026730507976809814,0.04584632571798015,0.04110900284206272,0.02966710321376925,0.01136055450212101,0.0,
YUY,,0.9711111348425959,,,0.9079275266821388,,0.9511217186261876,,,0.9792067696725826,,,0.9699646580424109,,0.9717531602270028,,0.0,0.0,0.02040037030351386,0.11349075303936278,0.0,0.0,0.0,
YVA,,,,,,,,,,,,,,,,,,,,,,,,
YVB,,0.9837564175453887,,,,,0.9522393057387365,,,0.9125822342996088,,,,,1.0,,,,,,0.015478657430060086,0.0,0.01321016319374059,
YVC,0.9861728860711452,0.9510441639613973,,,,,0.9706583921745479,,0.9998092014438738,0.9708495754491663,,,,,0.9880056884836884,,0.02256260396496849,,,,,,0.0,
YVD,,,,,,,,,,,,,,,,,,,,,,,,
YVM,0.9810579348005468,0.9727993304678667,,,,,0.9000451885152985,,0.9668524766200343,0.9883539133108481,,,,,0.9907535100344788,,0.0,0.004942021547625028,0.03411839308979081,0.007971523837968363,0.024737917023189435,0.010814267212674939,0.0,
YVO,0.9648664009214769,0.9429870798258501,,,,0.9781436880971127,0.9048717210521785,,0.9147458901918194,0.9542600323683815,,,,0.9987526372389541,0.9481753080537947,,0.0,0.0,0.01550365122617301,0.014813156898458165,0.06057008174414168,0.03040917822496442,0.0,
YVP,,,,,,,0.9398961423547687,,,,,,,,0.9701096243151424,,0.02685945065964103,0.05375455225464215,0.07068518210486137,0.02200236753105505,0.04154321776969095,0.0,0.0,
YVQ,0.9651693522060892,,,0.9871036533244464,0.9548385753425735,,0.9761518038499257,,0.9820427868725864,,,0.9515307547477779,0.9475756757422852,,0.9932509002671562,,0.010173212461405356,0.051188463922970766,0.011606572162658155,0.0,0.0,0.0,0.0,
YVR,0.9854385186051926,0.9410770033836497,,0.9481798759356798,,0.9840615518419837,0.7311369607557472,,1.0,0.9552443249701266,,0.9458791740748144,,0.9893630019951319,0.9825205362428446,,0.02954383073212601,0.0,0.04757279088143532,0.0,0.0484189344159942,0.0,0.057248172971496473,
YVZ,0.7820729275992349,0.8102287781027172,0.9789468093786355,0.8079224156706175,,,0.9058621898991578,0.8648733500904769,0.9101350909659431,0.818172183075363,0.9862784985889592,0.8298739337187232,,,0.7910689690399704,,0.0,0.007379839943717785,0.23730305813955363,0.0,0.18538613076952037,0.23997430809649273,0.0,
YWB,,,,,,,0.9609344326517513,0.7868496286254548,,,,,,,0.7571864643335324,,0.0,0.3035754212732679,0.3185609435342134,0.0018123200576473666,0.03632884239056981,0.021223304174380044,0.0,
YWG,0.9189884699461429,0.8833824814860822,,0.9824043711296747,,0.9726842726216687,0.8018527543685813,,0.9602530075692788,0.9733810904791748,,0.9948831452720023,,0.9375425156469316,0.8402948436520653,,0.0,0.022597164418080327,0.13722418689934182,0.0,0.0,0.0,0.0,
YWH,,,,0.9775798825709977,0.9865291566588537,0.9722893678480359,0.9763281562398911,,,,,0.9691285623686812,0.981356807746482,0.9758201153663136,1.0,,0.0,0.037868914285851235,0.03767129401002928,0.0,0.0,0.0,0.016400662751847546,
YWJ,,,0.9701692486271478,,,,0.9258024565647163,,,,0.9772528879823508,,,,1.0,,0.0,0.052075440768883256,0.01216911418843421,0.053629303833091765,0.020711029928015344,0.0,0.027856387397314948,
YWK,,0.975649183143197,,,,,0.9707392330863364,,,0.9920105047857299,,,,,0.9776806822084537,,0.0,0.0,0.0270565112372795,0.07730307760019593,0.07153902986125955,0.0,0.0,
YWL,,,,,,,0.9550990427278501,,,,,,,,0.9933952766220876,,0.0,0.0,0.005294167470000264,0.0,0.019904531985907022,0.0,0.0,
YWM,,0.9463732800685809,,,0.9512481089670561,,,,,0.9991458937795593,,,0.9126923193824238,,,,0.0,0.017838135684652315,0.06740355384344987,0.0,,,,
YWP,0.9881682233710466,,,,0.9683767556483888,0.9781673431624737,0.9763763514149281,,0.9957739550836833,,,,0.9914995147612367,0.9307510520807788,1.0,,0.0,0.020789788041733887,0.03363565563579313,0.032599778931218126,0.0017064509368241625,0.0,0.11819235779770494,
YWS,,,,,,,,,,,,,,,,,,,,,,,,
YXC,,0.9830202623591887,,,0.982863000472713,,0.9624856464976199,,,0.9926485136087053,,,0.9858523275368741,,0.9973132014558127,,0.0,0.0,0.03573442159481958,0.007657778614223865,0.005691161217385142,0.0013757603867023528,0.0,
YXD,0.5808395099487327,,,,,,,,0.6749367754130137,,,,,,,,0.0,,,,,,,
YXE,0.9816310890481548,,,,0.9746991077259075,0.8809909175360675,0.9076807465068598,,0.996240619450995,,,,0.974177263664406,0.868381203504245,0.9645269145068148,,0.05272854681382829,0.0,0.0,0.03135872959211738,0.0,0.0,0.0,
YXH,,0.9264648349964616,,,,,0.9312706791407659,,,0.933744774993432,,,,,0.9634721885839105,,0.003207513030257488,,0.005657387923802117,,0.032584829020112144,0.0,0.0,
YXJ,0.9823554519829093,,,,,,0.9709332600707103,,0.9750775512013532,,,,,,1.0,,0.0,0.0,0.0020093638595040674,0.016817983807285886,0.008412735993790823,0.0,0.008315076968463331,
YXK,,,,,,,,,,,,,,,,,,,,,,,,
YXL,0.9854886740500882,,0.9625829533433924,,,,0.9516113834715032,0.8142375669019284,0.9982658665121001,,0.9441909154969144,,,,0.9408849328194127,,0.0,0.0022577406710154436,0.033804346842705765,0.07637454560784165,0.026811602881302958,0.0,0.0,
YXN,0.9327288853825266,,,0.8250331535489416,,,0.973409184278543,,0.9815907417807429,,,0.9199405970319027,,,0.9891847296457741,,0.14611197745253976,0.01394268967312407,0.005250279502583572,0.0,0.0,0.0,0.0,
YXP,0.9655911875987634,0.9881772065335734,,,,,0.8999750402195855,,0.954548055921864,0.9984938349881325,,,,,0.9867689290243868,,0.0,0.020865501988869717,0.03439935838033859,0.008283208922070257,0.024963783520661482,0.010461534216778586,0.0,
YXR,0.9435827278509807,,,,,,,,1.0,,,,,,,,,,,,,,,
YXS,0.9733422304871776,0.9465537522443486,,,,0.905436271311598,0.9279731207063231,,0.9986379910816451,0.9675062544815094,,,,0.9309814527516226,0.9629926728719194,,0.0,0.0,0.0413149674909613,0.0,0.005244194880453426,0.0,0.0,
YXT,,,,,,,0.9461228081175685,,,,,,,,1.0,,0.0,0.009630796252321569,0.009987374768179489,0.01631258868504291,0.03886962392941258,0.002337417380213484,0.004067913313552985,
YXU,,0.9888874129860551,,0.989194337830469,,0.9484998455609305,0.8495857191841171,,,1.0,,1.0,,0.932060507329978,0.906523504775156,,0.05509575915200551,0.032725372031736144,0.02781389213028134,0.0521973671037068,0.0,0.0,0.0,
YXX,,,,,0.9689300164010424,,0.9779827668369961,0.9430823626483843,,,,,0.9848098442024456,,0.9562990389030019,,0.44301113688252836,0.02883278989643722,0.03144361282800784,0.0,0.002331079162316743,0.02088123189683079,0.0,
YXY,,,0.9882493621182377,,,0.988489770378343,0.8158135093252654,,,,0.9884306911935983,,,0.9945813527003042,0.936462144403542,,0.13771073868375755,0.006771872819541365,0.0,0.0,0.0,0.0,0.0,
YXZ,,,,,,,,,,,,,,,,,,,,,,,,
YYA,,,,,,,,0.9106481981782175,,,,,,,,,,,,,,,0.0,
YYB,0.964471325729443,0.9826815917662303,,,,,0.9543589894956825,,0.9610187097668554,0.9933576748238003,,,,,0.9700164578096147,,0.0,0.030253025784185525,0.046621620428951654,0.009823169167402054,0.009961041985931632,0.0,0.0,
YYC,0.9517466048739073,,,,,0.9625480757326486,0.799620788291864,,1.0,,,,,0.9626165245230626,0.9676413721835943,,0.07109120686737623,0.04899510726610726,0.0,0.0,0.0,0.0,0.10470755858931799,
YYD,,,,,,,0.9561291086216291,,,,,,,,0.9981544036245987,,0.0,0.0,0.004246943082978609,0.0,0.017259413806403764,0.0,0.0022067889562718515,
YYE,0.9416172301700341,,0.9408156541890546,,,,0.9720203665789582,,0.9480477042025677,,0.9769252616042549,,,,0.9980960300898981,,0.0,0.12194012622233195,0.01533475198400566,0.006013895151865958,0.015769306833083207,0.0,0.0,
YYF,0.9870247506339412,0.9879321623208651,,,,,0.9633617026769886,,0.9634617693608926,0.9939218884036293,,,,,0.9969883185144567,,0.0,0.003729724093476725,0.01607721574003454,0.0,0.02694195327535671,0.0019187391312899182,0.0,
YYG,0.9632817726885767,0.9366468300655403,,,0.9637869562046548,,0.9771544986900411,,0.9643597817878815,0.9751724271199655,,,0.9653568203758935,,1.0,,0.0,0.03540933047679286,0.1845466084752458,0.0,0.0,0.0,0.016313151377226956,
YYH,0.9835145000322045,,0.935843585343154,,,,0.9343625447055572,,0.9704611724528047,,0.9229296314845142,,,,1.0,,0.0,0.013032747009652445,0.0,0.05364871294388349,0.02185440519073323,0.0,0.02573535790273369,
YYJ,0.9448298118269878,0.974184619895275,,0.9630688507503026,,0.9600584635028959,0.936687355208443,,0.9583072777552838,0.9989244180132838,,0.9987920956148657,,0.9798340820455539,0.9597662544665632,,0.0,0.04650608562103735,0.034565104600599195,0.0,0.07891817142358241,0.0,0.0,
YYL,0.9671707163049327,0.9582013060715313,,0.9830552898437581,0.9888920222632243,,,,0.976001930781492,0.9876698476672858,,0.9721355335701541,,,,,0.0,0.020210717128645663,0.05870898121594928,,,,,
YYQ,0.9713582412576879,0.9852821437440396,,,,,0.9585659066526758,,0.981538215540401,0.9940536536658685,,,,,0.9848119856918611,,0.0,0.0,0.005728117832736582,0.0,0.0,0.0,0.019981316743371093,
YYR,0.8431563585637314,0.9328775904808011,,,0.935483514062283,,,0.8823385412596513,0.8836579484008119,0.9996373718378757,,,0.9349741429271446,,,,0.0,0.0,0.07410510956669572,0.051123890545821525,0.0,0.01595906001077216,0.0,
YYT,0.9825940065877308,0.9588765209041811,0.9872312732254299,0.9281408881269135,,0.9302050641156078,0.8365247570230567,,0.9921020339362554,0.9861975306355586,0.9995956799793191,0.9836343215468593,,0.9020821112331292,0.9190726223131829,,0.0,0.04349201410813642,0.008006600219570476,0.028742595236835405,0.12398784071477263,0.0,0.0,
YYU,0.907267537234208,,,,,0.9098535167166093,,,0.8988404590392635,,,,,0.9028513872701234,,,0.0,0.18044111504497073,0.12236587471274213,0.0,0.0,,,
YYY,0.9822403454411022,0.9851417433846931,0.988367074883559,,,,0.9587302608120573,,0.9709240737743147,0.9777375770078421,0.9906496016073248,,,,0.9910574492316621,,0.0,0.0,0.02019471217538759,0.047869711799231746,0.031282621159307286,0.04383768606968436,0.0,
YYZ,0.9659070612002101,0.9757382675436036,,0.9853582804643805,0.9793271224859665,,0.7292516901668321,,1.0,0.9887976747701919,,0.9924929584157657,0.9919441399070228,,0.8997000636967717,,0.138571753068882,0.03664165397029635,0.046862126444452076,0.0,0.0,0.0,0.0,
YZE,,,,,,,,,,,,,,,,,,,,,,,,
YZF,0.9757760853880876,,0.9541875530644549,,,,0.8966894343711433,,0.9608011234371345,,0.9587846789150213,,,,1.0,,0.0,0.0522287709834268,0.032851038184521515,0.035054575371144786,0.0020372146678362397,0.04295283808393221,0.007767071558655763,
YZG,,,,,,,0.93044908295482,,,,,,,,0.9505490575567274,,0.24589092113762284,0.3295690478100057,0.06535461963825992,0.022639446514454674,0.05728931842671483,0.0,0.0,
YZP,0.9729762047855451,0.9878178962622451,,,,,0.9577972165094973,,0.9830212946404595,0.9950170978600108,,,,,0.9992408983363381,,0.0,0.0,0.00957801303771467,0.0,0.017378259756360395,0.0,0.0026125533374612552,
YZR,0.9850768989447313,0.9538134687884234,,,,,0.9582765214334927,,0.9948680834792007,0.9598911627434512,,,,,,,0.0,0.0,0.021565769571734648,0.0027069158110036174,0.0188685285390998,0.0,,
YZS,0.981445399622329,,,0.9816303124361686,0.8936702467605493,,0.8873697408531406,,1.0,,,0.9288857456498791,0.9382789506513974,,0.9346848154659605,,0.0925568165713412,0.02924250576864438,0.012342152652054043,0.0,0.0,0.0,0.0,
YZT,,,,,,0.9751043906915724,0.9621339877619269,,,,,,,0.9729737341428457,0.9988153073843334,,0.018931290809944275,0.0038181872110844037,0.0,0.005663102851488611,0.0,0.0,0.0,
YZU,,,,,,,,,,,,,,,,,,,,,,,,
YZV,0.9871181759150018,0.9184085486492372,,,0.9898295508510839,0.9544545824339312,0.9786125086919054,,0.9820480152017758,0.9408380414316507,,,1.0,0.974558053742944,0.9822211019759535,,0.0,0.0,0.03902711347384734,0.07801773292434201,0.023458841541317218,0.0,0.0,
YZY,,,,,,,0.9609808783759567,,,,,,,,0.9667668226671191,,,,,,,0.15674117142323524,0.0,
YZZ,,,,,,,0.963447982793888,,,,,,,,1.0,,,,,0.0,0.019291704625189195,0.0,0.003517496309761106,
ZAD,,,,0.9854567605507621,,0.9751745049563274,,,,,,1.0,,0.995685413587939,,,0.26102422773176887,0.09661232128420226,0.0,0.21878930272214236,0.20248356211207758,0.08025147204312452,0.1192797306020169,
ZAG,,0.9820434341542211,0.9768155789220221,,,,0.8755136064686792,,,0.9814825437607281,1.0,,,,1.0,,0.0,0.03213309304498784,0.0999088409025005,0.04918320410519615,0.08196263160064682,0.0,0.0843600593925764,
ZAH,,,,0.814792644034529,,0.9835663676298471,0.9809979774580432,,,,,1.0,,0.948367067846447,1.0,,0.1244540342128551,0.12099698127053353,0.0,0.06115487415438361,0.28752392302480206,0.0,0.1600409665327552,
ZAJ,,,,,,0.9792239356740353,,0.9743722985157475,,,,,,0.9838082376702268,,,,,,,0.20479848853026333,0.013659855391175557,,
ZAL,,,,,0.9868812031822451,0.9152359098363438,0.9341312204916996,,,,,,0.9995051247048001,0.9149646214935835,0.9839418747016639,,0.0,0.021321441841415722,0.007447407473126301,0.0062376240372812196,0.0,0.0,0.007473245364381891,
ZAM,,,,,,0.9779435441716459,0.9143717664626009,,,,,,,0.9764863875837911,0.9600918529587736,,0.002197450777504411,0.025900100010432858,0.029079595128681635,0.04987554064022641,0.05561727871147193,0.0,0.0,
ZAT,,,,,,,,0.9464609419501115,,,,,,,,,0.03914172531105796,0.04200047774721458,0.025667625768551517,0.15508889821307117,0.30485537335337126,0.29349110123630595,0.0,
ZAZ,,,,,,0.9738929638204804,0.9163899029284398,,,,,,,0.9752629750434171,1.0,,0.0,0.11249017348940109,0.1182867926436137,0.0,0.0,0.0,0.021199113324506438,
ZBF,,0.9439752057270095,,,,,0.9666464542957507,,,0.9588756877523283,,,,,0.9862355523298791,,0.0,0.0,0.016446940640318885,0.015569390547470514,0.04092928923255112,0.012033138056765839,0.0,
ZBL,,,,,,,,,,,,,,,,,,,,0.03079828655699112,0.03102290631721916,,0.0,
ZBR,,,,0.8930622460455426,,,0.9810206899087373,,,,,1.0,,,0.9932144951288435,,0.028302976169321824,0.15559638884708715,0.002538226751669821,0.027669282352301247,0.03981993447643447,0.006580429312252551,0.02446656573717894,
ZBY,,,,,,,,,,,,,,,,,,,,,,,,
ZCL,,,,0.9613872771020865,,,0.9838059702385387,,,,,0.9611136583757542,,,0.9947226433971517,,0.0,0.004269403424590278,0.0,0.0,0.0,0.01681204990265961,0.0,
ZCO,,0.9838020711397684,,0.9871146904119323,,,0.9649750951404469,,,0.9962965769691818,,0.9990046659215885,,,0.9826380059010045,,0.0,0.0,0.0,0.007545090844083312,0.06507123181368812,0.018360559068942506,0.024211002546227857,
ZDY,,,,,,,,,,,,,,,,,,,,,,,,
ZEL,,0.9861693139396323,,,,,0.9530474760062307,,,0.9950938825636796,,,,,0.9918830101465158,,0.006224156163522982,0.0,0.015921363443200633,0.021620797836739446,0.025794337074183812,0.0,0.0,
ZEM,,,,,,,0.9586685851912551,,,,,,,,0.9845959030589737,,0.04471849410118612,0.03333466680578888,0.02268751875183641,0.0,0.029429942793683127,0.016449195346671067,0.0,
ZER,,,,,,,,,,,,,,,,,,,,,,,,
ZFD,0.987037574471351,0.9503537996851863,,,,,0.9699006371647579,,1.0,0.9709705078154697,,,,,0.9927403235836225,,0.02560008309640731,,,,,,0.0,
ZFL,,,,,,,,,,,,,,,,,,,,,,,,
ZFM,,,,,,,,,,,,,,,,,,,,,,,,
ZFN,,,0.9702374953105843,,,,0.8861117089729011,,,,0.9772987490736579,,,,1.0,,0.0,0.05206946235331799,0.012223049840590442,0.053106870770741964,0.02011204591043382,0.0,0.020265699462814563,
ZGC,,,0.9005184743457678,,0.9676108558754611,,,,,,0.888842839543038,,0.8635515056171295,,,,,,,,0.0,,,
ZGI,,,,,,,0.9405348362926448,,,,,,,,,,,,,,,,,
ZGR,,,,,,,0.9807354836134059,,,,,,,,,,,,,,,,,
ZGS,,0.9743764632984107,,0.7809887955758099,0.9209077860203817,0.9798149233515794,0.9527374718469487,,,0.9996847583041942,,0.769325430218231,0.9736156363675447,0.9888700385577425,0.9762684434611193,,0.12279281526469306,0.2685527866225392,0.016778986629992654,0.0,0.030018996472957835,0.0,0.0,
ZGU,0.9255747462013653,,,,,,,,0.9252368391112119,,,,,,,,0.0,0.1379459148884705,0.13445197478705276,0.08286415864592059,,,,
ZHA,,,,,,,,0.9231589241804745,,,,,,,,,0.03471549420222891,0.0,0.028851553310878644,0.1529675195773091,0.18138700506888172,0.31098800808478216,0.0,
ZHY,,,,,,,0.98627572721685,0.9645677859131903,,,,,,,0.964729191953124,,,,,,0.10600737119346444,0.10042647459877325,0.0,
ZIA,,,,,,,0.9253809634721601,0.876811200631071,,,,,,,0.9257705103692592,,,,,,,,0.030336033968427312,
ZIE,,,,,,,,,,,,,,,,,,,,,,,,
ZIG,0.9783096403553045,0.9825828099796929,,,,,0.9759066633330332,0.9883395247771632,0.9810553592854546,0.9998589700872667,,,,,0.9697955506487469,,0.0,0.016967486511215202,0.0435043181340115,0.015140518414643216,0.01415995180545113,0.006846415703125756,,
ZIH,0.9763760449011856,0.9045045626130075,,0.9138280524289512,0.9795616635303657,,0.932710327645057,,0.9921724182256059,0.9755136501233372,,0.9322420116482912,1.0,,0.9439180537374625,,0.0,0.041555429962616984,0.08621438525464446,0.019979709564059107,0.11045116338997925,0.0,0.0,
ZIS,,,,,,,0.9323679447287495,,,,,,,,0.9978311462761222,,,,,,,,0.028864900256056827,
ZIX,,,,,,,0.9492493340076977,0.9547213530330143,,,,,,,0.9245962682185656,,,,,,,0.0,0.0,
ZIZ,,,,,,,,,,,,,,,,,,,,,,,,
ZKB,,0.9753299564391404,,,,,,,,,,,,,,,,,,,,,,
ZKE,0.9858628062896249,0.8279654155309877,,,,,0.9861970075407627,,0.9933572311929595,0.8319559641670015,,,,,1.0,,0.0,0.0,0.01545220881867182,0.0,0.013570915827973406,0.0,0.22711990032873497,
ZKG,,0.8710503016226143,,,0.9168556852812517,,,,,0.9228317949446839,,,0.9409442996585565,,,,0.0,0.0,0.13763994758151685,0.0,0.0,,,
ZKP,,,,,,,0.9492490872268556,0.9547213772924129,,,,,,,0.9245960678340653,,,,,,0.1220598809430961,0.0,0.0,
ZLO,0.9602548007310912,0.9737328713844515,,0.9895241402934163,,,0.9805695278155856,,0.9963330787331279,0.9959624296319941,,1.0,,,0.9934947706149362,,0.012434221847219996,0.0,0.0006747562151406204,0.11041751187875662,0.07690229722293661,0.0,0.005375963906163975,
ZLT,,0.8789323570748182,,,0.9168556852812498,,,,,0.9235581274344027,,,0.9409442996585545,,,,0.14911212847353114,0.0,0.1283305329599809,0.0,0.0,,0.0,
ZLX,,,,,,0.9640612091147035,,,,,,,,,,,,,,,,,,
ZMP,,,,,,,,,,,,,,,,,,,,,,,,
ZMT,,,,,,,0.9649577316486136,,,,,,,,0.9998975187744713,,,,,,,0.0,0.001600365946345221,
ZNA,,,,,0.9723496732216599,0.7553213128043127,0.9894920428862106,,,,,,0.917814779449584,0.9747457400900064,1.0,,0.017617816795028798,0.3070473030409302,0.30643531673338514,0.0,0.0,0.0,0.015831612535424124,
ZND,,,,,,,,0.974569439123829,,,,,,,,,,,,,0.044407619297447874,0.022909472805960035,0.0,
ZNE,0.9855617998595881,0.9779158537367365,,,,,0.9806913931708431,,0.9856006146274697,0.9998507794118412,,,,,1.0,,0.0,0.0,0.00118227156700898,0.06140526303573128,0.026178623042180826,0.007459554813616368,0.020071531521055824,
ZNZ,,0.9826659272252919,,,,,,0.9741690923942893,,0.9911994713564343,,,,,,,0.12977674950327256,0.1440942390828896,0.15837315910580246,0.09133476917941089,0.1774184453805715,0.13770305938432062,0.10043022329102405,
ZOF,,,,,,,,,,,,,,,,,,,,,,,,
ZOS,,0.984885428622223,,,,,0.9566618499001573,,,1.0,,,,,0.9937341163876803,,0.0,0.0012119122757136924,0.0199935962028263,0.01636509516024567,0.00920827729375372,0.00032488997424303875,0.03585407443135086,
ZPB,0.9620057449437511,,,,,,0.893274364838953,0.8363593116086503,0.9979792474071932,,,,,,0.7664214594035932,,0.1253675473158322,0.0,0.0,0.005429417475751723,0.3105113157532682,0.2582244113682774,0.0,
ZPC,,,,,,,,,,,,,,,,,,0.018227577159700137,0.02703333483051994,,,,,
ZQN,,0.9761302420352279,,,,,0.9077335200512173,,,0.9814301963294875,,,,,0.9791225534677557,,0.0,0.0,0.02997881295368616,0.03495887231627919,0.0417467295773808,0.0,0.010030311002652436,
ZQS,,,,,,,,,,,,,,,,,,,,,,,,
ZQW,,,,,0.9507039324143176,,,,,,,,0.95346290927934,,,,,,0.404293227590323,0.2360440505354311,,,,
ZQZ,,,,,,,,0.9376060704055277,,,,,,,,,,,,,,0.2552035702168562,0.0,
ZRH,0.9705632430066053,0.9448788503730688,0.9691202808027484,,,0.9599193013476426,0.8048126357808758,,0.9539631314480146,0.8962541697961347,0.9340084661500203,,,0.9906591701731416,0.9753366337679428,,0.0,0.0,0.029994207939349465,0.012616944920702063,0.0,0.0,0.05169871765558726,
ZRI,,,,,,,0.9752114500180787,,,,,,,,1.0,,,,,,,,0.009516169001624674,
ZRJ,,,,,,,0.9822275545604525,0.8586057021815635,,,,,,,0.9503819720209681,,,,,,,0.0016285332664780837,0.0,
ZSA,,0.9341007415871575,,,,,0.8139853115783469,,,0.9435441986987096,,,,,0.9995999908692311,,0.0,0.0,0.00970633992226049,0.24880388374447493,0.07218747816965737,0.0,0.0,
ZSE,,,,,0.9854234352653791,,0.8428781562477642,,,,,,0.9934148138065753,,0.9619339819465792,,,0.021363309445443415,0.05020030584467177,0.0,0.009844960407980476,0.0,0.0,
ZSJ,0.9097790758537394,0.9315277508831983,0.8437838676202152,,0.823848926018206,,0.9436235142950287,0.8138502341250791,0.9450746324810804,0.8115114205611695,0.8923300346119394,,0.8451665808969572,,0.776183706103816,,0.0,0.0,0.06729942140812373,0.0,0.0411879633056172,0.23965814303624183,0.0,
ZTA,,,,,,,0.9341617373942092,,,,,,,,0.9384446700189738,,,,,,0.05235643774195919,0.014349368501457202,0.0,
ZTB,,0.9046501314788309,,,0.9168556852812498,,,,,0.9267514872252345,,,0.9409442996585548,,,,0.16038850016844966,0.0,0.09567554666303431,0.0,0.0,,0.0,
ZTH,,,,,,,0.9374225232451123,,,,,,,,1.0,,0.17571378273529775,0.22307495435547026,0.09311244098894743,0.08351381655516621,0.1844574908373302,0.11370603002557989,0.01289273706493461,
ZTM,,,,,,,0.9460734801924638,,,,,,,,,,,,,,,,,
ZTU,,,,,,,,,,,,,,,,,,,,,,,,
ZUH,,0.975368799419758,0.9831103786559433,,,,,0.8596109746564793,,0.9612696889562662,0.9809582830009317,,,,,,0.0,0.0,0.020807830455760082,0.22464158617639138,0.2121121042144706,0.39323942875982515,7.430449716846719e-05,
ZUM,,,,0.8503752431523453,,,0.9190557623404678,,,,,0.892161653533291,,,0.937392500822792,,0.0,0.1480882618655098,0.029675913938446905,0.0,0.07048962900079146,0.0,0.0,
ZVA,,,,,,,,,,,,,,,,,,,,,,,,
ZVK,0.9875289651059741,,,,,0.9865952888974425,0.8147606692026563,,0.9673857354284308,,,,,0.9594375094969361,0.8664105725903746,,0.0,,0.2604180643814251,,0.0,0.0,0.007421659384395193,
ZWL,0.9775901758205829,,,,,,0.964232976110615,,0.9910965880709321,,,,,,0.9845861591150546,,0.020930005510490565,,,,,,0.0,
ZYI,,,,,,,0.9446910531239338,0.9145393265414961,,,,,,,0.8850078195147698,,,,,,,0.2529919080637903,0.0,
ZYL,,,,,,,,,,,,,,,,,0.21936773563288878,0.03541580032004304,0.026776689424541398,0.025165376295939318,0.06763205569383111,0.047277976658443355,0.056191757272703174,
ZZO,,,,,,,,0.8930546440054619,,,,,,,,,,,,,,,,
ZZU,0.97060518247091,,,,,,,,0.9724319875919281,,,,,,,,0.0,0.03007008275569663,0.013240979644553902,,,,,
